childid,round,hhid,vid,block,eligible,samp_wgt,female,agemonths,anthro_shouldbe,anthro_present,anthro_baseline,anthro_panel,anthro_attrites,haz06,waz06,muacz,haz06_R1,waz06_R1,muacz_R1
1,1,1,1,1,1,2.5,0,31,1,1,1,1,0,-1.47815263271,-0.404620110989,0.377782970667,-1.47815263271,-0.404620110989,0.377782970667
1,2,1,1,1,1,2.5,0,44,1,1,1,1,,-1.50547230244,-0.785194337368,-0.439988702536,-1.47815263271,-0.404620110989,0.377782970667
2,1,2,1,1,1,2.5,1,48,1,1,1,1,0,1.25798630714,0.597405195236,-1.6222037077,1.25798630714,0.597405195236,-1.6222037077
2,2,2,1,1,1,2.5,1,61,1,1,1,1,,1.15755546093,0.549782335758,,1.25798630714,0.597405195236,-1.6222037077
3,1,2,1,1,1,2.5,0,24,1,1,1,1,0,0.060195364058,0.743784606457,1.25055158138,0.060195364058,0.743784606457,1.25055158138
3,2,2,1,1,1,2.5,0,37,1,1,1,1,,0.057642865926,0.476802051067,0.255370527506,0.060195364058,0.743784606457,1.25055158138
4,1,4,1,1,0,54,0,50,1,1,1,1,0,-2.30739426613,-1.10257875919,-0.694167613983,-2.30739426613,-1.10257875919,-0.694167613983
4,2,4,1,1,0,54,0,63,1,1,1,1,,-2.08085989952,-1.02262043953,,-2.30739426613,-1.10257875919,-0.694167613983
5,1,5,1,1,1,2.5,0,50,1,1,1,1,0,-3.31495761871,-2.0143661499,-1.61711609364,-3.31495761871,-2.0143661499,-1.61711609364
5,2,5,1,1,1,2.5,0,63,1,1,1,1,,-2.73624396324,-1.50246477127,,-3.31495761871,-2.0143661499,-1.61711609364
6,1,5,1,1,1,2.5,0,20,1,1,1,1,0,-1.86556339264,-0.708115458488,-0.748649358749,-1.86556339264,-0.708115458488,-0.748649358749
6,2,5,1,1,1,2.5,0,35,1,1,1,1,,-1.89146161079,-1.22862076759,-1.23302805424,-1.86556339264,-0.708115458488,-0.748649358749
7,1,7,1,1,1,2.5,0,61,1,0,0,,,,,,,,
7,2,7,1,1,1,2.5,0,72,1,0,0,,,,,,,,
8,1,7,1,1,1,2.5,0,35,1,1,1,1,0,-1.94609892368,-0.724988520145,-1.01010870934,-1.94609892368,-0.724988520145,-1.01010870934
8,2,7,1,1,1,2.5,0,47,1,1,1,1,,-1.87947630882,-0.679915249348,-0.873465895653,-1.94609892368,-0.724988520145,-1.01010870934
9,1,8,1,1,1,2.5,1,54,1,1,1,1,0,-1.76921772957,-1.66010677814,-1.62742292881,-1.76921772957,-1.66010677814,-1.62742292881
9,2,8,1,1,1,2.5,1,67,1,1,1,1,,-1.95879209042,-1.7216848135,,-1.76921772957,-1.66010677814,-1.62742292881
10,1,8,1,1,1,2.5,1,54,1,1,1,1,0,-1.82433497906,-1.71558237076,-2.02985286713,-1.82433497906,-1.71558237076,-2.02985286713
10,2,8,1,1,1,2.5,1,67,1,1,1,1,,-1.94872236252,-1.64658904076,,-1.82433497906,-1.71558237076,-2.02985286713
11,1,9,1,1,1,2.5,1,38,1,1,1,1,0,-1.78855335712,-1.31289541721,-0.738854825497,-1.78855335712,-1.31289541721,-0.738854825497
11,2,9,1,1,1,2.5,1,49,1,1,1,1,,-1.78793525696,-1.17601633072,-0.901906609535,-1.78855335712,-1.31289541721,-0.738854825497
12,1,9,1,1,1,2.5,0,63,1,0,0,,,,,,,,
12,2,9,1,1,1,2.5,0,66,1,0,0,,,,,,,,
13,1,9,1,1,1,2.5,1,1,1,1,1,1,0,1.41551947594,1.23691380024,,1.41551947594,1.23691380024,
13,2,9,1,1,1,2.5,1,15,1,1,1,1,,-1.15358388424,-0.0218849591911,0.990067481995,1.41551947594,1.23691380024,
14,1,10,1,1,0,54,0,41,1,1,1,1,0,-2.36887669563,-1.79090332985,-1.8868175745,-2.36887669563,-1.79090332985,-1.8868175745
14,2,10,1,1,0,54,0,55,1,1,1,1,,-2.59872531891,-1.68271589279,-2.11548018456,-2.36887669563,-1.79090332985,-1.8868175745
15,1,10,1,1,0,54,1,12,1,1,1,1,0,-0.801948308945,-0.334298610687,-0.263913869858,-0.801948308945,-0.334298610687,-0.263913869858
15,2,10,1,1,0,54,1,26,1,1,1,1,,-1.69257736206,-0.919001162052,-0.7466750741,-0.801948308945,-0.334298610687,-0.263913869858
16,1,11,1,1,1,2.5,1,60,1,1,1,1,0,-1.23476028442,-1.61931836605,-2.01755452156,-1.23476028442,-1.61931836605,-2.01755452156
16,2,11,1,1,1,2.5,1,73,1,1,1,1,,-1.46706116199,-1.44998669624,,-1.23476028442,-1.61931836605,-2.01755452156
17,1,11,1,1,1,2.5,1,32,1,1,1,1,0,0.388708472252,0.0162370223552,-0.592904269695,0.388708472252,0.0162370223552,-0.592904269695
17,2,11,1,1,1,2.5,1,45,1,1,1,1,,-0.411571592093,-0.631975114346,-1.83381557465,0.388708472252,0.0162370223552,-0.592904269695
18,1,11,1,1,1,2.5,1,11,1,1,1,1,0,-2.24969577789,-1.31490361691,-0.949010431767,-2.24969577789,-1.31490361691,-0.949010431767
18,2,11,1,1,1,2.5,1,24,1,1,1,1,,-2.2363846302,-1.89151239395,-0.798164725304,-2.24969577789,-1.31490361691,-0.949010431767
19,1,12,1,1,1,2.5,1,36,1,0,0,,,,,,,,
19,2,12,1,1,1,2.5,1,48,1,1,0,,,-0.587624549866,-0.399694502354,-1.37878453732,,,
20,1,13,2,3,1,4.5,1,44,1,1,1,1,0,-1.85787439346,0.353684455156,0.455004066229,-1.85787439346,0.353684455156,0.455004066229
20,2,13,2,3,1,4.5,1,57,1,1,1,1,,-1.43586814404,0.185640528798,0.379112333059,-1.85787439346,0.353684455156,0.455004066229
21,2,13,2,3,1,4.5,1,5,1,0,0,,,,,,,,
22,1,14,2,3,1,4.5,1,53,1,1,1,1,0,-1.04816746712,-1.82621455193,-1.67930161953,-1.04816746712,-1.82621455193,-1.67930161953
22,2,14,2,3,1,4.5,1,66,1,1,1,1,,-0.714406967163,-1.78077578545,,-1.04816746712,-1.82621455193,-1.67930161953
23,1,15,2,3,1,4.5,1,26,1,1,1,1,0,-1.89077723026,-0.628514349461,-0.444239348173,-1.89077723026,-0.628514349461,-0.444239348173
23,2,15,2,3,1,4.5,1,39,1,1,1,1,,-2.24391198158,-0.509844779968,-0.226024851203,-1.89077723026,-0.628514349461,-0.444239348173
24,1,17,2,3,1,4.5,0,62,1,0,0,,,,,,,,
24,2,17,2,3,1,4.5,0,72,1,0,0,,,,,,,,
25,1,17,2,3,1,4.5,0,19,1,1,1,1,0,-3.77156257629,-1.762545228,-0.89365696907,-3.77156257629,-1.762545228,-0.89365696907
25,2,17,2,3,1,4.5,0,31,1,1,1,1,,-2.93806505203,-0.672541439533,-0.191777735949,-3.77156257629,-1.762545228,-0.89365696907
26,1,18,2,3,0,56.7500038147,1,28,1,1,1,1,0,0.815910696983,1.32137966156,0.409299343824,0.815910696983,1.32137966156,0.409299343824
26,2,18,2,3,0,56.7500038147,1,41,1,1,1,1,,1.15755546093,1.38264620304,0.97715908289,0.815910696983,1.32137966156,0.409299343824
27,2,18,2,3,0,56.7500038147,0,4,1,0,0,,,,,,,,
28,1,21,2,3,0,56.7500038147,1,66,1,0,0,,,,,,,,
28,2,21,2,3,0,56.7500038147,1,72,1,0,0,,,,,,,,
29,2,21,2,3,0,56.7500038147,0,30,1,1,0,,,0.166598439217,1.18552517891,1.18591678143,,,
30,1,22,2,3,1,4.5,0,26,1,1,1,1,0,-1.41904807091,-0.590858459473,-0.667121171951,-1.41904807091,-0.590858459473,-0.667121171951
30,2,22,2,3,1,4.5,0,39,1,1,1,1,,-0.939179301262,-0.826649546623,-0.519869685173,-1.41904807091,-0.590858459473,-0.667121171951
31,1,22,2,3,1,4.5,0,8,1,1,1,1,0,-1.29193866253,0.371738195419,1.66930449009,-1.29193866253,0.371738195419,1.66930449009
31,2,22,2,3,1,4.5,0,20,1,1,1,1,,-1.31473529339,0.289166837931,1.87292575836,-1.29193866253,0.371738195419,1.66930449009
32,1,23,2,3,1,4.5,0,16,1,0,0,,,,,,,,
32,2,23,2,3,1,4.5,0,29,1,0,0,,,,,,,,
33,2,23,2,3,1,4.5,1,7,1,0,0,,,,,,,,
34,1,24,2,3,1,4.5,0,50,1,1,1,1,0,-2.49484705925,-0.935643076897,-0.774395704269,-2.49484705925,-0.935643076897,-0.774395704269
34,2,24,2,3,1,4.5,0,63,1,1,1,1,,-2.43541097641,-0.913883090019,,-2.49484705925,-0.935643076897,-0.774395704269
35,1,25,3,1,1,1,1,53,1,1,1,1,0,-1.21490323544,-0.835470795631,-0.912635445595,-1.21490323544,-0.835470795631,-0.912635445595
35,2,25,3,1,1,1,1,67,1,1,1,1,,-1.25395154953,-1.0693757534,,-1.21490323544,-0.835470795631,-0.912635445595
36,1,25,3,1,1,1,0,2,1,1,1,1,0,0.687388539314,0.331668317318,,0.687388539314,0.331668317318,
36,2,25,3,1,1,1,0,15,1,1,1,1,,0.377111017704,1.07295691967,1.87292575836,0.687388539314,0.331668317318,
37,1,26,3,1,0,28.5,1,52,1,1,1,1,0,-2.83593535423,-1.70836377144,-1.57184326649,-2.83593535423,-1.70836377144,-1.57184326649
37,2,26,3,1,0,28.5,1,65,1,1,1,1,,-2.70681333542,-2.33313250542,,-2.83593535423,-1.70836377144,-1.57184326649
38,1,26,3,1,0,28.5,1,31,1,1,1,1,0,-3.17006182671,-1.50887095928,-1.06082606316,-3.17006182671,-1.50887095928,-1.06082606316
38,2,26,3,1,0,28.5,1,45,1,1,1,1,,-2.19031953812,-1.74354720116,-0.511632204056,-3.17006182671,-1.50887095928,-1.06082606316
39,1,26,3,1,0,28.5,0,8,1,1,1,1,0,-0.430465191603,-0.0375088341534,0.482007712126,-0.430465191603,-0.0375088341534,0.482007712126
39,2,26,3,1,0,28.5,0,21,1,1,1,1,,-2.98689961433,-0.972917795181,1.16394364834,-0.430465191603,-0.0375088341534,0.482007712126
40,1,27,3,1,0,28.5,0,43,1,1,1,1,0,0.524866640568,1.24297130108,0.825118601322,0.524866640568,1.24297130108,0.825118601322
40,2,27,3,1,0,28.5,0,56,1,1,1,1,,0.608273386955,0.822367012501,0.00602110615,0.524866640568,1.24297130108,0.825118601322
41,2,27,3,1,0,28.5,0,11,1,1,0,,,-3.19352793694,-1.19165313244,-0.280392795801,,,
42,1,28,3,1,0,28.5,1,26,1,1,1,1,0,0.631782710552,1.29199314117,0.912004172802,0.631782710552,1.29199314117,0.912004172802
42,2,28,3,1,0,28.5,1,39,1,1,1,1,,0.802639007568,1.13769698143,0.649847507477,0.631782710552,1.29199314117,0.912004172802
43,1,29,3,1,0,28.5,0,42,1,1,1,1,0,0.188771128654,1.08566260338,0.19388204813,0.188771128654,1.08566260338,0.19388204813
43,2,29,3,1,0,28.5,0,56,1,1,1,1,,-0.17147834599,0.788400530815,0.391309887171,0.188771128654,1.08566260338,0.19388204813
44,1,29,3,1,0,28.5,1,17,1,1,1,1,0,-0.814661562443,0.630735516548,1.25825679302,-0.814661562443,0.630735516548,1.25825679302
44,2,29,3,1,0,28.5,1,30,1,1,1,1,,-0.943213880062,0.348949849606,1.08017849922,-0.814661562443,0.630735516548,1.25825679302
45,2,29,3,1,0,28.5,0,1,1,1,0,,,-1.21980166435,-1.49926412106,,,,
46,1,31,4,2,1,2.375,0,46,1,1,1,1,0,1.41551947594,0.442173421383,-0.0582051612437,1.41551947594,0.442173421383,-0.0582051612437
46,2,31,4,2,1,2.375,0,59,1,1,1,1,,1.15755546093,0.294961899519,-0.882231652737,1.41551947594,0.442173421383,-0.0582051612437
47,1,31,4,2,1,2.375,1,18,1,1,1,1,0,-1.63846981525,-0.656716227531,-0.153356075287,-1.63846981525,-0.656716227531,-0.153356075287
47,2,31,4,2,1,2.375,1,31,1,1,1,1,,-1.50719666481,-0.792135357857,-0.97381401062,-1.63846981525,-0.656716227531,-0.153356075287
48,1,31,4,2,1,2.375,0,18,1,1,1,1,0,-0.85594201088,-0.628199398518,0.472035288811,-0.85594201088,-0.628199398518,0.472035288811
48,2,31,4,2,1,2.375,0,31,1,1,1,1,,-0.957787275314,-1.14217805862,-0.191777735949,-0.85594201088,-0.628199398518,0.472035288811
49,1,32,4,2,0,31,1,60,1,0,0,,,,,,,,
49,2,32,4,2,0,31,1,72,1,0,0,,,,,,,,
50,1,32,4,2,0,31,1,49,1,1,1,1,0,-0.177120402455,-0.610850274563,-1.01624655724,-0.177120402455,-0.610850274563,-1.01624655724
50,2,32,4,2,0,31,1,63,1,1,1,1,,0.197353109717,-0.640819370747,,-0.177120402455,-0.610850274563,-1.01624655724
51,1,33,4,2,1,2.375,0,44,1,1,1,1,0,1.41551947594,-0.202677696943,-1.49538004398,1.41551947594,-0.202677696943,-1.49538004398
51,2,33,4,2,1,2.375,0,57,1,1,1,1,,1.15755546093,-0.258294969797,-1.66467165947,1.41551947594,-0.202677696943,-1.49538004398
52,1,33,4,2,1,2.375,1,36,1,1,1,1,0,1.41551947594,1.12825584412,0.559464752674,1.41551947594,1.12825584412,0.559464752674
52,2,33,4,2,1,2.375,1,49,1,1,1,1,,1.15755546093,0.21537733078,-0.788896739483,1.41551947594,1.12825584412,0.559464752674
53,1,33,4,2,1,2.375,1,24,1,0,0,,,,,,,,
53,2,33,4,2,1,2.375,1,37,1,1,0,,,-1.64562642574,-2.25593590736,-2.37180256844,,,
54,2,33,4,2,1,2.375,0,5,1,0,0,,,,,,,,
55,1,34,4,2,1,2.375,1,52,1,1,1,1,0,-0.515514671803,-0.983805656433,-0.881899654865,-0.515514671803,-0.983805656433,-0.881899654865
55,2,34,4,2,1,2.375,1,64,1,1,1,1,,-0.166207864881,-0.968614935875,,-0.515514671803,-0.983805656433,-0.881899654865
56,1,36,4,2,1,2.375,1,44,1,0,0,,,,,,,,
56,2,36,4,2,1,2.375,1,69,1,0,0,,,,,,,,
57,2,36,4,2,1,2.375,0,7,1,1,0,,,-0.0297082979232,1.251537323,1.87292575836,,,
58,1,37,4,2,1,2.375,0,33,1,1,1,1,0,0.808118104935,1.16177678108,0.382702887058,0.808118104935,1.16177678108,0.382702887058
58,2,37,4,2,1,2.375,0,47,1,1,1,1,,0.526253402233,0.568816542625,-0.390668660402,0.808118104935,1.16177678108,0.382702887058
59,1,38,4,2,1,2.375,0,4,1,1,1,1,0,-0.113419741392,-0.5470520854,,-0.113419741392,-0.5470520854,
59,2,38,4,2,1,2.375,0,17,1,1,1,1,,-1.53326237202,-1.27073562145,-1.48914110661,-0.113419741392,-0.5470520854,
60,1,40,4,2,1,2.375,0,45,1,0,0,,,,,,,,
60,2,40,4,2,1,2.375,0,56,1,1,0,,,0.99814927578,0.182268813252,-1.30630660057,,,
61,1,40,4,2,1,2.375,1,17,1,1,1,1,0,0.835021495819,1.52622616291,1.75709688663,0.835021495819,1.52622616291,1.75709688663
61,2,40,4,2,1,2.375,1,31,1,1,1,1,,0.309377133846,0.871527314186,1.10071468353,0.835021495819,1.52622616291,1.75709688663
62,2,40,4,2,1,2.375,1,5,1,1,0,,,0.775652229786,0.829964339733,,,,
63,1,41,4,2,1,2.375,0,84,1,0,0,,,,,,,,
63,2,41,4,2,1,2.375,0,72,1,0,0,,,,,,,,
64,1,41,4,2,1,2.375,0,62,1,0,0,,,,,,,,
64,2,41,4,2,1,2.375,0,50,1,1,0,,,1.15755546093,1.1421148777,0.431796103716,,,
65,1,42,5,1,1,1.375,0,65,1,0,0,,,,,,,,
65,2,42,5,1,1,1.375,0,72,1,0,0,,,,,,,,
66,1,42,5,1,1,1.375,1,40,1,1,1,1,0,-3.32785820961,-1.82234108448,-0.650330841541,-3.32785820961,-1.82234108448,-0.650330841541
66,2,42,5,1,1,1.375,1,53,1,1,1,1,,-3.00453472137,-1.00695168972,-0.622380435467,-3.32785820961,-1.82234108448,-0.650330841541
67,1,43,5,1,1,1.375,0,13,1,1,1,0,1,-1.59463262558,-0.3915604949,-0.246329411864,-1.59463262558,-0.3915604949,-0.246329411864
67,2,43,5,1,1,1.375,0,26,1,0,1,0,,,,,-1.59463262558,-0.3915604949,-0.246329411864
68,2,43,5,1,1,1.375,1,12,1,1,0,,,-0.627188026905,0.356540471315,0.24653197825,,,
69,1,44,5,1,0,44.75,0,41,1,1,1,1,0,-1.37503898144,-0.727155566216,-0.652993381023,-1.37503898144,-0.727155566216,-0.652993381023
69,2,44,5,1,0,44.75,0,51,1,1,1,1,,-0.767472922802,-0.789656341076,-0.249406307936,-1.37503898144,-0.727155566216,-0.652993381023
70,1,44,5,1,0,44.75,0,19,1,1,1,1,0,-0.668455123901,-0.566314995289,-0.346170544624,-0.668455123901,-0.566314995289,-0.346170544624
70,2,44,5,1,0,44.75,0,32,1,1,1,1,,-0.961117982864,-1.09078192711,-1.00512123108,-0.668455123901,-0.566314995289,-0.346170544624
71,2,44,5,1,0,44.75,1,7,1,0,0,,,,,,,,
72,1,45,5,1,0,44.75,1,57,1,0,0,,,,,,,,
72,2,45,5,1,0,44.75,1,70,1,0,0,,,,,,,,
73,1,45,5,1,0,44.75,0,300,1,0,0,,,,,,,,
73,2,45,5,1,0,44.75,0,38,1,1,0,,,-1.1783427,-1.1917526722,-1.00329518318,,,
74,1,46,5,1,1,1.375,1,37,1,1,1,0,1,-1.86755692959,-0.326203078032,-0.525776922703,-1.86755692959,-0.326203078032,-0.525776922703
74,2,46,5,1,1,1.375,1,50,1,0,1,0,,,,,-1.86755692959,-0.326203078032,-0.525776922703
75,2,46,5,1,1,1.375,1,9,1,1,0,,,-0.0180080514401,-0.228245228529,-0.494523376226,,,
76,2,46,5,1,1,1.375,1,7,1,0,0,,,,,,,,
77,1,47,5,1,1,1.375,0,41,1,0,0,,,,,,,,
77,2,47,5,1,1,1.375,0,54,1,0,0,,,,,,,,
78,2,47,5,1,1,1.375,1,36,1,0,0,,,,,,,,
79,1,48,5,1,1,1.375,1,53,1,1,1,1,0,-3.14903950691,-2.29461812973,-1.06114351749,-3.14903950691,-2.29461812973,-1.06114351749
79,2,48,5,1,1,1.375,1,67,1,1,1,1,,-2.85494589806,-2.03343224525,,-3.14903950691,-2.29461812973,-1.06114351749
80,1,49,5,1,1,1.375,0,27,1,1,1,1,0,-0.516092956066,1.4210575819,1.62098562717,-0.516092956066,1.4210575819,1.62098562717
80,2,49,5,1,1,1.375,0,40,1,1,1,1,,-0.497282743454,1.11543440819,1.39798510075,-0.516092956066,1.4210575819,1.62098562717
81,1,50,5,1,0,44.75,1,40,1,1,1,1,0,-0.677988469601,-0.364313930273,-0.187418207526,-0.677988469601,-0.364313930273,-0.187418207526
81,2,50,5,1,0,44.75,1,53,1,1,1,1,,-0.270067065954,-0.480840682983,-0.694118976593,-0.677988469601,-0.364313930273,-0.187418207526
82,1,51,5,1,1,1.375,0,42,1,1,1,1,0,-0.668710112572,0.11002536118,-0.51305013895,-0.668710112572,0.11002536118,-0.51305013895
82,2,51,5,1,1,1.375,0,56,1,1,1,1,,-0.839837014675,-0.70916056633,-1.90870177746,-0.668710112572,0.11002536118,-0.51305013895
83,1,52,5,1,1,1.375,0,40,1,1,1,1,0,-1.29561305046,0.252965211868,0.398880332708,-1.29561305046,0.252965211868,0.398880332708
83,2,52,5,1,1,1.375,0,53,1,1,1,1,,-1.3964009285,-0.198497951031,0.00233044964261,-1.29561305046,0.252965211868,0.398880332708
84,1,52,5,1,1,1.375,1,2,1,1,1,0,1,1.41551947594,1.74831914902,,1.41551947594,1.74831914902,
84,2,52,5,1,1,1.375,1,14,1,0,1,0,,,,,1.41551947594,1.74831914902,
85,1,54,6,2,1,3.625,1,56,1,0,0,,,,,,,,
85,2,54,6,2,1,3.625,1,72,1,0,0,,,,,,,,
86,1,54,6,2,1,3.625,1,480,1,0,0,,,,,,,,
86,2,54,6,2,1,3.625,1,53,1,1,0,,,-3.84932851791,-3.44565272331,-2.91136455536,,,
87,1,54,6,2,1,3.625,0,5,1,1,1,1,0,-1.20889472961,-0.903835654259,,-1.20889472961,-0.903835654259,
87,2,54,6,2,1,3.625,0,19,1,1,1,1,,-2.91866254807,-1.772310853,-2.16530203819,-1.20889472961,-0.903835654259,
88,1,55,6,2,1,3.625,1,38,1,1,1,1,0,-1.57039499283,-0.521326899529,-1.06735265255,-1.57039499283,-0.521326899529,-1.06735265255
88,2,55,6,2,1,3.625,1,52,1,1,1,1,,-1.70375025272,-0.479516923428,-0.169404819608,-1.57039499283,-0.521326899529,-1.06735265255
89,1,55,6,2,1,3.625,1,18,1,1,1,1,0,-2.17223858833,-1.46386504173,-1.82848763466,-2.17223858833,-1.46386504173,-1.82848763466
89,2,55,6,2,1,3.625,1,32,1,1,1,1,,-1.845246315,-0.833344995975,-0.930337190628,-2.17223858833,-1.46386504173,-1.82848763466
90,1,56,6,2,1,3.625,0,22,1,1,1,1,0,-3.44135046005,-1.66805052757,-0.474150180817,-3.44135046005,-1.66805052757,-0.474150180817
90,2,56,6,2,1,3.625,0,35,1,1,1,1,,-3.21643733978,-1.3876273632,-0.493243962526,-3.44135046005,-1.66805052757,-0.474150180817
91,2,56,6,2,1,3.625,1,10,1,1,0,,,-2.52549791336,-0.795924186707,0.316785305738,,,
92,1,57,6,2,0,39.75,1,54,1,1,1,1,0,-1.06371796131,-1.39596962929,-1.24117362499,-1.06371796131,-1.39596962929,-1.24117362499
92,2,57,6,2,0,39.75,1,66,1,1,1,1,,-0.6738743186,-1.37911951542,,-1.06371796131,-1.39596962929,-1.24117362499
93,1,57,6,2,0,39.75,1,21,1,1,1,1,0,-1.47216844559,-2.10248613358,-1.89336431026,-1.47216844559,-2.10248613358,-1.89336431026
93,2,57,6,2,0,39.75,1,34,1,1,1,1,,-1.81368398666,-2.16626501083,-2.08546423912,-1.47216844559,-2.10248613358,-1.89336431026
94,1,58,6,2,1,3.625,0,45,1,1,1,1,0,-0.237342983484,-0.682797849178,-1.69601714611,-0.237342983484,-0.682797849178,-1.69601714611
94,2,58,6,2,1,3.625,0,58,1,1,1,1,,-0.256247311831,-0.693822562695,-0.940466046333,-0.237342983484,-0.682797849178,-1.69601714611
95,1,58,6,2,1,3.625,1,17,1,1,1,1,0,-0.5163154006,-1.53935003281,-0.817196071148,-0.5163154006,-1.53935003281,-0.817196071148
95,2,58,6,2,1,3.625,1,30,1,1,1,1,,-0.730761170387,-1.14098680019,-0.585716426373,-0.5163154006,-1.53935003281,-0.817196071148
96,2,58,6,2,1,3.625,1,9,1,1,0,,,-0.369866162539,-0.885056912899,0.113140262663,,,
97,1,59,6,2,1,3.625,1,804,1,0,0,,,,,,,,
97,2,59,6,2,1,3.625,1,72,1,0,0,,,,,,,,
98,1,59,6,2,1,3.625,0,408,1,0,0,,,,,,,,
98,2,59,6,2,1,3.625,0,47,1,1,0,,,-1.77121734619,-1.74523663521,-2.83395004272,,,
99,2,59,6,2,1,3.625,0,4,1,0,0,,,,,,,,
100,1,60,6,2,1,3.625,1,36,1,1,1,1,0,-1.30036985874,-0.292331337929,-0.747706711292,-1.30036985874,-0.292331337929,-0.747706711292
100,2,60,6,2,1,3.625,1,50,1,1,1,1,,-1.1978341341,-0.966031372547,-1.23917162418,-1.30036985874,-0.292331337929,-0.747706711292
101,1,60,6,2,1,3.625,1,13,1,1,1,1,0,-2.45952987671,-1.83315086365,-1.02302706242,-2.45952987671,-1.83315086365,-1.02302706242
101,2,60,6,2,1,3.625,1,26,1,1,1,1,,-2.14603590965,-1.49974310398,-1.51924049854,-2.45952987671,-1.83315086365,-1.02302706242
102,2,60,6,2,1,3.625,1,2,1,0,0,,,,,,,,
103,1,61,6,2,0,39.75,1,51,1,1,1,0,1,-1.28400111198,-1.05738139153,-0.48661890626,-1.28400111198,-1.05738139153,-0.48661890626
103,2,61,6,2,0,39.75,1,64,1,0,1,0,,,,,-1.28400111198,-1.05738139153,-0.48661890626
104,2,61,6,2,0,39.75,0,11,1,0,0,,,,,,,,
105,2,62,6,2,0,39.75,0,1,1,1,0,,,-2.63255977631,-2.40325307846,,,,
106,1,63,6,2,1,3.625,0,12,1,1,1,1,0,-2.3140771389,-2.54208779335,-2.66434192657,-2.3140771389,-2.54208779335,-2.66434192657
106,2,63,6,2,1,3.625,0,25,1,1,1,1,,-1.77216279507,-1.66853046417,-1.93813753128,-2.3140771389,-2.54208779335,-2.66434192657
107,2,63,6,2,1,3.625,1,52,1,1,0,,,-1.13205170631,-0.255011349916,-0.377613216639,,,
108,1,64,6,2,0,39.75,1,48,1,1,1,1,0,,-1.16937303543,-1.14124321938,,-1.16937303543,-1.14124321938
108,2,64,6,2,0,39.75,1,59,1,1,1,1,,-0.157814234495,-0.80635279417,-0.980309844017,,-1.16937303543,-1.14124321938
109,1,64,6,2,0,39.75,0,19,1,0,0,,,,,,,,
109,2,64,6,2,0,39.75,0,32,1,1,0,,,-0.719078242779,-0.184748321772,0.0593351013958,,,
110,1,65,6,2,1,3.625,1,60,1,0,0,,,,,,,,
110,2,65,6,2,1,3.625,1,69,1,0,0,,,,,,,,
111,1,65,6,2,1,3.625,1,15,1,1,1,1,0,-0.569475054741,0.133456736803,-1.19671559334,-0.569475054741,0.133456736803,-1.19671559334
111,2,65,6,2,1,3.625,1,28,1,1,1,1,,-1.12215542793,-0.00383454770781,-0.479356139898,-0.569475054741,0.133456736803,-1.19671559334
112,2,65,6,2,1,3.625,1,9,1,1,0,,,-0.0387037284672,1.08327829838,0.765976011753,,,
113,1,66,7,1,0,44.25,0,47,1,1,1,1,0,-1.3381870985,-1.1671077013,-1.29536402225,-1.3381870985,-1.1671077013,-1.29536402225
113,2,66,7,1,0,44.25,0,60,1,1,1,1,,-1.39490151405,-0.705533564091,-0.558120012283,-1.3381870985,-1.1671077013,-1.29536402225
114,1,66,7,1,0,44.25,0,19,1,1,1,1,0,-2.59201908112,-0.304893910885,0.766546905041,-2.59201908112,-0.304893910885,0.766546905041
114,2,66,7,1,0,44.25,0,32,1,1,1,1,,-2.44182014465,-0.665010750294,0.496928155422,-2.59201908112,-0.304893910885,0.766546905041
115,1,67,7,1,1,1.74999988079,1,35,1,1,1,1,0,-2.52495408058,-0.949515759945,0.00452986266464,-2.52495408058,-0.949515759945,0.00452986266464
115,2,67,7,1,1,1.74999988079,1,51,1,1,1,1,,-3.31901264191,-1.49898409843,0.52983045578,-2.52495408058,-0.949515759945,0.00452986266464
116,1,67,7,1,1,1.74999988079,1,16,1,1,1,1,0,-3.43737912178,-1.59646379948,-1.24020564556,-3.43737912178,-1.59646379948,-1.24020564556
116,2,67,7,1,1,1.74999988079,1,30,1,1,1,1,,-3.87509346008,-1.957675457,-0.502002298832,-3.43737912178,-1.59646379948,-1.24020564556
117,2,67,7,1,1,1.74999988079,0,8,1,0,0,,,,,,,,
118,1,68,7,1,1,1.74999988079,0,43,1,1,1,1,0,-0.574068546295,0.185733556747,-0.139158770442,-0.574068546295,0.185733556747,-0.139158770442
118,2,68,7,1,1,1.74999988079,0,56,1,1,1,1,,-0.862115263939,0.043879698962,0.0773787274957,-0.574068546295,0.185733556747,-0.139158770442
119,1,69,7,1,1,1.74999988079,1,6,1,0,0,,,,,,,,
119,2,69,7,1,1,1.74999988079,1,18,1,0,0,,,,,,,,
120,1,70,7,1,1,1.74999988079,0,38,1,1,1,1,0,-2.73194718361,-2.41799855232,-1.91209733486,-2.73194718361,-2.41799855232,-1.91209733486
120,2,70,7,1,1,1.74999988079,0,51,1,1,1,1,,-2.37019634247,-2.10913825035,-1.46208798885,-2.73194718361,-2.41799855232,-1.91209733486
121,1,70,7,1,1,1.74999988079,0,6,1,1,1,1,0,-1.6930423975,-3.28378415108,-1.28166282177,-1.6930423975,-3.28378415108,-1.28166282177
121,2,70,7,1,1,1.74999988079,0,20,1,1,1,1,,-3.80234098434,-3.24661016464,-1.50580632687,-1.6930423975,-3.28378415108,-1.28166282177
122,1,72,7,1,1,1.74999988079,1,43,1,1,1,1,0,0.784189224243,-0.0528423786163,-1.73495674133,0.784189224243,-0.0528423786163,-1.73495674133
122,2,72,7,1,1,1.74999988079,1,57,1,1,1,1,,-0.0264039970934,-0.340813428164,-0.468652844429,0.784189224243,-0.0528423786163,-1.73495674133
123,1,72,7,1,1,1.74999988079,1,21,1,1,1,1,0,-2.49917316437,-1.27986514568,-1.2128008604,-2.49917316437,-1.27986514568,-1.2128008604
123,2,72,7,1,1,1.74999988079,1,34,1,1,1,1,,-2.53976106644,-1.44318962097,-0.755817055702,-2.49917316437,-1.27986514568,-1.2128008604
124,2,73,7,1,1,1.74999988079,0,6,1,0,0,,,,,,,,
125,1,74,7,1,1,1.74999988079,1,59,1,1,1,1,0,-2.6368894577,-2.67501664162,-3.11805677414,-2.6368894577,-2.67501664162,-3.11805677414
125,2,74,7,1,1,1.74999988079,1,72,1,1,1,1,,-2.54403567314,-2.82672357559,,-2.6368894577,-2.67501664162,-3.11805677414
126,1,75,7,1,1,1.74999988079,0,2,1,1,1,1,0,-0.562318682671,0.104597516358,,-0.562318682671,0.104597516358,
126,2,75,7,1,1,1.74999988079,0,15,1,1,1,1,,-3.06122708321,-1.68418586254,-1.77116072178,-0.562318682671,0.104597516358,
127,1,76,7,1,0,44.25,0,62,1,0,0,,,,,,,,
127,2,76,7,1,0,44.25,0,72,1,0,0,,,,,,,,
128,2,76,7,1,0,44.25,1,7,1,0,0,,,,,,,,
129,1,77,7,1,0,44.25,1,22,1,1,1,1,0,-0.289725214243,1.21848833561,1.23439848423,-0.289725214243,1.21848833561,1.23439848423
129,2,77,7,1,0,44.25,1,36,1,1,1,1,,-0.643816351891,0.855564951897,1.25620496273,-0.289725214243,1.21848833561,1.23439848423
130,1,78,8,2,1,3.375,0,30,1,1,1,1,0,-1.97719061375,-1.05459868908,-1.38888096809,-1.97719061375,-1.05459868908,-1.38888096809
130,2,78,8,2,1,3.375,0,43,1,1,1,1,,-2.01017665863,-0.51663672924,-0.537129044533,-1.97719061375,-1.05459868908,-1.38888096809
131,1,79,8,2,1,3.375,1,69,1,0,0,,,,,,,,
131,2,79,8,2,1,3.375,1,72,1,0,0,,,,,,,,
132,1,80,8,2,1,3.375,0,42,1,0,0,,,,,,,,
132,2,80,8,2,1,3.375,0,56,1,0,0,,,,,,,,
133,1,80,8,2,1,3.375,0,26,1,1,1,1,0,-1.81265950203,-1.33313989639,-1.49833536148,-1.81265950203,-1.33313989639,-1.49833536148
133,2,80,8,2,1,3.375,0,39,1,1,1,1,,-2.09776115417,-0.753535151482,0.121064819396,-1.81265950203,-1.33313989639,-1.49833536148
134,1,81,8,2,1,3.375,1,61,1,0,0,,,,,,,,
134,2,81,8,2,1,3.375,1,72,1,0,0,,,,,,,,
135,1,81,8,2,1,3.375,1,14,1,1,1,1,0,-1.22266590595,-1.24584650993,-0.874607026577,-1.22266590595,-1.24584650993,-0.874607026577
135,2,81,8,2,1,3.375,1,27,1,1,1,1,,-1.63638162613,-0.476003915071,0.273352384567,-1.22266590595,-1.24584650993,-0.874607026577
136,2,83,8,2,0,23.5,0,5,1,0,0,,,,,,,,
137,1,85,8,2,1,3.375,1,58,1,1,1,1,0,-2.92765283585,-1.7727175951,-1.65630173683,-2.92765283585,-1.7727175951,-1.65630173683
137,2,85,8,2,1,3.375,1,70,1,1,1,1,,-2.89752984047,-1.80654609203,,-2.92765283585,-1.7727175951,-1.65630173683
138,1,85,8,2,1,3.375,0,13,1,1,1,1,0,-2.54269170761,-1.45996046066,-0.427608907223,-2.54269170761,-1.45996046066,-0.427608907223
138,2,85,8,2,1,3.375,0,26,1,1,1,1,,-2.63137340546,-1.45521891117,-0.101024217904,-2.54269170761,-1.45996046066,-0.427608907223
139,2,85,8,2,1,3.375,0,2,1,0,0,,,,,,,,
140,1,86,8,2,1,3.375,1,44,1,1,1,1,0,-3.22009348869,-1.18500185013,-0.630281865597,-3.22009348869,-1.18500185013,-0.630281865597
140,2,86,8,2,1,3.375,1,57,1,1,1,1,,-2.65166354179,-1.88650393486,-0.43457198143,-3.22009348869,-1.18500185013,-0.630281865597
141,1,86,8,2,1,3.375,1,30,1,1,1,1,0,-2.04798197746,-0.74055826664,-0.670106828213,-2.04798197746,-0.74055826664,-0.670106828213
141,2,86,8,2,1,3.375,1,46,1,1,1,1,,-2.36140465736,-1.00837421417,0.0710241645575,-2.04798197746,-0.74055826664,-0.670106828213
142,2,86,8,2,1,3.375,0,5,1,0,0,,,,,,,,
143,1,87,8,2,0,23.5,1,432,1,0,0,,,,,,,,
143,2,87,8,2,0,23.5,1,41,1,1,0,,,0.857062637806,1.08850049973,0.910408675671,,,
144,1,88,8,2,1,3.375,1,25,1,1,1,1,0,,-1.76628065109,-1.3631207943,,-1.76628065109,-1.3631207943
144,2,88,8,2,1,3.375,1,38,1,1,1,1,,-2.45585417747,-1.63677513599,-1.06735265255,,-1.76628065109,-1.3631207943
145,1,89,8,2,1,3.375,0,59,1,1,1,1,0,-3.61419582367,-1.92721772194,-1.70276904106,-3.61419582367,-1.92721772194,-1.70276904106
145,2,89,8,2,1,3.375,0,72,1,1,1,1,,-3.93786549568,-2.38488602638,,-3.61419582367,-1.92721772194,-1.70276904106
146,2,90,9,4,1,7.75,0,11,1,1,0,,,-1.79827821255,-1.01188611984,-1.70652115345,,,
147,1,91,9,4,1,7.75,0,51,1,1,1,1,0,-2.28889918327,0.0515826307237,1.40423285961,-2.28889918327,0.0515826307237,1.40423285961
147,2,91,9,4,1,7.75,0,65,1,1,1,1,,-2.23543572426,-0.612981379032,,-2.28889918327,0.0515826307237,1.40423285961
148,1,95,9,4,1,7.75,0,108,1,0,0,,,,,,,,
148,2,95,9,4,1,7.75,0,22,1,1,0,,,-3.04942393303,-1.66805052757,-1.35298800468,,,
149,1,96,9,4,0,28.7500019073,0,47,1,1,1,1,0,-2.5530796051,-0.663875579834,-0.709788203239,-2.5530796051,-0.663875579834,-0.709788203239
149,2,96,9,4,0,28.7500019073,0,60,1,1,1,1,,-2.09625840187,-0.37656468153,0.126019120216,-2.5530796051,-0.663875579834,-0.709788203239
150,1,96,9,4,0,28.7500019073,1,4,1,1,1,1,0,-1.38136577606,0.0454361476004,0.557233452797,-1.38136577606,0.0454361476004,0.557233452797
150,2,96,9,4,0,28.7500019073,1,17,1,1,1,1,,-2.48189282417,-1.09406936169,-0.107079058886,-1.38136577606,0.0454361476004,0.557233452797
151,2,96,9,4,0,28.7500019073,1,17,1,0,0,,,,,,,,
152,1,97,9,4,1,7.75,1,49,1,1,1,1,0,-0.188626915216,-0.532531142235,-1.73190665245,-0.188626915216,-0.532531142235,-1.73190665245
152,2,97,9,4,1,7.75,1,64,1,1,1,1,,-0.381767809391,-0.0858836472034,,-0.188626915216,-0.532531142235,-1.73190665245
153,1,97,9,4,1,7.75,1,15,1,1,1,1,0,-1.24485421181,-0.312870562077,0.0603213533759,-1.24485421181,-0.312870562077,0.0603213533759
153,2,97,9,4,1,7.75,1,28,1,1,1,1,,,,0.0948506146669,-1.24485421181,-0.312870562077,0.0603213533759
154,1,98,9,4,1,7.75,1,42,1,1,1,1,0,-2.06474041939,-1.28953397274,-0.956820249557,-2.06474041939,-1.28953397274,-0.956820249557
154,2,98,9,4,1,7.75,1,56,1,1,1,1,,-1.55693924427,-0.808201372623,-0.471815556288,-2.06474041939,-1.28953397274,-0.956820249557
155,2,98,9,4,1,7.75,0,11,1,1,0,,,-2.3349146843,,-0.929187715054,,,
156,1,100,9,4,1,7.75,1,43,1,1,1,1,0,-1.88212442398,-1.21830511093,-0.988984405994,-1.88212442398,-1.21830511093,-0.988984405994
156,2,100,9,4,1,7.75,1,57,1,1,1,1,,-1.18840312958,-0.95947098732,-0.852003157139,-1.88212442398,-1.21830511093,-0.988984405994
157,1,100,9,4,1,7.75,0,16,1,1,1,1,0,-3.91242599487,-2.72103404999,-1.65272891521,-3.91242599487,-2.72103404999,-1.65272891521
157,2,100,9,4,1,7.75,0,29,1,1,1,1,,-3.29331970215,-1.04343426228,-0.713421881199,-3.91242599487,-2.72103404999,-1.65272891521
158,1,101,9,4,1,7.75,0,31,1,1,1,1,0,-2.51888346672,-0.761561512947,0.0559064298868,-2.51888346672,-0.761561512947,0.0559064298868
158,2,101,9,4,1,7.75,0,44,1,1,1,1,,-2.33395862579,-0.523584425449,0.104662694037,-2.51888346672,-0.761561512947,0.0559064298868
159,2,101,9,4,1,7.75,0,12,1,1,0,,,-2.3561630249,-2.45615291595,-1.63682544231,,,
160,1,102,10,1,0,30.7500019073,1,72,1,0,0,,,,,,,,
160,2,102,10,1,0,30.7500019073,1,71,1,1,0,,,0.551762640476,0.200710251927,,,,
161,1,103,10,1,1,2.125,0,23,1,1,1,1,0,-3.31906914711,-1.56913769245,-1.06929802895,-3.31906914711,-1.56913769245,-1.06929802895
161,2,103,10,1,1,2.125,0,36,1,1,1,1,,-2.70670819283,-1.39797627926,-0.950473368168,-3.31906914711,-1.56913769245,-1.06929802895
162,1,104,10,1,0,30.7500019073,0,58,1,1,1,1,0,-0.815259873867,-0.52093487978,-0.329187214375,-0.815259873867,-0.52093487978,-0.329187214375
162,2,104,10,1,0,30.7500019073,0,71,1,1,1,1,,-0.695382297039,-0.656782031059,,-0.815259873867,-0.52093487978,-0.329187214375
163,1,104,10,1,0,30.7500019073,0,23,1,1,1,1,0,-2.30074429512,-1.39471340179,-0.883962154388,-2.30074429512,-1.39471340179,-0.883962154388
163,2,104,10,1,0,30.7500019073,0,37,1,1,1,1,,-2.15433454514,-1.33993244171,-0.550054132938,-2.30074429512,-1.39471340179,-0.883962154388
164,1,104,10,1,0,30.7500019073,0,23,1,1,1,1,0,-2.30074429512,-1.05597805977,-0.521443426609,-2.30074429512,-1.05597805977,-0.521443426609
164,2,104,10,1,0,30.7500019073,0,37,1,1,1,1,,-1.76790356636,-0.607487201691,0.0202352385968,-2.30074429512,-1.05597805977,-0.521443426609
165,1,105,10,1,1,2.125,0,61,1,0,0,,,,,,,,
165,2,105,10,1,1,2.125,0,72,1,0,0,,,,,,,,
166,1,105,10,1,1,2.125,1,24,1,1,1,1,0,-1.58548951149,-0.587439775467,-0.753659546375,-1.58548951149,-0.587439775467,-0.753659546375
166,2,105,10,1,1,2.125,1,38,1,1,1,1,,-1.82705008984,-0.694471299648,-0.188312381506,-1.58548951149,-0.587439775467,-0.753659546375
167,1,106,10,1,1,2.125,1,34,1,1,1,1,0,-0.603557348251,0.0960418432951,0.197370052338,-0.603557348251,0.0960418432951,0.197370052338
167,2,106,10,1,1,2.125,1,47,1,1,1,1,,-0.452408730984,0.417517066002,0.807653665543,-0.603557348251,0.0960418432951,0.197370052338
168,2,106,10,1,1,2.125,0,7,1,1,0,,,-1.2963591814,-1.26535212994,-0.0619646273553,,,
169,1,107,10,1,1,2.125,1,52,1,1,1,1,0,-1.09842205048,-0.548746049404,-0.59048140049,-1.09842205048,-0.548746049404,-0.59048140049
169,2,107,10,1,1,2.125,1,65,1,1,1,1,,-0.809744000435,0.123918563128,,-1.09842205048,-0.548746049404,-0.59048140049
170,2,107,10,1,1,2.125,0,25,1,0,0,,,,,,,,
171,1,108,10,1,1,2.125,0,44,1,0,0,,,,,,,,
171,2,108,10,1,1,2.125,0,58,1,1,0,,,-0.727571129799,0.328644692898,-0.00361779169179,,,
172,2,108,10,1,1,2.125,0,51,1,0,0,,,,,,,,
173,1,109,10,1,0,30.7500019073,1,19,1,1,1,1,0,-2.71050190926,-1.08973097801,-0.916221857071,-2.71050190926,-1.08973097801,-0.916221857071
173,2,109,10,1,0,30.7500019073,1,32,1,1,1,1,,-2.45199871063,-0.90276658535,-0.185954347253,-2.71050190926,-1.08973097801,-0.916221857071
174,1,110,10,1,1,2.125,0,52,1,1,1,1,0,-0.474380284548,-0.37777736783,-0.657554864883,-0.474380284548,-0.37777736783,-0.657554864883
174,2,110,10,1,1,2.125,0,65,1,1,1,1,,-0.284109115601,-0.890205144882,,-0.474380284548,-0.37777736783,-0.657554864883
175,1,111,10,1,0,30.7500019073,0,72,1,0,0,,,,,,,,
175,2,111,10,1,0,30.7500019073,0,72,1,1,0,,,1.15755546093,0.648735880852,,,,
176,1,112,10,1,1,2.125,1,23,1,1,1,1,0,-1.17221307755,-0.0785476416349,-0.00407627550885,-1.17221307755,-0.0785476416349,-0.00407627550885
176,2,112,10,1,1,2.125,1,36,1,1,1,1,,-1.72056365013,-0.309975862503,-0.666001677513,-1.17221307755,-0.0785476416349,-0.00407627550885
177,2,112,10,1,1,2.125,1,1,1,1,0,,,1.15755546093,1.38264620304,,,,
178,2,113,10,1,1,2.125,1,13,1,0,0,,,,,,,,
179,2,113,10,1,1,2.125,0,3,1,1,0,,,1.15755546093,0.949945211411,,,,
180,1,114,11,3,1,3.375,1,14,1,1,1,1,0,-0.831465363503,-0.0933725982904,0.180581584573,-0.831465363503,-0.0933725982904,0.180581584573
180,2,114,11,3,1,3.375,1,27,1,1,1,1,,-0.542109072208,-0.121443070471,0.924035012722,-0.831465363503,-0.0933725982904,0.180581584573
181,2,114,11,3,1,3.375,1,61,1,0,0,,,,,,,,
182,1,115,11,3,1,3.375,1,72,1,0,0,,,,,,,,
182,2,115,11,3,1,3.375,1,72,1,0,0,,,,,,,,
183,1,115,11,3,1,3.375,0,492,1,0,0,,,,,,,,
183,2,115,11,3,1,3.375,0,52,1,1,0,,,-2.20182776451,-1.51749110222,-0.657554864883,,,
184,1,115,11,3,1,3.375,0,6,1,1,1,0,1,-0.54833739996,0.588168740273,0.690012335777,-0.54833739996,0.588168740273,0.690012335777
184,2,115,11,3,1,3.375,0,19,1,0,1,0,,,,,-0.54833739996,0.588168740273,0.690012335777
185,2,115,11,3,1,3.375,0,2,1,0,0,,,,,,,,
186,1,116,11,3,1,3.375,0,52,1,1,1,1,0,-0.1979893893,-1.30678987503,-1.4818842411,-0.1979893893,-1.30678987503,-1.4818842411
186,2,116,11,3,1,3.375,0,65,1,1,1,1,,-0.294714778662,-1.52439260483,,-0.1979893893,-1.30678987503,-1.4818842411
187,1,117,11,3,1,3.375,0,58,1,1,1,1,0,-2.34980678558,-0.918872237206,-0.182944834232,-2.34980678558,-0.918872237206,-0.182944834232
187,2,117,11,3,1,3.375,0,72,1,1,1,1,,-2.04006457329,-1.4571903944,,-2.34980678558,-0.918872237206,-0.182944834232
188,1,117,11,3,1,3.375,1,58,1,1,1,1,0,-1.79599118233,-1.3468234539,-1.2054336071,-1.79599118233,-1.3468234539,-1.2054336071
188,2,117,11,3,1,3.375,1,72,1,1,1,1,,-1.42089545727,-1.53417682648,,-1.79599118233,-1.3468234539,-1.2054336071
189,1,118,11,3,0,30.7500019073,0,54,1,0,0,,,,,,,,
189,2,118,11,3,0,30.7500019073,0,68,1,1,0,,,-1.13211941719,-0.959579050541,,,,
190,1,118,11,3,0,30.7500019073,1,360,1,0,0,,,,,,,,
190,2,118,11,3,0,30.7500019073,1,35,1,1,0,,,0.410946071148,0.655485630035,-0.150146767497,,,
191,1,119,11,3,1,3.375,0,25,1,1,1,1,0,0.265728920698,0.146645888686,-0.354010492563,0.265728920698,0.146645888686,-0.354010492563
191,2,119,11,3,1,3.375,0,38,1,1,1,1,,-1.16517782211,-0.312442332506,-1.1346988678,0.265728920698,0.146645888686,-0.354010492563
192,1,119,11,3,1,3.375,0,14,1,1,1,1,0,-2.6237039566,-2.47483325005,-1.89291751385,-2.6237039566,-2.47483325005,-1.89291751385
192,2,119,11,3,1,3.375,0,27,1,1,1,1,,-1.87610077858,,-0.191010653973,-2.6237039566,-2.47483325005,-1.89291751385
193,1,120,11,3,1,3.375,1,60,1,0,0,,,,,,,,
193,2,120,11,3,1,3.375,1,72,1,0,0,,,,,,,,
194,1,120,11,3,1,3.375,0,23,1,1,1,1,0,-4.72135066986,-3.36185455322,-1.93952763081,-4.72135066986,-3.36185455322,-1.93952763081
194,2,120,11,3,1,3.375,0,36,1,1,1,1,,-4.06903266907,-2.98032999039,-0.820197761059,-4.72135066986,-3.36185455322,-1.93952763081
195,1,121,11,3,0,30.7500019073,1,46,1,1,1,1,0,-0.918595850468,0.0524790175259,0.0358944796026,-0.918595850468,0.0524790175259,0.0358944796026
195,2,121,11,3,0,30.7500019073,1,59,1,1,1,1,,-0.507426202297,-0.208877041936,-0.495164692402,-0.918595850468,0.0524790175259,0.0358944796026
196,1,121,11,3,0,30.7500019073,0,6,1,1,1,1,0,-1.52951359749,-0.559992849827,0.148243188858,-1.52951359749,-0.559992849827,0.148243188858
196,2,121,11,3,0,30.7500019073,0,19,1,1,1,1,,-1.82985329628,-0.915146350861,-0.0808235928416,-1.52951359749,-0.559992849827,0.148243188858
197,2,121,11,3,0,30.7500019073,0,1,1,0,0,,,,,,,,
198,1,122,11,3,0,30.7500019073,1,36,1,1,1,1,0,0.144047856331,1.44056749344,1.75709688663,0.144047856331,1.44056749344,1.75709688663
198,2,122,11,3,0,30.7500019073,1,49,1,1,1,1,,0.45569974184,1.113027215,0.764129459858,0.144047856331,1.44056749344,1.75709688663
199,1,123,11,3,0,30.7500019073,1,59,1,1,1,1,0,-2.07538890839,-0.753840982914,-0.196211874485,-2.07538890839,-0.753840982914,-0.196211874485
199,2,123,11,3,0,30.7500019073,1,71,1,1,1,1,,-2.24841499329,-1.09420144558,,-2.07538890839,-0.753840982914,-0.196211874485
200,1,124,11,3,1,3.375,0,36,1,1,1,1,0,-0.535084426403,-0.439772307873,-0.691500902176,-0.535084426403,-0.439772307873,-0.691500902176
200,2,124,11,3,1,3.375,0,49,1,1,1,1,,-0.174555063248,-0.193967789412,-1.25058102608,-0.535084426403,-0.439772307873,-0.691500902176
201,1,126,12,2,0,16,0,47,1,1,1,1,0,1.41551947594,1.28113496304,-0.158222213387,1.41551947594,1.28113496304,-0.158222213387
201,2,126,12,2,0,16,0,60,1,1,1,1,,1.15755546093,1.1128411293,-0.747811257839,1.41551947594,1.28113496304,-0.158222213387
202,1,127,12,2,1,2.25,1,192,1,0,0,,,,,,,,
202,2,127,12,2,1,2.25,1,31,1,1,0,,,-2.91853570938,-1.03418529034,-0.384183913469,,,
203,2,127,12,2,1,2.25,1,1,1,1,0,,,0.722950398922,0.609627723694,,,,
204,2,127,12,2,1,2.25,0,60,1,1,0,,,-2.79761552811,-0.787022471428,-0.227063328028,,,
205,1,128,12,2,1,2.25,0,27,1,1,1,1,0,-0.469728529453,0.279319494963,0.945251941681,-0.469728529453,0.279319494963,0.945251941681
205,2,128,12,2,1,2.25,0,40,1,1,1,1,,-0.420024126768,-0.116577044129,0.911086499691,-0.469728529453,0.279319494963,0.945251941681
206,2,128,12,2,1,2.25,0,7,1,1,0,,,-0.0757677555084,1.20239841938,1.76250708103,,,
207,1,129,12,2,1,2.25,1,14,1,1,1,1,0,-2.3590054512,-1.56046116352,-0.691159546375,-2.3590054512,-1.56046116352,-0.691159546375
207,2,129,12,2,1,2.25,1,27,1,1,1,1,,-3.18906712532,-2.29185509682,-0.939903080463,-2.3590054512,-1.56046116352,-0.691159546375
208,2,129,12,2,1,2.25,1,72,1,1,0,,,-1.70412266254,-1.70281171799,,,,
209,2,129,12,2,1,2.25,0,5,1,0,0,,,,,,,,
210,1,130,12,2,1,2.25,1,40,1,1,1,1,0,-1.92129313946,-0.566592276096,-0.339367300272,-1.92129313946,-0.566592276096,-0.339367300272
210,2,130,12,2,1,2.25,1,54,1,1,1,1,,-1.50465404987,-0.162786304951,-0.442813247442,-1.92129313946,-0.566592276096,-0.339367300272
211,2,130,12,2,1,2.25,1,1,1,1,0,,,-0.86336427927,0.928743779659,,,,
212,1,131,12,2,1,2.25,1,57,1,1,1,1,0,-3.28645944595,-2.5412967205,-2.52074122429,-3.28645944595,-2.5412967205,-2.52074122429
212,2,131,12,2,1,2.25,1,71,1,1,1,1,,-2.56282067299,-1.39268612862,,-3.28645944595,-2.5412967205,-2.52074122429
213,1,132,12,2,1,2.25,1,58,1,1,1,1,0,-2.68210291862,-2.49532008171,-1.57964229584,-2.68210291862,-2.49532008171,-1.57964229584
213,2,132,12,2,1,2.25,1,71,1,1,1,1,,-2.32701539993,-2.37323021889,,-2.68210291862,-2.49532008171,-1.57964229584
214,1,132,12,2,1,2.25,1,28,1,1,1,1,0,-1.92361104488,-1.69588649273,-0.822175383568,-1.92361104488,-1.69588649273,-0.822175383568
214,2,132,12,2,1,2.25,1,41,1,1,1,1,,-1.5412671566,-1.39563930035,-0.685107290745,-1.92361104488,-1.69588649273,-0.822175383568
215,2,132,12,2,1,2.25,0,55,1,1,0,,,-2.04837584496,-0.902346611023,0.0647114515305,,,
216,2,133,12,2,0,16,1,56,1,1,0,,,-1.93647778034,-1.09094285965,-1.07564747334,,,
217,1,134,12,2,0,16,0,7,1,1,1,1,0,0.430893331766,-0.483195513487,0.0293514225632,0.430893331766,-0.483195513487,0.0293514225632
217,2,134,12,2,0,16,0,21,1,1,1,1,,-1.43861746788,-0.513246059418,0.434390217066,0.430893331766,-0.483195513487,0.0293514225632
218,2,135,12,2,0,16,1,10,1,1,0,,,1.02052724361,1.16916835308,0.955876290798,,,
219,1,136,12,2,1,2.25,1,23,1,1,1,1,0,-1.66060996056,-0.696175396442,0.562737047672,-1.66060996056,-0.696175396442,0.562737047672
219,2,136,12,2,1,2.25,1,37,1,1,1,1,,-1.48988687992,-0.721771478653,-0.150155156851,-1.66060996056,-0.696175396442,0.562737047672
220,1,137,12,2,1,2.25,1,40,1,1,1,1,0,-0.627754747868,-1.43322014809,-1.90956687927,-0.627754747868,-1.43322014809,-1.90956687927
220,2,137,12,2,1,2.25,1,53,1,1,1,1,,-0.492381483316,-1.10741341114,-1.75943672657,-0.627754747868,-1.43322014809,-1.90956687927
221,1,138,13,2,0,28.25,1,47,1,1,1,1,0,-3.85074734688,-2.58707380295,-0.955630302429,-3.85074734688,-2.58707380295,-0.955630302429
221,2,138,13,2,0,28.25,1,60,1,1,1,1,,-3.85215997696,-2.60227394104,-1.36925339699,-3.85074734688,-2.58707380295,-0.955630302429
222,1,138,13,2,0,28.25,1,6,1,1,1,1,0,-1.31534183025,-1.28984284401,-1.27386057377,-1.31534183025,-1.28984284401,-1.27386057377
222,2,138,13,2,0,28.25,1,19,1,1,1,1,,-2.60908770561,-1.56620264053,-0.553395688534,-1.31534183025,-1.28984284401,-1.27386057377
223,2,138,13,2,0,28.25,0,42,1,0,0,,,,,,,,
224,1,139,13,2,1,3.49999976158,0,61,1,0,0,,,,,,,,
224,2,139,13,2,1,3.49999976158,0,72,1,0,0,,,,,,,,
225,1,139,13,2,1,3.49999976158,1,156,1,0,0,,,,,,,,
225,2,139,13,2,1,3.49999976158,1,26,1,1,0,,,-2.26615810394,-1.06935846806,-0.444239348173,,,
226,1,140,13,2,1,3.49999976158,0,72,1,0,0,,,,,,,,
226,2,140,13,2,1,3.49999976158,0,72,1,0,0,,,,,,,,
227,1,140,13,2,1,3.49999976158,0,22,1,1,1,1,0,-2.36781334877,0.111816301942,0.13599139452,-2.36781334877,0.111816301942,0.13599139452
227,2,140,13,2,1,3.49999976158,0,35,1,1,1,1,,-2.05537557602,0.452415406704,1.06785786152,-2.36781334877,0.111816301942,0.13599139452
228,1,141,13,2,0,28.25,1,28,1,1,1,1,0,-2.57934761047,-0.56145375967,0.639030277729,-2.57934761047,-0.56145375967,0.639030277729
228,2,141,13,2,0,28.25,1,42,1,1,1,1,,-2.29839849472,-1.05704557896,-0.679936349392,-2.57934761047,-0.56145375967,0.639030277729
229,1,141,13,2,0,28.25,1,5,1,1,1,1,0,-2.71949148178,-1.44675576687,-0.183588638902,-2.71949148178,-1.44675576687,-0.183588638902
229,2,141,13,2,0,28.25,1,18,1,1,1,1,,-1.24244618416,-0.696367621422,-0.153356075287,-2.71949148178,-1.44675576687,-0.183588638902
230,1,142,13,2,1,3.49999976158,1,13,1,1,1,1,0,-2.63065695763,-1.80999100208,-1.11728680134,-2.63065695763,-1.80999100208,-1.11728680134
230,2,142,13,2,1,3.49999976158,1,25,1,1,1,1,,-3.03217196465,-1.7210341692,-0.00485017336905,-2.63065695763,-1.80999100208,-1.11728680134
231,1,143,13,2,1,3.49999976158,0,48,1,1,1,1,0,-0.924476206303,-0.042747631669,-0.491817891598,-0.924476206303,-0.042747631669,-0.491817891598
231,2,143,13,2,1,3.49999976158,0,61,1,1,1,1,,-0.471466869116,0.361636847258,,-0.924476206303,-0.042747631669,-0.491817891598
232,1,144,13,2,1,3.49999976158,0,47,1,0,0,,,,,,,,
232,2,144,13,2,1,3.49999976158,0,60,1,1,0,,,-2.27969002724,0.137075707316,0.916210472584,,,
233,1,144,13,2,1,3.49999976158,1,10,1,1,1,1,0,-1.81629276276,-1.27617156506,-1.28623950481,-1.81629276276,-1.27617156506,-1.28623950481
233,2,144,13,2,1,3.49999976158,1,25,1,1,1,1,,-3.09317803383,-0.529407083988,-0.338994383812,-1.81629276276,-1.27617156506,-1.28623950481
234,1,145,13,2,1,3.49999976158,0,45,1,1,1,1,0,-2.61421084404,-1.45496594906,-0.665085852146,-2.61421084404,-1.45496594906,-0.665085852146
234,2,145,13,2,1,3.49999976158,0,60,1,1,1,1,,-2.80840611458,-1.74665951729,-1.18060433865,-2.61421084404,-1.45496594906,-0.665085852146
235,2,145,13,2,1,3.49999976158,1,4,1,0,0,,,,,,,,
236,1,146,13,2,1,3.49999976158,0,37,1,1,1,1,0,-1.18159532547,-0.074723161757,-0.301811337471,-1.18159532547,-0.074723161757,-0.301811337471
236,2,146,13,2,1,3.49999976158,0,50,1,1,1,1,,-1.04208028316,-0.295272439718,-0.535773873329,-1.18159532547,-0.074723161757,-0.301811337471
237,2,146,13,2,1,3.49999976158,0,8,1,1,0,,,-3.03755378723,-1.99106967449,-0.890504539013,,,
238,1,147,13,2,0,28.25,1,52,1,1,1,1,0,-1.70375025272,0.255806654692,0.493262171745,-1.70375025272,0.255806654692,0.493262171745
238,2,147,13,2,0,28.25,1,65,1,1,1,1,,-1.4421005249,0.123918563128,,-1.70375025272,0.255806654692,0.493262171745
239,1,147,13,2,0,28.25,0,5,1,0,0,,,,,,,,
239,2,147,13,2,0,28.25,0,18,1,1,0,,,-3.61800026894,-1.97232997417,-0.717221200466,,,
240,1,148,13,2,1,3.49999976158,0,26,1,1,1,1,0,-2.48967170715,-2.3809671402,-0.756662487984,-2.48967170715,-2.3809671402,-0.756662487984
240,2,148,13,2,1,3.49999976158,0,39,1,1,1,1,,-3.23030614853,-2.47362160683,-1.11563324928,-2.48967170715,-2.3809671402,-0.756662487984
241,2,149,13,2,0,28.25,0,48,1,1,0,,,-2.65311336517,-1.41103601456,-1.14526832104,,,
242,1,151,14,1,0,33,1,1,1,0,0,,,,,,,,
242,2,151,14,1,0,33,1,13,1,1,0,,,-1.83205926418,-0.612956821918,0.0884940847754,,,
243,1,152,14,1,1,1.5,0,33,1,1,1,1,0,-2.34980082512,-0.571068227291,-0.262987792492,-2.34980082512,-0.571068227291,-0.262987792492
243,2,152,14,1,1,1.5,0,46,1,1,1,1,,-2.01322364807,-0.779822707176,-0.48640537262,-2.34980082512,-0.571068227291,-0.262987792492
244,2,152,14,1,1,1.5,0,5,1,1,0,,,-0.190669879317,1.38264620304,,,,
245,1,153,14,1,1,1.5,1,84,1,0,0,,,,,,,,
245,2,153,14,1,1,1.5,1,72,1,0,0,,,,,,,,
246,1,154,14,1,0,33,1,56,1,1,1,1,0,-0.960519075394,-0.0369273088872,0.0953900739551,-0.960519075394,-0.0369273088872,0.0953900739551
246,2,154,14,1,0,33,1,69,1,1,1,1,,-0.818934857845,-0.217729002237,,-0.960519075394,-0.0369273088872,0.0953900739551
247,1,156,14,1,1,1.5,0,13,1,1,1,0,1,-0.440477311611,-0.59596735239,-0.336685538292,-0.440477311611,-0.59596735239,-0.336685538292
248,1,157,14,1,1,1.5,0,51,1,1,1,1,0,-3.81032705307,-1.06219947338,-0.957684278488,-3.81032705307,-1.06219947338,-0.957684278488
248,2,157,14,1,1,1.5,0,64,1,1,1,1,,-4.00612449646,-1.60031569004,,-3.81032705307,-1.06219947338,-0.957684278488
249,1,157,14,1,1,1.5,1,5,1,1,1,1,0,-0.870448410511,-1.56121075153,,-0.870448410511,-1.56121075153,
249,2,157,14,1,1,1.5,1,19,1,1,1,1,,-2.47386980057,-1.11737763882,0.0108235161752,-0.870448410511,-1.56121075153,
250,1,158,14,1,1,1.5,1,11,1,1,1,1,0,-1.29761183262,-2.23046088219,-1.5235748291,-1.29761183262,-2.23046088219,-1.5235748291
250,2,158,14,1,1,1.5,1,24,1,1,1,1,,-1.53899645805,-1.23670947552,-1.16108179092,-1.29761183262,-2.23046088219,-1.5235748291
251,1,159,14,1,1,1.5,0,31,1,1,1,1,0,0.93576002121,0.185948297381,-0.108602508903,0.93576002121,0.185948297381,-0.108602508903
251,2,159,14,1,1,1.5,0,44,1,1,1,1,,0.448274850845,-0.124612279236,-0.520358502865,0.93576002121,0.185948297381,-0.108602508903
252,1,160,14,1,1,1.5,1,50,1,1,1,1,0,-3.15921187401,-0.615273296833,-0.241002038121,-3.15921187401,-0.615273296833,-0.241002038121
252,2,160,14,1,1,1.5,1,63,1,1,1,1,,-1.59038758278,-0.363262087107,,-3.15921187401,-0.615273296833,-0.241002038121
253,1,161,14,1,1,1.5,1,19,1,1,1,1,0,1.41551947594,1.65253734589,1.75709688663,1.41551947594,1.65253734589,1.75709688663
253,2,161,14,1,1,1.5,1,33,1,1,1,1,,-0.673655390739,0.95606982708,1.21734857559,1.41551947594,1.65253734589,1.75709688663
254,1,162,15,3,1,3.375,1,22,1,1,1,1,0,-1.87616324425,-0.118828088045,0.93300485611,-1.87616324425,-0.118828088045,0.93300485611
254,2,162,15,3,1,3.375,1,35,1,1,1,1,,-1.71459186077,-0.15098194778,0.92133128643,-1.87616324425,-0.118828088045,0.93300485611
255,1,163,15,3,0,25,0,65,1,0,0,,,,,,,,
255,2,163,15,3,0,25,0,72,1,0,0,,,,,,,,
256,1,163,15,3,0,25,0,30,1,1,1,1,0,-0.171122059226,0.801576197147,0.417975574732,-0.171122059226,0.801576197147,0.417975574732
256,2,163,15,3,0,25,0,42,1,1,1,1,,-0.239968523383,0.413624733686,0.923712015152,-0.171122059226,0.801576197147,0.417975574732
257,1,165,15,3,1,3.375,1,68,1,0,0,,,,,,,,
257,2,165,15,3,1,3.375,1,72,1,0,0,,,,,,,,
258,1,165,15,3,1,3.375,0,25,1,1,1,1,0,-1.24263191223,-2.14409995079,-2.13894033432,-1.24263191223,-2.14409995079,-2.13894033432
258,2,165,15,3,1,3.375,0,38,1,1,1,1,,-2.32379627228,-1.18523955345,-0.873527050018,-1.24263191223,-2.14409995079,-2.13894033432
259,1,167,15,3,0,25,0,17,1,1,1,1,0,-2.25279808044,-1.14616549015,-0.453788876534,-2.25279808044,-1.14616549015,-0.453788876534
259,2,167,15,3,0,25,0,30,1,1,1,1,,-2.54984545708,-1.08370125294,-0.887084960938,-2.25279808044,-1.14616549015,-0.453788876534
260,2,168,15,3,1,3.375,1,39,1,1,0,,,-0.250960290432,0.256164997816,-0.93687069416,,,
261,1,169,15,3,1,3.375,0,2,1,1,1,1,0,-0.0624357797205,-0.0108830332756,,-0.0624357797205,-0.0108830332756,
261,2,169,15,3,1,3.375,0,16,1,1,1,1,,-3.93177103996,-3.18162441254,-1.70238995552,-0.0624357797205,-0.0108830332756,
262,1,170,15,3,1,3.375,1,39,1,1,1,0,1,-2.49779129028,-0.721173048019,-1.01901710033,-2.49779129028,-0.721173048019,-1.01901710033
263,1,171,15,3,1,3.375,0,33,1,1,1,1,0,-0.848033249378,0.184796124697,-0.0163274854422,-0.848033249378,0.184796124697,-0.0163274854422
263,2,171,15,3,1,3.375,0,46,1,1,1,1,,-0.787321507931,0.502256333828,0.278256297112,-0.848033249378,0.184796124697,-0.0163274854422
264,1,172,15,3,1,3.375,0,55,1,1,1,1,0,-2.94690394402,-1.90255093575,-1.45484817028,-2.94690394402,-1.90255093575,-1.45484817028
264,2,172,15,3,1,3.375,0,69,1,1,1,1,,-3.18401622772,-2.2856400013,,-2.94690394402,-1.90255093575,-1.45484817028
265,1,173,15,3,0,25,0,29,1,1,1,1,0,-1.26350224018,-0.760449528694,0.218891918659,-1.26350224018,-0.760449528694,0.218891918659
265,2,173,15,3,0,25,0,42,1,1,1,1,,-1.21093904972,-0.72016197443,0.269378244877,-1.26350224018,-0.760449528694,0.218891918659
266,1,174,16,2,1,1.5,0,32,1,0,0,,,,,,,,
266,2,174,16,2,1,1.5,0,45,1,1,0,,,-3.34932422638,-0.889539122581,0.557768762112,,,
267,1,175,16,2,1,1.5,1,60,1,0,0,,,,,,,,
267,2,175,16,2,1,1.5,1,72,1,0,0,,,,,,,,
268,1,175,16,2,1,1.5,1,29,1,0,0,,,,,,,,
268,2,175,16,2,1,1.5,1,42,1,1,0,,,-3.22072863579,-1.81074237823,-0.679936349392,,,
269,1,176,16,2,1,1.5,0,68,1,0,0,,,,,,,,
269,2,176,16,2,1,1.5,0,72,1,0,0,,,,,,,,
270,1,176,16,2,1,1.5,0,18,1,1,1,1,0,-0.707642972469,0.481705069542,0.968139827251,-0.707642972469,0.481705069542,0.968139827251
270,2,176,16,2,1,1.5,0,30,1,1,1,1,,-1.0668129921,0.238976225257,0.0544095821679,-0.707642972469,0.481705069542,0.968139827251
271,1,178,16,2,0,37,0,60,1,0,0,,,,,,,,
271,2,178,16,2,0,37,0,72,1,0,0,,,,,,,,
272,1,178,16,2,0,37,0,23,1,1,1,1,0,-2.66801071167,-2.02107000351,-1.16301906109,-2.66801071167,-2.02107000351,-1.16301906109
272,2,178,16,2,0,37,0,35,1,1,1,1,,-3.17545628548,-1.74478697777,-1.59954977036,-2.66801071167,-2.02107000351,-1.16301906109
273,1,178,16,2,0,37,0,2,1,1,1,1,0,-0.487335473299,-0.365520656109,,-0.487335473299,-0.365520656109,
273,2,178,16,2,0,37,0,15,1,1,1,1,,-1.81631052494,-1.30234766006,-0.346026569605,-0.487335473299,-0.365520656109,
274,1,179,16,2,0,37,0,68,1,0,0,,,,,,,,
274,2,179,16,2,0,37,0,72,1,0,0,,,,,,,,
275,1,180,16,2,1,1.5,1,41,1,0,0,,,,,,,,
275,2,180,16,2,1,1.5,1,54,1,1,0,,,-1.19599890709,-0.662940919399,-0.906418144703,,,
276,1,180,16,2,1,1.5,1,19,1,1,1,1,0,-2.45696926117,-0.188896626234,-0.824343383312,-2.45696926117,-0.188896626234,-0.824343383312
276,2,180,16,2,1,1.5,1,32,1,1,1,1,,-1.39018309116,-0.490943640471,-1.10323309898,-2.45696926117,-0.188896626234,-0.824343383312
277,1,181,16,2,1,1.5,1,36,1,1,1,1,0,0.170309588313,0.644548654556,-0.42472115159,0.170309588313,0.644548654556,-0.42472115159
277,2,181,16,2,1,1.5,1,52,1,1,1,1,,-0.986326098442,0.114287406206,-0.483452618122,0.170309588313,0.644548654556,-0.42472115159
278,1,181,16,2,1,1.5,0,16,1,0,0,,,,,,,,
278,2,181,16,2,1,1.5,0,29,1,1,0,,,-1.60677814484,-0.724861681461,-1.39560031891,,,
279,1,182,16,2,1,1.5,1,35,1,1,1,1,0,-1.15663862228,-0.245183289051,0.00452986266464,-1.15663862228,-0.245183289051,0.00452986266464
279,2,182,16,2,1,1.5,1,48,1,1,1,1,,-1.08675038815,-0.611120164394,-0.28068614006,-1.15663862228,-0.245183289051,0.00452986266464
280,1,183,16,2,1,1.5,1,52,1,1,1,1,0,-1.06479239464,-0.308037400246,-1.03100287914,-1.06479239464,-0.308037400246,-1.03100287914
280,2,183,16,2,1,1.5,1,65,1,1,1,1,,-1.08512330055,-0.313596576452,,-1.06479239464,-0.308037400246,-1.03100287914
281,1,184,16,2,1,1.5,0,34,1,1,1,1,0,-2.10498666763,-1.79030430317,-0.632713496685,-2.10498666763,-1.79030430317,-0.632713496685
281,2,184,16,2,1,1.5,0,47,1,1,1,1,,-2.4809088707,-1.72046208382,-1.20948672295,-2.10498666763,-1.79030430317,-0.632713496685
282,1,185,16,2,0,37,1,42,1,1,1,1,0,-0.884158790112,-0.0113460049033,-0.563575804234,-0.884158790112,-0.0113460049033,-0.563575804234
282,2,185,16,2,0,37,1,55,1,1,1,1,,-0.946677982807,-0.491612970829,-0.509592592716,-0.884158790112,-0.0113460049033,-0.563575804234
283,2,185,16,2,0,37,1,8,1,0,0,,,,,,,,
284,1,186,17,2,1,3.375,1,41,1,1,1,1,0,-2.83362936974,-1.28679764271,-0.764062583447,-2.83362936974,-1.28679764271,-0.764062583447
284,2,186,17,2,1,3.375,1,54,1,1,1,1,,-2.54086041451,-1.39070761204,-0.37346509099,-2.83362936974,-1.28679764271,-0.764062583447
285,1,186,17,2,1,3.375,1,18,1,1,1,1,0,-1.96561837196,-1.32641851902,-0.682846844196,-1.96561837196,-1.32641851902,-0.682846844196
285,2,186,17,2,1,3.375,1,31,1,1,1,1,,-1.78666961193,-1.17363226414,-1.32627189159,-1.96561837196,-1.32641851902,-0.682846844196
286,1,187,17,2,1,3.375,0,62,1,0,0,,,,,,,,
286,2,187,17,2,1,3.375,0,72,1,0,0,,,,,,,,
287,1,187,17,2,1,3.375,0,16,1,1,1,1,0,-2.7322704792,-1.93702673912,-0.421259701252,-2.7322704792,-1.93702673912,-0.421259701252
287,2,187,17,2,1,3.375,0,30,1,1,1,1,,-2.82883071899,,-0.753989875317,-2.7322704792,-1.93702673912,-0.421259701252
288,1,188,17,2,0,36.5,0,56,1,1,1,1,0,-0.483379393816,-0.430351763964,-1.90870177746,-0.483379393816,-0.430351763964,-1.90870177746
288,2,188,17,2,0,36.5,0,70,1,1,1,1,,-0.381062030792,-0.168228954077,,-0.483379393816,-0.430351763964,-1.90870177746
289,1,189,17,2,0,36.5,0,15,1,1,1,0,1,-1.4408608675,,1.47185277939,-1.4408608675,,1.47185277939
290,1,190,17,2,1,3.375,0,33,1,1,1,1,0,-1.08663332462,-1.39198744297,-1.21827924252,-1.08663332462,-1.39198744297,-1.21827924252
290,2,190,17,2,1,3.375,0,48,1,1,1,1,,-1.93781530857,-1.74608719349,-2.2178504467,-1.08663332462,-1.39198744297,-1.21827924252
291,2,190,17,2,1,3.375,0,2,1,1,0,,,-0.71228313446,0.232951059937,,,,
292,1,191,17,2,1,3.375,1,35,1,1,1,1,0,-2.75079202652,-1.61040937901,-2.30890727043,-2.75079202652,-1.61040937901,-2.30890727043
292,2,191,17,2,1,3.375,1,48,1,1,1,1,,-3.10647344589,-1.24741148949,-1.54039442539,-2.75079202652,-1.61040937901,-2.30890727043
293,2,191,17,2,1,3.375,1,4,1,1,0,,,-1.88957631588,-1.19379556179,,,,
294,1,192,17,2,1,3.375,0,60,1,1,1,1,0,-0.639594078064,-1.42775785923,-2.34428954124,-0.639594078064,-1.42775785923,-2.34428954124
294,2,192,17,2,1,3.375,0,73,1,1,1,1,,-0.492879897356,-1.73441326618,,-0.639594078064,-1.42775785923,-2.34428954124
295,1,192,17,2,1,3.375,0,36,1,1,1,1,0,-1.2364783287,-1.08733189106,-0.110796190798,-1.2364783287,-1.08733189106,-0.110796190798
295,2,192,17,2,1,3.375,0,49,1,1,1,1,,-0.907173931599,-1.2559876442,-0.435510277748,-1.2364783287,-1.08733189106,-0.110796190798
296,1,192,17,2,1,3.375,0,1,1,1,1,1,0,1.24610507488,0.784350395203,,1.24610507488,0.784350395203,
296,2,192,17,2,1,3.375,0,14,1,1,1,1,,-0.827392756939,0.997426271439,1.87292575836,1.24610507488,0.784350395203,
297,1,193,17,2,1,3.375,1,65,1,0,0,,,,,,,,
297,2,193,17,2,1,3.375,1,72,1,0,0,,,,,,,,
298,1,193,17,2,1,3.375,1,36,1,1,1,1,0,-0.276145964861,0.137912705541,-0.266971200705,-0.276145964861,0.137912705541,-0.266971200705
298,2,193,17,2,1,3.375,1,50,1,1,1,1,,-0.525034248829,0.02066241391,-0.136225238442,-0.276145964861,0.137912705541,-0.266971200705
299,1,194,17,2,1,3.375,1,55,1,1,1,1,0,-1.02320790291,-0.68830114603,-0.900302946568,-1.02320790291,-0.68830114603,-0.900302946568
299,2,194,17,2,1,3.375,1,68,1,1,1,1,,-0.885397076607,-0.293581575155,,-1.02320790291,-0.68830114603,-0.900302946568
300,1,194,17,2,1,3.375,0,29,1,1,1,1,0,-1.95005643368,-1.44424855709,-1.07220959663,-1.95005643368,-1.44424855709,-1.07220959663
300,2,194,17,2,1,3.375,0,43,1,1,1,1,,-2.14754223824,-1.33019268513,-0.867532849312,-1.95005643368,-1.44424855709,-1.07220959663
301,2,194,17,2,1,3.375,1,11,1,1,0,,,-2.44804668427,-1.0923293829,-0.627926707268,,,
302,1,195,17,2,1,3.375,1,29,1,1,1,1,0,-3.7344148159,-1.90633487701,-1.3211183548,-3.7344148159,-1.90633487701,-1.3211183548
302,2,195,17,2,1,3.375,1,42,1,1,1,1,,-4.0446767807,-2.04661202431,-1.24154865742,-3.7344148159,-1.90633487701,-1.3211183548
303,2,195,17,2,1,3.375,0,12,1,1,0,,,-3.66074109077,-2.74144530296,-2.95972418785,,,
304,1,198,18,3,0,43,1,56,1,1,1,0,1,-0.461694210768,0.643745422363,0.22396466136,-0.461694210768,0.643745422363,0.22396466136
304,2,198,18,3,0,43,1,70,1,0,1,0,,,,,-0.461694210768,0.643745422363,0.22396466136
305,1,199,18,3,0,43,1,24,1,1,1,1,0,-2.87178349495,-1.42728090286,0.0169382337481,-2.87178349495,-1.42728090286,0.0169382337481
305,2,199,18,3,0,43,1,37,1,1,1,1,,-3.09919977188,-1.58602249622,-0.702674806118,-2.87178349495,-1.42728090286,0.0169382337481
306,1,200,18,3,1,6.875,0,37,1,1,1,1,0,-1.80787944794,-0.818759560585,-1.51404440403,-1.80787944794,-0.818759560585,-1.51404440403
306,2,200,18,3,1,6.875,0,50,1,1,1,1,,-1.44041907787,-0.266194283962,-0.814772069454,-1.80787944794,-0.818759560585,-1.51404440403
307,2,200,18,3,1,6.875,1,6,1,1,0,,,-3.60972118378,-3.44565272331,-2.95972418785,,,
308,1,201,18,3,1,6.875,1,37,1,1,1,1,0,-2.54113292694,-1.11873221397,-0.866187512875,-2.54113292694,-1.11873221397,-0.866187512875
308,2,201,18,3,1,6.875,1,50,1,1,1,1,,-2.1101038456,-1.16079807281,-1.55581057072,-2.54113292694,-1.11873221397,-0.866187512875
309,1,201,18,3,1,6.875,0,20,1,1,1,1,0,-2.71845459938,-0.984492361546,-0.657069981098,-2.71845459938,-0.984492361546,-0.657069981098
309,2,201,18,3,1,6.875,0,34,1,1,1,1,,-2.53411364555,-1.4615380764,-1.90263044834,-2.71845459938,-0.984492361546,-0.657069981098
310,1,202,18,3,1,6.875,0,54,1,1,1,1,0,-2.22354221344,-0.862849771976,-1.01937460899,-2.22354221344,-0.862849771976,-1.01937460899
310,2,202,18,3,1,6.875,0,67,1,1,1,1,,-2.63333368301,-1.53856635094,,-2.22354221344,-0.862849771976,-1.01937460899
311,1,202,18,3,1,6.875,0,16,1,1,1,1,0,-4.55087041855,-3.8929309845,-3.11805677414,-4.55087041855,-3.8929309845,-3.11805677414
311,2,202,18,3,1,6.875,0,29,1,1,1,1,,-4.47712230682,-3.29445624352,-2.02131938934,-4.55087041855,-3.8929309845,-3.11805677414
312,1,203,18,3,0,43,0,7,1,1,1,1,0,-1.68787336349,-2.34647035599,-1.49327981472,-1.68787336349,-2.34647035599,-1.49327981472
312,2,203,18,3,0,43,0,20,1,1,1,1,,-1.4746516943,-2.48960447311,-1.9018137455,-1.68787336349,-2.34647035599,-1.49327981472
313,1,204,18,3,1,6.875,0,45,1,1,1,1,0,-2.22214889526,-0.754769325256,-0.746952772141,-2.22214889526,-0.754769325256,-0.746952772141
313,2,204,18,3,1,6.875,0,58,1,1,1,1,,-2.28404140472,-1.00527310371,-1.51304256916,-2.22214889526,-0.754769325256,-0.746952772141
314,1,204,18,3,1,6.875,0,20,1,1,1,1,0,-4.38870573044,-3.40599036217,-1.70228326321,-4.38870573044,-3.40599036217,-1.70228326321
314,2,204,18,3,1,6.875,0,32,1,1,1,1,,-4.39236354828,-1.13320839405,-0.145495951176,-4.38870573044,-3.40599036217,-1.70228326321
315,1,205,18,3,1,6.875,1,19,1,1,1,1,0,-3.97816491127,-2.02595329285,-0.553395688534,-3.97816491127,-2.02595329285,-0.553395688534
315,2,205,18,3,1,6.875,1,31,1,1,1,1,,-3.75695443153,-2.34280228615,-0.632816255093,-3.97816491127,-2.02595329285,-0.553395688534
316,1,206,18,3,1,6.875,1,66,1,0,0,,,,,,,,
316,2,206,18,3,1,6.875,1,72,1,0,0,,,,,,,,
317,1,206,18,3,1,6.875,1,25,1,1,1,1,0,-3.12368106842,-2.22680354118,-1.93927311897,-3.12368106842,-2.22680354118,-1.93927311897
317,2,206,18,3,1,6.875,1,38,1,1,1,1,,-3.45681142807,-2.16823935509,-1.62467896938,-3.12368106842,-2.22680354118,-1.93927311897
318,2,206,18,3,1,6.875,0,1,1,1,0,,,-0.397832095623,0.597626805305,,,,
319,1,207,18,3,1,6.875,1,56,1,1,1,1,0,1.05646634102,0.942330121994,-0.10087646544,1.05646634102,0.942330121994,-0.10087646544
319,2,207,18,3,1,6.875,1,70,1,1,1,1,,1.13546621799,1.26058971882,,1.05646634102,0.942330121994,-0.10087646544
320,1,207,18,3,1,6.875,1,15,1,1,1,1,0,-1.22659957409,-1.09388923645,-0.54935002327,-1.22659957409,-1.09388923645,-0.54935002327
320,2,207,18,3,1,6.875,1,28,1,1,1,1,,-0.626710951328,-0.575699210167,-1.26698613167,-1.22659957409,-1.09388923645,-0.54935002327
321,2,207,18,3,1,6.875,0,2,1,1,0,,,1.15755546093,0.553762853146,,,,
322,1,209,18,3,1,6.875,1,27,1,1,1,1,0,-1.04488241673,-0.203067466617,-0.677133262157,-1.04488241673,-0.203067466617,-0.677133262157
322,2,209,18,3,1,6.875,1,40,1,1,1,1,,-1.55709195137,-0.37536919117,-0.809483289719,-1.04488241673,-0.203067466617,-0.677133262157
323,2,209,18,3,1,6.875,0,5,1,1,0,,,-2.65335011482,-1.70767915249,,,,
324,1,210,19,1,1,2.25,0,56,1,0,0,,,,,,,,
324,2,210,19,1,1,2.25,0,69,1,1,0,,,-3.16334271431,-1.93329334259,,,,
325,1,211,19,1,0,24.5,0,34,1,1,1,1,0,-3.11550974846,-0.802661299706,0.111556835473,-3.11550974846,-0.802661299706,0.111556835473
325,2,211,19,1,0,24.5,0,48,1,1,1,1,,-2.89154624939,-1.02968204021,-0.374196022749,-3.11550974846,-0.802661299706,0.111556835473
326,1,211,19,1,0,24.5,0,6,1,1,1,1,0,-2.72094225883,-1.74203872681,-0.792236328125,-2.72094225883,-1.74203872681,-0.792236328125
326,2,211,19,1,0,24.5,0,19,1,1,1,1,,-3.19086480141,-1.65580499172,0.264767318964,-2.72094225883,-1.74203872681,-0.792236328125
327,1,212,19,1,1,2.25,0,59,1,1,1,1,0,-2.67894697189,-2.10482287407,-1.87649548054,-2.67894697189,-2.10482287407,-1.87649548054
327,2,212,19,1,1,2.25,0,72,1,1,1,1,,-2.95344495773,-2.53909993172,,-2.67894697189,-2.10482287407,-1.87649548054
328,2,212,19,1,1,2.25,1,51,1,1,0,,,-1.43097627163,-0.464039236307,-0.558400511742,,,
329,1,213,19,1,1,2.25,0,24,1,1,1,1,0,-3.94941282272,-1.76939916611,-0.13156786561,-3.94941282272,-1.76939916611,-0.13156786561
329,2,213,19,1,1,2.25,0,37,1,1,1,1,,-3.7800014019,-1.79796135426,-0.80433255434,-3.94941282272,-1.76939916611,-0.13156786561
330,2,213,19,1,1,2.25,1,44,1,1,0,,,-2.0025343895,0.0854806229472,0.988043665886,,,
331,1,214,19,1,1,2.25,0,34,1,1,1,1,0,-1.70354700089,-0.82904624939,-0.13085719943,-1.70354700089,-0.82904624939,-0.13085719943
331,2,214,19,1,1,2.25,0,47,1,1,1,1,,-1.75918984413,-0.9582285285,-0.750444531441,-1.70354700089,-0.82904624939,-0.13085719943
332,1,215,19,1,1,2.25,1,19,1,1,1,1,0,-2.20343661308,-2.19720816612,-0.916221857071,-2.20343661308,-2.19720816612,-0.916221857071
332,2,215,19,1,1,2.25,1,32,1,1,1,1,,-1.7900878191,-1.85028600693,-1.01642751694,-2.20343661308,-2.19720816612,-0.916221857071
333,1,216,19,1,1,2.25,1,40,1,1,1,1,0,-1.85850000381,-0.920058369637,-0.729594111443,-1.85850000381,-0.920058369637,-0.729594111443
333,2,216,19,1,1,2.25,1,53,1,1,1,1,,-1.60395348072,-0.70208376646,-0.134859666228,-1.85850000381,-0.920058369637,-0.729594111443
334,2,216,19,1,1,2.25,1,5,1,1,0,,,-1.70477235317,-0.964719355106,,,,
335,1,217,19,1,0,24.5,0,67,1,0,0,,,,,,,,
335,2,217,19,1,0,24.5,0,72,1,0,0,,,,,,,,
336,1,217,19,1,0,24.5,0,42,1,1,1,1,0,-0.870469152927,0.453172504902,0.638333380222,-0.870469152927,0.453172504902,0.638333380222
336,2,217,19,1,0,24.5,0,56,1,1,1,1,,-0.951230108738,0.17811742425,-0.0659347251058,-0.870469152927,0.453172504902,0.638333380222
337,1,219,19,1,1,2.25,1,19,1,1,1,1,0,-2.10202240944,-0.688355445862,0.384385347366,-2.10202240944,-0.688355445862,0.384385347366
337,2,219,19,1,1,2.25,1,34,1,1,1,1,,-2.60699033737,-1.21236145496,-0.428181141615,-2.10202240944,-0.688355445862,0.384385347366
338,1,221,19,1,1,2.25,0,4,1,0,0,,,,,,,,
338,2,221,19,1,1,2.25,0,65,1,1,0,,,-0.655285477638,-0.322465062141,,,,
339,1,221,19,1,1,2.25,1,17,1,0,0,,,,,,,,
339,2,221,19,1,1,2.25,1,31,1,1,0,,,-1.18580460548,-1.61139023304,-1.06082606316,,,
340,1,222,20,3,0,27.5,0,120,1,0,0,,,,,,,,
340,2,222,20,3,0,27.5,0,39,1,1,0,,,-1.10841059685,-1.10726380348,-0.355816155672,,,
341,1,222,20,3,0,27.5,1,25,1,0,0,,,,,,,,
341,2,222,20,3,0,27.5,1,39,1,0,0,,,,,,,,
342,1,223,20,3,1,3.875,1,23,1,1,1,1,0,-0.652309656143,-1.78296804428,-1.9137083292,-0.652309656143,-1.78296804428,-1.9137083292
342,2,223,20,3,1,3.875,1,36,1,1,1,1,,-1.0771420002,-1.6276704073,-1.78219509125,-0.652309656143,-1.78296804428,-1.9137083292
343,2,223,20,3,1,3.875,0,5,1,0,0,,,,,,,,
344,1,224,20,3,1,3.875,1,58,1,1,1,1,0,-2.03086423874,-0.910974979401,-0.845581889153,-2.03086423874,-0.910974979401,-0.845581889153
344,2,224,20,3,1,3.875,1,71,1,1,1,1,,-1.73750424385,-0.765034258366,,-2.03086423874,-0.910974979401,-0.845581889153
345,1,224,20,3,1,3.875,0,20,1,1,1,1,0,-3.66019153595,-1.96589839458,-0.657069981098,-3.66019153595,-1.96589839458,-0.657069981098
345,2,224,20,3,1,3.875,0,34,1,1,1,1,,-3.35083866119,-1.54788720608,-0.892657637596,-3.66019153595,-1.96589839458,-0.657069981098
346,2,224,20,3,1,3.875,0,3,1,0,0,,,,,,,,
347,1,225,20,3,1,3.875,1,23,1,1,1,1,0,-2.51136302948,-1.68910217285,-1.33229923248,-2.51136302948,-1.68910217285,-1.33229923248
347,2,225,20,3,1,3.875,1,36,1,1,1,1,,-2.28519797325,-1.27243888378,-1.08117258549,-2.51136302948,-1.68910217285,-1.33229923248
348,1,226,20,3,1,3.875,1,45,1,1,1,1,0,-1.99931228161,-1.59167659283,-1.37329375744,-1.99931228161,-1.59167659283,-1.37329375744
348,2,226,20,3,1,3.875,1,59,1,1,1,1,,-2.14954900742,-1.45104885101,-0.874193668365,-1.99931228161,-1.59167659283,-1.37329375744
349,1,226,20,3,1,3.875,1,9,1,1,1,1,0,-0.162890434265,0.382761627436,0.362897336483,-0.162890434265,0.382761627436,0.362897336483
349,2,226,20,3,1,3.875,1,24,1,1,1,1,,-1.56999337673,-0.419852733612,-0.753659546375,-0.162890434265,0.382761627436,0.362897336483
350,1,227,20,3,1,3.875,0,63,1,0,0,,,,,,,,
350,2,227,20,3,1,3.875,0,72,1,0,0,,,,,,,,
351,1,227,20,3,1,3.875,1,4,1,1,1,1,0,0.143269643188,-0.795987069607,-0.522399008274,0.143269643188,-0.795987069607,-0.522399008274
351,2,227,20,3,1,3.875,1,15,1,1,1,1,,-1.42738926411,-1.70958542824,-1.88633322716,0.143269643188,-0.795987069607,-0.522399008274
352,1,228,20,3,0,27.5,0,55,1,1,1,1,0,-1.58787941933,0.0855175107718,-1.71339297295,-1.58787941933,0.0855175107718,-1.71339297295
352,2,228,20,3,0,27.5,0,67,1,1,1,1,,-1.78542518616,-1.40587425232,,-1.58787941933,0.0855175107718,-1.71339297295
353,1,229,20,3,1,3.875,0,18,1,1,1,1,0,-1.18961131573,0.497296690941,0.472035288811,-1.18961131573,0.497296690941,0.472035288811
353,2,229,20,3,1,3.875,0,31,1,1,1,1,,-0.798788309097,0.556906998158,1.21741569042,-1.18961131573,0.497296690941,0.472035288811
354,1,229,20,3,1,3.875,1,56,1,1,1,1,0,-0.906299054623,-0.0290142055601,-0.64541888237,-0.906299054623,-0.0290142055601,-0.64541888237
354,2,229,20,3,1,3.875,1,69,1,1,1,1,,-0.56035643816,0.35030952096,,-0.906299054623,-0.0290142055601,-0.64541888237
355,1,230,20,3,0,27.5,1,72,1,0,0,,,,,,,,
355,2,230,20,3,0,27.5,1,72,1,0,0,,,,,,,,
356,1,230,20,3,0,27.5,1,45,1,1,1,1,0,-1.03234255314,-0.621400773525,-0.5869358778,-1.03234255314,-0.621400773525,-0.5869358778
356,2,230,20,3,0,27.5,1,55,1,1,1,1,,-1.05600678921,-0.883084237576,-0.973111689091,-1.03234255314,-0.621400773525,-0.5869358778
357,1,230,20,3,0,27.5,1,23,1,1,1,1,0,-1.97570407391,-1.04153847694,-0.087613850832,-1.97570407391,-1.04153847694,-0.087613850832
357,2,230,20,3,0,27.5,1,37,1,1,1,1,,-2.91750383377,-1.25928914547,-0.150155156851,-1.97570407391,-1.04153847694,-0.087613850832
358,1,232,20,3,1,3.875,1,20,1,1,1,1,0,-2.15859079361,-1.59675300121,-1.25076603889,-2.15859079361,-1.59675300121,-1.25076603889
358,2,232,20,3,1,3.875,1,31,1,1,1,1,,-2.1919066906,-0.525616526604,0.0959124341607,-2.15859079361,-1.59675300121,-1.25076603889
359,1,233,20,3,1,3.875,0,13,1,1,1,1,0,-4.7622551918,-3.8929309845,-3.11805677414,-4.7622551918,-3.8929309845,-3.11805677414
359,2,233,20,3,1,3.875,0,23,1,1,1,1,,-4.30400466919,-3.44565272331,-2.19252610207,-4.7622551918,-3.8929309845,-3.11805677414
360,1,233,20,3,1,3.875,1,2,1,1,1,1,0,1.17019319534,1.54885196686,,1.17019319534,1.54885196686,
360,2,233,20,3,1,3.875,1,15,1,1,1,1,,-1.2266023159,0.921686768532,,1.17019319534,1.54885196686,
361,1,234,21,4,0,36.75,1,4,1,1,1,1,0,-0.942455589771,-0.523444056511,-0.427975356579,-0.942455589771,-0.523444056511,-0.427975356579
361,2,234,21,4,0,36.75,1,17,1,1,1,1,,-0.955060482025,0.00599740166217,0.638095676899,-0.942455589771,-0.523444056511,-0.427975356579
362,1,234,21,4,0,36.75,0,4,1,1,1,1,0,-2.37220239639,-2.00211048126,-0.300311148167,-2.37220239639,-2.00211048126,-0.300311148167
362,2,234,21,4,0,36.75,0,17,1,1,1,1,,-2.87766361237,-2.07666134834,-0.914528787136,-2.37220239639,-2.00211048126,-0.300311148167
363,1,235,21,4,1,7.75,0,43,1,1,1,1,0,-3.29643011093,-1.6590514183,-1.20934474468,-3.29643011093,-1.6590514183,-1.20934474468
363,2,235,21,4,1,7.75,0,57,1,1,1,1,,-3.24229001999,-1.997382164,-1.45148968697,-3.29643011093,-1.6590514183,-1.20934474468
364,1,236,21,4,1,7.75,1,57,1,1,1,1,0,-0.714996218681,-0.647609710693,-0.8164960742,-0.714996218681,-0.647609710693,-0.8164960742
364,2,236,21,4,1,7.75,1,70,1,1,1,1,,-0.317598164082,-0.50368720293,,-0.714996218681,-0.647609710693,-0.8164960742
365,1,236,21,4,1,7.75,1,33,1,1,1,1,0,-0.823421895504,0.138050019741,-0.388346552849,-0.823421895504,0.138050019741,-0.388346552849
365,2,236,21,4,1,7.75,1,45,1,1,1,1,,-0.268315196037,0.572004497051,0.211238950491,-0.823421895504,0.138050019741,-0.388346552849
366,1,236,21,4,1,7.75,0,2,1,1,1,1,0,-0.212400257587,0.498692333698,,-0.212400257587,0.498692333698,
366,2,236,21,4,1,7.75,0,15,1,1,1,1,,-0.887564301491,-0.133814319968,-0.482137024403,-0.212400257587,0.498692333698,
367,1,237,21,4,1,7.75,1,41,1,1,1,1,0,-2.46083235741,-1.44103646278,-0.685107290745,-2.46083235741,-1.44103646278,-0.685107290745
367,2,237,21,4,1,7.75,1,54,1,1,1,1,,-2.3314139843,-1.59425354004,-1.31718707085,-2.46083235741,-1.44103646278,-0.685107290745
368,1,237,21,4,1,7.75,1,41,1,1,1,1,0,-3.26855921745,-2.21762776375,-1.08621692657,-3.26855921745,-2.21762776375,-1.08621692657
368,2,237,21,4,1,7.75,1,54,1,1,1,1,,-2.35346055031,-2.30864238739,-1.50990498066,-3.26855921745,-2.21762776375,-1.08621692657
369,1,238,21,4,1,7.75,0,26,1,1,1,1,0,-1.02543663979,-0.815920174122,-1.12172687054,-1.02543663979,-0.815920174122,-1.12172687054
369,2,238,21,4,1,7.75,0,39,1,1,1,1,,-0.913144230843,-1.01257157326,-1.56323194504,-1.02543663979,-0.815920174122,-1.12172687054
370,1,239,21,4,1,7.75,1,34,1,1,1,1,0,-1.98848044872,-0.868020832539,-1.00853419304,-1.98848044872,-0.868020832539,-1.00853419304
370,2,239,21,4,1,7.75,1,47,1,1,1,1,,-2.28102135658,-0.227339267731,-0.140026077628,-1.98848044872,-0.868020832539,-1.00853419304
371,1,240,21,4,0,36.75,1,32,1,1,1,1,0,-1.69355714321,-1.01547777653,-0.346822440624,-1.69355714321,-1.01547777653,-0.346822440624
371,2,240,21,4,0,36.75,1,45,1,1,1,1,,-1.52179586887,-0.880782663822,-0.5869358778,-1.69355714321,-1.01547777653,-0.346822440624
372,1,241,21,4,0,36.75,0,29,1,1,1,1,0,-2.05453181267,-0.424992799759,-0.802073180676,-2.05453181267,-0.424992799759,-0.802073180676
372,2,241,21,4,0,36.75,0,42,1,1,1,1,,-1.47575008869,1.23778438568,1.20087742805,-2.05453181267,-0.424992799759,-0.802073180676
373,1,242,21,4,1,7.75,1,4,1,1,1,1,0,0.512877523899,-0.105756253004,0.557233452797,0.512877523899,-0.105756253004,0.557233452797
373,2,242,21,4,1,7.75,1,17,1,1,1,1,,-1.5517526865,-0.250102579594,0.0631840452552,0.512877523899,-0.105756253004,0.557233452797
374,1,243,21,4,1,7.75,1,51,1,1,1,1,0,-1.90581023693,-1.60073697567,-1.38553011417,-1.90581023693,-1.60073697567,-1.38553011417
374,2,243,21,4,1,7.75,1,64,1,1,1,1,,-1.58275103569,-1.63096559048,,-1.90581023693,-1.60073697567,-1.38553011417
375,1,243,21,4,1,7.75,1,7,1,1,1,1,0,0.351003646851,-0.537007153034,0.0842277109623,0.351003646851,-0.537007153034,0.0842277109623
375,2,243,21,4,1,7.75,1,20,1,1,1,1,,-0.100765801966,-0.904066026211,-0.517388105392,0.351003646851,-0.537007153034,0.0842277109623
376,2,244,21,4,0,36.75,1,2,1,0,0,,,,,,,,
377,2,245,21,4,1,7.75,1,12,1,1,0,,,-0.471846550703,-0.459827721119,0.411195993423,,,
378,1,246,22,1,1,2.125,1,59,1,1,1,1,0,-1.32319009304,-0.904013454914,-0.734564602375,-1.32319009304,-0.904013454914,-0.734564602375
378,2,246,22,1,1,2.125,1,71,1,1,1,1,,-1.48205029964,-0.980571448803,,-1.32319009304,-0.904013454914,-0.734564602375
379,1,246,22,1,1,2.125,0,41,1,1,1,1,0,-1.68083429337,-1.63700222969,-0.905050754547,-1.68083429337,-1.63700222969,-0.905050754547
379,2,246,22,1,1,2.125,0,54,1,1,1,1,,-1.89511072636,-1.74494123459,-0.467609465122,-1.68083429337,-1.63700222969,-0.905050754547
380,1,246,22,1,1,2.125,1,11,1,1,1,1,0,0.0511736124754,-1.32621860504,-1.04260134697,0.0511736124754,-1.32621860504,-1.04260134697
380,2,246,22,1,1,2.125,1,24,1,1,1,1,,-0.43867212534,-1.35733830929,0.0991769880056,0.0511736124754,-1.32621860504,-1.04260134697
381,1,247,22,1,1,2.125,0,60,1,0,0,,,,,,,,
381,2,247,22,1,1,2.125,0,73,1,1,0,,,-3.02466058731,-2.01244091988,,,,
382,1,248,22,1,1,2.125,1,55,1,1,1,1,0,-0.520296216011,-1.78506815434,-2.30440425873,-0.520296216011,-1.78506815434,-2.30440425873
382,2,248,22,1,1,2.125,1,68,1,1,1,1,,-0.575187563896,-1.3071949482,,-0.520296216011,-1.78506815434,-2.30440425873
383,1,248,22,1,1,2.125,0,23,1,1,1,1,0,-2.0837264061,-0.810281097889,0.340732604265,-2.0837264061,-0.810281097889,0.340732604265
383,2,248,22,1,1,2.125,0,36,1,1,1,1,,-2.00531625748,-0.71883136034,1.17827212811,-2.0837264061,-0.810281097889,0.340732604265
384,1,249,22,1,1,2.125,0,37,1,1,1,1,0,-1.18159532547,0.0105829760432,0.0992085039616,-1.18159532547,0.0105829760432,0.0992085039616
384,2,249,22,1,1,2.125,0,50,1,1,1,1,,-1.3701249361,-0.314724624157,-0.151347011328,-1.18159532547,0.0105829760432,0.0992085039616
385,1,250,22,1,1,2.125,0,61,1,0,0,,,,,,,,
385,2,250,22,1,1,2.125,0,73,1,1,0,,,-0.442446023226,-1.15657162666,,,,
386,1,251,22,1,1,2.125,1,21,1,1,1,1,0,-1.40696287155,0.25372248888,0.360085725784,-1.40696287155,0.25372248888,0.360085725784
386,2,251,22,1,1,2.125,1,31,1,1,1,1,,-1.29759204388,0.0118918428198,-0.30260848999,-1.40696287155,0.25372248888,0.360085725784
387,1,252,22,1,1,2.125,0,65,1,0,0,,,,,,,,
387,2,252,22,1,1,2.125,0,72,1,0,0,,,,,,,,
388,1,253,22,1,0,42.25,1,56,1,1,1,1,0,-1.56778228283,-0.712678253651,-0.930042266846,-1.56778228283,-0.712678253651,-0.930042266846
388,2,253,22,1,0,42.25,1,72,1,1,1,1,,-1.4892616272,-0.903898835182,,-1.56778228283,-0.712678253651,-0.930042266846
389,1,253,22,1,0,42.25,0,1,1,1,1,1,0,-2.83805084229,-0.119118109345,,-2.83805084229,-0.119118109345,
389,2,253,22,1,0,42.25,0,14,1,1,1,1,,-1.91728901863,-0.687733232975,1.09916722775,-2.83805084229,-0.119118109345,
390,1,254,22,1,0,42.25,0,36,1,1,1,1,0,0.287705987692,0.450993090868,-0.355765491724,0.287705987692,0.450993090868,-0.355765491724
390,2,254,22,1,0,42.25,0,49,1,1,1,1,,0.593517184258,0.0400355868042,-0.128487169743,0.287705987692,0.450993090868,-0.355765491724
391,1,254,22,1,0,42.25,1,1,1,1,1,1,0,1.15790903568,-0.0127128940076,,1.15790903568,-0.0127128940076,
391,2,254,22,1,0,42.25,1,15,1,1,1,1,,-0.95279699564,-0.848930478096,0.311051130295,1.15790903568,-0.0127128940076,
392,1,255,22,1,0,42.25,1,50,1,1,1,1,0,-2.13290834427,-1.73539614677,-1.35670888424,-2.13290834427,-1.73539614677,-1.35670888424
392,2,255,22,1,0,42.25,1,64,1,1,1,1,,-1.96254849434,-2.18127298355,,-2.13290834427,-1.73539614677,-1.35670888424
393,1,255,22,1,0,42.25,1,20,1,1,1,1,0,-2.20837473869,-0.904066026211,-0.254954814911,-2.20837473869,-0.904066026211,-0.254954814911
393,2,255,22,1,0,42.25,1,34,1,1,1,1,,-2.19016814232,,0.496363550425,-2.20837473869,-0.904066026211,-0.254954814911
394,1,256,22,1,1,2.125,1,52,1,1,1,1,0,-2.24181771278,-1.36390602589,-0.662507355213,-2.24181771278,-1.36390602589,-0.662507355213
394,2,256,22,1,1,2.125,1,65,1,1,1,1,,-2.13565349579,-1.81007778645,,-2.24181771278,-1.36390602589,-0.662507355213
395,1,256,22,1,1,2.125,1,7,1,1,1,1,0,-1.05266821384,-0.795434057713,-0.807713925838,-1.05266821384,-0.795434057713,-0.807713925838
395,2,256,22,1,1,2.125,1,22,1,1,1,1,,-2.82161593437,-0.828266561031,0.622580885887,-1.05266821384,-0.795434057713,-0.807713925838
396,1,259,23,1,1,1.25,0,13,1,1,1,1,0,-2.35720324516,-2.27971696854,-2.17054748535,-2.35720324516,-2.27971696854,-2.17054748535
396,2,259,23,1,1,1.25,0,25,1,1,1,1,,-2.8793618679,-1.44862699509,-1.26046621799,-2.35720324516,-2.27971696854,-2.17054748535
397,2,259,23,1,1,1.25,1,10,1,0,0,,,,,,,,
398,1,260,23,1,1,1.25,0,16,1,1,1,1,0,-3.42875623703,-1.45214796066,-0.421259701252,-3.42875623703,-1.45214796066,-0.421259701252
398,2,260,23,1,1,1.25,0,29,1,1,1,1,,-2.83064007759,-1.19992947578,-0.195468455553,-3.42875623703,-1.45214796066,-0.421259701252
399,1,261,23,1,0,39.25,0,51,1,1,1,1,0,-2.46310830116,-0.50760436058,-0.87622576952,-2.46310830116,-0.50760436058,-0.87622576952
399,2,261,23,1,0,39.25,0,64,1,1,1,1,,-1.24123287201,-0.728070557117,,-2.46310830116,-0.50760436058,-0.87622576952
400,1,262,23,1,0,39.25,0,57,1,1,1,1,0,-2.96601748466,-1.70885062218,-1.40945768356,-2.96601748466,-1.70885062218,-1.40945768356
400,2,262,23,1,0,39.25,0,69,1,1,1,1,,-2.50172615051,-1.82519173622,,-2.96601748466,-1.70885062218,-1.40945768356
401,1,262,23,1,0,39.25,1,30,1,1,1,1,0,-2.20378112793,-0.194093734026,-0.502002298832,-2.20378112793,-0.194093734026,-0.502002298832
401,2,262,23,1,0,39.25,1,45,1,1,1,1,,-2.60814642906,-1.02635502815,-0.777750551701,-2.20378112793,-0.194093734026,-0.502002298832
402,2,262,23,1,0,39.25,0,6,1,0,0,,,,,,,,
403,1,263,23,1,1,1.25,1,54,1,1,1,1,0,-1.44953846931,-0.420115977526,-0.869939625263,-1.44953846931,-0.420115977526,-0.869939625263
403,2,263,23,1,1,1.25,1,67,1,1,1,1,,-1.17339646816,-0.938155949116,,-1.44953846931,-0.420115977526,-0.869939625263
404,1,263,23,1,1,1.25,0,10,1,1,1,1,0,-1.7642711401,-0.351655960083,0.201357901096,-1.7642711401,-0.351655960083,0.201357901096
404,2,263,23,1,1,1.25,0,21,1,1,1,1,,-1.2994453907,-0.611533761024,0.138889491558,-1.7642711401,-0.351655960083,0.201357901096
405,1,264,23,1,1,1.25,0,48,1,1,1,1,0,-2.34315013885,-1.20929169655,-0.181396603584,-2.34315013885,-1.20929169655,-0.181396603584
405,2,264,23,1,1,1.25,0,61,1,1,1,1,,-2.89990878105,-1.24680578709,,-2.34315013885,-1.20929169655,-0.181396603584
406,1,264,23,1,1,1.25,1,5,1,1,1,1,0,-1.05084192753,-0.0693970769644,,-1.05084192753,-0.0693970769644,
406,2,264,23,1,1,1.25,1,16,1,1,1,1,,-1.70177853107,-0.897160589695,-0.324096947908,-1.05084192753,-0.0693970769644,
407,1,265,23,1,0,39.25,1,45,1,1,1,0,1,-0.853273928165,0.0639019235969,-0.143527850509,-0.853273928165,0.0639019235969,-0.143527850509
407,2,265,23,1,0,39.25,1,58,1,0,1,0,,,,,-0.853273928165,0.0639019235969,-0.143527850509
408,1,265,23,1,0,39.25,1,8,1,1,1,1,0,-0.570741653442,0.0732695013285,0.585851669312,-0.570741653442,0.0732695013285,0.585851669312
408,2,265,23,1,0,39.25,1,21,1,1,1,1,,-2.10793447495,-0.100436061621,-0.440805882215,-0.570741653442,0.0732695013285,0.585851669312
409,1,266,23,1,1,1.25,0,31,1,1,1,1,0,-4.4268860817,-1.6330024004,-2.81235790253,-4.4268860817,-1.6330024004,-2.81235790253
409,2,266,23,1,1,1.25,0,44,1,1,1,1,,-3.0758869648,-0.507199585438,-0.642171740532,-4.4268860817,-1.6330024004,-2.81235790253
410,2,266,23,1,1,1.25,1,5,1,0,0,,,,,,,,
411,1,267,23,1,1,1.25,1,44,1,1,1,1,0,-1.14662623405,-0.0488198287785,0.0351675190032,-1.14662623405,-0.0488198287785,0.0351675190032
411,2,267,23,1,1,1.25,1,57,1,1,1,1,,-0.585885345936,-0.122088812292,-0.00253148027696,-1.14662623405,-0.0488198287785,0.0351675190032
412,1,268,23,1,1,1.25,0,25,1,1,1,1,0,-3.29656863213,-0.820873320103,0.158735200763,-3.29656863213,-0.820873320103,0.158735200763
412,2,268,23,1,1,1.25,0,37,1,1,1,1,,-3.20702123642,-0.656679868698,0.598318696022,-3.29656863213,-0.820873320103,0.158735200763
413,1,268,23,1,1,1.25,0,25,1,1,1,1,0,-2.397970438,-1.04096484184,-1.35498046875,-2.397970438,-1.04096484184,-1.35498046875
413,2,268,23,1,1,1.25,0,37,1,1,1,1,,-1.95445501804,-0.461766779423,0.0202344823629,-2.397970438,-1.04096484184,-1.35498046875
414,1,269,23,1,1,1.25,0,13,1,1,1,1,0,-2.83122968674,-2.57744503021,-2.58841896057,-2.83122968674,-2.57744503021,-2.58841896057
414,2,269,23,1,1,1.25,0,26,1,1,1,1,,-3.24540615082,-2.21801447868,-1.30854451656,-2.83122968674,-2.57744503021,-2.58841896057
415,1,271,24,2,0,29.5,1,46,1,1,1,1,0,-2.5979309082,-0.410126447678,-0.0347494371235,-2.5979309082,-0.410126447678,-0.0347494371235
415,2,271,24,2,0,29.5,1,59,1,1,1,1,,-2.64748287201,-0.46590256691,0.219126284122,-2.5979309082,-0.410126447678,-0.0347494371235
416,1,271,24,2,0,29.5,1,3,1,1,1,1,0,0.188641637564,1.74831914902,,0.188641637564,1.74831914902,
416,2,271,24,2,0,29.5,1,17,1,1,1,1,,-2.67493891716,-0.183039978147,-0.28015768528,0.188641637564,1.74831914902,
417,1,272,24,2,0,29.5,1,49,1,1,1,1,0,-1.57047533989,-0.930491924286,-1.327876091,-1.57047533989,-0.930491924286,-1.327876091
417,2,272,24,2,0,29.5,1,63,1,1,1,1,,-1.50771725178,-1.29584610462,,-1.57047533989,-0.930491924286,-1.327876091
418,1,273,24,2,1,5,1,26,1,1,1,1,0,-2.53643274307,-1.62937557697,-1.51924049854,-2.53643274307,-1.62937557697,-1.51924049854
418,2,273,24,2,1,5,1,41,1,1,1,1,,-2.28686118126,-1.78937768936,-1.16838717461,-2.53643274307,-1.62937557697,-1.51924049854
419,1,275,24,2,1,5,1,48,1,1,1,1,0,-2.74663877487,-1.32084429264,0.376705020666,-2.74663877487,-1.32084429264,0.376705020666
419,2,275,24,2,1,5,1,62,1,1,1,1,,-2.59593963623,-1.17124319077,,-2.74663877487,-1.32084429264,0.376705020666
420,1,276,24,2,1,5,0,40,1,1,1,1,0,-3.78073978424,-1.87039339542,0.767426073551,-3.78073978424,-1.87039339542,0.767426073551
420,2,276,24,2,1,5,0,53,1,1,1,1,,-3.34923434258,-1.37671971321,0.324184209108,-3.78073978424,-1.87039339542,0.767426073551
421,1,277,24,2,1,5,1,42,1,1,1,1,0,-2.23690986633,-1.23982512951,-1.20037782192,-2.23690986633,-1.23982512951,-1.20037782192
421,2,277,24,2,1,5,1,56,1,1,1,1,,-2.02323174477,-1.6941139698,-0.858075022697,-2.23690986633,-1.23982512951,-1.20037782192
422,1,277,24,2,1,5,1,21,1,1,1,1,0,-2.04272627831,-1.26168143749,-0.751918077469,-2.04272627831,-1.26168143749,-0.751918077469
422,2,277,24,2,1,5,1,35,1,1,1,1,,-1.91386306286,-1.3703070879,-0.876595020294,-2.04272627831,-1.26168143749,-0.751918077469
423,2,277,24,2,1,5,0,11,1,1,0,,,-2.31344819069,-0.288837820292,1.10645854473,,,
424,1,278,24,2,1,5,1,33,1,1,1,1,0,-2.85209560394,-1.36891174316,-1.1427539587,-2.85209560394,-1.36891174316,-1.1427539587
424,2,278,24,2,1,5,1,47,1,1,1,1,,-3.10102677345,-1.35080003738,-0.764196455479,-2.85209560394,-1.36891174316,-1.1427539587
425,1,278,24,2,1,5,1,4,1,1,1,1,0,-0.0415351726115,-0.00464541558176,,-0.0415351726115,-0.00464541558176,
425,2,278,24,2,1,5,1,17,1,1,1,1,,-2.48189282417,-1.03686726093,0.147285476327,-0.0415351726115,-0.00464541558176,
426,1,279,24,2,1,5,0,54,1,1,1,1,0,-2.83510136604,-1.62690842152,-1.26663577557,-2.83510136604,-1.62690842152,-1.26663577557
426,2,279,24,2,1,5,0,67,1,1,1,1,,-2.47631502151,-1.74555373192,,-2.83510136604,-1.62690842152,-1.26663577557
427,1,279,24,2,1,5,1,13,1,1,1,1,0,-2.21234416962,-1.46048057079,-0.654258370399,-2.21234416962,-1.46048057079,-0.654258370399
427,2,279,24,2,1,5,1,27,1,1,1,1,,-2.84895443916,-1.95935702324,-1.02896475792,-2.21234416962,-1.46048057079,-0.654258370399
428,1,280,24,2,1,5,0,63,1,0,0,,,,,,,,
428,2,280,24,2,1,5,0,72,1,0,0,,,,,,,,
429,1,280,24,2,1,5,1,24,1,1,1,1,0,-2.5773293972,-1.39221632481,-0.932810544968,-2.5773293972,-1.39221632481,-0.932810544968
429,2,280,24,2,1,5,1,37,1,1,1,1,,-2.38539123535,-1.77445065975,-0.990557551384,-2.5773293972,-1.39221632481,-0.932810544968
430,2,280,24,2,1,5,1,7,1,0,0,,,,,,,,
431,1,281,24,2,1,5,1,54,1,1,1,0,1,-2.34243655205,-1.32275402546,-1.24117362499,-2.34243655205,-1.32275402546,-1.24117362499
431,2,281,24,2,1,5,1,67,1,0,1,0,,,,,-2.34243655205,-1.32275402546,-1.24117362499
432,1,281,24,2,1,5,0,16,1,1,1,1,0,-3.27398133278,-1.08741486073,0.956374883652,-3.27398133278,-1.08741486073,0.956374883652
432,2,281,24,2,1,5,0,29,1,1,1,1,,-3.7709209919,-1.45976066589,-0.322772651911,-3.27398133278,-1.08741486073,0.956374883652
433,1,282,25,4,1,7.66666650772,1,30,1,1,1,1,0,-3.11025667191,,1.04434704781,-3.11025667191,,1.04434704781
433,2,282,25,4,1,7.66666650772,1,44,1,1,1,1,,-2.44857215881,0.0187367014587,1.36939871311,-3.11025667191,,1.04434704781
434,1,282,25,4,1,7.66666650772,0,14,1,1,1,1,0,-3.04755425453,-0.344837546349,1.34243631363,-3.04755425453,-0.344837546349,1.34243631363
434,2,282,25,4,1,7.66666650772,0,27,1,1,1,1,,-2.94247341156,-0.387697577477,1.76592063904,-3.04755425453,-0.344837546349,1.34243631363
435,1,283,25,4,1,7.66666650772,0,45,1,1,1,1,0,-2.62646150589,-1.57846283913,-1.2531927824,-2.62646150589,-1.57846283913,-1.2531927824
435,2,283,25,4,1,7.66666650772,0,58,1,1,1,1,,-2.37172865868,-1.48080790043,-1.47088515759,-2.62646150589,-1.57846283913,-1.2531927824
436,1,283,25,4,1,7.66666650772,1,1,1,1,1,1,0,-0.146962970495,-0.0826972872019,,-0.146962970495,-0.0826972872019,
436,2,283,25,4,1,7.66666650772,1,14,1,1,1,1,,-1.96780776978,-0.77753919363,-0.555654287338,-0.146962970495,-0.0826972872019,
437,1,284,25,4,1,7.66666650772,0,25,1,1,1,0,1,-3.42493772507,-2.28101658821,-0.618846356869,-3.42493772507,-2.28101658821,-0.618846356869
437,2,284,25,4,1,7.66666650772,0,38,1,0,1,0,,,,,-3.42493772507,-2.28101658821,-0.618846356869
438,1,285,25,4,1,7.66666650772,1,58,1,1,1,1,0,-2.42587828636,-0.802919268608,-0.705436587334,-2.42587828636,-0.802919268608,-0.705436587334
438,2,285,25,4,1,7.66666650772,1,72,1,1,1,1,,-2.3780066967,-0.47470036149,,-2.42587828636,-0.802919268608,-0.705436587334
439,1,285,25,4,1,7.66666650772,0,8,1,1,1,1,0,-2.67483043671,-2.12177824974,-0.420306712389,-2.67483043671,-2.12177824974,-0.420306712389
439,2,285,25,4,1,7.66666650772,0,21,1,1,1,1,,-2.09968280792,-1.0331619978,0.434390217066,-2.67483043671,-2.12177824974,-0.420306712389
440,2,287,25,4,0,32.6666679382,0,51,1,1,0,,,-0.930067539215,-0.212885156274,-0.55743342638,,,
441,1,288,25,4,1,7.66666650772,0,33,1,1,1,1,0,-1.69014501572,-1.47892189026,-0.773709595203,-1.69014501572,-1.47892189026,-0.773709595203
441,2,288,25,4,1,7.66666650772,0,46,1,1,1,1,,-1.53985393047,-2.10453510284,-1.3177382946,-1.69014501572,-1.47892189026,-0.773709595203
442,1,289,25,4,1,7.66666650772,0,45,1,1,1,1,0,-1.63405954838,-1.60341382027,-1.78701758385,-1.63405954838,-1.60341382027,-1.78701758385
442,2,289,25,4,1,7.66666650772,0,58,1,1,1,1,,-1.67022204399,-1.48599731922,-1.8138846159,-1.63405954838,-1.60341382027,-1.78701758385
443,1,289,25,4,1,7.66666650772,1,6,1,1,1,1,0,0.162766993046,-1.08011937141,-1.17588078976,0.162766993046,-1.08011937141,-1.17588078976
443,2,289,25,4,1,7.66666650772,1,19,1,1,1,1,,-2.18653321266,,-0.332794636488,0.162766993046,-1.08011937141,-1.17588078976
444,1,291,25,4,1,7.66666650772,1,8,1,1,1,1,0,-1.37412726879,-1.05200111866,-1.17272460461,-1.37412726879,-1.05200111866,-1.17272460461
444,2,291,25,4,1,7.66666650772,1,21,1,1,1,1,,-1.94491791725,-1.46450829506,-0.797118008137,-1.37412726879,-1.05200111866,-1.17272460461
445,1,292,25,4,1,7.66666650772,0,37,1,1,1,1,0,0.0842948108912,0.738308131695,0.0992085039616,0.0842948108912,0.738308131695,0.0992085039616
445,2,292,25,4,1,7.66666650772,0,50,1,1,1,1,,0.0592103898525,0.553838968277,1.04544007778,0.0842948108912,0.738308131695,0.0992085039616
446,1,292,25,4,1,7.66666650772,0,8,1,1,1,1,0,-0.611828565598,-1.3985837698,-1.27657079697,-0.611828565598,-1.3985837698,-1.27657079697
446,2,292,25,4,1,7.66666650772,0,22,1,1,1,1,,-1.95884537697,-0.753735661507,0.0933862552047,-0.611828565598,-1.3985837698,-1.27657079697
447,1,293,25,4,1,7.66666650772,0,2,1,1,1,1,0,-2.23692560196,-1.54654729366,,-2.23692560196,-1.54654729366,
447,2,293,25,4,1,7.66666650772,0,15,1,1,1,1,,-3.51572084427,-1.27205622196,-0.527805685997,-2.23692560196,-1.54654729366,
448,1,294,26,2,1,1.25,1,63,1,0,0,,,,,,,,
448,2,294,26,2,1,1.25,1,72,1,0,0,,,,,,,,
449,1,294,26,2,1,1.25,0,31,1,0,0,,,,,,,,
449,2,294,26,2,1,1.25,0,44,1,1,0,,,-4.13931655884,-1.63103425503,0.180013850331,,,
450,2,294,26,2,1,1.25,1,6,1,1,0,,,-0.124031059444,0.710262596607,1.36007082462,,,
451,1,295,26,2,1,1.25,1,72,1,0,0,,,,,,,,
451,2,295,26,2,1,1.25,1,72,1,0,0,,,,,,,,
452,1,295,26,2,1,1.25,0,16,1,1,1,1,0,-1.95839893818,-1.67597568035,-0.975850760937,-1.95839893818,-1.67597568035,-0.975850760937
452,2,295,26,2,1,1.25,0,29,1,1,1,1,,-1.84558105469,-1.38248825073,-1.2096953392,-1.95839893818,-1.67597568035,-0.975850760937
453,1,296,26,2,1,1.25,0,23,1,1,1,1,0,-3.15213084221,-0.36936417222,0.506139278412,-3.15213084221,-0.36936417222,0.506139278412
453,2,296,26,2,1,1.25,0,36,1,1,1,1,,-3.36763858795,-0.706213057041,0.477693140507,-3.15213084221,-0.36936417222,0.506139278412
454,1,297,26,2,1,1.25,1,12,1,1,1,0,1,-1.8893327713,-0.617547094822,-0.0909383371472,-1.8893327713,-0.617547094822,-0.0909383371472
454,2,297,26,2,1,1.25,1,25,1,0,1,0,,,,,-1.8893327713,-0.617547094822,-0.0909383371472
455,1,298,26,2,0,25,1,24,1,1,1,1,0,-2.18989157677,-0.944577217102,-0.490487933159,-2.18989157677,-0.944577217102,-0.490487933159
455,2,298,26,2,0,25,1,38,1,1,1,1,,-1.94254398346,-0.527214109898,-0.342586785555,-2.18989157677,-0.944577217102,-0.490487933159
456,2,298,26,2,0,25,1,12,1,1,0,,,-1.98642086983,-0.933798730373,0.57325220108,,,
457,2,298,26,2,0,25,0,56,1,1,0,,,-1.98718464375,-0.317529916763,-0.0659347251058,,,
458,1,300,26,2,1,1.25,1,7,1,1,1,1,0,-0.555983662605,0.576378822327,1.13796782494,-0.555983662605,0.576378822327,1.13796782494
458,2,300,26,2,1,1.25,1,20,1,1,1,1,,-1.03010642529,0.577659606934,0.772918105125,-0.555983662605,0.576378822327,1.13796782494
459,1,302,26,2,1,1.25,0,636,1,0,0,,,,,,,,
459,2,302,26,2,1,1.25,0,66,1,1,0,,,-0.339468836784,0.017972515896,,,,
460,1,302,26,2,1,1.25,0,13,1,1,1,1,0,-2.00683164597,-2.42146635056,-2.17054748535,-2.00683164597,-2.42146635056,-2.17054748535
460,2,302,26,2,1,1.25,0,25,1,1,1,1,,-1.86844205856,-1.84160876274,-1.83897161484,-2.00683164597,-2.42146635056,-2.17054748535
461,1,304,26,2,1,1.25,1,49,1,1,1,1,0,-2.93851733208,-1.00408685207,0.273922145367,-2.93851733208,-1.00408685207,0.273922145367
461,2,304,26,2,1,1.25,1,63,1,1,1,1,,-2.41708827019,-1.22350955009,,-2.93851733208,-1.00408685207,0.273922145367
462,1,304,26,2,1,1.25,1,13,1,1,1,1,0,-3.71447134018,-2.55295705795,-1.9033895731,-3.71447134018,-2.55295705795,-1.9033895731
462,2,304,26,2,1,1.25,1,27,1,1,1,1,,-3.20385551453,-2.16056752205,-0.851584672928,-3.71447134018,-2.55295705795,-1.9033895731
463,1,305,26,2,1,1.25,1,22,1,1,1,1,0,-2.32485365868,-2.44454550743,-0.631253361702,-2.32485365868,-2.44454550743,-0.631253361702
463,2,305,26,2,1,1.25,1,35,1,1,1,1,,-2.43196225166,-2.15212249756,-0.876595020294,-2.32485365868,-2.44454550743,-0.631253361702
464,1,306,27,4,0,46.25,0,72,1,0,0,,,,,,,,
464,2,306,27,4,0,46.25,0,45,1,0,0,,,,,,,,
465,1,306,27,4,0,46.25,0,44,1,1,1,1,0,-1.41891241074,-0.361366182566,-0.72423440218,-1.41891241074,-0.361366182566,-0.72423440218
465,2,306,27,4,0,46.25,0,55,1,1,1,1,,-1.3969424963,-0.489629000425,-1.03973352909,-1.41891241074,-0.361366182566,-0.72423440218
466,1,306,27,4,0,46.25,0,10,1,0,0,,,,,,,,
466,2,306,27,4,0,46.25,0,14,1,1,0,,,0.787270128727,0.581858098507,-0.454348653555,,,
467,1,307,27,4,1,2,0,51,1,1,1,1,0,-2.25405693054,-1.61813187599,-2.08713197708,-2.25405693054,-1.61813187599,-2.08713197708
467,2,307,27,4,1,2,0,64,1,1,1,1,,-2.45821118355,-1.67819738388,,-2.25405693054,-1.61813187599,-2.08713197708
468,1,307,27,4,1,2,1,17,1,1,1,1,0,-0.867311477661,0.556833028793,1.03004908562,-0.867311477661,0.556833028793,1.03004908562
468,2,307,27,4,1,2,1,30,1,1,1,1,,-1.02819669247,-0.39088755846,-0.173702403903,-0.867311477661,0.556833028793,1.03004908562
469,2,307,27,4,1,2,1,5,1,0,0,,,,,,,,
470,1,308,27,4,0,46.25,1,48,1,1,1,1,0,-1.516233325,-1.20825886726,-1.6222037077,-1.516233325,-1.20825886726,-1.6222037077
470,2,308,27,4,0,46.25,1,61,1,1,1,1,,-1.32021784782,-0.980575084686,,-1.516233325,-1.20825886726,-1.6222037077
471,1,308,27,4,0,46.25,1,28,1,1,1,1,0,-2.25876569748,-1.54469978809,-1.82659900188,-2.25876569748,-1.54469978809,-1.82659900188
471,2,308,27,4,0,46.25,1,41,1,1,1,1,,-2.31171393394,-0.799730062485,-1.25122892857,-2.25876569748,-1.54469978809,-1.82659900188
472,1,309,27,4,1,2,1,62,1,0,0,,,,,,,,
472,2,309,27,4,1,2,1,72,1,0,0,,,,,,,,
473,1,309,27,4,1,2,0,5,1,1,1,1,0,1.41551947594,1.74831914902,,1.41551947594,1.74831914902,
473,2,309,27,4,1,2,0,18,1,1,1,1,,0.830954432487,1.13663172722,0.597814142704,1.41551947594,1.74831914902,
474,1,310,27,4,1,2,0,12,1,1,1,1,0,-2.9453265667,-1.38170945644,-0.491960525513,-2.9453265667,-1.38170945644,-0.491960525513
474,2,310,27,4,1,2,0,25,1,1,1,1,,-2.51029706001,-0.914506435394,0.0325922034681,-2.9453265667,-1.38170945644,-0.491960525513
475,1,311,27,4,0,46.25,1,44,1,1,1,1,0,-1.5806081295,-0.599328577518,-0.70706474781,-1.5806081295,-0.599328577518,-0.70706474781
475,2,311,27,4,0,46.25,1,59,1,1,1,1,,-2.0647957325,-0.904013454914,-1.72034847736,-1.5806081295,-0.599328577518,-0.70706474781
476,1,312,27,4,0,46.25,0,51,1,1,1,1,0,-1.51076495647,-0.284201025963,-0.249406307936,-1.51076495647,-0.284201025963,-0.249406307936
476,2,312,27,4,0,46.25,0,64,1,1,1,1,,-1.08110404015,-0.0216867532581,,-1.51076495647,-0.284201025963,-0.249406307936
477,1,313,27,4,1,2,0,48,1,1,1,1,0,-1.86628472805,-0.859887361526,0.192577764392,-1.86628472805,-0.859887361526,0.192577764392
477,2,313,27,4,1,2,0,61,1,1,1,1,,-1.70202279091,-0.751873791218,,-1.86628472805,-0.859887361526,0.192577764392
478,1,313,27,4,1,2,0,13,1,1,1,1,0,-2.04805397987,-1.16325187683,-0.246329411864,-2.04805397987,-1.16325187683,-0.246329411864
478,2,313,27,4,1,2,0,26,1,1,1,1,,-1.76542806625,-0.0391690842807,0.680439591408,-2.04805397987,-1.16325187683,-0.246329411864
479,1,314,27,4,1,2,1,64,1,0,0,,,,,,,,
479,2,314,27,4,1,2,1,72,1,0,0,,,,,,,,
480,1,314,27,4,1,2,1,15,1,1,1,1,0,-2.75989556313,-0.94584941864,-0.639424264431,-2.75989556313,-0.94584941864,-0.639424264431
480,2,314,27,4,1,2,1,28,1,1,1,1,,-3.24965691566,-0.406857728958,0.174359232187,-2.75989556313,-0.94584941864,-0.639424264431
481,1,314,27,4,1,2,1,4,1,1,1,1,0,-1.70477151871,-0.631353259087,,-1.70477151871,-0.631353259087,
481,2,314,27,4,1,2,1,17,1,1,1,1,,-3.02593493462,-0.507903575897,-0.955839931965,-1.70477151871,-0.631353259087,
482,1,315,27,4,1,2,0,53,1,1,1,1,0,-1.07663857937,-0.216867297888,-0.218961179256,-1.07663857937,-0.216867297888,-0.218961179256
482,2,315,27,4,1,2,0,66,1,1,1,1,,-1.03484320641,-0.706101775169,,-1.07663857937,-0.216867297888,-0.218961179256
483,1,315,27,4,1,2,0,5,1,1,1,1,0,-1.68248736858,-1.02247095108,,-1.68248736858,-1.02247095108,
483,2,315,27,4,1,2,0,18,1,1,1,1,,-1.41206133366,-0.114586278796,0.968139827251,-1.68248736858,-1.02247095108,
484,1,316,27,4,1,2,1,19,1,0,0,,,,,,,,
484,2,316,27,4,1,2,1,30,1,0,0,,,,,,,,
485,1,317,27,4,1,2,0,34,1,1,1,1,0,-2.64485621452,-1.22186636925,-0.547433078289,-2.64485621452,-1.22186636925,-0.547433078289
485,2,317,27,4,1,2,0,47,1,1,1,1,,-2.04787659645,-1.10437333584,-0.628993988037,-2.64485621452,-1.22186636925,-0.547433078289
486,1,318,28,2,0,57.25,1,50,1,0,0,,,,,,,,
486,2,318,28,2,0,57.25,1,63,1,1,0,,,-3.86381459236,-3.06650042534,,,,
487,1,318,28,2,0,57.25,0,17,1,1,1,1,0,-3.50252342224,-2.55189061165,-1.58735001087,-3.50252342224,-2.55189061165,-1.58735001087
487,2,318,28,2,0,57.25,0,30,1,1,1,1,,-3.22528648376,-2.30770635605,-1.06700634956,-3.50252342224,-2.55189061165,-1.58735001087
488,1,318,28,2,0,57.25,0,9,1,1,1,1,0,-1.52398169041,-1.09084701538,0.333817660809,-1.52398169041,-1.09084701538,0.333817660809
488,2,318,28,2,0,57.25,0,23,1,1,1,1,,-2.53445696831,-1.20678532124,-0.566179692745,-1.52398169041,-1.09084701538,0.333817660809
489,1,319,28,2,1,1,1,57,1,1,1,0,1,-2.10294055939,-2.06026434898,-1.40137004852,-2.10294055939,-2.06026434898,-1.40137004852
489,2,319,28,2,1,1,1,70,1,0,1,0,,,,,-2.10294055939,-2.06026434898,-1.40137004852
490,1,319,28,2,1,1,1,25,1,1,1,1,0,-1.72052049637,,-1.0862839222,-1.72052049637,,-1.0862839222
490,2,319,28,2,1,1,1,38,1,1,1,1,,-2.43019104004,-1.46925902367,-1.84732294083,-1.72052049637,,-1.0862839222
491,1,320,28,2,1,1,0,24,1,1,1,1,0,-3.44207620621,-0.816326081753,0.860186398029,-3.44207620621,-0.816326081753,0.860186398029
491,2,320,28,2,1,1,0,38,1,1,1,1,,-3.21909594536,0.116671591997,1.32405257225,-3.44207620621,-0.816326081753,0.860186398029
492,1,322,28,2,0,57.25,0,96,1,0,0,,,,,,,,
492,2,322,28,2,0,57.25,0,48,1,0,0,,,,,,,,
493,1,322,28,2,0,57.25,1,17,1,0,0,,,,,,,,
493,2,322,28,2,0,57.25,1,30,1,0,0,,,,,,,,
494,2,322,28,2,0,57.25,1,30,1,1,0,,,-3.09609222412,-2.72627091408,-1.14679229259,,,
495,1,323,28,2,1,1,1,504,1,0,0,,,,,,,,
495,2,323,28,2,1,1,1,45,1,1,0,,,-3.74224805832,-3.32331871986,-2.95972418785,,,
496,1,323,28,2,1,1,0,228,1,0,0,,,,,,,,
496,2,323,28,2,1,1,0,21,1,1,0,,,-2.53459119797,-1.65914237499,-0.837507843971,,,
497,2,323,28,2,1,1,0,8,1,1,0,,,-1.67733371258,-1.64644694328,-1.37452602386,,,
498,1,325,28,2,1,1,0,38,1,1,1,1,0,-2.06047344208,-0.779504835606,-0.411114752293,-2.06047344208,-0.779504835606,-0.411114752293
498,2,325,28,2,1,1,0,51,1,1,1,1,,-2.47472119331,-1.42977070808,-1.33339715004,-2.06047344208,-0.779504835606,-0.411114752293
499,1,325,28,2,1,1,1,10,1,1,1,1,0,-3.82233023643,-3.8929309845,-3.11805677414,-3.82233023643,-3.8929309845,-3.11805677414
499,2,325,28,2,1,1,1,23,1,1,1,1,,-3.17306280136,-1.40628314018,-0.0457619987428,-3.82233023643,-3.8929309845,-3.11805677414
500,1,326,28,2,1,1,0,504,1,0,0,,,,,,,,
500,2,326,28,2,1,1,0,68,1,1,0,,,-2.33893704414,-2.21664834023,,,,
501,1,326,28,2,1,1,0,228,1,0,0,,,,,,,,
501,2,326,28,2,1,1,0,29,1,0,0,,,,,,,,
502,2,326,28,2,1,1,1,6,1,1,0,,,-1.00648283958,-1.56028223038,-0.699406325817,,,
503,1,327,29,4,1,6.875,1,24,1,1,1,1,0,-2.82529067993,-0.712153196335,0.734765231609,-2.82529067993,-0.712153196335,0.734765231609
503,2,327,29,4,1,6.875,1,37,1,1,1,1,,-2.852612257,-0.981343388557,0.263815492392,-2.82529067993,-0.712153196335,0.734765231609
504,1,327,29,4,1,6.875,0,44,1,1,1,1,0,-3.64469766617,-1.71412730217,-0.241927325726,-3.64469766617,-1.71412730217,-0.241927325726
504,2,327,29,4,1,6.875,0,57,1,1,1,1,,-3.47435951233,-1.84049987793,-1.12068140507,-3.64469766617,-1.71412730217,-0.241927325726
505,1,328,29,4,1,6.875,1,19,1,1,1,1,0,-2.93022799492,-2.19720816612,-1.68125772476,-2.93022799492,-2.19720816612,-1.68125772476
505,2,328,29,4,1,6.875,1,33,1,1,1,1,,-2.79763531685,-2.48868465424,-2.58473396301,-2.93022799492,-2.19720816612,-1.68125772476
506,1,329,29,4,1,6.875,0,54,1,1,1,1,0,-1.91776251793,-0.818120121956,-1.43530499935,-1.91776251793,-0.818120121956,-1.43530499935
506,2,329,29,4,1,6.875,0,67,1,1,1,1,,-1.47138464451,-0.629665374756,,-1.91776251793,-0.818120121956,-1.43530499935
507,1,329,29,4,1,6.875,1,28,1,1,1,1,0,-1.48645341396,-0.604288458824,-0.822175383568,-1.48645341396,-0.604288458824,-0.822175383568
507,2,329,29,4,1,6.875,1,41,1,1,1,1,,-1.34244132042,-0.876197874546,-0.451898366213,-1.48645341396,-0.604288458824,-0.822175383568
508,1,330,29,4,1,6.875,1,31,1,1,1,1,0,-3.40761327744,-1.97101867199,-1.14856600761,-3.40761327744,-1.97101867199,-1.14856600761
508,2,330,29,4,1,6.875,1,44,1,1,1,1,,-2.83433103561,-1.57706391811,-1.02027630806,-3.40761327744,-1.97101867199,-1.14856600761
509,1,331,29,4,0,49.5,1,49,1,0,0,,,,,,,,
509,2,331,29,4,0,49.5,1,61,1,1,0,,,-2.1791908741,-1.13246774673,,,,
510,1,332,29,4,1,6.875,1,84,1,0,0,,,,,,,,
510,2,332,29,4,1,6.875,1,72,1,0,0,,,,,,,,
511,1,332,29,4,1,6.875,0,24,1,1,1,1,0,-3.54026913643,-1.76056623459,-1.30609273911,-3.54026913643,-1.76056623459,-1.30609273911
511,2,332,29,4,1,6.875,0,37,1,1,1,1,,-3.36692285538,-1.63526165485,-0.634130001068,-3.54026913643,-1.76056623459,-1.30609273911
512,2,332,29,4,1,6.875,0,12,1,1,0,,,-2.84011816978,-2.48062729836,-1.88699805737,,,
513,1,333,29,4,1,6.875,0,47,1,1,1,1,0,-1.37427163124,-0.264042168856,-0.873465895653,-1.37427163124,-0.264042168856,-0.873465895653
513,2,333,29,4,1,6.875,0,60,1,1,1,1,,-1.41648137569,-0.514893233776,-1.30251896381,-1.37427163124,-0.264042168856,-0.873465895653
514,1,333,29,4,1,6.875,0,13,1,1,1,1,0,-1.57402455807,-1.08013367653,-1.56578850746,-1.57402455807,-1.08013367653,-1.56578850746
514,2,333,29,4,1,6.875,0,26,1,1,1,1,,-1.82840502262,-0.576065123081,-0.937793433666,-1.57402455807,-1.08013367653,-1.56578850746
515,1,336,29,4,1,6.875,1,24,1,1,1,0,1,-2.06591105461,-1.73312330246,-0.753659546375,-2.06591105461,-1.73312330246,-0.753659546375
515,2,336,29,4,1,6.875,1,37,1,0,1,0,,,,,-2.06591105461,-1.73312330246,-0.753659546375
516,1,338,29,4,1,6.875,0,38,1,1,1,1,0,-1.79715073109,-0.608537495136,0.455735862255,-1.79715073109,-0.608537495136,0.455735862255
516,2,338,29,4,1,6.875,0,51,1,1,1,1,,-1.41785299778,-0.667373001575,-0.211628168821,-1.79715073109,-0.608537495136,0.455735862255
517,1,338,29,4,1,6.875,0,10,1,1,1,1,0,0.79600673914,0.574409544468,1.75709688663,0.79600673914,0.574409544468,1.75709688663
517,2,338,29,4,1,6.875,0,24,1,1,1,1,,-0.659899055958,-0.361457288265,-0.481036931276,0.79600673914,0.574409544468,1.75709688663
518,1,339,30,4,1,2.5,1,20,1,1,1,1,0,-1.71051418781,-1.06381690502,-0.969785034657,-1.71051418781,-1.06381690502,-0.969785034657
518,2,339,30,4,1,2.5,1,33,1,1,1,1,,-1.49057042599,-1.2735812664,-0.80068475008,-1.71051418781,-1.06381690502,-0.969785034657
519,1,339,30,4,1,2.5,0,564,1,0,0,,,,,,,,
519,2,339,30,4,1,2.5,0,48,1,0,0,,,,,,,,
520,1,341,30,4,1,2.5,1,53,1,1,1,1,0,-2.39317011833,-1.61125254631,-1.84024238586,-2.39317011833,-1.61125254631,-1.84024238586
520,2,341,30,4,1,2.5,1,67,1,1,1,1,,-2.39176440239,-1.8338381052,,-2.39317011833,-1.61125254631,-1.84024238586
521,1,341,30,4,1,2.5,0,19,1,1,1,1,0,-2.13834857941,-1.51224708557,-1.08139002323,-2.13834857941,-1.51224708557,-1.08139002323
521,2,341,30,4,1,2.5,0,33,1,1,1,1,,-3.12173676491,-1.92834699154,-1.12791621685,-2.13834857941,-1.51224708557,-1.08139002323
522,2,343,30,4,0,23.5,0,6,1,1,0,,,-1.62296116352,-1.18548572063,0.285196840763,,,
523,1,344,30,4,0,23.5,0,38,1,1,1,1,0,-2.42649197578,-0.180006220937,0.211042433977,-2.42649197578,-0.180006220937,0.211042433977
523,2,344,30,4,0,23.5,0,53,1,1,1,1,,-1.93314576149,-0.436509937048,0.253676176071,-2.42649197578,-0.180006220937,0.211042433977
524,1,344,30,4,0,23.5,1,27,1,1,1,1,0,-2.43638491631,-0.821544289589,-0.0638602375984,-2.43638491631,-0.821544289589,-0.0638602375984
524,2,344,30,4,0,23.5,1,40,1,1,1,1,,-2.08455562592,-1.38710296154,-0.57168507576,-2.43638491631,-0.821544289589,-0.0638602375984
525,1,345,30,4,1,2.5,1,8,1,1,1,1,0,-3.04855012894,-2.18289256096,-1.77472245693,-3.04855012894,-2.18289256096,-1.77472245693
525,2,345,30,4,1,2.5,1,22,1,1,1,1,,-3.11005973816,-2.41274738312,-1.55818462372,-3.04855012894,-2.18289256096,-1.77472245693
526,1,346,30,4,1,2.5,1,29,1,1,1,0,1,-1.60852336884,-0.670934736729,-0.964285254478,-1.60852336884,-0.670934736729,-0.964285254478
527,1,346,30,4,1,2.5,1,18,1,0,0,,,,,,,,
528,1,347,30,4,1,2.5,1,7,1,0,0,,,,,,,,
528,2,347,30,4,1,2.5,1,19,1,1,0,,,-2.82881402969,-2.03653120995,-1.53357839584,,,
529,2,347,30,4,1,2.5,1,18,1,0,0,,,,,,,,
530,1,348,30,4,1,2.5,1,35,1,1,1,1,0,-1.40904533863,-0.537041127682,-0.307197719812,-1.40904533863,-0.537041127682,-0.307197719812
530,2,348,30,4,1,2.5,1,48,1,1,1,1,,-1.29568946362,-0.591107845306,-0.0332369320095,-1.40904533863,-0.537041127682,-0.307197719812
531,1,349,30,4,1,2.5,0,46,1,1,1,1,0,-2.46838569641,-0.846179902554,-0.802137672901,-2.46838569641,-0.846179902554,-0.802137672901
531,2,349,30,4,1,2.5,0,59,1,1,1,1,,-2.75507164001,-1.54398918152,-1.12038064003,-2.46838569641,-0.846179902554,-0.802137672901
532,1,349,30,4,1,2.5,1,8,1,1,1,1,0,-1.36355578899,-1.26975905895,-0.823875784874,-1.36355578899,-1.26975905895,-0.823875784874
532,2,349,30,4,1,2.5,1,21,1,1,1,1,,-2.18944263458,-1.03851532936,-0.224059432745,-1.36355578899,-1.26975905895,-0.823875784874
533,1,350,30,4,1,2.5,1,2,1,1,1,1,0,-1.70286142826,0.340795487165,,-1.70286142826,0.340795487165,
533,2,350,30,4,1,2.5,1,15,1,1,1,1,,-2.55910587311,-0.791441202164,0.0603213533759,-1.70286142826,0.340795487165,
534,2,350,30,4,1,2.5,1,9,1,1,0,,,-2.83287620544,-2.1497502327,-1.52826118469,,,
535,1,351,31,4,1,2.375,0,21,1,1,1,1,0,-2.13447523117,-1.1025147438,-0.251481503248,-2.13447523117,-1.1025147438,-0.251481503248
535,2,351,31,4,1,2.375,0,34,1,1,1,1,,-2.13267183304,-0.756698846817,0.0715330168605,-2.13447523117,-1.1025147438,-0.251481503248
536,1,352,31,4,1,2.375,0,48,1,1,1,0,1,-1.44902741909,-1.09091579914,0.551942765713,-1.44902741909,-1.09091579914,0.551942765713
537,1,352,31,4,1,2.375,1,15,1,1,1,0,1,-1.79245936871,-1.00467717648,0.228147372603,-1.79245936871,-1.00467717648,0.228147372603
538,1,355,31,4,1,2.375,0,14,1,1,1,1,0,-1.7760065794,-1.95112192631,-0.18338188529,-1.7760065794,-1.95112192631,-0.18338188529
538,2,355,31,4,1,2.375,0,29,1,1,1,1,,-2.47243571281,-1.98870432377,-0.936346888542,-1.7760065794,-1.95112192631,-0.18338188529
539,1,356,31,4,1,2.375,1,25,1,1,1,1,0,-1.17145657539,0.145511910319,1.12393224239,-1.17145657539,0.145511910319,1.12393224239
539,2,356,31,4,1,2.375,1,38,1,1,1,1,,-1.59606206417,-0.527214109898,-0.30379652977,-1.17145657539,0.145511910319,1.12393224239
540,2,356,31,4,1,2.375,0,48,1,0,0,,,,,,,,
541,1,357,31,4,0,34.5,1,57,1,1,1,0,1,-1.38207018375,-1.16349220276,-1.55343854427,-1.38207018375,-1.16349220276,-1.55343854427
542,1,357,31,4,0,34.5,0,22,1,1,1,0,1,-0.766026735306,-0.551243185997,0.388605892658,-0.766026735306,-0.551243185997,0.388605892658
543,1,358,31,4,1,2.375,0,12,1,1,1,1,0,-1.19886910915,-0.777667999268,-0.219093188643,-1.19886910915,-0.777667999268,-0.219093188643
543,2,358,31,4,1,2.375,0,25,1,1,1,1,,-1.09821307659,-0.922355055809,-0.663559138775,-1.19886910915,-0.777667999268,-0.219093188643
544,1,360,31,4,1,2.375,0,14,1,1,1,1,0,-2.58333802223,-1.28812873363,-1.29978835583,-2.58333802223,-1.28812873363,-1.29978835583
544,2,360,31,4,1,2.375,0,27,1,1,1,1,,-3.31338405609,-1.18997013569,-1.26144611835,-2.58333802223,-1.28812873363,-1.29978835583
545,1,361,31,4,1,2.375,1,52,1,1,1,1,0,-0.907856404781,-0.116148531437,-0.377613216639,-0.907856404781,-0.116148531437,-0.377613216639
545,2,361,31,4,1,2.375,1,65,1,1,1,1,,-0.942333698273,-0.467589199543,,-0.907856404781,-0.116148531437,-0.377613216639
546,1,361,31,4,1,2.375,0,14,1,1,1,1,0,-0.605375409126,-0.963216602802,-0.00556526426226,-0.605375409126,-0.963216602802,-0.00556526426226
546,2,361,31,4,1,2.375,0,26,1,1,1,1,,-1.40330266953,-0.0669598802924,0.640575706959,-0.605375409126,-0.963216602802,-0.00556526426226
547,1,362,31,4,1,2.375,0,20,1,1,1,1,0,-0.568454086781,-1.56412541866,-2.00275230408,-0.568454086781,-1.56412541866,-2.00275230408
547,2,362,31,4,1,2.375,0,33,1,1,1,1,,-0.202413409948,-0.835421919823,-1.96906161308,-0.568454086781,-1.56412541866,-2.00275230408
548,1,362,31,4,1,2.375,1,216,1,0,0,,,,,,,,
548,2,362,31,4,1,2.375,1,33,1,0,0,,,,,,,,
549,1,363,32,3,1,3.625,0,432,1,0,0,,,,,,,,
549,2,363,32,3,1,3.625,0,49,1,1,0,,,0.0735914856195,-0.131118938327,0.0212657209486,,,
550,1,364,32,3,1,3.625,0,42,1,1,1,1,0,-1.13528013229,-0.131523489952,0.782076358795,-1.13528013229,-0.131523489952,0.782076358795
550,2,364,32,3,1,3.625,0,55,1,1,1,1,,-0.857825279236,-0.224908962846,0.415245205164,-1.13528013229,-0.131523489952,0.782076358795
551,1,365,32,3,1,3.625,1,44,1,1,1,1,0,1.03533387184,0.95123398304,0.247337952256,1.03533387184,0.95123398304,0.247337952256
551,2,365,32,3,1,3.625,1,57,1,1,1,1,,0.672948122025,0.475638121367,-0.606238782406,1.03533387184,0.95123398304,0.247337952256
552,1,365,32,3,1,3.625,0,32,1,1,1,1,0,-0.491279065609,0.560486257076,0.180424138904,-0.491279065609,0.560486257076,0.180424138904
552,2,365,32,3,1,3.625,0,45,1,1,1,1,,-0.506884217262,0.342758178711,0.0419698990881,-0.491279065609,0.560486257076,0.180424138904
553,1,366,32,3,0,59.2500038147,1,29,1,1,1,0,1,-4.52444219589,-3.8929309845,-2.4696419239,-4.52444219589,-3.8929309845,-2.4696419239
554,2,367,32,3,0,59.2500038147,0,1,1,1,0,,,-0.937248468399,-1.85831570625,,,,
555,1,369,32,3,1,3.625,1,37,1,1,1,1,0,-1.50286591053,-1.1986540556,-0.150155156851,-1.50286591053,-1.1986540556,-0.150155156851
555,2,369,32,3,1,3.625,1,50,1,1,1,1,,-1.14081561565,-1.18226635456,-0.819978356361,-1.50286591053,-1.1986540556,-0.150155156851
556,1,369,32,3,1,3.625,1,20,1,1,1,1,0,-1.72711062431,-1.04587352276,-0.517388105392,-1.72711062431,-1.04587352276,-0.517388105392
556,2,369,32,3,1,3.625,1,34,1,1,1,1,,-1.51787567139,-0.955719649792,-0.509121179581,-1.72711062431,-1.04587352276,-0.517388105392
557,1,370,32,3,1,3.625,1,8,1,1,1,1,0,-1.83924424648,-2.35124444962,-1.56353139877,-1.83924424648,-2.35124444962,-1.56353139877
557,2,370,32,3,1,3.625,1,21,1,1,1,1,,-1.55367672443,-1.37154424191,-0.662092685699,-1.83924424648,-2.35124444962,-1.56353139877
558,1,371,32,3,1,3.625,0,504,1,0,0,,,,,,,,
558,2,371,32,3,1,3.625,0,55,1,1,0,,,-0.498414337635,-0.328638613224,-0.760200500488,,,
559,1,371,32,3,1,3.625,0,132,1,0,0,,,,,,,,
559,2,371,32,3,1,3.625,0,24,1,1,0,,,-0.889018476009,0.0777945891023,-0.704669594765,,,
560,1,372,32,3,1,3.625,0,63,1,0,0,,,,,,,,
560,2,372,32,3,1,3.625,0,72,1,0,0,,,,,,,,
561,1,372,32,3,1,3.625,0,44,1,1,1,1,0,-4.31243419647,-2.80599069595,-1.23157739639,-4.31243419647,-2.80599069595,-1.23157739639
561,2,372,32,3,1,3.625,0,57,1,1,1,1,,-4.3473815918,-2.86637473106,-2.33627772331,-4.31243419647,-2.80599069595,-1.23157739639
562,2,372,32,3,1,3.625,0,9,1,1,0,,,-1.32338249683,-0.976436257362,-0.900040745735,,,
563,1,374,32,3,1,3.625,0,53,1,1,1,1,0,-1.73900318146,-1.01602983475,-0.600481510162,-1.73900318146,-1.01602983475,-0.600481510162
563,2,374,32,3,1,3.625,0,66,1,1,1,1,,-1.37199378014,-0.99830776453,,-1.73900318146,-1.01602983475,-0.600481510162
564,1,374,32,3,1,3.625,0,2,1,1,1,0,1,-2.46187329292,-0.578368246555,,-2.46187329292,-0.578368246555,
564,2,374,32,3,1,3.625,0,15,1,0,1,0,,,,,-2.46187329292,-0.578368246555,
565,1,375,33,3,1,2.625,0,16,1,1,1,1,0,-1.49407720566,-1.06809926033,0.284853339195,-1.49407720566,-1.06809926033,0.284853339195
565,2,375,33,3,1,2.625,0,29,1,1,1,1,,-0.74112290144,-1.15491294861,0.0549538470805,-1.49407720566,-1.06809926033,0.284853339195
566,1,375,33,3,1,2.625,1,240,1,0,0,,,,,,,,
566,2,375,33,3,1,2.625,1,29,1,0,0,,,,,,,,
567,1,376,33,3,1,2.625,0,48,1,1,1,1,0,1.3525570631,0.974588811398,1.03235554695,1.3525570631,0.974588811398,1.03235554695
567,2,376,33,3,1,2.625,0,61,1,1,1,1,,1.15112507343,0.979020893574,,1.3525570631,0.974588811398,1.03235554695
568,1,376,33,3,1,2.625,0,2,1,1,1,1,0,1.41551947594,1.74831914902,,1.41551947594,1.74831914902,
568,2,376,33,3,1,2.625,0,16,1,1,1,1,,0.0923589542508,1.38264620304,1.87292575836,1.41551947594,1.74831914902,
569,1,377,33,3,1,2.625,0,48,1,1,1,1,0,0.255766898394,1.74831914902,1.75709688663,0.255766898394,1.74831914902,1.75709688663
569,2,377,33,3,1,2.625,0,60,1,1,1,1,,0.558108448982,1.38264620304,1.04072332382,0.255766898394,1.74831914902,1.75709688663
570,1,377,33,3,1,2.625,0,11,1,1,1,1,0,-1.97000479698,-0.584110856056,-0.280392795801,-1.97000479698,-0.584110856056,-0.280392795801
570,2,377,33,3,1,2.625,0,24,1,1,1,1,,-1.2490644455,0.644097805023,1.87292575836,-1.97000479698,-0.584110856056,-0.280392795801
571,1,378,33,3,1,2.625,1,23,1,1,1,1,0,-2.8579685688,-1.28242993355,-0.342282652855,-2.8579685688,-1.28242993355,-0.342282652855
571,2,378,33,3,1,2.625,1,36,1,1,1,1,,-2.3902490139,-1.60577559471,-1.3385361433,-2.8579685688,-1.28242993355,-0.342282652855
572,1,379,33,3,1,2.625,1,24,1,1,1,1,0,-1.94193279743,-0.587439775467,-0.149498522282,-1.94193279743,-0.587439775467,-0.149498522282
572,2,379,33,3,1,2.625,1,38,1,1,1,1,,-1.69872248173,-0.652213573456,-0.265155732632,-1.94193279743,-0.587439775467,-0.149498522282
573,1,381,33,3,1,2.625,0,9,1,1,1,1,0,0.281421095133,0.658150553703,0.421570956707,0.281421095133,0.658150553703,0.421570956707
573,2,381,33,3,1,2.625,0,23,1,1,1,1,,-0.664750218391,,1.45427548885,0.281421095133,0.658150553703,0.421570956707
574,1,382,33,3,1,2.625,1,16,1,1,1,1,0,-0.825034081936,0.153571054339,-0.15008687973,-0.825034081936,0.153571054339,-0.15008687973
574,2,382,33,3,1,2.625,1,29,1,1,1,1,,-0.847226321697,-0.251960158348,0.880369484425,-0.825034081936,0.153571054339,-0.15008687973
575,2,382,33,3,1,2.625,0,13,1,1,0,,,-0.790845811367,0.561560511589,1.20973837376,,,
576,1,383,33,3,0,35,1,31,1,1,1,1,0,-0.920304059982,-0.231782227755,0.173807218671,-0.920304059982,-0.231782227755,0.173807218671
576,2,383,33,3,0,35,1,45,1,1,1,1,,-1.05621802807,-0.378437906504,0.486035376787,-0.920304059982,-0.231782227755,0.173807218671
577,1,385,33,3,0,35,0,61,1,0,0,,,,,,,,
577,2,385,33,3,0,35,0,73,1,1,0,,,-0.533226370811,-0.522590756416,,,,
578,1,385,33,3,0,35,1,38,1,1,1,1,0,-0.595106840134,0.140118390322,0.0387720279396,-0.595106840134,0.140118390322,0.0387720279396
578,2,385,33,3,0,35,1,51,1,1,1,1,,-0.956138789654,-0.814260840416,-1.1528275013,-0.595106840134,0.140118390322,0.0387720279396
579,1,386,33,3,1,2.625,1,30,1,0,0,,,,,,,,
579,2,386,33,3,1,2.625,1,42,1,1,0,,,-0.52752327919,-0.606867134571,-1.61983978748,,,
580,1,386,33,3,1,2.625,0,9,1,1,1,1,0,-0.677004337311,-1.81865179539,-1.33340895176,-0.677004337311,-1.81865179539,-1.33340895176
580,2,386,33,3,1,2.625,0,23,1,1,1,1,,-2.05033659935,-0.842644035816,-0.521443426609,-0.677004337311,-1.81865179539,-1.33340895176
581,1,387,34,4,1,2.5,0,37,1,1,1,1,0,-1.7945535183,-0.731062889099,-0.634130001068,-1.7945535183,-0.731062889099,-0.634130001068
581,2,387,34,4,1,2.5,0,50,1,1,1,1,,-1.2881141901,-0.935643076897,-1.27087724209,-1.7945535183,-0.731062889099,-0.634130001068
582,1,387,34,4,1,2.5,0,4,1,1,1,1,0,0.727616250515,-0.00290277902968,0.182356521487,0.727616250515,-0.00290277902968,0.182356521487
582,2,387,34,4,1,2.5,0,17,1,1,1,1,,-0.529692530632,0.0821424126625,0.337728023529,0.727616250515,-0.00290277902968,0.182356521487
583,2,387,34,4,1,2.5,0,17,1,0,0,,,,,,,,
584,1,388,34,4,1,2.5,0,15,1,1,1,1,0,-3.53548264503,-2.1816034317,-0.211233317852,-3.53548264503,-2.1816034317,-0.211233317852
584,2,388,34,4,1,2.5,0,28,1,1,1,1,,-2.8735396862,-1.27318477631,-0.938693106174,-3.53548264503,-2.1816034317,-0.211233317852
585,2,389,34,4,0,27.75,1,25,1,1,0,,,-2.43735218048,-1.14303946495,-1.27004027367,,,
586,1,390,34,4,1,2.5,0,50,1,1,1,1,0,-2.5182800293,-1.22903943062,,-2.5182800293,-1.22903943062,
586,2,390,34,4,1,2.5,0,63,1,1,1,1,,-1.98416268826,-1.39048361778,,-2.5182800293,-1.22903943062,
587,1,390,34,4,1,2.5,1,21,1,1,1,1,0,-1.84710693359,-0.805736541748,-0.573021531105,-1.84710693359,-0.805736541748,-0.573021531105
587,2,390,34,4,1,2.5,1,34,1,1,1,1,,-1.81368398666,-0.599376916885,-0.347871750593,-1.84710693359,-0.805736541748,-0.573021531105
588,1,391,34,4,1,2.5,0,25,1,1,1,0,1,-0.793332874775,-1.44862699509,-0.618846356869,-0.793332874775,-1.44862699509,-0.618846356869
588,2,391,34,4,1,2.5,0,38,1,0,1,0,,,,,-0.793332874775,-1.44862699509,-0.618846356869
589,1,392,34,4,1,2.5,0,25,1,1,1,1,0,-1.01798117161,-1.02505540848,-1.07363200188,-1.01798117161,-1.02505540848,-1.07363200188
589,2,392,34,4,1,2.5,0,38,1,1,1,1,,-0.994017601013,-1.06253170967,-1.26777434349,-1.01798117161,-1.02505540848,-1.07363200188
590,2,392,34,4,1,2.5,0,2,1,1,0,,,-1.26215350628,-0.0108830332756,,,,
591,1,393,34,4,0,27.75,0,36,1,1,1,1,0,-1.56019806862,-0.0536448806524,0.207182973623,-1.56019806862,-0.0536448806524,0.207182973623
591,2,393,34,4,0,27.75,0,49,1,1,1,1,,-1.10805535316,-0.160055965185,-0.280721157789,-1.56019806862,-0.0536448806524,0.207182973623
592,1,394,34,4,0,27.75,1,56,1,1,1,1,0,-1.05811440945,-1.00454425812,-1.52641820908,-1.05811440945,-1.00454425812,-1.52641820908
592,2,394,34,4,0,27.75,1,68,1,1,1,1,,-0.59520226717,-0.780047118664,,-1.05811440945,-1.00454425812,-1.52641820908
593,1,394,34,4,0,27.75,1,28,1,1,1,1,0,-3.14765167236,-1.37265777588,-0.564018905163,-3.14765167236,-1.37265777588,-0.564018905163
593,2,394,34,4,0,27.75,1,41,1,1,1,1,,-3.25613188744,-1.70720005035,-0.00117530592252,-3.14765167236,-1.37265777588,-0.564018905163
594,1,394,34,4,0,27.75,0,168,1,0,0,,,,,,,,
594,2,394,34,4,0,27.75,0,41,1,0,0,,,,,,,,
595,2,394,34,4,0,27.75,0,11,1,1,0,,,-2.31345129013,-1.6416631937,-0.280392795801,,,
596,1,395,34,4,1,2.5,1,35,1,1,1,1,0,-1.9537153244,-0.739780783653,-0.0725157409906,-1.9537153244,-0.739780783653,-0.0725157409906
596,2,395,34,4,1,2.5,1,48,1,1,1,1,,-1.95732104778,-0.968151032925,-0.608424723148,-1.9537153244,-0.739780783653,-0.0725157409906
597,1,395,34,4,1,2.5,0,8,1,1,1,1,0,-0.702508509159,0.863850176334,1.50466918945,-0.702508509159,0.863850176334,1.50466918945
597,2,395,34,4,1,2.5,0,21,1,1,1,1,,-1.12548100948,0.28110191226,0.844891250134,-0.702508509159,0.863850176334,1.50466918945
598,1,396,34,4,0,27.75,1,63,1,0,0,,,,,,,,
598,2,396,34,4,0,27.75,1,72,1,0,0,,,,,,,,
599,2,396,34,4,0,27.75,0,56,1,1,0,,,-0.750722169876,-2.12361884117,-2.84469246864,,,
600,1,397,34,4,1,2.5,0,39,1,1,1,1,0,-2.86580824852,-0.203958690166,1.56478393078,-2.86580824852,-0.203958690166,1.56478393078
600,2,397,34,4,1,2.5,0,52,1,1,1,1,,-2.05211520195,-0.339675754309,0.6594851017,-2.86580824852,-0.203958690166,1.56478393078
601,1,397,34,4,1,2.5,1,13,1,1,1,1,0,-1.299659729,-0.0444500260055,1.39310097694,-1.299659729,-0.0444500260055,1.39310097694
601,2,397,34,4,1,2.5,1,24,1,1,1,1,,-0.903597533703,-0.176512509584,1.18716824055,-1.299659729,-0.0444500260055,1.39310097694
602,1,398,34,4,1,2.5,1,53,1,1,1,1,0,-1.4149864912,-1.56702363491,-2.25468707085,-1.4149864912,-1.56702363491,-2.25468707085
602,2,398,34,4,1,2.5,1,66,1,1,1,1,,-1.06904470921,-1.31749594212,,-1.4149864912,-1.56702363491,-2.25468707085
603,1,398,34,4,1,2.5,1,12,1,1,1,1,0,-0.763110697269,-0.469579994678,0.24653197825,-0.763110697269,-0.469579994678,0.24653197825
603,2,398,34,4,1,2.5,1,25,1,1,1,1,,-1.06469476223,-0.3083127141,0.198707506061,-0.763110697269,-0.469579994678,0.24653197825
604,1,400,35,3,1,1.74999988079,1,52,1,1,1,1,0,0.426104784012,0.195627018809,-0.881899654865,0.426104784012,0.195627018809,-0.881899654865
604,2,400,35,3,1,1.74999988079,1,65,1,1,1,1,,0.536565244198,0.00199839798734,,0.426104784012,0.195627018809,-0.881899654865
605,2,400,35,3,1,1.74999988079,0,7,1,1,0,,,-0.00668032607064,0.0474294126034,0.567424952984,,,
606,1,401,35,3,1,1.74999988079,1,28,1,1,1,1,0,-1.63217270374,-0.698114216328,-1.17651605606,-1.63217270374,-0.698114216328,-1.17651605606
606,2,401,35,3,1,1.74999988079,1,41,1,1,1,1,,-1.69038558006,-0.57051974535,-0.223993867636,-1.63217270374,-0.698114216328,-1.17651605606
607,1,401,35,3,1,1.74999988079,0,28,1,1,1,1,0,-1.40062940121,-1.30415272713,-1.49455332756,-1.40062940121,-1.30415272713,-1.49455332756
607,2,401,35,3,1,1.74999988079,0,41,1,1,1,1,,-1.27310657501,-1.40223526955,-0.652993381023,-1.40062940121,-1.30415272713,-1.49455332756
608,1,402,35,3,1,1.74999988079,1,19,1,1,1,1,0,-0.563923418522,1.74831914902,0.384385347366,-0.563923418522,1.74831914902,0.384385347366
608,2,402,35,3,1,1.74999988079,1,31,1,1,1,1,,-0.319436877966,1.34919917583,1.0652064085,-0.563923418522,1.74831914902,0.384385347366
609,2,402,35,3,1,1.74999988079,0,61,1,1,0,,,-0.961509466171,0.0556339323521,,,,
610,1,403,35,3,1,1.74999988079,1,19,1,1,1,1,0,-2.583735466,0.629445970058,0.400682300329,-2.583735466,0.629445970058,0.400682300329
610,2,403,35,3,1,1.74999988079,1,31,1,1,1,1,,0.155666187406,1.07452964783,1.1713603735,-2.583735466,0.629445970058,0.400682300329
611,1,405,35,3,1,1.74999988079,1,19,1,1,1,1,0,-1.93300068378,-2.0896718502,-1.38790881634,-1.93300068378,-2.0896718502,-1.38790881634
611,2,405,35,3,1,1.74999988079,1,32,1,1,1,1,,-1.55565869808,-2.00621366501,-1.32344424725,-1.93300068378,-2.0896718502,-1.38790881634
612,1,407,35,3,1,1.74999988079,1,41,1,1,1,1,0,-0.34458810091,-0.0139053296298,-1.43589925766,-0.34458810091,-0.0139053296298,-1.43589925766
612,2,407,35,3,1,1.74999988079,1,55,1,1,1,1,,-0.22510869801,-0.135400637984,-0.544450461864,-0.34458810091,-0.0139053296298,-1.43589925766
613,1,407,35,3,1,1.74999988079,0,14,1,1,1,1,0,-1.63270699978,-1.41288948059,-1.58334982395,-1.63270699978,-1.41288948059,-1.58334982395
613,2,407,35,3,1,1.74999988079,0,25,1,1,1,1,,-0.26380443573,0.270485639572,0.0747872516513,-1.63270699978,-1.41288948059,-1.58334982395
614,1,408,35,3,0,53.5,1,27,1,1,1,1,0,-1.53878378868,-0.628057479858,-0.0720228254795,-1.53878378868,-0.628057479858,-0.0720228254795
614,2,408,35,3,0,53.5,1,40,1,1,1,1,,-1.83338308334,-0.430961966515,,-1.53878378868,-0.628057479858,-0.0720228254795
615,1,409,35,3,1,1.74999988079,1,13,1,1,1,1,0,-3.08700060844,-1.67261552811,-1.11728680134,-3.08700060844,-1.67261552811,-1.11728680134
615,2,409,35,3,1,1.74999988079,1,26,1,1,1,1,,-3.42233085632,-1.63810992241,-0.108916521072,-3.08700060844,-1.67261552811,-1.11728680134
616,2,409,35,3,1,1.74999988079,0,57,1,1,0,,,-3.13178277016,-1.41646277905,-0.0524424351752,,,
617,1,410,35,3,1,1.74999988079,0,25,1,1,1,1,0,-0.939355492592,-0.382215470076,-1.01814138889,-0.939355492592,-0.382215470076,-1.01814138889
617,2,410,35,3,1,1.74999988079,0,38,1,1,1,1,,-1.4548304081,-0.663075745106,-0.207574144006,-0.939355492592,-0.382215470076,-1.01814138889
618,1,411,36,3,1,3.875,1,2,1,1,1,0,1,1.41551947594,0.166070088744,,1.41551947594,0.166070088744,
618,2,411,36,3,1,3.875,1,15,1,0,1,0,,,,,1.41551947594,0.166070088744,
619,1,412,36,3,1,3.875,1,19,1,1,1,1,0,0.247378990054,0.348633319139,0.465614914894,0.247378990054,0.348633319139,0.465614914894
619,2,412,36,3,1,3.875,1,33,1,1,1,1,,-0.782575726509,-0.336528122425,-0.59246557951,0.247378990054,0.348633319139,0.465614914894
620,1,413,36,3,0,63.2499961853,1,52,1,1,1,1,0,-2.12971997261,-1.21501922607,0.23375788331,-2.12971997261,-1.21501922607,0.23375788331
620,2,413,36,3,0,63.2499961853,1,64,1,1,1,1,,-2.32181501389,-1.35174953938,,-2.12971997261,-1.21501922607,0.23375788331
621,1,413,36,3,0,63.2499961853,1,38,1,1,1,1,0,-2.14786887169,-0.580463171005,0.113344326615,-2.14786887169,-0.580463171005,0.113344326615
621,2,413,36,3,0,63.2499961853,1,50,1,1,1,1,,-2.00747251511,-0.807938575745,0.0017110487679,-2.14786887169,-0.580463171005,0.113344326615
622,2,413,36,3,0,63.2499961853,0,8,1,1,0,,,-2.06272864342,-1.60887563229,-1.13072955608,,,
623,1,414,36,3,0,63.2499961853,0,708,1,0,0,,,,,,,,
623,2,414,36,3,0,63.2499961853,0,72,1,1,0,,,-2.1314034462,-1.49001920223,,,,
624,1,414,36,3,0,63.2499961853,0,408,1,0,0,,,,,,,,
624,2,414,36,3,0,63.2499961853,0,46,1,1,0,,,-1.75833392143,-0.483259737492,-0.367695122957,,,
625,1,415,36,3,0,63.2499961853,1,59,1,1,1,1,0,0.244772672653,-0.111899778247,0.312351673841,0.244772672653,-0.111899778247,0.312351673841
625,2,415,36,3,0,63.2499961853,1,72,1,1,1,1,,-1.4892616272,-0.216102167964,,0.244772672653,-0.111899778247,0.312351673841
626,1,416,36,3,1,3.875,0,65,1,0,0,,,,,,,,
626,2,416,36,3,1,3.875,0,72,1,0,0,,,,,,,,
627,1,416,36,3,1,3.875,0,33,1,1,1,1,0,-0.932245314121,-0.715375125408,-1.12791621685,-0.932245314121,-0.715375125408,-1.12791621685
627,2,416,36,3,1,3.875,0,46,1,1,1,1,,-0.18043872714,-0.530960977077,-1.58172750473,-0.932245314121,-0.715375125408,-1.12791621685
628,1,417,36,3,1,3.875,1,33,1,1,1,1,0,1.41551947594,0.512815713882,-1.95589625835,1.41551947594,0.512815713882,-1.95589625835
628,2,417,36,3,1,3.875,1,49,1,1,1,1,,1.15755546093,-0.257670223713,-2.11028289795,1.41551947594,0.512815713882,-1.95589625835
629,1,417,36,3,1,3.875,0,47,1,1,1,1,0,1.41551947594,1.07118618488,-0.791274726391,1.41551947594,1.07118618488,-0.791274726391
629,2,417,36,3,1,3.875,0,61,1,1,1,1,,0.846206665039,0.761471390724,,1.41551947594,1.07118618488,-0.791274726391
630,1,418,36,3,1,3.875,1,38,1,1,1,1,0,-0.530943036079,-0.823071599007,-1.1511515379,-0.530943036079,-0.823071599007,-1.1511515379
630,2,418,36,3,1,3.875,1,51,1,1,1,1,,-0.34563601017,-0.995590686798,-1.82719540596,-0.530943036079,-0.823071599007,-1.1511515379
631,1,418,36,3,1,3.875,0,14,1,1,1,1,0,-0.585193932056,-0.746098637581,-1.1074975729,-0.585193932056,-0.746098637581,-1.1074975729
631,2,418,36,3,1,3.875,0,28,1,1,1,1,,-0.76287573576,-0.42880833149,-0.194154903293,-0.585193932056,-0.746098637581,-1.1074975729
632,1,419,36,3,1,3.875,1,21,1,1,1,1,0,0.402521699667,-0.146133691072,0.0302813556045,0.402521699667,-0.146133691072,0.0302813556045
632,2,419,36,3,1,3.875,1,36,1,1,1,1,,-0.157967150211,-0.286461442709,-1.03889369965,0.402521699667,-0.146133691072,0.0302813556045
633,2,419,36,3,1,3.875,0,72,1,0,0,,,,,,,,
634,1,420,36,3,1,3.875,1,41,1,1,1,1,0,-2.5602452755,-1.38918244839,-0.223993867636,-2.5602452755,-1.38918244839,-0.223993867636
634,2,420,36,3,1,3.875,1,55,1,1,1,1,,-2.88179802895,-1.72967267036,-0.900302946568,-2.5602452755,-1.38918244839,-0.223993867636
635,1,420,36,3,1,3.875,1,20,1,1,1,1,0,-3.32026529312,-2.45710992813,-0.341709345579,-3.32026529312,-2.45710992813,-0.341709345579
635,2,420,36,3,1,3.875,1,32,1,1,1,1,,-3.06840515137,-2.24305868149,-0.718164682388,-3.32026529312,-2.45710992813,-0.341709345579
636,1,421,36,3,1,3.875,1,29,1,1,1,1,0,-1.1919645071,0.0587959289551,0.582223236561,-1.1919645071,0.0587959289551,0.582223236561
636,2,421,36,3,1,3.875,1,42,1,1,1,1,,-1.37606823444,0.767121374607,-0.222418650985,-1.1919645071,0.0587959289551,0.582223236561
637,1,422,36,3,0,63.2499961853,1,37,1,1,1,1,0,-2.26858711243,-1.21207690239,-0.541732847691,-2.26858711243,-1.21207690239,-0.541732847691
637,2,422,36,3,0,63.2499961853,1,50,1,1,1,1,,-1.99607014656,-1.19842112064,-0.671937584877,-2.26858711243,-1.21207690239,-0.541732847691
638,1,423,37,1,1,2.25,0,66,1,0,0,,,,,,,,
638,2,423,37,1,1,2.25,0,72,1,0,0,,,,,,,,
639,1,423,37,1,1,2.25,0,36,1,1,1,1,0,-3.03042984009,-1.15381896496,-0.110796190798,-3.03042984009,-1.15381896496,-0.110796190798
639,2,423,37,1,1,2.25,0,49,1,1,1,1,,-2.53784871101,-1.46213769913,0.168605744839,-3.03042984009,-1.15381896496,-0.110796190798
640,1,423,37,1,1,2.25,1,12,1,1,1,1,0,-1.7339912653,-0.758580744267,0.0791813135147,-1.7339912653,-0.758580744267,0.0791813135147
640,2,423,37,1,1,2.25,1,25,1,1,1,1,,-2.07130885124,-1.31875705719,-0.510133624077,-1.7339912653,-0.758580744267,0.0791813135147
641,1,424,37,1,1,2.25,1,8,1,1,1,0,1,0.422918051481,0.755773186684,0.825300872326,0.422918051481,0.755773186684,0.825300872326
642,1,425,37,1,1,2.25,1,44,1,1,1,1,0,-2.83433103561,-1.13778531551,-0.554088592529,-2.83433103561,-1.13778531551,-0.554088592529
642,2,425,37,1,1,2.25,1,57,1,1,1,1,,-2.78077435493,-0.899293541908,-0.468652844429,-2.83433103561,-1.13778531551,-0.554088592529
643,1,425,37,1,1,2.25,0,22,1,1,1,1,0,-2.60637593269,-1.49703431129,-0.836682856083,-2.60637593269,-1.49703431129,-0.836682856083
643,2,425,37,1,1,2.25,0,35,1,1,1,1,,-2.41052412987,-1.07276618481,-0.493243962526,-2.60637593269,-1.49703431129,-0.836682856083
644,1,426,37,1,1,2.25,1,38,1,1,1,1,0,-1.22391092777,0.0979364216328,0.549521923065,-1.22391092777,0.0979364216328,0.549521923065
644,2,426,37,1,1,2.25,1,51,1,1,1,1,,-0.752638995647,0.112388908863,-0.667092502117,-1.22391092777,0.0979364216328,0.549521923065
645,2,426,37,1,1,2.25,1,4,1,1,0,,,-2.28228449821,-1.55120027065,,,,
646,1,427,37,1,0,77,1,14,1,1,1,1,0,-0.663809597492,0.190464869142,0.0966288372874,-0.663809597492,0.190464869142,0.0966288372874
646,2,427,37,1,0,77,1,27,1,1,1,1,,-2.81938004494,-0.094472579658,0.774574577808,-0.663809597492,0.190464869142,0.0966288372874
647,2,427,37,1,0,77,0,4,1,1,0,,,-1.314899683,-0.926355063915,,,,
648,1,428,37,1,1,2.25,1,27,1,1,1,1,0,-4.12067890167,-1.83442997932,-1.02896475792,-4.12067890167,-1.83442997932,-1.02896475792
648,2,428,37,1,1,2.25,1,40,1,1,1,1,,-4.068816185,-2.20764756203,-1.26050055027,-4.12067890167,-1.83442997932,-1.02896475792
649,1,428,37,1,1,2.25,0,4,1,1,1,1,0,-0.810278475285,-0.181145966053,0.372273117304,-0.810278475285,-0.181145966053,0.372273117304
649,2,428,37,1,1,2.25,0,17,1,1,1,1,,-2.68830871582,-1.35797047615,-0.544681489468,-0.810278475285,-0.181145966053,0.372273117304
650,1,429,37,1,1,2.25,1,42,1,1,1,1,0,-2.6550321579,-1.6694984436,-0.956820249557,-2.6550321579,-1.6694984436,-0.956820249557
650,2,429,37,1,1,2.25,1,56,1,1,1,1,,-2.67387199402,-1.86416852474,-1.18634486198,-2.6550321579,-1.6694984436,-0.956820249557
651,1,429,37,1,1,2.25,1,16,1,1,1,1,0,-3.54473686218,-2.00847387314,-1.24020564556,-3.54473686218,-2.00847387314,-1.24020564556
651,2,429,37,1,1,2.25,1,29,1,1,1,1,,-3.28912830353,-1.88912045956,-0.964285254478,-3.54473686218,-2.00847387314,-1.24020564556
652,1,430,37,1,1,2.25,1,55,1,1,1,1,0,-2.11649608612,-1.87485516071,-0.68518358469,-2.11649608612,-1.87485516071,-0.68518358469
652,2,430,37,1,1,2.25,1,68,1,1,1,1,,-2.12623238564,-1.71391892433,,-2.11649608612,-1.87485516071,-0.68518358469
653,1,430,37,1,1,2.25,1,240,1,0,0,,,,,,,,
653,2,430,37,1,1,2.25,1,33,1,1,0,,,-2.40279197693,-1.64067614079,-0.842834234238,,,
654,1,431,37,1,0,77,1,32,1,1,1,1,0,0.430078417063,0.377436846495,0.0507487952709,0.430078417063,0.377436846495,0.0507487952709
654,2,431,37,1,0,77,1,47,1,1,1,1,,-0.418436080217,-0.0449731610715,-0.61369818449,0.430078417063,0.377436846495,0.0507487952709
655,1,432,37,1,1,2.25,1,14,1,1,1,1,0,-1.48346447945,-1.0354115963,0.590392351151,-1.48346447945,-1.0354115963,0.590392351151
655,2,432,37,1,1,2.25,1,27,1,1,1,1,,-2.00606870651,-1.55750095844,-1.34670317173,-1.48346447945,-1.0354115963,0.590392351151
656,1,433,37,1,0,77,0,25,1,1,1,1,0,-1.86843955517,-0.243273422122,0.967274129391,-1.86843955517,-0.243273422122,0.967274129391
656,2,433,37,1,0,77,0,38,1,1,1,1,,-2.28429937363,-0.488717645407,0.455735862255,-1.86843955517,-0.243273422122,0.967274129391
657,2,433,37,1,0,77,1,9,1,1,0,,,-0.494052857161,0.92771500349,1.78000247478,,,
658,1,434,37,1,0,77,1,55,1,1,1,1,0,0.0700804889202,-0.160052359104,-1.12042915821,0.0700804889202,-0.160052359104,-1.12042915821
658,2,434,37,1,0,77,1,68,1,1,1,1,,-0.184925287962,-0.241681963205,,0.0700804889202,-0.160052359104,-1.12042915821
659,1,436,38,4,1,2.625,0,29,1,1,1,1,0,-3.2634677887,-2.53602027893,-2.12065529823,-3.2634677887,-2.53602027893,-2.12065529823
659,2,436,38,4,1,2.625,0,42,1,1,1,1,,-2.95112323761,-2.6251783371,-2.95972418785,-3.2634677887,-2.53602027893,-2.12065529823
660,1,436,38,4,1,2.625,1,3,1,0,0,,,,,,,,
660,2,436,38,4,1,2.625,1,16,1,1,0,,,-2.47117090225,-2.96503067017,-2.08644199371,,,
661,1,437,38,4,1,2.625,0,52,1,1,1,1,0,-0.900483608246,-0.542107999325,-0.424121469259,-0.900483608246,-0.542107999325,-0.424121469259
661,2,437,38,4,1,2.625,0,65,1,1,1,1,,-0.899203360081,-0.604239881039,,-0.900483608246,-0.542107999325,-0.424121469259
662,1,437,38,4,1,2.625,1,156,1,0,0,,,,,,,,
662,2,437,38,4,1,2.625,1,26,1,1,0,,,-1.15503168106,-0.279692292213,0.608420610428,,,
663,2,437,38,4,1,2.625,1,1,1,1,0,,,-0.888951539993,-0.930666029453,,,,
664,1,440,38,4,0,31,1,40,1,0,0,,,,,,,,
664,2,440,38,4,0,31,1,53,1,1,0,,,0.774809896946,-0.311969727278,-1.0237994194,,,
665,1,441,38,4,1,2.625,1,60,1,0,0,,,,,,,,
665,2,441,38,4,1,2.625,1,72,1,0,0,,,,,,,,
666,1,441,38,4,1,2.625,0,18,1,1,1,1,0,-1.91256821156,-0.367801070213,0.38751500845,-1.91256821156,-0.367801070213,0.38751500845
666,2,441,38,4,1,2.625,0,31,1,1,1,1,,-1.60824513435,-0.775343894958,-0.402474731207,-1.91256821156,-0.367801070213,0.38751500845
667,1,442,38,4,0,31,1,39,1,1,1,1,0,-1.54574406147,-0.655794262886,-0.37973088026,-1.54574406147,-0.655794262886,-0.37973088026
667,2,442,38,4,0,31,1,52,1,1,1,1,,-1.53560388088,-0.752272546291,-0.203789874911,-1.54574406147,-0.655794262886,-0.37973088026
668,1,444,38,4,1,2.625,0,22,1,1,1,1,0,-2.09516787529,-0.977780818939,0.220767065883,-2.09516787529,-0.977780818939,0.220767065883
668,2,444,38,4,1,2.625,0,36,1,1,1,1,,-2.93601179123,-1.26139140129,0.128588467836,-2.09516787529,-0.977780818939,0.220767065883
669,1,445,38,4,1,2.625,0,57,1,1,1,1,0,-3.08757805824,-2.66356492043,-3.11805677414,-3.08757805824,-2.66356492043,-3.11805677414
669,2,445,38,4,1,2.625,0,72,1,1,1,1,,-2.97374176979,-2.65161681175,,-3.08757805824,-2.66356492043,-3.11805677414
670,1,445,38,4,1,2.625,0,16,1,1,1,1,0,-2.19055986404,0.0832902938128,0.198554128408,-2.19055986404,0.0832902938128,0.198554128408
670,2,445,38,4,1,2.625,0,29,1,1,1,1,,-2.02468204498,-0.0829439163208,-0.237745851278,-2.19055986404,0.0832902938128,0.198554128408
671,1,446,38,4,1,2.625,1,64,1,0,0,,,,,,,,
671,2,446,38,4,1,2.625,1,72,1,0,0,,,,,,,,
672,1,446,38,4,1,2.625,1,37,1,1,1,1,0,-2.68389344215,-0.746608793736,0.66146838665,-2.68389344215,-0.746608793736,0.66146838665
672,2,446,38,4,1,2.625,1,50,1,1,1,1,,-2.72588515282,-0.919667124748,-0.346936404705,-2.68389344215,-0.746608793736,0.66146838665
673,2,446,38,4,1,2.625,1,4,1,1,0,,,-2.28228449821,-0.456730514765,,,,
674,1,447,39,3,0,40.5,0,64,1,0,0,,,,,,,,
674,2,447,39,3,0,40.5,0,72,1,0,0,,,,,,,,
675,1,447,39,3,0,40.5,0,38,1,1,1,1,0,-1.5733268261,-0.810440957546,-0.411114752293,-1.5733268261,-0.810440957546,-0.411114752293
675,2,447,39,3,0,40.5,0,52,1,1,1,1,,-1.84482121468,-1.08108496666,-1.26876544952,-1.5733268261,-0.810440957546,-0.411114752293
676,1,449,39,3,1,2,0,168,1,0,0,,,,,,,,
676,2,449,39,3,1,2,0,46,1,1,0,,,-0.908698022366,-0.17309436202,-0.0202217306942,,,
677,1,449,39,3,1,2,0,54,1,1,1,1,0,-0.264284849167,0.626021504402,0.54204916954,-0.264284849167,0.626021504402,0.54204916954
677,2,449,39,3,1,2,0,67,1,1,1,1,,-0.330371290445,0.666140317917,,-0.264284849167,0.626021504402,0.54204916954
678,1,449,39,3,1,2,0,33,1,0,0,,,,,,,,
678,2,449,39,3,1,2,0,46,1,0,0,,,,,,,,
679,2,449,39,3,1,2,1,72,1,1,0,,,-1.59669291973,-0.839570939541,,,,
680,1,450,39,3,1,2,0,23,1,1,1,1,0,-0.447729825974,-0.156987756491,0.257185518742,-0.447729825974,-0.156987756491,0.257185518742
680,2,450,39,3,1,2,0,36,1,1,1,1,,-1.04764223099,0.216803327203,0.591510593891,-0.447729825974,-0.156987756491,0.257185518742
681,1,451,39,3,1,2,1,41,1,1,1,1,0,-4.0638589859,-2.01407003403,-0.843641221523,-4.0638589859,-2.01407003403,-0.843641221523
681,2,451,39,3,1,2,1,54,1,1,1,1,,-3.907766819,-2.24098157883,-1.09093940258,-4.0638589859,-2.01407003403,-0.843641221523
682,1,451,39,3,1,2,1,20,1,1,1,1,0,-1.90966045856,-0.0739057585597,0.168392241001,-1.90966045856,-0.0739057585597,0.168392241001
682,2,451,39,3,1,2,1,34,1,1,1,1,,-2.33807349205,-0.416276186705,-0.46857175231,-1.90966045856,-0.0739057585597,0.168392241001
683,2,451,39,3,1,2,0,1,1,1,0,,,-3.91688537598,-2.73333907127,,,,
684,1,452,39,3,0,40.5,0,46,1,1,1,1,0,-2.17101335526,-0.924373269081,-2.27454376221,-2.17101335526,-0.924373269081,-2.27454376221
684,2,452,39,3,0,40.5,0,60,1,1,1,1,,-1.99914813042,-0.851112782955,-2.62499976158,-2.17101335526,-0.924373269081,-2.27454376221
685,1,453,39,3,1,2,1,11,1,1,1,1,0,-0.841404616833,-0.524359107018,-0.229219585657,-0.841404616833,-0.524359107018,-0.229219585657
685,2,453,39,3,1,2,1,24,1,1,1,1,,-1.69397163391,-0.823309242725,-1.58469760418,-0.841404616833,-0.524359107018,-0.229219585657
686,1,454,39,3,1,2,1,65,1,0,0,,,,,,,,
686,2,454,39,3,1,2,1,72,1,0,0,,,,,,,,
687,1,454,39,3,1,2,0,39,1,1,1,1,0,-0.756931483746,0.397380203009,1.08290827274,-0.756931483746,0.397380203009,1.08290827274
687,2,454,39,3,1,2,0,52,1,1,1,1,,-0.819869756699,0.0615497678518,0.134221091866,-0.756931483746,0.397380203009,1.08290827274
688,1,454,39,3,1,2,1,4,1,1,1,1,0,-0.133937582374,-0.523444056511,0.810230910778,-0.133937582374,-0.523444056511,0.810230910778
688,2,454,39,3,1,2,1,17,1,1,1,1,,-1.90274870396,-2.02689957619,-0.107079058886,-0.133937582374,-0.523444056511,0.810230910778
689,1,455,39,3,1,2,0,38,1,1,1,1,0,-2.08680725098,-0.699652075768,-0.329216063023,-2.08680725098,-0.699652075768,-0.329216063023
689,2,455,39,3,1,2,0,52,1,1,1,1,,-1.83330416679,-0.416091501713,-0.618228375912,-2.08680725098,-0.699652075768,-0.329216063023
690,1,455,39,3,1,2,1,23,1,1,1,1,0,-1.17221307755,-0.0785476416349,-0.256706506014,-1.17221307755,-0.0785476416349,-0.256706506014
690,2,455,39,3,1,2,1,36,1,1,1,1,,-1.02461850643,0.664512097836,0.377470076084,-1.17221307755,-0.0785476416349,-0.256706506014
691,1,456,39,3,1,2,1,53,1,1,1,1,0,-3.12680673599,-0.773132026196,-1.44281125069,-3.12680673599,-0.773132026196,-1.44281125069
691,2,456,39,3,1,2,1,67,1,1,1,1,,-2.76432418823,-0.890905797482,,-3.12680673599,-0.773132026196,-1.44281125069
692,1,456,39,3,1,2,1,14,1,1,1,1,0,-4.20323324203,-3.26941204071,-0.782482147217,-4.20323324203,-3.26941204071,-0.782482147217
692,2,456,39,3,1,2,1,27,1,1,1,1,,-3.60311698914,-1.34904897213,0.430170297623,-4.20323324203,-3.26941204071,-0.782482147217
693,1,457,39,3,1,2,1,17,1,1,1,1,0,-2.5871899128,-0.334912896156,-0.28015768528,-2.5871899128,-0.334912896156,-0.28015768528
693,2,457,39,3,1,2,1,30,1,1,1,1,,-0.900724649429,-0.129876822233,0.0263456217945,-2.5871899128,-0.334912896156,-0.28015768528
694,1,459,40,4,1,2.5,1,47,1,1,1,1,0,-2.30444955826,-1.94956421852,-1.35005927086,-2.30444955826,-1.94956421852,-1.35005927086
694,2,459,40,4,1,2.5,1,61,1,1,1,1,,-1.98016142845,-1.75084805489,,-2.30444955826,-1.94956421852,-1.35005927086
695,1,459,40,4,1,2.5,0,12,1,1,1,1,0,-1.8722012043,-1.7721722126,-1.53794109821,-1.8722012043,-1.7721722126,-1.53794109821
695,2,459,40,4,1,2.5,0,26,1,1,1,1,,-2.09606266022,-1.31699490547,-0.186373904347,-1.8722012043,-1.7721722126,-1.53794109821
696,1,460,40,4,1,2.5,1,19,1,1,1,1,0,-1.47664248943,-0.819444417953,-0.116719909012,-1.47664248943,-0.819444417953,-0.116719909012
696,2,460,40,4,1,2.5,1,32,1,1,1,1,,-1.69355714321,-1.00837314129,-1.19076395035,-1.47664248943,-0.819444417953,-0.116719909012
697,2,460,40,4,1,2.5,1,1,1,1,0,,,-2.65436553955,-1.9149119854,,,,
698,1,461,40,4,1,2.5,0,12,1,1,1,1,0,-1.36720299721,-1.21907126904,-1.43971908092,-1.36720299721,-1.21907126904,-1.43971908092
698,2,461,40,4,1,2.5,0,26,1,1,1,1,,-2.53690552711,-0.992606043816,-1.21477007866,-1.36720299721,-1.21907126904,-1.43971908092
699,1,462,40,4,0,28.7500019073,0,47,1,0,0,,,,,,,,
699,2,462,40,4,0,28.7500019073,0,50,1,1,0,,,-1.96763300896,-0.417751938105,0.217507317662,,,
700,1,463,40,4,1,2.5,1,55,1,1,1,1,0,-1.19813466072,0.120475113392,-0.47486487031,-1.19813466072,0.120475113392,-0.47486487031
700,2,463,40,4,1,2.5,1,68,1,1,1,1,,-1.06551718712,0.247475832701,,-1.19813466072,0.120475113392,-0.47486487031
701,1,463,40,4,1,2.5,0,32,1,1,1,1,0,-0.434329837561,0.71954202652,-0.145495951176,-0.434329837561,0.71954202652,-0.145495951176
701,2,463,40,4,1,2.5,0,46,1,1,1,1,,-0.277538478374,0.706394910812,-0.687596738338,-0.434329837561,0.71954202652,-0.145495951176
702,1,463,40,4,1,2.5,1,7,1,1,1,1,0,0.95566290617,1.36735391617,1.06070387363,0.95566290617,1.36735391617,1.06070387363
702,2,463,40,4,1,2.5,1,20,1,1,1,1,,-0.183742552996,0.755885660648,1.11944079399,0.95566290617,1.36735391617,1.06070387363
703,1,464,40,4,1,2.5,0,11,1,1,1,1,0,-0.531825006008,-0.471067279577,0.0782747343183,-0.531825006008,-0.471067279577,0.0782747343183
703,2,464,40,4,1,2.5,0,24,1,1,1,1,,-1.36362671852,-0.776835680008,-1.02482175827,-0.531825006008,-0.471067279577,0.0782747343183
704,1,465,40,4,1,2.5,0,21,1,1,1,1,0,-1.75175392628,,-0.251481503248,-1.75175392628,,-0.251481503248
704,2,465,40,4,1,2.5,0,34,1,1,1,1,,-2.1049888134,-1.01625013351,-0.718670487404,-1.75175392628,,-0.251481503248
705,2,465,40,4,1,2.5,0,7,1,1,0,,,-2.12544345856,-2.57164144516,-2.84011030197,,,
706,1,466,40,4,0,28.7500019073,1,4,1,1,1,1,0,-1.12725865841,-3.14625525475,,-1.12725865841,-3.14625525475,
706,2,466,40,4,0,28.7500019073,1,17,1,1,1,1,,-1.62195086479,-1.97219109535,-1.77763593197,-1.12725865841,-3.14625525475,
707,1,467,40,4,1,2.5,1,59,0,1,1,0,1,-0.475642859936,-0.532224774361,-0.804116249084,-0.475642859936,-0.532224774361,-0.804116249084
707,2,467,40,4,1,2.5,1,74,0,0,1,0,,,,,-0.475642859936,-0.532224774361,-0.804116249084
708,1,467,40,4,1,2.5,0,37,1,0,0,,,,,,,,
708,2,467,40,4,1,2.5,0,50,1,1,0,,,-2.69401812553,-1.65785479546,-1.35625064373,,,
709,1,467,40,4,1,2.5,0,1,1,1,1,1,0,-0.0639086067677,0.722499608994,,-0.0639086067677,0.722499608994,
709,2,467,40,4,1,2.5,0,14,1,1,1,1,,-1.79619109631,-1.04341101646,-0.637909829617,-0.0639086067677,0.722499608994,
710,1,468,40,4,0,28.7500019073,0,39,1,1,1,1,0,-1.13444578648,0.308341324329,0.94081813097,-1.13444578648,0.308341324329,0.94081813097
710,2,468,40,4,0,28.7500019073,0,52,1,1,1,1,,-1.45326709747,0.281900286674,0.522454559803,-1.13444578648,0.308341324329,0.94081813097
711,1,468,40,4,0,28.7500019073,0,2,1,1,1,1,0,1.26225459576,0.824745535851,,1.26225459576,0.824745535851,
711,2,468,40,4,0,28.7500019073,0,15,1,1,1,1,,-1.2827757597,-0.974375844002,0.228895738721,1.26225459576,0.824745535851,
712,2,468,40,4,0,28.7500019073,0,1,1,1,0,,,,1.38264620304,,,,
713,1,469,40,4,1,2.5,1,19,1,1,1,1,0,-1.12169575691,0.289451211691,-0.202617183328,-1.12169575691,0.289451211691,-0.202617183328
713,2,469,40,4,1,2.5,1,32,1,1,1,1,,-1.63839864731,-0.757868945599,-0.718164682388,-1.12169575691,0.289451211691,-0.202617183328
714,2,469,40,4,1,2.5,0,72,1,0,0,,,,,,,,
715,1,470,40,4,0,28.7500019073,1,7,1,1,1,1,0,-1.18223595619,-0.479495674372,-0.00155086338054,-1.18223595619,-0.479495674372,-0.00155086338054
715,2,470,40,4,0,28.7500019073,1,20,1,1,1,1,,-2.5568780899,-0.612557470798,-1.15627992153,-1.18223595619,-0.479495674372,-0.00155086338054
716,1,471,41,4,1,3.125,0,72,1,0,0,,,,,,,,
716,2,471,41,4,1,3.125,0,72,1,0,0,,,,,,,,
717,1,471,41,4,1,3.125,1,46,1,1,1,1,0,-2.08940124512,-0.437694311142,0.0358944796026,-2.08940124512,-0.437694311142,0.0358944796026
717,2,471,41,4,1,3.125,1,59,1,1,1,1,,-2.11776566505,-0.823974013329,0.187837168574,-2.08940124512,-0.437694311142,0.0358944796026
718,1,471,41,4,1,3.125,1,19,1,1,1,1,0,-1.91609752178,0.664555728436,1.16942203045,-1.91609752178,0.664555728436,1.16942203045
718,2,471,41,4,1,3.125,1,32,1,1,1,1,,-2.79674482346,0.152798861265,1.63713121414,-1.91609752178,0.664555728436,1.16942203045
719,2,471,41,4,1,3.125,0,5,1,1,0,,,-0.735302090645,-0.864591002464,,,,
720,1,472,41,4,1,3.125,1,57,1,1,1,1,0,-1.02701413631,-0.560562670231,-0.40061417222,-1.02701413631,-0.560562670231,-0.40061417222
720,2,472,41,4,1,3.125,1,70,1,1,1,1,,-0.950224339962,-0.273485481739,,-1.02701413631,-0.560562670231,-0.40061417222
721,1,472,41,4,1,3.125,0,31,1,1,1,1,0,-2.54779219627,-1.76437592506,-1.33344554901,-2.54779219627,-1.76437592506,-1.33344554901
721,2,472,41,4,1,3.125,0,44,1,1,1,1,,-2.39578413963,-1.19298708439,-2.23499774933,-2.54779219627,-1.76437592506,-1.33344554901
722,1,472,41,4,1,3.125,1,29,1,1,1,0,1,-4.7622551918,-2.86950278282,-1.41223847866,-4.7622551918,-2.86950278282,-1.41223847866
722,2,472,41,4,1,3.125,1,42,1,0,1,0,,,,,-4.7622551918,-2.86950278282,-1.41223847866
723,1,474,41,4,1,3.125,1,48,1,1,1,1,0,-3.50113320351,-1.46476280689,-1.14124321938,-3.50113320351,-1.46476280689,-1.14124321938
723,2,474,41,4,1,3.125,1,60,1,1,1,1,,-2.87457704544,-1.33853852749,-0.558296561241,-3.50113320351,-1.46476280689,-1.14124321938
724,1,475,41,4,1,3.125,1,20,1,1,1,1,0,-0.681603074074,-0.520975708961,0.00109688506927,-0.681603074074,-0.520975708961,0.00109688506927
724,2,475,41,4,1,3.125,1,33,1,1,1,1,,-1.408878088,-0.677196741104,-0.388346552849,-0.681603074074,-0.520975708961,0.00109688506927
725,2,475,41,4,1,3.125,1,6,1,1,0,,,1.04522037506,-0.155415609479,0.0199041329324,,,
726,1,476,41,4,1,3.125,1,44,1,1,1,1,0,-1.39978265762,-0.350551307201,0.317051827908,-1.39978265762,-0.350551307201,0.317051827908
726,2,476,41,4,1,3.125,1,57,1,1,1,1,,-1.19916307926,-0.647609710693,0.190266028047,-1.39978265762,-0.350551307201,0.317051827908
727,2,476,41,4,1,3.125,1,2,1,1,0,,,-0.671507775784,0.803669154644,,,,
728,1,478,41,4,1,3.125,1,44,1,1,1,1,0,-1.8940397501,-1.80955982208,-0.78444737196,-1.8940397501,-1.80955982208,-0.78444737196
728,2,478,41,4,1,3.125,1,58,1,1,1,1,,-1.81734144688,-0.956659257412,-0.845581889153,-1.8940397501,-1.80955982208,-0.78444737196
729,1,478,41,4,1,3.125,1,6,1,1,1,1,0,-0.741745769978,-0.364544600248,-0.155249431729,-0.741745769978,-0.364544600248,-0.155249431729
729,2,478,41,4,1,3.125,1,19,1,1,1,1,,-2.60908770561,-1.38111627102,0.220004051924,-0.741745769978,-0.364544600248,-0.155249431729
730,1,480,41,4,1,3.125,0,64,1,0,0,,,,,,,,
730,2,480,41,4,1,3.125,0,72,1,0,0,,,,,,,,
731,1,480,41,4,1,3.125,1,19,1,1,1,1,0,-2.91332745552,-1.46815216541,-0.824343383312,-2.91332745552,-1.46815216541,-0.824343383312
731,2,480,41,4,1,3.125,1,31,1,1,1,1,,-3.26787686348,-1.42339003086,-0.632816255093,-2.91332745552,-1.46815216541,-0.824343383312
732,2,480,41,4,1,3.125,0,6,1,1,0,,,-0.291361033916,-1.57990777493,-1.18269133568,,,
733,1,481,41,4,1,3.125,1,68,1,0,0,,,,,,,,
733,2,481,41,4,1,3.125,1,72,1,0,0,,,,,,,,
734,1,481,41,4,1,3.125,0,2,1,0,0,,,,,,,,
734,2,481,41,4,1,3.125,0,15,1,1,0,,,-3.00194478035,-1.00372517109,1.23191666603,,,
735,1,483,42,2,0,31.75,0,13,1,0,0,,,,,,,,
735,2,483,42,2,0,31.75,0,26,1,1,0,,,-1.11990439892,0.830152571201,0.720168828964,,,
736,1,484,42,2,0,31.75,1,360,1,0,0,,,,,,,,
736,2,484,42,2,0,31.75,1,43,1,1,0,,,-2.01604771614,-0.290349960327,0.561042129993,,,
737,2,484,42,2,0,31.75,0,4,1,1,0,,,-1.45907878876,-1.34889423847,,,,
738,1,485,42,2,1,1.25,0,64,1,0,0,,,,,,,,
738,2,485,42,2,1,1.25,0,72,1,0,0,,,,,,,,
739,1,485,42,2,1,1.25,1,28,1,1,1,1,0,-3.16222453117,-1.52811586857,-1.9227899313,-3.16222453117,-1.52811586857,-1.9227899313
739,2,485,42,2,1,1.25,1,41,1,1,1,1,,-2.9827477932,-1.51966369152,-0.375352412462,-3.16222453117,-1.52811586857,-1.9227899313
740,2,486,42,2,0,31.75,0,52,1,1,0,,,-1.18839144707,-0.320704400539,-0.271791160107,,,
741,1,487,42,2,1,1.25,0,46,1,0,0,,,,,,,,
742,1,487,42,2,1,1.25,1,17,1,1,1,0,1,-1.72725069523,-0.961352586746,-1.09632468224,-1.72725069523,-0.961352586746,-1.09632468224
743,1,488,42,2,0,31.75,0,56,1,1,1,1,0,-1.76440012455,-1.00997674465,-1.64559233189,-1.76440012455,-1.00997674465,-1.64559233189
743,2,488,42,2,0,31.75,0,69,1,1,1,1,,-1.98484027386,-1.34884595871,,-1.76440012455,-1.00997674465,-1.64559233189
744,1,488,42,2,0,31.75,0,23,1,1,1,1,0,-2.36752104759,-0.802208900452,-0.976282179356,-2.36752104759,-0.802208900452,-0.976282179356
744,2,488,42,2,0,31.75,0,36,1,1,1,1,,-2.32903575897,-0.433683484793,-0.355766266584,-2.36752104759,-0.802208900452,-0.976282179356
745,1,489,42,2,1,1.25,0,55,1,1,1,1,0,-1.00383639336,-0.211496248841,-1.20348608494,-1.00383639336,-0.211496248841,-1.20348608494
745,2,489,42,2,1,1.25,0,68,1,1,1,1,,-0.830415844917,-0.628220081329,,-1.00383639336,-0.211496248841,-1.20348608494
746,1,489,42,2,1,1.25,1,55,1,1,1,1,0,-3.82202672958,-0.218033671379,0.322142183781,-3.82202672958,-0.218033671379,0.322142183781
746,2,489,42,2,1,1.25,1,68,1,1,1,1,,-1.70595109463,-0.197652116418,,-3.82202672958,-0.218033671379,0.322142183781
747,1,489,42,2,1,1.25,0,108,1,0,0,,,,,,,,
747,2,489,42,2,1,1.25,0,22,1,1,0,,,-0.766026735306,-0.306444704533,-0.165347635746,,,
748,1,490,42,2,1,1.25,0,11,1,1,1,1,0,-1.84121143818,-0.803595244884,-0.462946981192,-1.84121143818,-0.803595244884,-0.462946981192
748,2,490,42,2,1,1.25,0,24,1,1,1,1,,-1.72367012501,-1.08158612251,-0.481036931276,-1.84121143818,-0.803595244884,-0.462946981192
749,1,493,43,6,0,35.25,0,65,1,0,0,,,,,,,,
749,2,493,43,6,0,35.25,0,72,1,0,0,,,,,,,,
750,1,494,43,6,1,1,0,36,1,1,1,1,0,-1.62763977051,-0.696762800217,-0.43870472908,-1.62763977051,-0.696762800217,-0.43870472908
750,2,494,43,6,1,1,0,49,1,1,1,1,,-1.09623813629,-0.446117073298,-1.46588373184,-1.62763977051,-0.696762800217,-0.43870472908
751,1,496,43,6,1,1,1,14,1,1,1,1,0,-0.21672283113,0.422070145607,0.749850988388,-0.21672283113,0.422070145607,0.749850988388
751,2,496,43,6,1,1,1,27,1,1,1,1,,-0.77870965004,-0.0609241463244,0.312779426575,-0.21672283113,0.422070145607,0.749850988388
752,2,496,43,6,1,1,1,3,1,1,0,,,1.15755546093,1.10750293732,,,,
753,1,497,43,6,1,1,1,66,1,0,0,,,,,,,,
753,2,497,43,6,1,1,1,72,1,0,0,,,,,,,,
754,1,497,43,6,1,1,1,66,1,0,0,,,,,,,,
754,2,497,43,6,1,1,1,72,1,0,0,,,,,,,,
755,2,497,43,6,1,1,0,40,1,1,0,,,-1.37286973,-1.10687077045,-1.3163214922,,,
756,1,498,43,6,1,1,1,11,1,1,1,1,0,-0.34552782774,0.45363470912,0.763987839222,-0.34552782774,0.45363470912,0.763987839222
756,2,498,43,6,1,1,1,24,1,1,1,1,,-0.919095993042,-0.183749392629,1.22399020195,-0.34552782774,0.45363470912,0.763987839222
757,1,499,43,6,1,1,1,56,1,1,1,1,0,1.01308941841,0.176327869296,-0.506279826164,1.01308941841,0.176327869296,-0.506279826164
757,2,499,43,6,1,1,1,69,1,1,1,1,,0.79220199585,0.00845565088093,,1.01308941841,0.176327869296,-0.506279826164
758,1,499,43,6,1,1,1,1,1,1,1,1,0,1.2346650362,0.690479695797,,1.2346650362,0.690479695797,
758,2,499,43,6,1,1,1,14,1,1,1,1,,-1.16677975655,-0.935068130493,-0.736721277237,1.2346650362,0.690479695797,
759,1,501,44,6,1,1,0,52,1,1,1,1,0,1.11487162113,1.1285995245,0.383248716593,1.11487162113,1.1285995245,0.383248716593
759,2,501,44,6,1,1,0,68,1,1,1,1,,0.501246035099,0.689229369164,,1.11487162113,1.1285995245,0.383248716593
760,1,501,44,6,1,1,1,30,1,0,0,,,,,,,,
760,2,501,44,6,1,1,1,44,1,1,0,,,-0.580039978027,0.12326092273,-1.10014295578,,,
761,1,502,44,6,1,1,0,68,1,0,0,,,,,,,,
761,2,502,44,6,1,1,0,72,1,0,0,,,,,,,,
762,1,502,44,6,1,1,1,55,1,1,1,1,0,-0.979476988316,-1.05098199844,-0.614554107189,-0.979476988316,-1.05098199844,-0.614554107189
762,2,502,44,6,1,1,1,67,1,1,1,1,,-0.357796221972,-0.495002418756,,-0.979476988316,-1.05098199844,-0.614554107189
763,1,502,44,6,1,1,1,41,1,1,1,1,0,-0.870231389999,-0.548087000847,-0.685107290745,-0.870231389999,-0.548087000847,-0.685107290745
763,2,502,44,6,1,1,1,54,1,1,1,1,,-0.468450963497,-0.358936369419,-0.618445575237,-0.870231389999,-0.548087000847,-0.685107290745
764,1,502,44,6,1,1,0,19,1,1,1,1,0,-1.81170535088,-0.879653990269,-0.617036640644,-1.81170535088,-0.879653990269,-0.617036640644
764,2,502,44,6,1,1,0,32,1,1,1,1,,-1.48790836334,-0.382446497679,0.260412335396,-1.81170535088,-0.879653990269,-0.617036640644
765,2,502,44,6,1,1,1,11,1,1,0,,,-0.0281684882939,0.711592078209,1.66862988472,,,
766,1,503,44,6,1,1,0,44,1,1,1,1,0,-1.12214183807,-1.10959935188,-2.0449180603,-1.12214183807,-1.10959935188,-2.0449180603
766,2,503,44,6,1,1,0,57,1,1,1,1,,-1.24207794666,-1.5054949522,-2.52406740189,-1.12214183807,-1.10959935188,-2.0449180603
767,1,503,44,6,1,1,1,20,1,0,0,,,,,,,,
767,2,503,44,6,1,1,1,33,1,1,0,,,-3.16524481773,-1.6561216116,-1.36238193512,,,
768,2,503,44,6,1,1,0,6,1,1,0,,,-3.32833719254,-3.44565272331,-2.95972418785,,,
769,2,507,44,6,0,38,0,44,1,1,0,,,-1.97535872459,-0.145347967744,-0.520358502865,,,
770,2,507,44,6,0,38,0,55,1,1,0,,,0.332723528147,0.435023933649,-0.720976233482,,,
771,2,507,44,6,0,38,0,8,1,1,0,,,0.13629321754,0.0371590219438,-0.606784343719,,,
772,1,508,44,6,0,38,0,48,1,1,1,0,1,-2.90346670151,-1.65480220318,-1.14526832104,-2.90346670151,-1.65480220318,-1.14526832104
772,2,508,44,6,0,38,0,61,1,0,1,0,,,,,-2.90346670151,-1.65480220318,-1.14526832104
773,1,509,44,6,1,1,0,35,1,1,1,1,0,1.41551947594,1.74831914902,1.75709688663,1.41551947594,1.74831914902,1.75709688663
773,2,509,44,6,1,1,0,48,1,1,1,1,,1.15755546093,1.38264620304,1.58319723606,1.41551947594,1.74831914902,1.75709688663
774,1,509,44,6,1,1,0,22,1,1,1,1,0,-2.43597340584,-1.64082598686,-1.02197337151,-2.43597340584,-1.64082598686,-1.02197337151
774,2,509,44,6,1,1,0,35,1,1,1,1,,-1.45435726643,-0.466163188219,-0.326359897852,-2.43597340584,-1.64082598686,-1.02197337151
775,1,510,45,7,1,1.74999988079,1,44,1,1,1,1,0,-2.47267985344,-1.34723043442,-0.862437665462,-2.47267985344,-1.34723043442,-0.862437665462
775,2,510,45,7,1,1.74999988079,1,57,1,1,1,1,,-2.41496014595,-1.15865826607,-0.266013592482,-2.47267985344,-1.34723043442,-0.862437665462
776,1,510,45,7,1,1.74999988079,0,14,1,1,1,1,0,-3.43103551865,-2.31235218048,-0.823879361153,-3.43103551865,-2.31235218048,-0.823879361153
776,2,510,45,7,1,1.74999988079,0,27,1,1,1,1,,-4.13248157501,-2.02512598038,-0.191010653973,-3.43103551865,-2.31235218048,-0.823879361153
777,1,511,45,7,1,1.74999988079,1,38,1,1,1,1,0,-1.33940696716,-0.841670751572,-1.668825984,-1.33940696716,-0.841670751572,-1.668825984
777,2,511,45,7,1,1.74999988079,1,51,1,1,1,1,,-1.19355750084,-0.884070575237,-1.38553011417,-1.33940696716,-0.841670751572,-1.668825984
778,1,511,45,7,1,1.74999988079,1,1,1,1,1,0,1,1.41551947594,1.74831914902,,1.41551947594,1.74831914902,
778,2,511,45,7,1,1.74999988079,1,14,1,0,1,0,,,,,1.41551947594,1.74831914902,
779,1,512,45,7,0,48.25,1,19,1,1,1,1,0,-3.20066380501,-2.0896718502,-1.38790881634,-3.20066380501,-2.0896718502,-1.38790881634
779,2,512,45,7,0,48.25,1,32,1,1,1,1,,-2.9208548069,-1.79377532005,-0.760255455971,-3.20066380501,-2.0896718502,-1.38790881634
780,2,512,45,7,0,48.25,0,9,1,1,0,,,-1.1450701952,-2.06935095787,-1.13934016228,,,
781,1,513,45,7,1,1.74999988079,0,66,1,0,0,,,,,,,,
781,2,513,45,7,1,1.74999988079,0,72,1,0,0,,,,,,,,
782,1,513,45,7,1,1.74999988079,1,15,1,1,1,1,0,-1.22659957409,-0.74390655756,-0.371492952108,-1.22659957409,-0.74390655756,-0.371492952108
782,2,513,45,7,1,1.74999988079,1,28,1,1,1,1,,-1.32616138458,-1.59470546246,-0.188309669495,-1.22659957409,-0.74390655756,-0.371492952108
783,1,514,45,7,0,48.25,1,16,1,1,1,1,0,-0.449287652969,-0.582089543343,-1.53126728535,-0.449287652969,-0.582089543343,-1.53126728535
783,2,514,45,7,0,48.25,1,29,1,1,1,1,,-0.933411955833,-0.635509729385,-1.09668970108,-0.449287652969,-0.582089543343,-1.53126728535
784,1,515,45,7,0,48.25,0,58,1,1,1,1,0,-1.27562355995,-2.41397953033,-2.03514957428,-1.27562355995,-2.41397953033,-2.03514957428
784,2,515,45,7,0,48.25,0,72,1,1,1,1,,-1.28906357288,-2.62895202637,,-1.27562355995,-2.41397953033,-2.03514957428
785,1,516,45,7,1,1.74999988079,0,64,1,0,0,,,,,,,,
785,2,516,45,7,1,1.74999988079,0,72,1,0,0,,,,,,,,
786,1,516,45,7,1,1.74999988079,0,23,1,1,1,1,0,-3.46931266785,-2.18966174126,-1.93952763081,-3.46931266785,-2.18966174126,-1.93952763081
786,2,516,45,7,1,1.74999988079,0,36,1,1,1,1,,-3.05740618706,-2.05893778801,-1.26079440117,-3.46931266785,-2.18966174126,-1.93952763081
787,1,517,45,7,1,1.74999988079,1,45,1,1,1,1,0,-2.94240832329,-1.93900930882,-2.44310903549,-2.94240832329,-1.93900930882,-2.44310903549
787,2,517,45,7,1,1.74999988079,1,58,1,1,1,1,,-3.57889318466,-2.80720758438,-2.37565135956,-2.94240832329,-1.93900930882,-2.44310903549
788,1,517,45,7,1,1.74999988079,1,8,1,1,1,1,0,-0.338184773922,0.528964400291,0.0382599234581,-0.338184773922,0.528964400291,0.0382599234581
788,2,517,45,7,1,1.74999988079,1,21,1,1,1,1,,-1.5047712326,-0.738332688808,0.400588929653,-0.338184773922,0.528964400291,0.0382599234581
789,1,518,45,7,1,1.74999988079,1,14,1,1,1,1,0,-1.59523689747,-0.885446071625,-0.421884149313,-1.59523689747,-0.885446071625,-0.421884149313
789,2,518,45,7,1,1.74999988079,1,27,1,1,1,1,,-1.68074452877,-0.791389226913,-0.25324422121,-1.59523689747,-0.885446071625,-0.421884149313
790,1,519,45,7,1,1.74999988079,1,10,1,1,1,1,0,-2.72812771797,-3.09080910683,-1.48069286346,-2.72812771797,-3.09080910683,-1.48069286346
790,2,519,45,7,1,1.74999988079,1,23,1,1,1,1,,-3.31485414505,-3.44565272331,-1.52262270451,-2.72812771797,-3.09080910683,-1.48069286346
791,1,520,45,7,1,1.74999988079,1,14,1,1,1,1,0,-1.62876689434,-0.321327388287,0.346466571093,-1.62876689434,-0.321327388287,0.346466571093
791,2,520,45,7,1,1.74999988079,1,27,1,1,1,1,,-1.44414401054,-0.650082528591,0.0336035639048,-1.62876689434,-0.321327388287,0.346466571093
792,1,524,46,7,1,1,1,58,1,1,1,0,1,-2.11627316475,-1.46658849716,-1.42816853523,-2.11627316475,-1.46658849716,-1.42816853523
792,2,524,46,7,1,1,1,71,1,0,1,0,,,,,-2.11627316475,-1.46658849716,-1.42816853523
793,1,524,46,7,1,1,0,22,1,0,0,,,,,,,,
793,2,524,46,7,1,1,0,34,1,1,0,,,-1.55127561092,-0.158047944307,-0.805314838886,,,
794,2,524,46,7,1,1,1,9,1,1,0,,,-1.07358241081,-0.885056912899,-1.04556953907,,,
795,1,525,46,7,0,27.9999980927,0,35,1,1,1,1,0,-1.57729208469,-0.744267225266,-0.922216832638,-1.57729208469,-0.744267225266,-0.922216832638
795,2,525,46,7,0,27.9999980927,0,48,1,1,1,1,,-1.25828051567,-0.174190610647,-1.40240859985,-1.57729208469,-0.744267225266,-0.922216832638
796,1,526,46,7,0,27.9999980927,1,45,1,1,1,1,0,0.256952166557,0.631232738495,-0.143527850509,0.256952166557,0.631232738495,-0.143527850509
796,2,526,46,7,0,27.9999980927,1,59,1,1,1,1,,-0.136624261737,0.409405231476,0.465641438961,0.256952166557,0.631232738495,-0.143527850509
797,1,527,46,7,1,1,0,42,1,1,1,1,0,-2.35845088959,-0.978913068771,-0.594813585281,-2.35845088959,-0.978913068771,-0.594813585281
797,2,527,46,7,1,1,0,53,1,1,1,1,,-2.21864581108,-1.05230224133,-0.797513067722,-2.35845088959,-0.978913068771,-0.594813585281
798,1,527,46,7,1,1,1,14,1,1,1,1,0,-0.887351572514,0.265803396702,0.180581584573,-0.887351572514,0.265803396702,0.180581584573
798,2,527,46,7,1,1,1,28,1,1,1,1,,-0.670424938202,0.483289688826,0.524802923203,-0.887351572514,0.265803396702,0.180581584573
799,1,529,47,7,1,1,1,5,1,1,1,1,0,-1.32143473625,0.370754033327,-0.094100356102,-1.32143473625,0.370754033327,-0.094100356102
799,2,529,47,7,1,1,1,18,1,1,1,1,,-1.87952637672,-0.318602889776,0.185359954834,-1.32143473625,0.370754033327,-0.094100356102
800,1,530,47,7,1,1,0,59,1,1,1,1,0,-1.60232138634,-1.97669768333,-1.12038064003,-1.60232138634,-1.97669768333,-1.12038064003
800,2,530,47,7,1,1,0,72,1,1,1,1,,-1.74575209618,-2.09782671928,,-1.60232138634,-1.97669768333,-1.12038064003
801,1,530,47,7,1,1,1,32,1,1,1,1,0,-2.65884637833,-1.80181801319,-0.676243245602,-2.65884637833,-1.80181801319,-0.676243245602
801,2,530,47,7,1,1,1,46,1,1,1,1,,-2.38505887985,-1.39938569069,-0.359143644571,-2.65884637833,-1.80181801319,-0.676243245602
802,1,531,47,7,1,1,0,72,1,0,0,,,,,,,,
802,2,531,47,7,1,1,0,71,1,1,0,,,-2.66620111465,-2.53044509888,,,,
803,1,531,47,7,1,1,0,17,1,1,1,1,0,-1.87409389019,-0.458501845598,-0.914527893066,-1.87409389019,-0.458501845598,-0.914527893066
803,2,531,47,7,1,1,0,30,1,1,1,1,,-0.934662640095,-0.967907130718,-1.67218804359,-1.87409389019,-0.458501845598,-0.914527893066
804,1,534,47,7,1,1,0,25,1,1,1,1,0,-3.10401010513,-2.39214396477,-1.74061059952,-3.10401010513,-2.39214396477,-1.74061059952
804,2,534,47,7,1,1,0,38,1,1,1,1,,-2.27113246918,-1.53144478798,-0.0873543173075,-3.10401010513,-2.39214396477,-1.74061059952
805,1,536,47,7,1,1,1,60,1,0,0,,,,,,,,
805,2,536,47,7,1,1,1,73,1,1,0,,,-2.42841410637,-1.24593091011,,,,
806,1,536,47,7,1,1,1,25,1,1,1,1,0,-1.61375641823,-0.158048436046,-1.17776536942,-1.61375641823,-0.158048436046,-1.17776536942
806,2,536,47,7,1,1,1,38,1,1,1,1,,-1.82705008984,0.244239240885,-0.578489303589,-1.61375641823,-0.158048436046,-1.17776536942
807,1,537,47,7,1,1,0,50,1,1,1,1,0,-1.88562226295,-1.12987828255,-1.97650313377,-1.88562226295,-1.12987828255,-1.97650313377
807,2,537,47,7,1,1,0,63,1,1,1,1,,-1.64035451412,-1.0800909996,,-1.88562226295,-1.12987828255,-1.97650313377
808,1,537,47,7,1,1,1,26,1,1,1,1,0,-2.29618811607,-1.05336415768,-0.878988385201,-2.29618811607,-1.05336415768,-0.878988385201
808,2,537,47,7,1,1,1,39,1,1,1,1,,-2.39624118805,-0.983880221844,0.148274317384,-2.29618811607,-1.05336415768,-0.878988385201
809,2,537,47,7,1,1,1,2,1,1,0,,,0.752739787102,1.35889446735,,,,
810,1,538,47,7,1,1,0,19,1,1,1,1,0,-2.26537585258,-1.91015458107,-1.76063239574,-2.26537585258,-1.91015458107,-1.76063239574
810,2,538,47,7,1,1,0,32,1,1,1,1,,-2.39910936356,-2.08796715736,-2.23211169243,-2.26537585258,-1.91015458107,-1.76063239574
811,2,539,47,7,0,53,1,40,1,1,0,,,-1.02963209152,-0.817740321159,-0.729594111443,,,
812,1,540,48,5,0,44.75,0,18,1,1,1,1,0,-1.57889604568,1.03433668613,0.556020438671,-1.57889604568,1.03433668613,0.556020438671
812,2,540,48,5,0,44.75,0,30,1,1,1,1,,-1.63946783543,0.120365574956,0.731524765491,-1.57889604568,1.03433668613,0.556020438671
813,1,540,48,5,0,44.75,0,48,1,1,1,1,0,-1.75899076462,-1.19226014614,-0.491817891598,-1.75899076462,-1.19226014614,-0.491817891598
813,2,540,48,5,0,44.75,0,61,1,1,1,1,,-1.49511420727,-0.893608689308,,-1.75899076462,-1.19226014614,-0.491817891598
814,1,541,48,5,0,44.75,1,50,1,1,1,1,0,-3.01096940041,-1.67643225193,-0.970322489738,-3.01096940041,-1.67643225193,-0.970322489738
814,2,541,48,5,0,44.75,1,63,1,1,1,1,,-2.84077143669,-1.49892425537,,-3.01096940041,-1.67643225193,-0.970322489738
815,1,541,48,5,0,44.75,1,22,1,1,1,1,0,-2.42100000381,-0.988579630852,-0.631253361702,-2.42100000381,-0.988579630852,-0.631253361702
815,2,541,48,5,0,44.75,1,35,1,1,1,1,,-1.86072134972,-0.512170314789,-0.267708450556,-2.42100000381,-0.988579630852,-0.631253361702
816,1,542,48,5,1,1,1,7,1,0,0,,,,,,,,
817,1,542,48,5,1,1,0,48,1,1,1,0,1,-1.99742352962,-1.20929169655,-2.70223093033,-1.99742352962,-1.20929169655,-2.70223093033
818,1,543,48,5,1,1,0,432,1,0,0,,,,,,,,
818,2,543,48,5,1,1,0,60,1,1,0,,,-2.61418223381,-2.07053494453,-2.43688988686,,,
819,1,544,48,5,0,44.75,1,48,1,1,1,1,0,-2.59573936462,-1.8628783226,-0.757712483406,-2.59573936462,-1.8628783226,-0.757712483406
819,2,544,48,5,0,44.75,1,61,1,1,1,1,,-2.34679412842,-1.36907875538,,-2.59573936462,-1.8628783226,-0.757712483406
820,1,544,48,5,0,44.75,0,9,1,1,1,1,0,-0.476401776075,-0.337401747704,0.93838840723,-0.476401776075,-0.337401747704,0.93838840723
820,2,544,48,5,0,44.75,0,22,1,1,1,1,,-1.97588658333,-1.03680872917,-0.518895506859,-0.476401776075,-0.337401747704,0.93838840723
821,2,544,48,5,0,44.75,0,1,1,0,0,,,,,,,,
822,1,545,48,5,1,1,1,19,1,1,1,0,1,-2.60908770561,-1.37151491642,-0.289222985506,-2.60908770561,-1.37151491642,-0.289222985506
822,2,545,48,5,1,1,1,32,1,0,1,0,,,,,-2.60908770561,-1.37151491642,-0.289222985506
823,1,546,48,5,0,44.75,1,768,1,0,0,,,,,,,,
823,2,546,48,5,0,44.75,1,72,1,0,0,,,,,,,,
824,1,546,48,5,0,44.75,0,252,1,0,0,,,,,,,,
824,2,546,48,5,0,44.75,0,33,1,1,0,,,-2.53225684166,-1.50811195374,-0.68691521883,,,
825,1,547,48,5,1,1,0,20,1,1,1,1,0,-0.977132737637,-0.036393456161,-0.120904989541,-0.977132737637,-0.036393456161,-0.120904989541
825,2,547,48,5,1,1,0,33,1,1,1,1,,-1.66207718849,-0.0187130291015,0.185026198626,-0.977132737637,-0.036393456161,-0.120904989541
826,2,547,48,5,1,1,1,3,1,1,0,,,1.15755546093,0.963964164257,,,,
827,1,549,49,5,1,1,0,66,1,0,0,,,,,,,,
827,2,549,49,5,1,1,0,72,1,0,0,,,,,,,,
828,1,549,49,5,1,1,0,37,1,1,1,1,0,-0.621939063072,-0.958615243435,-1.06491708755,-0.621939063072,-0.958615243435,-1.06491708755
828,2,549,49,5,1,1,0,50,1,1,1,1,,-0.596877038479,-0.592915892601,-1.22848081589,-0.621939063072,-0.958615243435,-1.06491708755
829,1,550,49,5,1,1,1,20,1,1,1,1,0,-2.15859079361,-0.36578014493,1.11944079399,-2.15859079361,-0.36578014493,1.11944079399
829,2,550,49,5,1,1,1,33,1,1,1,1,,-2.5253303051,-0.0975444093347,0.538773179054,-2.15859079361,-0.36578014493,1.11944079399
830,2,550,49,5,1,1,1,9,1,1,0,,,-1.98427438736,-2.85179114342,-1.87994015217,,,
831,2,550,49,5,1,1,1,72,1,0,0,,,,,,,,
832,1,551,49,5,0,54.25,1,20,1,1,1,0,1,-1.776897192,-0.679983794689,-1.06262469292,-1.776897192,-0.679983794689,-1.06262469292
832,2,551,49,5,0,54.25,1,36,1,0,1,0,,,,,-1.776897192,-0.679983794689,-1.06262469292
833,1,552,49,5,1,1,1,16,1,1,1,1,0,0.534814476967,0.273798376322,-0.324096947908,0.534814476967,0.273798376322,-0.324096947908
833,2,552,49,5,1,1,1,29,1,1,1,1,,-0.200840488076,-0.218844264746,-0.790296018124,0.534814476967,0.273798376322,-0.324096947908
834,1,553,49,5,0,54.25,0,6,1,1,1,0,1,-0.0811102688313,0.54458129406,-0.0359779857099,-0.0811102688313,0.54458129406,-0.0359779857099
834,2,553,49,5,0,54.25,0,19,1,0,1,0,,,,,-0.0811102688313,0.54458129406,-0.0359779857099
835,1,554,49,5,0,54.25,0,41,1,1,1,1,0,-2.31790947914,-2.08027029037,-1.25121212006,-2.31790947914,-2.08027029037,-1.25121212006
835,2,554,49,5,0,54.25,0,53,1,1,1,1,,-2.29858613014,-1.55318284035,-0.718181848526,-2.31790947914,-2.08027029037,-1.25121212006
836,1,556,50,5,0,50.25,1,29,1,1,1,1,0,-0.933409750462,-0.37267306447,0.196999639273,-0.933409750462,-0.37267306447,0.196999639273
836,2,556,50,5,0,50.25,1,42,1,1,1,1,,-1.01943278313,-0.475093126297,-0.185223832726,-0.933409750462,-0.37267306447,0.196999639273
837,1,556,50,5,0,50.25,1,8,1,1,1,1,0,0.676617920399,1.74831914902,1.75709688663,0.676617920399,1.74831914902,1.75709688663
837,2,556,50,5,0,50.25,1,21,1,1,1,1,,-1.04832696915,0.409607172012,1.79782223701,0.676617920399,1.74831914902,1.75709688663
838,1,557,50,5,1,1,0,36,1,1,1,1,0,-1.84345436096,-0.884756982327,-0.606562316418,-1.84345436096,-0.884756982327,-0.606562316418
838,2,557,50,5,1,1,0,50,1,1,1,1,,-1.59272742271,-0.81953060627,-0.936965882778,-1.84345436096,-0.884756982327,-0.606562316418
839,1,557,50,5,1,1,0,24,1,1,1,1,0,-3.91668176651,-1.55121994019,-0.932487785816,-3.91668176651,-1.55121994019,-0.932487785816
839,2,557,50,5,1,1,0,37,1,1,1,1,,-2.32755994797,-0.33057320118,0.409203737974,-3.91668176651,-1.55121994019,-0.932487785816
840,1,560,50,5,1,1,0,30,1,1,1,1,0,-4.22376155853,-2.43560600281,-3.11805677414,-4.22376155853,-2.43560600281,-3.11805677414
840,2,560,50,5,1,1,0,43,1,1,1,1,,-4.37038993835,-2.36367607117,-1.74505853653,-4.22376155853,-2.43560600281,-3.11805677414
841,1,561,50,5,1,1,1,14,1,1,1,1,0,-1.62131667137,-1.91874027252,-2.0478951931,-1.62131667137,-1.91874027252,-2.0478951931
841,2,561,50,5,1,1,1,29,1,1,1,1,,-4.00733470917,-3.44565272331,-2.95972418785,-1.62131667137,-1.91874027252,-2.0478951931
842,1,562,50,5,1,1,0,108,1,0,0,,,,,,,,
842,2,562,50,5,1,1,0,34,1,0,0,,,,,,,,
843,1,562,50,5,1,1,1,53,1,1,1,1,0,-3.83821368217,-3.55193161964,-2.25468707085,-3.83821368217,-3.55193161964,-2.25468707085
843,2,562,50,5,1,1,1,67,1,1,1,1,,-4.15386581421,-3.44565272331,,-3.83821368217,-3.55193161964,-2.25468707085
844,2,562,50,5,1,1,0,34,1,1,0,,,-2.75559687614,-3.38687968254,-2.95972418785,,,
845,1,563,50,5,1,1,1,29,1,1,1,0,1,,,-1.69038927555,,,-1.69038927555
845,2,563,50,5,1,1,1,42,1,0,1,0,,,,,,,-1.69038927555
846,1,564,51,6,1,1,0,48,1,0,0,,,,,,,,
846,2,564,51,6,1,1,0,61,1,0,0,,,,,,,,
847,1,564,51,6,1,1,0,19,1,1,1,1,0,-2.55572605133,-1.97987031937,-1.36816549301,-2.55572605133,-1.97987031937,-1.36816549301
847,2,564,51,6,1,1,0,33,1,1,1,1,,-2.72874855995,-1.89758837223,-1.49389374256,-2.55572605133,-1.97987031937,-1.36816549301
848,1,564,51,6,1,1,1,19,1,1,1,1,0,-2.69359850883,-1.8588912487,-1.19672107697,-2.69359850883,-1.8588912487,-1.19672107697
848,2,564,51,6,1,1,1,33,1,1,1,1,,-2.81124949455,-1.90042495728,-1.1427539587,-2.69359850883,-1.8588912487,-1.19672107697
849,1,565,51,6,0,60.2499961853,1,84,1,0,0,,,,,,,,
849,2,565,51,6,0,60.2499961853,1,60,1,0,0,,,,,,,,
850,1,565,51,6,0,60.2499961853,1,52,1,1,1,0,1,-2.82472658157,-0.790995359421,0.557031750679,-2.82472658157,-0.790995359421,0.557031750679
850,2,565,51,6,0,60.2499961853,1,65,1,0,1,0,,,,,-2.82472658157,-0.790995359421,0.557031750679
851,1,565,51,6,0,60.2499961853,0,31,1,1,1,1,0,-3.51624774933,-2.07401657104,-1.51985228062,-3.51624774933,-2.07401657104,-1.51985228062
851,2,565,51,6,0,60.2499961853,0,44,1,1,1,1,,-3.40975451469,-1.75279486179,0.142412289977,-3.51624774933,-2.07401657104,-1.51985228062
852,2,565,51,6,0,60.2499961853,0,16,1,1,0,,,-4.02850484848,-2.26026821136,-0.241287663579,,,
853,1,566,51,6,1,1,1,54,1,1,1,1,0,-0.247982084751,-0.553647518158,-1.09093940258,-0.247982084751,-0.553647518158,-1.09093940258
853,2,566,51,6,1,1,1,67,1,1,1,1,,-0.277242720127,-0.869578778744,,-0.247982084751,-0.553647518158,-1.09093940258
854,1,567,51,6,1,1,0,54,1,1,1,1,0,-2.49534583092,-2.7690050602,-2.90870451927,-2.49534583092,-2.7690050602,-2.90870451927
854,2,567,51,6,1,1,0,68,1,1,1,1,,-2.13086509705,-3.02053141594,,-2.49534583092,-2.7690050602,-2.90870451927
855,1,567,51,6,1,1,1,24,1,1,1,1,0,-2.59282779694,-2.32983779907,-1.20732927322,-2.59282779694,-2.32983779907,-1.20732927322
855,2,567,51,6,1,1,1,37,1,1,1,1,,-3.16409158707,-2.91600060463,-1.20124423504,-2.59282779694,-2.32983779907,-1.20732927322
856,1,568,51,6,0,60.2499961853,1,52,1,0,0,,,,,,,,
856,2,568,51,6,0,60.2499961853,1,65,1,0,0,,,,,,,,
857,1,568,51,6,0,60.2499961853,0,30,1,1,1,1,0,-2.8435151577,-1.26797509193,0.17691154778,-2.8435151577,-1.26797509193,0.17691154778
857,2,568,51,6,0,60.2499961853,0,43,1,1,1,1,,-2.62208461761,-1.82247531414,-0.0614742711186,-2.8435151577,-1.26797509193,0.17691154778
858,2,568,51,6,0,60.2499961853,0,11,1,1,0,,,-2.95741128922,-1.95758259296,0.515081524849,,,
859,1,569,51,6,0,60.2499961853,0,47,1,1,1,1,0,-2.91393899918,-1.83261871338,-1.29536402225,-2.91393899918,-1.83261871338,-1.29536402225
859,2,569,51,6,0,60.2499961853,0,60,1,1,1,1,,-2.60339307785,-1.91743671894,-1.22105205059,-2.91393899918,-1.83261871338,-1.29536402225
860,2,569,51,6,0,60.2499961853,0,29,1,1,0,,,-4.47712230682,-2.76909947395,-1.2558914423,,,
861,1,571,52,7,0,50.5,0,11,1,1,1,1,0,0.197994872928,0.501275062561,0.515081524849,0.197994872928,0.501275062561,0.515081524849
861,2,571,52,7,0,50.5,0,24,1,1,1,1,,-0.74172526598,0.0276852827519,0.374460965395,0.197994872928,0.501275062561,0.515081524849
862,1,572,52,7,0,50.5,0,47,1,1,1,1,0,-1.61484456062,-0.31980779767,-0.082001850009,-1.61484456062,-0.31980779767,-0.082001850009
862,2,572,52,7,0,50.5,0,60,1,1,1,1,,-1.48122274876,-0.737102746964,-2.53045415878,-1.61484456062,-0.31980779767,-0.082001850009
863,2,572,52,7,0,50.5,1,3,1,1,0,,,0.37865871191,0.866873323917,,,,
864,1,573,52,7,1,1,0,168,1,0,0,,,,,,,,
864,2,573,52,7,1,1,0,28,1,1,0,,,-2.20541715622,-0.569634497166,-0.194154903293,,,
865,1,574,52,7,1,1,1,23,1,1,1,1,0,-2.05447769165,-2.19225335121,-1.33229923248,-2.05447769165,-2.19225335121,-1.33229923248
865,2,574,52,7,1,1,1,37,1,1,1,1,,-2.5541100502,-2.29576277733,-2.08975076675,-2.05447769165,-2.19225335121,-1.33229923248
866,1,574,52,7,1,1,0,23,1,1,1,1,0,-0.848380923271,-0.650241374969,-0.701370298862,-0.848380923271,-0.650241374969,-0.701370298862
866,2,574,52,7,1,1,0,37,1,1,1,1,,-1.7012758255,-0.77478659153,-1.15323066711,-0.848380923271,-0.650241374969,-0.701370298862
867,1,575,52,7,1,1,0,32,1,0,0,,,,,,,,
867,2,575,52,7,1,1,0,44,1,1,0,,,-2.85330820084,-1.75279486179,-2.0449180603,,,
868,1,575,52,7,1,1,1,6,1,1,1,1,0,0.0965823084116,0.114792637527,1.24533522129,0.0965823084116,0.114792637527,1.24533522129
868,2,575,52,7,1,1,1,19,1,1,1,1,,-1.59495711327,-0.679708600044,-0.289222985506,0.0965823084116,0.114792637527,1.24533522129
869,1,576,52,7,0,50.5,1,59,1,1,1,1,0,-1.57745528221,-0.859396696091,-0.665530145168,-1.57745528221,-0.859396696091,-0.665530145168
869,2,576,52,7,0,50.5,1,72,1,1,1,1,,-1.00094056129,-1.0560580492,,-1.57745528221,-0.859396696091,-0.665530145168
870,1,577,52,7,1,1,0,13,1,1,1,1,0,0.0129409711808,1.52477574348,1.75709688663,0.0129409711808,1.52477574348,1.75709688663
870,2,577,52,7,1,1,0,26,1,1,1,1,,-1.29309439659,-0.0114686163142,0.56044280529,0.0129409711808,1.52477574348,1.75709688663
871,2,577,52,7,1,1,0,2,1,1,0,,,0.337470144033,1.34617626667,,,,
872,1,578,52,7,0,50.5,1,72,1,0,0,,,,,,,,
872,2,578,52,7,0,50.5,1,72,1,0,0,,,,,,,,
873,1,578,52,7,0,50.5,1,36,1,1,1,1,0,-1.83874249458,-1.27934777737,-0.111622363329,-1.83874249458,-1.27934777737,-0.111622363329
873,2,578,52,7,0,50.5,1,50,1,1,1,1,,-2.24694228172,-1.44646835327,-1.04637956619,-1.83874249458,-1.27934777737,-0.111622363329
874,1,579,52,7,1,1,1,64,1,0,0,,,,,,,,
874,2,579,52,7,1,1,1,72,1,0,0,,,,,,,,
875,1,579,52,7,1,1,1,13,1,1,1,1,0,-1.24261939526,-1.0443533659,0.214204847813,-1.24261939526,-1.0443533659,0.214204847813
875,2,579,52,7,1,1,1,26,1,1,1,1,,-1.87576341629,-1.33081138134,-0.275239706039,-1.24261939526,-1.0443533659,0.214204847813
876,1,581,53,5,0,51.75,0,44,1,1,1,1,0,-0.800638735294,1.34571361542,1.41022872925,-0.800638735294,1.34571361542,1.41022872925
876,2,581,53,5,0,51.75,0,57,1,1,1,1,,-0.0817334279418,1.15632748604,1.05548548698,-0.800638735294,1.34571361542,1.41022872925
877,2,581,53,5,0,51.75,1,6,1,1,0,,,1.15755546093,1.38264620304,1.51103496552,,,
878,1,582,53,5,0,51.75,0,58,1,1,1,1,0,-1.60445511341,-0.899823606014,-0.706126451492,-1.60445511341,-0.899823606014,-0.706126451492
878,2,582,53,5,0,51.75,0,70,1,1,1,1,,-1.41862249374,-1.16135573387,,-1.60445511341,-0.899823606014,-0.706126451492
879,1,582,53,5,0,51.75,1,12,1,1,1,1,0,-1.22913515568,-0.840483903885,-0.709443390369,-1.22913515568,-0.840483903885,-0.709443390369
879,2,582,53,5,0,51.75,1,25,1,1,1,1,,-1.70526778698,-1.11010301113,-1.0862839222,-1.22913515568,-0.840483903885,-0.709443390369
880,1,583,53,5,1,1.375,0,62,1,0,0,,,,,,,,
880,2,583,53,5,1,1.375,0,72,1,0,0,,,,,,,,
881,1,585,53,5,1,1.375,0,20,1,1,1,1,0,-0.284155189991,-0.640327751637,-1.31229007244,-0.284155189991,-0.640327751637,-1.31229007244
881,2,585,53,5,1,1.375,0,34,1,1,1,1,,-0.333110839128,-0.962309658527,-1.47813272476,-0.284155189991,-0.640327751637,-1.31229007244
882,1,586,53,5,0,51.75,1,15,1,1,1,0,1,-0.332178920507,-0.348486959934,0.39329662919,-0.332178920507,-0.348486959934,0.39329662919
883,1,587,53,5,1,1.375,1,72,1,0,0,,,,,,,,
883,2,587,53,5,1,1.375,1,72,1,0,0,,,,,,,,
884,1,587,53,5,1,1.375,0,25,1,1,1,1,0,-3.39284539223,-1.60026538372,-1.45023965836,-3.39284539223,-1.60026538372,-1.45023965836
884,2,587,53,5,1,1.375,0,38,1,1,1,1,,-3.27175974846,-1.55190169811,-1.1346988678,-3.39284539223,-1.60026538372,-1.45023965836
885,1,588,53,5,1,1.375,0,59,1,1,1,1,0,-1.11294651031,-1.45662128925,-1.44842076302,-1.11294651031,-1.45662128925,-1.44842076302
885,2,588,53,5,1,1.375,0,72,1,1,1,1,,-0.893264472485,-1.7005559206,,-1.11294651031,-1.45662128925,-1.44842076302
886,1,589,53,5,1,1.375,1,54,1,1,1,1,0,-1.89047622681,-0.774514913559,-0.37346509099,-1.89047622681,-0.774514913559,-0.37346509099
886,2,589,53,5,1,1.375,1,67,1,1,1,1,,-1.81782460213,-0.73939293623,,-1.89047622681,-0.774514913559,-0.37346509099
887,1,589,53,5,1,1.375,0,34,1,1,1,1,0,-2.76944041252,-1.7234544754,-1.3402081728,-2.76944041252,-1.7234544754,-1.3402081728
887,2,589,53,5,1,1.375,0,47,1,1,1,1,,-2.88988208771,-1.05908894539,-0.914828717709,-2.76944041252,-1.7234544754,-1.3402081728
888,1,590,53,5,0,51.75,1,48,1,1,1,1,0,-2.20108151436,-1.69063913822,-2.30221843719,-2.20108151436,-1.69063913822,-2.30221843719
888,2,590,53,5,0,51.75,1,60,1,1,1,1,,-2.07569169998,-1.43051052094,-1.00791430473,-2.20108151436,-1.69063913822,-2.30221843719
889,1,591,53,5,1,1.375,0,47,1,0,0,,,,,,,,
889,2,591,53,5,1,1.375,0,60,1,1,0,,,-0.607225060463,-1.20555353165,-0.941829025745,,,
890,2,591,53,5,1,1.375,0,1,1,1,0,,,-2.14451575279,-1.49926412106,,,,
891,1,593,54,5,1,1,1,31,1,1,1,1,0,-1.67488217354,-0.0496600903571,1.13609814644,-1.67488217354,-0.0496600903571,1.13609814644
891,2,593,54,5,1,1,1,44,1,1,1,1,,-1.65293908119,-0.342871040106,0.317051827908,-1.67488217354,-0.0496600903571,1.13609814644
892,1,595,54,5,0,40,1,108,1,0,0,,,,,,,,
892,2,595,54,5,0,40,1,72,1,0,0,,,,,,,,
893,1,596,54,5,1,1,0,21,1,1,1,1,0,-0.794949650764,0.421548366547,-0.69984292984,-0.794949650764,0.421548366547,-0.69984292984
893,2,596,54,5,1,1,0,34,1,1,1,1,,-0.070098914206,0.82179415226,-0.0900725498796,-0.794949650764,0.421548366547,-0.69984292984
894,2,596,54,5,1,1,0,68,1,1,0,,,-0.840818524361,-0.581723988056,,,,
895,1,599,54,5,1,1,1,12,1,0,0,,,,,,,,
895,2,599,54,5,1,1,1,26,1,1,0,,,0.346491873264,0.969736397266,1.17051053047,,,
896,1,602,55,7,1,1.125,1,15,1,1,1,1,0,,-2.24275588989,-1.48679876328,,-2.24275588989,-1.48679876328
896,2,602,55,7,1,1.125,1,28,1,1,1,1,,-3.04565095901,-1.34040141106,0.174359232187,,-2.24275588989,-1.48679876328
897,1,603,55,7,1,1.125,0,23,1,1,1,1,0,-3.18551802635,-3.48161745071,-1.74078416824,-3.18551802635,-3.48161745071,-1.74078416824
897,2,603,55,7,1,1.125,0,36,1,1,1,1,,-3.15182423592,-2.45083451271,-0.522299945354,-3.18551802635,-3.48161745071,-1.74078416824
898,1,604,55,7,1,1.125,1,18,1,1,1,1,0,-0.605365872383,0.413908749819,0.831460535526,-0.605365872383,0.413908749819,0.831460535526
898,2,604,55,7,1,1.125,1,31,1,1,1,1,,-0.92030620575,-0.174673840404,0.921927273273,-0.605365872383,0.413908749819,0.831460535526
899,1,605,55,7,1,1.125,0,23,1,1,1,1,0,-1.29911398888,-1.21524059772,-1.25745761395,-1.29911398888,-1.21524059772,-1.25745761395
899,2,605,55,7,1,1.125,0,36,1,1,1,1,,-1.03415310383,-0.98865377903,-0.110796190798,-1.29911398888,-1.21524059772,-1.25745761395
900,1,606,55,7,1,1.125,1,36,1,1,1,1,0,0.485456466675,-0.54423648119,-0.996788918972,0.485456466675,-0.54423648119,-0.996788918972
900,2,606,55,7,1,1.125,1,49,1,1,1,1,,-0.154110863805,-0.374449342489,-1.56829345226,0.485456466675,-0.54423648119,-0.996788918972
901,1,606,55,7,1,1.125,0,9,1,1,1,0,1,-1.30109214783,-0.90841126442,0.0676747784019,-1.30109214783,-0.90841126442,0.0676747784019
901,2,606,55,7,1,1.125,0,22,1,0,1,0,,,,,-1.30109214783,-0.90841126442,0.0676747784019
902,1,607,55,7,1,1.125,1,47,1,1,1,1,0,-0.301294207573,0.202233448625,-0.576433598995,-0.301294207573,0.202233448625,-0.576433598995
902,2,607,55,7,1,1.125,1,57,1,1,1,1,,0.221061035991,0.482676327229,0.126446321607,-0.301294207573,0.202233448625,-0.576433598995
903,1,607,55,7,1,1.125,0,23,1,1,1,1,0,-0.781606554985,-0.0379111543298,-1.06929802895,-0.781606554985,-0.0379111543298,-1.06929802895
903,2,607,55,7,1,1.125,0,35,1,1,1,1,,-0.00644667260349,0.335653632879,0.470852822065,-0.781606554985,-0.0379111543298,-1.06929802895
904,1,608,55,7,1,1.125,0,19,1,1,1,1,0,-4.09820604324,-2.9497988224,-1.36816549301,-4.09820604324,-2.9497988224,-1.36816549301
904,2,608,55,7,1,1.125,0,32,1,1,1,1,,-2.79775857925,-1.87532413006,-0.228508487344,-4.09820604324,-2.9497988224,-1.36816549301
905,1,609,55,7,1,1.125,0,16,1,1,1,1,0,-0.874980509281,0.285834431648,0.624719083309,-0.874980509281,0.285834431648,0.624719083309
905,2,609,55,7,1,1.125,0,29,1,1,1,1,,-1.41275346279,-0.889852821827,0.0549538470805,-0.874980509281,0.285834431648,0.624719083309
906,1,610,55,7,0,37.5,1,33,1,1,1,1,0,-0.224351659417,0.501968204975,0.538773179054,-0.224351659417,0.501968204975,0.538773179054
906,2,610,55,7,0,37.5,1,46,1,1,1,1,,-0.481022924185,0.356438964605,-0.10591006279,-0.224351659417,0.501968204975,0.538773179054
907,1,613,56,5,0,32,1,42,1,1,1,1,0,1.41551947594,1.74831914902,1.75709688663,1.41551947594,1.74831914902,1.75709688663
907,2,613,56,5,0,32,1,54,1,1,1,1,,1.15755546093,1.38264620304,1.87292575836,1.41551947594,1.74831914902,1.75709688663
908,1,614,56,5,1,1,1,31,1,1,1,1,0,-1.95435500145,-0.37367323041,0.479627877474,-1.95435500145,-0.37367323041,0.479627877474
908,2,614,56,5,1,1,1,45,1,1,1,1,,-1.33078849316,-0.398711740971,-0.777750551701,-1.95435500145,-0.37367323041,0.479627877474
909,1,615,56,5,0,32,1,23,1,1,1,0,1,0.986181259155,0.673303246498,0.403903931379,0.986181259155,0.673303246498,0.403903931379
909,2,615,56,5,0,32,1,33,1,0,1,0,,,,,0.986181259155,0.673303246498,0.403903931379
910,1,615,56,5,0,32,0,58,1,1,1,1,0,-0.146636813879,-0.356844544411,-0.629403471947,-0.146636813879,-0.356844544411,-0.629403471947
910,2,615,56,5,0,32,0,71,1,1,1,1,,-0.654536962509,-0.777765214443,,-0.146636813879,-0.356844544411,-0.629403471947
911,1,615,56,5,0,32,1,39,1,1,1,1,0,-1.53304934502,-1.06563198566,-1.10183084011,-1.53304934502,-1.06563198566,-1.10183084011
911,2,615,56,5,0,32,1,52,1,1,1,1,,-2.1409304142,-1.6854954958,-2.18691158295,-1.53304934502,-1.06563198566,-1.10183084011
912,1,617,57,7,1,1.125,1,34,1,1,1,1,0,-1.2355120182,-0.287068098783,0.347962737083,-1.2355120182,-0.287068098783,0.347962737083
912,2,617,57,7,1,1.125,1,47,1,1,1,1,,-1.01586937904,-0.208352729678,-0.175654560328,-1.2355120182,-0.287068098783,0.347962737083
913,1,617,57,7,1,1.125,1,20,1,0,0,,,,,,,,
913,2,617,57,7,1,1.125,1,33,1,1,0,,,-1.96710419655,-1.05897212029,-0.14860996604,,,
914,1,618,57,7,0,38.25,1,60,1,0,0,,,,,,,,
914,2,618,57,7,0,38.25,1,72,1,0,0,,,,,,,,
915,1,619,57,7,0,38.25,1,72,1,0,0,,,,,,,,
915,2,619,57,7,0,38.25,1,72,1,0,0,,,,,,,,
916,1,620,57,7,1,1.125,0,64,1,0,0,,,,,,,,
916,2,620,57,7,1,1.125,0,72,1,0,0,,,,,,,,
917,1,620,57,7,1,1.125,1,17,1,1,1,1,0,-1.67460083961,-0.560702860355,-0.367781460285,-1.67460083961,-0.560702860355,-0.367781460285
917,2,620,57,7,1,1.125,1,30,1,1,1,1,,-1.84969162941,-0.91941511631,-0.755182862282,-1.67460083961,-0.560702860355,-0.367781460285
918,1,621,57,7,0,38.25,0,36,1,1,1,1,0,-1.38485109806,0.606797754765,1.24932563305,-1.38485109806,0.606797754765,1.24932563305
918,2,621,57,7,0,38.25,0,49,1,1,1,1,,-1.27348518372,0.280077248812,0.735166847706,-1.38485109806,0.606797754765,1.24932563305
919,2,621,57,7,0,38.25,0,7,1,1,0,,,,,1.87292575836,,,
920,1,622,57,7,1,1.125,1,20,1,1,1,1,0,-0.416078954935,0.175602331758,0.333055853844,-0.416078954935,0.175602331758,0.333055853844
920,2,622,57,7,1,1.125,1,35,1,1,1,1,,-1.09021556377,-0.0928556993604,-0.267708450556,-0.416078954935,0.175602331758,0.333055853844
921,2,622,57,7,1,1.125,0,6,1,1,0,,,-0.174554273486,0.0298626888543,0.239659771323,,,
922,1,625,57,7,1,1.125,0,41,1,0,0,,,,,,,,
922,2,625,57,7,1,1.125,0,60,1,0,0,,,,,,,,
923,1,625,57,7,1,1.125,1,16,1,0,0,,,,,,,,
923,2,625,57,7,1,1.125,1,29,1,1,0,,,-2.15436077118,-1.29010939598,-0.661665201187,,,
924,2,625,57,7,1,1.125,0,7,1,1,0,,,-0.812729656696,-1.16579377651,-1.19725441933,,,
925,1,626,57,7,1,1.125,1,20,1,1,1,1,0,-0.714793264866,-0.562443673611,0.414424926043,-0.714793264866,-0.562443673611,0.414424926043
925,2,626,57,7,1,1.125,1,32,1,1,1,1,,-0.838589191437,-0.438923686743,-0.88755607605,-0.714793264866,-0.562443673611,0.414424926043
926,1,627,57,7,1,1.125,0,47,1,1,1,1,0,-1.47050118446,-0.521112561226,-0.873465895653,-1.47050118446,-0.521112561226,-0.873465895653
926,2,627,57,7,1,1.125,0,59,1,1,1,1,,-1.56969773769,-0.917477428913,-1.16071677208,-1.47050118446,-0.521112561226,-0.873465895653
927,1,627,57,7,1,1.125,1,3,1,1,1,1,0,-0.4526707232,0.706634759903,,-0.4526707232,0.706634759903,
927,2,627,57,7,1,1.125,1,16,1,1,1,1,,-1.84492397308,-0.821675419807,-0.150086060166,-0.4526707232,0.706634759903,
928,1,628,57,7,1,1.125,0,41,1,1,1,1,0,-2.6491894722,-1.12488389015,-1.16355776787,-2.6491894722,-1.12488389015,-1.16355776787
928,2,628,57,7,1,1.125,0,54,1,1,1,1,,-2.24619221687,-1.4780548811,-1.65062606335,-2.6491894722,-1.12488389015,-1.16355776787
929,1,628,57,7,1,1.125,0,18,1,1,1,1,0,-2.0237903595,-2.00296878815,-1.7223290205,-2.0237903595,-2.00296878815,-1.7223290205
929,2,628,57,7,1,1.125,0,31,1,1,1,1,,-2.20088124275,-1.83479452133,-1.85364341736,-2.0237903595,-2.00296878815,-1.7223290205
930,1,630,58,5,1,1,1,37,1,1,1,1,0,-1.4769077301,0.0879072621465,0.22687497735,-1.4769077301,0.0879072621465,0.22687497735
930,2,630,58,5,1,1,1,50,1,1,1,1,,-1.06099236012,-0.354614019394,-0.970322489738,-1.4769077301,0.0879072621465,0.22687497735
931,1,630,58,5,1,1,1,19,1,1,1,1,0,-2.45696926117,-1.73623776436,-0.116719909012,-2.45696926117,-1.73623776436,-0.116719909012
931,2,630,58,5,1,1,1,32,1,1,1,1,,-1.83145558834,-1.32138001919,-0.346822440624,-2.45696926117,-1.73623776436,-0.116719909012
932,2,633,58,5,0,15.7499990463,0,12,1,1,0,,,-0.672827959061,-1.86367917061,-2.19297218323,,,
933,1,636,59,6,1,1,0,55,1,1,1,1,0,-0.756741523743,-1.07779181004,-1.54021453857,-0.756741523743,-1.07779181004,-1.54021453857
933,2,636,59,6,1,1,0,68,1,1,1,1,,-0.788802146912,-0.84857827425,,-0.756741523743,-1.07779181004,-1.54021453857
934,1,636,59,6,1,1,1,19,1,1,1,1,0,-0.361097812653,0.515754342079,0.626196026802,-0.361097812653,0.515754342079,0.626196026802
934,2,636,59,6,1,1,1,32,1,1,1,1,,-0.369731009007,0.533613145351,-0.0275508221239,-0.361097812653,0.515754342079,0.626196026802
935,1,637,59,6,0,16,1,56,1,1,1,1,0,-0.505071222782,-0.840428173542,-0.575590670109,-0.505071222782,-0.840428173542,-0.575590670109
935,2,637,59,6,0,16,1,69,1,1,1,1,,-0.341561645269,-0.98745661974,,-0.505071222782,-0.840428173542,-0.575590670109
936,2,638,59,6,0,16,1,8,1,1,0,,,8.38751875563e-05,0.255015492439,0.340599000454,,,
937,1,639,60,6,1,1.25,0,40,1,1,1,1,0,-1.4243761301,-1.12567985058,-0.628234505653,-1.4243761301,-1.12567985058,-0.628234505653
937,2,639,60,6,1,1.25,0,53,1,1,1,1,,-1.17942023277,-1.13067615032,-1.71911990643,-1.4243761301,-1.12567985058,-0.628234505653
938,1,639,60,6,1,1.25,1,2,1,1,1,1,0,-0.229500696063,-0.39640507102,,-0.229500696063,-0.39640507102,
938,2,639,60,6,1,1.25,1,15,1,1,1,1,,-1.24485421181,-1.45240843296,-2.04010725021,-0.229500696063,-0.39640507102,
939,1,640,60,6,1,1.25,1,27,1,1,1,1,0,-1.08924531937,0.346784383059,-0.00689531164244,-1.08924531937,0.346784383059,-0.00689531164244
939,2,640,60,6,1,1.25,1,40,1,1,1,1,,-1.38127195835,-0.115716278553,-0.454855918884,-1.08924531937,0.346784383059,-0.00689531164244
940,1,642,60,6,0,65,0,10,1,1,1,1,0,0.336471557617,1.05021739006,1.63472187519,0.336471557617,1.05021739006,1.63472187519
940,2,642,60,6,0,65,0,23,1,1,1,1,,-0.51450419426,0.939996659756,1.82862246037,0.336471557617,1.05021739006,1.63472187519
941,1,643,60,6,0,65,1,17,1,1,1,1,0,-1.4289046526,-1.03686726093,-0.909423708916,-1.4289046526,-1.03686726093,-0.909423708916
941,2,643,60,6,0,65,1,30,1,1,1,1,,-1.65139698982,-0.804359614849,-0.173702403903,-1.4289046526,-1.03686726093,-0.909423708916
942,1,644,60,6,1,1.25,1,50,1,0,0,,,,,,,,
942,2,644,60,6,1,1.25,1,63,1,1,0,,,-0.246998861432,-0.0666199997067,,,,
943,1,645,60,6,1,1.25,0,29,1,1,1,1,0,-1.95005643368,-1.45976066589,-1.72831761837,-1.95005643368,-1.45976066589,-1.72831761837
943,2,645,60,6,1,1.25,0,42,1,1,1,1,,-1.81622195244,-1.35946583748,-2.24148964882,-1.95005643368,-1.45976066589,-1.72831761837
944,1,645,60,6,1,1.25,1,8,1,1,1,1,0,0.697760939598,1.44694232941,1.28777110577,0.697760939598,1.44694232941,1.28777110577
944,2,645,60,6,1,1.25,1,21,1,1,1,1,,-0.820104777813,0.196061328053,0.237623244524,0.697760939598,1.44694232941,1.28777110577
945,1,646,60,6,1,1.25,0,55,1,1,1,1,0,-2.23931264877,-1.43750047684,-1.28649699688,-2.23931264877,-1.43750047684,-1.28649699688
945,2,646,60,6,1,1.25,0,68,1,1,1,1,,-2.46377968788,-1.51724660397,,-2.23931264877,-1.43750047684,-1.28649699688
946,1,646,60,6,1,1.25,1,36,1,1,1,1,0,-1.60238480568,-0.605811178684,-0.666001677513,-1.60238480568,-0.605811178684,-0.666001677513
946,2,646,60,6,1,1.25,1,48,1,1,1,1,,-1.37694060802,-0.242780849338,-0.424982368946,-1.60238480568,-0.605811178684,-0.666001677513
947,1,647,60,6,1,1.25,1,13,1,1,1,1,0,-0.444018721581,-0.666640460491,-0.210927098989,-0.444018721581,-0.666640460491,-0.210927098989
947,2,647,60,6,1,1.25,1,26,1,1,1,1,,-0.569436132908,-0.216395586729,-0.150250092149,-0.444018721581,-0.666640460491,-0.210927098989
948,1,648,60,6,0,65,1,42,1,1,1,1,0,-0.711989343166,-1.25221312046,-1.44996201992,-0.711989343166,-1.25221312046,-1.44996201992
948,2,648,60,6,0,65,1,55,1,1,1,1,,-0.826417267323,-1.65847015381,-1.89328205585,-0.711989343166,-1.25221312046,-1.44996201992
949,2,648,60,6,0,65,1,72,1,0,0,,,,,,,,
950,1,649,60,6,1,1.25,0,45,1,1,1,1,0,-0.457877367735,-0.162071406841,-1.16697359085,-0.457877367735,-0.162071406841,-1.16697359085
950,2,649,60,6,1,1.25,0,57,1,1,1,1,,-0.192242443562,-0.453620612621,-1.97190010548,-0.457877367735,-0.162071406841,-1.16697359085
951,1,649,60,6,1,1.25,1,22,1,0,0,,,,,,,,
951,2,649,60,6,1,1.25,1,36,1,1,0,,,-1.45794224739,-0.668022692204,-1.20905411243,,,
952,1,650,60,6,1,1.25,0,37,1,1,1,1,0,-1.11496961117,-1.14035463333,-0.890478909016,-1.11496961117,-1.14035463333,-0.890478909016
952,2,650,60,6,1,1.25,0,50,1,1,1,1,,-1.34669351578,-1.47745585442,-1.44240665436,-1.11496961117,-1.14035463333,-0.890478909016
953,1,650,60,6,1,1.25,0,5,1,1,1,1,0,0.496037960052,0.752922475338,0.410649299622,0.496037960052,0.752922475338,0.410649299622
953,2,650,60,6,1,1.25,0,18,1,1,1,1,,-0.930090129375,0.466087758541,0.6394764781,0.496037960052,0.752922475338,0.410649299622
954,1,650,60,6,1,1.25,1,1,1,1,1,1,0,-1.24715030193,-1.6579400301,,-1.24715030193,-1.6579400301,
954,2,650,60,6,1,1.25,1,13,1,1,1,1,,-0.748247802258,-0.564518451691,-0.609064757824,-1.24715030193,-1.6579400301,
955,1,652,61,7,1,1.74999988079,0,228,1,0,0,,,,,,,,
955,2,652,61,7,1,1.74999988079,0,32,1,1,0,,,-1.64451992512,-1.76722741127,-1.93681252003,,,
956,1,653,61,7,1,1.74999988079,0,22,1,1,1,1,0,-2.89605998993,-2.7702486515,-1.49757802486,-2.89605998993,-2.7702486515,-1.49757802486
956,2,653,61,7,1,1.74999988079,0,35,1,1,1,1,,-2.69737291336,-2.89077162743,-2.42199516296,-2.89605998993,-2.7702486515,-1.49757802486
957,1,655,61,7,1,1.74999988079,1,65,1,0,0,,,,,,,,
957,2,655,61,7,1,1.74999988079,1,72,1,0,0,,,,,,,,
958,1,655,61,7,1,1.74999988079,1,33,1,1,1,1,0,-0.551116883755,0.463842004538,0.389959067106,-0.551116883755,0.463842004538,0.389959067106
958,2,655,61,7,1,1.74999988079,1,47,1,1,1,1,,-0.418436080217,0.728908956051,0.677859127522,-0.551116883755,0.463842004538,0.389959067106
959,1,655,61,7,1,1.74999988079,0,11,1,1,1,1,0,-1.7982814312,-1.66471683979,-0.555054306984,-1.7982814312,-1.66471683979,-0.555054306984
959,2,655,61,7,1,1.74999988079,0,24,1,1,1,1,,-1.03631174564,0.268394708633,0.497732877731,-1.7982814312,-1.66471683979,-0.555054306984
960,1,656,61,7,0,49.5,1,288,1,0,0,,,,,,,,
960,2,656,61,7,0,49.5,1,37,1,1,0,,,-1.50286591053,0.514706373215,1.17948448658,,,
961,1,656,61,7,0,49.5,1,4,1,1,1,1,0,-1.40446591377,1.74831914902,,-1.40446591377,1.74831914902,
961,2,656,61,7,0,49.5,1,16,1,1,1,1,,-2.05963659286,1.07168209553,1.77346301079,-1.40446591377,1.74831914902,
962,1,657,61,7,1,1.74999988079,1,6,1,1,1,1,0,-1.53595519066,-0.31757414341,-0.243963718414,-1.53595519066,-0.31757414341,-0.243963718414
962,2,657,61,7,1,1.74999988079,1,19,1,1,1,1,,-1.37523090839,-0.890443861485,0.136832639575,-1.53595519066,-0.31757414341,-0.243963718414
963,1,658,61,7,0,49.5,1,48,1,1,1,1,0,-1.14478838444,-0.433564573526,-0.909322917461,-1.14478838444,-0.433564573526,-0.909322917461
963,2,658,61,7,0,49.5,1,61,1,1,1,1,,-1.65542757511,-0.906296372414,,-1.14478838444,-0.433564573526,-0.909322917461
964,1,658,61,7,0,49.5,1,24,1,1,1,1,0,-3.95660948753,-2.45170259476,-2.27879714966,-3.95660948753,-2.45170259476,-2.27879714966
964,2,658,61,7,0,49.5,1,36,1,1,1,1,,-3.59830498695,-1.1089104414,-0.584942579269,-3.95660948753,-2.45170259476,-2.27879714966
965,1,659,61,7,1,1.74999988079,1,23,1,1,1,1,0,-1.58183634281,0.226295605302,1.75709688663,-1.58183634281,0.226295605302,1.75709688663
965,2,659,61,7,1,1.74999988079,1,36,1,1,1,1,,-1.83874249458,0.181417316198,1.25620496273,-1.58183634281,0.226295605302,1.75709688663
966,1,660,61,7,1,1.74999988079,1,9,1,1,1,1,0,-2.68799376488,-2.76397514343,-1.82897138596,-2.68799376488,-2.76397514343,-1.82897138596
966,2,660,61,7,1,1.74999988079,1,23,1,1,1,1,,-3.18881607056,-2.45865249634,-1.09906303883,-2.68799376488,-2.76397514343,-1.82897138596
967,1,661,61,7,1,1.74999988079,0,24,1,1,1,1,0,-1.15087151527,0.488971203566,0.780575096607,-1.15087151527,0.488971203566,0.780575096607
967,2,661,61,7,1,1.74999988079,0,37,1,1,1,1,,-0.768514573574,0.896043121815,1.46034228802,-1.15087151527,0.488971203566,0.780575096607
968,1,662,61,7,1,1.74999988079,1,58,1,1,1,1,0,-1.36894881725,-0.749711632729,-1.05982792377,-1.36894881725,-0.749711632729,-1.05982792377
968,2,662,61,7,1,1.74999988079,1,71,1,1,1,1,,-1.19711911678,-0.616296112537,,-1.36894881725,-0.749711632729,-1.05982792377
969,1,662,61,7,1,1.74999988079,0,22,1,1,1,1,0,-2.35077190399,-1.65896642208,-1.69299864769,-2.35077190399,-1.65896642208,-1.69299864769
969,2,662,61,7,1,1.74999988079,0,35,1,1,1,1,,-2.26027059555,-1.55704522133,-2.37186598778,-2.35077190399,-1.65896642208,-1.69299864769
970,2,662,61,7,1,1.74999988079,1,4,1,1,0,,,-0.480445295572,-1.25226914883,,,,
971,1,663,62,7,1,1.25,0,59,1,1,1,1,0,-3.94044566154,-2.93539023399,-2.89724636078,-3.94044566154,-2.93539023399,-2.89724636078
971,2,663,62,7,1,1.25,0,72,1,1,1,1,,-3.99875807762,-2.61765003204,,-3.94044566154,-2.93539023399,-2.89724636078
972,1,663,62,7,1,1.25,0,38,1,1,1,1,0,-4.7622551918,-3.8929309845,-2.49740195274,-4.7622551918,-3.8929309845,-2.49740195274
972,2,663,62,7,1,1.25,0,51,1,1,1,1,,-4.47712230682,-3.44565272331,-2.51185035706,-4.7622551918,-3.8929309845,-2.49740195274
973,1,663,62,7,1,1.25,0,15,1,1,1,1,0,-0.610917508602,-3.11498832703,-1.62187075615,-0.610917508602,-3.11498832703,-1.62187075615
973,2,663,62,7,1,1.25,0,29,1,1,1,1,,,-2.6966843605,-1.68019616604,-0.610917508602,-3.11498832703,-1.62187075615
974,1,665,62,7,1,1.25,1,20,1,1,1,1,0,-1.09648680687,-0.512713730335,-0.517388105392,-1.09648680687,-0.512713730335,-0.517388105392
974,2,665,62,7,1,1.25,1,33,1,1,1,1,,-1.46333825588,-0.469237864017,-0.758705377579,-1.09648680687,-0.512713730335,-0.517388105392
975,2,665,62,7,1,1.25,1,7,1,1,0,,,-1.31180691719,0.18863196671,0.211555913091,,,
976,1,666,62,7,0,30.7500019073,1,37,1,1,1,1,0,-0.633315742016,-1.12535274029,-1.45988845825,-0.633315742016,-1.12535274029,-1.45988845825
976,2,666,62,7,0,30.7500019073,1,50,1,1,1,1,,-0.604857504368,-1.24172914028,-1.92473816872,-0.633315742016,-1.12535274029,-1.45988845825
977,1,666,62,7,0,30.7500019073,0,10,1,1,1,1,0,-1.93933355808,-0.80820119381,0.376883506775,-1.93933355808,-0.80820119381,0.376883506775
977,2,666,62,7,0,30.7500019073,0,23,1,1,1,1,,-1.66638040543,-0.915901601315,-0.566179692745,-1.93933355808,-0.80820119381,0.376883506775
978,1,667,62,7,1,1.25,1,1,1,1,1,1,0,-0.607506930828,-0.551772654057,,-0.607506930828,-0.551772654057,
978,2,667,62,7,1,1.25,1,14,1,1,1,1,,-2.3590054512,-0.925115406513,-0.116280168295,-0.607506930828,-0.551772654057,
979,1,668,62,7,0,30.7500019073,0,35,1,1,1,1,0,-0.607467055321,-2.11887860298,-2.42199516296,-0.607467055321,-2.11887860298,-2.42199516296
979,2,668,62,7,0,30.7500019073,0,48,1,1,1,1,,-1.37749695778,-2.33266115189,-2.45705485344,-0.607467055321,-2.11887860298,-2.42199516296
980,1,668,62,7,0,30.7500019073,1,5,1,1,1,1,0,-0.464560061693,-2.64057135582,-0.549540817738,-0.464560061693,-2.64057135582,-0.549540817738
980,2,668,62,7,0,30.7500019073,1,18,1,1,1,1,,-1.94839894772,-1.85168492794,-1.33608543873,-0.464560061693,-2.64057135582,-0.549540817738
981,1,669,62,7,1,1.25,0,14,1,1,1,1,0,-1.5943582058,-0.883691430092,0.257064282894,-1.5943582058,-0.883691430092,0.257064282894
981,2,669,62,7,1,1.25,0,27,1,1,1,1,,-3.28247523308,-2.2166466713,-1.40237140656,-1.5943582058,-0.883691430092,0.257064282894
982,2,669,62,7,1,1.25,1,5,1,1,0,,,-1.36653256416,-0.714924991131,-0.880756556988,,,
983,1,671,62,7,1,1.25,0,15,1,0,0,,,,,,,,
983,2,671,62,7,1,1.25,0,40,1,1,0,,,-2.36434650421,-1.38102924824,-0.180821657181,,,
984,2,671,62,7,1,1.25,0,1,1,0,0,,,,,,,,
985,1,672,62,7,1,1.25,0,23,1,0,0,,,,,,,,
985,2,672,62,7,1,1.25,0,36,1,1,0,,,-3.25973153114,-1.33621704578,-0.151230379939,,,
986,1,672,62,7,1,1.25,0,30,1,1,1,0,1,-3.16655135155,-2.29924964905,-1.20384013653,-3.16655135155,-2.29924964905,-1.20384013653
986,2,672,62,7,1,1.25,0,43,1,0,1,0,,,,,-3.16655135155,-2.29924964905,-1.20384013653
987,2,672,62,7,1,1.25,0,1,1,0,0,,,,,,,,
988,1,673,62,7,1,1.25,0,46,1,1,1,1,0,-2.42590498924,-1.48454272747,-1.53723037243,-2.42590498924,-1.48454272747,-1.53723037243
988,2,673,62,7,1,1.25,0,58,1,1,1,1,,-2.47037911415,-1.12224829197,-1.26306653023,-2.42590498924,-1.48454272747,-1.53723037243
989,1,674,62,7,1,1.25,0,50,1,1,1,1,0,-1.22953486443,-0.845751881599,-0.936965882778,-1.22953486443,-0.845751881599,-0.936965882778
989,2,674,62,7,1,1.25,0,63,1,1,1,1,,-1.3395216465,-0.975117087364,,-1.22953486443,-0.845751881599,-0.936965882778
990,1,674,62,7,1,1.25,0,28,1,1,1,1,0,-4.07312393188,-2.4763739109,-1.21330809593,-4.07312393188,-2.4763739109,-1.21330809593
990,2,674,62,7,1,1.25,0,40,1,1,1,1,,-3.62622261047,-1.17606604099,-0.0229245685041,-4.07312393188,-2.4763739109,-1.21330809593
991,2,674,62,7,1,1.25,0,13,1,1,0,,,-4.31514883041,-3.44565272331,-2.58841896057,,,
992,1,675,63,7,1,2,0,468,1,0,0,,,,,,,,
992,2,675,63,7,1,2,0,13,1,1,0,,,-1.88317382336,-0.967008650303,0.240832179785,,,
993,1,675,63,7,1,2,1,39,1,1,1,1,0,-1.10145545006,-1.31776249409,-1.01901710033,-1.10145545006,-1.31776249409,-1.01901710033
993,2,675,63,7,1,2,1,52,1,1,1,1,,-1.28898763657,-2.16740751266,-1.53219079971,-1.10145545006,-1.31776249409,-1.01901710033
994,1,675,63,7,1,2,0,20,1,1,1,1,0,-1.81225693226,-2.12381052971,-1.9018137455,-1.81225693226,-2.12381052971,-1.9018137455
994,2,675,63,7,1,2,0,33,1,1,1,1,,-1.9006729126,-1.89758837223,-1.63431954384,-1.81225693226,-2.12381052971,-1.9018137455
995,1,675,63,7,1,2,0,1,1,0,0,,,,,,,,
995,2,675,63,7,1,2,0,13,1,0,0,,,,,,,,
996,1,676,63,7,0,42,1,11,1,1,1,1,0,-1.75381910801,-2.76350641251,-1.82312607765,-1.75381910801,-2.76350641251,-1.82312607765
996,2,676,63,7,0,42,1,24,1,1,1,1,,-2.25188302994,-2.91815114021,-2.48558998108,-1.75381910801,-2.76350641251,-1.82312607765
997,1,677,63,7,1,2,1,26,1,1,1,1,0,,,0.374753504992,,,0.374753504992
997,2,677,63,7,1,2,1,39,1,1,1,1,,-1.57113158703,-0.283624351025,0.184947267175,,,0.374753504992
998,1,678,63,7,1,2,1,44,1,1,1,1,0,1.41551947594,1.37778973579,0.247337952256,1.41551947594,1.37778973579,0.247337952256
998,2,678,63,7,1,2,1,58,1,1,1,1,,1.08654534817,0.88226044178,-0.810347318649,1.41551947594,1.37778973579,0.247337952256
999,1,678,63,7,1,2,0,19,1,1,1,1,0,-1.63023710251,-0.704243779182,-0.0808235928416,-1.63023710251,-0.704243779182,-0.0808235928416
999,2,678,63,7,1,2,0,32,1,1,1,1,,-1.3028178215,-0.745675563812,-1.04990339279,-1.63023710251,-0.704243779182,-0.0808235928416
1000,1,679,63,7,1,2,0,34,1,1,1,1,0,-2.10498666763,-0.255739361048,0.580501616001,-2.10498666763,-0.255739361048,0.580501616001
1000,2,679,63,7,1,2,0,47,1,1,1,1,,-1.37427163124,0.19072586298,0.958123266697,-2.10498666763,-0.255739361048,0.580501616001
1001,1,679,63,7,1,2,1,18,1,1,1,1,0,-1.20800983906,-0.318602889776,-0.592729687691,-1.20800983906,-0.318602889776,-0.592729687691
1001,2,679,63,7,1,2,1,31,1,1,1,1,,-1.14388108253,0.391552180052,0.739951014519,-1.20800983906,-0.318602889776,-0.592729687691
1002,2,679,63,7,1,2,1,11,1,1,0,,,0.150345936418,0.203720018268,-0.0568485483527,,,
1003,1,680,63,7,1,2,0,45,1,1,1,1,0,-0.788678050041,-0.540958821774,-1.34017753601,-0.788678050041,-0.540958821774,-1.34017753601
1003,2,680,63,7,1,2,0,58,1,1,1,1,,-0.464506596327,-0.26550334692,-0.515586912632,-0.788678050041,-0.540958821774,-1.34017753601
1004,1,680,63,7,1,2,0,18,1,1,1,1,0,-0.614956378937,-0.841973662376,-1.3303604126,-0.614956378937,-0.841973662376,-1.3303604126
1004,2,680,63,7,1,2,0,31,1,1,1,1,,-1.72388207912,-0.977873563766,-0.233599901199,-0.614956378937,-0.841973662376,-1.3303604126
1005,1,681,63,7,1,2,0,59,1,1,1,1,0,-0.699697911739,0.232131108642,0.421651750803,-0.699697911739,0.232131108642,0.421651750803
1005,2,681,63,7,1,2,0,72,1,1,1,1,,-0.893264472485,0.121290884912,,-0.699697911739,0.232131108642,0.421651750803
1006,1,681,63,7,1,2,0,39,1,1,1,1,0,-1.49894344807,-0.375060528517,0.723810195923,-1.49894344807,-0.375060528517,0.723810195923
1006,2,681,63,7,1,2,0,52,1,1,1,1,,-1.1192946434,-0.00144667725544,0.0980656817555,-1.49894344807,-0.375060528517,0.723810195923
1007,1,681,63,7,1,2,0,17,1,1,1,1,0,-4.7622551918,,-0.0962434709072,-4.7622551918,,-0.0962434709072
1007,2,681,63,7,1,2,0,30,1,1,1,1,,-1.87440443039,-1.04733908176,-0.97668915987,-4.7622551918,,-0.0962434709072
1008,1,682,63,7,1,2,0,72,1,0,0,,,,,,,,
1008,2,682,63,7,1,2,0,72,1,0,0,,,,,,,,
1009,1,682,63,7,1,2,1,46,1,1,1,1,0,-3.11828947067,-1.20056724548,-0.847555160522,-3.11828947067,-1.20056724548,-0.847555160522
1009,2,682,63,7,1,2,1,59,1,1,1,1,,-3.07125639915,-1.470946908,-1.12370705605,-3.11828947067,-1.20056724548,-0.847555160522
1010,1,682,63,7,1,2,1,26,1,0,0,,,,,,,,
1010,2,682,63,7,1,2,1,39,1,1,0,,,-2.75167059898,-0.591130316257,-0.535812616348,,,
1011,1,683,63,7,0,42,1,46,1,1,1,1,0,-0.220844566822,0.986966252327,1.10117304325,-0.220844566822,0.986966252327,1.10117304325
1011,2,683,63,7,0,42,1,59,1,1,1,1,,-0.412077784538,0.846035599709,0.939467728138,-0.220844566822,0.986966252327,1.10117304325
1012,1,683,63,7,0,42,1,32,1,1,1,1,0,-2.09346389771,0.680378139019,1.75709688663,-2.09346389771,0.680378139019,1.75709688663
1012,2,683,63,7,0,42,1,46,1,1,1,1,,-2.07757425308,0.282035112381,1.53244113922,-2.09346389771,0.680378139019,1.75709688663
1013,1,684,63,7,0,42,0,23,1,1,1,1,0,-2.4176030159,-1.62215185165,-0.792328715324,-2.4176030159,-1.62215185165,-0.792328715324
1013,2,684,63,7,0,42,0,36,1,1,1,1,,-2.43694114685,-1.38421010971,-0.777124881744,-2.4176030159,-1.62215185165,-0.792328715324
1014,2,684,63,7,0,42,0,10,1,1,0,,,,1.38264620304,0.201357901096,,,
1015,1,685,63,7,1,2,1,11,1,1,1,1,0,0.586719930172,-0.00862100999802,-0.229219585657,0.586719930172,-0.00862100999802,-0.229219585657
1015,2,685,63,7,1,2,1,24,1,1,1,1,,0.599658429623,0.376847833395,0.696157574654,0.586719930172,-0.00862100999802,-0.229219585657
1016,1,686,63,7,0,42,0,55,1,1,1,1,0,-0.487182050943,-0.144834443927,-0.643043875694,-0.487182050943,-0.144834443927,-0.643043875694
1016,2,686,63,7,0,42,0,68,1,1,1,1,,-0.414272129536,-0.131612852216,,-0.487182050943,-0.144834443927,-0.643043875694
1017,2,686,63,7,0,42,1,10,1,1,0,,,-1.47182238102,-0.468762636185,-0.587796330452,,,
1018,1,687,64,6,1,1.25,0,46,1,1,1,1,0,-3.17843914032,-2.23104786873,-1.71644484997,-3.17843914032,-2.23104786873,-1.71644484997
1018,2,687,64,6,1,1.25,0,59,1,1,1,1,,-3.87519669533,-3.44565272331,-2.23445534706,-3.17843914032,-2.23104786873,-1.71644484997
1019,1,687,64,6,1,1.25,1,22,1,1,1,1,0,-3.07801103592,-3.25531435013,-3.11805677414,-3.07801103592,-3.25531435013,-3.11805677414
1019,2,687,64,6,1,1.25,1,35,1,1,1,1,,-4.47712230682,-3.44565272331,-2.95972418785,-3.07801103592,-3.25531435013,-3.11805677414
1020,2,689,64,6,0,37,1,1,1,1,0,,,-0.377234965563,-0.117899812758,,,,
1021,1,690,64,6,1,1.25,0,15,1,1,1,1,0,-1.46062266827,-0.332490116358,-0.211233317852,-1.46062266827,-0.332490116358,-0.211233317852
1021,2,690,64,6,1,1.25,0,28,1,1,1,1,,-0.76287573576,-0.00683197984472,0.974522829056,-1.46062266827,-0.332490116358,-0.211233317852
1022,1,692,64,6,1,1.25,1,52,1,1,1,1,0,-2.98166275024,-1.24131596088,-0.881899654865,-2.98166275024,-1.24131596088,-0.881899654865
1022,2,692,64,6,1,1.25,1,65,1,1,1,1,,-2.96179747581,-1.05318081379,,-2.98166275024,-1.24131596088,-0.881899654865
1023,1,692,64,6,1,1.25,0,13,1,1,1,1,0,-4.7622551918,-3.8929309845,-3.11805677414,-4.7622551918,-3.8929309845,-3.11805677414
1023,2,692,64,6,1,1.25,0,26,1,1,1,1,,-4.23730754852,-3.44565272331,-2.13683223724,-4.7622551918,-3.8929309845,-3.11805677414
1024,1,693,64,6,1,1.25,0,20,1,1,1,1,0,-1.93663668633,1.01997625828,0.0529500618577,-1.93663668633,1.01997625828,0.0529500618577
1024,2,693,64,6,1,1.25,0,33,1,1,1,1,,-1.521723032,0.0477022044361,0.576823771,-1.93663668633,1.01997625828,0.0529500618577
1025,1,694,64,6,1,1.25,1,38,1,1,1,1,0,-1.32657337189,-0.973505139351,-1.23564147949,-1.32657337189,-0.973505139351,-1.23564147949
1025,2,694,64,6,1,1.25,1,51,1,1,1,1,,-1.09180760384,-0.934481978416,-0.777029752731,-1.32657337189,-0.973505139351,-1.23564147949
1026,1,694,64,6,1,1.25,0,12,1,1,1,1,0,-1.4934540987,-0.574315428734,-0.863788127899,-1.4934540987,-0.574315428734,-0.863788127899
1026,2,694,64,6,1,1.25,0,25,1,1,1,1,,-1.43518793583,-0.644223332405,-0.137693300843,-1.4934540987,-0.574315428734,-0.863788127899
1027,1,695,64,6,1,1.25,1,35,1,1,1,1,0,-1.54189145565,-1.7000477314,-2.30890727043,-1.54189145565,-1.7000477314,-2.30890727043
1027,2,695,64,6,1,1.25,1,48,1,1,1,1,,-1.81802999973,-2.6353058815,-2.75207805634,-1.54189145565,-1.7000477314,-2.30890727043
1028,1,695,64,6,1,1.25,0,14,1,1,1,1,0,-2.2604072094,-1.08376288414,-0.545831859112,-2.2604072094,-1.08376288414,-0.545831859112
1028,2,695,64,6,1,1.25,0,27,1,1,1,1,,-2.81883573532,-1.50768327713,0.227645292878,-2.2604072094,-1.08376288414,-0.545831859112
1029,1,695,64,6,1,1.25,1,51,1,1,1,1,0,-1.04658412933,-0.844070911407,-1.86835730076,-1.04658412933,-0.844070911407,-1.86835730076
1029,2,695,64,6,1,1.25,1,64,1,1,1,1,,-1.10030400753,-1.34205210209,,-1.04658412933,-0.844070911407,-1.86835730076
1030,1,696,64,6,1,1.25,1,9,1,1,1,1,0,-2.64659929276,-2.42267823219,-1.93115782738,-2.64659929276,-2.42267823219,-1.93115782738
1030,2,696,64,6,1,1.25,1,21,1,1,1,1,,-2.90671443939,-1.13577663898,-0.573021531105,-2.64659929276,-2.42267823219,-1.93115782738
1031,1,697,64,6,1,1.25,0,23,1,1,1,1,0,-2.63462090492,-2.18966174126,-2.34684038162,-2.63462090492,-2.18966174126,-2.34684038162
1031,2,697,64,6,1,1.25,0,37,1,1,1,1,,-2.8339164257,-2.08186173439,-1.42268276215,-2.63462090492,-2.18966174126,-2.34684038162
1032,1,697,64,6,1,1.25,0,38,1,1,1,1,0,-2.11313915253,-1.33645176888,-1.53910171986,-2.11313915253,-1.33645176888,-1.53910171986
1032,2,697,64,6,1,1.25,0,51,1,1,1,1,,-1.99855041504,-0.94559186697,-0.55743342638,-2.11313915253,-1.33645176888,-1.53910171986
1033,1,699,65,5,0,58.75,0,48,1,1,1,1,0,-2.43852376938,-0.495888471603,-0.413238555193,-2.43852376938,-0.495888471603,-0.413238555193
1033,2,699,65,5,0,58.75,0,61,1,1,1,1,,-2.12672710419,-0.779975891113,,-2.43852376938,-0.495888471603,-0.413238555193
1034,1,699,65,5,0,58.75,0,15,1,1,1,1,0,-1.20373463631,0.471973150969,0.0545063093305,-1.20373463631,0.471973150969,0.0545063093305
1034,2,699,65,5,0,58.75,0,28,1,1,1,1,,-1.20323121548,0.343979775906,0.0990076586604,-1.20373463631,0.471973150969,0.0545063093305
1035,1,700,65,5,0,58.75,1,61,1,0,0,,,,,,,,
1035,2,700,65,5,0,58.75,1,72,1,0,0,,,,,,,,
1036,1,700,65,5,0,58.75,1,43,1,1,1,1,0,-0.226331412792,0.343406260014,0.561042129993,-0.226331412792,0.343406260014,0.561042129993
1036,2,700,65,5,0,58.75,1,56,1,1,1,1,,0.0588183328509,0.285265356302,0.444753646851,-0.226331412792,0.343406260014,0.561042129993
1037,1,701,65,5,1,1,0,45,1,1,1,1,0,-2.08737921715,-2.76476359367,-1.8788599968,-2.08737921715,-2.76476359367,-1.8788599968
1037,2,701,65,5,1,1,0,58,1,1,1,1,,-2.03193712234,-3.06955361366,-2.95972418785,-2.08737921715,-2.76476359367,-1.8788599968
1038,1,701,65,5,1,1,1,23,1,1,1,1,0,-1.4715539217,-0.561487734318,-0.515545189381,-1.4715539217,-0.561487734318,-0.515545189381
1038,2,701,65,5,1,1,1,35,1,1,1,1,,-1.55517697334,-0.936194002628,-0.876595020294,-1.4715539217,-0.561487734318,-0.515545189381
1039,1,703,65,5,1,1,1,828,1,0,0,,,,,,,,
1039,2,703,65,5,1,1,1,72,1,0,0,,,,,,,,
1040,1,703,65,5,1,1,1,396,1,0,0,,,,,,,,
1040,2,703,65,5,1,1,1,46,1,1,0,,,-0.764853537083,0.0248242691159,-0.141686335206,,,
1041,2,703,65,5,1,1,0,8,1,1,0,,,-1.94937694073,-2.57944488525,-1.82275772095,,,
1042,1,705,66,7,1,1.5,0,11,1,1,1,1,0,-3.00248670578,-2.55850839615,-1.21599924564,-3.00248670578,-2.55850839615,-1.21599924564
1042,2,705,66,7,1,1.5,0,23,1,1,1,1,,-3.1020488739,-2.28474760056,-1.16301989555,-3.00248670578,-2.55850839615,-1.21599924564
1043,1,706,66,7,1,1.5,0,51,1,1,1,1,0,-0.755858302116,-0.399859398603,-2.17989373207,-0.755858302116,-0.399859398603,-2.17989373207
1043,2,706,66,7,1,1.5,0,64,1,1,1,1,,-0.750170528889,-0.037799499929,,-0.755858302116,-0.399859398603,-2.17989373207
1044,1,706,66,7,1,1.5,0,2,1,0,0,,,,,,,,
1044,2,706,66,7,1,1.5,0,18,1,1,0,,,-0.726178586483,-0.231885001063,-0.809718728065,,,
1045,1,708,66,7,1,1.5,0,57,1,1,1,1,0,-3.01022219658,-2.39408922195,-1.24329102039,-3.01022219658,-2.39408922195,-1.24329102039
1045,2,708,66,7,1,1.5,0,70,1,1,1,1,,-2.75409770012,-2.22422242165,,-3.01022219658,-2.39408922195,-1.24329102039
1046,1,708,66,7,1,1.5,1,23,1,1,1,1,0,-4.00806045532,-2.31390881538,-1.14530444145,-4.00806045532,-2.31390881538,-1.14530444145
1046,2,708,66,7,1,1.5,1,36,1,1,1,1,,-3.61143684387,-2.64022898674,-1.64709961414,-4.00806045532,-2.31390881538,-1.14530444145
1047,1,710,66,7,0,37.75,0,33,1,1,1,1,0,-1.76032102108,-1.3274012804,-2.06658124924,-1.76032102108,-1.3274012804,-2.06658124924
1047,2,710,66,7,0,37.75,0,46,1,1,1,1,,-1.62481892109,-1.47242176533,-1.89899384975,-1.76032102108,-1.3274012804,-2.06658124924
1048,1,711,66,7,1,1.5,0,40,1,1,1,1,0,-2.37722158432,-0.860457837582,0.0938886031508,-2.37722158432,-0.860457837582,0.0938886031508
1048,2,711,66,7,1,1.5,0,53,1,1,1,1,,-2.37852787971,-0.180177256465,0.868573248386,-2.37722158432,-0.860457837582,0.0938886031508
1049,2,711,66,7,1,1.5,1,6,1,1,0,,,-0.41082572937,1.04042375088,1.28372681141,,,
1050,1,713,66,7,1,1.5,0,84,1,0,0,,,,,,,,
1050,2,713,66,7,1,1.5,0,72,1,0,0,,,,,,,,
1051,1,713,66,7,1,1.5,0,48,1,1,1,1,0,-2.41468071938,-0.952500224113,-0.491817891598,-2.41468071938,-0.952500224113,-0.491817891598
1051,2,713,66,7,1,1.5,0,61,1,1,1,1,,-2.81278777122,-1.32792985439,,-2.41468071938,-0.952500224113,-0.491817891598
1052,1,713,66,7,1,1.5,1,12,1,1,1,1,0,-2.21943163872,-1.95472192764,-1.86341035366,-2.21943163872,-1.95472192764,-1.86341035366
1052,2,713,66,7,1,1.5,1,25,1,1,1,1,,-2.77289032936,-2.40425848961,-1.22380292416,-2.21943163872,-1.95472192764,-1.86341035366
1053,1,714,66,7,1,1.5,0,48,1,1,1,1,0,-1.59208679199,-0.91421943903,0.481189906597,-1.59208679199,-0.91421943903,0.481189906597
1053,2,714,66,7,1,1.5,0,61,1,1,1,1,,-1.65846395493,-1.35348629951,,-1.59208679199,-0.91421943903,0.481189906597
1054,1,714,66,7,1,1.5,0,33,1,1,1,1,0,-4.23051643372,-1.94377100468,0.538278579712,-4.23051643372,-1.94377100468,0.538278579712
1054,2,714,66,7,1,1.5,0,46,1,1,1,1,,-3.40905570984,-0.234064400196,0.278256297112,-4.23051643372,-1.94377100468,0.538278579712
1055,2,714,66,7,1,1.5,1,3,1,1,0,,,-0.642687797546,1.38264620304,,,,
1056,2,714,66,7,1,1.5,1,20,1,1,0,,,-4.47712230682,-2.43505096436,-0.83202880621,,,
1057,1,715,66,7,1,1.5,1,39,1,1,1,1,0,-3.74180006981,-2.13569521904,-0.457470923662,-3.74180006981,-2.13569521904,-0.457470923662
1057,2,715,66,7,1,1.5,1,51,1,1,1,1,,-3.73732209206,-2.11354970932,-0.558400511742,-3.74180006981,-2.13569521904,-0.457470923662
1058,1,715,66,7,1,1.5,1,18,1,1,1,0,1,-3.03315854073,,-0.503376305103,-3.03315854073,,-0.503376305103
1058,2,715,66,7,1,1.5,1,31,1,0,1,0,,,,,-3.03315854073,,-0.503376305103
1059,1,716,66,7,1,1.5,1,30,1,1,1,1,0,-2.41623592377,-1.52039730549,-1.37081348896,-2.41623592377,-1.52039730549,-1.37081348896
1059,2,716,66,7,1,1.5,1,43,1,1,1,1,,-2.33259701729,-1.50390422344,-1.15003800392,-2.41623592377,-1.52039730549,-1.37081348896
1060,1,717,67,7,1,1,0,36,1,0,0,,,,,,,,
1060,2,717,67,7,1,1,0,54,1,1,0,,,0.324624419212,0.721277713776,0.194730952382,,,
1061,1,717,67,7,1,1,0,24,1,0,0,,,,,,,,
1061,2,717,67,7,1,1,0,36,1,1,0,,,-1.33089852333,-0.982119321823,-1.03821909428,,,
1062,1,718,67,7,1,1,0,4,1,1,1,1,0,-2.20399594307,0.915233314037,,-2.20399594307,0.915233314037,
1062,2,718,67,7,1,1,0,17,1,1,1,1,,-2.55576276779,-0.449669122696,0.122490942478,-2.20399594307,0.915233314037,
1063,1,719,67,7,1,1,1,16,1,1,1,1,0,-3.0795238018,-1.96392393112,-1.14493203163,-3.0795238018,-1.96392393112,-1.14493203163
1063,2,719,67,7,1,1,1,27,1,1,1,1,,-2.55320715904,,-0.294871032238,-3.0795238018,-1.96392393112,-1.14493203163
1064,1,720,67,7,0,30.7500019073,1,36,1,1,1,1,0,-1.57612109184,-1.41917002201,-1.51373398304,-1.57612109184,-1.41917002201,-1.51373398304
1064,2,720,67,7,0,30.7500019073,1,51,1,1,1,1,,-1.60055875778,-1.31706416607,-2.16144108772,-1.57612109184,-1.41917002201,-1.51373398304
1065,1,721,67,7,0,30.7500019073,1,57,1,0,0,,,,,,,,
1065,2,721,67,7,0,30.7500019073,1,72,1,0,0,,,,,,,,
1066,1,721,67,7,0,30.7500019073,0,28,1,1,1,1,0,-2.15986061096,-1.28091549873,-1.21330809593,-2.15986061096,-1.28091549873,-1.21330809593
1066,2,721,67,7,0,30.7500019073,0,43,1,1,1,1,,-2.42227745056,-1.42984116077,-1.07978391647,-2.15986061096,-1.28091549873,-1.21330809593
1067,2,721,67,7,0,30.7500019073,0,7,1,1,0,,,-1.89514267445,-0.987785995007,-0.199847906828,,,
1068,1,722,67,7,0,30.7500019073,1,63,1,0,0,,,,,,,,
1068,2,722,67,7,0,30.7500019073,1,72,1,0,0,,,,,,,,
1069,1,724,67,7,1,1,0,27,1,1,1,1,0,-1.02609467506,-0.473145276308,-0.0217418633401,-1.02609467506,-0.473145276308,-0.0217418633401
1069,2,724,67,7,1,1,0,40,1,1,1,1,,-1.35999262333,-0.758118450642,-0.753766059875,-1.02609467506,-0.473145276308,-0.0217418633401
1070,1,724,67,7,1,1,1,1,1,1,1,1,0,-0.86336427927,0.0220714248717,,-0.86336427927,0.0220714248717,
1070,2,724,67,7,1,1,1,14,1,1,1,1,,-1.89329183102,-0.0583131127059,0.346467345953,-0.86336427927,0.0220714248717,
1071,1,725,67,7,1,1,1,12,1,1,1,1,0,0.382527202368,0.365175068378,-0.709443390369,0.382527202368,0.365175068378,-0.709443390369
1071,2,725,67,7,1,1,1,25,1,1,1,1,,0.0944390818477,0.524114489555,-0.128911942244,0.382527202368,0.365175068378,-0.709443390369
1072,1,726,67,7,1,1,1,7,1,1,1,1,0,-0.534387409687,-0.537007153034,-0.71495360136,-0.534387409687,-0.537007153034,-0.71495360136
1072,2,726,67,7,1,1,1,20,1,1,1,1,,-1.67732656002,-1.04587352276,-1.25076508522,-0.534387409687,-0.537007153034,-0.71495360136
1073,1,727,68,5,1,1,0,6,1,1,1,1,0,-0.501611828804,-0.0507324561477,0.148243188858,-0.501611828804,-0.0507324561477,0.148243188858
1073,2,727,68,5,1,1,0,20,1,1,1,1,,-1.38580870628,-0.0838790163398,-0.0336833447218,-0.501611828804,-0.0507324561477,0.148243188858
1074,2,727,68,5,1,1,1,29,1,1,0,,,-0.919046938419,0.152746096253,-0.0412014909089,,,
1075,2,727,68,5,1,1,0,72,1,0,0,,,,,,,,
1076,1,728,68,5,1,1,0,38,1,1,1,1,0,-2.28429937363,-1.33645176888,-0.745356857777,-2.28429937363,-1.33645176888,-0.745356857777
1076,2,728,68,5,1,1,0,51,1,1,1,1,,-2.18437433243,-1.25730419159,-1.85911726952,-2.28429937363,-1.33645176888,-0.745356857777
1077,1,728,68,5,1,1,0,1,1,1,1,1,0,-3.40315532684,-2.89167428017,,-3.40315532684,-2.89167428017,
1077,2,728,68,5,1,1,0,14,1,1,1,1,,-3.85488557816,-3.15424895287,-2.51218628883,-3.40315532684,-2.89167428017,
1078,1,729,68,5,1,1,1,9,1,1,1,0,1,-0.0387037284672,0.696731567383,,-0.0387037284672,0.696731567383,
1078,2,729,68,5,1,1,1,22,1,0,1,0,,,,,-0.0387037284672,0.696731567383,
1079,1,730,68,5,0,49.25,0,31,1,1,1,1,0,-3.12597489357,-1.78778100014,-0.360015541315,-3.12597489357,-1.78778100014,-0.360015541315
1079,2,730,68,5,0,49.25,0,44,1,1,1,1,,-3.11298394203,-1.9293346405,-1.95120859146,-3.12597489357,-1.78778100014,-0.360015541315
1080,1,731,68,5,1,1,0,62,1,0,0,,,,,,,,
1080,2,731,68,5,1,1,0,73,1,1,0,,,0.495624154806,-1.2364038229,,,,
1081,1,732,68,5,1,1,1,40,1,1,1,1,0,-4.00602293015,-3.06584620476,-0.57168507576,-4.00602293015,-3.06584620476,-0.57168507576
1081,2,732,68,5,1,1,1,53,1,1,1,1,,-3.80486631393,-2.84529876709,-1.09863400459,-4.00602293015,-3.06584620476,-0.57168507576
1082,1,732,68,5,1,1,0,6,1,1,1,1,0,-1.90329492092,-1.90679168701,0.148243188858,-1.90329492092,-1.90679168701,0.148243188858
1082,2,732,68,5,1,1,0,19,1,1,1,1,,-2.2290828228,-1.342923522,-0.662733972073,-1.90329492092,-1.90679168701,0.148243188858
1083,1,734,68,5,0,49.25,1,27,1,1,1,1,0,-1.82861936092,-0.768866181374,0.0739466920495,-1.82861936092,-0.768866181374,0.0739466920495
1083,2,734,68,5,0,49.25,1,41,1,1,1,1,,-1.85193133354,-0.509037315845,-0.186510503292,-1.82861936092,-0.768866181374,0.0739466920495
1084,1,735,68,5,0,49.25,1,33,1,1,1,1,0,-2.5389444828,-0.899306952953,-0.307813465595,-2.5389444828,-0.899306952953,-0.307813465595
1084,2,735,68,5,0,49.25,1,45,1,1,1,1,,-1.91574728489,-0.444597691298,-0.216051980853,-2.5389444828,-0.899306952953,-0.307813465595
1085,1,736,69,6,1,1.125,0,68,1,0,0,,,,,,,,
1085,2,736,69,6,1,1.125,0,72,1,0,0,,,,,,,,
1086,1,736,69,6,1,1.125,0,68,1,0,0,,,,,,,,
1086,2,736,69,6,1,1.125,0,72,1,0,0,,,,,,,,
1087,1,736,69,6,1,1.125,1,21,1,1,1,1,0,-1.81450414658,-1.05609190464,0.0302813556045,-1.81450414658,-1.05609190464,0.0302813556045
1087,2,736,69,6,1,1.125,1,34,1,1,1,1,,-2.70111107826,-0.808031141758,-0.189109668136,-1.81450414658,-1.05609190464,0.0302813556045
1088,1,737,69,6,0,50.25,1,84,1,0,0,,,,,,,,
1088,2,737,69,6,0,50.25,1,72,1,0,0,,,,,,,,
1089,1,738,69,6,1,1.125,0,16,1,1,1,1,0,-1.9390540123,,0.198554128408,-1.9390540123,,0.198554128408
1089,2,738,69,6,1,1.125,0,29,1,1,1,1,,-1.59185218811,-0.661188423634,0.539833605289,-1.9390540123,,0.198554128408
1090,1,739,69,6,1,1.125,0,180,1,0,0,,,,,,,,
1090,2,739,69,6,1,1.125,0,28,1,1,0,,,-2.05357098579,-0.778166353703,0.344483882189,,,
1091,1,740,69,6,1,1.125,0,67,1,0,0,,,,,,,,
1091,2,740,69,6,1,1.125,0,72,1,0,0,,,,,,,,
1092,1,740,69,6,1,1.125,1,21,1,1,1,1,0,-1.43956565857,-1.0122371912,-1.79346108437,-1.43956565857,-1.0122371912,-1.79346108437
1092,2,740,69,6,1,1.125,1,34,1,1,1,1,,-1.67922544479,-0.881431519985,-1.6232175827,-1.43956565857,-1.0122371912,-1.79346108437
1093,1,741,69,6,0,50.25,1,28,1,1,1,1,0,-2.1859061718,-1.1423869133,-0.479356139898,-2.1859061718,-1.1423869133,-0.479356139898
1093,2,741,69,6,0,50.25,1,41,1,1,1,1,,-2.12531352043,-1.26147258282,-0.764062583447,-2.1859061718,-1.1423869133,-0.479356139898
1094,1,742,69,6,1,1.125,0,2,1,1,1,1,0,-0.0874295458198,0.0758513063192,,-0.0874295458198,0.0758513063192,
1094,2,742,69,6,1,1.125,0,15,1,1,1,1,,-1.50014019012,-0.554093241692,0.315281242132,-0.0874295458198,0.0758513063192,
1095,1,743,69,6,1,1.125,0,504,1,0,0,,,,,,,,
1095,2,743,69,6,1,1.125,0,55,1,1,0,,,-2.05960631371,-1.63296675682,-1.45484817028,,,
1096,1,744,69,6,1,1.125,1,49,1,1,1,1,0,0.260099381208,0.211144760251,0.407132208347,0.260099381208,0.211144760251,0.407132208347
1096,2,744,69,6,1,1.125,1,62,1,1,1,1,,0.306748062372,0.166071414948,,0.260099381208,0.211144760251,0.407132208347
1097,1,744,69,6,1,1.125,0,22,1,1,1,1,0,-1.61803996563,-0.894136190414,-0.474150180817,-1.61803996563,-0.894136190414,-0.474150180817
1097,2,744,69,6,1,1.125,0,35,1,1,1,1,,-1.8778012991,-1.01927304268,-0.000241196044954,-1.61803996563,-0.894136190414,-0.474150180817
1098,1,745,69,6,0,50.25,1,72,1,0,0,,,,,,,,
1098,2,745,69,6,0,50.25,1,72,1,0,0,,,,,,,,
1099,1,746,69,6,1,1.125,1,48,1,1,1,1,0,-1.73677718639,-2.34394836426,-1.70469737053,-1.73677718639,-2.34394836426,-1.70469737053
1099,2,746,69,6,1,1.125,1,61,1,1,1,1,,-1.26784157753,-2.11548757553,,-1.73677718639,-2.34394836426,-1.70469737053
1100,1,746,69,6,1,1.125,1,17,1,1,1,1,0,-1.88519787788,-1.97219109535,-1.57849371433,-1.88519787788,-1.97219109535,-1.57849371433
1100,2,746,69,6,1,1.125,1,30,1,1,1,1,,-1.38228821754,-1.59259808064,-1.28063356876,-1.88519787788,-1.97219109535,-1.57849371433
1101,1,748,70,7,0,29.2499980927,1,40,1,1,1,1,0,-2.17246556282,-1.03035283089,-0.263105213642,-2.17246556282,-1.03035283089,-0.263105213642
1101,2,748,70,7,0,29.2499980927,1,53,1,1,1,1,,-2.4598634243,-0.627317667007,-0.445370435715,-2.17246556282,-1.03035283089,-0.263105213642
1102,1,748,70,7,0,29.2499980927,0,19,1,1,1,1,0,-2.30166888237,-1.5217474699,-1.17628109455,-2.30166888237,-1.5217474699,-1.17628109455
1102,2,748,70,7,0,29.2499980927,0,32,1,1,1,1,,-2.22825717926,-0.644970774651,-0.228508487344,-2.30166888237,-1.5217474699,-1.17628109455
1103,1,749,70,7,1,1,0,59,1,1,1,1,0,-2.62457203865,-0.551302790642,-0.0616925060749,-2.62457203865,-0.551302790642,-0.0616925060749
1103,2,749,70,7,1,1,0,73,1,1,1,1,,-2.41945409775,-0.68283778429,,-2.62457203865,-0.551302790642,-0.0616925060749
1104,1,749,70,7,1,1,0,14,1,1,1,1,0,-1.79619109631,1.31742882729,1.34243631363,-1.79619109631,1.31742882729,1.34243631363
1104,2,749,70,7,1,1,0,27,1,1,1,1,,-2.43246936798,0.68164986372,1.54782772064,-1.79619109631,1.31742882729,1.34243631363
1105,2,750,70,7,0,29.2499980927,1,57,1,1,0,,,-2.9852013588,-1.31553244591,-0.781123161316,,,
1106,1,751,70,7,1,1,1,7,1,1,1,1,0,-0.966286420822,0.67512601614,0.825285673141,-0.966286420822,0.67512601614,0.825285673141
1106,2,751,70,7,1,1,1,20,1,1,1,1,,-1.41179990768,0.219929918647,-0.437970459461,-0.966286420822,0.67512601614,0.825285673141
1107,1,752,70,7,1,1,0,61,1,0,0,,,,,,,,
1107,2,752,70,7,1,1,0,72,1,0,0,,,,,,,,
1108,1,752,70,7,1,1,0,20,1,1,1,1,0,-3.695728302,-2.31500983238,-1.50580632687,-3.695728302,-2.31500983238,-1.50580632687
1108,2,752,70,7,1,1,0,33,1,1,1,1,,-3.82349658012,-2.22658705711,-1.17300510406,-3.695728302,-2.31500983238,-1.50580632687
1109,2,753,70,7,0,29.2499980927,0,7,1,1,0,,,-1.80302381516,-1.34066438675,-0.762666285038,,,
1110,1,754,70,7,0,29.2499980927,0,35,1,1,1,1,0,-2.38320541382,-0.789436459541,0.316145628691,-2.38320541382,-0.789436459541,0.316145628691
1110,2,754,70,7,0,29.2499980927,0,48,1,1,1,1,,-2.045109272,-0.521648108959,-0.0676083639264,-2.38320541382,-0.789436459541,0.316145628691
1111,1,755,71,6,1,1.5,1,33,1,1,1,1,0,-1.36803197861,-0.865134894848,-0.469512045383,-1.36803197861,-0.865134894848,-0.469512045383
1111,2,755,71,6,1,1.5,1,44,1,1,1,1,,-1.03813159466,-0.317344397306,-0.78444737196,-1.36803197861,-0.865134894848,-0.469512045383
1112,1,755,71,6,1,1.5,1,8,1,1,1,1,0,-0.8878672719,-0.86367982626,-0.982699513435,-0.8878672719,-0.86367982626,-0.982699513435
1112,2,755,71,6,1,1.5,1,19,1,1,1,1,,-0.242783084512,-0.433819293976,-0.464600563049,-0.8878672719,-0.86367982626,-0.982699513435
1113,1,757,71,6,0,33.75,0,72,1,0,0,,,,,,,,
1113,2,757,71,6,0,33.75,0,72,1,1,0,,,-0.994751155376,-1.04164636135,,,,
1114,2,758,71,6,0,33.75,1,9,1,1,0,,,-1.30125689507,-1.26694238186,-1.04556953907,,,
1115,1,760,71,6,1,1.5,1,21,1,1,1,1,0,-1.5047712326,-0.805736541748,0.278603643179,-1.5047712326,-0.805736541748,0.278603643179
1115,2,760,71,6,1,1.5,1,33,1,1,1,1,,-2.02156448364,0.126488819718,0.538773179054,-1.5047712326,-0.805736541748,0.278603643179
1116,1,761,72,7,1,2.5,0,30,1,1,1,1,0,-1.0961817503,0.245170742273,0.731524765491,-1.0961817503,0.245170742273,0.731524765491
1116,2,761,72,7,1,2.5,0,43,1,1,1,1,,-0.461678266525,0.205847680569,0.611009776592,-1.0961817503,0.245170742273,0.731524765491
1117,1,762,72,7,1,2.5,0,59,1,1,1,1,0,-1.19994676113,-0.704439878464,-0.499413281679,-1.19994676113,-0.704439878464,-0.499413281679
1117,2,762,72,7,1,2.5,0,72,1,1,1,1,,-1.20787382126,-1.01987147331,,-1.19994676113,-0.704439878464,-0.499413281679
1118,1,762,72,7,1,2.5,0,47,1,1,1,1,0,-1.74716043472,-0.309635818005,0.216804102063,-1.74716043472,-0.309635818005,0.216804102063
1118,2,762,72,7,1,2.5,0,60,1,1,1,1,,-1.67544496059,-0.37656468153,-0.29951184988,-1.74716043472,-0.309635818005,0.216804102063
1119,1,762,72,7,1,2.5,1,12,1,1,1,1,0,-2.95730137825,-1.93061900139,-0.893148243427,-2.95730137825,-1.93061900139,-0.893148243427
1119,2,762,72,7,1,2.5,1,24,1,1,1,1,,-2.94927120209,-1.80718934536,0.180774956942,-2.95730137825,-1.93061900139,-0.893148243427
1120,1,762,72,7,1,2.5,0,1,1,1,1,1,0,-2.5811855793,-2.53382658958,,-2.5811855793,-2.53382658958,
1120,2,762,72,7,1,2.5,0,13,1,1,1,1,,-3.14037895203,-2.14004182816,-0.985476672649,-2.5811855793,-2.53382658958,
1121,1,764,72,7,1,2.5,1,72,1,0,0,,,,,,,,
1121,2,764,72,7,1,2.5,1,71,1,1,0,,,-0.951489448547,-1.17578840256,,,,
1122,1,764,72,7,1,2.5,1,22,1,1,1,1,0,-2.40497684479,-1.14418327808,-0.455187648535,-2.40497684479,-1.14418327808,-0.455187648535
1122,2,764,72,7,1,2.5,1,35,1,1,1,1,,-2.03342366219,-1.11166894436,-0.0725157409906,-2.40497684479,-1.14418327808,-0.455187648535
1123,1,765,72,7,1,2.5,1,52,1,1,1,1,0,-2.15214085579,-1.0751324892,-0.101006731391,-2.15214085579,-1.0751324892,-0.101006731391
1123,2,765,72,7,1,2.5,1,65,1,1,1,1,,-2.07445693016,-1.13294792175,,-2.15214085579,-1.0751324892,-0.101006731391
1124,1,765,72,7,1,2.5,0,1,1,1,1,1,0,-1.34823417664,-0.119118109345,,-1.34823417664,-0.119118109345,
1124,2,765,72,7,1,2.5,0,14,1,1,1,1,,-1.45307588577,-0.726604104042,0.768251538277,-1.34823417664,-0.119118109345,
1125,1,767,72,7,1,2.5,0,40,1,1,1,1,0,-2.99528455734,-3.52533888817,-3.11805677414,-2.99528455734,-3.52533888817,-3.11805677414
1125,2,767,72,7,1,2.5,0,53,1,1,1,1,,-3.57763576508,-2.65811443329,-2.21692347527,-2.99528455734,-3.52533888817,-3.11805677414
1126,1,767,72,7,1,2.5,0,72,1,0,0,,,,,,,,
1126,2,767,72,7,1,2.5,0,72,1,0,0,,,,,,,,
1127,1,768,72,7,1,2.5,1,7,1,1,1,1,0,-2.28357982635,-1.98374378681,-1.48140406609,-2.28357982635,-1.98374378681,-1.48140406609
1127,2,768,72,7,1,2.5,1,20,1,1,1,1,,-2.22497105598,-1.18622457981,-0.606335699558,-2.28357982635,-1.98374378681,-1.48140406609
1128,1,768,72,7,1,2.5,0,59,1,1,1,1,0,-2.65719747543,-2.04324173927,-1.28285908699,-2.65719747543,-2.04324173927,-1.28285908699
1128,2,768,72,7,1,2.5,0,72,1,1,1,1,,-2.77076840401,-2.33071827888,,-2.65719747543,-2.04324173927,-1.28285908699
1129,1,769,72,7,0,43.75,0,25,1,1,1,0,1,-2.57448172569,-1.44862699509,-1.16668760777,-2.57448172569,-1.44862699509,-1.16668760777
1130,1,770,72,7,0,43.75,1,72,1,0,0,,,,,,,,
1130,2,770,72,7,0,43.75,1,72,1,0,0,,,,,,,,
1131,1,771,72,7,1,2.5,0,24,1,1,1,1,0,-4.7622551918,-3.8929309845,-3.11805677414,-4.7622551918,-3.8929309845,-3.11805677414
1131,2,771,72,7,1,2.5,0,37,1,1,1,1,,-4.47712230682,-3.32459616661,-2.47341585159,-4.7622551918,-3.8929309845,-3.11805677414
1132,1,772,72,7,1,2.5,1,20,1,1,1,1,0,-2.83899855614,0.116010740399,1.0434319973,-2.83899855614,0.116010740399,1.0434319973
1132,2,772,72,7,1,2.5,1,33,1,1,1,1,,-2.87932348251,-0.810850322247,0.00817180611193,-2.83899855614,0.116010740399,1.0434319973
1133,1,774,73,6,0,44.5,0,32,1,1,1,1,0,-2.27097034454,,-1.46126425266,-2.27097034454,,-1.46126425266
1133,2,774,73,6,0,44.5,0,44,1,1,1,1,,-1.76514613628,-2.16460466385,-1.76637470722,-2.27097034454,,-1.46126425266
1134,1,775,73,6,1,1,0,4,1,1,1,1,0,0.679557800293,0.845578372478,,0.679557800293,0.845578372478,
1134,2,775,73,6,1,1,0,17,1,1,1,1,,0.303455770016,0.457912236452,1.67812931538,0.679557800293,0.845578372478,
1135,1,776,73,6,0,44.5,0,26,1,1,1,1,0,-1.5764926672,-0.15088416636,0.357690691948,-1.5764926672,-0.15088416636,0.357690691948
1135,2,776,73,6,0,44.5,0,39,1,1,1,1,,-1.51196205616,-3.18876791,-0.0354205593467,-1.5764926672,-0.15088416636,0.357690691948
1136,1,776,73,6,0,44.5,0,1,1,1,1,1,0,1.41551947594,1.74831914902,,1.41551947594,1.74831914902,
1136,2,776,73,6,0,44.5,0,15,1,1,1,1,,-1.6384665966,-0.187585905194,0.90548825264,1.41551947594,1.74831914902,
1137,1,777,73,6,1,1,1,27,1,1,1,1,0,-3.21864151955,-2.14202213287,-0.763999044895,-3.21864151955,-2.14202213287,-0.763999044895
1137,2,777,73,6,1,1,1,40,1,1,1,1,,-2.67481040955,-1.5601900816,-0.930513381958,-3.21864151955,-2.14202213287,-0.763999044895
1138,1,779,74,6,1,1.125,1,66,1,0,0,,,,,,,,
1138,2,779,74,6,1,1.125,1,72,1,0,0,,,,,,,,
1139,1,779,74,6,1,1.125,1,15,1,1,1,1,0,-1.22659957409,-0.366366744041,0.228147372603,-1.22659957409,-0.366366744041,0.228147372603
1139,2,779,74,6,1,1.125,1,28,1,1,1,1,,-2.65220713615,-1.71290433407,-0.572522997856,-1.22659957409,-0.366366744041,0.228147372603
1140,1,780,74,6,0,51.75,1,48,1,1,1,1,0,-1.40015721321,-0.878049552441,-0.833222806454,-1.40015721321,-0.878049552441,-0.833222806454
1140,2,780,74,6,0,51.75,1,61,1,1,1,1,,-1.21546530724,-1.0181261301,,-1.40015721321,-0.878049552441,-0.833222806454
1141,1,780,74,6,0,51.75,0,7,1,1,1,1,0,-1.31939065456,-1.29039430618,-0.715054094791,-1.31939065456,-1.29039430618,-0.715054094791
1141,2,780,74,6,0,51.75,0,21,1,1,1,1,,-2.48240399361,-1.82748568058,-0.428924053907,-1.31939065456,-1.29039430618,-0.715054094791
1142,1,781,74,6,1,1.125,1,240,1,0,0,,,,,,,,
1142,2,781,74,6,1,1.125,1,32,1,1,0,,,-1.56944942474,-0.497476786375,-0.346822440624,,,
1143,1,782,74,6,1,1.125,1,12,1,0,0,,,,,,,,
1143,2,782,74,6,1,1.125,1,25,1,0,0,,,,,,,,
1144,1,784,74,6,1,1.125,1,60,1,1,1,1,0,-2.24387860298,-1.6650198698,-0.626059532166,-2.24387860298,-1.6650198698,-0.626059532166
1144,2,784,74,6,1,1.125,1,72,1,1,1,1,,,-1.62247133255,,-2.24387860298,-1.6650198698,-0.626059532166
1145,1,784,74,6,1,1.125,1,19,1,1,1,1,0,-2.18653321266,-2.02595329285,-0.824343383312,-2.18653321266,-2.02595329285,-0.824343383312
1145,2,784,74,6,1,1.125,1,32,1,1,1,1,,-2.86569428444,-2.28627181053,-0.676243245602,-2.18653321266,-2.02595329285,-0.824343383312
1146,1,785,74,6,1,1.125,1,18,1,1,1,1,0,-1.62125039101,-0.573786079884,-0.682846844196,-1.62125039101,-0.573786079884,-0.682846844196
1146,2,785,74,6,1,1.125,1,31,1,1,1,1,,-0.962225437164,-0.702015817165,-0.801926255226,-1.62125039101,-0.573786079884,-0.682846844196
1147,2,785,74,6,1,1.125,1,2,1,1,0,,,-0.0330518484116,-0.349384516478,,,,
1148,1,786,74,6,1,1.125,1,21,1,1,1,1,0,-0.803802132607,-1.92970144749,-2.09599304199,-0.803802132607,-1.92970144749,-2.09599304199
1148,2,786,74,6,1,1.125,1,34,1,1,1,1,,0.256976276636,-1.62205719948,-2.18039894104,-0.803802132607,-1.92970144749,-2.09599304199
1149,1,786,74,6,1,1.125,1,56,1,1,1,1,0,0.0696613416076,-0.313474595547,-0.930042266846,0.0696613416076,-0.313474595547,-0.930042266846
1149,2,786,74,6,1,1.125,1,72,1,1,1,1,,-0.102430000901,-0.226590290666,,0.0696613416076,-0.313474595547,-0.930042266846
1150,1,786,74,6,1,1.125,0,43,1,1,1,1,0,-1.72295463085,-1.26858389378,-0.70094704628,-1.72295463085,-1.26858389378,-0.70094704628
1150,2,786,74,6,1,1.125,0,56,1,1,1,1,,-1.61958873272,-1.07980275154,-1.30630731583,-1.72295463085,-1.26858389378,-0.70094704628
1151,2,786,74,6,1,1.125,1,6,1,1,0,,,0.780485093594,-0.411805510521,0.610271215439,,,
1152,1,787,74,6,1,1.125,0,20,1,0,0,,,,,,,,
1152,2,787,74,6,1,1.125,0,33,1,1,0,,,-3.10770058632,-0.943671762943,0.304065167904,,,
1153,2,787,74,6,1,1.125,1,4,1,1,0,,,-0.0415351726115,-1.40034377575,,,,
1154,1,788,74,6,0,51.75,1,16,1,1,1,1,0,-1.5049598217,-0.0602502115071,1.73760592937,-1.5049598217,-0.0602502115071,1.73760592937
1154,2,788,74,6,0,51.75,1,28,1,1,1,1,,-0.816144168377,-0.511846959591,0.486444741488,-1.5049598217,-0.0602502115071,1.73760592937
1155,1,791,75,6,1,1,1,39,1,1,1,1,0,-1.44419205189,-0.233911529183,-0.0746283978224,-1.44419205189,-0.233911529183,-0.0746283978224
1155,2,791,75,6,1,1,1,53,1,1,1,1,,-1.17043936253,-0.440357327461,-0.271606296301,-1.44419205189,-0.233911529183,-0.0746283978224
1156,1,791,75,6,1,1,1,6,1,1,1,1,0,0.140707671642,0.502918958664,0.277125924826,0.140707671642,0.502918958664,0.277125924826
1156,2,791,75,6,1,1,1,19,1,1,1,1,,-0.344197183847,-0.0737741887569,0.784332931042,0.140707671642,0.502918958664,0.277125924826
1157,1,792,75,6,1,1,1,35,1,1,1,1,0,-3.08290743828,-1.55135214329,0.00452986266464,-3.08290743828,-1.55135214329,0.00452986266464
1157,2,792,75,6,1,1,1,48,1,1,1,1,,-3.071652174,-1.52924561501,0.343204438686,-3.08290743828,-1.55135214329,0.00452986266464
1158,1,794,75,6,0,43.5,0,48,1,1,1,1,0,-1.22251713276,0.00052757532103,0.265587061644,-1.22251713276,0.00052757532103,0.265587061644
1158,2,794,75,6,0,43.5,0,61,1,1,1,1,,-0.93973171711,-0.196743920445,,-1.22251713276,0.00052757532103,0.265587061644
1159,1,794,75,6,0,43.5,0,19,1,1,1,1,0,-0.995098471642,0.513367772102,0.929602086544,-0.995098471642,0.513367772102,0.929602086544
1159,2,794,75,6,0,43.5,0,32,1,1,1,1,,-0.121104598045,0.29801300168,0.766533255577,-0.995098471642,0.513367772102,0.929602086544
1160,1,795,75,6,1,1,0,39,1,0,0,,,,,,,,
1160,2,795,75,6,1,1,0,43,1,0,0,,,,,,,,
1161,1,795,75,6,1,1,0,29,1,1,1,1,0,-1.68140375614,-0.129057496786,-0.713421881199,-1.68140375614,-0.129057496786,-0.713421881199
1161,2,795,75,6,1,1,0,42,1,1,1,1,,-1.71533954144,0.192219212651,0.565655350685,-1.68140375614,-0.129057496786,-0.713421881199
1162,1,796,75,6,0,43.5,1,56,1,1,1,1,0,-1.16655445099,-0.19371753931,-0.506279826164,-1.16655445099,-0.19371753931,-0.506279826164
1162,2,796,75,6,0,43.5,1,70,1,1,1,1,,-1.22700035572,-0.638824105263,,-1.16655445099,-0.19371753931,-0.506279826164
1163,1,798,75,6,1,1,1,61,1,0,0,,,,,,,,
1163,2,798,75,6,1,1,1,72,1,0,0,,,,,,,,
1164,1,798,75,6,1,1,1,8,1,1,1,1,0,-0.317041754723,0.921302676201,0.666300535202,-0.317041754723,0.921302676201,0.666300535202
1164,2,798,75,6,1,1,1,21,1,1,1,1,,-1.21134352684,0.181563287973,0.0302813556045,-0.317041754723,0.921302676201,0.666300535202
1165,2,798,75,6,1,1,0,4,1,1,0,,,0.00672825844958,-0.310353398323,,,,
1166,1,799,75,6,1,1,1,44,1,1,1,1,0,-2.26774477959,-1.56440937519,-1.34365010262,-2.26774477959,-1.56440937519,-1.34365010262
1166,2,799,75,6,1,1,1,57,1,1,1,1,,-2.12446022034,-1.47196042538,-1.03158259392,-2.26774477959,-1.56440937519,-1.34365010262
1167,1,799,75,6,1,1,1,16,1,1,1,1,0,-1.64810240269,-2.67641711235,-3.11805677414,-1.64810240269,-2.67641711235,-3.11805677414
1167,2,799,75,6,1,1,1,29,1,1,1,1,,-1.52233994007,-1.01408183575,-0.833524048328,-1.64810240269,-2.67641711235,-3.11805677414
1168,1,800,75,6,1,1,0,66,1,0,0,,,,,,,,
1168,2,800,75,6,1,1,0,72,1,0,0,,,,,,,,
1169,1,800,75,6,1,1,1,21,1,1,1,1,0,-1.08092975616,-1.65442740917,-1.49920010567,-1.08092975616,-1.65442740917,-1.49920010567
1169,2,800,75,6,1,1,1,35,1,1,1,1,,-1.40904533863,-1.44932222366,-1.25994598866,-1.08092975616,-1.65442740917,-1.49920010567
1170,1,801,75,6,1,1,1,42,1,1,1,1,0,-1.46215200424,-1.66285383701,-0.797666311264,-1.46215200424,-1.66285383701,-0.797666311264
1170,2,801,75,6,1,1,1,55,1,1,1,1,,-1.2855963707,-1.81857049465,-0.900302946568,-1.46215200424,-1.66285383701,-0.797666311264
1171,1,801,75,6,1,1,0,2,1,1,1,1,0,0.737378001213,0.45719268918,,0.737378001213,0.45719268918,
1171,2,801,75,6,1,1,0,15,1,1,1,1,,1.15755546093,-1.03316521645,-1.18342530727,0.737378001213,0.45719268918,
1172,1,803,76,5,0,49.75,1,49,1,0,0,,,,,,,,
1172,2,803,76,5,0,49.75,1,62,1,0,0,,,,,,,,
1173,1,804,76,5,1,1,0,19,1,1,1,1,0,-0.777337133884,0.188545778394,0.518072426319,-0.777337133884,0.188545778394,0.518072426319
1173,2,804,76,5,1,1,0,32,1,1,1,1,,-0.776031851768,0.303940743208,0.339820951223,-0.777337133884,0.188545778394,0.518072426319
1174,2,804,76,5,1,1,0,2,1,1,0,,,-1.76203644276,-0.609150886536,,,,
1175,1,807,76,5,1,1,0,38,1,1,1,1,0,-3.70624065399,-2.44094085693,-2.49740195274,-3.70624065399,-2.44094085693,-2.49740195274
1175,2,807,76,5,1,1,0,51,1,1,1,1,,-3.42706632614,-2.41313529015,-1.81416630745,-3.70624065399,-2.44094085693,-2.49740195274
1176,1,807,76,5,1,1,1,10,1,1,1,1,0,-2.54576206207,-2.03048729897,-1.57929396629,-2.54576206207,-2.03048729897,-1.57929396629
1176,2,807,76,5,1,1,1,23,1,1,1,1,,-3.04702210426,-1.6241748333,-0.515545189381,-2.54576206207,-2.03048729897,-1.57929396629
1177,1,808,77,6,1,1,1,32,1,0,0,,,,,,,,
1177,2,808,77,6,1,1,1,47,1,0,0,,,,,,,,
1178,1,808,77,6,1,1,1,6,1,0,0,,,,,,,,
1178,2,808,77,6,1,1,1,47,1,0,0,,,,,,,,
1179,2,808,77,6,1,1,1,1,1,0,0,,,,,,,,
1180,1,810,77,6,1,1,1,59,1,1,1,1,0,-1.54567193985,-1.39670455456,-2.23460912704,-1.54567193985,-1.39670455456,-2.23460912704
1180,2,810,77,6,1,1,1,72,1,1,1,1,,-2.21197628975,-1.8184581995,,-1.54567193985,-1.39670455456,-2.23460912704
1181,2,810,77,6,1,1,0,7,1,1,0,,,-3.89876079559,-3.44565272331,-2.95972418785,,,
1182,1,811,77,6,1,1,1,1,1,1,1,1,0,-2.0658929348,-1.57399272919,,-2.0658929348,-1.57399272919,
1182,2,811,77,6,1,1,1,14,1,1,1,1,,-4.37088871002,-3.44565272331,-1.69205081463,-2.0658929348,-1.57399272919,
1183,1,812,77,6,1,1,1,53,1,1,1,1,0,-2.48209643364,-1.63349831104,-1.84024238586,-2.48209643364,-1.63349831104,-1.84024238586
1183,2,812,77,6,1,1,1,66,1,1,1,1,,-1.96070945263,-1.62333071232,,-2.48209643364,-1.63349831104,-1.84024238586
1184,1,812,77,6,1,1,1,44,1,1,1,1,0,-2.13514041901,-1.30473852158,-0.0365892462432,-2.13514041901,-1.30473852158,-0.0365892462432
1184,2,812,77,6,1,1,1,57,1,1,1,1,,-1.57573723793,-1.44133150578,-1.28890252113,-2.13514041901,-1.30473852158,-0.0365892462432
1185,1,812,77,6,1,1,0,27,1,1,1,0,1,-4.37975692749,-1.85471236706,-0.0217418633401,-4.37975692749,-1.85471236706,-0.0217418633401
1185,2,812,77,6,1,1,0,40,1,0,1,0,,,,,-4.37975692749,-1.85471236706,-0.0217418633401
1186,1,812,77,6,1,1,0,20,1,1,1,1,0,-1.51019108295,-0.547947466373,0.477549314499,-1.51019108295,-0.547947466373,0.477549314499
1186,2,812,77,6,1,1,0,33,1,1,1,1,,-1.14277327061,-0.848873198032,-0.730226457119,-1.51019108295,-0.547947466373,0.477549314499
1187,1,812,77,6,1,1,1,9,1,1,1,0,1,-2.85357499123,-2.20353841782,-1.42991602421,-2.85357499123,-2.20353841782,-1.42991602421
1187,2,812,77,6,1,1,1,22,1,0,1,0,,,,,-2.85357499123,-2.20353841782,-1.42991602421
1188,1,813,77,6,1,1,0,27,1,1,1,1,0,-4.75066757202,-3.8929309845,-2.64699578285,-4.75066757202,-3.8929309845,-2.64699578285
1188,2,813,77,6,1,1,0,37,1,1,1,1,,-4.19308233261,-1.86977601051,-1.02103579044,-4.75066757202,-3.8929309845,-2.64699578285
1189,1,814,77,6,0,46.5,1,20,1,0,0,,,,,,,,
1189,2,814,77,6,0,46.5,1,35,1,0,0,,,,,,,,
1190,1,815,77,6,0,46.5,1,63,1,0,0,,,,,,,,
1190,2,815,77,6,0,46.5,1,72,1,0,0,,,,,,,,
1191,2,815,77,6,0,46.5,0,12,1,1,0,,,-0.462411522865,0.419796973467,1.1573959589,,,
1192,1,816,77,6,0,46.5,1,33,1,1,1,1,0,-2.08964061737,-2.09616279602,-1.76968789101,-2.08964061737,-2.09616279602,-1.76968789101
1192,2,816,77,6,0,46.5,1,46,1,1,1,1,,-1.64000117779,-1.86347210407,-1.69147026539,-2.08964061737,-2.09616279602,-1.76968789101
1193,1,817,78,5,0,48,1,19,1,1,1,1,0,-1.1047950983,0.0393157862127,0.465614914894,-1.1047950983,0.0393157862127,0.465614914894
1193,2,817,78,5,0,48,1,33,1,1,1,1,,-1.46333825588,-0.115594081581,1.11317801476,-1.1047950983,0.0393157862127,0.465614914894
1194,1,818,78,5,1,1.25,0,20,1,1,1,1,0,-2.52300143242,-0.958218276501,-1.31229007244,-2.52300143242,-0.958218276501,-1.31229007244
1194,2,818,78,5,1,1.25,0,33,1,1,1,1,,-2.34980082512,-0.788521707058,-0.221487164497,-2.52300143242,-0.958218276501,-1.31229007244
1195,1,820,78,5,1,1.25,0,47,1,1,1,1,0,-1.84338998795,-0.947108924389,-1.82729279995,-1.84338998795,-0.947108924389,-1.82729279995
1195,2,820,78,5,1,1.25,0,60,1,1,1,1,,-2.44154310226,-0.602869391441,-0.558120012283,-1.84338998795,-0.947108924389,-1.82729279995
1196,2,820,78,5,1,1.25,1,27,1,1,0,,,-2.43490457535,-1.02891993523,-0.211780533195,,,
1197,1,821,78,5,0,48,1,84,1,0,0,,,,,,,,
1197,2,821,78,5,0,48,1,72,1,0,0,,,,,,,,
1198,1,822,78,5,1,1.25,1,48,1,1,1,1,0,-2.36358737946,-0.040354963392,0.897336006165,-2.36358737946,-0.040354963392,0.897336006165
1198,2,822,78,5,1,1.25,1,62,1,1,1,1,,-2.09655213356,-0.407368332148,,-2.36358737946,-0.040354963392,0.897336006165
1199,1,822,78,5,1,1.25,0,26,1,1,1,1,0,-0.97820520401,-1.521053195,-1.59437465668,-0.97820520401,-1.521053195,-1.59437465668
1199,2,822,78,5,1,1.25,0,39,1,1,1,1,,-1.21255111694,-1.44493806362,-1.02838587761,-0.97820520401,-1.521053195,-1.59437465668
1200,1,823,78,5,1,1.25,1,16,1,1,1,1,0,-1.41549599171,0.500072002411,0.6788367033,-1.41549599171,0.500072002411,0.6788367033
1200,2,823,78,5,1,1.25,1,29,1,1,1,1,,-1.80962252617,0.290993839502,1.34710729122,-1.41549599171,0.500072002411,0.6788367033
1201,1,824,78,5,0,48,0,636,1,0,0,,,,,,,,
1201,2,824,78,5,0,48,0,66,1,1,0,,,-1.1718095541,-0.92509752512,,,,
1202,1,824,78,5,0,48,0,144,1,0,0,,,,,,,,
1202,2,824,78,5,0,48,0,27,1,1,0,,,,,-0.758685767651,,,
1203,1,825,79,5,1,1.74999988079,0,72,1,0,0,,,,,,,,
1203,2,825,79,5,1,1.74999988079,0,72,1,0,0,,,,,,,,
1204,1,825,79,5,1,1.74999988079,0,22,1,1,1,1,0,-4.34448242188,-1.76859664917,-0.474150180817,-4.34448242188,-1.76859664917,-0.474150180817
1204,2,825,79,5,1,1.74999988079,0,35,1,1,1,1,,-4.44579458237,-2.07304143906,-0.705583631992,-4.34448242188,-1.76859664917,-0.474150180817
1205,2,825,79,5,1,1.74999988079,1,3,1,1,0,,,-1.68778800964,-1.95867109299,,,,
1206,1,826,79,5,1,1.74999988079,0,5,1,1,1,1,0,-1.32729291916,-1.42808258533,,-1.32729291916,-1.42808258533,
1206,2,826,79,5,1,1.74999988079,0,18,1,1,1,1,,-2.39453649521,-1.29454851151,-1.47598814964,-1.32729291916,-1.42808258533,
1207,1,828,79,5,0,44,0,62,1,0,0,,,,,,,,
1207,2,828,79,5,0,44,0,72,1,0,0,,,,,,,,
1208,1,828,79,5,0,44,1,1,1,1,1,1,0,-4.29185295105,-3.18081855774,,-4.29185295105,-3.18081855774,
1208,2,828,79,5,0,44,1,13,1,1,1,1,,-2.32643079758,-1.44949269295,-0.699648737907,-4.29185295105,-3.18081855774,
1209,1,829,79,5,1,1.74999988079,0,16,1,1,1,1,0,-3.81569194794,-2.29321956635,-1.85246956348,-3.81569194794,-2.29321956635,-1.85246956348
1209,2,829,79,5,1,1.74999988079,0,29,1,1,1,1,,-3.87539863586,-1.84106338024,-2.07088208199,-3.81569194794,-2.29321956635,-1.85246956348
1210,1,830,79,5,0,44,0,33,1,0,0,,,,,,,,
1210,2,830,79,5,0,44,0,46,1,1,0,,,-3.62753200531,-1.16415023804,-0.566374003887,,,
1211,2,830,79,5,0,44,1,2,1,1,0,,,-1.7274171114,-0.287094056606,,,,
1212,2,830,79,5,0,44,0,6,1,1,0,,,-2.74430346489,-1.27616810799,-0.840576767921,,,
1213,1,832,79,5,1,1.74999988079,0,192,1,0,0,,,,,,,,
1213,2,832,79,5,1,1.74999988079,0,29,1,1,0,,,0.214086323977,-0.343221008778,-0.237745851278,,,
1214,1,833,79,5,1,1.74999988079,0,58,1,1,1,1,0,-2.71152186394,-2.61335301399,-2.30804944038,-2.71152186394,-2.61335301399,-2.30804944038
1214,2,833,79,5,1,1.74999988079,0,71,1,1,1,1,,-2.8397963047,-2.87054085732,,-2.71152186394,-2.61335301399,-2.30804944038
1215,1,833,79,5,1,1.74999988079,1,27,1,0,0,,,,,,,,
1215,2,833,79,5,1,1.74999988079,1,40,1,1,0,,,-3.679500103,-2.27551293373,-1.34469795227,,,
1216,2,833,79,5,1,1.74999988079,0,4,1,1,0,,,-2.39623165131,-1.7297860384,,,,
1217,1,834,79,5,1,1.74999988079,1,26,1,1,1,1,0,-2.50640273094,-1.35587286949,-0.191748067737,-2.50640273094,-1.35587286949,-0.191748067737
1217,2,834,79,5,1,1.74999988079,1,39,1,1,1,1,,-2.23121738434,-1.33759975433,-0.418526142836,-2.50640273094,-1.35587286949,-0.191748067737
1218,1,835,79,5,1,1.74999988079,1,51,1,1,1,1,0,-2.36934137344,-1.3224915266,-0.925594568253,-2.36934137344,-1.3224915266,-0.925594568253
1218,2,835,79,5,1,1.74999988079,1,64,1,1,1,1,,-2.20890307426,-1.55973553658,,-2.36934137344,-1.3224915266,-0.925594568253
1219,1,835,79,5,1,1.74999988079,1,1,1,1,1,1,0,-0.914534926414,-1.20617699623,,-0.914534926414,-1.20617699623,
1219,2,835,79,5,1,1.74999988079,1,13,1,1,1,1,,0.0503528192639,0.388105332851,0.379466056824,-0.914534926414,-1.20617699623,
1220,2,836,79,5,0,44,1,48,1,1,0,,,-2.25911951065,-0.773867964745,-1.02459561825,,,
1221,1,838,80,5,1,1,0,48,1,1,1,1,0,-2.62926864624,-1.61259508133,-1.75636219978,-2.62926864624,-1.61259508133,-1.75636219978
1221,2,838,80,5,1,1,0,61,1,1,1,1,,-3.030585289,-2.02081823349,,-2.62926864624,-1.61259508133,-1.75636219978
1222,1,838,80,5,1,1,1,26,1,1,1,1,0,-4.53345966339,-3.07613420486,-2.82040214539,-4.53345966339,-3.07613420486,-2.82040214539
1222,2,838,80,5,1,1,1,39,1,1,1,1,,-4.09723138809,-2.93813443184,-1.61330914497,-4.53345966339,-3.07613420486,-2.82040214539
1223,1,839,80,5,0,54.7500038147,1,47,1,1,1,1,0,-2.71445250511,-1.75345182419,-1.35005927086,-2.71445250511,-1.75345182419,-1.35005927086
1223,2,839,80,5,0,54.7500038147,1,60,1,1,1,1,,-2.23336625099,-1.69570302963,-1.86093425751,-2.71445250511,-1.75345182419,-1.35005927086
1224,1,839,80,5,0,54.7500038147,0,21,1,1,1,1,0,-2.81293535233,-1.69627773762,-0.251481503248,-2.81293535233,-1.69627773762,-0.251481503248
1224,2,839,80,5,0,54.7500038147,0,34,1,1,1,1,,-2.68638300896,-2.04804396629,-0.718670487404,-2.81293535233,-1.69627773762,-0.251481503248
1225,1,840,80,5,1,1,0,49,1,1,1,0,1,-1.74614393711,-1.23344600201,-2.72026872635,-1.74614393711,-1.23344600201,-2.72026872635
1226,1,840,80,5,1,1,1,5,1,1,1,1,0,-1.45673024654,-2.09787678719,-2.15789270401,-1.45673024654,-2.09787678719,-2.15789270401
1226,2,840,80,5,1,1,1,18,1,1,1,1,,-2.9126303196,-2.48962378502,-1.62880027294,-1.45673024654,-2.09787678719,-2.15789270401
1227,2,840,80,5,1,1,0,62,1,1,0,,,-1.65504324436,-1.34893858433,,,,
1228,1,842,80,5,0,54.7500038147,0,35,1,1,1,1,0,-1.98707783222,-1.05266368389,-0.326359897852,-1.98707783222,-1.05266368389,-0.326359897852
1228,2,842,80,5,0,54.7500038147,0,48,1,1,1,1,,-1.66361546516,-0.816717684269,-0.812887430191,-1.98707783222,-1.05266368389,-0.326359897852
1229,1,844,81,6,1,1,1,16,1,1,1,1,0,-2.93638110161,,-0.324096947908,-2.93638110161,,-0.324096947908
1229,2,844,81,6,1,1,1,29,1,1,1,1,,-2.98748064041,-1.73619532585,-0.833524048328,-2.93638110161,,-0.324096947908
1230,2,844,81,6,1,1,0,1,1,1,0,,,-3.45452737808,-1.89909219742,,,,
1231,1,845,81,6,1,1,0,38,1,1,1,1,0,-2.98210310936,-2.4870300293,-2.20072793961,-2.98210310936,-2.4870300293,-2.20072793961
1231,2,845,81,6,1,1,0,52,1,1,1,1,,-2.39760637283,-2.10426497459,-2.33927464485,-2.98210310936,-2.4870300293,-2.20072793961
1232,1,845,81,6,1,1,0,17,1,1,1,1,0,-2.72617840767,-2.25737929344,-1.88637423515,-2.72617840767,-2.25737929344,-1.88637423515
1232,2,845,81,6,1,1,0,32,1,1,1,1,,-2.54148459435,-2.0243768692,-2.43336319923,-2.72617840767,-2.25737929344,-1.88637423515
1233,1,846,81,6,0,47.4999961853,0,62,1,0,0,,,,,,,,
1233,2,846,81,6,0,47.4999961853,0,72,1,0,0,,,,,,,,
1234,1,846,81,6,0,47.4999961853,0,26,1,1,1,1,0,-0.867992043495,-0.793143391609,-0.846882998943,-0.867992043495,-0.793143391609,-0.846882998943
1234,2,846,81,6,0,47.4999961853,0,39,1,1,1,1,,-1.68119132519,-0.218070015311,-0.72870361805,-0.867992043495,-0.793143391609,-0.846882998943
1235,2,846,81,6,0,47.4999961853,1,2,1,1,0,,,1.15755546093,0.844536781311,,,,
1236,1,847,81,6,1,1,1,30,1,1,1,1,0,-3.9317471981,-2.64054965973,-2.02450656891,-3.9317471981,-2.64054965973,-2.02450656891
1236,2,847,81,6,1,1,1,43,1,1,1,1,,-3.84228920937,-2.96347022057,-2.21951174736,-3.9317471981,-2.64054965973,-2.02450656891
1237,1,849,81,6,0,47.4999961853,0,40,1,1,1,1,0,-2.23558354378,-1.91204869747,-1.67847859859,-2.23558354378,-1.91204869747,-1.67847859859
1237,2,849,81,6,0,47.4999961853,0,53,1,1,1,1,,-1.81894505024,-1.82656574249,-1.67515861988,-2.23558354378,-1.91204869747,-1.67847859859
1238,1,850,82,10,1,5.75,1,51,1,1,1,1,0,-2.4823975563,-1.20428943634,-0.630724787712,-2.4823975563,-1.20428943634,-0.630724787712
1238,2,850,82,10,1,5.75,1,62,1,1,1,1,,-2.53351712227,-0.932337343693,,-2.4823975563,-1.20428943634,-0.630724787712
1239,1,850,82,10,1,5.75,1,1,1,1,1,1,0,0.876466333866,1.43173551559,,0.876466333866,1.43173551559,
1239,2,850,82,10,1,5.75,1,15,1,1,1,1,,-2.30355811119,-1.04418170452,-0.0246204547584,0.876466333866,1.43173551559,
1240,1,851,82,10,0,22.75,1,17,1,1,1,1,0,-2.02559685707,-1.44791138172,-0.45614272356,-2.02559685707,-1.44791138172,-0.45614272356
1240,2,851,82,10,0,22.75,1,30,1,1,1,1,,-1.87801635265,-1.23183572292,-0.797980427742,-2.02559685707,-1.44791138172,-0.45614272356
1241,1,852,82,10,1,5.75,0,63,1,0,0,,,,,,,,
1241,2,852,82,10,1,5.75,0,62,1,0,0,,,,,,,,
1242,1,852,82,10,1,5.75,0,27,1,1,1,1,0,-4.58066558838,-2.93298172951,-2.03325486183,-4.58066558838,-2.93298172951,-2.03325486183
1242,2,852,82,10,1,5.75,0,39,1,1,1,1,,-4.28474330902,-2.56524419785,-1.84132051468,-4.58066558838,-2.93298172951,-2.03325486183
1243,1,853,82,10,1,5.75,1,48,1,1,1,1,0,-1.22604310513,-2.07259321213,-2.12779974937,-1.22604310513,-2.07259321213,-2.12779974937
1243,2,853,82,10,1,5.75,1,62,1,1,1,1,,-0.608795523643,-1.5596203804,,-1.22604310513,-2.07259321213,-2.12779974937
1244,1,855,82,10,1,5.75,0,36,1,1,1,1,0,-3.27322053909,-3.42210555077,-3.11805677414,-3.27322053909,-3.42210555077,-3.11805677414
1244,2,855,82,10,1,5.75,0,51,1,1,1,1,,-3.76387023926,-3.23487091064,-2.95972418785,-3.27322053909,-3.42210555077,-3.11805677414
1245,1,856,82,10,0,22.75,1,62,1,0,0,,,,,,,,
1245,2,856,82,10,0,22.75,1,72,1,0,0,,,,,,,,
1246,1,856,82,10,0,22.75,1,11,1,1,1,1,0,-0.682723402977,-1.13628673553,-0.673192083836,-0.682723402977,-1.13628673553,-0.673192083836
1246,2,856,82,10,0,22.75,1,24,1,1,1,1,,-1.12056410313,-0.315468162298,-0.233715891838,-0.682723402977,-1.13628673553,-0.673192083836
1247,1,857,82,10,1,5.75,0,2,1,1,1,1,0,-0.16241273284,1.74831914902,,-0.16241273284,1.74831914902,
1247,2,857,82,10,1,5.75,0,15,1,1,1,1,,-1.4408608675,-0.369065314531,0.0545063093305,-0.16241273284,1.74831914902,
1248,1,857,82,10,1,5.75,1,40,1,1,1,1,0,-2.98877596855,-2.49931669235,,-2.98877596855,-2.49931669235,
1248,2,857,82,10,1,5.75,1,54,1,1,1,1,,-2.43062615395,-2.0841550827,-1.58808994293,-2.98877596855,-2.49931669235,
1249,1,859,82,10,1,5.75,0,28,1,1,1,1,0,-2.43318414688,-2.38760018349,-2.79794311523,-2.43318414688,-2.38760018349,-2.79794311523
1249,2,859,82,10,1,5.75,0,42,1,1,1,1,,-2.35845088959,-2.48496699333,-2.95972418785,-2.43318414688,-2.38760018349,-2.79794311523
1250,1,860,82,10,1,5.75,1,42,1,1,1,1,0,-0.0971025004983,0.617292821407,0.735782146454,-0.0971025004983,0.617292821407,0.735782146454
1250,2,860,82,10,1,5.75,1,55,1,1,1,1,,0.0482133887708,0.174787297845,0.193949654698,-0.0971025004983,0.617292821407,0.735782146454
1251,1,861,82,10,1,5.75,0,45,1,1,1,1,0,-3.71688079834,-1.34556782246,-0.829518258572,-3.71688079834,-1.34556782246,-0.829518258572
1251,2,861,82,10,1,5.75,0,59,1,1,1,1,,-3.2118229866,-1.56990432739,-1.04026663303,-3.71688079834,-1.34556782246,-0.829518258572
1252,1,861,82,10,1,5.75,1,15,1,0,0,,,,,,,,
1252,2,861,82,10,1,5.75,1,27,1,1,0,,,-4.47712230682,-3.084856987,-2.36093306541,,,
1253,2,861,82,10,1,5.75,0,3,1,0,0,,,,,,,,
1254,1,862,83,10,1,5.875,0,42,1,1,1,1,0,-3.37986278534,-2.29720783234,-2.48593640327,-3.37986278534,-2.29720783234,-2.48593640327
1254,2,862,83,10,1,5.875,0,57,1,1,1,1,,-3.2864947319,-2.28682255745,-1.92736411095,-3.37986278534,-2.29720783234,-2.48593640327
1255,1,862,83,10,1,5.875,0,4,1,1,1,1,0,-1.65131449699,-1.00948286057,-1.19938254356,-1.65131449699,-1.00948286057,-1.19938254356
1255,2,862,83,10,1,5.875,0,17,1,1,1,1,,-3.18062543869,-1.72551345825,-1.19875752926,-1.65131449699,-1.00948286057,-1.19938254356
1256,1,863,83,10,1,5.875,1,65,1,0,0,,,,,,,,
1256,2,863,83,10,1,5.875,1,72,1,0,0,,,,,,,,
1257,1,863,83,10,1,5.875,0,11,1,1,1,1,0,-2.2705180645,-2.08928656578,-1.11978816986,-2.2705180645,-2.08928656578,-1.11978816986
1257,2,863,83,10,1,5.875,0,25,1,1,1,1,,-3.42493772507,-1.54097533226,-1.16668760777,-2.2705180645,-2.08928656578,-1.11978816986
1258,1,864,83,10,1,5.875,0,36,1,1,1,0,1,-2.77414989471,-2.13425636292,-1.48810112476,-2.77414989471,-2.13425636292,-1.48810112476
1259,1,866,83,10,0,12.75,1,26,1,1,1,1,0,-0.284147560596,0.0707504302263,0.608420610428,-0.284147560596,0.0707504302263,0.608420610428
1259,2,866,83,10,0,12.75,1,39,1,1,1,1,,0.332962781191,0.26121327281,-0.37973088026,-0.284147560596,0.0707504302263,0.608420610428
1260,1,867,83,10,1,5.875,0,49,1,1,1,1,0,-3.02232289314,-2.06806230545,-1.77573609352,-3.02232289314,-2.06806230545,-1.77573609352
1260,2,867,83,10,1,5.875,0,62,1,1,1,1,,-2.98546171188,-2.14467120171,,-3.02232289314,-2.06806230545,-1.77573609352
1261,1,867,83,10,1,5.875,0,26,1,1,1,1,0,-1.9858494997,-0.17199575901,0.192940250039,-1.9858494997,-0.17199575901,0.192940250039
1261,2,867,83,10,1,5.875,0,39,1,1,1,1,,-1.82438743114,-0.790004730225,0.501992762089,-1.9858494997,-0.17199575901,0.192940250039
1262,1,867,83,10,1,5.875,0,2,1,1,1,1,0,0.337470144033,0.232951745391,,0.337470144033,0.232951745391,
1262,2,867,83,10,1,5.875,0,15,1,1,1,1,,-0.452832341194,-2.00558519363,-1.13555443287,0.337470144033,0.232951745391,
1263,1,868,83,10,1,5.875,0,18,1,1,1,1,0,-4.08143281937,-3.8929309845,-3.11805677414,-4.08143281937,-3.8929309845,-3.11805677414
1263,2,868,83,10,1,5.875,0,32,1,1,1,1,,-4.47712230682,-2.86631464958,-1.27656114101,-4.08143281937,-3.8929309845,-3.11805677414
1264,1,868,83,10,1,5.875,1,60,1,1,1,1,0,-2.50666952133,-1.48448824883,-0.694323718548,-2.50666952133,-1.48448824883,-0.694323718548
1264,2,868,83,10,1,5.875,1,72,1,1,1,1,,-2.21197628975,-1.11914098263,,-2.50666952133,-1.48448824883,-0.694323718548
1265,1,868,83,10,1,5.875,1,18,1,1,1,1,0,-3.22256207466,-3.8929309845,-3.11805677414,-3.22256207466,-3.8929309845,-3.11805677414
1265,2,868,83,10,1,5.875,1,32,1,1,1,1,,-3.44486951828,-2.11510634422,-1.0164283514,-3.22256207466,-3.8929309845,-3.11805677414
1266,1,870,83,10,1,5.875,1,65,1,0,0,,,,,,,,
1266,2,870,83,10,1,5.875,1,72,1,0,0,,,,,,,,
1267,1,870,83,10,1,5.875,0,45,1,1,1,1,0,-1.25425028801,-0.992278158665,-3.11805677414,-1.25425028801,-0.992278158665,-3.11805677414
1267,2,870,83,10,1,5.875,0,58,1,1,1,1,,-1.06736433506,-0.918872237206,-1.945987463,-1.25425028801,-0.992278158665,-3.11805677414
1268,2,870,83,10,1,5.875,0,1,1,0,0,,,,,,,,
1269,1,871,83,10,1,5.875,1,50,1,1,1,0,1,,0.114737711847,0.43669885397,,0.114737711847,0.43669885397
1269,2,871,83,10,1,5.875,1,63,1,0,1,0,,,,,,0.114737711847,0.43669885397
1270,1,871,83,10,1,5.875,0,20,1,1,1,1,0,-2.52300143242,0.499843209982,1.28675854206,-2.52300143242,0.499843209982,1.28675854206
1270,2,871,83,10,1,5.875,0,32,1,1,1,1,,-2.55572080612,0.24446579814,0.880066215992,-2.52300143242,0.499843209982,1.28675854206
1271,2,871,83,10,1,5.875,0,6,1,0,0,,,,,,,,
1272,2,871,83,10,1,5.875,0,6,1,0,0,,,,,,,,
1273,1,872,83,10,1,5.875,0,31,1,1,1,1,0,-3.86315655708,-3.8929309845,-3.11805677414,-3.86315655708,-3.8929309845,-3.11805677414
1273,2,872,83,10,1,5.875,0,43,1,1,1,1,,-4.18307161331,-3.2842605114,-2.11871576309,-3.86315655708,-3.8929309845,-3.11805677414
1274,1,872,83,10,1,5.875,1,3,1,1,1,1,0,0.164889737964,-0.0759910196066,0.429005563259,0.164889737964,-0.0759910196066,0.429005563259
1274,2,872,83,10,1,5.875,1,16,1,1,1,1,,-2.56063461304,-1.50240695477,-0.956920206547,0.164889737964,-0.0759910196066,0.429005563259
1275,1,875,84,8,1,4.25,1,26,1,1,1,1,0,-3.57248306274,-2.34784507751,-1.80585134029,-3.57248306274,-2.34784507751,-1.80585134029
1275,2,875,84,8,1,4.25,1,39,1,1,1,1,,-3.55139064789,-2.30373740196,-1.10183084011,-3.57248306274,-2.34784507751,-1.80585134029
1276,1,875,84,8,1,4.25,0,120,1,0,0,,,,,,,,
1276,2,875,84,8,1,4.25,0,39,1,0,0,,,,,,,,
1277,1,879,84,8,1,4.25,0,55,1,1,1,1,0,-2.64365100861,-0.602291166782,0.718895971775,-2.64365100861,-0.602291166782,0.718895971775
1277,2,879,84,8,1,4.25,0,68,1,1,1,1,,-2.40135765076,-0.713685274124,,-2.64365100861,-0.602291166782,0.718895971775
1278,1,879,84,8,1,4.25,1,35,1,1,1,1,0,-2.93677568436,-0.413702607155,1.23201465607,-2.93677568436,-0.413702607155,1.23201465607
1278,2,879,84,8,1,4.25,1,47,1,1,1,1,,-2.49188017845,-0.745374500751,0.209228277206,-2.93677568436,-0.413702607155,1.23201465607
1279,1,879,84,8,1,4.25,1,3,1,1,1,1,0,-1.94906258583,-0.89522767067,0.158179447055,-1.94906258583,-0.89522767067,0.158179447055
1279,2,879,84,8,1,4.25,1,16,1,1,1,1,,-1.64810240269,-0.784250378609,-0.0641564056277,-1.94906258583,-0.89522767067,0.158179447055
1280,1,880,84,8,1,4.25,1,52,1,1,1,1,0,-3.22827720642,-2.605437994,-3.11805677414,-3.22827720642,-2.605437994,-3.11805677414
1280,2,880,84,8,1,4.25,1,65,1,1,1,1,,-2.16624999046,-2.5998339653,,-3.22827720642,-2.605437994,-3.11805677414
1281,1,881,84,8,1,4.25,1,34,1,0,0,,,,,,,,
1281,2,881,84,8,1,4.25,1,11,1,0,0,,,,,,,,
1282,1,882,84,8,1,4.25,0,28,1,1,1,1,0,-2.03838539124,-1.2192658186,-1.21330809593,-2.03838539124,-1.2192658186,-1.21330809593
1282,2,882,84,8,1,4.25,0,40,1,1,1,1,,-1.86216962337,-0.939664363861,-0.381739556789,-2.03838539124,-1.2192658186,-1.21330809593
1283,2,882,84,8,1,4.25,0,11,1,1,0,,,-2.87154459953,-2.8409178257,-1.6071254015,,,
1284,1,883,84,8,1,4.25,0,62,1,0,0,,,,,,,,
1284,2,883,84,8,1,4.25,0,72,1,0,0,,,,,,,,
1285,1,883,84,8,1,4.25,0,5,1,1,1,1,0,0.093484967947,-0.133634567261,,0.093484967947,-0.133634567261,
1285,2,883,84,8,1,4.25,0,18,1,1,1,1,,-1.65304410458,-0.896205484867,0.597814142704,0.093484967947,-0.133634567261,
1286,1,884,84,8,1,4.25,0,38,1,1,1,1,0,-4.40404605865,-2.30429244041,-2.00743865967,-4.40404605865,-2.30429244041,-2.00743865967
1286,2,884,84,8,1,4.25,0,51,1,1,1,1,,-3.82193994522,-1.77607476711,-0.0250741299242,-4.40404605865,-2.30429244041,-2.00743865967
1287,1,885,84,8,1,4.25,1,54,1,1,1,1,0,-3.75343775749,-3.18121743202,-2.36431717873,-3.75343775749,-3.18121743202,-2.36431717873
1287,2,885,84,8,1,4.25,1,67,1,1,1,1,,-3.41881895065,-2.52674484253,,-3.75343775749,-3.18121743202,-2.36431717873
1288,1,885,84,8,1,4.25,0,8,1,0,0,,,,,,,,
1288,2,885,84,8,1,4.25,0,67,1,0,0,,,,,,,,
1289,2,885,84,8,1,4.25,1,39,1,0,0,,,,,,,,
1290,1,886,85,8,1,6.42857122421,1,60,0,1,1,0,1,-1.68676114082,-2.21157026291,-2.33882164955,-1.68676114082,-2.21157026291,-2.33882164955
1290,2,886,85,8,1,6.42857122421,1,75,0,0,1,0,,,,,-1.68676114082,-2.21157026291,-2.33882164955
1291,1,886,85,8,1,6.42857122421,1,15,1,1,1,1,0,-1.64643073082,-2.27821421623,-1.78503549099,-1.64643073082,-2.27821421623,-1.78503549099
1291,2,886,85,8,1,6.42857122421,1,28,1,1,1,1,,-2.05475759506,-1.53640258312,-1.04224288464,-1.64643073082,-2.27821421623,-1.78503549099
1292,2,888,85,8,0,21.75,0,72,1,0,0,,,,,,,,
1293,1,889,85,8,1,6.42857122421,1,15,1,1,1,1,0,-0.77026194334,0.100179955363,1.62686896324,-0.77026194334,0.100179955363,1.62686896324
1293,2,889,85,8,1,6.42857122421,1,28,1,1,1,1,,-1.0201523304,0.0415101721883,1.15596818924,-0.77026194334,0.100179955363,1.62686896324
1294,2,890,85,8,0,21.75,1,7,1,0,0,,,,,,,,
1295,1,891,85,8,1,6.42857122421,1,20,1,1,1,1,0,-3.22069215775,-1.20914423466,-0.517388105392,-3.22069215775,-1.20914423466,-0.517388105392
1295,2,891,85,8,1,6.42857122421,1,33,1,1,1,1,,-3.21970701218,-1.58691227436,-1.23005306721,-3.22069215775,-1.20914423466,-0.517388105392
1296,1,892,85,8,1,6.42857122421,0,6,1,1,1,1,0,-1.6930423975,-1.55313456059,-1.58195018768,-1.6930423975,-1.55313456059,-1.58195018768
1296,2,892,85,8,1,6.42857122421,0,19,1,1,1,1,,-2.62831234932,-1.83113050461,-1.96139454842,-1.6930423975,-1.55313456059,-1.58195018768
1297,1,892,85,8,1,6.42857122421,1,36,1,1,1,1,0,0.117786109447,1.19213724136,0.702734053135,0.117786109447,1.19213724136,0.702734053135
1297,2,892,85,8,1,6.42857122421,1,49,1,1,1,1,,0.156547695398,0.455229520798,-0.640235602856,0.117786109447,1.19213724136,0.702734053135
1298,1,893,85,8,0,21.75,1,20,1,1,1,1,0,-1.82668375969,-0.91284006834,-0.429182827473,-1.82668375969,-0.91284006834,-0.429182827473
1298,2,893,85,8,0,21.75,1,33,1,1,1,1,,-1.76287543774,-1.14393281937,-0.510334014893,-1.82668375969,-0.91284006834,-0.429182827473
1299,1,894,85,8,1,6.42857122421,1,39,1,1,1,1,0,-1.49496901035,-1.4310362339,-1.10183084011,-1.49496901035,-1.4310362339,-1.10183084011
1299,2,894,85,8,1,6.42857122421,1,53,1,1,1,1,,-1.45944869518,-1.39352047443,-1.79975521564,-1.49496901035,-1.4310362339,-1.10183084011
1300,1,895,85,8,1,6.42857122421,0,40,1,1,1,1,0,-1.32136523724,-0.545880198479,-0.381739556789,-1.32136523724,-0.545880198479,-0.381739556789
1300,2,895,85,8,1,6.42857122421,0,54,1,1,1,1,,-1.04572188854,-0.503513872623,-0.467609465122,-1.32136523724,-0.545880198479,-0.381739556789
1301,1,895,85,8,1,6.42857122421,0,19,1,1,1,1,0,-1.75726437569,-0.712934494019,0.518072426319,-1.75726437569,-0.712934494019,0.518072426319
1301,2,895,85,8,1,6.42857122421,0,33,1,1,1,1,,-1.69014501572,-0.889363288879,-0.262987792492,-1.75726437569,-0.712934494019,0.518072426319
1302,1,896,85,8,1,6.42857122421,0,25,1,1,1,1,0,-4.46795225143,-3.45222640038,-1.54625725746,-4.46795225143,-3.45222640038,-1.54625725746
1302,2,896,85,8,1,6.42857122421,0,38,1,1,1,1,,-4.32505083084,-3.29823875427,-2.24960422516,-4.46795225143,-3.45222640038,-1.54625725746
1303,1,897,86,8,0,40.75,1,336,1,0,0,,,,,,,,
1303,2,897,86,8,0,40.75,1,22,1,1,0,,,-4.08756113052,-1.3938202858,0.503740310669,,,
1304,1,897,86,8,0,40.75,0,276,1,0,0,,,,,,,,
1304,2,897,86,8,0,40.75,0,37,1,1,0,,,-2.96716809273,-0.583007574081,-0.50826895237,,,
1305,1,897,86,8,0,40.75,1,9,1,0,0,,,,,,,,
1305,2,897,86,8,0,40.75,1,21,1,0,0,,,,,,,,
1306,2,898,86,8,0,40.75,1,25,1,1,0,,,-2.42210197449,-1.42996203899,-1.59943187237,,,
1307,1,899,86,8,0,40.75,0,48,1,1,1,1,0,0.148471087217,-0.66765165329,-0.812887430191,0.148471087217,-0.66765165329,-0.812887430191
1307,2,899,86,8,0,40.75,0,61,1,1,1,1,,0.116587236524,0.0762239098549,,0.148471087217,-0.66765165329,-0.812887430191
1308,2,899,86,8,0,40.75,1,7,1,0,0,,,,,,,,
1309,1,900,86,8,1,2,0,29,1,0,0,,,,,,,,
1309,2,900,86,8,1,2,0,43,1,1,0,,,-2.19749689102,-1.84232831001,-1.93016314507,,,
1310,1,901,86,8,1,2,1,50,1,1,1,1,0,-2.68027067184,-1.85516548157,-1.7590534687,-2.68027067184,-1.85516548157,-1.7590534687
1310,2,901,86,8,1,2,1,63,1,1,1,1,,-1.41471242905,-1.71553230286,,-2.68027067184,-1.85516548157,-1.7590534687
1311,1,901,86,8,1,2,0,24,1,1,1,1,0,-3.11476111412,-1.46973347664,-1.59399676323,-3.11476111412,-1.46973347664,-1.59399676323
1311,2,901,86,8,1,2,0,38,1,1,1,1,,-1.92881214619,-0.841502606869,-1.04691374302,-3.11476111412,-1.46973347664,-1.59399676323
1312,1,901,86,8,1,2,0,3,1,1,1,1,0,1.06184589863,-0.946713685989,,1.06184589863,-0.946713685989,
1312,2,901,86,8,1,2,0,17,1,1,1,1,,-1.05988192558,-1.64479625225,-0.774639368057,1.06184589863,-0.946713685989,
1313,1,902,86,8,1,2,1,62,1,0,0,,,,,,,,
1313,2,902,86,8,1,2,1,72,1,0,0,,,,,,,,
1314,1,902,86,8,1,2,1,40,1,0,0,,,,,,,,
1314,2,902,86,8,1,2,1,54,1,1,0,,,-2.24322605133,0.193029791117,0.452728390694,,,
1315,1,902,86,8,1,2,0,10,1,1,1,1,0,-0.516956627369,-0.743225634098,-1.4740228653,-0.516956627369,-0.743225634098,-1.4740228653
1315,2,902,86,8,1,2,0,23,1,1,1,1,,-1.59960603714,-0.31578296423,-0.082801386714,-0.516956627369,-0.743225634098,-1.4740228653
1316,1,904,86,8,1,2,0,51,1,1,1,1,0,-0.837155580521,-0.184563055634,-0.174007326365,-0.837155580521,-0.184563055634,-0.174007326365
1316,2,904,86,8,1,2,0,63,1,1,1,1,,-0.684135973454,-0.0884074345231,,-0.837155580521,-0.184563055634,-0.174007326365
1317,1,904,86,8,1,2,0,14,1,0,0,,,,,,,,
1317,2,904,86,8,1,2,0,28,1,1,0,,,,,0.781331062317,,,
1318,1,905,86,8,1,2,0,55,1,1,1,1,0,-1.90236461163,-0.697636246681,-0.643043875694,-1.90236461163,-0.697636246681,-0.643043875694
1318,2,905,86,8,1,2,0,68,1,1,1,1,,-1.30898177624,-0.700788199902,,-1.90236461163,-0.697636246681,-0.643043875694
1319,1,905,86,8,1,2,1,22,1,1,1,1,0,0.174990713596,1.0971455574,1.38185942173,0.174990713596,1.0971455574,1.38185942173
1319,2,905,86,8,1,2,1,36,1,1,1,1,,0.682420492172,0.936869680882,1.12067890167,0.174990713596,1.0971455574,1.38185942173
1320,1,906,86,8,1,2,0,30,1,1,1,1,0,,0.0951730087399,0.0953924357891,,0.0951730087399,0.0953924357891
1320,2,906,86,8,1,2,0,43,1,1,1,1,,-2.16003084183,-0.112321205437,0.280617326498,,0.0951730087399,0.0953924357891
1321,1,906,86,8,1,2,1,3,1,1,1,1,0,0.616181433201,0.842422008514,,0.616181433201,0.842422008514,
1321,2,906,86,8,1,2,1,16,1,1,1,1,,-0.109323449433,1.38264620304,1.87292575836,0.616181433201,0.842422008514,
1322,1,907,86,8,1,2,1,19,1,1,1,1,0,-1.56115329266,-1.8692125082,-1.38790881634,-1.56115329266,-1.8692125082,-1.38790881634
1322,2,907,86,8,1,2,1,32,1,1,1,1,,-2.3141002655,-3.44565272331,-2.40019226074,-1.56115329266,-1.8692125082,-1.38790881634
1323,1,908,86,8,1,2,1,33,1,1,1,1,0,-2.17133307457,-0.355309605598,-0.388346552849,-2.17133307457,-0.355309605598,-0.388346552849
1323,2,908,86,8,1,2,1,47,1,1,1,1,,-1.74216151237,-0.241622298956,0.209228277206,-2.17133307457,-0.355309605598,-0.388346552849
1324,1,909,87,8,1,3,1,9,1,1,1,1,0,-2.19125318527,-3.4729886055,-2.89833426476,-2.19125318527,-3.4729886055,-2.89833426476
1324,2,909,87,8,1,3,1,23,1,1,1,1,,-2.33806276321,-1.72649002075,-1.2383929491,-2.19125318527,-3.4729886055,-2.89833426476
1325,1,909,87,8,1,3,1,31,1,1,1,1,0,-3.95258450508,-2.41885352135,-0.887517154217,-3.95258450508,-2.41885352135,-0.887517154217
1325,2,909,87,8,1,3,1,44,1,1,1,1,,-3.35269784927,-2.30336785316,-1.14031767845,-3.95258450508,-2.41885352135,-0.887517154217
1326,1,911,87,8,1,3,1,67,1,0,0,,,,,,,,
1326,2,911,87,8,1,3,1,72,1,0,0,,,,,,,,
1327,1,911,87,8,1,3,1,20,1,0,0,,,,,,,,
1327,2,911,87,8,1,3,1,32,1,1,0,,,-2.30030965805,-0.203949287534,-0.1064485237,,,
1328,1,912,87,8,0,30.2500019073,0,43,1,1,1,1,0,-3.2589662075,-1.67199468613,-0.618697404861,-3.2589662075,-1.67199468613,-0.618697404861
1328,2,912,87,8,0,30.2500019073,0,56,1,1,1,1,,-2.85605287552,-1.60066998005,-1.55956351757,-3.2589662075,-1.67199468613,-0.618697404861
1329,1,913,87,8,1,3,0,540,1,0,0,,,,,,,,
1329,2,913,87,8,1,3,0,58,1,1,0,,,-0.311052560806,-0.51195961237,-1.55540168285,,,
1330,1,914,87,8,0,30.2500019073,1,53,1,1,1,1,0,-2.47097992897,-1.78027534485,-2.68754529953,-2.47097992897,-1.78027534485,-2.68754529953
1330,2,914,87,8,0,30.2500019073,1,66,1,1,1,1,,-2.0417702198,-1.5488370657,,-2.47097992897,-1.78027534485,-2.68754529953
1331,1,914,87,8,0,30.2500019073,0,9,1,1,1,1,0,0.147689446807,0.223217308521,0.333817660809,0.147689446807,0.223217308521,0.333817660809
1331,2,914,87,8,0,30.2500019073,0,22,1,1,1,1,,-1.14091467857,-0.129115089774,-0.385137975216,0.147689446807,0.223217308521,0.333817660809
1332,1,915,87,8,0,30.2500019073,0,29,1,1,1,1,0,-0.621721446514,-0.626026511192,-0.0279102455825,-0.621721446514,-0.626026511192,-0.0279102455825
1332,2,915,87,8,0,30.2500019073,0,42,1,1,1,1,,-0.845249533653,-0.594087481499,-0.192582443357,-0.621721446514,-0.626026511192,-0.0279102455825
1333,1,916,87,8,1,3,0,27,1,1,1,1,0,-1.86064755917,0.134137049317,0.55206567049,-1.86064755917,0.134137049317,0.55206567049
1333,2,916,87,8,1,3,0,41,1,1,1,1,,-1.48971176147,-0.0756078884006,0.445892423391,-1.86064755917,0.134137049317,0.55206567049
1334,1,917,87,8,1,3,0,38,1,1,1,1,0,1.41551947594,0.843713521957,-0.247962012887,1.41551947594,0.843713521957,-0.247962012887
1334,2,917,87,8,1,3,0,51,1,1,1,1,,1.15755546093,0.534842252731,-0.174007326365,1.41551947594,0.843713521957,-0.247962012887
1335,1,917,87,8,1,3,1,19,1,1,1,1,0,-0.935773313046,,-0.916221857071,-0.935773313046,,-0.916221857071
1335,2,917,87,8,1,3,1,32,1,1,1,1,,-1.26607322693,-1.72184157372,-1.45782220364,-0.935773313046,,-0.916221857071
1336,1,918,87,8,1,3,0,672,1,0,0,,,,,,,,
1336,2,918,87,8,1,3,0,60,1,1,0,,,-0.510113120079,-0.397985517979,-1.22105205059,,,
1337,1,918,87,8,1,3,0,504,1,0,0,,,,,,,,
1337,2,918,87,8,1,3,0,48,1,1,0,,,-1.43710505962,-0.449757069349,-0.0299863927066,,,
1338,1,919,87,8,1,3,1,52,1,1,1,1,0,-1.77100789547,-1.41805708408,-1.03100287914,-1.77100789547,-1.41805708408,-1.03100287914
1338,2,919,87,8,1,3,1,65,1,1,1,1,,-1.54409348965,-1.46525144577,,-1.77100789547,-1.41805708408,-1.03100287914
1339,1,920,87,8,1,3,1,8,1,1,1,1,0,-1.50097882748,-0.886958837509,-0.343860864639,-1.50097882748,-0.886958837509,-0.343860864639
1339,2,920,87,8,1,3,1,22,1,1,1,1,,-2.2767791748,-0.193868815899,0.221063911915,-1.50097882748,-0.886958837509,-0.343860864639
1340,1,921,88,10,1,6.49999952316,0,456,1,0,0,,,,,,,,
1340,2,921,88,10,1,6.49999952316,0,38,1,1,0,,,-2.00780963898,-0.482775568962,-0.207574144006,,,
1341,1,922,88,10,1,6.49999952316,0,56,1,1,1,1,0,-4.14821195602,-3.16181302071,-2.36482977867,-4.14821195602,-3.16181302071,-2.36482977867
1341,2,922,88,10,1,6.49999952316,0,68,1,1,1,1,,-3.90988016129,-3.39686918259,,-4.14821195602,-3.16181302071,-2.36482977867
1342,1,922,88,10,1,6.49999952316,0,33,1,1,1,1,0,-2.84103274345,-3.04213047028,-2.87895894051,-2.84103274345,-3.04213047028,-2.87895894051
1342,2,922,88,10,1,6.49999952316,0,46,1,1,1,1,,-2.99637246132,-3.18303084373,-2.95972418785,-2.84103274345,-3.04213047028,-2.87895894051
1343,1,923,88,10,1,6.49999952316,0,32,1,1,1,1,0,-4.1076130867,-3.7957265377,-3.11805677414,-4.1076130867,-3.7957265377,-3.11805677414
1343,2,923,88,10,1,6.49999952316,0,45,1,1,1,1,,-3.64336872101,-2.46395277977,-1.0390547514,-4.1076130867,-3.7957265377,-3.11805677414
1344,1,923,88,10,1,6.49999952316,1,33,1,1,1,1,0,-3.77793097496,-2.96261405945,-2.14544463158,-3.77793097496,-2.96261405945,-2.14544463158
1344,2,923,88,10,1,6.49999952316,1,46,1,1,1,1,,-4.3127450943,-2.66836833954,-0.80911052227,-3.77793097496,-2.96261405945,-2.14544463158
1345,1,924,88,10,1,6.49999952316,0,60,1,0,0,,,,,,,,
1345,2,924,88,10,1,6.49999952316,0,72,1,0,0,,,,,,,,
1346,1,924,88,10,1,6.49999952316,0,144,1,0,0,,,,,,,,
1346,2,924,88,10,1,6.49999952316,0,25,1,1,0,,,-1.16239762306,-1.56633543968,-1.59455370903,,,
1347,1,926,88,10,0,27.9999980927,1,40,1,1,1,1,0,1.41551947594,1.40394818783,0.326935738325,1.41551947594,1.40394818783,0.326935738325
1347,2,926,88,10,0,27.9999980927,1,53,1,1,1,1,,1.15755546093,1.32616460323,0.457037091255,1.41551947594,1.40394818783,0.326935738325
1348,1,926,88,10,0,27.9999980927,1,28,1,1,1,1,0,-0.816144168377,-0.386070787907,0.0948506146669,-0.816144168377,-0.386070787907,0.0948506146669
1348,2,926,88,10,0,27.9999980927,1,41,1,1,1,1,,-1.18089747429,-0.50348007679,-0.00117530592252,-0.816144168377,-0.386070787907,0.0948506146669
1349,1,928,88,10,1,6.49999952316,1,55,1,1,1,1,0,-3.08952379227,-1.92029213905,-1.42210149765,-3.08952379227,-1.92029213905,-1.42210149765
1349,2,928,88,10,1,6.49999952316,1,68,1,1,1,1,,-2.70662498474,-1.33947968483,,-3.08952379227,-1.92029213905,-1.42210149765
1350,1,930,88,10,1,6.49999952316,0,5,1,1,1,1,0,-2.06136107445,-1.2910939455,-0.340054363012,-2.06136107445,-1.2910939455,-0.340054363012
1350,2,930,88,10,1,6.49999952316,0,19,1,1,1,1,,-2.64646029472,-2.31595540047,-1.12874948978,-2.06136107445,-1.2910939455,-0.340054363012
1351,1,930,88,10,1,6.49999952316,0,52,1,0,0,,,,,,,,
1351,2,930,88,10,1,6.49999952316,0,65,1,1,0,,,-2.19301629066,-1.30101275444,,,,
1352,1,931,88,10,1,6.49999952316,1,57,1,1,1,1,0,-0.166273102164,0.401130318642,-0.468652844429,-0.166273102164,0.401130318642,-0.468652844429
1352,2,931,88,10,1,6.49999952316,1,69,1,1,1,1,,-0.222216829658,0.302120268345,,-0.166273102164,0.401130318642,-0.468652844429
1353,1,931,88,10,1,6.49999952316,0,31,1,1,1,1,0,-1.68051791191,0.498220324516,-0.275579661131,-1.68051791191,0.498220324516,-0.275579661131
1353,2,931,88,10,1,6.49999952316,0,44,1,1,1,1,,-1.35708510876,0.584923863411,0.104662694037,-1.68051791191,0.498220324516,-0.275579661131
1354,1,931,88,10,1,6.49999952316,1,4,1,1,1,1,0,0.1663698107,0.411402672529,-0.149775728583,0.1663698107,0.411402672529,-0.149775728583
1354,2,931,88,10,1,6.49999952316,1,17,1,1,1,1,,-0.797110676765,0.166003003716,0.952840983868,0.1663698107,0.411402672529,-0.149775728583
1355,1,932,88,10,1,6.49999952316,1,57,1,1,1,1,0,-4.01808977127,-0.973455488682,-0.537192285061,-4.01808977127,-0.973455488682,-0.537192285061
1355,2,932,88,10,1,6.49999952316,1,70,1,1,1,1,,-1.68170154095,-1.3919839859,,-4.01808977127,-0.973455488682,-0.537192285061
1356,1,932,88,10,1,6.49999952316,0,23,1,1,1,1,0,-1.3992780447,-0.0231398586184,0.75014179945,-1.3992780447,-0.0231398586184,0.75014179945
1356,2,932,88,10,1,6.49999952316,0,37,1,1,1,1,,-2.48746132851,-0.540355861187,0.560773670673,-1.3992780447,-0.0231398586184,0.75014179945
1357,1,933,89,9,0,40.75,1,552,1,0,0,,,,,,,,
1357,2,933,89,9,0,40.75,1,58,1,1,0,,,-1.12339901924,-1.11499381065,-1.05982792377,,,
1358,1,934,89,9,1,2.11111116409,0,36,1,1,1,1,0,-2.23461580276,-0.421520769596,-0.191820725799,-2.23461580276,-0.421520769596,-0.191820725799
1358,2,934,89,9,1,2.11111116409,0,50,1,1,1,1,,-1.88562226295,-0.27587351203,0.289506226778,-2.23461580276,-0.421520769596,-0.191820725799
1359,1,935,89,9,1,2.11111116409,0,39,1,1,1,1,0,-2.03267240524,-0.645166277885,-1.29236459732,-2.03267240524,-0.645166277885,-1.29236459732
1359,2,935,89,9,1,2.11111116409,0,52,1,1,1,1,,-1.53388094902,-0.416091501713,0.134221091866,-2.03267240524,-0.645166277885,-1.29236459732
1360,1,935,89,9,1,2.11111116409,1,7,1,1,1,1,0,-1.22542846203,-2.23967671394,-0.0880557447672,-1.22542846203,-2.23967671394,-0.0880557447672
1360,2,935,89,9,1,2.11111116409,1,20,1,1,1,1,,-1.69392037392,-0.930422544479,-0.168910011649,-1.22542846203,-2.23967671394,-0.0880557447672
1361,1,936,89,9,1,2.11111116409,0,72,1,0,0,,,,,,,,
1361,2,936,89,9,1,2.11111116409,0,72,1,0,0,,,,,,,,
1362,1,936,89,9,1,2.11111116409,0,52,1,1,1,1,0,-1.7066257,-0.28762948513,-1.14321649075,-1.7066257,-0.28762948513,-1.14321649075
1362,2,936,89,9,1,2.11111116409,0,65,1,1,1,1,,-1.36582446098,-0.314123094082,,-1.7066257,-0.28762948513,-1.14321649075
1363,1,936,89,9,1,2.11111116409,0,16,1,1,1,1,0,-2.46141672134,-0.896037042141,-0.421259701252,-2.46141672134,-0.896037042141,-0.421259701252
1363,2,936,89,9,1,2.11111116409,0,29,1,1,1,1,,-2.4276599884,-1.05081963539,-0.53815227747,-2.46141672134,-0.896037042141,-0.421259701252
1364,1,937,89,9,1,2.11111116409,0,144,1,0,0,,,,,,,,
1364,2,937,89,9,1,2.11111116409,0,27,1,1,0,,,-3.0351998806,,-1.40237140656,,,
1365,1,938,89,9,1,2.11111116409,1,14,1,1,1,1,0,-2.24723601341,-2.74693846703,-0.600627183914,-2.24723601341,-2.74693846703,-0.600627183914
1365,2,938,89,9,1,2.11111116409,1,28,1,1,1,1,,-4.32797813416,-3.44565272331,-2.93522381783,-2.24723601341,-2.74693846703,-0.600627183914
1366,1,939,89,9,1,2.11111116409,1,84,1,0,0,,,,,,,,
1366,2,939,89,9,1,2.11111116409,1,72,1,0,0,,,,,,,,
1367,1,939,89,9,1,2.11111116409,1,13,1,1,1,1,0,-0.444018721581,-1.69532513618,-1.60169756413,-0.444018721581,-1.69532513618,-1.60169756413
1367,2,939,89,9,1,2.11111116409,1,26,1,1,1,1,,-2.44634056091,-1.97889578342,-2.15020298958,-0.444018721581,-1.69532513618,-1.60169756413
1368,2,939,89,9,1,2.11111116409,1,5,1,0,0,,,,,,,,
1369,1,941,89,9,1,2.11111116409,0,53,1,1,1,1,0,-2.24148583412,-1.14645814896,-1.41569900513,-2.24148583412,-1.14645814896,-1.41569900513
1369,2,941,89,9,1,2.11111116409,0,66,1,1,1,1,,-1.9830801487,-1.43176341057,,-2.24148583412,-1.14645814896,-1.41569900513
1370,1,941,89,9,1,2.11111116409,0,636,1,0,0,,,,,,,,
1370,2,941,89,9,1,2.11111116409,0,66,1,1,0,,,-2.62577462196,-1.7710082531,,,,
1371,1,941,89,9,1,2.11111116409,0,324,1,0,0,,,,,,,,
1371,2,941,89,9,1,2.11111116409,0,39,1,1,0,,,-2.25397205353,-2.03831887245,-2.27278470993,,,
1372,1,942,89,9,1,2.11111116409,1,45,1,1,1,1,0,-1.9038105011,-1.59792745113,-0.894033789635,-1.9038105011,-1.59792745113,-0.894033789635
1372,2,942,89,9,1,2.11111116409,1,58,1,1,1,1,,-1.61449694633,-1.05857145786,-0.330588877201,-1.9038105011,-1.59792745113,-0.894033789635
1373,1,943,89,9,0,40.75,0,48,1,1,1,1,0,-3.54723620415,-1.85717487335,-1.66664528847,-3.54723620415,-1.85717487335,-1.66664528847
1373,2,943,89,9,0,40.75,0,61,1,1,1,1,,-0.449687451124,-0.0273928381503,,-3.54723620415,-1.85717487335,-1.66664528847
1374,1,943,89,9,0,40.75,0,27,1,1,1,1,0,1.41551947594,1.74831914902,-1.35520863533,1.41551947594,1.74831914902,-1.35520863533
1374,2,943,89,9,0,40.75,0,43,1,1,1,1,,-1.17348790169,-0.522180855274,-0.100238695741,1.41551947594,1.74831914902,-1.35520863533
1375,1,944,89,9,0,40.75,1,720,1,0,0,,,,,,,,
1375,2,944,89,9,0,40.75,1,48,1,1,0,,,1.15755546093,1.38264620304,1.02316236496,,,
1376,1,944,89,9,0,40.75,1,360,1,0,0,,,,,,,,
1376,2,944,89,9,0,40.75,1,47,1,1,0,,,-1.58987259865,-1.4267745018,-1.03326201439,,,
1377,1,945,89,9,1,2.11111116409,0,58,1,1,1,1,0,-2.07578063011,-1.53288674355,-1.945987463,-2.07578063011,-1.53288674355,-1.945987463
1377,2,945,89,9,1,2.11111116409,0,71,1,1,1,1,,-1.8186467886,-1.00546777248,,-2.07578063011,-1.53288674355,-1.945987463
1378,1,945,89,9,1,2.11111116409,0,5,1,1,1,1,0,-2.08504033089,-2.23111963272,,-2.08504033089,-2.23111963272,
1378,2,945,89,9,1,2.11111116409,0,18,1,1,1,1,,-1.78280758858,-3.44565272331,-1.42726755142,-2.08504033089,-2.23111963272,
1379,1,946,90,8,1,2.125,1,54,1,1,1,1,0,-2.45267081261,-1.29683971405,-0.869939625263,-2.45267081261,-1.29683971405,-0.869939625263
1379,2,946,90,8,1,2.125,1,65,1,1,1,1,,-1.82967436314,-0.917134344578,,-2.45267081261,-1.29683971405,-0.869939625263
1380,1,946,90,8,1,2.125,0,4,1,1,1,1,0,-0.065361276269,0.669415533543,0.182356521487,-0.065361276269,0.669415533543,0.182356521487
1380,2,946,90,8,1,2.125,0,18,1,1,1,1,,-1.07838630676,-0.645824432373,-0.131263151765,-0.065361276269,0.669415533543,0.182356521487
1381,2,946,90,8,1,2.125,0,2,1,0,0,,,,,,,,
1382,1,947,90,8,1,2.125,1,47,1,1,1,1,0,-2.7730243206,-0.82952105999,-1.76089429855,-2.7730243206,-0.82952105999,-1.76089429855
1382,2,947,90,8,1,2.125,1,61,1,1,1,1,,,-0.654626607895,,-2.7730243206,-0.82952105999,-1.76089429855
1383,1,948,90,8,1,2.125,1,64,1,0,0,,,,,,,,
1383,2,948,90,8,1,2.125,1,69,1,0,0,,,,,,,,
1384,2,948,90,8,1,2.125,1,5,1,1,0,,,-0.0135737676173,0.76599830389,,,,
1385,1,949,90,8,1,2.125,1,8,1,1,1,1,0,-3.02318120003,-3.71523046494,-3.05884599686,-3.02318120003,-3.71523046494,-3.05884599686
1385,2,949,90,8,1,2.125,1,22,1,1,1,1,,-2.2767791748,-0.988580465317,-0.0274601932615,-3.02318120003,-3.71523046494,-3.05884599686
1386,1,949,90,8,1,2.125,1,8,1,1,1,1,0,-3.889991045,-3.64765286446,-2.07355117798,-3.889991045,-3.64765286446,-2.07355117798
1386,2,949,90,8,1,2.125,1,22,1,1,1,1,,-3.91129159927,-1.9725881815,-0.810295283794,-3.889991045,-3.64765286446,-2.07355117798
1387,1,949,90,8,1,2.125,1,156,1,0,0,,,,,,,,
1387,2,949,90,8,1,2.125,1,21,1,0,0,,,,,,,,
1388,1,950,90,8,0,31,0,60,1,1,1,0,1,-1.35174179077,-1.53917062283,-0.9811668396,-1.35174179077,-1.53917062283,-0.9811668396
1388,2,950,90,8,0,31,0,73,1,0,1,0,,,,,-1.35174179077,-1.53917062283,-0.9811668396
1389,1,950,90,8,0,31,1,6,1,1,1,0,1,-0.565257787704,-0.259263962507,0.277125924826,-0.565257787704,-0.259263962507,0.277125924826
1389,2,950,90,8,0,31,1,19,1,0,1,0,,,,,-0.565257787704,-0.259263962507,0.277125924826
1390,1,951,90,8,1,2.125,0,53,1,1,1,1,0,-1.5905418396,-1.29552316666,-1.94210541248,-1.5905418396,-1.29552316666,-1.94210541248
1390,2,951,90,8,1,2.125,0,64,1,1,1,1,,-1.25190877914,-1.1181499958,,-1.5905418396,-1.29552316666,-1.94210541248
1391,1,951,90,8,1,2.125,1,15,1,1,1,1,0,-2.74164104462,-2.51929855347,-0.821928560734,-2.74164104462,-2.51929855347,-0.821928560734
1391,2,951,90,8,1,2.125,1,28,1,1,1,1,,-2.14218997955,-1.69588649273,-0.521602153778,-2.74164104462,-2.51929855347,-0.821928560734
1392,1,952,90,8,0,31,1,59,1,1,1,1,0,-1.52448356152,-1.06091094017,-1.08765041828,-1.52448356152,-1.06091094017,-1.08765041828
1392,2,952,90,8,0,31,1,73,1,1,1,1,,-1.36995482445,-1.10613524914,,-1.52448356152,-1.06091094017,-1.08765041828
1393,1,954,90,8,1,2.125,1,96,1,0,0,,,,,,,,
1393,2,954,90,8,1,2.125,1,28,1,0,0,,,,,,,,
1394,1,954,90,8,1,2.125,1,15,1,1,1,1,0,-1.55516314507,-0.520323097706,-0.460043013096,-1.55516314507,-0.520323097706,-0.460043013096
1394,2,954,90,8,1,2.125,1,29,1,1,1,1,,-1.59415841103,-1.02910578251,-0.920518100262,-1.55516314507,-0.520323097706,-0.460043013096
1395,2,954,90,8,1,2.125,1,8,1,1,0,,,-0.718732953072,-0.0921917557716,0.299141585827,,,
1396,1,955,90,8,1,2.125,1,58,1,1,1,1,0,-1.47570943832,-1.34189021587,-1.96930646896,-1.47570943832,-1.34189021587,-1.96930646896
1396,2,955,90,8,1,2.125,1,72,1,1,1,1,,-1.54786074162,-1.47010445595,,-1.47570943832,-1.34189021587,-1.96930646896
1397,1,955,90,8,1,2.125,0,19,1,0,0,,,,,,,,
1397,2,955,90,8,1,2.125,0,32,1,0,0,,,,,,,,
1398,2,955,90,8,1,2.125,1,12,1,0,0,,,,,,,,
1399,1,956,90,8,1,2.125,1,61,1,0,0,,,,,,,,
1399,2,956,90,8,1,2.125,1,62,1,0,0,,,,,,,,
1400,2,956,90,8,1,2.125,0,2,1,0,0,,,,,,,,
1401,1,957,90,8,0,31,1,50,1,1,1,1,0,-1.68817770481,-1.42397415638,-1.59612298012,-1.68817770481,-1.42397415638,-1.59612298012
1401,2,957,90,8,0,31,1,64,1,1,1,1,,-1.96254849434,-1.69280576706,,-1.68817770481,-1.42397415638,-1.59612298012
1402,1,957,90,8,0,31,1,1,1,1,1,1,0,0.108894355595,0.881594479084,,0.108894355595,0.881594479084,
1402,2,957,90,8,0,31,1,14,1,1,1,1,,-1.18540942669,-0.435977786779,-0.736721277237,0.108894355595,0.881594479084,
1403,1,959,91,8,0,35.75,0,16,1,1,1,1,0,-1.24256837368,-0.515548944473,0.624719083309,-1.24256837368,-0.515548944473,0.624719083309
1403,2,959,91,8,0,35.75,0,29,1,1,1,1,,-1.12917470932,-0.262254625559,0.0961606949568,-1.24256837368,-0.515548944473,0.624719083309
1404,2,959,91,8,0,35.75,0,3,1,0,0,,,,,,,,
1405,1,960,91,8,0,35.75,0,53,1,1,1,1,0,-1.73900318146,-1.60925960541,-2.40471291542,-1.73900318146,-1.60925960541,-2.40471291542
1405,2,960,91,8,0,35.75,0,66,1,1,1,1,,-1.11913132668,-1.47133302689,,-1.73900318146,-1.60925960541,-2.40471291542
1406,2,960,91,8,0,35.75,0,12,1,0,0,,,,,,,,
1407,1,961,91,8,1,1.375,1,29,1,1,1,1,0,-0.531213700771,-1.16595065594,-0.619137108326,-0.531213700771,-1.16595065594,-0.619137108326
1407,2,961,91,8,1,1.375,1,42,1,1,1,1,,-0.994837641716,-1.25221312046,-1.44996201992,-0.531213700771,-1.16595065594,-0.619137108326
1408,1,962,91,8,1,1.375,0,40,1,1,1,1,0,-2.64762473106,-1.34217464924,-0.300891160965,-2.64762473106,-1.34217464924,-0.300891160965
1408,2,962,91,8,1,1.375,0,53,1,1,1,1,,-2.0130841732,-0.8930991292,-1.08078420162,-2.64762473106,-1.34217464924,-0.300891160965
1409,1,963,91,8,0,35.75,1,44,1,1,1,1,0,-2.557066679,-1.40231812,-1.18065476418,-2.557066679,-1.40231812,-1.18065476418
1409,2,963,91,8,0,35.75,1,57,1,1,1,1,,-1.83395886421,-0.517576098442,-1.03158318996,-2.557066679,-1.40231812,-1.18065476418
1410,1,963,91,8,0,35.75,1,264,1,0,0,,,,,,,,
1410,2,963,91,8,0,35.75,1,60,1,0,0,,,,,,,,
1411,2,963,91,8,0,35.75,0,46,1,0,0,,,,,,,,
1412,2,963,91,8,0,35.75,0,46,1,0,0,,,,,,,,
1413,1,964,91,8,1,1.375,0,48,1,0,0,,,,,,,,
1413,2,964,91,8,1,1.375,0,72,1,0,0,,,,,,,,
1414,1,964,91,8,1,1.375,0,216,1,0,0,,,,,,,,
1414,2,964,91,8,1,1.375,0,30,1,1,0,,,-2.13870978355,-1.19376683235,-1.29598510265,,,
1415,2,964,91,8,1,1.375,1,10,1,1,0,,,-1.59339857101,-0.255442410707,-0.104033231735,,,
1416,1,965,91,8,1,1.375,0,50,1,1,1,1,0,-1.97934961319,-0.746628463268,0.217507317662,-1.97934961319,-0.746628463268,0.217507317662
1416,2,965,91,8,1,1.375,0,64,1,1,1,1,,-1.74297118187,-0.976074457169,,-1.97934961319,-0.746628463268,0.217507317662
1417,1,965,91,8,1,1.375,1,35,1,1,1,1,0,-1.14335310459,0.665651381016,1.75709688663,-1.14335310459,0.665651381016,1.75709688663
1417,2,965,91,8,1,1.375,1,47,1,1,1,1,,-1.29701530933,0.567307591438,0.807653665543,-1.14335310459,0.665651381016,1.75709688663
1418,2,965,91,8,1,1.375,1,11,1,1,0,,,-2.40837693214,-1.90390503407,-1.32852220535,,,
1419,1,966,91,8,1,1.375,0,360,1,0,0,,,,,,,,
1419,2,966,91,8,1,1.375,0,42,1,1,0,,,-1.90448975563,-0.901523828506,-0.802210152149,,,
1420,1,966,91,8,1,1.375,1,3,1,1,1,1,0,-0.618935883045,-1.45812726021,-0.502866625786,-0.618935883045,-1.45812726021,-0.502866625786
1420,2,966,91,8,1,1.375,1,16,1,1,1,1,,-2.25645542145,-2.18959474564,-0.818075358868,-0.618935883045,-1.45812726021,-0.502866625786
1421,1,967,91,8,1,1.375,1,26,1,1,1,1,0,-0.554422259331,-1.31415677071,-0.444239348173,-0.554422259331,-1.31415677071,-0.444239348173
1421,2,967,91,8,1,1.375,1,39,1,1,1,1,,-1.01259803772,-1.10374188423,-2.1515712738,-0.554422259331,-1.31415677071,-0.444239348173
1422,1,968,91,8,1,1.375,0,348,1,0,0,,,,,,,,
1422,2,968,91,8,1,1.375,0,41,1,1,0,,,-0.776188611984,-0.255239903927,-0.167108312249,,,
1423,1,969,91,8,1,1.375,0,408,1,0,0,,,,,,,,
1423,2,969,91,8,1,1.375,0,47,1,1,0,,,-2.51699328423,-1.30007004738,-1.04000222683,,,
1424,1,970,92,10,1,3.875,1,30,1,1,1,1,0,-0.40499651432,-0.985072910786,-1.92862510681,-0.40499651432,-0.985072910786,-1.92862510681
1424,2,970,92,10,1,3.875,1,40,1,1,1,1,,-0.0374999456108,-0.86566978693,-1.90956687927,-0.40499651432,-0.985072910786,-1.92862510681
1425,1,971,92,10,1,3.875,1,40,1,1,1,1,0,-0.364022940397,-0.37536919117,0.109734535217,-0.364022940397,-0.37536919117,0.109734535217
1425,2,971,92,10,1,3.875,1,54,1,1,1,1,,-0.0605838634074,0.157745137811,-0.304623663425,-0.364022940397,-0.37536919117,0.109734535217
1426,1,972,92,10,1,3.875,0,50,1,1,1,1,0,-1.67473638058,-0.925008058548,-0.614630997181,-1.67473638058,-0.925008058548,-0.614630997181
1426,2,972,92,10,1,3.875,0,64,1,1,1,1,,-1.84972369671,-1.28799188137,,-1.67473638058,-0.925008058548,-0.614630997181
1427,2,972,92,10,1,3.875,1,1,1,1,0,,,-1.86120820045,-2.00234436989,,,,
1428,1,973,92,10,0,39.3333358765,1,58,1,1,1,1,0,-1.17677938938,-1.43138277531,-2.37565135956,-1.17677938938,-1.43138277531,-2.37565135956
1428,2,973,92,10,0,39.3333358765,1,70,1,1,1,1,,-1.11826705933,-1.61171042919,,-1.17677938938,-1.43138277531,-2.37565135956
1429,1,974,92,10,1,3.875,1,27,1,1,1,1,0,-1.29626917839,-0.299674421549,-0.17048189044,-1.29626917839,-0.299674421549,-0.17048189044
1429,2,974,92,10,1,3.875,1,40,1,1,1,1,,-1.53197693825,-0.430961966515,0.182662576437,-1.29626917839,-0.299674421549,-0.17048189044
1430,2,974,92,10,1,3.875,1,3,1,1,0,,,-1.28400015831,-0.686332643032,,,,
1431,1,975,92,10,1,3.875,0,53,1,1,1,1,0,-2.65260910988,-1.67715346813,-0.757760167122,-2.65260910988,-1.67715346813,-0.757760167122
1431,2,975,92,10,1,3.875,0,65,1,1,1,1,,-2.53237891197,-1.26695692539,,-2.65260910988,-1.67715346813,-0.757760167122
1432,1,975,92,10,1,3.875,1,17,1,1,1,1,0,-3.00838685036,-0.525456607342,-0.45614272356,-3.00838685036,-0.525456607342,-0.45614272356
1432,2,975,92,10,1,3.875,1,31,1,1,1,1,,-3.64516472816,-0.0496600903571,-0.0616603940725,-3.00838685036,-0.525456607342,-0.45614272356
1433,2,975,92,10,1,3.875,0,2,1,1,0,,,-2.46187329292,-1.92717254162,,,,
1434,1,976,92,10,1,3.875,1,17,1,1,1,1,0,-1.85009884834,-0.507903575897,0.147285476327,-1.85009884834,-0.507903575897,0.147285476327
1434,2,976,92,10,1,3.875,1,31,1,1,1,1,,-1.39540922642,-0.69513720274,-0.632816255093,-1.85009884834,-0.507903575897,0.147285476327
1435,1,977,92,10,1,3.875,1,32,1,1,1,1,0,-1.26607322693,-1.04397678375,-1.36804640293,-1.26607322693,-1.04397678375,-1.36804640293
1435,2,977,92,10,1,3.875,1,45,1,1,1,1,,-1.16365849972,-1.12933552265,-1.70610380173,-1.26607322693,-1.04397678375,-1.36804640293
1436,1,978,92,10,0,39.3333358765,0,49,1,1,1,1,0,-2.32515001297,-1.35831773281,-1.50953662395,-2.32515001297,-1.35831773281,-1.50953662395
1436,2,978,92,10,0,39.3333358765,0,62,1,1,1,1,,-2.09851551056,-1.24840140343,,-2.32515001297,-1.35831773281,-1.50953662395
1437,1,979,92,10,1,3.875,1,57,1,1,1,1,0,-2.88836693764,-2.13476586342,-1.32624304295,-2.88836693764,-2.13476586342,-1.32624304295
1437,2,979,92,10,1,3.875,1,70,1,1,1,1,,-2.70971941948,-2.38368988037,,-2.88836693764,-2.13476586342,-1.32624304295
1438,1,979,92,10,1,3.875,0,7,1,1,1,1,0,-0.996971011162,-1.57000684738,-0.0619646273553,-0.996971011162,-1.57000684738,-0.0619646273553
1438,2,979,92,10,1,3.875,0,22,1,1,1,1,,-3.15166401863,-3.37770080566,-1.7918639183,-0.996971011162,-1.57000684738,-0.0619646273553
1439,1,980,92,10,0,39.3333358765,1,16,1,1,1,1,0,-1.27235329151,0.591420590878,0.836944520473,-1.27235329151,0.591420590878,0.836944520473
1439,2,980,92,10,0,39.3333358765,1,30,1,1,1,1,,-1.12734413147,1.02313303947,1.67079305649,-1.27235329151,0.591420590878,0.836944520473
1440,1,981,93,10,1,4,0,57,1,1,1,1,0,-2.4355738163,-0.843271911144,0.264510452747,-2.4355738163,-0.843271911144,0.264510452747
1440,2,981,93,10,1,4,0,70,1,1,1,1,,-2.38427472115,-1.08467674255,,-2.4355738163,-0.843271911144,0.264510452747
1441,1,981,93,10,1,4,1,35,1,1,1,1,0,-1.79430031776,-0.936194002628,0.232233077288,-1.79430031776,-0.936194002628,0.232233077288
1441,2,981,93,10,1,4,1,48,1,1,1,1,,-1.98053765297,-0.351668417454,0.575286030769,-1.79430031776,-0.936194002628,0.232233077288
1442,1,982,93,10,0,16.5,1,41,1,1,1,1,0,-0.857805907726,0.206147506833,-0.52903431654,-0.857805907726,0.206147506833,-0.52903431654
1442,2,982,93,10,0,16.5,1,54,1,1,1,1,,-0.58970952034,0.0141370976344,-0.833600699902,-0.857805907726,0.206147506833,-0.52903431654
1443,1,983,93,10,1,4,1,16,1,1,1,1,0,-1.75546014309,-1.34847736359,-0.864154577255,-1.75546014309,-1.34847736359,-0.864154577255
1443,2,983,93,10,1,4,1,28,1,1,1,1,,-1.04929578304,-1.36457824707,-1.40415549278,-1.75546014309,-1.34847736359,-0.864154577255
1444,1,983,93,10,1,4,1,29,1,1,1,1,0,-2.03944730759,1.09925413132,-1.05237007141,-2.03944730759,1.09925413132,-1.05237007141
1444,2,983,93,10,1,4,1,41,1,1,1,1,,-2.03832983971,-1.26147258282,-1.41897130013,-2.03944730759,1.09925413132,-1.05237007141
1445,1,984,93,10,1,4,1,17,1,1,1,1,0,-2.11334586143,-1.19050478935,0.313477963209,-2.11334586143,-1.19050478935,0.313477963209
1445,2,984,93,10,1,4,1,30,1,1,1,1,,-1.94883465767,-1.37059020996,0.222606942058,-2.11334586143,-1.19050478935,0.313477963209
1446,1,984,93,10,1,4,0,62,1,0,0,,,,,,,,
1446,2,984,93,10,1,4,0,72,1,0,0,,,,,,,,
1447,1,984,93,10,1,4,1,33,1,1,1,1,0,-3.38308954239,-2.40132260323,-2.4362783432,-3.38308954239,-2.40132260323,-2.4362783432
1447,2,984,93,10,1,4,1,47,1,1,1,1,,-3.33531403542,-1.86652779579,-1.51235437393,-3.38308954239,-2.40132260323,-2.4362783432
1448,1,985,93,10,1,4,0,60,1,0,0,,,,,,,,
1448,2,985,93,10,1,4,0,72,1,0,0,,,,,,,,
1449,1,985,93,10,1,4,1,36,1,1,1,1,0,-2.36398530006,-2.16143059731,-2.05774879456,-2.36398530006,-2.16143059731,-2.05774879456
1449,2,985,93,10,1,4,1,51,1,1,1,1,,-2.18845081329,-1.92339146137,-1.74538934231,-2.36398530006,-2.16143059731,-2.05774879456
1450,2,986,93,10,0,16.5,1,72,1,0,0,,,,,,,,
1451,1,987,93,10,1,4,0,47,1,1,1,1,0,-2.70945239067,-2.02347326279,-2.88453388214,-2.70945239067,-2.02347326279,-2.88453388214
1451,2,987,93,10,1,4,0,60,1,1,1,1,,-2.63576388359,-1.50351715088,-2.81710481644,-2.70945239067,-2.02347326279,-2.88453388214
1452,1,988,93,10,1,4,1,50,1,1,1,1,0,-1.10660505295,-0.336136609316,-0.311495155096,-1.10660505295,-0.336136609316,-0.311495155096
1452,2,988,93,10,1,4,1,63,1,1,1,1,,-0.74301803112,-0.39558172226,,-1.10660505295,-0.336136609316,-0.311495155096
1453,1,988,93,10,1,4,0,19,1,1,1,1,0,-3.00939655304,-2.37842488289,-2.06294941902,-3.00939655304,-2.37842488289,-2.06294941902
1453,2,988,93,10,1,4,0,33,1,1,1,1,,-2.9392786026,-2.21061062813,-1.49389374256,-3.00939655304,-2.37842488289,-2.06294941902
1454,2,988,93,10,1,4,0,13,1,1,0,,,-1.90378189087,-1.34229946136,-0.519105434418,,,
1455,1,989,93,10,1,4,1,46,1,1,1,1,0,-2.16035795212,-1.21207547188,-0.395861297846,-2.16035795212,-1.21207547188,-0.395861297846
1455,2,989,93,10,1,4,1,59,1,1,1,1,,-1.66220867634,-1.15639233589,-1.3800765276,-2.16035795212,-1.21207547188,-0.395861297846
1456,1,991,93,10,0,16.5,1,15,1,0,0,,,,,,,,
1456,2,991,93,10,0,16.5,1,29,1,0,0,,,,,,,,
1457,1,992,93,10,1,4,1,48,1,0,0,,,,,,,,
1457,2,992,93,10,1,4,1,61,1,1,0,,,-1.48782277107,-1.08451378345,,,,
1458,1,992,93,10,1,4,1,3,1,0,0,,,,,,,,
1458,2,992,93,10,1,4,1,18,1,1,0,,,-1.2941018343,-0.573786079884,0.185359954834,,,
1459,1,993,94,10,1,6,0,44,1,1,1,1,0,-1.49310600758,-0.431218802929,-0.806991875172,-1.49310600758,-0.431218802929,-0.806991875172
1459,2,993,94,10,1,6,0,58,1,1,1,1,,-0.409701347351,-0.634166181087,0.031794898212,-1.49310600758,-0.431218802929,-0.806991875172
1460,1,993,94,10,1,6,0,21,1,0,0,,,,,,,,
1460,2,993,94,10,1,6,0,35,1,1,0,,,-0.662104308605,-0.913368523121,-0.409475982189,,,
1461,1,994,94,10,1,6,1,5,1,1,1,1,0,-1.81751894951,-0.286875993013,-0.00538647780195,-1.81751894951,-0.286875993013,-0.00538647780195
1461,2,994,94,10,1,6,1,19,1,1,1,1,,-2.55838060379,-0.989335119724,0.384385347366,-1.81751894951,-0.286875993013,-0.00538647780195
1462,1,994,94,10,1,6,0,46,1,1,1,1,0,-2.77789616585,-1.88344061375,-1.27442729473,-2.77789616585,-1.88344061375,-1.27442729473
1462,2,994,94,10,1,6,0,59,1,1,1,1,,-2.59194684029,-2.20111346245,-0.727044463158,-2.77789616585,-1.88344061375,-1.27442729473
1463,1,995,94,10,1,6,0,46,1,1,1,1,0,0.244379207492,0.679513096809,-0.446670681238,0.244379207492,0.679513096809,-0.446670681238
1463,2,995,94,10,1,6,0,59,1,1,1,1,,0.616177380085,1.115432024,0.00909793935716,0.244379207492,0.679513096809,-0.446670681238
1464,2,995,94,10,1,6,0,11,1,1,0,,,-1.75535142422,-0.761409401894,-0.100003890693,,,
1465,1,996,94,10,1,6,0,25,1,0,0,,,,,,,,
1465,2,996,94,10,1,6,0,39,1,1,0,,,-0.22320446372,-0.814415156841,-1.20362257957,,,
1466,2,996,94,10,1,6,1,1,1,1,0,,,0.850879073143,1.02230679989,,,,
1467,1,997,94,10,1,6,0,32,1,1,1,1,0,-1.70146906376,-2.2981543541,-3.11805677414,-1.70146906376,-2.2981543541,-3.11805677414
1467,2,997,94,10,1,6,0,46,1,1,1,1,,-1.64909386635,-1.30480802059,-1.85303711891,-1.70146906376,-2.2981543541,-3.11805677414
1468,2,997,94,10,1,6,1,5,1,0,0,,,,,,,,
1469,1,998,94,10,0,29.2499980927,1,51,1,1,1,1,0,0.298785716295,0.27656519413,-0.0668991357088,0.298785716295,0.27656519413,-0.0668991357088
1469,2,998,94,10,0,29.2499980927,1,64,1,1,1,1,,1.15755546093,0.461866885424,,0.298785716295,0.27656519413,-0.0668991357088
1470,1,998,94,10,0,29.2499980927,1,23,1,1,1,1,0,-0.794101059437,-0.577187418938,-0.171820059419,-0.794101059437,-0.577187418938,-0.171820059419
1470,2,998,94,10,0,29.2499980927,1,36,1,1,1,1,,0.616767168045,-0.930008590221,0.266677290201,-0.794101059437,-0.577187418938,-0.171820059419
1471,1,999,94,10,1,6,0,37,1,1,1,0,1,-0.635265052319,-0.425764322281,-0.550054132938,-0.635265052319,-0.425764322281,-0.550054132938
1472,1,999,94,10,1,6,0,8,1,1,1,1,0,-0.49847689271,0.605658531189,0.305392175913,-0.49847689271,0.605658531189,0.305392175913
1472,2,999,94,10,1,6,0,22,1,1,1,1,,-0.220738738775,0.273717343807,0.220767065883,-0.49847689271,0.605658531189,0.305392175913
1473,2,999,94,10,1,6,0,50,1,1,0,,,-0.0110837351531,-0.309856265783,-0.151347011328,,,
1474,2,1000,94,10,0,29.2499980927,0,8,1,1,0,,,-2.87886214256,-1.76001036167,-0.606784343719,,,
1475,1,1001,94,10,1,6,0,50,1,1,1,1,0,-2.70573282242,-2.33107066154,-1.52935695648,-2.70573282242,-2.33107066154,-1.52935695648
1475,2,1001,94,10,1,6,0,63,1,1,1,1,,-2.5643389225,-1.88294911385,,-2.70573282242,-2.33107066154,-1.52935695648
1476,1,1002,94,10,0,29.2499980927,0,35,1,1,1,1,0,-1.5909525156,-1.65035736561,-0.493243962526,-1.5909525156,-1.65035736561,-0.493243962526
1476,2,1002,94,10,0,29.2499980927,0,49,1,1,1,1,,-2.10063791275,-1.95515310764,-1.77573609352,-1.5909525156,-1.65035736561,-0.493243962526
1477,1,1002,94,10,0,29.2499980927,0,14,1,1,1,1,0,-0.726476311684,-0.610463261604,-0.00556526426226,-0.726476311684,-0.610463261604,-0.00556526426226
1477,2,1002,94,10,0,29.2499980927,0,28,1,1,1,1,,-2.11430859566,-1.25774347782,-1.68588590622,-0.726476311684,-0.610463261604,-0.00556526426226
1478,1,1003,94,10,1,6,1,59,1,1,1,1,0,-0.57099288702,-0.162095740438,-1.23271977901,-0.57099288702,-0.162095740438,-1.23271977901
1478,2,1003,94,10,1,6,1,72,1,1,1,1,,-0.200094223022,-0.0853162258863,,-0.57099288702,-0.162095740438,-1.23271977901
1479,1,1003,94,10,1,6,0,18,1,1,1,1,0,-2.32038855553,-1.50525164604,-2.22924947739,-2.32038855553,-1.50525164604,-2.22924947739
1479,2,1003,94,10,1,6,0,31,1,1,1,1,,-1.79615497589,-1.0631827116,-2.09822487831,-2.32038855553,-1.50525164604,-2.22924947739
1480,1,1005,95,9,1,5,0,44,1,1,1,1,0,-0.270160764456,-0.583979427814,-1.14518272877,-0.270160764456,-0.583979427814,-1.14518272877
1480,2,1005,95,9,1,5,0,57,1,1,1,1,,0.249793589115,-0.636325836182,-1.16136264801,-0.270160764456,-0.583979427814,-1.14518272877
1481,1,1007,95,9,1,5,1,18,1,1,1,1,0,-1.62125039101,-0.504755735397,-0.414773106575,-1.62125039101,-0.504755735397,-0.414773106575
1481,2,1007,95,9,1,5,1,31,1,1,1,1,,-1.85653781891,-0.187318459153,0.479627877474,-1.62125039101,-0.504755735397,-0.414773106575
1482,1,1008,95,9,1,5,1,18,1,1,1,1,0,-0.932514429092,0.6261267066,-0.153356075287,-0.932514429092,0.6261267066,-0.153356075287
1482,2,1008,95,9,1,5,1,31,1,1,1,1,,-1.2277238369,-0.20633482933,-1.06082606316,-0.932514429092,0.6261267066,-0.153356075287
1483,1,1008,95,9,1,5,0,59,1,1,1,1,0,-0.525697290897,-1.19628226757,-2.60725522041,-0.525697290897,-1.19628226757,-2.60725522041
1483,2,1008,95,9,1,5,0,71,1,1,1,1,,-0.593267381191,-1.11151134968,,-0.525697290897,-1.19628226757,-2.60725522041
1484,1,1008,95,9,1,5,0,44,1,1,1,1,0,-1.81460916996,-0.5729611516,-1.49538004398,-1.81460916996,-0.5729611516,-1.49538004398
1484,2,1008,95,9,1,5,0,59,1,1,1,1,,-2.05907249451,-1.40575814247,-1.9646500349,-1.81460916996,-0.5729611516,-1.49538004398
1485,1,1009,95,9,1,5,0,57,1,1,1,1,0,-1.83882594109,-1.06670808792,-1.08018696308,-1.83882594109,-1.06670808792,-1.08018696308
1485,2,1009,95,9,1,5,0,70,1,1,1,1,,-2.09663367271,-1.27591085434,,-1.83882594109,-1.06670808792,-1.08018696308
1486,2,1009,95,9,1,5,0,2,1,1,0,,,0.512430310249,1.24397373199,,,,
1487,1,1010,95,9,0,40.5,1,57,1,1,1,1,0,-2.23205304146,-1.96990764141,-1.40137004852,-2.23205304146,-1.96990764141,-1.40137004852
1487,2,1010,95,9,0,40.5,1,70,1,1,1,1,,-2.37363696098,-1.86647701263,,-2.23205304146,-1.96990764141,-1.40137004852
1488,1,1010,95,9,0,40.5,1,39,1,1,1,1,0,-0.79680109024,-0.829736948013,-0.37973088026,-0.79680109024,-0.829736948013,-0.37973088026
1488,2,1010,95,9,0,40.5,1,52,1,1,1,1,,-0.806969225407,-0.581360697746,-0.448041647673,-0.79680109024,-0.829736948013,-0.37973088026
1489,1,1011,95,9,1,5,1,48,1,0,0,,,,,,,,
1490,1,1011,95,9,1,5,1,1,1,1,1,0,1,-1.06805086136,-0.815242409706,,-1.06805086136,-0.815242409706,
1491,1,1012,95,9,0,40.5,1,26,1,0,0,,,,,,,,
1491,2,1012,95,9,0,40.5,1,40,1,0,0,,,,,,,,
1492,1,1014,95,9,1,5,0,68,1,0,0,,,,,,,,
1492,2,1014,95,9,1,5,0,72,1,0,0,,,,,,,,
1493,2,1014,95,9,1,5,1,3,1,1,0,,,-0.381413191557,-0.686332643032,,,,
1494,2,1015,95,9,1,5,0,13,1,1,0,,,0.239651679993,0.98846924305,1.53228199482,,,
1495,1,1016,95,9,1,5,1,56,1,1,1,1,0,-1.09064674377,-1.19352221489,-1.99962449074,-1.09064674377,-1.19352221489,-1.99962449074
1495,2,1016,95,9,1,5,1,68,1,1,1,1,,-0.665247619152,-1.33023393154,,-1.09064674377,-1.19352221489,-1.99962449074
1496,1,1017,96,9,0,20.75,1,43,1,0,0,,,,,,,,
1496,2,1017,96,9,0,20.75,1,58,1,0,0,,,,,,,,
1497,1,1017,96,9,0,20.75,1,24,1,0,0,,,,,,,,
1497,2,1017,96,9,0,20.75,1,36,1,0,0,,,,,,,,
1498,1,1018,96,9,1,3.24999976158,1,25,1,1,1,1,0,-0.988436043262,-1.18444752693,-0.212441474199,-0.988436043262,-1.18444752693,-0.212441474199
1498,2,1018,96,9,1,3.24999976158,1,38,1,1,1,1,,-1.63455867767,-0.445323526859,0.187369063497,-0.988436043262,-1.18444752693,-0.212441474199
1499,1,1019,96,9,1,3.24999976158,1,48,1,1,1,1,0,-2.99039912224,-1.89417660236,-2.12779974937,-2.99039912224,-1.89417660236,-2.12779974937
1499,2,1019,96,9,1,3.24999976158,1,61,1,1,1,1,,-2.83913111687,-1.9441177845,,-2.99039912224,-1.89417660236,-2.12779974937
1500,1,1019,96,9,1,3.24999976158,1,17,1,1,1,1,0,-2.06069588661,-1.69453918934,-1.67760074139,-2.06069588661,-1.69453918934,-1.67760074139
1500,2,1019,96,9,1,3.24999976158,1,30,1,1,1,1,,-1.80719804764,,-1.46176815033,-2.06069588661,-1.69453918934,-1.67760074139
1501,1,1020,96,9,1,3.24999976158,0,20,1,1,1,1,0,-1.88333034515,-0.506267845631,-0.386187106371,-1.88333034515,-0.506267845631,-0.386187106371
1501,2,1020,96,9,1,3.24999976158,0,34,1,1,1,1,,-2.29878687859,-0.53081703186,-0.17179723084,-1.88333034515,-0.506267845631,-0.386187106371
1502,2,1020,96,9,1,3.24999976158,1,11,1,1,0,,,-2.24969577789,-1.48654854298,-1.6224796772,,,
1503,1,1021,96,9,0,20.75,0,43,1,1,1,1,0,-0.811339735985,-1.16500854492,-1.74505853653,-0.811339735985,-1.16500854492,-1.74505853653
1503,2,1021,96,9,0,20.75,0,56,1,1,1,1,,-1.05148327351,-1.26789402962,-2.13392710686,-0.811339735985,-1.16500854492,-1.74505853653
1504,1,1022,96,9,1,3.24999976158,1,62,1,0,0,,,,,,,,
1504,2,1022,96,9,1,3.24999976158,1,72,1,0,0,,,,,,,,
1505,1,1022,96,9,1,3.24999976158,0,30,1,1,1,1,0,-2.59389638901,-3.02320504189,-3.09531784058,-2.59389638901,-3.02320504189,-3.09531784058
1505,2,1022,96,9,1,3.24999976158,0,43,1,1,1,1,,-2.99672150612,-2.69774889946,-2.95972418785,-2.59389638901,-3.02320504189,-3.09531784058
1506,1,1022,96,9,1,3.24999976158,0,25,1,1,1,1,0,-1.41914057732,-1.33251285553,-0.981289446354,-1.41914057732,-1.33251285553,-0.981289446354
1506,2,1022,96,9,1,3.24999976158,0,38,1,1,1,1,,-1.71815311909,-1.30993902683,-0.873527050018,-1.41914057732,-1.33251285553,-0.981289446354
1507,2,1022,96,9,1,3.24999976158,1,3,1,0,0,,,,,,,,
1508,1,1023,96,9,1,3.24999976158,0,48,1,1,1,1,0,-3.869120121,-2.74239015579,-1.2302134037,-3.869120121,-2.74239015579,-1.2302134037
1508,2,1023,96,9,1,3.24999976158,0,61,1,1,1,1,,-3.37906241417,-2.24519085884,,-3.869120121,-2.74239015579,-1.2302134037
1509,1,1023,96,9,1,3.24999976158,0,58,1,1,1,1,0,-4.23510694504,-2.68731570244,-1.945987463,-4.23510694504,-2.68731570244,-1.945987463
1509,2,1023,96,9,1,3.24999976158,0,71,1,1,1,1,,-3.85073518753,-2.78818273544,,-4.23510694504,-2.68731570244,-1.945987463
1510,1,1024,96,9,0,20.75,0,51,1,1,1,1,0,-1.17396116257,-0.908894062042,-0.479442179203,-1.17396116257,-0.908894062042,-0.479442179203
1510,2,1024,96,9,0,20.75,0,65,1,1,1,1,,-0.877991974354,-0.973037600517,,-1.17396116257,-0.908894062042,-0.479442179203
1511,1,1025,96,9,0,20.75,0,61,1,0,0,,,,,,,,
1511,2,1025,96,9,0,20.75,0,72,1,0,0,,,,,,,,
1512,1,1026,96,9,1,3.24999976158,1,8,1,1,1,1,0,-0.8878672719,1.241309762,1.75709688663,-0.8878672719,1.241309762,1.75709688663
1512,2,1026,96,9,1,3.24999976158,1,21,1,1,1,1,,-0.510371923447,1.38264620304,1.87292575836,-0.8878672719,1.241309762,1.75709688663
1513,1,1026,96,9,1,3.24999976158,1,8,1,1,1,1,0,-0.951293051243,0.215019181371,0.340599000454,-0.951293051243,0.215019181371,0.340599000454
1513,2,1026,96,9,1,3.24999976158,1,21,1,1,1,1,,-0.510371923447,0.159752294421,1.10392820835,-0.951293051243,0.215019181371,0.340599000454
1514,1,1027,96,9,1,3.24999976158,1,22,1,1,1,1,0,-0.610217928886,-0.745455980301,0.701061248779,-0.610217928886,-0.745455980301,0.701061248779
1514,2,1027,96,9,1,3.24999976158,1,36,1,1,1,1,,-1.37915503979,-0.107328109443,0.808862745762,-0.610217928886,-0.745455980301,0.701061248779
1515,2,1027,96,9,1,3.24999976158,1,1,1,0,0,,,,,,,,
1516,1,1028,96,9,1,3.24999976158,1,50,1,1,1,1,0,-2.55483460426,-1.56029295921,-0.745673775673,-2.55483460426,-1.56029295921,-0.745673775673
1516,2,1028,96,9,1,3.24999976158,1,63,1,1,1,1,,-2.32408356667,-1.87048316002,,-2.55483460426,-1.56029295921,-0.745673775673
1517,1,1029,97,8,1,2.875,0,11,1,1,1,1,0,-1.58362817764,-0.0216503217816,1.35312831402,-1.58362817764,-0.0216503217816,1.35312831402
1517,2,1029,97,8,1,2.875,0,24,1,1,1,1,,-2.16554737091,-0.467245012522,1.09591722488,-1.58362817764,-0.0216503217816,1.35312831402
1518,1,1030,97,8,1,2.875,1,32,1,0,0,,,,,,,,
1518,2,1030,97,8,1,2.875,1,48,1,0,0,,,,,,,,
1519,1,1031,97,8,1,2.875,0,38,1,1,1,1,0,-4.2987165451,-1.91537427902,-0.660779774189,-4.2987165451,-1.91537427902,-0.660779774189
1519,2,1031,97,8,1,2.875,0,51,1,1,1,1,,-3.71741509438,-2.03512477875,-0.795482814312,-4.2987165451,-1.91537427902,-0.660779774189
1520,1,1033,97,8,0,34.75,1,44,1,1,1,1,0,-0.616205453873,-0.0439668782055,-0.478478193283,-0.616205453873,-0.0439668782055,-0.478478193283
1520,2,1033,97,8,0,34.75,1,57,1,1,1,1,,-0.263107448816,-0.0277958214283,-0.133335724473,-0.616205453873,-0.0439668782055,-0.478478193283
1521,2,1033,97,8,0,34.75,1,66,1,0,0,,,,,,,,
1522,1,1034,97,8,1,2.875,1,44,1,1,1,1,0,-2.61734175682,-1.0560656786,-1.84915745258,-2.61734175682,-1.0560656786,-1.84915745258
1522,2,1034,97,8,1,2.875,1,58,1,1,1,1,,-2.46858167648,-0.285752743483,-0.601694703102,-2.61734175682,-1.0560656786,-1.84915745258
1523,1,1034,97,8,1,2.875,1,3,1,1,1,1,0,1.41551947594,1.64696979523,,1.41551947594,1.64696979523,
1523,2,1034,97,8,1,2.875,1,16,1,1,1,1,,-0.467178761959,0.681482255459,0.189463153481,1.41551947594,1.64696979523,
1524,1,1035,97,8,1,2.875,1,39,1,1,1,1,0,-1.97733807564,-0.11415541172,-0.457470923662,-1.97733807564,-0.11415541172,-0.457470923662
1524,2,1035,97,8,1,2.875,1,52,1,1,1,1,,-1.04237318039,-0.193810343742,-0.698725163937,-1.97733807564,-0.11415541172,-0.457470923662
1525,1,1035,97,8,1,2.875,0,11,1,1,1,1,0,-1.90560805798,-1.09318983555,-0.189931601286,-1.90560805798,-1.09318983555,-0.189931601286
1525,2,1035,97,8,1,2.875,0,24,1,1,1,1,,-1.96915888786,-0.911845266819,-0.840848207474,-1.90560805798,-1.09318983555,-0.189931601286
1526,1,1036,97,8,1,2.875,1,36,1,1,1,1,0,0.144047856331,0.903533101082,0.631354093552,0.144047856331,0.903533101082,0.631354093552
1526,2,1036,97,8,1,2.875,1,48,1,1,1,1,,0.271339535713,1.0644711256,0.309586316347,0.144047856331,0.903533101082,0.631354093552
1527,1,1037,97,8,1,2.875,1,56,1,1,1,0,1,-1.34005916119,-0.703669667244,-1.14930152893,-1.34005916119,-0.703669667244,-1.14930152893
1527,2,1037,97,8,1,2.875,1,70,1,0,1,0,,,,,-1.34005916119,-0.703669667244,-1.14930152893
1528,1,1037,97,8,1,2.875,1,37,1,1,1,1,0,-1.34712433815,0.247747600079,-0.073617503047,-1.34712433815,0.247747600079,-0.073617503047
1528,2,1037,97,8,1,2.875,1,52,1,1,1,1,,-1.80463755131,-1.15760135651,-1.06864356995,-1.34712433815,0.247747600079,-0.073617503047
1529,1,1037,97,8,1,2.875,1,16,1,1,1,0,1,-0.234575003386,1.02949535847,1.44611501694,-0.234575003386,1.02949535847,1.44611501694
1529,2,1037,97,8,1,2.875,1,29,1,0,1,0,,,,,-0.234575003386,1.02949535847,1.44611501694
1530,1,1038,97,8,0,34.75,1,13,1,1,1,1,0,-0.405990809202,0.650842547417,1.31861543655,-0.405990809202,0.650842547417,1.31861543655
1530,2,1038,97,8,0,34.75,1,26,1,1,1,1,,-0.74962079525,0.0774275287986,0.83693921566,-0.405990809202,0.650842547417,1.31861543655
1531,1,1039,97,8,0,34.75,1,31,1,1,1,0,1,-1.03209364414,-0.613186717033,-0.632816255093,-1.03209364414,-0.613186717033,-0.632816255093
1531,2,1039,97,8,0,34.75,1,46,1,0,1,0,,,,,-1.03209364414,-0.613186717033,-0.632816255093
1532,1,1040,97,8,1,2.875,0,27,1,1,1,1,0,-4.22521018982,-2.79985570908,-1.16842269897,-4.22521018982,-2.79985570908,-1.16842269897
1532,2,1040,97,8,1,2.875,0,40,1,1,1,1,,-3.98676133156,-2.58092689514,-1.54117584229,-4.22521018982,-2.79985570908,-1.16842269897
1533,1,1041,98,8,1,2.125,1,17,1,1,1,1,0,-1.92029964924,-1.07494735718,-0.107078239322,-1.92029964924,-1.07494735718,-0.107078239322
1533,2,1041,98,8,1,2.125,1,30,1,1,1,1,,-1.70805501938,-1.04401552677,-0.797980427742,-1.92029964924,-1.07494735718,-0.107078239322
1534,1,1043,98,8,1,2.125,0,63,1,0,0,,,,,,,,
1534,2,1043,98,8,1,2.125,0,72,1,0,0,,,,,,,,
1535,1,1043,98,8,1,2.125,0,29,1,1,1,1,0,-3.09929037094,-0.275694131851,,-3.09929037094,-0.275694131851,
1535,2,1043,98,8,1,2.125,0,42,1,1,1,1,,-2.49716186523,-0.0466059632599,0.381541877985,-3.09929037094,-0.275694131851,
1536,2,1043,98,8,1,2.125,0,12,1,1,0,,,-2.81907534599,-0.160604551435,,,,
1537,1,1044,98,8,1,2.125,1,72,1,0,0,,,,,,,,
1537,2,1044,98,8,1,2.125,1,72,1,0,0,,,,,,,,
1538,1,1044,98,8,1,2.125,0,40,1,1,1,1,0,-2.89227366447,-1.35510385036,-0.711749732494,-2.89227366447,-1.35510385036,-0.711749732494
1538,2,1044,98,8,1,2.125,0,53,1,1,1,1,,-1.88746273518,-0.877886176109,-0.958296239376,-2.89227366447,-1.35510385036,-0.711749732494
1539,1,1044,98,8,1,2.125,1,10,1,1,1,1,0,,-1.59503746033,-1.98323893547,,-1.59503746033,-1.98323893547
1539,2,1044,98,8,1,2.125,1,22,1,1,1,1,,-1.66784250736,,-0.72039693594,,-1.59503746033,-1.98323893547
1540,1,1045,98,8,1,2.125,1,50,1,1,1,1,0,-3.39526247978,-2.36053752899,-1.7590534687,-3.39526247978,-2.36053752899,-1.7590534687
1540,2,1045,98,8,1,2.125,1,63,1,1,1,1,,-3.07844829559,-2.28754425049,,-3.39526247978,-2.36053752899,-1.7590534687
1541,1,1045,98,8,1,2.125,0,2,1,1,1,1,0,-1.71204888821,-1.11520028114,,-1.71204888821,-1.11520028114,
1541,2,1045,98,8,1,2.125,0,16,1,1,1,1,,-3.25463342667,-2.61791467667,-1.55394732952,-1.71204888821,-1.11520028114,
1542,1,1048,98,8,1,2.125,1,54,1,1,1,1,0,-3.67627382278,-2.29011058807,-1.78638350964,-3.67627382278,-2.29011058807,-1.78638350964
1542,2,1048,98,8,1,2.125,1,68,1,1,1,1,,-3.14692091942,-2.38271307945,,-3.67627382278,-2.29011058807,-1.78638350964
1543,1,1048,98,8,1,2.125,0,24,1,1,1,1,0,-2.85290813446,,-1.49727261066,-2.85290813446,,-1.49727261066
1543,2,1048,98,8,1,2.125,0,37,1,1,1,1,,-2.47413754463,-2.0892791748,-2.1277821064,-2.85290813446,,-1.49727261066
1544,1,1050,98,8,1,2.125,1,51,1,1,1,1,0,-3.49651169777,-0.964951872826,-1.00074613094,-3.49651169777,-0.964951872826,-1.00074613094
1544,2,1050,98,8,1,2.125,1,64,1,1,1,1,,-1.12083494663,-0.923825979233,,-3.49651169777,-0.964951872826,-1.00074613094
1545,1,1051,98,8,1,2.125,1,58,1,1,1,1,0,-2.05221605301,-1.08670771122,-0.775245428085,-2.05221605301,-1.08670771122,-0.775245428085
1545,2,1051,98,8,1,2.125,1,71,1,1,1,1,,-1.46240031719,-1.66230463982,,-2.05221605301,-1.08670771122,-0.775245428085
1546,1,1052,98,8,1,2.125,1,17,1,1,1,1,0,-3.28918218613,-1.73652756214,-1.28657817841,-3.28918218613,-1.73652756214,-1.28657817841
1546,2,1052,98,8,1,2.125,1,31,1,1,1,1,,-3.58927106857,-2.21942520142,-0.717029154301,-3.28918218613,-1.73652756214,-1.28657817841
1547,1,1053,99,9,1,1,0,84,1,0,0,,,,,,,,
1547,2,1053,99,9,1,1,0,72,1,0,0,,,,,,,,
1548,1,1053,99,9,1,1,1,48,1,1,1,1,0,-1.81802999973,-0.561224043369,-1.54039442539,-1.81802999973,-0.561224043369,-1.54039442539
1548,2,1053,99,9,1,1,1,61,1,1,1,1,,-1.79160475731,-0.698649704456,,-1.81802999973,-0.561224043369,-1.54039442539
1549,1,1053,99,9,1,1,1,20,1,1,1,1,0,0.0983778908849,0.379849642515,-0.517388105392,0.0983778908849,0.379849642515,-0.517388105392
1549,2,1053,99,9,1,1,1,33,1,1,1,1,,-0.646423220634,-0.393048226833,-2.38724970818,0.0983778908849,0.379849642515,-0.517388105392
1550,1,1053,99,9,1,1,1,3,1,1,1,1,0,-0.381413191557,0.153376415372,-0.214372128248,-0.381413191557,0.153376415372,-0.214372128248
1550,2,1053,99,9,1,1,1,17,1,1,1,1,,-2.37659287453,-0.16638211906,0.0631840452552,-0.381413191557,0.153376415372,-0.214372128248
1551,2,1054,99,9,0,8.14285755157,0,8,1,1,0,,,-1.7680170536,-0.666748762131,0.12690000236,,,
1552,1,1055,99,9,1,1,0,63,1,0,0,,,,,,,,
1552,2,1055,99,9,1,1,0,72,1,0,0,,,,,,,,
1553,1,1055,99,9,1,1,0,21,1,1,1,1,0,-2.13447523117,-2.03765749931,-0.608890473843,-2.13447523117,-2.03765749931,-0.608890473843
1553,2,1055,99,9,1,1,0,33,1,1,1,1,,-2.22348499298,-1.52274632454,-0.30464720726,-2.13447523117,-2.03765749931,-0.608890473843
1554,1,1057,99,9,1,1,1,24,1,1,1,1,0,-1.67847323418,-1.64168894291,-1.20732927322,-1.67847323418,-1.64168894291,-1.20732927322
1554,2,1057,99,9,1,1,1,38,1,1,1,1,,-2.19919919968,-1.64385402203,-1.19330954552,-1.67847323418,-1.64168894291,-1.20732927322
1555,1,1058,99,9,1,1,0,18,1,1,1,0,1,-2.32038855553,-2.26236701012,-2.1262948513,-2.32038855553,-2.26236701012,-2.1262948513
1556,1,1059,99,9,0,8.14285755157,0,15,1,1,1,1,0,-0.0181003883481,0.199833512306,0.228895738721,-0.0181003883481,0.199833512306,0.228895738721
1556,2,1059,99,9,0,8.14285755157,0,28,1,1,1,1,,-2.11430859566,0.267294973135,0.545115590096,-0.0181003883481,0.199833512306,0.228895738721
1557,2,1059,99,9,0,8.14285755157,1,1,1,0,0,,,,,,,,
1558,1,1060,99,9,1,1,0,40,1,1,1,1,0,-3.38157367706,-2.29021835327,-2.34437441826,-3.38157367706,-2.29021835327,-2.34437441826
1558,2,1060,99,9,1,1,0,54,1,1,1,1,,-1.91776251793,-1.75628840923,-2.28177762032,-3.38157367706,-2.29021835327,-2.34437441826
1559,1,1060,99,9,1,1,0,8,1,1,1,1,0,-1.17858695984,-0.564774155617,-0.795387744904,-1.17858695984,-0.564774155617,-0.795387744904
1559,2,1060,99,9,1,1,0,21,1,1,1,1,,-1.35163521767,-0.224728390574,-0.428924053907,-1.17858695984,-0.564774155617,-0.795387744904
1560,1,1062,99,9,0,8.14285755157,0,43,1,1,1,1,0,-1.36080634594,0.0227942634374,0.317892879248,-1.36080634594,0.0227942634374,0.317892879248
1560,2,1062,99,9,0,8.14285755157,0,56,1,1,1,1,,-0.984648346901,0.090331569314,-0.322617292404,-1.36080634594,0.0227942634374,0.317892879248
1561,1,1062,99,9,0,8.14285755157,0,8,1,1,1,1,0,-1.17858695984,-0.885451197624,-0.144458577037,-1.17858695984,-0.885451197624,-0.144458577037
1561,2,1062,99,9,0,8.14285755157,0,22,1,1,1,1,,-1.80548393726,-2.5867972374,-1.35298800468,-1.17858695984,-0.885451197624,-0.144458577037
1562,1,1063,99,9,0,8.14285755157,1,64,1,0,0,,,,,,,,
1562,2,1063,99,9,0,8.14285755157,1,72,1,0,0,,,,,,,,
1563,1,1064,99,9,0,8.14285755157,0,59,1,1,1,1,0,-1.98294627666,1.13259243965,1.75709688663,-1.98294627666,1.13259243965,1.75709688663
1563,2,1064,99,9,0,8.14285755157,0,72,1,1,1,1,,-0.822224080563,0.583422839642,,-1.98294627666,1.13259243965,1.75709688663
1564,1,1064,99,9,0,8.14285755157,1,18,1,1,1,0,1,-1.50072216988,-0.318602889776,-0.0676444843411,-1.50072216988,-0.318602889776,-0.0676444843411
1564,2,1064,99,9,0,8.14285755157,1,31,1,0,1,0,,,,,-1.50072216988,-0.318602889776,-0.0676444843411
1565,2,1064,99,9,0,8.14285755157,0,10,1,0,0,,,,,,,,
1566,1,1066,100,9,0,46.25,1,56,1,1,1,1,0,-1.09064674377,-1.25302302837,-1.76008868217,-1.09064674377,-1.25302302837,-1.76008868217
1566,2,1066,100,9,0,46.25,1,69,1,1,1,1,,-0.828880786896,-1.09514915943,,-1.09064674377,-1.25302302837,-1.76008868217
1567,1,1066,100,9,0,46.25,0,39,1,1,1,1,0,-2.93089723587,-1.75660920143,-1.20362257957,-2.93089723587,-1.75660920143,-1.20362257957
1567,2,1066,100,9,0,46.25,0,52,1,1,1,1,,-2.17720508575,-1.63098955154,-0.776566624641,-2.93089723587,-1.75660920143,-1.20362257957
1568,2,1066,100,9,0,46.25,0,12,1,0,0,,,,,,,,
1569,2,1067,100,9,0,46.25,1,5,1,0,0,,,,,,,,
1570,1,1068,100,9,0,46.25,0,8,1,1,1,0,1,-3.08289551735,-2.524497509,-1.77233910561,-3.08289551735,-2.524497509,-1.77233910561
1570,2,1068,100,9,0,46.25,0,21,1,0,1,0,,,,,-3.08289551735,-2.524497509,-1.77233910561
1571,1,1069,100,9,1,1.375,1,51,1,1,1,1,0,-1.679697752,-0.745328605175,-1.07648777962,-1.679697752,-0.745328605175,-1.07648777962
1571,2,1069,100,9,1,1.375,1,65,1,1,1,1,,-1.28910934925,-0.697693347931,,-1.679697752,-0.745328605175,-1.07648777962
1572,1,1069,100,9,1,1.375,1,15,1,1,1,1,0,-1.31786704063,0.0331147499382,-0.28368639946,-1.31786704063,0.0331147499382,-0.28368639946
1572,2,1069,100,9,1,1.375,1,29,1,1,1,1,,-1.72343683243,-0.999092638493,-0.619137108326,-1.31786704063,0.0331147499382,-0.28368639946
1573,1,1070,100,9,1,1.375,0,8,1,1,1,1,0,-1.06523525715,-0.193934321404,0.499568194151,-1.06523525715,-0.193934321404,0.499568194151
1573,2,1070,100,9,1,1.375,0,22,1,1,1,1,,-1.05571329594,-1.08772051334,-0.385137975216,-1.06523525715,-0.193934321404,0.499568194151
1574,1,1071,100,9,1,1.375,0,40,1,1,1,1,0,-2.02956199646,0.777499675751,1.1922672987,-2.02956199646,0.777499675751,1.1922672987
1574,2,1071,100,9,1,1.375,0,53,1,1,1,1,,-1.77326369286,0.543550431728,1.34942650795,-2.02956199646,0.777499675751,1.1922672987
1575,1,1071,100,9,1,1.375,0,4,1,1,1,1,0,-1.38698923588,0.283492833376,1.2965682745,-1.38698923588,0.283492833376,1.2965682745
1575,2,1071,100,9,1,1.375,0,17,1,1,1,1,,-1.47645616531,0.671597480774,1.87292575836,-1.38698923588,0.283492833376,1.2965682745
1576,1,1072,100,9,1,1.375,0,51,1,1,1,1,0,-3.89162445068,-1.1050889492,-0.0250741299242,-3.89162445068,-1.1050889492,-0.0250741299242
1576,2,1072,100,9,1,1.375,0,64,1,1,1,1,,-2.98129963875,-1.3522387743,,-3.89162445068,-1.1050889492,-0.0250741299242
1577,1,1073,100,9,1,1.375,0,23,1,1,1,1,0,-2.36752104759,-0.555607736111,0.340732604265,-2.36752104759,-0.555607736111,0.340732604265
1577,2,1073,100,9,1,1.375,0,36,1,1,1,1,,-2.63926625252,-1.35674905777,-0.273474425077,-2.36752104759,-0.555607736111,0.340732604265
1578,1,1074,100,9,1,1.375,0,612,1,0,0,,,,,,,,
1578,2,1074,100,9,1,1.375,0,66,1,1,0,,,0.250544279814,1.21876335144,,,,
1579,1,1075,100,9,1,1.375,1,720,1,0,0,,,,,,,,
1579,2,1075,100,9,1,1.375,1,72,1,0,0,,,,,,,,
1580,1,1075,100,9,1,1.375,0,84,1,0,0,,,,,,,,
1580,2,1075,100,9,1,1.375,0,32,1,1,0,,,-1.53061914444,-2.37220072746,-0.653214693069,,,
1581,1,1075,100,9,1,1.375,1,192,1,0,0,,,,,,,,
1581,2,1075,100,9,1,1.375,1,32,1,0,0,,,,,,,,
1582,2,1075,100,9,1,1.375,0,2,1,0,0,,,,,,,,
1583,1,1076,100,9,1,1.375,0,72,1,0,0,,,,,,,,
1583,2,1076,100,9,1,1.375,0,72,1,0,0,,,,,,,,
1584,1,1076,100,9,1,1.375,0,20,1,1,1,1,0,-2.52833175659,0.451374083757,1.28675854206,-2.52833175659,0.451374083757,1.28675854206
1584,2,1076,100,9,1,1.375,0,32,1,1,1,1,,-1.53061914444,-0.0597448982298,1.17713582516,-2.52833175659,0.451374083757,1.28675854206
1585,1,1077,101,9,1,4,0,1,1,1,1,1,0,-1.16842746735,-1.15364015102,,-1.16842746735,-1.15364015102,
1585,2,1077,101,9,1,4,0,15,1,1,1,1,,-1.79655170441,-2.1816034317,-0.665714561939,-1.16842746735,-1.15364015102,
1586,1,1078,101,9,0,27.5,1,6,1,0,0,,,,,,,,
1586,2,1078,101,9,0,27.5,1,20,1,0,0,,,,,,,,
1587,1,1079,101,9,1,4,1,32,1,1,1,1,0,-1.52807939053,-1.35130405426,-1.91853439808,-1.52807939053,-1.35130405426,-1.91853439808
1587,2,1079,101,9,1,4,1,42,1,1,1,1,,-1.24079239368,-0.617985069752,-1.70585680008,-1.52807939053,-1.35130405426,-1.91853439808
1588,1,1079,101,9,1,4,1,32,1,1,1,1,0,-3.19665169716,-1.67433047295,-1.27903139591,-3.19665169716,-1.67433047295,-1.27903139591
1588,2,1079,101,9,1,4,1,42,1,1,1,1,,-2.22461128235,-0.816088080406,-0.719026088715,-3.19665169716,-1.67433047295,-1.27903139591
1589,1,1080,101,9,0,27.5,0,55,1,0,0,,,,,,,,
1589,2,1080,101,9,0,27.5,0,57,1,0,0,,,,,,,,
1590,1,1081,101,9,0,27.5,0,20,1,1,1,1,0,-3.14490294456,,0.0529500618577,-3.14490294456,,0.0529500618577
1590,2,1081,101,9,0,27.5,0,32,1,1,1,1,,-2.99708294868,-1.39989626408,-1.09486758709,-3.14490294456,,0.0529500618577
1591,1,1082,101,9,1,4,1,35,1,1,1,1,0,-2.89692354202,-1.46379613876,-1.65797924995,-2.89692354202,-1.46379613876,-1.65797924995
1591,2,1082,101,9,1,4,1,48,1,1,1,1,,-2.78146195412,-1.41831541061,-1.21978628635,-2.89692354202,-1.46379613876,-1.65797924995
1592,1,1083,101,9,1,4,1,31,1,1,1,1,0,-1.10196185112,0.971313297749,0.703164815903,-1.10196185112,0.971313297749,0.703164815903
1592,2,1083,101,9,1,4,1,44,1,1,1,1,,-1.13457226753,0.890303075314,0.557200312614,-1.10196185112,0.971313297749,0.703164815903
1593,1,1084,101,9,0,27.5,0,63,1,0,0,,,,,,,,
1593,2,1084,101,9,0,27.5,0,72,1,0,0,,,,,,,,
1594,1,1084,101,9,0,27.5,0,4,1,1,1,1,0,-0.401776015759,0.0474705584347,,-0.401776015759,0.0474705584347,
1594,2,1084,101,9,0,27.5,0,17,1,1,1,1,,-1.19242787361,-0.81889039278,-0.682182908058,-0.401776015759,0.0474705584347,
1595,1,1085,101,9,1,4,1,31,1,1,1,1,0,-0.654805660248,0.391552180052,-0.30260848999,-0.654805660248,0.391552180052,-0.30260848999
1595,2,1085,101,9,1,4,1,44,1,1,1,1,,-0.6403170228,0.137362003326,-0.478478193283,-0.654805660248,0.391552180052,-0.30260848999
1596,1,1086,101,9,1,4,1,55,1,1,1,1,0,-1.69011437893,-1.20416843891,-1.04648387432,-1.69011437893,-1.20416843891,-1.04648387432
1596,2,1086,101,9,1,4,1,68,1,1,1,1,,-1.50581622124,-1.26598966122,,-1.69011437893,-1.20416843891,-1.04648387432
1597,2,1086,101,9,1,4,1,10,1,0,0,,,,,,,,
1598,1,1087,101,9,1,4,0,50,1,1,1,1,0,-3.514128685,-1.91591095924,-1.61711609364,-3.514128685,-1.91591095924,-1.61711609364
1598,2,1087,101,9,1,4,0,63,1,1,1,1,,-3.42386031151,-1.68995082378,,-3.514128685,-1.91591095924,-1.61711609364
1599,2,1087,101,9,1,4,0,6,1,1,0,,,-2.88447117805,-2.07425951958,-1.6325006485,,,
1600,1,1088,101,9,1,4,0,49,1,1,1,1,0,-0.540864527225,-0.702420294285,-0.83417236805,-0.540864527225,-0.702420294285,-0.83417236805
1600,2,1088,101,9,1,4,0,62,1,1,1,1,,-0.454419761896,-0.424883902073,,-0.540864527225,-0.702420294285,-0.83417236805
1601,1,1088,101,9,1,4,1,7,1,1,1,1,0,-0.383223384619,-0.0238922964782,-0.00155086338054,-0.383223384619,-0.0238922964782,-0.00155086338054
1601,2,1088,101,9,1,4,1,19,1,1,1,1,,-1.74707567692,0.123792529106,1.39375925064,-0.383223384619,-0.0238922964782,-0.00155086338054
1602,1,1089,102,9,1,3.125,0,64,1,0,0,,,,,,,,
1602,2,1089,102,9,1,3.125,0,72,1,0,0,,,,,,,,
1603,1,1089,102,9,1,3.125,0,4,1,1,1,1,0,-2.49235033989,-2.53748726845,,-2.49235033989,-2.53748726845,
1603,2,1089,102,9,1,3.125,0,17,1,1,1,1,,-3.06701588631,,0.294954776764,-2.49235033989,-2.53748726845,
1604,1,1090,102,9,1,3.125,1,72,1,0,0,,,,,,,,
1604,2,1090,102,9,1,3.125,1,44,1,0,0,,,,,,,,
1605,1,1090,102,9,1,3.125,1,39,1,1,1,1,0,-2.19313693047,-0.481084287167,0.43796557188,-2.19313693047,-0.481084287167,0.43796557188
1605,2,1090,102,9,1,3.125,1,52,1,1,1,1,,-2.12971997261,-0.752272546291,-0.203789874911,-2.19313693047,-0.481084287167,0.43796557188
1606,1,1090,102,9,1,3.125,0,8,1,1,1,1,0,-2.49346709251,-2.0170750618,-0.795387744904,-2.49346709251,-2.0170750618,-0.795387744904
1606,2,1090,102,9,1,3.125,0,22,1,1,1,1,,-3.21982645988,-1.22493898869,0.918959319592,-2.49346709251,-2.0170750618,-0.795387744904
1607,1,1091,102,9,1,3.125,1,14,1,1,1,1,0,-1.94917809963,-0.73872256279,-0.782482147217,-1.94917809963,-0.73872256279,-0.782482147217
1607,2,1091,102,9,1,3.125,1,27,1,1,1,1,,-2.05042934418,-1.30000329018,-1.25494718552,-1.94917809963,-0.73872256279,-0.782482147217
1608,1,1092,102,9,0,27.9999980927,1,52,1,1,1,1,0,-2.34270644188,-0.825105071068,0.364405572414,-2.34270644188,-0.825105071068,0.364405572414
1608,2,1092,102,9,0,27.9999980927,1,65,1,1,1,1,,-2.22744655609,-0.51193189621,,-2.34270644188,-0.825105071068,0.364405572414
1609,2,1092,102,9,0,27.9999980927,0,9,1,0,0,,,,,,,,
1610,1,1093,102,9,1,3.125,1,47,1,1,1,1,0,-1.50787425041,0.459551423788,0.209228277206,-1.50787425041,0.459551423788,0.209228277206
1610,2,1093,102,9,1,3.125,1,61,1,1,1,1,,-0.97453546524,0.374459385872,,-1.50787425041,0.459551423788,0.209228277206
1611,1,1093,102,9,1,3.125,0,1,1,1,1,1,0,-3.50589966774,-3.8929309845,,-3.50589966774,-3.8929309845,
1611,2,1093,102,9,1,3.125,0,13,1,1,1,1,,0.0747714489698,0.819947957993,1.87292575836,-3.50589966774,-3.8929309845,
1612,1,1093,102,9,1,3.125,0,1,1,1,1,1,0,-3.96825766563,-3.8929309845,,-3.96825766563,-3.8929309845,
1612,2,1093,102,9,1,3.125,0,13,1,1,1,1,,-0.56413513422,-0.353112012148,0.796333312988,-3.96825766563,-3.8929309845,
1613,1,1094,102,9,0,27.9999980927,1,3,1,1,1,1,0,1.28124570847,1.38734614849,,1.28124570847,1.38734614849,
1613,2,1094,102,9,0,27.9999980927,1,16,1,1,1,1,,1.15755546093,1.38264620304,1.87292575836,1.28124570847,1.38734614849,
1614,1,1094,102,9,0,27.9999980927,0,28,1,1,1,1,0,-0.8236156106,-0.167642682791,-0.236649394035,-0.8236156106,-0.167642682791,-0.236649394035
1614,2,1094,102,9,0,27.9999980927,0,41,1,1,1,1,,-0.457650929689,0.167756900191,0.629897177219,-0.8236156106,-0.167642682791,-0.236649394035
1615,1,1095,102,9,1,3.125,0,53,1,0,0,,,,,,,,
1615,2,1095,102,9,1,3.125,0,72,1,0,0,,,,,,,,
1616,2,1095,102,9,1,3.125,0,11,1,1,0,,,-2.78568458557,-3.22625780106,-1.95794129372,,,
1617,1,1096,102,9,0,27.9999980927,0,432,1,0,0,,,,,,,,
1617,2,1096,102,9,0,27.9999980927,0,72,1,1,0,,,-2.34452462196,-1.72983944416,,,,
1618,1,1097,102,9,1,3.125,1,26,1,1,1,1,0,-1.45533633232,-0.681037008762,-0.529768407345,-1.45533633232,-0.681037008762,-0.529768407345
1618,2,1097,102,9,1,3.125,1,38,1,1,1,1,,-0.915923714638,-0.0848558545113,-0.112048514187,-1.45533633232,-0.681037008762,-0.529768407345
1619,1,1098,102,9,1,3.125,1,564,1,0,0,,,,,,,,
1619,2,1098,102,9,1,3.125,1,61,1,1,0,,,-3.25814151764,-2.42591428757,,,,
1620,1,1098,102,9,1,3.125,1,252,1,0,0,,,,,,,,
1620,2,1098,102,9,1,3.125,1,34,1,1,0,,,-3.19860696793,-1.41021049023,0.00595283741131,,,
1621,1,1099,102,9,0,27.9999980927,1,72,1,0,0,,,,,,,,
1621,2,1099,102,9,0,27.9999980927,1,72,1,0,0,,,,,,,,
1622,1,1100,102,9,1,3.125,0,26,1,1,1,1,0,-2.77307248116,-1.56245994568,0.025857521221,-2.77307248116,-1.56245994568,0.025857521221
1622,2,1100,102,9,1,3.125,0,40,1,1,1,1,,-2.75063562393,-1.37453937531,-0.0621675811708,-2.77307248116,-1.56245994568,0.025857521221
1623,2,1100,102,9,1,3.125,1,13,1,1,0,,,-1.54684555531,-1.34055697918,-0.385996341705,,,
1624,1,1101,103,8,1,2.375,1,16,1,0,0,,,,,,,,
1624,2,1101,103,8,1,2.375,1,29,1,1,0,,,0.287541210651,-0.133569687605,-0.409043848515,,,
1625,1,1103,103,8,1,2.375,1,38,1,1,1,1,0,-1.89121377468,-1.47614824772,-1.75768911839,-1.89121377468,-1.47614824772,-1.75768911839
1625,2,1103,103,8,1,2.375,1,51,1,1,1,1,,-1.46489167213,-0.929419875145,-1.07648777962,-1.89121377468,-1.47614824772,-1.75768911839
1626,1,1104,103,8,1,2.375,0,61,1,0,0,,,,,,,,
1626,2,1104,103,8,1,2.375,0,72,1,0,0,,,,,,,,
1627,1,1104,103,8,1,2.375,0,3,1,0,0,,,,,,,,
1627,2,1104,103,8,1,2.375,0,16,1,1,0,,,-0.294576823711,,0.455838501453,,,
1628,1,1105,103,8,1,2.375,0,1,1,1,1,1,0,-0.860190093517,-1.30566704273,,-0.860190093517,-1.30566704273,
1628,2,1105,103,8,1,2.375,0,14,1,1,1,1,,-3.14847064018,-1.74298214912,-0.273131400347,-0.860190093517,-1.30566704273,
1629,1,1106,103,8,1,2.375,1,37,1,1,1,1,0,-1.60669112206,-0.372771322727,-0.621886968613,-1.60669112206,-0.372771322727,-0.621886968613
1629,2,1106,103,8,1,2.375,1,50,1,1,1,1,,-0.787312150002,-0.22658200562,-0.526134848595,-1.60669112206,-0.372771322727,-0.621886968613
1630,2,1106,103,8,1,2.375,1,12,1,1,0,,,-2.25826931,-1.60151219368,-0.618792951107,,,
1631,1,1107,103,8,0,31.4999980927,0,48,1,1,1,1,0,-1.77091133595,-1.59458184242,-1.06107413769,-1.77091133595,-1.59458184242,-1.06107413769
1631,2,1107,103,8,0,31.4999980927,0,61,1,1,1,1,,-1.83269929886,-1.47233021259,,-1.77091133595,-1.59458184242,-1.06107413769
1632,1,1109,103,8,0,31.4999980927,0,300,1,0,0,,,,,,,,
1632,2,1109,103,8,0,31.4999980927,0,39,1,1,0,,,0.11525811255,1.16383051872,1.56478393078,,,
1633,2,1109,103,8,0,31.4999980927,0,4,1,1,0,,,0.967912256718,-0.362489432096,-1.50836217403,,,
1634,1,1110,103,8,1,2.375,0,46,1,1,1,1,0,-2.12246346474,-1.29298233986,-1.62642717361,-2.12246346474,-1.29298233986,-1.62642717361
1634,2,1110,103,8,1,2.375,0,59,1,1,1,1,,-2.16782259941,-1.6377594471,-1.53238987923,-2.12246346474,-1.29298233986,-1.62642717361
1635,1,1110,103,8,1,2.375,1,12,1,1,1,1,0,-4.7622551918,-3.8929309845,-1.66206026077,-4.7622551918,-3.8929309845,-1.66206026077
1635,2,1110,103,8,1,2.375,1,25,1,1,1,1,,-4.19130086899,-3.04262661934,-1.0862839222,-4.7622551918,-3.8929309845,-1.66206026077
1636,1,1111,103,8,1,2.375,1,132,1,0,0,,,,,,,,
1636,2,1111,103,8,1,2.375,1,23,1,1,0,,,-2.03872179985,0.430463671684,0.719183564186,,,
1637,1,1112,103,8,1,2.375,1,24,1,1,1,1,0,-2.56183338165,-2.05375623703,-0.842857420444,-2.56183338165,-2.05375623703,-0.842857420444
1637,2,1112,103,8,1,2.375,1,38,1,1,1,1,,-2.86650395393,-1.54547262192,-0.90178334713,-2.56183338165,-2.05375623703,-0.842857420444
1638,1,1113,104,8,1,2.375,1,15,1,1,1,1,0,-3.4352748394,-2.33771419525,-1.00765633583,-3.4352748394,-2.33771419525,-1.00765633583
1638,2,1113,104,8,1,2.375,1,28,1,1,1,1,,-3.46823573112,-1.50332033634,-0.735417544842,-3.4352748394,-2.33771419525,-1.00765633583
1639,1,1114,104,8,1,2.375,1,40,1,1,1,1,0,-3.25250577927,-0.746567368507,-0.618799090385,-3.25250577927,-0.746567368507,-0.618799090385
1639,2,1114,104,8,1,2.375,1,53,1,1,1,1,,-3.36023759842,-1.26685023308,-0.839238345623,-3.25250577927,-0.746567368507,-0.618799090385
1640,1,1115,104,8,1,2.375,0,34,1,0,0,,,,,,,,
1640,2,1115,104,8,1,2.375,0,47,1,0,0,,,,,,,,
1641,1,1117,104,8,1,2.375,1,24,1,1,1,1,0,-2.68581151962,0.202360540628,0.811551630497,-2.68581151962,0.202360540628,0.811551630497
1641,2,1117,104,8,1,2.375,1,37,1,1,1,1,,-2.26858711243,0.279191851616,0.373834848404,-2.68581151962,0.202360540628,0.811551630497
1642,1,1118,104,8,1,2.375,0,48,1,1,1,0,1,-1.6636172533,-0.383647948503,0.0448001138866,-1.6636172533,-0.383647948503,0.0448001138866
1642,2,1118,104,8,1,2.375,0,58,1,0,1,0,,,,,-1.6636172533,-0.383647948503,0.0448001138866
1643,1,1118,104,8,1,2.375,1,43,1,1,1,1,0,-1.16380167007,0.117709569633,-0.00115728378296,-1.16380167007,0.117709569633,-0.00115728378296
1643,2,1118,104,8,1,2.375,1,56,1,1,1,1,,-1.86057174206,-0.557207584381,-1.00256419182,-1.16380167007,0.117709569633,-0.00115728378296
1644,1,1119,104,8,1,2.375,0,32,1,1,1,1,0,-3.43417620659,-2.3309803009,-2.95271396637,-3.43417620659,-2.3309803009,-2.95271396637
1644,2,1119,104,8,1,2.375,0,46,1,1,1,1,,-3.23912572861,-1.90910863876,-1.4049423933,-3.43417620659,-2.3309803009,-2.95271396637
1645,1,1121,104,8,0,23.25,1,58,1,1,1,1,0,-2.84117698669,-1.64090514183,-1.9296104908,-2.84117698669,-1.64090514183,-1.9296104908
1645,2,1121,104,8,0,23.25,1,71,1,1,1,1,,-2.19928908348,-1.43814587593,,-2.84117698669,-1.64090514183,-1.9296104908
1646,1,1122,104,8,1,2.375,1,57,1,1,1,1,0,-1.36055195332,-1.78262269497,-2.7351732254,-1.36055195332,-1.78262269497,-2.7351732254
1646,2,1122,104,8,1,2.375,1,67,1,1,1,1,,-0.539041280746,-1.17691648006,,-1.36055195332,-1.78262269497,-2.7351732254
1647,1,1122,104,8,1,2.375,1,34,1,1,1,1,0,-1.6388875246,-2.03588938713,-1.24135684967,-1.6388875246,-2.03588938713,-1.24135684967
1647,2,1122,104,8,1,2.375,1,47,1,1,1,1,,-0.96901267767,-1.53963899612,-1.03326129913,-1.6388875246,-2.03588938713,-1.24135684967
1648,2,1122,104,8,1,2.375,1,8,1,1,0,,,-1.43754982948,-1.44366121292,-0.522378385067,,,
1649,2,1123,104,8,1,2.375,1,60,1,0,0,,,,,,,,
1650,2,1123,104,8,1,2.375,0,24,1,0,0,,,,,,,,
1651,1,1125,105,9,1,2.375,1,41,1,1,1,1,0,-1.21817564964,-1.27412199974,-0.375352412462,-1.21817564964,-1.27412199974,-0.375352412462
1651,2,1125,105,9,1,2.375,1,53,1,1,1,1,,-0.525728940964,-0.730391085148,-0.694118976593,-1.21817564964,-1.27412199974,-0.375352412462
1652,1,1126,105,9,1,2.375,1,60,1,0,0,,,,,,,,
1652,2,1126,105,9,1,2.375,1,61,1,0,0,,,,,,,,
1653,1,1126,105,9,1,2.375,0,19,1,0,0,,,,,,,,
1653,2,1126,105,9,1,2.375,0,31,1,0,0,,,,,,,,
1654,1,1127,105,9,1,2.375,1,42,1,1,1,1,0,0.49318921566,1.26107192039,1.51540327072,0.49318921566,1.26107192039,1.51540327072
1654,2,1127,105,9,1,2.375,1,55,1,1,1,1,,0.0482133887708,1.17540323734,0.997100412846,0.49318921566,1.26107192039,1.51540327072
1655,1,1127,105,9,1,2.375,1,13,1,1,1,1,0,,-0.860449373722,0.297167867422,,-0.860449373722,0.297167867422
1655,2,1127,105,9,1,2.375,1,27,1,1,1,1,,-2.22788095474,-1.08380258083,-0.17048189044,,-0.860449373722,0.297167867422
1656,1,1127,105,9,1,2.375,0,11,1,1,1,1,0,0.326788157225,0.864996433258,1.75709688663,0.326788157225,0.864996433258,1.75709688663
1656,2,1127,105,9,1,2.375,0,24,1,1,1,1,,,,1.77665328979,0.326788157225,0.864996433258,1.75709688663
1657,1,1128,105,9,0,28.25,1,23,1,1,1,1,0,-2.2277803421,-0.376048862934,-0.171820059419,-2.2277803421,-0.376048862934,-0.171820059419
1657,2,1128,105,9,0,28.25,1,35,1,1,1,1,,-1.59502911568,-0.0352944433689,0.232233077288,-2.2277803421,-0.376048862934,-0.171820059419
1658,1,1129,105,9,1,2.375,1,45,1,1,1,1,0,-3.26473164558,-2.76056838036,-0.894033789635,-3.26473164558,-2.76056838036,-0.894033789635
1658,2,1129,105,9,1,2.375,1,58,1,1,1,1,,-3.51483607292,-2.32193851471,-0.533172011375,-3.26473164558,-2.76056838036,-0.894033789635
1659,1,1130,105,9,1,2.375,1,22,1,1,1,1,0,-1.9082120657,-0.920596659184,-0.111626289785,-1.9082120657,-0.920596659184,-0.111626289785
1659,2,1130,105,9,1,2.375,1,36,1,1,1,1,,-1.51046574116,-0.471172392368,0.595474183559,-1.9082120657,-0.920596659184,-0.111626289785
1660,1,1131,105,9,0,28.25,0,660,1,0,0,,,,,,,,
1660,2,1131,105,9,0,28.25,0,67,1,1,0,,,0.213965371251,0.104810863733,,,,
1661,1,1132,105,9,1,2.375,0,36,1,1,1,1,0,,-2.21030426025,-1.21590650082,,-2.21030426025,-1.21590650082
1661,2,1132,105,9,1,2.375,0,49,1,1,1,1,,,-1.82562708855,-0.242425844073,,-2.21030426025,-1.21590650082
1662,1,1133,105,9,1,2.375,1,31,1,1,1,1,0,-2.73687791824,-1.85440659523,-1.69092619419,-2.73687791824,-1.85440659523,-1.69092619419
1662,2,1133,105,9,1,2.375,1,44,1,1,1,1,,-2.53295516968,-1.67283856869,-1.46766245365,-2.73687791824,-1.85440659523,-1.69092619419
1663,1,1135,105,9,1,2.375,0,41,1,1,1,1,0,-1.34955632687,-0.703715920448,-0.570358335972,-1.34955632687,-0.703715920448,-0.570358335972
1663,2,1135,105,9,1,2.375,0,52,1,1,1,1,,-0.5895434618,-0.420895934105,-0.424120724201,-1.34955632687,-0.703715920448,-0.570358335972
1664,1,1136,105,9,0,28.25,0,33,1,1,1,1,0,-2.60243272781,-1.23502314091,-0.346466511488,-2.60243272781,-1.23502314091,-0.346466511488
1664,2,1136,105,9,0,28.25,0,46,1,1,1,1,,-2.32880330086,-0.907546341419,-0.28937074542,-2.60243272781,-1.23502314091,-0.346466511488
1665,1,1137,106,9,1,4.75,1,65,1,0,0,,,,,,,,
1665,2,1137,106,9,1,4.75,1,72,1,0,0,,,,,,,,
1666,1,1137,106,9,1,4.75,1,26,1,1,1,1,0,-0.959833145142,-0.524761736393,-0.878988385201,-0.959833145142,-0.524761736393,-0.878988385201
1666,2,1137,106,9,1,4.75,1,39,1,1,1,1,,-0.149408191442,0.179900303483,-0.226024851203,-0.959833145142,-0.524761736393,-0.878988385201
1667,1,1140,106,9,1,4.75,1,30,1,1,1,1,0,-1.49559795856,-0.539312303066,-0.418952912092,-1.49559795856,-0.539312303066,-0.418952912092
1667,2,1140,106,9,1,4.75,1,43,1,1,1,1,,-1.11510264874,-0.3317912817,0.142437025905,-1.49559795856,-0.539312303066,-0.418952912092
1668,1,1140,106,9,1,4.75,0,12,1,1,1,1,0,-0.462411522865,0.546231031418,-0.0399274900556,-0.462411522865,0.546231031418,-0.0399274900556
1668,2,1140,106,9,1,4.75,0,24,1,1,1,1,,-0.168926596642,0.34485539794,0.0394655913115,-0.462411522865,0.546231031418,-0.0399274900556
1669,1,1141,106,9,1,4.75,0,59,1,1,1,1,0,-0.938947558403,-0.16244584322,0.286399960518,-0.938947558403,-0.16244584322,0.286399960518
1669,2,1141,106,9,1,4.75,0,72,1,1,1,1,,-1.08609008789,-0.00499674025923,,-0.938947558403,-0.16244584322,0.286399960518
1670,1,1141,106,9,1,4.75,0,22,1,1,1,1,0,-0.476342707872,0.920267999172,0.878955423832,-0.476342707872,0.920267999172,0.878955423832
1670,2,1141,106,9,1,4.75,0,36,1,1,1,1,,-0.777875185013,1.00071752071,0.962122738361,-0.476342707872,0.920267999172,0.878955423832
1671,1,1142,106,9,1,4.75,1,40,1,1,1,1,0,-2.17246556282,-0.717163562775,-0.339367300272,-2.17246556282,-0.717163562775,-0.339367300272
1671,2,1142,106,9,1,4.75,1,53,1,1,1,1,,-2.11527729034,-0.571918129921,-0.694118976593,-2.17246556282,-0.717163562775,-0.339367300272
1672,2,1142,106,9,1,4.75,1,5,1,1,0,,,-1.32143473625,-0.510573267937,,,,
1673,1,1143,106,9,1,4.75,1,40,1,1,1,1,0,-1.43150568008,-0.342266947031,-0.263105213642,-1.43150568008,-0.342266947031,-0.263105213642
1673,2,1143,106,9,1,4.75,1,54,1,1,1,1,,-1.22906959057,0.00198714970611,-0.101073235273,-1.43150568008,-0.342266947031,-0.263105213642
1674,1,1144,106,9,1,4.75,0,40,1,1,1,1,0,-1.25698375702,-0.350783735514,-0.220685556531,-1.25698375702,-0.350783735514,-0.220685556531
1674,2,1144,106,9,1,4.75,0,54,1,1,1,1,,-1.19294965267,-0.503513872623,-0.938437461853,-1.25698375702,-0.350783735514,-0.220685556531
1675,1,1146,106,9,1,4.75,0,13,1,1,1,1,0,-1.34731388092,-1.47072899342,-0.519105434418,-1.34731388092,-1.47072899342,-0.519105434418
1675,2,1146,106,9,1,4.75,0,26,1,1,1,1,,-1.41904807091,-1.34931647778,0.025857521221,-1.34731388092,-1.47072899342,-0.519105434418
1676,1,1147,106,9,0,33.25,1,50,1,1,1,0,1,-0.331177294254,-0.382449299097,-0.894858002663,-0.331177294254,-0.382449299097,-0.894858002663
1676,2,1147,106,9,0,33.25,1,62,1,0,1,0,,,,,-0.331177294254,-0.382449299097,-0.894858002663
1677,1,1147,106,9,0,33.25,0,18,1,1,1,1,0,-0.281284242868,-0.45378240943,-0.763389110565,-0.281284242868,-0.45378240943,-0.763389110565
1677,2,1147,106,9,0,33.25,0,32,1,1,1,1,,-0.220766872168,-0.453788012266,-0.56695753336,-0.281284242868,-0.45378240943,-0.763389110565
1678,1,1147,106,9,0,33.25,0,192,1,0,0,,,,,,,,
1678,2,1147,106,9,0,33.25,0,32,1,0,0,,,,,,,,
1679,1,1148,106,9,1,4.75,1,38,1,1,1,1,0,-1.28807473183,-0.439517885447,-0.188312381506,-1.28807473183,-0.439517885447,-0.188312381506
1679,2,1148,106,9,1,4.75,1,52,1,1,1,1,,-1.13205170631,-0.281458705664,-0.169404819608,-1.28807473183,-0.439517885447,-0.188312381506
1680,2,1148,106,9,1,4.75,0,4,1,0,0,,,,,,,,
1681,1,1149,107,8,1,1,1,32,1,1,1,0,1,-2.0520939827,-1.18845081329,-0.346822440624,-2.0520939827,-1.18845081329,-0.346822440624
1682,1,1150,107,8,1,1,0,9,1,1,1,1,0,-2.21494030952,-1.04492580891,-1.40189909935,-2.21494030952,-1.04492580891,-1.40189909935
1682,2,1150,107,8,1,1,0,25,1,1,1,1,,-3.03982567787,0.311370164156,1.35185599327,-2.21494030952,-1.04492580891,-1.40189909935
1683,1,1150,107,8,1,1,0,72,1,0,0,,,,,,,,
1683,2,1150,107,8,1,1,0,19,1,1,0,,,-3.19086480141,-2.3993434906,-1.03420209885,,,
1684,1,1150,107,8,1,1,1,36,1,1,1,1,0,-1.20845270157,-0.210679545999,-1.29519510269,-1.20845270157,-0.210679545999,-1.29519510269
1684,2,1150,107,8,1,1,1,49,1,1,1,1,,-1.87998402119,-0.670329153538,-0.677187085152,-1.20845270157,-0.210679545999,-1.29519510269
1685,1,1150,107,8,1,1,1,31,1,1,1,1,0,-3.18403410912,-1.61934483051,-2.05897378922,-3.18403410912,-1.61934483051,-2.05897378922
1685,2,1150,107,8,1,1,1,43,1,1,1,1,,-2.85611987114,-0.431444942951,0.962464213371,-3.18403410912,-1.61934483051,-2.05897378922
1686,1,1152,107,8,0,37.5,0,24,1,1,1,1,0,-2.90200591087,-1.57711350918,-0.987804353237,-2.90200591087,-1.57711350918,-0.987804353237
1686,2,1152,107,8,0,37.5,0,37,1,1,1,1,,-2.51411128044,-0.952202737331,0.0992085039616,-2.90200591087,-1.57711350918,-0.987804353237
1687,1,1153,107,8,0,37.5,1,55,1,1,1,1,0,-0.914973378181,-0.268250852823,-0.398911178112,-0.914973378181,-0.268250852823,-0.398911178112
1687,2,1153,107,8,0,37.5,1,67,1,1,1,1,,-0.659870743752,-0.39177107811,,-0.914973378181,-0.268250852823,-0.398911178112
1688,1,1153,107,8,0,37.5,0,35,1,1,1,1,0,-1.41337823868,-0.0314154736698,-0.510077238083,-1.41337823868,-0.0314154736698,-0.510077238083
1688,2,1153,107,8,0,37.5,0,47,1,1,1,1,,-1.30209898949,0.0953563302755,1.02569448948,-1.41337823868,-0.0314154736698,-0.510077238083
1689,2,1153,107,8,0,37.5,0,4,1,0,0,,,,,,,,
1690,1,1155,107,8,1,1,0,40,1,1,1,1,0,1.41551947594,0.709006726742,-1.52300632,1.41551947594,0.709006726742,-1.52300632
1690,2,1155,107,8,1,1,0,53,1,1,1,1,,1.15755546093,0.781708598137,-0.639544188976,1.41551947594,0.709006726742,-1.52300632
1691,1,1157,108,10,1,2.125,0,62,1,0,0,,,,,,,,
1691,2,1157,108,10,1,2.125,0,72,1,0,0,,,,,,,,
1692,1,1157,108,10,1,2.125,0,40,1,1,1,1,0,-3.26568770409,-1.51200127602,-0.966486632824,-3.26568770409,-1.51200127602,-0.966486632824
1692,2,1157,108,10,1,2.125,0,55,1,1,1,1,,-3.30631494522,-1.1338801384,-0.263405710459,-3.26568770409,-1.51200127602,-0.966486632824
1693,1,1158,108,10,1,2.125,1,48,1,1,1,1,0,-0.901029646397,-0.332574635744,-0.608424723148,-0.901029646397,-0.332574635744,-0.608424723148
1693,2,1158,108,10,1,2.125,1,61,1,1,1,1,,-0.901207327843,-0.716367840767,,-0.901029646397,-0.332574635744,-0.608424723148
1694,1,1158,108,10,1,2.125,1,44,1,1,1,1,0,-2.37624120712,-1.84920299053,-1.34365010262,-2.37624120712,-1.84920299053,-1.34365010262
1694,2,1158,108,10,1,2.125,1,58,1,1,1,1,,-2.19100522995,-2.30430173874,-1.96930646896,-2.37624120712,-1.84920299053,-1.34365010262
1695,1,1159,108,10,1,2.125,1,66,1,0,0,,,,,,,,
1695,2,1159,108,10,1,2.125,1,72,1,0,0,,,,,,,,
1696,1,1159,108,10,1,2.125,0,28,1,1,1,1,0,-2.11430859566,-2.282299757,-2.38128805161,-2.11430859566,-2.282299757,-2.38128805161
1696,2,1159,108,10,1,2.125,0,41,1,1,1,1,,-1.92292404175,-1.72360467911,-1.2953234911,-2.11430859566,-2.282299757,-2.38128805161
1697,1,1161,108,10,1,2.125,0,60,1,0,0,,,,,,,,
1697,2,1161,108,10,1,2.125,0,72,1,0,0,,,,,,,,
1698,1,1161,108,10,1,2.125,0,39,1,1,1,1,0,-2.22793889046,-0.386606395245,-0.114578470588,-2.22793889046,-0.386606395245,-0.114578470588
1698,2,1161,108,10,1,2.125,0,52,1,1,1,1,,-1.18839144707,-0.339675754309,-0.122003860772,-2.22793889046,-0.386606395245,-0.114578470588
1699,1,1162,108,10,0,16.75,0,14,1,1,1,1,0,-0.807208240032,,0.684313118458,-0.807208240032,,0.684313118458
1699,2,1162,108,10,0,16.75,0,26,1,1,1,1,,-1.16713821888,1.1915358305,1.87292575836,-0.807208240032,,0.684313118458
1700,1,1164,108,10,1,2.125,0,40,1,1,1,1,0,-3.65197682381,-2.18849301338,-0.966486632824,-3.65197682381,-2.18849301338,-0.966486632824
1700,2,1164,108,10,1,2.125,0,52,1,1,1,1,,-2.96190524101,-2.11651420593,-1.65597760677,-3.65197682381,-2.18849301338,-0.966486632824
1701,1,1164,108,10,1,2.125,1,1,1,1,1,1,0,-4.59888076782,-3.33431959152,,-4.59888076782,-3.33431959152,
1701,2,1164,108,10,1,2.125,1,14,1,1,1,1,,-2.75020599365,-2.2480711937,-1.34775388241,-4.59888076782,-3.33431959152,
1702,1,1165,108,10,1,2.125,1,47,1,1,1,1,0,-2.76131105423,-2.98613595963,-2.18944597244,-2.76131105423,-2.98613595963,-2.18944597244
1702,2,1165,108,10,1,2.125,1,57,1,1,1,1,,-2.46875476837,-2.75593543053,-2.69190311432,-2.76131105423,-2.98613595963,-2.18944597244
1703,1,1165,108,10,1,2.125,0,47,1,0,0,,,,,,,,
1703,2,1165,108,10,1,2.125,0,57,1,1,0,,,,,-2.95972418785,,,
1704,1,1166,108,10,1,2.125,1,16,1,1,1,1,0,-0.789249122143,-0.916166186333,-0.864154577255,-0.789249122143,-0.916166186333,-0.864154577255
1704,2,1166,108,10,1,2.125,1,30,1,1,1,1,,-2.03381752968,-1.0960457325,-0.927432835102,-0.789249122143,-0.916166186333,-0.864154577255
1705,2,1167,108,10,1,2.125,1,12,1,0,0,,,,,,,,
1706,1,1168,109,9,0,29.8000011444,0,42,1,1,1,1,0,-1.96753978729,-0.0783358514309,-0.594813585281,-1.96753978729,-0.0783358514309,-0.594813585281
1706,2,1168,109,9,0,29.8000011444,0,56,1,1,1,1,,-1.61958873272,-0.26404696703,-0.211674705148,-1.96753978729,-0.0783358514309,-0.594813585281
1707,1,1168,109,9,0,29.8000011444,1,17,1,1,1,1,0,-0.937509596348,0.283451408148,0.395588636398,-0.937509596348,0.283451408148,0.395588636398
1707,2,1168,109,9,0,29.8000011444,1,30,1,1,1,1,,-0.617451429367,0.343046396971,1.18692588806,-0.937509596348,0.283451408148,0.395588636398
1708,1,1169,109,9,1,5,0,55,1,1,1,1,0,-2.49763989449,-1.64399075508,-1.54021453857,-2.49763989449,-1.64399075508,-1.54021453857
1708,2,1169,109,9,1,5,0,68,1,1,1,1,,-2.33893704414,-1.54181098938,,-2.49763989449,-1.64399075508,-1.54021453857
1709,1,1171,109,9,0,29.8000011444,0,72,1,0,0,,,,,,,,
1709,2,1171,109,9,0,29.8000011444,0,72,1,0,0,,,,,,,,
1710,1,1171,109,9,0,29.8000011444,1,21,1,1,1,1,0,-3.50987505913,-2.37554740906,-0.933882772923,-3.50987505913,-2.37554740906,-0.933882772923
1710,2,1171,109,9,0,29.8000011444,1,35,1,1,1,1,,-3.68071484566,-1.44932222366,0.418170392513,-3.50987505913,-2.37554740906,-0.933882772923
1711,1,1172,109,9,1,5,1,50,1,1,1,1,0,-1.23204290867,-0.485752284527,-0.241002038121,-1.23204290867,-0.485752284527,-0.241002038121
1711,2,1172,109,9,1,5,1,63,1,1,1,1,,-1.11503398418,-0.67503875494,,-1.23204290867,-0.485752284527,-0.241002038121
1712,2,1172,109,9,1,5,0,12,1,1,0,,,-1.4724111557,-1.11214077473,-0.630302846432,,,
1713,2,1173,109,9,0,29.8000011444,0,30,1,0,0,,,,,,,,
1714,1,1174,109,9,1,5,0,50,1,0,0,,,,,,,,
1714,2,1174,109,9,1,5,0,63,1,0,0,,,,,,,,
1715,1,1174,109,9,1,5,1,1,1,0,0,,,,,,,,
1715,2,1174,109,9,1,5,1,14,1,0,0,,,,,,,,
1716,1,1175,109,9,1,5,0,64,1,0,0,,,,,,,,
1716,2,1175,109,9,1,5,0,72,1,0,0,,,,,,,,
1717,1,1175,109,9,1,5,0,28,1,1,1,1,0,-0.580660700798,0.189893752337,-0.322111874819,-0.580660700798,0.189893752337,-0.322111874819
1717,2,1175,109,9,1,5,0,41,1,1,1,1,,-0.712481081486,0.281384974718,-0.326461076736,-0.580660700798,0.189893752337,-0.322111874819
1718,1,1175,109,9,1,5,0,4,1,1,1,1,0,0.655526697636,1.74831914902,1.1149559021,0.655526697636,1.74831914902,1.1149559021
1718,2,1175,109,9,1,5,0,18,1,1,1,1,,-1.9496421814,0.728049218655,1.75582993031,0.655526697636,1.74831914902,1.1149559021
1719,1,1176,109,9,1,5,0,14,1,1,1,1,0,-1.23105847836,-0.668356537819,-0.18338188529,-1.23105847836,-0.668356537819,-0.18338188529
1719,2,1176,109,9,1,5,0,28,1,1,1,1,,-0.778058946133,-0.373139441013,0.0990076586604,-1.23105847836,-0.668356537819,-0.18338188529
1720,1,1176,109,9,1,5,1,192,1,0,0,,,,,,,,
1720,2,1176,109,9,1,5,1,26,1,0,0,,,,,,,,
1721,1,1176,109,9,1,5,0,64,1,0,0,,,,,,,,
1721,2,1176,109,9,1,5,0,26,1,0,0,,,,,,,,
1722,2,1176,109,9,1,5,0,72,1,0,0,,,,,,,,
1723,1,1177,109,9,0,29.8000011444,0,35,1,1,1,1,0,-1.85048258305,-0.155733063817,-0.748561859131,-1.85048258305,-0.155733063817,-0.748561859131
1723,2,1177,109,9,0,29.8000011444,0,48,1,1,1,1,,-0.948317289352,-0.0186734385788,-0.0299863927066,-1.85048258305,-0.155733063817,-0.748561859131
1724,1,1177,109,9,0,29.8000011444,1,4,1,1,1,1,0,-0.665248334408,-0.879587769508,-0.617693066597,-0.665248334408,-0.879587769508,-0.617693066597
1724,2,1177,109,9,0,29.8000011444,1,17,1,1,1,1,,-2.56964182854,-1.61133086681,-0.545252144337,-0.665248334408,-0.879587769508,-0.617693066597
1725,1,1178,109,9,1,5,0,65,1,0,0,,,,,,,,
1725,2,1178,109,9,1,5,0,72,1,0,0,,,,,,,,
1726,1,1178,109,9,1,5,0,8,1,1,1,1,0,-2.04006052017,-1.55899775028,-0.890504539013,-2.04006052017,-1.55899775028,-0.890504539013
1726,2,1178,109,9,1,5,0,21,1,1,1,1,,-3.02169466019,-1.78980004787,-0.518587768078,-2.04006052017,-1.55899775028,-0.890504539013
1727,1,1179,109,9,1,5,0,56,1,1,1,1,0,-1.43022084236,-1.00501656532,-1.47434806824,-1.43022084236,-1.00501656532,-1.47434806824
1727,2,1179,109,9,1,5,0,71,1,1,1,1,,-1.52251410484,-1.12490022182,,-1.43022084236,-1.00501656532,-1.47434806824
1728,1,1179,109,9,1,5,1,22,1,1,1,1,0,-0.369848400354,-0.377672463655,-0.455187648535,-0.369848400354,-0.377672463655,-0.455187648535
1728,2,1179,109,9,1,5,1,35,1,1,1,1,,-0.439270317554,-0.493584543467,-0.793300151825,-0.369848400354,-0.377672463655,-0.455187648535
1729,1,1180,110,10,1,2.625,0,13,1,1,1,1,0,-1.98622357845,-1.40629935265,-0.519105434418,-1.98622357845,-1.40629935265,-0.519105434418
1729,2,1180,110,10,1,2.625,0,26,1,1,1,1,,-1.63947200775,-1.42249321938,-0.358942985535,-1.98622357845,-1.40629935265,-0.519105434418
1730,2,1181,110,10,0,28.5,1,2,1,0,0,,,,,,,,
1731,1,1182,110,10,1,2.625,0,53,1,1,1,1,0,-1.37356114388,-1.36583864689,-1.85226774216,-1.37356114388,-1.36583864689,-1.85226774216
1731,2,1182,110,10,1,2.625,0,66,1,1,1,1,,-0.845195531845,-1.06773078442,,-1.37356114388,-1.36583864689,-1.85226774216
1732,1,1184,110,10,0,28.5,1,28,1,1,1,1,0,-1.27078962326,-1.1112651825,-0.909652233124,-1.27078962326,-1.1112651825,-0.909652233124
1732,2,1184,110,10,0,28.5,1,42,1,1,1,1,,-1.25309085846,-0.640285849571,-0.837218225002,-1.27078962326,-1.1112651825,-0.909652233124
1733,1,1185,110,10,1,2.625,0,20,1,1,1,1,0,-3.14490294456,-1.80110514164,-0.933793962002,-3.14490294456,-1.80110514164,-0.933793962002
1733,2,1185,110,10,1,2.625,0,33,1,1,1,1,,-2.92524266243,-0.54510974884,0.460771977901,-3.14490294456,-1.80110514164,-0.933793962002
1734,1,1187,110,10,1,2.625,0,32,1,1,1,1,0,-2.29944491386,-1.31243169308,0.418657004833,-2.29944491386,-1.31243169308,0.418657004833
1734,2,1187,110,10,1,2.625,0,47,1,1,1,1,,-2.04787659645,-1.2303930521,0.752350330353,-2.29944491386,-1.31243169308,0.418657004833
1735,1,1188,110,10,1,2.625,0,25,1,1,1,1,0,-1.65983617306,-0.820873320103,-0.180645793676,-1.65983617306,-0.820873320103,-0.180645793676
1735,2,1188,110,10,1,2.625,0,38,1,1,1,1,,-1.90248024464,-0.798051834106,-0.535194694996,-1.65983617306,-0.820873320103,-0.180645793676
1736,1,1189,110,10,1,2.625,0,53,1,1,1,1,0,-0.654096186161,0.38135138154,0.498004347086,-0.654096186161,0.38135138154,0.498004347086
1736,2,1189,110,10,1,2.625,0,63,1,1,1,1,,-0.608928203583,-0.0842924788594,,-0.654096186161,0.38135138154,0.498004347086
1737,1,1189,110,10,1,2.625,1,39,1,1,1,1,0,-2.57395577431,-1.65012991428,-1.01901710033,-2.57395577431,-1.65012991428,-1.01901710033
1737,2,1189,110,10,1,2.625,1,52,1,1,1,1,,-2.6117401123,-1.74284005165,-1.06864356995,-2.57395577431,-1.65012991428,-1.01901710033
1738,2,1190,110,10,1,2.625,0,20,1,0,0,,,,,,,,
1739,1,1191,110,10,1,2.625,1,49,1,1,1,1,0,-0.23464949429,0.16863308847,0.273922145367,-0.23464949429,0.16863308847,0.273922145367
1739,2,1191,110,10,1,2.625,1,62,1,1,1,1,,-0.255061924458,0.0813714787364,,-0.23464949429,0.16863308847,0.273922145367
1740,1,1191,110,10,1,2.625,0,23,1,1,1,1,0,-0.601312816143,0.38060644269,-0.082801386714,-0.601312816143,0.38060644269,-0.082801386714
1740,2,1191,110,10,1,2.625,0,37,1,1,1,1,,-1.03501784801,0.249987974763,0.370960503817,-0.601312816143,0.38060644269,-0.082801386714
1741,2,1191,110,10,1,2.625,1,7,1,1,0,,,0.804498910904,-0.0454826503992,-0.175299242139,,,
1742,1,1193,111,9,1,2.375,1,43,1,1,1,1,0,-1.99169814587,-0.619704186916,-1.15003800392,-1.99169814587,-0.619704186916,-1.15003800392
1742,2,1193,111,9,1,2.375,1,55,1,1,1,1,,-1.15440380573,-0.310471743345,-0.68518358469,-1.99169814587,-0.619704186916,-1.15003800392
1743,2,1193,111,9,1,2.375,1,12,1,0,0,,,,,,,,
1744,1,1194,111,9,1,2.375,0,4,1,1,1,1,0,0.583437144756,0.0474705584347,,0.583437144756,0.0474705584347,
1744,2,1194,111,9,1,2.375,0,17,1,1,1,1,,-1.34391021729,-0.892682135105,-0.318592995405,0.583437144756,0.0474705584347,
1745,1,1195,111,9,1,2.375,1,55,1,1,1,1,0,-2.20395946503,-1.97760844231,-1.57659769058,-2.20395946503,-1.97760844231,-1.57659769058
1745,2,1195,111,9,1,2.375,1,70,1,1,1,1,,-2.04743695259,-2.19840073586,,-2.20395946503,-1.97760844231,-1.57659769058
1746,1,1195,111,9,1,2.375,0,13,1,1,1,1,0,-1.4297555685,-2.32673311234,-1.46742916107,-1.4297555685,-2.32673311234,-1.46742916107
1746,2,1195,111,9,1,2.375,0,25,1,1,1,1,,-1.9968111515,-1.91182982922,-1.12006998062,-1.4297555685,-2.32673311234,-1.46742916107
1747,1,1196,111,9,1,2.375,0,57,1,1,1,1,0,-2.41347241402,-1.19637346268,-0.532088637352,-2.41347241402,-1.19637346268,-0.532088637352
1747,2,1196,111,9,1,2.375,0,69,1,1,1,1,,-2.05720543861,-1.51653540134,,-2.41347241402,-1.19637346268,-0.532088637352
1748,1,1196,111,9,1,2.375,0,20,1,1,1,1,0,-2.89614081383,-0.292594850063,0.477549314499,-2.89614081383,-0.292594850063,0.477549314499
1748,2,1196,111,9,1,2.375,0,33,1,1,1,1,,-3.02348852158,-0.461325287819,0.7675101161,-2.89614081383,-0.292594850063,0.477549314499
1749,2,1196,111,9,1,2.375,0,8,1,1,0,,,,1.38264620304,0.216383069754,,,
1750,1,1197,111,9,1,2.375,0,56,1,1,1,1,0,-1.61958873272,0.643006920815,0.218333393335,-1.61958873272,0.643006920815,0.218333393335
1750,2,1197,111,9,1,2.375,0,70,1,1,1,1,,-1.75762808323,0.367007523775,,-1.61958873272,0.643006920815,0.218333393335
1751,1,1197,111,9,1,2.375,1,7,1,1,1,1,0,1.15001618862,0.811186373234,-0.175300076604,1.15001618862,0.811186373234,-0.175300076604
1751,2,1197,111,9,1,2.375,1,20,1,1,1,1,,-1.41179990768,0.123489908874,0.4951633811,1.15001618862,0.811186373234,-0.175300076604
1752,1,1198,111,9,1,2.375,1,288,1,0,0,,,,,,,,
1752,2,1198,111,9,1,2.375,1,51,1,1,0,,,-2.60676002502,-1.51019990444,-1.19122505188,,,
1753,1,1198,111,9,1,2.375,1,168,1,0,0,,,,,,,,
1753,2,1198,111,9,1,2.375,1,25,1,1,0,,,-0.713904082775,-0.506946027279,-1.08628308773,,,
1754,1,1198,111,9,1,2.375,0,432,1,0,0,,,,,,,,
1754,2,1198,111,9,1,2.375,0,71,1,1,0,,,-2.64577865601,-2.1704852581,,,,
1755,1,1199,111,9,1,2.375,1,4,1,1,1,1,0,-1.4737663269,-2.35115814209,,-1.4737663269,-2.35115814209,
1755,2,1199,111,9,1,2.375,1,17,1,1,1,1,,-3.79812788963,-2.46917796135,-2.72248935699,-1.4737663269,-2.35115814209,
1756,1,1199,111,9,1,2.375,0,732,1,0,0,,,,,,,,
1756,2,1199,111,9,1,2.375,0,72,1,0,0,,,,,,,,
1757,1,1199,111,9,1,2.375,1,444,1,0,0,,,,,,,,
1757,2,1199,111,9,1,2.375,1,72,1,0,0,,,,,,,,
1758,1,1199,111,9,1,2.375,1,324,1,0,0,,,,,,,,
1758,2,1199,111,9,1,2.375,1,39,1,1,0,,,-4.47712230682,-2.74444437027,-2.62253141403,,,
1759,1,1200,111,9,0,36.75,0,53,1,0,0,,,,,,,,
1759,2,1200,111,9,0,36.75,0,69,1,0,0,,,,,,,,
1760,1,1200,111,9,0,36.75,1,8,1,1,1,1,0,-2.41007137299,-3.28624773026,-1.96954321861,-2.41007137299,-3.28624773026,-1.96954321861
1760,2,1200,111,9,0,36.75,1,22,1,1,1,1,,-4.47712230682,,-2.95972418785,-2.41007137299,-3.28624773026,-1.96954321861
1761,1,1202,111,9,0,36.75,0,48,1,1,1,1,0,-3.17766475677,-1.85717487335,-1.31592309475,-3.17766475677,-1.85717487335,-1.31592309475
1761,2,1202,111,9,0,36.75,0,61,1,1,1,1,,-3.07414746284,-2.15223789215,,-3.17766475677,-1.85717487335,-1.31592309475
1762,1,1203,111,9,1,2.375,0,11,1,1,1,1,0,0.197994872928,0.775305092335,1.18911969662,0.197994872928,0.775305092335,1.18911969662
1762,2,1203,111,9,1,2.375,0,23,1,1,1,1,,0.0530852600932,0.80683362484,0.830408871174,0.197994872928,0.775305092335,1.18911969662
1763,1,1204,112,10,1,2.75,1,51,1,1,1,1,0,-1.54403066635,-1.48220157623,-1.62395143509,-1.54403066635,-1.48220157623,-1.62395143509
1763,2,1204,112,10,1,2.75,1,63,1,1,1,1,,-1.07369959354,-1.58038580418,,-1.54403066635,-1.48220157623,-1.62395143509
1764,1,1204,112,10,1,2.75,1,3,1,1,1,1,0,-0.927716076374,-0.605696976185,0.429005563259,-0.927716076374,-0.605696976185,0.429005563259
1764,2,1204,112,10,1,2.75,1,16,1,1,1,1,,-1.07553446293,-0.169848889112,0.953953146935,-0.927716076374,-0.605696976185,0.429005563259
1765,1,1205,112,10,1,2.75,0,300,1,0,0,,,,,,,,
1765,2,1205,112,10,1,2.75,0,38,1,1,0,,,-2.90310549736,-1.6067186594,-0.916604042053,,,
1766,2,1205,112,10,1,2.75,0,1,1,0,0,,,,,,,,
1767,1,1206,112,10,0,14.75,1,23,1,0,0,,,,,,,,
1767,2,1206,112,10,0,14.75,1,1,1,0,0,,,,,,,,
1768,2,1207,112,10,0,14.75,0,1,1,0,0,,,,,,,,
1769,1,1208,112,10,1,2.75,1,336,1,0,0,,,,,,,,
1769,2,1208,112,10,1,2.75,1,41,1,1,0,,,-2.57267069817,-2.12956809998,-1.00470888615,,,
1770,1,1209,112,10,1,2.75,0,28,1,0,0,,,,,,,,
1770,2,1209,112,10,1,2.75,0,41,1,1,0,,,-2.36887669563,-1.40223526955,-1.51879358292,,,
1771,2,1210,112,10,1,2.75,1,17,1,0,0,,,,,,,,
1772,1,1211,112,10,1,2.75,1,12,1,1,1,1,0,0.0330095849931,-0.420957773924,-0.618792951107,0.0330095849931,-0.420957773924,-0.618792951107
1772,2,1211,112,10,1,2.75,1,26,1,1,1,1,,-1.21509170532,-1.06135630608,-1.01297569275,0.0330095849931,-0.420957773924,-0.618792951107
1773,1,1212,112,10,1,2.75,1,38,1,1,1,1,0,-2.44302272797,-1.14082729816,-1.40673470497,-2.44302272797,-1.14082729816,-1.40673470497
1773,2,1212,112,10,1,2.75,1,52,1,1,1,1,,-2.46601295471,-0.953696906567,-0.554671883583,-2.44302272797,-1.14082729816,-1.40673470497
1774,1,1215,112,10,1,2.75,1,10,1,1,1,1,0,-1.30971777439,0,-0.632922589779,-1.30971777439,0,-0.632922589779
1774,2,1215,112,10,1,2.75,1,23,1,1,1,1,,-2.02296876907,0.615112602711,0.443839848042,-1.30971777439,0,-0.632922589779
1775,1,1216,113,10,0,15.7499990463,1,55,1,1,1,1,0,-0.673355937004,-0.724859118462,-1.12042915821,-0.673355937004,-0.724859118462,-1.12042915821
1775,2,1216,113,10,0,15.7499990463,1,67,1,1,1,1,,-0.297382265329,-0.516711831093,,-0.673355937004,-0.724859118462,-1.12042915821
1776,1,1216,113,10,0,15.7499990463,0,27,1,1,1,1,0,-0.809730470181,-0.0679849684238,0.55206567049,-0.809730470181,-0.0679849684238,0.55206567049
1776,2,1216,113,10,0,15.7499990463,0,39,1,1,1,1,,-0.600718736649,0.303070634604,-0.194357097149,-0.809730470181,-0.0679849684238,0.55206567049
1777,2,1217,113,10,1,2.75,0,11,1,1,0,,,-1.4548381567,-0.0509841814637,1.39385962486,,,
1778,1,1219,113,10,0,15.7499990463,0,63,1,0,0,,,,,,,,
1778,2,1219,113,10,0,15.7499990463,0,72,1,0,0,,,,,,,,
1779,1,1219,113,10,0,15.7499990463,0,38,1,1,1,1,0,-0.546367764473,-0.494664341211,0.148941010237,-0.546367764473,-0.494664341211,0.148941010237
1779,2,1219,113,10,0,15.7499990463,0,52,1,1,1,1,,-0.831386744976,0.0301242358983,-0.196584194899,-0.546367764473,-0.494664341211,0.148941010237
1780,1,1220,113,10,1,2.75,0,31,1,1,1,1,0,0.791214346886,1.28318679333,0.919454753399,0.791214346886,1.28318679333,0.919454753399
1780,2,1220,113,10,1,2.75,0,44,1,1,1,1,,1.15755546093,1.26506328583,-0.281217157841,0.791214346886,1.28318679333,0.919454753399
1781,1,1221,113,10,1,2.75,0,13,1,1,1,1,0,-1.90378189087,-1.06979513168,0.197212398052,-1.90378189087,-1.06979513168,0.197212398052
1781,2,1221,113,10,1,2.75,0,25,1,1,1,1,,-1.4993724823,-1.00917482376,0.324883759022,-1.90378189087,-1.06979513168,0.197212398052
1782,1,1222,113,10,1,2.75,0,13,1,1,1,1,0,-1.94500434399,-1.17369151115,1.53228199482,-1.94500434399,-1.17369151115,1.53228199482
1782,2,1222,113,10,1,2.75,0,26,1,1,1,1,,-2.31648421288,-1.30087971687,0.994568049908,-1.94500434399,-1.17369151115,1.53228199482
1783,1,1222,113,10,1,2.75,0,13,1,1,1,1,0,-1.28548336029,-0.967008650303,0.284321814775,-1.28548336029,-0.967008650303,0.284321814775
1783,2,1222,113,10,1,2.75,0,26,1,1,1,1,,-1.21437203884,-1.25271856785,0.109693981707,-1.28548336029,-0.967008650303,0.284321814775
1784,2,1223,113,10,0,15.7499990463,0,9,1,0,0,,,,,,,,
1785,1,1224,113,10,1,2.75,0,20,1,1,1,1,0,-3.30481934547,-2.84932541847,-1.60366952419,-3.30481934547,-2.84932541847,-1.60366952419
1785,2,1224,113,10,1,2.75,0,33,1,1,1,1,,-4.18841218948,-2.56962752342,-2.67028284073,-3.30481934547,-2.84932541847,-1.60366952419
1786,1,1225,113,10,1,2.75,0,13,1,1,1,1,0,-1.20304489136,-2.81011009216,-2.58841896057,-1.20304489136,-2.81011009216,-2.58841896057
1786,2,1225,113,10,1,2.75,0,28,1,1,1,1,,-1.53729236126,-2.0841050148,-2.43257141113,-1.20304489136,-2.81011009216,-2.58841896057
1787,1,1226,113,10,1,2.75,0,35,1,1,1,1,0,-2.84762835503,-2.28925466537,-1.46064662933,-2.84762835503,-2.28925466537,-1.46064662933
1787,2,1226,113,10,1,2.75,0,48,1,1,1,1,,-2.49813008308,-2.13612556458,-1.2302134037,-2.84762835503,-2.28925466537,-1.46064662933
1788,1,1227,113,10,1,2.75,1,60,1,0,0,,,,,,,,
1788,2,1227,113,10,1,2.75,1,72,1,0,0,,,,,,,,
1789,1,1227,113,10,1,2.75,0,26,1,0,0,,,,,,,,
1789,2,1227,113,10,1,2.75,0,39,1,1,0,,,-3.26935982704,-1.02512907982,-1.4721570015,,,
1790,1,1230,114,10,1,4.875,1,34,1,1,1,1,0,-1.81368398666,-2.20755410194,-2.18039894104,-1.81368398666,-2.20755410194,-2.18039894104
1790,2,1230,114,10,1,4.875,1,47,1,1,1,1,,-1.70701622963,-1.84121143818,-1.93011033535,-1.81368398666,-2.20755410194,-2.18039894104
1791,1,1231,114,10,1,4.875,0,46,1,1,1,1,0,-2.09818673134,-0.681417167187,-0.851648569107,-2.09818673134,-0.681417167187,-0.851648569107
1791,2,1231,114,10,1,4.875,0,59,1,1,1,1,,-2.20044612885,-1.05060589314,-0.96088796854,-2.09818673134,-0.681417167187,-0.851648569107
1792,1,1232,114,10,1,4.875,1,14,1,1,1,1,0,-4.48266124725,-2.90368676186,-1.34775388241,-4.48266124725,-2.90368676186,-1.34775388241
1792,2,1232,114,10,1,4.875,1,28,1,1,1,1,,-4.42998123169,-3.39008045197,-2.01985311508,-4.48266124725,-2.90368676186,-1.34775388241
1793,2,1233,114,10,0,29,0,14,1,0,0,,,,,,,,
1794,1,1234,114,10,1,4.875,1,39,1,1,1,1,0,-1.91386818886,-0.799380719662,-1.01901710033,-1.91386818886,-0.799380719662,-1.01901710033
1794,2,1234,114,10,1,4.875,1,52,1,1,1,1,,-2.25302815437,-0.820219516754,-0.735080659389,-1.91386818886,-0.799380719662,-1.01901710033
1795,2,1234,114,10,1,4.875,0,11,1,1,0,,,-0.48889502883,-0.491523981094,1.75571465492,,,
1796,1,1235,114,10,1,4.875,0,61,1,0,0,,,,,,,,
1796,2,1235,114,10,1,4.875,0,72,1,0,0,,,,,,,,
1797,1,1235,114,10,1,4.875,1,1,1,1,1,1,0,-4.7622551918,-3.8929309845,,-4.7622551918,-3.8929309845,
1797,2,1235,114,10,1,4.875,1,13,1,1,1,1,,-1.83205926418,-1.67261552811,-0.210927098989,-4.7622551918,-3.8929309845,
1798,1,1236,114,10,1,4.875,0,31,1,1,1,1,0,-0.740970909595,-0.107107408345,-0.191777735949,-0.740970909595,-0.107107408345,-0.191777735949
1798,2,1236,114,10,1,4.875,0,44,1,1,1,1,,-0.800638735294,-0.3027780056,-0.480090945959,-0.740970909595,-0.107107408345,-0.191777735949
1799,1,1236,114,10,1,4.875,0,13,1,1,1,1,0,-1.67707431316,-0.724711060524,-0.246329411864,-1.67707431316,-0.724711060524,-0.246329411864
1799,2,1236,114,10,1,4.875,0,26,1,1,1,1,,-1.67096042633,-0.214378267527,0.759762763977,-1.67707431316,-0.724711060524,-0.246329411864
1800,1,1237,114,10,1,4.875,0,49,1,1,1,1,0,-2.39604973793,-0.968379259109,-0.672653436661,-2.39604973793,-0.968379259109,-0.672653436661
1800,2,1237,114,10,1,4.875,0,62,1,1,1,1,,-2.4662733078,-1.6601139307,,-2.39604973793,-0.968379259109,-0.672653436661
1801,1,1239,114,10,1,4.875,1,23,1,1,1,1,0,-1.51881849766,-0.592925786972,-0.087613850832,-1.51881849766,-0.592925786972,-0.087613850832
1801,2,1239,114,10,1,4.875,1,36,1,1,1,1,,-1.82561254501,-0.107328109443,-0.111622363329,-1.51881849766,-0.592925786972,-0.087613850832
1802,1,1239,114,10,1,4.875,0,23,1,1,1,0,1,,-3.8929309845,-1.35262274742,,-3.8929309845,-1.35262274742
1802,2,1239,114,10,1,4.875,0,36,1,0,1,0,,,,,,-3.8929309845,-1.35262274742
1803,1,1240,115,9,1,3.625,0,36,1,0,0,,,,,,,,
1803,2,1240,115,9,1,3.625,0,49,1,0,0,,,,,,,,
1804,1,1240,115,9,1,3.625,0,17,1,0,0,,,,,,,,
1804,2,1240,115,9,1,3.625,0,30,1,0,0,,,,,,,,
1805,2,1240,115,9,1,3.625,0,11,1,1,0,,,-0.252778381109,0.123724609613,-0.0552382878959,,,
1806,1,1241,115,9,1,3.625,1,52,1,1,1,1,0,-2.4323849678,-2.13646221161,-2.22932958603,-2.4323849678,-2.13646221161,-2.22932958603
1806,2,1241,115,9,1,3.625,1,65,1,1,1,1,,-2.15605163574,-2.04870533943,,-2.4323849678,-2.13646221161,-2.22932958603
1807,1,1241,115,9,1,3.625,1,11,1,1,1,1,0,-1.89266395569,-0.919192612171,-0.142672911286,-1.89266395569,-0.919192612171,-0.142672911286
1807,2,1241,115,9,1,3.625,1,24,1,1,1,1,,-2.14339852333,-1.08482646942,-1.06918537617,-1.89266395569,-0.919192612171,-0.142672911286
1808,1,1243,115,9,1,3.625,1,34,1,0,0,,,,,,,,
1809,1,1243,115,9,1,3.625,1,11,1,0,0,,,,,,,,
1810,1,1246,115,9,1,3.625,1,20,1,1,1,1,0,-2.82240462303,-2.36929512024,-1.44228208065,-2.82240462303,-2.36929512024,-1.44228208065
1810,2,1246,115,9,1,3.625,1,34,1,1,1,1,,-2.66077303886,-2.9341480732,-2.95972418785,-2.82240462303,-2.36929512024,-1.44228208065
1811,1,1247,115,9,1,3.625,1,19,1,1,1,1,0,-2.00060844421,0.000544467417058,0.940093696117,-2.00060844421,0.000544467417058,0.940093696117
1811,2,1247,115,9,1,3.625,1,33,1,1,1,1,,-2.57979059219,,-0.59246557951,-2.00060844421,0.000544467417058,0.940093696117
1812,1,1248,115,9,0,36.75,1,62,1,0,0,,,,,,,,
1812,2,1248,115,9,0,36.75,1,72,1,0,0,,,,,,,,
1813,1,1248,115,9,0,36.75,1,32,1,1,1,1,0,-2.81053566933,-1.98962163925,-1.63970184326,-2.81053566933,-1.98962163925,-1.63970184326
1813,2,1248,115,9,0,36.75,1,45,1,1,1,1,,-2.51264286041,-1.70521342754,-1.57999813557,-2.81053566933,-1.98962163925,-1.63970184326
1814,2,1248,115,9,0,36.75,0,1,1,0,0,,,,,,,,
1815,1,1249,115,9,1,3.625,0,15,1,1,1,1,0,-2.38936877251,-1.517162323,-0.48213788867,-2.38936877251,-1.517162323,-0.48213788867
1815,2,1249,115,9,1,3.625,0,28,1,1,1,1,,-2.8735396862,-0.69124186039,0.222400173545,-2.38936877251,-1.517162323,-0.48213788867
1816,2,1249,115,9,1,3.625,1,8,1,1,0,,,-2.60034704208,-1.91042172909,-1.31756234169,,,
1817,1,1250,115,9,1,3.625,1,45,1,1,1,1,0,-2.5603954792,-1.71158540249,-0.894033789635,-2.5603954792,-1.71158540249,-0.894033789635
1817,2,1250,115,9,1,3.625,1,59,1,1,1,1,,-3.27254986763,-2.37954378128,-0.427886456251,-2.5603954792,-1.71158540249,-0.894033789635
1818,1,1250,115,9,1,3.625,0,23,1,1,1,1,0,-2.31743907928,-1.02281618118,-0.169288262725,-2.31743907928,-1.02281618118,-0.169288262725
1818,2,1250,115,9,1,3.625,0,35,1,1,1,1,,-1.89146161079,-0.744267225266,-0.190621301532,-2.31743907928,-1.02281618118,-0.169288262725
1819,2,1250,115,9,1,3.625,1,3,1,0,0,,,,,,,,
1820,1,1251,115,9,1,3.625,0,72,1,0,0,,,,,,,,
1820,2,1251,115,9,1,3.625,0,72,1,0,0,,,,,,,,
1821,1,1251,115,9,1,3.625,0,31,1,1,1,1,0,-1.5793364048,-1.1566234827,-1.80535280704,-1.5793364048,-1.1566234827,-1.80535280704
1821,2,1251,115,9,1,3.625,0,44,1,1,1,1,,-1.2581628561,-1.12145400047,-1.951207757,-1.5793364048,-1.1566234827,-1.80535280704
1822,1,1252,116,10,1,3.74999976158,1,36,1,1,1,1,0,-1.98318505287,-0.705660820007,-1.3385361433,-1.98318505287,-0.705660820007,-1.3385361433
1822,2,1252,116,10,1,3.74999976158,1,49,1,1,1,1,,-1.70739483833,-0.225417658687,-0.939870774746,-1.98318505287,-0.705660820007,-1.3385361433
1823,1,1253,116,10,1,3.74999976158,1,42,1,1,1,1,0,-1.62202298641,-1.23364055157,-1.70585680008,-1.62202298641,-1.23364055157,-1.70585680008
1823,2,1253,116,10,1,3.74999976158,1,56,1,1,1,1,,-1.35090219975,-0.717188298702,-0.751144886017,-1.62202298641,-1.23364055157,-1.70585680008
1824,1,1253,116,10,1,3.74999976158,1,16,1,1,1,1,0,-1.88070893288,-1.91966032982,-1.83050990105,-1.88070893288,-1.91966032982,-1.83050990105
1824,2,1253,116,10,1,3.74999976158,1,29,1,1,1,1,,-1.68034398556,-1.63620626926,-1.87994480133,-1.88070893288,-1.91966032982,-1.83050990105
1825,1,1254,116,10,0,34.5,0,60,1,0,0,,,,,,,,
1825,2,1254,116,10,0,34.5,0,72,1,0,0,,,,,,,,
1826,1,1255,116,10,0,34.5,1,60,1,1,1,1,0,-1.23476028442,-1.18713486195,-0.694323718548,-1.23476028442,-1.18713486195,-0.694323718548
1826,2,1255,116,10,0,34.5,1,73,1,1,1,1,,-0.952399015427,-1.11449372768,,-1.23476028442,-1.18713486195,-0.694323718548
1827,1,1255,116,10,0,34.5,0,11,1,1,1,1,0,-0.274241745472,1.18136000633,1.59592986107,-0.274241745472,1.18136000633,1.59592986107
1827,2,1255,116,10,0,34.5,0,24,1,1,1,1,,-1.05267596245,0.468529552221,0.619761526585,-0.274241745472,1.18136000633,1.59592986107
1828,1,1255,116,10,0,34.5,0,11,1,1,1,1,0,-0.338638365269,0.829216957092,1.18911969662,-0.338638365269,0.829216957092,1.18911969662
1828,2,1255,116,10,0,34.5,0,24,1,1,1,1,,-1.08540701866,0.522932052612,0.660165905952,-0.338638365269,0.829216957092,1.18911969662
1829,1,1257,116,10,1,3.74999976158,1,42,1,1,1,1,0,-0.453737974167,-0.282936543226,-1.1839556694,-0.453737974167,-0.282936543226,-1.1839556694
1829,2,1257,116,10,1,3.74999976158,1,52,1,1,1,1,,0.168281584978,-0.442956387997,-0.956161260605,-0.453737974167,-0.282936543226,-1.1839556694
1830,1,1257,116,10,1,3.74999976158,1,13,1,0,0,,,,,,,,
1830,2,1257,116,10,1,3.74999976158,1,26,1,0,0,,,,,,,,
1831,1,1257,116,10,1,3.74999976158,1,31,1,1,1,1,0,-4.7622551918,-3.8929309845,-2.26255655289,-4.7622551918,-3.8929309845,-2.26255655289
1831,2,1257,116,10,1,3.74999976158,1,46,1,1,1,1,,-3.98161005974,-3.25439286232,-2.52188873291,-4.7622551918,-3.8929309845,-2.26255655289
1832,2,1257,116,10,1,3.74999976158,1,45,1,1,0,,,-1.46210634708,-0.669142007828,-0.216051980853,,,
1833,1,1258,116,10,1,3.74999976158,0,37,1,1,1,1,0,0.230870351195,,-1.06491708755,0.230870351195,,-1.06491708755
1833,2,1258,116,10,1,3.74999976158,0,50,1,1,1,1,,0.12950630486,0.0781693309546,-0.418742507696,0.230870351195,,-1.06491708755
1834,1,1259,116,10,1,3.74999976158,0,52,1,0,0,,,,,,,,
1834,2,1259,116,10,1,3.74999976158,0,72,1,0,0,,,,,,,,
1835,1,1259,116,10,1,3.74999976158,0,26,1,1,1,1,0,-4.7622551918,-1.43066239357,-1.12172687054,-4.7622551918,-1.43066239357,-1.12172687054
1835,2,1259,116,10,1,3.74999976158,0,39,1,1,1,1,,-3.12616348267,-0.597494661808,0.68718034029,-4.7622551918,-1.43066239357,-1.12172687054
1836,1,1260,116,10,1,3.74999976158,1,27,1,1,1,1,0,-4.0615272522,-2.63178634644,-2.77392196655,-4.0615272522,-2.63178634644,-2.77392196655
1836,2,1260,116,10,1,3.74999976158,1,41,1,1,1,1,,-4.47712230682,-2.48953056335,-1.80682110786,-4.0615272522,-2.63178634644,-2.77392196655
1837,1,1260,116,10,1,3.74999976158,0,5,1,1,1,1,0,0.330281287432,-0.280717253685,-0.923204183578,0.330281287432,-0.280717253685,-0.923204183578
1837,2,1260,116,10,1,3.74999976158,0,18,1,1,1,1,,-0.0959111228585,-1.67145586014,-2.0751183033,0.330281287432,-0.280717253685,-0.923204183578
1838,1,1261,116,10,1,3.74999976158,1,51,1,1,1,1,0,-1.679697752,-1.91133499146,-1.78620624542,-1.679697752,-1.91133499146,-1.78620624542
1838,2,1261,116,10,1,3.74999976158,1,64,1,1,1,1,,-1.25427615643,-1.53956234455,,-1.679697752,-1.91133499146,-1.78620624542
1839,2,1261,116,10,1,3.74999976158,0,11,1,1,0,,,-3.94481444359,-2.33341598511,-1.41028821468,,,
1840,1,1262,116,10,0,34.5,1,33,1,1,1,1,0,-1.65395307541,-0.299138695002,0.0856751576066,-1.65395307541,-0.299138695002,0.0856751576066
1840,2,1262,116,10,0,34.5,1,46,1,1,1,1,,-1.58086788654,-0.811679065228,-0.249809071422,-1.65395307541,-0.299138695002,0.0856751576066
1841,2,1262,116,10,0,34.5,0,10,1,0,0,,,,,,,,
1842,2,1263,116,10,1,3.74999976158,0,10,1,1,0,,,-0.5607213974,-1.92253732681,-1.9228553772,,,
1843,1,1264,117,11,1,1.5,0,17,1,1,1,1,0,-2.91553068161,-2.09773993492,-2.19223093987,-2.91553068161,-2.09773993492,-2.19223093987
1843,2,1264,117,11,1,1.5,0,30,1,1,1,1,,-4.09161090851,-2.03313231468,-1.11243450642,-2.91553068161,-2.09773993492,-2.19223093987
1844,1,1265,117,11,1,1.5,0,37,1,1,1,1,0,-2.75396466255,-0.762269020081,-0.383904397488,-2.75396466255,-0.762269020081,-0.383904397488
1844,2,1265,117,11,1,1.5,0,50,1,1,1,1,,-2.07307696342,-0.956961989403,-0.457587003708,-2.75396466255,-0.762269020081,-0.383904397488
1845,1,1265,117,11,1,1.5,0,10,1,1,1,1,0,0.139525055885,-0.0854211375117,0.376883506775,0.139525055885,-0.0854211375117,0.376883506775
1845,2,1265,117,11,1,1.5,0,23,1,1,1,1,,-1.81662392616,0.0576567798853,1.26271188259,0.139525055885,-0.0854211375117,0.376883506775
1846,1,1266,117,11,1,1.5,0,35,1,1,1,1,0,-1.50899446011,-0.367437422276,0.393783837557,-1.50899446011,-0.367437422276,0.393783837557
1846,2,1266,117,11,1,1.5,0,48,1,1,1,1,,-1.24636006355,-0.511333048344,0.481189906597,-1.50899446011,-0.367437422276,0.393783837557
1847,1,1267,117,11,0,46.75,0,72,1,0,0,,,,,,,,
1847,2,1267,117,11,0,46.75,0,72,1,0,0,,,,,,,,
1848,1,1267,117,11,0,46.75,0,15,1,1,1,1,0,1.12801337242,1.53384172916,1.75709688663,1.12801337242,1.53384172916,1.75709688663
1848,2,1267,117,11,0,46.75,0,28,1,1,1,1,,-0.276968300343,0.0986688286066,1.08888840675,1.12801337242,1.53384172916,1.75709688663
1849,1,1268,117,11,0,46.75,1,72,1,0,0,,,,,,,,
1849,2,1268,117,11,0,46.75,1,54,1,1,0,,,0.722079694271,0.799920916557,-0.37346509099,,,
1850,1,1270,117,11,0,46.75,0,29,1,1,1,1,0,-3.41271901131,-0.875373661518,0.851928532124,-3.41271901131,-0.875373661518,0.851928532124
1850,2,1270,117,11,0,46.75,0,41,1,1,1,1,,-3.37545490265,-1.01430547237,0.774654388428,-3.41271901131,-0.875373661518,0.851928532124
1851,1,1271,117,11,1,1.5,0,67,1,0,0,,,,,,,,
1851,2,1271,117,11,1,1.5,0,72,1,0,0,,,,,,,,
1852,1,1271,117,11,1,1.5,1,20,1,1,1,1,0,-1.54456079006,-0.696950614452,-0.517388105392,-1.54456079006,-0.696950614452,-0.517388105392
1852,2,1271,117,11,1,1.5,1,33,1,1,1,1,,-2.0351805687,-0.75703972578,-0.59246557951,-1.54456079006,-0.696950614452,-0.517388105392
1853,1,1272,117,11,1,1.5,0,20,1,1,1,1,0,-2.55853819847,-1.6110240221,-1.40868413448,-2.55853819847,-1.6110240221,-1.40868413448
1853,2,1272,117,11,1,1.5,0,34,1,1,1,1,,-2.4648976326,-1.32671225071,-1.20400333405,-2.55853819847,-1.6110240221,-1.40868413448
1854,2,1272,117,11,1,1.5,0,9,1,1,0,,,-2.01434135437,-1.45407521725,-0.478142827749,,,
1855,1,1273,117,11,1,1.5,0,28,1,1,1,1,0,-4.31607866287,-2.5121486187,-1.9788826704,-4.31607866287,-2.5121486187,-1.9788826704
1855,2,1273,117,11,1,1.5,0,41,1,1,1,1,,-3.55383515358,-1.3829972744,-1.12001252174,-4.31607866287,-2.5121486187,-1.9788826704
1856,1,1274,117,11,1,1.5,1,54,1,1,1,1,0,-1.40544366837,-0.200589984655,-0.304623663425,-1.40544366837,-0.200589984655,-0.304623663425
1856,2,1274,117,11,1,1.5,1,67,1,1,1,1,,-1.22374379635,-0.414948046207,,-1.40544366837,-0.200589984655,-0.304623663425
1857,2,1274,117,11,1,1.5,0,12,1,1,0,,,-4.37615919113,-2.02593421936,-0.219093188643,,,
1858,1,1275,117,11,1,1.5,1,25,1,1,1,1,0,-2.51361107826,-1.23448824883,-1.27004027367,-2.51361107826,-1.23448824883,-1.27004027367
1858,2,1275,117,11,1,1.5,1,38,1,1,1,1,,-2.45585417747,-1.4075974226,-0.265155732632,-2.51361107826,-1.23448824883,-1.27004027367
1859,2,1275,117,11,1,1.5,1,8,1,1,0,,,-1.90266990662,-0.794280767441,-0.29971331358,,,
1860,1,1276,118,12,1,1.375,1,3,1,1,1,1,0,-1.40276145935,0.126720324159,,-1.40276145935,0.126720324159,
1860,2,1276,118,12,1,1.375,1,16,1,1,1,1,,-3.02584767342,-0.859311461449,-0.726517081261,-1.40276145935,0.126720324159,
1861,1,1277,118,12,1,1.375,0,46,1,0,0,,,,,,,,
1861,2,1277,118,12,1,1.375,0,57,1,1,0,,,-2.53503131866,0.307228595018,0.636383414268,,,
1862,1,1277,118,12,1,1.375,0,25,1,1,1,1,0,-4.37167549133,-2.05401968956,-0.798703014851,-4.37167549133,-2.05401968956,-0.798703014851
1862,2,1277,118,12,1,1.375,0,38,1,1,1,1,,-4.19338941574,-1.38975179195,-0.370083749294,-4.37167549133,-2.05401968956,-0.798703014851
1863,2,1278,118,12,0,21,0,57,1,0,0,,,,,,,,
1864,1,1279,118,12,0,21,0,72,1,0,0,,,,,,,,
1864,2,1279,118,12,0,21,0,72,1,0,0,,,,,,,,
1865,1,1280,118,12,1,1.375,0,696,1,0,0,,,,,,,,
1865,2,1280,118,12,1,1.375,0,47,1,1,0,,,-0.917184472084,0.294168144464,-0.548883378506,,,
1866,1,1280,118,12,1,1.375,0,192,1,0,0,,,,,,,,
1866,2,1280,118,12,1,1.375,0,27,1,1,0,,,-4.07066392899,-1.6629036665,-1.21484255791,,,
1867,1,1281,118,12,1,1.375,1,468,1,0,0,,,,,,,,
1867,2,1281,118,12,1,1.375,1,53,1,1,0,,,-2.50432562828,-2.12204360962,-1.52099871635,,,
1868,1,1281,118,12,1,1.375,1,10,1,1,1,1,0,-4.7622551918,-3.8929309845,-2.19118094444,-4.7622551918,-3.8929309845,-2.19118094444
1868,2,1281,118,12,1,1.375,1,23,1,1,1,1,,-4.401927948,-2.93457722664,-0.870822072029,-4.7622551918,-3.8929309845,-2.19118094444
1869,1,1281,118,12,1,1.375,1,10,1,1,1,1,0,-4.10601234436,-3.8929309845,-2.84071135521,-4.10601234436,-3.8929309845,-2.84071135521
1869,2,1281,118,12,1,1.375,1,23,1,1,1,1,,-3.67721033096,-1.30877375603,0.0374445356429,-4.10601234436,-3.8929309845,-2.84071135521
1870,1,1282,118,12,1,1.375,1,2,1,1,1,1,0,-0.376836389303,0.0475665964186,,-0.376836389303,0.0475665964186,
1870,2,1282,118,12,1,1.375,1,15,1,1,1,1,,-1.55516314507,-0.163603156805,0.636173129082,-0.376836389303,0.0475665964186,
1871,1,1283,118,12,0,21,0,38,1,1,1,1,0,-3.20592904091,-1.11395943165,-0.493669003248,-3.20592904091,-1.11395943165,-0.493669003248
1871,2,1283,118,12,0,21,0,51,1,1,1,1,,-3.14833235741,-1.22440755367,-0.59668058157,-3.20592904091,-1.11395943165,-0.493669003248
1872,2,1283,118,12,0,21,0,5,1,1,0,,,-2.15608000755,-0.812495648861,,,,
1873,1,1284,118,12,1,1.375,1,41,1,1,1,1,0,-2.18744826317,-1.41505360603,-1.58952951431,-2.18744826317,-1.41505360603,-1.58952951431
1873,2,1284,118,12,1,1.375,1,54,1,1,1,1,,-2.81644487381,-2.01907801628,-1.39380896091,-2.18744826317,-1.41505360603,-1.58952951431
1874,1,1284,118,12,1,1.375,0,17,1,1,1,1,0,-4.27886819839,-2.4636425972,-1.98755192757,-4.27886819839,-2.4636425972,-1.98755192757
1874,2,1284,118,12,1,1.375,0,30,1,1,1,1,,-3.56300473213,-2.67095184326,-1.81651747227,-4.27886819839,-2.4636425972,-1.98755192757
1875,1,1286,118,12,1,1.375,0,16,1,1,1,1,0,-1.14583444595,0.508593559265,0.198554128408,-1.14583444595,0.508593559265,0.198554128408
1875,2,1286,118,12,1,1.375,0,29,1,1,1,1,,-0.935147643089,0.506331384182,0.420542120934,-1.14583444595,0.508593559265,0.198554128408
1876,1,1287,118,12,1,1.375,1,9,1,1,1,1,0,0.12687432766,-0.228245228529,-0.494523376226,0.12687432766,-0.228245228529,-0.494523376226
1876,2,1287,118,12,1,1.375,1,22,1,1,1,1,,-1.45952177048,-1.87420642376,-2.00301170349,0.12687432766,-0.228245228529,-0.494523376226
1877,1,1288,119,11,0,25,1,45,1,1,1,1,0,-1.25916218758,-0.986798584461,-0.894033789635,-1.25916218758,-0.986798584461,-0.894033789635
1877,2,1288,119,11,0,25,1,58,1,1,1,1,,-1.11272394657,-0.75412517786,-1.02377736568,-1.25916218758,-0.986798584461,-0.894033789635
1878,1,1288,119,11,0,25,1,13,1,1,1,1,0,-1.92713046074,-1.64997947216,-1.21240127087,-1.92713046074,-1.64997947216,-1.21240127087
1878,2,1288,119,11,0,25,1,25,1,1,1,1,,-2.42210197449,-1.44724035263,-0.68409538269,-1.92713046074,-1.64997947216,-1.21240127087
1879,1,1289,119,11,0,25,0,25,1,1,1,1,0,-2.49424982071,-0.629032969475,-0.354010492563,-2.49424982071,-0.629032969475,-0.354010492563
1879,2,1289,119,11,0,25,0,38,1,1,1,1,,-2.50812125206,-0.151517882943,0.187798053026,-2.49424982071,-0.629032969475,-0.354010492563
1880,1,1291,119,11,0,25,0,62,1,0,0,,,,,,,,
1880,2,1291,119,11,0,25,0,72,1,0,0,,,,,,,,
1881,1,1291,119,11,0,25,1,32,1,1,1,1,0,-4.713534832,-3.43867707253,-2.5991230011,-4.713534832,-3.43867707253,-2.5991230011
1881,2,1291,119,11,0,25,1,44,1,1,1,1,,-4.43765068054,-2.5215408802,-1.22115540504,-4.713534832,-3.43867707253,-2.5991230011
1882,2,1291,119,11,0,25,1,7,1,1,0,,,-2.73707342148,-1.56216979027,-0.30757650733,,,
1883,1,1292,119,11,1,1,1,52,1,1,1,1,0,-1.97278392315,-0.27704167366,-0.735080659389,-1.97278392315,-0.27704167366,-0.735080659389
1883,2,1292,119,11,1,1,1,65,1,1,1,1,,-1.49309539795,0.0597729459405,,-1.97278392315,-0.27704167366,-0.735080659389
1884,1,1292,119,11,1,1,0,21,1,1,1,1,0,-1.22986066341,0.236285924911,0.26638007164,-1.22986066341,0.236285924911,0.26638007164
1884,2,1292,119,11,1,1,0,34,1,1,1,1,,-1.30210518837,0.267123937607,0.465184062719,-1.22986066341,0.236285924911,0.26638007164
1885,1,1293,120,12,0,51.6666679382,1,45,1,1,1,1,0,-2.72752571106,-0.67447167635,-7.06220889697e-05,-2.72752571106,-0.67447167635,-7.06220889697e-05
1885,2,1293,120,12,0,51.6666679382,1,58,1,1,1,1,,-2.51128697395,-0.84767383337,-0.775245428085,-2.72752571106,-0.67447167635,-7.06220889697e-05
1886,1,1294,120,12,1,2.55555558205,1,44,1,1,1,1,0,-4.18449640274,-2.60351395607,-2.02345919609,-4.18449640274,-2.60351395607,-2.02345919609
1886,2,1294,120,12,1,2.55555558205,1,58,1,1,1,1,,-4.39027261734,-2.2111582756,-2.56854319572,-4.18449640274,-2.60351395607,-2.02345919609
1887,1,1294,120,12,1,2.55555558205,0,20,1,1,1,1,0,-4.03333377838,-1.83960974216,-0.657069981098,-4.03333377838,-1.83960974216,-0.657069981098
1887,2,1294,120,12,1,2.55555558205,0,33,1,1,1,1,,-3.38840460777,-1.19274425507,-1.40125596523,-4.03333377838,-1.83960974216,-0.657069981098
1888,1,1295,120,12,0,51.6666679382,1,22,1,1,1,1,0,-4.31190776825,-1.38474047184,0.302612215281,-4.31190776825,-1.38474047184,0.302612215281
1888,2,1295,120,12,0,51.6666679382,1,35,1,1,1,1,,-3.91983819008,-1.49284565449,-0.150146767497,-4.31190776825,-1.38474047184,0.302612215281
1889,1,1296,120,12,1,2.55555558205,1,20,1,1,1,1,0,-2.5568780899,-1.2229334116,-0.969785034657,-2.5568780899,-1.2229334116,-0.969785034657
1889,2,1296,120,12,1,2.55555558205,1,33,1,1,1,1,,-3.5464720726,-1.6638584137,-0.842834234238,-2.5568780899,-1.2229334116,-0.969785034657
1890,1,1297,120,12,1,2.55555558205,1,9,1,1,1,1,0,-2.10846114159,-2.25771975517,-1.52826118469,-2.10846114159,-2.25771975517,-1.52826118469
1890,2,1297,120,12,1,2.55555558205,1,22,1,1,1,1,,-2.86969280243,-1.63439166546,-1.41391003132,-2.10846114159,-2.25771975517,-1.52826118469
1891,2,1297,120,12,1,2.55555558205,1,5,1,1,0,,,-1.81751894951,-1.2227230072,,,,
1892,1,1298,120,12,1,2.55555558205,1,19,1,1,1,1,0,-3.23446774483,-2.46237587929,-2.39856863022,-3.23446774483,-2.46237587929,-2.39856863022
1892,2,1298,120,12,1,2.55555558205,1,32,1,1,1,1,,-3.21044039726,-2.6793243885,-2.20490336418,-3.23446774483,-2.46237587929,-2.39856863022
1893,2,1298,120,12,1,2.55555558205,0,4,1,1,0,,,-2.97294235229,-1.97148752213,,,,
1894,1,1299,120,12,0,51.6666679382,1,39,1,0,0,,,,,,,,
1894,2,1299,120,12,0,51.6666679382,1,52,1,1,0,,,-3.37400436401,-2.23607563972,-1.57184326649,,,
1895,1,1300,120,12,1,2.55555558205,0,43,1,1,1,1,0,-3.93331360817,-2.22292780876,0.0155957378447,-3.93331360817,-2.22292780876,0.0155957378447
1895,2,1300,120,12,1,2.55555558205,0,57,1,1,1,1,,-3.75063037872,-1.90729343891,-0.841063380241,-3.93331360817,-2.22292780876,0.0155957378447
1896,1,1300,120,12,1,2.55555558205,0,18,1,1,1,1,0,-4.13704538345,-3.03050065041,-0.949689269066,-4.13704538345,-3.03050065041,-0.949689269066
1896,2,1300,120,12,1,2.55555558205,0,31,1,1,1,1,,-4.47712230682,-2.9531621933,-1.66170334816,-4.13704538345,-3.03050065041,-0.949689269066
1897,1,1301,120,12,1,2.55555558205,0,57,1,1,1,1,0,-1.52940034866,0.262929737568,0.734998047352,-1.52940034866,0.262929737568,0.734998047352
1897,2,1301,120,12,1,2.55555558205,0,69,1,1,1,1,,-1.29221487045,0.402281314135,,-1.52940034866,0.262929737568,0.734998047352
1898,1,1301,120,12,1,2.55555558205,0,19,1,1,1,1,0,-2.48313713074,0.109466686845,0.179225191474,-2.48313713074,0.109466686845,0.179225191474
1898,2,1301,120,12,1,2.55555558205,0,32,1,1,1,1,,-2.05740952492,0.908501088619,1.87292575836,-2.48313713074,0.109466686845,0.179225191474
1899,1,1302,120,12,1,2.55555558205,0,62,1,0,0,,,,,,,,
1899,2,1302,120,12,1,2.55555558205,0,72,1,0,0,,,,,,,,
1900,1,1302,120,12,1,2.55555558205,0,16,1,1,1,1,0,-3.29332923889,-1.25322723389,-0.512142300606,-3.29332923889,-1.25322723389,-0.512142300606
1900,2,1302,120,12,1,2.55555558205,0,29,1,1,1,1,,-3.36794304848,-1.61650753021,-1.07220959663,-3.29332923889,-1.25322723389,-0.512142300606
1901,1,1303,120,12,1,2.55555558205,0,42,1,1,1,1,0,-2.77458190918,-0.978913068771,-0.431955575943,-2.77458190918,-0.978913068771,-0.431955575943
1901,2,1303,120,12,1,2.55555558205,0,55,1,1,1,1,,-2.63241863251,-0.862873971462,-0.116043902934,-2.77458190918,-0.978913068771,-0.431955575943
1902,1,1303,120,12,1,2.55555558205,0,20,1,0,0,,,,,,,,
1902,2,1303,120,12,1,2.55555558205,0,34,1,1,0,,,-2.71407008171,-1.02979266644,-0.0900725498796,,,
1903,1,1304,120,12,1,2.55555558205,0,24,1,1,1,0,1,-4.7622551918,-1.95701694489,-1.02482175827,-4.7622551918,-1.95701694489,-1.02482175827
1904,1,1305,121,11,1,1.25,0,2,1,1,1,0,1,-0.562318682671,0.387648791075,,-0.562318682671,0.387648791075,
1905,1,1306,121,11,1,1.25,1,12,1,1,1,1,0,-0.568934619427,-0.343873590231,0.889840602875,-0.568934619427,-0.343873590231,0.889840602875
1905,2,1306,121,11,1,1.25,1,26,1,1,1,1,,-0.824696958065,-0.160666748881,1.0605148077,-0.568934619427,-0.343873590231,0.889840602875
1906,1,1307,121,11,1,1.25,0,61,1,0,0,,,,,,,,
1906,2,1307,121,11,1,1.25,0,72,1,0,0,,,,,,,,
1907,1,1307,121,11,1,1.25,1,7,1,1,1,1,0,-1.22542846203,0.209553644061,0.745574951172,-1.22542846203,0.209553644061,0.745574951172
1907,2,1307,121,11,1,1.25,1,19,1,1,1,1,,-0.44560867548,1.38264620304,1.01710391045,-1.22542846203,0.209553644061,0.745574951172
1908,1,1308,121,11,0,48,0,19,1,1,1,1,0,-4.58816957474,-2.69740319252,-2.06294941902,-4.58816957474,-2.69740319252,-2.06294941902
1908,2,1308,121,11,0,48,0,30,1,1,1,1,,-4.09161090851,-1.73580217361,-0.666120767593,-4.58816957474,-2.69740319252,-2.06294941902
1909,2,1309,121,11,0,48,0,11,1,0,0,,,,,,,,
1910,1,1310,121,11,0,48,0,48,1,1,1,1,0,-1.90205001831,0.119358733296,0.622150659561,-1.90205001831,0.119358733296,0.622150659561
1910,2,1310,121,11,0,48,0,61,1,1,1,1,,-1.64757347107,0.668548345566,,-1.90205001831,0.119358733296,0.622150659561
1911,1,1311,121,11,1,1.25,1,53,1,1,1,1,0,-1.82626783848,-1.17884683609,-1.67930161953,-1.82626783848,-1.17884683609,-1.67930161953
1911,2,1311,121,11,1,1.25,1,66,1,1,1,1,,-1.89991354942,-1.42222464085,,-1.82626783848,-1.17884683609,-1.67930161953
1912,1,1311,121,11,1,1.25,1,20,1,1,1,1,0,-3.03814220428,-1.50971746445,0.333055853844,-3.03814220428,-1.50971746445,0.333055853844
1912,2,1311,121,11,1,1.25,1,33,1,1,1,1,,-3.0835545063,-1.60222744942,-0.388346552849,-3.03814220428,-1.50971746445,0.333055853844
1913,1,1312,121,11,1,1.25,0,57,1,1,1,1,0,-2.15930151939,-0.180023282766,-0.0883997380733,-2.15930151939,-0.180023282766,-0.0883997380733
1913,2,1312,121,11,1,1.25,0,68,1,1,1,1,,-1.81875729561,-0.33827444911,,-2.15930151939,-0.180023282766,-0.0883997380733
1914,1,1312,121,11,1,1.25,0,19,1,1,1,1,0,-1.08583259583,,,-1.08583259583,,
1914,2,1312,121,11,1,1.25,0,34,1,1,1,1,,-2.61716914177,-0.492736250162,0.191157653928,-1.08583259583,,
1915,1,1313,121,11,1,1.25,1,72,1,0,0,,,,,,,,
1915,2,1313,121,11,1,1.25,1,60,1,1,0,,,0.163286849856,0.419021338224,-0.226778298616,,,
1916,1,1313,121,11,1,1.25,1,23,1,0,0,,,,,,,,
1916,2,1313,121,11,1,1.25,1,37,1,1,0,,,-2.11284732819,-0.942653238773,-0.150155156851,,,
1917,1,1314,121,11,1,1.25,0,46,1,1,1,1,0,-0.568843305111,0.191826403141,-0.0582051612437,-0.568843305111,0.191826403141,-0.0582051612437
1917,2,1314,121,11,1,1.25,0,59,1,1,1,1,,-0.36257237196,0.372648149729,-0.31426563859,-0.568843305111,0.191826403141,-0.0582051612437
1918,1,1315,121,11,1,1.25,0,23,1,1,1,1,0,-3.18551802635,-0.658174216747,-0.082801386714,-3.18551802635,-0.658174216747,-0.082801386714
1918,2,1315,121,11,1,1.25,0,36,1,1,1,1,,-2.47740650177,-1.10721826553,0.666701436043,-3.18551802635,-0.658174216747,-0.082801386714
1919,1,1317,122,12,1,1.62499988079,1,6,1,1,1,1,0,0.317195653915,1.74831914902,1.75709688663,0.317195653915,1.74831914902,1.75709688663
1919,2,1317,122,12,1,1.62499988079,1,19,1,1,1,1,,-0.41180485487,1.38264620304,1.64944374561,0.317195653915,1.74831914902,1.75709688663
1920,1,1318,122,12,1,1.62499988079,1,26,1,1,1,1,0,-0.989863157272,0.508984982967,0.761325180531,-0.989863157272,0.508984982967,0.761325180531
1920,2,1318,122,12,1,1.62499988079,1,39,1,1,1,1,,-1.29186487198,0.149106159806,0.221487820148,-0.989863157272,0.508984982967,0.761325180531
1921,2,1318,122,12,1,1.62499988079,0,11,1,1,0,,,-3.55843782425,-2.89316272736,-2.05970740318,,,
1922,1,1319,122,12,1,1.62499988079,1,17,1,1,1,1,0,-1.21830749512,-0.822029709816,-0.367781460285,-1.21830749512,-0.822029709816,-0.367781460285
1922,2,1319,122,12,1,1.62499988079,1,30,1,1,1,1,,-1.75054430962,-1.02184760571,-0.712558507919,-1.21830749512,-0.822029709816,-0.367781460285
1923,1,1321,122,12,0,15.2500009537,0,59,1,1,1,1,0,-1.84157264233,-0.489271253347,-0.727044463158,-1.84157264233,-0.489271253347,-0.727044463158
1923,2,1321,122,12,0,15.2500009537,0,71,1,1,1,1,,-1.20595705509,-0.591080963612,,-1.84157264233,-0.489271253347,-0.727044463158
1924,2,1321,122,12,0,15.2500009537,1,5,1,1,0,,,-0.464560061693,-1.40426039696,,,,
1925,1,1322,122,12,1,1.62499988079,1,17,1,1,1,1,0,-0.726912498474,0.527029812336,0.796666622162,-0.726912498474,0.527029812336,0.796666622162
1925,2,1322,122,12,1,1.62499988079,1,30,1,1,1,1,,-1.46727108955,-0.580418050289,-0.627826571465,-0.726912498474,0.527029812336,0.796666622162
1926,1,1324,122,12,1,1.62499988079,0,34,1,1,1,1,0,-2.45105624199,-0.902063012123,-0.980708479881,-2.45105624199,-0.902063012123,-0.980708479881
1926,2,1324,122,12,1,1.62499988079,0,47,1,1,1,1,,-1.99976277351,-0.329993844032,-0.548883378506,-2.45105624199,-0.902063012123,-0.980708479881
1927,2,1324,122,12,1,1.62499988079,0,5,1,1,0,,,-2.55863285065,-0.995989620686,,,,
1928,1,1325,122,12,1,1.62499988079,1,69,1,0,0,,,,,,,,
1928,2,1325,122,12,1,1.62499988079,1,72,1,0,0,,,,,,,,
1929,1,1325,122,12,1,1.62499988079,0,49,1,0,0,,,,,,,,
1929,2,1325,122,12,1,1.62499988079,0,62,1,1,0,,,-2.36892437935,-0.549074888229,,,,
1930,1,1325,122,12,1,1.62499988079,0,27,1,0,0,,,,,,,,
1930,2,1325,122,12,1,1.62499988079,0,37,1,1,0,,,-3.50017428398,-1.09451794624,0.0202352385968,,,
1931,1,1325,122,12,1,1.62499988079,0,1,1,0,0,,,,,,,,
1931,2,1325,122,12,1,1.62499988079,0,14,1,1,0,,,-2.24022269249,-0.457773596048,1.73895156384,,,
1932,1,1326,122,12,1,1.62499988079,0,33,1,0,0,,,,,,,,
1932,2,1326,122,12,1,1.62499988079,0,45,1,1,0,,,-2.33241701126,-1.00378370285,-1.2531927824,,,
1933,1,1326,122,12,1,1.62499988079,0,6,1,0,0,,,,,,,,
1933,2,1326,122,12,1,1.62499988079,0,19,1,1,0,,,0.093710757792,-0.279989987612,-0.435834974051,,,
1934,1,1328,122,12,1,1.62499988079,0,40,1,1,1,1,0,-2.33859229088,-0.283118218184,1.12272262573,-2.33859229088,-0.283118218184,1.12272262573
1934,2,1328,122,12,1,1.62499988079,0,53,1,1,1,1,,-2.32142758369,-0.488952994347,0.702099680901,-2.33859229088,-0.283118218184,1.12272262573
1935,1,1328,122,12,1,1.62499988079,1,10,1,1,1,1,0,-0.357357382774,0.246440142393,0.641363501549,-0.357357382774,0.246440142393,0.641363501549
1935,2,1328,122,12,1,1.62499988079,1,23,1,1,1,1,,-1.21948003769,-0.0858168229461,0.987417697906,-0.357357382774,0.246440142393,0.641363501549
1936,1,1329,123,11,1,1.87499988079,0,23,1,1,1,1,0,-2.66801071167,-0.96508449316,-0.521443426609,-2.66801071167,-0.96508449316,-0.521443426609
1936,2,1329,123,11,1,1.87499988079,0,36,1,1,1,1,,-2.24810481071,-0.904132604599,-0.151230379939,-2.66801071167,-0.96508449316,-0.521443426609
1937,1,1330,123,11,1,1.87499988079,1,7,1,1,1,1,0,-1.65732586384,-0.0888521447778,-0.175300076604,-1.65732586384,-0.0888521447778,-0.175300076604
1937,2,1330,123,11,1,1.87499988079,1,20,1,1,1,1,,-2.1751871109,0.0709457546473,0.733690321445,-1.65732586384,-0.0888521447778,-0.175300076604
1938,1,1331,123,11,1,1.87499988079,0,3,1,1,1,1,0,-2.21545577049,-0.859064042568,,-2.21545577049,-0.859064042568,
1938,2,1331,123,11,1,1.87499988079,0,16,1,1,1,1,,-3.27398133278,-1.20415234566,-0.286059379578,-2.21545577049,-0.859064042568,
1939,1,1332,123,11,0,42.75,1,64,1,0,0,,,,,,,,
1939,2,1332,123,11,0,42.75,1,72,1,0,0,,,,,,,,
1940,1,1332,123,11,0,42.75,1,27,1,1,1,1,0,-4.7622551918,-3.8929309845,-2.46271204948,-4.7622551918,-3.8929309845,-2.46271204948
1940,2,1332,123,11,0,42.75,1,41,1,1,1,1,,-4.47712230682,-3.44565272331,-1.46134352684,-4.7622551918,-3.8929309845,-2.46271204948
1941,1,1333,123,11,1,1.87499988079,0,4,1,1,1,1,0,-0.714159727097,-0.388655483723,,-0.714159727097,-0.388655483723,
1941,2,1333,123,11,1,1.87499988079,0,17,1,1,1,1,,-0.681177675724,-0.5830488801,0.294954776764,-0.714159727097,-0.388655483723,
1942,2,1334,123,11,0,42.75,0,31,1,1,0,,,-2.17197465897,-0.398035019636,0.177707761526,,,
1943,1,1335,123,11,1,1.87499988079,0,5,1,1,1,1,0,-2.20343852043,0.764105916023,,-2.20343852043,0.764105916023,
1943,2,1335,123,11,1,1.87499988079,0,18,1,1,1,1,,-2.19062495232,0.244607537985,0.173822373152,-2.20343852043,0.764105916023,
1944,2,1335,123,11,1,1.87499988079,0,1,1,1,0,,,-0.654697239399,0.597626805305,,,,
1945,1,1336,123,11,1,1.87499988079,1,9,1,1,1,1,0,-0.659630894661,-0.641209721565,-0.494523376226,-0.659630894661,-0.641209721565,-0.494523376226
1945,2,1336,123,11,1,1.87499988079,1,22,1,1,1,1,,-1.74796819687,-1.43026828766,-1.03842747211,-0.659630894661,-0.641209721565,-0.494523376226
1946,2,1336,123,11,1,1.87499988079,1,12,1,1,0,,,-2.91846680641,-1.61300611496,-0.0481447987258,,,
1947,1,1337,123,11,0,42.75,0,41,1,1,1,1,0,-1.96114706993,-1.11251699924,-0.0102656390518,-1.96114706993,-1.11251699924,-0.0102656390518
1947,2,1337,123,11,0,42.75,0,54,1,1,1,1,,-1.70258462429,-0.813168108463,-0.056935057044,-1.96114706993,-1.11251699924,-0.0102656390518
1948,1,1339,123,11,1,1.87499988079,0,67,1,0,0,,,,,,,,
1948,2,1339,123,11,1,1.87499988079,0,72,1,0,0,,,,,,,,
1949,2,1339,123,11,1,1.87499988079,1,12,1,1,0,,,-1.81166052818,-1.7406873703,-1.12742626667,,,
1950,1,1340,123,11,1,1.87499988079,0,25,1,1,1,1,0,-3.48912453651,-2.05401968956,-0.889650404453,-3.48912453651,-2.05401968956,-0.889650404453
1950,2,1340,123,11,1,1.87499988079,0,38,1,1,1,1,,-3.37708711624,-1.64808821678,-1.04691290855,-3.48912453651,-2.05401968956,-0.889650404453
1951,1,1340,123,11,1,1.87499988079,0,8,1,1,1,1,0,-1.04256355762,-0.978967249393,-0.795387744904,-1.04256355762,-0.978967249393,-0.795387744904
1951,2,1340,123,11,1,1.87499988079,0,21,1,1,1,1,,-3.21305394173,-1.9894541502,-1.40363872051,-1.04256355762,-0.978967249393,-0.795387744904
1952,1,1342,124,11,1,2.5,1,12,1,1,1,1,0,-2.95730137825,-1.03897547722,-0.263913869858,-2.95730137825,-1.03897547722,-0.263913869858
1952,2,1342,124,11,1,2.5,1,25,1,1,1,1,,-3.62698912621,-1.43859553337,-0.467088192701,-2.95730137825,-1.03897547722,-0.263913869858
1953,1,1343,124,11,0,40.75,0,19,1,1,1,0,1,-2.19278979301,-0.79152572155,-0.346170544624,-2.19278979301,-0.79152572155,-0.346170544624
1953,2,1343,124,11,0,40.75,0,32,1,0,1,0,,,,,-2.19278979301,-0.79152572155,-0.346170544624
1954,1,1344,124,11,1,2.5,0,36,1,1,1,1,0,-2.38298845291,0.236360833049,0.666701436043,-2.38298845291,0.236360833049,0.666701436043
1954,2,1344,124,11,1,2.5,0,49,1,1,1,1,,-2.33696722984,0.0400355868042,0.349494725466,-2.38298845291,0.236360833049,0.666701436043
1955,1,1345,124,11,0,40.75,1,47,1,1,1,1,0,-2.81988286972,-0.362114071846,0.140379160643,-2.81988286972,-0.362114071846,0.140379160643
1955,2,1345,124,11,0,40.75,1,60,1,1,1,1,,-2.727414608,-0.787540078163,-0.626059532166,-2.81988286972,-0.362114071846,0.140379160643
1956,1,1345,124,11,0,40.75,1,29,1,1,1,1,0,-2.87256717682,-1.12000799179,-0.367526322603,-2.87256717682,-1.12000799179,-0.367526322603
1956,2,1345,124,11,0,40.75,1,42,1,1,1,1,,-3.3560025692,-0.97956687212,-0.602212667465,-2.87256717682,-1.12000799179,-0.367526322603
1957,1,1346,124,11,1,2.5,0,10,1,1,1,1,0,-0.801432669163,0.560208022594,0.807336866856,-0.801432669163,0.560208022594,0.807336866856
1957,2,1346,124,11,1,2.5,0,22,1,1,1,1,,-1.44763731956,1.38264620304,-2.6227786541,-0.801432669163,0.560208022594,0.807336866856
1958,1,1347,124,11,1,2.5,0,24,1,1,1,1,0,-4.42402076721,-2.52624845505,-1.69149112701,-4.42402076721,-2.52624845505,-1.69149112701
1958,2,1347,124,11,1,2.5,0,37,1,1,1,1,,-3.28697109222,-2.30750203133,-1.46826529503,-4.42402076721,-2.52624845505,-1.69149112701
1959,2,1347,124,11,1,2.5,1,57,1,1,0,,,-2.04914426804,-1.22673082352,-1.40136933327,,,
1960,2,1347,124,11,1,2.5,1,6,1,1,0,,,-3.19055533409,-2.89329099655,-2.36222982407,,,
1961,1,1348,124,11,1,2.5,0,14,1,0,0,,,,,,,,
1961,2,1348,124,11,1,2.5,0,27,1,1,0,,,-3.15883755684,-0.764424562454,-0.669541060925,,,
1962,1,1348,124,11,1,2.5,0,1,1,1,1,1,0,1.41551947594,-1.38262164593,,1.41551947594,-1.38262164593,
1962,2,1348,124,11,1,2.5,0,13,1,1,1,1,,-2.27476167679,-0.468919992447,0.627647817135,1.41551947594,-1.38262164593,
1963,1,1349,124,11,1,2.5,0,18,1,1,1,1,0,-3.0248067379,-1.58308947086,-0.856211364269,-3.0248067379,-1.58308947086,-0.856211364269
1963,2,1349,124,11,1,2.5,0,30,1,1,1,1,,-2.56452989578,-1.19376683235,-1.02175891399,-3.0248067379,-1.58308947086,-0.856211364269
1964,1,1350,124,11,1,2.5,0,68,1,0,0,,,,,,,,
1964,2,1350,124,11,1,2.5,0,72,1,0,0,,,,,,,,
1965,1,1350,124,11,1,2.5,1,38,1,1,1,1,0,-1.77571976185,-0.134222522378,0.0387720279396,-1.77571976185,-0.134222522378,0.0387720279396
1965,2,1350,124,11,1,2.5,1,51,1,1,1,1,,-1.577947855,-0.0184754021466,-0.344650954008,-1.77571976185,-0.134222522378,0.0387720279396
1966,1,1350,124,11,1,2.5,1,1,1,1,1,1,0,0.287993699312,1.19135415554,,0.287993699312,1.19135415554,
1966,2,1350,124,11,1,2.5,1,14,1,1,1,1,,-2.1354663372,-0.719397008419,-0.645795404911,0.287993699312,1.19135415554,
1967,1,1351,124,11,0,40.75,0,70,1,0,0,,,,,,,,
1967,2,1351,124,11,0,40.75,0,72,1,0,0,,,,,,,,
1968,2,1351,124,11,0,40.75,1,43,1,1,0,,,-1.52904999256,-0.680171787739,-0.674454689026,,,
1969,1,1352,124,11,1,2.5,0,13,1,1,1,1,0,-1.18243360519,-0.926199793816,-0.336685538292,-1.18243360519,-0.926199793816,-0.336685538292
1969,2,1352,124,11,1,2.5,0,25,1,1,1,1,,-1.41914057732,0.559253573418,0.61019551754,-1.18243360519,-0.926199793816,-0.336685538292
1970,2,1353,125,12,0,49,0,13,1,0,0,,,,,,,,
1971,2,1353,125,12,0,49,0,60,1,1,0,,,-2.64655447006,-0.620608627796,-0.013418183662,,,
1972,1,1354,125,12,1,1.87499988079,1,8,1,1,1,1,0,0.52862662077,1.1538465023,-0.16839812696,0.52862662077,1.1538465023,-0.16839812696
1972,2,1354,125,12,1,1.87499988079,1,20,1,1,1,1,,0.197951003909,0.458308726549,0.00109688506927,0.52862662077,1.1538465023,-0.16839812696
1973,1,1356,125,12,1,1.87499988079,1,24,1,1,1,1,0,-2.93377280235,-1.44488334656,-0.31861358881,-2.93377280235,-1.44488334656,-0.31861358881
1973,2,1356,125,12,1,1.87499988079,1,37,1,1,1,1,,-3.44961667061,-1.99153661728,-0.383289903402,-2.93377280235,-1.44488334656,-0.31861358881
1974,1,1357,125,12,1,1.87499988079,0,59,1,1,1,1,0,-1.02594780922,-0.722693741322,-2.23445534706,-1.02594780922,-0.722693741322,-2.23445534706
1974,2,1357,125,12,1,1.87499988079,0,72,1,1,1,1,,-1.08609008789,-0.852731108665,,-1.02594780922,-0.722693741322,-2.23445534706
1975,1,1357,125,12,1,1.87499988079,1,2,1,1,1,0,1,-0.548727750778,0.282950252295,,-0.548727750778,0.282950252295,
1975,2,1357,125,12,1,1.87499988079,1,15,1,0,1,0,,,,,-0.548727750778,0.282950252295,
1976,1,1359,125,12,1,1.87499988079,1,57,1,1,1,1,0,-1.88775527477,-0.660792708397,0.0621819980443,-1.88775527477,-0.660792708397,0.0621819980443
1976,2,1359,125,12,1,1.87499988079,1,70,1,1,1,1,,-1.44446408749,-0.309851229191,,-1.88775527477,-0.660792708397,0.0621819980443
1977,1,1359,125,12,1,1.87499988079,1,22,1,1,1,1,0,-1.39542424679,0.243529096246,-0.0274601932615,-1.39542424679,0.243529096246,-0.0274601932615
1977,2,1359,125,12,1,1.87499988079,1,34,1,1,1,1,,-1.04727089405,0.314552694559,0.197370052338,-1.39542424679,0.243529096246,-0.0274601932615
1978,1,1360,125,12,0,49,1,40,1,1,1,1,0,-1.05474710464,0.351233780384,-0.650330841541,-1.05474710464,0.351233780384,-0.650330841541
1978,2,1360,125,12,0,49,1,54,1,1,1,1,,-1.30623340607,0.0983938723803,0.0981558635831,-1.05474710464,0.351233780384,-0.650330841541
1979,1,1360,125,12,0,49,0,1,1,1,1,1,0,-0.962936520576,-0.463297486305,,-0.962936520576,-0.463297486305,
1979,2,1360,125,12,0,49,0,14,1,1,1,1,,-1.4934387207,-0.765634000301,-0.637909829617,-0.962936520576,-0.463297486305,
1980,1,1361,125,12,1,1.87499988079,1,23,1,1,1,1,0,-2.16476011276,0.336022645235,0.323570787907,-2.16476011276,0.336022645235,0.323570787907
1980,2,1361,125,12,1,1.87499988079,1,36,1,1,1,1,,-1.89126598835,0.68936753273,1.18867111206,-2.16476011276,0.336022645235,0.323570787907
1981,1,1362,125,12,1,1.87499988079,1,52,1,1,1,1,0,-2.25302815437,-1.21501922607,-1.97754120827,-2.25302815437,-1.21501922607,-1.97754120827
1981,2,1362,125,12,1,1.87499988079,1,65,1,1,1,1,,-2.14585328102,-1.64494740963,,-2.25302815437,-1.21501922607,-1.97754120827
1982,1,1362,125,12,1,1.87499988079,0,14,1,0,0,,,,,,,,
1982,2,1362,125,12,1,1.87499988079,0,28,1,1,0,,,-3.84535455704,-2.16110062599,-1.49455332756,,,
1983,1,1363,125,12,1,1.87499988079,0,23,1,1,1,1,0,-3.40253829956,,0.506139278412,-3.40253829956,,0.506139278412
1983,2,1363,125,12,1,1.87499988079,0,36,1,1,1,1,,-3.08438444138,0.101244539022,1.45958316326,-3.40253829956,,0.506139278412
1984,1,1364,125,12,1,1.87499988079,0,22,1,1,1,1,0,-4.13999986649,-2.53650927544,-1.7918639183,-4.13999986649,-2.53650927544,-1.7918639183
1984,2,1364,125,12,1,1.87499988079,0,36,1,1,1,1,,-3.44856762886,-1.94729626179,-1.62683355808,-4.13999986649,-2.53650927544,-1.7918639183
1985,1,1364,125,12,1,1.87499988079,1,22,1,1,1,1,0,-3.75104522705,-0.81161916256,0.0560375824571,-3.75104522705,-0.81161916256,0.0560375824571
1985,2,1364,125,12,1,1.87499988079,1,36,1,1,1,1,,-2.92862176895,-1.12237250805,-0.91309005022,-3.75104522705,-0.81161916256,0.0560375824571
1986,1,1368,126,12,0,40.5,0,360,1,0,0,,,,,,,,
1986,2,1368,126,12,0,40.5,0,44,1,1,0,,,-2.55653762817,-1.06236970425,-0.241927325726,,,
1987,2,1368,126,12,0,40.5,0,1,1,1,0,,,-1.50235295296,-1.07854473591,,,,
1988,1,1369,126,12,1,1.5,0,10,1,1,1,1,0,-0.823313355446,-0.268978744745,0.55047494173,-0.823313355446,-0.268978744745,0.55047494173
1988,2,1369,126,12,1,1.5,0,23,1,1,1,1,,-1.63299071789,-0.650241374969,0.588014304638,-0.823313355446,-0.268978744745,0.55047494173
1989,1,1370,126,12,1,1.5,0,18,1,1,1,1,0,-2.91358184814,-1.28508508205,-0.13126398623,-2.91358184814,-1.28508508205,-0.13126398623
1989,2,1370,126,12,1,1.5,0,30,1,1,1,1,,-2.40301060677,-1.35038793087,-0.798181653023,-2.91358184814,-1.28508508205,-0.13126398623
1990,1,1371,126,12,1,1.5,0,25,1,1,1,1,0,-2.10913515091,0.222538903356,0.407099068165,-2.10913515091,0.222538903356,0.407099068165
1990,2,1371,126,12,1,1.5,0,38,1,1,1,1,,-2.11313915253,0.0560423694551,0.493444442749,-2.10913515091,0.222538903356,0.407099068165
1991,1,1372,126,12,1,1.5,1,18,1,1,1,1,0,-1.2596629858,0.524565696716,1.21571719646,-1.2596629858,0.524565696716,1.21571719646
1991,2,1372,126,12,1,1.5,1,30,1,1,1,1,,-1.84969162941,0.551989376545,0.789943873882,-1.2596629858,0.524565696716,1.21571719646
1992,1,1373,126,12,1,1.5,1,21,1,1,1,1,0,,,-1.11901545525,,,-1.11901545525
1992,2,1373,126,12,1,1.5,1,35,1,1,1,1,,-4.02611541748,-1.2922822237,0.269693613052,,,-1.11901545525
1993,2,1373,126,12,1,1.5,1,72,1,0,0,,,,,,,,
1994,1,1374,126,12,0,40.5,0,30,1,1,1,1,0,-4.66426563263,-2.38420701027,-1.02175807953,-4.66426563263,-2.38420701027,-1.02175807953
1994,2,1374,126,12,0,40.5,0,42,1,1,1,1,,-3.99775266647,-2.36887311935,-1.18672609329,-4.66426563263,-2.38420701027,-1.02175807953
1995,1,1374,126,12,0,40.5,0,1,1,1,1,1,0,,-1.42133951187,,,-1.42133951187,
1995,2,1374,126,12,0,40.5,0,13,1,1,1,1,,-2.79001355171,-1.49230146408,-0.382075935602,,-1.42133951187,
1996,1,1375,126,12,1,1.5,1,18,1,0,0,,,,,,,,
1996,2,1375,126,12,1,1.5,1,31,1,1,0,,,-3.01635289192,-1.54024076462,-0.930576741695,,,
1997,2,1376,126,12,0,40.5,0,66,1,1,0,,,-1.6670011282,0.223152205348,,,,
1998,1,1377,127,12,1,1.125,1,53,1,1,1,1,0,-4.07164287567,-1.66142976284,-1.44281125069,-4.07164287567,-1.66142976284,-1.44281125069
1998,2,1377,127,12,1,1.125,1,66,1,1,1,1,,-3.72377276421,-1.59837925434,,-4.07164287567,-1.66142976284,-1.44281125069
1999,1,1377,127,12,1,1.125,0,20,1,1,1,1,0,-4.33539962769,-3.45205235481,-2.51969814301,-4.33539962769,-3.45205235481,-2.51969814301
1999,2,1377,127,12,1,1.125,0,34,1,1,1,1,,-4.47712230682,-3.44565272331,-2.49532055855,-4.33539962769,-3.45205235481,-2.51969814301
2000,1,1378,127,12,0,51.5,1,38,1,1,1,1,0,-2.58418369293,-0.3932736516,-0.188312381506,-2.58418369293,-0.3932736516,-0.188312381506
2000,2,1378,127,12,0,51.5,1,50,1,1,1,1,,-1.85922825336,-0.0663302987814,0.501886248589,-2.58418369293,-0.3932736516,-0.188312381506
2001,1,1378,127,12,0,51.5,1,7,1,1,1,1,0,-1.11745369434,0.230416491628,-0.441583126783,-1.11745369434,0.230416491628,-0.441583126783
2001,2,1378,127,12,0,51.5,1,20,1,1,1,1,,-1.84328007698,-0.612557470798,-0.254954814911,-1.11745369434,0.230416491628,-0.441583126783
2002,1,1379,127,12,1,1.125,0,57,1,1,1,0,1,-2.18140459061,-0.910487890244,-0.0166348069906,-2.18140459061,-0.910487890244,-0.0166348069906
2002,2,1379,127,12,1,1.125,0,71,1,0,1,0,,,,,-2.18140459061,-0.910487890244,-0.0166348069906
2003,1,1379,127,12,1,1.125,0,13,1,1,1,1,0,-2.41903066635,-0.527349710464,0.796333312988,-2.41903066635,-0.527349710464,0.796333312988
2003,2,1379,127,12,1,1.125,0,26,1,1,1,1,,-3.22966074944,-0.793143391609,-0.0585788153112,-2.41903066635,-0.527349710464,0.796333312988
2004,1,1380,127,12,0,51.5,1,52,1,1,1,1,0,-2.12971997261,-0.923752427101,-0.307701915503,-2.12971997261,-0.923752427101,-0.307701915503
2004,2,1380,127,12,0,51.5,1,65,1,1,1,1,,-1.45229887962,-0.886429965496,,-2.12971997261,-0.923752427101,-0.307701915503
2005,1,1381,127,12,0,51.5,1,51,1,1,1,1,0,-2.78764891624,-1.96578752995,-1.70474088192,-2.78764891624,-1.96578752995,-1.70474088192
2005,2,1381,127,12,0,51.5,1,63,1,1,1,1,,-2.29308199883,-1.62677371502,,-2.78764891624,-1.96578752995,-1.70474088192
2006,1,1381,127,12,0,51.5,0,23,1,1,1,1,0,-1.9668674469,-1.02281618118,-0.883962154388,-1.9668674469,-1.02281618118,-0.883962154388
2006,2,1381,127,12,0,51.5,0,35,1,1,1,1,,-1.85048472881,-0.880564332008,-1.01010870934,-1.9668674469,-1.02281618118,-0.883962154388
2007,1,1382,127,12,1,1.125,0,14,1,1,1,1,0,-2.32095479965,-1.56054461002,-0.273131400347,-2.32095479965,-1.56054461002,-0.273131400347
2007,2,1382,127,12,1,1.125,0,27,1,1,1,1,,-3.00429105759,-1.32353496552,-0.0217418633401,-2.32095479965,-1.56054461002,-0.273131400347
2008,2,1382,127,12,1,1.125,1,60,1,0,0,,,,,,,,
2009,1,1383,127,12,0,51.5,1,65,1,0,0,,,,,,,,
2009,2,1383,127,12,0,51.5,1,72,1,0,0,,,,,,,,
2010,1,1384,127,12,1,1.125,1,7,1,1,1,1,0,-2.26198506355,-1.4180315733,0.169290393591,-2.26198506355,-1.4180315733,0.169290393591
2010,2,1384,127,12,1,1.125,1,20,1,1,1,1,,-3.8015294075,-1.61136984825,-0.0835626497865,-2.26198506355,-1.4180315733,0.169290393591
2011,1,1385,127,12,1,1.125,1,27,1,1,1,1,0,-2.77501702309,-0.128204286098,1.14423966408,-2.77501702309,-0.128204286098,1.14423966408
2011,2,1385,127,12,1,1.125,1,40,1,1,1,1,,-2.66225290298,-0.501209616661,0.46914806962,-2.77501702309,-0.128204286098,1.14423966408
2012,1,1386,127,12,1,1.125,1,14,1,0,0,,,,,,,,
2012,2,1386,127,12,1,1.125,1,24,1,1,0,,,-1.29103541374,-1.01019847393,-1.11503410339,,,
2013,1,1387,127,12,1,1.125,1,24,1,1,1,1,0,-0.888101458549,0.256576001644,0.180774956942,-0.888101458549,0.256576001644,0.180774956942
2013,2,1387,127,12,1,1.125,1,36,1,1,1,1,,-0.51250565052,0.538583338261,0.340673297644,-0.888101458549,0.256576001644,0.180774956942
2014,1,1388,127,12,1,1.125,0,22,1,1,1,1,0,-0.340020090342,1.04140150547,0.798560857773,-0.340020090342,1.04140150547,0.798560857773
2014,2,1388,127,12,1,1.125,0,35,1,1,1,1,,-1.19482493401,0.810973107815,0.393783837557,-0.340020090342,1.04140150547,0.798560857773
2015,1,1389,128,12,1,1.5,0,29,1,1,1,1,0,-2.15900945663,-1.17739009857,-0.625451803207,-2.15900945663,-1.17739009857,-0.625451803207
2015,2,1389,128,12,1,1.5,0,42,1,1,1,1,,-2.42150115967,-0.83666229248,-0.431955575943,-2.15900945663,-1.17739009857,-0.625451803207
2016,1,1390,128,12,0,36,1,4,1,1,1,1,0,-1.77407371998,-1.86169087887,,-1.77407371998,-1.86169087887,
2016,2,1390,128,12,0,36,1,17,1,1,1,1,,-2.92063522339,-2.04890465736,-1.19102489948,-1.77407371998,-1.86169087887,
2017,1,1391,128,12,1,1.5,0,4,1,1,1,1,0,-2.39623165131,-1.30584692955,,-2.39623165131,-1.30584692955,
2017,2,1391,128,12,1,1.5,0,17,1,1,1,1,,-3.80548810959,-1.64479625225,-0.184742167592,-2.39623165131,-1.30584692955,
2018,1,1392,128,12,1,1.5,1,67,1,0,0,,,,,,,,
2018,2,1392,128,12,1,1.5,1,72,1,0,0,,,,,,,,
2019,1,1392,128,12,1,1.5,1,15,1,1,1,1,0,-1.24485421181,,0.474891871214,-1.24485421181,,0.474891871214
2019,2,1392,128,12,1,1.5,1,28,1,1,1,1,,-1.90903830528,-1.22086012363,-0.735418379307,-1.24485421181,,0.474891871214
2020,1,1393,128,12,1,1.5,0,6,1,1,1,1,0,-3.11808466911,-2.57915449142,-2.09415173531,-3.11808466911,-2.57915449142,-2.09415173531
2020,2,1393,128,12,1,1.5,0,19,1,1,1,1,,-4.27967405319,-3.44565272331,-2.95972418785,-3.11808466911,-2.57915449142,-2.09415173531
2021,2,1393,128,12,1,1.5,0,11,1,1,0,,,-1.54069817066,-1.40282893181,-1.07191169262,,,
2022,1,1394,128,12,1,1.5,1,16,1,1,1,1,0,-2.22067046165,-1.44041669369,-0.864154577255,-2.22067046165,-1.44041669369,-0.864154577255
2022,2,1394,128,12,1,1.5,1,28,1,1,1,1,,-2.66677999496,-1.51157522202,-1.54311823845,-2.22067046165,-1.44041669369,-0.864154577255
2023,1,1395,128,12,1,1.5,1,1,1,1,1,1,0,-1.45183694363,-0.0476353913546,,-1.45183694363,-0.0476353913546,
2023,2,1395,128,12,1,1.5,1,13,1,1,1,1,,-2.30741834641,-0.992772877216,0.542109966278,-1.45183694363,-0.0476353913546,
2024,1,1395,128,12,1,1.5,1,24,1,0,0,,,,,,,,
2024,2,1395,128,12,1,1.5,1,36,1,1,0,,,-3.08619403839,-2.36346173286,-2.34075045586,,,
2025,1,1397,128,12,1,1.5,0,45,1,1,1,1,0,-2.24665403366,-0.688309013844,-0.344388663769,-2.24665403366,-0.688309013844,-0.344388663769
2025,2,1397,128,12,1,1.5,0,56,1,1,1,1,,-2.09857773781,-0.771129846573,-0.74195677042,-2.24665403366,-0.688309013844,-0.344388663769
2026,1,1397,128,12,1,1.5,0,11,1,1,1,1,0,-0.23131172359,0.575092315674,0.341851502657,-0.23131172359,0.575092315674,0.341851502657
2026,2,1397,128,12,1,1.5,0,24,1,1,1,1,,-1.28179788589,0.874933600426,0.780575096607,-0.23131172359,0.575092315674,0.341851502657
2027,1,1398,128,12,0,36,0,47,1,1,1,1,0,-1.92759025097,0.20964692533,0.43476742506,-1.92759025097,0.20964692533,0.43476742506
2027,2,1398,128,12,0,36,0,60,1,1,1,1,,-1.57833468914,0.23505730927,0.263139754534,-1.92759025097,0.20964692533,0.43476742506
2028,1,1399,128,12,1,1.5,0,16,1,1,1,1,0,-1.26191627979,0.0319641120732,1.43932747841,-1.26191627979,0.0319641120732,1.43932747841
2028,2,1399,128,12,1,1.5,0,28,1,1,1,1,,-1.61321544647,0.597670376301,1.60793244839,-1.26191627979,0.0319641120732,1.43932747841
2029,2,1399,128,12,1,1.5,1,4,1,1,0,,,-0.942455589771,-0.285825937986,,,,
2030,1,1400,128,12,0,36,1,14,1,1,1,1,0,-0.756952345371,-0.47308409214,1.21384084225,-0.756952345371,-0.47308409214,1.21384084225
2030,2,1400,128,12,0,36,1,26,1,1,1,1,,-1.80068719387,-0.583840250969,0.0548083931208,-0.756952345371,-0.47308409214,1.21384084225
2031,1,1402,129,11,1,1.14285719395,0,3,1,1,1,1,0,-0.209942683578,0.269025087357,,-0.209942683578,0.269025087357,
2031,2,1402,129,11,1,1.14285719395,0,16,1,1,1,1,,-0.700857639313,-0.551995873451,0.198554128408,-0.209942683578,0.269025087357,
2032,1,1404,129,11,1,1.14285719395,0,50,1,0,0,,,,,,,,
2032,2,1404,129,11,1,1.14285719395,0,63,1,1,0,,,-1.36100935936,-1.45132577419,,,,
2033,1,1404,129,11,1,1.14285719395,1,16,1,1,1,0,1,-4.43937492371,-3.83555650711,-3.11805677414,-4.43937492371,-3.83555650711,-3.11805677414
2033,2,1404,129,11,1,1.14285719395,1,29,1,0,1,0,,,,,-4.43937492371,-3.83555650711,-3.11805677414
2034,1,1404,129,11,1,1.14285719395,1,156,1,0,0,,,,,,,,
2034,2,1404,129,11,1,1.14285719395,1,30,1,0,0,,,,,,,,
2035,1,1405,129,11,1,1.14285719395,0,3,1,1,1,1,0,-1.70184898376,-0.801049590111,,-1.70184898376,-0.801049590111,
2035,2,1405,129,11,1,1.14285719395,0,15,1,1,1,1,,-2.76481842995,-1.90800559521,-1.32803690434,-1.70184898376,-0.801049590111,
2036,1,1406,129,11,1,1.14285719395,0,13,1,1,1,1,0,-1.20304489136,-0.0975107103586,0.284321814775,-1.20304489136,-0.0975107103586,0.284321814775
2036,2,1406,129,11,1,1.14285719395,0,26,1,1,1,1,,-2.74158406258,-0.598265171051,-0.0585788153112,-1.20304489136,-0.0975107103586,0.284321814775
2037,1,1407,129,11,1,1.14285719395,0,8,1,1,1,0,1,-2.92420220375,-1.60887563229,-0.513283669949,-2.92420220375,-1.60887563229,-0.513283669949
2038,1,1408,129,11,1,1.14285719395,1,51,1,1,1,1,0,-1.55533695221,-0.0142027894035,-0.415371030569,-1.55533695221,-0.0142027894035,-0.415371030569
2038,2,1408,129,11,1,1.14285719395,1,64,1,1,1,1,,-1.5622202158,0.0362786464393,,-1.55533695221,-0.0142027894035,-0.415371030569
2039,1,1408,129,11,1,1.14285719395,1,16,1,1,1,1,0,-1.21867716312,0.621582448483,0.437039911747,-1.21867716312,0.621582448483,0.437039911747
2039,2,1408,129,11,1,1.14285719395,1,29,1,1,1,1,,-1.09141600132,0.275788068771,0.0388074927032,-1.21867716312,0.621582448483,0.437039911747
2040,1,1409,129,11,1,1.14285719395,0,4,1,1,1,0,1,-0.401776015759,-1.03734195232,,-0.401776015759,-1.03734195232,
2041,1,1410,129,11,0,20.5,1,40,1,1,1,1,0,-2.29805159569,-1.03035283089,-1.30251228809,-2.29805159569,-1.03035283089,-1.30251228809
2041,2,1410,129,11,0,20.5,1,53,1,1,1,1,,-2.37093901634,-0.787454307079,-0.875866293907,-2.29805159569,-1.03035283089,-1.30251228809
2042,1,1412,130,11,1,1,1,30,1,1,1,1,0,-0.489979326725,-0.0348036102951,-0.0932206064463,-0.489979326725,-0.0348036102951,-0.0932206064463
2042,2,1412,130,11,1,1,1,46,1,1,1,1,,-1.06051111221,-0.288955539465,0.000637348217424,-0.489979326725,-0.0348036102951,-0.0932206064463
2043,1,1414,130,11,0,39.5,1,56,1,1,1,1,0,-3.15100765228,-1.34351360798,-1.6815598011,-3.15100765228,-1.34351360798,-1.6815598011
2043,2,1414,130,11,0,39.5,1,68,1,1,1,1,,-2.76666307449,-1.06493449211,,-3.15100765228,-1.34351360798,-1.6815598011
2044,1,1414,130,11,0,39.5,0,17,1,1,1,1,0,-3.93803405762,-1.71538484097,-1.39164566994,-3.93803405762,-1.71538484097,-1.39164566994
2044,2,1414,130,11,0,39.5,0,30,1,1,1,1,,-3.87135887146,-1.16427087784,-0.798181653023,-3.93803405762,-1.71538484097,-1.39164566994
2045,2,1414,130,11,0,39.5,0,6,1,1,0,,,-1.66967964172,-0.155277818441,-0.937654316425,,,
2046,1,1415,130,11,1,1,0,23,1,1,1,1,0,-0.931850075722,-0.834541857243,-1.25745761395,-0.931850075722,-0.834541857243,-1.25745761395
2046,2,1415,130,11,1,1,0,36,1,1,1,1,,-1.54670882225,-0.662211000919,-0.151230379939,-0.931850075722,-0.834541857243,-1.25745761395
2047,1,1416,130,11,1,1,1,16,1,1,1,1,0,-1.84492397308,-0.42115008831,0.6788367033,-1.84492397308,-0.42115008831,0.6788367033
2047,2,1416,130,11,1,1,1,28,1,1,1,1,,-2.81249928474,-0.372250944376,0.826645195484,-1.84492397308,-0.42115008831,0.6788367033
2048,1,1417,130,11,0,39.5,0,44,1,1,1,1,0,-2.89040493965,-0.802214860916,-1.14518272877,-2.89040493965,-0.802214860916,-1.14518272877
2048,2,1417,130,11,0,39.5,0,56,1,1,1,1,,-2.63326668739,-0.661878526211,-0.54884749651,-2.89040493965,-0.802214860916,-1.14518272877
2049,1,1417,130,11,0,39.5,1,29,1,1,1,1,0,-2.34109473228,-1.81220960617,-2.4696419239,-2.34109473228,-1.81220960617,-2.4696419239
2049,2,1417,130,11,0,39.5,1,42,1,1,1,1,,-2.26150298119,-1.55100536346,-1.49216520786,-2.34109473228,-1.81220960617,-2.4696419239
2050,1,1418,130,11,1,1,1,16,1,1,1,1,0,-1.5228536129,0.545909106731,-0.24543364346,-1.5228536129,0.545909106731,-0.24543364346
2050,2,1418,130,11,1,1,1,29,1,1,1,1,,-1.82398533821,0.152746096253,1.13433218002,-1.5228536129,0.545909106731,-0.24543364346
2051,1,1419,130,11,0,39.5,1,8,1,1,1,1,0,-1.56440126896,-1.19645941257,-1.56353139877,-1.56440126896,-1.19645941257,-1.56353139877
2051,2,1419,130,11,0,39.5,1,21,1,1,1,1,,-1.5047712326,-0.467480450869,-0.528765439987,-1.56440126896,-1.19645941257,-1.56353139877
2052,1,1420,131,11,1,2.25,1,20,1,1,1,1,0,-2.47390127182,-1.6064940691,-0.254954814911,-2.47390127182,-1.6064940691,-0.254954814911
2052,2,1420,131,11,1,2.25,1,33,1,1,1,1,,-3.19247674942,-1.41340255737,-0.716894984245,-2.47390127182,-1.6064940691,-0.254954814911
2053,1,1421,131,11,1,2.25,0,28,1,1,1,1,0,-2.88872289658,-2.97271418571,-2.69239091873,-2.88872289658,-2.97271418571,-2.69239091873
2053,2,1421,131,11,1,2.25,0,41,1,1,1,1,,-2.63644719124,-2.46189403534,-2.26848220825,-2.88872289658,-2.97271418571,-2.69239091873
2054,1,1422,131,11,0,40.75,1,31,1,1,1,1,0,-1.63296079636,-0.393280237913,0.25111758709,-1.63296079636,-0.393280237913,0.25111758709
2054,2,1422,131,11,0,40.75,1,44,1,1,1,1,,-1.61677360535,-0.286864459515,0.106403239071,-1.63296079636,-0.393280237913,0.25111758709
2055,2,1422,131,11,0,40.75,0,7,1,1,0,,,-1.27333128452,-0.564615666866,-0.432124048471,,,
2056,1,1423,131,11,1,2.25,1,24,1,1,1,1,0,,-1.65987539291,-0.932810544968,,-1.65987539291,-0.932810544968
2056,2,1423,131,11,1,2.25,1,37,1,1,1,1,,-2.12582445145,-1.50094437599,-1.28674030304,,-1.65987539291,-0.932810544968
2057,1,1424,131,11,1,2.25,1,10,1,1,1,1,0,-2.99154734612,-0.52051872015,-0.0184725224972,-2.99154734612,-0.52051872015,-0.0184725224972
2057,2,1424,131,11,1,2.25,1,20,1,1,1,1,,-1.87646770477,-0.595810055733,0.333055853844,-2.99154734612,-0.52051872015,-0.0184725224972
2058,1,1425,131,11,1,2.25,0,29,1,1,1,0,1,-3.38286924362,-1.9556671381,-0.713421881199,-3.38286924362,-1.9556671381,-0.713421881199
2059,1,1425,131,11,1,2.25,0,1,1,1,1,0,1,-2.27294826508,-2.66633701324,,-2.27294826508,-2.66633701324,
2060,1,1426,131,11,1,2.25,0,17,1,1,1,1,0,-1.51432597637,-0.388076215982,0.165814638138,-1.51432597637,-0.388076215982,0.165814638138
2060,2,1426,131,11,1,2.25,0,28,1,1,1,1,,-0.686954915524,0.861758828163,1.12675666809,-1.51432597637,-0.388076215982,0.165814638138
2061,1,1428,131,11,1,2.25,1,11,1,1,1,1,0,-1.13893067837,-0.504184901714,-0.764319300652,-1.13893067837,-0.504184901714,-0.764319300652
2061,2,1428,131,11,1,2.25,1,24,1,1,1,1,,-1.74046468735,-0.434906035662,-0.233715891838,-1.13893067837,-0.504184901714,-0.764319300652
2062,1,1429,131,11,1,2.25,1,16,1,1,1,1,0,-0.699785292149,0.576285779476,0.6788367033,-0.699785292149,0.576285779476,0.6788367033
2062,2,1429,131,11,1,2.25,1,27,1,1,1,1,,-0.897007644176,1.37928295135,1.21660554409,-0.699785292149,0.576285779476,0.6788367033
2063,1,1432,132,12,1,2.625,0,46,1,1,1,1,0,-1.38206589222,0.244514137506,0.531842410564,-1.38206589222,0.244514137506,0.531842410564
2063,2,1432,132,12,1,2.625,0,59,1,1,1,1,,-0.884570896626,0.380365550518,0.18349198997,-1.38206589222,0.244514137506,0.531842410564
2064,1,1432,132,12,1,2.625,0,28,1,1,1,1,0,-0.91472196579,0.432557463646,0.663833498955,-0.91472196579,0.432557463646,0.663833498955
2064,2,1432,132,12,1,2.625,0,41,1,1,1,1,,-0.737961709499,0.322275668383,0.482969611883,-0.91472196579,0.432557463646,0.663833498955
2065,1,1432,132,12,1,2.625,0,6,1,1,1,0,1,-4.30951356888,-3.8929309845,-2.9465482235,-4.30951356888,-3.8929309845,-2.9465482235
2065,2,1432,132,12,1,2.625,0,19,1,0,1,0,,,,,-4.30951356888,-3.8929309845,-2.9465482235
2066,1,1432,132,12,1,2.625,1,6,1,1,1,1,0,-1.29328083992,-0.800779938698,0.106367215514,-1.29328083992,-0.800779938698,0.106367215514
2066,2,1432,132,12,1,2.625,1,19,1,1,1,1,,-2.18653321266,-0.819444417953,0.136833429337,-1.29328083992,-0.800779938698,0.106367215514
2067,1,1435,132,12,1,2.625,0,21,1,1,1,1,0,-1.71696162224,-1.06777083874,-0.251481503248,-1.71696162224,-1.06777083874,-0.251481503248
2067,2,1435,132,12,1,2.625,0,33,1,1,1,1,,-1.91470897198,-0.391114711761,-0.221487164497,-1.71696162224,-1.06777083874,-0.251481503248
2068,2,1435,132,12,1,2.625,1,6,1,1,0,,,-1.24915719032,-0.775882124901,,,,
2069,1,1436,132,12,1,2.625,0,3,1,1,1,1,0,1.03738880157,1.08338940144,,1.03738880157,1.08338940144,
2069,2,1436,132,12,1,2.625,0,16,1,1,1,1,,-0.623471677303,0.201971977949,0.241771638393,1.03738880157,1.08338940144,
2070,1,1437,132,12,1,2.625,0,19,1,1,1,1,0,-0.196639478207,0.498159855604,-0.168673530221,-0.196639478207,0.498159855604,-0.168673530221
2070,2,1437,132,12,1,2.625,0,31,1,1,1,1,,-0.798788309097,1.01157593727,0.417367130518,-0.196639478207,0.498159855604,-0.168673530221
2071,1,1438,132,12,1,2.625,1,37,1,1,1,1,0,-2.98239564896,-1.40314209461,-0.948933184147,-2.98239564896,-1.40314209461,-0.948933184147
2071,2,1438,132,12,1,2.625,1,49,1,1,1,1,,-2.48979115486,-1.2861944437,-0.385450333357,-2.98239564896,-1.40314209461,-0.948933184147
2072,1,1438,132,12,1,2.625,0,19,1,1,1,1,0,-3.13642382622,-2.12093257904,-0.708591401577,-3.13642382622,-2.12093257904,-0.708591401577
2072,2,1438,132,12,1,2.625,0,32,1,1,1,1,,-3.25336122513,-0.685100913048,0.220491662621,-3.13642382622,-2.12093257904,-0.708591401577
2073,1,1439,132,12,1,2.625,1,19,1,1,1,1,0,-3.25137090683,-2.66814923286,-2.08529019356,-3.25137090683,-2.66814923286,-2.08529019356
2073,2,1439,132,12,1,2.625,1,32,1,1,1,1,,-2.82432627678,-1.85028600693,-2.44957876205,-3.25137090683,-2.66814923286,-2.08529019356
2074,1,1441,132,12,1,2.625,0,17,1,1,1,1,0,-2.59363269806,-1.67498230934,-0.184742167592,-2.59363269806,-1.67498230934,-0.184742167592
2074,2,1441,132,12,1,2.625,0,30,1,1,1,1,,-2.74073123932,-1.51774322987,-1.15804648399,-2.59363269806,-1.67498230934,-0.184742167592
2075,1,1442,132,12,1,2.625,0,72,1,0,0,,,,,,,,
2075,2,1442,132,12,1,2.625,0,72,1,0,0,,,,,,,,
2076,1,1442,132,12,1,2.625,0,8,1,1,1,1,0,-0.90654361248,-0.839015126228,-1.08240246773,-0.90654361248,-0.839015126228,-1.08240246773
2076,2,1442,132,12,1,2.625,0,21,1,1,1,1,,-2.33395457268,-1.44856965542,-1.5981118679,-0.90654361248,-0.839015126228,-1.08240246773
2077,1,1445,133,12,1,2.25,0,52,1,1,1,1,0,-1.29203939438,-0.483659982681,-0.579071938992,-1.29203939438,-0.483659982681,-0.579071938992
2077,2,1445,133,12,1,2.25,0,65,1,1,1,1,,-1.18553745747,0.0578642375767,,-1.29203939438,-0.483659982681,-0.579071938992
2078,1,1445,133,12,1,2.25,1,11,1,1,1,1,0,-1.85299444199,-1.69814276695,-1.23234224319,-1.85299444199,-1.69814276695,-1.23234224319
2078,2,1445,133,12,1,2.25,1,24,1,1,1,1,,-2.17439556122,-1.92933356762,-0.932810544968,-1.85299444199,-1.69814276695,-1.23234224319
2079,1,1446,133,12,1,2.25,1,21,1,1,1,1,0,0.190599694848,1.04739320278,0.278603643179,0.190599694848,1.04739320278,0.278603643179
2079,2,1446,133,12,1,2.25,1,34,1,1,1,1,,-0.697677910328,0.578013837337,0.310522288084,0.190599694848,1.04739320278,0.278603643179
2080,1,1447,133,12,1,2.25,0,28,1,1,1,1,0,-4.7622551918,-2.21282863617,-1.40004909039,-4.7622551918,-2.21282863617,-1.40004909039
2080,2,1447,133,12,1,2.25,0,41,1,1,1,1,,-4.19091033936,-1.357421875,-0.488398045301,-4.7622551918,-2.21282863617,-1.40004909039
2081,1,1447,133,12,1,2.25,1,10,1,1,1,1,0,-2.60654854774,-2.00488877296,-1.98323893547,-2.60654854774,-2.00488877296,-1.98323893547
2081,2,1447,133,12,1,2.25,1,21,1,1,1,1,,-2.62958693504,-1.57780992985,-2.04497814178,-2.60654854774,-2.00488877296,-1.98323893547
2082,1,1448,133,12,1,2.25,1,23,1,1,1,1,0,-2.36957168579,-1.97475731373,-2.63417696953,-2.36957168579,-1.97475731373,-2.63417696953
2082,2,1448,133,12,1,2.25,1,35,1,1,1,1,,-1.78101694584,-1.74534964561,-1.7485319376,-2.36957168579,-1.97475731373,-2.63417696953
2083,1,1449,133,12,1,2.25,0,72,1,0,0,,,,,,,,
2083,2,1449,133,12,1,2.25,0,72,1,0,0,,,,,,,,
2084,1,1449,133,12,1,2.25,0,18,1,1,1,1,0,-0.336896747351,0.590293169022,0.130666658282,-0.336896747351,0.590293169022,0.130666658282
2084,2,1449,133,12,1,2.25,0,31,1,1,1,1,,0.111849993467,0.827135145664,0.417367130518,-0.336896747351,0.590293169022,0.130666658282
2085,1,1450,133,12,1,2.25,1,57,1,1,1,1,0,-3.84594249725,-1.70196449757,-1.17776072025,-3.84594249725,-1.70196449757,-1.17776072025
2085,2,1450,133,12,1,2.25,1,69,1,1,1,1,,-3.48427724838,-2.13156294823,,-3.84594249725,-1.70196449757,-1.17776072025
2086,1,1450,133,12,1,2.25,0,21,1,1,1,1,0,-4.23944568634,-2.60647344589,-2.35515451431,-4.23944568634,-2.60647344589,-2.35515451431
2086,2,1450,133,12,1,2.25,0,33,1,1,1,1,,-3.29015636444,-2.21859478951,-1.17300510406,-4.23944568634,-2.60647344589,-2.35515451431
2087,1,1451,133,12,1,2.25,0,19,1,1,1,1,0,-3.40862607956,-2.72992777824,-1.46517801285,-3.40862607956,-2.72992777824,-1.46517801285
2087,2,1451,133,12,1,2.25,0,32,1,1,1,1,,-3.35302352905,-2.0085568428,-0.827772140503,-3.40862607956,-2.72992777824,-1.46517801285
2088,1,1452,133,12,0,35,0,2,1,1,1,1,0,1.01231312752,0.717212557793,,1.01231312752,0.717212557793,
2088,2,1452,133,12,0,35,0,15,1,1,1,1,,-0.255226641893,-0.341620028019,-0.211233317852,1.01231312752,0.717212557793,
2089,1,1454,133,12,0,35,1,37,1,1,1,1,0,-2.56708931923,-0.961967110634,-1.72516596317,-2.56708931923,-0.961967110634,-1.72516596317
2089,2,1454,133,12,0,35,1,50,1,1,1,1,,-2.01887464523,-0.713232457638,-0.857346057892,-2.56708931923,-0.961967110634,-1.72516596317
2090,1,1455,133,12,1,2.25,1,18,1,1,1,1,0,-1.56959462166,0.376589298248,0.909465193748,-1.56959462166,0.376589298248,0.909465193748
2090,2,1455,133,12,1,2.25,1,31,1,1,1,1,,-2.09409141541,-0.419520258904,-0.221668690443,-1.56959462166,0.376589298248,0.909465193748
2091,2,1455,133,12,1,2.25,1,5,1,1,0,,,-0.148869305849,0.893408536911,,,,
2092,1,1456,134,11,1,2.375,1,11,1,1,1,1,0,-2.38854074478,-0.897847294807,-0.764319300652,-2.38854074478,-0.897847294807,-0.764319300652
2092,2,1456,134,11,1,2.375,1,23,1,1,1,1,,-2.77919507027,-0.93265581131,-0.780880868435,-2.38854074478,-0.897847294807,-0.764319300652
2093,1,1457,134,11,0,30.2500019073,1,57,1,1,1,1,0,-2.38268208504,-2.13476586342,-0.537192285061,-2.38268208504,-2.13476586342,-0.537192285061
2093,2,1457,134,11,0,30.2500019073,1,71,1,1,1,1,,-2.00278544426,-1.64799785614,,-2.38268208504,-2.13476586342,-0.537192285061
2094,1,1458,134,11,0,30.2500019073,1,58,1,1,1,1,0,-2.31911754608,-1.58905518055,-0.636146903038,-2.31911754608,-1.58905518055,-0.636146903038
2094,2,1458,134,11,0,30.2500019073,1,71,1,1,1,1,,-2.19928908348,-1.42902040482,,-2.31911754608,-1.58905518055,-0.636146903038
2095,1,1458,134,11,0,30.2500019073,1,25,1,1,1,1,0,-3.3982129097,-2.81607174873,-1.74376273155,-3.3982129097,-2.81607174873,-1.74376273155
2095,2,1458,134,11,0,30.2500019073,1,38,1,1,1,1,,-3.86745715141,-2.27701330185,-1.668825984,-3.3982129097,-2.81607174873,-1.74376273155
2096,2,1458,134,11,0,30.2500019073,0,8,1,1,0,,,-0.997223556042,-1.02605080605,-1.27657079697,,,
2097,1,1459,134,11,1,2.375,0,1,1,1,1,0,1,-1.34823417664,-0.747850418091,,-1.34823417664,-0.747850418091,
2097,2,1459,134,11,1,2.375,0,14,1,0,1,0,,,,,-1.34823417664,-0.747850418091,
2098,1,1460,134,11,1,2.375,1,5,1,1,1,1,0,-2.58419585228,-1.47521364689,,-2.58419585228,-1.47521364689,
2098,2,1460,134,11,1,2.375,1,17,1,1,1,1,,-3.39448189735,-1.44791138172,-1.28657817841,-2.58419585228,-1.47521364689,
2099,1,1463,134,11,1,2.375,0,25,1,1,1,1,0,-2.17332220078,-1.20170962811,-0.180645793676,-2.17332220078,-1.20170962811,-0.180645793676
2099,2,1463,134,11,1,2.375,0,38,1,1,1,1,,-1.91564714909,-1.12687003613,-0.493669003248,-2.17332220078,-1.20170962811,-0.180645793676
2100,1,1464,134,11,1,2.375,1,23,1,1,1,1,0,-2.32230710983,-0.0858168229461,-0.087613850832,-2.32230710983,-0.0858168229461,-0.087613850832
2100,2,1464,134,11,1,2.375,1,35,1,1,1,1,,-2.00685286522,-0.778560221195,-0.834863603115,-2.32230710983,-0.0858168229461,-0.087613850832
2101,2,1464,134,11,1,2.375,0,1,1,1,0,,,-0.834503948689,-0.324141263962,,,,
2102,1,1465,134,11,1,2.375,1,40,1,1,1,1,0,-2.10967230797,-1.30885481834,-1.05300545692,-2.10967230797,-1.30885481834,-1.05300545692
2102,2,1465,134,11,1,2.375,1,54,1,1,1,1,,-1.60386610031,-1.21981954575,-1.12827682495,-2.10967230797,-1.30885481834,-1.05300545692
2103,1,1465,134,11,1,2.375,1,16,1,1,1,1,0,-1.84492397308,-1.86472761631,-1.24020564556,-1.84492397308,-1.86472761631,-1.24020564556
2103,2,1465,134,11,1,2.375,1,29,1,1,1,1,,-2.71456313133,-1.79524040222,-1.41223847866,-1.84492397308,-1.86472761631,-1.24020564556
2104,1,1466,134,11,1,2.375,1,55,1,1,1,1,0,-4.7622551918,-0.22636911273,-0.756347000599,-4.7622551918,-0.22636911273,-0.756347000599
2104,2,1466,134,11,1,2.375,1,68,1,1,1,1,,-0.284992694855,0.0787315145135,,-4.7622551918,-0.22636911273,-0.756347000599
2105,1,1466,134,11,1,2.375,1,3,1,0,0,,,,,,,,
2105,2,1466,134,11,1,2.375,1,16,1,1,0,,,-1.82703006268,-0.289968371391,-0.15008687973,,,
2106,1,1467,134,11,1,2.375,1,23,1,1,1,1,0,-3.53541898727,-2.07274889946,-1.71638739109,-3.53541898727,-2.07274889946,-1.71638739109
2106,2,1467,134,11,1,2.375,1,35,1,1,1,1,,-3.2157535553,-2.34062862396,-1.52360570431,-3.53541898727,-2.07274889946,-1.71638739109
2107,1,1468,135,11,1,1.25,1,11,1,1,1,1,0,-1.01992201805,-0.739795982838,-2.02766942978,-1.01992201805,-0.739795982838,-2.02766942978
2107,2,1468,135,11,1,1.25,1,24,1,1,1,1,,-1.97292494774,-0.162062332034,-0.361320465803,-1.01992201805,-0.739795982838,-2.02766942978
2108,1,1469,135,11,1,1.25,1,52,1,1,1,1,0,-2.04004311562,-1.04961144924,-0.956161260605,-2.04004311562,-1.04961144924,-0.956161260605
2108,2,1469,135,11,1,1.25,1,65,1,1,1,1,,-1.47269868851,-0.748451471329,,-2.04004311562,-1.04961144924,-0.956161260605
2109,1,1469,135,11,1,1.25,0,25,1,1,1,1,0,-2.55843424797,-0.192648425698,0.242098107934,-2.55843424797,-0.192648425698,0.242098107934
2109,2,1469,135,11,1,1.25,0,38,1,1,1,1,,-2.69245052338,-0.0162402447313,0.493444442749,-2.55843424797,-0.192648425698,0.242098107934
2110,1,1470,135,11,0,18,1,10,1,1,1,1,0,-0.600512742996,1.00428545475,1.62957119942,-0.600512742996,1.00428545475,1.62957119942
2110,2,1470,135,11,0,18,1,23,1,1,1,1,,-1.31400442123,0.98072630167,1.43165647984,-0.600512742996,1.00428545475,1.62957119942
2111,1,1471,135,11,1,1.25,0,26,1,1,1,1,0,-1.68670582771,-0.342812657356,-0.667121171951,-1.68670582771,-0.342812657356,-0.667121171951
2111,2,1471,135,11,1,1.25,0,38,1,1,1,1,,-1.4548304081,-0.935449838638,-1.26777434349,-1.68670582771,-0.342812657356,-0.667121171951
2112,2,1472,135,11,0,18,0,26,1,1,0,,,-2.15903949738,0.139279529452,0.56044280529,,,
2113,1,1473,135,11,1,1.25,0,23,1,1,1,1,0,-2.66801071167,-1.27465569973,-1.16301906109,-2.66801071167,-1.27465569973,-1.16301906109
2113,2,1473,135,11,1,1.25,0,36,1,1,1,1,,-2.828104496,-1.4117667675,-1.08236443996,-2.66801071167,-1.27465569973,-1.16301906109
2114,1,1474,135,11,1,1.25,1,43,1,1,1,1,0,-3.18484306335,-1.07460916042,-0.146872490644,-3.18484306335,-1.07460916042,-0.146872490644
2114,2,1474,135,11,1,1.25,1,54,1,1,1,1,,-2.19913315773,-1.22492039204,-0.906418144703,-3.18484306335,-1.07460916042,-0.146872490644
2115,1,1474,135,11,1,1.25,1,18,1,1,1,1,0,-4.01460695267,-0.556459665298,0.350687086582,-4.01460695267,-0.556459665298,0.350687086582
2115,2,1474,135,11,1,1.25,1,31,1,1,1,1,,-3.07224655151,-0.841208457947,0.517223417759,-4.01460695267,-0.556459665298,0.350687086582
2116,2,1474,135,11,1,1.25,1,12,1,1,0,,,-2.78254103661,-0.965184569359,0.204949140549,,,
2117,1,1475,135,11,0,18,1,54,1,1,1,1,0,-1.41646778584,-0.821697294712,-0.797401070595,-1.41646778584,-0.821697294712,-0.797401070595
2117,2,1475,135,11,0,18,1,67,1,1,1,1,,-1.06263673306,-0.42269924283,,-1.41646778584,-0.821697294712,-0.797401070595
2118,1,1476,135,11,1,1.25,0,39,1,1,1,1,0,-1.18651795387,0.350373387337,-0.194357097149,-1.18651795387,0.350373387337,-0.194357097149
2118,2,1476,135,11,1,1.25,0,52,1,1,1,1,,-1.15384221077,0.803363740444,-0.0849451348186,-1.18651795387,0.350373387337,-0.194357097149
2119,1,1476,135,11,1,1.25,1,14,1,1,1,1,0,-1.68837952614,-0.146310791373,-0.24615496397,-1.68837952614,-0.146310791373,-0.24615496397
2119,2,1476,135,11,1,1.25,1,27,1,1,1,1,,-1.97649419308,-0.555191516876,-0.0475526116788,-1.68837952614,-0.146310791373,-0.24615496397
2120,1,1477,135,11,1,1.25,1,56,1,1,1,1,0,-2.79315519333,-1.68331885338,-0.786653280258,-2.79315519333,-1.68331885338,-0.786653280258
2120,2,1477,135,11,1,1.25,1,69,1,1,1,1,,-2.80799508095,-1.75553095341,,-2.79315519333,-1.68331885338,-0.786653280258
2121,1,1477,135,11,1,1.25,1,23,1,1,1,1,0,-2.63740134239,-1.03309834003,0.161028712988,-2.63740134239,-1.03309834003,0.161028712988
2121,2,1477,135,11,1,1.25,1,36,1,1,1,1,,-2.53468966484,-0.680542826653,0.377470076084,-2.63740134239,-1.03309834003,0.161028712988
2122,1,1478,135,11,0,18,0,53,1,1,1,1,0,0.0425290390849,0.701921880245,,0.0425290390849,0.701921880245,
2122,2,1478,135,11,0,18,0,66,1,1,1,1,,0.24000929296,0.891213715076,,0.0425290390849,0.701921880245,
2123,1,1478,135,11,0,18,0,23,1,0,0,,,,,,,,
2123,2,1478,135,11,0,18,0,35,1,1,0,,,-0.29329547286,0.600001752377,0.585411310196,,,
2124,1,1479,135,11,1,1.25,0,9,1,1,1,1,0,-1.72458422184,0.172593131661,0.595668911934,-1.72458422184,0.172593131661,0.595668911934
2124,2,1479,135,11,1,1.25,0,22,1,1,1,1,,-2.18037199974,-0.345471471548,0.00773725332692,-1.72458422184,0.172593131661,0.595668911934
2125,1,1480,136,12,1,2.875,0,58,1,1,1,1,0,-1.82367610931,-0.467266589403,-0.329187214375,-1.82367610931,-0.467266589403,-0.329187214375
2125,2,1480,136,12,1,2.875,0,71,1,1,1,1,,-1.45103240013,-0.781981706619,,-1.82367610931,-0.467266589403,-0.329187214375
2126,1,1480,136,12,1,2.875,1,14,1,1,1,1,0,0.211731418967,0.98241853714,1.21384084225,0.211731418967,0.98241853714,1.21384084225
2126,2,1480,136,12,1,2.875,1,27,1,1,1,1,,-0.290720105171,0.470711648464,0.924035012722,0.211731418967,0.98241853714,1.21384084225
2127,2,1480,136,12,1,2.875,0,3,1,1,0,,,0.2792070508,0.900997638702,,,,
2128,1,1481,136,12,1,2.875,0,23,1,1,1,1,0,-3.93674063683,-2.59616613388,-1.06929802895,-3.93674063683,-2.59616613388,-1.06929802895
2128,2,1481,136,12,1,2.875,0,36,1,1,1,1,,-3.65089297295,-2.47450709343,-0.606562316418,-3.93674063683,-2.59616613388,-1.06929802895
2129,1,1482,136,12,1,2.875,0,46,1,1,1,1,0,,-0.659730255604,-1.01854681969,,-0.659730255604,-1.01854681969
2129,2,1482,136,12,1,2.875,0,58,1,1,1,1,,-1.38523411751,-0.145660459995,-0.255751788616,,-0.659730255604,-1.01854681969
2130,1,1482,136,12,1,2.875,0,15,1,1,1,1,0,-2.64625692368,-0.945118427277,-0.48213788867,-2.64625692368,-0.945118427277,-0.48213788867
2130,2,1482,136,12,1,2.875,0,28,1,1,1,1,,-3.60239958763,-1.20392465591,0.263238936663,-2.64625692368,-0.945118427277,-0.48213788867
2131,1,1483,136,12,0,29.2499980927,1,7,1,1,1,1,0,-0.383223384619,-0.209437072277,0.337310999632,-0.383223384619,-0.209437072277,0.337310999632
2131,2,1483,136,12,0,29.2499980927,1,20,1,1,1,1,,-1.7603007555,-0.52924823761,0.414424926043,-0.383223384619,-0.209437072277,0.337310999632
2132,1,1484,136,12,1,2.875,0,16,1,1,1,1,0,-2.28729391098,-0.416044712067,0.624719083309,-2.28729391098,-0.416044712067,0.624719083309
2132,2,1484,136,12,1,2.875,0,28,1,1,1,1,,-2.41800093651,-0.100259356201,0.584825515747,-2.28729391098,-0.416044712067,0.624719083309
2133,1,1485,136,12,1,2.875,0,44,1,1,1,0,1,-2.12374591827,-0.842082619667,-1.49538004398,-2.12374591827,-0.842082619667,-1.49538004398
2133,2,1485,136,12,1,2.875,0,57,1,0,1,0,,,,,-2.12374591827,-0.842082619667,-1.49538004398
2134,1,1485,136,12,1,2.875,1,21,1,1,1,1,0,-2.61328411102,-0.865293323994,-1.30741810799,-2.61328411102,-0.865293323994,-1.30741810799
2134,2,1485,136,12,1,2.875,1,35,1,1,1,1,,-2.83050060272,-1.0300577879,-0.307197719812,-2.61328411102,-0.865293323994,-1.30741810799
2135,1,1486,136,12,1,2.875,0,41,1,1,1,0,1,-0.801671206951,0.0629252865911,-0.0883773118258,-0.801671206951,0.0629252865911,-0.0883773118258
2136,1,1486,136,12,1,2.875,1,6,1,1,1,0,1,0.648115694523,0.771374940872,0.932804226875,0.648115694523,0.771374940872,0.932804226875
2137,1,1487,136,12,1,2.875,1,24,1,1,1,1,0,-2.51534032822,-2.02483677864,-1.68115544319,-2.51534032822,-2.02483677864,-1.68115544319
2137,2,1487,136,12,1,2.875,1,37,1,1,1,1,,-2.95643734932,-2.24800086021,-1.63598382473,-2.51534032822,-2.02483677864,-1.68115544319
2138,1,1488,136,12,0,29.2499980927,0,27,1,1,1,1,0,-1.89155638218,0.107467614114,0.471804529428,-1.89155638218,0.107467614114,0.471804529428
2138,2,1488,136,12,0,29.2499980927,0,40,1,1,1,1,,-1.29561305046,0.644836604595,-0.545401573181,-1.89155638218,0.107467614114,0.471804529428
2139,2,1488,136,12,0,29.2499980927,1,27,1,1,0,,,-1.99128031731,0.194654226303,1.87292575836,,,
2140,1,1489,136,12,1,2.875,1,14,1,1,1,1,0,-0.775579154491,0.622157692909,0.749850988388,-0.775579154491,0.622157692909,0.749850988388
2140,2,1489,136,12,1,2.875,1,27,1,1,1,1,,-0.571681320667,1.30513238907,1.87292575836,-0.775579154491,0.622157692909,0.749850988388
2141,1,1489,136,12,1,2.875,1,14,1,1,1,1,0,-1.53935062885,-0.89534175396,-0.24615496397,-1.53935062885,-0.89534175396,-0.24615496397
2141,2,1489,136,12,1,2.875,1,27,1,1,1,1,,-1.29626917839,-0.620732665062,1.28846335411,-1.53935062885,-0.89534175396,-0.24615496397
2142,1,1490,136,12,0,29.2499980927,0,52,1,1,1,1,0,-1.86785519123,-0.503087580204,-0.196584194899,-1.86785519123,-0.503087580204,-0.196584194899
2142,2,1490,136,12,0,29.2499980927,0,66,1,1,1,1,,-1.61432135105,-0.701711893082,,-1.86785519123,-0.503087580204,-0.196584194899
2143,1,1490,136,12,0,29.2499980927,0,18,1,1,1,1,0,-2.83943367004,-0.932538807392,1.44634449482,-2.83943367004,-0.932538807392,1.44634449482
2143,2,1490,136,12,0,29.2499980927,0,30,1,1,1,1,,-2.34427762032,-0.486525207758,0.17691154778,-2.83943367004,-0.932538807392,1.44634449482
2144,1,1492,137,12,1,1,1,72,1,0,0,,,,,,,,
2144,2,1492,137,12,1,1,1,72,1,0,0,,,,,,,,
2145,1,1492,137,12,1,1,0,17,1,1,1,1,0,-2.68830871582,-0.81889039278,-0.363507688046,-2.68830871582,-0.81889039278,-0.363507688046
2145,2,1492,137,12,1,1,0,30,1,1,1,1,,-2.52047681808,-0.94637721777,-0.194672808051,-2.68830871582,-0.81889039278,-0.363507688046
2146,1,1492,137,12,1,1,0,17,1,1,1,1,0,-3.08594942093,-0.892682135105,-0.273827850819,-3.08594942093,-0.892682135105,-0.273827850819
2146,2,1492,137,12,1,1,0,30,1,1,1,1,,-3.16655135155,-0.832497477531,0.0132767539471,-3.08594942093,-0.892682135105,-0.273827850819
2147,1,1494,137,12,0,29.5,0,51,1,1,1,1,0,-2.55602025986,-0.672425568104,0.193794757128,-2.55602025986,-0.672425568104,0.193794757128
2147,2,1494,137,12,0,29.5,0,64,1,1,1,1,,-2.44753694534,-1.18070995808,,-2.55602025986,-0.672425568104,0.193794757128
2148,1,1495,137,12,0,29.5,1,31,1,1,1,1,0,-2.73687791824,0.00576470186934,1.13609814644,-2.73687791824,0.00576470186934,1.13609814644
2148,2,1495,137,12,0,29.5,1,44,1,1,1,1,,-3.18392801285,-0.191423147917,1.02040481567,-2.73687791824,0.00576470186934,1.13609814644
2149,2,1495,137,12,0,29.5,0,4,1,0,0,,,,,,,,
2150,1,1496,137,12,1,1,1,16,1,1,1,1,0,-2.48906183243,-1.1485285759,0.598865151405,-2.48906183243,-1.1485285759,0.598865151405
2150,2,1496,137,12,1,1,1,28,1,1,1,1,,-2.04018688202,0.501264154911,0.0548669435084,-2.48906183243,-1.1485285759,0.598865151405
2151,1,1497,137,12,1,1,1,33,1,1,1,1,0,-2.32109951973,-1.2881538868,-1.23005306721,-2.32109951973,-1.2881538868,-1.23005306721
2151,2,1497,137,12,1,1,1,46,1,1,1,1,,-2.08940124512,-0.97511702776,-0.694670438766,-2.32109951973,-1.2881538868,-1.23005306721
2152,1,1497,137,12,1,1,0,10,1,1,1,1,0,-2.04874706268,-1.26397645473,-1.27867555618,-2.04874706268,-1.26397645473,-1.27867555618
2152,2,1497,137,12,1,1,0,23,1,1,1,1,,-3.25229501724,-2.1707675457,-1.54518139362,-2.04874706268,-1.26397645473,-1.27867555618
2153,1,1498,137,12,1,1,0,84,1,0,0,,,,,,,,
2153,2,1498,137,12,1,1,0,72,1,0,0,,,,,,,,
2154,1,1498,137,12,1,1,0,45,1,1,1,1,0,-2.57745480537,0.737910509109,1.63978600502,-2.57745480537,0.737910509109,1.63978600502
2154,2,1498,137,12,1,1,0,58,1,1,1,1,,-1.2427418232,0.253286749125,0.512491047382,-2.57745480537,0.737910509109,1.63978600502
2155,1,1498,137,12,1,1,1,1,1,1,1,1,0,-0.991292953491,-0.58892428875,,-0.991292953491,-0.58892428875,
2155,2,1498,137,12,1,1,1,13,1,1,1,1,,-1.1285327673,0.446478933096,0.46110996604,-0.991292953491,-0.58892428875,
2156,1,1500,137,12,1,1,1,11,1,1,1,1,0,-0.563714802265,-0.524359107018,0.0282637905329,-0.563714802265,-0.524359107018,0.0282637905329
2156,2,1500,137,12,1,1,1,24,1,1,1,1,,-1.78695762157,-1.16032528877,-1.25377810001,-0.563714802265,-0.524359107018,0.0282637905329
2157,1,1501,137,12,1,1,1,23,1,1,1,0,1,-2.51136302948,-1.54162192345,-1.14530444145,-2.51136302948,-1.54162192345,-1.14530444145
2158,1,1502,137,12,1,1,1,8,1,1,1,1,0,-2.51577997208,-0.511965692043,0.257513523102,-2.51577997208,-0.511965692043,0.257513523102
2158,2,1502,137,12,1,1,1,21,1,1,1,1,,-2.71109271049,-0.797272503376,0.155178651214,-2.51577997208,-0.511965692043,0.257513523102
2159,1,1503,137,12,1,1,1,58,1,1,1,1,0,-2.95968127251,-1.3715569973,-0.499099075794,-2.95968127251,-1.3715569973,-0.499099075794
2159,2,1503,137,12,1,1,1,71,1,1,1,1,,-2.77897453308,-1.09420144558,,-2.95968127251,-1.3715569973,-0.499099075794
2160,1,1503,137,12,1,1,1,14,1,1,1,1,0,-2.67569303513,-0.945036351681,-0.600627183914,-2.67569303513,-0.945036351681,-0.600627183914
2160,2,1503,137,12,1,1,1,26,1,1,1,1,,-2.49138903618,-1.22331655025,-0.572793900967,-2.67569303513,-0.945036351681,-0.600627183914
2161,1,1504,138,11,1,1.5,0,20,1,1,1,1,0,-3.67796134949,-2.53118395805,-0.657069981098,-3.67796134949,-2.53118395805,-0.657069981098
2161,2,1504,138,11,1,1.5,0,32,1,1,1,1,,-3.45268583298,-1.25464439392,0.690182626247,-3.67796134949,-2.53118395805,-0.657069981098
2162,1,1504,138,11,1,1.5,0,6,1,1,1,1,0,-0.992201685905,-0.880511403084,-0.222088694572,-0.992201685905,-0.880511403084,-0.222088694572
2162,2,1504,138,11,1,1.5,0,18,1,1,1,1,,-0.763255476952,0.0176599752158,0.302451014519,-0.992201685905,-0.880511403084,-0.222088694572
2163,1,1505,138,11,0,43.75,1,36,1,1,1,1,0,-4.7622551918,-3.23166513443,-2.1512362957,-4.7622551918,-3.23166513443,-2.1512362957
2163,2,1505,138,11,0,43.75,1,48,1,1,1,1,,-3.98865246773,-2.2766149044,-1.95638692379,-4.7622551918,-3.23166513443,-2.1512362957
2164,2,1506,138,11,1,1.5,1,42,1,1,0,,,-1.0317312479,0.342475473881,0.286020755768,,,
2165,1,1507,138,11,1,1.5,1,33,1,1,1,1,0,-2.47086811066,-1.46570765972,-2.14544463158,-2.47086811066,-1.46570765972,-2.14544463158
2165,2,1507,138,11,1,1.5,1,46,1,1,1,1,,-1.98296511173,-0.779548048973,-1.36145412922,-2.47086811066,-1.46570765972,-2.14544463158
2166,1,1508,138,11,1,1.5,0,70,1,0,0,,,,,,,,
2166,2,1508,138,11,1,1.5,0,72,1,0,0,,,,,,,,
2167,1,1508,138,11,1,1.5,0,11,1,1,1,1,0,-1.97000479698,0.666597902775,1.75709688663,-1.97000479698,0.666597902775,1.75709688663
2167,2,1508,138,11,1,1.5,0,25,1,1,1,1,,-2.54238700867,0.167410820723,1.35185599327,-1.97000479698,0.666597902775,1.75709688663
2168,1,1509,138,11,0,43.75,0,7,1,1,1,1,0,-2.05635619164,-0.345099776983,1.17502295971,-2.05635619164,-0.345099776983,1.17502295971
2168,2,1509,138,11,0,43.75,0,19,1,1,1,1,,-1.93873250484,-0.669564723969,1.09064269066,-2.05635619164,-0.345099776983,1.17502295971
2169,1,1510,138,11,1,1.5,0,13,1,1,1,1,0,-0.770234644413,-0.21973438561,0.0214157067239,-0.770234644413,-0.21973438561,0.0214157067239
2169,2,1510,138,11,1,1.5,0,26,1,1,1,1,,-1.63947200775,-0.157915741205,0.109693981707,-0.770234644413,-0.21973438561,0.0214157067239
2170,1,1511,138,11,1,1.5,1,5,1,1,1,1,0,0.369763880968,0.504743397236,,0.369763880968,0.504743397236,
2170,2,1511,138,11,1,1.5,1,18,1,1,1,1,,-1.60403096676,-0.496177792549,-0.819478988647,0.369763880968,0.504743397236,
2171,1,1512,138,11,1,1.5,0,16,1,1,1,1,0,-2.3453347683,-0.264316171408,1.36000263691,-2.3453347683,-0.264316171408,1.36000263691
2171,2,1512,138,11,1,1.5,0,28,1,1,1,1,,-2.82798528671,-0.669652283192,-1.97888171673,-2.3453347683,-0.264316171408,1.36000263691
2172,1,1513,138,11,1,1.5,0,21,1,1,1,1,0,-1.6125818491,-0.256328076124,0.0961060523987,-1.6125818491,-0.256328076124,0.0961060523987
2172,2,1513,138,11,1,1.5,0,35,1,1,1,1,,-1.76852667332,-0.269944906235,0.623320758343,-1.6125818491,-0.256328076124,0.0961060523987
2173,1,1514,138,11,0,43.75,1,21,1,1,1,1,0,-2.59698414803,-1.20742714405,-0.48469376564,-2.59698414803,-1.20742714405,-0.48469376564
2173,2,1514,138,11,0,43.75,1,34,1,1,1,1,,-2.98347258568,-1.63719463348,-1.09415817261,-2.59698414803,-1.20742714405,-0.48469376564
2174,2,1515,138,11,0,43.75,0,49,1,1,0,,,-2.76236081123,-0.578230977058,-0.280721873045,,,
2175,1,1516,139,12,1,2.625,0,9,1,1,1,1,0,-1.6800069809,-0.50967001915,0.682025551796,-1.6800069809,-0.50967001915,0.682025551796
2175,2,1516,139,12,1,2.625,0,22,1,1,1,1,,-2.0440466404,-0.778350055218,0.304968833923,-1.6800069809,-0.50967001915,0.682025551796
2176,1,1517,139,12,0,49.75,1,58,1,1,1,1,0,-1.646525383,0.307457000017,0.0936727672815,-1.646525383,0.307457000017,0.0936727672815
2176,2,1517,139,12,0,49.75,1,71,1,1,1,1,,-1.59995222092,0.135808005929,,-1.646525383,0.307457000017,0.0936727672815
2177,1,1518,139,12,1,2.625,0,20,1,1,1,1,0,-2.22093558311,-0.407018244267,-0.208724573255,-2.22093558311,-0.407018244267,-0.208724573255
2177,2,1518,139,12,1,2.625,0,32,1,1,1,1,,-2.24249577522,-0.408315271139,-0.481367230415,-2.22093558311,-0.407018244267,-0.208724573255
2178,1,1519,139,12,1,2.625,0,13,1,1,1,1,0,-2.00683164597,-0.333944559097,-0.703853189945,-2.00683164597,-0.333944559097,-0.703853189945
2178,2,1519,139,12,1,2.625,0,26,1,1,1,1,,-2.06457185745,-0.407768934965,-0.756662487984,-2.00683164597,-0.333944559097,-0.703853189945
2179,1,1520,139,12,0,49.75,0,41,1,1,1,1,0,-3.46464514732,-2.23636364937,-2.46472001076,-3.46464514732,-2.23636364937,-2.46472001076
2179,2,1520,139,12,0,49.75,0,54,1,1,1,1,,-2.97100329399,-2.25650715828,-1.96082186699,-3.46464514732,-2.23636364937,-2.46472001076
2180,1,1521,139,12,1,2.625,0,17,1,1,1,1,0,-3.86229133606,-2.08719468117,-1.29485523701,-3.86229133606,-2.08719468117,-1.29485523701
2180,2,1521,139,12,1,2.625,0,30,1,1,1,1,,,-1.2196637392,-0.492401212454,-3.86229133606,-2.08719468117,-1.29485523701
2181,1,1522,139,12,1,2.625,1,14,1,1,1,1,0,-1.8746650219,-0.89534175396,-0.159391015768,-1.8746650219,-0.89534175396,-0.159391015768
2181,2,1522,139,12,1,2.625,1,27,1,1,1,1,,-1.79904484749,-1.36548113823,-0.939903080463,-1.8746650219,-0.89534175396,-0.159391015768
2182,1,1524,139,12,1,2.625,0,35,1,1,1,1,0,-1.34508061409,-0.221651643515,-0.162049695849,-1.34508061409,-0.221651643515,-0.162049695849
2182,2,1524,139,12,1,2.625,0,48,1,1,1,1,,-1.46094977856,-0.368478894234,-0.491817891598,-1.34508061409,-0.221651643515,-0.162049695849
2183,1,1525,139,12,0,49.75,1,58,1,1,1,1,0,-2.37249779701,-0.807377696037,-0.230936422944,-2.37249779701,-0.807377696037,-0.230936422944
2183,2,1525,139,12,0,49.75,1,71,1,1,1,1,,-2.3564927578,-0.686167657375,,-2.37249779701,-0.807377696037,-0.230936422944
2184,2,1525,139,12,0,49.75,0,10,1,1,0,,,-1.80803918839,0.173905149102,-0.246239900589,,,
2185,1,1526,139,12,1,2.625,0,6,1,1,1,1,0,-2.58077454567,-1.85157704353,-0.695944368839,-2.58077454567,-1.85157704353,-0.695944368839
2185,2,1526,139,12,1,2.625,0,18,1,1,1,1,,-2.50576162338,-2.9734377861,-0.99667775631,-2.58077454567,-1.85157704353,-0.695944368839
2186,1,1527,139,12,1,2.625,0,13,1,1,1,1,0,-1.57402455807,-0.556697368622,-0.0672851502895,-1.57402455807,-0.556697368622,-0.0672851502895
2186,2,1527,139,12,1,2.625,0,26,1,1,1,1,,-2.15903949738,-0.680167138577,0.994568049908,-1.57402455807,-0.556697368622,-0.0672851502895
2187,2,1527,139,12,1,2.625,1,2,1,1,0,,,1.15755546093,0.707549870014,,,,
2188,1,1528,140,11,1,1,1,7,1,1,1,0,1,-0.426412642002,0.0618478953838,-0.0880557447672,-0.426412642002,0.0618478953838,-0.0880557447672
2189,1,1529,140,11,0,43.75,1,45,1,1,1,1,0,-2.09481596947,0.416637688875,1.01329255104,-2.09481596947,0.416637688875,1.01329255104
2189,2,1529,140,11,0,43.75,1,58,1,1,1,1,,-2.0628926754,0.209664553404,0.590292870998,-2.09481596947,0.416637688875,1.01329255104
2190,1,1530,140,11,1,1,0,11,1,1,1,1,0,-2.35637807846,-1.21366930008,0.166639730334,-2.35637807846,-1.21366930008,0.166639730334
2190,2,1530,140,11,1,1,0,24,1,1,1,1,,-2.80381059647,-1.62044072151,0.124086745083,-2.35637807846,-1.21366930008,0.166639730334
2191,1,1531,140,11,1,1,1,20,1,1,1,1,0,-0.781176149845,0.293124973774,0.811998188496,-0.781176149845,0.293124973774,0.811998188496
2191,2,1531,140,11,1,1,1,33,1,1,1,1,,-1.08211290836,0.463842004538,0.6123726964,-0.781176149845,0.293124973774,0.811998188496
2192,1,1534,140,11,1,1,1,69,1,0,0,,,,,,,,
2192,2,1534,140,11,1,1,1,72,1,0,0,,,,,,,,
2193,1,1534,140,11,1,1,1,4,1,1,1,1,0,-1.681671381,-1.10687601566,,-1.681671381,-1.10687601566,
2193,2,1534,140,11,1,1,1,17,1,1,1,1,,-4.28952312469,-1.88555431366,-0.545252144337,-1.681671381,-1.10687601566,
2194,1,1535,140,11,1,1,0,63,1,0,0,,,,,,,,
2194,2,1535,140,11,1,1,0,72,1,0,0,,,,,,,,
2195,1,1535,140,11,1,1,1,14,1,1,1,1,0,-2.3590054512,-1.07596635818,-0.421884149313,-2.3590054512,-1.07596635818,-0.421884149313
2195,2,1535,140,11,1,1,1,27,1,1,1,1,,-2.7010819912,-1.0055423975,-0.590978145599,-2.3590054512,-1.07596635818,-0.421884149313
2196,1,1537,140,11,1,1,0,63,1,0,0,,,,,,,,
2196,2,1537,140,11,1,1,0,72,1,0,0,,,,,,,,
2197,1,1537,140,11,1,1,1,12,1,0,0,,,,,,,,
2197,2,1537,140,11,1,1,1,28,1,1,0,,,-3.68681454659,-1.97362267971,-0.395371854305,,,
2198,1,1538,140,11,1,1,0,40,1,1,1,1,0,-2.68625402451,-0.384846806526,0.323501527309,-2.68625402451,-0.384846806526,0.323501527309
2198,2,1538,140,11,1,1,0,53,1,1,1,1,,-2.61835026741,-0.817368388176,-0.369617074728,-2.68625402451,-0.384846806526,0.323501527309
2199,1,1538,140,11,1,1,1,10,1,1,1,1,0,-1.28945350647,-0.15609139204,0.480369746685,-1.28945350647,-0.15609139204,0.480369746685
2199,2,1538,140,11,1,1,1,22,1,1,1,1,,-1.39542424679,0.208221793175,1.00918102264,-1.28945350647,-0.15609139204,0.480369746685
2200,1,1539,140,11,1,1,0,19,1,1,1,1,0,-1.68467819691,0.298113793135,1.56215417385,-1.68467819691,0.298113793135,1.56215417385
2200,2,1539,140,11,1,1,0,32,1,1,1,1,,-2.37063264847,-0.0659489929676,1.10362803936,-1.68467819691,0.298113793135,1.56215417385
2201,1,1540,141,12,1,2.25,0,46,1,1,1,1,0,-3.82173538208,-1.30480802059,0.314906597137,-3.82173538208,-1.30480802059,0.314906597137
2201,2,1540,141,12,1,2.25,0,58,1,1,1,1,,-3.67609453201,-1.43943357468,0.67765468359,-3.82173538208,-1.30480802059,0.314906597137
2202,1,1541,141,12,1,2.25,0,7,1,1,1,1,0,-1.45757257938,-2.81656432152,-1.79458868504,-1.45757257938,-2.81656432152,-1.79458868504
2202,2,1541,141,12,1,2.25,0,20,1,1,1,1,,-3.87341451645,-2.87094092369,-0.520913362503,-1.45757257938,-2.81656432152,-1.79458868504
2203,1,1542,141,12,1,2.25,0,3,1,1,1,1,0,-1.97088098526,-1.00557076931,,-1.97088098526,-1.00557076931,
2203,2,1542,141,12,1,2.25,0,16,1,1,1,1,,-3.73830294609,-1.46220648289,-0.241287663579,-1.97088098526,-1.00557076931,
2204,2,1544,141,12,0,27.75,1,12,1,1,0,,,-0.316508024931,-0.372678250074,-1.12742626667,,,
2205,1,1546,141,12,1,2.25,1,36,1,1,1,1,0,-2.90235996246,-1.6276704073,-1.51373398304,-2.90235996246,-1.6276704073,-1.51373398304
2205,2,1546,141,12,1,2.25,1,49,1,1,1,1,,-2.2826859951,-1.10015046597,-0.385450333357,-2.90235996246,-1.6276704073,-1.51373398304
2206,1,1546,141,12,1,2.25,0,8,1,1,1,1,0,-2.35744380951,-2.33453607559,-2.28374123573,-2.35744380951,-2.33453607559,-2.28374123573
2206,2,1546,141,12,1,2.25,0,21,1,1,1,1,,-2.36062669754,-1.81804907322,-0.69984292984,-2.35744380951,-2.33453607559,-2.28374123573
2207,1,1547,141,12,1,2.25,0,18,1,1,1,1,0,-1.61597001553,0.403349608183,0.722409307957,-1.61597001553,0.403349608183,0.722409307957
2207,2,1547,141,12,1,2.25,0,31,1,1,1,1,,-2.44661068916,0.468715310097,1.87292575836,-1.61597001553,0.403349608183,0.722409307957
2208,1,1548,141,12,1,2.25,1,10,1,0,0,,,,,,,,
2208,2,1548,141,12,1,2.25,1,23,1,1,0,,,-0.683816194534,0.315596342087,0.201901808381,,,
2209,1,1549,141,12,1,2.25,1,12,1,1,1,1,0,-2.25826931,-1.84689700603,-0.709443390369,-2.25826931,-1.84689700603,-0.709443390369
2209,2,1549,141,12,1,2.25,1,25,1,1,1,1,,-2.83389639854,-1.64927911758,-0.467088192701,-2.25826931,-1.84689700603,-0.709443390369
2210,2,1549,141,12,1,2.25,1,2,1,1,0,,,-0.401392042637,0.426835954189,,,,
2211,1,1550,141,12,0,27.75,0,516,1,0,0,,,,,,,,
2211,2,1550,141,12,0,27.75,0,56,1,1,0,,,-0.761860430241,1.10234248638,0.0417748354375,,,
2212,1,1552,142,11,1,1,0,14,1,1,1,1,0,-0.141162276268,0.716803729534,0.684313118458,-0.141162276268,0.716803729534,0.684313118458
2212,2,1552,142,11,1,1,0,27,1,1,1,1,,-0.887003719807,1.0237082243,1.28805983067,-0.141162276268,0.716803729534,0.684313118458
2213,1,1553,142,11,1,1,0,54,1,1,1,1,0,-2.81245136261,-1.63248383999,-1.35057890415,-2.81245136261,-1.63248383999,-1.35057890415
2213,2,1553,142,11,1,1,0,68,1,1,1,1,,-2.70306277275,-1.68118524551,,-2.81245136261,-1.63248383999,-1.35057890415
2214,1,1553,142,11,1,1,1,8,1,1,1,1,0,-3.06546401978,-1.05200111866,0.423011034727,-3.06546401978,-1.05200111866,0.423011034727
2214,2,1553,142,11,1,1,1,21,1,1,1,1,,-2.90671443939,-0.300871282816,0.719076871872,-3.06546401978,-1.05200111866,0.423011034727
2215,1,1554,142,11,0,29.9999980927,1,26,1,1,1,1,0,-1.74062490463,-0.357935845852,-0.0267338976264,-1.74062490463,-0.357935845852,-0.0267338976264
2215,2,1554,142,11,0,29.9999980927,1,39,1,1,1,1,,-1.87578785419,-0.124940231442,0.184947267175,-1.74062490463,-0.357935845852,-0.0267338976264
2216,2,1554,142,11,0,29.9999980927,1,27,1,0,0,,,,,,,,
2217,1,1555,142,11,0,29.9999980927,0,23,1,1,1,1,0,-3.4359254837,-1.51644337177,-0.521443426609,-3.4359254837,-1.51644337177,-0.521443426609
2217,2,1555,142,11,0,29.9999980927,0,35,1,1,1,1,,-2.75201010704,-0.933116853237,-0.162049695849,-3.4359254837,-1.51644337177,-0.521443426609
2218,1,1556,142,11,1,1,0,14,1,1,1,1,0,-2.72462034225,-1.95112192631,-0.637909829617,-2.72462034225,-1.95112192631,-0.637909829617
2218,2,1556,142,11,1,1,0,27,1,1,1,1,,-2.37065172195,-1.02021288872,-0.893683969975,-2.72462034225,-1.95112192631,-0.637909829617
2219,1,1557,142,11,1,1,0,57,1,1,1,1,0,-2.98811888695,-0.99791264534,0.264510452747,-2.98811888695,-0.99791264534,0.264510452747
2219,2,1557,142,11,1,1,0,70,1,1,1,1,,-2.75409770012,-1.1749881506,,-2.98811888695,-0.99791264534,0.264510452747
2220,1,1557,142,11,1,1,1,21,1,1,1,1,0,-4.29235506058,-2.79527306557,-1.49920010567,-4.29235506058,-2.79527306557,-1.49920010567
2220,2,1557,142,11,1,1,1,34,1,1,1,1,,-4.35495090485,-2.28254413605,-1.66853809357,-4.29235506058,-2.79527306557,-1.49920010567
2221,1,1558,142,11,1,1,1,3,1,1,1,1,0,-1.5452747345,-1.40971577168,,-1.5452747345,-1.40971577168,
2221,2,1558,142,11,1,1,1,16,1,1,1,1,,-2.27434921265,-1.76693975925,-1.09761548042,-1.5452747345,-1.40971577168,
2222,1,1559,142,11,0,29.9999980927,0,37,1,1,1,1,0,-1.07499575615,-0.806170523167,-1.06491708755,-1.07499575615,-0.806170523167,-1.06491708755
2222,2,1559,142,11,0,29.9999980927,0,50,1,1,1,1,,-1.10065960884,-0.432594954967,-1.66130292416,-1.07499575615,-0.806170523167,-1.06491708755
2223,1,1560,142,11,1,1,0,40,1,1,1,0,1,-2.42872810364,-1.2458987236,-0.711749732494,-2.42872810364,-1.2458987236,-0.711749732494
2224,1,1560,142,11,1,1,1,9,1,1,1,0,1,-2.08776545525,-1.45956552029,-0.0568290576339,-2.08776545525,-1.45956552029,-0.0568290576339
2225,1,1561,142,11,1,1,0,54,1,1,1,1,0,-2.72184944153,-0.117439590394,0.12356454134,-2.72184944153,-0.117439590394,0.12356454134
2225,2,1561,142,11,1,1,0,67,1,1,1,1,,-2.34023046494,0.0705237463117,,-2.72184944153,-0.117439590394,0.12356454134
2226,1,1561,142,11,1,1,0,8,1,1,1,1,0,-2.40278363228,-0.955506742001,0.482007712126,-2.40278363228,-0.955506742001,0.482007712126
2226,2,1561,142,11,1,1,0,21,1,1,1,1,,-3.80453467369,-0.619773030281,0.844891250134,-2.40278363228,-0.955506742001,0.482007712126
2227,1,1562,142,11,0,29.9999980927,0,45,1,1,1,1,0,-3.04302692413,-1.90960597992,-2.15958857536,-3.04302692413,-1.90960597992,-2.15958857536
2227,2,1562,142,11,0,29.9999980927,0,58,1,1,1,1,,-2.41557216644,-2.12828493118,-2.95972418785,-3.04302692413,-1.90960597992,-2.15958857536
2228,2,1562,142,11,0,29.9999980927,0,1,1,1,0,,,-1.57941126823,-0.640142560005,,,,
2229,1,1564,143,14,1,1,1,57,1,0,0,,,,,,,,
2229,2,1564,143,14,1,1,1,70,1,1,0,,,-2.51202344894,-1.76205360889,,,,
2230,1,1564,143,14,1,1,0,11,1,1,1,1,0,-1.49776482582,-0.984934329987,-0.100003890693,-1.49776482582,-0.984934329987,-0.100003890693
2230,2,1564,143,14,1,1,0,24,1,1,1,1,,-1.2981647253,-0.558963775635,0.740571081638,-1.49776482582,-0.984934329987,-0.100003890693
2231,1,1566,143,14,1,1,1,54,1,1,1,1,0,-2.67313981056,-1.30719077587,-0.583056807518,-2.67313981056,-1.30719077587,-0.583056807518
2231,2,1566,143,14,1,1,1,67,1,1,1,1,,-2.36155819893,-1.28219985962,,-2.67313981056,-1.30719077587,-0.583056807518
2232,1,1566,143,14,1,1,0,23,1,1,1,1,0,-2.51776456833,-1.03109514713,0.00308148795739,-2.51776456833,-1.03109514713,0.00308148795739
2232,2,1566,143,14,1,1,0,35,1,1,1,1,,-2.67005634308,-0.718572616577,-1.23302805424,-2.51776456833,-1.03109514713,0.00308148795739
2233,1,1567,143,14,0,22,0,1,1,1,1,1,0,-2.94079709053,-2.80085062981,,-2.94079709053,-2.80085062981,
2233,2,1567,143,14,0,22,0,13,1,1,1,1,,-0.729018509388,-1.08013367653,-0.565071761608,-2.94079709053,-2.80085062981,
2234,2,1568,143,14,0,22,1,48,1,0,0,,,,,,,,
2235,1,1569,143,14,1,1,0,33,1,1,1,1,0,-2.98138475418,-1.88225281239,-0.861195802689,-2.98138475418,-1.88225281239,-0.861195802689
2235,2,1569,143,14,1,1,0,45,1,1,1,1,,-4.19470405579,-2.05430698395,-0.42356723547,-2.98138475418,-1.88225281239,-0.861195802689
2236,1,1569,143,14,1,1,0,2,1,1,1,1,0,-2.26191926003,-0.922368824482,,-2.26191926003,-0.922368824482,
2236,2,1569,143,14,1,1,0,14,1,1,1,1,,-2.09893727303,-1.09387791157,-0.228185802698,-2.26191926003,-0.922368824482,
2237,1,1570,143,14,1,1,1,8,1,1,1,1,0,-1.90266990662,-1.19645941257,-0.522378385067,-1.90266990662,-1.19645941257,-0.522378385067
2237,2,1570,143,14,1,1,1,21,1,1,1,1,,-2.77630329132,-0.475523322821,-0.181239724159,-1.90266990662,-1.19645941257,-0.522378385067
2238,1,1572,144,16,0,33.75,1,16,1,1,1,1,0,-1.98806393147,-0.691596329212,-0.412199676037,-1.98806393147,-0.691596329212,-0.412199676037
2238,2,1572,144,16,0,33.75,1,29,1,1,1,1,,-2.34109473228,-0.558276057243,0.118204504251,-1.98806393147,-0.691596329212,-0.412199676037
2239,1,1573,144,16,1,3.49999976158,1,33,1,1,1,1,0,-3.21970701218,-2.73052668571,-1.67780208588,-3.21970701218,-2.73052668571,-1.67780208588
2239,2,1573,144,16,1,3.49999976158,1,46,1,1,1,1,,-3.16559576988,-2.53735899925,-1.73350203037,-3.21970701218,-2.73052668571,-1.67780208588
2240,1,1573,144,16,1,3.49999976158,1,9,1,1,1,1,0,-2.95706272125,-2.20353841782,-2.1385602951,-2.95706272125,-2.20353841782,-2.1385602951
2240,2,1573,144,16,1,3.49999976158,1,22,1,1,1,1,,-3.6388733387,-2.16356301308,-1.65545785427,-2.95706272125,-2.20353841782,-2.1385602951
2241,1,1574,144,16,1,3.49999976158,1,41,1,1,1,1,0,-1.45427966118,-0.0548510216177,-0.299386709929,-1.45427966118,-0.0548510216177,-0.299386709929
2241,2,1574,144,16,1,3.49999976158,1,54,1,1,1,1,,-1.06371629238,-0.183755010366,-0.37346509099,-1.45427966118,-0.0548510216177,-0.299386709929
2242,1,1575,144,16,1,3.49999976158,1,23,1,1,1,1,0,-2.27504253387,-0.34566116333,0.641254842281,-2.27504253387,-0.34566116333,0.641254842281
2242,2,1575,144,16,1,3.49999976158,1,36,1,1,1,1,,-2.25893831253,-0.32767188549,0.631354093552,-2.27504253387,-0.34566116333,0.641254842281
2243,1,1576,144,16,1,3.49999976158,0,9,1,1,1,1,0,-0.721581578255,-0.0221182666719,0.15687546134,-0.721581578255,-0.0221182666719,0.15687546134
2243,2,1576,144,16,1,3.49999976158,0,22,1,1,1,1,,-1.46467864513,-0.778350055218,0.388605892658,-0.721581578255,-0.0221182666719,0.15687546134
2244,1,1577,144,16,0,33.75,0,43,1,1,1,1,0,-1.58558893204,-1.03902816772,-1.56328999996,-1.58558893204,-1.03902816772,-1.56328999996
2244,2,1577,144,16,0,33.75,0,56,1,1,1,1,,-1.2074328661,-1.11498844624,-1.55956351757,-1.58558893204,-1.03902816772,-1.56328999996
2245,1,1578,144,16,1,3.49999976158,1,21,1,1,1,1,0,1.08719062805,0.945583879948,0.836039543152,1.08719062805,0.945583879948,0.836039543152
2245,2,1578,144,16,1,3.49999976158,1,34,1,1,1,1,,0.539337933064,1.00835859776,0.786817312241,1.08719062805,0.945583879948,0.836039543152
2246,1,1579,144,16,0,33.75,0,9,1,1,1,1,0,-1.30109214783,-0.729236245155,-0.852609157562,-1.30109214783,-0.729236245155,-0.852609157562
2246,2,1579,144,16,0,33.75,0,21,1,1,1,1,,-1.1428757906,0.0700055733323,0.350664019585,-1.30109214783,-0.729236245155,-0.852609157562
2247,1,1580,144,16,1,3.49999976158,0,10,1,1,1,1,0,-0.0574181042612,0.0749576762319,0.636560320854,-0.0574181042612,0.0749576762319,0.636560320854
2247,2,1580,144,16,1,3.49999976158,0,23,1,1,1,1,,-1.66638040543,-0.729894459248,0.173067003489,-0.0574181042612,0.0749576762319,0.636560320854
2248,1,1582,144,16,1,3.49999976158,0,12,1,1,1,1,0,1.41551947594,0.573114216328,0.740686416626,1.41551947594,0.573114216328,0.740686416626
2248,2,1582,144,16,1,3.49999976158,0,27,1,1,1,1,,,-0.268117696047,0.309601873159,1.41551947594,0.573114216328,0.740686416626
2249,1,1583,144,16,1,3.49999976158,0,20,1,1,1,1,0,0.284439891577,0.273927778006,0.0529500618577,0.284439891577,0.273927778006,0.0529500618577
2249,2,1583,144,16,1,3.49999976158,0,33,1,1,1,1,,0.148464336991,0.677315890789,-0.430588573217,0.284439891577,0.273927778006,0.0529500618577
2250,1,1584,145,16,0,28.5,1,48,1,1,1,0,1,-1.4581952095,-0.472530454397,,-1.4581952095,-0.472530454397,
2251,1,1585,145,16,1,3.24999976158,1,10,1,1,1,1,0,-1.61366283894,-0.116741299629,0.398906558752,-1.61366283894,-0.116741299629,0.398906558752
2251,2,1585,145,16,1,3.24999976158,1,23,1,1,1,1,,-2.77919507027,-1.43313002586,-0.961532115936,-1.61366283894,-0.116741299629,0.398906558752
2252,1,1586,145,16,0,28.5,0,53,1,1,1,1,0,-1.09947836399,0.0137045318261,-0.293970555067,-1.09947836399,0.0137045318261,-0.293970555067
2252,2,1586,145,16,0,28.5,0,66,1,1,1,1,,-1.16127455235,-0.220736727118,,-1.09947836399,0.0137045318261,-0.293970555067
2253,1,1587,145,16,1,3.24999976158,1,52,1,1,1,1,0,-0.392206609249,-0.442956387997,-0.448041647673,-0.392206609249,-0.442956387997,-0.448041647673
2253,2,1587,145,16,1,3.24999976158,1,66,1,1,1,1,,-0.44082686305,-0.384130418301,,-0.392206609249,-0.442956387997,-0.448041647673
2254,1,1587,145,16,1,3.24999976158,0,13,1,1,1,1,0,-1.45036363602,-0.946583092213,-1.36973953247,-1.45036363602,-0.946583092213,-1.36973953247
2254,2,1587,145,16,1,3.24999976158,0,27,1,1,1,1,,-1.92246520519,-1.36322593689,-1.16842269897,-1.45036363602,-0.946583092213,-1.36973953247
2255,1,1588,145,16,1,3.24999976158,0,34,1,0,0,,,,,,,,
2255,2,1588,145,16,1,3.24999976158,0,47,1,1,0,,,-2.1080198288,-0.453378260136,0.506293475628,,,
2256,1,1588,145,16,1,3.24999976158,1,3,1,1,1,1,0,0.141136020422,1.10750293732,,0.141136020422,1.10750293732,
2256,2,1588,145,16,1,3.24999976158,1,15,1,1,1,1,,0.324948370457,0.24860842526,1.18152248859,0.141136020422,1.10750293732,
2257,1,1589,145,16,1,3.24999976158,1,23,1,1,1,1,0,-1.29825115204,-0.0640344619751,0.0788008570671,-1.29825115204,-0.0640344619751,0.0788008570671
2257,2,1589,145,16,1,3.24999976158,1,36,1,1,1,1,,-1.36602318287,-0.0281786099076,0.266677290201,-1.29825115204,-0.0640344619751,0.0788008570671
2258,2,1589,145,16,1,3.24999976158,1,4,1,1,0,,,-0.82695299387,0.997611761093,,,,
2259,1,1590,145,16,1,3.24999976158,1,51,1,1,1,1,0,-3.53382062912,-2.30368924141,-0.777029037476,-3.53382062912,-2.30368924141,-0.777029037476
2259,2,1590,145,16,1,3.24999976158,1,64,1,1,1,1,,-3.10194087029,-2.49722719193,,-3.53382062912,-2.30368924141,-0.777029037476
2260,1,1590,145,16,1,3.24999976158,1,22,1,1,1,1,0,-1.57169616222,-1.49453783035,-0.810295283794,-1.57169616222,-1.49453783035,-0.810295283794
2260,2,1590,145,16,1,3.24999976158,1,34,1,1,1,1,,-1.50442898273,-0.478790462017,0.496363550425,-1.57169616222,-1.49453783035,-0.810295283794
2261,1,1592,145,16,1,3.24999976158,1,23,1,1,1,1,0,-1.88117480278,-0.577187418938,-0.342282652855,-1.88117480278,-0.577187418938,-0.342282652855
2261,2,1592,145,16,1,3.24999976158,1,36,1,1,1,1,,-1.98318505287,-0.581105589867,-0.111622363329,-1.88117480278,-0.577187418938,-0.342282652855
2262,2,1592,145,16,1,3.24999976158,1,4,1,1,0,,,-0.0877354964614,-0.285825937986,,,,
2263,1,1593,145,16,1,3.24999976158,0,11,1,0,0,,,,,,,,
2263,2,1593,145,16,1,3.24999976158,0,24,1,1,0,,,-3.27841877937,-2.32603430748,-0.481036931276,,,
2264,1,1594,145,16,1,3.24999976158,1,18,1,1,1,1,0,-2.80931901932,-1.21080875397,-0.773738324642,-2.80931901932,-1.21080875397,-0.773738324642
2264,2,1594,145,16,1,3.24999976158,1,31,1,1,1,1,,-2.68098211288,-1.06328749657,-0.46640342474,-2.80931901932,-1.21080875397,-0.773738324642
2265,1,1595,145,16,0,28.5,0,47,1,1,1,1,0,-1.60281705856,-1.4117846489,-1.29536402225,-1.60281705856,-1.4117846489,-1.29536402225
2265,2,1595,145,16,0,28.5,0,60,1,1,1,1,,-1.61070370674,-1.23475205898,-0.372592270374,-1.60281705856,-1.4117846489,-1.29536402225
2266,1,1595,145,16,0,28.5,1,47,1,1,1,1,0,-1.5664460659,-1.11198318005,-1.51235437393,-1.5664460659,-1.11198318005,-1.51235437393
2266,2,1595,145,16,0,28.5,1,60,1,1,1,1,,-1.70778417587,-1.10842430592,-1.40617084503,-1.5664460659,-1.11198318005,-1.51235437393
2267,1,1596,146,15,0,33,1,47,1,1,1,1,0,-1.74216151237,-0.170575454831,0.612295389175,-1.74216151237,-0.170575454831,0.612295389175
2267,2,1596,146,15,0,33,1,60,1,1,1,1,,-1.57113409042,-0.196102380753,0.0931572914124,-1.74216151237,-0.170575454831,0.612295389175
2268,1,1596,146,15,0,33,0,1,1,1,1,1,0,,-2.53382658958,,,-2.53382658958,
2268,2,1596,146,15,0,33,0,13,1,1,1,1,,-2.62513017654,-1.04914939404,-0.111839778721,,-2.53382658958,
2269,1,1597,146,15,1,1,1,39,1,1,1,1,0,-1.2283949852,-0.103390179574,-0.774541676044,-1.2283949852,-0.103390179574,-0.774541676044
2269,2,1597,146,15,1,1,1,52,1,1,1,1,,-0.706080317497,-0.525570333004,-1.49270093441,-1.2283949852,-0.103390179574,-0.774541676044
2270,1,1597,146,15,1,1,0,4,1,1,1,1,0,0.174934715033,1.03031945229,,0.174934715033,1.03031945229,
2270,2,1597,146,15,1,1,0,17,1,1,1,1,,-0.32140687108,-0.379310280085,-0.453789740801,0.174934715033,1.03031945229,
2271,1,1598,146,15,1,1,0,33,1,1,1,1,0,-0.00592152634636,0.161123767495,0.224851071835,-0.00592152634636,0.161123767495,0.224851071835
2271,2,1598,146,15,1,1,0,46,1,1,1,1,,-0.884421229362,-0.0676294118166,-0.134634912014,-0.00592152634636,0.161123767495,0.224851071835
2272,1,1598,146,15,1,1,1,20,1,1,1,1,0,-0.980319857597,-0.629348993301,0.57528179884,-0.980319857597,-0.629348993301,0.57528179884
2272,2,1598,146,15,1,1,1,34,1,1,1,1,,-1.58510494232,-0.366726577282,0.347962737083,-0.980319857597,-0.629348993301,0.57528179884
2273,2,1599,146,15,1,1,1,72,1,1,0,,,-1.56739330292,-1.32669186592,,,,
2274,1,1600,146,15,1,1,0,6,1,1,1,1,0,-2.09018468857,-1.79666054249,-1.18269133568,-2.09018468857,-1.79666054249,-1.18269133568
2274,2,1600,146,15,1,1,0,19,1,1,1,1,,-2.55572605133,-2.31595540047,1.56215417385,-2.09018468857,-1.79666054249,-1.18269133568
2275,1,1601,146,15,0,33,1,30,1,1,1,1,0,-0.631615936756,-0.0916687175632,-0.0133568989113,-0.631615936756,-0.0916687175632,-0.0133568989113
2275,2,1601,146,15,0,33,1,45,1,1,1,1,,-1.30691492558,-0.558365225792,-0.143527850509,-0.631615936756,-0.0916687175632,-0.0133568989113
2276,1,1602,146,15,0,33,1,35,1,1,1,1,0,-0.771385610104,0.845619499683,0.956330358982,-0.771385610104,0.845619499683,0.956330358982
2276,2,1602,146,15,0,33,1,48,1,1,1,1,,-0.993890881538,0.553157508373,0.897336006165,-0.771385610104,0.845619499683,0.956330358982
2277,1,1602,146,15,0,33,1,12,1,0,0,,,,,,,,
2277,2,1602,146,15,0,33,1,48,1,0,0,,,,,,,,
2278,1,1603,146,15,0,33,0,53,1,1,1,1,0,-1.62480247021,-0.595064043999,0.428891599178,-1.62480247021,-0.595064043999,0.428891599178
2278,2,1603,146,15,0,33,0,67,1,1,1,1,,-1.78542518616,-0.2190977633,,-1.62480247021,-0.595064043999,0.428891599178
2279,1,1603,146,15,0,33,1,33,1,1,1,0,1,-1.29995572567,-0.0140238674358,0.0856751576066,-1.29995572567,-0.0140238674358,0.0856751576066
2279,2,1603,146,15,0,33,1,43,1,0,1,0,,,,,-1.29995572567,-0.0140238674358,0.0856751576066
2280,1,1604,146,15,1,1,1,35,1,0,0,,,,,,,,
2280,2,1604,146,15,1,1,1,47,1,1,0,,,-1.91787695885,-0.75059658289,-0.502327144146,,,
2281,1,1604,146,15,1,1,0,16,1,0,0,,,,,,,,
2281,2,1604,146,15,1,1,0,30,1,1,0,,,-1.34579825401,-0.630052030087,-0.321309804916,,,
2282,1,1605,146,15,1,1,1,19,1,1,1,1,0,-2.81191325188,-1.40036046505,-1.00890243053,-2.81191325188,-1.40036046505,-1.00890243053
2282,2,1605,146,15,1,1,1,31,1,1,1,1,,-1.87051236629,-0.0682483837008,0.84952545166,-2.81191325188,-1.40036046505,-1.00890243053
2283,1,1605,146,15,1,1,1,2,1,1,1,1,0,-1.8010840416,-0.864947557449,,-1.8010840416,-0.864947557449,
2283,2,1605,146,15,1,1,1,15,1,1,1,1,,-2.28530335426,-1.51580560207,-0.639424264431,-1.8010840416,-0.864947557449,
2284,1,1606,147,15,1,1.375,0,62,1,0,0,,,,,,,,
2284,2,1606,147,15,1,1.375,0,72,1,0,0,,,,,,,,
2285,1,1606,147,15,1,1.375,0,8,1,1,1,1,0,-3.33226895332,-1.79815196991,-1.08240246773,-3.33226895332,-1.79815196991,-1.08240246773
2285,2,1606,147,15,1,1.375,0,20,1,1,1,1,,-2.87837386131,-1.72458934784,-0.520913362503,-3.33226895332,-1.79815196991,-1.08240246773
2286,1,1607,147,15,1,1.375,0,23,1,1,1,0,1,-3.58617162704,,-0.792328715324,-3.58617162704,,-0.792328715324
2287,1,1608,147,15,1,1.375,0,51,1,1,1,1,0,-2.6605451107,-2.58336949348,-2.46371746063,-2.6605451107,-2.58336949348,-2.46371746063
2287,2,1608,147,15,1,1.375,0,64,1,1,1,1,,-2.71441984177,-3.08809041977,,-2.6605451107,-2.58336949348,-2.46371746063
2288,1,1608,147,15,1,1.375,0,24,1,1,1,1,0,-4.14580392838,-3.30265593529,-2.50072145462,-4.14580392838,-3.30265593529,-2.50072145462
2288,2,1608,147,15,1,1.375,0,37,1,1,1,1,,-4.2597079277,-3.22961878777,-2.95972418785,-4.14580392838,-3.30265593529,-2.50072145462
2289,1,1609,147,15,0,20.75,0,51,1,1,1,1,0,-1.38301074505,0.23128336668,0.33678740263,-1.38301074505,0.23128336668,0.33678740263
2289,2,1609,147,15,0,20.75,0,65,1,1,1,1,,-1.49308466911,0.0696216225624,,-1.38301074505,0.23128336668,0.33678740263
2290,1,1610,147,15,1,1.375,0,50,1,1,1,1,0,-2.10822486877,-1.1958309412,-2.16140604019,-2.10822486877,-1.1958309412,-2.16140604019
2290,2,1610,147,15,1,1.375,0,63,1,1,1,1,,-1.90895485878,-1.29032742977,,-2.10822486877,-1.1958309412,-2.16140604019
2291,1,1610,147,15,1,1.375,0,12,1,1,1,1,0,-3.32407689095,-2.00258731842,-1.34215116501,-3.32407689095,-2.00258731842,-1.34215116501
2291,2,1610,147,15,1,1.375,0,25,1,1,1,1,,-2.99168848991,-1.64286756516,-0.354010492563,-3.32407689095,-2.00258731842,-1.34215116501
2292,1,1611,147,15,1,1.375,1,5,1,1,1,1,0,-2.33615374565,-2.50948905945,,-2.33615374565,-2.50948905945,
2292,2,1611,147,15,1,1.375,1,18,1,1,1,1,,-2.94706916809,-2.15228056908,-1.00444161892,-2.33615374565,-2.50948905945,
2293,1,1613,147,15,0,20.75,0,62,1,0,0,,,,,,,,
2293,2,1613,147,15,0,20.75,0,72,1,0,0,,,,,,,,
2294,2,1613,147,15,0,20.75,0,8,1,1,0,,,0.816403269768,0.10073017329,1.75103485584,,,
2295,1,1614,147,15,1,1.375,0,26,1,1,1,1,0,-1.95436108112,-0.561296820641,0.192940250039,-1.95436108112,-0.561296820641,0.192940250039
2295,2,1614,147,15,1,1.375,0,39,1,1,1,1,,-1.90249478817,-0.456252247095,-0.47860866785,-1.95436108112,-0.561296820641,0.192940250039
2296,1,1614,147,15,1,1.375,0,4,1,1,1,1,0,-0.137450799346,0.984434247017,,-0.137450799346,0.984434247017,
2296,2,1614,147,15,1,1.375,0,17,1,1,1,1,,-2.08238244057,-0.985757291317,-0.273827850819,-0.137450799346,0.984434247017,
2297,1,1615,147,15,1,1.375,0,12,1,1,1,1,0,-2.33511996269,-1.898219347,-1.24522614479,-2.33511996269,-1.898219347,-1.24522614479
2297,2,1615,147,15,1,1.375,0,25,1,1,1,1,,-2.43006277084,-1.41529083252,-0.574299395084,-2.33511996269,-1.898219347,-1.24522614479
2298,1,1616,147,15,1,1.375,0,50,1,1,1,1,0,-1.63959014416,-0.295272439718,-0.535773873329,-1.63959014416,-0.295272439718,-0.535773873329
2298,2,1616,147,15,1,1.375,0,63,1,1,1,1,,-1.24282455444,-0.331799179316,,-1.63959014416,-0.295272439718,-0.535773873329
2299,1,1616,147,15,1,1.375,0,14,1,1,1,1,0,-2.19985675812,-0.80482429266,0.257064282894,-2.19985675812,-0.80482429266,0.257064282894
2299,2,1616,147,15,1,1.375,0,27,1,1,1,1,,-2.29337835312,-0.095306918025,0.390985488892,-2.19985675812,-0.80482429266,0.257064282894
2300,1,1617,147,15,0,20.75,0,33,1,1,1,1,0,-2.13927292824,0.178884536028,0.145053505898,-2.13927292824,0.178884536028,0.145053505898
2300,2,1617,147,15,0,20.75,0,47,1,1,1,1,,-1.7832467556,0.303497612476,-0.235067605972,-2.13927292824,0.178884536028,0.145053505898
2301,1,1617,147,15,0,20.75,0,6,1,1,1,1,0,0.43284240365,0.478858888149,0.867109358311,0.43284240365,0.478858888149,0.867109358311
2301,2,1617,147,15,0,20.75,0,19,1,1,1,1,,-1.35803484917,0.251317381859,0.642901659012,0.43284240365,0.478858888149,0.867109358311
2302,1,1618,148,14,1,2.125,0,23,1,1,1,1,0,-3.28568196297,-2.55662703514,-1.93952763081,-3.28568196297,-2.55662703514,-1.93952763081
2302,2,1618,148,14,1,2.125,0,36,1,1,1,1,,-2.89554429054,-1.91043329239,-1.12669336796,-3.28568196297,-2.55662703514,-1.93952763081
2303,1,1619,148,14,1,2.125,0,56,1,1,1,1,0,-1.92034983635,-1.21654069424,-1.1413680315,-1.92034983635,-1.21654069424,-1.1413680315
2303,2,1619,148,14,1,2.125,0,69,1,1,1,1,,-1.82977604866,-1.61443829536,,-1.92034983635,-1.21654069424,-1.1413680315
2304,1,1621,148,14,0,54.7500038147,1,24,1,1,1,1,0,-3.21272850037,-2.37021636963,-0.842857420444,-3.21272850037,-2.37021636963,-0.842857420444
2304,2,1621,148,14,0,54.7500038147,1,37,1,1,1,1,,-3.06026649475,-2.18486952782,-1.32975590229,-3.21272850037,-2.37021636963,-0.842857420444
2305,2,1621,148,14,0,54.7500038147,1,7,1,1,0,,,1.15755546093,0.0511840246618,0.0414286069572,,,
2306,1,1622,148,14,1,2.125,0,24,1,1,1,1,0,-3.08203029633,-2.1580286026,-0.840849041939,-3.08203029633,-2.1580286026,-0.840849041939
2306,2,1622,148,14,1,2.125,0,37,1,1,1,1,,-3.26032114029,-2.41894197464,-1.56002140045,-3.08203029633,-2.1580286026,-0.840849041939
2307,1,1622,148,14,1,2.125,0,24,1,1,1,1,0,-3.08203029633,-1.36366963387,-0.569997608662,-3.08203029633,-1.36366963387,-0.569997608662
2307,2,1622,148,14,1,2.125,0,37,1,1,1,1,,-2.08770656586,-1.20299959183,-1.37729597092,-3.08203029633,-1.36366963387,-0.569997608662
2308,1,1623,148,14,1,2.125,0,57,1,1,1,1,0,-1.14261889458,-0.350799202919,-0.685204029083,-1.14261889458,-0.350799202919,-0.685204029083
2308,2,1623,148,14,1,2.125,0,70,1,1,1,1,,-0.966616153717,-0.319974124432,,-1.14261889458,-0.350799202919,-0.685204029083
2309,1,1623,148,14,1,2.125,0,14,1,1,1,1,0,-1.39252543449,0.384490400553,0.170057550073,-1.39252543449,0.384490400553,0.170057550073
2309,2,1623,148,14,1,2.125,0,27,1,1,1,1,,-0.361546397209,0.363939881325,0.750324487686,-1.39252543449,0.384490400553,0.170057550073
2310,1,1624,148,14,1,2.125,1,57,1,1,1,1,0,-3.13583040237,-2.43082880974,-1.10438764095,-3.13583040237,-2.43082880974,-1.10438764095
2310,2,1624,148,14,1,2.125,1,70,1,1,1,1,,-2.6504099369,-1.83143246174,,-3.13583040237,-2.43082880974,-1.10438764095
2311,1,1624,148,14,1,2.125,0,10,1,1,1,1,0,-2.98970484734,-1.99578177929,-0.990216493607,-2.98970484734,-1.99578177929,-0.990216493607
2311,2,1624,148,14,1,2.125,0,23,1,1,1,1,,-4.18714809418,-1.64877963066,-0.125968813896,-2.98970484734,-1.99578177929,-0.990216493607
2312,1,1625,148,14,1,2.125,1,18,1,1,1,1,0,-2.72322702408,-1.38498044014,-0.414773106575,-2.72322702408,-1.38498044014,-0.414773106575
2312,2,1625,148,14,1,2.125,1,31,1,1,1,1,,-3.88271641731,-0.820130169392,0.441893517971,-2.72322702408,-1.38498044014,-0.414773106575
2313,2,1625,148,14,1,2.125,0,11,1,1,0,,,-2.97887468338,-1.21366930008,-0.0106037249789,,,
2314,1,1626,148,14,1,2.125,1,43,1,1,1,1,0,-2.58826971054,-1.73076987267,-0.988984405994,-2.58826971054,-1.73076987267,-0.988984405994
2314,2,1626,148,14,1,2.125,1,56,1,1,1,1,,-2.30517649651,-1.60302174091,-0.966233491898,-2.58826971054,-1.73076987267,-0.988984405994
2315,1,1626,148,14,1,2.125,0,15,1,1,1,1,0,-3.17979168892,-2.73039698601,-2.22896385193,-3.17979168892,-2.73039698601,-2.22896385193
2315,2,1626,148,14,1,2.125,0,28,1,1,1,1,,-3.13167762756,-2.748483181,-2.33022713661,-3.17979168892,-2.73039698601,-2.22896385193
2316,1,1627,148,14,1,2.125,1,6,1,1,1,1,0,-2.06542754173,-3.31271076202,-2.19967150688,-2.06542754173,-3.31271076202,-2.19967150688
2316,2,1627,148,14,1,2.125,1,19,1,1,1,1,,-1.30761814117,,0.343531936407,-2.06542754173,-3.31271076202,-2.19967150688
2317,1,1630,149,15,0,26.5,1,50,1,1,1,1,0,-1.25484931469,-0.123647324741,-0.101554013789,-1.25484931469,-0.123647324741,-0.101554013789
2317,2,1630,149,15,0,26.5,1,62,1,1,1,1,,-0.660815000534,-0.395037889481,,-1.25484931469,-0.123647324741,-0.101554013789
2318,1,1632,149,15,1,2.125,0,22,1,1,1,1,0,-1.95884537697,-0.599419236183,0.13599139452,-1.95884537697,-0.599419236183,0.13599139452
2318,2,1632,149,15,1,2.125,0,35,1,1,1,1,,-2.28758692741,-0.294204115868,0.661093890667,-1.95884537697,-0.599419236183,0.13599139452
2319,1,1633,149,15,1,2.125,0,56,1,1,1,1,0,-1.79781842232,-0.857887268066,0.00602110615,-1.79781842232,-0.857887268066,0.00602110615
2319,2,1633,149,15,1,2.125,0,69,1,1,1,1,,-2.35699868202,-1.04007315636,,-1.79781842232,-0.857887268066,0.00602110615
2320,1,1633,149,15,1,2.125,0,56,1,1,1,1,0,0.151560977101,0.758059024811,0.493427962065,0.151560977101,0.758059024811,0.493427962065
2320,2,1633,149,15,1,2.125,0,69,1,1,1,1,,0.103377193213,0.295618414879,,0.151560977101,0.758059024811,0.493427962065
2321,1,1633,149,15,1,2.125,0,7,1,1,1,1,0,-1.48060405254,-0.541286766529,1.17502295971,-1.48060405254,-0.541286766529,1.17502295971
2321,2,1633,149,15,1,2.125,0,20,1,1,1,1,,-1.72341120243,-1.10813093185,0.0960483253002,-1.48060405254,-0.541286766529,1.17502295971
2322,1,1635,149,15,1,2.125,0,64,1,0,0,,,,,,,,
2322,2,1635,149,15,1,2.125,0,72,1,0,0,,,,,,,,
2323,1,1635,149,15,1,2.125,0,5,1,0,0,,,,,,,,
2323,2,1635,149,15,1,2.125,0,18,1,1,0,,,-2.32038855553,-1.24732875824,-1.23415911198,,,
2324,1,1636,149,15,1,2.125,1,25,1,1,1,1,0,-0.744407117367,-1.83014976978,-1.3631207943,-0.744407117367,-1.83014976978,-1.3631207943
2324,2,1636,149,15,1,2.125,1,37,1,1,1,1,,-0.464598983526,-0.90420871973,-1.68047940731,-0.744407117367,-1.83014976978,-1.3631207943
2325,1,1636,149,15,1,2.125,0,5,1,1,1,1,0,-0.332749098539,-0.330209136009,,-0.332749098539,-0.330209136009,
2325,2,1636,149,15,1,2.125,0,18,1,1,1,1,,-1.1525400877,-1.36106598377,-1.18631994724,-0.332749098539,-0.330209136009,
2326,1,1637,149,15,1,2.125,0,42,1,1,1,1,0,-0.0886487588286,0.738424897194,0.344296664,-0.0886487588286,0.738424897194,0.344296664
2326,2,1637,149,15,1,2.125,0,56,1,1,1,1,,-1.65300536156,0.0184032935649,0.148146688938,-0.0886487588286,0.738424897194,0.344296664
2327,1,1637,149,15,1,2.125,1,5,1,1,1,1,0,-0.847897708416,0.199963763356,,-0.847897708416,0.199963763356,
2327,2,1637,149,15,1,2.125,1,18,1,1,1,1,,-1.2596629858,-1.04106199741,-0.414773106575,-0.847897708416,0.199963763356,
2328,1,1638,149,15,1,2.125,1,11,1,1,1,0,1,-1.09926116467,0.0937533453107,0.60502076149,-1.09926116467,0.0937533453107,0.60502076149
2328,2,1638,149,15,1,2.125,1,23,1,0,1,0,,,,,-1.09926116467,0.0937533453107,0.60502076149
2329,2,1638,149,15,1,2.125,0,1,1,0,0,,,,,,,,
2330,2,1638,149,15,1,2.125,0,1,1,0,0,,,,,,,,
2331,1,1639,149,15,1,2.125,0,51,1,0,0,,,,,,,,
2331,2,1639,149,15,1,2.125,0,64,1,0,0,,,,,,,,
2332,1,1639,149,15,1,2.125,1,8,1,1,1,0,1,-0.930150032043,-0.45678254962,-0.522378385067,-0.930150032043,-0.45678254962,-0.522378385067
2332,2,1639,149,15,1,2.125,1,22,1,0,1,0,,,,,-0.930150032043,-0.45678254962,-0.522378385067
2333,1,1640,149,15,0,26.5,0,72,1,0,0,,,,,,,,
2333,2,1640,149,15,0,26.5,0,72,1,0,0,,,,,,,,
2334,1,1641,149,15,1,2.125,1,60,1,1,1,1,0,-1.74983167648,-2.2398045063,-1.63079249859,-1.74983167648,-2.2398045063,-1.63079249859
2334,2,1641,149,15,1,2.125,1,73,1,1,1,1,,-1.77780246735,-1.87784993649,,-1.74983167648,-2.2398045063,-1.63079249859
2335,1,1641,149,15,1,2.125,1,26,1,1,1,1,0,-3.51242303848,-1.85128712654,-1.61392760277,-3.51242303848,-1.85128712654,-1.61392760277
2335,2,1641,149,15,1,2.125,1,42,1,1,1,1,,-2.7042222023,-2.1106004715,-1.49216520786,-3.51242303848,-1.85128712654,-1.61392760277
2336,1,1641,149,15,1,2.125,1,9,1,1,1,1,0,-2.25334668159,-1.63237535954,-0.405478239059,-2.25334668159,-1.63237535954,-0.405478239059
2336,2,1641,149,15,1,2.125,1,21,1,1,1,1,,-2.80890345573,-1.05609190464,0.237623244524,-2.25334668159,-1.63237535954,-0.405478239059
2337,1,1642,150,16,1,4.25,0,59,1,1,1,1,0,-2.42882180214,-0.272419810295,-0.727044463158,-2.42882180214,-0.272419810295,-0.727044463158
2337,2,1642,150,16,1,4.25,0,71,1,1,1,1,,-2.06372213364,-0.370691865683,,-2.42882180214,-0.272419810295,-0.727044463158
2338,1,1642,150,16,1,4.25,1,48,1,1,1,1,0,-2.2359046936,-0.596103787422,-0.682782053947,-2.2359046936,-0.596103787422,-0.682782053947
2338,2,1642,150,16,1,4.25,1,61,1,1,1,1,,-1.71827816963,-0.311797052622,,-2.2359046936,-0.596103787422,-0.682782053947
2339,1,1642,150,16,1,4.25,0,7,1,1,1,1,0,-0.950911521912,0.222026482224,0.120191000402,-0.950911521912,0.222026482224,0.120191000402
2339,2,1642,150,16,1,4.25,0,20,1,1,1,1,,-2.43415570259,-0.147584974766,1.55832731724,-0.950911521912,0.222026482224,0.120191000402
2340,1,1643,150,16,1,4.25,0,444,1,0,0,,,,,,,,
2340,2,1643,150,16,1,4.25,0,50,1,1,0,,,-1.74503231049,-1.15179407597,-0.774395704269,,,
2341,1,1644,150,16,1,4.25,1,16,1,1,1,1,0,-2.52484679222,-1.95283162594,-1.05050873756,-2.52484679222,-1.95283162594,-1.05050873756
2341,2,1644,150,16,1,4.25,1,27,1,1,1,1,,-1.32584369183,-1.18699276447,-0.633967280388,-2.52484679222,-1.95283162594,-1.05050873756
2342,1,1645,150,16,1,4.25,1,57,1,1,1,1,0,-1.00549602509,-0.424236297607,-1.03158318996,-1.00549602509,-0.424236297607,-1.03158318996
2342,2,1645,150,16,1,4.25,1,72,1,1,1,1,,-0.903276324272,-0.332818359137,,-1.00549602509,-0.424236297607,-1.03158318996
2343,1,1645,150,16,1,4.25,0,15,1,1,1,1,0,-0.788761436939,-0.187585905194,-0.665714561939,-0.788761436939,-0.187585905194,-0.665714561939
2343,2,1645,150,16,1,4.25,0,29,1,1,1,1,,-0.800822496414,-0.760449528694,1.23028945923,-0.788761436939,-0.187585905194,-0.665714561939
2344,1,1648,150,16,1,4.25,1,31,1,1,1,1,0,-2.70893096924,-1.09252357483,-1.41626214981,-2.70893096924,-1.09252357483,-1.41626214981
2344,2,1648,150,16,1,4.25,1,45,1,1,1,1,,-2.47682881355,-1.08333969116,-1.21095979214,-2.70893096924,-1.09252357483,-1.41626214981
2345,1,1648,150,16,1,4.25,1,13,1,1,1,1,0,-3.52432894707,-1.58250808716,-1.9033895731,-3.52432894707,-1.58250808716,-1.9033895731
2345,2,1648,150,16,1,4.25,1,27,1,1,1,1,,-3.91365265846,-1.31631112099,-1.11878049374,-3.52432894707,-1.58250808716,-1.9033895731
2346,2,1648,150,16,1,4.25,0,9,1,1,0,,,-1.25651836395,-1.51391875744,-0.711155116558,,,
2347,1,1649,150,16,1,4.25,1,17,1,1,1,1,0,-2.37659287453,-1.05588066578,-1.28657817841,-2.37659287453,-1.05588066578,-1.28657817841
2347,2,1649,150,16,1,4.25,1,30,1,1,1,1,,-3.13858342171,-1.33949398994,-0.884104430676,-2.37659287453,-1.05588066578,-1.28657817841
2348,2,1649,150,16,1,4.25,1,11,1,1,0,,,-0.881074130535,-0.444009125233,0.154623642564,,,
2349,1,1651,150,16,1,4.25,0,72,1,0,0,,,,,,,,
2349,2,1651,150,16,1,4.25,0,68,1,1,0,,,-2.16207456589,-1.37185549736,,,,
2350,1,1651,150,16,1,4.25,0,24,1,1,1,1,0,-1.2490644455,-1.73411893845,-1.88884317875,-1.2490644455,-1.73411893845,-1.88884317875
2350,2,1651,150,16,1,4.25,0,37,1,1,1,1,,-1.88783121109,-1.7836779356,-1.88753890991,-1.2490644455,-1.73411893845,-1.88884317875
2351,2,1651,150,16,1,4.25,1,4,1,1,0,,,0.143269643188,0.0204344429076,,,,
2352,1,1652,150,16,1,4.25,1,13,1,1,1,1,0,-2.66868782043,-1.02367436886,0.379466056824,-2.66868782043,-1.02367436886,0.379466056824
2352,2,1652,150,16,1,4.25,1,25,1,1,1,1,,-2.46785521507,-1.20941960812,0.824603915215,-2.66868782043,-1.02367436886,0.379466056824
2353,1,1653,150,16,0,20,0,564,1,0,0,,,,,,,,
2353,2,1653,150,16,0,20,0,60,1,1,0,,,-1.97756659985,-2.12049722672,-2.43688988686,,,
2354,2,1653,150,16,0,20,1,7,1,1,0,,,-0.771933197975,-0.583336293697,-0.441583126783,,,
2355,1,1654,151,13,1,1.375,0,72,1,0,0,,,,,,,,
2355,2,1654,151,13,1,1.375,0,72,1,0,0,,,,,,,,
2356,1,1654,151,13,1,1.375,1,20,1,1,1,1,0,-3.70195627213,-1.9258865118,-0.696036458015,-3.70195627213,-1.9258865118,-0.696036458015
2356,2,1654,151,13,1,1.375,1,33,1,1,1,1,,-3.43754982948,-2.9343328476,-2.93938088417,-3.70195627213,-1.9258865118,-0.696036458015
2357,1,1655,151,13,1,1.375,0,31,1,0,0,,,,,,,,
2357,2,1655,151,13,1,1.375,0,44,1,1,0,,,-2.71728730202,-1.60565280914,-0.806991875172,,,
2358,2,1655,151,13,1,1.375,0,7,1,1,0,,,-1.89514267445,-1.55712914467,-0.810411214828,,,
2359,1,1656,151,13,1,1.375,1,13,1,1,1,1,0,-1.71797549725,-0.54523986578,-0.0387687906623,-1.71797549725,-0.54523986578,-0.0387687906623
2359,2,1656,151,13,1,1.375,1,26,1,1,1,1,,-2.62652516365,-1.41472864151,-2.10032987595,-1.71797549725,-0.54523986578,-0.0387687906623
2360,1,1657,151,13,1,1.375,0,54,1,1,1,1,0,-1.09102368355,-0.335346609354,0.473693996668,-1.09102368355,-0.335346609354,0.473693996668
2360,2,1657,151,13,1,1.375,0,66,1,1,1,1,,-1.03484320641,0.362903892994,,-1.09102368355,-0.335346609354,0.473693996668
2361,1,1657,151,13,1,1.375,0,10,1,1,1,1,0,-0.385658919811,-0.414116352797,0.289365023375,-0.385658919811,-0.414116352797,0.289365023375
2361,2,1657,151,13,1,1.375,0,23,1,1,1,1,,-1.53282916546,-0.13827483356,0.215198680758,-0.385658919811,-0.414116352797,0.289365023375
2362,1,1659,151,13,1,1.375,1,44,1,1,1,1,0,-1.14662623405,-0.166574850678,0.591030061245,-1.14662623405,-0.166574850678,0.591030061245
2362,2,1659,151,13,1,1.375,1,55,1,1,1,1,,-0.542161643505,-0.0621415115893,-0.440264344215,-1.14662623405,-0.166574850678,0.591030061245
2363,1,1659,151,13,1,1.375,0,15,1,0,0,,,,,,,,
2363,2,1659,151,13,1,1.375,0,28,1,1,0,,,-1.71950733662,0.356691539288,0.897637605667,,,
2364,1,1660,151,13,1,1.375,1,53,1,1,1,1,0,-2.57102060318,-2.64264822006,-2.08678174019,-2.57102060318,-2.64264822006,-2.08678174019
2364,2,1660,151,13,1,1.375,1,66,1,1,1,1,,-2.30521559715,-2.43313217163,,-2.57102060318,-2.64264822006,-2.08678174019
2365,1,1660,151,13,1,1.375,0,15,1,1,1,1,0,-2.40912771225,-2.59015583992,-1.82128477097,-2.40912771225,-2.59015583992,-1.82128477097
2365,2,1660,151,13,1,1.375,0,28,1,1,1,1,,-3.01020026207,-2.59320473671,-1.78273952007,-2.40912771225,-2.59015583992,-1.82128477097
2366,1,1662,151,13,1,1.375,1,53,1,1,1,1,0,-0.970357775688,-0.199453383684,-0.694118976593,-0.970357775688,-0.199453383684,-0.694118976593
2366,2,1662,151,13,1,1.375,1,67,1,1,1,1,,-0.831045985222,-0.0859698057175,,-0.970357775688,-0.199453383684,-0.694118976593
2367,1,1662,151,13,1,1.375,0,17,1,1,1,1,0,-1.62793838978,0.35324805975,0.165814638138,-1.62793838978,0.35324805975,0.165814638138
2367,2,1662,151,13,1,1.375,0,30,1,1,1,1,,-2.13870978355,-0.811320841312,-0.363840281963,-1.62793838978,0.35324805975,0.165814638138
2368,2,1662,151,13,1,1.375,0,1,1,0,0,,,,,,,,
2369,1,1663,151,13,0,19.25,0,43,1,0,0,,,,,,,,
2369,2,1663,151,13,0,19.25,0,60,1,1,0,,,-2.61418223381,-1.3330245018,-1.42617428303,,,
2370,1,1664,151,13,0,19.25,1,49,1,1,1,1,0,-2.11009860039,-1.12712860107,-0.278282940388,-2.11009860039,-1.12712860107,-0.278282940388
2370,2,1664,151,13,0,19.25,1,62,1,1,1,1,,-1.60756897926,-1.04804325104,,-2.11009860039,-1.12712860107,-0.278282940388
2371,1,1665,151,13,1,1.375,1,43,1,1,1,1,0,-0.384606033564,1.15503156185,1.09267544746,-0.384606033564,1.15503156185,1.09267544746
2371,2,1665,151,13,1,1.375,1,54,1,1,1,1,,0.281141906977,1.13801908493,0.293228119612,-0.384606033564,1.15503156185,1.09267544746
2372,1,1665,151,13,1,1.375,1,20,1,1,1,1,0,-0.864152908325,,,-0.864152908325,,
2372,2,1665,151,13,1,1.375,1,33,1,1,1,1,,-1.01403665543,0.24109634757,0.794080018997,-0.864152908325,,
2373,1,1666,152,13,1,1.375,0,21,1,1,1,1,0,-3.05648708344,-2.94250035286,-1.3554828167,-3.05648708344,-2.94250035286,-1.3554828167
2373,2,1666,152,13,1,1.375,0,34,1,1,1,1,,-3.87686252594,-2.44288468361,-1.75930130482,-3.05648708344,-2.94250035286,-1.3554828167
2374,2,1666,152,13,1,1.375,1,4,1,1,0,,,-2.09748125076,-0.964068949223,,,,
2375,1,1667,152,13,0,21,1,64,1,0,0,,,,,,,,
2375,2,1667,152,13,0,21,1,72,1,0,0,,,,,,,,
2376,1,1668,152,13,1,1.375,1,22,1,1,1,1,0,-2.16460728645,-1.38474047184,-0.992407858372,-2.16460728645,-1.38474047184,-0.992407858372
2376,2,1668,152,13,1,1.375,1,35,1,1,1,1,,-2.33896827698,-1.25013208389,-0.918495595455,-2.16460728645,-1.38474047184,-0.992407858372
2377,2,1668,152,13,1,1.375,0,6,1,1,0,,,-1.50615084171,-1.28918874264,-1.08427000046,,,
2378,1,1670,152,13,1,1.375,1,67,1,0,0,,,,,,,,
2378,2,1670,152,13,1,1.375,1,72,1,0,0,,,,,,,,
2379,1,1670,152,13,1,1.375,1,3,1,1,1,1,0,-0.761449158192,1.08375155926,,-0.761449158192,1.08375155926,
2379,2,1670,152,13,1,1.375,1,16,1,1,1,1,,-1.84492397308,-0.315996199846,0.437039911747,-0.761449158192,1.08375155926,
2380,1,1672,152,13,1,1.375,0,1,1,1,1,1,0,-1.37392032146,-0.324141263962,,-1.37392032146,-0.324141263962,
2380,2,1672,152,13,1,1.375,0,13,1,1,1,1,,-2.00683164597,-0.684914171696,-0.565071761608,-1.37392032146,-0.324141263962,
2381,1,1674,152,13,1,1.375,1,9,1,1,1,1,0,-1.28055810928,-0.862546443939,0.028509600088,-1.28055810928,-0.862546443939,0.028509600088
2381,2,1674,152,13,1,1.375,1,23,1,1,1,1,,-3.26759195328,-2.11234903336,-1.52262270451,-1.28055810928,-0.862546443939,0.028509600088
2382,1,1675,152,13,1,1.375,0,50,1,1,1,1,0,-3.39697003365,-2.30521321297,-1.35625064373,-3.39697003365,-2.30521321297,-1.35625064373
2382,2,1675,152,13,1,1.375,0,63,1,1,1,1,,-2.87591648102,-2.22914862633,,-3.39697003365,-2.30521321297,-1.35625064373
2383,1,1675,152,13,1,1.375,1,3,1,1,1,1,0,-0.832706689835,-0.760330438614,,-0.832706689835,-0.760330438614,
2383,2,1675,152,13,1,1.375,1,15,1,1,1,1,,-2.55910587311,-0.94584941864,-0.371492952108,-0.832706689835,-0.760330438614,
2384,1,1676,152,13,1,1.375,1,32,1,1,1,1,0,-2.70021653175,-1.96481382847,-0.930337190628,-2.70021653175,-1.96481382847,-0.930337190628
2384,2,1676,152,13,1,1.375,1,46,1,1,1,1,,-2.81080651283,-2.19438648224,-1.24047100544,-2.70021653175,-1.96481382847,-0.930337190628
2385,1,1676,152,13,1,1.375,1,3,1,1,1,1,0,1.41551947594,0.389490187168,,1.41551947594,0.389490187168,
2385,2,1676,152,13,1,1.375,1,18,1,1,1,1,,-2.00005459785,-1.05971086025,-0.637692153454,1.41551947594,0.389490187168,
2386,1,1677,152,13,1,1.375,1,23,1,0,0,,,,,,,,
2386,2,1677,152,13,1,1.375,1,36,1,1,0,,,-2.7053937912,-0.737205564976,0.340673297644,,,
2387,1,1677,152,13,1,1.375,1,5,1,1,1,1,0,-3.39597082138,-2.00585865974,,-3.39597082138,-2.00585865974,
2387,2,1677,152,13,1,1.375,1,18,1,1,1,1,,,-2.77181744576,-1.67837464809,-3.39597082138,-2.00585865974,
2388,1,1678,153,14,1,1.62499988079,0,18,1,1,1,1,0,-2.52430009842,-2.41091227531,-0.488770455122,-2.52430009842,-2.41091227531,-0.488770455122
2388,2,1678,153,14,1,1.62499988079,0,32,1,1,1,1,,-3.19641184807,-2.38874721527,-0.481367230415,-2.52430009842,-2.41091227531,-0.488770455122
2389,1,1680,153,14,1,1.62499988079,1,336,1,0,0,,,,,,,,
2389,2,1680,153,14,1,1.62499988079,1,41,1,1,0,,,-1.255453825,1.22466945648,1.87292575836,,,
2390,1,1681,153,14,1,1.62499988079,1,8,1,1,1,1,0,0.824609220028,-0.134151414037,-0.522378385067,0.824609220028,-0.134151414037,-0.522378385067
2390,2,1681,153,14,1,1.62499988079,1,20,1,1,1,1,,-0.432672798634,0.0407237932086,0.00109688506927,0.824609220028,-0.134151414037,-0.522378385067
2391,1,1682,153,14,1,1.62499988079,0,9,1,1,1,1,0,0.192266657948,0.433122187853,0.853379607201,0.192266657948,0.433122187853,0.853379607201
2391,2,1682,153,14,1,1.62499988079,0,20,1,1,1,1,,-1.01266670227,0.166528686881,0.0529500618577,0.192266657948,0.433122187853,0.853379607201
2392,1,1683,153,14,1,1.62499988079,0,53,1,1,1,1,0,-2.78964972496,-0.918529391289,-0.144580379128,-2.78964972496,-0.918529391289,-0.144580379128
2392,2,1683,153,14,1,1.62499988079,0,66,1,1,1,1,,-2.83649396896,-1.27110826969,,-2.78964972496,-0.918529391289,-0.144580379128
2393,1,1683,153,14,1,1.62499988079,1,17,1,1,1,1,0,-1.93784785271,-0.980151712894,-0.28015768528,-1.93784785271,-0.980151712894,-0.28015768528
2393,2,1683,153,14,1,1.62499988079,1,31,1,1,1,1,,-2.48535180092,-1.15140759945,-0.97381401062,-1.93784785271,-0.980151712894,-0.28015768528
2394,2,1684,153,14,0,20.25,1,2,1,1,0,,,-0.69606345892,-0.427896767855,,,,
2395,1,1685,153,14,1,1.62499988079,0,21,1,1,1,1,0,-2.79554033279,-1.38545787334,-0.608890473843,-2.79554033279,-1.38545787334,-0.608890473843
2395,2,1685,153,14,1,1.62499988079,0,33,1,1,1,1,,-2.79892683029,-1.40641140938,-0.68691521883,-2.79554033279,-1.38545787334,-0.608890473843
2396,1,1686,153,14,0,20.25,1,47,1,0,0,,,,,,,,
2396,2,1686,153,14,0,20.25,1,60,1,0,0,,,,,,,,
2397,1,1688,153,14,1,1.62499988079,0,25,1,1,1,1,0,-0.632869124413,-0.250530302525,0.650403439999,-0.632869124413,-0.250530302525,0.650403439999
2397,2,1688,153,14,1,1.62499988079,0,37,1,1,1,1,,-1.0616697073,-0.522148728371,-0.139540016651,-0.632869124413,-0.250530302525,0.650403439999
2398,1,1689,153,14,1,1.62499988079,1,33,1,1,1,1,0,-2.38917589188,-0.710338711739,-0.307813465595,-2.38917589188,-0.710338711739,-0.307813465595
2398,2,1689,153,14,1,1.62499988079,1,45,1,1,1,1,,-1.98737549782,-0.771267950535,-0.0715362355113,-2.38917589188,-0.710338711739,-0.307813465595
2399,2,1690,154,15,0,17.25,1,72,1,0,0,,,,,,,,
2400,1,1691,154,15,0,17.25,1,55,1,1,1,1,0,-1.32932889462,0.213229760528,-0.134475663304,-1.32932889462,0.213229760528,-0.134475663304
2400,2,1691,154,15,0,17.25,1,68,1,1,1,1,,-0.965449810028,0.230882138014,,-1.32932889462,0.213229760528,-0.134475663304
2401,1,1692,154,15,1,1.375,0,64,1,0,0,,,,,,,,
2401,2,1692,154,15,1,1.375,0,72,1,0,0,,,,,,,,
2402,1,1692,154,15,1,1.375,0,22,1,1,1,1,0,-2.99830269814,-1.73190164566,-1.2100507021,-2.99830269814,-1.73190164566,-1.2100507021
2402,2,1692,154,15,1,1.375,0,35,1,1,1,1,,-3.09350037575,-2.34424257278,-0.748562693596,-2.99830269814,-1.73190164566,-1.2100507021
2403,1,1693,154,15,1,1.375,0,6,1,1,1,1,0,-0.0343847088516,0.143930435181,-0.315867632627,-0.0343847088516,0.143930435181,-0.315867632627
2403,2,1693,154,15,1,1.375,0,19,1,1,1,1,,-1.37618279457,-0.205685093999,0.136242538691,-0.0343847088516,0.143930435181,-0.315867632627
2404,1,1694,154,15,1,1.375,1,47,1,1,1,1,0,-1.82416176796,-0.284696131945,-1.19038701057,-1.82416176796,-0.284696131945,-1.19038701057
2404,2,1694,154,15,1,1.375,1,60,1,1,1,1,,-1.12964379787,-0.0443767085671,-0.491028696299,-1.82416176796,-0.284696131945,-1.19038701057
2405,1,1694,154,15,1,1.375,1,15,1,1,1,1,0,-0.898035883904,0.264894455671,-0.196612626314,-0.898035883904,0.264894455671,-0.196612626314
2405,2,1694,154,15,1,1.375,1,28,1,1,1,1,,-3.86167502403,0.758866667747,0.563018620014,-0.898035883904,0.264894455671,-0.196612626314
2406,1,1694,154,15,1,1.375,1,72,1,0,0,,,,,,,,
2406,2,1694,154,15,1,1.375,1,61,1,0,0,,,,,,,,
2407,1,1695,154,15,1,1.375,0,17,1,1,1,1,0,-2.23386478424,-2.47462773323,-2.505245924,-2.23386478424,-2.47462773323,-2.505245924
2407,2,1695,154,15,1,1.375,0,30,1,1,1,1,,-2.75541329384,-1.7753585577,-1.96268713474,-2.23386478424,-2.47462773323,-2.505245924
2408,2,1695,154,15,1,1.375,0,4,1,1,0,,,-4.47712230682,-2.76653504372,,,,
2409,1,1696,154,15,1,1.375,1,22,1,1,1,1,0,-1.07493150234,-1.79652631283,-1.95266914368,-1.07493150234,-1.79652631283,-1.95266914368
2409,2,1696,154,15,1,1.375,1,35,1,1,1,1,,-1.70130848885,-1.34182095528,-1.70315766335,-1.07493150234,-1.79652631283,-1.95266914368
2410,2,1696,154,15,1,1.375,0,2,1,1,0,,,0.837353050709,0.457193344831,,,,
2411,1,1697,154,15,1,1.375,1,72,1,0,0,,,,,,,,
2411,2,1697,154,15,1,1.375,1,64,1,0,0,,,,,,,,
2412,1,1697,154,15,1,1.375,0,13,1,1,1,1,0,-1.24426412582,-1.76614201069,-1.76455140114,-1.24426412582,-1.76614201069,-1.76455140114
2412,2,1697,154,15,1,1.375,0,26,1,1,1,1,,-1.97010409832,-1.19687271118,-1.64268541336,-1.24426412582,-1.76614201069,-1.76455140114
2413,1,1698,154,15,1,1.375,1,50,1,1,1,1,0,-3.18201994896,-2.08348417282,-0.894858002663,-3.18201994896,-2.08348417282,-0.894858002663
2413,2,1698,154,15,1,1.375,1,62,1,1,1,1,,-2.97047901154,-2.15543055534,,-3.18201994896,-2.08348417282,-0.894858002663
2414,1,1698,154,15,1,1.375,1,1,1,1,1,1,0,-1.55417823792,-1.04766011238,,-1.55417823792,-1.04766011238,
2414,2,1698,154,15,1,1.375,1,14,1,1,1,1,,-1.80014920235,-0.748406052589,-0.202683240175,-1.55417823792,-1.04766011238,
2415,1,1700,154,15,1,1.375,0,23,1,1,1,1,0,-2.81825423241,-1.63101816177,-1.16301906109,-2.81825423241,-1.63101816177,-1.16301906109
2415,2,1700,154,15,1,1.375,0,36,1,1,1,1,,-2.55833745003,-1.65713012218,-1.86210584641,-2.81825423241,-1.63101816177,-1.16301906109
2416,2,1700,154,15,1,1.375,0,4,1,1,0,,,-1.12266397476,-1.58159685135,,,,
2417,1,1701,154,15,0,17.25,1,39,1,1,1,1,0,-2.12966704369,-1.59461760521,-1.269500494,-2.12966704369,-1.59461760521,-1.269500494
2417,2,1701,154,15,0,17.25,1,52,1,1,1,1,,-1.95036303997,-1.25715374947,-0.956161260605,-2.12966704369,-1.59461760521,-1.269500494
2418,1,1703,155,16,0,15.2500009537,1,42,1,1,1,1,0,-2.82719969749,-1.97628843784,-0.876927495003,-2.82719969749,-1.97628843784,-0.876927495003
2418,2,1703,155,16,0,15.2500009537,1,55,1,1,1,1,,-2.65220856667,-1.55601620674,-0.936637282372,-2.82719969749,-1.97628843784,-0.876927495003
2419,1,1704,155,16,1,2.125,1,42,1,1,1,1,0,-3.39289617538,-2.79764008522,-1.70585680008,-3.39289617538,-2.79764008522,-1.70585680008
2419,2,1704,155,16,1,2.125,1,54,1,1,1,1,,-3.45580506325,-2.62003731728,-1.66691768169,-3.39289617538,-2.79764008522,-1.70585680008
2420,1,1704,155,16,1,2.125,0,1,1,1,1,1,0,-1.37392032146,0.245829388499,,-1.37392032146,0.245829388499,
2420,2,1704,155,16,1,2.125,0,14,1,1,1,1,,-3.26957154274,-2.34693551064,-1.15532553196,-1.37392032146,0.245829388499,
2421,1,1705,155,16,0,15.2500009537,1,27,1,1,1,1,0,-2.73065423965,-1.99548923969,-0.939903080463,-2.73065423965,-1.99548923969,-0.939903080463
2421,2,1705,155,16,0,15.2500009537,1,40,1,1,1,1,,-2.91342520714,-1.82234108448,-0.339367300272,-2.73065423965,-1.99548923969,-0.939903080463
2422,1,1706,155,16,1,2.125,0,84,1,0,0,,,,,,,,
2422,2,1706,155,16,1,2.125,0,72,1,0,0,,,,,,,,
2423,1,1706,155,16,1,2.125,0,47,1,1,1,1,0,-2.78162503242,-0.913851857185,-0.158222213387,-2.78162503242,-0.913851857185,-0.158222213387
2423,2,1706,155,16,1,2.125,0,60,1,1,1,1,,-2.50628113747,-0.696541547775,-0.633488237858,-2.78162503242,-0.913851857185,-0.158222213387
2424,1,1706,155,16,1,2.125,1,4,1,1,1,1,0,-2.53639149666,0.2791454494,,-2.53639149666,0.2791454494,
2424,2,1706,155,16,1,2.125,1,17,1,1,1,1,,-1.83255064487,-0.420837163925,0.436402261257,-2.53639149666,0.2791454494,
2425,1,1707,155,16,1,2.125,1,5,1,0,0,,,,,,,,
2425,2,1707,155,16,1,2.125,1,18,1,1,0,,,-1.50071954727,-1.46386504173,-1.24027061462,,,
2426,1,1708,155,16,1,2.125,0,15,1,1,1,1,0,-2.60673332214,-1.70527434349,-1.62187075615,-2.60673332214,-1.70527434349,-1.62187075615
2426,2,1708,155,16,1,2.125,0,26,1,1,1,1,,-1.74968266487,-0.531837999821,-0.622602403164,-2.60673332214,-1.70527434349,-1.62187075615
2427,1,1709,155,16,1,2.125,0,3,1,1,1,1,0,0.0835464149714,1.74831914902,,0.0835464149714,1.74831914902,
2427,2,1709,155,16,1,2.125,0,16,1,1,1,1,,-1.12648642063,0.899848461151,1.87292575836,0.0835464149714,1.74831914902,
2428,1,1710,155,16,1,2.125,1,60,1,0,0,,,,,,,,
2428,2,1710,155,16,1,2.125,1,72,1,0,0,,,,,,,,
2429,1,1710,155,16,1,2.125,1,8,1,1,1,1,0,-0.295898765326,-0.0921917557716,-0.0817824304104,-0.295898765326,-0.0921917557716,-0.0817824304104
2429,2,1710,155,16,1,2.125,1,21,1,1,1,1,,-0.738594055176,-0.138494431973,0.600782096386,-0.295898765326,-0.0921917557716,-0.0817824304104
2430,1,1711,155,16,1,2.125,0,53,1,0,0,,,,,,,,
2430,2,1711,155,16,1,2.125,0,66,1,1,0,,,-4.47712230682,-3.00440883636,,,,
2431,1,1711,155,16,1,2.125,1,15,1,0,0,,,,,,,,
2431,2,1711,155,16,1,2.125,1,30,1,1,0,,,-3.74762129784,-2.43552732468,-1.55351185799,,,
2432,1,1712,155,16,0,15.2500009537,1,24,1,1,1,1,0,-4.00309991837,-3.11847829819,-3.11805677414,-4.00309991837,-3.11847829819,-3.11805677414
2432,2,1712,155,16,0,15.2500009537,1,36,1,1,1,1,,-3.75587940216,-1.85850822926,-2.24556565285,-4.00309991837,-3.11847829819,-3.11805677414
2433,1,1713,155,16,1,2.125,1,432,1,0,0,,,,,,,,
2433,2,1713,155,16,1,2.125,1,16,1,1,0,,,-3.74155831337,-3.44565272331,-1.14493203163,,,
2434,1,1714,156,15,1,2.375,1,52,1,1,1,1,0,-1.25535976887,-0.103315778077,-0.307701915503,-1.25535976887,-0.103315778077,-0.307701915503
2434,2,1714,156,15,1,2.375,1,65,1,1,1,1,,-1.11572313309,-0.463578104973,,-1.25535976887,-0.103315778077,-0.307701915503
2435,1,1714,156,15,1,2.375,1,25,1,1,1,1,0,-1.8730379343,-0.207736596465,0.0361795276403,-1.8730379343,-0.207736596465,0.0361795276403
2435,2,1714,156,15,1,2.375,1,38,1,1,1,1,,-1.53189826012,-0.161830022931,0.830094575882,-1.8730379343,-0.207736596465,0.0361795276403
2436,1,1714,156,15,1,2.375,1,1,1,1,1,1,0,-1.40066421032,-0.834372639656,,-1.40066421032,-0.834372639656,
2436,2,1714,156,15,1,2.375,1,13,1,1,1,1,,-2.34544324875,-1.81577396393,-0.654258370399,-1.40066421032,-0.834372639656,
2437,1,1715,156,15,1,2.375,0,38,1,1,1,1,0,-1.98147785664,-0.128803864121,0.148941010237,-1.98147785664,-0.128803864121,0.148941010237
2437,2,1715,156,15,1,2.375,0,51,1,1,1,1,,-1.42946588993,-0.132941052318,0.0850270316005,-1.98147785664,-0.128803864121,0.148941010237
2438,1,1715,156,15,1,2.375,0,8,1,1,1,1,0,-0.702508509159,-0.897093772888,-0.700817286968,-0.702508509159,-0.897093772888,-0.700817286968
2438,2,1715,156,15,1,2.375,0,21,1,1,1,1,,-1.82133865356,-0.416030615568,-0.120013654232,-0.702508509159,-0.897093772888,-0.700817286968
2439,1,1716,156,15,1,2.375,0,18,1,1,1,1,0,-0.818865120411,-0.0896448493004,-0.219738528132,-0.818865120411,-0.0896448493004,-0.219738528132
2439,2,1716,156,15,1,2.375,0,32,1,1,1,1,,-1.95774507523,0.0204713400453,0.339820951223,-0.818865120411,-0.0896448493004,-0.219738528132
2440,2,1716,156,15,1,2.375,1,4,1,1,0,,,0.582177996635,0.144671022892,,,,
2441,1,1717,156,15,0,22.25,1,7,1,1,1,1,0,-0.361630409956,1.05738484859,1.44120180607,-0.361630409956,1.05738484859,1.44120180607
2441,2,1717,156,15,0,22.25,1,20,1,1,1,1,,-1.82668375969,-0.44699677825,1.41799473763,-0.361630409956,1.05738484859,1.44120180607
2442,1,1718,156,15,1,2.375,1,53,1,1,1,1,0,-2.83779907227,-1.51767909527,-0.986600697041,-2.83779907227,-1.51767909527,-0.986600697041
2442,2,1718,156,15,1,2.375,1,66,1,1,1,1,,-2.53826618195,-1.67865180969,,-2.83779907227,-1.51767909527,-0.986600697041
2443,1,1718,156,15,1,2.375,0,34,1,1,1,1,0,-3.406208992,-1.54065597057,-0.718670487404,-3.406208992,-1.54065597057,-0.718670487404
2443,2,1718,156,15,1,2.375,0,47,1,1,1,1,,-3.51537322998,-1.53729939461,-0.390668660402,-3.406208992,-1.54065597057,-0.718670487404
2444,1,1718,156,15,1,2.375,0,8,1,1,1,1,0,-2.67483043671,-2.71815752983,-1.87333369255,-2.67483043671,-2.71815752983,-1.87333369255
2444,2,1718,156,15,1,2.375,0,21,1,1,1,1,,-3.12607431412,-2.76240706444,-1.64720010757,-2.67483043671,-2.71815752983,-1.87333369255
2445,1,1720,156,15,1,2.375,0,19,1,1,1,1,0,-2.68275332451,-1.1767026186,-0.987184643745,-2.68275332451,-1.1767026186,-0.987184643745
2445,2,1720,156,15,1,2.375,0,32,1,1,1,1,,-2.51300787926,-1.01357662678,-0.783874988556,-2.68275332451,-1.1767026186,-0.987184643745
2446,1,1721,156,15,1,2.375,1,17,1,1,1,1,0,-4.28952312469,-3.19643712044,-1.28657817841,-4.28952312469,-3.19643712044,-1.28657817841
2446,2,1721,156,15,1,2.375,1,30,1,1,1,1,,-4.21502065659,-2.44471096992,-1.37081348896,-4.28952312469,-3.19643712044,-1.28657817841
2447,1,1723,156,15,0,22.25,1,50,1,1,1,1,0,-1.88203465939,0.557510435581,1.66168630123,-1.88203465939,0.557510435581,1.66168630123
2447,2,1723,156,15,0,22.25,1,63,1,1,1,1,,-1.65239071846,0.575717151165,,-1.88203465939,0.557510435581,1.66168630123
2448,1,1724,156,15,1,2.375,0,72,1,0,0,,,,,,,,
2448,2,1724,156,15,1,2.375,0,72,1,0,0,,,,,,,,
2449,1,1724,156,15,1,2.375,0,8,1,1,1,1,0,-0.747851967812,-1.22863852978,-1.27657079697,-0.747851967812,-1.22863852978,-1.27657079697
2449,2,1724,156,15,1,2.375,0,21,1,1,1,1,,-1.7691488266,-1.40344440937,-2.20009040833,-0.747851967812,-1.22863852978,-1.27657079697
2450,1,1725,156,15,1,2.375,1,6,1,1,1,1,0,0.140707671642,0.278928339481,-0.0672980472445,0.140707671642,0.278928339481,-0.0672980472445
2450,2,1725,156,15,1,2.375,1,19,1,1,1,1,,,,1.86363089085,0.140707671642,0.278928339481,-0.0672980472445
2451,1,1726,157,13,0,33.25,0,27,1,1,1,1,0,-0.902459323406,,-0.803513288498,-0.902459323406,,-0.803513288498
2451,2,1726,157,13,0,33.25,0,40,1,1,1,1,,-1.21835446358,-0.193836286664,-0.880864858627,-0.902459323406,,-0.803513288498
2452,2,1726,157,13,0,33.25,0,38,1,1,0,,,0.796577811241,1.18970072269,0.265074461699,,,
2453,1,1728,157,13,1,1.5,1,53,1,1,1,1,0,-2.01523470879,-1.63907361031,-1.2883181572,-2.01523470879,-1.63907361031,-1.2883181572
2453,2,1728,157,13,1,1.5,1,65,1,1,1,1,,-1.96226406097,-1.7787156105,,-2.01523470879,-1.63907361031,-1.2883181572
2454,1,1728,157,13,1,1.5,0,7,1,1,1,1,0,-4.45148324966,-3.542491436,-1.79458868504,-4.45148324966,-3.542491436,-1.79458868504
2454,2,1728,157,13,1,1.5,0,20,1,1,1,1,,-4.47712230682,-3.28052568436,-1.7518761158,-4.45148324966,-3.542491436,-1.79458868504
2455,1,1728,157,13,1,1.5,1,7,1,1,1,1,0,-1.67892050743,-1.26385784149,-0.71495360136,-1.67892050743,-1.26385784149,-0.71495360136
2455,2,1728,157,13,1,1.5,1,20,1,1,1,1,,-2.49049782753,-1.684933424,-0.298242777586,-1.67892050743,-1.26385784149,-0.71495360136
2456,1,1729,157,13,1,1.5,1,13,1,1,1,1,0,0.506693542004,0.949797809124,1.39310097694,0.506693542004,0.949797809124,1.39310097694
2456,2,1729,157,13,1,1.5,1,26,1,1,1,1,,0.00114098924678,0.876865029335,1.63400065899,0.506693542004,0.949797809124,1.39310097694
2457,1,1730,157,13,1,1.5,0,52,1,1,1,1,0,-1.71814274788,-0.454620361328,-0.271791160107,-1.71814274788,-0.454620361328,-0.271791160107
2457,2,1730,157,13,1,1.5,0,66,1,1,1,1,,-1.96200859547,-0.132115855813,,-1.71814274788,-0.454620361328,-0.271791160107
2458,1,1730,157,13,1,1.5,0,6,1,1,1,1,0,-0.454889833927,-2.28756165504,-1.38119077682,-0.454889833927,-2.28756165504,-1.38119077682
2458,2,1730,157,13,1,1.5,0,19,1,1,1,1,,-3.20900988579,-2.65421795845,-0.526120185852,-0.454889833927,-2.28756165504,-1.38119077682
2459,1,1731,157,13,1,1.5,1,22,1,1,1,1,0,-2.93379020691,,0.0560375824571,-2.93379020691,,0.0560375824571
2459,2,1731,157,13,1,1.5,1,35,1,1,1,1,,-2.89692354202,-0.328848958015,0.119017586112,-2.93379020691,,0.0560375824571
2460,2,1731,157,13,1,1.5,0,12,1,1,0,,,-2.41928529739,-1.1654586792,-1.29360878468,,,
2461,1,1732,157,13,1,1.5,1,26,1,1,1,1,0,-3.49740695953,-1.82425999641,-1.51924049854,-3.49740695953,-1.82425999641,-1.51924049854
2461,2,1732,157,13,1,1.5,1,38,1,1,1,1,,-3.58513879776,-1.83081376553,-1.668825984,-3.49740695953,-1.82425999641,-1.51924049854
2462,1,1733,157,13,1,1.5,0,45,1,1,1,1,0,-2.47943925858,-0.743650615215,-0.912792265415,-2.47943925858,-0.743650615215,-0.912792265415
2462,2,1733,157,13,1,1.5,0,58,1,1,1,1,,-2.28404140472,-1.35235118866,-0.366143554449,-2.47943925858,-0.743650615215,-0.912792265415
2463,1,1733,157,13,1,1.5,1,8,1,1,1,1,0,-0.359324544668,-1.26975905895,-0.982699513435,-0.359324544668,-1.26975905895,-0.982699513435
2463,2,1733,157,13,1,1.5,1,21,1,1,1,1,,-1.92861521244,-1.31638431549,-0.797118008137,-0.359324544668,-1.26975905895,-0.982699513435
2464,1,1734,157,13,1,1.5,0,18,1,1,1,1,0,-1.72719502449,-1.01481842995,-1.23415911198,-1.72719502449,-1.01481842995,-1.23415911198
2464,2,1734,157,13,1,1.5,0,31,1,1,1,1,,-3.34279346466,-0.31290730834,-0.402474731207,-1.72719502449,-1.01481842995,-1.23415911198
2465,2,1734,157,13,1,1.5,0,8,1,1,0,,,-1.92670869827,-0.385972559452,-0.420306712389,,,
2466,1,1736,157,13,0,33.25,0,34,1,1,1,1,0,-2.47874116898,-1.11839067936,0.0313591435552,-2.47874116898,-1.11839067936,0.0313591435552
2466,2,1736,157,13,0,33.25,0,46,1,1,1,1,,-2.19529032707,-0.708617985249,0.0176107939333,-2.47874116898,-1.11839067936,0.0313591435552
2467,1,1736,157,13,0,33.25,0,6,1,1,1,1,0,-0.595059394836,-0.202081426978,-0.315867632627,-0.595059394836,-0.202081426978,-0.315867632627
2467,2,1736,157,13,0,33.25,0,19,1,1,1,1,,-1.92058742046,0.0616876408458,0.970048427582,-0.595059394836,-0.202081426978,-0.315867632627
2468,1,1737,157,13,1,1.5,0,11,1,1,1,1,0,-1.7982814312,-1.33564805984,-0.462946981192,-1.7982814312,-1.33564805984,-0.462946981192
2468,2,1737,157,13,1,1.5,0,24,1,1,1,1,,-2.52559328079,-1.26305639744,-0.840849041939,-1.7982814312,-1.33564805984,-0.462946981192
2469,1,1738,158,13,0,29.9999980927,0,25,1,0,0,,,,,,,,
2469,2,1738,158,13,0,29.9999980927,0,39,1,1,0,,,-1.90249478817,-1.57889163494,-0.941869914532,,,
2470,2,1738,158,13,0,29.9999980927,1,1,1,0,0,,,,,,,,
2471,1,1739,158,13,1,1,0,11,1,1,1,1,0,-3.40818119049,-1.82763683796,,-3.40818119049,-1.82763683796,
2471,2,1739,158,13,1,1,0,24,1,1,1,1,,-4.45675182343,-2.41127467155,-1.21161317825,-3.40818119049,-1.82763683796,
2472,2,1739,158,13,1,1,1,1,1,1,0,,,-0.914534926414,0.0220714248717,,,,
2473,1,1740,158,13,0,29.9999980927,0,26,1,1,1,1,0,-3.15093851089,-1.7470843792,-0.143621683121,-3.15093851089,-1.7470843792,-0.143621683121
2473,2,1740,158,13,0,29.9999980927,0,38,1,1,1,1,,-2.48179149628,-1.33645176888,0.226509362459,-3.15093851089,-1.7470843792,-0.143621683121
2474,2,1740,158,13,0,29.9999980927,0,11,1,1,0,,,-2.8071513176,-1.595718503,0.166639730334,,,
2475,1,1742,158,13,1,1,0,55,1,1,1,1,0,-1.082457304,-0.171419382095,0.58527636528,-1.082457304,-0.171419382095,0.58527636528
2475,2,1742,158,13,1,1,0,66,1,1,1,1,,-0.8557305336,-0.649276196957,,-1.082457304,-0.171419382095,0.58527636528
2476,2,1742,158,13,1,1,1,9,1,1,0,,,0.499434441328,1.38264620304,1.87292575836,,,
2477,1,1743,158,13,1,1,0,56,1,1,1,1,0,-4.7622551918,-3.8929309845,,-4.7622551918,-3.8929309845,
2477,2,1743,158,13,1,1,0,69,1,1,1,1,,-4.47712230682,-3.44565272331,,-4.7622551918,-3.8929309845,
2478,1,1743,158,13,1,1,1,23,1,1,1,1,0,-2.18051576614,-2.64938092232,,-2.18051576614,-2.64938092232,
2478,2,1743,158,13,1,1,1,36,1,1,1,1,,-2.06197214127,-1.84335696697,-1.60245406628,-2.18051576614,-2.64938092232,
2479,1,1744,158,13,1,1,1,51,1,1,1,1,0,-2.45978665352,-2.64857578278,-3.00396800041,-2.45978665352,-2.64857578278,-3.00396800041
2479,2,1744,158,13,1,1,1,64,1,1,1,1,,-2.19863939285,-2.0576634407,,-2.45978665352,-2.64857578278,-3.00396800041
2480,1,1744,158,13,1,1,0,13,1,1,1,1,0,-2.70757174492,-3.8929309845,-3.11805677414,-2.70757174492,-3.8929309845,-3.11805677414
2480,2,1744,158,13,1,1,0,23,1,1,1,1,,-2.83494901657,-2.45855379105,-1.74078416824,-2.70757174492,-3.8929309845,-3.11805677414
2481,1,1745,158,13,1,1,0,1,1,0,0,,,,,,,,
2481,2,1745,158,13,1,1,0,72,1,0,0,,,,,,,,
2482,1,1745,158,13,1,1,1,23,1,1,1,1,0,-3.18881607056,-2.74677300453,-1.61906790733,-3.18881607056,-2.74677300453,-1.61906790733
2482,2,1745,158,13,1,1,1,35,1,1,1,1,,-3.49473118782,-2.71728467941,-1.5682053566,-3.18881607056,-2.74677300453,-1.61906790733
2483,1,1746,158,13,1,1,1,43,1,1,1,1,0,-3.06309342384,-2.51967453957,-2.63386034966,-3.06309342384,-2.51967453957,-2.63386034966
2483,2,1746,158,13,1,1,1,56,1,1,1,1,,-2.13167190552,-1.83084762096,-2.95972418785,-3.06309342384,-2.51967453957,-2.63386034966
2484,1,1746,158,13,1,1,0,13,1,1,1,1,0,-1.40914440155,-1.09048438072,-1.17632722855,-1.40914440155,-1.09048438072,-1.17632722855
2484,2,1746,158,13,1,1,0,26,1,1,1,1,,-1.49777042866,-0.854018449783,-1.69119226933,-1.40914440155,-1.09048438072,-1.17632722855
2485,1,1749,159,16,1,1.125,0,12,1,1,1,1,0,-1.45136833191,0.273276031017,1.75709688663,-1.45136833191,0.273276031017,1.75709688663
2485,2,1749,159,16,1,1.125,0,25,1,1,1,1,,-1.61169910431,0.236265823245,1.04519212246,-1.45136833191,0.273276031017,1.75709688663
2486,1,1750,159,16,0,23.7499980927,1,39,1,1,1,1,0,-1.24108970165,-0.62043517828,-0.302585452795,-1.24108970165,-0.62043517828,-0.302585452795
2486,2,1750,159,16,0,23.7499980927,1,52,1,1,1,1,,-0.919066846371,-0.680402338505,0.0343267731369,-1.24108970165,-0.62043517828,-0.302585452795
2487,2,1750,159,16,0,23.7499980927,1,11,1,1,0,,,-0.325694561005,-0.544592916965,-0.404524624348,,,
2488,1,1752,159,16,1,1.125,1,42,1,1,1,1,0,-2.6796271801,-0.335669159889,0.667913973331,-2.6796271801,-0.335669159889,0.667913973331
2488,2,1752,159,16,1,1.125,1,55,1,1,1,1,,-2.59754228592,-0.285098552704,0.322142183781,-2.6796271801,-0.335669159889,0.667913973331
2489,1,1752,159,16,1,1.125,0,15,1,1,1,1,0,-1.51990199089,-0.610314786434,-0.391249328852,-1.51990199089,-0.610314786434,-0.391249328852
2489,2,1752,159,16,1,1.125,0,28,1,1,1,1,,-2.37244653702,-1.12763798237,0.0990076586604,-1.51990199089,-0.610314786434,-0.391249328852
2490,1,1754,159,16,1,1.125,0,4,1,1,1,1,0,-1.5551956892,0.984434247017,,-1.5551956892,0.984434247017,
2490,2,1754,159,16,1,1.125,0,17,1,1,1,1,,-3.71081185341,-0.911222755909,-0.728331625462,-1.5551956892,0.984434247017,
2491,1,1755,159,16,1,1.125,1,39,1,1,1,1,0,-2.21852445602,-1.74141740799,-0.774541676044,-2.21852445602,-1.74141740799,-0.774541676044
2491,2,1755,159,16,1,1.125,1,51,1,1,1,1,,-2.03017282486,-1.62359845638,-1.00074613094,-2.21852445602,-1.74141740799,-0.774541676044
2492,1,1755,159,16,1,1.125,0,13,1,1,1,1,0,-1.61524391174,-1.25762546062,-0.611184477806,-1.61524391174,-1.25762546062,-0.611184477806
2492,2,1755,159,16,1,1.125,0,26,1,1,1,1,,-2.67860484123,-0.698892652988,0.838552832603,-1.61524391174,-1.25762546062,-0.611184477806
2493,1,1756,159,16,1,1.125,0,7,1,1,1,1,0,-0.490309923887,0.0474294126034,-0.153764769435,-0.490309923887,0.0474294126034,-0.153764769435
2493,2,1756,159,16,1,1.125,0,20,1,1,1,1,,-0.65729445219,-0.657227039337,-0.933793962002,-0.490309923887,0.0474294126034,-0.153764769435
2494,1,1757,159,16,1,1.125,1,18,1,1,1,1,0,-1.98283779621,0.0777400061488,0.831460535526,-1.98283779621,0.0777400061488,0.831460535526
2494,2,1757,159,16,1,1.125,1,32,1,1,1,1,,-1.65218925476,-0.197723075747,-0.0275508221239,-1.98283779621,0.0777400061488,0.831460535526
2495,2,1757,159,16,1,1.125,1,4,1,0,0,,,,,,,,
2496,1,1758,159,16,1,1.125,0,60,1,0,0,,,,,,,,
2496,2,1758,159,16,1,1.125,0,73,1,1,0,,,-1.02747762203,-0.851830840111,,,,
2497,1,1758,159,16,1,1.125,0,20,1,1,1,1,0,0.266670167446,0.018690854311,0.393746346235,0.266670167446,0.018690854311,0.393746346235
2497,2,1758,159,16,1,1.125,0,33,1,1,1,1,,-0.819965422153,0.101630829275,0.0646628811955,0.266670167446,0.018690854311,0.393746346235
2498,1,1759,159,16,1,1.125,1,66,1,0,0,,,,,,,,
2498,2,1759,159,16,1,1.125,1,72,1,0,0,,,,,,,,
2499,1,1759,159,16,1,1.125,1,42,1,1,1,1,0,-3.20843029022,-2.08207893372,-0.719026088715,-3.20843029022,-2.08207893372,-0.719026088715
2499,2,1759,159,16,1,1.125,1,55,1,1,1,1,,-2.78340268135,-1.83539676666,-1.04648387432,-3.20843029022,-2.08207893372,-0.719026088715
2500,1,1759,159,16,1,1.125,0,8,1,1,1,1,0,-1.65466535091,-1.52175188065,-0.606784343719,-1.65466535091,-1.52175188065,-0.606784343719
2500,2,1759,159,16,1,1.125,0,21,1,1,1,1,,-2.60418128967,-0.619773030281,0.0961060523987,-1.65466535091,-1.52175188065,-0.606784343719
2501,1,1760,160,14,0,33,0,36,1,1,1,1,0,-2.03229045868,-1.02797484398,-0.691500902176,-2.03229045868,-1.02797484398,-0.691500902176
2501,2,1760,160,14,0,33,0,48,1,1,1,1,,-1.71130490303,-0.557868540287,-0.219637662172,-2.03229045868,-1.02797484398,-0.691500902176
2502,1,1760,160,14,0,33,1,8,1,1,1,1,0,-1.64897012711,-1.88371133804,-0.522378385067,-1.64897012711,-1.88371133804,-0.522378385067
2502,2,1760,160,14,0,33,1,21,1,1,1,1,,-2.48287057877,-1.94980096817,-1.35504257679,-1.64897012711,-1.88371133804,-0.522378385067
2503,1,1762,160,14,1,1.87499988079,1,68,1,0,0,,,,,,,,
2503,2,1762,160,14,1,1.87499988079,1,72,1,0,0,,,,,,,,
2504,1,1762,160,14,1,1.87499988079,1,43,1,1,1,1,0,-4.63366031647,-2.80415201187,-1.56434571743,-4.63366031647,-2.80415201187,-1.56434571743
2504,2,1762,160,14,1,1.87499988079,1,55,1,1,1,1,,-0.257906019688,-0.973579406738,-1.85311949253,-4.63366031647,-2.80415201187,-1.56434571743
2505,1,1762,160,14,1,1.87499988079,1,18,1,1,1,1,0,-1.89674580097,-0.966987431049,-0.592729687691,-1.89674580097,-0.966987431049,-0.592729687691
2505,2,1762,160,14,1,1.87499988079,1,31,1,1,1,1,,-3.63119244576,-2.04710292816,-0.930576741695,-1.89674580097,-0.966987431049,-0.592729687691
2506,2,1762,160,14,1,1.87499988079,0,2,1,1,0,,,-1.4371137619,-0.671004772186,,,,
2507,1,1763,160,14,1,1.87499988079,1,54,1,1,1,1,0,-2.95974993706,-1.46483373642,-1.01670074463,-2.95974993706,-1.46483373642,-1.01670074463
2507,2,1763,160,14,1,1.87499988079,1,68,1,1,1,1,,-2.79668521881,-1.45177280903,,-2.95974993706,-1.46483373642,-1.01670074463
2508,1,1763,160,14,1,1.87499988079,1,12,1,1,1,1,0,-1.67574083805,0.00173033180181,0.653326451778,-1.67574083805,0.00173033180181,0.653326451778
2508,2,1763,160,14,1,1.87499988079,1,25,1,1,1,1,,-3.4287135601,-0.939891576767,0.975352823734,-1.67574083805,0.00173033180181,0.653326451778
2509,1,1764,160,14,0,33,0,46,1,1,1,1,0,-2.60796976089,-1.17576861382,-0.0582051612437,-2.60796976089,-1.17576861382,-0.0582051612437
2509,2,1764,160,14,0,33,0,59,1,1,1,1,,-2.32007193565,-0.9837064147,0.0442690998316,-2.60796976089,-1.17576861382,-0.0582051612437
2510,1,1764,160,14,0,33,1,3,1,1,1,1,0,-0.832706689835,-0.627610146999,,-0.832706689835,-0.627610146999,
2510,2,1764,160,14,0,33,1,15,1,1,1,1,,-2.02975535393,-0.92635422945,0.676101267338,-0.832706689835,-0.627610146999,
2511,1,1765,160,14,1,1.87499988079,1,42,1,1,1,1,0,-2.86409330368,-2.21874952316,-1.70585680008,-2.86409330368,-2.21874952316,-1.70585680008
2511,2,1765,160,14,1,1.87499988079,1,55,1,1,1,1,,-2.79433631897,-1.63132536411,-0.82805109024,-2.86409330368,-2.21874952316,-1.70585680008
2512,1,1766,160,14,1,1.87499988079,1,62,1,0,0,,,,,,,,
2512,2,1766,160,14,1,1.87499988079,1,72,1,0,0,,,,,,,,
2513,1,1766,160,14,1,1.87499988079,1,13,1,1,1,1,0,-2.55460119247,-1.83315086365,-1.50301659107,-2.55460119247,-1.83315086365,-1.50301659107
2513,2,1766,160,14,1,1.87499988079,1,26,1,1,1,1,,-2.88178133965,-1.90567600727,-1.28613257408,-2.55460119247,-1.83315086365,-1.50301659107
2514,1,1767,160,14,1,1.87499988079,0,17,1,1,1,1,0,-2.63150238991,-1.90974938869,-0.728331625462,-2.63150238991,-1.90974938869,-0.728331625462
2514,2,1767,160,14,1,1.87499988079,0,30,1,1,1,1,,-2.87288379669,-1.26797509193,0.136225566268,-2.63150238991,-1.90974938869,-0.728331625462
2515,1,1768,160,14,1,1.87499988079,0,51,1,1,1,1,0,-2.01016497612,-1.0782520771,-0.249406307936,-2.01016497612,-1.0782520771,-0.249406307936
2515,2,1768,160,14,1,1.87499988079,0,64,1,1,1,1,,-1.86039960384,-1.19523453712,,-2.01016497612,-1.0782520771,-0.249406307936
2516,1,1768,160,14,1,1.87499988079,1,21,1,1,1,1,0,-3.34685850143,-2.63765025139,-1.02604687214,-3.34685850143,-2.63765025139,-1.02604687214
2516,2,1768,160,14,1,1.87499988079,1,34,1,1,1,1,,-3.54819989204,-2.4180393219,-1.05125844479,-3.34685850143,-2.63765025139,-1.02604687214
2517,1,1769,160,14,1,1.87499988079,1,42,1,0,0,,,,,,,,
2517,2,1769,160,14,1,1.87499988079,1,55,1,1,0,,,-2.02903437614,-1.14435732365,-0.649802982807,,,
2518,1,1769,160,14,1,1.87499988079,1,7,1,1,1,1,0,-1.35499620438,-1.4180315733,-0.35205116868,-1.35499620438,-1.4180315733,-0.35205116868
2518,2,1769,160,14,1,1.87499988079,1,20,1,1,1,1,,-3.05473852158,-1.94635951519,-0.83202880621,-1.35499620438,-1.4180315733,-0.35205116868
2519,1,1770,160,14,1,1.87499988079,0,28,1,1,1,1,0,-1.65876984596,-0.662467956543,-0.322111874819,-1.65876984596,-0.662467956543,-0.322111874819
2519,2,1770,160,14,1,1.87499988079,0,41,1,1,1,1,,-1.70631694794,-0.553122401237,-0.127664938569,-1.65876984596,-0.662467956543,-0.322111874819
2520,1,1771,160,14,0,33,0,27,1,1,1,1,0,-1.18064129353,0.0807129666209,0.471804529428,-1.18064129353,0.0807129666209,0.471804529428
2520,2,1771,160,14,0,33,0,40,1,1,1,1,,-1.66902697086,-0.482205301523,-0.923585951328,-1.18064129353,0.0807129666209,0.471804529428
2521,1,1773,161,16,1,1.28571426868,1,36,1,1,1,1,0,-2.41651082039,0.0109994709492,0.631354093552,-2.41651082039,0.0109994709492,0.631354093552
2521,2,1773,161,16,1,1.28571426868,1,50,1,1,1,1,,-2.28115272522,-0.336136609316,-0.101554013789,-2.41651082039,0.0109994709492,0.631354093552
2522,1,1773,161,16,1,1.28571426868,1,16,1,1,1,1,0,-2.20277929306,-0.591146588326,-0.324096947908,-2.20277929306,-0.591146588326,-0.324096947908
2522,2,1773,161,16,1,1.28571426868,1,30,1,1,1,1,,-2.00549054146,-0.607973873615,0.678952991962,-2.20277929306,-0.591146588326,-0.324096947908
2523,1,1774,161,16,1,1.28571426868,1,72,1,0,0,,,,,,,,
2523,2,1774,161,16,1,1.28571426868,1,72,1,0,0,,,,,,,,
2524,1,1774,161,16,1,1.28571426868,1,8,1,1,1,1,0,-0.295898765326,1.74831914902,-1.86655461788,-0.295898765326,1.74831914902,-1.86655461788
2524,2,1774,161,16,1,1.28571426868,1,21,1,1,1,1,,-0.705991268158,-0.755118608475,-0.0538163930178,-0.295898765326,1.74831914902,-1.86655461788
2525,1,1775,161,16,0,28.25,1,49,1,1,1,0,1,-2.50129747391,-2.18121147156,-0.864090144634,-2.50129747391,-2.18121147156,-0.864090144634
2526,1,1776,161,16,1,1.28571426868,0,72,1,0,0,,,,,,,,
2526,2,1776,161,16,1,1.28571426868,0,72,1,0,0,,,,,,,,
2527,1,1776,161,16,1,1.28571426868,1,56,1,1,1,1,0,-2.10998249054,-1.33338427544,-0.64541888237,-2.10998249054,-1.33338427544,-0.64541888237
2527,2,1776,161,16,1,1.28571426868,1,69,1,1,1,1,,-1.98253631592,-1.38206887245,,-2.10998249054,-1.33338427544,-0.64541888237
2528,1,1776,161,16,1,1.28571426868,1,11,1,1,1,1,0,-1.41662347317,-0.335024148226,0.279442369938,-1.41662347317,-0.335024148226,0.279442369938
2528,2,1776,161,16,1,1.28571426868,1,24,1,1,1,1,,-1.67847323418,-0.696430623531,0.657405793667,-1.41662347317,-0.335024148226,0.279442369938
2529,1,1778,161,16,1,1.28571426868,1,32,1,1,1,1,0,-0.507631599903,0.604736685753,-0.185954347253,-0.507631599903,0.604736685753,-0.185954347253
2529,2,1778,161,16,1,1.28571426868,1,48,1,1,1,1,,-0.982282578945,0.0135636208579,-0.316559106112,-0.507631599903,0.604736685753,-0.185954347253
2530,1,1778,161,16,1,1.28571426868,1,14,1,1,1,1,0,0.547045826912,0.606374263763,0.984480261803,0.547045826912,0.606374263763,0.984480261803
2530,2,1778,161,16,1,1.28571426868,1,26,1,1,1,1,,-0.344207584858,0.595423042774,1.27934396267,0.547045826912,0.606374263763,0.984480261803
2531,1,1779,161,16,1,1.28571426868,1,62,1,0,0,,,,,,,,
2531,2,1779,161,16,1,1.28571426868,1,72,1,0,0,,,,,,,,
2532,1,1779,161,16,1,1.28571426868,1,31,1,1,1,1,0,-1.1718300581,-0.848250687122,-0.632816255093,-1.1718300581,-0.848250687122,-0.632816255093
2532,2,1779,161,16,1,1.28571426868,1,45,1,1,1,1,,-1.10396897793,-0.858711242676,-1.29179644585,-1.1718300581,-0.848250687122,-0.632816255093
2533,1,1779,161,16,1,1.28571426868,1,1,1,1,1,1,0,-0.326064258814,0.261792302132,,-0.326064258814,0.261792302132,
2533,2,1779,161,16,1,1.28571426868,1,14,1,1,1,1,,-2.24723315239,-1.51695048809,0.509724378586,-0.326064258814,0.261792302132,
2534,1,1780,161,16,0,28.25,0,47,1,1,1,1,0,-1.77121734619,-1.35865175724,-1.46944773197,-1.77121734619,-1.35865175724,-1.46944773197
2534,2,1780,161,16,0,28.25,0,60,1,1,1,1,,-1.43806135654,-1.26898157597,-0.824890077114,-1.77121734619,-1.35865175724,-1.46944773197
2535,1,1781,161,16,1,1.28571426868,1,21,1,1,1,1,0,-2.80890345573,-0.169105917215,1.06608080864,-2.80890345573,-0.169105917215,1.06608080864
2535,2,1781,161,16,1,1.28571426868,1,34,1,1,1,1,,-2.67421960831,-0.379075556993,0.496363550425,-2.80890345573,-0.169105917215,1.06608080864
2536,1,1782,161,16,1,1.28571426868,1,30,1,1,1,0,1,-2.38790893555,-1.14098680019,-0.502002298832,-2.38790893555,-1.14098680019,-0.502002298832
2537,1,1783,162,15,1,3.375,0,11,1,1,1,1,0,-3.19352793694,-2.58384442329,-1.6071254015,-3.19352793694,-2.58384442329,-1.6071254015
2537,2,1783,162,15,1,3.375,0,24,1,1,1,1,,-4.14580392838,-3.09421539307,-1.59399676323,-3.19352793694,-2.58384442329,-1.6071254015
2538,1,1784,162,15,1,3.375,1,22,1,0,0,,,,,,,,
2538,2,1784,162,15,1,3.375,1,35,1,1,0,,,-1.56846237183,0.266170173883,0.67288172245,,,
2539,2,1784,162,15,1,3.375,1,6,1,1,0,,,-0.609376430511,-0.701669812202,-0.51480203867,,,
2540,1,1785,162,15,1,3.375,0,9,1,1,1,1,0,-1.74687111378,-0.773731052876,0.15687546134,-1.74687111378,-0.773731052876,0.15687546134
2540,2,1785,162,15,1,3.375,0,22,1,1,1,1,,-2.41893458366,-1.04527378082,0.26293951273,-1.74687111378,-0.773731052876,0.15687546134
2541,1,1786,162,15,1,3.375,1,18,1,0,0,,,,,,,,
2541,2,1786,162,15,1,3.375,1,31,1,0,0,,,,,,,,
2542,2,1786,162,15,1,3.375,1,9,1,1,0,,,-0.763118803501,0.306813061237,0.280323714018,,,
2543,1,1787,162,15,1,3.375,0,10,1,1,1,1,0,-0.0136533277109,0.193577304482,0.112854398787,-0.0136533277109,0.193577304482,0.112854398787
2543,2,1787,162,15,1,3.375,0,24,1,1,1,1,,-2.14918065071,-0.294128239155,0.978625714779,-0.0136533277109,0.193577304482,0.112854398787
2544,1,1788,162,15,0,35.75,0,27,1,1,1,0,1,-2.16974067688,-1.79587173462,-1.44972348213,-2.16974067688,-1.79587173462,-1.44972348213
2544,2,1788,162,15,0,35.75,0,40,1,0,1,0,,,,,-2.16974067688,-1.79587173462,-1.44972348213
2545,1,1789,162,15,0,35.75,1,35,1,1,1,1,0,-1.01050698757,-1.27117168903,-1.83987510204,-1.01050698757,-1.27117168903,-1.83987510204
2545,2,1789,162,15,0,35.75,1,48,1,1,1,1,,-1.08675038815,-1.34934079647,-1.74620378017,-1.01050698757,-1.27117168903,-1.83987510204
2546,1,1790,162,15,0,35.75,0,48,1,1,1,1,0,-2.97499728203,-1.44619750977,-1.06107413769,-2.97499728203,-1.44619750977,-1.06107413769
2546,2,1790,162,15,0,35.75,0,61,1,1,1,1,,-2.9216864109,-0.803486824036,,-2.97499728203,-1.44619750977,-1.06107413769
2547,1,1791,162,15,1,3.375,0,47,1,1,1,1,0,-1.57876014709,-0.289335787296,0.786969661713,-1.57876014709,-0.289335787296,0.786969661713
2547,2,1791,162,15,1,3.375,0,60,1,1,1,1,,-1.28700041771,-0.199378862977,-0.48341780901,-1.57876014709,-0.289335787296,0.786969661713
2548,1,1791,162,15,1,3.375,1,16,1,1,1,1,0,0.856884837151,1.51466083527,1.37192094326,0.856884837151,1.51466083527,1.37192094326
2548,2,1791,162,15,1,3.375,1,29,1,1,1,1,,0.718465089798,1.38264620304,1.34710729122,0.856884837151,1.51466083527,1.37192094326
2549,1,1792,162,15,1,3.375,0,49,1,1,1,1,0,-2.28970217705,-1.07762408257,-0.128487169743,-2.28970217705,-1.07762408257,-0.128487169743
2549,2,1792,162,15,1,3.375,0,62,1,1,1,1,,-1.54687905312,-0.790925979614,,-2.28970217705,-1.07762408257,-0.128487169743
2550,1,1794,162,15,1,3.375,0,18,1,1,1,1,0,-3.13602900505,-1.38972187042,-0.57967799902,-3.13602900505,-1.38972187042,-0.57967799902
2550,2,1794,162,15,1,3.375,0,31,1,1,1,1,,-2.80797481537,-0.470772981644,0.767387747765,-3.13602900505,-1.38972187042,-0.57967799902
2551,1,1797,163,13,1,2.5,0,54,1,1,1,1,0,-2.24619221687,-1.01410055161,-1.01937460899,-2.24619221687,-1.01410055161,-1.01937460899
2551,2,1797,163,13,1,2.5,0,67,1,1,1,1,,-1.9843184948,-1.09288048744,,-2.24619221687,-1.01410055161,-1.01937460899
2552,1,1797,163,13,1,2.5,1,30,1,1,1,1,0,-0.943216085434,-0.594180345535,-0.418952912092,-0.943216085434,-0.594180345535,-0.418952912092
2552,2,1797,163,13,1,2.5,1,43,1,1,1,1,,-1.15162777901,-0.410319149494,-0.752162992954,-0.943216085434,-0.594180345535,-0.418952912092
2553,1,1797,163,13,1,2.5,1,5,1,1,1,1,0,-0.239066913724,0.257310181856,,-0.239066913724,0.257310181856,
2553,2,1797,163,13,1,2.5,1,17,1,1,1,1,,0.133029416203,0.360571533442,0.638094902039,-0.239066913724,0.257310181856,
2554,1,1798,163,13,1,2.5,1,27,1,1,1,1,0,-3.76577782631,-1.89659762383,-1.39288008213,-3.76577782631,-1.89659762383,-1.39288008213
2554,2,1798,163,13,1,2.5,1,40,1,1,1,1,,-3.03901147842,-1.76621222496,-0.809483289719,-3.76577782631,-1.89659762383,-1.39288008213
2555,1,1798,163,13,1,2.5,1,5,1,1,1,1,0,-2.65184283257,-0.978089570999,,-2.65184283257,-0.978089570999,
2555,2,1798,163,13,1,2.5,1,18,1,1,1,1,,-1.27688241005,-1.87272274494,-1.14531099796,-2.65184283257,-0.978089570999,
2556,1,1800,163,13,1,2.5,1,13,1,1,1,1,0,-3.08700060844,-1.23330664635,-0.210927098989,-3.08700060844,-1.23330664635,-0.210927098989
2556,2,1800,163,13,1,2.5,1,25,1,1,1,1,,-2.89490461349,-1.16785216331,0.358745485544,-3.08700060844,-1.23330664635,-0.210927098989
2557,1,1802,163,13,1,2.5,0,41,1,1,1,1,0,-4.7622551918,-3.38692736626,-1.70115602016,-4.7622551918,-3.38692736626,-1.70115602016
2557,2,1802,163,13,1,2.5,0,51,1,1,1,1,,-3.60127568245,-2.20903635025,-0.957684278488,-4.7622551918,-3.38692736626,-1.70115602016
2558,1,1802,163,13,1,2.5,1,7,1,1,1,1,0,-1.22542846203,-2.12486863136,-1.68218362331,-1.22542846203,-2.12486863136,-1.68218362331
2558,2,1802,163,13,1,2.5,1,20,1,1,1,1,,-1.82668375969,-0.851668179035,0.414424926043,-1.22542846203,-2.12486863136,-1.68218362331
2559,1,1802,163,13,1,2.5,0,216,1,0,0,,,,,,,,
2559,2,1802,163,13,1,2.5,0,20,1,0,0,,,,,,,,
2560,1,1802,163,13,1,2.5,1,324,1,0,0,,,,,,,,
2560,2,1802,163,13,1,2.5,1,20,1,0,0,,,,,,,,
2561,1,1803,163,13,1,2.5,1,53,1,1,1,1,0,-3.63813042641,-2.38287305832,-1.44281125069,-3.63813042641,-2.38287305832,-1.44281125069
2561,2,1803,163,13,1,2.5,1,66,1,1,1,1,,-3.21714520454,-2.41566944122,,-3.63813042641,-2.38287305832,-1.44281125069
2562,1,1803,163,13,1,2.5,0,9,1,1,1,1,0,-2.08120536804,-2.03134012222,-1.43134236336,-2.08120536804,-2.03134012222,-1.43134236336
2562,2,1803,163,13,1,2.5,0,22,1,1,1,1,,-2.72565722466,-1.82392668724,-0.474150180817,-2.08120536804,-2.03134012222,-1.43134236336
2563,1,1804,163,13,1,2.5,0,63,1,0,0,,,,,,,,
2563,2,1804,163,13,1,2.5,0,60,1,0,0,,,,,,,,
2564,1,1804,163,13,1,2.5,1,23,1,1,1,1,0,-2.96825098991,-1.95532894135,-1.61906790733,-2.96825098991,-1.95532894135,-1.61906790733
2564,2,1804,163,13,1,2.5,1,36,1,1,1,1,,-2.36398530006,-0.730883777142,-0.42472115159,-2.96825098991,-1.95532894135,-1.61906790733
2565,1,1805,163,13,1,2.5,0,23,1,1,1,0,1,-2.51776456833,-1.1983383894,-0.082801386714,-2.51776456833,-1.1983383894,-0.082801386714
2566,1,1806,163,13,0,59.9999961853,1,60,1,0,0,,,,,,,,
2566,2,1806,163,13,0,59.9999961853,1,72,1,0,0,,,,,,,,
2567,1,1807,164,13,1,1,0,9,1,1,1,1,0,-1.76916146278,-2.00607991219,-0.478142827749,-1.76916146278,-2.00607991219,-0.478142827749
2567,2,1807,164,13,1,1,0,22,1,1,1,1,,-2.36781334877,-2.1250333786,-1.02197337151,-1.76916146278,-2.00607991219,-0.478142827749
2568,1,1809,164,13,1,1,1,29,1,1,1,1,0,-2.12563300133,-1.12000799179,-0.203087627888,-2.12563300133,-1.12000799179,-0.203087627888
2568,2,1809,164,13,1,1,1,42,1,1,1,1,,-2.06474232674,-0.908944487572,-0.297227650881,-2.12563300133,-1.12000799179,-0.203087627888
2569,1,1810,164,13,1,1,1,18,1,1,1,1,0,-2.06892991066,-1.44405651093,-0.592729687691,-2.06892991066,-1.44405651093,-0.592729687691
2569,2,1810,164,13,1,1,1,31,1,1,1,1,,-1.96832740307,-1.52453696728,-1.50702559948,-2.06892991066,-1.44405651093,-0.592729687691
2570,1,1811,164,13,0,40,0,30,1,1,1,1,0,-2.91693258286,-1.19376683235,0.338195264339,-2.91693258286,-1.19376683235,0.338195264339
2570,2,1811,164,13,0,40,0,43,1,1,1,1,,-2.55964517593,-0.718898952007,0.538564920425,-2.91693258286,-1.19376683235,0.338195264339
2571,1,1814,164,13,1,1,0,57,1,1,1,1,0,-0.932652413845,-0.498827069998,-0.0166348069906,-0.932652413845,-0.498827069998,-0.0166348069906
2571,2,1814,164,13,1,1,0,70,1,1,1,1,,-0.956342697144,-0.783099353313,,-0.932652413845,-0.498827069998,-0.0166348069906
2572,1,1814,164,13,1,1,1,19,1,1,1,1,0,-1.6794680357,-1.08973097801,0.220004051924,-1.6794680357,-1.08973097801,0.220004051924
2572,2,1814,164,13,1,1,1,32,1,1,1,1,,-2.17620182037,-1.04397678375,-0.1064485237,-1.6794680357,-1.08973097801,0.220004051924
2573,1,1814,164,13,1,1,0,19,1,1,1,1,0,-2.50128507614,-2.21278905869,-0.526120185852,-2.50128507614,-2.21278905869,-0.526120185852
2573,2,1814,164,13,1,1,0,32,1,1,1,1,,-2.5272462368,-1.7366065979,-0.0631044209003,-2.50128507614,-2.21278905869,-0.526120185852
2574,1,1815,164,13,0,40,1,50,1,1,1,1,0,-0.981169044971,-0.542937874794,-0.970322489738,-0.981169044971,-0.542937874794,-0.970322489738
2574,2,1815,164,13,0,40,1,63,1,1,1,1,,-0.567344486713,-0.166041970253,,-0.981169044971,-0.542937874794,-0.970322489738
2575,2,1815,164,13,0,40,1,1,1,0,0,,,,,,,,
2576,1,1816,165,15,0,35.5,1,58,1,1,1,1,0,-2.07356786728,-1.70378041267,-1.2054336071,-2.07356786728,-1.70378041267,-1.2054336071
2576,2,1816,165,15,0,35.5,1,70,1,1,1,1,,-1.74100780487,-1.51234424114,,-2.07356786728,-1.70378041267,-1.2054336071
2577,1,1816,165,15,0,35.5,1,3,1,1,1,1,0,0.853704094887,0.842422008514,,0.853704094887,0.842422008514,
2577,2,1816,165,15,0,35.5,1,16,1,1,1,1,,-0.968176782131,-0.298632323742,0.758194088936,0.853704094887,0.842422008514,
2578,1,1817,165,15,1,2.875,1,44,1,1,1,1,0,-2.5932302475,-0.577953219414,0.857503414154,-2.5932302475,-0.577953219414,0.857503414154
2578,2,1817,165,15,1,2.875,1,57,1,1,1,1,,-2.59786725044,-1.49247562885,-0.959338665009,-2.5932302475,-0.577953219414,0.857503414154
2579,1,1817,165,15,1,2.875,0,23,1,1,1,1,0,-2.81825423241,-2.25611329079,-0.883962154388,-2.81825423241,-2.25611329079,-0.883962154388
2579,2,1817,165,15,1,2.875,0,36,1,1,1,1,,-3.08438444138,-0.794972062111,0.401119023561,-2.81825423241,-2.25611329079,-0.883962154388
2580,2,1817,165,15,1,2.875,1,8,1,1,0,,,-0.873069763184,-0.578738152981,-0.935732722282,,,
2581,1,1819,165,15,1,2.875,1,47,1,1,1,1,0,-1.60158765316,0.587780475616,0.345469295979,-1.60158765316,0.587780475616,0.345469295979
2581,2,1819,165,15,1,2.875,1,57,1,1,1,1,,-1.22068285942,0.215408056974,-0.100461557508,-1.60158765316,0.587780475616,0.345469295979
2582,1,1819,165,15,1,2.875,0,24,1,1,1,1,0,-2.85290813446,-1.51681613922,-1.59399676323,-2.85290813446,-1.51681613922,-1.59399676323
2582,2,1819,165,15,1,2.875,0,37,1,1,1,1,,-2.71398878098,-1.01010620594,-0.0993655920029,-2.85290813446,-1.51681613922,-1.59399676323
2583,1,1821,165,15,1,2.875,1,69,1,0,0,,,,,,,,
2583,2,1821,165,15,1,2.875,1,72,1,0,0,,,,,,,,
2584,1,1821,165,15,1,2.875,1,19,1,1,1,1,0,-2.22033715248,-0.845979213715,-0.916221857071,-2.22033715248,-0.845979213715,-0.916221857071
2584,2,1821,165,15,1,2.875,1,32,1,1,1,1,,-1.5832400322,-0.523681342602,-0.634490728378,-2.22033715248,-0.845979213715,-0.916221857071
2585,1,1822,165,15,1,2.875,1,32,1,1,1,1,0,-1.88661634922,-0.616289556026,0.656554043293,-1.88661634922,-0.616289556026,0.656554043293
2585,2,1822,165,15,1,2.875,1,47,1,1,1,1,,-1.97644877434,-0.755823969841,-0.319489687681,-1.88661634922,-0.616289556026,0.656554043293
2586,1,1822,165,15,1,2.875,0,8,1,1,1,1,0,-1.31461036205,-2.69025945663,-2.07723259926,-1.31461036205,-2.69025945663,-2.07723259926
2586,2,1822,165,15,1,2.875,0,20,1,1,1,1,,-1.40357840061,-0.932019948959,-1.16904342175,-1.31461036205,-2.69025945663,-2.07723259926
2587,1,1824,165,15,1,2.875,1,40,1,1,1,1,0,-1.07986581326,-0.000518080254551,0.398296266794,-1.07986581326,-0.000518080254551,0.398296266794
2587,2,1824,165,15,1,2.875,1,53,1,1,1,1,,-0.870316982269,0.311992436647,0.801137983799,-1.07986581326,-0.000518080254551,0.398296266794
2588,1,1824,165,15,1,2.875,1,8,1,1,1,1,0,-0.613024413586,-0.00899090338498,-0.704048991203,-0.613024413586,-0.00899090338498,-0.704048991203
2588,2,1824,165,15,1,2.875,1,21,1,1,1,1,,-1.43956565857,0.402605116367,0.31942409277,-0.613024413586,-0.00899090338498,-0.704048991203
2589,1,1825,165,15,1,2.875,1,66,1,0,0,,,,,,,,
2589,2,1825,165,15,1,2.875,1,72,1,0,0,,,,,,,,
2590,1,1825,165,15,1,2.875,0,42,1,1,1,1,0,-2.52238154411,-1.30925905704,-1.81564211845,-2.52238154411,-1.30925905704,-1.81564211845
2590,2,1825,165,15,1,2.875,0,55,1,1,1,1,,-2.20561742783,-1.36826479435,-1.32829141617,-2.52238154411,-1.30925905704,-1.81564211845
2591,1,1825,165,15,1,2.875,0,19,1,1,1,1,0,-3.28159880638,-0.924041390419,-0.617036640644,-3.28159880638,-0.924041390419,-0.617036640644
2591,2,1825,165,15,1,2.875,0,33,1,1,1,1,,-3.03752470016,-1.39198744297,-0.730226457119,-3.28159880638,-0.924041390419,-0.617036640644
2592,1,1826,165,15,1,2.875,1,51,1,1,1,1,0,-2.78764891624,-1.87531661987,-1.46435594559,-2.78764891624,-1.87531661987,-1.46435594559
2592,2,1826,165,15,1,2.875,1,64,1,1,1,1,,-2.60923147202,-2.02996373177,,-2.78764891624,-1.87531661987,-1.46435594559
2593,1,1826,165,15,1,2.875,1,23,1,1,1,1,0,-2.25928926468,-0.833748281002,-1.2383929491,-2.25928926468,-0.833748281002,-1.2383929491
2593,2,1826,165,15,1,2.875,1,36,1,1,1,1,,-2.41650867462,-0.930008590221,-1.12362360954,-2.25928926468,-0.833748281002,-1.2383929491
2594,2,1826,165,15,1,2.875,1,5,1,0,0,,,,,,,,
2595,1,1827,165,15,1,2.875,1,7,1,1,1,1,0,-0.124084636569,-0.606608688831,0.0842277109623,-0.124084636569,-0.606608688831,0.0842277109623
2595,2,1827,165,15,1,2.875,1,19,1,1,1,1,,-1.20620918274,-0.749203562737,0.178501039743,-0.124084636569,-0.606608688831,0.0842277109623
2596,1,1828,166,15,1,1.74999988079,1,1,1,1,1,1,0,-0.453992933035,0.159851491451,,-0.453992933035,0.159851491451,
2596,2,1828,166,15,1,1.74999988079,1,14,1,1,1,1,,-1.48346447945,-0.58564889431,-0.333649128675,-0.453992933035,0.159851491451,
2597,1,1829,166,15,1,1.74999988079,1,55,1,0,0,,,,,,,,
2597,2,1829,166,15,1,1.74999988079,1,68,1,1,0,,,-2.32636713982,-1.47548508644,,,,
2598,1,1829,166,15,1,1.74999988079,0,11,1,1,1,1,0,-0.199115037918,0.625524282455,-0.51814442873,-0.199115037918,0.625524282455,-0.51814442873
2598,2,1829,166,15,1,1.74999988079,0,24,1,1,1,1,,-0.659899055958,0.317129760981,-0.749893724918,-0.199115037918,0.625524282455,-0.51814442873
2599,1,1830,166,15,1,1.74999988079,0,30,1,1,1,0,1,-4.50274896622,,-0.753989875317,-4.50274896622,,-0.753989875317
2599,2,1830,166,15,1,1.74999988079,0,41,1,0,1,0,,,,,-4.50274896622,,-0.753989875317
2600,1,1830,166,15,1,1.74999988079,1,4,1,1,1,1,0,-1.26586318016,-0.631353259087,,-1.26586318016,-0.631353259087,
2600,2,1830,166,15,1,1.74999988079,1,17,1,1,1,1,,-3.78057718277,-1.60100078583,0.477056026459,-1.26586318016,-0.631353259087,
2601,1,1832,166,15,1,1.74999988079,0,20,1,1,1,1,0,-2.04324960709,-1.46180284023,-1.70228326321,-2.04324960709,-1.46180284023,-1.70228326321
2601,2,1832,166,15,1,1.74999988079,0,33,1,1,1,1,,-2.81296062469,-1.50080442429,-2.01771426201,-2.04324960709,-1.46180284023,-1.70228326321
2602,2,1833,166,15,0,19.75,1,8,1,1,0,,,0.570909380913,0.848204731941,1.87292575836,,,
2603,1,1834,166,15,1,1.74999988079,0,28,1,1,1,1,0,-2.79761648178,,-2.1582608223,-2.79761648178,,-2.1582608223
2603,2,1834,166,15,1,1.74999988079,0,41,1,1,1,1,,-2.40709972382,-1.77739548683,-2.12370181084,-2.79761648178,,-2.1582608223
2604,1,1834,166,15,1,1.74999988079,1,28,1,1,1,1,0,-1.51559686661,,-0.997860848904,-1.51559686661,,-0.997860848904
2604,2,1834,166,15,1,1.74999988079,1,41,1,1,1,1,,-1.03177714348,-0.712718904018,-1.08621692657,-1.51559686661,,-0.997860848904
2605,1,1836,166,15,1,1.74999988079,1,51,1,1,1,1,0,-0.888304412365,-1.26845371723,-2.2040348053,-0.888304412365,-1.26845371723,-2.2040348053
2605,2,1836,166,15,1,1.74999988079,1,64,1,1,1,1,,-0.422827959061,-0.968614935875,,-0.888304412365,-1.26845371723,-2.2040348053
2606,1,1836,166,15,1,1.74999988079,0,13,1,1,1,1,0,-1.4297555685,0.0416233725846,0.370913803577,-1.4297555685,0.0416233725846,0.370913803577
2606,2,1836,166,15,1,1.74999988079,0,26,1,1,1,1,,-1.38755965233,-0.546554982662,-1.12172687054,-1.4297555685,0.0416233725846,0.370913803577
2607,1,1837,166,15,1,1.74999988079,0,45,1,1,1,1,0,-2.44268321991,-1.61592054367,-1.08150863647,-2.44268321991,-1.61592054367,-1.08150863647
2607,2,1837,166,15,1,1.74999988079,0,58,1,1,1,1,,-1.76887083054,-1.63296282291,-1.38716948032,-2.44268321991,-1.61592054367,-1.08150863647
2608,1,1837,166,15,1,1.74999988079,0,10,1,1,1,1,0,-2.11439585686,-2.49857234955,-2.80845761299,-2.11439585686,-2.49857234955,-2.80845761299
2608,2,1837,166,15,1,1.74999988079,0,23,1,1,1,1,,-1.61629843712,-1.30878973007,-0.746765673161,-2.11439585686,-2.49857234955,-2.80845761299
2609,1,1838,166,15,1,1.74999988079,1,55,1,1,1,1,0,-2.23675847054,-1.43447470665,-1.27006959915,-2.23675847054,-1.43447470665,-1.27006959915
2609,2,1838,166,15,1,1.74999988079,1,68,1,1,1,1,,-1.17559194565,-1.29800856113,,-2.23675847054,-1.43447470665,-1.27006959915
2610,1,1838,166,15,1,1.74999988079,0,18,1,1,1,1,0,-1.78280758858,-0.610607326031,-0.398484379053,-1.78280758858,-0.610607326031,-0.398484379053
2610,2,1838,166,15,1,1.74999988079,0,32,1,1,1,1,,-2.25673413277,-1.42191135883,-0.960517764091,-1.78280758858,-0.610607326031,-0.398484379053
2611,1,1840,167,14,0,18.5,1,68,1,0,0,,,,,,,,
2611,2,1840,167,14,0,18.5,1,72,1,0,0,,,,,,,,
2612,1,1840,167,14,0,18.5,0,24,1,1,1,1,0,-2.34557151794,-0.316512733698,0.619761526585,-2.34557151794,-0.316512733698,0.619761526585
2612,2,1840,167,14,0,18.5,0,37,1,1,1,1,,-1.95445501804,-0.407826095819,0.8573564291,-2.34557151794,-0.316512733698,0.619761526585
2613,2,1840,167,14,0,18.5,1,11,1,1,0,,,-0.603384315968,-0.687894582748,0.19639877975,,,
2614,1,1842,167,14,1,1.25,0,12,1,1,1,1,0,-1.5565764904,-1.26217544079,-0.584044873714,-1.5565764904,-1.26217544079,-0.584044873714
2614,2,1842,167,14,1,1.25,0,24,1,1,1,1,,-1.18360245228,-0.459645450115,0.456782102585,-1.5565764904,-1.26217544079,-0.584044873714
2615,1,1844,167,14,1,1.25,0,64,1,0,0,,,,,,,,
2615,2,1844,167,14,1,1.25,0,72,1,0,0,,,,,,,,
2616,1,1844,167,14,1,1.25,0,25,1,1,1,1,0,-1.45123529434,-0.411756187677,-0.0948942229152,-1.45123529434,-0.411756187677,-0.0948942229152
2616,2,1844,167,14,1,1.25,0,38,1,1,1,1,,-1.3890017271,-0.248816013336,0.303492903709,-1.45123529434,-0.411756187677,-0.0948942229152
2617,1,1845,167,14,0,18.5,1,2,1,0,0,,,,,,,,
2617,2,1845,167,14,0,18.5,1,15,1,1,0,,,-0.0948827937245,0.289246588945,0.873452186584,,,
2618,1,1846,167,14,1,1.25,1,60,1,0,0,,,,,,,,
2618,2,1846,167,14,1,1.25,1,72,1,0,0,,,,,,,,
2619,1,1846,167,14,1,1.25,1,96,1,0,0,,,,,,,,
2619,2,1846,167,14,1,1.25,1,21,1,1,0,,,-1.01572167873,0.325060725212,0.360085725784,,,
2620,1,1847,167,14,1,1.25,1,60,1,0,0,,,,,,,,
2620,2,1847,167,14,1,1.25,1,73,1,1,0,,,-1.08834719658,-0.521488428116,,,,
2621,1,1847,167,14,1,1.25,0,20,1,1,1,1,0,-2.39862179756,-0.640327751637,-0.56613856554,-2.39862179756,-0.640327751637,-0.56613856554
2621,2,1847,167,14,1,1.25,0,33,1,1,1,1,,-2.32172870636,-0.970965445042,-0.51536488533,-2.39862179756,-0.640327751637,-0.56613856554
2622,1,1848,167,14,1,1.25,1,3,1,1,1,1,0,-0.808954775333,1.74831914902,,-0.808954775333,1.74831914902,
2622,2,1848,167,14,1,1.25,1,16,1,1,1,1,,-1.91649389267,0.289661496878,0.0634252279997,-0.808954775333,1.74831914902,
2623,1,1849,167,14,1,1.25,0,25,1,1,1,1,0,-0.809380233288,-0.352776437998,-0.981289446354,-0.809380233288,-0.352776437998,-0.981289446354
2623,2,1849,167,14,1,1.25,0,38,1,1,1,1,,-1.3100041151,-0.382464230061,-0.493668228388,-0.809380233288,-0.352776437998,-0.981289446354
2624,1,1850,167,14,1,1.25,0,25,1,1,1,1,0,-1.4030957222,0.146645888686,-0.267015278339,-1.4030957222,0.146645888686,-0.267015278339
2624,2,1850,167,14,1,1.25,0,38,1,1,1,1,,-1.11251401901,0.3010661304,0.379898160696,-1.4030957222,0.146645888686,-0.267015278339
2625,2,1850,167,14,1,1.25,0,9,1,1,0,,,-0.766158759594,0.696782946587,0.98072707653,,,
2626,1,1851,167,14,1,1.25,1,15,1,1,1,1,0,-1.19009304047,-0.706120073795,-0.730279862881,-1.19009304047,-0.706120073795,-0.730279862881
2626,2,1851,167,14,1,1.25,1,27,1,1,1,1,,-0.823070287704,-0.635390162468,-1.30072581768,-1.19009304047,-0.706120073795,-0.730279862881
2627,1,1852,168,14,1,2.125,1,26,1,1,1,1,0,-1.17004549503,-2.01581096649,-2.10032987595,-1.17004549503,-2.01581096649,-2.10032987595
2627,2,1852,168,14,1,2.125,1,38,1,1,1,1,,-1.49339962006,-1.03731310368,-1.02570855618,-1.17004549503,-2.01581096649,-2.10032987595
2628,1,1853,168,14,1,2.125,0,672,1,0,0,,,,,,,,
2628,2,1853,168,14,1,2.125,0,69,1,1,0,,,-1.48863101006,0.186953112483,,,,
2629,1,1853,168,14,1,2.125,1,7,1,1,1,1,0,-1.29021072388,-1.6286034584,-1.09109735489,-1.29021072388,-1.6286034584,-1.09109735489
2629,2,1853,168,14,1,2.125,1,20,1,1,1,1,,-2.20837473869,-1.1633849144,-0.83202880621,-1.29021072388,-1.6286034584,-1.09109735489
2630,1,1854,168,14,1,2.125,0,420,1,0,0,,,,,,,,
2630,2,1854,168,14,1,2.125,0,48,1,1,0,,,-2.10471749306,-0.646609306335,-0.89489531517,,,
2631,1,1854,168,14,1,2.125,1,5,1,1,1,1,0,0.0540748648345,0.504743397236,,0.0540748648345,0.504743397236,
2631,2,1854,168,14,1,2.125,1,18,1,1,1,1,,0.152242645621,1.38264620304,1.29087841511,0.0540748648345,0.504743397236,
2632,1,1855,168,14,1,2.125,0,55,1,1,1,1,0,-0.374866038561,0.258409053087,0.0288599953055,-0.374866038561,0.258409053087,0.0288599953055
2632,2,1855,168,14,1,2.125,0,69,1,1,1,1,,-0.289454877377,0.349196046591,,-0.374866038561,0.258409053087,0.0288599953055
2633,1,1855,168,14,1,2.125,1,9,1,1,1,1,0,,-1.53312826157,-1.52826118469,,-1.53312826157,-1.52826118469
2633,2,1855,168,14,1,2.125,1,22,1,1,1,1,,,-1.5315451622,-1.31879484653,,-1.53312826157,-1.52826118469
2634,1,1856,168,14,0,33.25,0,1,1,0,0,,,,,,,,
2634,2,1856,168,14,0,33.25,0,13,1,0,0,,,,,,,,
2635,1,1856,168,14,0,33.25,1,60,1,0,0,,,,,,,,
2635,2,1856,168,14,0,33.25,1,73,1,0,0,,,,,,,,
2636,1,1856,168,14,0,33.25,0,372,1,0,0,,,,,,,,
2636,2,1856,168,14,0,33.25,0,43,1,1,0,,,-2.22247052193,-0.549964010715,0.64702808857,,,
2637,1,1856,168,14,0,33.25,0,6,1,0,0,,,,,,,,
2637,2,1856,168,14,0,33.25,0,19,1,1,0,,,-2.31981420517,-1.93001925945,-0.940336406231,,,
2638,1,1857,168,14,1,2.125,1,47,1,1,1,1,0,-2.3278799057,-1.58782458305,-1.26990008354,-2.3278799057,-1.58782458305,-1.26990008354
2638,2,1857,168,14,1,2.125,1,60,1,1,1,1,,-2.08620381355,-1.50425159931,-1.59297883511,-2.3278799057,-1.58782458305,-1.26990008354
2639,1,1857,168,14,1,2.125,0,26,1,1,1,1,0,-2.75732707977,-2.45440363884,-1.69119226933,-2.75732707977,-2.45440363884,-1.69119226933
2639,2,1857,168,14,1,2.125,0,38,1,1,1,1,,-3.53508234024,-2.55667948723,-2.15207481384,-2.75732707977,-2.45440363884,-1.69119226933
2640,2,1857,168,14,1,2.125,1,8,1,1,0,,,-2.02951979637,-1.93722772598,-1.81543731689,,,
2641,1,1859,168,14,1,2.125,0,48,1,1,1,1,0,-2.16432571411,-1.57661354542,-1.66664528847,-2.16432571411,-1.57661354542,-1.66664528847
2641,2,1859,168,14,1,2.125,0,61,1,1,1,1,,-2.49698209763,-1.8919107914,,-2.16432571411,-1.57661354542,-1.66664528847
2642,1,1859,168,14,1,2.125,1,19,1,0,0,,,,,,,,
2642,2,1859,168,14,1,2.125,1,31,1,1,0,,,1.15755546093,0.939986824989,-0.674837827682,,,
2643,1,1860,168,14,1,2.125,0,4,1,1,1,1,0,,-1.09328782558,,,-1.09328782558,
2643,2,1860,168,14,1,2.125,0,17,1,1,1,1,,,-0.782213926315,-0.590359389782,,-1.09328782558,
2644,1,1862,168,14,1,2.125,1,18,1,1,1,0,1,-0.932514429092,-1.1065621376,-0.865418195724,-0.932514429092,-1.1065621376,-0.865418195724
2644,2,1862,168,14,1,2.125,1,31,1,0,1,0,,,,,-0.932514429092,-1.1065621376,-0.865418195724
2645,1,1864,169,13,1,1.5,0,63,1,0,0,,,,,,,,
2645,2,1864,169,13,1,1.5,0,72,1,0,0,,,,,,,,
2646,1,1864,169,13,1,1.5,1,22,1,1,1,1,0,-2.74149274826,-1.10058701038,0.138875231147,-2.74149274826,-1.10058701038,0.138875231147
2646,2,1864,169,13,1,1.5,1,35,1,1,1,1,,-2.39210581779,-1.08434486389,-0.0339202694595,-2.74149274826,-1.10058701038,0.138875231147
2647,1,1865,169,13,1,1.5,0,19,1,1,1,1,0,-1.92058742046,-0.566314995289,-0.987184643745,-1.92058742046,-0.566314995289,-0.987184643745
2647,2,1865,169,13,1,1.5,0,32,1,1,1,1,,-2.94013381004,-1.43662130833,-1.27656114101,-1.92058742046,-0.566314995289,-0.987184643745
2648,1,1866,169,13,1,1.5,0,72,1,0,0,,,,,,,,
2648,2,1866,169,13,1,1.5,0,72,1,0,0,,,,,,,,
2649,1,1866,169,13,1,1.5,1,16,1,1,1,1,0,-1.5944236517,-0.264042377472,0.437039911747,-1.5944236517,-0.264042377472,0.437039911747
2649,2,1866,169,13,1,1.5,1,29,1,1,1,1,,-2.47037124634,-1.02910578251,-0.243955299258,-1.5944236517,-0.264042377472,0.437039911747
2650,1,1867,169,13,1,1.5,1,41,1,1,1,1,0,-2.5975253582,-0.764769971371,-0.606767237186,-2.5975253582,-0.764769971371,-0.606767237186
2650,2,1867,169,13,1,1.5,1,54,1,1,1,1,,-2.38652968407,-1.33315443993,-1.90735065937,-2.5975253582,-0.764769971371,-0.606767237186
2651,2,1867,169,13,1,1.5,0,11,1,1,0,,,-0.85380500555,0.998036324978,1.02335345745,,,
2652,2,1868,169,13,0,42.25,1,10,1,1,0,,,-1.06655931473,0.852416932583,1.1854954958,,,
2653,1,1870,169,13,0,42.25,1,18,1,1,1,1,0,-1.51793897152,-1.13483166695,-0.503376305103,-1.51793897152,-1.13483166695,-0.503376305103
2653,2,1870,169,13,0,42.25,1,31,1,1,1,1,,-2.80674600601,-1.48544430733,-1.01723027229,-1.51793897152,-1.13483166695,-0.503376305103
2654,2,1870,169,13,0,42.25,1,3,1,1,0,,,-1.14148509502,-1.42582094669,,,,
2655,1,1871,169,13,0,42.25,1,59,1,1,1,1,0,-3.78107690811,-1.86355054379,-1.15990293026,-3.78107690811,-1.86355054379,-1.15990293026
2655,2,1871,169,13,0,42.25,1,73,1,1,1,1,,-3.05960345268,-1.96647417545,,-3.78107690811,-1.86355054379,-1.15990293026
2656,1,1871,169,13,0,42.25,1,26,1,1,1,1,0,-3.40731692314,-1.81527519226,-1.14867722988,-3.40731692314,-1.81527519226,-1.14867722988
2656,2,1871,169,13,0,42.25,1,39,1,1,1,1,,-3.36097931862,-1.81256949902,-0.496566295624,-3.40731692314,-1.81527519226,-1.14867722988
2657,1,1872,169,13,1,1.5,1,1,1,1,1,1,0,0.46709305048,0.395912140608,,0.46709305048,0.395912140608,
2657,2,1872,169,13,1,1.5,1,14,1,1,1,1,,-1.80014920235,-1.12700021267,-0.159391015768,0.46709305048,0.395912140608,
2658,1,1873,169,13,1,1.5,1,14,1,1,1,1,0,-0.756952345371,-0.271496921778,0.509724378586,-0.756952345371,-0.271496921778,0.509724378586
2658,2,1873,169,13,1,1.5,1,27,1,1,1,1,,-1.78425645828,-0.341540873051,0.66104131937,-0.756952345371,-0.271496921778,0.509724378586
2659,1,1874,169,13,1,1.5,0,72,1,0,0,,,,,,,,
2659,2,1874,169,13,1,1.5,0,72,1,0,0,,,,,,,,
2660,1,1874,169,13,1,1.5,0,18,1,1,1,1,0,-2.54283571243,-1.78063046932,0.130666658282,-2.54283571243,-1.78063046932,0.130666658282
2660,2,1874,169,13,1,1.5,0,31,1,1,1,1,,-3.50179243088,-2.00953435898,-1.10468661785,-2.54283571243,-1.78063046932,0.130666658282
2661,1,1875,169,13,1,1.5,1,35,1,1,1,1,0,-1.70130848885,-0.116037748754,0.67288172245,-1.70130848885,-0.116037748754,0.67288172245
2661,2,1875,169,13,1,1.5,1,48,1,1,1,1,,-2.03857564926,0.0492116585374,0.173920437694,-1.70130848885,-0.116037748754,0.67288172245
2662,1,1875,169,13,1,1.5,1,9,1,1,1,1,0,-1.17707026005,-0.717908322811,-0.766372621059,-1.17707026005,-0.717908322811,-0.766372621059
2662,2,1875,169,13,1,1.5,1,22,1,1,1,1,,-2.42100000381,-1.15293765068,-1.08464682102,-1.17707026005,-0.717908322811,-0.766372621059
2663,1,1876,170,15,1,1.87499988079,0,38,1,1,1,1,0,-3.25859260559,-1.79465460777,-0.830627560616,-3.25859260559,-1.79465460777,-0.830627560616
2663,2,1876,170,15,1,1.87499988079,0,50,1,1,1,1,,-2.65887022018,-1.90369868279,-0.380061089993,-3.25859260559,-1.79465460777,-0.830627560616
2664,1,1876,170,15,1,1.87499988079,0,7,1,1,1,1,0,-4.7622551918,-2.77290463448,-0.246053218842,-4.7622551918,-2.77290463448,-0.246053218842
2664,2,1876,170,15,1,1.87499988079,0,22,1,1,1,1,,-4.47712230682,-3.44565272331,-1.49757802486,-4.7622551918,-2.77290463448,-0.246053218842
2665,1,1877,170,15,0,41,1,48,1,1,1,1,0,-1.17961156368,-0.872794091702,-0.909322917461,-1.17961156368,-0.872794091702,-0.909322917461
2665,2,1877,170,15,0,41,1,61,1,1,1,1,,-1.11071264744,-0.824017703533,,-1.17961156368,-0.872794091702,-0.909322917461
2666,1,1878,170,15,0,41,1,44,1,0,0,,,,,,,,
2666,2,1878,170,15,0,41,1,57,1,1,0,,,-2.00610780716,-1.3105609417,-1.03158318996,,,
2667,1,1878,170,15,0,41,0,12,1,1,1,1,0,-2.20886874199,-1.34896290302,0.224838465452,-2.20886874199,-1.34896290302,0.224838465452
2667,2,1878,170,15,0,41,0,26,1,1,1,1,,-2.67860484123,0.240543007851,0.357690691948,-2.20886874199,-1.34896290302,0.224838465452
2668,1,1879,170,15,0,41,1,11,1,1,1,1,0,-0.0876712799072,-1.52138054371,-2.13144731522,-0.0876712799072,-1.52138054371,-2.13144731522
2668,2,1879,170,15,0,41,1,27,1,1,1,1,,-2.4792675972,-1.95935702324,-1.39288008213,-0.0876712799072,-1.52138054371,-2.13144731522
2669,1,1880,170,15,1,1.87499988079,0,12,1,1,1,1,0,-3.30303382874,-3.59690546989,-2.98731803894,-3.30303382874,-3.59690546989,-2.98731803894
2669,2,1880,170,15,1,1.87499988079,0,26,1,1,1,1,,-3.21391773224,-1.66266679764,-1.49833536148,-3.30303382874,-3.59690546989,-2.98731803894
2670,2,1880,170,15,1,1.87499988079,1,13,1,1,0,,,-2.74474358559,-2.72184562683,-1.60169756413,,,
2671,1,1881,170,15,1,1.87499988079,0,27,1,1,1,0,1,-1.58246326447,-1.33938920498,-0.714028775692,-1.58246326447,-1.33938920498,-0.714028775692
2672,1,1881,170,15,1,1.87499988079,1,11,1,1,1,0,1,0.11067943275,-0.305596023798,-0.404524624348,0.11067943275,-0.305596023798,-0.404524624348
2673,1,1882,170,15,1,1.87499988079,0,17,1,1,1,1,0,,-3.8929309845,-2.29575753212,,-3.8929309845,-2.29575753212
2673,2,1882,170,15,1,1.87499988079,0,31,1,1,1,1,,-4.47712230682,-2.54024362564,-0.445096045732,,-3.8929309845,-2.29575753212
2674,1,1882,170,15,1,1.87499988079,1,7,1,1,1,1,0,-2.41314911842,-0.807395100594,-0.35205116868,-2.41314911842,-0.807395100594,-0.35205116868
2674,2,1882,170,15,1,1.87499988079,1,20,1,1,1,1,,-2.5568780899,-1.39540588856,0.966861009598,-2.41314911842,-0.807395100594,-0.35205116868
2675,1,1883,170,15,1,1.87499988079,0,52,1,1,1,0,1,-0.0252446588129,-0.512821733952,-1.39604628086,-0.0252446588129,-0.512821733952,-1.39604628086
2675,2,1883,170,15,1,1.87499988079,0,65,1,0,1,0,,,,,-0.0252446588129,-0.512821733952,-1.39604628086
2676,1,1883,170,15,1,1.87499988079,1,14,1,1,1,1,0,-1.9864345789,-2.09324193001,-1.74216246605,-1.9864345789,-2.09324193001,-1.74216246605
2676,2,1883,170,15,1,1.87499988079,1,26,1,1,1,1,,-1.81570112705,-2.33812594414,-0.702935636044,-1.9864345789,-2.09324193001,-1.74216246605
2677,1,1883,170,15,1,1.87499988079,1,14,1,1,1,1,0,-1.94917809963,-1.24063611031,-0.421884149313,-1.94917809963,-1.24063611031,-0.421884149313
2677,2,1883,170,15,1,1.87499988079,1,26,1,1,1,1,,-1.78567111492,-1.10146641731,-0.0267338976264,-1.94917809963,-1.24063611031,-0.421884149313
2678,1,1884,170,15,1,1.87499988079,1,29,1,1,1,1,0,-4.59626245499,-2.51067614555,-0.367526322603,-4.59626245499,-2.51067614555,-0.367526322603
2678,2,1884,170,15,1,1.87499988079,1,41,1,1,1,1,,-4.22540473938,-2.24726080894,-0.685107290745,-4.59626245499,-2.51067614555,-0.367526322603
2679,1,1885,170,15,1,1.87499988079,0,19,1,1,1,1,0,-1.77541232109,-0.652275145054,-0.526120185852,-1.77541232109,-0.652275145054,-0.526120185852
2679,2,1885,170,15,1,1.87499988079,0,34,1,1,1,1,,-1.81428968906,-0.672043144703,-0.13085719943,-1.77541232109,-0.652275145054,-0.526120185852
2680,1,1886,170,15,0,41,1,26,1,1,1,1,0,-1.99588346481,-0.665985822678,-0.191748067737,-1.99588346481,-0.665985822678,-0.191748067737
2680,2,1886,170,15,0,41,1,39,1,1,1,1,,-2.07889008522,-0.727152705193,-0.226024851203,-1.99588346481,-0.665985822678,-0.191748067737
2681,1,1887,170,15,1,1.87499988079,0,12,1,1,1,1,0,-0.462411522865,0.254806548357,0.224838465452,-0.462411522865,0.254806548357,0.224838465452
2681,2,1887,170,15,1,1.87499988079,0,26,1,1,1,1,,-1.67096042633,-0.371620237827,0.192940250039,-0.462411522865,0.254806548357,0.224838465452
2682,1,1888,171,14,1,2,0,50,1,1,1,1,0,-1.54586291313,-0.0989566072822,-0.774395704269,-1.54586291313,-0.0989566072822,-0.774395704269
2682,2,1888,171,14,1,2,0,63,1,1,1,1,,-1.47919416428,-0.366120308638,,-1.54586291313,-0.0989566072822,-0.774395704269
2683,1,1888,171,14,1,2,0,16,1,1,1,1,0,-0.430003762245,1.74831914902,1.75709688663,-0.430003762245,1.74831914902,1.75709688663
2683,2,1888,171,14,1,2,0,29,1,1,1,1,,-1.4873790741,1.15267801285,1.04269707203,-0.430003762245,1.74831914902,1.75709688663
2684,1,1889,171,14,1,2,0,72,1,0,0,,,,,,,,
2684,2,1889,171,14,1,2,0,72,1,0,0,,,,,,,,
2685,1,1889,171,14,1,2,0,37,1,1,1,1,0,-2.90054225922,-0.67520827055,-0.550054132938,-2.90054225922,-0.67520827055,-0.550054132938
2685,2,1889,171,14,1,2,0,50,1,1,1,1,,-2.31910896301,-0.882627129555,-0.896055400372,-2.90054225922,-0.67520827055,-0.550054132938
2686,1,1889,171,14,1,2,0,5,1,1,1,1,0,0.0698075070977,-0.256059288979,,0.0698075070977,-0.256059288979,
2686,2,1889,171,14,1,2,0,18,1,1,1,1,,-1.63450562954,-0.860015630722,-0.625367224216,0.0698075070977,-0.256059288979,
2687,1,1890,171,14,0,22.25,1,28,1,1,1,1,0,-2.28790903091,-0.669095158577,-0.312054425478,-2.28790903091,-0.669095158577,-0.312054425478
2687,2,1890,171,14,0,22.25,1,41,1,1,1,1,,-2.57267069817,-0.32841578126,0.741518378258,-2.28790903091,-0.669095158577,-0.312054425478
2688,1,1891,171,14,1,2,1,19,1,1,1,1,0,-0.124468371272,1.48937547207,1.75709688663,-0.124468371272,1.48937547207,1.75709688663
2688,2,1891,171,14,1,2,1,33,1,1,1,1,,-0.673655390739,0.353522717953,0.685445785522,-0.124468371272,1.48937547207,1.75709688663
2689,1,1892,171,14,1,2,0,24,1,1,1,1,0,-2.77107954025,-1.44841599464,-0.932487785816,-2.77107954025,-1.44841599464,-0.932487785816
2689,2,1892,171,14,1,2,0,37,1,1,1,1,,-3.11374354362,-1.62826418877,-1.46826529503,-2.77107954025,-1.44841599464,-0.932487785816
2690,2,1892,171,14,1,2,1,12,1,1,0,,,-1.34563910961,-0.0439593791962,0.121275499463,,,
2691,1,1893,171,14,0,22.25,0,43,1,1,1,1,0,-0.861290574074,-0.880141198635,-0.70094704628,-0.861290574074,-0.880141198635,-0.70094704628
2691,2,1893,171,14,0,22.25,0,56,1,1,1,1,,-0.873253583908,-0.600907027721,-0.0659347251058,-0.861290574074,-0.880141198635,-0.70094704628
2692,1,1894,171,14,1,2,0,47,1,0,0,,,,,,,,
2692,2,1894,171,14,1,2,0,60,1,0,0,,,,,,,,
2693,1,1894,171,14,1,2,0,17,1,1,1,1,0,-2.3853468895,-2.2896425724,-1.29485523701,-2.3853468895,-2.2896425724,-1.29485523701
2693,2,1894,171,14,1,2,0,30,1,1,1,1,,-2.62326288223,-1.96792697906,-1.3423384428,-2.3853468895,-2.2896425724,-1.29485523701
2694,1,1895,171,14,1,2,0,37,1,1,1,1,0,-4.7622551918,-2.66664671898,-0.550054132938,-4.7622551918,-2.66664671898,-0.550054132938
2694,2,1895,171,14,1,2,0,50,1,1,1,1,,-4.43968153,-2.20270466805,-1.39923000336,-4.7622551918,-2.66664671898,-0.550054132938
2695,1,1895,171,14,1,2,1,9,1,1,1,1,0,-1.71520841122,-2.20353841782,-1.52826118469,-1.71520841122,-2.20353841782,-1.52826118469
2695,2,1895,171,14,1,2,1,22,1,1,1,1,,-2.50112318993,-1.15293765068,-0.0274601932615,-1.71520841122,-2.20353841782,-1.52826118469
2696,1,1896,171,14,0,22.25,1,48,1,1,1,1,0,-2.86271476746,-1.78843855858,-0.986020624638,-2.86271476746,-1.78843855858,-0.986020624638
2696,2,1896,171,14,0,22.25,1,60,1,1,1,1,,-3.04276394844,-1.7368850708,-1.22302913666,-2.86271476746,-1.78843855858,-0.986020624638
2697,2,1896,171,14,0,22.25,0,3,1,1,0,,,-1.21269929409,-2.43048405647,,,,
2698,1,1897,171,14,0,22.25,1,30,1,0,0,,,,,,,,
2698,2,1897,171,14,0,22.25,1,43,1,1,0,,,-2.34477066994,-0.741281807423,0.0349372588098,,,
2699,2,1897,171,14,0,22.25,0,12,1,1,0,,,-1.38824594021,0.697602331638,1.56287682056,,,
2700,1,1898,171,14,1,2,0,54,1,1,1,1,0,-3.65051436424,-2.29321074486,-1.35057890415,-3.65051436424,-2.29321074486,-1.35057890415
2700,2,1898,171,14,1,2,0,67,1,1,1,1,,-3.36609506607,-2.49609661102,,-3.65051436424,-2.29321074486,-1.35057890415
2701,1,1898,171,14,1,2,0,36,1,1,1,1,0,-3.11135864258,-1.38420951366,-0.863446056843,-3.11135864258,-1.38420951366,-0.863446056843
2701,2,1898,171,14,1,2,0,49,1,1,1,1,,-2.85689115524,-1.0009765625,-0.592931807041,-3.11135864258,-1.38420951366,-0.863446056843
2702,1,1898,171,14,1,2,1,13,1,1,1,1,0,-1.43276178837,-0.701023936272,-0.298092275858,-1.43276178837,-0.701023936272,-0.298092275858
2702,2,1898,171,14,1,2,1,26,1,1,1,1,,-2.38628053665,,-1.75754702091,-1.43276178837,-0.701023936272,-0.298092275858
2703,1,1899,171,14,1,2,1,17,1,1,1,1,0,-0.288167446852,0.236729323864,0.395588636398,-0.288167446852,0.236729323864,0.395588636398
2703,2,1899,171,14,1,2,1,30,1,1,1,1,,-0.0933942347765,-0.0410953462124,-0.214178562164,-0.288167446852,0.236729323864,0.395588636398
2704,2,1900,172,16,0,15.5,0,1,1,0,0,,,,,,,,
2705,1,1901,172,16,1,1.87499988079,1,38,1,1,1,1,0,-2.9178340435,-1.6580375433,-1.23564147949,-2.9178340435,-1.6580375433,-1.23564147949
2705,2,1901,172,16,1,1.87499988079,1,51,1,1,1,1,,-2.60676002502,-1.84547317028,-1.03854262829,-2.9178340435,-1.6580375433,-1.23564147949
2706,1,1901,172,16,1,1.87499988079,0,9,1,1,1,1,0,-2.68300962448,-2.31353759766,-1.33340895176,-2.68300962448,-2.31353759766,-1.33340895176
2706,2,1901,172,16,1,1.87499988079,0,22,1,1,1,1,,-3.03238248825,-2.03930282593,-1.06872749329,-2.68300962448,-2.31353759766,-1.33340895176
2707,1,1902,172,16,1,1.87499988079,1,46,1,1,1,1,0,-2.43236327171,-1.05302047729,0.175658345222,-2.43236327171,-1.05302047729,0.175658345222
2707,2,1902,172,16,1,1.87499988079,1,59,1,1,1,1,,-2.57332277298,-1.08635985851,-0.394431650639,-2.43236327171,-1.05302047729,0.175658345222
2708,1,1902,172,16,1,1.87499988079,0,7,1,0,0,,,,,,,,
2708,2,1902,172,16,1,1.87499988079,0,19,1,1,0,,,-2.97310066223,-0.94185680151,0.00643694028258,,,
2709,1,1903,172,16,0,15.5,0,40,1,1,1,1,0,-2.46735548973,-1.64526927471,-0.628234505653,-2.46735548973,-1.64526927471,-0.628234505653
2709,2,1903,172,16,0,15.5,0,53,1,1,1,1,,-2.16154718399,-1.40399813652,-1.20494294167,-2.46735548973,-1.64526927471,-0.628234505653
2710,2,1903,172,16,0,15.5,0,8,1,1,0,,,-1.20125865936,0.932274758816,1.83237862587,,,
2711,1,1904,172,16,1,1.87499988079,0,19,1,1,1,1,0,-0.178491547704,-1.33360850811,-0.708591401577,-0.178491547704,-1.33360850811,-0.708591401577
2711,2,1904,172,16,1,1.87499988079,0,32,1,1,1,1,,-1.20315778255,-0.881944596767,-0.0221391133964,-0.178491547704,-1.33360850811,-0.708591401577
2712,1,1906,172,16,1,1.87499988079,1,44,1,1,1,1,0,-4.73902654648,-3.30956673622,-2.38133263588,-4.73902654648,-3.30956673622,-2.38133263588
2712,2,1906,172,16,1,1.87499988079,1,56,1,1,1,1,,-4.37638044357,-3.43780565262,-2.20391845703,-4.73902654648,-3.30956673622,-2.38133263588
2713,1,1906,172,16,1,1.87499988079,0,180,1,0,0,,,,,,,,
2713,2,1906,172,16,1,1.87499988079,0,28,1,1,0,,,-2.8735396862,-2.1783080101,-0.984014511108,,,
2714,2,1907,172,16,0,15.5,1,3,1,1,0,,,-2.6141269207,-2.38241171837,,,,
2715,2,1907,172,16,0,15.5,0,9,1,1,0,,,-2.21494030952,-1.74465942383,-1.6788636446,,,
2716,1,1908,172,16,1,1.87499988079,1,62,1,0,0,,,,,,,,
2716,2,1908,172,16,1,1.87499988079,1,72,1,0,0,,,,,,,,
2717,1,1908,172,16,1,1.87499988079,1,14,1,1,1,1,0,-0.794208884239,-1.89579916,-0.874607026577,-0.794208884239,-1.89579916,-0.874607026577
2717,2,1908,172,16,1,1.87499988079,1,27,1,1,1,1,,-1.42935788631,-1.473315835,-1.07377707958,-0.794208884239,-1.89579916,-0.874607026577
2718,2,1908,172,16,1,1.87499988079,1,4,1,1,0,,,0.0277670752257,-0.935809910297,,,,
2719,1,1909,172,16,1,1.87499988079,1,5,1,1,1,1,0,0.550159096718,-1.33394181728,,0.550159096718,-1.33394181728,
2719,2,1909,172,16,1,1.87499988079,1,18,1,1,1,1,,-1.70734238625,-1.21080875397,-0.326909393072,0.550159096718,-1.33394181728,
2720,1,1910,172,16,1,1.87499988079,0,41,1,1,1,1,0,0.459738999605,0.562982916832,-0.246466040611,0.459738999605,0.562982916832,-0.246466040611
2720,2,1910,172,16,1,1.87499988079,0,54,1,1,1,1,,0.49450391531,0.541538417339,-0.204064562917,0.459738999605,0.562982916832,-0.246466040611
2721,1,1910,172,16,1,1.87499988079,1,19,1,1,1,1,0,-0.614630460739,0.252179950476,0.0529955215752,-0.614630460739,0.252179950476,0.0529955215752
2721,2,1910,172,16,1,1.87499988079,1,32,1,1,1,1,,-1.22470319271,-1.00127661228,-0.346822440624,-0.614630460739,0.252179950476,0.0529955215752
2722,1,1911,172,16,1,1.87499988079,1,1,1,1,1,1,0,-1.14480698109,-0.815242409706,,-1.14480698109,-0.815242409706,
2722,2,1911,172,16,1,1.87499988079,1,14,1,1,1,1,,-3.02963423729,-1.75971579552,-0.920975208282,-1.14480698109,-0.815242409706,
2723,1,1912,173,14,1,2.625,1,13,1,1,1,1,0,-2.0222017765,-0.535620570183,0.542109966278,-2.0222017765,-0.535620570183,0.542109966278
2723,2,1912,173,14,1,2.625,1,25,1,1,1,1,,-2.1475675106,-0.876215875149,-0.424216985703,-2.0222017765,-0.535620570183,0.542109966278
2724,2,1912,173,14,1,2.625,0,6,1,1,0,,,-1.57623565197,-1.14686596394,0.102363198996,,,
2725,1,1915,173,14,1,2.625,0,45,1,1,1,1,0,-1.86684477329,-0.889539122581,-0.034061383456,-1.86684477329,-0.889539122581,-0.034061383456
2725,2,1915,173,14,1,2.625,0,59,1,1,1,1,,-1.77632200718,-0.87992888689,-1.32395672798,-1.86684477329,-0.889539122581,-0.034061383456
2726,1,1915,173,14,1,2.625,1,13,1,1,1,1,0,-1.67994463444,-0.497280091047,0.4611107409,-1.67994463444,-0.497280091047,0.4611107409
2726,2,1915,173,14,1,2.625,1,29,1,1,1,1,,-2.82947444916,-1.66936516762,-0.833524048328,-1.67994463444,-0.497280091047,0.4611107409
2727,1,1916,173,14,1,2.625,0,8,1,1,1,1,0,-2.94687390327,-2.14812612534,-0.890504539013,-2.94687390327,-2.14812612534,-0.890504539013
2727,2,1916,173,14,1,2.625,0,24,1,1,1,1,,-4.11307048798,-1.27974450588,0.57922244072,-2.94687390327,-2.14812612534,-0.890504539013
2728,1,1916,173,14,1,2.625,0,33,1,1,1,1,0,-2.25155282021,0.0717157870531,1.13900732994,-2.25155282021,0.0717157870531,1.13900732994
2728,2,1916,173,14,1,2.625,0,46,1,1,1,1,,-1.78260695934,0.620918691158,0.204519852996,-2.25155282021,0.0717157870531,1.13900732994
2729,1,1917,173,14,0,31.2499980927,1,21,1,1,1,1,0,-2.15683746338,0.289493501186,-0.138593524694,-2.15683746338,0.289493501186,-0.138593524694
2729,2,1917,173,14,0,31.2499980927,1,35,1,1,1,1,,-2.0201382637,0.233429327607,0.564501821995,-2.15683746338,0.289493501186,-0.138593524694
2730,1,1917,173,14,0,31.2499980927,1,11,1,1,1,1,0,-1.41662347317,0.167260155082,0.112676568329,-1.41662347317,0.167260155082,0.112676568329
2730,2,1917,173,14,0,31.2499980927,1,24,1,1,1,1,,-1.97292494774,0.188731789589,0.14005549252,-1.41662347317,0.167260155082,0.112676568329
2731,1,1918,173,14,1,2.625,0,63,1,0,0,,,,,,,,
2731,2,1918,173,14,1,2.625,0,72,1,0,0,,,,,,,,
2732,1,1918,173,14,1,2.625,1,24,1,1,1,1,0,-1.9264343977,-1.9864718914,-1.77848792076,-1.9264343977,-1.9864718914,-1.77848792076
2732,2,1918,173,14,1,2.625,1,37,1,1,1,1,,-2.35943698883,-2.24007487297,-2.51572918892,-1.9264343977,-1.9864718914,-1.77848792076
2733,2,1918,173,14,1,2.625,1,3,1,1,0,,,-0.642687797546,-0.790116846561,-0.454223364592,,,
2734,1,1919,173,14,1,2.625,0,53,1,1,1,1,0,-2.66402983665,-1.51419663429,-0.998942196369,-2.66402983665,-1.51419663429,-0.998942196369
2734,2,1919,173,14,1,2.625,0,67,1,1,1,1,,-2.70661115646,-1.55348336697,,-2.66402983665,-1.51419663429,-0.998942196369
2735,1,1919,173,14,1,2.625,0,28,1,1,1,1,0,-2.72169327736,-1.02949869633,-0.494954913855,-2.72169327736,-1.02949869633,-0.494954913855
2735,2,1919,173,14,1,2.625,0,40,1,1,1,1,,-2.26133370399,-0.698561489582,-1.00956821442,-2.72169327736,-1.02949869633,-0.494954913855
2736,1,1919,173,14,1,2.625,0,9,1,1,1,1,0,-0.877603530884,-0.829628527164,-0.202922224998,-0.877603530884,-0.829628527164,-0.202922224998
2736,2,1919,173,14,1,2.625,0,22,1,1,1,1,,-1.8395665884,-1.19043278694,-0.790787220001,-0.877603530884,-0.829628527164,-0.202922224998
2737,1,1920,173,14,0,31.2499980927,1,50,1,1,1,1,0,-2.37238001823,-1.66178560257,-1.2003057003,-2.37238001823,-1.66178560257,-1.2003057003
2737,2,1920,173,14,0,31.2499980927,1,62,1,1,1,1,,-4.36460447311,-1.78676688671,,-2.37238001823,-1.66178560257,-1.2003057003
2738,1,1920,173,14,0,31.2499980927,1,21,1,1,1,1,0,-1.35805737972,-0.646781623363,-0.573021531105,-1.35805737972,-0.646781623363,-0.573021531105
2738,2,1920,173,14,0,31.2499980927,1,34,1,1,1,1,,-1.93469786644,-0.976136267185,-0.965984880924,-1.35805737972,-0.646781623363,-0.573021531105
2739,2,1920,173,14,0,31.2499980927,1,3,1,1,0,,,0.0936322063208,-0.425318658352,0.112339742482,,,
2740,1,1921,173,14,1,2.625,0,6,1,1,1,1,0,-2.18363046646,-3.8929309845,-3.11805677414,-2.18363046646,-3.8929309845,-3.11805677414
2740,2,1921,173,14,1,2.625,0,19,1,1,1,1,,-2.95495557785,-2.63270282745,-1.51395714283,-2.18363046646,-3.8929309845,-3.11805677414
2741,1,1921,173,14,1,2.625,1,660,1,0,0,,,,,,,,
2741,2,1921,173,14,1,2.625,1,69,1,1,0,,,-0.719481885433,-0.791231811047,,,,
2742,1,1921,173,14,1,2.625,0,360,1,0,0,,,,,,,,
2742,2,1921,173,14,1,2.625,0,45,1,1,0,,,-3.32481884956,-2.5415699482,-2.1122481823,,,
2743,1,1922,173,14,1,2.625,0,648,1,0,0,,,,,,,,
2743,2,1922,173,14,1,2.625,0,68,1,1,0,,,-2.16207456589,-0.645217299461,,,,
2744,1,1922,173,14,1,2.625,0,444,1,0,0,,,,,,,,
2744,2,1922,173,14,1,2.625,0,50,1,1,0,,,-4.42796468735,-1.71109831333,0.325291544199,,,
2745,1,1922,173,14,1,2.625,1,168,1,0,0,,,,,,,,
2745,2,1922,173,14,1,2.625,1,27,1,1,0,,,-2.76023101807,-0.821544289589,0.352057516575,,,
2746,1,1923,173,14,1,2.625,1,21,1,1,1,1,0,-3.16754198074,-2.05120778084,-0.662092685699,-3.16754198074,-2.05120778084,-0.662092685699
2746,2,1923,173,14,1,2.625,1,35,1,1,1,1,,-2.56480836868,-1.0300577879,-1.30342745781,-3.16754198074,-2.05120778084,-0.662092685699
2747,1,1923,173,14,1,2.625,1,21,1,1,1,1,0,-3.2816529274,-0.655050575733,-0.0538163930178,-3.2816529274,-0.655050575733,-0.0538163930178
2747,2,1923,173,14,1,2.625,1,35,1,1,1,1,,-3.1360449791,-2.15212249756,-0.267708450556,-3.2816529274,-0.655050575733,-0.0538163930178
2748,1,1924,174,16,1,1.5,1,22,1,1,1,1,0,-2.78956699371,-1.45773589611,-1.08464682102,-2.78956699371,-1.45773589611,-1.08464682102
2748,2,1924,174,16,1,1.5,1,36,1,1,1,1,,-2.77104926109,-1.41210329533,-0.747706711292,-2.78956699371,-1.45773589611,-1.08464682102
2749,1,1927,174,16,1,1.5,0,44,1,1,1,1,0,-0.874832332134,-0.739999651909,-0.89045470953,-0.874832332134,-0.739999651909,-0.89045470953
2749,2,1927,174,16,1,1.5,0,55,1,1,1,1,,-0.251319438219,-0.517618179321,-1.03973352909,-0.874832332134,-0.739999651909,-0.89045470953
2750,1,1927,174,16,1,1.5,0,8,1,1,1,1,0,-1.58665370941,-1.31325316429,-0.890504539013,-1.58665370941,-1.31325316429,-0.890504539013
2750,2,1927,174,16,1,1.5,0,21,1,1,1,1,,-2.48240399361,-1.67769026756,-0.518587768078,-1.58665370941,-1.31325316429,-0.890504539013
2751,1,1928,174,16,1,1.5,1,20,1,1,1,1,0,-0.764579772949,-0.143686950207,0.333055853844,-0.764579772949,-0.143686950207,0.333055853844
2751,2,1928,174,16,1,1.5,1,33,1,1,1,1,,-0.741731643677,0.0683440640569,0.162597045302,-0.764579772949,-0.143686950207,0.333055853844
2752,1,1930,174,16,1,1.5,0,60,1,0,0,,,,,,,,
2752,2,1930,174,16,1,1.5,0,72,1,0,0,,,,,,,,
2753,1,1930,174,16,1,1.5,1,13,1,1,1,1,0,-2.45952987671,-1.9501093626,-0.564066410065,-2.45952987671,-1.9501093626,-0.564066410065
2753,2,1930,174,16,1,1.5,1,26,1,1,1,1,,-2.86676764488,-2.49533438683,-0.968125402927,-2.45952987671,-1.9501093626,-0.564066410065
2754,1,1931,174,16,0,16,0,61,1,0,0,,,,,,,,
2754,2,1931,174,16,0,16,0,72,1,0,0,,,,,,,,
2755,1,1931,174,16,0,16,1,24,1,0,0,,,,,,,,
2755,2,1931,174,16,0,16,1,37,1,1,0,,,-1.48988687992,-0.361095100641,0.22687497735,,,
2756,2,1931,174,16,0,16,0,4,1,1,0,,,1.15755546093,0.633828341961,,,,
2757,1,1932,174,16,1,1.5,0,16,1,1,1,1,0,-0.72020560503,-0.829969406128,0.791547715664,-0.72020560503,-0.829969406128,0.791547715664
2757,2,1932,174,16,1,1.5,0,30,1,1,1,1,,-2.38832640648,-0.734138965607,0.653958022594,-0.72020560503,-0.829969406128,0.791547715664
2758,1,1933,174,16,1,1.5,1,29,1,1,1,1,0,-1.91017103195,0.647681474686,1.45185530186,-1.91017103195,0.647681474686,1.45185530186
2758,2,1933,174,16,1,1.5,1,43,1,1,1,1,,-2.35694646835,0.088840380311,0.696694016457,-1.91017103195,0.647681474686,1.45185530186
2759,1,1933,174,16,1,1.5,1,1,1,1,1,1,0,-1.09363627434,-1.00848436356,,-1.09363627434,-1.00848436356,
2759,2,1933,174,16,1,1.5,1,13,1,1,1,1,,0.107393234968,0.454775482416,0.622474610806,-1.09363627434,-1.00848436356,
2760,1,1934,174,16,1,1.5,1,67,1,0,0,,,,,,,,
2760,2,1934,174,16,1,1.5,1,72,1,0,0,,,,,,,,
2761,1,1934,174,16,1,1.5,0,15,1,1,1,1,0,0.219025850296,0.379302769899,0.90548825264,0.219025850296,0.379302769899,0.90548825264
2761,2,1934,174,16,1,1.5,0,28,1,1,1,1,,-1.09693694115,0.729250848293,0.505269289017,0.219025850296,0.379302769899,0.90548825264
2762,1,1935,174,16,1,1.5,0,19,1,1,1,1,0,-2.88236665726,-1.04047453403,-0.0808235928416,-2.88236665726,-1.04047453403,-0.0808235928416
2762,2,1935,174,16,1,1.5,0,31,1,1,1,1,,-1.81060814857,-0.999117195606,0.377782970667,-2.88236665726,-1.04047453403,-0.0808235928416
2763,1,1936,175,13,0,22.75,1,27,1,1,1,1,0,-2.13915514946,-1.13916027546,-1.02896475792,-2.13915514946,-1.13916027546,-1.02896475792
2763,2,1936,175,13,0,22.75,1,40,1,1,1,1,,-2.34828543663,-1.32182621956,-0.493648856878,-2.13915514946,-1.13916027546,-1.02896475792
2764,1,1938,175,13,1,1,1,72,1,0,0,,,,,,,,
2764,2,1938,175,13,1,1,1,72,1,0,0,,,,,,,,
2765,1,1938,175,13,1,1,1,53,1,1,1,1,0,-3.46027827263,-1.95449626446,-1.06114351749,-3.46027827263,-1.95449626446,-1.06114351749
2765,2,1938,175,13,1,1,1,65,1,1,1,1,,-3.022990942,-1.93206644058,,-3.46027827263,-1.95449626446,-1.06114351749
2766,1,1938,175,13,1,1,1,18,1,0,0,,,,,,,,
2766,2,1938,175,13,1,1,1,32,1,1,0,,,-2.63126707077,-1.00837314129,-0.0669239163399,,,
2767,2,1938,175,13,1,1,1,4,1,0,0,,,,,,,,
2768,1,1939,175,13,0,22.75,1,45,1,1,1,1,0,-1.28303766251,-0.53750872612,-1.1307746172,-1.28303766251,-0.53750872612,-1.1307746172
2768,2,1939,175,13,0,22.75,1,57,1,1,1,1,,-1.07005059719,-0.647609710693,-1.40137004852,-1.28303766251,-0.53750872612,-1.1307746172
2769,2,1939,175,13,0,22.75,1,1,1,1,0,,,-1.9635515213,-1.14638864994,,,,
2770,1,1940,175,13,1,1,1,9,1,1,1,1,0,-2.10846114159,-0.784304738045,-0.0568290576339,-2.10846114159,-0.784304738045,-0.0568290576339
2770,2,1940,175,13,1,1,1,22,1,1,1,1,,-3.06198549271,-1.10058701038,0.01437171828,-2.10846114159,-0.784304738045,-0.0568290576339
2771,2,1940,175,13,1,1,0,6,1,1,0,,,0.222588062286,-0.955912053585,0.239659771323,,,
2772,1,1941,175,13,1,1,1,25,1,1,1,1,0,-1.53749763966,-1.01228952408,-0.640335679054,-1.53749763966,-1.01228952408,-0.640335679054
2772,2,1941,175,13,1,1,1,37,1,1,1,1,,-1.33414721489,-0.605179667473,-0.8250644207,-1.53749763966,-1.01228952408,-0.640335679054
2773,1,1942,175,13,1,1,0,38,1,1,1,1,0,-1.81031763554,-0.364898502827,-1.44787812233,-1.81031763554,-0.364898502827,-1.44787812233
2773,2,1942,175,13,1,1,0,50,1,1,1,1,,-1.34669351578,-0.256529420614,-0.814772069454,-1.81031763554,-0.364898502827,-1.44787812233
2774,1,1942,175,13,1,1,1,8,1,1,1,1,0,-1.14156711102,-1.80414712429,-1.76456820965,-1.14156711102,-1.80414712429,-1.76456820965
2774,2,1942,175,13,1,1,1,21,1,1,1,1,,-1.4884711504,-1.73193252087,-1.99420320988,-1.14156711102,-1.80414712429,-1.76456820965
2775,2,1943,175,13,0,22.75,0,52,1,0,0,,,,,,,,
2776,1,1944,175,13,1,1,0,10,1,1,1,1,0,-3.12099909782,-1.10597741604,-0.33731558919,-3.12099909782,-1.10597741604,-0.33731558919
2776,2,1944,175,13,1,1,0,23,1,1,1,1,,-2.33413386345,-0.761960208416,0.173067003489,-3.12099909782,-1.10597741604,-0.33731558919
2777,1,1945,175,13,1,1,1,35,1,1,1,1,0,-2.0998468399,-0.524593174458,0.528116643429,-2.0998468399,-0.524593174458,0.528116643429
2777,2,1945,175,13,1,1,1,48,1,1,1,1,,-1.46980178356,-0.497024983168,-0.0682001933455,-2.0998468399,-0.524593174458,0.528116643429
2778,1,1945,175,13,1,1,0,12,1,1,1,1,0,-2.7138671875,-1.52490580082,-1.14893686771,-2.7138671875,-1.52490580082,-1.14893686771
2778,2,1945,175,13,1,1,0,24,1,1,1,1,,-1.83823239803,-0.848047971725,-0.0885827466846,-2.7138671875,-1.52490580082,-1.14893686771
2779,1,1946,176,14,1,1.5,0,35,1,1,1,1,0,-3.48962569237,-1.90721023083,-1.18807387352,-3.48962569237,-1.90721023083,-1.18807387352
2779,2,1946,176,14,1,1.5,0,48,1,1,1,1,,-3.0465259552,-1.31810545921,-1.66664528847,-3.48962569237,-1.90721023083,-1.18807387352
2780,1,1946,176,14,1,1.5,1,3,1,1,1,1,0,-0.547678351402,-0.569303691387,,-0.547678351402,-0.569303691387,
2780,2,1946,176,14,1,1.5,1,16,1,1,1,1,,-2.41748929024,-0.916166186333,-1.14493203163,-0.547678351402,-0.569303691387,
2781,1,1947,176,14,1,1.5,0,22,1,1,1,1,0,-1.46467864513,-0.844327032566,-0.563801765442,-1.46467864513,-0.844327032566,-0.563801765442
2781,2,1947,176,14,1,1.5,0,35,1,1,1,1,,-1.49533617496,-0.373571455479,-0.0404628142715,-1.46467864513,-0.844327032566,-0.563801765442
2782,1,1948,176,14,1,1.5,0,12,1,0,0,,,,,,,,
2782,2,1948,176,14,1,1.5,0,25,1,1,0,,,-2.60657143593,-1.11292719841,-0.180645793676,,,
2783,1,1949,176,14,0,18.75,0,60,1,1,1,1,0,-2.67892360687,-1.30831921101,-2.43688988686,-2.67892360687,-1.30831921101,-2.43688988686
2783,2,1949,176,14,0,18.75,0,73,1,1,1,1,,-1.90502810478,-0.906455934048,,-2.67892360687,-1.30831921101,-2.43688988686
2784,1,1951,176,14,1,1.5,0,20,1,1,1,1,0,,,-1.80166101456,,,-1.80166101456
2784,2,1951,176,14,1,1.5,0,33,1,1,1,1,,-3.00945472717,-2.12330627441,-1.49389374256,,,-1.80166101456
2785,1,1952,176,14,1,1.5,1,45,1,1,1,1,0,-0.805521190166,-0.40379178524,-0.894033789635,-0.805521190166,-0.40379178524,-0.894033789635
2785,2,1952,176,14,1,1.5,1,58,1,1,1,1,,-0.696356594563,-0.379380941391,-0.601694703102,-0.805521190166,-0.40379178524,-0.894033789635
2786,1,1952,176,14,1,1.5,1,12,1,1,1,1,0,-0.763110697269,0.190329179168,0.24653197825,-0.763110697269,0.190329179168,0.24653197825
2786,2,1952,176,14,1,1.5,1,25,1,1,1,1,,-1.67476475239,-0.0320668071508,1.41481482983,-0.763110697269,0.190329179168,0.24653197825
2787,2,1952,176,14,1,1.5,1,1,1,1,0,,,-0.223720952868,0.125608041883,,,,
2788,1,1953,176,14,0,18.75,1,53,1,1,1,1,0,-2.0596985817,-1.61680591106,-1.36525392532,-2.0596985817,-1.61680591106,-1.36525392532
2788,2,1953,176,14,0,18.75,1,66,1,1,1,1,,-1.88978040218,-1.27526903152,,-2.0596985817,-1.61680591106,-1.36525392532
2789,1,1953,176,14,0,18.75,0,1,1,1,1,1,0,-1.42529261112,-1.15364015102,,-1.42529261112,-1.15364015102,
2789,2,1953,176,14,0,18.75,0,13,1,1,1,1,,-2.17171192169,-0.248160392046,1.16891717911,-1.42529261112,-1.15364015102,
2790,1,1954,176,14,1,1.5,0,20,1,1,1,1,0,-0.834983289242,-0.407018244267,0.22448015213,-0.834983289242,-0.407018244267,0.22448015213
2790,2,1954,176,14,1,1.5,0,33,1,1,1,1,,-1.12873721123,-0.252528756857,-0.68691521883,-0.834983289242,-0.407018244267,0.22448015213
2791,1,1955,176,14,1,1.5,1,28,1,1,1,1,0,-3.13308095932,-1.17366099358,-0.229395702481,-3.13308095932,-1.17366099358,-0.229395702481
2791,2,1955,176,14,1,1.5,1,41,1,1,1,1,,-2.72179102898,-0.834899187088,-0.337297439575,-3.13308095932,-1.17366099358,-0.229395702481
2792,1,1955,176,14,1,1.5,1,3,1,0,0,,,,,,,,
2792,2,1955,176,14,1,1.5,1,16,1,1,0,,,-1.84492397308,-0.992730557919,-1.19246172905,,,
2793,1,1956,176,14,1,1.5,0,2,1,1,1,0,1,-0.137417063117,-0.275675445795,,-0.137417063117,-0.275675445795,
2793,2,1956,176,14,1,1.5,0,15,1,0,1,0,,,,,-0.137417063117,-0.275675445795,
2794,2,1956,176,14,1,1.5,1,1,1,1,0,,,0.390337020159,1.38264620304,,,,
2795,1,1957,176,14,0,18.75,0,49,1,1,1,1,0,1.41551947594,1.25216209888,-0.915990889072,1.41551947594,1.25216209888,-0.915990889072
2795,2,1957,176,14,0,18.75,0,62,1,1,1,1,,1.15755546093,1.22553873062,,1.41551947594,1.25216209888,-0.915990889072
2796,1,1958,177,14,0,14.75,1,66,1,0,0,,,,,,,,
2796,2,1958,177,14,0,14.75,1,72,1,0,0,,,,,,,,
2797,1,1958,177,14,0,14.75,1,4,1,1,1,1,0,0.143269643188,-0.23396396637,,0.143269643188,-0.23396396637,
2797,2,1958,177,14,0,14.75,1,17,1,1,1,1,,-1.63950169086,-0.739817500114,0.0208777375519,0.143269643188,-0.23396396637,
2798,1,1961,177,14,1,1.125,0,11,1,1,1,1,0,1.41551947594,0.971570193768,0.254496008158,1.41551947594,0.971570193768,0.254496008158
2798,2,1961,177,14,1,1.125,0,24,1,1,1,1,,0.322045832872,-0.0952340438962,-0.659613728523,1.41551947594,0.971570193768,0.254496008158
2799,1,1962,177,14,1,1.125,0,56,1,1,1,1,0,-2.0317428112,-1.40852177143,-1.22345578671,-2.0317428112,-1.40852177143,-1.22345578671
2799,2,1962,177,14,1,1.125,0,70,1,1,1,1,,-2.06581449509,-1.56480336189,,-2.0317428112,-1.40852177143,-1.22345578671
2800,1,1962,177,14,1,1.125,0,1,1,1,1,1,0,-3.22334837914,-3.36042356491,,-3.22334837914,-3.36042356491,
2800,2,1962,177,14,1,1.125,0,13,1,1,1,1,,-1.98622357845,-0.89570659399,0.153462454677,-3.22334837914,-3.36042356491,
2801,1,1963,177,14,1,1.125,0,3,1,1,1,1,0,-1.70184898376,-1.10940229893,,-1.70184898376,-1.10940229893,
2801,2,1963,177,14,1,1.125,0,15,1,1,1,1,,-1.97439873219,-1.29224026203,-0.43661943078,-1.70184898376,-1.10940229893,
2802,1,1965,177,14,1,1.125,1,13,1,1,1,1,0,-0.691204488277,0.114521309733,0.379466056824,-0.691204488277,0.114521309733,0.379466056824
2802,2,1965,177,14,1,1.125,1,26,1,1,1,1,,-0.764634609222,-0.112310543656,0.608420610428,-0.691204488277,0.114521309733,0.379466056824
2803,1,1966,177,14,1,1.125,0,49,1,1,1,1,0,-1.36801731586,0.494536578655,-0.128487169743,-1.36801731586,0.494536578655,-0.128487169743
2803,2,1966,177,14,1,1.125,0,63,1,1,1,1,,-1.06017661095,0.651968181133,,-1.36801731586,0.494536578655,-0.128487169743
2804,1,1966,177,14,1,1.125,0,8,1,1,1,1,0,-0.997223556042,-0.632643759251,-0.890504539013,-0.997223556042,-0.632643759251,-0.890504539013
2804,2,1966,177,14,1,1.125,0,20,1,1,1,1,,-1.59903419018,-0.382376223803,-0.430939137936,-0.997223556042,-0.632643759251,-0.890504539013
2805,1,1967,177,14,1,1.125,0,15,1,1,1,1,0,-0.255226641893,0.13924819231,-0.211233317852,-0.255226641893,0.13924819231,-0.211233317852
2805,2,1967,177,14,1,1.125,0,28,1,1,1,1,,-1.03619933128,-0.527135848999,-0.279301613569,-0.255226641893,0.13924819231,-0.211233317852
2806,1,1968,177,14,1,1.125,0,20,1,1,1,1,0,-2.46969509125,-1.24251687527,-0.56613856554,-2.46969509125,-1.24251687527,-0.56613856554
2806,2,1968,177,14,1,1.125,0,32,1,1,1,1,,-2.04317116737,-0.665010750294,-0.312152385712,-2.46969509125,-1.24251687527,-0.56613856554
2807,2,1968,177,14,1,1.125,1,10,1,1,0,,,0.210007250309,0.15268394351,-0.0611635632813,,,
2808,1,1969,177,14,1,1.125,0,8,1,0,0,,,,,,,,
2808,2,1969,177,14,1,1.125,0,21,1,1,0,,,-2.48240399361,-1.32279121876,-0.339891254902,,,
2809,2,1969,177,14,1,1.125,1,4,1,1,0,,,-0.0415351726115,-0.131234318018,,,,
2810,1,1970,178,16,0,22,1,72,1,0,0,,,,,,,,
2810,2,1970,178,16,0,22,1,72,1,0,0,,,,,,,,
2811,1,1970,178,16,0,22,1,38,1,1,1,1,0,,-1.8454310894,-2.30748677254,,-1.8454310894,-2.30748677254
2811,2,1970,178,16,0,22,1,51,1,1,1,1,,-2.36934137344,-2.46036982536,-2.46354556084,,-1.8454310894,-2.30748677254
2812,1,1971,178,16,1,2.375,0,300,1,0,0,,,,,,,,
2812,2,1971,178,16,1,2.375,0,38,1,1,0,,,-2.20530176163,-0.089216388762,0.303492903709,,,
2813,1,1972,178,16,1,2.375,1,44,1,1,1,1,0,-1.67704880238,-1.10846781731,-1.18065476418,-1.67704880238,-1.10846781731,-1.18065476418
2813,2,1972,178,16,1,2.375,1,57,1,1,1,1,,-1.67256999016,-1.12974607944,-1.74702239037,-1.67704880238,-1.10846781731,-1.18065476418
2814,1,1972,178,16,1,2.375,0,9,1,1,1,1,0,-1.32338249683,-1.27667033672,-1.13934016228,-1.32338249683,-1.27667033672,-1.13934016228
2814,2,1972,178,16,1,2.375,0,22,1,1,1,1,,-2.28260946274,-1.33802247047,-0.975392580032,-1.32338249683,-1.27667033672,-1.13934016228
2815,1,1973,178,16,1,2.375,1,72,1,0,0,,,,,,,,
2815,2,1973,178,16,1,2.375,1,72,1,0,0,,,,,,,,
2816,1,1973,178,16,1,2.375,0,34,1,1,1,1,0,-2.43721461296,-1.21492624283,-1.06947815418,-2.43721461296,-1.21492624283,-1.06947815418
2816,2,1973,178,16,1,2.375,0,47,1,1,1,1,,-2.78162503242,-1.79504036903,-2.10456848145,-2.43721461296,-1.21492624283,-1.06947815418
2817,1,1973,178,16,1,2.375,0,1,1,1,1,1,0,-1.14274132252,-0.358741015196,,-1.14274132252,-0.358741015196,
2817,2,1973,178,16,1,2.375,0,14,1,1,1,1,,-3.63286828995,-2.08497333527,-1.89291751385,-1.14274132252,-0.358741015196,
2818,1,1974,178,16,1,2.375,0,48,1,1,1,1,0,-2.02126646042,-0.398849070072,0.622150659561,-2.02126646042,-0.398849070072,0.622150659561
2818,2,1974,178,16,1,2.375,0,61,1,1,1,1,,-1.51689362526,-0.40159791708,,-2.02126646042,-0.398849070072,0.622150659561
2819,1,1974,178,16,1,2.375,1,9,1,1,1,1,0,-2.02567195892,-0.762104690075,-0.142885938287,-2.02567195892,-0.762104690075,-0.142885938287
2819,2,1974,178,16,1,2.375,1,21,1,1,1,1,,-2.49917316437,-0.379669457674,0.440936356783,-2.02567195892,-0.762104690075,-0.142885938287
2820,1,1975,178,16,1,2.375,0,9,1,1,1,1,0,-1.96976065636,0.887778818607,0.595668911934,-1.96976065636,0.887778818607,0.595668911934
2820,2,1975,178,16,1,2.375,0,23,1,1,1,1,,-3.46931266785,-0.842644035816,1.18523812294,-1.96976065636,0.887778818607,0.595668911934
2821,1,1977,178,16,0,22,1,35,1,0,0,,,,,,,,
2821,2,1977,178,16,0,22,1,47,1,1,0,,,-0.687868654728,-0.401234358549,-0.651106119156,,,
2822,1,1978,178,16,1,2.375,1,55,1,1,1,1,0,-2.36795282364,-1.55067574978,-1.04648387432,-2.36795282364,-1.55067574978,-1.04648387432
2822,2,1978,178,16,1,2.375,1,69,1,1,1,1,,-1.76373839378,-1.73074996471,,-2.36795282364,-1.55067574978,-1.04648387432
2823,1,1978,178,16,1,2.375,0,26,1,1,1,1,0,,-3.88655257225,-2.08648991585,,-3.88655257225,-2.08648991585
2823,2,1978,178,16,1,2.375,0,39,1,1,1,1,,-4.47712230682,-1.94562530518,0.351344048977,,-3.88655257225,-2.08648991585
2824,1,1980,178,16,1,2.375,0,12,1,1,1,1,0,-2.41928529739,-1.7721722126,-1.53794109821,-2.41928529739,-1.7721722126,-1.53794109821
2824,2,1980,178,16,1,2.375,0,25,1,1,1,1,,-3.20028924942,-1.36552798748,-1.26046621799,-2.41928529739,-1.7721722126,-1.53794109821
2825,1,1981,178,16,1,2.375,0,13,1,1,1,1,0,-3.71745824814,-2.02518677711,-0.427608907223,-3.71745824814,-2.02518677711,-0.427608907223
2825,2,1981,178,16,1,2.375,0,26,1,1,1,1,,-3.93816137314,-1.36552321911,-0.229281142354,-3.71745824814,-2.02518677711,-0.427608907223
2826,1,1982,179,15,1,1.87499988079,0,20,1,1,1,1,0,-0.568454086781,0.828429460526,0.643528997898,-0.568454086781,0.828429460526,0.643528997898
2826,2,1982,179,15,1,1.87499988079,0,33,1,1,1,1,,-0.707681298256,1.16177678108,0.954867362976,-0.568454086781,0.828429460526,0.643528997898
2827,1,1983,179,15,1,1.87499988079,0,4,1,1,1,1,0,-1.62728524208,-0.654010891914,,-1.62728524208,-0.654010891914,
2827,2,1983,179,15,1,1.87499988079,0,17,1,1,1,1,,-3.4835870266,-1.81717121601,-0.544680655003,-1.62728524208,-0.654010891914,
2828,1,1984,179,15,1,1.87499988079,1,20,1,1,1,1,0,-2.68964147568,-1.45231735706,-1.25076603889,-2.68964147568,-1.45231735706,-1.25076603889
2828,2,1984,179,15,1,1.87499988079,1,33,1,1,1,1,,-1.84456777573,-0.527013480663,-0.109189279377,-2.68964147568,-1.45231735706,-1.25076603889
2829,2,1984,179,15,1,1.87499988079,1,54,1,1,0,,,-2.76132941246,-1.65458965302,-0.270390152931,,,
2830,2,1985,179,15,0,20.25,0,33,1,1,0,,,-2.05506086349,-0.442115426064,0.185026198626,,,
2831,1,1986,179,15,1,1.87499988079,1,38,1,1,1,0,1,-0.954424321651,-0.150771424174,-0.738854825497,-0.954424321651,-0.150771424174,-0.738854825497
2831,2,1986,179,15,1,1.87499988079,1,51,1,0,1,0,,,,,-0.954424321651,-0.150771424174,-0.738854825497
2832,1,1986,179,15,1,1.87499988079,0,9,1,1,1,0,1,-1.50169479847,-1.75695347786,-2.23751997948,-1.50169479847,-1.75695347786,-2.23751997948
2832,2,1986,179,15,1,1.87499988079,0,22,1,0,1,0,,,,,-1.50169479847,-1.75695347786,-2.23751997948
2833,1,1987,179,15,1,1.87499988079,1,21,1,1,1,1,0,-2.33615660667,0.181563287973,0.758211255074,-2.33615660667,0.181563287973,0.758211255074
2833,2,1987,179,15,1,1.87499988079,1,34,1,1,1,1,,-3.05070185661,,1.87292575836,-2.33615660667,0.181563287973,0.758211255074
2834,1,1988,179,15,1,1.87499988079,0,51,1,1,1,1,0,-4.32134008408,-1.53188848495,-0.325438320637,-4.32134008408,-1.53188848495,-0.325438320637
2834,2,1988,179,15,1,1.87499988079,0,64,1,1,1,1,,-4.21962976456,-2.00486493111,,-4.32134008408,-1.53188848495,-0.325438320637
2835,1,1988,179,15,1,1.87499988079,0,24,1,1,1,1,0,-3.75302433968,-1.36366963387,-1.02482175827,-3.75302433968,-1.36366963387,-1.02482175827
2835,2,1988,179,15,1,1.87499988079,0,36,1,1,1,1,,-2.88205718994,-0.699911594391,0.167959570885,-3.75302433968,-1.36366963387,-1.02482175827
2836,1,1988,179,15,1,1.87499988079,0,1,1,1,1,1,0,-2.47843909264,-1.38262164593,,-2.47843909264,-1.38262164593,
2836,2,1988,179,15,1,1.87499988079,0,14,1,1,1,1,,-4.07690286636,-1.84100580215,-0.500016927719,-2.47843909264,-1.38262164593,
2837,1,1989,179,15,1,1.87499988079,1,64,1,0,0,,,,,,,,
2837,2,1989,179,15,1,1.87499988079,1,72,1,0,0,,,,,,,,
2838,1,1989,179,15,1,1.87499988079,1,13,1,1,1,1,0,-1.41374635696,-0.198131933808,-0.210927098989,-1.41374635696,-0.198131933808,-0.210927098989
2838,2,1989,179,15,1,1.87499988079,1,26,1,1,1,1,,-1.84573113918,-0.26557046175,0.175940468907,-1.41374635696,-0.198131933808,-0.210927098989
2839,1,1991,179,15,0,20.25,0,30,1,1,1,1,0,-0.729094803333,0.608479499817,0.257843703032,-0.729094803333,0.608479499817,0.257843703032
2839,2,1991,179,15,0,20.25,0,44,1,1,1,1,,-0.91192728281,0.331795275211,0.180013850331,-0.729094803333,0.608479499817,0.257843703032
2840,1,1993,179,15,1,1.87499988079,1,8,1,1,1,1,0,-2.3043627739,-0.612353384495,-0.0817824304104,-2.3043627739,-0.612353384495,-0.0817824304104
2840,2,1993,179,15,1,1.87499988079,1,21,1,1,1,1,,-2.23834562302,-1.14469063282,-0.0116837304085,-2.3043627739,-0.612353384495,-0.0817824304104
2841,1,1994,180,14,1,1.62499988079,0,23,1,1,1,1,0,-2.33413386345,-1.78315031528,-0.521443426609,-2.33413386345,-1.78315031528,-0.521443426609
2841,2,1994,180,14,1,1.62499988079,0,35,1,1,1,1,,-2.24661016464,-1.74478697777,-2.1246008873,-2.33413386345,-1.78315031528,-0.521443426609
2842,1,1994,180,14,1,1.62499988079,1,8,1,1,1,1,0,-1.58554434776,-0.933738470078,0.257513523102,-1.58554434776,-0.933738470078,0.257513523102
2842,2,1994,180,14,1,1.62499988079,1,21,1,1,1,1,,-2.5480761528,-2.08192896843,-1.26000475883,-1.58554434776,-0.933738470078,0.257513523102
2843,1,1996,180,14,1,1.62499988079,1,45,1,1,1,1,0,-2.58427095413,-1.04908132553,-0.511632204056,-2.58427095413,-1.04908132553,-0.511632204056
2843,2,1996,180,14,1,1.62499988079,1,58,1,1,1,1,,-1.91342687607,-0.610413253307,-0.165093302727,-2.58427095413,-1.04908132553,-0.511632204056
2844,1,1996,180,14,1,1.62499988079,1,21,1,1,1,1,0,-2.67849230766,-0.908170104027,-1.02604687214,-2.67849230766,-0.908170104027,-1.02604687214
2844,2,1996,180,14,1,1.62499988079,1,35,1,1,1,1,,-2.04670929909,-0.15098194778,-0.150146767497,-2.67849230766,-0.908170104027,-1.02604687214
2845,2,1996,180,14,1,1.62499988079,1,11,1,1,0,,,-1.89266395569,-2.15377831459,-1.82312607765,,,
2846,1,1997,180,14,1,1.62499988079,0,11,1,1,1,1,0,-1.75535142422,-0.750890851021,-1.02418684959,-1.75535142422,-0.750890851021,-1.02418684959
2846,2,1997,180,14,1,1.62499988079,0,24,1,1,1,1,,-2.5910577774,-0.903844714165,-0.614723145962,-1.75535142422,-0.750890851021,-1.02418684959
2847,1,1998,180,14,0,22.5,1,35,1,0,0,,,,,,,,
2847,2,1998,180,14,0,22.5,1,48,1,1,0,,,-2.67699408531,-1.70277428627,-0.173859506845,,,
2848,1,1998,180,14,0,22.5,0,11,1,0,0,,,,,,,,
2848,2,1998,180,14,0,22.5,0,24,1,1,0,,,-2.00188994408,-0.551283121109,-0.840849041939,,,
2849,1,1999,180,14,1,1.62499988079,1,15,1,1,1,1,0,-0.84327763319,-0.447429031134,-0.730279862881,-0.84327763319,-0.447429031134,-0.730279862881
2849,2,1999,180,14,1,1.62499988079,1,28,1,1,1,1,,-1.28244745731,-0.202056929469,0.331576019526,-0.84327763319,-0.447429031134,-0.730279862881
2850,1,2000,180,14,1,1.62499988079,1,17,1,1,1,1,0,-0.76201158762,-2.22752451897,-1.38299763203,-0.76201158762,-2.22752451897,-1.38299763203
2850,2,2000,180,14,1,1.62499988079,1,30,1,1,1,1,,-2.0904712677,-1.24710476398,-1.1025531292,-0.76201158762,-2.22752451897,-1.38299763203
2851,2,2000,180,14,1,1.62499988079,1,5,1,1,0,,,-1.25378608704,-1.70665800571,,,,
2852,1,2001,180,14,1,1.62499988079,1,4,1,1,1,1,0,0.997987985611,1.74831914902,,0.997987985611,1.74831914902,
2852,2,2001,180,14,1,1.62499988079,1,17,1,1,1,1,,-0.639160811901,0.797507345676,0.59806907177,0.997987985611,1.74831914902,
2853,2,2002,180,14,0,22.5,0,72,1,0,0,,,,,,,,
2854,1,2003,180,14,1,1.62499988079,1,19,1,1,1,1,0,-2.22033715248,-0.863729298115,-0.733255088329,-2.22033715248,-0.863729298115,-0.733255088329
2854,2,2003,180,14,1,1.62499988079,1,32,1,1,1,1,,-2.07967543602,-1.25456488132,-0.185954347253,-2.22033715248,-0.863729298115,-0.733255088329
2855,1,2004,180,14,0,22.5,0,49,1,1,1,1,0,-1.33256757259,-1.44472920895,-1.77573609352,-1.33256757259,-1.44472920895,-1.77573609352
2855,2,2004,180,14,0,22.5,0,63,1,1,1,1,,-1.40398478508,-1.45132577419,,-1.33256757259,-1.44472920895,-1.77573609352
2856,2,2004,180,14,0,22.5,0,60,1,1,0,,,-0.920137465,-0.50179952383,-1.22105205059,,,
2857,1,2005,180,14,1,1.62499988079,1,53,1,1,1,1,0,-2.81556797028,-1.66703283787,-1.2883181572,-2.81556797028,-1.66703283787,-1.2883181572
2857,2,2005,180,14,1,1.62499988079,1,67,1,1,1,1,,-2.91536140442,-2.41057538986,,-2.81556797028,-1.66703283787,-1.2883181572
2858,1,2005,180,14,1,1.62499988079,1,16,1,1,1,1,0,-3.06162977219,-0.784250378609,0.105607770383,-3.06162977219,-0.784250378609,0.105607770383
2858,2,2005,180,14,1,1.62499988079,1,29,1,1,1,1,,-2.81511163712,-1.67768156528,-1.45809435844,-3.06162977219,-0.784250378609,0.105607770383
2859,1,2006,181,16,1,3,0,9,1,1,1,1,0,-2.99505352974,-3.29797911644,-3.11805677414,-2.99505352974,-3.29797911644,-3.11805677414
2859,2,2006,181,16,1,3,0,22,1,1,1,1,,-2.94718122482,-2.62723660469,-1.89151656628,-2.99505352974,-3.29797911644,-3.11805677414
2860,1,2008,181,16,1,3,0,21,1,1,1,1,0,-3.05648708344,-1.26056182384,-1.64720010757,-3.05648708344,-1.26056182384,-1.64720010757
2860,2,2008,181,16,1,3,0,34,1,1,1,1,,-3.12935352325,-1.00948727131,-1.06947815418,-3.05648708344,-1.26056182384,-1.64720010757
2861,2,2008,181,16,1,3,0,7,1,1,0,,,-3.09270787239,-1.30293893814,-1.24623429775,,,
2862,1,2009,181,16,1,3,1,51,1,1,1,1,0,-1.77014315128,-1.26307845116,-1.62395143509,-1.77014315128,-1.26307845116,-1.62395143509
2862,2,2009,181,16,1,3,1,64,1,1,1,1,,-2.17810845375,-1.54963886738,,-1.77014315128,-1.26307845116,-1.62395143509
2863,1,2009,181,16,1,3,1,9,1,1,1,1,0,-1.48753380775,-0.762104690075,-0.494523376226,-1.48753380775,-0.762104690075,-0.494523376226
2863,2,2009,181,16,1,3,1,22,1,1,1,1,,-1.63579368591,-0.745455980301,-0.239153176546,-1.48753380775,-0.762104690075,-0.494523376226
2864,1,2011,181,16,1,3,1,64,1,0,0,,,,,,,,
2864,2,2011,181,16,1,3,1,72,1,0,0,,,,,,,,
2865,1,2011,181,16,1,3,1,17,1,1,1,1,0,-2.13089680672,-1.86406457424,-1.77763593197,-2.13089680672,-1.86406457424,-1.77763593197
2865,2,2011,181,16,1,3,1,29,1,1,1,1,,-2.15436077118,-1.96694660187,-1.50414907932,-2.13089680672,-1.86406457424,-1.77763593197
2866,1,2012,181,16,1,3,1,10,1,1,1,1,0,-1.65418815613,-1.19576025009,-1.00119698048,-1.65418815613,-1.19576025009,-1.00119698048
2866,2,2012,181,16,1,3,1,23,1,1,1,1,,-2.21202468872,-1.61495196819,-1.19174718857,-1.65418815613,-1.19576025009,-1.00119698048
2867,1,2014,181,16,1,3,0,18,1,1,1,1,0,-3.54385209084,-2.36822390556,-1.62323999405,-3.54385209084,-2.36822390556,-1.62323999405
2867,2,2014,181,16,1,3,0,31,1,1,1,1,,-3.09706616402,-2.4380736351,-2.14777874947,-3.54385209084,-2.36822390556,-1.62323999405
2868,1,2015,181,16,1,3,0,72,1,0,0,,,,,,,,
2868,2,2015,181,16,1,3,0,72,1,0,0,,,,,,,,
2869,1,2015,181,16,1,3,0,22,1,1,1,1,0,-3.16870522499,-0.960988640785,-0.385137975216,-3.16870522499,-0.960988640785,-0.385137975216
2869,2,2015,181,16,1,3,0,36,1,1,1,1,,-2.57182455063,-0.737796723843,-0.151230379939,-3.16870522499,-0.960988640785,-0.385137975216
2870,1,2015,181,16,1,3,1,1,1,1,1,1,0,-0.223720952868,-0.47794380784,,-0.223720952868,-0.47794380784,
2870,2,2015,181,16,1,3,1,13,1,1,1,1,,-1.09050190449,-0.207282602787,0.297167867422,-0.223720952868,-0.47794380784,
2871,1,2017,181,16,1,3,1,29,1,1,1,1,0,-3.63386654854,-1.71105360985,-1.23077440262,-3.63386654854,-1.71105360985,-1.23077440262
2871,2,2017,181,16,1,3,1,42,1,1,1,1,,-3.38059782982,-1.53148150444,-1.11853539944,-3.63386654854,-1.71105360985,-1.23077440262
2872,1,2017,181,16,1,3,1,4,1,1,1,1,0,-1.01175606251,0.529772698879,,-1.01175606251,0.529772698879,
2872,2,2017,181,16,1,3,1,17,1,1,1,1,,-2.56964182854,-0.429492145777,0.59806907177,-1.01175606251,0.529772698879,
2873,1,2018,182,15,1,3.625,1,5,1,1,1,1,0,0.1442707479,-0.727875888348,,0.1442707479,-0.727875888348,
2873,2,2018,182,15,1,3.625,1,18,1,1,1,1,,-0.347089886665,-0.985429108143,-0.503376305103,0.1442707479,-0.727875888348,
2874,1,2019,182,15,1,3.625,0,64,1,0,0,,,,,,,,
2874,2,2019,182,15,1,3.625,0,72,1,0,0,,,,,,,,
2875,1,2019,182,15,1,3.625,1,29,1,1,1,1,0,-2.44164323807,-1.62794280052,-1.87994480133,-2.44164323807,-1.62794280052,-1.87994480133
2875,2,2019,182,15,1,3.625,1,42,1,1,1,1,,-2.37218379974,-1.75654625893,-1.74914038181,-2.44164323807,-1.62794280052,-1.87994480133
2876,1,2021,182,15,1,3.625,1,39,1,1,1,1,0,-3.22134685516,-0.62043517828,0.221487820148,-3.22134685516,-0.62043517828,0.221487820148
2876,2,2021,182,15,1,3.625,1,52,1,1,1,1,,-2.79109692574,-0.661397278309,-0.203789874911,-3.22134685516,-0.62043517828,0.221487820148
2877,1,2021,182,15,1,3.625,1,12,1,1,1,1,0,-0.763110697269,-0.637519299984,-0.177063688636,-0.763110697269,-0.637519299984,-0.177063688636
2877,2,2021,182,15,1,3.625,1,25,1,1,1,1,,-2.48310804367,-0.236308187246,0.516364037991,-0.763110697269,-0.637519299984,-0.177063688636
2878,1,2022,182,15,1,3.625,0,26,1,1,1,1,0,-1.45053887367,-0.0669598802924,0.109693981707,-1.45053887367,-0.0669598802924,0.109693981707
2878,2,2022,182,15,1,3.625,0,39,1,1,1,1,,-1.9285299778,-0.421348959208,-0.72870361805,-1.45053887367,-0.0669598802924,0.109693981707
2879,1,2024,182,15,1,3.625,1,18,1,1,1,1,0,-1.20800983906,-0.731815159321,-0.773738324642,-1.20800983906,-0.731815159321,-0.773738324642
2879,2,2024,182,15,1,3.625,1,31,1,1,1,1,,-1.25567281246,-0.308768451214,-0.26205971837,-1.20800983906,-0.731815159321,-0.773738324642
2880,1,2025,182,15,1,3.625,1,49,1,1,1,1,0,-2.1561229229,-0.715362787247,-0.0674621090293,-2.1561229229,-0.715362787247,-0.0674621090293
2880,2,2025,182,15,1,3.625,1,61,1,1,1,1,,-2.34679412842,-0.751994669437,,-2.1561229229,-0.715362787247,-0.0674621090293
2881,1,2025,182,15,1,3.625,1,7,1,1,1,1,0,-2.86664271355,-1.52258658409,-0.263293981552,-2.86664271355,-1.52258658409,-0.263293981552
2881,2,2025,182,15,1,3.625,1,20,1,1,1,1,,-2.90538144112,-1.68000388145,-0.877748787403,-2.86664271355,-1.52258658409,-0.263293981552
2882,1,2026,182,15,1,3.625,1,11,1,1,1,1,0,-2.70590305328,-2.07790112495,-1.7223238945,-2.70590305328,-2.07790112495,-1.7223238945
2882,2,2026,182,15,1,3.625,1,24,1,1,1,1,,-2.53083634377,-0.263915777206,-0.404201060534,-2.70590305328,-2.07790112495,-1.7223238945
2883,2,2026,182,15,1,3.625,1,10,1,1,0,,,-3.17391324043,-1.57092797756,-0.861555635929,,,
2884,1,2027,182,15,1,3.625,1,16,1,1,1,1,0,-1.97017276287,-1.7239215374,-1.05050873756,-1.97017276287,-1.7239215374,-1.05050873756
2884,2,2027,182,15,1,3.625,1,29,1,1,1,1,,-4.15097618103,-1.40873777866,-1.36658096313,-1.97017276287,-1.7239215374,-1.05050873756
2885,1,2030,183,13,1,1,0,19,1,1,1,1,0,-3.11827588081,-1.59810912609,-2.06294941902,-3.11827588081,-1.59810912609,-2.06294941902
2885,2,2030,183,13,1,1,0,31,1,1,1,1,,-2.75015735626,0.872239530087,-1.15006756783,-3.11827588081,-1.59810912609,-2.06294941902
2886,2,2030,183,13,1,1,1,10,1,1,0,,,-0.620777010918,-0.67809766531,-0.542866408825,,,
2887,1,2031,183,13,1,1,1,53,1,1,1,1,0,-1.90407752991,-0.645911991596,-1.06114351749,-1.90407752991,-0.645911991596,-1.06114351749
2887,2,2031,183,13,1,1,1,66,1,1,1,1,,-1.84925079346,-0.832895517349,,-1.90407752991,-0.645911991596,-1.06114351749
2888,1,2031,183,13,1,1,1,9,1,1,1,1,0,-0.845910966396,0.866270959377,0.444805502892,-0.845910966396,0.866270959377,0.444805502892
2888,2,2031,183,13,1,1,1,22,1,1,1,1,,-2.10050725937,-0.0816386267543,0.302612215281,-0.845910966396,0.866270959377,0.444805502892
2889,2,2032,183,13,0,36.5,0,8,1,1,0,,,-0.770520210266,-1.38634908199,-0.420306712389,,,
2890,1,2034,183,13,1,1,1,41,1,1,1,1,0,-4.0638589859,-2.39757609367,-0.764062583447,-4.0638589859,-2.39757609367,-0.764062583447
2890,2,2034,183,13,1,1,1,55,1,1,1,1,,-3.58150196075,-2.67201423645,-0.900303602219,-4.0638589859,-2.39757609367,-0.764062583447
2891,1,2034,183,13,1,1,0,20,1,1,1,1,0,-1.4746516943,0.00298718106933,1.04931473732,-1.4746516943,0.00298718106933,1.04931473732
2891,2,2034,183,13,1,1,0,35,1,1,1,1,,-2.61541485786,-0.692962110043,0.470852822065,-1.4746516943,0.00298718106933,1.04931473732
2892,1,2036,183,13,0,36.5,1,66,1,0,0,,,,,,,,
2892,2,2036,183,13,0,36.5,1,72,1,0,0,,,,,,,,
2893,1,2037,183,13,1,1,1,59,1,1,1,1,0,-1.10070991516,-1.65855455399,-2.31626391411,-1.10070991516,-1.65855455399,-2.31626391411
2893,2,2037,183,13,1,1,1,72,1,1,1,1,,-0.561451554298,-1.36215591431,,-1.10070991516,-1.65855455399,-2.31626391411
2894,1,2037,183,13,1,1,0,20,1,1,1,1,0,-3.10936617851,-2.36600971222,-1.9018137455,-3.10936617851,-2.36600971222,-1.9018137455
2894,2,2037,183,13,1,1,0,34,1,1,1,1,,,-1.91055512428,-1.3402081728,-3.10936617851,-2.36600971222,-1.9018137455
2895,1,2038,183,13,1,1,0,5,1,1,1,1,0,0.638117194176,1.74831914902,,0.638117194176,1.74831914902,
2895,2,2038,183,13,1,1,0,18,1,1,1,1,,0.293373554945,0.953156530857,-2.3330142498,0.638117194176,1.74831914902,
2896,1,2039,184,15,1,2.625,1,45,1,1,1,1,0,-2.34551286697,-1.61044847965,-0.972320973873,-2.34551286697,-1.61044847965,-0.972320973873
2896,2,2039,184,15,1,2.625,1,58,1,1,1,1,,-2.29776573181,-1.75141453743,-1.57964229584,-2.34551286697,-1.61044847965,-0.972320973873
2897,1,2039,184,15,1,2.625,0,22,1,1,1,1,0,-2.38485193253,-1.80544507504,-0.836682856083,-2.38485193253,-1.80544507504,-0.836682856083
2897,2,2039,184,15,1,2.625,0,35,1,1,1,1,,-2.23294973373,-2.16498279572,-2.02723836899,-2.38485193253,-1.80544507504,-0.836682856083
2898,1,2040,184,15,1,2.625,0,70,1,0,0,,,,,,,,
2898,2,2040,184,15,1,2.625,0,72,1,0,0,,,,,,,,
2899,1,2040,184,15,1,2.625,0,37,1,1,1,1,0,-2.9804918766,-1.7836779356,-1.15323066711,-2.9804918766,-1.7836779356,-1.15323066711
2899,2,2040,184,15,1,2.625,0,50,1,1,1,1,,-3.13921952248,-2.29876375198,-1.35625064373,-2.9804918766,-1.7836779356,-1.15323066711
2900,1,2040,184,15,1,2.625,0,1,1,1,1,1,0,-0.834503948689,0.753473222256,,-0.834503948689,0.753473222256,
2900,2,2040,184,15,1,2.625,0,14,1,1,1,1,,-3.26957154274,-2.1526157856,-1.1074975729,-0.834503948689,0.753473222256,
2901,1,2041,184,15,1,2.625,0,72,1,0,0,,,,,,,,
2901,2,2041,184,15,1,2.625,0,72,1,0,0,,,,,,,,
2902,1,2041,184,15,1,2.625,0,21,1,1,1,1,0,-1.6125818491,-0.628020644188,-0.251481503248,-1.6125818491,-0.628020644188,-0.251481503248
2902,2,2041,184,15,1,2.625,0,32,1,1,1,1,,-2.11435890198,-0.414795666933,-0.481367230415,-1.6125818491,-0.628020644188,-0.251481503248
2903,1,2043,184,15,1,2.625,1,15,1,1,1,1,0,-2.65037345886,-1.45240843296,-0.730279862881,-2.65037345886,-1.45240843296,-0.730279862881
2903,2,2043,184,15,1,2.625,1,27,1,1,1,1,,-2.7010819912,-1.08380258083,-1.11878049374,-2.65037345886,-1.45240843296,-0.730279862881
2904,1,2045,184,15,1,2.625,0,12,1,1,1,1,0,-0.693870902061,-0.614647448063,-0.400445997715,-0.693870902061,-0.614647448063,-0.400445997715
2904,2,2045,184,15,1,2.625,0,25,1,1,1,1,,-1.54751455784,-0.636624753475,-0.0097529143095,-0.693870902061,-0.614647448063,-0.400445997715
2905,1,2046,184,15,1,2.625,1,18,1,1,1,1,0,-2.30998635292,-2.06504201889,-1.24027061462,-2.30998635292,-2.06504201889,-1.24027061462
2905,2,2046,184,15,1,2.625,1,31,1,1,1,1,,-2.65303730965,-1.78053534031,-1.32627189159,-2.30998635292,-2.06504201889,-1.24027061462
2906,1,2049,184,15,1,2.625,0,2,1,1,1,1,0,-0.662295639515,-0.0691243931651,,-0.662295639515,-0.0691243931651,
2906,2,2049,184,15,1,2.625,0,15,1,1,1,1,,-2.42888951302,-1.25191617012,-1.82128477097,-0.662295639515,-0.0691243931651,
2907,1,2050,184,15,1,2.625,1,46,1,1,1,1,0,-0.871291339397,0.0202013477683,0.175658345222,-0.871291339397,0.0202013477683,0.175658345222
2907,2,2050,184,15,1,2.625,1,59,1,1,1,1,,-0.475644469261,-0.039422146976,-0.196211874485,-0.871291339397,0.0202013477683,0.175658345222
2908,1,2050,184,15,1,2.625,0,9,1,1,1,1,0,-1.45711755753,-1.64685320854,-1.04318869114,-1.45711755753,-1.64685320854,-1.04318869114
2908,2,2050,184,15,1,2.625,0,21,1,1,1,1,,-1.12548100948,-1.00729358196,0.0101006543264,-1.45711755753,-1.64685320854,-1.04318869114
2909,1,2051,185,16,1,2.125,0,72,1,0,0,,,,,,,,
2909,2,2051,185,16,1,2.125,0,72,1,0,0,,,,,,,,
2910,1,2051,185,16,1,2.125,0,40,1,1,1,1,0,-2.02956199646,-1.42661321163,-1.05283129215,-2.02956199646,-1.42661321163,-1.05283129215
2910,2,2051,185,16,1,2.125,0,53,1,1,1,1,,-1.77326202393,-1.1201748848,-1.41569900513,-2.02956199646,-1.42661321163,-1.05283129215
2911,1,2051,185,16,1,2.125,1,10,1,1,1,1,0,-1.06656241417,-0.479083746672,-0.104033231735,-1.06656241417,-0.479083746672,-0.104033231735
2911,2,2051,185,16,1,2.125,1,23,1,1,1,1,,-2.19626903534,-1.19537341595,-0.603253126144,-1.06656241417,-0.479083746672,-0.104033231735
2912,1,2052,185,16,1,2.125,1,16,1,1,1,1,0,-3.24055767059,-2.37556314468,-0.772196769714,-3.24055767059,-2.37556314468,-0.772196769714
2912,2,2052,185,16,1,2.125,1,29,1,1,1,1,,-4.38080310822,-2.54855680466,-0.833524048328,-3.24055767059,-2.37556314468,-0.772196769714
2913,1,2054,185,16,1,2.125,1,20,1,1,1,1,0,-0.53224593401,-0.390038311481,-0.254954814911,-0.53224593401,-0.390038311481,-0.254954814911
2913,2,2054,185,16,1,2.125,1,32,1,1,1,1,,-0.535210847855,0.326346904039,-0.634490728378,-0.53224593401,-0.390038311481,-0.254954814911
2914,1,2055,185,16,1,2.125,0,52,1,1,1,1,0,-3.66439938545,-2.62469649315,-1.83338475227,-3.66439938545,-2.62469649315,-1.83338475227
2914,2,2055,185,16,1,2.125,0,65,1,1,1,1,,-3.49743652344,-2.71903777122,,-3.66439938545,-2.62469649315,-1.83338475227
2915,1,2055,185,16,1,2.125,1,1,1,1,1,1,0,-2.16823625565,-0.58892428875,,-2.16823625565,-0.58892428875,
2915,2,2055,185,16,1,2.125,1,14,1,1,1,1,,-2.91786193848,-1.63726997375,-0.691159546375,-2.16823625565,-0.58892428875,
2916,1,2056,185,16,1,2.125,0,24,1,1,1,1,0,-3.39297842979,-2.37328577042,-1.88884317875,-3.39297842979,-2.37328577042,-1.88884317875
2916,2,2056,185,16,1,2.125,0,37,1,1,1,1,,-3.16704344749,-1.27283382416,-0.261005669832,-3.39297842979,-2.37328577042,-1.88884317875
2917,2,2056,185,16,1,2.125,1,5,1,1,0,,,-1.29888403416,,,,,
2918,1,2057,185,16,1,2.125,1,19,1,1,1,0,1,-3.04854536057,-0.517563223839,-0.116719909012,-3.04854536057,-0.517563223839,-0.116719909012
2919,1,2058,185,16,1,2.125,0,55,1,1,1,1,0,-2.18315458298,-0.72650384903,-1.28649699688,-2.18315458298,-0.72650384903,-1.28649699688
2919,2,2058,185,16,1,2.125,0,70,1,1,1,1,,-2.4664580822,-0.951691746712,,-2.18315458298,-0.72650384903,-1.28649699688
2920,1,2058,185,16,1,2.125,0,22,1,1,1,1,0,-3.74807333946,-2.06778693199,-0.654100954533,-3.74807333946,-2.06778693199,-0.654100954533
2920,2,2058,185,16,1,2.125,0,35,1,1,1,1,,-4.11796283722,-1.16726541519,-0.202890142798,-3.74807333946,-2.06778693199,-0.654100954533
2921,2,2058,185,16,1,2.125,1,3,1,1,0,,,-1.11773312092,-0.340120375156,,,,
2922,1,2060,185,16,1,2.125,1,40,1,0,0,,,,,,,,
2922,2,2060,185,16,1,2.125,1,54,1,1,0,,,-2.03378129005,-1.63257348537,-2.02985286713,,,
2923,1,2060,185,16,1,2.125,0,15,1,1,1,1,0,-0.808523237705,-0.151703998446,-0.48213788867,-0.808523237705,-0.151703998446,-0.48213788867
2923,2,2060,185,16,1,2.125,0,28,1,1,1,1,,-1.44618606567,-0.400927245617,-0.893547713757,-0.808523237705,-0.151703998446,-0.48213788867
2924,1,2062,185,16,0,23,1,30,1,1,1,1,0,-0.206706121564,0.884639561176,-0.0133568989113,-0.206706121564,0.884639561176,-0.0133568989113
2924,2,2062,185,16,0,23,1,43,1,1,1,1,,-0.00718391500413,0.953022420406,-0.00115728378296,-0.206706121564,0.884639561176,-0.0133568989113
2925,1,2063,186,13,1,2,1,18,1,1,1,1,0,-0.674238443375,0.109042465687,1.06372833252,-0.674238443375,0.109042465687,1.06372833252
2925,2,2063,186,13,1,2,1,31,1,1,1,1,,-1.82859098911,-0.212686255574,0.703164815903,-0.674238443375,0.109042465687,1.06372833252
2926,2,2063,186,13,1,2,0,4,1,1,0,,,-1.65131449699,-0.142693713307,,,,
2927,1,2064,186,13,1,2,1,1,1,1,1,1,0,-1.83562290668,-1.47021472454,,-1.83562290668,-1.47021472454,
2927,2,2064,186,13,1,2,1,13,1,1,1,1,,-1.7750159502,-0.392948299646,0.0462472438812,-1.83562290668,-1.47021472454,
2928,1,2065,186,13,1,2,1,22,1,1,1,1,0,-1.97231209278,-0.720818579197,-0.368242025375,-1.97231209278,-0.720818579197,-0.368242025375
2928,2,2065,186,13,1,2,1,35,1,1,1,1,,-2.07327604294,-0.643900454044,-0.628701508045,-1.97231209278,-0.720818579197,-0.368242025375
2929,1,2066,186,13,1,2,0,24,1,1,1,1,0,-3.22932100296,-2.14878940582,-1.98872566223,-3.22932100296,-2.14878940582,-1.98872566223
2929,2,2066,186,13,1,2,0,37,1,1,1,1,,-3.48685050011,-1.8553596735,-0.466649353504,-3.22932100296,-2.14878940582,-1.98872566223
2930,1,2068,186,13,1,2,1,7,1,1,1,1,0,0.502167642117,0.0191013608128,-0.0880557447672,0.502167642117,0.0191013608128,-0.0880557447672
2930,2,2068,186,13,1,2,1,21,1,1,1,1,,-1.35805737972,0.0717469006777,0.836039543152,0.502167642117,0.0191013608128,-0.0880557447672
2931,1,2069,186,13,1,2,0,25,1,1,1,1,0,-0.0391536876559,0.446254104376,0.569851636887,-0.0391536876559,0.446254104376,0.569851636887
2931,2,2069,186,13,1,2,0,38,1,1,1,1,,-0.00655534444377,1.07451820374,0.753546357155,-0.0391536876559,0.446254104376,0.569851636887
2932,1,2070,186,13,1,2,0,49,1,1,1,0,1,-1.9824732542,-1.30696892738,-0.998529851437,-1.9824732542,-1.30696892738,-0.998529851437
2933,1,2070,186,13,1,2,0,20,1,1,1,0,1,-2.86060404778,-1.29683828354,-1.02737653255,-2.86060404778,-1.29683828354,-1.02737653255
2934,1,2071,186,13,1,2,1,54,1,1,1,1,0,-2.93770337105,-1.64357078075,-0.725412368774,-2.93770337105,-1.64357078075,-0.725412368774
2934,2,2071,186,13,1,2,1,67,1,1,1,1,,-2.02927589417,-1.14981257915,,-2.93770337105,-1.64357078075,-0.725412368774
2935,1,2071,186,13,1,2,1,19,1,1,1,1,0,-3.60631513596,-1.63569819927,-0.733255088329,-3.60631513596,-1.63569819927,-0.733255088329
2935,2,2071,186,13,1,2,1,29,1,1,1,1,,-2.29800200462,-1.04416632652,-0.367526322603,-3.60631513596,-1.63569819927,-0.733255088329
2936,1,2072,186,13,0,30.5000019073,0,5,1,1,1,1,0,-3.57685780525,-3.38394570351,,-3.57685780525,-3.38394570351,
2936,2,2072,186,13,0,30.5000019073,0,16,1,1,1,1,,-3.93177103996,-2.11881661415,-0.512142300606,-3.57685780525,-3.38394570351,
2937,1,2073,186,13,0,30.5000019073,0,30,1,1,1,1,0,-2.53516101837,-1.12755048275,-0.406531572342,-2.53516101837,-1.12755048275,-0.406531572342
2937,2,2073,186,13,0,30.5000019073,0,43,1,1,1,1,,-2.04764056206,-1.30548787117,-1.47362446785,-2.53516101837,-1.12755048275,-0.406531572342
2938,2,2073,186,13,0,30.5000019073,1,8,1,1,0,,,-1.1711653471,-0.846268296242,,,,
2939,1,2074,186,13,0,30.5000019073,0,1,1,1,1,0,1,-3.22334837914,-3.09951376915,,-3.22334837914,-3.09951376915,
2939,2,2074,186,13,0,30.5000019073,0,14,1,0,1,0,,,,,-3.22334837914,-3.09951376915,
2940,1,2074,186,13,0,30.5000019073,0,96,1,0,0,,,,,,,,
2940,2,2074,186,13,0,30.5000019073,0,70,1,0,0,,,,,,,,
2941,1,2075,187,13,0,22.5,1,54,1,1,1,1,0,-1.01962316036,-0.499830842018,-0.653966605663,-1.01962316036,-0.499830842018,-0.653966605663
2941,2,2075,187,13,0,22.5,1,67,1,1,1,1,,-0.891461491585,-0.364873975515,,-1.01962316036,-0.499830842018,-0.653966605663
2942,2,2075,187,13,0,22.5,1,4,1,1,0,,,-0.157037749887,1.38264620304,,,,
2943,1,2076,187,13,1,2,1,41,1,0,0,,,,,,,,
2943,2,2076,187,13,1,2,1,54,1,1,0,,,-2.82746744156,-0.727743506432,0.0322159528732,,,
2944,1,2076,187,13,1,2,1,2,1,1,1,1,0,-1.43274378777,-0.380702286959,,-1.43274378777,-0.380702286959,
2944,2,2076,187,13,1,2,1,15,1,1,1,1,,-2.61386418343,-1.81964421272,-1.4378964901,-1.43274378777,-0.380702286959,
2945,1,2077,187,13,1,2,1,58,1,1,1,1,0,-0.749736905098,-0.273665070534,-0.636146903038,-0.749736905098,-0.273665070534,-0.636146903038
2945,2,2077,187,13,1,2,1,71,1,1,1,1,,-0.705859839916,-0.224797517061,,-0.749736905098,-0.273665070534,-0.636146903038
2946,1,2077,187,13,1,2,0,23,1,1,1,1,0,-1.46605229378,-0.532108962536,-0.61107891798,-1.46605229378,-0.532108962536,-0.61107891798
2946,2,2077,187,13,1,2,0,37,1,1,1,1,,-1.83452737331,-0.756017565727,-0.93381857872,-1.46605229378,-0.532108962536,-0.61107891798
2947,1,2078,187,13,1,2,0,28,1,1,1,1,0,-4.7622551918,-3.74580526352,-1.1210474968,-4.7622551918,-3.74580526352,-1.1210474968
2947,2,2078,187,13,1,2,0,40,1,1,1,1,,-4.47712230682,-2.96248674393,-1.05283129215,-4.7622551918,-3.74580526352,-1.1210474968
2948,1,2078,187,13,1,2,0,4,1,1,1,1,0,-1.14669322968,-2.00211048126,,-1.14669322968,-2.00211048126,
2948,2,2078,187,13,1,2,0,17,1,1,1,1,,-2.55576276779,-2.92512917519,-2.14076662064,-1.14669322968,-2.00211048126,
2949,1,2079,187,13,1,2,0,16,1,1,1,1,0,,-3.02553892136,-1.45587849617,,-3.02553892136,-1.45587849617
2949,2,2079,187,13,1,2,0,29,1,1,1,1,,,-2.08861327171,-0.280179679394,,-3.02553892136,-1.45587849617
2950,1,2080,187,13,1,2,1,41,1,1,1,1,0,-1.85193133354,-1.51307201385,-1.08621692657,-1.85193133354,-1.51307201385,-1.08621692657
2950,2,2080,187,13,1,2,1,57,1,1,1,1,,-1.98458957672,-1.8754774332,-1.43915879726,-1.85193133354,-1.51307201385,-1.08621692657
2951,1,2080,187,13,1,2,1,3,1,1,1,1,0,-0.286403745413,-0.865058720112,,-0.286403745413,-0.865058720112,
2951,2,2080,187,13,1,2,1,16,1,1,1,1,,-1.27235329151,-1.45070958138,-1.58056163788,-0.286403745413,-0.865058720112,
2952,1,2081,187,13,0,22.5,1,30,1,1,1,0,1,-2.48705434799,-0.733509123325,-0.0932206064463,-2.48705434799,-0.733509123325,-0.0932206064463
2952,2,2081,187,13,0,22.5,1,43,1,0,1,0,,,,,-2.48705434799,-0.733509123325,-0.0932206064463
2953,2,2081,187,13,0,22.5,0,43,1,0,0,,,,,,,,
2954,1,2082,187,13,0,22.5,0,20,1,1,1,1,0,-0.657297134399,-0.036393456161,-0.0336833447218,-0.657297134399,-0.036393456161,-0.0336833447218
2954,2,2082,187,13,0,22.5,0,33,1,1,1,1,,-1.88663685322,-0.0918070226908,-0.472894459963,-0.657297134399,-0.036393456161,-0.0336833447218
2955,1,2083,187,13,1,2,1,54,1,1,1,1,0,-2.29834342003,-1.70444309711,-1.62742292881,-2.29834342003,-1.70444309711,-1.62742292881
2955,2,2083,187,13,1,2,1,67,1,1,1,1,,-2.11989760399,-1.27757680416,,-2.29834342003,-1.70444309711,-1.62742292881
2956,1,2083,187,13,1,2,1,9,1,1,1,1,0,-1.94288301468,-1.63237535954,,-1.94288301468,-1.63237535954,
2956,2,2083,187,13,1,2,1,22,1,1,1,1,,-2.77354383469,-1.46691656113,-0.0274593941867,-1.94288301468,-1.63237535954,
2957,1,2084,187,13,1,2,1,23,1,1,1,1,0,-1.70787453651,0.00803018454462,0.562737047672,-1.70787453651,0.00803018454462,0.562737047672
2957,2,2084,187,13,1,2,1,36,1,1,1,1,,-1.9306615591,0.066517546773,0.450661420822,-1.70787453651,0.00803018454462,0.562737047672
2958,1,2085,187,13,0,22.5,1,56,1,1,1,1,0,-1.43765461445,-0.504942655563,-0.858075022697,-1.43765461445,-0.504942655563,-0.858075022697
2958,2,2085,187,13,0,22.5,1,70,1,1,1,1,,-1.12815248966,-0.929529428482,,-1.43765461445,-0.504942655563,-0.858075022697
2959,1,2086,187,13,1,2,0,48,1,1,1,1,0,-2.00934410095,-0.589062213898,-0.812887430191,-2.00934410095,-0.589062213898,-0.812887430191
2959,2,2086,187,13,1,2,0,61,1,1,1,1,,-1.85448038578,-0.622306704521,,-2.00934410095,-0.589062213898,-0.812887430191
2960,1,2086,187,13,1,2,1,15,1,1,1,1,0,-1.35437357426,0.264894455671,0.474891871214,-1.35437357426,0.264894455671,0.474891871214
2960,2,2086,187,13,1,2,1,28,1,1,1,1,,-1.9527567625,-0.310440808535,-2.36665606499,-1.35437357426,0.264894455671,0.474891871214
2961,1,2087,188,22,1,1.87499988079,0,10,1,1,1,1,0,-2.72710943222,-0.646550953388,-0.246239036322,-2.72710943222,-0.646550953388,-0.246239036322
2961,2,2087,188,22,1,1.87499988079,0,23,1,1,1,1,,-2.20058012009,0.0136779164895,1.37800955772,-2.72710943222,-0.646550953388,-0.246239036322
2962,1,2088,188,22,1,1.87499988079,1,67,1,0,0,,,,,,,,
2962,2,2088,188,22,1,1.87499988079,1,72,1,0,0,,,,,,,,
2963,1,2088,188,22,1,1.87499988079,1,22,1,1,1,1,0,-0.49804353714,1.17629539967,0.302612215281,-0.49804353714,1.17629539967,0.302612215281
2963,2,2088,188,22,1,1.87499988079,1,36,1,1,1,1,,-1.19532084465,0.787719011307,0.595474183559,-0.49804353714,1.17629539967,0.302612215281
2964,1,2089,188,22,1,1.87499988079,1,7,1,1,1,1,0,-1.80849146843,-0.84339171648,0.253647357225,-1.80849146843,-0.84339171648,0.253647357225
2964,2,2089,188,22,1,1.87499988079,1,20,1,1,1,1,,-2.34114050865,-1.8143812418,-0.473193407059,-1.80849146843,-0.84339171648,0.253647357225
2965,1,2091,188,22,0,22.5,1,64,1,0,0,,,,,,,,
2965,2,2091,188,22,0,22.5,1,72,1,0,0,,,,,,,,
2966,1,2091,188,22,0,22.5,0,41,1,1,1,1,0,-4.7622551918,-1.89984047413,-2.56424498558,-4.7622551918,-1.89984047413,-2.56424498558
2966,2,2091,188,22,0,22.5,0,54,1,1,1,1,,-4.30737543106,-1.7847366333,0.0157133806497,-4.7622551918,-1.89984047413,-2.56424498558
2967,1,2091,188,22,0,22.5,1,2,1,1,1,1,0,-0.155831903219,0.568342030048,,-0.155831903219,0.568342030048,
2967,2,2091,188,22,0,22.5,1,15,1,1,1,1,,-2.01150083542,-0.640502333641,1.0286462307,-0.155831903219,0.568342030048,
2968,1,2092,188,22,1,1.87499988079,1,648,1,0,0,,,,,,,,
2968,2,2092,188,22,1,1.87499988079,1,66,1,1,0,,,-1.95057630539,-1.37911951542,,,,
2969,1,2092,188,22,1,1.87499988079,1,84,1,0,0,,,,,,,,
2969,2,2092,188,22,1,1.87499988079,1,19,1,1,0,,,-3.26827144623,-2.24069929123,-1.05554652214,,,
2970,1,2093,188,22,1,1.87499988079,1,31,1,1,1,1,0,-2.75085234642,-0.976384103298,0.0959124341607,-2.75085234642,-0.976384103298,0.0959124341607
2970,2,2093,188,22,1,1.87499988079,1,44,1,1,1,1,,-2.66556119919,-0.795395255089,0.420699089766,-2.75085234642,-0.976384103298,0.0959124341607
2971,1,2093,188,22,1,1.87499988079,0,5,1,1,1,1,0,-1.32729291916,-0.890737354755,,-1.32729291916,-0.890737354755,
2971,2,2093,188,22,1,1.87499988079,0,18,1,1,1,1,,-2.11647701263,-1.03320407867,0.597814142704,-1.32729291916,-0.890737354755,
2972,2,2093,188,22,1,1.87499988079,1,72,1,0,0,,,,,,,,
2973,1,2095,188,22,0,22.5,0,576,1,0,0,,,,,,,,
2973,2,2095,188,22,0,22.5,0,54,1,1,0,,,-2.07631444931,-1.19489121437,-1.5208261013,,,
2974,1,2096,188,22,1,1.87499988079,0,43,1,1,1,1,0,-1.97271251678,0.798693358898,0.392013400793,-1.97271251678,0.798693358898,0.392013400793
2974,2,2096,188,22,1,1.87499988079,0,55,1,1,1,1,,-1.85743892193,0.567441880703,0.517669916153,-1.97271251678,0.798693358898,0.392013400793
2975,1,2096,188,22,1,1.87499988079,1,8,1,1,1,1,0,-0.274758994579,0.605364441872,-0.16839812696,-0.274758994579,0.605364441872,-0.16839812696
2975,2,2096,188,22,1,1.87499988079,1,21,1,1,1,1,,-2.31985402107,-0.055065754801,0.360085725784,-0.274758994579,0.605364441872,-0.16839812696
2976,1,2097,188,22,1,1.87499988079,0,46,1,1,1,1,0,-2.03749847412,-1.22242748737,-1.62642717361,-2.03749847412,-1.22242748737,-1.62642717361
2976,2,2097,188,22,1,1.87499988079,0,59,1,1,1,1,,-1.98294627666,-0.964716017246,-1.00048649311,-2.03749847412,-1.22242748737,-1.62642717361
2977,1,2097,188,22,1,1.87499988079,1,1,1,1,1,1,0,0.543851017952,0.57708054781,,0.543851017952,0.57708054781,
2977,2,2097,188,22,1,1.87499988079,1,14,1,1,1,1,,-1.24129283428,-0.671325385571,0.590392351151,0.543851017952,0.57708054781,
2978,1,2098,188,22,1,1.87499988079,1,32,1,1,1,1,0,-3.21044039726,-1.34380960464,-1.10323309898,-3.21044039726,-1.34380960464,-1.10323309898
2978,2,2098,188,22,1,1.87499988079,1,45,1,1,1,1,,-4.47712230682,-1.34095144272,-0.972321689129,-3.21044039726,-1.34380960464,-1.10323309898
2979,1,2098,188,22,1,1.87499988079,1,3,1,1,1,1,0,-1.30775201321,0.324576795101,,-1.30775201321,0.324576795101,
2979,2,2098,188,22,1,1.87499988079,1,16,1,1,1,1,,-2.68588352203,-1.01200854778,0.836944520473,-1.30775201321,0.324576795101,
2980,1,2100,189,20,1,1.74999988079,0,7,1,1,1,1,0,-0.927880048752,-0.518010795116,-0.0619646273553,-0.927880048752,-0.518010795116,-0.0619646273553
2980,2,2100,189,20,1,1.74999988079,0,20,1,1,1,1,,-3.50027251244,-2.55204558372,-1.55464470387,-0.927880048752,-0.518010795116,-0.0619646273553
2981,1,2101,189,20,1,1.74999988079,0,11,1,1,1,1,0,-3.10766458511,-2.16188383102,-0.740964591503,-3.10766458511,-2.16188383102,-0.740964591503
2981,2,2101,189,20,1,1.74999988079,0,24,1,1,1,1,,-3.32751631737,-1.1142988205,-0.261443257332,-3.10766458511,-2.16188383102,-0.740964591503
2982,1,2102,189,20,1,1.74999988079,0,50,1,1,1,1,0,-2.11993956566,-1.50047719479,-1.18627464771,-2.11993956566,-1.50047719479,-1.18627464771
2982,2,2102,189,20,1,1.74999988079,0,64,1,1,1,1,,-2.33011007309,-1.76231181622,,-2.11993956566,-1.50047719479,-1.18627464771
2983,1,2102,189,20,1,1.74999988079,1,19,1,1,1,1,0,-2.45696926117,-0.384086370468,1.01710391045,-2.45696926117,-0.384086370468,1.01710391045
2983,2,2102,189,20,1,1.74999988079,1,32,1,1,1,1,,-2.57610654831,-0.117362946272,0.433549791574,-2.45696926117,-0.384086370468,1.01710391045
2984,1,2103,189,20,1,1.74999988079,1,64,1,0,0,,,,,,,,
2984,2,2103,189,20,1,1.74999988079,1,72,1,0,0,,,,,,,,
2985,1,2103,189,20,1,1.74999988079,1,23,1,1,1,1,0,-2.55862760544,-1.65192353725,-0.69169485569,-2.55862760544,-1.65192353725,-0.69169485569
2985,2,2103,189,20,1,1.74999988079,1,36,1,1,1,1,,-2.41650867462,-0.897446513176,-0.871494174004,-2.55862760544,-1.65192353725,-0.69169485569
2986,1,2103,189,20,1,1.74999988079,1,1,1,1,1,1,0,-4.39419603348,-3.81312966347,,-4.39419603348,-3.81312966347,
2986,2,2103,189,20,1,1.74999988079,1,12,1,1,1,1,,1.15755546093,-0.923367917538,-0.8469170928,-4.39419603348,-3.81312966347,
2987,1,2104,189,20,1,1.74999988079,0,45,1,1,1,1,0,-1.03371584415,0.0051613044925,-0.344388663769,-1.03371584415,0.0051613044925,-0.344388663769
2987,2,2104,189,20,1,1.74999988079,0,58,1,1,1,1,,-1.29754698277,-0.339348316193,-1.34560716152,-1.03371584415,0.0051613044925,-0.344388663769
2988,2,2104,189,20,1,1.74999988079,1,10,1,1,0,,,-1.32998204231,-1.36918711662,-1.0953463316,,,
2989,2,2104,189,20,1,1.74999988079,0,48,1,0,0,,,,,,,,
2990,1,2105,189,20,1,1.74999988079,1,44,1,1,1,1,0,-2.65350556374,-0.6423214674,0.247337952256,-2.65350556374,-0.6423214674,0.247337952256
2990,2,2105,189,20,1,1.74999988079,1,57,1,1,1,1,,-2.81305241585,-0.60825997591,-0.100461557508,-2.65350556374,-0.6423214674,0.247337952256
2991,1,2105,189,20,1,1.74999988079,1,4,1,1,1,1,0,0.53597766161,1.03079533577,,0.53597766161,1.03079533577,
2991,2,2105,189,20,1,1.74999988079,1,16,1,1,1,1,,-1.98806393147,-0.333405256271,-0.193318799138,0.53597766161,1.03079533577,
2992,1,2106,189,20,1,1.74999988079,1,61,1,0,0,,,,,,,,
2992,2,2106,189,20,1,1.74999988079,1,72,1,0,0,,,,,,,,
2993,1,2106,189,20,1,1.74999988079,0,38,1,1,1,1,0,-3.44291782379,-2.22940254211,-0.576886892319,-3.44291782379,-2.22940254211,-0.576886892319
2993,2,2106,189,20,1,1.74999988079,0,51,1,1,1,1,,-3.0089635849,-1.64711546898,-1.5925744772,-3.44291782379,-2.22940254211,-0.576886892319
2994,2,2106,189,20,1,1.74999988079,1,2,1,1,0,,,-1.3836325407,0.0176813583821,,,,
2995,1,2108,189,20,0,20.5,1,23,1,1,1,0,1,-1.06193053722,0.114596456289,-0.780880868435,-1.06193053722,0.114596456289,-0.780880868435
2996,1,2109,189,20,1,1.74999988079,0,6,1,1,1,1,0,-2.09018468857,-0.572138786316,-0.222088694572,-2.09018468857,-0.572138786316,-0.222088694572
2996,2,2109,189,20,1,1.74999988079,0,19,1,1,1,1,,-2.59201908112,-0.346553266048,0.559815466404,-2.09018468857,-0.572138786316,-0.222088694572
2997,1,2111,190,19,1,2.5,0,61,1,0,0,,,,,,,,
2997,2,2111,190,19,1,2.5,0,72,1,0,0,,,,,,,,
2998,1,2111,190,19,1,2.5,1,20,1,1,1,1,0,-0.565436124802,0.591552376747,1.1948941946,-0.565436124802,0.591552376747,1.1948941946
2998,2,2111,190,19,1,2.5,1,33,1,1,1,1,,-0.660039305687,1.38264620304,0.6123726964,-0.565436124802,0.591552376747,1.1948941946
2999,2,2111,190,19,1,2.5,1,6,1,1,0,,,-0.0137243755162,-0.0756107792258,0.0199041329324,,,
3000,1,2113,190,19,1,2.5,0,47,1,1,1,1,0,-1.63890337944,0.0471866987646,-0.082001850009,-1.63890337944,0.0471866987646,-0.082001850009
3000,2,2113,190,19,1,2.5,0,60,1,1,1,1,,-0.801445662975,0.400152295828,1.10226082802,-1.63890337944,0.0471866987646,-0.082001850009
3001,1,2113,190,19,1,2.5,0,15,1,1,1,1,0,-2.48817181587,-0.22360432148,-0.122089415789,-2.48817181587,-0.22360432148,-0.122089415789
3001,2,2113,190,19,1,2.5,0,28,1,1,1,1,,-1.52210688591,-0.393971413374,-0.151815444231,-2.48817181587,-0.22360432148,-0.122089415789
3002,1,2114,190,19,1,2.5,1,8,1,1,1,1,0,-1.14156711102,-2.36544537544,-1.86655461788,-1.14156711102,-2.36544537544,-1.86655461788
3002,2,2114,190,19,1,2.5,1,21,1,1,1,1,,-1.78190135956,-1.81034374237,-1.40287923813,-1.14156711102,-2.36544537544,-1.86655461788
3003,1,2115,190,19,1,2.5,1,48,1,1,1,1,0,-1.34211909771,-0.140623793006,-0.909322917461,-1.34211909771,-0.140623793006,-0.909322917461
3003,2,2115,190,19,1,2.5,1,61,1,1,1,1,,-1.69732797146,-0.166824564338,,-1.34211909771,-0.140623793006,-0.909322917461
3004,1,2115,190,19,1,2.5,1,14,1,1,1,1,0,-2.75020599365,-1.71493971348,-1.64217483997,-2.75020599365,-1.71493971348,-1.64217483997
3004,2,2115,190,19,1,2.5,1,27,1,1,1,1,,-2.65671682358,-1.7728433609,-0.851584672928,-2.75020599365,-1.71493971348,-1.64217483997
3005,1,2116,190,19,1,2.5,0,40,1,1,1,1,0,-1.79778802395,-0.764100313187,-0.300891160965,-1.79778802395,-0.764100313187,-0.300891160965
3005,2,2116,190,19,1,2.5,0,56,1,1,1,1,,-1.78667843342,-1.10995101929,-0.664201200008,-1.79778802395,-0.764100313187,-0.300891160965
3006,1,2116,190,19,1,2.5,1,11,1,1,1,1,0,-1.45629298687,-0.78159558773,-0.142672911286,-1.45629298687,-0.78159558773,-0.142672911286
3006,2,2116,190,19,1,2.5,1,24,1,1,1,1,,-1.60098564625,-0.579725384712,0.261740595102,-1.45629298687,-0.78159558773,-0.142672911286
3007,1,2117,190,19,1,2.5,1,11,1,1,1,1,0,-1.07942485809,-0.256824731827,0.112676568329,-1.07942485809,-0.256824731827,0.112676568329
3007,2,2117,190,19,1,2.5,1,24,1,1,1,1,,-1.27553927898,-0.285958349705,0.500938534737,-1.07942485809,-0.256824731827,0.112676568329
3008,2,2119,190,19,0,13.25,0,58,1,0,0,,,,,,,,
3009,1,2120,190,19,0,13.25,1,72,1,0,0,,,,,,,,
3009,2,2120,190,19,0,13.25,1,72,1,0,0,,,,,,,,
3010,1,2120,190,19,0,13.25,1,58,1,1,1,1,0,-1.59314513206,-0.714537680149,-0.230936422944,-1.59314513206,-0.714537680149,-0.230936422944
3010,2,2120,190,19,0,13.25,1,71,1,1,1,1,,-1.38379848003,-0.453477978706,,-1.59314513206,-0.714537680149,-0.230936422944
3011,1,2120,190,19,0,13.25,0,38,1,1,1,1,0,-3.11376452446,-1.20479488373,-0.660779774189,-3.11376452446,-1.20479488373,-0.660779774189
3011,2,2120,190,19,0,13.25,0,51,1,1,1,1,,-2.30051374435,-0.825730919838,-0.636097192764,-3.11376452446,-1.20479488373,-0.660779774189
3012,1,2120,190,19,0,13.25,1,19,1,1,1,1,0,-2.60908770561,-1.30469095707,-1.38790881634,-2.60908770561,-1.30469095707,-1.38790881634
3012,2,2120,190,19,0,13.25,1,32,1,1,1,1,,-2.16241121292,-0.730649769306,-0.592904269695,-2.60908770561,-1.30469095707,-1.38790881634
3013,1,2121,190,19,1,2.5,0,58,1,1,1,1,0,-2.17443108559,-0.547933459282,-0.940466046333,-2.17443108559,-0.547933459282,-0.940466046333
3013,2,2121,190,19,1,2.5,0,69,1,1,1,1,,-1.78842425346,-0.190623879433,,-2.17443108559,-0.547933459282,-0.940466046333
3014,1,2121,190,19,1,2.5,0,13,1,1,1,1,0,-3.20220947266,-0.06952355057,0.71223372221,-3.20220947266,-0.06952355057,0.71223372221
3014,2,2121,190,19,1,2.5,0,26,1,1,1,1,,-2.61562776566,-0.672688543797,0.759762763977,-3.20220947266,-0.06952355057,0.71223372221
3015,1,2122,190,19,1,2.5,0,67,1,0,0,,,,,,,,
3015,2,2122,190,19,1,2.5,0,72,1,0,0,,,,,,,,
3016,1,2122,190,19,1,2.5,0,31,1,1,1,1,0,-3.73306632042,-1.85840308666,-0.445096045732,-3.73306632042,-1.85840308666,-0.445096045732
3016,2,2122,190,19,1,2.5,0,44,1,1,1,1,,-3.85491228104,-1.90291488171,-0.806991875172,-3.73306632042,-1.85840308666,-0.445096045732
3017,1,2123,191,21,1,1.74999988079,0,20,1,1,1,1,0,-1.4746516943,-1.35149097443,-0.840887844563,-1.4746516943,-1.35149097443,-0.840887844563
3017,2,2123,191,21,1,1.74999988079,0,33,1,1,1,1,,-1.83049702644,-0.977803647518,-0.949385762215,-1.4746516943,-1.35149097443,-0.840887844563
3018,1,2124,191,21,1,1.74999988079,0,36,1,1,1,1,0,-3.62391662598,-1.96949827671,-0.522299945354,-3.62391662598,-1.96949827671,-0.522299945354
3018,2,2124,191,21,1,1.74999988079,0,49,1,1,1,1,,-3.10503768921,-1.5911141634,-0.204289779067,-3.62391662598,-1.96949827671,-0.522299945354
3019,1,2124,191,21,1,1.74999988079,1,12,1,1,1,1,0,-2.78254413605,-1.90659761429,-1.08014822006,-2.78254413605,-1.90659761429,-1.08014822006
3019,2,2124,191,21,1,1.74999988079,1,25,1,1,1,1,,-2.89490461349,-2.18799686432,-0.424216985703,-2.78254413605,-1.90659761429,-1.08014822006
3020,1,2125,191,21,1,1.74999988079,1,84,1,0,0,,,,,,,,
3020,2,2125,191,21,1,1.74999988079,1,72,1,0,0,,,,,,,,
3021,1,2125,191,21,1,1.74999988079,1,51,1,1,1,1,0,-3.40945792198,-1.89329791069,-0.415371030569,-3.40945792198,-1.89329791069,-0.415371030569
3021,2,2125,191,21,1,1.74999988079,1,64,1,1,1,1,,-3.32776761055,-1.99142432213,,-3.40945792198,-1.89329791069,-0.415371030569
3022,1,2125,191,21,1,1.74999988079,1,21,1,1,1,1,0,-2.43396759033,-0.371745705605,0.758211255074,-2.43396759033,-0.371745705605,0.758211255074
3022,2,2125,191,21,1,1.74999988079,1,34,1,1,1,1,,-2.27084422112,-0.592970073223,0.272943854332,-2.43396759033,-0.371745705605,0.758211255074
3023,1,2126,191,21,0,25.25,1,24,1,0,0,,,,,,,,
3023,2,2126,191,21,0,25.25,1,37,1,1,0,,,-3.09919977188,-0.878714323044,0.66146838665,,,
3024,1,2127,191,21,1,1.74999988079,0,61,1,0,0,,,,,,,,
3024,2,2127,191,21,1,1.74999988079,0,72,1,0,0,,,,,,,,
3025,1,2127,191,21,1,1.74999988079,0,17,1,0,0,,,,,,,,
3025,2,2127,191,21,1,1.74999988079,0,30,1,1,0,,,-2.19744277,-0.80427390337,-0.449384838343,,,
3026,1,2128,191,21,1,1.74999988079,1,51,1,1,1,1,0,-1.81536662579,-0.894115805626,-1.30733954906,-1.81536662579,-0.894115805626,-1.30733954906
3026,2,2128,191,21,1,1.74999988079,1,64,1,1,1,1,,-1.70592689514,-1.01835036278,,-1.81536662579,-0.894115805626,-1.30733954906
3027,1,2128,191,21,1,1.74999988079,0,19,1,1,1,1,0,-2.79163265228,-1.94992661476,-1.08139002323,-2.79163265228,-1.94992661476,-1.08139002323
3027,2,2128,191,21,1,1.74999988079,0,32,1,1,1,1,,-2.78352236748,-1.65299320221,0.379309296608,-2.79163265228,-1.94992661476,-1.08139002323
3028,2,2128,191,21,1,1.74999988079,0,2,1,1,0,,,-0.437347948551,0.864781022072,,,,
3029,1,2130,191,21,0,25.25,1,11,1,1,1,1,0,-1.51579880714,-1.33755111694,-0.582858383656,-1.51579880714,-1.33755111694,-0.582858383656
3029,2,2130,191,21,0,25.25,1,24,1,1,1,1,,-1.66297471523,-0.533635675907,0.579466760159,-1.51579880714,-1.33755111694,-0.582858383656
3030,1,2132,191,21,1,1.74999988079,1,46,1,1,1,1,0,-3.26020479202,-1.55614757538,-0.322562664747,-3.26020479202,-1.55614757538,-0.322562664747
3030,2,2132,191,21,1,1.74999988079,1,61,1,1,1,1,,-4.01236200333,-2.38309168816,,-3.26020479202,-1.55614757538,-0.322562664747
3031,1,2132,191,21,1,1.74999988079,1,12,1,1,1,1,0,-0.355342656374,-0.508727312088,-0.618792951107,-0.355342656374,-0.508727312088,-0.618792951107
3031,2,2132,191,21,1,1.74999988079,1,24,1,1,1,1,,-0.795117795467,-0.518345892429,-0.978074789047,-0.355342656374,-0.508727312088,-0.618792951107
3032,1,2133,191,21,1,1.74999988079,1,16,1,1,1,0,1,-4.20676851273,-3.12040615082,-2.78186511993,-4.20676851273,-3.12040615082,-2.78186511993
3032,2,2133,191,21,1,1.74999988079,1,29,1,0,1,0,,,,,-4.20676851273,-3.12040615082,-2.78186511993
3033,2,2133,191,21,1,1.74999988079,0,10,1,1,0,,,-2.85840725899,-3.04225182533,-2.17801642418,,,
3034,1,2134,191,21,1,1.74999988079,0,1,1,1,1,1,0,-3.01785755157,-2.21088457108,,-3.01785755157,-2.21088457108,
3034,2,2134,191,21,1,1.74999988079,0,13,1,1,1,1,,-2.7487912178,-1.31045937538,-1.56578850746,-3.01785755157,-2.21088457108,
3035,1,2137,192,18,1,1.5,1,8,1,1,1,1,0,-0.253616005182,-0.218802824616,0.585851669312,-0.253616005182,-0.218802824616,0.585851669312
3035,2,2137,192,18,1,1.5,1,22,1,1,1,1,,-2.74149274826,-1.93306279182,-1.80303788185,-0.253616005182,-0.218802824616,0.585851669312
3036,1,2138,192,18,1,1.5,0,16,1,1,1,1,0,-1.55211818218,-1.1943680048,-0.421259701252,-1.55211818218,-1.1943680048,-0.421259701252
3036,2,2138,192,18,1,1.5,0,29,1,1,1,1,,-2.69631266594,-1.0952706337,-1.2096953392,-1.55211818218,-1.1943680048,-0.421259701252
3037,2,2138,192,18,1,1.5,0,1,1,1,0,,,-0.218027293682,0.0151831423864,,,,
3038,1,2140,192,18,1,1.5,0,9,1,1,1,1,0,-0.766158759594,-0.380193501711,-0.0220214948058,-0.766158759594,-0.380193501711,-0.0220214948058
3038,2,2140,192,18,1,1.5,0,22,1,1,1,1,,-1.15795600414,-0.283111572266,-0.429564714432,-0.766158759594,-0.380193501711,-0.0220214948058
3039,2,2140,192,18,1,1.5,0,1,1,1,0,,,-0.706071436405,-0.0517344772816,,,,
3040,1,2141,192,18,0,12,1,72,1,0,0,,,,,,,,
3040,2,2141,192,18,0,12,1,72,1,0,0,,,,,,,,
3041,1,2141,192,18,0,12,0,31,1,1,1,1,0,-1.42033529282,0.568593382835,0.456811606884,-1.42033529282,0.568593382835,0.456811606884
3041,2,2141,192,18,0,12,0,44,1,1,1,1,,-1.48073983192,0.659627258778,0.5481159091,-1.42033529282,0.568593382835,0.456811606884
3042,2,2141,192,18,0,12,0,13,1,1,0,,,-2.87245202065,-0.875431656837,-0.0228675156832,,,
3043,1,2142,192,18,1,1.5,1,72,1,0,0,,,,,,,,
3043,2,2142,192,18,1,1.5,1,72,1,0,0,,,,,,,,
3044,1,2142,192,18,1,1.5,0,38,1,1,1,1,0,-4.7622551918,-3.59439587593,-1.81760716438,-4.7622551918,-3.59439587593,-1.81760716438
3044,2,2142,192,18,1,1.5,0,54,1,1,1,1,,-4.47712230682,-3.44565272331,-2.95972418785,-4.7622551918,-3.59439587593,-1.81760716438
3045,1,2142,192,18,1,1.5,0,108,1,0,0,,,,,,,,
3045,2,2142,192,18,1,1.5,0,23,1,1,0,,,-4.47094297409,-3.44565272331,-2.95972418785,,,
3046,1,2143,192,18,1,1.5,1,41,1,1,1,1,0,-2.48568511009,-0.377118110657,0.707388758659,-2.48568511009,-0.377118110657,0.707388758659
3046,2,2143,192,18,1,1.5,1,55,1,1,1,1,,-2.46634984016,-0.509194135666,0.542300522327,-2.48568511009,-0.377118110657,0.707388758659
3047,1,2143,192,18,1,1.5,1,24,1,1,1,1,0,-2.28287768364,,-0.0659498795867,-2.28287768364,,-0.0659498795867
3047,2,2143,192,18,1,1.5,1,37,1,1,1,1,,-1.61967015266,-0.478908836842,0.189798042178,-2.28287768364,,-0.0659498795867
3048,1,2143,192,18,1,1.5,1,2,1,1,1,1,0,-1.43274378777,-0.539052844048,,-1.43274378777,-0.539052844048,
3048,2,2143,192,18,1,1.5,1,14,1,1,1,1,,-2.54529094696,,0.749851763248,-1.43274378777,-0.539052844048,
3049,1,2144,192,18,1,1.5,0,72,1,0,0,,,,,,,,
3049,2,2144,192,18,1,1.5,0,56,1,1,0,,,-2.5330119133,-1.1351776123,-1.34802305698,,,
3050,1,2144,192,18,1,1.5,1,19,1,1,1,1,0,-2.54485869408,-2.46237587929,-2.08529019356,-2.54485869408,-2.46237587929,-2.08529019356
3050,2,2144,192,18,1,1.5,1,33,1,1,1,1,,-3.24693703651,-2.51512145996,-2.00296616554,-2.54485869408,-2.46237587929,-2.08529019356
3051,1,2145,192,18,1,1.5,0,8,1,1,1,1,0,-4.35243415833,-1.48464262486,-0.986173927784,-4.35243415833,-1.48464262486,-0.986173927784
3051,2,2145,192,18,1,1.5,0,22,1,1,1,1,,-3.76511454582,-0.721022665501,0.388605892658,-4.35243415833,-1.48464262486,-0.986173927784
3052,1,2146,192,18,1,1.5,1,7,1,1,1,1,0,-1.3765925169,0.616036176682,1.13796782494,-1.3765925169,0.616036176682,1.13796782494
3052,2,2146,192,18,1,1.5,1,20,1,1,1,1,,-1.71051418781,0.227287918329,0.772918105125,-1.3765925169,0.616036176682,1.13796782494
3053,1,2147,193,21,0,20.25,0,46,1,1,1,1,0,-2.7414829731,-0.425384163857,0.092821650207,-2.7414829731,-0.425384163857,0.092821650207
3053,2,2147,193,21,0,20.25,0,59,1,1,1,1,,-2.16782259941,-0.423456221819,-1.00048649311,-2.7414829731,-0.425384163857,0.092821650207
3054,2,2147,193,21,0,20.25,1,29,1,1,0,,,-4.45262145996,-2.95974802971,-2.36908054352,,,
3055,1,2150,193,21,1,1.375,0,52,1,1,1,1,0,-2.29395842552,-0.630720198154,-0.196584194899,-2.29395842552,-0.630720198154,-0.196584194899
3055,2,2150,193,21,1,1.375,0,66,1,1,1,1,,-2.25701594353,-0.723691761494,,-2.29395842552,-0.630720198154,-0.196584194899
3056,1,2150,193,21,1,1.375,1,13,1,1,1,1,0,-3.10601305962,-1.16974556446,-0.564066410065,-3.10601305962,-1.16974556446,-0.564066410065
3056,2,2150,193,21,1,1.375,1,27,1,1,1,1,,-3.21864151955,-0.679569602013,0.312779426575,-3.10601305962,-1.16974556446,-0.564066410065
3057,1,2151,193,21,1,1.375,0,47,1,1,1,1,0,-3.07031178474,-1.66502630711,-1.91884732246,-3.07031178474,-1.66502630711,-1.91884732246
3057,2,2151,193,21,1,1.375,0,59,1,1,1,1,,-3.12482094765,-1.65877711773,-2.60725522041,-3.07031178474,-1.66502630711,-1.91884732246
3058,1,2151,193,21,1,1.375,1,11,1,1,1,1,0,-2.50755238533,-1.63873434067,-0.493306457996,-2.50755238533,-1.63873434067,-0.493306457996
3058,2,2151,193,21,1,1.375,1,23,1,1,1,1,,-3.09428906441,-2.02357411385,-0.961531221867,-2.50755238533,-1.63873434067,-0.493306457996
3059,1,2152,193,21,0,20.25,0,13,1,1,1,1,0,-2.62513017654,-1.35293674469,0.197212398052,-2.62513017654,-1.35293674469,0.197212398052
3059,2,2152,193,21,0,20.25,0,26,1,1,1,1,,-3.5602953434,-1.97057664394,-0.89225178957,-2.62513017654,-1.35293674469,0.197212398052
3060,2,2152,193,21,0,20.25,1,3,1,1,0,,,-2.30534672737,-1.28199708462,,,,
3061,1,2153,193,21,1,1.375,0,22,1,1,1,1,0,-1.29427599907,0.396816790104,0.13599139452,-1.29427599907,0.396816790104,0.13599139452
3061,2,2153,193,21,1,1.375,0,35,1,1,1,1,,-0.525509059429,0.76075565815,-0.000241196044954,-1.29427599907,0.396816790104,0.13599139452
3062,2,2153,193,21,1,1.375,1,9,1,1,0,,,1.15755546093,1.21870720387,0.280323714018,,,
3063,1,2154,193,21,1,1.375,0,37,1,1,1,1,0,-2.95384192467,-0.595237672329,-0.718886077404,-2.95384192467,-0.595237672329,-0.718886077404
3063,2,2154,193,21,1,1.375,0,50,1,1,1,1,,-2.28396272659,-0.919696331024,-1.18627464771,-2.95384192467,-0.595237672329,-0.718886077404
3064,1,2154,193,21,1,1.375,0,5,1,1,1,1,0,-1.25625324249,0.260512530804,,-1.25625324249,0.260512530804,
3064,2,2154,193,21,1,1.375,0,18,1,1,1,1,,-1.61597001553,-0.291100651026,-0.175427734852,-1.25625324249,0.260512530804,
3065,1,2155,193,21,1,1.375,0,72,1,0,0,,,,,,,,
3065,2,2155,193,21,1,1.375,0,72,1,0,0,,,,,,,,
3066,1,2155,193,21,1,1.375,0,32,1,1,1,1,0,-3.05403447151,-0.618328154087,0.339820951223,-3.05403447151,-0.618328154087,0.339820951223
3066,2,2155,193,21,1,1.375,0,45,1,1,1,1,,-2.28340816498,-0.172332137823,-0.110704131424,-3.05403447151,-0.618328154087,0.339820951223
3067,1,2155,193,21,1,1.375,1,10,1,1,1,1,0,-1.75550317764,-0.987492740154,0.0663783475757,-1.75550317764,-0.987492740154,0.0663783475757
3067,2,2155,193,21,1,1.375,1,23,1,1,1,1,,-1.89693057537,-2.03338050842,-2.1655497551,-1.75550317764,-0.987492740154,0.0663783475757
3068,1,2156,193,21,1,1.375,0,52,1,1,1,1,0,-2.34002304077,-0.806349158287,-0.424121469259,-2.34002304077,-0.806349158287,-0.424121469259
3068,2,2156,193,21,1,1.375,0,65,1,1,1,1,,-2.02333498001,-0.466022819281,,-2.34002304077,-0.806349158287,-0.424121469259
3069,1,2156,193,21,1,1.375,1,23,1,1,1,1,0,-3.06277775764,-1.23005700111,-0.870822072029,-3.06277775764,-1.23005700111,-0.870822072029
3069,2,2156,193,21,1,1.375,1,37,1,1,1,1,,-3.11217904091,-1.38238465786,-1.24390399456,-3.06277775764,-1.23005700111,-0.870822072029
3070,2,2156,193,21,1,1.375,0,1,1,1,0,,,-1.99039697647,-1.96060061455,,,,
3071,1,2157,193,21,1,1.375,0,59,1,1,1,1,0,-0.956347942352,1.13259243965,1.75709688663,-0.956347942352,1.13259243965,1.75709688663
3071,2,2157,193,21,1,1.375,0,72,1,1,1,1,,-1.41084730625,0.50068205595,,-0.956347942352,1.13259243965,1.75709688663
3072,1,2157,193,21,1,1.375,1,31,1,1,1,1,0,-1.99627423286,-0.834174215794,-0.801926255226,-1.99627423286,-0.834174215794,-0.801926255226
3072,2,2157,193,21,1,1.375,1,44,1,1,1,1,,-1.94225919247,-0.535441875458,-0.668599367142,-1.99627423286,-0.834174215794,-0.801926255226
3073,1,2157,193,21,1,1.375,0,4,1,1,1,1,0,-0.642072021961,0.258896827698,,-0.642072021961,0.258896827698,
3073,2,2157,193,21,1,1.375,0,17,1,1,1,1,,0.284519404173,-0.248809814453,0.337728023529,-0.642072021961,0.258896827698,
3074,1,2158,193,21,1,1.375,0,42,1,1,1,1,0,-3.22854113579,-1.60265183449,-0.271730393171,-3.22854113579,-1.60265183449,-0.271730393171
3074,2,2158,193,21,1,1.375,0,56,1,1,1,1,,-3.10111570358,-1.36654961109,-1.06003022194,-3.22854113579,-1.60265183449,-0.271730393171
3075,1,2158,193,21,1,1.375,1,9,1,1,1,1,0,-1.28055810928,-2.42267823219,-1.93115782738,-1.28055810928,-2.42267823219,-1.93115782738
3075,2,2158,193,21,1,1.375,1,22,1,1,1,1,,-1.86013770103,-1.5780967474,-1.36624670029,-1.28055810928,-2.42267823219,-1.93115782738
3076,1,2159,194,19,1,1.5,0,8,1,1,1,1,0,-1.54131376743,-0.741038858891,-0.986173927784,-1.54131376743,-0.741038858891,-0.986173927784
3076,2,2159,194,19,1,1.5,0,21,1,1,1,1,,-1.42121994495,-0.972917795181,-1.16466927528,-1.54131376743,-0.741038858891,-0.986173927784
3077,1,2160,194,19,1,1.5,0,57,1,1,1,1,0,-2.63449048996,-0.767272949219,-0.0166348069906,-2.63449048996,-0.767272949219,-0.0166348069906
3077,2,2160,194,19,1,1.5,0,68,1,1,1,1,,-2.39095497131,-0.986522197723,,-2.63449048996,-0.767272949219,-0.0166348069906
3078,1,2160,194,19,1,1.5,0,35,1,1,1,1,0,-4.75996208191,-1.63592994213,0.237931936979,-4.75996208191,-1.63592994213,0.237931936979
3078,2,2160,194,19,1,1.5,0,48,1,1,1,1,,-4.47712230682,-1.37604618073,0.0448001138866,-4.75996208191,-1.63592994213,0.237931936979
3079,1,2160,194,19,1,1.5,0,14,1,0,0,,,,,,,,
3079,2,2160,194,19,1,1.5,0,25,1,1,0,,,-1.7079782486,-0.651827871799,-0.798703849316,,,
3080,1,2161,194,19,0,16,0,33,1,1,1,1,0,-1.26908910275,-0.365736693144,-0.430588573217,-1.26908910275,-0.365736693144,-0.430588573217
3080,2,2161,194,19,0,16,0,46,1,1,1,1,,-2.07391357422,-0.613860309124,-0.28937074542,-1.26908910275,-0.365736693144,-0.430588573217
3081,2,2161,194,19,0,16,1,9,1,1,0,,,-1.05288672447,-0.151484906673,0.280323714018,,,
3082,1,2162,194,19,0,16,1,36,1,1,1,0,1,-4.20233488083,-2.27378320694,-1.08117175102,-4.20233488083,-2.27378320694,-1.08117175102
3083,1,2163,194,19,1,1.5,0,72,1,0,0,,,,,,,,
3083,2,2163,194,19,1,1.5,0,60,1,0,0,,,,,,,,
3084,1,2163,194,19,1,1.5,0,8,1,1,1,1,0,1.41551947594,-0.65536737442,,1.41551947594,-0.65536737442,
3084,2,2163,194,19,1,1.5,0,21,1,1,1,1,,-0.55139786005,-0.513246059418,-0.608890473843,1.41551947594,-0.65536737442,
3085,1,2164,194,19,1,1.5,1,16,1,1,1,1,0,-3.06162977219,-3.1993830204,-2.24298477173,-3.06162977219,-3.1993830204,-2.24298477173
3085,2,2164,194,19,1,1.5,1,30,1,1,1,1,,-3.77594614029,-3.1413936615,-2.21889138222,-3.06162977219,-3.1993830204,-2.24298477173
3086,1,2165,194,19,0,16,0,4,1,1,1,1,0,-1.38698923588,-1.32017612457,,-1.38698923588,-1.32017612457,
3086,2,2165,194,19,0,16,0,17,1,1,1,1,,-2.44215035439,-1.20345139503,-0.229211241007,-1.38698923588,-1.32017612457,
3087,1,2166,194,19,1,1.5,0,60,1,0,0,,,,,,,,
3087,2,2166,194,19,1,1.5,0,73,1,1,0,,,-2.79266428947,-1.41315352917,,,,
3088,1,2166,194,19,1,1.5,0,32,1,1,1,1,0,-3.52387332916,-0.881944596767,-0.0631044209003,-3.52387332916,-0.881944596767,-0.0631044209003
3088,2,2166,194,19,1,1.5,0,44,1,1,1,1,,-2.74201965332,-0.540006637573,-0.601398408413,-3.52387332916,-0.881944596767,-0.0631044209003
3089,1,2166,194,19,1,1.5,0,4,1,1,1,1,0,1.01597070694,1.74831914902,,1.01597070694,1.74831914902,
3089,2,2166,194,19,1,1.5,0,17,1,1,1,1,,-1.38178002834,0.671597480774,0.380365878344,1.01597070694,1.74831914902,
3090,2,2167,194,19,0,16,0,5,1,1,0,,,,,0.456608563662,,,
3091,1,2168,194,19,1,1.5,1,18,1,1,1,1,0,-1.62125039101,-0.626041054726,0.0173723772168,-1.62125039101,-0.626041054726,0.0173723772168
3091,2,2168,194,19,1,1.5,1,31,1,1,1,1,,-3.79887366295,-0.5861094594,-0.384183913469,-1.62125039101,-0.626041054726,0.0173723772168
3092,1,2169,194,19,1,1.5,1,66,1,0,0,,,,,,,,
3092,2,2169,194,19,1,1.5,1,72,1,0,0,,,,,,,,
3093,1,2169,194,19,1,1.5,0,16,1,1,1,1,0,-2.22925591469,-0.524646699429,-0.152181342244,-2.22925591469,-0.524646699429,-0.152181342244
3093,2,2169,194,19,1,1.5,0,29,1,1,1,1,,-2.56198740005,-0.452431410551,-0.451512873173,-2.22925591469,-0.524646699429,-0.152181342244
3094,1,2170,194,19,1,1.5,0,66,1,0,0,,,,,,,,
3094,2,2170,194,19,1,1.5,0,72,1,0,0,,,,,,,,
3095,1,2170,194,19,1,1.5,1,5,1,1,1,1,0,-1.18613743782,-1.33394181728,,-1.18613743782,-1.33394181728,
3095,2,2170,194,19,1,1.5,1,18,1,1,1,1,,-2.30998635292,-1.17271208763,-1.19268536568,-1.18613743782,-1.33394181728,
3096,1,2171,195,17,1,1.74999988079,0,58,1,1,1,1,0,-1.86752128601,0.257274210453,0.37794905901,-1.86752128601,0.257274210453,0.37794905901
3096,2,2171,195,17,1,1.74999988079,0,72,1,1,1,1,,-1.99947047234,-0.228241279721,,-1.86752128601,0.257274210453,0.37794905901
3097,1,2171,195,17,1,1.74999988079,0,2,1,1,1,1,0,0.987319409847,0.443322211504,,0.987319409847,0.443322211504,
3097,2,2171,195,17,1,1.74999988079,0,15,1,1,1,1,,-1.12469053268,-1.43474936485,-1.42529058456,0.987319409847,0.443322211504,
3098,1,2172,195,17,1,1.74999988079,0,43,1,1,1,1,0,-2.13505554199,-0.804840743542,-0.618697404861,-2.13505554199,-0.804840743542,-0.618697404861
3098,2,2172,195,17,1,1.74999988079,0,56,1,1,1,1,,-1.86465322971,-1.14023387432,-0.54884749651,-2.13505554199,-0.804840743542,-0.618697404861
3099,1,2173,195,17,1,1.74999988079,1,18,1,1,1,1,0,-0.0715944468975,0.124636910856,-0.326909393072,-0.0715944468975,0.124636910856,-0.326909393072
3099,2,2173,195,17,1,1.74999988079,1,31,1,1,1,1,,-1.4932243824,0.269613623619,0.479627877474,-0.0715944468975,0.124636910856,-0.326909393072
3100,2,2173,195,17,1,1.74999988079,1,4,1,1,0,,,-0.503545463085,0.218299850821,,,,
3101,1,2174,195,17,1,1.74999988079,0,28,1,1,1,1,0,-2.67613911629,-1.71756207943,-0.848577976227,-2.67613911629,-1.71756207943,-0.848577976227
3101,2,2174,195,17,1,1.74999988079,0,41,1,1,1,1,,-2.17775416374,-1.55138063431,-0.990488827229,-2.67613911629,-1.71756207943,-0.848577976227
3102,1,2174,195,17,1,1.74999988079,1,2,1,1,1,1,0,0.703628540039,0.803669810295,,0.703628540039,0.803669810295,
3102,2,2174,195,17,1,1.74999988079,1,15,1,1,1,1,,-1.28136062622,-0.529491424561,0.144573867321,0.703628540039,0.803669810295,
3103,1,2175,195,17,0,14.25,1,64,1,0,0,,,,,,,,
3103,2,2175,195,17,0,14.25,1,72,1,0,0,,,,,,,,
3104,1,2175,195,17,0,14.25,1,13,1,1,1,1,0,-1.66093218327,0.183978825808,1.39310097694,-1.66093218327,0.183978825808,1.39310097694
3104,2,2175,195,17,0,14.25,1,26,1,1,1,1,,-1.57545876503,0.471558839083,1.70347952843,-1.66093218327,0.183978825808,1.39310097694
3105,1,2176,195,17,0,14.25,1,54,1,1,1,1,0,-1.52670228481,-0.755757391453,-1.24117362499,-1.52670228481,-0.755757391453,-1.24117362499
3105,2,2176,195,17,0,14.25,1,67,1,1,1,1,,-1.09284448624,-0.524630844593,,-1.52670228481,-0.755757391453,-1.24117362499
3106,2,2176,195,17,0,14.25,0,3,1,0,0,,,,,,,,
3107,1,2177,195,17,1,1.74999988079,1,45,1,1,1,1,0,-2.52458143234,-0.836724638939,-0.143527850509,-2.52458143234,-0.836724638939,-0.143527850509
3107,2,2177,195,17,1,1.74999988079,1,58,1,1,1,1,,-1.87072336674,-0.767387986183,-0.230936422944,-2.52458143234,-0.836724638939,-0.143527850509
3108,1,2177,195,17,1,1.74999988079,0,21,1,1,1,1,0,-4.08287620544,-2.1544239521,-1.07032883167,-4.08287620544,-2.1544239521,-1.07032883167
3108,2,2177,195,17,1,1.74999988079,0,33,1,1,1,1,,-2.51822280884,-1.55209636688,0.0646628811955,-4.08287620544,-2.1544239521,-1.07032883167
3109,1,2177,195,17,1,1.74999988079,1,15,1,1,1,0,1,-2.88766956329,-0.649837255478,,-2.88766956329,-0.649837255478,
3109,2,2177,195,17,1,1.74999988079,1,30,1,0,1,0,,,,,-2.88766956329,-0.649837255478,
3110,1,2178,195,17,0,14.25,1,58,1,1,1,0,1,-1.89207518101,-0.619011580944,-0.165093302727,-1.89207518101,-0.619011580944,-0.165093302727
3110,2,2178,195,17,0,14.25,1,72,1,0,1,0,,,,,-1.89207518101,-0.619011580944,-0.165093302727
3111,1,2178,195,17,0,14.25,0,7,1,1,1,1,0,-0.144858703017,0.851825714111,0.120191000402,-0.144858703017,0.851825714111,0.120191000402
3111,2,2178,195,17,0,14.25,0,20,1,1,1,1,,-0.675064146519,1.38264620304,1.82426202297,-0.144858703017,0.851825714111,0.120191000402
3112,1,2179,195,17,1,1.74999988079,1,9,1,1,1,1,0,-1.75660288334,-2.17659544945,-0.951664507389,-1.75660288334,-2.17659544945,-0.951664507389
3112,2,2179,195,17,1,1.74999988079,1,22,1,1,1,1,,-2.53317427635,-1.5780967474,-0.196472302079,-1.75660288334,-2.17659544945,-0.951664507389
3113,1,2180,195,17,1,1.74999988079,1,22,1,1,1,1,0,-2.46907448769,-1.23225569725,-0.810295283794,-2.46907448769,-1.23225569725,-0.810295283794
3113,2,2180,195,17,1,1.74999988079,1,35,1,1,1,1,,-2.03342366219,-1.34182095528,-0.466692179441,-2.46907448769,-1.23225569725,-0.810295283794
3114,1,2182,195,17,1,1.74999988079,0,8,1,1,1,0,1,-1.81335711479,-0.232054740191,0.305392175913,-1.81335711479,-0.232054740191,0.305392175913
3115,1,2183,196,21,1,2.75,1,37,1,1,1,1,0,-2.5541100502,-0.796593546867,-0.227274373174,-2.5541100502,-0.796593546867,-0.227274373174
3115,2,2183,196,21,1,2.75,1,51,1,1,1,1,,-2.22236967087,-0.93954873085,0.0689947456121,-2.5541100502,-0.796593546867,-0.227274373174
3116,1,2183,196,21,1,2.75,1,7,1,1,1,1,0,-2.65069317818,-1.68217301369,-0.623021245003,-2.65069317818,-1.68217301369,-0.623021245003
3116,2,2183,196,21,1,2.75,1,20,1,1,1,1,,-3.25388216972,-2.34751486778,-1.15627992153,-2.65069317818,-1.68217301369,-0.623021245003
3117,1,2184,196,21,1,2.75,1,23,1,0,0,,,,,,,,
3117,2,2184,196,21,1,2.75,1,36,1,1,0,,,-0.656946182251,-0.0591461993754,-1.20905411243,,,
3118,1,2185,196,21,1,2.75,1,28,1,0,0,,,,,,,,
3118,2,2185,196,21,1,2.75,1,41,1,1,0,,,0.0741866230965,0.703233540058,0.108391962945,,,
3119,1,2185,196,21,1,2.75,0,4,1,1,1,1,0,1.06402921677,1.74831914902,,1.06402921677,1.74831914902,
3119,2,2185,196,21,1,2.75,0,16,1,1,1,1,,0.67276263237,1.07803487778,1.51819813251,1.06402921677,1.74831914902,
3120,1,2188,196,21,1,2.75,1,39,1,1,1,1,0,-1.25378251076,0.0347548313439,0.43796557188,-1.25378251076,0.0347548313439,0.43796557188
3120,2,2188,196,21,1,2.75,1,52,1,1,1,1,,-1.32261908054,-0.219952777028,0.000675181450788,-1.25378251076,0.0347548313439,0.43796557188
3121,1,2188,196,21,1,2.75,0,7,1,1,1,1,0,-1.02000248432,-0.0409855768085,-0.153764769435,-1.02000248432,-0.0409855768085,-0.153764769435
3121,2,2188,196,21,1,2.75,0,19,1,1,1,1,,-1.86614632607,,0.307327836752,-1.02000248432,-0.0409855768085,-0.153764769435
3122,1,2189,196,21,1,2.75,0,43,1,1,1,1,0,-3.94580030441,-2.13972806931,-1.47362446785,-3.94580030441,-2.13972806931,-1.47362446785
3122,2,2189,196,21,1,2.75,0,56,1,1,1,1,,-3.55782818794,-2.22367310524,-1.47434806824,-3.94580030441,-2.13972806931,-1.47362446785
3123,1,2189,196,21,1,2.75,1,17,1,1,1,1,0,-2.14844489098,-1.32788562775,0.477056026459,-2.14844489098,-1.32788562775,0.477056026459
3123,2,2189,196,21,1,2.75,1,29,1,1,1,1,,-2.13999795914,-1.44877374172,-0.203087627888,-2.14844489098,-1.32788562775,0.477056026459
3124,1,2190,196,21,1,2.75,1,56,1,1,1,1,0,-2.65218281746,-0.942997872829,-0.234062507749,-2.65218281746,-0.942997872829,-0.234062507749
3124,2,2190,196,21,1,2.75,1,72,1,1,1,1,,-3.21791958809,-2.53917860985,,-2.65218281746,-0.942997872829,-0.234062507749
3125,1,2190,196,21,1,2.75,0,4,1,1,1,1,0,-1.4350477457,-0.0535198487341,,-1.4350477457,-0.0535198487341,
3125,2,2190,196,21,1,2.75,0,17,1,1,1,1,,-2.19599485397,-0.791369616985,-0.00832311995327,-1.4350477457,-0.0535198487341,
3126,1,2191,196,21,1,2.75,0,24,1,1,1,1,0,-2.83654403687,-2.1580286026,-2.50072145462,-2.83654403687,-2.1580286026,-2.50072145462
3126,2,2191,196,21,1,2.75,0,37,1,1,1,1,,-2.32755994797,-1.33993244171,-2.77874803543,-2.83654403687,-2.1580286026,-2.50072145462
3127,1,2192,196,21,0,27.9999980927,1,54,1,1,1,1,0,-0.611756086349,-0.196375951171,0.0322159528732,-0.611756086349,-0.196375951171,0.0322159528732
3127,2,2192,196,21,0,27.9999980927,1,68,1,1,1,1,,-0.3350263834,-0.312257736921,,-0.611756086349,-0.196375951171,0.0322159528732
3128,1,2193,196,21,1,2.75,0,17,1,1,1,1,0,-1.96876990795,-1.86848890781,-2.61123394966,-1.96876990795,-1.86848890781,-2.61123394966
3128,2,2193,196,21,1,2.75,0,30,1,1,1,1,,-2.06529021263,-1.03283965588,-1.62448060513,-1.96876990795,-1.86848890781,-2.61123394966
3129,2,2193,196,21,1,2.75,1,6,1,1,0,,,-1.13885045052,-1.15809762478,-0.469164252281,,,
3130,1,2194,196,21,0,27.9999980927,1,14,1,0,0,,,,,,,,
3130,2,2194,196,21,0,27.9999980927,1,27,1,1,0,,,0.0198156200349,0.885406494141,0.66104131937,,,
3131,1,2195,197,17,1,1,0,16,1,1,1,1,0,-2.75161862373,-1.57356894016,-0.881840109825,-2.75161862373,-1.57356894016,-0.881840109825
3131,2,2195,197,17,1,1,0,29,1,1,1,1,,-3.97987174988,-1.46752798557,-2.17064356804,-2.75161862373,-1.57356894016,-0.881840109825
3132,2,2195,197,17,1,1,1,1,1,0,0,,,,,,,,
3133,1,2196,197,17,0,16.5,1,58,1,1,1,0,1,-2.53263878822,-2.22271752357,,-2.53263878822,-2.22271752357,
3133,2,2196,197,17,0,16.5,1,72,1,0,1,0,,,,,-2.53263878822,-2.22271752357,
3134,1,2196,197,17,0,16.5,0,1,1,1,1,0,1,-2.94079709053,-1.77730429173,,-2.94079709053,-1.77730429173,
3134,2,2196,197,17,0,16.5,0,13,1,0,1,0,,,,,-2.94079709053,-1.77730429173,
3135,1,2197,197,17,1,1,0,21,1,1,1,1,0,-2.708558321,,-0.79145270586,-2.708558321,,-0.79145270586
3135,2,2197,197,17,1,1,0,35,1,1,1,1,,-2.58809828758,-0.834868252277,-1.23302805424,-2.708558321,,-0.79145270586
3136,1,2199,197,17,1,1,0,66,1,0,0,,,,,,,,
3136,2,2199,197,17,1,1,0,72,1,0,0,,,,,,,,
3137,1,2199,197,17,1,1,1,33,1,1,1,1,0,-1.61310684681,-0.121622927487,-0.227904498577,-1.61310684681,-0.121622927487,-0.227904498577
3137,2,2199,197,17,1,1,1,46,1,1,1,1,,-2.43236327171,-0.700010418892,-0.432718008757,-1.61310684681,-0.121622927487,-0.227904498577
3138,2,2199,197,17,1,1,0,10,1,1,0,,,-0.976491749287,0.0948259308934,0.201357901096,,,
3139,1,2200,197,17,1,1,0,84,1,0,0,,,,,,,,
3139,2,2200,197,17,1,1,0,72,1,0,0,,,,,,,,
3140,1,2200,197,17,1,1,0,32,1,1,1,1,0,-1.04654407501,-0.0721579045057,-0.653214693069,-1.04654407501,-0.0721579045057,-0.653214693069
3140,2,2200,197,17,1,1,0,45,1,1,1,1,,-1.2419975996,0.0550814531744,-1.20998823643,-1.04654407501,-0.0721579045057,-0.653214693069
3141,1,2200,197,17,1,1,1,4,1,1,1,1,0,1.02108991146,0.692609608173,,1.02108991146,0.692609608173,
3141,2,2200,197,17,1,1,1,17,1,1,1,1,,-0.182870253921,0.421606093645,0.27217772603,1.02108991146,0.692609608173,
3142,1,2201,197,17,1,1,0,25,1,1,1,1,0,-3.40889263153,-0.441399306059,-0.0948942229152,-3.40889263153,-0.441399306059,-0.0948942229152
3142,2,2201,197,17,1,1,0,40,1,1,1,1,,-3.27856278419,-0.788074553013,0.547946035862,-3.40889263153,-0.441399306059,-0.0948942229152
3143,1,2201,197,17,1,1,0,6,1,1,1,1,0,-1.6930423975,-0.343769550323,0.690012335777,-1.6930423975,-0.343769550323,0.690012335777
3143,2,2201,197,17,1,1,0,20,1,1,1,1,,-2.86060667038,-1.14377188683,0.139002263546,-1.6930423975,-0.343769550323,0.690012335777
3144,1,2202,197,17,0,16.5,0,35,1,1,1,1,0,-2.42418217659,-0.37971034646,0.547363162041,-2.42418217659,-0.37971034646,0.547363162041
3144,2,2202,197,17,0,16.5,0,48,1,1,1,1,,-2.2835419178,-0.511333048344,-0.0676083639264,-2.42418217659,-0.37971034646,0.547363162041
3145,1,2202,197,17,0,16.5,1,1,1,1,1,1,0,-1.57976555824,0.0912303104997,,-1.57976555824,0.0912303104997,
3145,2,2202,197,17,0,16.5,1,14,1,1,1,1,,-2.32175183296,-0.0495768934488,0.550137519836,-1.57976555824,0.0912303104997,
3146,1,2203,197,17,1,1,0,27,1,1,1,1,0,-3.71520614624,-2.44873952866,-1.64105284214,-3.71520614624,-2.44873952866,-1.64105284214
3146,2,2203,197,17,1,1,0,40,1,1,1,1,,-2.6218726635,-1.10061204433,-0.180820897222,-3.71520614624,-2.44873952866,-1.64105284214
3147,1,2203,197,17,1,1,1,6,1,1,1,1,0,-1.20503520966,-1.58785450459,,-1.20503520966,-1.58785450459,
3147,2,2203,197,17,1,1,1,19,1,1,1,1,,-2.57528376579,-1.34279429913,-1.05554652214,-1.20503520966,-1.58785450459,
3148,1,2204,197,17,0,16.5,0,72,1,0,0,,,,,,,,
3148,2,2204,197,17,0,16.5,0,72,1,0,0,,,,,,,,
3149,1,2204,197,17,0,16.5,0,35,1,1,1,1,0,-3.35303044319,-1.54278731346,-1.46064662933,-3.35303044319,-1.54278731346,-1.46064662933
3149,2,2204,197,17,0,16.5,0,48,1,1,1,1,,-2.90346860886,-1.42859554291,-2.07708883286,-3.35303044319,-1.54278731346,-1.46064662933
3150,1,2205,197,17,1,1,0,56,1,1,1,0,1,-3.35732197762,-1.33523964882,-0.285478264093,-3.35732197762,-1.33523964882,-0.285478264093
3150,2,2205,197,17,1,1,0,69,1,0,1,0,,,,,-3.35732197762,-1.33523964882,-0.285478264093
3151,1,2205,197,17,1,1,1,35,1,1,1,1,0,-3.9862613678,-1.46379613876,0.00452986266464,-3.9862613678,-1.46379613876,0.00452986266464
3151,2,2205,197,17,1,1,1,48,1,1,1,1,,-3.77971696854,-1.4414921999,-0.388706296682,-3.9862613678,-1.46379613876,0.00452986266464
3152,1,2205,197,17,1,1,1,7,1,1,1,1,0,-3.1905670166,-1.4180315733,-0.0880557447672,-3.1905670166,-1.4180315733,-0.0880557447672
3152,2,2205,197,17,1,1,1,20,1,1,1,1,,-3.51940894127,-1.86483705044,-0.473193407059,-3.1905670166,-1.4180315733,-0.0880557447672
3153,1,2206,197,17,1,1,0,45,1,1,1,1,0,-2.14863848686,-1.07901263237,-0.829518258572,-2.14863848686,-1.07901263237,-0.829518258572
3153,2,2206,197,17,1,1,0,57,1,1,1,1,,-1.76146829128,-0.729595959187,-1.53615343571,-2.14863848686,-1.07901263237,-0.829518258572
3154,1,2206,197,17,1,1,1,28,1,1,1,1,0,-2.89992952347,-1.8680883646,-0.564018905163,-2.89992952347,-1.8680883646,-0.564018905163
3154,2,2206,197,17,1,1,1,39,1,1,1,1,,-2.77706003189,-1.7484960556,-1.48302698135,-2.89992952347,-1.8680883646,-0.564018905163
3155,1,2207,198,20,1,2.25,0,56,1,1,1,1,0,-1.90921151638,-0.872456252575,0.00602110615,-1.90921151638,-0.872456252575,0.00602110615
3155,2,2207,198,20,1,2.25,0,70,1,1,1,1,,-2.03499555588,-0.986868143082,,-1.90921151638,-0.872456252575,0.00602110615
3156,1,2207,198,20,1,2.25,0,16,1,1,1,1,0,-2.03578782082,-1.23356592655,-0.330978095531,-2.03578782082,-1.23356592655,-0.330978095531
3156,2,2207,198,20,1,2.25,0,29,1,1,1,1,,-2.65153670311,-1.42103385925,-1.58455061913,-2.03578782082,-1.23356592655,-0.330978095531
3157,1,2208,198,20,1,2.25,0,11,1,1,1,1,0,-2.35637807846,-0.32904317975,0.939797699451,-2.35637807846,-0.32904317975,0.939797699451
3157,2,2208,198,20,1,2.25,0,24,1,1,1,1,,-3.26205444336,-0.745372831821,-0.614723145962,-2.35637807846,-0.32904317975,0.939797699451
3158,1,2209,198,20,1,2.25,0,22,1,1,1,1,0,-2.31669187546,-0.680301308632,0.798560857773,-2.31669187546,-0.680301308632,0.798560857773
3158,2,2209,198,20,1,2.25,0,34,1,1,1,1,,-1.68970549107,-0.802661299706,-0.00896583404392,-2.31669187546,-0.680301308632,0.798560857773
3159,1,2210,198,20,1,2.25,0,240,1,0,0,,,,,,,,
3159,2,2210,198,20,1,2.25,0,32,1,1,0,,,-2.91166138649,-1.83655190468,-0.312152385712,,,
3160,1,2211,198,20,1,2.25,1,46,1,1,1,1,0,-2.17218494415,-1.56838178635,-0.469714015722,-2.17218494415,-1.56838178635,-0.469714015722
3160,2,2211,198,20,1,2.25,1,59,1,1,1,1,,-2.30846428871,-1.06783950329,-0.839088857174,-2.17218494415,-1.56838178635,-0.469714015722
3161,1,2211,198,20,1,2.25,1,15,1,1,1,1,0,-2.28530335426,-0.375325143337,0.636173129082,-2.28530335426,-0.375325143337,0.636173129082
3161,2,2211,198,20,1,2.25,1,28,1,1,1,1,,-2.3461959362,-0.135270267725,0.524802923203,-2.28530335426,-0.375325143337,0.636173129082
3162,1,2213,198,20,1,2.25,1,8,1,1,1,0,1,-1.56440126896,-0.933738470078,0.173742726445,-1.56440126896,-0.933738470078,0.173742726445
3163,1,2214,198,20,1,2.25,0,72,1,0,0,,,,,,,,
3163,2,2214,198,20,1,2.25,0,72,1,0,0,,,,,,,,
3164,1,2214,198,20,1,2.25,1,41,1,1,1,1,0,-2.82120203972,-1.70720005035,-0.451898366213,-2.82120203972,-1.70720005035,-0.451898366213
3164,2,2214,198,20,1,2.25,1,54,1,1,1,1,,-2.8495156765,-1.99559688568,-1.58808994293,-2.82120203972,-1.70720005035,-0.451898366213
3165,1,2214,198,20,1,2.25,0,15,1,1,1,0,1,,-3.8929309845,,,-3.8929309845,
3165,2,2214,198,20,1,2.25,0,28,1,0,1,0,,,,,,-3.8929309845,
3166,1,2215,198,20,0,33,1,10,1,1,1,1,0,-3.98443317413,-2.46634793282,-1.19035506248,-3.98443317413,-2.46634793282,-1.19035506248
3166,2,2215,198,20,0,33,1,23,1,1,1,1,,-3.80325102806,-2.24267816544,-0.736194074154,-3.98443317413,-2.46634793282,-1.19035506248
3167,1,2216,198,20,0,33,0,27,1,0,0,,,,,,,,
3167,2,2216,198,20,0,33,0,40,1,1,0,,,-1.21835446358,-0.0346744060516,0.0938886031508,,,
3168,1,2217,198,20,0,33,1,42,1,1,1,1,0,-0.318462133408,0.333074897528,-0.48674762249,-0.318462133408,0.333074897528,-0.48674762249
3168,2,2217,198,20,0,33,1,55,1,1,1,1,,-0.2688395679,0.255184680223,-0.509592592716,-0.318462133408,0.333074897528,-0.48674762249
3169,1,2218,198,20,1,2.25,0,63,1,0,0,,,,,,,,
3169,2,2218,198,20,1,2.25,0,72,1,0,0,,,,,,,,
3170,1,2218,198,20,1,2.25,1,12,1,1,1,1,0,-1.48156476021,0.0651832148433,0.49254566431,-1.48156476021,0.0651832148433,0.49254566431
3170,2,2218,198,20,1,2.25,1,25,1,1,1,1,,-1.46123886108,-0.0182245932519,0.47718256712,-1.48156476021,0.0651832148433,0.49254566431
3171,1,2219,199,18,1,1.125,0,51,1,1,1,1,0,-2.01016497612,0.363033205271,0.992735683918,-2.01016497612,0.363033205271,0.992735683918
3171,2,2219,199,18,1,1.125,0,64,1,1,1,1,,-1.68959486485,0.0184136312455,,-2.01016497612,0.363033205271,0.992735683918
3172,1,2219,199,18,1,1.125,1,21,1,1,1,1,0,-0.445163786411,-0.246285185218,0.278603643179,-0.445163786411,-0.246285185218,0.278603643179
3172,2,2219,199,18,1,1.125,1,35,1,1,1,1,,-0.811237871647,-0.352970331907,-0.307197719812,-0.445163786411,-0.246285185218,0.278603643179
3173,1,2220,199,18,0,18,0,41,1,1,1,1,0,-1.92292404175,-0.941480219364,-0.407101929188,-1.92292404175,-0.941480219364,-0.407101929188
3173,2,2220,199,18,0,18,0,54,1,1,1,1,,-1.71390879154,-1.08584523201,-0.858223676682,-1.92292404175,-0.941480219364,-0.407101929188
3174,1,2221,199,18,1,1.125,1,38,1,1,1,1,0,-2.2761964798,-0.929238557816,-0.265155732632,-2.2761964798,-0.929238557816,-0.265155732632
3174,2,2221,199,18,1,1.125,1,52,1,1,1,1,,-2.23060894012,-1.24131596088,-1.57184326649,-2.2761964798,-0.929238557816,-0.265155732632
3175,1,2221,199,18,1,1.125,1,5,1,1,1,1,0,-1.81751894951,0.142192199826,,-1.81751894951,0.142192199826,
3175,2,2221,199,18,1,1.125,1,18,1,1,1,1,,-2.49938988686,-0.10527087003,1.65864038467,-1.81751894951,0.142192199826,
3176,2,2222,199,18,0,18,1,24,1,1,0,,,-0.981085062027,0.841757357121,0.92567551136,,,
3177,1,2223,199,18,1,1.125,1,38,1,1,1,1,0,-1.39073717594,-0.724840223789,-0.578489303589,-1.39073717594,-0.724840223789,-0.578489303589
3177,2,2223,199,18,1,1.125,1,51,1,1,1,1,,-1.90581023693,-0.720918178558,-0.48661890626,-1.39073717594,-0.724840223789,-0.578489303589
3178,1,2223,199,18,1,1.125,1,10,1,1,1,1,0,-2.62681293488,-0.458456575871,0.480369746685,-2.62681293488,-0.458456575871,0.480369746685
3178,2,2223,199,18,1,1.125,1,22,1,1,1,1,,-2.72546958923,-1.09190237522,0.383528530598,-2.62681293488,-0.458456575871,0.480369746685
3179,1,2224,199,18,1,1.125,0,18,1,1,1,1,0,-0.726178586483,0.244607537985,-0.13126398623,-0.726178586483,0.244607537985,-0.13126398623
3179,2,2224,199,18,1,1.125,0,31,1,1,1,1,,-1.14569938183,0.533483624458,-1.05948698521,-0.726178586483,0.244607537985,-0.13126398623
3180,1,2225,199,18,1,1.125,0,35,1,1,1,1,0,,-1.00595629215,,,-1.00595629215,
3180,2,2225,199,18,1,1.125,0,48,1,1,1,1,,-2.39083600044,-1.1021053791,-0.812887430191,,-1.00595629215,
3181,2,2225,199,18,1,1.125,1,1,1,1,0,,,-1.2727355957,-1.49086892605,,,,
3182,1,2226,199,18,1,1.125,0,64,1,0,0,,,,,,,,
3182,2,2226,199,18,1,1.125,0,72,1,0,0,,,,,,,,
3183,1,2226,199,18,1,1.125,1,10,1,1,1,1,0,-2.1607632637,-0.795924186707,0.0663783475757,-2.1607632637,-0.795924186707,0.0663783475757
3183,2,2226,199,18,1,1.125,1,23,1,1,1,1,,-2.13325119019,-0.307879954576,-0.428558081388,-2.1607632637,-0.795924186707,0.0663783475757
3184,1,2228,199,18,1,1.125,0,19,1,1,1,1,0,-1.86614632607,-0.148308426142,0.684247255325,-1.86614632607,-0.148308426142,0.684247255325
3184,2,2228,199,18,1,1.125,0,32,1,1,1,1,,-1.68723285198,0.184543594718,0.880066215992,-1.86614632607,-0.148308426142,0.684247255325
3185,1,2229,199,18,1,1.125,1,8,1,1,1,0,1,-0.972436070442,-0.578738152981,0.340599000454,-0.972436070442,-0.578738152981,0.340599000454
3186,1,2231,200,21,1,1,1,55,1,0,0,,,,,,,,
3186,2,2231,200,21,1,1,1,69,1,1,0,,,-2.01237106323,-1.52246499062,,,,
3187,1,2231,200,21,1,1,0,1,1,1,1,0,1,-0.885876238346,-0.893394351006,,-0.885876238346,-0.893394351006,
3187,2,2231,200,21,1,1,0,14,1,0,1,0,,,,,-0.885876238346,-0.893394351006,
3188,1,2233,200,21,0,9.5,1,108,1,0,0,,,,,,,,
3188,2,2233,200,21,0,9.5,1,68,1,0,0,,,,,,,,
3189,1,2234,200,21,1,1,1,40,1,1,1,1,0,-1.92129313946,-1.38710296154,-0.416211932898,-1.92129313946,-1.38710296154,-0.416211932898
3189,2,2234,200,21,1,1,1,53,1,1,1,1,,-1.99300527573,-1.05695259571,-1.17405736446,-1.92129313946,-1.38710296154,-0.416211932898
3190,1,2234,200,21,1,1,1,13,1,1,1,1,0,-2.28840279579,-1.62741649151,-0.210927098989,-2.28840279579,-1.62741649151,-0.210927098989
3190,2,2234,200,21,1,1,1,26,1,1,1,1,,-3.00190615654,-1.85128712654,-1.37876570225,-2.28840279579,-1.62741649151,-0.210927098989
3191,1,2235,200,21,1,1,0,38,1,0,0,,,,,,,,
3191,2,2235,200,21,1,1,0,50,1,1,0,,,-2.3776884079,,-0.936965882778,,,
3192,1,2235,200,21,1,1,0,6,1,1,1,1,0,-0.244639053941,-0.320020467043,-0.504900991917,-0.244639053941,-0.320020467043,-0.504900991917
3192,2,2235,200,21,1,1,0,19,1,1,1,1,,-1.35803484917,-0.861960113049,-1.36816549301,-0.244639053941,-0.320020467043,-0.504900991917
3193,1,2236,200,21,0,9.5,1,64,1,0,0,,,,,,,,
3193,2,2236,200,21,0,9.5,1,72,1,0,0,,,,,,,,
3194,1,2237,200,21,1,1,0,31,1,1,1,1,0,-2.35988235474,-0.241570025682,0.377782970667,-2.35988235474,-0.241570025682,0.377782970667
3194,2,2237,200,21,1,1,0,45,1,1,1,1,,-1.6830663681,-0.156945765018,0.376769065857,-2.35988235474,-0.241570025682,0.377782970667
3195,1,2238,200,21,1,1,0,41,1,0,0,,,,,,,,
3195,2,2238,200,21,1,1,0,52,1,1,0,,,-1.68359339237,-0.610929846764,0.206089764833,,,
3196,1,2238,200,21,1,1,1,7,1,1,1,1,0,-1.41978168488,-1.65534067154,-1.28441882133,-1.41978168488,-1.65534067154,-1.28441882133
3196,2,2238,200,21,1,1,1,20,1,1,1,1,,-2.19178080559,-0.956886172295,0.4951633811,-1.41978168488,-1.65534067154,-1.28441882133
3197,1,2239,200,21,0,9.5,1,144,1,0,0,,,,,,,,
3197,2,2239,200,21,0,9.5,1,72,1,0,0,,,,,,,,
3198,1,2241,201,19,0,34.25,1,59,1,1,1,0,1,-1.36556851864,-1.03558373451,-0.52898722887,-1.36556851864,-1.03558373451,-0.52898722887
3198,2,2241,201,19,0,34.25,1,72,1,0,1,0,,,,,-1.36556851864,-1.03558373451,-0.52898722887
3199,1,2241,201,19,0,34.25,1,16,1,0,0,,,,,,,,
3199,2,2241,201,19,0,34.25,1,29,1,1,0,,,-1.83835029602,-1.13911032677,-1.36658096313,,,
3200,1,2242,201,19,0,34.25,1,52,1,1,1,1,0,-2.73504829407,-1.18362641335,-0.59048140049,-2.73504829407,-1.18362641335,-0.59048140049
3200,2,2242,201,19,0,34.25,1,65,1,1,1,1,,-1.56449174881,-0.829908251762,,-2.73504829407,-1.18362641335,-0.59048140049
3201,1,2242,201,19,0,34.25,1,15,1,1,1,1,0,-2.17578125,-1.57979381084,-1.68469083309,-2.17578125,-1.57979381084,-1.68469083309
3201,2,2242,201,19,0,34.25,1,29,1,1,1,1,,-2.41291546822,-0.5234836936,-0.876931190491,-2.17578125,-1.57979381084,-1.68469083309
3202,2,2242,201,19,0,34.25,0,1,1,0,0,,,,,,,,
3203,1,2243,201,19,1,1.87499988079,1,16,1,1,1,1,0,-2.34591913223,-1.70251321793,-0.956920206547,-2.34591913223,-1.70251321793,-0.956920206547
3203,2,2243,201,19,1,1.87499988079,1,29,1,1,1,1,,-2.21181845665,-1.21222794056,-0.964285254478,-2.34591913223,-1.70251321793,-0.956920206547
3204,1,2244,201,19,1,1.87499988079,0,55,1,1,1,1,0,-2.16069173813,-1.58357548714,-1.62639117241,-2.16069173813,-1.58357548714,-1.62639117241
3204,2,2244,201,19,1,1.87499988079,0,68,1,1,1,1,,-2.297321558,-1.40066325665,,-2.16069173813,-1.58357548714,-1.62639117241
3205,1,2244,201,19,1,1.87499988079,0,23,1,1,1,1,0,-2.06703138351,-0.998027384281,-0.792328715324,-2.06703138351,-0.998027384281,-0.792328715324
3205,2,2244,201,19,1,1.87499988079,0,36,1,1,1,1,,-1.87043261528,-0.637178421021,-0.994255840778,-2.06703138351,-0.998027384281,-0.792328715324
3206,1,2245,201,19,1,1.87499988079,0,49,1,1,1,1,0,-2.57329678535,-1.24470758438,-1.77573609352,-2.57329678535,-1.24470758438,-1.77573609352
3206,2,2245,201,19,1,1.87499988079,0,63,1,1,1,1,,-1.94118559361,-1.96506285667,,-2.57329678535,-1.24470758438,-1.77573609352
3207,1,2245,201,19,1,1.87499988079,0,10,1,1,1,1,0,-1.21720302105,-2.30699014664,-3.11805677414,-1.21720302105,-2.30699014664,-3.11805677414
3207,2,2245,201,19,1,1.87499988079,0,24,1,1,1,1,,-1.2981647253,-0.690587162971,-1.98872566223,-1.21720302105,-2.30699014664,-3.11805677414
3208,1,2246,201,19,1,1.87499988079,0,59,1,1,1,1,0,-1.49357140064,0.33392226696,0.750361025333,-1.49357140064,0.33392226696,0.750361025333
3208,2,2246,201,19,1,1.87499988079,0,72,1,1,1,1,,-1.71530735493,-0.372325152159,,-1.49357140064,0.33392226696,0.750361025333
3209,1,2246,201,19,1,1.87499988079,1,6,1,1,1,1,0,0.427502334118,-0.109710484743,-0.0672980472445,0.427502334118,-0.109710484743,-0.0672980472445
3209,2,2246,201,19,1,1.87499988079,1,19,1,1,1,1,,-0.242783084512,,0.465614914894,0.427502334118,-0.109710484743,-0.0672980472445
3210,1,2247,201,19,1,1.87499988079,0,40,1,1,1,1,0,-2.48023247719,-0.92742484808,-0.880864858627,-2.48023247719,-0.92742484808,-0.880864858627
3210,2,2247,201,19,1,1.87499988079,0,53,1,1,1,1,,-2.29858613014,-1.25795435905,-2.21692347527,-2.48023247719,-0.92742484808,-0.880864858627
3211,1,2247,201,19,1,1.87499988079,1,23,1,1,1,1,0,-1.45579826832,-0.801112890244,-0.515545189381,-1.45579826832,-0.801112890244,-0.515545189381
3211,2,2247,201,19,1,1.87499988079,1,36,1,1,1,1,,-1.44481039047,-0.636836230755,-1.42576575279,-1.45579826832,-0.801112890244,-0.515545189381
3212,1,2248,201,19,1,1.87499988079,0,22,1,1,1,1,0,-2.7086186409,-1.01146316528,-0.385137975216,-2.7086186409,-1.01146316528,-0.385137975216
3212,2,2248,201,19,1,1.87499988079,0,35,1,1,1,1,,-2.27392864227,-1.52855455875,-1.5530513525,-2.7086186409,-1.01146316528,-0.385137975216
3213,1,2249,201,19,1,1.87499988079,1,21,1,1,1,1,0,-2.49917316437,-0.589188396931,-0.573021531105,-2.49917316437,-0.589188396931,-0.573021531105
3213,2,2249,201,19,1,1.87499988079,1,33,1,1,1,1,,-1.51779842377,0.166853770614,0.42736569047,-2.49917316437,-0.589188396931,-0.573021531105
3214,1,2249,201,19,1,1.87499988079,1,21,1,1,1,1,0,-2.51547574997,-1.28897631168,-1.30741810799,-2.51547574997,-1.28897631168,-1.30741810799
3214,2,2249,201,19,1,1.87499988079,1,33,1,1,1,1,,-2.14410090446,-0.663989722729,-1.01315927505,-2.51547574997,-1.28897631168,-1.30741810799
3215,1,2250,201,19,1,1.87499988079,1,38,1,1,1,1,0,-2.96916627884,-2.05373835564,-1.40673470497,-2.96916627884,-2.05373835564,-1.40673470497
3215,2,2250,201,19,1,1.87499988079,1,50,1,1,1,1,,-3.4442961216,-1.45774924755,-0.894858002663,-2.96916627884,-2.05373835564,-1.40673470497
3216,1,2250,201,19,1,1.87499988079,0,3,1,1,1,1,0,-3.31604290009,-0.628967583179,,-3.31604290009,-0.628967583179,
3216,2,2250,201,19,1,1.87499988079,0,15,1,1,1,1,,-2.84386253357,-0.81937289238,-0.665714561939,-3.31604290009,-0.628967583179,
3217,1,2252,202,20,1,1.5,0,65,1,0,0,,,,,,,,
3217,2,2252,202,20,1,1.5,0,72,1,0,0,,,,,,,,
3218,1,2252,202,20,1,1.5,1,18,1,1,1,1,0,-2.17223858833,-0.85740506649,-0.682846844196,-2.17223858833,-0.85740506649,-0.682846844196
3218,2,2252,202,20,1,1.5,1,31,1,1,1,1,,-2.49932646751,,0.0959124341607,-2.17223858833,-0.85740506649,-0.682846844196
3219,1,2253,202,20,1,1.5,1,54,1,1,1,0,1,-1.81331253052,-0.859742820263,-0.9430372715,-1.81331253052,-0.859742820263,-0.9430372715
3220,1,2253,202,20,1,1.5,0,6,1,1,1,0,1,-2.60413551331,-1.21131336689,-0.792236328125,-2.60413551331,-1.21131336689,-0.792236328125
3221,1,2254,202,20,1,1.5,0,48,1,1,1,1,0,-2.47428894043,-1.07416331768,-0.812887430191,-2.47428894043,-1.07416331768,-0.812887430191
3221,2,2254,202,20,1,1.5,0,61,1,1,1,1,,-2.60588097572,-1.13686096668,,-2.47428894043,-1.07416331768,-0.812887430191
3222,1,2254,202,20,1,1.5,0,11,1,1,1,1,0,-0.145451709628,0.228992268443,-0.371396124363,-0.145451709628,0.228992268443,-0.371396124363
3222,2,2254,202,20,1,1.5,0,25,1,1,1,1,,-1.85239470005,-0.621447920799,-0.354010492563,-0.145451709628,0.228992268443,-0.371396124363
3223,1,2255,202,20,1,1.5,1,61,1,0,0,,,,,,,,
3223,2,2255,202,20,1,1.5,1,72,1,0,0,,,,,,,,
3224,1,2255,202,20,1,1.5,0,2,1,1,1,1,0,-2.21193170547,-0.42587056756,,-2.21193170547,-0.42587056756,
3224,2,2255,202,20,1,1.5,0,15,1,1,1,1,,-3.23907399178,-1.47586560249,0.228895738721,-2.21193170547,-0.42587056756,
3225,1,2256,202,20,1,1.5,1,57,1,1,1,0,1,-1.13460683823,-0.54332524538,-1.70798826218,-1.13460683823,-0.54332524538,-1.70798826218
3225,2,2256,202,20,1,1.5,1,70,1,0,1,0,,,,,-1.13460683823,-0.54332524538,-1.70798826218
3226,1,2256,202,20,1,1.5,0,15,1,1,1,0,1,-0.709720373154,0.0607791617513,-0.211233317852,-0.709720373154,0.0607791617513,-0.211233317852
3226,2,2256,202,20,1,1.5,0,28,1,0,1,0,,,,,-0.709720373154,0.0607791617513,-0.211233317852
3227,1,2257,202,20,0,15.5,1,35,1,0,0,,,,,,,,
3227,2,2257,202,20,0,15.5,1,48,1,1,0,,,-1.81802999973,-1.81933963299,-2.12779974937,,,
3228,1,2258,202,20,1,1.5,0,11,1,1,1,1,0,-1.28311157227,-1.20265507698,-0.740964591503,-1.28311157227,-1.20265507698,-0.740964591503
3228,2,2258,202,20,1,1.5,0,26,1,1,1,1,,-3.63901758194,0.0916050821543,-0.756662487984,-1.28311157227,-1.20265507698,-0.740964591503
3229,1,2259,202,20,0,15.5,1,42,1,1,1,1,0,-1.60972452164,-0.230687454343,0.0350643619895,-1.60972452164,-0.230687454343,0.0350643619895
3229,2,2259,202,20,0,15.5,1,55,1,1,1,1,,-1.43865942955,-0.259847342968,-0.00171333993785,-1.60972452164,-0.230687454343,0.0350643619895
3230,1,2259,202,20,0,15.5,0,18,1,1,1,1,0,-1.57889604568,0.574858546257,0.968139827251,-1.57889604568,0.574858546257,0.968139827251
3230,2,2259,202,20,0,15.5,0,31,1,1,1,1,,-2.09969949722,-0.477418273687,0.137255445123,-1.57889604568,0.574858546257,0.968139827251
3231,1,2260,202,20,0,15.5,0,26,1,1,1,1,0,-1.68670582771,-2.18222284317,-1.12172687054,-1.68670582771,-2.18222284317,-1.12172687054
3231,2,2260,202,20,0,15.5,0,39,1,1,1,1,,-1.96758365631,-1.99539875984,-2.12699007988,-1.68670582771,-2.18222284317,-1.12172687054
3232,2,2260,202,20,0,15.5,0,1,1,1,0,,,0.552568078041,1.38264620304,,,,
3233,1,2262,202,20,1,1.5,0,54,1,1,1,1,0,-1.29487729073,-0.902856945992,-1.01937460899,-1.29487729073,-0.902856945992,-1.01937460899
3233,2,2262,202,20,1,1.5,0,65,1,1,1,1,,-0.80375701189,-1.47407448292,,-1.29487729073,-0.902856945992,-1.01937460899
3234,1,2262,202,20,1,1.5,0,15,1,1,1,1,0,-2.40912771225,0.0957344025373,0.486466348171,-2.40912771225,0.0957344025373,0.486466348171
3234,2,2262,202,20,1,1.5,0,28,1,1,1,1,,-3.040569067,-0.181185632944,1.20211958885,-2.40912771225,0.0957344025373,0.486466348171
3235,2,2262,202,20,1,1.5,1,10,1,1,0,,,-1.16787743568,-0.285523623228,-0.104033231735,,,
3236,1,2263,202,20,1,1.5,1,19,1,1,1,1,0,-1.93300068378,-0.237142696977,0.626196026802,-1.93300068378,-0.237142696977,0.626196026802
3236,2,2263,202,20,1,1.5,1,32,1,1,1,1,,-2.16241121292,-0.25398978591,0.582759082317,-1.93300068378,-0.237142696977,0.626196026802
3237,1,2264,203,21,1,2.5,1,50,1,1,1,1,0,-0.53643655777,0.411379009485,0.03588725999,-0.53643655777,0.411379009485,0.03588725999
3237,2,2264,203,21,1,2.5,1,63,1,1,1,1,,-0.629347622395,-0.0893797874451,,-0.53643655777,0.411379009485,0.03588725999
3238,1,2264,203,21,1,2.5,1,31,1,1,1,1,0,-2.26177477837,-0.613186717033,0.0959124341607,-2.26177477837,-0.613186717033,0.0959124341607
3238,2,2264,203,21,1,2.5,1,45,1,1,1,1,,-2.08287906647,-1.25773882866,-0.436899393797,-2.26177477837,-0.613186717033,0.0959124341607
3239,2,2264,203,21,1,2.5,0,5,1,1,0,,,-0.83002281189,-0.890737354755,,,,
3240,1,2265,203,21,1,2.5,0,48,1,1,1,1,0,-2.85578083992,-1.10770702362,-1.66664528847,-2.85578083992,-1.10770702362,-1.66664528847
3240,2,2265,203,21,1,2.5,0,61,1,1,1,1,,-2.35541510582,-1.00924682617,,-2.85578083992,-1.10770702362,-1.66664528847
3241,1,2265,203,21,1,2.5,1,5,1,1,1,1,0,-0.712602138519,-0.485400021076,,-0.712602138519,-0.485400021076,
3241,2,2265,203,21,1,2.5,1,18,1,1,1,1,,-1.96561837196,-1.65500068665,-0.547957956791,-0.712602138519,-0.485400021076,
3242,1,2266,203,21,1,2.5,0,12,1,1,1,1,0,-4.54449272156,-2.81728506088,-0.863788127899,-4.54449272156,-2.81728506088,-0.863788127899
3242,2,2266,203,21,1,2.5,0,25,1,1,1,1,,-4.47712230682,-3.44565272331,-1.21348524094,-4.54449272156,-2.81728506088,-0.863788127899
3243,1,2267,203,21,1,2.5,1,16,1,1,1,1,0,-1.5765324831,0.273798376322,0.518268942833,-1.5765324831,0.273798376322,0.518268942833
3243,2,2267,203,21,1,2.5,1,29,1,1,1,1,,-1.24942016602,0.543765366077,0.657573580742,-1.5765324831,0.273798376322,0.518268942833
3244,1,2268,203,21,1,2.5,1,23,1,1,1,1,0,-1.50306284428,-0.414239287376,0.323570787907,-1.50306284428,-0.414239287376,0.323570787907
3244,2,2268,203,21,1,2.5,1,37,1,1,1,1,,-1.61967015266,-0.0764594599605,0.373834848404,-1.50306284428,-0.414239287376,0.323570787907
3245,1,2269,203,21,1,2.5,0,36,1,0,0,,,,,,,,
3245,2,2269,203,21,1,2.5,0,50,1,1,0,,,-2.29567933083,-1.48895692825,-1.84013688564,,,
3246,1,2269,203,21,1,2.5,0,8,1,1,1,1,0,-1.58665370941,-1.87487375736,-1.37452602386,-1.58665370941,-1.87487375736,-1.37452602386
3246,2,2269,203,21,1,2.5,0,21,1,1,1,1,,-2.32583713531,-1.24286222458,-1.16466927528,-1.58665370941,-1.87487375736,-1.37452602386
3247,1,2270,203,21,0,22.75,1,52,1,1,1,1,0,-2.62295055389,-1.03435564041,-1.10643219948,-2.62295055389,-1.03435564041,-1.10643219948
3247,2,2270,203,21,0,22.75,1,65,1,1,1,1,,-2.21724653244,-1.15136039257,,-2.62295055389,-1.03435564041,-1.10643219948
3248,1,2271,203,21,0,22.75,1,20,1,1,1,1,0,-2.37432813644,-1.04587352276,-1.44228208065,-2.37432813644,-1.04587352276,-1.44228208065
3248,2,2271,203,21,0,22.75,1,33,1,1,1,1,,-2.43002200127,-1.2881538868,-1.05617916584,-2.37432813644,-1.04587352276,-1.44228208065
3249,1,2273,203,21,1,2.5,1,48,1,1,1,1,0,-1.89928293228,-1.4939841032,-1.45925760269,-1.89928293228,-1.4939841032,-1.45925760269
3249,2,2273,203,21,1,2.5,1,62,1,1,1,1,,-1.84685909748,-1.32706463337,,-1.89928293228,-1.4939841032,-1.45925760269
3250,2,2273,203,21,1,2.5,1,12,1,1,0,,,-1.94758617878,-1.47630465031,-0.709443390369,,,
3251,1,2274,203,21,0,22.75,1,31,1,1,1,1,0,-2.14998531342,-0.736522257328,-0.801926255226,-2.14998531342,-0.736522257328,-0.801926255226
3251,2,2274,203,21,0,22.75,1,44,1,1,1,1,,-2.09897494316,-1.19686555862,-1.06013000011,-2.14998531342,-0.736522257328,-0.801926255226
3252,2,2274,203,21,0,22.75,0,8,1,1,0,,,-1.26926696301,-0.955506742001,-0.0989247485995,,,
3253,1,2275,203,21,1,2.5,0,30,1,1,1,1,0,-1.99187278748,-1.22336935997,-2.26072525978,-1.99187278748,-1.22336935997,-2.26072525978
3253,2,2275,203,21,1,2.5,0,44,1,1,1,1,,-2.35868930817,-1.80466675758,-2.42872262001,-1.99187278748,-1.22336935997,-2.26072525978
3254,1,2275,203,21,1,2.5,1,55,1,1,1,1,0,-4.7622551918,-2.58489990234,-1.81312429905,-4.7622551918,-2.58489990234,-1.81312429905
3254,2,2275,203,21,1,2.5,1,70,1,1,1,1,,-4.40001821518,-2.9076051712,,-4.7622551918,-2.58489990234,-1.81312429905
3255,1,2276,204,19,1,1,1,42,1,0,0,,,,,,,,
3255,2,2276,204,19,1,1,1,55,1,1,0,,,-1.55892014503,-0.361591458321,-0.0678584873676,,,
3256,1,2276,204,19,1,1,0,18,1,1,1,1,0,-2.32038855553,-1.50525164604,-0.57967799902,-2.32038855553,-1.50525164604,-0.57967799902
3256,2,2276,204,19,1,1,0,31,1,1,1,1,,-2.44661068916,-1.20011615753,-0.108602508903,-2.32038855553,-1.50525164604,-0.57967799902
3257,1,2278,204,19,1,1,1,35,1,1,1,1,0,-1.2097761631,-0.340897768736,-0.386634737253,-1.2097761631,-0.340897768736,-0.386634737253
3257,2,2278,204,19,1,1,1,51,1,1,1,1,,-1.51011347771,-0.657958865166,-0.274450182915,-1.2097761631,-0.340897768736,-0.386634737253
3258,1,2278,204,19,1,1,0,1,1,1,1,1,0,0.0902120396495,-0.0853675752878,,0.0902120396495,-0.0853675752878,
3258,2,2278,204,19,1,1,0,14,1,1,1,1,,-2.0585744381,-2.31235218048,-2.09631800652,0.0902120396495,-0.0853675752878,
3259,1,2280,204,19,0,9.75,1,44,1,1,1,1,0,0.553132474422,0.0617359466851,-1.42615425587,0.553132474422,0.0617359466851,-1.42615425587
3259,2,2280,204,19,0,9.75,1,57,1,1,1,1,,0.371690064669,-0.145936250687,-1.32624304295,0.553132474422,0.0617359466851,-1.42615425587
3260,1,2280,204,19,0,9.75,1,5,1,1,1,1,0,-0.847897708416,-0.141219779849,,-0.847897708416,-0.141219779849,
3260,2,2280,204,19,0,9.75,1,18,1,1,1,1,,-1.98283779621,-0.385680705309,0.101704068482,-0.847897708416,-0.141219779849,
3261,1,2281,204,19,1,1,1,4,1,1,1,1,0,-0.226339995861,0.193831920624,,-0.226339995861,0.193831920624,
3261,2,2281,204,19,1,1,1,17,1,1,1,1,,-2.71004080772,-1.20995998383,-0.725766539574,-0.226339995861,0.193831920624,
3262,1,2282,204,19,1,1,0,66,1,0,0,,,,,,,,
3262,2,2282,204,19,1,1,0,72,1,0,0,,,,,,,,
3263,1,2282,204,19,1,1,0,40,1,1,1,1,0,-0.767683923244,0.39786067605,,-0.767683923244,0.39786067605,
3263,2,2282,204,19,1,1,0,53,1,1,1,1,,-0.928177237511,-0.152789354324,-0.369617074728,-0.767683923244,0.39786067605,
3264,1,2282,204,19,1,1,0,13,1,1,1,1,0,-0.832065105438,-0.774689614773,0.879951775074,-0.832065105438,-0.774689614773,0.879951775074
3264,2,2282,204,19,1,1,0,26,1,1,1,1,,-1.37181663513,-0.946158349514,-0.57824999094,-0.832065105438,-0.774689614773,0.879951775074
3265,1,2283,204,19,0,9.75,0,59,1,1,1,1,0,-1.47182178497,-0.875250220299,-0.804287970066,-1.47182178497,-0.875250220299,-0.804287970066
3265,2,2283,204,19,0,9.75,0,72,1,1,1,1,,-1.18757688999,-0.972248673439,,-1.47182178497,-0.875250220299,-0.804287970066
3266,1,2284,204,19,1,1,1,15,1,1,1,1,0,-2.12102293968,0.385754495859,1.18152248859,-2.12102293968,0.385754495859,1.18152248859
3266,2,2284,204,19,1,1,1,28,1,1,1,1,,-1.45731008053,-0.0692010447383,1.15596818924,-2.12102293968,0.385754495859,1.18152248859
3267,1,2285,205,20,1,1.125,0,48,1,0,0,,,,,,,,
3267,2,2285,205,20,1,1.125,0,60,1,1,0,,,-1.63228356838,-0.170314654708,-0.595720231533,,,
3268,1,2285,205,20,1,1.125,1,10,1,1,1,1,0,-1.2286670208,-0.667482852936,0.233996808529,-1.2286670208,-0.667482852936,0.233996808529
3268,2,2285,205,20,1,1.125,1,23,1,1,1,1,,-1.73938345909,-0.577187418938,-0.428558081388,-1.2286670208,-0.667482852936,0.233996808529
3269,1,2286,205,20,1,1.125,1,23,1,1,1,1,0,-3.28334522247,-2.42737627029,-2.31951951981,-3.28334522247,-2.42737627029,-2.31951951981
3269,2,2286,205,20,1,1.125,1,36,1,1,1,1,,-2.74478745461,-1.79061365128,-1.78219509125,-3.28334522247,-2.42737627029,-2.31951951981
3270,1,2288,205,20,1,1.125,0,10,1,1,1,1,0,-1.43603026867,-0.476971745491,-0.613779723644,-1.43603026867,-0.476971745491,-0.613779723644
3270,2,2288,205,20,1,1.125,0,23,1,1,1,1,,-1.31580889225,0.295648932457,1.45427548885,-1.43603026867,-0.476971745491,-0.613779723644
3271,1,2289,205,20,1,1.125,1,27,1,1,1,1,0,-2.80459165573,-1.09957051277,0.154167830944,-2.80459165573,-1.09957051277,0.154167830944
3271,2,2289,205,20,1,1.125,1,40,1,1,1,1,,-2.90086579323,-1.06757593155,0.816004276276,-2.80459165573,-1.09957051277,0.154167830944
3272,1,2289,205,20,1,1.125,1,12,1,1,1,1,0,-2.02525544167,-1.17812645435,-0.709443390369,-2.02525544167,-1.17812645435,-0.709443390369
3272,2,2289,205,20,1,1.125,1,25,1,1,1,1,,-2.34584093094,-0.92391371727,1.12393224239,-2.02525544167,-1.17812645435,-0.709443390369
3273,1,2290,205,20,1,1.125,1,13,1,1,1,1,0,-1.96515834332,-2.02122926712,-1.30838370323,-1.96515834332,-2.02122926712,-1.30838370323
3273,2,2290,205,20,1,1.125,1,26,1,1,1,1,,-1.51539635658,-1.33081138134,-1.33234846592,-1.96515834332,-2.02122926712,-1.30838370323
3274,1,2290,205,20,1,1.125,0,13,1,1,1,1,0,-2.87245202065,-1.83304607868,-1.96610915661,-2.87245202065,-1.83304607868,-1.96610915661
3274,2,2290,205,20,1,1.125,0,26,1,1,1,1,,-1.04118204117,-0.0878628790379,-0.57824999094,-2.87245202065,-1.83304607868,-1.96610915661
3275,1,2292,205,20,0,11.25,1,64,1,0,0,,,,,,,,
3275,2,2292,205,20,0,11.25,1,72,1,1,0,,,-1.68459010124,-0.760367751122,,,,
3276,2,2292,205,20,0,11.25,0,7,1,1,0,,,-1.91817426682,-0.402414411306,0.567424952984,,,
3277,1,2293,205,20,1,1.125,0,62,1,0,0,,,,,,,,
3277,2,2293,205,20,1,1.125,0,72,1,1,0,,,-2.75047135353,-2.04609656334,,,,
3278,1,2293,205,20,1,1.125,1,5,1,1,1,1,0,0.595257043839,0.935418903828,,0.595257043839,0.935418903828,
3278,2,2293,205,20,1,1.125,1,18,1,1,1,1,,-0.415962427855,-0.385680705309,-1.05119085312,0.595257043839,0.935418903828,
3279,1,2294,205,20,1,1.125,1,68,1,0,0,,,,,,,,
3279,2,2294,205,20,1,1.125,1,72,1,0,0,,,,,,,,
3280,1,2294,205,20,1,1.125,1,8,1,1,1,1,0,-1.18385314941,-0.347648829222,-0.16839812696,-1.18385314941,-0.347648829222,-0.16839812696
3280,2,2294,205,20,1,1.125,1,21,1,1,1,1,,-2.46657037735,-0.925400316715,-1.11901545525,-1.18385314941,-0.347648829222,-0.16839812696
3281,1,2295,205,20,1,1.125,0,20,1,1,1,1,0,-1.51019108295,-0.0166819691658,0.643528997898,-1.51019108295,-0.0166819691658,0.643528997898
3281,2,2295,205,20,1,1.125,0,33,1,1,1,1,,-1.81646311283,0.161123767495,0.0646628811955,-1.51019108295,-0.0166819691658,0.643528997898
3282,2,2300,206,21,0,30.5000019073,0,72,1,0,0,,,,,,,,
3283,2,2300,206,21,0,30.5000019073,0,41,1,1,0,,,-3.15884780884,-1.04179799557,-0.167108312249,,,
3284,1,2301,206,21,1,3.49999976158,1,8,1,1,1,1,0,-2.81176400185,-2.00466561317,-1.66356694698,-2.81176400185,-2.00466561317,-1.66356694698
3284,2,2301,206,21,1,3.49999976158,1,21,1,1,1,1,,-2.61328673363,-1.94980096817,-1.79346108437,-2.81176400185,-2.00466561317,-1.66356694698
3285,1,2302,206,21,1,3.49999976158,1,21,1,1,1,1,0,-2.17314004898,-0.395545631647,-1.02604687214,-2.17314004898,-0.395545631647,-1.02604687214
3285,2,2302,206,21,1,3.49999976158,1,34,1,1,1,1,,-1.96158707142,-0.136790156364,-0.189109668136,-2.17314004898,-0.395545631647,-1.02604687214
3286,1,2302,206,21,1,3.49999976158,0,4,1,1,1,1,0,-2.87682366371,-1.65542125702,,-2.87682366371,-1.65542125702,
3286,2,2302,206,21,1,3.49999976158,0,17,1,1,1,1,,-4.47712230682,-3.44565272331,-2.95972418785,-2.87682366371,-1.65542125702,
3287,1,2303,206,21,1,3.49999976158,0,17,1,1,1,1,0,-2.02557611465,0.0654549971223,0.84068775177,-2.02557611465,0.0654549971223,0.84068775177
3287,2,2303,206,21,1,3.49999976158,0,30,1,1,1,1,,-1.91845536232,0.101478621364,0.536590754986,-2.02557611465,0.0654549971223,0.84068775177
3288,1,2304,206,21,1,3.49999976158,0,51,1,1,1,1,0,-1.33655571938,-0.557138025761,-0.636097192764,-1.33655571938,-0.557138025761,-0.636097192764
3288,2,2304,206,21,1,3.49999976158,0,64,1,1,1,1,,-1.50811421871,-0.589967906475,,-1.33655571938,-0.557138025761,-0.636097192764
3289,1,2304,206,21,1,3.49999976158,0,23,1,1,1,1,0,-3.06866168976,-1.37746059895,-1.16301906109,-3.06866168976,-1.37746059895,-1.16301906109
3289,2,2304,206,21,1,3.49999976158,0,36,1,1,1,1,,-2.73368644714,-1.16718435287,-1.35113930702,-3.06866168976,-1.37746059895,-1.16301906109
3290,1,2305,206,21,1,3.49999976158,1,672,1,0,0,,,,,,,,
3290,2,2305,206,21,1,3.49999976158,1,70,1,1,0,,,-2.89752984047,-1.38741290569,,,,
3291,1,2305,206,21,1,3.49999976158,0,228,1,0,0,,,,,,,,
3291,2,2305,206,21,1,3.49999976158,0,31,1,1,0,,,-3.03924894333,-0.517403841019,0.651942610741,,,
3292,2,2305,206,21,1,3.49999976158,0,1,1,1,0,,,-3.45452737808,-2.40325307846,,,,
3293,1,2306,206,21,1,3.49999976158,1,96,1,0,0,,,,,,,,
3293,2,2306,206,21,1,3.49999976158,1,68,1,1,0,,,-1.32569301128,-1.27055048943,,,,
3294,1,2306,206,21,1,3.49999976158,0,240,1,0,0,,,,,,,,
3294,2,2306,206,21,1,3.49999976158,0,33,1,1,0,,,-2.25155282021,-0.597111821175,0.0646628811955,,,
3295,1,2307,206,21,1,3.49999976158,1,38,1,0,0,,,,,,,,
3295,2,2307,206,21,1,3.49999976158,1,52,1,1,0,,,-2.76867794991,-1.97816240788,-2.06075143814,,,
3296,1,2307,206,21,1,3.49999976158,0,13,1,1,1,1,0,-2.81062150002,-1.71074390411,-2.27387285233,-2.81062150002,-1.71074390411,-2.27387285233
3296,2,2307,206,21,1,3.49999976158,0,26,1,1,1,1,,-2.86754012108,-1.51279580593,-1.2615647316,-2.81062150002,-1.71074390411,-2.27387285233
3297,1,2308,206,21,1,3.49999976158,1,44,1,1,1,1,0,-2.47267985344,-0.734770417213,-0.478478193283,-2.47267985344,-0.734770417213,-0.478478193283
3297,2,2308,206,21,1,3.49999976158,1,57,1,1,1,1,,-2.27508926392,-0.945523500443,-0.6758005023,-2.47267985344,-0.734770417213,-0.478478193283
3298,1,2308,206,21,1,3.49999976158,0,1,1,1,1,1,0,-0.603324949741,-1.05986464024,,-0.603324949741,-1.05986464024,
3298,2,2308,206,21,1,3.49999976158,0,13,1,1,1,1,,-0.522918999195,0.613790869713,1.73034155369,-0.603324949741,-1.05986464024,
3299,1,2309,207,17,1,1.125,1,23,1,1,1,1,0,-2.99975991249,-1.04153847694,-0.603253126144,-2.99975991249,-1.04153847694,-0.603253126144
3299,2,2309,207,17,1,1.125,1,37,1,1,1,1,,-3.20302700996,-0.765304863453,-0.227274373174,-2.99975991249,-1.04153847694,-0.603253126144
3300,1,2309,207,17,1,1.125,0,7,1,1,1,1,0,-4.7622551918,-3.5581946373,-1.19725441933,-4.7622551918,-3.5581946373,-1.19725441933
3300,2,2309,207,17,1,1.125,0,19,1,1,1,1,,-3.37233304977,-2.32633733749,-1.81053352356,-4.7622551918,-3.5581946373,-1.19725441933
3301,1,2310,207,17,1,1.125,0,48,1,1,1,0,1,-2.4504442215,-1.49334836006,-0.571062505245,-2.4504442215,-1.49334836006,-0.571062505245
3301,2,2310,207,17,1,1.125,0,61,1,0,1,0,,,,,-2.4504442215,-1.49334836006,-0.571062505245
3302,1,2310,207,17,1,1.125,0,23,1,1,1,1,0,-2.48437738419,-1.8012239933,-0.792328715324,-2.48437738419,-1.8012239933,-0.792328715324
3302,2,2310,207,17,1,1.125,0,36,1,1,1,1,,-2.57182455063,-1.62160336971,-1.08236443996,-2.48437738419,-1.8012239933,-0.792328715324
3303,1,2311,207,17,1,1.125,1,21,1,1,1,1,0,-2.2220454216,-0.459447622299,0.278603643179,-2.2220454216,-0.459447622299,0.278603643179
3303,2,2311,207,17,1,1.125,1,34,1,1,1,1,,-2.04226303101,-1.09312343597,-1.13723707199,-2.2220454216,-0.459447622299,0.278603643179
3304,1,2312,207,17,1,1.125,1,564,1,0,0,,,,,,,,
3304,2,2312,207,17,1,1.125,1,60,1,0,0,,,,,,,,
3305,1,2312,207,17,1,1.125,1,240,1,0,0,,,,,,,,
3305,2,2312,207,17,1,1.125,1,33,1,1,0,,,-2.22579312325,-0.790615677834,-0.109189279377,,,
3306,1,2313,207,17,1,1.125,0,16,1,1,1,1,0,-1.72623813152,-0.755031526089,-0.695740282536,-1.72623813152,-0.755031526089,-0.695740282536
3306,2,2313,207,17,1,1.125,0,29,1,1,1,1,,-3.02466487885,-1.15491294861,1.23028945923,-1.72623813152,-0.755031526089,-0.695740282536
3307,1,2314,207,17,1,1.125,0,44,1,1,1,1,0,-2.5070745945,-1.36878108978,-0.806991875172,-2.5070745945,-1.36878108978,-0.806991875172
3307,2,2314,207,17,1,1.125,0,56,1,1,1,1,,-2.07630109787,-1.1049169302,-1.51685488224,-2.5070745945,-1.36878108978,-0.806991875172
3308,1,2314,207,17,1,1.125,1,4,1,1,1,1,0,0.0277670752257,-0.685856878757,,0.0277670752257,-0.685856878757,
3308,2,2314,207,17,1,1.125,1,18,1,1,1,1,,-2.00005459785,-2.09762644768,-1.77821588516,0.0277670752257,-0.685856878757,
3309,1,2315,207,17,1,1.125,0,156,1,0,0,,,,,,,,
3309,2,2315,207,17,1,1.125,0,26,1,1,0,,,-2.47392868996,-2.41760635376,-2.86471509933,,,
3310,1,2316,207,17,1,1.125,1,10,1,1,1,1,0,-0.762617409229,-1.42793834209,-1.57929396629,-0.762617409229,-1.42793834209,-1.57929396629
3310,2,2316,207,17,1,1.125,1,23,1,1,1,1,,-1.72362780571,-0.744395792484,-0.214177727699,-0.762617409229,-1.42793834209,-1.57929396629
3311,1,2317,207,17,0,20.25,0,72,1,0,0,,,,,,,,
3311,2,2317,207,17,0,20.25,0,72,1,0,0,,,,,,,,
3312,1,2317,207,17,0,20.25,0,13,1,1,1,1,0,-0.790845811367,0.605105161667,0.71223372221,-0.790845811367,0.605105161667,0.71223372221
3312,2,2317,207,17,0,20.25,0,26,1,1,1,1,,-0.867992043495,-0.249859064817,-0.534063637257,-0.790845811367,0.605105161667,0.71223372221
3313,1,2320,207,17,0,20.25,1,43,1,1,1,1,0,-4.7622551918,-1.41551733017,-0.220544338226,-4.7622551918,-1.41551733017,-0.220544338226
3313,2,2320,207,17,0,20.25,1,56,1,1,1,1,,-3.1293182373,-1.40981388092,-1.26086902618,-4.7622551918,-1.41551733017,-0.220544338226
3314,1,2321,208,17,1,1.125,0,29,1,1,1,1,0,-1.97990620136,0.20747590065,0.696957170963,-1.97990620136,0.20747590065,0.696957170963
3314,2,2321,208,17,1,1.125,0,42,1,1,1,1,,-1.56402170658,0.187108784914,-0.0361677818,-1.97990620136,0.20747590065,0.696957170963
3315,2,2321,208,17,1,1.125,1,10,1,1,0,,,-2.05944824219,-1.47528707981,-0.861555635929,,,
3316,1,2323,208,17,1,1.125,0,53,1,1,1,1,0,-2.24148583412,-0.812349081039,-0.369617074728,-2.24148583412,-0.812349081039,-0.369617074728
3316,2,2323,208,17,1,1.125,0,66,1,1,1,1,,-2.3729121685,-1.31936132908,,-2.24148583412,-0.812349081039,-0.369617074728
3317,1,2323,208,17,1,1.125,1,12,1,1,1,0,1,-1.36505782604,-0.0623212344944,0.653326451778,-1.36505782604,-0.0623212344944,0.653326451778
3317,2,2323,208,17,1,1.125,1,25,1,0,1,0,,,,,-1.36505782604,-0.0623212344944,0.653326451778
3318,1,2324,208,17,1,1.125,1,24,1,1,1,1,0,-4.09608602524,-2.27970075607,-2.07588028908,-4.09608602524,-2.27970075607,-2.07588028908
3318,2,2324,208,17,1,1.125,1,37,1,1,1,1,,-2.90452480316,-1.03984439373,-2.95972418785,-4.09608602524,-2.27970075607,-2.07588028908
3319,1,2326,208,17,0,24.25,0,53,1,1,1,0,1,,-1.07832825184,-1.50137650967,,-1.07832825184,-1.50137650967
3319,2,2326,208,17,0,24.25,0,66,1,0,1,0,,,,,,-1.07832825184,-1.50137650967
3320,1,2327,208,17,0,24.25,1,19,1,1,1,1,0,-1.86539304256,-0.881526648998,-0.202617183328,-1.86539304256,-0.881526648998,-0.202617183328
3320,2,2327,208,17,0,24.25,1,32,1,1,1,1,,-1.99693548679,-0.129656404257,-0.185954347253,-1.86539304256,-0.881526648998,-0.202617183328
3321,1,2328,208,17,1,1.125,0,47,1,1,1,1,0,-3.75594449043,-1.78879606724,-0.235066860914,-3.75594449043,-1.78879606724,-0.235066860914
3321,2,2328,208,17,1,1.125,0,61,1,1,1,1,,-3.18304610252,-1.49321746826,,-3.75594449043,-1.78879606724,-0.235066860914
3322,1,2328,208,17,1,1.125,0,8,1,1,1,1,0,-2.49346709251,-0.700969159603,1.33843481541,-2.49346709251,-0.700969159603,1.33843481541
3322,2,2328,208,17,1,1.125,0,20,1,1,1,1,,-3.16266989708,-0.674157321453,1.67297637463,-2.49346709251,-0.700969159603,1.33843481541
3323,2,2328,208,17,1,1.125,1,1,1,1,0,,,-1.4262496233,0.159851491451,,,,
3324,1,2329,208,17,1,1.125,1,51,1,1,1,1,0,-1.64578235149,-1.41556513309,-0.851025462151,-1.64578235149,-1.41556513309,-0.851025462151
3324,2,2329,208,17,1,1.125,1,62,1,1,1,1,,-1.87807106972,-1.13301718235,,-1.64578235149,-1.41556513309,-0.851025462151
3325,1,2329,208,17,1,1.125,0,1,1,1,1,1,0,-2.96648335457,-2.27455210686,,-2.96648335457,-2.27455210686,
3325,2,2329,208,17,1,1.125,0,13,1,1,1,1,,-1.67707121372,-0.430162757635,1.12798380852,-2.96648335457,-2.27455210686,
3326,1,2330,208,17,1,1.125,0,51,1,1,1,1,0,,-0.0585370883346,-0.479442179203,,-0.0585370883346,-0.479442179203
3326,2,2330,208,17,1,1.125,0,64,1,1,1,1,,-0.38721254468,0.113605238497,,,-0.0585370883346,-0.479442179203
3327,1,2330,208,17,1,1.125,0,12,1,1,1,1,0,-2.20886874199,-1.05911409855,-0.584044873714,-2.20886874199,-1.05911409855,-0.584044873714
3327,2,2330,208,17,1,1.125,0,25,1,1,1,1,,-2.51029706001,-0.993323504925,0.242098107934,-2.20886874199,-1.05911409855,-0.584044873714
3328,1,2331,208,17,1,1.125,0,14,1,1,1,1,0,-1.3117903471,-0.591242611408,0.684313118458,-1.3117903471,-0.591242611408,0.684313118458
3328,2,2331,208,17,1,1.125,0,27,1,1,1,1,,-2.13883185387,-0.509007155895,-0.106070026755,-1.3117903471,-0.591242611408,0.684313118458
3329,1,2332,208,17,1,1.125,0,23,1,1,1,1,0,-1.6830726862,0.408743321896,0.75014179945,-1.6830726862,0.408743321896,0.75014179945
3329,2,2332,208,17,1,1.125,0,36,1,1,1,1,,-1.74903619289,-0.247270420194,-0.480420023203,-1.6830726862,0.408743321896,0.75014179945
3330,2,2332,208,17,1,1.125,0,3,1,1,0,,,0.0835464149714,1.38264620304,,,,
3331,1,2333,209,22,1,3.125,1,9,1,1,1,1,0,-0.369866162539,0.979954600334,0.922815144062,-0.369866162539,0.979954600334,0.922815144062
3331,2,2333,209,22,1,3.125,1,22,1,1,1,1,,-1.15505468845,0.0286320839077,0.01437171828,-0.369866162539,0.979954600334,0.922815144062
3332,2,2334,209,22,0,29.5,1,1,1,0,0,,,,,,,,
3333,1,2335,209,22,1,3.125,0,45,1,1,1,1,0,-3.64336872101,-0.172332137823,1.575745821,-3.64336872101,-0.172332137823,1.575745821
3333,2,2335,209,22,1,3.125,0,58,1,1,1,1,,-2.90882110596,-0.0823505744338,1.30694198608,-3.64336872101,-0.172332137823,1.575745821
3334,1,2335,209,22,1,3.125,0,9,1,1,1,1,0,0.749490380287,0.981952309608,0.333817660809,0.749490380287,0.981952309608,0.333817660809
3334,2,2335,209,22,1,3.125,0,22,1,1,1,1,,-0.970511972904,0.623970031738,0.0933862552047,0.749490380287,0.981952309608,0.333817660809
3335,1,2336,209,22,1,3.125,1,4,1,1,1,1,0,-1.2196611166,-1.73605084419,,-1.2196611166,-1.73605084419,
3335,2,2336,209,22,1,3.125,1,17,1,1,1,1,,-3.27163124084,-2.82958889008,-1.82800614834,-1.2196611166,-1.73605084419,
3336,1,2337,209,22,0,29.5,0,50,1,1,1,1,0,-2.64715361595,-2.0391933918,-1.52935695648,-2.64715361595,-2.0391933918,-1.52935695648
3336,2,2337,209,22,0,29.5,0,62,1,1,1,1,,-2.54198789597,-1.93662798405,,-2.64715361595,-2.0391933918,-1.52935695648
3337,1,2337,209,22,0,29.5,1,28,1,1,1,1,0,-1.32616138458,-1.18935513496,-0.909652233124,-1.32616138458,-1.18935513496,-0.909652233124
3337,2,2337,209,22,0,29.5,1,41,1,1,1,1,,-2.10046267509,-1.26779401302,-0.883667886257,-1.32616138458,-1.18935513496,-0.909652233124
3338,1,2338,209,22,0,29.5,1,47,1,1,1,1,0,-4.20217847824,-2.33485865593,-0.576433598995,-4.20217847824,-2.33485865593,-0.576433598995
3338,2,2338,209,22,0,29.5,1,60,1,1,1,1,,-3.94676589966,-2.74907517433,-1.29585468769,-4.20217847824,-2.33485865593,-0.576433598995
3339,1,2338,209,22,0,29.5,0,29,1,1,1,1,0,-4.62165498734,-2.48314905167,-0.891414880753,-4.62165498734,-2.48314905167,-0.891414880753
3339,2,2338,209,22,0,29.5,0,42,1,1,1,1,,-4.2373418808,-2.2829554081,-0.635948956013,-4.62165498734,-2.48314905167,-0.891414880753
3340,1,2339,209,22,1,3.125,0,57,1,1,1,1,0,-1.88302886486,-1.52661538124,-1.75138664246,-1.88302886486,-1.52661538124,-1.75138664246
3340,2,2339,209,22,1,3.125,0,70,1,1,1,1,,-1.72680902481,-1.37853491306,,-1.88302886486,-1.52661538124,-1.75138664246
3341,1,2339,209,22,1,3.125,1,32,1,1,1,1,0,-1.63839864731,-1.80181801319,-2.10858607292,-1.63839864731,-1.80181801319,-2.10858607292
3341,2,2339,209,22,1,3.125,1,45,1,1,1,1,,-1.54567313194,-1.31705510616,-1.2512960434,-1.63839864731,-1.80181801319,-2.10858607292
3342,1,2340,209,22,0,29.5,0,66,1,0,0,,,,,,,,
3342,2,2340,209,22,0,29.5,0,72,1,0,0,,,,,,,,
3343,1,2340,209,22,0,29.5,0,44,1,1,1,1,0,-3.37265777588,-1.17503869534,-0.00948764849454,-3.37265777588,-1.17503869534,-0.00948764849454
3343,2,2340,209,22,0,29.5,0,57,1,1,1,1,,-3.49646115303,-1.6010607481,-0.270493716002,-3.37265777588,-1.17503869534,-0.00948764849454
3344,1,2341,209,22,1,3.125,0,15,1,1,1,0,1,-2.01391625404,-0.723772227764,-0.758420169353,-2.01391625404,-0.723772227764,-0.758420169353
3344,2,2341,209,22,1,3.125,0,28,1,0,1,0,,,,,-2.01391625404,-0.723772227764,-0.758420169353
3345,1,2342,209,22,1,3.125,1,84,1,0,0,,,,,,,,
3345,2,2342,209,22,1,3.125,1,72,1,0,0,,,,,,,,
3346,1,2342,209,22,1,3.125,0,34,1,1,1,1,0,-2.65869784355,-1.41871368885,-0.892657637596,-2.65869784355,-1.41871368885,-0.892657637596
3346,2,2342,209,22,1,3.125,0,47,1,1,1,1,,-2.37264990807,-1.90836179256,-1.25232958794,-2.65869784355,-1.41871368885,-0.892657637596
3347,1,2342,209,22,1,3.125,1,10,1,1,1,1,0,-1.39076852798,-0.489419966936,-0.542866408825,-1.39076852798,-0.489419966936,-0.542866408825
3347,2,2342,209,22,1,3.125,1,23,1,1,1,1,,-0.289950937033,-0.744395792484,-0.385331779718,-1.39076852798,-0.489419966936,-0.542866408825
3348,1,2343,209,22,1,3.125,1,3,1,1,1,0,1,0.0936322063208,1.74831914902,,0.0936322063208,1.74831914902,
3349,1,2344,209,22,1,3.125,0,12,1,1,1,1,0,-2.77699255943,-1.03798496723,-0.129240378737,-2.77699255943,-1.03798496723,-0.129240378737
3349,2,2344,209,22,1,3.125,0,25,1,1,1,1,,-2.67076086998,-0.286906629801,0.61019551754,-2.77699255943,-1.03798496723,-0.129240378737
3350,1,2346,210,17,1,1.16666662693,0,6,1,1,1,1,0,-1.62295758724,-0.855499923229,-0.410135746002,-1.62295758724,-0.855499923229,-0.410135746002
3350,2,2346,210,17,1,1.16666662693,0,19,1,1,1,1,,-0.995098471642,-0.995516359806,-0.124674491584,-1.62295758724,-0.855499923229,-0.410135746002
3351,1,2347,210,17,1,1.16666662693,1,15,1,1,1,1,0,-2.21229052544,-1.24523460865,-1.19671559334,-2.21229052544,-1.24523460865,-1.19671559334
3351,2,2347,210,17,1,1.16666662693,1,28,1,1,1,1,,-2.28790903091,-0.406857728958,-0.437280327082,-2.21229052544,-1.24523460865,-1.19671559334
3352,1,2348,210,17,0,27.2500019073,0,60,1,0,0,,,,,,,,
3352,2,2348,210,17,0,27.2500019073,0,72,1,0,0,,,,,,,,
3353,1,2348,210,17,0,27.2500019073,0,39,1,1,1,1,0,-0.470541119576,-0.357775211334,-0.85607278347,-0.470541119576,-0.357775211334,-0.85607278347
3353,2,2348,210,17,0,27.2500019073,0,52,1,1,1,1,,-0.554995894432,-0.0604691877961,-0.937709450722,-0.470541119576,-0.357775211334,-0.85607278347
3354,1,2348,210,17,0,27.2500019073,1,11,1,1,1,1,0,0.408205509186,-0.169894009829,-0.85625487566,0.408205509186,-0.169894009829,-0.85625487566
3354,2,2348,210,17,0,27.2500019073,1,24,1,1,1,1,,0.33620351553,0.823335170746,0.0581382885575,0.408205509186,-0.169894009829,-0.85625487566
3355,1,2351,210,17,1,1.16666662693,0,24,1,1,1,1,0,-2.34557151794,-1.44841599464,-0.39272326231,-2.34557151794,-1.44841599464,-0.39272326231
3355,2,2351,210,17,1,1.16666662693,0,37,1,1,1,1,,-1.71460175514,-1.50337934494,-0.847317099571,-2.34557151794,-1.44841599464,-0.39272326231
3356,1,2352,210,17,1,1.16666662693,1,21,1,1,1,1,0,-2.62958693504,,-1.2128008604,-2.62958693504,,-1.2128008604
3356,2,2352,210,17,1,1.16666662693,1,33,1,1,1,1,,-1.9943343401,-1.33942496777,-0.758705377579,-2.62958693504,,-1.2128008604
3357,1,2353,210,17,1,1.16666662693,1,24,1,1,1,1,0,-1.08956956863,-0.0123181734234,,-1.08956956863,-0.0123181734234,
3357,2,2353,210,17,1,1.16666662693,1,37,1,1,1,1,,-1.08755755424,-0.703210830688,-0.150155156851,-1.08956956863,-0.0123181734234,
3358,1,2354,210,17,1,1.16666662693,1,20,1,1,1,1,0,-3.55259919167,-2.04965877533,-0.0835626497865,-3.55259919167,-2.04965877533,-0.0835626497865
3358,2,2354,210,17,1,1.16666662693,1,33,1,1,1,1,,-3.36947345734,-2.40132260323,-0.885155260563,-3.55259919167,-2.04965877533,-0.0835626497865
3359,1,2355,211,18,1,1,1,12,1,1,1,1,0,-0.899036347866,-0.305654853582,-0.893148243427,-0.899036347866,-0.305654853582,-0.893148243427
3359,2,2355,211,18,1,1,1,25,1,1,1,1,,-1.21721231937,-0.129831552505,-0.728036046028,-0.899036347866,-0.305654853582,-0.893148243427
3360,1,2356,211,18,1,1,1,8,1,1,1,1,0,-0.718732953072,0.605364441872,0.825300872326,-0.718732953072,0.605364441872,0.825300872326
3360,2,2356,211,18,1,1,1,21,1,1,1,1,,-1.16243803501,0.486113876104,1.14163899422,-0.718732953072,0.605364441872,0.825300872326
3361,1,2357,211,18,0,17,0,58,1,1,1,1,0,-0.957753837109,-0.51195961237,-0.110758528113,-0.957753837109,-0.51195961237,-0.110758528113
3361,2,2357,211,18,0,17,0,71,1,1,1,1,,-0.797497272491,-0.366760730743,,-0.957753837109,-0.51195961237,-0.110758528113
3362,2,2357,211,18,0,17,0,8,1,1,0,,,-2.10807204247,-2.20103168488,-1.32547497749,,,
3363,1,2358,211,18,0,17,1,41,1,1,1,1,0,-3.60407614708,-1.02003276348,0.07200396806,-3.60407614708,-1.02003276348,0.07200396806
3363,2,2358,211,18,0,17,1,57,1,1,1,1,,-3.67379355431,-1.01092684269,0.564155995846,-3.60407614708,-1.02003276348,0.07200396806
3364,1,2359,211,18,1,1,1,56,1,1,1,1,0,-1.95816707611,-0.641037225723,-0.369178593159,-1.95816707611,-0.641037225723,-0.369178593159
3364,2,2359,211,18,1,1,1,69,1,1,1,1,,-1.83335673809,-0.544070839882,,-1.95816707611,-0.641037225723,-0.369178593159
3365,1,2359,211,18,1,1,0,10,1,1,1,1,0,-0.101182878017,0.598033368587,1.30890619755,-0.101182878017,0.598033368587,1.30890619755
3365,2,2359,211,18,1,1,0,23,1,1,1,1,,-2.31743907928,-1.09760856628,-0.169288262725,-0.101182878017,0.598033368587,1.30890619755
3366,1,2360,211,18,1,1,1,8,1,1,1,1,0,-1.81810438633,-0.523052036762,0.0892776846886,-1.81810438633,-0.523052036762,0.0892776846886
3366,2,2360,211,18,1,1,1,21,1,1,1,1,,-2.28725361824,-0.671621859074,0.440936356783,-1.81810438633,-0.523052036762,0.0892776846886
3367,1,2361,211,18,1,1,0,4,1,1,1,1,0,0.0307574905455,-0.493984043598,,0.0307574905455,-0.493984043598,
3367,2,2361,211,18,1,1,0,17,1,1,1,1,,-1.45751976967,-0.892682135105,-0.682182908058,0.0307574905455,-0.493984043598,
3368,1,2362,211,18,0,17,0,60,1,1,1,1,0,-4.7622551918,-2.94324183464,-0.902671098709,-4.7622551918,-2.94324183464,-0.902671098709
3368,2,2362,211,18,0,17,0,73,1,1,1,1,,-4.47712230682,-3.00177717209,,-4.7622551918,-2.94324183464,-0.902671098709
3369,1,2363,211,18,1,1,0,15,1,1,1,1,0,-0.828281998634,0.801536619663,1.39232778549,-0.828281998634,0.801536619663,1.39232778549
3369,2,2363,211,18,1,1,0,28,1,1,1,1,,-1.73469293118,0.157428517938,1.12675666809,-0.828281998634,0.801536619663,1.39232778549
3370,1,2365,212,20,1,2.125,1,38,1,1,1,1,0,-1.28807473183,-0.0903199762106,-0.342586040497,-1.28807473183,-0.0903199762106,-0.342586040497
3370,2,2365,212,20,1,2.125,1,51,1,1,1,1,,-1.13702940941,-0.496659785509,-0.925594568253,-1.28807473183,-0.0903199762106,-0.342586040497
3371,1,2365,212,20,1,2.125,0,5,1,1,1,1,0,-0.166988804936,-0.305433571339,,-0.166988804936,-0.305433571339,
3371,2,2365,212,20,1,2.125,0,18,1,1,1,1,,-1.8198788166,-1.27563142776,-0.809718728065,-0.166988804936,-0.305433571339,
3372,1,2366,212,20,1,2.125,1,59,1,1,1,1,0,-2.8169927597,-1.93904566765,-1.99377846718,-2.8169927597,-1.93904566765,-1.99377846718
3372,2,2366,212,20,1,2.125,1,71,1,1,1,1,,-2.38596701622,-2.01321125031,,-2.8169927597,-1.93904566765,-1.99377846718
3373,1,2366,212,20,1,2.125,0,31,1,1,1,1,0,-3.90652084351,-1.74103796482,-0.969630122185,-3.90652084351,-1.74103796482,-0.969630122185
3373,2,2366,212,20,1,2.125,0,45,1,1,1,1,,-3.60661268234,-2.16135144234,-1.47211575508,-3.90652084351,-1.74103796482,-0.969630122185
3374,1,2366,212,20,1,2.125,1,4,1,1,1,1,0,-1.84337604046,-2.94451260567,,-1.84337604046,-2.94451260567,
3374,2,2366,212,20,1,2.125,1,17,1,1,1,1,,-2.67493891716,-1.61133086681,-0.28015768528,-1.84337604046,-2.94451260567,
3375,1,2367,212,20,0,28.7500019073,0,55,1,0,0,,,,,,,,
3375,2,2367,212,20,0,28.7500019073,0,68,1,1,0,,,,-2.99577784538,,,,
3376,1,2368,212,20,0,28.7500019073,1,53,1,1,1,1,0,-0.0811001807451,-0.0143629666418,-0.271606296301,-0.0811001807451,-0.0143629666418,-0.271606296301
3376,2,2368,212,20,0,28.7500019073,1,66,1,1,1,1,,-0.0557896383107,-0.37634703517,,-0.0811001807451,-0.0143629666418,-0.271606296301
3377,1,2369,212,20,0,28.7500019073,0,31,1,1,1,1,0,-3.47288370132,-2.05784845352,-1.99975943565,-3.47288370132,-2.05784845352,-1.99975943565
3377,2,2369,212,20,0,28.7500019073,0,46,1,1,1,1,,-3.32409071922,-2.210927248,-1.4049423933,-3.47288370132,-2.05784845352,-1.99975943565
3378,1,2370,212,20,1,2.125,0,9,1,1,1,0,1,-0.119780652225,0.16243866086,-0.112218685448,-0.119780652225,0.16243866086,-0.112218685448
3378,2,2370,212,20,1,2.125,0,22,1,0,1,0,,,,,-0.119780652225,0.16243866086,-0.112218685448
3379,1,2371,212,20,0,28.7500019073,0,26,1,1,1,1,0,-2.15903949738,-1.44702601433,-0.846882998943,-2.15903949738,-1.44702601433,-0.846882998943
3379,2,2371,212,20,0,28.7500019073,0,39,1,1,1,1,,-1.70722842216,-1.30676698685,-1.70135176182,-2.15903949738,-1.44702601433,-0.846882998943
3380,1,2371,212,20,0,28.7500019073,0,26,1,1,1,1,0,-2.41094946861,-1.69633340836,-0.846882998943,-2.41094946861,-1.69633340836,-0.846882998943
3380,2,2371,212,20,0,28.7500019073,0,39,1,1,1,1,,-2.09776115417,-1.66723537445,-1.6551091671,-2.41094946861,-1.69633340836,-0.846882998943
3381,1,2372,212,20,1,2.125,1,9,1,1,1,1,0,-1.92218410969,-0.739972651005,0.765976011753,-1.92218410969,-0.739972651005,0.765976011753
3381,2,2372,212,20,1,2.125,1,22,1,1,1,1,,-3.19018554688,-1.72928786278,-0.325036287308,-1.92218410969,-0.739972651005,0.765976011753
3382,1,2373,212,20,1,2.125,0,8,1,1,1,1,0,-1.35995030403,-0.474980831146,0.0369354337454,-1.35995030403,-0.474980831146,0.0369354337454
3382,2,2373,212,20,1,2.125,0,21,1,1,1,1,,-3.5087928772,-1.4939237833,-0.428924053907,-1.35995030403,-0.474980831146,0.0369354337454
3383,1,2374,212,20,1,2.125,1,6,1,1,1,1,0,-1.55801618099,0.0926378592849,0.691875040531,-1.55801618099,0.0926378592849,0.691875040531
3383,2,2374,212,20,1,2.125,1,19,1,1,1,1,,-2.64289164543,-0.517563223839,0.546215713024,-1.55801618099,0.0926378592849,0.691875040531
3384,1,2375,212,20,1,2.125,0,24,1,1,1,1,0,-0.168926596642,0.0706536993384,-0.0457493551075,-0.168926596642,0.0706536993384,-0.0457493551075
3384,2,2375,212,20,1,2.125,0,37,1,1,1,1,,-0.581963181496,0.0669308155775,-0.592007637024,-0.168926596642,0.0706536993384,-0.0457493551075
3385,2,2375,212,20,1,2.125,1,12,1,1,0,,,-2.62720274925,-0.81991648674,0.0369140915573,,,
3386,1,2376,212,20,1,2.125,0,11,1,1,1,1,0,0.477044820786,0.426905930042,0.428711593151,0.477044820786,0.426905930042,0.428711593151
3386,2,2376,212,20,1,2.125,0,24,1,1,1,1,,-0.430777072906,,0.939274907112,0.477044820786,0.426905930042,0.428711593151
3387,1,2378,213,20,1,1,1,51,1,1,1,1,0,-2.2336742878,-0.804360330105,-1.00074613094,-2.2336742878,-0.804360330105,-1.00074613094
3387,2,2378,213,20,1,1,1,64,1,1,1,1,,-1.87016439438,-0.765849411488,,-2.2336742878,-0.804360330105,-1.00074613094
3388,1,2378,213,20,1,1,0,22,1,1,1,1,0,-2.72565722466,-1.18182814121,-0.296757102013,-2.72565722466,-1.18182814121,-0.296757102013
3388,2,2378,213,20,1,1,0,35,1,1,1,1,,-3.02520060539,-1.09965002537,-0.243888050318,-2.72565722466,-1.18182814121,-0.296757102013
3389,1,2379,213,20,1,1,0,51,1,1,1,1,0,-3.02057814598,-1.24083662033,-0.402114242315,-3.02057814598,-1.24083662033,-0.402114242315
3389,2,2379,213,20,1,1,0,64,1,1,1,1,,-3.37628364563,-2.08219361305,,-3.02057814598,-1.24083662033,-0.402114242315
3390,1,2379,213,20,1,1,1,11,1,1,1,1,0,-0.722395956516,-0.0793058425188,0.0282637905329,-0.722395956516,-0.0793058425188,0.0282637905329
3390,2,2379,213,20,1,1,1,24,1,1,1,1,,-1.26004314423,-0.397338628769,-0.107641123235,-0.722395956516,-0.0793058425188,0.0282637905329
3391,1,2380,213,20,1,1,0,66,1,0,0,,,,,,,,
3391,2,2380,213,20,1,1,0,72,1,0,0,,,,,,,,
3392,1,2380,213,20,1,1,0,36,1,1,1,1,0,-3.00345349312,-1.78637754917,-1.12669336796,-3.00345349312,-1.78637754917,-1.12669336796
3392,2,2380,213,20,1,1,0,49,1,1,1,1,,-2.23061990738,-1.16067492962,-0.712772071362,-3.00345349312,-1.78637754917,-1.12669336796
3393,1,2381,213,20,0,16,1,47,1,1,1,1,0,-1.97644877434,-0.480314612389,0.209228277206,-1.97644877434,-0.480314612389,0.209228277206
3393,2,2381,213,20,0,16,1,60,1,1,1,1,,-2.07569169998,-0.344598531723,0.310612082481,-1.97644877434,-0.480314612389,0.209228277206
3394,1,2381,213,20,0,16,0,21,1,1,1,1,0,-2.11707758904,-1.18997192383,-0.608890473843,-2.11707758904,-1.18997192383,-0.608890473843
3394,2,2381,213,20,0,16,0,34,1,1,1,1,,-1.30210518837,-0.0555639192462,0.656691908836,-2.11707758904,-1.18997192383,-0.608890473843
3395,1,2382,213,20,1,1,0,31,1,1,1,1,0,-2.4899725914,-1.25115346909,-1.24138355255,-2.4899725914,-1.25115346909,-1.24138355255
3395,2,2382,213,20,1,1,0,46,1,1,1,1,,-2.41376662254,-0.807398021221,-1.49293482304,-2.4899725914,-1.25115346909,-1.24138355255
3396,1,2382,213,20,1,1,0,3,1,1,1,1,0,-0.430060446262,0.577147960663,,-0.430060446262,0.577147960663,
3396,2,2382,213,20,1,1,0,16,1,1,1,1,,-1.49407422543,-1.71725535393,-1.407107234,-0.430060446262,0.577147960663,
3397,1,2383,213,20,0,16,0,32,1,1,1,1,0,-2.62690854073,-0.624980032444,-1.18534445763,-2.62690854073,-0.624980032444,-1.18534445763
3397,2,2383,213,20,0,16,0,45,1,1,1,1,,-2.2956609726,-0.239386305213,-1.2965887785,-2.62690854073,-0.624980032444,-1.18534445763
3398,1,2383,213,20,0,16,1,16,1,1,1,1,0,-1.61231744289,-0.0102793723345,0.0210710857064,-1.61231744289,-0.0102793723345,0.0210710857064
3398,2,2383,213,20,0,16,1,29,1,1,1,1,,-1.65161836147,0.134072214365,-0.00112005113624,-1.61231744289,-0.0102793723345,0.0210710857064
3399,1,2384,213,20,1,1,0,10,1,1,1,1,0,-1.41414618492,-1.75372576714,-0.895246684551,-1.41414618492,-1.75372576714,-0.895246684551
3399,2,2384,213,20,1,1,0,23,1,1,1,1,,-2.53445696831,-0.810281097889,0.130790352821,-1.41414618492,-1.75372576714,-0.895246684551
3400,2,2385,213,20,0,16,1,56,1,1,0,,,-3.41126298904,-0.900799274445,-0.0678763911128,,,
3401,2,2385,213,20,0,16,0,36,1,1,0,,,-1.84345436096,-0.211703538895,-0.151230379939,,,
3402,1,2386,213,20,1,1,1,7,1,1,1,1,0,-2.26198506355,-1.58867359161,-1.09109735489,-2.26198506355,-1.58867359161,-1.09109735489
3402,2,2386,213,20,1,1,1,20,1,1,1,1,,-2.47390127182,-1.63580131531,-1.0161036253,-2.26198506355,-1.58867359161,-1.09109735489
3403,1,2387,213,20,1,1,1,53,1,1,1,0,1,-1.83738422394,-0.972221314907,-1.06114351749,-1.83738422394,-0.972221314907,-1.06114351749
3404,1,2387,213,20,1,1,0,24,1,1,1,0,1,-2.23100924492,-1.67272245884,-0.840849041939,-2.23100924492,-1.67272245884,-0.840849041939
3405,1,2388,213,20,1,1,0,30,1,1,1,1,0,-4.25312995911,-2.04131889343,-1.20384013653,-4.25312995911,-2.04131889343,-1.20384013653
3405,2,2388,213,20,1,1,0,43,1,1,1,1,,-3.17155122757,-1.49280667305,-0.659736812115,-4.25312995911,-2.04131889343,-1.20384013653
3406,1,2388,213,20,1,1,1,6,1,1,1,1,0,-1.13885045052,-1.22368860245,-0.423727244139,-1.13885045052,-1.22368860245,-0.423727244139
3406,2,2388,213,20,1,1,1,19,1,1,1,1,,-2.22033977509,-2.0471265316,-1.43624556065,-1.13885045052,-1.22368860245,-0.423727244139
3407,1,2389,214,18,1,1,1,12,1,1,1,1,0,-2.76312541962,-2.65157270432,-2.59989023209,-2.76312541962,-2.65157270432,-2.59989023209
3407,2,2389,214,18,1,1,1,25,1,1,1,1,,-2.1628203392,-1.81183886528,-0.728036046028,-2.76312541962,-2.65157270432,-2.59989023209
3408,1,2390,214,18,1,1,0,17,1,1,1,1,0,-1.81729054451,-0.828082442284,-1.48914110661,-1.81729054451,-0.828082442284,-1.48914110661
3408,2,2390,214,18,1,1,0,30,1,1,1,1,,-1.53668618202,-0.776147484779,-0.842546224594,-1.81729054451,-0.828082442284,-1.48914110661
3409,1,2391,214,18,1,1,0,48,1,1,1,1,0,-1.85436236858,-0.805965781212,-0.181396603584,-1.85436236858,-0.805965781212,-0.181396603584
3409,2,2391,214,18,1,1,0,61,1,1,1,1,,-1.82181036472,-1.37914121151,,-1.85436236858,-0.805965781212,-0.181396603584
3410,1,2391,214,18,1,1,1,19,1,1,1,1,0,-1.88229358196,-0.593866765499,-1.10239708424,-1.88229358196,-0.593866765499,-1.10239708424
3410,2,2391,214,18,1,1,1,33,1,1,1,1,,-1.88541185856,-1.03090751171,-0.970315992832,-1.88229358196,-0.593866765499,-1.10239708424
3411,2,2391,214,18,1,1,0,9,1,1,0,,,-3.55227732658,-3.44565272331,-2.7633254528,,,
3412,1,2392,214,18,0,24.5,0,28,1,1,1,1,0,-3.4809243679,-1.40560042858,-1.21330809593,-3.4809243679,-1.40560042858,-1.21330809593
3412,2,2392,214,18,0,24.5,0,41,1,1,1,1,,-1.97388935089,-1.71690750122,-1.9809191227,-3.4809243679,-1.40560042858,-1.21330809593
3413,1,2393,214,18,1,1,1,51,1,1,1,1,0,-3.75993299484,-2.27797722816,-1.78620624542,-3.75993299484,-2.27797722816,-1.78620624542
3413,2,2393,214,18,1,1,1,63,1,1,1,1,,-2.88210749626,-1.78443133831,,-3.75993299484,-2.27797722816,-1.78620624542
3414,1,2393,214,18,1,1,1,20,1,1,1,1,0,-4.5317234993,-2.84329557419,-2.45467758179,-4.5317234993,-2.84329557419,-2.45467758179
3414,2,2393,214,18,1,1,1,33,1,1,1,1,,-3.79154706001,-1.67935943604,-0.551318407059,-4.5317234993,-2.84329557419,-2.45467758179
3415,1,2394,214,18,0,24.5,1,63,1,0,0,,,,,,,,
3415,2,2394,214,18,0,24.5,1,72,1,0,0,,,,,,,,
3416,1,2395,214,18,1,1,0,14,1,1,1,1,0,-1.1099575758,-0.983201503754,-0.823879361153,-1.1099575758,-0.983201503754,-0.823879361153
3416,2,2395,214,18,1,1,0,29,1,1,1,1,,-1.66648006439,-1.13996219635,-1.2558914423,-1.1099575758,-0.983201503754,-0.823879361153
3417,1,2396,214,18,0,24.5,1,25,1,1,1,1,0,-2.22382640839,-1.03660392761,-1.0862839222,-2.22382640839,-1.03660392761,-1.0862839222
3417,2,2396,214,18,0,24.5,1,38,1,1,1,1,,-2.59701538086,-1.70078349113,-1.06735265255,-2.22382640839,-1.03660392761,-1.0862839222
3418,2,2396,214,18,0,24.5,0,3,1,1,0,,,1.01293170452,0.777621626854,,,,
3419,1,2398,215,19,1,2.875,0,15,1,1,1,1,0,-2.29056596756,-1.96209132671,-1.72121870518,-2.29056596756,-1.96209132671,-1.72121870518
3419,2,2398,215,19,1,2.875,0,28,1,1,1,1,,-2.53947615623,-1.99937665462,-1.83146762848,-2.29056596756,-1.96209132671,-1.72121870518
3420,1,2399,215,19,0,32.5,1,46,1,1,1,1,0,-1.58086967468,0.602789819241,0.175658345222,-1.58086967468,0.602789819241,0.175658345222
3420,2,2399,215,19,0,32.5,1,59,1,1,1,1,,-1.47151184082,0.79835575819,0.526242911816,-1.58086967468,0.602789819241,0.175658345222
3421,2,2399,215,19,0,32.5,1,2,1,1,0,,,-0.69606345892,0.748876094818,,,,
3422,1,2400,215,19,1,2.875,0,56,1,1,1,1,0,-1.54161393642,-1.26789355278,-0.74195677042,-1.54161393642,-1.26789355278,-0.74195677042
3422,2,2400,215,19,1,2.875,0,71,1,1,1,1,,-1.35912954807,-1.49811637402,,-1.54161393642,-1.26789355278,-0.74195677042
3423,1,2400,215,19,1,2.875,1,18,1,1,1,1,0,-2.74044632912,-1.67543745041,-1.14531099796,-2.74044632912,-1.67543745041,-1.14531099796
3423,2,2400,215,19,1,2.875,1,31,1,1,1,1,,-2.23382806778,-1.03418529034,-0.30260848999,-2.74044632912,-1.67543745041,-1.14531099796
3424,2,2400,215,19,1,2.875,1,10,1,1,0,,,-2.0797123909,-1.18434596062,0.108541689813,,,
3425,1,2401,215,19,1,2.875,1,18,1,1,1,1,0,-1.79343438148,,0.350687086582,-1.79343438148,,0.350687086582
3425,2,2401,215,19,1,2.875,1,31,1,1,1,1,,-1.06004261971,0.0606848634779,-0.0616603940725,-1.79343438148,,0.350687086582
3426,1,2403,215,19,1,2.875,0,24,1,1,1,1,0,-2.70561742783,-1.04899656773,-0.217997461557,-2.70561742783,-1.04899656773,-0.217997461557
3426,2,2403,215,19,1,2.875,0,37,1,1,1,1,,-3.19369530678,-1.93498027325,-1.65257525444,-2.70561742783,-1.04899656773,-0.217997461557
3427,1,2403,215,19,1,2.875,0,24,1,1,1,1,0,-3.03293251991,-1.43140053749,-0.659613728523,-3.03293251991,-1.43140053749,-0.659613728523
3427,2,2403,215,19,1,2.875,0,37,1,1,1,1,,-3.18036937714,-1.79796135426,-1.24228870869,-3.03293251991,-1.43140053749,-0.659613728523
3428,2,2403,215,19,1,2.875,0,11,1,1,0,,,-1.47630155087,-1.14776968956,-0.417102992535,,,
3429,1,2404,215,19,1,2.875,1,23,1,0,0,,,,,,,,
3429,2,2404,215,19,1,2.875,1,36,1,1,0,,,-3.28316020966,-1.94249379635,-0.706772983074,,,
3430,2,2404,215,19,1,2.875,1,2,1,1,0,,,-0.745176553726,0.0176813583821,,,,
3431,1,2405,215,19,1,2.875,1,36,1,1,1,1,0,-2.12762761116,-0.381080925465,-1.08117175102,-2.12762761116,-0.381080925465,-1.08117175102
3431,2,2405,215,19,1,2.875,1,49,1,1,1,1,,-1.69589018822,-0.369730055332,-0.677187085152,-2.12762761116,-0.381080925465,-1.08117175102
3432,1,2405,215,19,1,2.875,1,10,1,1,1,1,0,-0.41814699769,-0.205590724945,-0.453589588404,-0.41814699769,-0.205590724945,-0.453589588404
3432,2,2405,215,19,1,2.875,1,23,1,1,1,1,,-1.28249788284,0.711791276932,1.13763213158,-0.41814699769,-0.205590724945,-0.453589588404
3433,1,2406,215,19,0,32.5,0,38,1,0,0,,,,,,,,
3433,2,2406,215,19,0,32.5,0,51,1,1,0,,,-1.94048249722,-0.198709577322,-0.675683736801,,,
3434,2,2406,215,19,0,32.5,0,4,1,1,0,,,0.583437144756,-0.981698393822,,,,
3435,1,2407,215,19,0,32.5,1,52,1,1,1,1,0,-2.66778898239,-1.0751324892,-1.41420018673,-2.66778898239,-1.0751324892,-1.41420018673
3435,2,2407,215,19,0,32.5,1,65,1,1,1,1,,-2.29884123802,-1.3297098875,,-2.66778898239,-1.0751324892,-1.41420018673
3436,1,2407,215,19,0,32.5,0,6,1,1,1,1,0,-1.99674069881,-0.880511403084,-0.128793820739,-1.99674069881,-0.880511403084,-0.128793820739
3436,2,2407,215,19,0,32.5,0,19,1,1,1,1,,-2.91866254807,-1.57895791531,-0.526121079922,-1.99674069881,-0.880511403084,-0.128793820739
3437,1,2408,215,19,1,2.875,0,54,1,1,1,1,0,-2.45004582405,-1.27385628223,-1.1834615469,-2.45004582405,-1.27385628223,-1.1834615469
3437,2,2408,215,19,1,2.875,0,67,1,1,1,1,,-2.08899879456,-1.33335042,,-2.45004582405,-1.27385628223,-1.1834615469
3438,1,2408,215,19,1,2.875,0,25,1,1,1,1,0,-3.24842905998,-1.30783486366,-1.26046621799,-3.24842905998,-1.30783486366,-1.26046621799
3438,2,2408,215,19,1,2.875,0,38,1,1,1,1,,-2.50812125206,-1.10106992722,-1.35744035244,-3.24842905998,-1.30783486366,-1.26046621799
3439,1,2408,215,19,1,2.875,0,1,1,1,1,1,0,-2.35000658035,-2.27455210686,,-2.35000658035,-2.27455210686,
3439,2,2408,215,19,1,2.875,0,13,1,1,1,1,,-3.84111905098,-2.09393405914,-1.08058607578,-2.35000658035,-2.27455210686,
3440,1,2409,215,19,1,2.875,0,44,1,1,1,1,0,-3.2490029335,-1.56774425507,-1.58489477634,-3.2490029335,-1.56774425507,-1.58489477634
3440,2,2409,215,19,1,2.875,0,57,1,1,1,1,,-3.03232359886,-1.63321828842,-1.70792448521,-3.2490029335,-1.56774425507,-1.58489477634
3441,1,2409,215,19,1,2.875,1,17,1,1,1,1,0,-3.20143318176,-2.46917796135,-1.48029720783,-3.20143318176,-2.46917796135,-1.48029720783
3441,2,2409,215,19,1,2.875,1,30,1,1,1,1,,-3.97424077988,-1.83927202225,-1.05849885941,-3.20143318176,-2.46917796135,-1.48029720783
3442,1,2410,216,19,1,1.5,1,13,1,1,1,1,0,-2.00318908691,-1.83315086365,-1.02302706242,-2.00318908691,-1.83315086365,-1.02302706242
3442,2,2410,216,19,1,1.5,1,26,1,1,1,1,,-3.0169198513,,-0.968125402927,-2.00318908691,-1.83315086365,-1.02302706242
3443,1,2411,216,19,0,19,0,58,1,1,1,1,0,-1.51676797867,0.112137362361,-0.0391811020672,-1.51676797867,0.112137362361,-0.0391811020672
3443,2,2411,216,19,0,19,0,71,1,1,1,1,,-1.52251410484,-0.207837894559,,-1.51676797867,0.112137362361,-0.0391811020672
3444,2,2411,216,19,0,19,0,45,1,1,0,,,-1.62180697918,-0.156946256757,-0.829518258572,,,
3445,1,2412,216,19,1,1.5,0,12,1,1,1,1,0,-0.146786808968,0.374243944883,0.570706605911,-0.146786808968,0.374243944883,0.570706605911
3445,2,2412,216,19,1,1.5,0,25,1,1,1,1,,-0.392173469067,0.864094555378,0.690475523472,-0.146786808968,0.374243944883,0.570706605911
3446,2,2412,216,19,1,1.5,0,70,1,1,0,,,-2.27127218246,-1.28516864777,,,,
3447,1,2413,216,19,1,1.5,0,38,1,1,1,1,0,-3.02160191536,-1.44342339039,-1.17886996269,-3.02160191536,-1.44342339039,-1.17886996269
3447,2,2413,216,19,1,1.5,0,51,1,1,1,1,,-2.75345873833,-1.35693049431,-1.08123612404,-3.02160191536,-1.44342339039,-1.17886996269
3448,1,2413,216,19,1,1.5,0,12,1,1,1,1,0,-4.29199075699,-3.24548721313,-2.55826306343,-4.29199075699,-3.24548721313,-2.55826306343
3448,2,2413,216,19,1,1.5,0,27,1,1,1,1,,-3.29793095589,-1.95654654503,-0.362767785788,-4.29199075699,-3.24548721313,-2.55826306343
3449,1,2414,216,19,1,1.5,1,46,1,1,1,1,0,-2.38505887985,-0.437694311142,0.649532139301,-2.38505887985,-0.437694311142,0.649532139301
3449,2,2414,216,19,1,1.5,1,59,1,1,1,1,,-2.49916267395,-1.2703962326,-0.131076142192,-2.38505887985,-0.437694311142,0.649532139301
3450,1,2414,216,19,1,1.5,1,20,1,1,1,1,0,-2.90538144112,-0.956886172295,0.251047819853,-2.90538144112,-0.956886172295,0.251047819853
3450,2,2414,216,19,1,1.5,1,33,1,1,1,1,,-3.27416706085,-1.48825728893,-0.0308001935482,-2.90538144112,-0.956886172295,0.251047819853
3451,1,2415,216,19,1,1.5,0,96,1,0,0,,,,,,,,
3451,2,2415,216,19,1,1.5,0,21,1,1,0,,,-1.71696162224,-0.86210757494,-0.0331224538386,,,
3452,1,2416,216,19,1,1.5,0,12,1,1,1,1,0,-0.146786808968,0.310111790895,0.90876019001,-0.146786808968,0.310111790895,0.90876019001
3452,2,2416,216,19,1,1.5,0,25,1,1,1,1,,-1.46728014946,-0.456259101629,0.61019551754,-0.146786808968,0.310111790895,0.90876019001
3453,1,2417,216,19,0,19,1,57,1,1,1,0,1,-0.919421553612,0.102860607207,-0.266013592482,-0.919421553612,0.102860607207,-0.266013592482
3453,2,2417,216,19,0,19,1,70,1,0,1,0,,,,,-0.919421553612,0.102860607207,-0.266013592482
3454,1,2417,216,19,0,19,0,29,1,1,1,1,0,-1.815731287,-0.235442012548,-1.16368377209,-1.815731287,-0.235442012548,-1.16368377209
3454,2,2417,216,19,0,19,0,42,1,1,1,1,,-2.08103108406,-0.492505401373,-0.513050913811,-1.815731287,-0.235442012548,-1.16368377209
3455,2,2417,216,19,0,19,0,12,1,1,0,,,-1.5776194334,-2.1790831089,-1.24522709846,,,
3456,1,2418,216,19,0,19,1,52,1,1,1,1,0,-2.10730075836,-1.32095968723,-1.65163826942,-2.10730075836,-1.32095968723,-1.65163826942
3456,2,2418,216,19,0,19,1,65,1,1,1,1,,-2.13565349579,-1.47015941143,,-2.10730075836,-1.32095968723,-1.65163826942
3457,1,2418,216,19,0,19,0,32,1,1,1,1,0,-2.61267232895,-1.17585909367,-0.653214693069,-2.61267232895,-1.17585909367,-0.653214693069
3457,2,2418,216,19,0,19,0,45,1,1,1,1,,-2.52844595909,-1.27950775623,-0.912792265415,-2.61267232895,-1.17585909367,-0.653214693069
3458,1,2419,216,19,1,1.5,1,62,1,0,0,,,,,,,,
3458,2,2419,216,19,1,1.5,1,72,1,0,0,,,,,,,,
3459,1,2419,216,19,1,1.5,1,32,1,1,1,1,0,-3.04496264458,-1.51846194267,-1.19076395035,-3.04496264458,-1.51846194267,-1.19076395035
3459,2,2419,216,19,1,1.5,1,44,1,1,1,1,,-3.09954333305,-1.40231812,-0.745680689812,-3.04496264458,-1.51846194267,-1.19076395035
3460,1,2419,216,19,1,1.5,1,2,1,1,1,1,0,-2.29220414162,-1.37875699997,,-2.29220414162,-1.37875699997,
3460,2,2419,216,19,1,1.5,1,15,1,1,1,1,,-1.86547219753,-2.19575500488,-1.14913213253,-2.29220414162,-1.37875699997,
3461,1,2420,216,19,0,19,1,37,1,1,1,1,0,-0.879905343056,-0.746608793736,,-0.879905343056,-0.746608793736,
3461,2,2420,216,19,0,19,1,50,1,1,1,1,,-0.787312150002,-0.688578188419,-1.7590534687,-0.879905343056,-0.746608793736,
3462,1,2421,216,19,1,1.5,1,50,1,1,1,1,0,-0.331177294254,0.342837095261,0.501886248589,-0.331177294254,0.342837095261,0.501886248589
3462,2,2421,216,19,1,1.5,1,63,1,1,1,1,,-0.133326873183,0.526042103767,,-0.331177294254,0.342837095261,0.501886248589
3463,1,2421,216,19,1,1.5,1,31,1,1,1,1,0,-3.68708610535,-2.18459606171,-1.23704433441,-3.68708610535,-2.18459606171,-1.23704433441
3463,2,2421,216,19,1,1.5,1,44,1,1,1,1,,-3.569688797,-1.38389837742,-0.291944235563,-3.68708610535,-2.18459606171,-1.23704433441
3464,1,2422,217,22,1,2.125,0,17,1,1,1,1,0,-0.965205907822,-1.42639303207,-1.10334336758,-0.965205907822,-1.42639303207,-1.10334336758
3464,2,2422,217,22,1,2.125,0,30,1,1,1,1,,-1.25770103931,-1.95170581341,-1.48253810406,-0.965205907822,-1.42639303207,-1.10334336758
3465,1,2423,217,22,1,2.125,1,54,1,1,1,1,0,-2.34243655205,-0.741732180119,-1.09093940258,-2.34243655205,-0.741732180119,-1.09093940258
3465,2,2423,217,22,1,2.125,1,67,1,1,1,1,,-2.03934407234,-0.768486320972,,-2.34243655205,-0.741732180119,-1.09093940258
3466,1,2423,217,22,1,2.125,0,8,1,1,1,1,0,-2.19875216484,-0.723846852779,-0.986173927784,-2.19875216484,-0.723846852779,-0.986173927784
3466,2,2423,217,22,1,2.125,0,21,1,1,1,1,,-2.84773039818,-0.998687207699,-0.930123627186,-2.19875216484,-0.723846852779,-0.986173927784
3467,1,2424,217,22,0,14.5,1,32,1,1,1,0,1,-2.56231784821,-1.51846194267,-1.10323309898,-2.56231784821,-1.51846194267,-1.10323309898
3468,1,2425,217,22,1,2.125,1,48,1,1,1,1,0,-2.18947315216,-0.366032093763,-0.986020624638,-2.18947315216,-0.366032093763,-0.986020624638
3468,2,2425,217,22,1,2.125,1,61,1,1,1,1,,-2.2106153965,-0.855856239796,,-2.18947315216,-0.366032093763,-0.986020624638
3469,1,2425,217,22,1,2.125,1,21,1,1,1,1,0,-1.61888480186,-0.890986025333,-0.933882772923,-1.61888480186,-0.890986025333,-0.933882772923
3469,2,2425,217,22,1,2.125,1,34,1,1,1,1,,-2.05570960045,-0.7158665061,-1.00853419304,-1.61888480186,-0.890986025333,-0.933882772923
3470,1,2426,217,22,1,2.125,0,64,1,0,0,,,,,,,,
3470,2,2426,217,22,1,2.125,0,72,1,0,0,,,,,,,,
3471,1,2426,217,22,1,2.125,1,41,1,1,1,1,0,-3.19399905205,-1.97130930424,-2.11900186539,-3.19399905205,-1.97130930424,-2.11900186539
3471,2,2426,217,22,1,2.125,1,55,1,1,1,1,,-2.84900069237,-2.1769387722,-1.57659769058,-3.19399905205,-1.97130930424,-2.11900186539
3472,1,2426,217,22,1,2.125,0,14,1,1,1,1,0,-0.262260138988,-0.687733232975,-0.545831859112,-0.262260138988,-0.687733232975,-0.545831859112
3472,2,2426,217,22,1,2.125,0,27,1,1,1,1,,-0.546999454498,-1.20557439327,-0.625221431255,-0.262260138988,-0.687733232975,-0.545831859112
3473,1,2427,217,22,1,2.125,0,4,1,1,1,1,0,-0.401776015759,-1.84991538525,,-0.401776015759,-1.84991538525,
3473,2,2427,217,22,1,2.125,0,17,1,1,1,1,,-2.3853468895,-1.58471739292,-1.78595638275,-0.401776015759,-1.84991538525,
3474,1,2428,217,22,1,2.125,0,40,1,1,1,1,0,-3.4202029705,-2.0030901432,-1.05283129215,-3.4202029705,-2.0030901432,-1.05283129215
3474,2,2428,217,22,1,2.125,0,53,1,1,1,1,,-2.83533096313,-2.57363009453,-1.50137650967,-3.4202029705,-2.0030901432,-1.05283129215
3475,1,2428,217,22,1,2.125,1,9,1,1,1,1,0,-1.44613933563,-0.394802927971,0.606663882732,-1.44613933563,-0.394802927971,0.606663882732
3475,2,2428,217,22,1,2.125,1,22,1,1,1,1,,-3.09403657913,-0.997127830982,0.701061248779,-1.44613933563,-0.394802927971,0.606663882732
3476,1,2429,217,22,0,14.5,0,48,1,1,1,1,0,-0.757572174072,0.13818629086,-2.2178504467,-0.757572174072,0.13818629086,-2.2178504467
3476,2,2429,217,22,0,14.5,0,61,1,1,1,1,,-0.536805093288,-0.668285548687,,-0.757572174072,0.13818629086,-2.2178504467
3477,1,2430,217,22,0,14.5,1,61,1,0,0,,,,,,,,
3477,2,2430,217,22,0,14.5,1,73,1,1,0,,,-2.20506954193,-1.09362542629,,,,
3478,1,2430,217,22,0,14.5,0,38,1,1,1,1,0,-2.61345291138,-1.51783776283,-1.00329518318,-2.61345291138,-1.51783776283,-1.00329518318
3478,2,2430,217,22,0,14.5,0,51,1,1,1,1,,-2.67215967178,-1.65292608738,-1.03986883163,-2.61345291138,-1.51783776283,-1.00329518318
3479,2,2430,217,22,0,14.5,0,10,1,1,0,,,-3.20853209496,-2.47281050682,-0.990216493607,,,
3480,1,2431,217,22,1,2.125,0,46,1,1,1,1,0,-2.41376662254,-1.97367405891,-2.17931222916,-2.41376662254,-1.97367405891,-2.17931222916
3480,2,2431,217,22,1,2.125,0,58,1,1,1,1,,-2.49230074883,-2.96553301811,-2.78191041946,-2.41376662254,-1.97367405891,-2.17931222916
3481,1,2431,217,22,1,2.125,0,1,1,1,1,1,0,-2.32432055473,-1.13480973244,,-2.32432055473,-1.13480973244,
3481,2,2431,217,22,1,2.125,0,14,1,1,1,1,,-3.26957154274,-2.0401456356,-1.69241893291,-2.32432055473,-1.13480973244,
3482,1,2433,217,22,1,2.125,0,2,1,0,0,,,,,,,,
3482,2,2433,217,22,1,2.125,0,15,1,0,0,,,,,,,,
3483,2,2433,217,22,1,2.125,0,2,1,1,0,,,0.987319409847,1.38264620304,,,,
3484,1,2434,218,17,1,1,1,240,1,0,0,,,,,,,,
3484,2,2434,218,17,1,1,1,32,1,1,0,,,-0.562792241573,0.0461906678975,-1.2348048687,,,
3485,1,2435,218,17,1,1,1,72,1,0,0,,,,,,,,
3485,2,2435,218,17,1,1,1,72,1,0,0,,,,,,,,
3486,1,2435,218,17,1,1,0,21,1,1,1,1,0,-2.51719641685,-2.55509662628,-0.976686775684,-2.51719641685,-2.55509662628,-0.976686775684
3486,2,2435,218,17,1,1,0,32,1,1,1,1,,-2.14283132553,-2.0243768692,-0.610001623631,-2.51719641685,-2.55509662628,-0.976686775684
3487,1,2437,218,17,1,1,1,36,1,1,1,1,0,-2.83670449257,-2.74387264252,-2.24556565285,-2.83670449257,-2.74387264252,-2.24556565285
3487,2,2437,218,17,1,1,1,49,1,1,1,1,,-2.93851733208,-2.55641889572,-2.45920872688,-2.83670449257,-2.74387264252,-2.24556565285
3488,1,2439,218,17,1,1,0,4,1,1,1,1,0,0.549795866013,0.845578372478,,0.549795866013,0.845578372478,
3488,2,2439,218,17,1,1,0,17,1,1,1,1,,-0.889463305473,-1.29005050659,0.675111114979,0.549795866013,0.845578372478,
3489,1,2440,218,17,1,1,0,49,1,1,1,1,0,-1.76977646351,-1.1829867363,-1.68617582321,-1.76977646351,-1.1829867363,-1.68617582321
3489,2,2440,218,17,1,1,0,62,1,1,1,1,,-1.74157333374,-0.936698615551,,-1.76977646351,-1.1829867363,-1.68617582321
3490,1,2440,218,17,1,1,0,1,1,1,1,1,0,-0.372145980597,0.343031913042,,-0.372145980597,0.343031913042,
3490,2,2440,218,17,1,1,0,14,1,1,1,1,,-2.4218711853,-1.14461374283,0.472286432981,-0.372145980597,0.343031913042,
3491,1,2441,218,17,0,21,1,33,1,1,1,1,0,-1.53141450882,0.452902764082,1.2518337965,-1.53141450882,0.452902764082,1.2518337965
3491,2,2441,218,17,0,21,1,46,1,1,1,1,,-1.92383182049,-0.447753250599,0.140904590487,-1.53141450882,0.452902764082,1.2518337965
3492,1,2441,218,17,0,21,1,21,1,1,1,1,0,-1.14939641953,-0.475523322821,1.06608080864,-1.14939641953,-0.475523322821,1.06608080864
3492,2,2441,218,17,0,21,1,34,1,1,1,1,,-1.69267010689,-1.03091335297,-0.0716278553009,-1.14939641953,-0.475523322821,1.06608080864
3493,1,2441,218,17,0,21,0,21,1,1,1,1,0,-0.220866531134,0.130831077695,0.26638007164,-0.220866531134,0.130831077695,0.26638007164
3493,2,2441,218,17,0,21,0,34,1,1,1,1,,-0.319269329309,-0.429673582315,0.230737447739,-0.220866531134,0.130831077695,0.26638007164
3494,1,2443,218,17,1,1,0,52,1,1,1,1,0,-1.46478414536,-0.161528065801,-1.65597760677,-1.46478414536,-0.161528065801,-1.65597760677
3494,2,2443,218,17,1,1,0,65,1,1,1,1,,-0.623471677303,-0.539068579674,,-1.46478414536,-0.161528065801,-1.65597760677
3495,1,2443,218,17,1,1,0,3,1,1,1,1,0,-2.99809646606,-1.64527761936,,-2.99809646606,-1.64527761936,
3495,2,2443,218,17,1,1,0,16,1,1,1,1,,-3.15789937973,-2.52720451355,-1.74724030495,-2.99809646606,-1.64527761936,
3496,1,2445,219,20,1,1.125,1,22,1,1,1,1,0,-3.84719419479,-0.870072305202,0.0560375824571,-3.84719419479,-0.870072305202,0.0560375824571
3496,2,2445,219,20,1,1.125,1,35,1,1,1,1,,-2.84378600121,-1.27820003033,-0.111257560551,-3.84719419479,-0.870072305202,0.0560375824571
3497,1,2446,219,20,1,1.125,0,16,1,1,1,1,0,-2.19055986404,-1.51266133785,-0.7884734869,-2.19055986404,-1.51266133785,-0.7884734869
3497,2,2446,219,20,1,1.125,0,29,1,1,1,1,,-2.63661074638,-1.00660741329,0.0135972099379,-2.19055986404,-1.51266133785,-0.7884734869
3498,2,2446,219,20,1,1.125,0,5,1,1,0,,,-0.687943577766,-0.619437098503,,,,
3499,1,2447,219,20,0,12.25,0,55,1,1,1,1,0,-0.0940759778023,1.74831914902,1.75709688663,-0.0940759778023,1.74831914902,1.75709688663
3499,2,2447,219,20,0,12.25,0,68,1,1,1,1,,-0.070953220129,1.38264620304,,-0.0940759778023,1.74831914902,1.75709688663
3500,2,2447,219,20,0,12.25,0,1,1,1,0,,,0.398449391127,1.38264620304,,,,
3501,2,2448,219,20,1,1.125,1,26,1,1,0,,,-3.24215078354,-2.39665055275,-1.56647920609,,,
3502,1,2449,219,20,1,1.125,0,15,1,1,1,1,0,-2.70553612709,-1.02334141731,-0.851747393608,-2.70553612709,-1.02334141731,-0.851747393608
3502,2,2449,219,20,1,1.125,0,28,1,1,1,1,,-2.03838539124,-0.187965407968,-0.714702010155,-2.70553612709,-1.02334141731,-0.851747393608
3503,2,2449,219,20,1,1.125,0,7,1,1,0,,,-2.17150640488,-2.12623643875,-1.5431252718,,,
3504,1,2451,219,20,1,1.125,0,3,1,0,0,,,,,,,,
3504,2,2451,219,20,1,1.125,0,16,1,1,0,,,-2.40337562561,-1.32236790657,0.0243090223521,,,
3505,1,2452,219,20,1,1.125,1,18,1,1,1,1,0,-2.53382611275,-2.16326403618,-1.05119085312,-2.53382611275,-2.16326403618,-1.05119085312
3505,2,2452,219,20,1,1.125,1,31,1,1,1,1,,-2.49932646751,-1.65126144886,-1.6446505785,-2.53382611275,-2.16326403618,-1.05119085312
3506,1,2453,219,20,1,1.125,0,59,1,1,1,1,0,-2.3744468689,-1.07466387749,-0.804287970066,-2.3744468689,-1.07466387749,-0.804287970066
3506,2,2453,219,20,1,1.125,0,72,1,1,1,1,,-2.36482167244,-0.80224364996,,-2.3744468689,-1.07466387749,-0.804287970066
3507,1,2453,219,20,1,1.125,1,16,1,1,1,1,0,-1.5944236517,-0.737762212753,-0.864154577255,-1.5944236517,-0.737762212753,-0.864154577255
3507,2,2453,219,20,1,1.125,1,29,1,1,1,1,,-2.28363919258,-0.880444526672,-1.32111752033,-1.5944236517,-0.737762212753,-0.864154577255
3508,2,2453,219,20,1,1.125,1,2,1,1,0,,,-0.69606345892,-0.57108181715,,,,
3509,1,2454,219,20,1,1.125,1,60,1,1,1,1,0,-1.51857590675,-0.879115462303,-1.40617084503,-1.51857590675,-0.879115462303,-1.40617084503
3509,2,2454,219,20,1,1.125,1,70,1,1,1,1,,-1.11826705933,-0.572701931,,-1.51857590675,-0.879115462303,-1.40617084503
3510,1,2454,219,20,1,1.125,0,16,1,1,1,1,0,-2.82900452614,-2.6865336895,-1.7522329092,-2.82900452614,-2.6865336895,-1.7522329092
3510,2,2454,219,20,1,1.125,0,30,1,1,1,1,,-2.15339207649,-1.61048829556,-0.842546224594,-2.82900452614,-2.6865336895,-1.7522329092
3511,1,2456,220,21,1,2.25,0,41,1,1,1,1,0,-0.228303447366,-0.233233988285,-1.42881786823,-0.228303447366,-0.233233988285,-1.42881786823
3511,2,2456,220,21,1,2.25,0,54,1,1,1,1,,-0.128382965922,0.119565397501,-1.26663577557,-0.228303447366,-0.233233988285,-1.42881786823
3512,1,2456,220,21,1,2.25,0,23,1,1,1,1,0,-2.61792850494,-2.40992665291,-1.93952763081,-2.61792850494,-2.40992665291,-1.93952763081
3512,2,2456,220,21,1,2.25,0,36,1,1,1,1,,-2.01880335808,-1.71431016922,-1.67347884178,-2.61792850494,-2.40992665291,-1.93952763081
3513,1,2457,220,21,1,2.25,0,59,1,1,1,1,0,-1.38482141495,-0.622922301292,-0.350972503424,-1.38482141495,-0.622922301292,-0.350972503424
3513,2,2457,220,21,1,2.25,0,72,1,1,1,1,,-1.12668418884,-0.3470903337,,-1.38482141495,-0.622922301292,-0.350972503424
3514,1,2457,220,21,1,2.25,1,14,1,0,0,,,,,,,,
3514,2,2457,220,21,1,2.25,1,27,1,1,0,,,-0.261145591736,0.290180206299,0.546249091625,,,
3515,2,2457,220,21,1,2.25,0,4,1,1,0,,,0.271051645279,-0.454360812902,,,,
3516,1,2459,220,21,1,2.25,0,65,1,0,0,,,,,,,,
3516,2,2459,220,21,1,2.25,0,72,1,0,0,,,,,,,,
3517,1,2459,220,21,1,2.25,0,37,1,1,1,1,0,-3.50017428398,-0.372074186802,-0.301811337471,-3.50017428398,-0.372074186802,-0.301811337471
3517,2,2459,220,21,1,2.25,0,50,1,1,1,1,,-2.62372231483,-0.482300966978,-1.01933062077,-3.50017428398,-0.372074186802,-0.301811337471
3518,1,2459,220,21,1,2.25,0,2,1,1,1,1,0,-1.98698413372,-0.717649936676,,-1.98698413372,-0.717649936676,
3518,2,2459,220,21,1,2.25,0,15,1,1,1,1,,-2.01391625404,-1.11212480068,-0.851747393608,-1.98698413372,-0.717649936676,
3519,1,2461,220,21,1,2.25,0,55,1,1,1,1,0,,-1.35238599777,-1.12123608589,,-1.35238599777,-1.12123608589
3519,2,2461,220,21,1,2.25,0,68,1,1,1,1,,-2.21409249306,-1.6711268425,,,-1.35238599777,-1.12123608589
3520,1,2461,220,21,1,2.25,0,6,1,1,1,1,0,-3.53858971596,-1.28918874264,0.421130537987,-3.53858971596,-1.28918874264,0.421130537987
3520,2,2461,220,21,1,2.25,0,19,1,1,1,1,,-3.35418510437,-1.99988853931,-1.36816549301,-3.53858971596,-1.28918874264,0.421130537987
3521,1,2462,220,21,1,2.25,0,65,1,0,0,,,,,,,,
3521,2,2462,220,21,1,2.25,0,72,1,0,0,,,,,,,,
3522,1,2462,220,21,1,2.25,1,17,1,1,1,1,0,-2.48189282417,-0.905273079872,-0.817196071148,-2.48189282417,-0.905273079872,-0.817196071148
3522,2,2462,220,21,1,2.25,1,30,1,1,1,1,,-2.91196417809,-1.31627094746,-0.670106828213,-2.48189282417,-0.905273079872,-0.817196071148
3523,2,2462,220,21,1,2.25,0,6,1,1,0,,,1.11032032967,0.845972120762,0.867109358311,,,
3524,1,2463,220,21,1,2.25,0,3,1,1,1,1,0,-3.7318212986,-3.8929309845,,-3.7318212986,-3.8929309845,
3524,2,2463,220,21,1,2.25,0,16,1,1,1,1,,-2.79031157494,-0.158674255013,1.11925017834,-3.7318212986,-3.8929309845,
3525,1,2463,220,21,1,2.25,1,3,1,1,1,1,0,-3.6829791069,-3.18148708344,,-3.6829791069,-3.18148708344,
3525,2,2463,220,21,1,2.25,1,16,1,1,1,1,,-3.54473686218,-2.18959474564,-1.14493203163,-3.6829791069,-3.18148708344,
3526,1,2464,220,21,1,2.25,1,19,1,1,1,1,0,-4.53593492508,-3.50512242317,-1.68125772476,-4.53593492508,-3.50512242317,-1.68125772476
3526,2,2464,220,21,1,2.25,1,33,1,1,1,1,,-4.1046962738,-2.67601251602,-1.1427539587,-4.53593492508,-3.50512242317,-1.68125772476
3527,2,2464,220,21,1,2.25,0,10,1,1,0,,,-3.09911847115,-3.44565272331,-2.70154571533,,,
3528,1,2465,220,21,1,2.25,1,936,1,0,0,,,,,,,,
3528,2,2465,220,21,1,2.25,1,36,1,0,0,,,,,,,,
3529,1,2465,220,21,1,2.25,1,5,1,0,0,,,,,,,,
3529,2,2465,220,21,1,2.25,1,72,1,0,0,,,,,,,,
3530,1,2465,220,21,1,2.25,0,23,1,1,1,1,0,-2.68470287323,-1.99328505993,-1.64259576797,-2.68470287323,-1.99328505993,-1.64259576797
3530,2,2465,220,21,1,2.25,0,36,1,1,1,1,,-1.50624549389,-1.18057262897,-1.35113930702,-2.68470287323,-1.99328505993,-1.64259576797
3531,1,2467,220,21,0,35.75,1,41,1,1,1,1,0,-2.05075526237,1.18787288666,1.75709688663,-2.05075526237,1.18787288666,1.75709688663
3531,2,2467,220,21,0,35.75,1,54,1,1,1,1,,-1.62591254711,0.933234274387,1.44166660309,-2.05075526237,1.18787288666,1.75709688663
3532,1,2468,221,19,1,1.375,0,21,1,1,1,1,0,-1.42121994495,-0.990089118481,-0.428924053907,-1.42121994495,-0.990089118481,-0.428924053907
3532,2,2468,221,19,1,1.375,0,34,1,1,1,1,,-1.32979249954,0.045600220561,-0.718671321869,-1.42121994495,-0.990089118481,-0.428924053907
3533,2,2470,221,19,0,13.5,1,42,1,1,0,,,-2.0278468132,0.295313388109,0.107419110835,,,
3534,1,2471,221,19,1,1.375,0,72,1,0,0,,,,,,,,
3534,2,2471,221,19,1,1.375,0,72,1,0,0,,,,,,,,
3535,1,2471,221,19,1,1.375,0,32,1,1,1,1,0,-2.79775857925,-0.51919901371,-0.0631044209003,-2.79775857925,-0.51919901371,-0.0631044209003
3535,2,2471,221,19,1,1.375,0,45,1,1,1,1,,-2.27115559578,-0.465717256069,0.0797596648335,-2.79775857925,-0.51919901371,-0.0631044209003
3536,1,2471,221,19,1,1.375,0,8,1,1,1,1,0,-0.249101802707,-0.746776163578,-0.235901072621,-0.249101802707,-0.746776163578,-0.235901072621
3536,2,2471,221,19,1,1.375,0,21,1,1,1,1,,-1.7691488266,-0.407976895571,-0.518587768078,-0.249101802707,-0.746776163578,-0.235901072621
3537,1,2472,221,19,1,1.375,0,42,1,1,1,1,0,-1.94232022762,-0.304346233606,0.0411166660488,-1.94232022762,-0.304346233606,0.0411166660488
3537,2,2472,221,19,1,1.375,0,55,1,1,1,1,,-2.40778660774,-0.315017879009,0.100413478911,-1.94232022762,-0.304346233606,0.0411166660488
3538,1,2472,221,19,1,1.375,1,9,1,1,1,1,0,0.147573173046,0.953883528709,1.15359008312,0.147573173046,0.953883528709,1.15359008312
3538,2,2472,221,19,1,1.375,1,22,1,1,1,1,,-0.994808256626,0.967061519623,1.23439848423,0.147573173046,0.953883528709,1.15359008312
3539,1,2474,221,19,1,1.375,0,23,1,1,1,1,0,-0.51450419426,-0.112142995,-0.432455420494,-0.51450419426,-0.112142995,-0.432455420494
3539,2,2474,221,19,1,1.375,0,36,1,1,1,1,,-1.0071747303,-0.235396802425,-1.3058706522,-0.51450419426,-0.112142995,-0.432455420494
3540,1,2475,221,19,1,1.375,1,63,1,0,0,,,,,,,,
3540,2,2475,221,19,1,1.375,1,72,1,0,0,,,,,,,,
3541,1,2475,221,19,1,1.375,0,9,1,1,1,1,0,-1.10049295425,-0.640833556652,-0.947613894939,-1.10049295425,-0.640833556652,-0.947613894939
3541,2,2475,221,19,1,1.375,0,22,1,1,1,1,,-2.21444940567,-0.543239235878,-0.745058774948,-1.10049295425,-0.640833556652,-0.947613894939
3542,1,2476,221,19,1,1.375,0,5,1,1,1,1,0,-3.57685780525,-0.60669362545,,-3.57685780525,-0.60669362545,
3542,2,2476,221,19,1,1.375,0,17,1,1,1,1,,-3.02914309502,-0.618943572044,0.165814638138,-3.57685780525,-0.60669362545,
3543,1,2477,221,19,1,1.375,1,48,1,1,1,1,0,-2.93236112595,-1.76383447647,-0.103292018175,-2.93236112595,-1.76383447647,-0.103292018175
3543,2,2477,221,19,1,1.375,1,61,1,1,1,1,,-2.65057754517,-2.19146132469,,-2.93236112595,-1.76383447647,-0.103292018175
3544,1,2477,221,19,1,1.375,0,1,1,0,0,,,,,,,,
3544,2,2477,221,19,1,1.375,0,14,1,0,0,,,,,,,,
3545,1,2478,221,19,1,1.375,0,66,1,0,0,,,,,,,,
3545,2,2478,221,19,1,1.375,0,72,1,0,0,,,,,,,,
3546,1,2478,221,19,1,1.375,0,11,1,1,1,1,0,-0.682084977627,-0.409948855639,-0.740964591503,-0.682084977627,-0.409948855639,-0.740964591503
3546,2,2478,221,19,1,1.375,0,24,1,1,1,1,,-1.85459911823,0.337932169437,-0.481036931276,-0.682084977627,-0.409948855639,-0.740964591503
3547,1,2479,221,19,0,13.5,1,48,1,1,1,1,0,-1.33051085472,0.21107211709,-0.173859506845,-1.33051085472,0.21107211709,-0.173859506845
3547,2,2479,221,19,0,13.5,1,61,1,1,1,1,,-0.911683261395,0.411464005709,,-1.33051085472,0.21107211709,-0.173859506845
3548,2,2479,221,19,0,13.5,0,11,1,1,0,,,-3.64429783821,-1.52720415592,-0.787801325321,,,
3549,2,2481,222,21,0,24.25,1,29,1,1,0,,,-1.95326375961,-1.25884258747,-0.790295183659,,,
3550,2,2481,222,21,0,24.25,0,4,1,1,0,,,-1.02654528618,0.197153449059,,,,
3551,1,2482,222,21,1,2.75,1,33,1,1,1,1,0,-1.87179577351,-1.83648049831,-2.05024552345,-1.87179577351,-1.83648049831,-2.05024552345
3551,2,2482,222,21,1,2.75,1,46,1,1,1,1,,-1.79374349117,-1.69840848446,-1.40211212635,-1.87179577351,-1.83648049831,-2.05024552345
3552,1,2482,222,21,1,2.75,1,4,1,1,1,1,0,0.3973749578,0.144671022892,,0.3973749578,0.144671022892,
3552,2,2482,222,21,1,2.75,1,17,1,1,1,1,,-1.13055849075,,0.0631840452552,0.3973749578,0.144671022892,
3553,1,2483,222,21,1,2.75,0,33,1,1,1,1,0,-2.44804692268,-0.0795780569315,0.691641151905,-2.44804692268,-0.0795780569315,0.691641151905
3553,2,2483,222,21,1,2.75,0,46,1,1,1,1,,-2.41376662254,-0.520333111286,1.15378093719,-2.44804692268,-0.0795780569315,0.691641151905
3554,1,2483,222,21,1,2.75,0,12,1,1,1,1,0,-1.00949561596,0.768037140369,0.740686416626,-1.00949561596,0.768037140369,0.740686416626
3554,2,2483,222,21,1,2.75,0,25,1,1,1,1,,-1.74006807804,0.854531764984,1.87292575836,-1.00949561596,0.768037140369,0.740686416626
3555,1,2485,222,21,1,2.75,1,17,1,1,1,1,0,-1.30605649948,0.630735516548,0.477056026459,-1.30605649948,0.630735516548,0.477056026459
3555,2,2485,222,21,1,2.75,1,30,1,1,1,1,,-1.87801635265,0.15708181262,1.32753992081,-1.30605649948,0.630735516548,0.477056026459
3556,2,2485,222,21,1,2.75,1,1,1,1,0,,,-0.351649612188,0.786546826363,,,,
3557,1,2486,222,21,1,2.75,1,47,1,1,1,1,0,-3.11274194717,-1.31606984138,-0.878607451916,-3.11274194717,-1.31606984138,-0.878607451916
3557,2,2486,222,21,1,2.75,1,60,1,1,1,1,,-3.35811328888,-1.57901632786,-0.42424929142,-3.11274194717,-1.31606984138,-0.878607451916
3558,1,2486,222,21,1,2.75,0,21,1,1,1,1,0,-2.81293535233,-2.56534838676,-2.25156760216,-2.81293535233,-2.56534838676,-2.25156760216
3558,2,2486,222,21,1,2.75,0,34,1,1,1,1,,-2.86633944511,-2.1410381794,-1.99923098087,-2.81293535233,-2.56534838676,-2.25156760216
3559,2,2486,222,21,1,2.75,0,11,1,1,0,,,-0.939665019512,-0.359304845333,0.600968837738,,,
3560,2,2487,222,21,0,24.25,0,11,1,1,0,,,-0.982598245144,0.0464570559561,1.67602753639,,,
3561,1,2488,222,21,1,2.75,0,13,1,1,1,1,0,0.466362386942,1.63484621048,1.12798380852,0.466362386942,1.63484621048,1.12798380852
3561,2,2488,222,21,1,2.75,0,26,1,1,1,1,,0.486032307148,1.38264620304,1.37576127052,0.466362386942,1.63484621048,1.12798380852
3562,1,2489,222,21,1,2.75,0,8,1,1,1,0,1,-1.88136875629,-1.79815196991,-2.28374123573,-1.88136875629,-1.79815196991,-2.28374123573
3563,1,2490,222,21,1,2.75,0,58,1,1,1,1,0,-0.990637302399,-0.0363096296787,0.031794898212,-0.990637302399,-0.0363096296787,0.031794898212
3563,2,2490,222,21,1,2.75,0,71,1,1,1,1,,-1.26722669601,-0.158345445991,,-0.990637302399,-0.0363096296787,0.031794898212
3564,1,2490,222,21,1,2.75,1,7,1,1,1,1,0,1.12842321396,-0.209437072277,-0.0880557447672,1.12842321396,-0.209437072277,-0.0880557447672
3564,2,2490,222,21,1,2.75,1,20,1,1,1,1,,-1.41179990768,1.38264620304,-2.95972418785,1.12842321396,-0.209437072277,-0.0880557447672
3565,1,2491,222,21,1,2.75,1,44,1,1,1,1,0,-1.65293908119,-0.828735470772,-0.70706474781,-1.65293908119,-0.828735470772,-0.70706474781
3565,2,2491,222,21,1,2.75,1,56,1,1,1,1,,-1.65453636646,-0.676736414433,-0.64541888237,-1.65293908119,-0.828735470772,-0.70706474781
3566,1,2491,222,21,1,2.75,1,21,1,1,1,1,0,-1.84710693359,-0.959996938705,-0.751918077469,-1.84710693359,-0.959996938705,-0.751918077469
3566,2,2491,222,21,1,2.75,1,34,1,1,1,1,,-1.80023932457,-1.61827921867,-1.53316104412,-1.84710693359,-0.959996938705,-0.751918077469
3567,1,2492,223,17,1,1,0,72,1,0,0,,,,,,,,
3567,2,2492,223,17,1,1,0,72,1,0,0,,,,,,,,
3568,1,2492,223,17,1,1,1,15,1,1,1,1,0,-1.9749943018,-1.1439640522,-0.639424264431,-1.9749943018,-1.1439640522,-0.639424264431
3568,2,2492,223,17,1,1,1,28,1,1,1,1,,-2.68135046959,-1.51984071732,-0.479356139898,-1.9749943018,-1.1439640522,-0.639424264431
3569,1,2493,223,17,1,1,1,72,1,0,0,,,,,,,,
3569,2,2493,223,17,1,1,1,70,1,0,0,,,,,,,,
3570,1,2493,223,17,1,1,1,10,1,1,1,1,0,-0.478933542967,-0.656883955002,-0.0184725224972,-0.478933542967,-0.656883955002,-0.0184725224972
3570,2,2493,223,17,1,1,1,23,1,1,1,1,,-2.07023334503,-1.69842875004,-0.736194074154,-0.478933542967,-0.656883955002,-0.0184725224972
3571,1,2494,223,17,1,1,0,23,1,1,1,1,0,-3.63625121117,-2.32307362556,-0.883962154388,-3.63625121117,-2.32307362556,-0.883962154388
3571,2,2494,223,17,1,1,0,36,1,1,1,1,,-3.51600933075,-1.59329783916,-0.151230379939,-3.63625121117,-2.32307362556,-0.883962154388
3572,1,2495,223,17,1,1,1,72,1,0,0,,,,,,,,
3572,2,2495,223,17,1,1,1,72,1,0,0,,,,,,,,
3573,1,2495,223,17,1,1,0,37,1,1,1,1,0,-3.27364706993,-1.6562911272,0.332574784756,-3.27364706993,-1.6562911272,0.332574784756
3573,2,2495,223,17,1,1,0,50,1,1,1,1,,-3.4438328743,-1.79472148418,-0.73419469595,-3.27364706993,-1.6562911272,0.332574784756
3574,1,2495,223,17,1,1,0,8,1,1,1,1,0,-2.47079539299,-1.63390731812,-0.420306712389,-2.47079539299,-1.63390731812,-0.420306712389
3574,2,2495,223,17,1,1,0,21,1,1,1,1,,-3.00429725647,-1.72423100471,-0.295609563589,-2.47079539299,-1.63390731812,-0.420306712389
3575,1,2496,223,17,0,20.5,0,44,1,0,0,,,,,,,,
3575,2,2496,223,17,0,20.5,0,57,1,1,0,,,-0.822143435478,-0.608597874641,-1.24329185486,,,
3576,2,2496,223,17,0,20.5,0,1,1,1,0,,,-2.91511106491,-2.06404805183,,,,
3577,2,2496,223,17,0,20.5,1,1,1,1,0,,,-2.42409348488,-3.13028907776,,,,
3578,1,2497,223,17,1,1,1,6,1,1,1,1,0,-1.53595519066,-1.50543117523,-1.27386057377,-1.53595519066,-1.50543117523,-1.27386057377
3578,2,2497,223,17,1,1,1,19,1,1,1,1,,-2.69359850883,-1.94190967083,-1.88137769699,-1.53595519066,-1.50543117523,-1.27386057377
3579,1,2498,223,17,0,20.5,1,96,1,0,0,,,,,,,,
3579,2,2498,223,17,0,20.5,1,72,1,0,0,,,,,,,,
3580,1,2498,223,17,0,20.5,1,72,1,0,0,,,,,,,,
3580,2,2498,223,17,0,20.5,1,56,1,0,0,,,,,,,,
3581,1,2498,223,17,0,20.5,1,60,1,0,0,,,,,,,,
3581,2,2498,223,17,0,20.5,1,56,1,0,0,,,,,,,,
3582,1,2499,223,17,0,20.5,1,28,1,1,1,1,0,-1.92361104488,-1.08802247047,-0.479356139898,-1.92361104488,-1.08802247047,-0.479356139898
3582,2,2499,223,17,0,20.5,1,41,1,1,1,1,,-2.08803534508,-1.05044412613,-1.20972299576,-1.92361104488,-1.08802247047,-0.479356139898
3583,1,2501,224,19,1,1,0,53,1,1,1,1,0,-0.825397253036,0.0535923019052,-0.218961179256,-0.825397253036,0.0535923019052,-0.218961179256
3583,2,2501,224,19,1,1,0,66,1,1,1,1,,-0.70822763443,0.141535505652,,-0.825397253036,0.0535923019052,-0.218961179256
3584,1,2501,224,19,1,1,0,22,1,1,1,1,0,-1.70324134827,-0.298660606146,-0.385137975216,-1.70324134827,-0.298660606146,-0.385137975216
3584,2,2501,224,19,1,1,0,35,1,1,1,1,,-1.8778012991,-0.0490539744496,-0.243888050318,-1.70324134827,-0.298660606146,-0.385137975216
3585,1,2505,224,19,1,1,0,57,1,1,1,1,0,-1.99353790283,-0.516996920109,-0.307380855083,-1.99353790283,-0.516996920109,-0.307380855083
3585,2,2505,224,19,1,1,0,70,1,1,1,1,,-2.09663367271,-0.648234367371,,-1.99353790283,-0.516996920109,-0.307380855083
3586,1,2505,224,19,1,1,1,25,1,1,1,1,0,-4.06928873062,-1.99726510048,-1.17776536942,-4.06928873062,-1.99726510048,-1.17776536942
3586,2,2505,224,19,1,1,1,38,1,1,1,1,,-3.49530816078,-1.38038992882,-0.779343903065,-4.06928873062,-1.99726510048,-1.17776536942
3587,1,2505,224,19,1,1,1,1,1,1,1,1,0,0.0321363769472,1.4613404274,,0.0321363769472,1.4613404274,
3587,2,2505,224,19,1,1,1,14,1,1,1,1,,0.0627053380013,0.762506723404,0.789331376553,0.0321363769472,1.4613404274,
3588,1,2506,224,19,0,13.5,0,1,1,1,1,1,0,-1.93902277946,-1.17250859737,,-1.93902277946,-1.17250859737,
3588,2,2506,224,19,0,13.5,0,14,1,1,1,1,,-2.36132383347,-1.68895888329,-0.823880255222,-1.93902277946,-1.17250859737,
3589,1,2507,224,19,1,1,1,60,1,0,0,,,,,,,,
3589,2,2507,224,19,1,1,1,72,1,0,0,,,,,,,,
3590,1,2507,224,19,1,1,0,22,1,1,1,1,0,-2.72565722466,-2.01091051102,-1.40099930763,-2.72565722466,-2.01091051102,-1.40099930763
3590,2,2507,224,19,1,1,0,35,1,1,1,1,,-2.16465210915,-1.17405927181,-0.493243962526,-2.72565722466,-2.01091051102,-1.40099930763
3591,1,2508,224,19,1,1,1,18,1,1,1,1,0,-4.7622551918,-3.85906267166,-2.03195929527,-4.7622551918,-3.85906267166,-2.03195929527
3591,2,2508,224,19,1,1,1,31,1,1,1,1,,-4.47712230682,-3.11545133591,-1.10460448265,-4.7622551918,-3.85906267166,-2.03195929527
3592,1,2509,224,19,1,1,0,35,1,1,1,0,1,-3.87209272385,-1.71561121941,-0.748561859131,-3.87209272385,-1.71561121941,-0.748561859131
3593,1,2509,224,19,1,1,0,14,1,1,1,0,1,-3.26957154274,-0.457773596048,-0.0941953361034,-3.26957154274,-0.457773596048,-0.0941953361034
3594,1,2510,225,18,1,1,1,6,1,1,1,1,0,-1.6683229208,-0.201396197081,0.691875040531,-1.6683229208,-0.201396197081,0.691875040531
3594,2,2510,225,18,1,1,1,19,1,1,1,1,,-3.91055464745,-1.42932987213,0.505992591381,-1.6683229208,-0.201396197081,0.691875040531
3595,2,2510,225,18,1,1,0,6,1,1,0,,,-2.11354756355,-1.42031037807,-0.268917292356,,,
3596,1,2511,225,18,1,1,0,12,1,1,1,0,1,-1.11470389366,-0.604549527168,-0.219093188643,-1.11470389366,-0.604549527168,-0.219093188643
3597,1,2512,225,18,1,1,0,23,1,1,1,1,0,-2.33413386345,-0.384733915329,0.75014179945,-2.33413386345,-0.384733915329,0.75014179945
3597,2,2512,225,18,1,1,0,36,1,1,1,1,,-1.82996511459,0.00408463878557,1.17827212811,-2.33413386345,-0.384733915329,0.75014179945
3598,1,2513,225,18,0,21.5,0,12,1,1,1,1,0,-2.46136808395,-1.67025256157,-0.863788127899,-2.46136808395,-1.67025256157,-0.863788127899
3598,2,2513,225,18,0,21.5,0,23,1,1,1,1,,-2.53445696831,-0.998027384281,-0.344105839729,-2.46136808395,-1.67025256157,-0.863788127899
3599,1,2514,225,18,1,1,0,57,1,1,1,1,0,-1.19787335396,-0.444615870714,0.734998047352,-1.19787335396,-0.444615870714,0.734998047352
3599,2,2514,225,18,1,1,0,70,1,1,1,1,,-1.35698616505,-0.925444066525,,-1.19787335396,-0.444615870714,0.734998047352
3600,1,2514,225,18,1,1,1,25,1,1,1,1,0,-0.851168930531,-0.650563597679,0.900252997875,-0.851168930531,-0.650563597679,0.900252997875
3600,2,2514,225,18,1,1,1,38,1,1,1,1,,-0.813263237476,-1.10180211067,-0.30379652977,-0.851168930531,-0.650563597679,0.900252997875
3601,1,2515,225,18,0,21.5,0,39,1,1,1,1,0,-1.32971215248,0.939608931541,0.796671271324,-1.32971215248,0.939608931541,0.796671271324
3601,2,2515,225,18,0,21.5,0,52,1,1,1,1,,-1.43023312092,0.78326010704,1.09050238132,-1.32971215248,0.939608931541,0.796671271324
3602,1,2516,225,18,1,1,1,47,1,1,1,1,0,-2.0115904808,-1.19613814354,-0.878607451916,-2.0115904808,-1.19613814354,-0.878607451916
3602,2,2516,225,18,1,1,1,60,1,1,1,1,,-1.94955384731,-0.923295199871,-1.22302985191,-2.0115904808,-1.19613814354,-0.878607451916
3603,1,2516,225,18,1,1,0,14,1,1,1,1,0,-2.72462034225,-1.51812291145,-0.273131400347,-2.72462034225,-1.51812291145,-0.273131400347
3603,2,2516,225,18,1,1,0,27,1,1,1,1,,-2.33974051476,-0.974503874779,-0.625221431255,-2.72462034225,-1.51812291145,-0.273131400347
3604,1,2517,225,18,0,21.5,0,51,1,1,1,0,1,-1.51076495647,0.367381602526,0.193794757128,-1.51076495647,0.367381602526,0.193794757128
3605,1,2517,225,18,0,21.5,1,24,1,1,1,0,1,-1.0740711689,1.17567229271,1.62055647373,-1.0740711689,1.17567229271,1.62055647373
3606,1,2518,225,18,1,1,0,41,1,0,0,,,,,,,,
3606,2,2518,225,18,1,1,0,53,1,1,0,,,-1.04237794876,-0.0130181359127,0.110931828618,,,
3607,1,2518,225,18,1,1,1,22,1,1,1,1,0,-1.7639913559,-0.377672463655,0.221063911915,-1.7639913559,-0.377672463655,0.221063911915
3607,2,2518,225,18,1,1,1,35,1,1,1,1,,-2.00685286522,-0.631229996681,0.232233077288,-1.7639913559,-0.377672463655,0.221063911915
3608,1,2519,225,18,0,21.5,0,44,1,1,1,1,0,-0.98612087965,0.26832780242,0.655827105045,-0.98612087965,0.26832780242,0.655827105045
3608,2,2519,225,18,0,21.5,0,56,1,1,1,1,,-0.973508358002,0.235998943448,0.287945687771,-0.98612087965,0.26832780242,0.655827105045
3609,1,2519,225,18,0,21.5,1,3,1,1,1,1,0,0.639935135841,0.915560781956,,0.639935135841,0.915560781956,
3609,2,2519,225,18,0,21.5,1,16,1,1,1,1,,-0.59243029356,0.329148858786,0.797644913197,0.639935135841,0.915560781956,
3610,1,2520,225,18,1,1,1,34,1,1,1,1,0,-3.14482450485,-1.38467955589,0.642628729343,-3.14482450485,-1.38467955589,0.642628729343
3610,2,2520,225,18,1,1,1,47,1,1,1,1,,-2.85502624512,-1.36242377758,0.00119266938418,-3.14482450485,-1.38467955589,0.642628729343
3611,1,2520,225,18,1,1,1,24,1,1,1,1,0,-3.78613591194,-1.21114838123,1.40614676476,-3.78613591194,-1.21114838123,1.40614676476
3611,2,2520,225,18,1,1,1,37,1,1,1,1,,-3.34578752518,-0.308834344149,1.14577460289,-3.78613591194,-1.21114838123,1.40614676476
3612,1,2521,225,18,1,1,1,42,1,0,0,,,,,,,,
3612,2,2521,225,18,1,1,1,55,1,1,0,,,-1.48239028454,-0.580112099648,-0.440264344215,,,
3613,1,2521,225,18,1,1,0,15,1,1,1,1,0,-1.8755928278,-1.27205622196,0.228895738721,-1.8755928278,-1.27205622196,0.228895738721
3613,2,2521,225,18,1,1,0,28,1,1,1,1,,-3.01020026207,-0.785450637341,-0.151814639568,-1.8755928278,-1.27205622196,0.228895738721
3614,2,2521,225,18,1,1,0,1,1,0,0,,,,,,,,
3615,1,2522,226,22,1,1.125,1,22,1,1,1,1,0,-1.57169616222,-0.424464643002,-0.111626289785,-1.57169616222,-0.424464643002,-0.111626289785
3615,2,2522,226,22,1,1.125,1,35,1,1,1,1,,-2.32568478584,-0.650245666504,0.0809974297881,-1.57169616222,-0.424464643002,-0.111626289785
3616,2,2522,226,22,1,1.125,0,1,1,1,0,,,-0.783129751682,1.14759624004,,,,
3617,1,2523,226,22,1,1.125,1,14,1,1,1,1,0,-2.61980676651,-1.91874027252,-1.74216246605,-2.61980676651,-1.91874027252,-1.74216246605
3617,2,2523,226,22,1,1.125,1,28,1,1,1,1,,-3.54109525681,-2.24508786201,-1.31251347065,-2.61980676651,-1.91874027252,-1.74216246605
3618,1,2524,226,22,1,1.125,0,18,1,1,1,1,0,-2.04232883453,-0.681177258492,0.556020438671,-2.04232883453,-0.681177258492,0.556020438671
3618,2,2524,226,22,1,1.125,0,32,1,1,1,1,,-2.78352236748,-0.711966514587,-0.0631044209003,-2.04232883453,-0.681177258492,0.556020438671
3619,2,2524,226,22,1,1.125,1,2,1,1,0,,,0.16339699924,-0.225257784128,,,,
3620,1,2525,226,22,1,1.125,0,53,1,1,1,1,0,-2.88101053238,-1.31708276272,-0.600481510162,-2.88101053238,-1.31708276272,-0.600481510162
3620,2,2525,226,22,1,1.125,0,66,1,1,1,1,,-2.8259575367,-1.78141748905,,-2.88101053238,-1.31708276272,-0.600481510162
3621,1,2525,226,22,1,1.125,1,1,1,1,1,1,0,-2.29616498947,-1.40855193138,,-2.29616498947,-1.40855193138,
3621,2,2525,226,22,1,1.125,1,14,1,1,1,1,,-3.51397752762,-2.77282547951,-0.967549145222,-2.29616498947,-1.40855193138,
3622,1,2526,226,22,1,1.125,1,40,1,1,1,1,0,-2.04687929153,-1.0800358057,-0.187418207526,-2.04687929153,-1.0800358057,-0.187418207526
3622,2,2526,226,22,1,1.125,1,53,1,1,1,1,,-2.05969691277,-1.29824745655,-1.44281125069,-2.04687929153,-1.0800358057,-0.187418207526
3623,1,2526,226,22,1,1.125,1,9,1,1,1,1,0,-1.40474486351,-1.86071121693,-1.93115782738,-1.40474486351,-1.86071121693,-1.93115782738
3623,2,2526,226,22,1,1.125,1,22,1,1,1,1,,-1.63579368591,-1.45773589611,-1.95266914368,-1.40474486351,-1.86071121693,-1.93115782738
3624,1,2527,226,22,0,12.25,0,44,1,1,1,1,0,-2.22266817093,-1.3749178648,-0.806991875172,-2.22266817093,-1.3749178648,-0.806991875172
3624,2,2527,226,22,0,12.25,0,57,1,1,1,1,,-1.90513205528,-1.4008718729,-1.75138664246,-2.22266817093,-1.3749178648,-0.806991875172
3625,2,2528,226,22,0,12.25,1,37,1,0,0,,,,,,,,
3626,1,2529,226,22,0,12.25,1,38,1,1,1,1,0,-1.98104465008,-1.72944498062,-1.93773925304,-1.98104465008,-1.72944498062,-1.93773925304
3626,2,2529,226,22,0,12.25,1,51,1,1,1,1,,-1.91711652279,-1.44878482819,-1.78620624542,-1.98104465008,-1.72944498062,-1.93773925304
3627,2,2529,226,22,0,12.25,1,2,1,1,0,,,0.900077402592,1.34608161449,,,,
3628,1,2530,226,22,1,1.125,0,18,1,1,1,1,0,-1.87549412251,0.228581920266,1.2888507843,-1.87549412251,0.228581920266,1.2888507843
3628,2,2530,226,22,1,1.125,0,32,1,1,1,1,,-2.27097034454,-0.292558014393,0.418657004833,-1.87549412251,0.228581920266,1.2888507843
3629,1,2530,226,22,1,1.125,1,1,1,1,1,1,0,-2.16823625565,-2.36151504517,,-2.16823625565,-2.36151504517,
3629,2,2530,226,22,1,1.125,1,13,1,1,1,1,,-0.824303627014,0.429852992296,0.4611107409,-2.16823625565,-2.36151504517,
3630,1,2531,226,22,0,12.25,1,37,1,1,1,1,0,-2.15178275108,-2.13013863564,-1.90586256981,-2.15178275108,-2.13013863564,-1.90586256981
3630,2,2531,226,22,0,12.25,1,50,1,1,1,1,,-2.70307707787,-2.07091140747,-2.30805850029,-2.15178275108,-2.13013863564,-1.90586256981
3631,1,2531,226,22,0,12.25,0,3,1,1,1,1,0,-2.16654157639,-1.07962691784,,-2.16654157639,-1.07962691784,
3631,2,2531,226,22,0,12.25,0,15,1,1,1,1,,-2.78458023071,-2.57856297493,-1.57246303558,-2.16654157639,-1.07962691784,
3632,1,2532,226,22,1,1.125,0,696,1,0,0,,,,,,,,
3632,2,2532,226,22,1,1.125,0,71,1,1,0,,,-1.31828415394,-0.331500440836,,,,
3633,1,2532,226,22,1,1.125,1,252,1,0,0,,,,,,,,
3633,2,2532,226,22,1,1.125,1,34,1,1,0,,,-1.4371997118,-2.43517661095,-1.53316104412,,,
3634,1,2533,226,22,1,1.125,1,6,1,1,1,1,0,-0.366703718901,0.931965589523,,-0.366703718901,0.931965589523,
3634,2,2533,226,22,1,1.125,1,20,1,1,1,1,,-1.39520359039,0.701589584351,0.535299658775,-0.366703718901,0.931965589523,
3635,1,2534,227,22,1,1,1,9,1,0,0,,,,,,,,
3635,2,2534,227,22,1,1,1,22,1,1,0,,,-0.385871589184,0.672021985054,0.622580885887,,,
3636,2,2536,227,22,0,10.5,0,7,1,1,0,,,-1.20424032211,1.08351838589,1.87292575836,,,
3637,1,2538,227,22,1,1,1,13,1,1,1,1,0,-2.2503721714,-0.800228774548,0.4611107409,-2.2503721714,-0.800228774548,0.4611107409
3637,2,2538,227,22,1,1,1,26,1,1,1,1,,-1.38025796413,-0.42268884182,0.912004172802,-2.2503721714,-0.800228774548,0.4611107409
3638,2,2538,227,22,1,1,0,1,1,1,0,,,-3.24903464317,-2.27455210686,,,,
3639,1,2539,227,22,1,1,0,18,1,1,1,0,1,-3.08041930199,-2.43233084679,-1.5248901844,-3.08041930199,-2.43233084679,-1.5248901844
3640,1,2540,227,22,1,1,0,72,1,0,0,,,,,,,,
3640,2,2540,227,22,1,1,0,72,1,0,0,,,,,,,,
3641,1,2540,227,22,1,1,0,55,1,1,1,1,0,-1.54295372963,-0.592830181122,-1.03973352909,-1.54295372963,-0.592830181122,-1.03973352909
3641,2,2540,227,22,1,1,0,69,1,1,1,1,,-1.38525378704,-0.494693785906,,-1.54295372963,-0.592830181122,-1.03973352909
3642,1,2540,227,22,1,1,1,18,1,0,0,,,,,,,,
3642,2,2540,227,22,1,1,1,31,1,1,0,,,-1.42335402966,-0.000368669716408,-0.0220413673669,,,
3643,1,2541,227,22,1,1,1,63,1,0,0,,,,,,,,
3643,2,2541,227,22,1,1,1,72,1,0,0,,,,,,,,
3644,1,2541,227,22,1,1,0,11,1,1,1,1,0,-3.04327130318,-1.32449579239,-0.462946981192,-3.04327130318,-1.32449579239,-0.462946981192
3644,2,2541,227,22,1,1,0,24,1,1,1,1,,-3.03293251991,-1.26305639744,-0.886582672596,-3.04327130318,-1.32449579239,-0.462946981192
3645,1,2542,227,22,1,1,1,45,1,1,1,1,0,-1.83218228817,-0.701194703579,-0.5869358778,-1.83218228817,-0.701194703579,-0.5869358778
3645,2,2542,227,22,1,1,1,58,1,1,1,1,,-1.46503269672,-1.02128601074,-0.916452884674,-1.83218228817,-0.701194703579,-0.5869358778
3646,1,2542,227,22,1,1,0,1,1,1,1,1,0,1.34884953499,0.518771290779,,1.34884953499,0.518771290779,
3646,2,2542,227,22,1,1,0,14,1,1,1,1,,-1.27142441273,-2.13001465797,-2.40705680847,1.34884953499,0.518771290779,
3647,1,2543,227,22,1,1,0,56,1,1,1,1,0,-2.32136559486,-0.398568928242,-0.664201200008,-2.32136559486,-0.398568928242,-0.664201200008
3647,2,2543,227,22,1,1,0,69,1,1,1,1,,-2.11923241615,-0.449708789587,,-2.32136559486,-0.398568928242,-0.664201200008
3648,1,2543,227,22,1,1,0,11,1,1,1,1,0,-2.65689468384,0.0755028873682,0.166639730334,-2.65689468384,0.0755028873682,0.166639730334
3648,2,2543,227,22,1,1,0,24,1,1,1,1,,-3.06566333771,-0.23471775651,1.28890144825,-2.65689468384,0.0755028873682,0.166639730334
3649,2,2544,227,22,0,10.5,1,27,1,1,0,,,-1.82861936092,-1.72920501232,-0.677133262157,,,
3650,2,2544,227,22,0,10.5,0,52,1,1,0,,,-1.56843030453,0.203393146396,1.5010073185,,,
3651,1,2545,228,20,1,2.5,0,5,1,1,1,1,0,-1.30361175537,-1.2910939455,,-1.30361175537,-1.2910939455,
3651,2,2545,228,20,1,2.5,0,18,1,1,1,1,,-2.72820878029,-1.65174460411,0.0439308509231,-1.30361175537,-1.2910939455,
3652,2,2546,228,20,0,13.9999990463,1,21,1,1,0,,,-1.8634096384,-1.10024189949,-1.74385452271,,,
3653,1,2547,228,20,1,2.5,1,744,1,0,0,,,,,,,,
3653,2,2547,228,20,1,2.5,1,72,1,0,0,,,,,,,,
3654,1,2547,228,20,1,2.5,1,384,1,0,0,,,,,,,,
3654,2,2547,228,20,1,2.5,1,45,1,1,0,,,-3.93325543404,-1.61044847965,-0.894033789635,,,
3655,1,2547,228,20,1,2.5,0,1,1,1,1,1,0,0.192956522107,-0.221083834767,,0.192956522107,-0.221083834767,
3655,2,2547,228,20,1,2.5,0,14,1,1,1,1,,-3.26957154274,-1.08376288414,-1.1074975729,0.192956522107,-0.221083834767,
3656,1,2548,228,20,1,2.5,1,49,1,1,1,1,0,-2.4552731514,-1.46704542637,-1.327876091,-2.4552731514,-1.46704542637,-1.327876091
3656,2,2548,228,20,1,2.5,1,62,1,1,1,1,,-2.01332211494,-2.04668354988,,-2.4552731514,-1.46704542637,-1.327876091
3657,1,2548,228,20,1,2.5,1,9,1,1,1,1,0,-0.204284951091,0.363851189613,1.15359008312,-0.204284951091,0.363851189613,1.15359008312
3657,2,2548,228,20,1,2.5,1,21,1,1,1,1,,-0.575577497482,-0.367787510157,0.155178651214,-0.204284951091,0.363851189613,1.15359008312
3658,1,2549,228,20,1,2.5,0,66,1,0,0,,,,,,,,
3658,2,2549,228,20,1,2.5,0,72,1,0,0,,,,,,,,
3659,1,2549,228,20,1,2.5,0,132,1,0,0,,,,,,,,
3659,2,2549,228,20,1,2.5,0,24,1,1,0,,,-1.80549883842,-0.674997270107,-0.659613728523,,,
3660,1,2550,228,20,1,2.5,0,41,1,1,1,1,0,-3.37545490265,-2.74776887894,-2.07588815689,-3.37545490265,-2.74776887894,-2.07588815689
3660,2,2550,228,20,1,2.5,0,55,1,1,1,1,,-3.17153596878,-2.70310664177,-1.80123233795,-3.37545490265,-2.74776887894,-2.07588815689
3661,1,2550,228,20,1,2.5,1,13,1,1,1,1,0,-2.74474358559,-1.60492622852,-1.40525102615,-2.74474358559,-1.60492622852,-1.40525102615
3661,2,2550,228,20,1,2.5,1,26,1,1,1,1,,-3.12202620506,-2.32842111588,-1.42538583279,-2.74474358559,-1.60492622852,-1.40525102615
3662,1,2551,228,20,1,2.5,1,16,1,1,1,1,0,-2.38170695305,-1.2878702879,-0.501048386097,-2.38170695305,-1.2878702879,-0.501048386097
3662,2,2551,228,20,1,2.5,1,28,1,1,1,1,,-2.20047664642,-1.82461118698,-0.649369478226,-2.38170695305,-1.2878702879,-0.501048386097
3663,1,2551,228,20,1,2.5,1,156,1,0,0,,,,,,,,
3663,2,2551,228,20,1,2.5,1,27,1,0,0,,,,,,,,
3664,1,2554,228,20,1,2.5,0,25,1,1,1,1,0,-1.88448691368,-0.644222557545,-0.180645793676,-1.88448691368,-0.644222557545,-0.180645793676
3664,2,2554,228,20,1,2.5,0,38,1,1,1,1,,-1.54699492455,-1.0369464159,-1.00329518318,-1.88448691368,-0.644222557545,-0.180645793676
3665,1,2554,228,20,1,2.5,1,9,1,1,1,1,0,-0.100797079504,-0.187204301357,0.19707532227,-0.100797079504,-0.187204301357,0.19707532227
3665,2,2554,228,20,1,2.5,1,22,1,1,1,1,,-1.49157297611,-1.29461622238,-0.368242025375,-0.100797079504,-0.187204301357,0.19707532227
3666,1,2556,228,20,1,2.5,1,180,1,0,0,,,,,,,,
3666,2,2556,228,20,1,2.5,1,29,1,1,0,,,-3.84932851791,-2.84961104393,-2.07292747498,,,
3667,1,2557,229,18,1,1.25,1,64,1,0,0,,,,,,,,
3667,2,2557,229,18,1,1.25,1,72,1,0,0,,,,,,,,
3668,1,2557,229,18,1,1.25,0,11,1,1,1,1,0,-1.84121143818,-1.16968739033,-0.555054306984,-1.84121143818,-1.16968739033,-0.555054306984
3668,2,2557,229,18,1,1.25,0,24,1,1,1,1,,-2.47649550438,-1.90299630165,-1.25876152515,-1.84121143818,-1.16968739033,-0.555054306984
3669,1,2558,229,18,1,1.25,1,63,1,0,0,,,,,,,,
3669,2,2558,229,18,1,1.25,1,72,1,0,0,,,,,,,,
3670,1,2558,229,18,1,1.25,0,23,1,1,1,1,0,-2.55115175247,,0.0883677378297,-2.55115175247,,0.0883677378297
3670,2,2558,229,18,1,1.25,0,36,1,1,1,1,,-1.77601253986,-0.71883136034,-0.480420023203,-2.55115175247,,0.0883677378297
3671,1,2559,229,18,1,1.25,1,22,1,1,1,1,0,-1.78001451492,-0.607070922852,0.0560375824571,-1.78001451492,-0.607070922852,0.0560375824571
3671,2,2559,229,18,1,1.25,1,35,1,1,1,1,,-2.20612215996,-0.830653846264,0.119017586112,-1.78001451492,-0.607070922852,0.0560375824571
3672,1,2560,229,18,1,1.25,1,59,1,1,1,1,0,-1.53507697582,-0.311738520861,-0.261812448502,-1.53507697582,-0.311738520861,-0.261812448502
3672,2,2560,229,18,1,1.25,1,73,1,1,1,1,,-1.54474794865,-0.857972025871,,-1.53507697582,-0.311738520861,-0.261812448502
3673,1,2560,229,18,1,1.25,1,7,1,1,1,1,0,0.199839636683,1.74831914902,1.13796782494,0.199839636683,1.74831914902,1.13796782494
3673,2,2560,229,18,1,1.25,1,20,1,1,1,1,,-1.62753748894,1.38264620304,1.87292575836,0.199839636683,1.74831914902,1.13796782494
3674,1,2561,229,18,1,1.25,1,30,1,1,1,1,0,-2.07630896568,-1.29313147068,-1.28063356876,-2.07630896568,-1.29313147068,-1.28063356876
3674,2,2561,229,18,1,1.25,1,43,1,1,1,1,,-2.62479496002,-1.72416734695,-1.73495674133,-2.07630896568,-1.29313147068,-1.28063356876
3675,1,2562,229,18,1,1.25,1,20,1,1,1,1,0,-1.34541702271,-1.13608086109,-0.786504030228,-1.34541702271,-1.13608086109,-0.786504030228
3675,2,2562,229,18,1,1.25,1,33,1,1,1,1,,-0.973188400269,-1.43576586246,-2.38724970818,-1.34541702271,-1.13608086109,-0.786504030228
3676,1,2564,229,18,1,1.25,0,20,1,1,1,1,0,-2.4341583252,-1.32412350178,0.477549314499,-2.4341583252,-1.32412350178,0.477549314499
3676,2,2564,229,18,1,1.25,0,33,1,1,1,1,,-2.33576488495,-1.50080442429,-0.472894459963,-2.4341583252,-1.32412350178,0.477549314499
3677,1,2565,229,18,1,1.25,0,21,1,1,1,1,0,-3.02169466019,-1.50302278996,-0.518587768078,-3.02169466019,-1.50302278996,-0.518587768078
3677,2,2565,229,18,1,1.25,0,35,1,1,1,1,,-2.60175657272,-1.07276618481,-0.878539681435,-3.02169466019,-1.50302278996,-0.518587768078
3678,1,2566,229,18,0,21.75,0,72,1,0,0,,,,,,,,
3678,2,2566,229,18,0,21.75,0,11,1,1,0,,,,,0.385343104601,,,
3679,1,2566,229,18,0,21.75,0,29,1,1,1,1,0,-1.38290131092,-0.57704937458,0.137218773365,-1.38290131092,-0.57704937458,0.137218773365
3679,2,2566,229,18,0,21.75,0,42,1,1,1,1,,1.15755546093,-0.12618727982,-0.271730393171,-1.38290131092,-0.57704937458,0.137218773365
3680,2,2566,229,18,0,21.75,1,10,1,1,0,,,-2.48497247696,-1.39262962341,-0.861555635929,,,
3681,1,2568,229,18,0,21.75,1,45,1,1,1,1,0,-3.50348973274,-2.96082282066,-2.31647539139,-3.50348973274,-2.96082282066,-2.31647539139
3681,2,2568,229,18,0,21.75,1,59,1,1,1,1,,-2.6368894577,-2.32109308243,-1.72034847736,-3.50348973274,-2.96082282066,-2.31647539139
3682,1,2568,229,18,0,21.75,1,9,1,1,1,1,0,-2.06706643105,-1.50852513313,-0.584345817566,-2.06706643105,-1.50852513313,-0.584345817566
3682,2,2568,229,18,0,21.75,1,22,1,1,1,1,,-3.09403657913,-2.23530387878,-1.31879484653,-2.06706643105,-1.50852513313,-0.584345817566
3683,1,2569,230,22,1,2,0,3,1,1,1,1,0,-0.552347898483,0.949945211411,,-0.552347898483,0.949945211411,
3683,2,2569,230,22,1,2,0,16,1,1,1,1,,-0.313921868801,-0.443077117205,0.0243090223521,-0.552347898483,0.949945211411,
3684,1,2570,230,22,1,2,1,20,1,1,1,1,0,-1.01350998878,0.796298086643,1.49129998684,-1.01350998878,0.796298086643,1.49129998684
3684,2,2570,230,22,1,2,0,33,1,1,1,1,,0.401098281145,0.520309269428,1.56839823723,-1.01350998878,0.796298086643,1.49129998684
3685,1,2571,230,22,0,20.75,1,60,1,0,0,,,,,,,,
3685,2,2571,230,22,0,20.75,1,72,1,0,0,,,,,,,,
3686,1,2572,230,22,1,2,1,30,1,1,1,1,0,-1.01403439045,0.0215345136821,-0.0133568989113,-1.01403439045,0.0215345136821,-0.0133568989113
3686,2,2572,230,22,1,2,1,43,1,1,1,1,,-0.725504815578,0.0501134321094,0.213454976678,-1.01403439045,0.0215345136821,-0.0133568989113
3687,1,2572,230,22,1,2,0,7,1,1,1,1,0,-2.332716465,-1.05494141579,-0.432124048471,-2.332716465,-1.05494141579,-0.432124048471
3687,2,2572,230,22,1,2,0,20,1,1,1,1,,-2.70068764687,-1.47105705738,-2.73244309425,-2.332716465,-1.05494141579,-0.432124048471
3688,1,2573,230,22,1,2,0,64,1,0,0,,,,,,,,
3688,2,2573,230,22,1,2,0,72,1,0,0,,,,,,,,
3689,1,2573,230,22,1,2,0,22,1,1,1,1,0,-1.82252526283,-1.25090670586,0.388605892658,-1.82252526283,-1.25090670586,0.388605892658
3689,2,2573,230,22,1,2,0,35,1,1,1,1,,-1.86414301395,-1.41561174393,-1.14330613613,-1.82252526283,-1.25090670586,0.388605892658
3690,2,2574,230,22,0,20.75,0,11,1,1,0,,,-1.47630155087,-1.16968739033,-0.555054306984,,,
3691,1,2575,230,22,1,2,0,41,1,1,1,1,0,-3.14610743523,-2.01732754707,-1.25121212006,-3.14610743523,-2.01732754707,-1.25121212006
3691,2,2575,230,22,1,2,0,54,1,1,1,1,,-3.14088106155,-2.11756825447,-1.26663506031,-3.14610743523,-2.01732754707,-1.25121212006
3692,1,2576,230,22,1,2,1,58,1,1,1,1,0,-0.269314140081,0.441908478737,0.157242879272,-0.269314140081,0.441908478737,0.157242879272
3692,2,2576,230,22,1,2,1,69,1,1,1,1,,0.205429881811,0.568483531475,,-0.269314140081,0.441908478737,0.157242879272
3693,1,2576,230,22,1,2,1,12,1,1,1,1,0,-0.297089219093,0.330567449331,0.653326451778,-0.297089219093,0.330567449331,0.653326451778
3693,2,2576,230,22,1,2,1,25,1,1,1,1,,-2.95591068268,0.454086899757,0.633029222488,-0.297089219093,0.330567449331,0.653326451778
3694,1,2577,230,22,1,2,0,50,1,1,1,1,0,-3.39697003365,-2.62181425095,-2.25521254539,-3.39697003365,-2.62181425095,-2.25521254539
3694,2,2577,230,22,1,2,0,63,1,1,1,1,,-3.18749237061,-2.59432625771,,-3.39697003365,-2.62181425095,-2.25521254539
3695,1,2577,230,22,1,2,1,6,1,1,1,1,0,-2.33016300201,-1.75538492203,-1.17588078976,-2.33016300201,-1.75538492203,-1.17588078976
3695,2,2577,230,22,1,2,1,19,1,1,1,1,,-2.77810955048,-2.0471265316,-1.48480176926,-2.33016300201,-1.75538492203,-1.17588078976
3696,1,2579,230,22,1,2,0,48,1,1,1,1,0,-1.38941931725,0.423741012812,0.481189906597,-1.38941931725,0.423741012812,0.481189906597
3696,2,2579,230,22,1,2,0,61,1,1,1,1,,-1.40799486637,-0.0399405956268,,-1.38941931725,0.423741012812,0.481189906597
3697,1,2581,231,22,1,2.375,0,42,1,1,1,1,0,-3.35464119911,-1.43541240692,-0.271730393171,-3.35464119911,-1.43541240692,-0.271730393171
3697,2,2581,231,22,1,2.375,0,52,1,1,1,1,,-2.14424610138,-0.212623119354,-0.159216985106,-3.35464119911,-1.43541240692,-0.271730393171
3698,1,2581,231,22,1,2.375,0,14,1,1,1,1,0,-1.97783946991,-1.11921155453,-0.454348653555,-1.97783946991,-1.11921155453,-0.454348653555
3698,2,2581,231,22,1,2.375,0,27,1,1,1,1,,-2.83429121971,-1.78750002384,-1.49726629257,-1.97783946991,-1.11921155453,-0.454348653555
3699,1,2582,231,22,1,2.375,0,61,1,0,0,,,,,,,,
3699,2,2582,231,22,1,2.375,0,72,1,0,0,,,,,,,,
3700,1,2582,231,22,1,2.375,1,108,1,0,0,,,,,,,,
3700,2,2582,231,22,1,2.375,1,22,1,1,0,,,-2.16460490227,-1.10058701038,-0.239153176546,,,
3701,1,2585,231,22,1,2.375,1,17,1,1,1,1,0,-2.71004080772,-1.39764082432,-0.367781460285,-2.71004080772,-1.39764082432,-0.367781460285
3701,2,2585,231,22,1,2.375,1,30,1,1,1,1,,-2.18961858749,-1.33949398994,-1.41619348526,-2.71004080772,-1.39764082432,-0.367781460285
3702,2,2585,231,22,1,2.375,0,11,1,1,0,,,-2.54956793785,-2.3581700325,-2.579246521,,,
3703,1,2588,231,22,1,2.375,1,60,1,0,0,,,,,,,,
3703,2,2588,231,22,1,2.375,1,72,1,0,0,,,,,,,,
3704,1,2588,231,22,1,2.375,0,24,1,1,1,1,0,-3.52390480042,-2.20437097549,-0.481036931276,-3.52390480042,-2.20437097549,-0.481036931276
3704,2,2588,231,22,1,2.375,0,36,1,1,1,1,,-4.47712230682,-1.65713012218,0.167959570885,-3.52390480042,-2.20437097549,-0.481036931276
3705,1,2589,231,22,1,2.375,0,10,1,0,0,,,,,,,,
3705,2,2589,231,22,1,2.375,0,23,1,1,0,,,-3.16882562637,-1.74711549282,-1.69159257412,,,
3706,1,2589,231,22,1,2.375,0,72,1,0,0,,,,,,,,
3706,2,2589,231,22,1,2.375,0,72,1,0,0,,,,,,,,
3707,1,2589,231,22,1,2.375,0,16,1,1,1,1,0,-1.57146322727,-0.551995873451,-1.16583764553,-1.57146322727,-0.551995873451,-1.16583764553
3707,2,2589,231,22,1,2.375,0,29,1,1,1,1,,-1.39782738686,0.23911973834,-0.757661879063,-1.57146322727,-0.551995873451,-1.16583764553
3708,1,2590,231,22,1,2.375,1,72,1,0,0,,,,,,,,
3708,2,2590,231,22,1,2.375,1,72,1,0,0,,,,,,,,
3709,1,2590,231,22,1,2.375,0,44,1,1,1,1,0,-1.85170400143,-1.07414841652,-0.89045470953,-1.85170400143,-1.07414841652,-0.89045470953
3709,2,2590,231,22,1,2.375,0,57,1,1,1,1,,-1.87197732925,-0.590176045895,-0.9598107934,-1.85170400143,-1.07414841652,-0.89045470953
3710,1,2590,231,22,1,2.375,0,11,1,1,1,1,0,-1.6694881916,-1.48179340363,-0.647724628448,-1.6694881916,-1.48179340363,-0.647724628448
3710,2,2590,231,22,1,2.375,0,24,1,1,1,1,,-2.37829995155,-0.482464283705,-0.0885827466846,-1.6694881916,-1.48179340363,-0.647724628448
3711,1,2591,231,22,1,2.375,0,72,1,0,0,,,,,,,,
3711,2,2591,231,22,1,2.375,0,72,1,0,0,,,,,,,,
3712,1,2591,231,22,1,2.375,0,5,1,1,1,1,0,0.093484967947,-0.012625255622,,0.093484967947,-0.012625255622,
3712,2,2591,231,22,1,2.375,0,18,1,1,1,1,,-1.91256821156,0.252610266209,-0.13126398623,0.093484967947,-0.012625255622,
3713,1,2592,231,22,1,2.375,0,8,1,0,0,,,,,,,,
3713,2,2592,231,22,1,2.375,0,21,1,1,0,,,-4.47712230682,-2.36252593994,-1.3554828167,,,
3714,1,2593,232,18,0,25,0,72,1,0,0,,,,,,,,
3714,2,2593,232,18,0,25,0,69,1,1,0,,,-1.90213978291,-1.6639752388,,,,
3715,2,2593,232,18,0,25,0,45,1,1,0,,,0.32624283433,0.746950387955,0.376769065857,,,
3716,1,2594,232,18,1,2.5,1,68,1,0,0,,,,,,,,
3716,2,2594,232,18,1,2.5,1,72,1,0,0,,,,,,,,
3717,1,2594,232,18,1,2.5,1,37,1,1,1,1,0,-2.73580789566,-1.8039509058,-0.621886968613,-2.73580789566,-1.8039509058,-0.621886968613
3717,2,2594,232,18,1,2.5,1,50,1,1,1,1,,-3.67236351967,-2.12770462036,-1.27819263935,-2.73580789566,-1.8039509058,-0.621886968613
3718,1,2594,232,18,1,2.5,0,3,1,1,1,1,0,-0.454517543316,0.111467637122,,-0.454517543316,0.111467637122,
3718,2,2594,232,18,1,2.5,0,17,1,1,1,1,,-2.76405119896,-1.86848890781,-1.19875752926,-0.454517543316,0.111467637122,
3719,1,2595,232,18,1,2.5,0,54,1,1,1,1,0,-2.05366444588,-0.734423279762,-0.938437461853,-2.05366444588,-0.734423279762,-0.938437461853
3719,2,2595,232,18,1,2.5,0,68,1,1,1,1,,-1.84996676445,-0.427903801203,,-2.05366444588,-0.734423279762,-0.938437461853
3720,1,2595,232,18,1,2.5,0,14,1,1,1,1,0,-2.52278757095,-2.10746741295,-1.1074975729,-2.52278757095,-2.10746741295,-1.1074975729
3720,2,2595,232,18,1,2.5,0,28,1,1,1,1,,-2.0991230011,-1.02199780941,-0.938693106174,-2.52278757095,-2.10746741295,-1.1074975729
3721,1,2596,232,18,1,2.5,1,20,1,1,1,1,0,-4.74746370316,,-0.254954814911,-4.74746370316,,-0.254954814911
3721,2,2596,232,18,1,2.5,1,34,1,1,1,1,,-3.64232063293,,-1.05125844479,-4.74746370316,,-0.254954814911
3722,1,2597,232,18,1,2.5,1,8,1,1,1,1,0,-2.15636992455,-0.910311579704,-0.0817824304104,-2.15636992455,-0.910311579704,-0.0817824304104
3722,2,2597,232,18,1,2.5,1,20,1,1,1,1,,-3.20409584045,,-1.68659698963,-2.15636992455,-0.910311579704,-0.0817824304104
3723,1,2598,232,18,1,2.5,0,34,1,1,1,1,0,-3.10166621208,-2.2746655941,-0.462820231915,-3.10166621208,-2.2746655941,-0.462820231915
3723,2,2598,232,18,1,2.5,0,46,1,1,1,1,,-2.70506954193,-1.58224439621,-1.3177382946,-3.10166621208,-2.2746655941,-0.462820231915
3724,1,2598,232,18,1,2.5,0,7,1,1,1,1,0,-1.96423363686,-1.91071486473,-0.432124048471,-1.96423363686,-1.91071486473,-0.432124048471
3724,2,2598,232,18,1,2.5,0,21,1,1,1,1,,-3.87411928177,-2.07640981674,-1.50050199032,-1.96423363686,-1.91071486473,-0.432124048471
3725,1,2599,232,18,0,25,0,28,1,1,1,1,0,-1.79543054104,-0.712888300419,-0.0675997436047,-1.79543054104,-0.712888300419,-0.0675997436047
3725,2,2599,232,18,0,25,0,41,1,1,1,1,,-1.98663163185,-0.484628260136,-0.0883773118258,-1.79543054104,-0.712888300419,-0.0675997436047
3726,1,2600,232,18,0,25,1,14,1,1,1,1,0,-1.11089360714,-0.0060684112832,-0.333649128675,-1.11089360714,-0.0060684112832,-0.333649128675
3726,2,2600,232,18,0,25,1,27,1,1,1,1,,-0.394234269857,0.717072308064,0.774574577808,-1.11089360714,-0.0060684112832,-0.333649128675
3727,1,2601,232,18,1,2.5,0,34,1,1,1,1,0,-1.32979249954,-0.0495767407119,-0.547433078289,-1.32979249954,-0.0495767407119,-0.547433078289
3727,2,2601,232,18,1,2.5,0,47,1,1,1,1,,-1.42238545418,-0.324898779392,-1.04000222683,-1.32979249954,-0.0495767407119,-0.547433078289
3728,1,2601,232,18,1,2.5,0,7,1,1,1,1,0,-1.34242224693,-0.969546735287,-0.338837862015,-1.34242224693,-0.969546735287,-0.338837862015
3728,2,2601,232,18,1,2.5,0,20,1,1,1,1,,-2.89614081383,-1.75320708752,-1.9018137455,-1.34242224693,-0.969546735287,-0.338837862015
3729,1,2602,232,18,1,2.5,0,16,1,1,1,1,0,-1.41668832302,-0.858227312565,0.455838501453,-1.41668832302,-0.858227312565,0.455838501453
3729,2,2602,232,18,1,2.5,0,28,1,1,1,1,,-1.55247557163,,0.140285909176,-1.41668832302,-0.858227312565,0.455838501453
3730,2,2604,232,18,1,2.5,1,11,1,1,0,,,-1.85299444199,-2.02151346207,-2.28904676437,,,
3731,1,2605,233,17,1,1,1,20,1,1,1,1,0,-1.42839384079,-0.00488016707823,0.57528179884,-1.42839384079,-0.00488016707823,0.57528179884
3731,2,2605,233,17,1,1,1,33,1,1,1,1,,-1.39526200294,0.241095811129,1.14802014828,-1.42839384079,-0.00488016707823,0.57528179884
3732,1,2606,233,17,1,1,1,19,1,1,1,1,0,-2.62599086761,-1.56620264053,-1.19672107697,-2.62599086761,-1.56620264053,-1.19672107697
3732,2,2606,233,17,1,1,1,32,1,1,1,1,,-1.36260163784,-1.62325417995,-0.346822440624,-2.62599086761,-1.56620264053,-1.19672107697
3733,1,2607,233,17,1,1,1,23,1,1,1,1,0,-1.66060996056,-0.833748281002,-0.428558081388,-1.66060996056,-0.833748281002,-0.428558081388
3733,2,2607,233,17,1,1,1,36,1,1,1,1,,-1.73369550705,-0.724568009377,0.154660493135,-1.66060996056,-0.833748281002,-0.428558081388
3734,1,2608,233,17,1,1,0,30,1,1,1,1,0,-3.06376743317,-1.51006138325,-1.11243534088,-3.06376743317,-1.51006138325,-1.11243534088
3734,2,2608,233,17,1,1,0,43,1,1,1,1,,-2.40978884697,-1.67199468613,-1.3406111002,-3.06376743317,-1.51006138325,-1.11243534088
3735,2,2608,233,17,1,1,0,12,1,1,0,,,-2.20886874199,-2.80460357666,-1.39085459709,,,
3736,1,2609,233,17,1,1,0,26,1,1,1,1,0,-0.238213732839,-0.0948422625661,-1.12172687054,-0.238213732839,-0.0948422625661,-1.12172687054
3736,2,2609,233,17,1,1,0,39,1,1,1,1,,-0.39243376255,0.303070634604,-0.770985305309,-0.238213732839,-0.0948422625661,-1.12172687054
3737,1,2609,233,17,1,1,1,10,1,1,1,1,0,0.49368801713,0.547154903412,-0.277325361967,0.49368801713,0.547154903412,-0.277325361967
3737,2,2609,233,17,1,1,1,23,1,1,1,1,,0.0251432005316,0.198558151722,0.0788008570671,0.49368801713,0.547154903412,-0.277325361967
3738,1,2610,233,17,0,15.5,1,13,1,1,1,0,1,-1.64191675186,-0.760373950005,-0.654258370399,-1.64191675186,-0.760373950005,-0.654258370399
3738,2,2610,233,17,0,15.5,1,26,1,0,1,0,,,,,-1.64191675186,-0.760373950005,-0.654258370399
3739,2,2610,233,17,0,15.5,0,1,1,1,0,,,-2.96648335457,-2.80085062981,,,,
3740,1,2612,233,17,0,15.5,1,42,1,1,1,1,0,-2.12622904778,-0.0868980139494,-0.640998601913,-2.12622904778,-0.0868980139494,-0.640998601913
3740,2,2612,233,17,0,15.5,1,55,1,1,1,1,,-1.93063747883,-0.575652122498,-0.544449806213,-2.12622904778,-0.0868980139494,-0.640998601913
3741,1,2613,233,17,0,15.5,1,32,1,0,0,,,,,,,,
3741,2,2613,233,17,0,15.5,1,45,1,1,0,,,-0.304129272699,-0.0446050576866,-0.816359937191,,,
3742,2,2613,233,17,0,15.5,0,4,1,1,0,,,0.775674700737,0.574249744415,,,,
3743,1,2614,233,17,0,15.5,0,61,1,0,0,,,,,,,,
3743,2,2614,233,17,0,15.5,0,73,1,1,0,,,-0.795483052731,-0.111075088382,,,,
3744,1,2615,233,17,1,1,1,4,1,1,1,0,1,-1.49686825275,-0.36425280571,,-1.49686825275,-0.36425280571,
3744,2,2615,233,17,1,1,1,17,1,0,1,0,,,,,-1.49686825275,-0.36425280571,
3745,1,2616,234,21,1,1,0,2,1,1,1,1,0,-2.011977911,-0.186631277204,,-2.011977911,-0.186631277204,
3745,2,2616,234,21,1,1,0,15,1,1,1,1,,-2.96242713928,-1.517162323,-0.256019979715,-2.011977911,-0.186631277204,
3746,1,2617,234,21,1,1,0,12,1,1,1,1,0,-2.79803562164,-1.22982859612,-0.676705896854,-2.79803562164,-1.22982859612,-0.676705896854
3746,2,2617,234,21,1,1,0,25,1,1,1,1,,-1.61169910431,-0.993323504925,-0.223752751946,-2.79803562164,-1.22982859612,-0.676705896854
3747,1,2619,234,21,1,1,0,12,1,1,1,1,0,-1.40928566456,0.0963900908828,1.23936975002,-1.40928566456,0.0963900908828,1.23936975002
3747,2,2619,234,21,1,1,0,25,1,1,1,1,,-0.424268186092,-0.0922883674502,0.690475523472,-1.40928566456,0.0963900908828,1.23936975002
3748,1,2620,234,21,0,14.75,1,59,1,1,1,1,0,-2.31905913353,-1.35752308369,-1.3800765276,-2.31905913353,-1.35752308369,-1.3800765276
3748,2,2620,234,21,0,14.75,1,72,1,1,1,1,,-2.3389415741,-1.47920656204,,-2.31905913353,-1.35752308369,-1.3800765276
3749,1,2620,234,21,0,14.75,1,34,1,1,1,1,0,-2.25739741325,-1.9002045393,-1.8056858778,-2.25739741325,-1.9002045393,-1.8056858778
3749,2,2620,234,21,0,14.75,1,47,1,1,1,1,,-1.98816394806,-1.70388638973,-1.47153007984,-2.25739741325,-1.9002045393,-1.8056858778
3750,2,2620,234,21,0,14.75,0,6,1,1,0,,,-2.5574119091,-2.80352640152,-2.72945046425,,,
3751,1,2621,234,21,1,1,0,45,1,1,1,1,0,-3.17779660225,-2.03440713882,-1.60584592819,-3.17779660225,-2.03440713882,-1.60584592819
3751,2,2621,234,21,1,1,0,58,1,1,1,1,,-2.60191130638,-2.38427233696,-1.64073061943,-3.17779660225,-2.03440713882,-1.60584592819
3752,1,2621,234,21,1,1,1,15,1,1,1,1,0,-2.50434494019,-2.30195355415,-1.68469083309,-2.50434494019,-2.30195355415,-1.68469083309
3752,2,2621,234,21,1,1,1,28,1,1,1,1,,-2.21504950523,-2.12608265877,-1.45027494431,-2.50434494019,-2.30195355415,-1.68469083309
3753,1,2622,234,21,1,1,0,18,1,1,1,1,0,-2.33892679214,-1.48589479923,-1.3303604126,-2.33892679214,-1.48589479923,-1.3303604126
3753,2,2622,234,21,1,1,0,31,1,1,1,1,,-1.95515394211,-1.39876711369,-1.70938384533,-2.33892679214,-1.48589479923,-1.3303604126
3754,1,2623,234,21,0,14.75,0,32,1,1,1,1,0,-2.22825717926,-0.427772253752,0.804509997368,-2.22825717926,-0.427772253752,0.804509997368
3754,2,2623,234,21,0,14.75,0,45,1,1,1,1,,-2.16088938713,-0.644337296486,0.376769065857,-2.22825717926,-0.427772253752,0.804509997368
3755,1,2624,234,21,1,1,0,21,1,1,1,1,0,-3.5087928772,-1.42146670818,-0.251481503248,-3.5087928772,-1.42146670818,-0.251481503248
3755,2,2624,234,21,1,1,0,35,1,1,1,1,,-3.21643733978,-1.47188067436,-0.285043746233,-3.5087928772,-1.42146670818,-0.251481503248
3756,1,2625,234,21,1,1,0,24,1,1,1,1,0,-1.39635765553,-0.346449524164,0.124086745083,-1.39635765553,-0.346449524164,0.124086745083
3756,2,2625,234,21,1,1,0,37,1,1,1,1,,-0.555315315723,0.304605722427,0.138470709324,-1.39635765553,-0.346449524164,0.124086745083
3757,1,2625,234,21,1,1,1,5,1,0,0,,,,,,,,
3757,2,2625,234,21,1,1,1,18,1,1,0,,,-1.03582584858,-1.02246618271,-0.503376305103,,,
3758,2,2626,234,21,0,14.75,0,35,1,1,0,,,-2.15099167824,-1.81820201874,-2.32196474075,,,
3759,1,2627,235,19,1,1.25,0,22,1,1,1,1,0,-2.93014264107,-0.910801410675,0.636196374893,-2.93014264107,-0.910801410675,0.636196374893
3759,2,2627,235,19,1,1.25,0,34,1,1,1,1,,-2.97708201408,-1.16651105881,-1.29461812973,-2.93014264107,-0.910801410675,0.636196374893
3760,1,2628,235,19,1,1.25,1,19,1,1,1,1,0,-2.55838060379,-1.46815216541,-0.916221857071,-2.55838060379,-1.46815216541,-0.916221857071
3760,2,2628,235,19,1,1.25,1,32,1,1,1,1,,-3.22423100471,-1.76170527935,-1.01642751694,-2.55838060379,-1.46815216541,-0.916221857071
3761,2,2628,235,19,1,1.25,1,7,1,1,0,,,-2.19719958305,-0.490962922573,0.0842277109623,,,
3762,1,2631,235,19,1,1.25,1,10,1,1,1,1,0,-0.762617409229,0.171536058187,0.720912754536,-0.762617409229,0.171536058187,0.720912754536
3762,2,2631,235,19,1,1.25,1,24,1,1,1,1,,-1.46150898933,0.475308656693,1.18716824055,-0.762617409229,0.171536058187,0.720912754536
3763,1,2632,235,19,1,1.25,1,4,1,1,1,1,0,-2.00507903099,-1.15021777153,,-2.00507903099,-1.15021777153,
3763,2,2632,235,19,1,1.25,1,17,1,1,1,1,,-3.21898388863,-1.20995998383,0.147285476327,-2.00507903099,-1.15021777153,
3764,1,2634,235,19,0,11,1,49,1,1,1,1,0,-2.0180516243,-1.48429751396,-2.15323328972,-2.0180516243,-1.48429751396,-2.15323328972
3764,2,2634,235,19,0,11,1,62,1,1,1,1,,-1.6908005476,-1.08563435078,,-2.0180516243,-1.48429751396,-2.15323328972
3765,2,2634,235,19,0,11,0,8,1,1,0,,,-2.5388071537,-1.09708976746,-1.22781312466,,,
3766,1,2635,235,19,1,1.25,0,37,1,1,1,1,0,-3.0071439743,-1.50337934494,0.177584439516,-3.0071439743,-1.50337934494,0.177584439516
3766,2,2635,235,19,1,1.25,0,50,1,1,1,1,,-2.63543891907,-1.46023833752,-0.496597319841,-3.0071439743,-1.50337934494,0.177584439516
3767,1,2635,235,19,1,1.25,0,15,1,1,1,1,0,-2.40912771225,-0.714265882969,0.655582249165,-2.40912771225,-0.714265882969,0.655582249165
3767,2,2635,235,19,1,1.25,0,28,1,1,1,1,,-2.70650792122,-1.38991224766,-0.848577976227,-2.40912771225,-0.714265882969,0.655582249165
3768,1,2636,235,19,1,1.25,0,8,1,1,1,1,0,-1.01989531517,-1.88771831989,-0.890504539013,-1.01989531517,-1.88771831989,-0.890504539013
3768,2,2636,235,19,1,1.25,0,21,1,1,1,1,,-1.82133865356,-1.73356854916,-1.25971639156,-1.01989531517,-1.88771831989,-0.890504539013
3769,1,2637,235,19,1,1.25,0,21,1,1,1,1,0,-2.84773039818,-1.26056182384,-0.608890473843,-2.84773039818,-1.26056182384,-0.608890473843
3769,2,2637,235,19,1,1.25,0,33,1,1,1,1,,-1.98488497734,-1.06723546982,-1.96906161308,-2.84773039818,-1.26056182384,-0.608890473843
3770,2,2638,235,19,1,1.25,0,18,1,0,0,,,,,,,,
3771,2,2639,236,22,0,11.25,1,50,1,1,0,,,-2.18992519379,-1.10218214989,-0.526134848595,,,
3772,1,2640,236,22,1,1,1,20,1,1,1,1,0,-2.19178080559,-1.32027328014,0.251047819853,-2.19178080559,-1.32027328014,0.251047819853
3772,2,2640,236,22,1,1,1,33,1,1,1,1,,-2.37556171417,-1.84443902969,-0.885155260563,-2.19178080559,-1.32027328014,0.251047819853
3773,1,2642,236,22,1,1,1,9,1,1,1,1,0,-2.00497317314,-1.58258390427,-0.951664507389,-2.00497317314,-1.58258390427,-0.951664507389
3773,2,2642,236,22,1,1,1,22,1,1,1,1,,-2.10050725937,-1.35757398605,-1.17769098282,-2.00497317314,-1.58258390427,-0.951664507389
3774,1,2643,236,22,1,1,1,156,1,0,0,,,,,,,,
3774,2,2643,236,22,1,1,1,37,1,1,0,,,-2.37241411209,-0.974877715111,-0.784104883671,,,
3775,1,2645,236,22,1,1,1,37,1,1,1,1,0,-3.16409158707,-2.18486952782,-1.28674030304,-3.16409158707,-2.18486952782,-1.28674030304
3775,2,2645,236,22,1,1,1,50,1,1,1,1,,-3.04517817497,-2.07091140747,-1.35670888424,-3.16409158707,-2.18486952782,-1.28674030304
3776,1,2645,236,22,1,1,1,7,1,1,1,1,0,-2.13241577148,-1.05069339275,-0.263293981552,-2.13241577148,-1.05069339275,-0.263293981552
3776,2,2645,236,22,1,1,1,20,1,1,1,1,,-3.30366873741,-2.09142208099,-1.06262469292,-2.13241577148,-1.05069339275,-0.263293981552
3777,1,2646,236,22,1,1,0,480,1,0,0,,,,,,,,
3777,2,2646,236,22,1,1,0,53,1,1,0,,,-3.42917442322,-1.5420217514,-0.998942196369,,,
3778,1,2646,236,22,1,1,1,4,1,1,1,0,1,-1.31206345558,-0.879587769508,,-1.31206345558,-0.879587769508,
3778,2,2646,236,22,1,1,1,17,1,0,1,0,,,,,-1.31206345558,-0.879587769508,
3779,1,2648,236,22,1,1,0,13,1,1,1,1,0,-3.14037895203,-0.905860602856,-0.611184477806,-3.14037895203,-0.905860602856,-0.611184477806
3779,2,2648,236,22,1,1,0,26,1,1,1,1,,-3.4343392849,-0.613097369671,-0.0585788153112,-3.14037895203,-0.905860602856,-0.611184477806
3780,1,2648,236,22,1,1,0,13,1,1,1,1,0,-2.46025300026,-1.22606444359,-0.985476672649,-2.46025300026,-1.22606444359,-0.985476672649
3780,2,2648,236,22,1,1,0,26,1,1,1,1,,-2.72584104538,-0.214378267527,0.357690691948,-2.46025300026,-1.22606444359,-0.985476672649
3781,1,2650,237,22,1,1,1,19,1,1,1,1,0,-2.62599086761,-0.908313632011,-0.116719909012,-2.62599086761,-0.908313632011,-0.116719909012
3781,2,2650,237,22,1,1,1,33,1,1,1,1,,-2.56617450714,-1.30275988579,-0.227904498577,-2.62599086761,-0.908313632011,-0.116719909012
3782,1,2650,237,22,1,1,1,56,1,1,1,1,0,-2.59796261787,-1.18366873264,-0.786653280258,-2.59796261787,-1.18366873264,-0.786653280258
3782,2,2650,237,22,1,1,1,69,1,1,1,1,,-2.67870736122,-1.46583533287,,-2.59796261787,-1.18366873264,-0.786653280258
3783,1,2651,237,22,1,1,1,38,1,1,1,1,0,-3.09749388695,-2.03862714767,-1.23564147949,-3.09749388695,-2.03862714767,-1.23564147949
3783,2,2651,237,22,1,1,1,51,1,1,1,1,,-3.25117993355,-1.91736006737,-1.543825984,-3.09749388695,-2.03862714767,-1.23564147949
3784,1,2651,237,22,1,1,0,13,1,1,1,1,0,-2.41903066635,-0.58613461256,-0.0672851502895,-2.41903066635,-0.58613461256,-0.0672851502895
3784,2,2651,237,22,1,1,0,27,1,1,1,1,,-2.29337835312,1.05357801914,-0.106070026755,-2.41903066635,-0.58613461256,-0.0672851502895
3785,1,2652,237,22,1,1,1,16,1,1,1,1,0,-0.860821843147,0.500072002411,1.06964421272,-0.860821843147,0.500072002411,1.06964421272
3785,2,2652,237,22,1,1,1,29,1,1,1,1,,-0.861589133739,0.761051058769,1.86037552357,-0.860821843147,0.500072002411,1.06964421272
3786,1,2654,237,22,1,1,1,17,1,1,1,1,0,-0.814661562443,0.660056948662,0.717685163021,-0.814661562443,0.660056948662,0.717685163021
3786,2,2654,237,22,1,1,1,30,1,1,1,1,,-0.787414908409,0.181402981281,0.144548013806,-0.814661562443,0.660056948662,0.717685163021
3787,1,2655,237,22,1,1,0,16,1,1,1,1,0,-2.6161916256,-1.15533399582,-0.421259701252,-2.6161916256,-1.15533399582,-0.421259701252
3787,2,2655,237,22,1,1,0,30,1,1,1,1,,-2.4470615387,-1.54083120823,-0.578927218914,-2.6161916256,-1.15533399582,-0.421259701252
3788,1,2658,237,22,1,1,0,20,1,1,1,1,0,-1.01266944408,1.45168709755,1.75709688663,-1.01266944408,1.45168709755,1.75709688663
3788,2,2658,237,22,1,1,0,33,1,1,1,1,,-0.581365406513,1.23452651501,1.56839823723,-1.01266944408,1.45168709755,1.75709688663
3789,1,2659,237,22,1,1,1,18,1,1,1,1,0,-1.2252266407,-0.402559190989,0.185359954834,-1.2252266407,-0.402559190989,0.185359954834
3789,2,2659,237,22,1,1,1,30,1,1,1,1,,-1.07068812847,-0.66345500946,-0.755182862282,-1.2252266407,-0.402559190989,0.185359954834
3790,1,2660,237,22,1,1,0,24,1,1,1,1,0,-3.474807024,-1.49110293388,-0.569997608662,-3.474807024,-1.49110293388,-0.569997608662
3790,2,2660,237,22,1,1,0,38,1,1,1,1,,-4.15389060974,-1.97284209728,-0.247962012887,-3.474807024,-1.49110293388,-0.569997608662
3791,2,2660,237,22,1,1,1,10,1,1,0,,,-1.41103279591,0.920329391956,1.84443056583,,,
3792,1,2661,238,17,0,17.5,1,40,1,1,1,1,0,-1.40638887882,-0.521030843258,0.255061089993,-1.40638887882,-0.521030843258,0.255061089993
3792,2,2661,238,17,0,17.5,1,52,1,1,1,1,,-0.694871604443,-0.219952777028,-0.23830139637,-1.40638887882,-0.521030843258,0.255061089993
3793,1,2662,238,17,1,1,1,56,1,0,0,,,,,,,,
3793,2,2662,238,17,1,1,1,69,1,0,0,,,,,,,,
3794,1,2662,238,17,1,1,0,19,1,1,1,1,0,-2.55572605133,-0.263425469398,-0.346170544624,-2.55572605133,-0.263425469398,-0.346170544624
3794,2,2662,238,17,1,1,0,31,1,1,1,1,,-1.88288104534,-0.477418273687,-0.317718088627,-2.55572605133,-0.263425469398,-0.346170544624
3795,1,2663,238,17,1,1,0,3,1,1,1,1,0,-2.2399148941,-1.33556818962,,-2.2399148941,-1.33556818962,
3795,2,2663,238,17,1,1,0,16,1,1,1,1,,-3.17724728584,-1.49244630337,-0.466625481844,-2.2399148941,-1.33556818962,
3796,1,2664,238,17,1,1,0,6,1,1,1,1,0,-1.6930423975,-0.131954655051,1.5590634346,-1.6930423975,-0.131954655051,1.5590634346
3796,2,2664,238,17,1,1,0,19,1,1,1,1,,-1.70282328129,-0.686888098717,0.222065657377,-1.6930423975,-0.131954655051,1.5590634346
3797,1,2665,238,17,1,1,0,636,1,0,0,,,,,,,,
3797,2,2665,238,17,1,1,0,66,1,1,0,,,-2.1621928215,-0.897863924503,,,,
3798,1,2665,238,17,1,1,0,1,1,1,1,1,0,-1.99039697647,-1.22934377193,,-1.99039697647,-1.22934377193,
3798,2,2665,238,17,1,1,0,13,1,1,1,1,,-1.59463262558,-0.764672935009,-0.473285377026,-1.99039697647,-1.22934377193,
3799,1,2666,238,17,1,1,0,6,1,1,1,1,0,-1.55287277699,0.653213799,0.867109358311,-1.55287277699,0.653213799,0.867109358311
3799,2,2666,238,17,1,1,0,19,1,1,1,1,,-2.93681049347,0.678994894028,1.87292575836,-1.55287277699,0.653213799,0.867109358311
3800,1,2668,238,17,1,1,0,22,1,1,1,1,0,-1.70324134827,-0.463599383831,0.388605892658,-1.70324134827,-0.463599383831,0.388605892658
3800,2,2668,238,17,1,1,0,35,1,1,1,1,,-1.98707997799,-0.841380178928,-0.409475982189,-1.70324134827,-0.463599383831,0.388605892658
3801,2,2668,238,17,1,1,1,11,1,1,0,,,-1.99183928967,-1.33755111694,-0.764319300652,,,
3802,1,2669,238,17,1,1,0,48,1,1,1,1,0,-1.97357869148,-2.097448349,-2.3128323555,-1.97357869148,-2.097448349,-2.3128323555
3802,2,2669,238,17,1,1,0,60,1,1,1,1,,-1.69702482224,-2.21024918556,-2.76869630814,-1.97357869148,-2.097448349,-2.3128323555
3803,1,2669,238,17,1,1,0,15,1,1,1,1,0,-4.40494632721,-3.43956255913,0.315281242132,-4.40494632721,-3.43956255913,0.315281242132
3803,2,2669,238,17,1,1,0,28,1,1,1,1,,-3.29870724678,-2.89730262756,-1.83146762848,-4.40494632721,-3.43956255913,0.315281242132
3804,1,2670,238,17,1,1,1,43,1,0,0,,,,,,,,
3804,2,2670,238,17,1,1,1,55,1,1,0,,,-1.72291171551,-1.30533444881,-1.46049177647,,,
3805,1,2670,238,17,1,1,0,9,1,1,1,1,0,-0.431824564934,-0.863316655159,0.508853137493,-0.431824564934,-0.863316655159,0.508853137493
3805,2,2670,238,17,1,1,0,22,1,1,1,1,,-1.77140402794,-1.07071697712,-1.16276526451,-0.431824564934,-0.863316655159,0.508853137493
3806,2,2671,238,17,0,17.5,0,1,1,1,0,,,-3.73707866669,-1.91954886913,,,,
3807,1,2674,239,21,1,1.25,0,16,1,1,1,1,0,-1.6295042038,-0.570272266865,-1.16583764553,-1.6295042038,-0.570272266865,-1.16583764553
3807,2,2674,239,21,1,1.25,0,29,1,1,1,1,,-1.96498250961,-0.739077985287,-1.2558914423,-1.6295042038,-0.570272266865,-1.16583764553
3808,1,2675,239,21,1,1.25,0,1,1,0,0,,,,,,,,
3808,2,2675,239,21,1,1.25,0,59,1,0,0,,,,,,,,
3809,1,2675,239,21,1,1.25,0,56,1,1,1,1,0,-1.51933562756,-0.619608104229,-1.1413680315,-1.51933562756,-0.619608104229,-1.1413680315
3809,2,2675,239,21,1,1.25,0,69,1,1,1,1,,-1.44728076458,-0.686573803425,,-1.51933562756,-0.619608104229,-1.1413680315
3810,1,2676,239,21,1,1.25,1,10,1,1,1,0,1,-3.21444010735,-2.65937662125,-2.19118094444,-3.21444010735,-2.65937662125,-2.19118094444
3811,1,2677,239,21,1,1.25,0,17,1,1,1,1,0,-1.21136140823,0.140314489603,-0.363507688046,-1.21136140823,0.140314489603,-0.363507688046
3811,2,2677,239,21,1,1.25,0,31,1,1,1,1,,-1.79615497589,0.367581069469,0.843683958054,-1.21136140823,0.140314489603,-0.363507688046
3812,1,2678,239,21,1,1.25,1,44,1,1,1,1,0,-2.01459026337,-0.482746005058,-0.630281865597,-2.01459026337,-0.482746005058,-0.630281865597
3812,2,2678,239,21,1,1.25,1,57,1,1,1,1,,-1.80168247223,-0.908507585526,-0.852003157139,-2.01459026337,-0.482746005058,-0.630281865597
3813,1,2678,239,21,1,1.25,1,12,1,1,1,1,0,-1.34563910961,-0.758580744267,-0.709443390369,-1.34563910961,-0.758580744267,-0.709443390369
3813,2,2678,239,21,1,1.25,1,25,1,1,1,1,,-1.156203866,-0.469686180353,-0.296640366316,-1.34563910961,-0.758580744267,-0.709443390369
3814,1,2679,239,21,1,1.25,0,38,1,1,1,1,0,-3.37708711624,-2.19222688675,-1.26777434349,-3.37708711624,-2.19222688675,-1.26777434349
3814,2,2679,239,21,1,1.25,0,49,1,1,1,1,,-3.09322047234,-2.02394247055,-0.874992251396,-3.37708711624,-2.19222688675,-1.26777434349
3815,1,2679,239,21,1,1.25,0,15,1,1,1,1,0,-3.83189105988,-1.99469256401,-1.72121870518,-3.83189105988,-1.99469256401,-1.72121870518
3815,2,2679,239,21,1,1.25,0,28,1,1,1,1,,-3.2075984478,-1.71756207943,-0.848577976227,-3.83189105988,-1.99469256401,-1.72121870518
3816,1,2680,239,21,1,1.25,1,26,1,1,1,1,0,-2.97187376022,-2.97940039635,-3.11805677414,-2.97187376022,-2.97940039635,-3.11805677414
3816,2,2680,239,21,1,1.25,1,39,1,1,1,1,,-2.5358736515,-2.00147747993,-1.74526453018,-2.97187376022,-2.97940039635,-3.11805677414
3817,1,2680,239,21,1,1.25,0,2,1,1,1,1,0,-1.4371137619,-2.66063785553,,-1.4371137619,-2.66063785553,
3817,2,2680,239,21,1,1.25,0,15,1,1,1,1,,-3.75284695625,-3.44565272331,-2.95972418785,-1.4371137619,-2.66063785553,
3818,1,2681,239,21,1,1.25,1,72,1,0,0,,,,,,,,
3818,2,2681,239,21,1,1.25,1,72,1,0,0,,,,,,,,
3819,1,2681,239,21,1,1.25,0,46,1,1,1,1,0,-2.17101335526,0.311012029648,0.743838608265,-2.17101335526,0.311012029648,0.743838608265
3819,2,2681,239,21,1,1.25,0,59,1,1,1,1,,-2.01557326317,-0.362621635199,0.388045191765,-2.17101335526,0.311012029648,0.743838608265
3820,1,2681,239,21,1,1.25,0,3,1,1,1,1,0,-0.723549544811,-0.459743738174,,-0.723549544811,-0.459743738174,
3820,2,2681,239,21,1,1.25,0,17,1,1,1,1,,-1.81729054451,0.385578095913,1.04484021664,-0.723549544811,-0.459743738174,
3821,1,2682,239,21,0,11.75,0,4,1,0,0,,,,,,,,
3821,2,2682,239,21,0,11.75,0,18,1,1,0,,,-4.19265794754,-1.83068954945,-0.219738528132,,,
3822,1,2683,239,21,0,11.75,1,49,1,1,1,1,0,-1.99504041672,-0.904441416264,-1.56829345226,-1.99504041672,-0.904441416264,-1.56829345226
3822,2,2683,239,21,0,11.75,1,62,1,1,1,1,,-1.90928304195,-0.708626508713,,-1.99504041672,-0.904441416264,-1.56829345226
3823,1,2684,239,21,0,11.75,0,1,1,1,1,1,0,0.681000649929,0.753473222256,,0.681000649929,0.753473222256,
3823,2,2684,239,21,0,11.75,0,15,1,1,1,1,,-1.59894609451,-0.809768974781,-1.27966487408,0.681000649929,0.753473222256,
3824,1,2685,240,18,0,32.5,1,56,1,1,1,1,0,-0.732794284821,-0.238817214966,-1.07564747334,-0.732794284821,-0.238817214966,-1.07564747334
3824,2,2685,240,18,0,32.5,1,67,1,1,1,1,,-0.408142000437,-0.281324923038,,-0.732794284821,-0.238817214966,-1.07564747334
3825,1,2686,240,18,0,32.5,0,42,1,1,1,1,0,-1.0848389864,0.0789642110467,0.117797136307,-1.0848389864,0.0789642110467,0.117797136307
3825,2,2686,240,18,0,32.5,0,55,1,1,1,1,,-0.869057536125,0.0275939386338,0.100413478911,-1.0848389864,0.0789642110467,0.117797136307
3826,1,2688,240,18,1,1.57142865658,0,11,1,1,1,0,1,-0.510361671448,-1.36918020248,-1.6071254015,-0.510361671448,-1.36918020248,-1.6071254015
3827,1,2689,240,18,0,32.5,1,8,1,1,1,0,1,-4.10140800476,-3.03373146057,-1.96954321861,-4.10140800476,-3.03373146057,-1.96954321861
3828,1,2690,240,18,1,1.57142865658,0,10,1,1,1,1,0,-1.28285181522,-0.700143098831,-1.08577263355,-1.28285181522,-0.700143098831,-1.08577263355
3828,2,2690,240,18,1,1.57142865658,0,23,1,1,1,1,,-2.35082626343,-0.956867933273,-0.838060796261,-1.28285181522,-0.700143098831,-1.08577263355
3829,1,2691,240,18,1,1.57142865658,0,56,1,1,1,1,0,-2.18769431114,-1.40852177143,-0.74195677042,-2.18769431114,-1.40852177143,-0.74195677042
3829,2,2691,240,18,1,1.57142865658,0,68,1,1,1,1,,-1.97481119633,-1.64104688168,,-2.18769431114,-1.40852177143,-0.74195677042
3830,1,2691,240,18,1,1.57142865658,0,15,1,1,1,1,0,-1.57918429375,-1.04299938679,-0.48213788867,-1.57918429375,-1.04299938679,-0.48213788867
3830,2,2691,240,18,1,1.57142865658,0,28,1,1,1,1,,-1.59802997112,-1.2192658186,-0.893547713757,-1.57918429375,-1.04299938679,-0.48213788867
3831,1,2692,240,18,1,1.57142865658,0,60,1,0,0,,,,,,,,
3831,2,2692,240,18,1,1.57142865658,0,72,1,0,0,,,,,,,,
3832,1,2692,240,18,1,1.57142865658,0,24,1,1,1,1,0,-1.33089315891,0.226401165128,-0.0457493551075,-1.33089315891,0.226401165128,-0.0457493551075
3832,2,2692,240,18,1,1.57142865658,0,37,1,1,1,1,,-1.48807644844,-0.0120726525784,-0.847317099571,-1.33089315891,0.226401165128,-0.0457493551075
3833,1,2693,240,18,1,1.57142865658,1,18,1,1,1,0,1,-1.55237782001,0.726075291634,-0.0676444843411,-1.55237782001,0.726075291634,-0.0676444843411
3834,1,2693,240,18,1,1.57142865658,1,4,1,1,1,0,1,-1.40446591377,-1.40034377575,,-1.40446591377,-1.40034377575,
3835,1,2694,240,18,1,1.57142865658,1,58,1,1,1,1,0,-1.28354001045,0.455851316452,0.345350623131,-1.28354001045,0.455851316452,0.345350623131
3835,2,2694,240,18,1,1.57142865658,1,70,1,1,1,1,,-1.02930450439,0.226857692003,,-1.28354001045,0.455851316452,0.345350623131
3836,1,2694,240,18,1,1.57142865658,1,4,1,1,1,1,0,-0.896253526211,0.387517035007,,-0.896253526211,0.387517035007,
3836,2,2694,240,18,1,1.57142865658,1,17,1,1,1,1,,-0.604064464569,0.630735516548,0.952840983868,-0.896253526211,0.387517035007,
3837,1,2695,240,18,1,1.57142865658,0,21,1,1,1,1,0,-1.82133865356,,-0.976686775684,-1.82133865356,,-0.976686775684
3837,2,2695,240,18,1,1.57142865658,0,34,1,1,1,1,,-2.56179881096,-1.19414031506,-1.66477537155,-1.82133865356,,-0.976686775684
3838,2,2695,240,18,1,1.57142865658,0,7,1,1,0,,,-0.973939478397,-0.753180384636,-0.715054094791,,,
3839,1,2696,241,17,1,1.74999988079,0,20,1,1,1,1,0,-2.54076838493,-0.871187448502,-0.29714858532,-2.54076838493,-0.871187448502,-0.29714858532
3839,2,2696,241,17,1,1.74999988079,0,33,1,1,1,1,,-1.94278109074,-0.403833925724,0.691641151905,-2.54076838493,-0.871187448502,-0.29714858532
3840,1,2696,241,17,1,1.74999988079,1,1,1,1,1,1,0,-1.50300753117,-1.32702434063,,-1.50300753117,-1.32702434063,
3840,2,2696,241,17,1,1.74999988079,1,14,1,1,1,1,,-2.17271995544,-1.06580471992,0.346466571093,-1.50300753117,-1.32702434063,
3841,1,2697,241,17,1,1.74999988079,0,5,1,1,1,1,0,0.448679417372,1.74831914902,,0.448679417372,1.74831914902,
3841,2,2697,241,17,1,1.74999988079,0,18,1,1,1,1,,-1.11546325684,1.10752022266,1.87292575836,0.448679417372,1.74831914902,
3842,1,2698,241,17,1,1.74999988079,0,32,1,1,1,1,0,-2.41334557533,-0.538926780224,-0.56695753336,-2.41334557533,-0.538926780224,-0.56695753336
3842,2,2698,241,17,1,1.74999988079,0,45,1,1,1,1,,-2.19764733315,-0.595185041428,-0.344388663769,-2.41334557533,-0.538926780224,-0.56695753336
3843,1,2699,241,17,1,1.74999988079,1,54,1,1,1,1,0,-1.84638154507,-0.450973570347,-0.442813247442,-1.84638154507,-0.450973570347,-0.442813247442
3843,2,2699,241,17,1,1.74999988079,1,67,1,1,1,1,,-1.61644160748,-0.508805930614,,-1.84638154507,-0.450973570347,-0.442813247442
3844,1,2699,241,17,1,1.74999988079,1,8,1,1,1,1,0,-0.930150032043,-0.511965692043,-0.16839812696,-0.930150032043,-0.511965692043,-0.16839812696
3844,2,2699,241,17,1,1.74999988079,1,21,1,1,1,1,,-1.26024651527,-0.184467434883,0.278603643179,-0.930150032043,-0.511965692043,-0.16839812696
3845,1,2700,241,17,1,1.74999988079,1,38,1,1,1,1,0,-2.31469511986,0.287923693657,0.760687112808,-2.31469511986,0.287923693657,0.760687112808
3845,2,2700,241,17,1,1.74999988079,1,51,1,1,1,1,,-1.97364461422,-0.157047897577,0.400440305471,-2.31469511986,0.287923693657,0.760687112808
3846,1,2700,241,17,1,1.74999988079,0,22,1,1,1,1,0,-2.52117466927,-0.81127679348,0.220767065883,-2.52117466927,-0.81127679348,0.220767065883
3846,2,2700,241,17,1,1.74999988079,0,35,1,1,1,1,,-2.56077742577,-0.459956049919,0.92176681757,-2.52117466927,-0.81127679348,0.220767065883
3847,1,2701,241,17,1,1.74999988079,1,41,1,1,1,1,0,-1.45427966118,-0.323029667139,-0.843641221523,-1.45427966118,-0.323029667139,-0.843641221523
3847,2,2701,241,17,1,1.74999988079,1,54,1,1,1,1,,-1.10781276226,-0.393809378147,-1.16576111317,-1.45427966118,-0.323029667139,-0.843641221523
3848,1,2701,241,17,1,1.74999988079,1,8,1,1,1,1,0,-2.21979570389,-1.506767869,-0.704048991203,-2.21979570389,-1.506767869,-0.704048991203
3848,2,2701,241,17,1,1.74999988079,1,21,1,1,1,1,,-1.74929606915,-0.951330423355,-0.48469376564,-2.21979570389,-1.506767869,-0.704048991203
3849,1,2702,241,17,0,18.5,1,20,1,1,1,1,0,-3.7683391571,-1.2275364399,0.4951633811,-3.7683391571,-1.2275364399,0.4951633811
3849,2,2702,241,17,0,18.5,1,33,1,1,1,1,,-3.30139732361,-1.67160451412,0.162597045302,-3.7683391571,-1.2275364399,0.4951633811
3850,1,2703,241,17,0,18.5,0,52,1,1,1,1,0,-3.3189098835,-0.83180731535,-0.0480410978198,-3.3189098835,-0.83180731535,-0.0480410978198
3850,2,2703,241,17,0,18.5,0,65,1,1,1,1,,-2.85052990913,-1.34506833553,,-3.3189098835,-0.83180731535,-0.0480410978198
3851,1,2703,241,17,0,18.5,0,35,1,1,1,1,0,-2.95690512657,-0.847896873951,-0.493243962526,-2.95690512657,-0.847896873951,-0.493243962526
3851,2,2703,241,17,0,18.5,0,48,1,1,1,1,,-2.47428894043,-0.832875549793,-0.335315406322,-2.95690512657,-0.847896873951,-0.493243962526
3852,1,2704,241,17,0,18.5,0,19,1,1,1,1,0,-4.35226011276,-2.31595540047,-1.96139454842,-4.35226011276,-2.31595540047,-1.96139454842
3852,2,2704,241,17,0,18.5,0,32,1,1,1,1,,-4.07913637161,-2.48036384583,-1.09486758709,-4.35226011276,-2.31595540047,-1.96139454842
3853,2,2704,241,17,0,18.5,1,9,1,1,0,,,-2.06706976891,-1.45956552029,-0.584345817566,,,
3854,1,2705,241,17,1,1.74999988079,1,44,1,1,1,1,0,-1.59266400337,-0.06340367347,-0.108874149621,-1.59266400337,-0.06340367347,-0.108874149621
3854,2,2705,241,17,1,1.74999988079,1,57,1,1,1,1,,-1.58649718761,-0.491953492165,-0.00253148027696,-1.59266400337,-0.06340367347,-0.108874149621
3855,1,2705,241,17,1,1.74999988079,0,8,1,1,1,1,0,-4.2617521286,-2.28092002869,-0.606784343719,-4.2617521286,-2.28092002869,-0.606784343719
3855,2,2705,241,17,1,1.74999988079,0,21,1,1,1,1,,-3.96110153198,-2.31253552437,-0.428924053907,-4.2617521286,-2.28092002869,-0.606784343719
3856,1,2706,241,17,0,18.5,0,84,1,0,0,,,,,,,,
3856,2,2706,241,17,0,18.5,0,67,1,0,0,,,,,,,,
3857,1,2707,241,17,1,1.74999988079,1,42,1,1,1,1,0,-4.30292797089,-2.86986732483,-1.36608076096,-4.30292797089,-2.86986732483,-1.36608076096
3857,2,2707,241,17,1,1.74999988079,1,56,1,1,1,1,,-4.2245631218,-3.44565272331,-2.4974257946,-4.30292797089,-2.86986732483,-1.36608076096
3858,1,2707,241,17,1,1.74999988079,1,9,1,1,1,1,0,-0.701028585434,-1.31462371349,-1.14033162594,-0.701028585434,-1.31462371349,-1.14033162594
3858,2,2707,241,17,1,1.74999988079,1,22,1,1,1,1,,-2.83764147758,-2.13304829597,-1.55818462372,-0.701028585434,-1.31462371349,-1.14033162594
3859,1,2708,242,20,1,1.62499988079,1,40,1,0,0,,,,,,,,
3859,2,2708,242,20,1,1.62499988079,1,53,1,1,0,,,-2.60436820984,-1.34038925171,-0.875866293907,,,
3860,1,2708,242,20,1,1.62499988079,1,14,1,1,1,1,0,-2.00506424904,-1.11676347256,-0.600627183914,-2.00506424904,-1.11676347256,-0.600627183914
3860,2,2708,242,20,1,1.62499988079,1,27,1,1,1,1,,-1.75467967987,-1.66859471798,-0.895651698112,-2.00506424904,-1.11676347256,-0.600627183914
3861,1,2709,242,20,0,16.75,0,31,1,1,1,1,0,-1.53597223759,-0.391454637051,0.0559064298868,-1.53597223759,-0.391454637051,0.0559064298868
3861,2,2709,242,20,0,16.75,0,44,1,1,1,1,,-1.83933973312,-0.62821829319,-0.360277593136,-1.53597223759,-0.391454637051,0.0559064298868
3862,1,2710,242,20,1,1.62499988079,1,7,1,1,1,1,0,-0.426412642002,-0.209437072277,-0.35205116868,-0.426412642002,-0.209437072277,-0.35205116868
3862,2,2710,242,20,1,1.62499988079,1,20,1,1,1,1,,-2.35773444176,-1.27374279499,-0.651090681553,-0.426412642002,-0.209437072277,-0.35205116868
3863,1,2711,242,20,1,1.62499988079,1,68,1,0,0,,,,,,,,
3863,2,2711,242,20,1,1.62499988079,1,72,1,0,0,,,,,,,,
3864,1,2711,242,20,1,1.62499988079,1,24,1,1,1,1,0,-2.08140945435,-0.807311177254,-0.842857420444,-2.08140945435,-0.807311177254,-0.842857420444
3864,2,2711,242,20,1,1.62499988079,1,37,1,1,1,1,,-1.97008693218,-1.27963447571,-0.422670543194,-2.08140945435,-0.807311177254,-0.842857420444
3865,1,2712,242,20,1,1.62499988079,0,59,1,1,1,1,0,-2.1460711956,-1.73818719387,-1.9646500349,-2.1460711956,-1.73818719387,-1.9646500349
3865,2,2712,242,20,1,1.62499988079,0,72,1,1,1,1,,-2.80121636391,-2.50573325157,,-2.1460711956,-1.73818719387,-1.9646500349
3866,1,2712,242,20,1,1.62499988079,1,10,1,1,1,1,0,-1.75550317764,-1.69228816032,-1.88078665733,-1.75550317764,-1.69228816032,-1.88078665733
3866,2,2712,242,20,1,1.62499988079,1,23,1,1,1,1,,-2.73192811012,-1.98449277878,-1.96360886097,-1.75550317764,-1.69228816032,-1.88078665733
3867,1,2713,242,20,1,1.62499988079,0,51,1,0,0,,,,,,,,
3867,2,2713,242,20,1,1.62499988079,0,64,1,1,0,,,-0.920975267887,-0.127179160714,,,,
3868,1,2713,242,20,1,1.62499988079,1,15,1,1,1,1,0,-1.2631059885,-0.0346432588995,0.0603213533759,-1.2631059885,-0.0346432588995,0.0603213533759
3868,2,2713,242,20,1,1.62499988079,1,28,1,1,1,1,,-1.18044221401,0.0608410947025,0.67682659626,-1.2631059885,-0.0346432588995,0.0603213533759
3869,1,2714,242,20,0,16.75,1,43,1,1,1,1,0,-1.99169814587,-0.576124191284,-0.220544338226,-1.99169814587,-0.576124191284,-0.220544338226
3869,2,2714,242,20,0,16.75,1,56,1,1,1,1,,-2.03407478333,-0.423242598772,-0.00222329376265,-1.99169814587,-0.576124191284,-0.220544338226
3870,1,2714,242,20,0,16.75,1,1,1,1,1,1,0,0.95322239399,1.25205004215,,0.95322239399,1.25205004215,
3870,2,2714,242,20,0,16.75,1,14,1,1,1,1,,-1.48346447945,0.422069370747,0.710217893124,0.95322239399,1.25205004215,
3871,1,2715,242,20,1,1.62499988079,0,24,1,1,1,1,0,-2.67288661003,-1.81370294094,-1.02482175827,-2.67288661003,-1.81370294094,-1.02482175827
3871,2,2715,242,20,1,1.62499988079,0,37,1,1,1,1,,-3.12706947327,-1.71972370148,-0.93381857872,-2.67288661003,-1.81370294094,-1.02482175827
3872,2,2715,242,20,1,1.62499988079,0,5,1,1,0,,,-1.20889472961,-1.85039901733,,,,
3873,1,2717,242,20,1,1.62499988079,0,7,1,1,1,1,0,-0.743638694286,0.983411252499,1.75709688663,-0.743638694286,0.983411252499,1.75709688663
3873,2,2717,242,20,1,1.62499988079,0,20,1,1,1,1,,-1.13704919815,-0.0680223852396,0.181812003255,-0.743638694286,0.983411252499,1.75709688663
3874,1,2718,242,20,1,1.62499988079,0,18,1,1,1,1,0,-2.69113469124,-1.07008564472,-1.3303604126,-2.69113469124,-1.07008564472,-1.3303604126
3874,2,2718,242,20,1,1.62499988079,0,32,1,1,1,1,,-3.25336122513,-1.46612346172,-1.1400141716,-2.69113469124,-1.07008564472,-1.3303604126
3875,2,2719,242,20,0,16.75,1,46,1,0,0,,,,,,,,
3876,1,2720,243,19,1,1.39999997616,0,42,1,1,1,1,0,-2.47194027901,-1.55079507828,-0.760383963585,-2.47194027901,-1.55079507828,-0.760383963585
3876,2,2720,243,19,1,1.39999997616,0,55,1,1,1,1,,-2.53133511543,-1.28400290012,-0.958967387676,-2.47194027901,-1.55079507828,-0.760383963585
3877,1,2720,243,19,1,1.39999997616,0,1,1,1,1,1,0,0.141584277153,-0.820342123508,,0.141584277153,-0.820342123508,
3877,2,2720,243,19,1,1.39999997616,0,15,1,1,1,1,,-1.16421413422,-1.99469256401,-1.27966487408,0.141584277153,-0.820342123508,
3878,1,2721,243,19,0,15.3333330154,0,60,1,1,1,1,0,-2.29048061371,-0.65176820755,-0.520686268806,-2.29048061371,-0.65176820755,-0.520686268806
3878,2,2721,243,19,0,15.3333330154,0,73,1,1,1,1,,-2.21771860123,-0.699110209942,,-2.29048061371,-0.65176820755,-0.520686268806
3879,1,2721,243,19,0,15.3333330154,1,4,1,1,1,1,0,0.189469978213,-0.496691912413,,0.189469978213,-0.496691912413,
3879,2,2721,243,19,0,15.3333330154,1,17,1,1,1,1,,-1.11300766468,-0.124922089279,-0.411869198084,0.189469978213,-0.496691912413,
3880,1,2722,243,19,1,1.39999997616,0,25,1,1,1,1,0,-3.20028924942,-0.851970732212,0.242098107934,-3.20028924942,-0.851970732212,0.242098107934
3880,2,2722,243,19,1,1.39999997616,0,38,1,1,1,1,,-3.66674375534,-2.00173687935,-1.40256226063,-3.20028924942,-0.851970732212,0.242098107934
3881,2,2726,243,19,1,1.39999997616,1,17,1,1,0,,,-2.85043692589,-1.62167668343,-0.15008084476,,,
3882,1,2727,243,19,0,15.3333330154,0,26,1,0,0,,,,,,,,
3882,2,2727,243,19,0,15.3333330154,0,39,1,1,0,,,-2.61847162247,-0.950091302395,-0.56129771471,,,
3883,1,2728,243,19,1,1.39999997616,0,49,1,0,0,,,,,,,,
3883,2,2728,243,19,1,1.39999997616,0,62,1,1,0,,,-1.81728792191,-0.889315724373,,,,
3884,1,2728,243,19,1,1.39999997616,0,16,1,1,1,1,0,-1.74558603764,-0.962574124336,-0.881840109825,-1.74558603764,-0.962574124336,-0.881840109825
3884,2,2728,243,19,1,1.39999997616,0,29,1,1,1,1,,-3.08436441422,-1.50647377968,-1.4896889925,-1.74558603764,-0.962574124336,-0.881840109825
3885,2,2728,243,19,1,1.39999997616,0,3,1,1,0,,,-0.185485571623,0.526422977448,,,,
3886,1,2730,243,19,1,1.39999997616,1,53,1,1,1,1,0,-2.58213710785,-1.12264251709,-0.912635445595,-2.58213710785,-1.12264251709,-0.912635445595
3886,2,2730,243,19,1,1.39999997616,1,67,1,1,1,1,,-2.42197370529,-1.25452065468,,-2.58213710785,-1.12264251709,-0.912635445595
3887,1,2730,243,19,1,1.39999997616,1,53,1,1,1,1,0,,-3.3917863369,-1.52099871635,,-3.3917863369,-1.52099871635
3887,2,2730,243,19,1,1.39999997616,1,67,1,1,1,1,,-4.47712230682,-3.44565272331,,,-3.3917863369,-1.52099871635
3888,1,2730,243,19,1,1.39999997616,0,19,1,1,1,1,0,-3.57194638252,-1.18585789204,-0.435834974051,-3.57194638252,-1.18585789204,-0.435834974051
3888,2,2730,243,19,1,1.39999997616,0,33,1,1,1,1,,-3.09366464615,-1.83642280102,-1.35522651672,-3.57194638252,-1.18585789204,-0.435834974051
3889,1,2731,244,22,1,2,1,12,1,1,1,1,0,-3.28740024567,-1.70563590527,-0.52892690897,-3.28740024567,-1.70563590527,-0.52892690897
3889,2,2731,244,22,1,2,1,25,1,1,1,1,,-2.72713446617,-1.78446578979,-0.381519466639,-3.28740024567,-1.70563590527,-0.52892690897
3890,1,2732,244,22,0,11.75,0,27,1,1,1,1,0,-2.71065354347,,-1.73789215088,-2.71065354347,,-1.73789215088
3890,2,2732,244,22,0,11.75,0,40,1,1,1,1,,-2.54461407661,-1.84965074062,-1.58674108982,-2.71065354347,,-1.73789215088
3891,1,2734,244,22,1,2,1,66,1,0,0,,,,,,,,
3891,2,2734,244,22,1,2,1,72,1,0,0,,,,,,,,
3892,1,2734,244,22,1,2,0,9,1,1,1,1,0,-0.431824564934,0.080827601254,-0.294140279293,-0.431824564934,0.080827601254,-0.294140279293
3892,2,2734,244,22,1,2,0,22,1,1,1,1,,-2.00996661186,-0.745545804501,-0.882748544216,-0.431824564934,0.080827601254,-0.294140279293
3893,1,2735,244,22,1,2,0,65,1,0,0,,,,,,,,
3893,2,2735,244,22,1,2,0,72,1,0,0,,,,,,,,
3894,1,2735,244,22,1,2,1,16,1,1,1,1,0,-2.29224300385,,,-2.29224300385,,
3894,2,2735,244,22,1,2,1,29,1,1,1,1,,-2.21181845665,-0.656740367413,-0.162379473448,-2.29224300385,,
3895,1,2736,244,22,1,2,0,6,1,1,1,0,1,-0.314723819494,-0.633081436157,-0.792236328125,-0.314723819494,-0.633081436157,-0.792236328125
3896,1,2737,244,22,1,2,1,12,1,1,1,1,0,-4.14177703857,-3.8929309845,,-4.14177703857,-3.8929309845,
3896,2,2737,244,22,1,2,1,25,1,1,1,1,,-4.47712230682,-3.44565272331,-2.95972418785,-4.14177703857,-3.8929309845,
3897,1,2738,244,22,0,11.75,1,54,1,1,1,1,0,-1.40544366837,-0.100382857025,0.0322159528732,-1.40544366837,-0.100382857025,0.0322159528732
3897,2,2738,244,22,0,11.75,1,67,1,1,1,1,,-1.11298406124,-0.0143357468769,,-1.40544366837,-0.100382857025,0.0322159528732
3898,2,2738,244,22,0,11.75,1,6,1,1,0,,,-0.653501749039,0.375734388828,-0.0236039441079,,,
3899,1,2739,244,22,1,2,0,16,1,1,1,1,0,-4.24132061005,-1.37207007408,-0.512142300606,-4.24132061005,-1.37207007408,-0.512142300606
3899,2,2739,244,22,1,2,0,29,1,1,1,1,,-3.4873445034,-1.88998472691,-0.936346888542,-4.24132061005,-1.37207007408,-0.512142300606
3900,1,2740,244,22,1,2,1,44,1,1,1,1,0,-1.00196623802,-1.78327572346,-1.93593204021,-1.00196623802,-1.78327572346,-1.93593204021
3900,2,2740,244,22,1,2,1,56,1,1,1,1,,-0.39663118124,-1.14932155609,-1.87910604477,-1.00196623802,-1.78327572346,-1.93593204021
3901,1,2740,244,22,1,2,1,14,1,0,0,,,,,,,,
3901,2,2740,244,22,1,2,1,27,1,1,0,,,-1.42935788631,-0.836675345898,-0.984340250492,,,
3902,1,2742,244,22,1,2,1,23,1,1,1,1,0,-2.33806276321,-1.12655389309,-0.342282652855,-2.33806276321,-1.12655389309,-0.342282652855
3902,2,2742,244,22,1,2,1,36,1,1,1,1,,-2.87609815598,-2.03540253639,-1.16625058651,-2.33806276321,-1.12655389309,-0.342282652855
3903,1,2743,245,18,1,1.25,0,47,1,1,1,1,0,-2.52902269363,-1.83261871338,-2.19876480103,-2.52902269363,-1.83261871338,-2.19876480103
3903,2,2743,245,18,1,1.25,0,60,1,1,1,1,,-2.76524472237,-2.44585990906,-2.7205426693,-2.52902269363,-1.83261871338,-2.19876480103
3904,1,2743,245,18,1,1.25,1,4,1,1,1,1,0,-0.388042896986,0.0329447351396,,-0.388042896986,0.0329447351396,
3904,2,2743,245,18,1,1.25,1,17,1,1,1,1,,-1.21830749512,-1.47825360298,-1.00246238708,-0.388042896986,0.0329447351396,
3905,1,2744,245,18,1,1.25,1,20,1,1,1,1,0,-3.23728847504,-1.29231619835,0.57528179884,-3.23728847504,-1.29231619835,0.57528179884
3905,2,2744,245,18,1,1.25,1,32,1,1,1,1,,-3.29318022728,-1.76970803738,-0.185953587294,-3.23728847504,-1.29231619835,0.57528179884
3906,2,2744,245,18,1,1.25,0,4,1,1,0,,,-1.57922673225,0.12257912755,,,,
3907,1,2745,245,18,1,1.25,1,40,1,1,1,1,0,-2.41107845306,-1.69676446915,-0.971179425716,-2.41107845306,-1.69676446915,-0.971179425716
3907,2,2745,245,18,1,1.25,1,54,1,1,1,1,,-2.58495354652,-1.59971189499,-1.27910482883,-2.41107845306,-1.69676446915,-0.971179425716
3908,1,2745,245,18,1,1.25,1,23,1,0,0,,,,,,,,
3908,2,2745,245,18,1,1.25,1,36,1,1,0,,,-2.78418111801,-1.32096409798,-0.996788918972,,,
3909,2,2745,245,18,1,1.25,1,9,1,1,0,,,-1.71520841122,-1.50852513313,-1.04556953907,,,
3910,1,2746,245,18,0,13.9999990463,0,9,1,1,1,1,0,-3.08420801163,-3.01448655128,-1.72883760929,-3.08420801163,-3.01448655128,-1.72883760929
3910,2,2746,245,18,0,13.9999990463,0,23,1,1,1,1,,-3.21890521049,-1.97481024265,-0.432455420494,-3.08420801163,-3.01448655128,-1.72883760929
3911,1,2748,245,18,0,13.9999990463,1,7,1,1,1,1,0,-2.26198506355,-1.28933620453,-0.807713925838,-2.26198506355,-1.28933620453,-0.807713925838
3911,2,2748,245,18,0,13.9999990463,1,20,1,1,1,1,,-2.22497105598,-0.965731143951,-0.254955649376,-2.26198506355,-1.28933620453,-0.807713925838
3912,1,2749,245,18,1,1.25,0,30,1,1,1,1,0,-3.47490525246,-1.60271918774,-0.406531572342,-3.47490525246,-1.60271918774,-0.406531572342
3912,2,2749,245,18,1,1.25,0,45,1,1,1,1,,-2.82249259949,-1.59092783928,-1.20998823643,-3.47490525246,-1.60271918774,-0.406531572342
3913,1,2749,245,18,1,1.25,1,4,1,1,1,1,0,-1.40446591377,-0.740733087063,,-1.40446591377,-0.740733087063,
3913,2,2749,245,18,1,1.25,1,17,1,1,1,1,,-2.35904479027,-1.29821014404,-0.909423708916,-1.40446591377,-0.740733087063,
3914,1,2750,245,18,1,1.25,0,48,1,0,0,,,,,,,,
3914,2,2750,245,18,1,1.25,0,61,1,0,0,,,,,,,,
3915,1,2750,245,18,1,1.25,0,2,1,1,1,1,0,-1.18717229366,0.232951745391,,-1.18717229366,0.232951745391,
3915,2,2750,245,18,1,1.25,0,15,1,1,1,1,,-3.77260875702,-1.91879808903,-0.43661943078,-1.18717229366,0.232951745391,
3916,1,2751,245,18,1,1.25,0,27,1,0,0,,,,,,,,
3916,2,2751,245,18,1,1.25,0,39,1,1,0,,,-1.91551339626,-1.92439246178,-2.57054972649,,,
3917,1,2752,245,18,1,1.25,1,53,1,1,1,1,0,-2.77110409737,-0.840296089649,0.708546102047,-2.77110409737,-0.840296089649,0.708546102047
3917,2,2752,245,18,1,1.25,1,66,1,1,1,1,,-2.66998815536,-0.534478485584,,-2.77110409737,-0.840296089649,0.708546102047
3918,1,2752,245,18,1,1.25,1,16,1,1,1,1,0,-3.77734065056,-2.36379408836,-0.681034684181,-3.77734065056,-2.36379408836,-0.681034684181
3918,2,2752,245,18,1,1.25,1,29,1,1,1,1,,-3.70568704605,-1.10476672649,1.31195163727,-3.77734065056,-2.36379408836,-0.681034684181
3919,1,2753,245,18,1,1.25,0,12,1,1,1,1,0,0.568627893925,-0.0837507396936,0.484986931086,0.568627893925,-0.0837507396936,0.484986931086
3919,2,2753,245,18,1,1.25,0,25,1,1,1,1,,,0.0700719431043,0.366061747074,0.568627893925,-0.0837507396936,0.484986931086
3920,1,2755,246,19,1,1.62499988079,0,60,1,0,0,,,,,,,,
3920,2,2755,246,19,1,1.62499988079,0,72,1,0,0,,,,,,,,
3921,1,2755,246,19,1,1.62499988079,0,13,1,1,1,1,0,-1.51219415665,0.349784642458,0.71223372221,-1.51219415665,0.349784642458,0.71223372221
3921,2,2755,246,19,1,1.62499988079,0,26,1,1,1,1,,-1.52926123142,-0.531837999821,0.151390492916,-1.51219415665,0.349784642458,0.71223372221
3922,1,2756,246,19,1,1.62499988079,0,3,1,1,1,1,0,-1.53064739704,-0.021688234061,,-1.53064739704,-0.021688234061,
3922,2,2756,246,19,1,1.62499988079,0,16,1,1,1,1,,-2.693577528,-1.75871872902,-0.241287663579,-1.53064739704,-0.021688234061,
3923,1,2757,246,19,0,20.25,0,40,1,1,1,1,0,-2.48023247719,-0.782073736191,-0.880864858627,-2.48023247719,-0.782073736191,-0.880864858627
3923,2,2757,246,19,0,20.25,0,53,1,1,1,1,,-2.89243125916,-0.985091030598,-1.03977108002,-2.48023247719,-0.782073736191,-0.880864858627
3924,1,2758,246,19,0,20.25,0,30,1,1,1,0,1,-0.391374260187,-1.24564218521,-1.29598510265,-0.391374260187,-1.24564218521,-1.29598510265
3925,1,2759,246,19,1,1.62499988079,0,56,1,1,1,1,0,-1.75326013565,0.136460140347,0.694031774998,-1.75326013565,0.136460140347,0.694031774998
3925,2,2759,246,19,1,1.62499988079,0,70,1,1,1,1,,-1.91172289848,0.225244060159,,-1.75326013565,0.136460140347,0.694031774998
3926,1,2759,246,19,1,1.62499988079,0,3,1,1,1,1,0,-2.21545577049,-1.61387073994,,-2.21545577049,-1.61387073994,
3926,2,2759,246,19,1,1.62499988079,0,15,1,1,1,1,,-2.92290377617,-1.72640931606,-0.256019979715,-2.21545577049,-1.61387073994,
3927,1,2760,246,19,1,1.62499988079,1,12,1,0,0,,,,,,,,
3927,2,2760,246,19,1,1.62499988079,1,25,1,1,0,,,-4.47712230682,-3.4375269413,-1.22380292416,,,
3928,1,2761,246,19,1,1.62499988079,1,65,1,0,0,,,,,,,,
3928,2,2761,246,19,1,1.62499988079,1,72,1,0,0,,,,,,,,
3929,1,2761,246,19,1,1.62499988079,1,15,1,1,1,1,0,-1.95673978329,-1.74241936207,-0.821928560734,-1.95673978329,-1.74241936207,-0.821928560734
3929,2,2761,246,19,1,1.62499988079,1,28,1,1,1,1,,-2.20047664642,-2.08989262581,-1.49659538269,-1.95673978329,-1.74241936207,-0.821928560734
3930,1,2762,246,19,1,1.62499988079,0,44,1,1,1,1,0,-2.72965335846,-1.25313353539,-1.58489477634,-2.72965335846,-1.25313353539,-1.58489477634
3930,2,2762,246,19,1,1.62499988079,0,57,1,1,1,1,,-2.86655831337,-1.22159826756,-1.12068140507,-2.72965335846,-1.25313353539,-1.58489477634
3931,1,2762,246,19,1,1.62499988079,0,25,1,1,1,1,0,-0.552637219429,,-0.0948942229152,-0.552637219429,,-0.0948942229152
3931,2,2762,246,19,1,1.62499988079,0,38,1,1,1,1,,-0.980852663517,-0.602501511574,-0.576886892319,-0.552637219429,,-0.0948942229152
3932,1,2763,246,19,1,1.62499988079,1,7,1,1,1,1,0,-0.383223384619,-1.23846507072,-0.71495360136,-0.383223384619,-1.23846507072,-0.71495360136
3932,2,2763,246,19,1,1.62499988079,1,21,1,1,1,1,,-1.73299336433,-1.75144910812,-1.30741810799,-0.383223384619,-1.23846507072,-0.71495360136
3933,1,2764,246,19,1,1.62499988079,0,10,1,1,1,1,0,-3.3617105484,-2.45995521545,-2.17801642418,-3.3617105484,-2.45995521545,-2.17801642418
3933,2,2764,246,19,1,1.62499988079,0,23,1,1,1,1,,-3.98682260513,-2.78645777702,-2.19252610207,-3.3617105484,-2.45995521545,-2.17801642418
3934,2,2765,246,19,0,20.25,1,39,1,1,0,,,-2.39624118805,-1.01519167423,-0.264232486486,,,
3935,1,2767,247,20,1,1,0,13,1,1,1,1,0,-1.65646314621,-0.362710028887,0.796333312988,-1.65646314621,-0.362710028887,0.796333312988
3935,2,2767,247,20,1,1,0,26,1,1,1,1,,-2.78881788254,-1.73860454559,-0.402481198311,-1.65646314621,-0.362710028887,0.796333312988
3936,1,2768,247,20,0,9.75,1,67,1,0,0,,,,,,,,
3936,2,2768,247,20,0,9.75,1,72,1,0,0,,,,,,,,
3937,1,2769,247,20,1,1,1,67,1,0,0,,,,,,,,
3937,2,2769,247,20,1,1,1,72,1,0,0,,,,,,,,
3938,1,2769,247,20,1,1,1,36,1,1,1,1,0,-2.2720682621,-0.71195679903,-0.266971200705,-2.2720682621,-0.71195679903,-0.266971200705
3938,2,2769,247,20,1,1,1,49,1,1,1,1,,-1.81094837189,-0.513124704361,-0.71428078413,-2.2720682621,-0.71195679903,-0.266971200705
3939,1,2769,247,20,1,1,1,3,1,1,1,1,0,-1.80654931068,0.376548439264,,-1.80654931068,0.376548439264,
3939,2,2769,247,20,1,1,1,16,1,1,1,1,,-2.23856163025,-0.394703239202,0.518268942833,-1.80654931068,0.376548439264,
3940,1,2770,247,20,0,9.75,0,24,1,1,1,1,0,,,0.538546264172,,,0.538546264172
3940,2,2770,247,20,0,9.75,0,37,1,1,1,1,,-2.34088587761,-1.82660758495,-0.890478909016,,,0.538546264172
3941,1,2771,247,20,1,1,0,41,1,1,1,1,0,-1.94840669632,-1.21829223633,-1.42881786823,-1.94840669632,-1.21829223633,-1.42881786823
3941,2,2771,247,20,1,1,0,54,1,1,1,1,,-1.87246072292,-1.61021006107,-1.87112390995,-1.94840669632,-1.21829223633,-1.42881786823
3942,1,2771,247,20,1,1,0,17,1,1,1,1,0,-0.416082948446,-0.864941477776,-0.363507688046,-0.416082948446,-0.864941477776,-0.363507688046
3942,2,2771,247,20,1,1,0,30,1,1,1,1,,-1.61010360718,-1.26052451134,-0.578927218914,-0.416082948446,-0.864941477776,-0.363507688046
3943,2,2771,247,20,1,1,1,4,1,1,0,,,-0.0646353363991,-0.416966468096,,,,
3944,1,2772,247,20,1,1,0,40,1,1,1,1,0,-2.63474774361,0.083851531148,1.05268168449,-2.63474774361,0.083851531148,1.05268168449
3944,2,2772,247,20,1,1,0,53,1,1,1,1,,-2.38994884491,0.0624246113002,1.16032588482,-2.63474774361,0.083851531148,1.05268168449
3945,1,2772,247,20,1,1,1,11,1,1,1,1,0,-3.43980002403,-2.28203845024,-1.32852220535,-3.43980002403,-2.28203845024,-1.32852220535
3945,2,2772,247,20,1,1,1,24,1,1,1,1,,-4.04959535599,-1.87268102169,-0.932810544968,-3.43980002403,-2.28203845024,-1.32852220535
3946,1,2773,247,20,0,9.75,0,20,1,1,1,1,0,-1.81225693226,0.243372768164,1.04931473732,-1.81225693226,0.243372768164,1.04931473732
3946,2,2773,247,20,0,9.75,0,34,1,1,1,1,,-1.62048947811,0.352873146534,0.807452440262,-1.81225693226,0.243372768164,1.04931473732
3947,1,2774,247,20,1,1,1,19,1,1,1,1,0,-2.76120615005,-2.77336502075,-0.642942607403,-2.76120615005,-2.77336502075,-0.642942607403
3947,2,2774,247,20,1,1,1,32,1,1,1,1,,-2.85190343857,-2.18303465843,-1.10323309898,-2.76120615005,-2.77336502075,-0.642942607403
3948,2,2774,247,20,1,1,1,1,1,1,0,,,-2.93580818176,-2.31576299667,,,,
3949,1,2775,247,20,1,1,1,61,1,0,0,,,,,,,,
3949,2,2775,247,20,1,1,1,72,1,0,0,,,,,,,,
3950,1,2775,247,20,1,1,1,27,1,1,1,1,0,-1.59201872349,-0.36960914731,-0.336664497852,-1.59201872349,-0.36960914731,-0.336664497852
3950,2,2775,247,20,1,1,1,40,1,1,1,1,,-1.6073256731,-0.436550796032,-0.890009105206,-1.59201872349,-0.36960914731,-0.336664497852
3951,1,2775,247,20,1,1,1,5,1,1,1,1,0,-1.11849045753,-0.676201283932,,-1.11849045753,-0.676201283932,
3951,2,2775,247,20,1,1,1,18,1,1,1,1,,-1.31131863594,-0.530556619167,0.101704068482,-1.11849045753,-0.676201283932,
3952,1,2776,247,20,0,9.75,0,28,1,1,1,1,0,-1.52210688591,-0.676842808723,0.0990076586604,-1.52210688591,-0.676842808723,0.0990076586604
3952,2,2776,247,20,0,9.75,0,41,1,1,1,1,,-1.42600619793,-0.622250318527,-0.407101929188,-1.52210688591,-0.676842808723,0.0990076586604
3953,1,2776,247,20,0,9.75,0,10,1,1,1,1,0,-0.232480540872,-1.1846613884,-0.613779723644,-0.232480540872,-1.1846613884,-0.613779723644
3953,2,2776,247,20,0,9.75,0,23,1,1,1,1,,-1.33250367641,-1.39471340179,-1.06929802895,-0.232480540872,-1.1846613884,-0.613779723644
3954,1,2777,248,18,1,1.125,0,26,1,1,1,1,0,-2.56839394569,-1.49630522728,-0.667121171951,-2.56839394569,-1.49630522728,-0.667121171951
3954,2,2777,248,18,1,1.125,0,39,1,1,1,1,,-2.65752339363,-1.26125991344,-0.770985305309,-2.56839394569,-1.49630522728,-0.667121171951
3955,1,2777,248,18,1,1.125,1,5,1,1,1,1,0,0.0315241739154,0.701502025127,,0.0315241739154,0.701502025127,
3955,2,2777,248,18,1,1.125,1,18,1,1,1,1,,-0.880861341953,-0.948597729206,-0.326909393072,0.0315241739154,0.701502025127,
3956,1,2778,248,18,1,1.125,0,23,1,1,1,1,0,-2.26735711098,-1.58677363396,-0.792328715324,-2.26735711098,-1.58677363396,-0.792328715324
3956,2,2778,248,18,1,1.125,0,36,1,1,1,1,,-2.26159405708,-2.27167654037,-2.39846920967,-2.26735711098,-1.58677363396,-0.792328715324
3957,1,2779,248,18,1,1.125,0,2,1,1,1,1,0,0.0375411771238,0.133261993527,,0.0375411771238,0.133261993527,
3957,2,2779,248,18,1,1.125,0,15,1,1,1,1,,-1.6384665966,-1.43474936485,-0.211233317852,0.0375411771238,0.133261993527,
3958,1,2780,248,18,1,1.125,1,14,1,1,1,1,0,-1.68837952614,-0.816579639912,-1.06132018566,-1.68837952614,-0.816579639912,-1.06132018566
3958,2,2780,248,18,1,1.125,1,27,1,1,1,1,,-3.01161766052,-1.22712600231,-0.590978145599,-1.68837952614,-0.816579639912,-1.06132018566
3959,1,2780,248,18,1,1.125,0,61,1,0,0,,,,,,,,
3959,2,2780,248,18,1,1.125,0,72,1,0,0,,,,,,,,
3960,2,2780,248,18,1,1.125,1,1,1,1,0,,,-0.326064258814,0.429127573967,,,,
3961,1,2781,248,18,0,17.5,1,36,1,1,1,1,0,-2.41651082039,-2.42118835449,-2.24556565285,-2.41651082039,-2.42118835449,-2.24556565285
3961,2,2781,248,18,0,17.5,1,49,1,1,1,1,,-2.44376850128,-2.02741146088,-1.73190665245,-2.41651082039,-2.42118835449,-2.24556565285
3962,1,2782,248,18,1,1.125,0,63,1,0,0,,,,,,,,
3962,2,2782,248,18,1,1.125,0,72,1,0,0,,,,,,,,
3963,1,2782,248,18,1,1.125,1,25,1,1,1,1,0,-2.19332337379,-0.40316966176,-0.995581805706,-2.19332337379,-0.40316966176,-0.995581805706
3963,2,2782,248,18,1,1.125,1,38,1,1,1,1,,-1.72438955307,-0.184011444449,0.187369063497,-2.19332337379,-0.40316966176,-0.995581805706
3964,1,2782,248,18,1,1.125,0,11,1,1,1,1,0,-1.94853806496,-1.21366930008,-1.80658257008,-1.94853806496,-1.21366930008,-1.80658257008
3964,2,2782,248,18,1,1.125,0,24,1,1,1,1,,-2.18191409111,-1.41441762447,-0.659613728523,-1.94853806496,-1.21366930008,-1.80658257008
3965,2,2782,248,18,1,1.125,1,3,1,1,0,,,0.0698802992702,0.0731487199664,,,,
3966,1,2783,248,18,1,1.125,1,25,1,1,1,1,0,-2.54411411285,-1.02038431168,-1.17776536942,-2.54411411285,-1.02038431168,-1.17776536942
3966,2,2783,248,18,1,1.125,1,40,1,1,1,1,,-2.0594367981,-1.36090743542,-1.30251228809,-2.54411411285,-1.02038431168,-1.17776536942
3967,1,2783,248,18,1,1.125,1,8,1,1,1,1,0,-2.00837850571,-2.01822638512,-2.17859959602,-2.00837850571,-2.01822638512,-2.17859959602
3967,2,2783,248,18,1,1.125,1,22,1,1,1,1,,-2.59727191925,-2.45517730713,-2.05359005928,-2.00837850571,-2.01822638512,-2.17859959602
3968,1,2785,248,18,1,1.125,1,53,1,1,1,1,0,-3.61589932442,-1.58909451962,-1.52099871635,-3.61589932442,-1.58909451962,-1.52099871635
3968,2,2785,248,18,1,1.125,1,66,1,1,1,1,,-2.70038437843,-2.09420824051,,-3.61589932442,-1.58909451962,-1.52099871635
3969,1,2785,248,18,1,1.125,1,21,1,1,1,1,0,-2.80890345573,-0.890986025333,-0.138593524694,-2.80890345573,-0.890986025333,-0.138593524694
3969,2,2785,248,18,1,1.125,1,33,1,1,1,1,,-2.49809813499,-0.0975444093347,1.11317801476,-2.80890345573,-0.890986025333,-0.138593524694
3970,1,2787,248,18,1,1.125,1,12,1,1,1,1,0,0.110681809485,-0.0531336590648,-0.351499468088,0.110681809485,-0.0531336590648,-0.351499468088
3970,2,2787,248,18,1,1.125,1,23,1,1,1,1,,-0.605045080185,0.673303246498,0.949521481991,0.110681809485,-0.0531336590648,-0.351499468088
