hhid,round,nEligible,nIneligible,samplingprobability,samp_wgt,dietarydiversity_R1,Ldietarydiversity,Lhh_wealth_asinh,Lvill_eligible_ratio,Lsavingsstock_asinh3,Lconsumpti_x_Lproductiv,Lconsumpti_x_Lselfcostd,foodexpenditure_asinh,foodownconsumption_asinh
1,1,20,216,0.40000000596,2.5,1,,,,,,,0,0
1,2,,,,2.5,1,1,13.3926839828,0.0925925895572,634.75982666,88.2830352783,109.227828979,0,7.49554204941
2,1,20,216,0.40000000596,2.5,5,,,,,,,8.63052177429,7.49554204941
2,2,,,,2.5,5,5,15.4021911621,0.0925925895572,1766.9699707,155.376724243,163.030502319,8.79482460022,7.19743585587
3,1,20,216,0.0185185186565,54,2,,,,,,,5.99147081375,10.2109718323
4,1,20,216,0.0185185186565,54,5,,,,,,,6.42972230911,7.37775945663
4,2,,,,54,5,5,12.5128221512,0.0925925895572,1199.86730957,116.91444397,112.308631897,9.56801509857,8.00636768341
5,1,20,216,0.40000000596,2.5,2,,,,,,,7.37775945663,9.96175670624
5,2,,,,2.5,2,2,12.4073791504,0.0925925895572,0,108.517929077,141.022613525,8.82467746735,7.09007740021
6,1,20,216,0.0185185186565,54,5,,,,,,,7.93737459183,9.21034049988
6,2,,,,54,5,5,14.9604635239,0.0925925895572,0,152.939819336,159.582763672,9.08250713348,0
7,1,20,216,0.40000000596,2.5,1,,,,,,,0,7.49554204941
7,2,,,,2.5,1,1,14.5007266998,0.0925925895572,0,86.969833374,131.975311279,6.90775632858,7.59085226059
8,1,20,216,0.40000000596,2.5,4,,,,,,,7.2442278862,0
8,2,,,,2.5,4,4,14.0989589691,0.0925925895572,531.77130127,102.108428955,123.283424377,8.10167789459,0
9,1,20,216,0.40000000596,2.5,2,,,,,,,5.99147081375,0
9,2,,,,2.5,2,2,13.1394166946,0.0925925895572,0,77.4201812744,112.140151978,7.2442278862,0
10,1,20,216,0.0185185186565,54,3,,,,,,,7.09007740021,0
10,2,,,,54,3,3,12.7050285339,0.0925925895572,1585.7911377,80.971206665,105.802536011,6.39693260193,9.21034049988
11,1,20,216,0.40000000596,2.5,3,,,,,,,0,0
11,2,,,,2.5,3,3,13.7141418457,0.0925925895572,0,89.416343689,108.454078674,9.8521938324,9.39266204834
12,1,20,216,0.40000000596,2.5,5,,,,,,,10.49127388,0
12,2,,,,2.5,5,5,10.0257053375,0.0925925895572,0,124.52230072,151.116958618,7.64160490036,5.15129470825
13,1,36,227,0.222222223878,4.5,4,,,,,,,7.09007740021,0
13,2,,,,4.5,4,4,13.9481163025,0.158590301871,0,108.155807495,125.671058655,7.2442278862,9.03598690033
14,1,36,227,0.222222223878,4.5,2,,,,,,,5.29834222794,0
14,2,,,,4.5,2,2,13.2814159393,0.158590301871,0,83.9445037842,111.399162292,9.0904302597,0
15,1,36,227,0.222222223878,4.5,4,,,,,,,7.57558488846,8.13153076172
15,2,,,,4.5,4,4,10.5635948181,0.158590301871,0,106.619743347,139.633071899,8.18868923187,0
16,1,36,227,0.0176211446524,56.7500038147,1,,,,,,,5.29834222794,8.63052177429
16,2,,,,56.7500038147,1,1,15.131436348,0.158590301871,0,153.397521973,156.14630127,5.99147081375,9.72913455963
17,1,36,227,0.222222223878,4.5,3,,,,,,,0,8.16051864624
17,2,,,,4.5,3,3,14.0301656723,0.158590301871,0,133.417694092,130.978164673,7.86326694489,10.2109718323
18,1,36,227,0.0176211446524,56.7500038147,1,,,,,,,6.90775632858,0
18,2,,,,56.7500038147,1,1,14.5077571869,0.158590301871,356.412506104,129.799041748,123.643844604,8.83927631378,9.38429355621
19,1,36,227,0.222222223878,4.5,3,,,,,,,6.68461322784,8.41183280945
19,2,,,,4.5,3,3,12.2209615707,0.158590301871,0,113.400413513,117.872161865,0,0
20,1,36,227,0.0176211446524,56.7500038147,3,,,,,,,7.09007740021,0
20,2,,,,56.7500038147,3,3,12.8336143494,0.158590301871,725.893249512,111.937667847,103.232971191,0,6.68461322784
21,1,36,227,0.0176211446524,56.7500038147,4,,,,,,,7.78322410583,10.3734912872
21,2,,,,56.7500038147,4,4,15.7028532028,0.158590301871,1493.09228516,165.113464355,181.047363281,8.79482460022,8.85366535187
22,1,36,227,0.222222223878,4.5,2,,,,,,,8.294049263,7.31322097778
22,2,,,,4.5,2,2,13.0489320755,0.158590301871,0,122.850517273,131.154663086,10.2035923004,8.10167789459
23,1,36,227,0.222222223878,4.5,3,,,,,,,9.29651832581,0
23,2,,,,4.5,3,3,15.3578681946,0.158590301871,0,140.809036255,168.392456055,7.78322410583,0
24,1,36,227,0.222222223878,4.5,6,,,,,,,9.86266517639,10.7320394516
24,2,,,,4.5,6,6,16.7234172821,0.158590301871,1599.66174316,207.122634888,181.148147583,10.118598938,6.39693260193
25,1,1,114,1,1,2,,,,,,,0,8.3428401947
25,2,,,,1,2,2,12.9917535782,0.00877192988992,570.558044434,130.928512573,120.018592834,0,9.21034049988
26,1,1,114,0.0350877195597,28.5,3,,,,,,,0,9.9349861145
26,2,,,,28.5,3,3,15.81067276,0.00877192988992,1005.05334473,183.226333618,154.956130981,0,6.90775632858
27,1,1,114,0.0350877195597,28.5,4,,,,,,,9.91333866119,8.29204750061
27,2,,,,28.5,4,4,16.7373046875,0.00877192988992,0,196.362716675,171.417053223,0,9.21034049988
28,1,1,114,0.0350877195597,28.5,5,,,,,,,7.60090255737,9.75266456604
28,2,,,,28.5,5,5,14.5173196793,0.00877192988992,0,151.147476196,163.146987915,8.294049263,8.8818359375
29,1,1,114,0.0350877195597,28.5,2,,,,,,,0,0
29,2,,,,28.5,2,2,15.2009048462,0.00877192988992,0,80.5660400391,59.8171272278,8.37562942505,0
30,1,19,124,0.0322580635548,31,6,,,,,,,10.8666620255,11.8493976593
30,2,,,,31,6,6,17.5976352692,0.153225809336,1137.88684082,207.405517578,223.485015869,7.60090255737,0
31,1,19,124,0.421052634716,2.375,5,,,,,,,7.60090255737,10.3734912872
31,2,,,,2.375,5,5,14.5717077255,0.153225809336,609.017578125,134.910888672,173.694549561,9.95227813721,11.0020999908
32,1,19,124,0.0322580635548,31,4,,,,,,,7.69621276855,8.0709066391
32,2,,,,31,4,4,14.9077692032,0.153225809336,0,123.480613708,161.280960083,8.18868923187,9.66141605377
33,1,19,124,0.421052634716,2.375,2,,,,,,,5.29834222794,7.86326694489
33,2,,,,2.375,2,2,13.6416330338,0.153225809336,0,127.187667847,136.128799438,8.00636768341,0
34,1,19,124,0.421052634716,2.375,3,,,,,,,8.294049263,9.68034362793
34,2,,,,2.375,3,3,16.7380199432,0.153225809336,0,190.986709595,182.594314575,10.1023387909,14.6909790039
35,1,19,124,0.0322580635548,31,4,,,,,,,8.79482460022,0
35,2,,,,31,4,4,14.4051847458,0.153225809336,1331.76245117,118.226394653,153.702438354,9.60238265991,0
36,1,19,124,0.421052634716,2.375,5,,,,,,,8.63052177429,6.39693260193
36,2,,,,2.375,5,5,17.080078125,0.153225809336,725.893249512,183.802520752,170.567947388,8.63052177429,0
37,1,19,124,0.421052634716,2.375,5,,,,,,,10.3545627594,10.9560556412
37,2,,,,2.375,5,5,14.9854507446,0.153225809336,0,150.977584839,192.286254883,7.49554204941,9.93304634094
38,1,19,124,0.421052634716,2.375,4,,,,,,,7.09007740021,7.60090255737
38,2,,,,2.375,4,4,13.9218502045,0.153225809336,1383.1628418,120.521606445,136.694717407,7.64969301224,9.3993062973
39,1,19,124,0.0322580635548,31,3,,,,,,,8.63052177429,9.47270488739
39,2,,,,31,3,3,14.7265872955,0.153225809336,0,140.034515381,165.724060059,10.7363967896,0
40,1,19,124,0.421052634716,2.375,1,,,,,,,8.9871969223,0
40,2,,,,2.375,1,1,10.81777668,0.153225809336,0,111.428543091,146.463119507,8.77955722809,0
41,1,19,124,0.421052634716,2.375,3,,,,,,,8.43381118774,6.39693260193
41,2,,,,2.375,3,3,15.2497854233,0.153225809336,725.893249512,122.093086243,156.768371582,9.08250713348,6.68461322784
42,1,11,179,0.727272748947,1.375,1,,,,,,,7.2442278862,9.8521938324
42,2,,,,1.375,1,1,11.5028753281,0.0614525154233,0,106.249839783,128.904205322,6.90775632858,8.47637081146
43,1,11,179,0.727272748947,1.375,9,,,,,,,8.51719284058,8.69951438904
43,2,,,,1.375,9,9,16.8575820923,0.0614525154233,1306.86535645,189.266815186,153.000061035,0,0
44,1,11,179,0.0223463680595,44.75,8,,,,,,,9.51782512665,9.79812717438
44,2,,,,44.75,8,8,15.1720151901,0.0614525154233,2207.88671875,177.747528076,174.031890869,9.58190345764,8.96187877655
45,1,11,179,0.0223463680595,44.75,5,,,,,,,8.3428401947,0
45,2,,,,44.75,5,5,12.8293333054,0.0614525154233,1050.58520508,126.580619812,154.696472168,7.49554204941,8.69951438904
46,1,11,179,0.727272748947,1.375,2,,,,,,,10.8893041611,7.37775945663
46,2,,,,1.375,2,2,16.2538318634,0.0614525154233,2327.98974609,192.288482666,206.402069092,10.6454248428,8.00636768341
47,1,11,179,0.727272748947,1.375,3,,,,,,,7.17012023926,0
47,2,,,,1.375,3,3,11.9984331131,0.0614525154233,0,92.4849014282,108.4349823,8.93590354919,7.37775945663
48,1,11,179,0.727272748947,1.375,4,,,,,,,7.17012023926,8.51719284058
48,2,,,,1.375,4,4,13.4016542435,0.0614525154233,0,114.3335495,141.373596191,9.21034049988,0
49,1,11,179,0.727272748947,1.375,3,,,,,,,8.18868923187,8.00636768341
49,2,,,,1.375,3,3,12.9214706421,0.0614525154233,0,102.349876404,134.004013062,8.43381118774,8.03915786743
50,1,11,179,0.0223463680595,44.75,8,,,,,,,6.68461322784,9.38429355621
50,2,,,,44.75,8,8,14.4155550003,0.0614525154233,940.652526855,161.860427856,180.372024536,10.3089523315,6.90775632858
51,1,11,179,0.727272748947,1.375,4,,,,,,,8.43381118774,9.39266204834
51,2,,,,1.375,4,4,13.0592107773,0.0614525154233,0,125.112709045,144.733734131,0,0
52,1,11,179,0.727272748947,1.375,4,,,,,,,6.68461322784,0
52,2,,,,1.375,4,4,-10.2255706787,0.0614525154233,0,101.654037476,132.124313354,8.73230457306,11.6952466965
53,1,11,179,0.0223463680595,44.75,3,,,,,,,6.39693260193,9.28730106354
53,2,,,,44.75,3,3,13.8392267227,0.0614525154233,1010.39038086,153.093460083,155.922668457,0,8.85366535187
54,1,29,159,0.275862067938,3.625,6,,,,,,,8.00636768341,7.78322410583
54,2,,,,3.625,6,6,14.3364448547,0.182389929891,0,109.607406616,144.296203613,7.49554204941,0
55,1,29,159,0.275862067938,3.625,3,,,,,,,10.8893041611,8.63052177429
55,2,,,,3.625,3,3,13.424539566,0.182389929891,1429.32714844,147.115264893,160.907180786,9.08250713348,8.89562988281
56,1,29,159,0.275862067938,3.625,4,,,,,,,8.8818359375,8.47637081146
56,2,,,,3.625,4,4,12.9775686264,0.182389929891,0,128.101135254,139.107757568,8.43381118774,0
57,1,29,159,0.0251572318375,39.75,4,,,,,,,7.86326694489,7.60090255737
57,2,,,,39.75,4,4,15.3677854538,0.182389929891,1095.57873535,154.996856689,141.560119629,8.59415435791,6.68461322784
58,1,29,159,0.275862067938,3.625,6,,,,,,,10.214641571,8.83927631378
58,2,,,,3.625,6,6,16.2403507233,0.182389929891,1013.03094482,196.506515503,177.071563721,9.53242397308,0
59,1,29,159,0.275862067938,3.625,3,,,,,,,6.68461322784,8.57546234131
59,2,,,,3.625,3,3,13.9641027451,0.182389929891,617.859069824,123.598495483,145.658035278,8.13153076172,8.13153076172
60,1,29,159,0.275862067938,3.625,4,,,,,,,8.85366535187,0
60,2,,,,3.625,4,4,12.9160766602,0.182389929891,0,126.754852295,127.183906555,9.32366943359,12.7938594818
61,1,29,159,0.0251572318375,39.75,3,,,,,,,5.29834222794,0
61,2,,,,39.75,3,3,15.5059757233,0.182389929891,513.223571777,110.258506775,123.232955933,5.29834222794,7.09007740021
62,1,29,159,0.0251572318375,39.75,5,,,,,,,10.8893041611,10.4631032944
62,2,,,,39.75,5,5,14.8208370209,0.182389929891,1444.68676758,178.208862305,196.575256348,9.98966503143,8.18868923187
63,1,29,159,0.275862067938,3.625,3,,,,,,,0,0
63,2,,,,3.625,3,3,18.4305419922,0.182389929891,0,73.4255142212,101.927513123,8.0709066391,7.60090255737
64,1,29,159,0.0251572318375,39.75,4,,,,,,,9.77565383911,8.294049263
64,2,,,,39.75,4,4,14.4833402634,0.182389929891,1414.44909668,157.508651733,166.920303345,5.29834222794,7.69621276855
65,1,29,159,0.275862067938,3.625,3,,,,,,,7.86326694489,0
65,2,,,,3.625,3,3,12.9503879547,0.182389929891,0,108.95035553,136.775421143,7.69621276855,7.49554204941
66,1,14,177,0.0225988700986,44.25,5,,,,,,,9.53242397308,9.46498298645
66,2,,,,44.25,5,5,13.7669506073,0.0790960416198,1366.6739502,131.872329712,160.545608521,7.69621276855,6.68461322784
67,1,14,177,0.571428596973,1.74999988079,7,,,,,,,9.75266456604,10.2399597168
67,2,,,,1.74999988079,7,7,13.1311244965,0.0790960416198,0,153.710525513,149.485290527,8.13153076172,8.47637081146
68,1,14,177,0.571428596973,1.74999988079,6,,,,,,,7.60090255737,10.9818973541
68,2,,,,1.74999988079,6,6,13.8006000519,0.0790960416198,828.640380859,125.981941223,173.151687622,9.75266456604,14.6909790039
69,1,14,177,0.571428596973,1.74999988079,2,,,,,,,8.18868923187,10.085808754
69,2,,,,1.74999988079,2,2,14.1935358047,0.0790960416198,0,145.573745728,164.083740234,9.45720005035,8.51719284058
70,1,14,177,0.571428596973,1.74999988079,8,,,,,,,8.59415435791,6.39693260193
70,2,,,,1.74999988079,8,8,13.7261152267,0.0790960416198,662.152954102,121.773094177,144.763580322,8.66561317444,10.2035923004
71,1,14,177,0.0225988700986,44.25,5,,,,,,,8.93590354919,8.13153076172
71,2,,,,44.25,5,5,16.0815353394,0.0790960416198,725.893249512,164.170196533,172.100204468,6.68461322784,13.2442274094
72,1,14,177,0.571428596973,1.74999988079,4,,,,,,,7.37775945663,10.4139127731
72,2,,,,1.74999988079,4,4,12.9803390503,0.0790960416198,0,114.199455261,154.5340271,8.90923500061,8.0709066391
73,1,14,177,0.571428596973,1.74999988079,5,,,,,,,5.99147081375,0
73,2,,,,1.74999988079,5,5,13.3331108093,0.0790960416198,0,93.0208206177,115.957267761,8.10167789459,8.3428401947
74,1,14,177,0.571428596973,1.74999988079,3,,,,,,,9.0118894577,0
74,2,,,,1.74999988079,3,3,13.6940202713,0.0790960416198,549.089538574,132.35458374,140.317398071,8.13153076172,7.37775945663
75,1,14,177,0.571428596973,1.74999988079,3,,,,,,,7.2442278862,8.9871969223
75,2,,,,1.74999988079,3,3,12.9724702835,0.0790960416198,617.859069824,108.254692078,137.361938477,7.2442278862,8.69951438904
76,1,14,177,0.0225988700986,44.25,6,,,,,,,7.37775945663,12.0523386002
76,2,,,,44.25,6,6,15.736571312,0.0790960416198,1050.58520508,166.758392334,211.873321533,9.45720005035,8.66561317444
77,1,14,177,0.0225988700986,44.25,8,,,,,,,10.8493366241,10.7789564133
77,2,,,,44.25,8,8,15.8622226715,0.0790960416198,2327.98974609,179.685821533,206.01449585,10.6188850403,9.30565071106
78,1,27,94,0.296296298504,3.375,3,,,,,,,7.2442278862,0
78,2,,,,3.375,3,3,13.3569612503,0.287234038115,0,92.7344741821,118.866668701,7.2442278862,7.60090255737
79,1,27,94,0.296296298504,3.375,3,,,,,,,7.09007740021,0
79,2,,,,3.375,3,3,14.0397415161,0.287234038115,343.450897217,120.379257202,119.655792236,7.09007740021,6.90775632858
80,1,27,94,0.296296298504,3.375,5,,,,,,,5.99147081375,6.39693260193
80,2,,,,3.375,5,5,13.6858577728,0.287234038115,858.190185547,98.2527694702,123.430229187,6.39693260193,8.00636768341
81,1,27,94,0.296296298504,3.375,2,,,,,,,8.13153076172,5.99147081375
81,2,,,,3.375,2,2,14.6447849274,0.287234038115,694.01574707,129.099273682,148.811782837,7.64969301224,7.60090255737
82,1,27,94,0.0425531901419,23.5,3,,,,,,,0,0
82,2,,,,23.5,3,3,14.4277734756,0.287234038115,0,69.8336257935,81.4944381714,8.77955722809,14.6909790039
83,1,27,94,0.0425531901419,23.5,1,,,,,,,0,0
83,2,,,,23.5,1,1,13.426607132,0.287234038115,0,88.2589492798,91.4853744507,6.68461322784,9.04782104492
84,1,27,94,0.0425531901419,23.5,4,,,,,,,0,0
84,2,,,,23.5,4,4,13.4203920364,0.287234038115,907.135803223,85.0835342407,88.1894607544,6.68461322784,10.0519075394
85,1,27,94,0.296296298504,3.375,10,,,,,,,9.77565383911,8.76405334473
85,2,,,,3.375,10,10,14.5971717834,0.287234038115,1440.89416504,169.706314087,148.68888855,8.51719284058,8.77955722809
86,1,27,94,0.296296298504,3.375,3,,,,,,,0,0
86,2,,,,3.375,3,3,13.7249288559,0.287234038115,828.640380859,80.9899597168,96.3709335327,9.30565071106,11.544424057
87,1,27,94,0.0425531901419,23.5,4,,,,,,,8.43381118774,0
87,2,,,,23.5,4,4,12.8261117935,0.287234038115,971.324707031,125.418739319,136.717178345,7.60090255737,8.85366535187
88,1,27,94,0.296296298504,3.375,6,,,,,,,8.69951438904,9.23989963531
88,2,,,,3.375,6,6,13.7461605072,0.287234038115,1331.76245117,146.110443115,144.236038208,5.99147081375,8.18868923187
89,1,27,94,0.296296298504,3.375,3,,,,,,,0,0
89,2,,,,3.375,3,3,13.4168224335,0.287234038115,694.01574707,79.6815261841,95.7688064575,6.90775632858,9.05951786041
90,1,62,115,0.129032254219,7.75,4,,,,,,,7.49554204941,0
90,2,,,,7.75,4,4,13.5711431503,0.539130449295,0,113.337272644,124.775535583,7.93737459183,9.24956130981
91,1,62,115,0.129032254219,7.75,5,,,,,,,5.29834222794,9.12695884705
91,2,,,,7.75,5,5,14.0618238449,0.539130449295,626.434020996,115.606575012,149.53565979,7.2442278862,7.09007740021
92,1,62,115,0.0347826071084,28.7500019073,4,,,,,,,6.68461322784,5.99147081375
92,2,,,,28.7500019073,4,4,13.3355369568,0.539130449295,0,110.166419983,115.851509094,6.39693260193,7.78322410583
93,1,62,115,0.0347826071084,28.7500019073,4,,,,,,,5.29834222794,0
93,2,,,,28.7500019073,4,4,13.3709411621,0.539130449295,471.496643066,81.9050750732,103.952201843,7.86326694489,8.90923500061
94,1,62,115,0.129032254219,7.75,3,,,,,,,6.39693260193,7.49554204941
94,2,,,,7.75,3,3,12.8521280289,0.539130449295,401.581298828,120.409004211,136.290512085,0,9.14846515656
95,1,62,115,0.129032254219,7.75,2,,,,,,,8.0709066391,0
95,2,,,,7.75,2,2,14.058139801,0.539130449295,1189.88208008,126.298034668,132.740768433,8.0709066391,7.60090255737
96,1,62,115,0.0347826071084,28.7500019073,5,,,,,,,8.55641365051,10.3672218323
96,2,,,,28.7500019073,5,5,13.5332803726,0.539130449295,971.324707031,150.975082397,154.873458862,8.31874275208,8.294049263
97,1,62,115,0.129032254219,7.75,4,,,,,,,7.78322410583,0
97,2,,,,7.75,4,4,13.2878780365,0.539130449295,570.558044434,98.8059310913,122.824455261,9.21034049988,7.60090255737
98,1,62,115,0.129032254219,7.75,6,,,,,,,5.99147081375,8.59415435791
98,2,,,,7.75,6,6,13.9552726746,0.539130449295,0,132.721313477,146.149887085,7.09007740021,9.32366943359
99,1,62,115,0.0347826071084,28.7500019073,7,,,,,,,7.93737459183,11.9063177109
99,2,,,,28.7500019073,7,7,14.5282154083,0.539130449295,1698.63464355,179.966262817,187.908569336,6.39693260193,6.39693260193
100,1,62,115,0.129032254219,7.75,6,,,,,,,7.93737459183,10.0432491302
100,2,,,,7.75,6,6,14.1684188843,0.539130449295,1355.33642578,157.164428711,155.577667236,0,8.294049263
101,1,62,115,0.129032254219,7.75,2,,,,,,,5.29834222794,6.80239582062
101,2,,,,7.75,2,2,13.0735931396,0.539130449295,0,97.0205535889,126.800102234,8.76405334473,8.38935947418
102,1,17,123,0.0325203239918,30.7500019073,3,,,,,,,8.68270778656,0
102,2,,,,30.7500019073,3,3,13.8286237717,0.138211384416,0,124.093269348,142.677932739,6.90775632858,0
103,1,17,123,0.470588237047,2.125,3,,,,,,,9.16951847076,0
103,2,,,,2.125,3,3,14.0053043365,0.138211384416,0,130.503219604,147.180038452,9.37585449219,6.90775632858
104,1,17,123,0.0325203239918,30.7500019073,6,,,,,,,9.10497951508,0
104,2,,,,30.7500019073,6,6,14.438501358,0.138211384416,379.718414307,123.716964722,153.904373169,9.10497951508,8.0709066391
105,1,17,123,0.470588237047,2.125,2,,,,,,,8.80986309052,11.8364572525
105,2,,,,2.125,2,2,14.3880710602,0.138211384416,1754.00170898,177.446624756,189.285125732,8.51719284058,8.97461795807
106,1,17,123,0.470588237047,2.125,6,,,,,,,10.8893041611,7.09007740021
106,2,,,,2.125,6,6,17.7985706329,0.138211384416,2327.98974609,224.450119019,183.604095459,10.8723707199,14.6909790039
107,1,17,123,0.470588237047,2.125,2,,,,,,,0,13.710149765
107,2,,,,2.125,2,2,-10.2255706787,0.138211384416,1137.88684082,214.773208618,214.828613281,8.0709066391,9.37585449219
108,1,17,123,0.470588237047,2.125,2,,,,,,,5.29834222794,8.3428401947
108,2,,,,2.125,2,2,14.2480716705,0.138211384416,1116.28430176,116.689231873,143.921691895,5.29834222794,8.51719284058
109,1,17,123,0.0325203239918,30.7500019073,6,,,,,,,9.44145202637,0
109,2,,,,30.7500019073,6,6,15.3067502975,0.138211384416,1280.4699707,176.601821899,175.588882446,9.56099700928,0
110,1,17,123,0.470588237047,2.125,2,,,,,,,8.24275684357,7.49554204941
110,2,,,,2.125,2,2,14.5160303116,0.138211384416,0,101.808692932,148.561889648,7.2442278862,9.10719966888
111,1,17,123,0.0325203239918,30.7500019073,1,,,,,,,6.80239582062,0
111,2,,,,30.7500019073,1,1,13.2349777222,0.138211384416,0,85.9525680542,111.59980011,7.86326694489,0
112,1,17,123,0.470588237047,2.125,2,,,,,,,5.29834222794,5.99147081375
112,2,,,,2.125,2,2,11.2437381744,0.138211384416,298.695617676,87.9639358521,108.617347717,8.92265796661,0
113,1,17,123,0.470588237047,2.125,4,,,,,,,9.25913047791,0
113,2,,,,2.125,4,4,-10.1542463303,0.138211384416,0,114.940666199,160.228134155,9.45720005035,0
114,1,27,123,0.296296298504,3.375,6,,,,,,,9.16951847076,7.09007740021
114,2,,,,3.375,6,6,9.58877658844,0.219512194395,1222.27844238,115.665115356,152.902008057,6.90775632858,0
115,1,27,123,0.296296298504,3.375,1,,,,,,,8.13153076172,7.37775945663
115,2,,,,3.375,1,1,13.8300046921,0.219512194395,0,117.705352783,138.773727417,8.66561317444,14.5086574554
116,1,27,123,0.296296298504,3.375,3,,,,,,,6.90775632858,9.39266204834
116,2,,,,3.375,3,3,14.6983690262,0.219512194395,0,112.245498657,161.727233887,5.29834222794,12.0867261887
117,1,27,123,0.296296298504,3.375,5,,,,,,,7.78322410583,7.09007740021
117,2,,,,3.375,5,5,12.4901227951,0.219512194395,570.558044434,105.97429657,118.140830994,7.78322410583,10.0060443878
118,1,27,123,0.0325203239918,30.7500019073,1,,,,,,,0,0
118,2,,,,30.7500019073,1,1,8.73230457306,0.219512194395,0,46.2667388916,68.3444824219,7.37775945663,8.69951438904
119,1,27,123,0.296296298504,3.375,3,,,,,,,8.8818359375,8.47637081146
119,2,,,,3.375,3,3,9.88837432861,0.219512194395,781.316589355,100.080459595,145.049697876,7.74066448212,0
120,1,27,123,0.296296298504,3.375,6,,,,,,,7.31322097778,8.85366535187
120,2,,,,3.375,6,6,13.5685863495,0.219512194395,1306.86535645,127.737800598,141.887039185,5.29834222794,8.47637081146
121,1,27,123,0.0325203239918,30.7500019073,2,,,,,,,8.13153076172,0
121,2,,,,30.7500019073,2,2,13.4460401535,0.219512194395,725.893249512,110.471214294,130.614334106,7.90100717545,0
122,1,27,123,0.0325203239918,30.7500019073,3,,,,,,,8.43381118774,0
122,2,,,,30.7500019073,3,3,13.1515264511,0.219512194395,725.893249512,115.239089966,131.408813477,9.66776561737,8.16051864624
123,1,27,123,0.0325203239918,30.7500019073,8,,,,,,,8.85366535187,9.66776561737
123,2,,,,30.7500019073,8,8,16.7271327972,0.219512194395,1319.48913574,192.336029053,168.041687012,0,0
124,1,27,123,0.296296298504,3.375,5,,,,,,,7.2442278862,8.73230457306
124,2,,,,3.375,5,5,14.6761198044,0.219512194395,0,127.134307861,152.817687988,6.90775632858,8.00636768341
125,1,27,123,0.296296298504,3.375,7,,,,,,,8.00636768341,8.83927631378
125,2,,,,3.375,7,7,14.812828064,0.219512194395,1040.92590332,152.462478638,153.677490234,8.72257995605,8.90923500061
126,1,18,64,0.0625,16,7,,,,,,,0,9.37585449219
126,2,,,,16,7,7,13.426607132,0.28125,870.112182617,129.646957397,152.631896973,9.10497951508,0
127,1,18,64,0.444444447756,2.25,6,,,,,,,9.05951786041,9.41735458374
127,2,,,,2.25,6,6,13.4208164215,0.28125,1701.11791992,152.724197388,160.113418579,7.2442278862,9.21034049988
128,1,18,64,0.444444447756,2.25,4,,,,,,,6.68461322784,8.80986309052
128,2,,,,2.25,4,4,13.8355093002,0.28125,0,101.654449463,144.262786865,7.90100717545,0
129,1,18,64,0.444444447756,2.25,4,,,,,,,9.28730106354,9.68034362793
129,2,,,,2.25,4,4,14.1536245346,0.28125,2048.75488281,163.935958862,163.561080933,10.3089523315,0
130,1,18,64,0.444444447756,2.25,2,,,,,,,7.37775945663,5.29834222794
130,2,,,,2.25,2,2,12.9350690842,0.28125,0,91.186088562,121.506980896,9.89343738556,0
131,1,18,64,0.444444447756,2.25,3,,,,,,,0,6.39693260193
131,2,,,,2.25,3,3,15.3898181915,0.28125,781.316589355,124.808700562,113.789367676,6.39693260193,9.19013786316
132,1,18,64,0.444444447756,2.25,4,,,,,,,7.60090255737,7.78322410583
132,2,,,,2.25,4,4,15.9004001617,0.28125,0,108.00201416,161.010528564,9.19013786316,12.1735496521
133,1,18,64,0.0625,16,4,,,,,,,8.3428401947,7.60090255737
133,2,,,,16,4,4,13.5706329346,0.28125,889.11315918,137.889419556,140.323669434,7.60090255737,9.82010555267
134,1,18,64,0.0625,16,5,,,,,,,9.08250713348,7.78322410583
134,2,,,,16,5,5,14.7043066025,0.28125,1331.76245117,162.305999756,144.578323364,8.51719284058,9.51782512665
135,1,18,64,0.0625,16,3,,,,,,,8.73230457306,7.58069992065
135,2,,,,16,3,3,14.1613674164,0.28125,1441.84521484,117.546875,149.616195679,10.1849002838,9.42545223236
136,1,18,64,0.444444447756,2.25,4,,,,,,,7.5496096611,13.710149765
136,2,,,,2.25,4,4,14.000825882,0.28125,770.973754883,184.35005188,209.720916748,7.2442278862,6.39693260193
137,1,18,64,0.444444447756,2.25,1,,,,,,,0,8.69951438904
137,2,,,,2.25,1,1,13.1783657074,0.28125,754.80871582,121.133476257,133.718521118,8.13153076172,0
138,1,28,113,0.0353982299566,28.25,2,,,,,,,6.90775632858,5.99147081375
138,2,,,,28.25,2,2,13.722743988,0.247787609696,975.712097168,110.917854309,132.407958984,5.29834222794,0
139,1,28,113,0.285714298487,3.49999976158,2,,,,,,,7.86326694489,0
139,2,,,,3.49999976158,2,2,13.8439502716,0.247787609696,0,96.2438430786,131.646606445,8.59415435791,8.294049263
140,1,28,113,0.285714298487,3.49999976158,2,,,,,,,7.93737459183,11.8663949966
140,2,,,,3.49999976158,2,2,14.3463153839,0.247787609696,1050.58520508,182.448638916,181.646331787,8.3428401947,8.9871969223
141,1,28,113,0.0353982299566,28.25,6,,,,,,,8.13153076172,13.710149765
141,2,,,,28.25,6,6,14.02739048,0.247787609696,0,185.440536499,209.720916748,8.24275684357,0
142,1,28,113,0.285714298487,3.49999976158,7,,,,,,,6.90775632858,8.49699020386
142,2,,,,3.49999976158,7,7,14.0626049042,0.247787609696,870.112182617,131.11050415,144.612319946,8.55641365051,7.31322097778
143,1,28,113,0.285714298487,3.49999976158,3,,,,,,,8.3428401947,0
143,2,,,,3.49999976158,3,3,13.5243558884,0.247787609696,439.132415771,127.659721375,143.303787231,7.86326694489,9.26860904694
144,1,28,113,0.285714298487,3.49999976158,3,,,,,,,0,0
144,2,,,,3.49999976158,3,3,12.0839958191,0.247787609696,21.4032669067,53.0821304321,70.7761764526,7.09007740021,0
145,1,28,113,0.285714298487,3.49999976158,4,,,,,,,8.47637081146,7.60090255737
145,2,,,,3.49999976158,4,4,14.256857872,0.247787609696,0,138.444564819,144.932037354,8.47637081146,8.38935947418
146,1,28,113,0.285714298487,3.49999976158,4,,,,,,,5.99147081375,0
146,2,,,,3.49999976158,4,4,13.9709749222,0.247787609696,439.132415771,86.7026138306,116.895858765,8.63052177429,7.09007740021
147,1,28,113,0.0353982299566,28.25,5,,,,,,,7.93737459183,9.56941223145
147,2,,,,28.25,5,5,15.0637493134,0.247787609696,1429.32714844,153.003997803,173.83732605,8.26873207092,10.6334486008
148,1,28,113,0.285714298487,3.49999976158,5,,,,,,,9.14846515656,0
148,2,,,,3.49999976158,5,5,12.523434639,0.247787609696,0,115.490562439,130.168182373,9.26860904694,7.37775945663
149,1,28,113,0.0353982299566,28.25,2,,,,,,,4.60527038574,5.99147081375
149,2,,,,28.25,2,2,12.2356309891,0.247787609696,862.210205078,69.685874939,97.0545043945,8.13153076172,0
150,1,12,132,0.0303030312061,33,3,,,,,,,7.2442278862,8.69951438904
150,2,,,,33,3,3,11.1034526825,0.0909090936184,0,115.680160522,143.247344971,7.90100717545,9.16951847076
151,1,12,132,0.0303030312061,33,6,,,,,,,10.49127388,8.10167789459
151,2,,,,33,6,6,15.6940288544,0.0909090936184,1564.22277832,187.178359985,179.143798828,9.80917644501,10.3089523315
152,1,12,132,0.666666686535,1.5,5,,,,,,,5.29834222794,8.0709066391
152,2,,,,1.5,5,5,10.7536382675,0.0909090936184,0,102.156173706,132.355300903,0,10.3734912872
153,1,12,132,0.666666686535,1.5,1,,,,,,,7.60090255737,11.2384881973
153,2,,,,1.5,1,1,15.1427974701,0.0909090936184,0,173.32623291,190.079879761,8.21608829498,10.2035923004
154,1,12,132,0.0303030312061,33,3,,,,,,,7.31322097778,7.09007740021
154,2,,,,33,3,3,14.4632415771,0.0909090936184,988.570861816,116.976654053,140.531082153,7.86326694489,7.49554204941
155,1,12,132,0.0303030312061,33,5,,,,,,,8.43381118774,10.0647554398
155,2,,,,33,5,5,13.6495742798,0.0909090936184,525.735107422,123.878944397,159.753097534,8.9871969223,13.9993305206
156,1,12,132,0.666666686535,1.5,6,,,,,,,8.0709066391,6.98471736908
157,1,12,132,0.666666686535,1.5,3,,,,,,,7.60090255737,0
157,2,,,,1.5,3,3,9.35876083374,0.0909090936184,0,85.424118042,119.77721405,8.294049263,0
158,1,12,132,0.666666686535,1.5,3,,,,,,,6.68461322784,7.93737459183
158,2,,,,1.5,3,3,9.68657493591,0.0909090936184,0,94.5704269409,142.017486572,7.09007740021,0
159,1,12,132,0.666666686535,1.5,1,,,,,,,6.90775632858,0
159,2,,,,1.5,1,1,-10.2255706787,0.0909090936184,0,81.6346664429,129.02230835,8.8818359375,0
160,1,12,132,0.666666686535,1.5,4,,,,,,,8.18868923187,8.59415435791
160,2,,,,1.5,4,4,12.9489622116,0.0909090936184,626.434020996,117.533699036,137.968643188,7.93737459183,9.16951847076
161,1,12,132,0.666666686535,1.5,5,,,,,,,8.38935947418,0
161,2,,,,1.5,5,5,11.5038843155,0.0909090936184,725.893249512,112.125389099,142.676513672,8.294049263,8.68270778656
162,1,27,100,0.296296298504,3.375,6,,,,,,,8.10167789459,5.99147081375
162,2,,,,3.375,6,6,14.6147727966,0.270000010729,1206.39355469,120.142478943,145.248046875,6.90775632858,7.49554204941
163,1,27,100,0.0399999991059,25,7,,,,,,,10.8893041611,9.12695884705
163,2,,,,25,7,7,14.4426250458,0.270000010729,1818.56103516,174.38293457,168.228469849,8.0709066391,9.16951847076
164,1,27,100,0.0399999991059,25,2,,,,,,,8.43381118774,0
164,2,,,,25,2,2,13.0158910751,0.270000010729,0,112.682701111,134.463973999,8.8818359375,0
165,1,27,100,0.296296298504,3.375,5,,,,,,,9.05951786041,0
165,2,,,,3.375,5,5,15.9041471481,0.270000010729,1150.12927246,168.765625,139.856964111,7.69621276855,0
166,1,27,100,0.296296298504,3.375,4,,,,,,,8.47637081146,12.2160234451
166,2,,,,3.375,4,4,13.8872728348,0.270000010729,0,150.981628418,189.475601196,8.8818359375,8.3428401947
167,1,27,100,0.0399999991059,25,5,,,,,,,9.21034049988,8.85366535187
167,2,,,,25,5,5,14.1543369293,0.270000010729,1306.86535645,149.610290527,154.938232422,5.99147081375,0
168,1,27,100,0.296296298504,3.375,3,,,,,,,7.78322410583,9.5749835968
168,2,,,,3.375,3,3,13.3610649109,0.270000010729,455.859710693,133.870330811,144.678634644,7.2442278862,9.51782512665
169,1,27,100,0.296296298504,3.375,6,,,,,,,8.55641365051,13.3676595688
169,2,,,,3.375,6,6,14.5977668762,0.270000010729,570.558044434,172.943756104,215.427444458,9.40096092224,0
170,1,27,100,0.296296298504,3.375,5,,,,,,,6.55108261108,7.82404613495
171,1,27,100,0.296296298504,3.375,6,,,,,,,6.39693260193,7.2442278862
171,2,,,,3.375,6,6,14.5451822281,0.270000010729,0,102.250076294,136.471664429,7.64969301224,0
172,1,27,100,0.296296298504,3.375,3,,,,,,,6.68461322784,0
172,2,,,,3.375,3,3,12.2876529694,0.270000010729,0,94.1572647095,107.779373169,8.18868923187,0
173,1,27,100,0.0399999991059,25,3,,,,,,,7.60090255737,0
173,2,,,,25,3,3,13.834528923,0.270000010729,0,89.453666687,125.305686951,8.38935947418,0
174,1,12,148,0.666666686535,1.5,4,,,,,,,8.51719284058,0
174,2,,,,1.5,4,4,13.2312173843,0.0810810774565,298.695617676,120.619606018,130.069152832,8.66561317444,0
175,1,12,148,0.666666686535,1.5,2,,,,,,,7.78322410583,6.68461322784
175,2,,,,1.5,2,2,14.5593509674,0.0810810774565,525.735107422,138.321762085,138.057479858,7.49554204941,6.90775632858
176,1,12,148,0.666666686535,1.5,3,,,,,,,8.0709066391,0
176,2,,,,1.5,3,3,12.4069709778,0.0810810774565,737.779846191,100.568328857,116.975288391,7.84776258469,0
177,1,12,148,0.0270270276815,37,4,,,,,,,7.69621276855,0
177,2,,,,37,4,4,13.1366605759,0.0810810774565,0,100.072929382,119.261833191,8.16051864624,0
178,1,12,148,0.0270270276815,37,1,,,,,,,7.2442278862,7.49554204941
178,2,,,,37,1,1,11.5248537064,0.0810810774565,0,101.822105408,108.180717468,6.39693260193,0
179,1,12,148,0.0270270276815,37,2,,,,,,,8.294049263,0
179,2,,,,37,2,2,11.2746686935,0.0810810774565,0,109.379867554,136.691497803,8.18868923187,7.2442278862
180,1,12,148,0.666666686535,1.5,5,,,,,,,8.90923500061,0
180,2,,,,1.5,5,5,12.7340507507,0.0810810774565,500.069793701,125.320098877,128.467880249,7.49554204941,10.5966348648
181,1,12,148,0.666666686535,1.5,3,,,,,,,5.99147081375,8.69951438904
181,2,,,,1.5,3,3,12.6860265732,0.0810810774565,0,130.095535278,141.657821655,9.33255767822,10.5427064896
182,1,12,148,0.666666686535,1.5,5,,,,,,,7.09007740021,8.82467746735
182,2,,,,1.5,5,5,15.2164468765,0.0810810774565,737.779846191,146.143341064,158.220275879,5.29834222794,8.69951438904
183,1,12,148,0.666666686535,1.5,5,,,,,,,8.73230457306,0
183,2,,,,1.5,5,5,11.6767435074,0.0810810774565,0,117.832939148,142.712463379,8.13153076172,9.60238265991
184,1,12,148,0.666666686535,1.5,6,,,,,,,7.86326694489,6.39693260193
184,2,,,,1.5,6,6,18.8948860168,0.0810810774565,770.973754883,120.044029236,131.583023071,8.00636768341,14.0525569916
185,1,12,148,0.0270270276815,37,4,,,,,,,8.8818359375,10.085808754
185,2,,,,37,4,4,14.2254991531,0.0810810774565,0,153.566253662,168.920761108,8.43381118774,8.9871969223
186,1,27,146,0.296296298504,3.375,5,,,,,,,5.7037935257,5.99147081375
186,2,,,,3.375,5,5,18.8188915253,0.184931501746,0,151.992767334,112.633712769,5.29834222794,7.78322410583
187,1,27,146,0.296296298504,3.375,5,,,,,,,8.294049263,8.77955722809
187,2,,,,3.375,5,5,15.1324281693,0.184931501746,486.193389893,125.740028381,164.978591919,7.49554204941,9.99879741669
188,1,27,146,0.0273972600698,36.5,4,,,,,,,9.05951786041,11.0020999908
188,2,,,,36.5,4,4,14.6568193436,0.184931501746,525.735107422,158.832794189,183.208068848,8.294049263,8.69951438904
189,1,27,146,0.0273972600698,36.5,8,,,,,,,7.97246599197,7.64969301224
190,1,27,146,0.296296298504,3.375,6,,,,,,,6.55108261108,7.31322097778
190,2,,,,3.375,6,6,14.5865440369,0.184931501746,570.558044434,110.864776611,134.373596191,8.03915786743,9.74096870422
191,1,27,146,0.296296298504,3.375,2,,,,,,,7.2442278862,7.78322410583
191,2,,,,3.375,2,2,13.3742113113,0.184931501746,0,92.4189987183,129.596252441,7.09007740021,7.75790643692
192,1,27,146,0.296296298504,3.375,2,,,,,,,0,0
192,2,,,,3.375,2,2,9.72913455963,0.184931501746,0,79.8303756714,118.501426697,0,8.63052177429
193,1,27,146,0.296296298504,3.375,2,,,,,,,0,6.39693260193
193,2,,,,3.375,2,2,14.3261766434,0.184931501746,781.316589355,100.290359497,114.250259399,9.20028972626,9.34136867523
194,1,27,146,0.296296298504,3.375,6,,,,,,,8.18868923187,7.60090255737
194,2,,,,3.375,6,6,14.6424875259,0.184931501746,1095.57873535,128.411254883,149.827682495,7.78322410583,8.55641365051
195,1,27,146,0.296296298504,3.375,4,,,,,,,5.99147081375,0
195,2,,,,3.375,4,4,12.6915807724,0.184931501746,0,75.4728775024,101.519180298,8.76405334473,10.4458122253
196,1,27,146,0.0273972600698,36.5,5,,,,,,,8.0709066391,7.2442278862
196,2,,,,36.5,5,5,13.9153556824,0.184931501746,617.859069824,112.319725037,143.961471558,9.39266204834,9.1377696991
197,1,27,146,0.0273972600698,36.5,6,,,,,,,0,8.18868923187
197,2,,,,36.5,6,6,10.7536382675,0.184931501746,0,98.9739456177,127.229530334,7.93737459183,0
198,1,55,172,0.0232558138669,43,7,,,,,,,9.08250713348,8.24275684357
198,2,,,,43,7,7,14.1762571335,0.319767445326,801.06652832,145.607223511,158.78994751,9.39266204834,0
199,1,55,172,0.0232558138669,43,5,,,,,,,6.55108261108,11.3046703339
199,2,,,,43,5,5,14.4062929153,0.319767445326,1154.74121094,131.611755371,182.737609863,6.90775632858,0
200,1,55,172,0.145454540849,6.875,2,,,,,,,10.2109718323,0
200,2,,,,6.875,2,2,13.8826723099,0.319767445326,739.756469727,146.835952759,159.541824341,10.8551454544,7.60090255737
201,1,55,172,0.145454540849,6.875,6,,,,,,,5.99147081375,11.5711946487
201,2,,,,6.875,6,6,13.7450876236,0.319767445326,0,166.478179932,173.742599487,8.76405334473,8.90923500061
202,1,55,172,0.145454540849,6.875,3,,,,,,,7.60090255737,0
202,2,,,,6.875,3,3,13.5585517883,0.319767445326,0,120.245414734,110.708206177,9.70503616333,0
203,1,55,172,0.0232558138669,43,6,,,,,,,8.68270778656,8.64822101593
203,2,,,,43,6,6,14.1819543839,0.319767445326,0,137.278427124,156.586151123,7.5496096611,0
204,1,55,172,0.145454540849,6.875,2,,,,,,,5.29834222794,0
204,2,,,,6.875,2,2,15.0741424561,0.319767445326,0,130.583175659,122.420692444,6.90775632858,8.85366535187
205,1,55,172,0.145454540849,6.875,7,,,,,,,7.78322410583,8.76405334473
205,2,,,,6.875,7,7,13.9481973648,0.319767445326,1331.76245117,141.656707764,144.497848511,7.64969301224,10.7144174576
206,1,55,172,0.145454540849,6.875,3,,,,,,,7.17012023926,0
206,2,,,,6.875,3,3,14.4265794754,0.319767445326,658.39276123,90.6118927002,128.67729187,10.1811189651,10.0432491302
207,1,55,172,0.145454540849,6.875,5,,,,,,,6.68461322784,9.64212322235
207,2,,,,6.875,5,5,14.7748222351,0.319767445326,0,143.797012329,163.003479004,7.78322410583,10.2109718323
208,1,55,172,0.0232558138669,43,5,,,,,,,8.80986309052,0
208,2,,,,43,5,5,14.1779289246,0.319767445326,0,113.462478638,145.079605103,5.29834222794,8.294049263
209,1,55,172,0.145454540849,6.875,4,,,,,,,7.49554204941,9.43348407745
209,2,,,,6.875,4,4,13.7165737152,0.319767445326,525.735107422,141.068023682,145.186309814,5.29834222794,8.69951438904
210,1,18,98,0.444444447756,2.25,1,,,,,,,0,0
210,2,,,,2.25,1,1,13.3522043228,0.183673471212,907.135803223,53.6965789795,70.4927749634,6.90775632858,6.77992296219
211,1,18,98,0.0408163256943,24.5,6,,,,,,,8.63052177429,9.51782512665
211,2,,,,24.5,6,6,12.3867263794,0.183673471212,1331.76245117,132.532043457,156.938995361,10.1627702713,9.75266456604
212,1,18,98,0.444444447756,2.25,4,,,,,,,7.2442278862,0
212,2,,,,2.25,4,4,14.427447319,0.183673471212,1038.47229004,125.472129822,128.08001709,9.10497951508,0
213,1,18,98,0.444444447756,2.25,7,,,,,,,8.38935947418,8.0709066391
213,2,,,,2.25,7,7,11.6386766434,0.183673471212,0,116.840873718,144.496292114,8.18868923187,0
214,1,18,98,0.444444447756,2.25,5,,,,,,,5.99147081375,6.90775632858
214,2,,,,2.25,5,5,13.5575170517,0.183673471212,513.223571777,96.1331634521,117.670944214,8.43381118774,8.69951438904
215,1,18,98,0.444444447756,2.25,5,,,,,,,7.31322097778,8.49699020386
215,2,,,,2.25,5,5,14.5185089111,0.183673471212,1771.87365723,127.701370239,151.196014404,8.93590354919,9.12695884705
216,1,18,98,0.444444447756,2.25,0,,,,,,,9.56099700928,0
216,2,,,,2.25,0,0,9.47270488739,0.183673471212,0,105.448898315,153.466278076,8.18868923187,8.0709066391
217,1,18,98,0.0408163256943,24.5,4,,,,,,,0,10.3417425156
217,2,,,,24.5,4,4,14.0885868073,0.183673471212,0,158.422058105,164.426345825,7.49554204941,9.30565071106
218,1,18,98,0.0408163256943,24.5,2,,,,,,,9.03598690033,8.61250305176
218,2,,,,24.5,2,2,14.2138843536,0.183673471212,0,142.714355469,155.929794312,10.8723707199,9.54681301117
219,1,18,98,0.444444447756,2.25,4,,,,,,,8.59415435791,0
219,2,,,,2.25,4,4,12.9276618958,0.183673471212,971.324707031,108.977035522,128.66885376,8.0709066391,0
220,1,18,98,0.0408163256943,24.5,3,,,,,,,7.93737459183,8.73230457306
220,2,,,,24.5,3,3,12.0370616913,0.183673471212,907.135803223,126.629501343,154.245605469,7.09007740021,8.18868923187
221,1,18,98,0.444444447756,2.25,6,,,,,,,0,7.82404613495
221,2,,,,2.25,6,6,14.1958627701,0.183673471212,0,124.584884644,132.382202148,6.90775632858,0
222,1,31,110,0.0363636352122,27.5,2,,,,,,,10.5050678253,0
222,2,,,,27.5,2,2,14.931385994,0.281818181276,879.74206543,159.457824707,180.964523315,8.38935947418,9.98044872284
223,1,31,110,0.258064508438,3.875,7,,,,,,,9.37585449219,0
223,2,,,,3.875,7,7,14.2716684341,0.281818181276,1152.90283203,115.327323914,158.723922729,9.68034362793,0
224,1,31,110,0.258064508438,3.875,6,,,,,,,7.17012023926,6.39693260193
224,2,,,,3.875,6,6,14.5848779678,0.281818181276,0,111.791900635,135.758712769,8.294049263,8.69951438904
225,1,31,110,0.258064508438,3.875,4,,,,,,,8.96187877655,9.90348720551
225,2,,,,3.875,4,4,14.3951530457,0.281818181276,1651.57226562,162.563247681,156.202941895,8.63052177429,6.90775632858
226,1,31,110,0.258064508438,3.875,4,,,,,,,8.3428401947,7.60090255737
226,2,,,,3.875,4,4,13.8270435333,0.281818181276,1319.48913574,131.535491943,139.154144287,9.37585449219,0
227,1,31,110,0.258064508438,3.875,2,,,,,,,9.26860904694,8.03915786743
227,2,,,,3.875,2,2,13.5235528946,0.281818181276,1222.27844238,136.685394287,143.285903931,8.51719284058,9.37585449219
228,1,31,110,0.0363636352122,27.5,3,,,,,,,8.69951438904,0
228,2,,,,27.5,3,3,11.6792869568,0.281818181276,626.434020996,116.88306427,133.70954895,7.78322410583,7.49554204941
229,1,31,110,0.258064508438,3.875,2,,,,,,,9.64212322235,0
229,2,,,,3.875,2,2,15.1376399994,0.281818181276,0,166.767852783,145.999176025,9.64367961884,7.49554204941
230,1,31,110,0.0363636352122,27.5,5,,,,,,,5.99147081375,9.79812717438
230,2,,,,27.5,5,5,13.1583099365,0.281818181276,513.223571777,129.988296509,146.251983643,8.8818359375,7.09007740021
231,1,31,110,0.0363636352122,27.5,8,,,,,,,10.8893041611,12.1226911545
231,2,,,,27.5,8,8,17.1679553986,0.281818181276,1255.97827148,222.038406372,244.93927002,10.8723707199,10.1849002838
232,1,31,110,0.258064508438,3.875,5,,,,,,,5.29834222794,9.27799892426
232,2,,,,3.875,5,5,14.593091011,0.281818181276,1095.57873535,128.386978149,157.7631073,6.39693260193,9.8521938324
233,1,31,110,0.258064508438,3.875,5,,,,,,,9.68034362793,8.8818359375
233,2,,,,3.875,5,5,19.1141777039,0.281818181276,0,126.035629272,159.510604858,10.8723707199,10.232790947
234,1,62,147,0.0272108837962,36.75,7,,,,,,,8.77955722809,9.51044464111
234,2,,,,36.75,7,7,17.777639389,0.421768695116,1366.6739502,202.676361084,160.861480713,8.24275684357,7.60090255737
235,1,62,147,0.129032254219,7.75,3,,,,,,,7.2442278862,0
235,2,,,,7.75,3,3,13.8775463104,0.421768695116,754.80871582,116.4506073,118.923271179,8.294049263,7.09007740021
236,1,62,147,0.129032254219,7.75,2,,,,,,,8.41183280945,0
236,2,,,,7.75,2,2,13.8824214935,0.421768695116,889.11315918,108.400123596,136.626678467,9.03598690033,9.61580562592
237,1,62,147,0.129032254219,7.75,4,,,,,,,8.294049263,8.13153076172
237,2,,,,7.75,4,4,12.9922542572,0.421768695116,0,107.829994202,135.368942261,8.55641365051,6.90775632858
238,1,62,147,0.129032254219,7.75,4,,,,,,,7.49554204941,8.294049263
238,2,,,,7.75,4,4,14.2778596878,0.421768695116,781.316589355,98.8090362549,148.077529907,7.49554204941,8.00636768341
239,1,62,147,0.129032254219,7.75,7,,,,,,,9.84161186218,7.93737459183
239,2,,,,7.75,7,7,13.7773933411,0.421768695116,1252.36279297,137.910827637,158.924957275,8.69951438904,7.09007740021
240,1,62,147,0.0272108837962,36.75,6,,,,,,,9.26860904694,9.5749835968
240,2,,,,36.75,6,6,16.4293670654,0.421768695116,2216.82299805,167.234909058,196.544586182,10.7054891586,8.294049263
241,1,62,147,0.0272108837962,36.75,4,,,,,,,7.09007740021,0
241,2,,,,36.75,4,4,11.4906797409,0.421768695116,700.661499023,97.6953964233,117.997596741,8.82467746735,11.3930149078
242,1,62,147,0.129032254219,7.75,6,,,,,,,7.97246599197,7.78322410583
242,2,,,,7.75,6,6,12.8539609909,0.421768695116,1377.73303223,121.512832642,123.175857544,9.37585449219,8.16051864624
243,1,62,147,0.129032254219,7.75,4,,,,,,,7.60090255737,6.68461322784
243,2,,,,7.75,4,4,13.3562459946,0.421768695116,0,96.6531829834,125.258102417,8.59415435791,8.9871969223
244,1,62,147,0.0272108837962,36.75,0,,,,,,,0,0
244,2,,,,36.75,0,0,12.9917993546,0.421768695116,0,89.7568206787,109.575401306,7.60090255737,7.09007740021
245,1,62,147,0.129032254219,7.75,8,,,,,,,9.16951847076,12.4256095886
245,2,,,,7.75,8,8,14.3068475723,0.421768695116,1409.89038086,175.222946167,195.256347656,8.00636768341,8.31874275208
246,1,17,169,0.470588237047,2.125,7,,,,,,,10.7232675552,0
246,2,,,,2.125,7,7,12.8823280334,0.100591719151,622.178833008,120.987510681,157.4271698,8.18868923187,0
247,1,17,169,0.470588237047,2.125,6,,,,,,,0,0
247,2,,,,2.125,6,6,12.9945297241,0.100591719151,298.695617676,71.2389297485,99.7711868286,7.49554204941,7.78322410583
248,1,17,169,0.470588237047,2.125,5,,,,,,,10.8570737839,0
248,2,,,,2.125,5,5,9.15904712677,0.100591719151,0,129.923629761,188.510009766,10.4458122253,0
249,1,17,169,0.470588237047,2.125,3,,,,,,,5.29834222794,0
249,2,,,,2.125,3,3,12.4094219208,0.100591719151,0,59.541103363,86.4026031494,9.23989963531,0
250,1,17,169,0.470588237047,2.125,2,,,,,,,0,0
250,2,,,,2.125,2,2,14.8475551605,0.100591719151,525.735107422,72.9614868164,107.570022583,5.29834222794,0
251,1,17,169,0.470588237047,2.125,3,,,,,,,7.49554204941,0
251,2,,,,2.125,3,3,13.5179128647,0.100591719151,0,111.665298462,125.18510437,9.69276618958,0
252,1,17,169,0.470588237047,2.125,3,,,,,,,7.60090255737,0
252,2,,,,2.125,3,3,11.54829216,0.100591719151,0,134.206054688,160.160110474,10.0519075394,0
253,1,17,169,0.0236686393619,42.25,2,,,,,,,9.12695884705,7.60090255737
253,2,,,,42.25,2,2,-10.2255706787,0.100591719151,0,102.322402954,155.016357422,10.165851593,0
254,1,17,169,0.0236686393619,42.25,4,,,,,,,7.93737459183,7.93737459183
254,2,,,,42.25,4,4,15.4672031403,0.100591719151,1331.76245117,153.020874023,166.645690918,6.68461322784,8.3428401947
255,1,17,169,0.0236686393619,42.25,6,,,,,,,5.99147081375,9.20833873749
255,2,,,,42.25,6,6,14.2434539795,0.100591719151,845.839050293,145.903839111,153.792633057,10.3889951706,10.3981838226
256,1,17,169,0.470588237047,2.125,6,,,,,,,8.24275684357,8.69951438904
256,2,,,,2.125,6,6,14.5456647873,0.100591719151,0,116.398696899,157.683898926,9.0118894577,0
257,1,17,169,0.0236686393619,42.25,2,,,,,,,9.82010555267,6.80239582062
257,2,,,,42.25,2,2,15.4273853302,0.100591719151,914.095275879,157.728683472,176.443954468,9.19013786316,9.70503616333
258,1,10,157,0.025477707386,39.25,6,,,,,,,7.86326694489,13.710149765
258,2,,,,39.25,6,6,15.8232679367,0.063694268465,0,214.55065918,236.920013428,7.37775945663,9.83091640472
259,1,10,157,0.800000011921,1.25,5,,,,,,,8.31874275208,0
259,2,,,,1.25,5,5,12.889169693,0.063694268465,781.316589355,86.6500167847,128.480453491,9.12695884705,0
260,1,10,157,0.800000011921,1.25,3,,,,,,,5.29834222794,8.00636768341
260,2,,,,1.25,3,3,13.4803171158,0.063694268465,0,95.4791412354,139.221908569,8.00636768341,10.3089523315
261,1,10,157,0.025477707386,39.25,4,,,,,,,7.78322410583,8.18868923187
261,2,,,,39.25,4,4,13.1636896133,0.063694268465,439.132415771,109.475166321,135.039596558,0,0
262,1,10,157,0.025477707386,39.25,2,,,,,,,8.59415435791,9.45720005035
262,2,,,,39.25,2,2,14.4569692612,0.063694268465,1155.1998291,145.67048645,161.518585205,9.54681301117,9.54681301117
263,1,10,157,0.800000011921,1.25,3,,,,,,,8.47637081146,6.21461200714
263,2,,,,1.25,3,3,18.5608539581,0.063694268465,0,102.639122009,135.852935791,9.03598690033,14.6909790039
264,1,10,157,0.800000011921,1.25,4,,,,,,,7.49554204941,7.78322410583
264,2,,,,1.25,4,4,12.9555997849,0.063694268465,570.558044434,99.0359420776,129.527496338,10.1425046921,8.63052177429
265,1,10,157,0.025477707386,39.25,3,,,,,,,6.68461322784,7.82404613495
265,2,,,,39.25,3,3,13.332365036,0.063694268465,0,105.217758179,130.671707153,8.90923500061,8.69951438904
266,1,10,157,0.800000011921,1.25,3,,,,,,,0,0
266,2,,,,1.25,3,3,14.6991958618,0.063694268465,0,116.970573425,103.9245224,8.59415435791,0
267,1,10,157,0.800000011921,1.25,5,,,,,,,8.66561317444,0
267,2,,,,1.25,5,5,12.1725158691,0.063694268465,1481.01220703,104.699714661,143.299438477,9.28730106354,8.53699588776
268,1,10,157,0.800000011921,1.25,5,,,,,,,7.78322410583,8.9871969223
268,2,,,,1.25,5,5,13.3749876022,0.063694268465,1299.76428223,119.803466797,141.510467529,5.29834222794,8.294049263
269,1,10,157,0.800000011921,1.25,4,,,,,,,7.09007740021,0
269,2,,,,1.25,4,4,9.54681301117,0.063694268465,0,93.0395736694,134.640655518,10.3981838226,9.03598690033
270,1,40,118,0.0338983051479,29.5,5,,,,,,,8.18868923187,7.69621276855
270,2,,,,29.5,5,5,16.7505531311,0.338983058929,781.316589355,172.209259033,150.251434326,7.64969301224,13.088186264
271,1,40,118,0.0338983051479,29.5,6,,,,,,,9.39266204834,7.69621276855
271,2,,,,29.5,6,6,14.2270898819,0.338983058929,0,154.850830078,150.502990723,9.30565071106,8.96187877655
272,1,40,118,0.0338983051479,29.5,7,,,,,,,9.79812717438,7.93737459183
272,2,,,,29.5,7,7,15.4534578323,0.338983058929,2327.98974609,164.679351807,173.249099731,9.35876083374,9.00699901581
273,1,40,118,0.20000000298,5,5,,,,,,,8.13153076172,0
273,2,,,,5,5,5,12.7299127579,0.338983058929,0,99.454864502,122.193984985,9.24956130981,9.39266204834
274,1,40,118,0.0338983051479,29.5,6,,,,,,,9.03598690033,9.52515125275
274,2,,,,29.5,6,6,14.2991704941,0.338983058929,1798.52282715,166.858139038,162.646118164,7.2442278862,7.69621276855
275,1,40,118,0.20000000298,5,7,,,,,,,9.84161186218,7.89357233047
275,2,,,,5,7,7,12.2753190994,0.338983058929,1579.41943359,134.015533447,159.914108276,7.09007740021,8.00636768341
276,1,40,118,0.20000000298,5,7,,,,,,,8.43381118774,13.710149765
276,2,,,,5,7,7,13.7240533829,0.338983058929,658.39276123,159.50958252,206.333572388,9.69276618958,0
277,1,40,118,0.20000000298,5,3,,,,,,,8.0709066391,7.60090255737
277,2,,,,5,3,3,14.2375049591,0.338983058929,1084.80578613,104.668807983,149.542755127,9.39266204834,9.99879741669
278,1,40,118,0.20000000298,5,6,,,,,,,8.294049263,8.9871969223
278,2,,,,5,6,6,13.1281385422,0.338983058929,781.316589355,137.698257446,133.169769287,6.90775632858,7.37775945663
279,1,40,118,0.20000000298,5,4,,,,,,,9.61580562592,0
279,2,,,,5,4,4,10.7641811371,0.338983058929,0,100.099761963,137.359619141,10.2819242477,7.78322410583
280,1,40,118,0.20000000298,5,6,,,,,,,7.93737459183,11.0572195053
280,2,,,,5,6,6,13.7828836441,0.338983058929,1799.21862793,154.992614746,165.37336731,7.43838405609,8.60153484344
281,1,40,118,0.20000000298,5,5,,,,,,,7.2442278862,9.21034049988
281,2,,,,5,5,5,12.3406038284,0.338983058929,0,114.42716217,133.859573364,7.78322410583,8.0709066391
282,1,69,98,0.130434781313,7.66666650772,7,,,,,,,8.82467746735,9.71715831757
282,2,,,,7.66666650772,7,7,14.2893819809,0.704081654549,1331.76245117,131.278060913,164.523468018,8.59415435791,8.93590354919
283,1,69,98,0.130434781313,7.66666650772,8,,,,,,,8.8818359375,5.99147081375
283,2,,,,7.66666650772,8,8,14.0991849899,0.704081654549,1095.57873535,139.250671387,146.975204468,8.59415435791,8.294049263
284,1,69,98,0.130434781313,7.66666650772,2,,,,,,,5.99147081375,0
284,2,,,,7.66666650772,2,2,13.273194313,0.704081654549,0,95.8540267944,127.899795532,8.24275684357,0
285,1,69,98,0.130434781313,7.66666650772,3,,,,,,,8.38935947418,9.70503616333
285,2,,,,7.66666650772,3,3,13.4138383865,0.704081654549,870.112182617,141.091812134,147.992584229,9.21034049988,9.44145202637
286,1,69,98,0.0306122452021,32.6666679382,6,,,,,,,8.57546234131,0
286,2,,,,32.6666679382,6,6,13.2699213028,0.704081654549,0,123.167442322,131.570358276,9.45720005035,0
287,1,69,98,0.0306122452021,32.6666679382,3,,,,,,,7.78322410583,11.6826686859
287,2,,,,32.6666679382,3,3,14.4746875763,0.704081654549,1116.28430176,181.832519531,185.058120728,9.54681301117,13.9454860687
288,1,69,98,0.130434781313,7.66666650772,4,,,,,,,6.39693260193,7.60090255737
288,2,,,,7.66666650772,4,4,13.8326625824,0.704081654549,0,117.257118225,130.796447754,7.37775945663,7.60090255737
289,1,69,98,0.130434781313,7.66666650772,4,,,,,,,5.29834222794,8.00636768341
289,2,,,,7.66666650772,4,4,14.5820932388,0.704081654549,0,119.273880005,146.041687012,0,9.21034049988
290,1,69,98,0.0306122452021,32.6666679382,3,,,,,,,6.82437467575,0
290,2,,,,32.6666679382,3,3,14.1874189377,0.704081654549,0,100.198127747,131.227493286,8.96187877655,0
291,1,69,98,0.130434781313,7.66666650772,4,,,,,,,8.00636768341,8.93590354919
291,2,,,,7.66666650772,4,4,14.0396137238,0.704081654549,439.132415771,140.946502686,161.433853149,8.38935947418,9.47270488739
292,1,69,98,0.130434781313,7.66666650772,4,,,,,,,9.31470012665,11.089805603
292,2,,,,7.66666650772,4,4,17.0769329071,0.704081654549,2216.82299805,218.737136841,197.062026978,9.8984746933,0
293,1,69,98,0.130434781313,7.66666650772,6,,,,,,,8.59415435791,7.93737459183
293,2,,,,7.66666650772,6,6,13.623380661,0.704081654549,0,150.629348755,154.095458984,9.8469171524,7.82404613495
294,1,10,100,0.800000011921,1.25,2,,,,,,,7.2442278862,0
294,2,,,,1.25,2,2,12.0934638977,0.10000000149,0,92.6357803345,103.911422729,9.23014259338,11.3504066467
295,1,10,100,0.800000011921,1.25,5,,,,,,,7.49554204941,9.54681301117
295,2,,,,1.25,5,5,14.5460977554,0.10000000149,0,124.550231934,162.12310791,7.09007740021,9.19013786316
296,1,10,100,0.800000011921,1.25,1,,,,,,,7.60090255737,8.3428401947
296,2,,,,1.25,1,1,12.9865436554,0.10000000149,0,108.789421082,133.583007812,9.16951847076,0
297,1,10,100,0.800000011921,1.25,4,,,,,,,7.60090255737,0
297,2,,,,1.25,4,4,12.5054359436,0.10000000149,0,83.5112915039,115.44128418,8.69951438904,0
298,1,10,100,0.0399999991059,25,6,,,,,,,8.18868923187,9.08250713348
298,2,,,,25,6,6,14.1107139587,0.10000000149,1189.88208008,137.688064575,156.206436157,8.66561317444,7.09007740021
299,1,10,100,0.0399999991059,25,6,,,,,,,8.76405334473,10.8742666245
299,2,,,,25,6,6,16.333530426,0.10000000149,0,181.781326294,200.981826782,7.37775945663,10.8666620255
300,1,10,100,0.800000011921,1.25,3,,,,,,,8.55641365051,0
300,2,,,,1.25,3,3,13.1236829758,0.10000000149,0,119.302772522,134.764480591,9.05951786041,9.68034362793
301,1,10,100,0.0399999991059,25,4,,,,,,,8.55641365051,0
301,2,,,,25,4,4,13.0249710083,0.10000000149,0,119.243209839,140.764694214,7.93737459183,9.72913455963
302,1,10,100,0.800000011921,1.25,6,,,,,,,8.63052177429,8.294049263
302,2,,,,1.25,6,6,13.9699468613,0.10000000149,716.671203613,127.705947876,148.779525757,10.0123414993,10.9612779617
303,1,10,100,0.0399999991059,25,3,,,,,,,8.43381118774,8.38935947418
303,2,,,,25,3,3,14.6301231384,0.10000000149,1438.98620605,153.695953369,152.134902954,10.6596097946,9.25722408295
304,1,10,100,0.800000011921,1.25,8,,,,,,,5.29834222794,8.47637081146
304,2,,,,1.25,8,8,13.1275501251,0.10000000149,1409.38098145,123.821914673,122.656211853,7.93737459183,7.49554204941
305,1,10,100,0.800000011921,1.25,5,,,,,,,8.73230457306,0
305,2,,,,1.25,5,5,12.7971868515,0.10000000149,0,96.736656189,136.718856812,9.50300979614,10.2750511169
306,1,16,185,0.0216216221452,46.25,5,,,,,,,8.21608829498,0
306,2,,,,46.25,5,5,14.819226265,0.0864864885807,0,153.088531494,122.761756897,7.86326694489,7.60090255737
307,1,16,185,0.5,2,3,,,,,,,8.38935947418,8.69951438904
307,2,,,,2,3,3,12.9776611328,0.0864864885807,0,110.451309204,138.365768433,9.96175670624,8.69951438904
308,1,16,185,0.0216216221452,46.25,8,,,,,,,8.43381118774,10.1064281464
308,2,,,,46.25,8,8,13.0792474747,0.0864864885807,0,129.551300049,153.126495361,8.63052177429,0
309,1,16,185,0.5,2,3,,,,,,,7.86326694489,0
309,2,,,,2,3,3,13.1100883484,0.0864864885807,0,109.901397705,123.483673096,8.82467746735,8.76405334473
310,1,16,185,0.5,2,8,,,,,,,9.84161186218,5.99147081375
310,2,,,,2,8,8,13.8364887238,0.0864864885807,1541.65783691,125.815895081,156.115341187,8.51719284058,0
311,1,16,185,0.0216216221452,46.25,5,,,,,,,8.294049263,0
311,2,,,,46.25,5,5,13.0282640457,0.0864864885807,1266.64550781,120.867752075,116.143669128,9.56099700928,0
312,1,16,185,0.0216216221452,46.25,5,,,,,,,8.63052177429,13.710149765
312,2,,,,46.25,5,5,13.6716403961,0.0864864885807,0,162.131362915,206.333572388,8.93590354919,0
313,1,16,185,0.5,2,9,,,,,,,9.30565071106,8.93590354919
313,2,,,,2,9,9,15.1631679535,0.0864864885807,1669.73510742,164.745758057,168.592086792,8.51719284058,9.44145202637
314,1,16,185,0.5,2,6,,,,,,,8.82467746735,10.3981838226
314,2,,,,2,6,6,13.7420797348,0.0864864885807,907.135803223,129.27015686,164.620025635,8.93590354919,8.18868923187
315,1,16,185,0.5,2,4,,,,,,,7.82404613495,0
315,2,,,,2,4,4,14.3107557297,0.0864864885807,725.893249512,106.037818909,138.484405518,9.10497951508,9.88328456879
316,1,16,185,0.5,2,5,,,,,,,8.38935947418,9.98506736755
316,2,,,,2,5,5,15.4773511887,0.0864864885807,1541.65783691,181.146438599,175.718093872,8.69951438904,10.3189029694
317,1,16,185,0.5,2,4,,,,,,,8.47637081146,9.71715831757
317,2,,,,2,4,4,14.2260293961,0.0864864885807,0,150.325698853,159.395767212,8.43381118774,9.08250713348
318,1,5,229,0.0174672491848,57.25,5,,,,,,,9.72913455963,10.085808754
318,2,,,,57.25,5,5,14.5557222366,0.0218340605497,1912.66711426,161.192306519,170.839263916,10.6596097946,9.23210144043
319,1,5,229,1,1,6,,,,,,,0,8.3428401947
319,2,,,,1,6,6,13.1382369995,0.0218340605497,1064.63623047,119.434768677,127.732727051,6.39693260193,7.86326694489
320,1,5,229,1,1,5,,,,,,,7.37775945663,0
320,2,,,,1,5,5,13.8866214752,0.0218340605497,0,108.813438416,140.105667114,6.90775632858,8.90923500061
321,1,5,229,0.0174672491848,57.25,3,,,,,,,10.1425046921,0
321,2,,,,57.25,3,3,14.1593923569,0.0218340605497,760.288269043,157.714080811,155.403991699,8.00636768341,11.7440376282
322,1,5,229,0.0174672491848,57.25,3,,,,,,,0,13.710149765
322,2,,,,57.25,3,3,14.1232891083,0.0218340605497,1509.83374023,185.013748169,212.488586426,8.66561317444,0
323,1,5,229,1,1,1,,,,,,,8.55641365051,0
323,2,,,,1,1,1,9.32366943359,0.0218340605497,0,107.856407166,144.752563477,8.93590354919,0
324,1,5,229,0.0174672491848,57.25,3,,,,,,,0,0
325,1,5,229,1,1,3,,,,,,,8.294049263,0
325,2,,,,1,3,3,12.9570169449,0.0218340605497,0,99.9035110474,125.936058044,8.47637081146,0
326,1,5,229,1,1,1,,,,,,,5.29834222794,0
326,2,,,,1,1,1,13.8809232712,0.0218340605497,525.735107422,94.8521270752,118.68422699,9.50300979614,14.6909790039
327,1,55,198,0.145454540849,6.875,4,,,,,,,8.24275684357,7.09007740021
327,2,,,,6.875,4,4,14.1679964066,0.277777791023,870.112182617,114.617980957,145.424087524,7.37775945663,0
328,1,55,198,0.145454540849,6.875,6,,,,,,,10.1886663437,9.80366706848
328,2,,,,6.875,6,6,14.5621032715,0.277777791023,1599.66174316,157.438995361,175.575698853,9.66776561737,8.9871969223
329,1,55,198,0.145454540849,6.875,4,,,,,,,8.21608829498,10.4772882462
329,2,,,,6.875,4,4,12.8336143494,0.277777791023,971.324707031,141.192962646,153.543838501,6.39693260193,0
330,1,55,198,0.145454540849,6.875,2,,,,,,,6.39693260193,9.10497951508
330,2,,,,6.875,2,2,13.5949888229,0.277777791023,0,138.196289062,151.663986206,8.63052177429,9.86266517639
331,1,55,198,0.0202020201832,49.5,3,,,,,,,7.37775945663,0
331,2,,,,49.5,3,3,12.6928100586,0.277777791023,971.324707031,76.4725723267,112.220085144,8.0709066391,8.79482460022
332,1,55,198,0.145454540849,6.875,2,,,,,,,6.90775632858,5.99147081375
332,2,,,,6.875,2,2,13.0071773529,0.277777791023,0,106.870628357,134.813766479,9.28730106354,10.2399597168
333,1,55,198,0.145454540849,6.875,3,,,,,,,7.63046169281,0
333,2,,,,6.875,3,3,12.9527606964,0.277777791023,0,95.6589279175,122.861183167,9.00454521179,0
334,1,55,198,0.0202020201832,49.5,2,,,,,,,0,7.78322410583
334,2,,,,49.5,2,2,14.1639118195,0.277777791023,0,122.242042542,141.616790771,8.18868923187,0
335,1,55,198,0.0202020201832,49.5,3,,,,,,,7.09007740021,0
335,2,,,,49.5,3,3,14.5881156921,0.277777791023,0,113.3957901,139.236816406,9.39266204834,0
336,1,55,198,0.145454540849,6.875,4,,,,,,,6.68461322784,8.69951438904
336,2,,,,6.875,4,4,8.3428401947,0.277777791023,0,93.7293014526,131.167907715,8.55641365051,7.78322410583
337,1,55,198,0.0202020201832,49.5,4,,,,,,,8.00636768341,8.47637081146
337,2,,,,49.5,4,4,15.737449646,0.277777791023,2125.98657227,183.227432251,185.040267944,8.24275684357,9.39266204834
338,1,55,198,0.145454540849,6.875,8,,,,,,,9.58877658844,11.0477104187
338,2,,,,6.875,8,8,14.5328626633,0.277777791023,0,180.277648926,182.726150513,10.8723707199,7.60090255737
339,1,20,94,0.40000000596,2.5,2,,,,,,,7.60090255737,7.60090255737
339,2,,,,2.5,2,2,14.4128074646,0.212765961885,439.132415771,126.448196411,138.328796387,6.39693260193,14.0009937286
340,1,20,94,0.0425531901419,23.5,1,,,,,,,8.294049263,0
340,2,,,,23.5,1,1,12.7074537277,0.212765961885,0,98.4665985107,124.084152222,8.294049263,0
341,1,20,94,0.40000000596,2.5,2,,,,,,,9.12695884705,0
341,2,,,,2.5,2,2,13.3952875137,0.212765961885,0,116.478256226,142.486557007,7.86326694489,0
342,1,20,94,0.0425531901419,23.5,2,,,,,,,0,0
342,2,,,,23.5,2,2,13.4042282104,0.212765961885,0,99.4953842163,102.844581604,7.69621276855,0
343,1,20,94,0.0425531901419,23.5,4,,,,,,,7.74066448212,0
343,2,,,,23.5,4,4,17.3927936554,0.212765961885,1996.25195312,171.568054199,113.646911621,9.26860904694,6.39693260193
344,1,20,94,0.0425531901419,23.5,2,,,,,,,8.55641365051,0
344,2,,,,23.5,2,2,13.9704608917,0.212765961885,0,121.910476685,139.874420166,8.00636768341,9.14846515656
345,1,20,94,0.40000000596,2.5,11,,,,,,,9.91343784332,9.21830844879
345,2,,,,2.5,11,11,18.9086723328,0.212765961885,1645.37036133,208.497207642,173.783874512,9.46498298645,9.90847492218
346,1,20,94,0.40000000596,2.5,12,,,,,,,8.43381118774,8.47637081146
347,1,20,94,0.40000000596,2.5,5,,,,,,,9.40919113159,0
347,2,,,,2.5,5,5,13.6021938324,0.212765961885,0,128.551086426,149.292770386,8.69951438904,8.16051864624
348,1,20,94,0.40000000596,2.5,7,,,,,,,8.96187877655,8.45531749725
348,2,,,,2.5,7,7,13.4333715439,0.212765961885,0,130.268875122,144.762207031,8.85366535187,8.31874275208
349,1,20,94,0.40000000596,2.5,4,,,,,,,7.60090255737,0
349,2,,,,2.5,4,4,9.34136867523,0.212765961885,0,83.4764556885,126.707748413,8.10167789459,9.90348720551
350,1,20,94,0.40000000596,2.5,5,,,,,,,8.51719284058,8.8818359375
350,2,,,,2.5,5,5,13.5711431503,0.212765961885,0,151.058105469,144.606582642,8.79482460022,9.54681301117
351,1,19,138,0.421052634716,2.375,2,,,,,,,5.29834222794,0
351,2,,,,2.375,2,2,16.3786277771,0.137681156397,513.223571777,137.54498291,106.068733215,8.38935947418,9.32366943359
352,1,19,138,0.421052634716,2.375,4,,,,,,,8.42507839203,0
353,1,19,138,0.0289855077863,34.5,4,,,,,,,9.79255580902,10.0553503036
353,2,,,,34.5,4,4,15.5224533081,0.137681156397,1630.80786133,179.000549316,181.114593506,8.66561317444,8.8818359375
354,1,19,138,0.0289855077863,34.5,4,,,,,,,8.92265796661,0
354,2,,,,34.5,4,4,13.2540931702,0.137681156397,1465.01293945,115.637794495,135.826919556,8.0709066391,9.05951786041
355,1,19,138,0.421052634716,2.375,7,,,,,,,6.68461322784,8.3428401947
355,2,,,,2.375,7,7,13.8533840179,0.137681156397,0,138.546981812,133.77684021,7.49554204941,9.21034049988
356,1,19,138,0.421052634716,2.375,5,,,,,,,8.00636768341,7.09007740021
356,2,,,,2.375,5,5,14.1742916107,0.137681156397,1267.93615723,122.570625305,142.501708984,8.83927631378,8.47637081146
357,1,19,138,0.0289855077863,34.5,4,,,,,,,8.18868923187,6.21461200714
358,1,19,138,0.421052634716,2.375,3,,,,,,,9.65502643585,0
358,2,,,,2.375,3,3,13.2321138382,0.137681156397,0,133.763046265,144.142730713,9.24956130981,9.42545223236
359,1,19,138,0.0289855077863,34.5,3,,,,,,,6.39693260193,6.39693260193
359,2,,,,34.5,3,3,14.4924974442,0.137681156397,0,112.838684082,126.920005798,8.18868923187,0
360,1,19,138,0.421052634716,2.375,4,,,,,,,7.78322410583,11.0020999908
360,2,,,,2.375,4,4,12.4016389847,0.137681156397,0,142.679275513,149.993011475,8.47637081146,11.0020999908
361,1,19,138,0.421052634716,2.375,6,,,,,,,7.09007740021,8.49290084839
361,2,,,,2.375,6,6,14.7685956955,0.137681156397,0,146.727645874,145.714233398,9.76422595978,8.66561317444
362,1,19,138,0.421052634716,2.375,7,,,,,,,8.24643421173,7.93737459183
362,2,,,,2.375,7,7,13.7255992889,0.137681156397,0,126.046043396,116.210548401,7.2442278862,9.08250713348
363,1,29,237,0.275862067938,3.625,3,,,,,,,6.68461322784,9.68034362793
363,2,,,,3.625,3,3,14.534910202,0.122362866998,658.39276123,127.99786377,165.165466309,0,11.0348892212
364,1,29,237,0.275862067938,3.625,4,,,,,,,9.24956130981,7.78322410583
364,2,,,,3.625,4,4,15.4945116043,0.122362866998,1388.52856445,163.322021484,166.92124939,10.1464338303,10.5764322281
365,1,29,237,0.275862067938,3.625,3,,,,,,,7.60090255737,8.59415435791
365,2,,,,3.625,3,3,13.174955368,0.122362866998,658.39276123,125.355285645,140.208404541,9.08250713348,8.294049263
366,1,29,237,0.0168776363134,59.2500038147,2,,,,,,,5.99147081375,10.8493366241
367,1,29,237,0.0168776363134,59.2500038147,4,,,,,,,8.76405334473,8.63052177429
367,2,,,,59.2500038147,4,4,15.2418413162,0.122362866998,1020.84381104,167.456619263,145.859603882,10.401227951,14.6909790039
368,1,29,237,0.0168776363134,59.2500038147,4,,,,,,,6.68461322784,8.00636768341
368,2,,,,59.2500038147,4,4,15.2662811279,0.122362866998,0,120.20324707,152.148010254,6.90775632858,7.37775945663
369,1,29,237,0.275862067938,3.625,8,,,,,,,9.65502643585,7.64969301224
369,2,,,,3.625,8,8,14.4707479477,0.122362866998,0,144.695968628,158.318481445,10.0647554398,9.41082954407
370,1,29,237,0.275862067938,3.625,5,,,,,,,8.85366535187,0
370,2,,,,3.625,5,5,13.94231987,0.122362866998,617.859069824,121.248817444,145.473342896,6.90775632858,0
371,1,29,237,0.275862067938,3.625,2,,,,,,,7.78322410583,7.60090255737
371,2,,,,3.625,2,2,13.9690895081,0.122362866998,907.135803223,115.234100342,139.974075317,9.75266456604,7.93737459183
372,1,29,237,0.275862067938,3.625,1,,,,,,,7.69621276855,0
372,2,,,,3.625,1,1,14.4169807434,0.122362866998,658.39276123,90.7852096558,132.865066528,9.56099700928,0
373,1,29,237,0.0168776363134,59.2500038147,2,,,,,,,6.39693260193,8.3428401947
373,2,,,,59.2500038147,2,2,13.7056932449,0.122362866998,828.640380859,127.273727417,135.256866455,8.53699588776,8.9871969223
374,1,29,237,0.275862067938,3.625,2,,,,,,,5.29834222794,7.49554204941
374,2,,,,3.625,2,2,13.6385345459,0.122362866998,0,113.789611816,125.717292786,8.00636768341,7.60090255737
375,1,21,140,0.380952388048,2.625,7,,,,,,,5.99147081375,6.68461322784
375,2,,,,2.625,7,7,14.7300376892,0.15000000596,828.640380859,117.563148499,136.323043823,7.60090255737,10.7363967896
376,1,21,140,0.380952388048,2.625,6,,,,,,,8.13153076172,0
376,2,,,,2.625,6,6,14.0516891479,0.15000000596,215.080154419,123.436721802,140.548156738,10.0690021515,8.47637081146
377,1,21,140,0.380952388048,2.625,4,,,,,,,8.13153076172,11.3166675568
377,2,,,,2.625,4,4,14.8052005768,0.15000000596,1516.36962891,170.30456543,187.187774658,8.83927631378,9.83627891541
378,1,21,140,0.380952388048,2.625,6,,,,,,,8.79482460022,6.39693260193
378,2,,,,2.625,6,6,13.2635154724,0.15000000596,1184.79797363,134.46711731,126.410446167,8.55641365051,9.5749835968
379,1,21,140,0.380952388048,2.625,6,,,,,,,8.13153076172,10.7913789749
379,2,,,,2.625,6,6,14.453250885,0.15000000596,0,172.641204834,169.13710022,10.416311264,11.1709985733
380,1,21,140,0.0285714287311,35,5,,,,,,,8.43381118774,0
380,2,,,,35,5,5,16.3887481689,0.15000000596,1664.95507812,172.675491333,188.147720337,9.23014259338,11.3504066467
381,1,21,140,0.380952388048,2.625,8,,,,,,,8.49699020386,9.21034049988
381,2,,,,2.625,8,8,14.1260786057,0.15000000596,1645.99414062,158.56427002,149.992492676,9.87302875519,9.75266456604
382,1,21,140,0.380952388048,2.625,8,,,,,,,8.47637081146,12.2239122391
382,2,,,,2.625,8,8,14.1632051468,0.15000000596,1243.55859375,176.711349487,189.749984741,8.51719284058,7.37775945663
383,1,21,140,0.0285714287311,35,8,,,,,,,7.78322410583,10.4744672775
383,2,,,,35,8,8,13.4730205536,0.15000000596,0,152.069503784,155.872436523,6.39693260193,9.16951847076
384,1,21,140,0.0285714287311,35,4,,,,,,,7.93737459183,9.79812717438
384,2,,,,35,4,4,15.4213418961,0.15000000596,725.893249512,172.517883301,168.383056641,7.2442278862,8.55641365051
385,1,21,140,0.0285714287311,35,5,,,,,,,5.99147081375,8.69951438904
385,2,,,,35,5,5,12.927564621,0.15000000596,0,102.457862854,133.118713379,7.69621276855,7.78322410583
386,1,21,140,0.380952388048,2.625,4,,,,,,,7.78322410583,7.78322410583
386,2,,,,2.625,4,4,13.3410167694,0.15000000596,0,91.7778320312,135.496017456,8.8818359375,0
387,1,20,111,0.40000000596,2.5,4,,,,,,,9.68034362793,0
387,2,,,,2.5,4,4,14.355389595,0.180180177093,0,129.270263672,161.757644653,7.76641702652,0
388,1,20,111,0.40000000596,2.5,7,,,,,,,9.05951786041,7.60090255737
388,2,,,,2.5,7,7,13.9559679031,0.180180177093,549.089538574,129.499694824,150.012619019,7.2442278862,6.90775632858
389,1,20,111,0.0360360369086,27.75,7,,,,,,,7.60090255737,9.5956029892
389,2,,,,27.75,7,7,14.2848892212,0.180180177093,0,148.393753052,156.669921875,9.30565071106,10.0690021515
390,1,20,111,0.40000000596,2.5,6,,,,,,,5.99147081375,9.56099700928
390,2,,,,2.5,6,6,13.8689565659,0.180180177093,1189.88208008,131.546173096,151.955093384,5.29834222794,0
391,1,20,111,0.40000000596,2.5,3,,,,,,,7.69621276855,7.37775945663
391,2,,,,2.5,3,3,13.3483829498,0.180180177093,0,94.4514846802,131.242752075,7.2442278862,0
392,1,20,111,0.40000000596,2.5,4,,,,,,,7.86326694489,0
392,2,,,,2.5,4,4,14.2253656387,0.180180177093,356.412506104,136.785812378,126.712043762,8.77955722809,9.37585449219
393,1,20,111,0.0360360369086,27.75,6,,,,,,,0,0
393,2,,,,27.75,6,6,17.8960838318,0.180180177093,0,87.6882247925,109.557327271,7.78322410583,9.7350692749
394,1,20,111,0.0360360369086,27.75,2,,,,,,,8.43381118774,13.710149765
394,2,,,,27.75,2,2,15.3743286133,0.180180177093,500.069793701,190.200714111,230.765014648,10.7995758057,9.10497951508
395,1,20,111,0.40000000596,2.5,9,,,,,,,9.32366943359,8.24275684357
395,2,,,,2.5,9,9,14.815908432,0.180180177093,1526.00878906,149.825119019,163.47845459,9.68034362793,7.60090255737
396,1,20,111,0.0360360369086,27.75,7,,,,,,,8.18868923187,10.6310358047
396,2,,,,27.75,7,7,16.1758823395,0.180180177093,1736.54296875,196.585372925,179.048522949,8.18868923187,9.5749835968
397,1,20,111,0.40000000596,2.5,7,,,,,,,8.294049263,8.63052177429
397,2,,,,2.5,7,7,15.2707242966,0.180180177093,525.735107422,159.576583862,154.16343689,6.90775632858,9.90348720551
398,1,20,111,0.40000000596,2.5,4,,,,,,,8.59415435791,0
398,2,,,,2.5,4,4,13.4502267838,0.180180177093,658.39276123,118.188812256,128.607177734,8.36637020111,9.37923908234
399,1,14,214,0.0186915881932,53.5,5,,,,,,,8.16051864624,9.95227813721
399,2,,,,53.5,5,5,17.7707881927,0.0654205605388,1905.09899902,206.930755615,158.165466309,8.51719284058,9.74096870422
400,1,14,214,0.571428596973,1.74999988079,5,,,,,,,8.59415435791,0
400,2,,,,1.74999988079,5,5,13.1779870987,0.0654205605388,770.973754883,120.664360046,134.403930664,6.68461322784,7.93737459183
401,1,14,214,0.571428596973,1.74999988079,4,,,,,,,8.76405334473,0
401,2,,,,1.74999988079,4,4,13.6734857559,0.0654205605388,1526.00878906,127.540763855,137.861785889,6.90775632858,7.31322097778
402,1,14,214,0.571428596973,1.74999988079,4,,,,,,,5.99147081375,7.7493224144
402,2,,,,1.74999988079,4,4,14.078950882,0.0654205605388,0,118.938926697,131.414596558,5.29834222794,9.30565071106
403,1,14,214,0.571428596973,1.74999988079,2,,,,,,,0,0
403,2,,,,1.74999988079,2,2,10.6286182404,0.0654205605388,0,55.664981842,86.1363754272,9.65502643585,0
404,1,14,214,0.0186915881932,53.5,3,,,,,,,7.86326694489,7.49554204941
404,2,,,,53.5,3,3,14.2331676483,0.0654205605388,1135.97009277,143.300338745,133.149520874,8.55641365051,14.6909790039
405,1,14,214,0.571428596973,1.74999988079,2,,,,,,,8.18868923187,8.294049263
405,2,,,,1.74999988079,2,2,13.9160795212,0.0654205605388,1285.87854004,134.255844116,145.493164062,6.68461322784,10.5966348648
406,1,14,214,0.0186915881932,53.5,2,,,,,,,8.43381118774,12.1007118225
406,2,,,,53.5,2,2,13.2797088623,0.0654205605388,1716.30993652,165.352996826,165.993408203,9.50300979614,9.72913455963
407,1,14,214,0.571428596973,1.74999988079,3,,,,,,,7.2442278862,8.47637081146
407,2,,,,1.74999988079,3,3,13.9535322189,0.0654205605388,0,118.775024414,141.92855835,8.24275684357,7.93737459183
408,1,14,214,0.0186915881932,53.5,3,,,,,,,10.7579030991,7.09007740021
408,2,,,,53.5,3,3,15.7008209229,0.0654205605388,0,151.643356323,191.811889648,10.8723707199,7.09007740021
409,1,14,214,0.571428596973,1.74999988079,3,,,,,,,8.0709066391,0
409,2,,,,1.74999988079,3,3,12.4490184784,0.0654205605388,0,82.6877365112,119.719345093,8.82467746735,8.69951438904
410,1,14,214,0.571428596973,1.74999988079,3,,,,,,,8.47637081146,6.68461322784
410,2,,,,1.74999988079,3,3,14.5540132523,0.0654205605388,0,124.89377594,157.837768555,10.6213274002,7.60090255737
411,1,31,253,0.258064508438,3.875,2,,,,,,,9.56099700928,7.60090255737
411,2,,,,3.875,2,2,17.7089157104,0.122529640794,0,165.031448364,160.191009521,8.55641365051,8.38935947418
412,1,31,253,0.258064508438,3.875,6,,,,,,,6.68461322784,0
412,2,,,,3.875,6,6,14.6541423798,0.122529640794,0,118.81413269,138.103469849,9.23989963531,8.92265796661
413,1,31,253,0.015810277313,63.2499961853,4,,,,,,,8.0709066391,8.53699588776
413,2,,,,63.2499961853,4,4,14.7784938812,0.122529640794,0,155.781295776,126.8645401,8.38935947418,0
414,1,31,253,0.015810277313,63.2499961853,2,,,,,,,9.23014259338,9.25913047791
414,2,,,,63.2499961853,2,2,15.6529445648,0.122529640794,0,150.340484619,181.610229492,8.03915786743,8.36637020111
415,1,31,253,0.015810277313,63.2499961853,6,,,,,,,8.3428401947,10.1202106476
415,2,,,,63.2499961853,6,6,13.8119020462,0.122529640794,658.39276123,139.517868042,160.573272705,8.24275684357,0
416,1,31,253,0.258064508438,3.875,4,,,,,,,7.09007740021,7.09007740021
416,2,,,,3.875,4,4,17.3996868134,0.122529640794,0,154.879592896,144.500823975,8.294049263,10.3734912872
417,1,31,253,0.258064508438,3.875,4,,,,,,,8.43381118774,7.60090255737
417,2,,,,3.875,4,4,14.7397298813,0.122529640794,0,137.31803894,153.483276367,8.8818359375,9.40919113159
418,1,31,253,0.258064508438,3.875,7,,,,,,,8.55641365051,10.5865840912
418,2,,,,3.875,7,7,14.8326234818,0.122529640794,1739.14758301,154.606948853,179.141403198,10.0168161392,8.51719284058
419,1,31,253,0.258064508438,3.875,8,,,,,,,10.0345153809,7.60090255737
419,2,,,,3.875,8,8,15.819527626,0.122529640794,1116.28430176,141.056167603,185.457199097,8.43381118774,8.9871969223
420,1,31,253,0.258064508438,3.875,3,,,,,,,8.18868923187,6.68461322784
420,2,,,,3.875,3,3,14.9425163269,0.122529640794,0,151.234802246,130.639785767,8.85366535187,0
421,1,31,253,0.258064508438,3.875,6,,,,,,,8.82467746735,10.0774412155
421,2,,,,3.875,6,6,18.0898971558,0.122529640794,1025.96411133,207.751800537,168.90562439,8.38935947418,0
422,1,31,253,0.015810277313,63.2499961853,3,,,,,,,5.99147081375,5.99147081375
422,2,,,,63.2499961853,3,3,13.3555297852,0.122529640794,570.558044434,90.9278945923,118.436294556,6.90775632858,9.61580562592
423,1,18,308,0.444444447756,2.25,7,,,,,,,9.0118894577,8.9871969223
423,2,,,,2.25,7,7,13.7360343933,0.0584415569901,1189.88208008,141.420578003,151.11239624,9.03598690033,8.47637081146
424,1,18,308,0.444444447756,2.25,3,,,,,,,6.90775632858,0
425,1,18,308,0.444444447756,2.25,4,,,,,,,7.37775945663,0
425,2,,,,2.25,4,4,14.1017417908,0.0584415569901,828.640380859,104.928245544,127.642288208,9.61580562592,9.44145202637
426,1,18,308,0.444444447756,2.25,3,,,,,,,7.78322410583,6.21461200714
426,2,,,,2.25,3,3,17.0730953217,0.0584415569901,0,126.4712677,141.569625854,8.51719284058,6.55108261108
427,1,18,308,0.0129870129749,77,5,,,,,,,7.86326694489,8.45531749725
427,2,,,,77,5,5,15.190237999,0.0584415569901,2327.98974609,148.537902832,153.306610107,8.47637081146,9.0118894577
428,1,18,308,0.444444447756,2.25,4,,,,,,,9.42545223236,7.31322097778
428,2,,,,2.25,4,4,14.13788414,0.0584415569901,1319.48913574,143.804016113,154.023193359,7.37775945663,8.51719284058
429,1,18,308,0.444444447756,2.25,4,,,,,,,8.79482460022,0
429,2,,,,2.25,4,4,12.5461101532,0.0584415569901,1827.42614746,123.513648987,155.494049072,9.60238265991,7.60090255737
430,1,18,308,0.444444447756,2.25,3,,,,,,,8.38935947418,12.6378555298
430,2,,,,2.25,3,3,13.8360967636,0.0584415569901,0,137.44291687,195.170913696,7.78322410583,0
431,1,18,308,0.0129870129749,77,5,,,,,,,8.76405334473,8.69951438904
431,2,,,,77,5,5,13.6407995224,0.0584415569901,1493.09228516,132.806869507,151.115386963,8.66561317444,8.10167789459
432,1,18,308,0.444444447756,2.25,6,,,,,,,7.97246599197,0
432,2,,,,2.25,6,6,13.4875621796,0.0584415569901,725.893249512,113.935203552,137.69708252,8.79482460022,8.38935947418
433,1,18,308,0.0129870129749,77,3,,,,,,,8.62335300446,7.9655456543
433,2,,,,77,3,3,16.8145866394,0.0584415569901,0,112.836639404,175.039825439,8.82467746735,0
434,1,18,308,0.0129870129749,77,2,,,,,,,8.00636768341,0
434,2,,,,77,2,2,13.6224107742,0.0584415569901,725.893249512,95.641998291,133.951187134,8.96187877655,0
435,1,21,124,0.0322580635548,31,1,,,,,,,6.68461322784,0
435,2,,,,31,1,1,13.823677063,0.169354841113,0,82.3117523193,117.322433472,0,0
436,1,21,124,0.380952388048,2.625,3,,,,,,,9.60238265991,0
436,2,,,,2.625,3,3,12.4972486496,0.169354841113,0,123.506515503,135.552581787,8.76405334473,0
437,1,21,124,0.380952388048,2.625,3,,,,,,,7.93737459183,0
437,2,,,,2.625,3,3,15.3364887238,0.169354841113,1795.73083496,162.060531616,159.465118408,10.8723707199,0
438,1,21,124,0.380952388048,2.625,1,,,,,,,5.29834222794,0
438,2,,,,2.625,1,1,14.2858886719,0.169354841113,971.324707031,125.444770813,142.523712158,0,8.63052177429
439,1,21,124,0.0322580635548,31,4,,,,,,,0,8.69951438904
439,2,,,,31,4,4,13.7902135849,0.169354841113,471.496643066,130.048400879,136.146865845,6.90775632858,9.23014259338
440,1,21,124,0.0322580635548,31,1,,,,,,,5.99147081375,7.09007740021
440,2,,,,31,1,1,13.3228521347,0.169354841113,356.412506104,83.6146850586,121.050086975,10.360912323,0
441,1,21,124,0.380952388048,2.625,6,,,,,,,10.8893041611,5.99147081375
441,2,,,,2.625,6,6,15.7539072037,0.169354841113,870.112182617,184.317443848,199.776733398,9.71715831757,0
442,1,21,124,0.0322580635548,31,2,,,,,,,9.26860904694,0
442,2,,,,31,2,2,14.5192022324,0.169354841113,700.661499023,105.463600159,160.277069092,8.77955722809,8.294049263
443,1,21,124,0.380952388048,2.625,5,,,,,,,9.68034362793,7.37775945663
443,2,,,,2.625,5,5,-10.2255706787,0.169354841113,1663.75292969,123.294700623,158.708908081,9.62244987488,6.90775632858
444,1,21,124,0.380952388048,2.625,4,,,,,,,9.21034049988,0
444,2,,,,2.625,4,4,13.4075422287,0.169354841113,0,119.821151733,145.57673645,8.55641365051,0
445,1,21,124,0.380952388048,2.625,4,,,,,,,8.24275684357,0
445,2,,,,2.625,4,4,12.9150934219,0.169354841113,0,85.3243637085,125.583183289,7.60090255737,8.47637081146
446,1,21,124,0.380952388048,2.625,4,,,,,,,8.66561317444,0
446,2,,,,2.625,4,4,15.9243774414,0.169354841113,1089.15026855,165.345489502,150.366027832,0,7.31322097778
447,1,16,162,0.0246913582087,40.5,5,,,,,,,6.68461322784,0
447,2,,,,40.5,5,5,14.0846214294,0.0987654328346,0,108.417518616,131.726776123,7.60090255737,10.085808754
448,1,16,162,0.0246913582087,40.5,5,,,,,,,7.69621276855,9.03598690033
448,2,,,,40.5,5,5,14.6913957596,0.0987654328346,439.132415771,159.572769165,152.258300781,6.90775632858,9.47270488739
449,1,16,162,0.5,2,5,,,,,,,8.97461795807,0
449,2,,,,2,5,5,13.6739473343,0.0987654328346,0,122.07624054,144.125411987,9.42545223236,8.85366535187
450,1,16,162,0.5,2,8,,,,,,,8.18868923187,0
450,2,,,,2,8,8,13.7340831757,0.0987654328346,1438.98620605,120.937255859,133.292938232,9.47270488739,0
451,1,16,162,0.5,2,2,,,,,,,9.51044464111,0
451,2,,,,2,2,2,13.0674800873,0.0987654328346,147.892578125,120.540252686,143.162384033,7.37775945663,0
452,1,16,162,0.0246913582087,40.5,3,,,,,,,8.18868923187,6.68461322784
452,2,,,,40.5,3,3,14.7875385284,0.0987654328346,148.737350464,143.613601685,134.614532471,9.54681301117,0
453,1,16,162,0.5,2,3,,,,,,,9.02401065826,10.0345153809
453,2,,,,2,3,3,12.9541816711,0.0987654328346,0,141.332885742,153.717941284,7.67786359787,9.10497951508
454,1,16,162,0.5,2,5,,,,,,,6.39693260193,0
454,2,,,,2,5,5,15.3394346237,0.0987654328346,401.581298828,124.319984436,143.412506104,7.37775945663,0
455,1,16,162,0.5,2,4,,,,,,,8.3428401947,7.31322097778
455,2,,,,2,4,4,14.3095970154,0.0987654328346,1398.02990723,157.864334106,143.214126587,7.64969301224,0
456,1,16,162,0.5,2,2,,,,,,,7.86326694489,0
456,2,,,,2,2,2,8.18868923187,0.0987654328346,0,76.7041702271,132.562866211,7.37775945663,0
457,1,16,162,0.5,2,3,,,,,,,0,0
457,2,,,,2,3,3,14.6275072098,0.0987654328346,0,77.5015411377,73.0440673828,0,0
458,1,16,162,0.0246913582087,40.5,1,,,,,,,6.90775632858,0
459,1,20,115,0.40000000596,2.5,3,,,,,,,7.97246599197,0
459,2,,,,2.5,3,3,11.7844781876,0.173913046718,0,88.6388320923,111.185089111,8.64822101593,8.0709066391
460,1,20,115,0.40000000596,2.5,3,,,,,,,7.93737459183,0
460,2,,,,2.5,3,3,14.3453149796,0.173913046718,0,108.188232422,138.428497314,9.25913047791,0
461,1,20,115,0.40000000596,2.5,4,,,,,,,9.12695884705,0
461,2,,,,2.5,4,4,13.8468151093,0.173913046718,0,104.335601807,147.28276062,8.55641365051,0
462,1,20,115,0.0347826071084,28.7500019073,6,,,,,,,8.59415435791,9.62905025482
462,2,,,,28.7500019073,6,6,14.725944519,0.173913046718,725.893249512,157.443710327,162.658157349,9.08250713348,0
463,1,20,115,0.40000000596,2.5,5,,,,,,,6.39693260193,5.99147081375
463,2,,,,2.5,5,5,14.2794961929,0.173913046718,0,108.075675964,126.37311554,7.69621276855,12.5560255051
464,1,20,115,0.40000000596,2.5,5,,,,,,,9.77565383911,7.37775945663
464,2,,,,2.5,5,5,12.5113487244,0.173913046718,549.089538574,142.67098999,144.053527832,8.8818359375,0
465,1,20,115,0.40000000596,2.5,3,,,,,,,8.3428401947,8.3428401947
465,2,,,,2.5,3,3,10.3036050797,0.173913046718,609.017578125,108.665519714,120.32081604,9.05951786041,0
466,1,20,115,0.0347826071084,28.7500019073,3,,,,,,,0,0
466,2,,,,28.7500019073,3,3,13.5524559021,0.173913046718,329.61807251,81.47315979,119.602279663,7.93737459183,7.09007740021
467,1,20,115,0.40000000596,2.5,5,,,,,,,8.00636768341,0
467,2,,,,2.5,5,5,14.2936067581,0.173913046718,0,100.663658142,147.627212524,8.55641365051,0
468,1,20,115,0.0347826071084,28.7500019073,6,,,,,,,8.85366535187,9.95227813721
468,2,,,,28.7500019073,6,6,15.5424470901,0.173913046718,0,167.465240479,179.361495972,9.23014259338,8.9871969223
469,1,20,115,0.40000000596,2.5,5,,,,,,,6.68461322784,7.09007740021
469,2,,,,2.5,5,5,12.8071041107,0.173913046718,500.069793701,98.1458435059,117.240867615,8.13153076172,9.54681301117
470,1,20,115,0.0347826071084,28.7500019073,5,,,,,,,9.68034362793,9.14846515656
470,2,,,,28.7500019073,5,5,14.951546669,0.173913046718,2005.87634277,160.623580933,166.638305664,0,6.68461322784
471,1,25,120,0.319999992847,3.125,4,,,,,,,8.18868923187,8.00636768341
471,2,,,,3.125,4,4,14.0208806992,0.208333328366,0,122.9193573,142.17276001,7.78322410583,8.41183280945
472,1,25,120,0.319999992847,3.125,2,,,,,,,7.09007740021,8.294049263
472,2,,,,3.125,2,2,13.8591442108,0.208333328366,570.558044434,121.027000427,137.239364624,9.10497951508,9.14846515656
473,1,25,120,0.0333333350718,29.9999980927,5,,,,,,,0,6.39693260193
473,2,,,,29.9999980927,5,5,15.9358615875,0.208333328366,725.893249512,115.186141968,142.771362305,8.31874275208,8.69951438904
474,1,25,120,0.319999992847,3.125,5,,,,,,,8.36637020111,0
474,2,,,,3.125,5,5,14.7265872955,0.208333328366,828.640380859,135.081253052,150.953735352,7.93737459183,0
475,1,25,120,0.319999992847,3.125,8,,,,,,,10.4688014984,9.83091640472
475,2,,,,3.125,8,8,15.1342754364,0.208333328366,0,184.62538147,170.680343628,8.47637081146,8.75778388977
476,1,25,120,0.319999992847,3.125,6,,,,,,,10.2750511169,9.05951786041
476,2,,,,3.125,6,6,14.330365181,0.208333328366,1273.61279297,155.712402344,170.059356689,8.73230457306,9.48797225952
477,1,25,120,0.0333333350718,29.9999980927,3,,,,,,,6.39693260193,7.37775945663
477,2,,,,29.9999980927,3,3,14.7298793793,0.208333328366,658.39276123,126.075431824,141.106735229,0,7.60090255737
478,1,25,120,0.319999992847,3.125,4,,,,,,,9.76422595978,0
478,2,,,,3.125,4,4,17.4745368958,0.208333328366,1031.0168457,154.240539551,149.600860596,7.78322410583,8.00636768341
479,1,25,120,0.0333333350718,29.9999980927,4,,,,,,,5.99147081375,8.69951438904
479,2,,,,29.9999980927,4,4,15.4779005051,0.208333328366,781.316589355,159.141723633,137.911804199,7.45007991791,7.60090255737
480,1,25,120,0.319999992847,3.125,3,,,,,,,7.60090255737,0
480,2,,,,3.125,3,3,0,0.208333328366,0,77.250328064,123.281791687,8.99961948395,0
481,1,25,120,0.319999992847,3.125,4,,,,,,,8.00636768341,6.90775632858
481,2,,,,3.125,4,4,14.4157743454,0.208333328366,1252.36279297,128.390197754,142.000900269,0,8.8818359375
482,1,25,120,0.0333333350718,29.9999980927,2,,,,,,,6.80239582062,0
482,2,,,,29.9999980927,2,2,12.5602445602,0.208333328366,0,65.317199707,105.836639404,10.8723707199,0
483,1,5,127,0.0314960628748,31.75,6,,,,,,,7.17012023926,0
483,2,,,,31.75,6,6,14.0137872696,0.0393700785935,781.316589355,103.341323853,125.118453979,0,12.0106658936
484,1,5,127,0.0314960628748,31.75,5,,,,,,,7.86326694489,7.74066448212
484,2,,,,31.75,5,5,12.2927093506,0.0393700785935,0,98.8419265747,123.063308716,7.69621276855,0
485,1,5,127,0.800000011921,1.25,3,,,,,,,5.99147081375,0
485,2,,,,1.25,3,3,13.4403810501,0.0393700785935,828.640380859,108.5650177,113.543952942,8.38935947418,9.48797225952
486,1,5,127,0.0314960628748,31.75,6,,,,,,,9.10497951508,9.03598690033
486,2,,,,31.75,6,6,14.9629449844,0.0393700785935,1832.67626953,154.232421875,164.694854736,6.68461322784,0
487,1,5,127,0.800000011921,1.25,7,,,,,,,8.82467746735,11.4510498047
488,1,5,127,0.0314960628748,31.75,5,,,,,,,8.24275684357,11.4616317749
488,2,,,,31.75,5,5,18.3907356262,0.0393700785935,1169.15979004,158.572937012,177.009506226,8.0709066391,9.69276618958
489,1,5,127,0.800000011921,1.25,3,,,,,,,8.55641365051,6.57925319672
489,2,,,,1.25,3,3,14.8952798843,0.0393700785935,356.412506104,122.61693573,154.632293701,0,9.64212322235
490,1,5,127,0.800000011921,1.25,4,,,,,,,8.294049263,10.3287553787
490,2,,,,1.25,4,4,14.0872144699,0.0393700785935,147.892578125,150.685668945,166.169662476,9.72913455963,8.294049263
491,1,6,141,0.0283687934279,35.25,6,,,,,,,8.55641365051,8.294049263
491,2,,,,35.25,6,6,12.934586525,0.0425531901419,0,137.648361206,151.854446411,10.4631032944,8.21608829498
492,1,6,141,0.0283687934279,35.25,6,,,,,,,9.40919113159,0
493,1,6,141,0.0283687934279,35.25,3,,,,,,,7.49554204941,11.2897815704
493,2,,,,35.25,3,3,14.092839241,0.0425531901419,421.123168945,148.350402832,179.490814209,6.39693260193,8.294049263
494,1,6,141,1,1,3,,,,,,,5.29834222794,8.51719284058
494,2,,,,1,3,3,10.7872552872,0.0425531901419,0,105.24810791,138.524719238,9.95227813721,8.294049263
495,1,6,141,0.0283687934279,35.25,7,,,,,,,8.96187877655,8.93590354919
495,2,,,,35.25,7,7,15.3839387894,0.0425531901419,694.01574707,170.481140137,155.660812378,9.63560771942,9.37585449219
496,1,6,141,1,1,3,,,,,,,8.0709066391,8.47637081146
496,2,,,,1,3,3,13.5517530441,0.0425531901419,0,145.71257019,147.337371826,7.78322410583,0
497,1,6,141,1,1,5,,,,,,,5.99147081375,7.78322410583
497,2,,,,1,5,5,15.6438589096,0.0425531901419,781.316589355,116.001937866,151.604202271,7.2442278862,9.7111158371
498,1,6,141,1,1,4,,,,,,,8.21608829498,9.30565071106
498,2,,,,1,4,4,14.5858039856,0.0425531901419,754.80871582,130.002563477,163.355606079,7.43838405609,8.18868923187
499,1,6,141,1,1,6,,,,,,,9.51782512665,9.03598690033
499,2,,,,1,6,6,15.6706199646,0.0425531901419,609.017578125,141.790328979,179.658172607,7.86326694489,9.90348720551
500,1,6,141,1,1,2,,,,,,,7.09007740021,0
500,2,,,,1,2,2,15.5087747574,0.0425531901419,0,118.382415771,145.546524048,8.89562988281,10.9150886536
501,1,5,152,1,1,2,,,,,,,7.00306606293,6.21461200714
501,2,,,,1,2,2,13.6863145828,0.0328947380185,1154.74121094,105.618370056,119.820350647,8.86785030365,0
502,1,5,152,1,1,10,,,,,,,9.03598690033,10.2653493881
502,2,,,,1,10,10,16.421957016,0.0328947380185,2327.98974609,192.842956543,208.713516235,9.39266204834,9.51782512665
503,1,5,152,1,1,6,,,,,,,8.43381118774,6.21461200714
503,2,,,,1,6,6,10.9331073761,0.0328947380185,828.640380859,109.63671875,139.695556641,8.79482460022,7.49554204941
504,1,5,152,0.0263157896698,38,3,,,,,,,8.18868923187,8.33327007294
504,2,,,,38,3,3,16.0236320496,0.0328947380185,1475.73913574,163.551025391,162.597442627,10.2887496948,14.6909790039
505,1,5,152,1,1,1,,,,,,,7.2442278862,0
505,2,,,,1,1,1,17.9240016937,0.0328947380185,658.39276123,93.600730896,119.300498962,8.49699020386,7.78322410583
506,1,5,152,0.0263157896698,38,3,,,,,,,9.5749835968,5.29834222794
506,2,,,,38,3,3,19.138671875,0.0328947380185,725.893249512,153.523590088,153.110687256,8.63052177429,8.00636768341
507,1,5,152,0.0263157896698,38,5,,,,,,,8.66561317444,11.8204097748
507,2,,,,38,5,5,11.5028753281,0.0328947380185,0,150.444152832,183.91569519,7.69621276855,10.085808754
508,1,5,152,0.0263157896698,38,3,,,,,,,7.17012023926,8.63052177429
508,2,,,,38,3,3,15.1910018921,0.0328947380185,0,156.00944519,147.330871582,8.79482460022,9.74096870422
509,1,5,152,1,1,6,,,,,,,10.2646522522,8.00636768341
509,2,,,,1,6,6,15.2158308029,0.0328947380185,0,125.891990662,182.177368164,9.02401065826,0
510,1,14,193,0.571428596973,1.74999988079,6,,,,,,,7.78322410583,8.03915786743
510,2,,,,1.74999988079,6,6,11.9421072006,0.0725388601422,570.558044434,110.766212463,125.051071167,9.62905025482,8.18868923187
511,1,14,193,0.571428596973,1.74999988079,2,,,,,,,9.35876083374,0
511,2,,,,1.74999988079,2,2,14.2268915176,0.0725388601422,0,119.999885559,153.696273804,9.28730106354,7.60090255737
512,1,14,193,0.0207253880799,48.25,5,,,,,,,9.51782512665,9.08250713348
512,2,,,,48.25,5,5,15.6556158066,0.0725388601422,0,167.646438599,176.426254272,8.66561317444,8.93590354919
513,1,14,193,0.571428596973,1.74999988079,7,,,,,,,7.90100717545,7.97933912277
513,2,,,,1.74999988079,7,7,14.6437129974,0.0725388601422,0,125.192558289,150.16015625,8.82467746735,9.30565071106
514,1,14,193,0.0207253880799,48.25,2,,,,,,,5.99147081375,0
514,2,,,,48.25,2,2,14.6748075485,0.0725388601422,658.39276123,130.358428955,121.882339478,8.26873207092,10.0732307434
515,1,14,193,0.0207253880799,48.25,5,,,,,,,6.39693260193,8.85366535187
515,2,,,,48.25,5,5,15.066901207,0.0725388601422,617.859069824,143.922363281,163.479553223,10.0604915619,10.5453414917
516,1,14,193,0.571428596973,1.74999988079,7,,,,,,,8.66561317444,8.03915786743
516,2,,,,1.74999988079,7,7,13.0532274246,0.0725388601422,215.080154419,128.667556763,135.125106812,6.90775632858,9.25913047791
517,1,14,193,0.571428596973,1.74999988079,5,,,,,,,0,9.42545223236
517,2,,,,1.74999988079,5,5,14.8051261902,0.0725388601422,0,144.878372192,158.064254761,7.2442278862,0
518,1,14,193,0.571428596973,1.74999988079,5,,,,,,,8.38935947418,5.99147081375
518,2,,,,1.74999988079,5,5,14.4242429733,0.0725388601422,1606.45422363,134.9324646,145.896942139,8.24275684357,9.71715831757
519,1,14,193,0.571428596973,1.74999988079,8,,,,,,,8.21608829498,12.5153942108
519,2,,,,1.74999988079,8,8,15.2398471832,0.0725388601422,0,165.803787231,212.82850647,8.10167789459,10.3797216415
520,1,14,193,0.571428596973,1.74999988079,3,,,,,,,7.78322410583,11.4927225113
520,2,,,,1.74999988079,3,3,15.4075174332,0.0725388601422,0,177.219070435,197.466690063,8.21608829498,9.5749835968
521,1,14,193,0.0207253880799,48.25,3,,,,,,,8.18868923187,0
521,2,,,,48.25,3,3,13.9345369339,0.0725388601422,0,116.513641357,136.645629883,6.68461322784,11.2118206024
522,1,2,112,0.0357142873108,27.9999980927,8,,,,,,,5.29834222794,9.0118894577
522,2,,,,27.9999980927,8,8,14.7459802628,0.0178571436554,1457.72351074,134.922958374,152.754394531,7.60090255737,9.724360466
523,1,2,112,0.0357142873108,27.9999980927,6,,,,,,,8.73230457306,0
523,2,,,,27.9999980927,6,6,15.6364078522,0.0178571436554,1347.22644043,125.865440369,167.636428833,7.93737459183,9.70259475708
524,1,2,112,1,1,3,,,,,,,8.38935947418,0
524,2,,,,1,3,3,10.6549034119,0.0178571436554,1091.30480957,112.789039612,138.229095459,9.12695884705,9.30565071106
525,1,2,112,0.0357142873108,27.9999980927,5,,,,,,,0,0
525,2,,,,27.9999980927,5,5,11.4489202499,0.0178571436554,261.767272949,68.4927902222,82.5996780396,7.49554204941,0
526,1,2,112,0.0357142873108,27.9999980927,7,,,,,,,10.1023387909,0
526,2,,,,27.9999980927,7,7,15.1651411057,0.0178571436554,1409.38098145,145.817306519,180.305114746,9.79812717438,9.24956130981
527,1,2,112,1,1,5,,,,,,,8.00636768341,0
527,2,,,,1,5,5,12.2690477371,0.0178571436554,0,120.696685791,138.365600586,5.99147081375,8.93590354919
528,1,8,212,0.0188679248095,53,3,,,,,,,8.69951438904,13.710149765
528,2,,,,53,3,3,15.2941789627,0.0377358496189,0,189.567077637,230.765014648,9.42545223236,8.85366535187
529,1,8,212,1,1,6,,,,,,,7.86326694489,9.30565071106
529,2,,,,1,6,6,13.379483223,0.0377358496189,828.640380859,137.59286499,152.812103271,0,7.60090255737
530,1,8,212,1,1,3,,,,,,,7.60090255737,0
530,2,,,,1,3,3,14.0911407471,0.0377358496189,570.558044434,104.901557922,133.037261963,7.2442278862,9.21034049988
531,1,8,212,1,1,4,,,,,,,8.51719284058,0
531,2,,,,1,4,4,15.6148414612,0.0377358496189,801.06652832,100.259140015,157.686767578,8.00636768341,0
532,1,8,212,0.0188679248095,53,5,,,,,,,7.09007740021,9.64730453491
532,2,,,,53,5,5,18.431842804,0.0377358496189,1343.70495605,195.908401489,152.978424072,8.13153076172,6.39693260193
533,1,8,212,1,1,3,,,,,,,8.43381118774,9.45720005035
533,2,,,,1,3,3,13.4499387741,0.0377358496189,0,123.928703308,149.463684082,8.18868923187,8.8818359375
534,1,8,212,1,1,6,,,,,,,9.08250713348,0
534,2,,,,1,6,6,14.6457204819,0.0377358496189,828.640380859,143.402008057,153.342056274,8.38935947418,9.39266204834
535,1,8,212,0.0188679248095,53,4,,,,,,,7.49554204941,0
535,2,,,,53,4,4,13.1978416443,0.0377358496189,1400.11499023,114.804283142,120.27747345,7.60090255737,11.0413208008
536,1,8,212,1,1,5,,,,,,,0,0
536,2,,,,1,5,5,14.0682907104,0.0377358496189,0,119.617698669,119.018028259,7.93737459183,9.93304634094
537,1,8,212,1,1,3,,,,,,,0,9.10497951508
537,2,,,,1,3,3,12.6565113068,0.0377358496189,0,104.165420532,133.482818604,8.294049263,9.8521938324
538,1,8,212,1,1,5,,,,,,,5.99147081375,0
538,2,,,,1,5,5,13.4093456268,0.0377358496189,580.686584473,101.739768982,122.314971924,8.24275684357,0
539,1,8,212,0.0188679248095,53,2,,,,,,,0,0
539,2,,,,53,2,2,14.5387992859,0.0377358496189,0,55.760093689,76.8718338013,5.99147081375,9.21034049988
540,1,4,179,0.0223463680595,44.75,2,,,,,,,0,0
540,2,,,,44.75,2,2,14.5567331314,0.0223463680595,0,67.8267669678,86.9281997681,6.90775632858,0
541,1,4,179,0.0223463680595,44.75,3,,,,,,,7.69621276855,0
541,2,,,,44.75,3,3,16.1253700256,0.0223463680595,0,100.345314026,152.63104248,10.1266307831,0
542,1,4,179,1,1,3,,,,,,,0,0
543,1,4,179,1,1,1,,,,,,,0,0
543,2,,,,1,1,1,10.0690021515,0.0223463680595,0,59.6163101196,85.7130203247,7.60090255737,5.99147081375
544,1,4,179,0.0223463680595,44.75,3,,,,,,,7.69621276855,0
544,2,,,,44.75,3,3,9.48797225952,0.0223463680595,0,88.0245895386,127.90146637,6.39693260193,0
545,1,4,179,1,1,5,,,,,,,5.99147081375,7.78322410583
545,2,,,,1,5,5,14.7220716476,0.0223463680595,0,122.698890686,137.493225098,8.59415435791,0
546,1,4,179,0.0223463680595,44.75,3,,,,,,,5.99147081375,8.294049263
546,2,,,,44.75,3,3,13.3541097641,0.0223463680595,617.859069824,96.0536804199,134.479919434,9.08250713348,0
547,1,4,179,1,1,5,,,,,,,8.47637081146,0
547,2,,,,1,5,5,9.8521938324,0.0223463680595,725.893249512,91.6375961304,133.905776978,8.66561317444,8.51719284058
548,1,3,217,0.0184331797063,54.25,1,,,,,,,0,0
548,2,,,,54.25,1,1,13.4819936752,0.0138248847798,0,54.6203575134,70.4927749634,8.53699588776,7.60090255737
549,1,3,217,1,1,5,,,,,,,7.60090255737,0
549,2,,,,1,5,5,15.4295377731,0.0138248847798,642.852233887,135.539398193,139.703262329,8.3428401947,7.69621276855
550,1,3,217,1,1,6,,,,,,,8.68270778656,0
550,2,,,,1,6,6,9.42545223236,0.0138248847798,525.735107422,88.6700210571,136.13885498,8.47637081146,9.35010242462
551,1,3,217,0.0184331797063,54.25,4,,,,,,,0,0
551,2,,,,54.25,4,4,11.6613454819,0.0138248847798,0,59.5453567505,73.0440673828,7.37775945663,0
552,1,3,217,1,1,3,,,,,,,6.68461322784,7.49554204941
552,2,,,,1,3,3,13.3218698502,0.0138248847798,0,116.764648438,124.322425842,8.61250305176,0
553,1,3,217,0.0184331797063,54.25,2,,,,,,,5.99147081375,0
553,2,,,,54.25,2,2,14.5833015442,0.0138248847798,570.558044434,96.3646316528,125.16267395,8.41183280945,14.1519832611
554,1,3,217,0.0184331797063,54.25,7,,,,,,,8.57546234131,0
554,2,,,,54.25,7,7,13.6538152695,0.0138248847798,314.764465332,109.536369324,145.498764038,9.27799892426,9.21034049988
555,1,5,201,0.0199004970491,50.25,5,,,,,,,7.09007740021,9.39266204834
555,2,,,,50.25,5,5,13.7751178741,0.0248756222427,971.324707031,132.395507812,149.119827271,9.05951786041,8.00636768341
556,1,5,201,0.0199004970491,50.25,4,,,,,,,8.85366535187,9.39266204834
556,2,,,,50.25,4,4,14.4208097458,0.0248756222427,1897.4251709,147.595977783,160.714187622,8.38935947418,9.08250713348
557,1,5,201,1,1,2,,,,,,,8.73230457306,0
557,2,,,,1,2,2,12.9292640686,0.0248756222427,0,96.3862304688,132.137512207,7.09007740021,0
558,1,5,201,0.0199004970491,50.25,5,,,,,,,10.2681303024,10.2219409943
558,2,,,,50.25,5,5,12.0679597855,0.0248756222427,1553.82287598,149.980209351,195.660446167,7.69621276855,9.21034049988
559,1,5,201,0.0199004970491,50.25,8,,,,,,,10.2681303024,9.07107830048
559,2,,,,50.25,8,8,16.2111854553,0.0248756222427,1050.58520508,163.36114502,196.457946777,9.48948574066,7.09007740021
560,1,5,201,1,1,2,,,,,,,5.29834222794,8.00636768341
560,2,,,,1,2,2,12.7230787277,0.0248756222427,877.837463379,96.3765869141,122.12852478,9.71715831757,9.68034362793
561,1,5,201,1,1,6,,,,,,,9.25913047791,0
561,2,,,,1,6,6,12.6934251785,0.0248756222427,725.893249512,102.493644714,138.116851807,5.29834222794,0
562,1,5,201,1,1,3,,,,,,,8.66561317444,7.09007740021
562,2,,,,1,3,3,13.8618211746,0.0248756222427,673.154968262,107.193695068,143.199813843,8.0709066391,0
563,1,5,201,1,1,1,,,,,,,7.60090255737,0
563,2,,,,1,1,1,7.93737459183,0.0248756222427,0,75.7170562744,105.756469727,6.90775632858,0
564,1,3,241,1,1,3,,,,,,,9.08250713348,0
564,2,,,,1,3,3,14.981719017,0.0124481329694,513.223571777,156.875289917,145.115982056,8.77955722809,0
565,1,3,241,0.0165975112468,60.2499961853,5,,,,,,,7.69621276855,7.60090255737
565,2,,,,60.2499961853,5,5,13.579788208,0.0124481329694,0,127.056488037,127.563735962,7.49554204941,0
566,1,3,241,1,1,4,,,,,,,8.85366535187,7.09007740021
566,2,,,,1,4,4,14.9530220032,0.0124481329694,0,119.338623047,161.291687012,7.49554204941,9.83091640472
567,1,3,241,1,1,5,,,,,,,8.00636768341,7.78322410583
567,2,,,,1,5,5,14.7442436218,0.0124481329694,737.779846191,138.230636597,147.577880859,7.60090255737,8.18868923187
568,1,3,241,0.0165975112468,60.2499961853,11,,,,,,,10.6596097946,8.73873519897
568,2,,,,60.2499961853,11,11,16.9918289185,0.0124481329694,2140.27880859,211.750762939,178.218948364,10.8723707199,8.79482460022
569,1,3,241,0.0165975112468,60.2499961853,5,,,,,,,7.00306606293,9.90348720551
569,2,,,,60.2499961853,5,5,13.8186454773,0.0124481329694,828.640380859,145.043884277,153.076522827,8.51719284058,0
570,1,3,241,0.0165975112468,60.2499961853,8,,,,,,,10.0257053375,8.55641365051
570,2,,,,60.2499961853,8,8,15.7118701935,0.0124481329694,1956.02185059,149.776947021,188.718887329,10.3981838226,9.43348407745
571,1,6,202,0.0198019798845,50.5,3,,,,,,,8.13153076172,10.2750511169
571,2,,,,50.5,3,3,11.7215642929,0.0297029707581,570.558044434,130.828369141,164.13508606,8.96187877655,0
572,1,6,202,0.0198019798845,50.5,3,,,,,,,8.00636768341,8.294049263
572,2,,,,50.5,3,3,13.6569814682,0.0297029707581,0,134.683135986,137.57699585,8.47637081146,8.8818359375
573,1,6,202,1,1,6,,,,,,,8.294049263,11.3193407059
573,2,,,,1,6,6,15.0724363327,0.0297029707581,1681.49206543,160.70690918,191.92477417,8.9871969223,8.85366535187
574,1,6,202,1,1,4,,,,,,,8.13153076172,0
574,2,,,,1,4,4,14.5942611694,0.0297029707581,0,126.811332703,138.205612183,9.90847492218,0
575,1,6,202,1,1,6,,,,,,,9.42545223236,9.30565071106
575,2,,,,1,6,6,16.2971286774,0.0297029707581,1050.58520508,147.993286133,178.220855713,9.42545223236,9.28730106354
576,1,6,202,0.0198019798845,50.5,6,,,,,,,7.43838405609,7.60090255737
576,2,,,,50.5,6,6,16.1666183472,0.0297029707581,707.165771484,131.152023315,164.540756226,8.8818359375,8.96187877655
577,1,6,202,1,1,5,,,,,,,9.08250713348,7.09007740021
577,2,,,,1,5,5,15.3259677887,0.0297029707581,907.135803223,142.788711548,165.395645142,8.94897556305,0
578,1,6,202,0.0198019798845,50.5,4,,,,,,,7.17012023926,7.09007740021
578,2,,,,50.5,4,4,15.2096242905,0.0297029707581,0,96.7682723999,142.06803894,7.78322410583,0
579,1,6,202,1,1,4,,,,,,,8.43381118774,5.99147081375
579,2,,,,1,4,4,14.0389738083,0.0297029707581,765.675415039,129.751831055,135.922927856,10.0168161392,0
580,1,6,202,1,1,4,,,,,,,8.47637081146,0
580,2,,,,1,4,4,13.0236473083,0.0297029707581,570.558044434,118.819564819,134.799453735,8.59415435791,5.99147081375
581,1,11,207,0.0193236712366,51.75,7,,,,,,,9.50300979614,13.710149765
581,2,,,,51.75,7,7,15.9837636948,0.0531400963664,1025.96411133,222.729736328,236.920013428,8.68270778656,0
582,1,11,207,0.0193236712366,51.75,4,,,,,,,8.38935947418,13.710149765
582,2,,,,51.75,4,4,13.8839168549,0.0531400963664,0,178.371810913,209.720916748,7.37775945663,12.0197429657
583,1,11,207,0.727272748947,1.375,4,,,,,,,9.25032997131,10.7144174576
583,2,,,,1.375,4,4,11.2593231201,0.0531400963664,0,127.25970459,172.844238281,6.90775632858,0
584,1,11,207,0.727272748947,1.375,4,,,,,,,5.99147081375,0
584,2,,,,1.375,4,4,12.0731124878,0.0531400963664,0,87.1961135864,102.851898193,7.78322410583,7.43838405609
585,1,11,207,0.727272748947,1.375,5,,,,,,,9.29651832581,7.82404613495
585,2,,,,1.375,5,5,15.3707790375,0.0531400963664,0,164.084762573,161.198028564,10.0690021515,14.6909790039
586,1,11,207,0.0193236712366,51.75,7,,,,,,,10.4458122253,0
587,1,11,207,0.727272748947,1.375,3,,,,,,,8.16051864624,0
587,2,,,,1.375,3,3,-10.2255706787,0.0531400963664,725.893249512,94.6924057007,150.88571167,8.62335300446,9.16951847076
588,1,11,207,0.727272748947,1.375,4,,,,,,,8.80986309052,0
588,2,,,,1.375,4,4,12.0002775192,0.0531400963664,471.496643066,123.907363892,151.701004028,8.64822101593,10.6454248428
589,1,11,207,0.727272748947,1.375,5,,,,,,,9.45720005035,9.36734390259
589,2,,,,1.375,5,5,14.2823839188,0.0531400963664,0,143.991485596,163.788574219,8.76405334473,0
590,1,11,207,0.0193236712366,51.75,3,,,,,,,0,8.9871969223
590,2,,,,51.75,3,3,14.5906524658,0.0531400963664,471.496643066,124.663085938,151.705749512,8.10167789459,0
591,1,11,207,0.727272748947,1.375,2,,,,,,,8.294049263,0
591,2,,,,1.375,2,2,14.7282752991,0.0531400963664,500.069793701,127.666526794,142.141983032,9.08250713348,0
592,1,11,207,0.727272748947,1.375,7,,,,,,,10.4282159805,8.38935947418
592,2,,,,1.375,7,7,16.1269569397,0.0531400963664,971.324707031,127.644355774,194.619445801,10.0604915619,6.68461322784
593,1,3,160,1,1,3,,,,,,,8.79482460022,0
593,2,,,,1,3,3,9.76422595978,0.0187500007451,570.558044434,95.8084259033,150.282974243,9.50300979614,7.60090255737
594,1,3,160,0.0250000003725,40,5,,,,,,,7.93737459183,10.2541446686
594,2,,,,40,5,5,16.100725174,0.0187500007451,1526.00878906,181.784332275,182.710357666,8.03915786743,0
595,1,3,160,0.0250000003725,40,6,,,,,,,10.4042625427,0
595,2,,,,40,6,6,16.4812507629,0.0187500007451,2327.98974609,191.558532715,181.629150391,9.75266456604,0
596,1,3,160,1,1,5,,,,,,,8.26873207092,0
596,2,,,,1,5,5,16.130657196,0.0187500007451,658.39276123,111.16973114,163.012771606,9.1431312561,8.38935947418
597,1,3,160,0.0250000003725,40,2,,,,,,,8.13153076172,7.47306919098
597,2,,,,40,2,2,13.8601016998,0.0187500007451,0,113.537521362,139.637619019,8.43381118774,0
598,1,3,160,0.0250000003725,40,4,,,,,,,7.2442278862,0
598,2,,,,40,4,4,15.376241684,0.0187500007451,0,119.715187073,135.947128296,5.29834222794,11.512925148
599,1,3,160,1,1,8,,,,,,,10.513253212,0
599,2,,,,1,8,8,13.4236526489,0.0187500007451,0,155.407119751,198.644119263,10.3417425156,8.8818359375
600,1,9,150,0.0266666673124,37.5,4,,,,,,,7.37775945663,10.2399597168
600,2,,,,37.5,4,4,16.4078350067,0.0599999986589,1438.98620605,196.562149048,187.08354187,7.78322410583,9.8521938324
601,1,9,150,0.0266666673124,37.5,2,,,,,,,8.16051864624,9.8521938324
601,2,,,,37.5,2,2,13.8360967636,0.0599999986589,1239.08764648,137.415313721,158.661758423,7.49554204941,9.39266204834
602,1,9,150,0.888888895512,1.125,6,,,,,,,7.69621276855,0
602,2,,,,1.125,6,6,13.702337265,0.0599999986589,658.39276123,102.265892029,132.150680542,7.93737459183,8.78569221497
603,1,9,150,0.888888895512,1.125,3,,,,,,,0,11.512925148
603,2,,,,1.125,3,3,15.2112846375,0.0599999986589,0,134.266998291,197.551025391,6.84588098526,8.63052177429
604,1,9,150,0.888888895512,1.125,4,,,,,,,8.68270778656,0
604,2,,,,1.125,4,4,11.5366420746,0.0599999986589,0,103.596687317,141.487625122,8.69951438904,0
605,1,9,150,0.888888895512,1.125,7,,,,,,,8.294049263,9.24956130981
605,2,,,,1.125,7,7,19.138671875,0.0599999986589,1222.27844238,193.323776245,161.13671875,8.43381118774,9.45720005035
606,1,9,150,0.888888895512,1.125,1,,,,,,,8.00636768341,7.09007740021
606,2,,,,1.125,1,1,12.4490184784,0.0599999986589,0,104.614982605,120.89037323,8.294049263,9.53242397308
607,1,9,150,0.888888895512,1.125,8,,,,,,,8.73230457306,0
607,2,,,,1.125,8,8,14.9766902924,0.0599999986589,877.837463379,110.333694458,158.021774292,9.11602973938,8.76405334473
608,1,9,150,0.888888895512,1.125,5,,,,,,,6.90775632858,10.9784898758
608,2,,,,1.125,5,5,13.8846635818,0.0599999986589,0,161.096282959,165.855133057,6.90775632858,9.39266204834
609,1,9,150,0.888888895512,1.125,1,,,,,,,5.29834222794,0
609,2,,,,1.125,1,1,13.9250822067,0.0599999986589,0,102.466331482,124.365066528,7.09007740021,0
610,1,9,150,0.0266666673124,37.5,3,,,,,,,7.78322410583,8.9871969223
610,2,,,,37.5,3,3,13.9578781128,0.0599999986589,1388.52856445,121.389007568,148.415115356,9.62244987488,0
611,1,9,150,0.0266666673124,37.5,4,,,,,,,8.55641365051,0
611,2,,,,37.5,4,4,15.0824584961,0.0599999986589,0,128.133605957,155.405975342,7.60090255737,9.94750404358
612,1,1,128,0.03125,32,2,,,,,,,10.0690021515,6.39693260193
612,2,,,,32,2,2,17.9722328186,0.0078125,781.316589355,140.583465576,173.772415161,5.29834222794,9.19013786316
613,1,1,128,0.03125,32,11,,,,,,,9.65502643585,8.63052177429
613,2,,,,32,11,11,15.7256011963,0.0078125,0,172.764434814,184.100372314,10.8723707199,6.90775632858
614,1,1,128,1,1,5,,,,,,,8.86785030365,0
614,2,,,,1,5,5,15.2340297699,0.0078125,0,123.534988403,162.164077759,9.23989963531,10.1266307831
615,1,1,128,0.03125,32,2,,,,,,,8.38935947418,8.3428401947
615,2,,,,32,2,2,15.983672142,0.0078125,0,157.429916382,165.822952271,7.09007740021,0
616,1,1,128,0.03125,32,5,,,,,,,10.6689558029,10.1581296921
616,2,,,,32,5,5,16.4917602539,0.0078125,1795.73083496,194.117385864,207.639770508,10.8723707199,7.60090255737
617,1,9,153,0.888888895512,1.125,3,,,,,,,5.99147081375,7.78322410583
617,2,,,,1.125,3,3,15.2261075974,0.0588235296309,570.558044434,112.133850098,147.634140015,9.40919113159,0
618,1,9,153,0.026143791154,38.25,3,,,,,,,7.60090255737,0
618,2,,,,38.25,3,3,14.411154747,0.0588235296309,329.61807251,118.471626282,129.554656982,9.56099700928,9.68034362793
619,1,9,153,0.026143791154,38.25,3,,,,,,,7.2442278862,9.39266204834
619,2,,,,38.25,3,3,14.55123806,0.0588235296309,1252.36279297,112.861022949,159.36289978,7.60090255737,10.1961574554
620,1,9,153,0.888888895512,1.125,7,,,,,,,8.18868923187,8.8818359375
620,2,,,,1.125,7,7,12.5658426285,0.0588235296309,1366.6739502,136.377807617,149.498641968,7.78322410583,10.4631032944
621,1,9,153,0.026143791154,38.25,2,,,,,,,9.03598690033,8.9871969223
621,2,,,,38.25,2,2,19.138671875,0.0588235296309,609.017578125,196.220352173,153.222015381,7.86326694489,8.16051864624
622,1,9,153,0.888888895512,1.125,7,,,,,,,9.45720005035,5.99147081375
622,2,,,,1.125,7,7,14.322810173,0.0588235296309,0,117.36240387,157.563873291,8.38935947418,8.47637081146
623,1,9,153,0.888888895512,1.125,4,,,,,,,8.03915786743,5.7037935257
623,2,,,,1.125,4,4,13.4673709869,0.0588235296309,725.893249512,111.744354248,129.713058472,5.99147081375,0
624,1,9,153,0.026143791154,38.25,3,,,,,,,7.09007740021,9.61580562592
624,2,,,,38.25,3,3,13.8503952026,0.0588235296309,907.135803223,157.966262817,175.28855896,8.18868923187,12.6555547714
625,1,9,153,0.888888895512,1.125,5,,,,,,,8.24275684357,7.53902721405
625,2,,,,1.125,5,5,14.3640947342,0.0588235296309,1189.88208008,129.938156128,148.465911865,8.294049263,7.97933912277
626,1,9,153,0.888888895512,1.125,6,,,,,,,10.2750511169,9.35876083374
626,2,,,,1.125,6,6,18.33867836,0.0588235296309,725.893249512,144.957687378,176.207809448,8.97461795807,9.0118894577
627,1,9,153,0.888888895512,1.125,3,,,,,,,8.85366535187,5.99147081375
627,2,,,,1.125,3,3,13.9202308655,0.0588235296309,0,122.04990387,145.914154053,9.39266204834,11.5711946487
628,1,9,153,0.888888895512,1.125,5,,,,,,,8.0709066391,0
628,2,,,,1.125,5,5,9.21034049988,0.0588235296309,0,87.5613861084,132.260894775,8.18868923187,8.85366535187
629,1,1,63,0.0634920671582,15.7499990463,5,,,,,,,8.294049263,7.60090255737
629,2,,,,15.7499990463,5,5,15.2432823181,0.0158730167896,781.316589355,122.277137756,159.007354736,7.49554204941,13.304684639
630,1,1,63,1,1,3,,,,,,,9.10497951508,0
630,2,,,,1,3,3,14.6792860031,0.0158730167896,971.324707031,154.748840332,134.312316895,7.43838405609,8.36637020111
631,1,1,63,0.0634920671582,15.7499990463,4,,,,,,,5.29834222794,0
631,2,,,,15.7499990463,4,4,13.5447483063,0.0158730167896,147.892578125,114.12953186,116.302536011,5.29834222794,0
632,1,1,63,0.0634920671582,15.7499990463,2,,,,,,,7.82404613495,8.69951438904
632,2,,,,15.7499990463,2,2,8.76405334473,0.0158730167896,0,92.7378234863,145.880355835,7.09007740021,7.78322410583
633,1,1,63,0.0634920671582,15.7499990463,6,,,,,,,8.9871969223,0
633,2,,,,15.7499990463,6,6,14.2522802353,0.0158730167896,1493.09228516,109.335159302,152.380523682,7.69621276855,7.60090255737
634,1,1,64,0.0625,16,3,,,,,,,7.09007740021,7.78322410583
634,2,,,,16,3,3,13.7418642044,0.015625,781.316589355,127.29385376,134.808425903,5.29834222794,0
635,1,1,64,0.0625,16,3,,,,,,,6.90775632858,8.45105361938
635,2,,,,16,3,3,14.1344003677,0.015625,329.61807251,139.586364746,137.195007324,8.93590354919,10.1849002838
636,1,1,64,1,1,6,,,,,,,9.0118894577,9.71715831757
636,2,,,,1,6,6,11.9216918945,0.015625,0,135.072021484,164.811630249,7.17012023926,9.58877658844
637,1,1,64,0.0625,16,8,,,,,,,9.93304634094,10.4458122253
637,2,,,,16,8,8,15.7866983414,0.015625,828.640380859,190.319671631,186.816101074,9.42545223236,8.82467746735
638,1,1,64,0.0625,16,6,,,,,,,8.00636768341,8.0709066391
638,2,,,,16,6,6,14.3296508789,0.015625,1154.74121094,130.911834717,144.844207764,8.63052177429,9.23600769043
639,1,10,260,0.800000011921,1.25,2,,,,,,,6.90775632858,9.99879741669
639,2,,,,1.25,2,2,13.3365068436,0.0384615398943,0,113.882888794,153.466171265,7.78322410583,8.294049263
640,1,10,260,0.800000011921,1.25,2,,,,,,,7.60090255737,0
640,2,,,,1.25,2,2,12.5940523148,0.0384615398943,0,106.247009277,112.18686676,7.37775945663,8.00636768341
641,1,10,260,0.0153846153989,65,9,,,,,,,10.7032442093,9.74096870422
641,2,,,,65,9,9,16.1126613617,0.0384615398943,1916.41223145,182.793533325,204.129867554,10.2109718323,12.7278385162
642,1,10,260,0.0153846153989,65,5,,,,,,,8.24275684357,0
642,2,,,,65,5,5,16.8218364716,0.0384615398943,1626.29089355,110.637680054,164.68560791,9.35876083374,0
643,1,10,260,0.0153846153989,65,4,,,,,,,8.96187877655,0
643,2,,,,65,4,4,16.1630687714,0.0384615398943,725.893249512,114.979400635,142.266784668,8.0709066391,0
644,1,10,260,0.800000011921,1.25,9,,,,,,,9.48797225952,8.294049263
644,2,,,,1.25,9,9,14.2890701294,0.0384615398943,0,147.483627319,155.569274902,7.2442278862,8.55641365051
645,1,10,260,0.800000011921,1.25,2,,,,,,,8.69951438904,9.39266204834
645,2,,,,1.25,2,2,14.3177394867,0.0384615398943,0,123.637039185,161.442626953,8.96187877655,0
646,1,10,260,0.800000011921,1.25,4,,,,,,,6.90775632858,9.53964424133
646,2,,,,1.25,4,4,14.8010663986,0.0384615398943,658.39276123,153.250335693,165.465164185,8.85366535187,9.42545223236
647,1,10,260,0.800000011921,1.25,6,,,,,,,9.34136867523,8.00636768341
647,2,,,,1.25,6,6,13.8665838242,0.0384615398943,0,156.056488037,162.952163696,8.294049263,0
648,1,10,260,0.0153846153989,65,5,,,,,,,9.03598690033,0
648,2,,,,65,5,5,12.5654935837,0.0384615398943,0,126.940559387,145.559799194,9.34136867523,8.71604442596
649,1,10,260,0.800000011921,1.25,2,,,,,,,6.68461322784,9.48797225952
649,2,,,,1.25,2,2,14.7922945023,0.0384615398943,0,147.456222534,160.271575928,8.77955722809,10.1064281464
650,1,10,260,0.800000011921,1.25,8,,,,,,,8.94897556305,9.03598690033
650,2,,,,1.25,8,8,13.7684192657,0.0384615398943,570.558044434,129.467056274,152.588668823,8.38935947418,9.24956130981
651,1,14,198,0.0202020201832,49.5,3,,,,,,,9.83091640472,8.47637081146
651,2,,,,49.5,3,3,16.3762207031,0.0707070678473,870.112182617,175.546829224,191.304595947,9.08250713348,8.04558849335
652,1,14,198,0.571428596973,1.74999988079,5,,,,,,,9.21034049988,10.4042625427
652,2,,,,1.74999988079,5,5,10.8356513977,0.0707070678473,0,122.172866821,167.850753784,9.66141605377,0
653,1,14,198,0.571428596973,1.74999988079,3,,,,,,,9.03598690033,8.73230457306
653,2,,,,1.74999988079,3,3,18.3221035004,0.0707070678473,513.223571777,183.437210083,162.098175049,9.65245914459,9.54681301117
654,1,14,198,0.0202020201832,49.5,4,,,,,,,7.82404613495,9.34136867523
654,2,,,,49.5,4,4,15.218662262,0.0707070678473,870.112182617,137.354873657,174.215087891,7.09007740021,8.61250305176
655,1,14,198,0.571428596973,1.74999988079,3,,,,,,,7.37775945663,0
655,2,,,,1.74999988079,3,3,12.5288801193,0.0707070678473,329.61807251,118.985748291,129.273208618,9.26860904694,0
656,1,14,198,0.0202020201832,49.5,4,,,,,,,8.294049263,8.8479347229
656,2,,,,49.5,4,4,15.309223175,0.0707070678473,0,125.077476501,167.414779663,9.42545223236,0
657,1,14,198,0.571428596973,1.74999988079,3,,,,,,,7.49554204941,11.8995475769
657,2,,,,1.74999988079,3,3,13.5272951126,0.0707070678473,907.135803223,179.093719482,184.761978149,7.09007740021,7.86326694489
658,1,14,198,0.0202020201832,49.5,4,,,,,,,8.66561317444,8.93590354919
658,2,,,,49.5,4,4,16.8324661255,0.0707070678473,0,118.285705566,142.406204224,0,5.29834222794
659,1,14,198,0.571428596973,1.74999988079,1,,,,,,,0,0
659,2,,,,1.74999988079,1,1,12.4427242279,0.0707070678473,0,58.0581741333,64.6719512939,0,0
660,1,14,198,0.571428596973,1.74999988079,6,,,,,,,9.32366943359,0
660,2,,,,1.74999988079,6,6,13.9059000015,0.0707070678473,0,117.996894836,150.501434326,9.54681301117,9.26860904694
661,1,14,198,0.571428596973,1.74999988079,4,,,,,,,9.26860904694,9.03598690033
661,2,,,,1.74999988079,4,4,12.9384403229,0.0707070678473,940.652526855,129.583129883,143.259552002,9.02401065826,14.2855138779
662,1,14,198,0.571428596973,1.74999988079,3,,,,,,,6.68461322784,7.37775945663
662,2,,,,1.74999988079,3,3,15.5085906982,0.0707070678473,609.017578125,142.298812866,137.508499146,7.86326694489,8.79482460022
663,1,10,123,0.800000011921,1.25,6,,,,,,,9.10497951508,9.39266204834
663,2,,,,1.25,6,6,15.0804843903,0.0813008099794,439.132415771,166.810546875,161.928573608,7.69621276855,0
664,1,10,123,0.0325203239918,30.7500019073,3,,,,,,,8.59415435791,8.69951438904
664,2,,,,30.7500019073,3,3,12.3791856766,0.0813008099794,0,130.788085938,122.981803894,8.0709066391,0
665,1,10,123,0.800000011921,1.25,5,,,,,,,7.60090255737,10.4341154099
665,2,,,,1.25,5,5,12.3942108154,0.0813008099794,0,127.258674622,146.112625122,9.08250713348,0
666,1,10,123,0.0325203239918,30.7500019073,8,,,,,,,10.8893041611,9.62905025482
666,2,,,,30.7500019073,8,8,16.4686107635,0.0813008099794,2251.30175781,196.130905151,211.766555786,9.97114658356,8.83054256439
667,1,10,123,0.800000011921,1.25,3,,,,,,,7.43838405609,0
667,2,,,,1.25,3,3,12.9652414322,0.0813008099794,0,92.9280471802,120.273300171,8.47637081146,7.49554204941
668,1,10,123,0.0325203239918,30.7500019073,5,,,,,,,8.24275684357,7.31322097778
668,2,,,,30.7500019073,5,5,11.2463521957,0.0813008099794,0,97.7462768555,114.296333313,7.97246599197,8.55641365051
669,1,10,123,0.800000011921,1.25,4,,,,,,,8.63052177429,5.7037935257
669,2,,,,1.25,4,4,15.0193529129,0.0813008099794,0,151.765777588,128.240936279,8.51719284058,0
670,1,10,123,0.0325203239918,30.7500019073,8,,,,,,,7.86326694489,9.84161186218
670,2,,,,30.7500019073,8,8,14.293170929,0.0813008099794,1132.109375,148.294494629,160.322387695,8.51719284058,8.51719284058
671,1,10,123,0.800000011921,1.25,4,,,,,,,9.68034362793,8.38935947418
671,2,,,,1.25,4,4,12.2030677795,0.0813008099794,0,141.416900635,146.150512695,10.6164369583,0
672,1,10,123,0.800000011921,1.25,8,,,,,,,8.96187877655,8.79482460022
672,2,,,,1.25,8,8,14.5968503952,0.0813008099794,1025.96411133,131.109146118,160.494400024,8.96187877655,0
673,1,10,123,0.800000011921,1.25,5,,,,,,,7.37775945663,0
673,2,,,,1.25,5,5,7.97246599197,0.0813008099794,0,70.7945785522,122.419967651,7.09007740021,0
674,1,10,123,0.800000011921,1.25,5,,,,,,,8.24275684357,8.294049263
674,2,,,,1.25,5,5,13.0545129776,0.0813008099794,356.412506104,114.921005249,135.587371826,7.43838405609,10.3089523315
675,1,16,168,0.5,2,6,,,,,,,8.82467746735,0
675,2,,,,2,6,6,14.3295068741,0.095238097012,0,122.509086609,151.172988892,10.1581296921,8.8818359375
676,1,16,168,0.023809524253,42,2,,,,,,,8.55641365051,0
676,2,,,,42,2,2,12.2774438858,0.095238097012,0,118.278892517,115.728591919,9.53242397308,13.0848693848
677,1,16,168,0.5,2,5,,,,,,,7.93737459183,0
677,2,,,,2,5,5,15.42162323,0.095238097012,1215.99621582,135.997039795,151.292556763,8.82467746735,9.25913047791
678,1,16,168,0.5,2,3,,,,,,,8.13153076172,13.710149765
678,2,,,,2,3,3,12.5783252716,0.095238097012,0,189.629943848,234.152359009,8.64822101593,7.60090255737
679,1,16,168,0.5,2,2,,,,,,,8.13153076172,0
679,2,,,,2,2,2,13.4619731903,0.095238097012,0,108.272880554,129.425933838,8.0709066391,0
680,1,16,168,0.5,2,2,,,,,,,7.86326694489,7.31322097778
680,2,,,,2,2,2,-10.177324295,0.095238097012,1237.58679199,101.130447388,138.064346313,8.63052177429,0
681,1,16,168,0.5,2,6,,,,,,,7.78322410583,9.21034049988
681,2,,,,2,6,6,14.7789134979,0.095238097012,1208.81481934,148.568206787,158.854721069,7.2442278862,9.54681301117
682,1,16,168,0.5,2,3,,,,,,,8.18868923187,7.09007740021
682,2,,,,2,3,3,16.8120384216,0.095238097012,0,168.067657471,138.112030029,0,0
683,1,16,168,0.023809524253,42,7,,,,,,,8.18868923187,0
683,2,,,,42,7,7,16.1919746399,0.095238097012,1025.96411133,126.231506348,165.532211304,9.80917644501,8.69951438904
684,1,16,168,0.023809524253,42,5,,,,,,,7.93737459183,0
684,2,,,,42,5,5,13.8290290833,0.095238097012,0,135.885269165,137.935409546,8.10167789459,8.51719284058
685,1,16,168,0.5,2,8,,,,,,,10.5789794922,0
685,2,,,,2,8,8,15.7273855209,0.095238097012,0,154.470062256,191.573318481,10.0816335678,8.47637081146
686,1,16,168,0.023809524253,42,8,,,,,,,8.76405334473,9.98966503143
686,2,,,,42,8,8,17.927400589,0.095238097012,1526.00878906,159.209289551,192.381011963,9.87302875519,9.32366943359
687,1,10,148,0.800000011921,1.25,3,,,,,,,0,0
687,2,,,,1.25,3,3,10.9145431519,0.0675675645471,1045.78588867,80.7423934937,121.67414093,6.21461200714,7.31322097778
688,1,10,148,0.0270270276815,37,2,,,,,,,7.5496096611,8.0709066391
688,2,,,,37,2,2,11.5655183792,0.0675675645471,0,111.188514709,139.033584595,9.14846515656,6.90775632858
689,1,10,148,0.0270270276815,37,5,,,,,,,9.50300979614,0
689,2,,,,37,5,5,15.6489238739,0.0675675645471,0,136.564590454,172.211288452,9.16951847076,0
690,1,10,148,0.800000011921,1.25,10,,,,,,,8.9871969223,5.99147081375
690,2,,,,1.25,10,10,14.9674110413,0.0675675645471,978.608276367,153.912918091,170.50340271,10.0301198959,10.712638855
691,1,10,148,0.0270270276815,37,5,,,,,,,10.8893041611,10.918718338
691,2,,,,37,5,5,13.7983646393,0.0675675645471,2259.6237793,171.038864136,199.780548096,9.99879741669,0
692,1,10,148,0.800000011921,1.25,6,,,,,,,7.09007740021,9.27799892426
692,2,,,,1.25,6,6,14.5190038681,0.0675675645471,0,106.394836426,158.37411499,9.02401065826,9.16951847076
693,1,10,148,0.800000011921,1.25,5,,,,,,,8.0709066391,8.294049263
693,2,,,,1.25,5,5,19.138671875,0.0675675645471,0,183.368637085,171.714035034,7.64969301224,8.8818359375
694,1,10,148,0.800000011921,1.25,6,,,,,,,8.69951438904,8.69951438904
694,2,,,,1.25,6,6,13.5754747391,0.0675675645471,1073.72912598,124.397369385,146.029403687,9.03598690033,8.294049263
695,1,10,148,0.800000011921,1.25,8,,,,,,,8.66561317444,0
695,2,,,,1.25,8,8,13.0609130859,0.0675675645471,1025.96411133,111.505264282,132.40838623,6.90775632858,8.47637081146
696,1,10,148,0.800000011921,1.25,4,,,,,,,8.18868923187,8.47637081146
696,2,,,,1.25,4,4,14.4486942291,0.0675675645471,590.454467773,133.228805542,151.777587891,7.43838405609,7.09007740021
697,1,10,148,0.800000011921,1.25,5,,,,,,,5.29834222794,0
697,2,,,,1.25,5,5,14.7301197052,0.0675675645471,0,90.9066772461,101.190338135,6.90775632858,8.9871969223
698,1,10,148,0.0270270276815,37,4,,,,,,,7.93737459183,9.19421100616
698,2,,,,37,4,4,14.280878067,0.0675675645471,0,133.607681274,154.427383423,8.53699588776,7.5496096611
699,1,2,235,0.0170212760568,58.75,3,,,,,,,6.90775632858,6.39693260193
699,2,,,,58.75,3,3,11.8831090927,0.00851063802838,0,94.4368057251,107.0076828,7.86326694489,0
700,1,2,235,0.0170212760568,58.75,5,,,,,,,8.00636768341,8.0709066391
700,2,,,,58.75,5,5,15.361369133,0.00851063802838,870.112182617,131.149368286,158.254394531,10.3545627594,8.51719284058
701,1,2,235,1,1,7,,,,,,,9.7350692749,8.18868923187
701,2,,,,1,7,7,11.2997322083,0.00851063802838,1511.47607422,133.562286377,178.444656372,7.49554204941,0
702,1,2,235,0.0170212760568,58.75,6,,,,,,,8.59415435791,0
702,2,,,,58.75,6,6,15.5637712479,0.00851063802838,0,108.454811096,159.568206787,8.38935947418,6.39693260193
703,1,2,235,1,1,3,,,,,,,0,0
703,2,,,,1,3,3,14.7611274719,0.00851063802838,0,113.724876404,102.611808777,8.85366535187,0
704,1,2,235,0.0170212760568,58.75,6,,,,,,,9.08250713348,9.2202911377
704,2,,,,58.75,6,6,16.6462841034,0.00851063802838,907.135803223,173.31918335,192.805007935,9.70503616333,0
705,1,12,151,0.666666686535,1.5,6,,,,,,,8.18868923187,0
705,2,,,,1.5,6,6,14.4396295547,0.0794702023268,1176.18334961,118.393280029,143.173156738,8.13153076172,8.294049263
706,1,12,151,0.666666686535,1.5,2,,,,,,,7.93737459183,0
706,2,,,,1.5,2,2,8.294049263,0.0794702023268,0,80.8115539551,130.804260254,7.69621276855,0
707,1,12,151,0.0264900662005,37.75,4,,,,,,,9.03598690033,8.43381118774
707,2,,,,37.75,4,4,13.8300046921,0.0794702023268,1343.70495605,128.375564575,150.725753784,8.80986309052,9.30565071106
708,1,12,151,0.666666686535,1.5,6,,,,,,,5.29834222794,11.1198825836
708,2,,,,1.5,6,6,13.4386329651,0.0794702023268,638.834228516,160.192504883,162.715057373,8.26873207092,7.42654943466
709,1,12,151,0.0264900662005,37.75,6,,,,,,,8.59415435791,9.03598690033
709,2,,,,37.75,6,6,15.2019052505,0.0794702023268,0,129.216247559,173.536621094,8.18868923187,8.26873207092
710,1,12,151,0.0264900662005,37.75,6,,,,,,,8.11969661713,9.62905025482
710,2,,,,37.75,6,6,14.0914745331,0.0794702023268,1537.01623535,138.407974243,156.722183228,9.40919113159,10.1266307831
711,1,12,151,0.666666686535,1.5,3,,,,,,,7.37775945663,0
711,2,,,,1.5,3,3,14.4088373184,0.0794702023268,0,106.460319519,127.050621033,7.37775945663,9.21034049988
712,1,12,151,0.0264900662005,37.75,1,,,,,,,8.55641365051,6.39693260193
712,2,,,,37.75,1,1,12.7218856812,0.0794702023268,0,106.154945374,127.81338501,6.68461322784,6.68461322784
713,1,12,151,0.666666686535,1.5,3,,,,,,,7.09007740021,9.39266204834
713,2,,,,1.5,3,3,14.5143413544,0.0794702023268,0,102.353355408,158.971328735,8.90923500061,8.38935947418
714,1,12,151,0.666666686535,1.5,4,,,,,,,7.69621276855,0
714,2,,,,1.5,4,4,13.0562238693,0.0794702023268,1154.74121094,106.27684021,120.173606873,8.76405334473,8.85366535187
715,1,12,151,0.666666686535,1.5,2,,,,,,,5.29834222794,0
715,2,,,,1.5,2,2,13.3103351593,0.0794702023268,0,56.7131958008,92.7932510376,5.99147081375,7.60090255737
716,1,12,151,0.666666686535,1.5,5,,,,,,,8.3428401947,10.085808754
716,2,,,,1.5,5,5,11.5540676117,0.0794702023268,0,134.909851074,161.718078613,8.47637081146,0
717,1,6,123,1,1,4,,,,,,,9.5749835968,9.61580562592
717,2,,,,1,4,4,12.5360956192,0.0487804859877,1388.52856445,126.259384155,176.809112549,9.23014259338,9.1377696991
718,1,6,123,1,1,5,,,,,,,8.69951438904,8.00636768341
718,2,,,,1,5,5,13.5457992554,0.0487804859877,0,125.712242126,141.892562866,8.69951438904,9.15904712677
719,1,6,123,1,1,2,,,,,,,8.294049263,7.60090255737
719,2,,,,1,2,2,14.02739048,0.0487804859877,0,106.867156982,142.585983276,8.43381118774,8.9871969223
720,1,6,123,0.0325203239918,30.7500019073,3,,,,,,,0,9.12695884705
720,2,,,,30.7500019073,3,3,15.2534008026,0.0487804859877,0,129.034790039,162.192657471,7.09007740021,8.66561317444
721,1,6,123,0.0325203239918,30.7500019073,6,,,,,,,7.49554204941,10.0301198959
721,2,,,,30.7500019073,6,6,15.5411119461,0.0487804859877,890.957458496,158.888305664,178.807037354,8.59415435791,10.1924190521
722,1,6,123,0.0325203239918,30.7500019073,6,,,,,,,7.09007740021,9.37585449219
722,2,,,,30.7500019073,6,6,15.0493526459,0.0487804859877,1623.69116211,156.672439575,162.111480713,6.68461322784,10.1696901321
723,1,6,123,0.0325203239918,30.7500019073,4,,,,,,,8.47637081146,8.00636768341
723,2,,,,30.7500019073,4,4,14.2229738235,0.0487804859877,1130.16503906,131.960494995,148.92515564,7.93737459183,9.21034049988
724,1,6,123,1,1,8,,,,,,,8.93590354919,5.7037935257
724,2,,,,1,8,8,10.8117456436,0.0487804859877,0,111.17956543,153.917053223,9.16951847076,9.88735771179
725,1,6,123,1,1,1,,,,,,,8.3428401947,0
725,2,,,,1,1,1,12.6977157593,0.0487804859877,0,117.55027771,122.950805664,9.23014259338,10.8317070007
726,1,6,123,1,1,2,,,,,,,7.78322410583,0
726,2,,,,1,2,2,13.9033384323,0.0487804859877,356.412506104,97.2389144897,130.064590454,8.76405334473,0
727,1,5,197,1,1,1,,,,,,,9.64859485626,0
727,2,,,,1,1,1,16.7960605621,0.0253807101399,0,168.662124634,182.613571167,9.96175670624,7.49554204941
728,1,5,197,1,1,1,,,,,,,0,7.09007740021
728,2,,,,1,1,1,19.138671875,0.0253807101399,0,100.732307434,110.610816956,7.78322410583,0
729,1,5,197,1,1,4,,,,,,,7.69621276855,0
729,2,,,,1,4,4,11.2746686935,0.0253807101399,0,100.987358093,111.510025024,8.294049263,0
730,1,5,197,0.0203045681119,49.25,5,,,,,,,8.8818359375,9.54681301117
730,2,,,,49.25,5,5,15.4453392029,0.0253807101399,1239.08764648,157.770553589,175.293151855,9.79255580902,14.6909790039
731,1,5,197,1,1,5,,,,,,,8.18868923187,7.09007740021
731,2,,,,1,5,5,15.3090438843,0.0253807101399,1222.27844238,126.294799805,155.144515991,10.4103050232,10.3797216415
732,1,5,197,1,1,0,,,,,,,6.68461322784,9.40919113159
732,2,,,,1,0,0,14.3592290878,0.0253807101399,0,152.999435425,146.130386353,8.55641365051,9.47270488739
733,1,5,197,0.0203045681119,49.25,2,,,,,,,7.93737459183,8.00636768341
733,2,,,,49.25,2,2,15.96991539,0.0253807101399,1285.87854004,151.71383667,160.582687378,9.0118894577,9.21034049988
734,1,5,197,0.0203045681119,49.25,8,,,,,,,8.82467746735,9.68034362793
734,2,,,,49.25,8,8,15.6436662674,0.0253807101399,0,141.492141724,180.310882568,10.0078477859,7.37775945663
735,1,5,197,0.0203045681119,49.25,5,,,,,,,9.21034049988,10.8597679138
735,2,,,,49.25,5,5,16.7890720367,0.0253807101399,1797.59387207,191.958267212,189.827651978,8.00636768341,9.40919113159
736,1,9,201,0.888888895512,1.125,4,,,,,,,9.19013786316,8.82467746735
736,2,,,,1.125,4,4,13.9440793991,0.0447761192918,914.095275879,131.581741333,155.02331543,7.60090255737,9.26860904694
737,1,9,201,0.0199004970491,50.25,6,,,,,,,9.02401065826,0
737,2,,,,50.25,6,6,11.787522316,0.0447761192918,1258.13293457,108.172775269,122.828407288,8.0709066391,0
738,1,9,201,0.888888895512,1.125,6,,,,,,,8.49699020386,8.0709066391
738,2,,,,1.125,6,6,14.1285676956,0.0447761192918,1399.0736084,121.589851379,148.549621582,8.18868923187,8.47637081146
739,1,9,201,0.888888895512,1.125,1,,,,,,,8.0709066391,8.294049263
739,2,,,,1.125,1,1,11.0995292664,0.0447761192918,0,115.444244385,116.895095825,8.90923500061,8.294049263
740,1,9,201,0.888888895512,1.125,6,,,,,,,7.09007740021,9.5749835968
740,2,,,,1.125,6,6,12.9612550735,0.0447761192918,0,128.765487671,140.620864868,8.63052177429,8.85366535187
741,1,9,201,0.0199004970491,50.25,4,,,,,,,10.3859138489,0
741,2,,,,50.25,4,4,13.0825824738,0.0447761192918,590.454467773,147.011230469,151.402252197,8.76405334473,0
742,1,9,201,0.888888895512,1.125,3,,,,,,,7.49554204941,8.94897556305
742,2,,,,1.125,3,3,17.4661426544,0.0447761192918,1438.98620605,186.824325562,148.279937744,8.51719284058,8.97461795807
743,1,9,201,0.888888895512,1.125,2,,,,,,,7.09007740021,8.85366535187
743,2,,,,1.125,2,2,13.3616952896,0.0447761192918,0,107.8360672,139.53855896,6.39693260193,8.00636768341
744,1,9,201,0.888888895512,1.125,4,,,,,,,8.89562988281,7.78322410583
744,2,,,,1.125,4,4,13.8399105072,0.0447761192918,749.233581543,108.702598572,151.718521118,9.90348720551,0
745,1,9,201,0.0199004970491,50.25,4,,,,,,,8.76405334473,7.78322410583
745,2,,,,50.25,4,4,15.3073806763,0.0447761192918,1095.57873535,149.539215088,158.906402588,5.99147081375,7.09007740021
746,1,9,201,0.888888895512,1.125,7,,,,,,,8.0709066391,9.65502643585
746,2,,,,1.125,7,7,15.1476650238,0.0447761192918,1744.31762695,150.59022522,170.101852417,8.63052177429,9.1377696991
747,1,9,201,0.0199004970491,50.25,6,,,,,,,9.68034362793,8.55641365051
747,2,,,,50.25,6,6,17.3471984863,0.0447761192918,956.310302734,178.252090454,175.303115845,7.93737459183,8.38935947418
748,1,3,117,0.0341880358756,29.2499980927,2,,,,,,,8.63052177429,0
748,2,,,,29.2499980927,2,2,14.6606492996,0.0256410259753,1025.96411133,183.962265015,193.804077148,7.86326694489,8.9871969223
749,1,3,117,1,1,6,,,,,,,8.00636768341,12.8992195129
749,2,,,,1,6,6,13.6872406006,0.0256410259753,1190.01660156,172.234085083,191.272003174,7.31322097778,8.94897556305
750,1,3,117,0.0341880358756,29.2499980927,4,,,,,,,5.29834222794,8.66561317444
750,2,,,,29.2499980927,4,4,18.0654468536,0.0256410259753,0,178.040878296,166.724899292,8.73230457306,9.16951847076
751,1,3,117,1,1,7,,,,,,,9.08250713348,0
751,2,,,,1,7,7,12.2224187851,0.0256410259753,0,121.749481201,146.673583984,9.51044464111,0
752,1,3,117,1,1,4,,,,,,,8.51719284058,0
752,2,,,,1,4,4,12.1980400085,0.0256410259753,900.037109375,106.593696594,118.43927002,8.43381118774,0
753,1,3,117,0.0341880358756,29.2499980927,1,,,,,,,7.60090255737,0
753,2,,,,29.2499980927,1,1,14.3411855698,0.0256410259753,575.669311523,104.254364014,130.879302979,0,7.37775945663
754,1,3,117,0.0341880358756,29.2499980927,7,,,,,,,7.49554204941,9.90348720551
754,2,,,,29.2499980927,7,7,13.6052827835,0.0256410259753,0,139.671401978,153.469894409,7.78322410583,0
755,1,3,135,0.666666686535,1.5,4,,,,,,,8.21608829498,8.47637081146
755,2,,,,1.5,4,4,14.4416627884,0.0222222227603,725.893249512,140.677825928,152.726821899,10.6139831543,8.96187877655
756,1,3,135,0.0296296291053,33.75,4,,,,,,,7.17012023926,7.37775945663
756,2,,,,33.75,4,4,13.881485939,0.0222222227603,0,107.733009338,132.252182007,6.68461322784,7.2442278862
757,1,3,135,0.0296296291053,33.75,3,,,,,,,7.82404613495,8.16051864624
757,2,,,,33.75,3,3,13.9400262833,0.0222222227603,1013.03094482,118.213638306,142.412979126,8.47637081146,8.57168102264
758,1,3,135,0.0296296291053,33.75,5,,,,,,,8.8818359375,7.60090255737
758,2,,,,33.75,5,5,14.9436168671,0.0222222227603,725.893249512,157.356079102,137.135055542,7.82404613495,8.294049263
759,1,3,135,0.0296296291053,33.75,4,,,,,,,8.24275684357,7.17012023926
759,2,,,,33.75,4,4,14.2792444229,0.0222222227603,1189.88208008,123.84564209,147.055206299,5.7037935257,9.72913455963
760,1,3,135,0.666666686535,1.5,6,,,,,,,9.10497951508,9.77565383911
760,2,,,,1.5,6,6,14.0338420868,0.0222222227603,0,145.173110962,162.397781372,8.18868923187,7.17012023926
761,1,20,175,0.40000000596,2.5,4,,,,,,,7.2442278862,7.53902721405
761,2,,,,2.5,4,4,13.6968393326,0.114285714924,658.39276123,123.609947205,131.192245483,9.10497951508,8.00636768341
762,1,20,175,0.40000000596,2.5,8,,,,,,,9.41735458374,9.68034362793
762,2,,,,2.5,8,8,14.3158006668,0.114285714924,0,167.554336548,163.737426758,7.37775945663,9.21034049988
763,1,20,175,0.0228571426123,43.75,5,,,,,,,8.3428401947,7.78322410583
763,2,,,,43.75,5,5,14.549200058,0.114285714924,1675.6472168,140.022262573,157.390136719,8.92265796661,8.0709066391
764,1,20,175,0.40000000596,2.5,8,,,,,,,8.83927631378,9.8521938324
764,2,,,,2.5,8,8,13.6061468124,0.114285714924,1206.39355469,141.116119385,156.511367798,9.62905025482,0
765,1,20,175,0.40000000596,2.5,3,,,,,,,0,0
765,2,,,,2.5,3,3,8.61250305176,0.114285714924,0,67.8662872314,102.369529724,9.11602973938,0
766,1,20,175,0.0228571426123,43.75,5,,,,,,,7.93737459183,11.6699295044
766,2,,,,43.75,5,5,13.4685029984,0.114285714924,1154.74121094,139.202285767,175.280319214,9.15904712677,9.43348407745
767,1,20,175,0.40000000596,2.5,2,,,,,,,6.90775632858,6.39693260193
767,2,,,,2.5,2,2,10.5635948181,0.114285714924,907.135803223,87.2984237671,122.354644775,6.39693260193,9.43348407745
768,1,20,175,0.40000000596,2.5,6,,,,,,,10.5023241043,0
768,2,,,,2.5,6,6,14.0561008453,0.114285714924,0,132.861038208,167.957046509,9.08318901062,0
769,1,20,175,0.0228571426123,43.75,5,,,,,,,7.5496096611,8.83927631378
770,1,20,175,0.0228571426123,43.75,4,,,,,,,10.3155975342,9.03598690033
770,2,,,,43.75,4,4,14.2209758759,0.114285714924,1570.06774902,181.611953735,178.990524292,10.0519075394,11.3986358643
771,1,20,175,0.40000000596,2.5,3,,,,,,,5.29834222794,0
771,2,,,,2.5,3,3,14.6779785156,0.114285714924,0,99.603012085,112.73551178,5.29834222794,9.79812717438
772,1,20,175,0.40000000596,2.5,4,,,,,,,0,0
772,2,,,,2.5,4,4,12.8856277466,0.114285714924,0,44.685218811,68.3444824219,9.84161186218,8.0709066391
773,1,2,178,0.0224719103426,44.5,3,,,,,,,8.93590354919,0
773,2,,,,44.5,3,3,14.4451856613,0.0112359551713,725.893249512,147.196182251,139.350723267,8.79482460022,7.56008052826
774,1,2,178,0.0224719103426,44.5,9,,,,,,,10.4487142563,10.6454248428
774,2,,,,44.5,9,9,15.986869812,0.0112359551713,2066.19287109,168.105834961,206.900238037,9.87302875519,8.41183280945
775,1,2,178,1,1,5,,,,,,,8.248005867,0
775,2,,,,1,5,5,10.4399805069,0.0112359551713,0,100.334922791,125.271903992,7.49554204941,7.31322097778
776,1,2,178,0.0224719103426,44.5,8,,,,,,,10.2488489151,10.3089523315
776,2,,,,44.5,8,8,14.0306215286,0.0112359551713,1461.38232422,156.932312012,170.501785278,10.8723707199,10.3089523315
777,1,2,178,1,1,8,,,,,,,10.6261940002,10.49127388
777,2,,,,1,8,8,14.7948141098,0.0112359551713,781.316589355,150.562637329,190.243225098,7.49554204941,8.00636768341
778,1,2,178,0.0224719103426,44.5,5,,,,,,,6.90775632858,7.09007740021
778,2,,,,44.5,5,5,14.5404472351,0.0112359551713,694.01574707,97.2272338867,136.149841309,8.51719284058,7.9655456543
779,1,9,207,0.888888895512,1.125,2,,,,,,,8.43381118774,0
779,2,,,,1.125,2,2,15.3002920151,0.0434782616794,907.135803223,147.281570435,145.355285645,7.2442278862,0
780,1,9,207,0.0193236712366,51.75,9,,,,,,,9.45720005035,13.710149765
780,2,,,,51.75,9,9,19.138671875,0.0434782616794,0,264.236480713,214.828613281,9.32366943359,7.45007991791
781,1,9,207,0.888888895512,1.125,3,,,,,,,8.43381118774,0
781,2,,,,1.125,3,3,10.2399597168,0.0434782616794,439.132415771,83.4269866943,145.937591553,9.30565071106,0
782,1,9,207,0.888888895512,1.125,4,,,,,,,4.60527038574,5.99147081375
782,2,,,,1.125,4,4,11.7084922791,0.0434782616794,0,89.9637756348,105.928199768,7.60090255737,8.9871969223
783,1,9,207,0.888888895512,1.125,3,,,,,,,6.39693260193,8.9871969223
783,2,,,,1.125,3,3,14.9603891373,0.0434782616794,0,156.882415771,141.547119141,7.37775945663,14.5333499908
784,1,9,207,0.888888895512,1.125,3,,,,,,,7.2442278862,8.49699020386
784,2,,,,1.125,3,3,13.9274101257,0.0434782616794,0,130.620544434,138.57093811,9.19013786316,0
785,1,9,207,0.888888895512,1.125,3,,,,,,,9.39266204834,5.99147081375
785,2,,,,1.125,3,3,12.2248945236,0.0434782616794,0,134.203720093,150.193572998,8.8818359375,0
786,1,9,207,0.888888895512,1.125,3,,,,,,,9.80917644501,0
786,2,,,,1.125,3,3,15.602391243,0.0434782616794,0,177.560165405,156.908309937,10.2715969086,7.60090255737
787,1,9,207,0.888888895512,1.125,8,,,,,,,8.59415435791,11.3083581924
787,2,,,,1.125,8,8,14.1476507187,0.0434782616794,725.893249512,174.154602051,171.140182495,9.16951847076,11.6342573166
788,1,9,207,0.0193236712366,51.75,6,,,,,,,8.51719284058,7.40245199203
788,2,,,,51.75,6,6,17.0408210754,0.0434782616794,907.135803223,137.033966064,138.217391968,8.43381118774,8.00636768341
789,1,9,207,0.0193236712366,51.75,3,,,,,,,0,7.37775945663
789,2,,,,51.75,3,3,19.138671875,0.0434782616794,725.893249512,165.420791626,131.013793945,7.82404613495,7.78322410583
790,1,9,207,0.0193236712366,51.75,5,,,,,,,5.99147081375,9.39764976501
790,2,,,,51.75,5,5,14.2304639816,0.0434782616794,0,129.653244019,155.590377808,6.39693260193,6.90775632858
791,1,7,174,1,1,3,,,,,,,7.90100717545,7.31322097778
791,2,,,,1,3,3,12.4439077377,0.0402298867702,1355.33642578,122.856285095,133.930480957,8.61250305176,9.39266204834
792,1,7,174,1,1,3,,,,,,,0,0
792,2,,,,1,3,3,13.02805233,0.0402298867702,0,57.7932014465,68.3444824219,9.03598690033,9.48797225952
793,1,7,174,0.0229885056615,43.5,3,,,,,,,8.43381118774,5.99147081375
793,2,,,,43.5,3,3,13.4461841583,0.0402298867702,0,118.931968689,132.015258789,7.78322410583,6.90775632858
794,1,7,174,0.0229885056615,43.5,5,,,,,,,8.0709066391,8.47637081146
794,2,,,,43.5,5,5,15.2625703812,0.0402298867702,0,158.067977905,148.424545288,7.78322410583,6.68461322784
795,1,7,174,1,1,5,,,,,,,6.90775632858,7.09007740021
795,2,,,,1,5,5,16.8321914673,0.0402298867702,0,138.338150024,138.227340698,5.99147081375,8.51719284058
796,1,7,174,0.0229885056615,43.5,3,,,,,,,8.13153076172,9.5749835968
796,2,,,,43.5,3,3,13.4283761978,0.0402298867702,0,140.770324707,149.156021118,5.99147081375,10.2035923004
797,1,7,174,0.0229885056615,43.5,4,,,,,,,7.49554204941,8.55641365051
797,2,,,,43.5,4,4,16.457201004,0.0402298867702,1073.72912598,167.184188843,157.664459229,9.41735458374,9.61580562592
798,1,7,174,1,1,4,,,,,,,9.70503616333,9.68034362793
798,2,,,,1,4,4,17.3667984009,0.0402298867702,2226.06591797,185.785049438,198.39024353,8.38935947418,9.30565071106
799,1,7,174,1,1,4,,,,,,,5.99147081375,7.60090255737
799,2,,,,1,4,4,12.6410961151,0.0402298867702,570.558044434,117.429763794,128.199478149,8.24275684357,9.77565383911
800,1,7,174,1,1,5,,,,,,,8.93590354919,6.39693260193
800,2,,,,1,5,5,14.0521621704,0.0402298867702,907.135803223,123.847076416,145.790786743,9.68905639648,9.39266204834
801,1,7,174,1,1,5,,,,,,,9.93304634094,9.32366943359
801,2,,,,1,5,5,14.8106126785,0.0402298867702,1377.73303223,161.331878662,174.368133545,9.61580562592,0
802,1,2,199,0.0201005022973,49.75,7,,,,,,,9.67407417297,9.28730106354
802,2,,,,49.75,7,7,14.7569608688,0.0100502511486,1162.01403809,146.166610718,173.21383667,8.79482460022,0
803,1,2,199,0.0201005022973,49.75,8,,,,,,,9.39266204834,11.6653375626
803,2,,,,49.75,8,8,14.7285556793,0.0100502511486,1648.48095703,172.136657715,192.503677368,5.29834222794,10.3155975342
804,1,2,199,1,1,5,,,,,,,8.89562988281,9.61580562592
804,2,,,,1,5,5,15.2087802887,0.0100502511486,1252.36279297,120.537162781,175.128005981,7.86326694489,0
805,1,2,199,0.0201005022973,49.75,4,,,,,,,6.68461322784,12.1117620468
805,2,,,,49.75,4,4,13.093963623,0.0100502511486,0,177.494110107,165.828552246,7.56008052826,6.39693260193
806,1,2,199,0.0201005022973,49.75,4,,,,,,,8.41183280945,0
806,2,,,,49.75,4,4,12.3204717636,0.0100502511486,0,102.137458801,123.487213135,7.69621276855,0
807,1,2,199,1,1,3,,,,,,,7.43838405609,0
807,2,,,,1,3,3,12.2727966309,0.0100502511486,0,88.1012878418,112.811882019,7.09007740021,0
808,1,5,186,1,1,3,,,,,,,7.86326694489,8.3428401947
808,2,,,,1,3,3,13.5911159515,0.0268817208707,658.39276123,132.85798645,133.04006958,6.39693260193,0
809,1,5,186,0.0215053763241,46.5,3,,,,,,,7.93737459183,9.61580562592
809,2,,,,46.5,3,3,13.6359052658,0.0268817208707,471.496643066,106.886070251,153.123840332,9.03598690033,0
810,1,5,186,1,1,5,,,,,,,9.04782104492,7.60090255737
810,2,,,,1,5,5,13.6672430038,0.0268817208707,658.39276123,118.209030151,146.217834473,8.9871969223,9.10497951508
811,1,5,186,1,1,2,,,,,,,0,0
811,2,,,,1,2,2,13.1409893036,0.0268817208707,781.316589355,91.4921188354,94.7919387817,7.09007740021,0
812,1,5,186,1,1,2,,,,,,,8.66561317444,0
812,2,,,,1,2,2,14.7068529129,0.0268817208707,0,132.125488281,148.656997681,9.76422595978,10.0168161392
813,1,5,186,1,1,6,,,,,,,8.13153076172,9.35876083374
813,2,,,,1,6,6,13.4215784073,0.0268817208707,439.132415771,139.461578369,144.173721313,8.43381118774,10.49127388
814,1,5,186,0.0215053763241,46.5,8,,,,,,,9.50300979614,10.8356513977
814,2,,,,46.5,8,8,14.8580465317,0.0268817208707,1293.86706543,178.32975769,176.259857178,8.59415435791,9.61580562592
815,1,5,186,0.0215053763241,46.5,3,,,,,,,8.21608829498,9.87817001343
815,2,,,,46.5,3,3,14.6315832138,0.0268817208707,725.893249512,143.24067688,167.778778076,9.74096870422,9.62905025482
816,1,5,186,0.0215053763241,46.5,4,,,,,,,5.99147081375,9.10497951508
816,2,,,,46.5,4,4,13.8833560944,0.0268817208707,0,117.880661011,147.979858398,7.78322410583,8.43381118774
817,1,5,192,0.0208333339542,48,4,,,,,,,6.39693260193,9.83091640472
817,2,,,,48,4,4,12.6685476303,0.0260416660458,1355.33642578,128.744918823,139.894973755,8.18868923187,7.2442278862
818,1,5,192,0.800000011921,1.25,8,,,,,,,9.62905025482,7.82404613495
818,2,,,,1.25,8,8,15.7235708237,0.0260416660458,725.893249512,172.806915283,171.143386841,9.12695884705,8.18868923187
819,1,5,192,0.0208333339542,48,6,,,,,,,7.78322410583,10.085808754
819,2,,,,48,6,6,14.4395742416,0.0260416660458,525.735107422,154.780456543,169.478652954,8.61250305176,9.90348720551
820,1,5,192,0.800000011921,1.25,2,,,,,,,6.39693260193,0
820,2,,,,1.25,2,2,13.9889593124,0.0260416660458,570.558044434,117.391319275,136.673446655,8.59415435791,8.79482460022
821,1,5,192,0.0208333339542,48,6,,,,,,,7.86326694489,8.94897556305
821,2,,,,48,6,6,13.7040157318,0.0260416660458,971.324707031,111.851425171,147.242034912,7.49554204941,5.99147081375
822,1,5,192,0.800000011921,1.25,6,,,,,,,8.8818359375,6.68461322784
822,2,,,,1.25,6,6,11.2036790848,0.0260416660458,770.973754883,111.461997986,152.117248535,8.3428401947,9.74096870422
823,1,5,192,0.800000011921,1.25,5,,,,,,,8.862200737,10.416311264
823,2,,,,1.25,5,5,12.2894945145,0.0260416660458,1045.78588867,144.529647827,167.124008179,9.75846195221,10.7705879211
824,1,5,192,0.0208333339542,48,6,,,,,,,7.64969301224,9.12695884705
824,2,,,,48,6,6,14.1287145615,0.0260416660458,1331.76245117,137.077667236,150.195724487,7.86326694489,8.26873207092
825,1,14,176,0.571428596973,1.74999988079,2,,,,,,,7.09007740021,0
825,2,,,,1.74999988079,2,2,13.6423473358,0.0795454531908,0,90.909034729,116.338470459,7.5496096611,0
826,1,14,176,0.571428596973,1.74999988079,3,,,,,,,8.90923500061,8.69951438904
826,2,,,,1.74999988079,3,3,12.7977409363,0.0795454531908,0,132.960159302,134.405380249,8.69951438904,7.09007740021
827,1,14,176,0.571428596973,1.74999988079,4,,,,,,,6.80239582062,13.2356920242
827,2,,,,1.74999988079,4,4,13.6541671753,0.0795454531908,0,141.413803101,199.894683838,8.82467746735,0
828,1,14,176,0.0227272734046,44,6,,,,,,,7.93737459183,6.39693260193
828,2,,,,44,6,6,13.201174736,0.0795454531908,0,131.877822876,137.846511841,8.3428401947,8.18868923187
829,1,14,176,0.571428596973,1.74999988079,2,,,,,,,6.90775632858,0
829,2,,,,1.74999988079,2,2,9.69276618958,0.0795454531908,0,81.1941833496,109.923164368,7.09007740021,0
830,1,14,176,0.0227272734046,44,5,,,,,,,8.18868923187,9.03598690033
830,2,,,,44,5,5,15.3311433792,0.0795454531908,1399.0736084,144.064422607,167.117218018,8.94897556305,8.00636768341
831,1,14,176,0.0227272734046,44,3,,,,,,,8.294049263,0
831,2,,,,44,3,3,12.624124527,0.0795454531908,889.11315918,110.824760437,121.44178772,8.53699588776,0
832,1,14,176,0.571428596973,1.74999988079,2,,,,,,,6.39693260193,8.93590354919
832,2,,,,1.74999988079,2,2,12.9761810303,0.0795454531908,570.558044434,135.212844849,143.840896606,8.294049263,9.10052585602
833,1,14,176,0.571428596973,1.74999988079,5,,,,,,,8.69951438904,7.09007740021
833,2,,,,1.74999988079,5,5,13.2374763489,0.0795454531908,0,105.615982056,135.827774048,9.58877658844,0
834,1,14,176,0.571428596973,1.74999988079,1,,,,,,,7.69621276855,0
834,2,,,,1.74999988079,1,1,11.0943746567,0.0795454531908,0,102.5938797,127.486312866,8.38935947418,0
835,1,14,176,0.571428596973,1.74999988079,7,,,,,,,9.71715831757,8.294049263
835,2,,,,1.74999988079,7,7,13.8703775406,0.0795454531908,907.135803223,118.665359497,158.824951172,9.04782104492,6.68461322784
836,1,14,176,0.0227272734046,44,2,,,,,,,5.29834222794,7.09007740021
836,2,,,,44,2,2,12.1248626709,0.0795454531908,0,107.260276794,124.467185974,5.99147081375,0
837,1,2,219,0.0182648394257,54.7500038147,2,,,,,,,7.2442278862,5.99147081375
837,2,,,,54.7500038147,2,2,16.5750007629,0.00913241971284,781.316589355,121.405029297,122.625671387,6.39693260193,0
838,1,2,219,1,1,2,,,,,,,7.60090255737,7.31322097778
838,2,,,,1,2,2,13.3264465332,0.00913241971284,694.01574707,84.7527618408,129.130722046,7.37775945663,0
839,1,2,219,0.0182648394257,54.7500038147,2,,,,,,,8.73230457306,7.60090255737
839,2,,,,54.7500038147,2,2,18.8033103943,0.00913241971284,0,101.178237915,141.434051514,9.16951847076,0
840,1,2,219,1,1,2,,,,,,,6.90775632858,0
840,2,,,,1,2,2,-9.39266204834,0.00913241971284,0,73.2654266357,114.471969604,0,10.0774412155
841,1,2,219,0.0182648394257,54.7500038147,4,,,,,,,8.59415435791,8.10167789459
841,2,,,,54.7500038147,4,4,14.5550165176,0.00913241971284,694.01574707,138.62121582,151.675369263,7.09007740021,8.90923500061
842,1,2,219,0.0182648394257,54.7500038147,3,,,,,,,0,10.4857034683
842,2,,,,54.7500038147,3,3,14.6927099228,0.00913241971284,725.893249512,170.633743286,166.634506226,7.2442278862,9.61580562592
843,1,3,190,0.0210526324809,47.4999961853,4,,,,,,,7.60090255737,7.49554204941
843,2,,,,47.4999961853,4,4,13.9624814987,0.0157894734293,1306.86535645,130.031890869,132.763412476,7.60090255737,9.39266204834
844,1,3,190,1,1,4,,,,,,,6.90775632858,10.0432491302
844,2,,,,1,4,4,12.1205148697,0.0157894734293,1599.66174316,121.462905884,153.873153687,7.78322410583,8.294049263
845,1,3,190,1,1,5,,,,,,,8.00636768341,0
845,2,,,,1,5,5,14.2532491684,0.0157894734293,907.135803223,135.102783203,136.225769043,7.64160490036,5.15129470825
846,1,3,190,0.0210526324809,47.4999961853,3,,,,,,,8.18868923187,7.37775945663
846,2,,,,47.4999961853,3,3,12.9564027786,0.0157894734293,658.39276123,121.48866272,132.036621094,9.05951786041,5.99147081375
847,1,3,190,1,1,4,,,,,,,7.69621276855,0
847,2,,,,1,4,4,11.4912929535,0.0157894734293,0,95.5295181274,106.147575378,9.1377696991,0
848,1,3,190,0.0210526324809,47.4999961853,2,,,,,,,7.86326694489,9.90348720551
848,2,,,,47.4999961853,2,2,14.5160303116,0.0157894734293,0,116.310569763,166.773117065,9.21034049988,0
849,1,3,190,0.0210526324809,47.4999961853,8,,,,,,,9.94750404358,7.37775945663
849,2,,,,47.4999961853,8,8,15.9224939346,0.0157894734293,1135.97009277,156.37322998,171.567245483,10.1886663437,8.82467746735
850,1,46,91,0.173913046718,5.75,3,,,,,,,7.78322410583,9.90348720551
850,2,,,,5.75,3,3,17.7452201843,0.505494534969,513.223571777,201.664825439,155.92640686,8.79482460022,9.03598690033
851,1,46,91,0.0439560450613,22.75,2,,,,,,,7.64969301224,7.90100717545
851,2,,,,22.75,2,2,-9.87302875519,0.505494534969,0,91.9818954468,143.301818848,7.2442278862,0
852,1,46,91,0.173913046718,5.75,2,,,,,,,7.60090255737,0
852,2,,,,5.75,2,2,13.8151102066,0.505494534969,0,114.683013916,127.319023132,7.5496096611,0
853,1,46,91,0.173913046718,5.75,3,,,,,,,7.60090255737,0
853,2,,,,5.75,3,3,14.5793018341,0.505494534969,148.737350464,111.674514771,135.269683838,9.29651832581,12.3013830185
854,1,46,91,0.0439560450613,22.75,4,,,,,,,9.12695884705,0
854,2,,,,22.75,4,4,16.1440162659,0.505494534969,781.316589355,179.6144104,169.817153931,8.294049263,14.2865133286
855,1,46,91,0.173913046718,5.75,1,,,,,,,8.38935947418,0
855,2,,,,5.75,1,1,13.6026887894,0.505494534969,570.558044434,120.97353363,134.157501221,8.55641365051,14.6909790039
856,1,46,91,0.0439560450613,22.75,5,,,,,,,5.29834222794,6.90775632858
856,2,,,,22.75,5,5,9.95227813721,0.505494534969,0,93.5168609619,122.810317993,8.13153076172,8.51719284058
857,1,46,91,0.173913046718,5.75,4,,,,,,,9.05951786041,6.68461322784
857,2,,,,5.75,4,4,14.462228775,0.505494534969,0,137.232223511,151.903900146,7.60090255737,6.90775632858
858,1,46,91,0.0439560450613,22.75,1,,,,,,,7.2442278862,0
858,2,,,,22.75,1,1,15.0992956161,0.505494534969,609.017578125,119.766014099,139.214248657,8.90923500061,0
859,1,46,91,0.173913046718,5.75,1,,,,,,,8.49699020386,7.60090255737
859,2,,,,5.75,1,1,12.9353103638,0.505494534969,0,119.001220703,143.998397827,8.24275684357,9.83091640472
860,1,46,91,0.173913046718,5.75,7,,,,,,,7.2442278862,8.3428401947
860,2,,,,5.75,7,7,14.3035993576,0.505494534969,1206.39355469,125.051811218,148.554077148,6.90775632858,9.90348720551
861,1,46,91,0.173913046718,5.75,4,,,,,,,8.85366535187,8.69951438904
861,2,,,,5.75,4,4,13.3553781509,0.505494534969,870.112182617,98.7510299683,147.470718384,9.32366943359,8.55641365051
862,1,47,51,0.170212760568,5.875,5,,,,,,,6.80239582062,7.37775945663
862,2,,,,5.875,5,5,13.6052827835,0.921568632126,0,99.6594390869,128.981704712,8.45531749725,6.68461322784
863,1,47,51,0.170212760568,5.875,3,,,,,,,7.78322410583,7.60090255737
863,2,,,,5.875,3,3,13.8681030273,0.921568632126,0,134.800994873,132.309051514,9.39266204834,0
864,1,47,51,0.170212760568,5.875,3,,,,,,,0,8.10167789459
865,1,47,51,0.0784313753247,12.75,4,,,,,,,9.14846515656,0
865,2,,,,12.75,4,4,14.3541069031,0.921568632126,0,144.312957764,149.067825317,10.4857034683,8.90923500061
866,1,47,51,0.0784313753247,12.75,3,,,,,,,5.99147081375,8.9871969223
866,2,,,,12.75,3,3,14.4432229996,0.921568632126,1266.64550781,139.328170776,153.066101074,8.294049263,10.6358556747
867,1,47,51,0.170212760568,5.875,1,,,,,,,9.21034049988,0
867,2,,,,5.875,1,1,13.8929347992,0.921568632126,0,120.264923096,148.464889526,7.60090255737,13.5442266464
868,1,47,51,0.170212760568,5.875,3,,,,,,,8.61250305176,8.9871969223
868,2,,,,5.875,3,3,13.434835434,0.921568632126,298.695617676,113.186012268,147.801895142,9.40919113159,0
869,1,47,51,0.0784313753247,12.75,2,,,,,,,0,0
869,2,,,,12.75,2,2,12.514292717,0.921568632126,0,62.1898002625,71.7953720093,0,0
870,1,47,51,0.170212760568,5.875,4,,,,,,,6.68461322784,0
870,2,,,,5.875,4,4,14.3976707458,0.921568632126,0,99.2454299927,117.278076172,8.9871969223,6.90775632858
871,1,47,51,0.170212760568,5.875,5,,,,,,,0,0
871,2,,,,5.875,5,5,15.6770448685,0.921568632126,0,67.9542770386,82.6926574707,8.9871969223,9.24956130981
872,1,47,51,0.170212760568,5.875,5,,,,,,,7.2442278862,8.0709066391
872,2,,,,5.875,5,5,13.5858459473,0.921568632126,770.973754883,111.486289978,134.990341187,7.37775945663,9.05951786041
873,1,47,51,0.0784313753247,12.75,5,,,,,,,7.69621276855,0
873,2,,,,12.75,5,5,14.0715475082,0.921568632126,513.223571777,98.8843002319,130.999710083,7.2442278862,7.78322410583
874,1,34,201,0.0199004970491,50.25,0,,,,,,,7.49554204941,8.8818359375
874,2,,,,50.25,0,0,14.13788414,0.16915422678,0,136.432937622,148.755523682,7.00306606293,10.49127388
875,1,34,201,0.235294118524,4.25,3,,,,,,,8.23482990265,9.39266204834
875,2,,,,4.25,3,3,17.7986736298,0.16915422678,570.558044434,163.35206604,160.344787598,7.93737459183,0
876,1,34,201,0.0199004970491,50.25,0,,,,,,,6.80239582062,0
876,2,,,,50.25,0,0,14.5914354324,0.16915422678,0,126.800437927,152.709579468,7.90100717545,0
877,1,34,201,0.0199004970491,50.25,5,,,,,,,8.03915786743,0
877,2,,,,50.25,5,5,15.5163249969,0.16915422678,0,144.85256958,139.678024292,8.47637081146,0
878,1,34,201,0.0199004970491,50.25,2,,,,,,,6.90775632858,7.60090255737
878,2,,,,50.25,2,2,15.2573814392,0.16915422678,0,120.895172119,150.04888916,7.69621276855,8.9871969223
879,1,34,201,0.235294118524,4.25,3,,,,,,,7.60090255737,0
879,2,,,,4.25,3,3,13.4230604172,0.16915422678,0,106.576332092,131.448135376,5.29834222794,0
880,1,34,201,0.235294118524,4.25,7,,,,,,,8.90923500061,0
880,2,,,,4.25,7,7,14.0648679733,0.16915422678,0,116.020530701,146.91758728,8.8818359375,0
881,1,34,201,0.235294118524,4.25,6,,,,,,,9.11602973938,10.896739006
881,2,,,,4.25,6,6,14.8068342209,0.16915422678,1438.98620605,183.844192505,162.511917114,8.76405334473,9.70503616333
882,1,34,201,0.235294118524,4.25,5,,,,,,,9.35010242462,10.524064064
882,2,,,,4.25,5,5,14.6659603119,0.16915422678,1331.76245117,144.151229858,178.613433838,8.63052177429,8.9871969223
883,1,34,201,0.235294118524,4.25,4,,,,,,,9.35876083374,5.99147081375
883,2,,,,4.25,4,4,14.3469028473,0.16915422678,0,122.715759277,156.878067017,8.3428401947,0
884,1,34,201,0.235294118524,4.25,5,,,,,,,8.55641365051,7.49554204941
884,2,,,,4.25,5,5,13.9757566452,0.16915422678,0,123.999023438,143.915100098,6.68461322784,8.294049263
885,1,34,201,0.235294118524,4.25,2,,,,,,,7.49554204941,13.65350914
885,2,,,,4.25,2,2,13.8264503479,0.16915422678,0,133.909942627,208.956878662,8.18868923187,0
886,1,45,87,0.155555561185,6.42857122421,4,,,,,,,7.86326694489,8.9871969223
886,2,,,,6.42857122421,4,4,13.5114278793,0.517241358757,525.735107422,122.256500244,143.980499268,9.89343738556,14.6909790039
887,1,45,87,0.045977011323,21.75,4,,,,,,,5.99147081375,9.39266204834
887,2,,,,21.75,4,4,16.5076351166,0.517241358757,439.132415771,178.960723877,155.973800659,5.29834222794,9.39266204834
888,1,45,87,0.045977011323,21.75,4,,,,,,,9.64212322235,9.68034362793
888,2,,,,21.75,4,4,14.0352077484,0.517241358757,0,158.364349365,157.531936646,8.8818359375,8.98469352722
889,1,45,87,0.155555561185,6.42857122421,2,,,,,,,5.99147081375,0
889,2,,,,6.42857122421,2,2,14.5106544495,0.517241358757,0,120.34299469,116.927032471,6.90775632858,9.37585449219
890,1,45,87,0.045977011323,21.75,3,,,,,,,6.90775632858,6.39693260193
890,2,,,,21.75,3,3,14.9620876312,0.517241358757,707.165771484,129.910003662,123.184867859,5.29834222794,9.08250713348
891,1,45,87,0.155555561185,6.42857122421,4,,,,,,,8.90923500061,8.47637081146
891,2,,,,6.42857122421,4,4,13.7983646393,0.517241358757,626.434020996,128.595153809,154.35218811,9.78131961823,10.9331073761
892,1,45,87,0.155555561185,6.42857122421,3,,,,,,,8.13153076172,0
892,2,,,,6.42857122421,3,3,15.5984449387,0.517241358757,1095.57873535,144.561508179,151.928787231,8.90923500061,7.09007740021
893,1,45,87,0.045977011323,21.75,4,,,,,,,5.29834222794,0
893,2,,,,21.75,4,4,14.5841360092,0.517241358757,0,109.74697876,108.918548584,8.92265796661,9.90348720551
894,1,45,87,0.155555561185,6.42857122421,4,,,,,,,0,8.51719284058
894,2,,,,6.42857122421,4,4,12.2968273163,0.517241358757,0,89.2148361206,122.995704651,6.55108261108,7.86326694489
895,1,45,87,0.155555561185,6.42857122421,1,,,,,,,9.37585449219,0
895,2,,,,6.42857122421,1,1,14.5074567795,0.517241358757,0,137.075683594,157.071685791,8.9871969223,7.82404613495
896,1,45,87,0.155555561185,6.42857122421,2,,,,,,,0,0
896,2,,,,6.42857122421,2,2,15.312702179,0.517241358757,0,105.834510803,124.095481873,8.13153076172,10.2506170273
897,1,16,163,0.0245398767292,40.75,1,,,,,,,8.76405334473,9.86266517639
897,2,,,,40.75,1,1,15.5021314621,0.098159506917,329.61807251,188.242828369,168.549453735,7.09007740021,8.9871969223
898,1,16,163,0.0245398767292,40.75,4,,,,,,,8.55641365051,8.3428401947
898,2,,,,40.75,4,4,13.5409421921,0.098159506917,0,145.354324341,149.461242676,7.37775945663,5.99147081375
899,1,16,163,0.0245398767292,40.75,5,,,,,,,7.31322097778,0
899,2,,,,40.75,5,5,13.2745695114,0.098159506917,560.037963867,103.835334778,125.490829468,8.85366535187,13.8175086975
900,1,16,163,0.5,2,3,,,,,,,5.99147081375,0
900,2,,,,2,3,3,15.7384443283,0.098159506917,0,81.9258880615,104.842521667,8.294049263,0
901,1,16,163,0.5,2,4,,,,,,,5.29834222794,9.21034049988
901,2,,,,2,4,4,13.9769487381,0.098159506917,0,129.024215698,148.818481445,7.17012023926,7.60090255737
902,1,16,163,0.5,2,6,,,,,,,6.90775632858,11.3022041321
902,2,,,,2,6,6,13.0127716064,0.098159506917,0,183.83265686,170.210754395,10.49127388,10.4042625427
903,1,16,163,0.0245398767292,40.75,6,,,,,,,7.37775945663,9.96175670624
903,2,,,,40.75,6,6,15.7013978958,0.098159506917,634.75982666,154.15914917,181.664321899,9.03598690033,14.154835701
904,1,16,163,0.5,2,6,,,,,,,7.60090255737,9.63560771942
904,2,,,,2,6,6,14.3992338181,0.098159506917,0,148.311218262,157.672424316,8.47637081146,9.45720005035
905,1,16,163,0.5,2,3,,,,,,,8.00636768341,9.80366706848
905,2,,,,2,3,3,15.9329223633,0.098159506917,549.089538574,182.34286499,159.414642334,7.69621276855,7.93737459183
906,1,16,163,0.5,2,7,,,,,,,9.14846515656,9.04782104492
906,2,,,,2,7,7,14.2560853958,0.098159506917,1095.57873535,130.510131836,160.909866333,7.2442278862,8.00636768341
907,1,16,163,0.5,2,4,,,,,,,5.99147081375,7.37775945663
907,2,,,,2,4,4,17.4513320923,0.098159506917,486.193389893,160.595870972,131.799041748,8.52912139893,8.69951438904
908,1,16,163,0.5,2,3,,,,,,,8.00636768341,0
908,2,,,,2,3,3,13.4196491241,0.098159506917,0,121.581672668,126.982322693,7.09007740021,0
909,1,24,121,0.333333343267,3,4,,,,,,,8.13153076172,7.86326694489
909,2,,,,3,4,4,13.9725141525,0.198347106576,1189.88208008,117.902816772,147.189025879,7.5496096611,14.6909790039
910,1,24,121,0.0330578498542,30.2500019073,4,,,,,,,5.99147081375,8.85366535187
910,2,,,,30.2500019073,4,4,15.7764215469,0.198347106576,471.496643066,148.353881836,167.138320923,5.63480234146,9.90348720551
911,1,24,121,0.333333343267,3,2,,,,,,,5.29834222794,0
911,2,,,,3,2,2,14.228811264,0.198347106576,0,66.9997177124,102.084068298,9.47270488739,0
912,1,24,121,0.0330578498542,30.2500019073,4,,,,,,,8.63052177429,0
912,2,,,,30.2500019073,4,4,13.2032060623,0.198347106576,0,125.115516663,133.243972778,9.14846515656,9.21034049988
913,1,24,121,0.333333343267,3,3,,,,,,,8.73230457306,0
913,2,,,,3,3,3,15.2426109314,0.198347106576,549.089538574,149.640563965,148.710342407,8.66561317444,9.21034049988
914,1,24,121,0.0330578498542,30.2500019073,7,,,,,,,8.85366535187,8.9871969223
914,2,,,,30.2500019073,7,7,15.2992391586,0.198347106576,1533.89685059,158.317108154,172.046539307,7.69621276855,9.26860904694
915,1,24,121,0.0330578498542,30.2500019073,6,,,,,,,9.10497951508,0
915,2,,,,30.2500019073,6,6,16.2567958832,0.198347106576,439.132415771,170.716400146,154.280685425,6.39693260193,0
916,1,24,121,0.333333343267,3,7,,,,,,,8.294049263,8.294049263
916,2,,,,3,7,7,14.1396207809,0.198347106576,1132.109375,133.882522583,145.59147644,7.93737459183,11.2897815704
917,1,24,121,0.333333343267,3,6,,,,,,,9.53242397308,0
917,2,,,,3,6,6,14.4757213593,0.198347106576,0,128.534057617,159.583175659,7.86326694489,8.294049263
918,1,24,121,0.333333343267,3,1,,,,,,,8.82467746735,0
918,2,,,,3,1,1,14.2925519943,0.198347106576,0,157.051116943,157.414321899,7.49554204941,0
919,1,24,121,0.333333343267,3,3,,,,,,,10.8893041611,6.68461322784
919,2,,,,3,3,3,15.319231987,0.198347106576,1501.53649902,174.496826172,186.979949951,9.39266204834,0
920,1,24,121,0.333333343267,3,4,,,,,,,9.97580814362,0
920,2,,,,3,4,4,14.7587938309,0.198347106576,1095.57873535,151.930953979,168.684234619,8.13153076172,7.37775945663
921,1,52,112,0.153846159577,6.49999952316,3,,,,,,,8.51719284058,9.19013786316
921,2,,,,6.49999952316,3,3,15.5970849991,0.464285701513,1073.72912598,170.318313599,163.896392822,8.38935947418,10.085808754
922,1,52,112,0.153846159577,6.49999952316,2,,,,,,,5.99147081375,0
922,2,,,,6.49999952316,2,2,14.6386327744,0.464285701513,401.581298828,105.052459717,122.908851624,5.99147081375,0
923,1,52,112,0.153846159577,6.49999952316,4,,,,,,,8.76405334473,10.165851593
923,2,,,,6.49999952316,4,4,13.6700220108,0.464285701513,700.661499023,142.297393799,160.042602539,8.73230457306,9.90348720551
924,1,52,112,0.153846159577,6.49999952316,3,,,,,,,9.21034049988,7.09007740021
924,2,,,,6.49999952316,3,3,8.18868923187,0.464285701513,0,107.149940491,144.243164062,7.60090255737,8.24275684357
925,1,52,112,0.0357142873108,27.9999980927,6,,,,,,,8.00636768341,0
925,2,,,,27.9999980927,6,6,13.4395074844,0.464285701513,994.146057129,105.106666565,126.18598175,6.68461322784,0
926,1,52,112,0.0357142873108,27.9999980927,5,,,,,,,8.59415435791,0
926,2,,,,27.9999980927,5,5,14.2545394897,0.464285701513,1025.96411133,114.58971405,146.090820312,8.00636768341,0
927,1,52,112,0.0357142873108,27.9999980927,3,,,,,,,7.69621276855,0
927,2,,,,27.9999980927,3,3,13.882982254,0.464285701513,743.55871582,101.875556946,126.622451782,7.09007740021,7.60090255737
928,1,52,112,0.153846159577,6.49999952316,8,,,,,,,8.47637081146,0
928,2,,,,6.49999952316,8,8,13.5291604996,0.464285701513,0,120.336517334,133.540588379,10.0168161392,6.90775632858
929,1,52,112,0.0357142873108,27.9999980927,9,,,,,,,7.97246599197,8.13739585876
929,2,,,,27.9999980927,9,9,14.5792093277,0.464285701513,737.779846191,150.425827026,131.951171875,9.08250713348,8.93590354919
930,1,52,112,0.153846159577,6.49999952316,6,,,,,,,8.13153076172,8.9871969223
930,2,,,,6.49999952316,6,6,15.2861919403,0.464285701513,439.132415771,135.570648193,167.523147583,5.99147081375,5.7037935257
931,1,52,112,0.153846159577,6.49999952316,4,,,,,,,5.99147081375,12.2572412491
931,2,,,,6.49999952316,4,4,14.5363702774,0.464285701513,1025.96411133,186.038223267,192.347229004,7.09007740021,7.60090255737
932,1,52,112,0.153846159577,6.49999952316,7,,,,,,,8.294049263,9.8521938324
932,2,,,,6.49999952316,7,7,15.0246496201,0.464285701513,889.11315918,148.921127319,174.396286011,6.39693260193,9.42545223236
933,1,19,163,0.0245398767292,40.75,6,,,,,,,10.3920679092,9.71715831757
933,2,,,,40.75,6,6,15.5508403778,0.116564415395,2327.98974609,177.278045654,184.717056274,8.43381118774,9.04782104492
934,1,19,163,0.473684221506,2.11111116409,6,,,,,,,9.5749835968,9.99879741669
934,2,,,,2.11111116409,6,6,15.5344839096,0.116564415395,570.558044434,187.060028076,155.348754883,8.13153076172,0
935,1,19,163,0.473684221506,2.11111116409,8,,,,,,,8.8818359375,9.21034049988
935,2,,,,2.11111116409,8,8,13.7196598053,0.116564415395,0,145.914367676,155.963256836,9.0118894577,10.021270752
936,1,19,163,0.473684221506,2.11111116409,5,,,,,,,8.18868923187,0
936,2,,,,2.11111116409,5,5,13.9583978653,0.116564415395,907.135803223,116.573059082,138.782669067,9.48797225952,13.5962343216
937,1,19,163,0.473684221506,2.11111116409,5,,,,,,,9.51782512665,10.7450551987
937,2,,,,2.11111116409,5,5,15.2883033752,0.116564415395,971.324707031,188.246261597,173.372787476,9.62905025482,10.691945076
938,1,19,163,0.473684221506,2.11111116409,2,,,,,,,8.99961948395,7.49554204941
938,2,,,,2.11111116409,2,2,14.747674942,0.116564415395,971.324707031,140.423675537,155.943389893,8.0709066391,9.21034049988
939,1,19,163,0.473684221506,2.11111116409,2,,,,,,,8.03915786743,0
939,2,,,,2.11111116409,2,2,8.93590354919,0.116564415395,0,82.3966064453,129.767929077,9.68034362793,0
940,1,19,163,0.0245398767292,40.75,5,,,,,,,8.77955722809,9.60238265991
940,2,,,,40.75,5,5,14.8350076675,0.116564415395,700.661499023,165.201049805,159.595352173,9.03598690033,8.61250305176
941,1,19,163,0.473684221506,2.11111116409,2,,,,,,,5.29834222794,8.59415435791
941,2,,,,2.11111116409,2,2,13.8946914673,0.116564415395,570.558044434,109.126548767,141.814880371,7.93737459183,10.4341154099
942,1,19,163,0.473684221506,2.11111116409,3,,,,,,,5.99147081375,0
942,2,,,,2.11111116409,3,3,13.9492540359,0.116564415395,885.394897461,107.860641479,109.092552185,8.64822101593,10.2255706787
943,1,19,163,0.0245398767292,40.75,5,,,,,,,5.99147081375,7.2442278862
943,2,,,,40.75,5,5,15.2238111496,0.116564415395,0,134.625854492,136.71081543,9.88328456879,9.40919113159
944,1,19,163,0.0245398767292,40.75,3,,,,,,,8.3428401947,0
944,2,,,,40.75,3,3,13.9946603775,0.116564415395,570.558044434,115.655761719,135.855484009,8.99961948395,0
945,1,19,163,0.473684221506,2.11111116409,1,,,,,,,8.63052177429,7.37775945663
945,2,,,,2.11111116409,1,1,15.016617775,0.116564415395,999.639282227,147.246170044,152.074111938,7.5496096611,0
946,1,17,124,0.470588237047,2.125,4,,,,,,,8.51719284058,0
946,2,,,,2.125,4,4,15.0051202774,0.137096777558,298.695617676,147.590881348,147.694778442,9.12695884705,13.96393013
947,1,17,124,0.470588237047,2.125,2,,,,,,,8.97461795807,0
947,2,,,,2.125,2,2,16.8664035797,0.137096777558,719.775695801,139.650665283,133.075942993,8.55641365051,10.6680250168
948,1,17,124,0.470588237047,2.125,1,,,,,,,8.69951438904,0
948,2,,,,2.125,1,1,10.919298172,0.137096777558,0,112.286270142,145.528900146,8.38935947418,0
949,1,17,124,0.470588237047,2.125,3,,,,,,,9.23014259338,0
949,2,,,,2.125,3,3,13.903796196,0.137096777558,570.558044434,147.199111938,142.426223755,10.1735143661,11.4295434952
950,1,17,124,0.0322580635548,31,4,,,,,,,8.47637081146,0
950,2,,,,31,4,4,14.3338279724,0.137096777558,609.017578125,112.55620575,149.947128296,8.59415435791,9.21034049988
951,1,17,124,0.470588237047,2.125,6,,,,,,,8.63052177429,8.51719284058
951,2,,,,2.125,6,6,13.9308013916,0.137096777558,0,124.577651978,151.141571045,7.37775945663,8.85366535187
952,1,17,124,0.0322580635548,31,2,,,,,,,0,0
952,2,,,,31,2,2,13.8467187881,0.137096777558,0,67.2881698608,70.4927749634,9.40919113159,8.8818359375
953,1,17,124,0.0322580635548,31,3,,,,,,,9.05951786041,0
953,2,,,,31,3,3,17.609954834,0.137096777558,877.837463379,186.732894897,151.81690979,7.43838405609,13.304684639
954,1,17,124,0.470588237047,2.125,3,,,,,,,8.03915786743,9.23014259338
954,2,,,,2.125,3,3,16.0156078339,0.137096777558,0,177.511566162,148.144927979,8.3428401947,9.0118894577
955,1,17,124,0.470588237047,2.125,5,,,,,,,10.085808754,0
955,2,,,,2.125,5,5,13.5946140289,0.137096777558,401.581298828,137.291061401,158.251296997,8.90923500061,0
956,1,17,124,0.470588237047,2.125,1,,,,,,,8.24275684357,7.09007740021
956,2,,,,2.125,1,1,15.8713760376,0.137096777558,0,143.247650146,158.997283936,9.53358268738,10.6016225815
957,1,17,124,0.0322580635548,31,1,,,,,,,7.2442278862,8.99961948395
957,2,,,,31,1,1,13.9055337906,0.137096777558,609.017578125,116.672569275,147.824050903,6.39693260193,9.23014259338
958,1,11,143,0.0279720276594,35.75,9,,,,,,,9.19013786316,5.7037935257
958,2,,,,35.75,9,9,15.3419141769,0.0769230797887,2066.19287109,153.709442139,164.363174438,8.294049263,14.6909790039
959,1,11,143,0.0279720276594,35.75,2,,,,,,,6.39693260193,0
959,2,,,,35.75,2,2,8.99466896057,0.0769230797887,0,83.8689422607,124.056793213,0,0
960,1,11,143,0.0279720276594,35.75,4,,,,,,,9.98044872284,0
960,2,,,,35.75,4,4,14.0703077316,0.0769230797887,0,150.205245972,156.627182007,8.90923500061,9.48797225952
961,1,11,143,0.727272748947,1.375,6,,,,,,,8.294049263,9.47270488739
961,2,,,,1.375,6,6,14.3838882446,0.0769230797887,999.639282227,133.17048645,161.622894287,9.52515125275,7.69621276855
962,1,11,143,0.727272748947,1.375,4,,,,,,,4.60527038574,0
962,2,,,,1.375,4,4,11.2252435684,0.0769230797887,0,63.8925361633,88.1285018921,8.76405334473,9.68034362793
963,1,11,143,0.0279720276594,35.75,1,,,,,,,7.37775945663,0
963,2,,,,35.75,1,1,13.8315811157,0.0769230797887,743.55871582,77.2924194336,123.727661133,0,8.294049263
964,1,11,143,0.727272748947,1.375,6,,,,,,,9.95227813721,0
964,2,,,,1.375,6,6,17.2244777679,0.0769230797887,0,135.227172852,187.440429688,8.63052177429,8.63052177429
965,1,11,143,0.727272748947,1.375,4,,,,,,,7.60090255737,0
965,2,,,,1.375,4,4,13.6245632172,0.0769230797887,725.165344238,117.257881165,133.172790527,9.15904712677,8.18868923187
966,1,11,143,0.727272748947,1.375,7,,,,,,,8.24275684357,8.18868923187
966,2,,,,1.375,7,7,14.3847932816,0.0769230797887,570.558044434,133.235687256,150.769424438,8.294049263,7.37775945663
967,1,11,143,0.727272748947,1.375,3,,,,,,,7.60090255737,0
967,2,,,,1.375,3,3,13.3264465332,0.0769230797887,609.017578125,82.1613540649,120.975265503,5.29834222794,0
968,1,11,143,0.727272748947,1.375,6,,,,,,,9.68034362793,0
968,2,,,,1.375,6,6,14.5428657532,0.0769230797887,1231.52954102,143.001327515,159.660202026,9.54681301117,9.34136867523
969,1,11,143,0.727272748947,1.375,2,,,,,,,0,0
969,2,,,,1.375,2,2,13.8635387421,0.0769230797887,0,57.2414283752,73.1993026733,6.39693260193,6.90775632858
970,1,31,118,0.258064508438,3.875,5,,,,,,,6.90775632858,8.00636768341
970,2,,,,3.875,5,5,14.92710495,0.262711852789,1062.32958984,147.114624023,143.156005859,8.68270778656,10.5916223526
971,1,31,118,0.258064508438,3.875,5,,,,,,,6.55108261108,7.78322410583
971,2,,,,3.875,5,5,15.13854599,0.262711852789,0,131.91847229,146.944839478,7.37775945663,7.86326694489
972,1,31,118,0.258064508438,3.875,2,,,,,,,7.90100717545,0
972,2,,,,3.875,2,2,9.87302875519,0.262711852789,0,95.0100097656,136.796890259,6.39693260193,9.21034049988
973,1,31,118,0.0254237279296,39.3333358765,3,,,,,,,7.49554204941,0
973,2,,,,39.3333358765,3,3,12.0112733841,0.262711852789,850.00604248,95.4644317627,109.519104004,4.60527038574,0
974,1,31,118,0.258064508438,3.875,6,,,,,,,9.53964424133,8.59415435791
974,2,,,,3.875,6,6,14.2177038193,0.262711852789,1827.42614746,148.163406372,154.896240234,0,9.21034049988
975,1,31,118,0.258064508438,3.875,1,,,,,,,0,0
975,2,,,,3.875,1,1,14.7686347961,0.262711852789,0,99.5323638916,120.104980469,7.31322097778,0
976,1,31,118,0.258064508438,3.875,4,,,,,,,9.39266204834,12.961725235
976,2,,,,3.875,4,4,15.7354869843,0.262711852789,2327.98974609,173.625671387,224.815124512,9.61580562592,9.65502643585
977,1,31,118,0.258064508438,3.875,6,,,,,,,10.8893041611,0
977,2,,,,3.875,6,6,14.8325500488,0.262711852789,1615.80957031,168.844924927,192.5050354,9.08250713348,10.7995758057
978,1,31,118,0.0254237279296,39.3333358765,4,,,,,,,7.2442278862,6.68461322784
978,2,,,,39.3333358765,4,4,14.4927721024,0.262711852789,0,131.761505127,132.187240601,8.16051864624,7.82404613495
979,1,31,118,0.258064508438,3.875,6,,,,,,,9.35010242462,0
979,2,,,,3.875,6,6,14.334066391,0.262711852789,537.671386719,158.163955688,148.520568848,6.68461322784,0
980,1,31,118,0.0254237279296,39.3333358765,5,,,,,,,9.1377696991,8.89562988281
980,2,,,,39.3333358765,5,5,13.2932872772,0.262711852789,0,145.378509521,130.161178589,6.68461322784,8.72583198547
981,1,32,66,0.25,4,7,,,,,,,10.691945076,7.37775945663
981,2,,,,4,7,7,15.4398765564,0.484848499298,0,161.679504395,186.440124512,9.10497951508,8.51719284058
982,1,32,66,0.0606060624123,16.5,5,,,,,,,7.78322410583,0
982,2,,,,16.5,5,5,13.1577301025,0.484848499298,665.865661621,89.6964416504,125.538345337,7.49554204941,0
983,1,32,66,0.25,4,2,,,,,,,7.37775945663,8.00636768341
983,2,,,,4,2,2,13.8214921951,0.484848499298,0,99.1218032837,143.442459106,6.39693260193,9.79255580902
984,1,32,66,0.25,4,3,,,,,,,7.97246599197,0
984,2,,,,4,3,3,14.5692338943,0.484848499298,1438.98620605,125.810844421,139.286148071,7.43838405609,10.2399597168
985,1,32,66,0.25,4,3,,,,,,,6.68461322784,7.09007740021
985,2,,,,4,3,3,13.5594558716,0.484848499298,0,123.910354614,125.037239075,7.93737459183,10.7363967896
986,1,32,66,0.0606060624123,16.5,1,,,,,,,0,0
986,2,,,,16.5,1,1,14.4477396011,0.484848499298,0,112.045768738,128.5103302,7.43838405609,6.80239582062
987,1,32,66,0.25,4,2,,,,,,,7.78322410583,6.80239582062
987,2,,,,4,2,2,13.8238754272,0.484848499298,0,122.810890198,127.956237793,0,6.39693260193
988,1,32,66,0.25,4,4,,,,,,,7.69621276855,9.47654342651
988,2,,,,4,4,4,15.8168144226,0.484848499298,1095.57873535,170.474700928,166.01171875,10.1306228638,6.90775632858
989,1,32,66,0.25,4,4,,,,,,,7.93737459183,10.1961574554
989,2,,,,4,4,4,14.7031545639,0.484848499298,959.362792969,150.144348145,171.104049683,7.82404613495,0
990,1,32,66,0.0606060624123,16.5,1,,,,,,,4.60527038574,0
990,2,,,,16.5,1,1,11.3385725021,0.484848499298,0,57.0529174805,83.9181900024,6.80239582062,9.23014259338
991,1,32,66,0.0606060624123,16.5,3,,,,,,,7.60090255737,9.75266456604
991,2,,,,16.5,3,3,13.6684017181,0.484848499298,1331.76245117,117.58380127,156.52204895,8.76405334473,10.3089523315
992,1,32,66,0.25,4,2,,,,,,,8.13153076172,0
992,2,,,,4,2,2,14.0461463928,0.484848499298,0,136.920806885,129.469223022,8.85366535187,10.8685684204
993,1,48,117,0.166666671634,6,5,,,,,,,8.03915786743,0
993,2,,,,6,5,5,14.9337291718,0.410256415606,658.39276123,144.887329102,126.657295227,6.68461322784,8.69951438904
994,1,48,117,0.166666671634,6,1,,,,,,,9.16951847076,0
994,2,,,,6,1,1,14.6361713409,0.410256415606,0,122.239776611,158.571914673,10.740735054,8.9871969223
995,1,48,117,0.166666671634,6,1,,,,,,,6.90775632858,7.37775945663
995,2,,,,6,1,1,13.8119039536,0.410256415606,0,85.7067718506,132.508453369,8.0709066391,14.6909790039
996,1,48,117,0.166666671634,6,8,,,,,,,8.73230457306,8.66561317444
996,2,,,,6,8,8,16.8289432526,0.410256415606,850.00604248,130.270889282,178.352203369,9.68034362793,7.82404613495
997,1,48,117,0.166666671634,6,7,,,,,,,7.43838405609,8.71604442596
997,2,,,,6,7,7,14.3149518967,0.410256415606,0,114.922325134,150.713302612,7.37775945663,7.78322410583
998,1,48,117,0.0341880358756,29.2499980927,5,,,,,,,10.8197784424,0
998,2,,,,29.2499980927,5,5,15.8881034851,0.410256415606,786.316955566,154.312896729,196.514282227,10.8723707199,8.00636768341
999,1,48,117,0.166666671634,6,3,,,,,,,7.82404613495,0
999,2,,,,6,3,3,16.1314468384,0.410256415606,0,129.81867981,157.440994263,10.8723707199,8.18868923187
1000,1,48,117,0.0341880358756,29.2499980927,5,,,,,,,9.49551963806,8.18868923187
1000,2,,,,29.2499980927,5,5,16.5009460449,0.410256415606,439.132415771,196.012527466,193.223022461,9.86786079407,8.24275684357
1001,1,48,117,0.166666671634,6,2,,,,,,,8.47637081146,9.20028972626
1001,2,,,,6,2,2,13.7669506073,0.410256415606,971.324707031,131.085235596,151.254211426,9.53964424133,8.294049263
1002,1,48,117,0.0341880358756,29.2499980927,7,,,,,,,9.16534328461,7.09007740021
1002,2,,,,29.2499980927,7,7,12.4918527603,0.410256415606,1616.47106934,124.009498596,152.596191406,9.53242397308,0
1003,1,48,117,0.166666671634,6,3,,,,,,,9.23014259338,8.00636768341
1003,2,,,,6,3,3,19.1208782196,0.410256415606,971.324707031,133.393386841,153.079391479,9.74096870422,11.8174648285
1004,1,48,117,0.0341880358756,29.2499980927,6,,,,,,,10.3320178986,0
1004,2,,,,29.2499980927,6,6,12.7343454361,0.410256415606,0,144.686080933,165.053131104,9.10497951508,7.60090255737
1005,1,40,162,0.20000000298,5,5,,,,,,,8.76405334473,0
1005,2,,,,5,5,5,15.2558670044,0.246913582087,0,117.570617676,164.766372681,10.8723707199,7.78322410583
1006,1,40,162,0.0246913582087,40.5,1,,,,,,,5.99147081375,8.10167789459
1006,2,,,,40.5,1,1,15.0618534088,0.246913582087,0,148.581787109,136.700317383,8.73230457306,9.64471721649
1007,1,40,162,0.20000000298,5,5,,,,,,,7.76641702652,6.21461200714
1007,2,,,,5,5,5,13.9422311783,0.246913582087,97.6709442139,112.365180969,131.920410156,8.43381118774,8.29853916168
1008,1,40,162,0.20000000298,5,5,,,,,,,8.13153076172,6.90775632858
1008,2,,,,5,5,5,14.0746383667,0.246913582087,0,110.962104797,140.392089844,6.90775632858,10.2955293655
1009,1,40,162,0.20000000298,5,6,,,,,,,8.51719284058,0
1009,2,,,,5,6,6,14.3829813004,0.246913582087,0,136.947265625,140.300247192,7.5496096611,9.48797225952
1010,1,40,162,0.0246913582087,40.5,3,,,,,,,6.90775632858,7.09007740021
1010,2,,,,40.5,3,3,14.7250585556,0.246913582087,0,117.025733948,136.293106079,9.34136867523,8.9871969223
1011,1,40,162,0.20000000298,5,5,,,,,,,9.37585449219,8.0709066391
1012,1,40,162,0.0246913582087,40.5,7,,,,,,,7.69621276855,8.55641365051
1012,2,,,,40.5,7,7,14.3224487305,0.246913582087,700.661499023,113.221389771,152.280944824,5.7037935257,7.09007740021
1013,1,40,162,0.0246913582087,40.5,5,,,,,,,9.54681301117,0
1013,2,,,,40.5,5,5,17.9733219147,0.246913582087,1025.96411133,170.71812439,188.83757019,9.40919113159,8.18868923187
1014,1,40,162,0.20000000298,5,5,,,,,,,8.00636768341,11.7752895355
1014,2,,,,5,5,5,16.1681804657,0.246913582087,1189.88208008,194.228027344,212.981460571,8.76405334473,9.92329025269
1015,1,40,162,0.20000000298,5,7,,,,,,,9.60911655426,0
1015,2,,,,5,7,7,14.7299594879,0.246913582087,0,164.685882568,162.23374939,9.84161186218,7.60090255737
1016,1,40,162,0.20000000298,5,8,,,,,,,8.13153076172,8.82467746735
1016,2,,,,5,8,8,14.6144571304,0.246913582087,1189.88208008,148.256362915,156.590499878,6.68461322784,8.63052177429
1017,1,26,83,0.048192769289,20.75,6,,,,,,,8.79482460022,9.21034049988
1017,2,,,,20.75,6,6,14.4916133881,0.31325301528,1429.32714844,133.959701538,160.728378296,9.30565071106,7.37775945663
1018,1,26,83,0.307692319155,3.24999976158,9,,,,,,,9.27799892426,8.69951438904
1018,2,,,,3.24999976158,9,9,15.7370691299,0.31325301528,1853.17700195,166.79737854,172.309448242,9.03836536407,7.2442278862
1019,1,26,83,0.307692319155,3.24999976158,3,,,,,,,7.82404613495,0
1019,2,,,,3.24999976158,3,3,12.889169693,0.31325301528,580.686584473,110.8383255,115.352264404,9.24956130981,6.68461322784
1020,1,26,83,0.307692319155,3.24999976158,2,,,,,,,7.2442278862,0
1020,2,,,,3.24999976158,2,2,14.5964851379,0.31325301528,0,132.67616272,125.526443481,9.52515125275,10.5865840912
1021,1,26,83,0.048192769289,20.75,1,,,,,,,7.2442278862,10.5347595215
1021,2,,,,20.75,1,1,15.3927555084,0.31325301528,1818.56103516,154.123260498,183.717163086,5.99147081375,0
1022,1,26,83,0.307692319155,3.24999976158,3,,,,,,,9.32366943359,8.28399944305
1022,2,,,,3.24999976158,3,3,15.2657699585,0.31325301528,971.324707031,156.057296753,166.571762085,9.96175670624,0
1023,1,26,83,0.307692319155,3.24999976158,5,,,,,,,9.79812717438,13.710149765
1023,2,,,,3.24999976158,5,5,13.4812955856,0.31325301528,694.01574707,175.201385498,199.198867798,9.87817001343,6.90775632858
1024,1,26,83,0.048192769289,20.75,4,,,,,,,7.84776258469,9.23989963531
1024,2,,,,20.75,4,4,14.0187778473,0.31325301528,754.80871582,127.527458191,151.265380859,8.3428401947,8.294049263
1025,1,26,83,0.048192769289,20.75,4,,,,,,,7.37775945663,0
1025,2,,,,20.75,4,4,13.8667736053,0.31325301528,0,96.5789718628,122.744255066,7.09007740021,0
1026,1,26,83,0.307692319155,3.24999976158,6,,,,,,,9.96175670624,0
1026,2,,,,3.24999976158,6,6,16.1507759094,0.31325301528,1388.52856445,143.56199646,183.463180542,9.95227813721,9.21034049988
1027,1,26,83,0.307692319155,3.24999976158,8,,,,,,,8.82467746735,7.49554204941
1027,2,,,,3.24999976158,8,8,10.4341154099,0.31325301528,870.112182617,104.405906677,154.280792236,7.5496096611,0
1028,1,26,83,0.307692319155,3.24999976158,4,,,,,,,9.65502643585,0
1028,2,,,,3.24999976158,4,4,13.6593942642,0.31325301528,356.412506104,138.271224976,149.589599609,10.2681303024,8.294049263
1029,1,23,139,0.347826093435,2.875,7,,,,,,,8.53699588776,8.41183280945
1029,2,,,,2.875,7,7,17.5318698883,0.165467619896,1116.28430176,187.779846191,149.038314819,7.64969301224,8.79482460022
1030,1,23,139,0.347826093435,2.875,9,,,,,,,9.77565383911,11.990401268
1030,2,,,,2.875,9,9,13.8960924149,0.165467619896,828.640380859,148.390167236,187.536254883,8.51719284058,0
1031,1,23,139,0.347826093435,2.875,7,,,,,,,8.43381118774,9.03598690033
1031,2,,,,2.875,7,7,18.6869411469,0.165467619896,1020.84381104,192.4793396,160.432876587,9.10497951508,9.90348720551
1032,1,23,139,0.0287769790739,34.75,6,,,,,,,6.39693260193,10.3734912872
1032,2,,,,34.75,6,6,14.8713407516,0.165467619896,0,162.308242798,173.3618927,7.86326694489,10.2750511169
1033,1,23,139,0.0287769790739,34.75,9,,,,,,,10.1811189651,11.0020999908
1033,2,,,,34.75,9,9,15.7500419617,0.165467619896,725.893249512,183.026947021,199.262695312,9.47270488739,8.79482460022
1034,1,23,139,0.347826093435,2.875,2,,,,,,,7.69621276855,11.6082353592
1034,2,,,,2.875,2,2,15.0778274536,0.165467619896,0,195.956298828,168.981643677,9.03598690033,0
1035,1,23,139,0.347826093435,2.875,4,,,,,,,5.29834222794,11.2279062271
1035,2,,,,2.875,4,4,13.1000766754,0.165467619896,754.80871582,140.244613647,163.94354248,7.60090255737,8.0709066391
1036,1,23,139,0.347826093435,2.875,7,,,,,,,10.3545627594,8.00636768341
1036,2,,,,2.875,7,7,13.5183973312,0.165467619896,1751.36901855,156.698348999,166.094894409,9.36905193329,10.5558128357
1037,1,23,139,0.347826093435,2.875,1,,,,,,,7.69621276855,10.165851593
1037,2,,,,2.875,1,1,15.7843837738,0.165467619896,1324.4395752,186.294708252,152.915817261,9.98966503143,8.69951438904
1038,1,23,139,0.0287769790739,34.75,7,,,,,,,9.14846515656,7.09007740021
1038,2,,,,34.75,7,7,19.138671875,0.165467619896,1885.70910645,193.616424561,161.380645752,10.6065855026,9.48797225952
1039,1,23,139,0.0287769790739,34.75,2,,,,,,,9.54681301117,11.0219020844
1039,2,,,,34.75,2,2,16.8840789795,0.165467619896,471.496643066,213.85307312,184.892044067,9.58877658844,10.1780843735
1040,1,23,139,0.347826093435,2.875,7,,,,,,,8.43381118774,10.8628377914
1040,2,,,,2.875,7,7,13.8649673462,0.165467619896,1040.92590332,161.056777954,165.723983765,8.79482460022,8.51719284058
1041,1,17,174,0.470588237047,2.125,7,,,,,,,8.4029045105,8.3428401947
1041,2,,,,2.125,7,7,12.0731124878,0.0977011471987,1095.57873535,122.182220459,146.577926636,8.85366535187,9.30565071106
1042,1,17,174,0.0229885056615,43.5,6,,,,,,,9.87302875519,8.82467746735
1042,2,,,,43.5,6,6,15.8760499954,0.0977011471987,0,202.073501587,204.536804199,10.8723707199,7.09007740021
1043,1,17,174,0.470588237047,2.125,4,,,,,,,8.47637081146,0
1043,2,,,,2.125,4,4,14.043759346,0.0977011471987,439.132415771,120.314041138,145.264694214,5.99147081375,0
1044,1,17,174,0.470588237047,2.125,4,,,,,,,9.56099700928,0
1044,2,,,,2.125,4,4,15.9347019196,0.0977011471987,828.640380859,177.357009888,140.648391724,8.79482460022,9.76995658875
1045,1,17,174,0.470588237047,2.125,6,,,,,,,8.01168727875,9.99879741669
1045,2,,,,2.125,6,6,14.814081192,0.0977011471987,1163.81201172,167.353286743,161.558349609,7.60090255737,0
1046,1,17,174,0.0229885056615,43.5,4,,,,,,,8.69951438904,9.21034049988
1046,2,,,,43.5,4,4,13.5624227524,0.0977011471987,999.639282227,148.87449646,137.683258057,8.81284332275,8.57546234131
1047,1,17,174,0.0229885056615,43.5,5,,,,,,,10.8893041611,11.0728693008
1047,2,,,,43.5,5,5,15.5416288376,0.0977011471987,2327.98974609,179.548782349,200.979721069,8.45531749725,9.34136867523
1048,1,17,174,0.470588237047,2.125,7,,,,,,,9.56099700928,9.54681301117
1048,2,,,,2.125,7,7,15.3010168076,0.0977011471987,1716.30993652,160.899795532,175.683670044,9.71715831757,8.294049263
1049,1,17,174,0.0229885056615,43.5,5,,,,,,,9.24956130981,0
1049,2,,,,43.5,5,5,14.2565355301,0.0977011471987,0,117.490234375,154.166992188,9.79812717438,10.3089523315
1050,1,17,174,0.470588237047,2.125,4,,,,,,,8.69951438904,8.51719284058
1050,2,,,,2.125,4,4,14.838177681,0.0977011471987,713.535217285,151.547424316,155.358581543,8.24275684357,12.356215477
1051,1,17,174,0.470588237047,2.125,3,,,,,,,8.96187877655,7.09007740021
1051,2,,,,2.125,3,3,12.0287389755,0.0977011471987,0,119.307090759,148.315750122,10.2681303024,9.79812717438
1052,1,17,174,0.470588237047,2.125,2,,,,,,,7.2442278862,0
1052,2,,,,2.125,2,2,12.0329093933,0.0977011471987,0,87.3514175415,104.147003174,8.9871969223,11.678440094
1053,1,5,57,1,1,0,,,,,,,0,0
1053,2,,,,1,0,0,13.3212146759,0.0877192988992,0,48.2412986755,70.4927749634,0,0
1054,1,5,57,0.122807018459,8.14285755157,3,,,,,,,0,0
1054,2,,,,8.14285755157,3,3,12.7188959122,0.0877192988992,439.132415771,106.197425842,115.583778381,7.37775945663,8.8818359375
1055,1,5,57,1,1,4,,,,,,,8.00636768341,8.294049263
1055,2,,,,1,4,4,14.7361116409,0.0877192988992,1355.33642578,142.024475098,149.239639282,7.93737459183,0
1056,1,5,57,0.122807018459,8.14285755157,3,,,,,,,7.43838405609,0
1056,2,,,,8.14285755157,3,3,14.0392942429,0.0877192988992,513.223571777,116.830490112,122.47051239,5.99147081375,0
1057,1,5,57,1,1,4,,,,,,,8.36637020111,8.13153076172
1057,2,,,,1,4,4,14.1116075516,0.0877192988992,1606.45422363,129.74041748,145.256851196,8.0709066391,8.77955722809
1058,1,5,57,1,1,4,,,,,,,7.2442278862,6.39693260193
1059,1,5,57,0.122807018459,8.14285755157,6,,,,,,,6.90775632858,7.2442278862
1059,2,,,,8.14285755157,6,6,14.1640529633,0.0877192988992,0,136.543670654,134.451675415,8.82467746735,9.05951786041
1060,1,5,57,1,1,4,,,,,,,4.60527038574,6.57925319672
1060,2,,,,1,4,4,14.4185142517,0.0877192988992,0,121.753173828,134.094573975,7.60090255737,10.2182979584
1061,1,5,57,0.122807018459,8.14285755157,6,,,,,,,8.38935947418,7.60090255737
1061,2,,,,8.14285755157,6,6,15.7837686539,0.0877192988992,0,140.257553101,160.884475708,8.83927631378,9.47270488739
1062,1,5,57,0.122807018459,8.14285755157,7,,,,,,,7.78322410583,7.78322410583
1062,2,,,,8.14285755157,7,7,14.1795282364,0.0877192988992,1341.34228516,135.159072876,142.163238525,8.51719284058,7.86326694489
1063,1,5,57,0.122807018459,8.14285755157,6,,,,,,,9.8469171524,8.60886001587
1063,2,,,,8.14285755157,6,6,15.125328064,0.0877192988992,1095.57873535,169.075302124,164.56980896,8.8818359375,7.49554204941
1064,1,5,57,0.122807018459,8.14285755157,1,,,,,,,8.13153076172,8.16051864624
1064,2,,,,8.14285755157,1,1,13.5804204941,0.0877192988992,0,100.541954041,137.325042725,9.48797225952,9.08250713348
1065,1,11,185,0.0216216221452,46.25,4,,,,,,,6.39693260193,0
1066,1,11,185,0.0216216221452,46.25,7,,,,,,,9.37585449219,7.09007740021
1066,2,,,,46.25,7,7,13.0337505341,0.0594594590366,870.112182617,132.810745239,162.606231689,8.82467746735,0
1067,1,11,185,0.0216216221452,46.25,3,,,,,,,8.79482460022,0
1067,2,,,,46.25,3,3,13.9784793854,0.0594594590366,0,135.309005737,137.727325439,8.35467433929,9.39266204834
1068,1,11,185,0.0216216221452,46.25,3,,,,,,,7.2442278862,7.37775945663
1068,2,,,,46.25,3,3,11.3326015472,0.0594594590366,1095.57873535,101.74005127,112.694488525,7.09007740021,0
1069,1,11,185,0.727272748947,1.375,2,,,,,,,8.31874275208,6.68461322784
1069,2,,,,1.375,2,2,14.7773866653,0.0594594590366,0,132.047592163,145.465179443,6.39693260193,13.304684639
1070,1,11,185,0.727272748947,1.375,9,,,,,,,9.40919113159,9.16951847076
1070,2,,,,1.375,9,9,15.402223587,0.0594594590366,1725.99279785,171.566482544,166.729476929,9.88328456879,9.0118894577
1071,1,11,185,0.727272748947,1.375,5,,,,,,,7.69621276855,6.80239582062
1071,2,,,,1.375,5,5,14.6113948822,0.0594594590366,1124.27478027,117.493095398,140.51751709,8.66561317444,7.78322410583
1072,1,11,185,0.727272748947,1.375,5,,,,,,,7.09007740021,8.0709066391
1072,2,,,,1.375,5,5,12.4521512985,0.0594594590366,0,119.577377319,111.781982422,9.0118894577,7.60090255737
1073,1,11,185,0.727272748947,1.375,4,,,,,,,8.76405334473,9.79812717438
1073,2,,,,1.375,4,4,11.9130430222,0.0594594590366,0,135.806213379,162.637054443,7.64160490036,5.15129470825
1074,1,11,185,0.727272748947,1.375,5,,,,,,,8.51719284058,13.3999948502
1074,2,,,,1.375,5,5,12.6872634888,0.0594594590366,725.893249512,169.989395142,215.866760254,9.41735458374,10.7363967896
1075,1,11,185,0.727272748947,1.375,7,,,,,,,8.31874275208,0
1075,2,,,,1.375,7,7,16.2746887207,0.0594594590366,1923.82788086,139.693756104,162.535003662,9.94750404358,0
1076,1,11,185,0.727272748947,1.375,8,,,,,,,8.87346839905,0
1076,2,,,,1.375,8,8,15.4905118942,0.0594594590366,1741.7388916,108.425636292,164.028442383,8.96187877655,7.60090255737
1077,1,32,110,0.25,4,6,,,,,,,9.5749835968,8.00636768341
1077,2,,,,4,6,6,12.5439720154,0.290909081697,1331.76245117,139.136230469,150.461975098,9.14846515656,0
1078,1,32,110,0.0363636352122,27.5,2,,,,,,,7.60090255737,0
1078,2,,,,27.5,2,2,-10.2255706787,0.290909081697,0,86.8571243286,122.397132874,8.294049263,0
1079,1,32,110,0.25,4,5,,,,,,,9.12695884705,0
1079,2,,,,4,5,5,13.7301702499,0.290909081697,0,132.314224243,144.541641235,7.86326694489,0
1080,1,32,110,0.0363636352122,27.5,5,,,,,,,9.53242397308,0
1080,2,,,,27.5,5,5,14.1156892776,0.290909081697,471.496643066,132.495651245,157.742858887,8.51719284058,0
1081,1,32,110,0.0363636352122,27.5,2,,,,,,,9.47270488739,11.7597856522
1081,2,,,,27.5,2,2,13.9757566452,0.290909081697,1599.66174316,144.967529297,184.177978516,7.37775945663,0
1082,1,32,110,0.25,4,5,,,,,,,7.09007740021,13.710149765
1082,2,,,,4,5,5,14.7509765625,0.290909081697,1446.57165527,210.415222168,214.828613281,7.2442278862,0
1083,1,32,110,0.25,4,6,,,,,,,9.56099700928,8.24275684357
1083,2,,,,4,6,6,12.9131231308,0.290909081697,885.394897461,126.286560059,143.169937134,9.62905025482,0
1084,1,32,110,0.0363636352122,27.5,2,,,,,,,6.90775632858,8.3428401947
1084,2,,,,27.5,2,2,14.0838565826,0.290909081697,971.324707031,133.535797119,139.395462036,8.38935947418,9.39266204834
1085,1,32,110,0.25,4,5,,,,,,,9.37585449219,10.3734912872
1085,2,,,,4,5,5,13.987528801,0.290909081697,0,140.954559326,168.613372803,9.97114658356,8.89562988281
1086,1,32,110,0.25,4,6,,,,,,,8.76405334473,10.5966348648
1086,2,,,,4,6,6,13.5326118469,0.290909081697,781.316589355,158.898422241,154.416824341,8.69951438904,10.9577999115
1087,1,32,110,0.25,4,5,,,,,,,10.0519075394,8.294049263
1087,2,,,,4,5,5,13.0167808533,0.290909081697,626.434020996,134.640914917,150.520385742,7.60090255737,0
1088,1,32,110,0.25,4,7,,,,,,,9.5956029892,8.69951438904
1088,2,,,,4,7,7,14.9242048264,0.290909081697,0,158.686569214,168.283004761,9.14846515656,10.1811189651
1089,1,25,112,0.319999992847,3.125,4,,,,,,,5.29834222794,5.8861117363
1089,2,,,,3.125,4,4,14.2789926529,0.223214283586,0,96.4415664673,114.802192688,0,7.18538761139
1090,1,25,112,0.319999992847,3.125,3,,,,,,,8.13153076172,6.39693260193
1090,2,,,,3.125,3,3,13.1877765656,0.223214283586,0,114.299850464,126.266273499,7.60090255737,0
1091,1,25,112,0.319999992847,3.125,5,,,,,,,0,0
1091,2,,,,3.125,5,5,13.4562606812,0.223214283586,0,93.2640228271,107.949035645,5.29834222794,0
1092,1,25,112,0.0357142873108,27.9999980927,2,,,,,,,7.60090255737,9.92329025269
1092,2,,,,27.9999980927,2,2,13.8341159821,0.223214283586,1062.32958984,119.730758667,159.089187622,8.96187877655,7.31322097778
1093,1,25,112,0.319999992847,3.125,4,,,,,,,7.00306606293,7.37775945663
1093,2,,,,3.125,4,4,13.6409187317,0.223214283586,471.496643066,108.752212524,131.019927979,8.24275684357,0
1094,1,25,112,0.0357142873108,27.9999980927,3,,,,,,,9.5749835968,0
1094,2,,,,27.9999980927,3,3,15.272356987,0.223214283586,953.232177734,138.254425049,169.116653442,5.99147081375,9.5749835968
1095,1,25,112,0.319999992847,3.125,2,,,,,,,9.84161186218,0
1095,2,,,,3.125,2,2,15.2836618423,0.223214283586,0,166.060333252,165.198791504,8.38935947418,8.294049263
1096,1,25,112,0.0357142873108,27.9999980927,3,,,,,,,8.85366535187,9.05951786041
1096,2,,,,27.9999980927,3,3,13.6625928879,0.223214283586,0,125.433647156,152.981384277,8.77955722809,11.8493976593
1097,1,25,112,0.319999992847,3.125,3,,,,,,,5.99147081375,0
1097,2,,,,3.125,3,3,15.4045009613,0.223214283586,0,139.683731079,157.793411255,7.2442278862,8.00636768341
1098,1,25,112,0.319999992847,3.125,3,,,,,,,7.60090255737,0
1098,2,,,,3.125,3,3,14.2983055115,0.223214283586,1377.73303223,109.375404358,131.048095703,9.23989963531,7.31322097778
1099,1,25,112,0.0357142873108,27.9999980927,2,,,,,,,0,7.37775945663
1099,2,,,,27.9999980927,2,2,15.0828523636,0.223214283586,0,129.300933838,127.180046082,0,6.68461322784
1100,1,25,112,0.319999992847,3.125,3,,,,,,,10.8893041611,10.1811189651
1100,2,,,,3.125,3,3,15.1872491837,0.223214283586,1377.73303223,191.954620361,165.040130615,9.56099700928,10.5966348648
1101,1,19,126,0.421052634716,2.375,4,,,,,,,7.43838405609,0
1101,2,,,,2.375,4,4,12.6313276291,0.150793656707,0,128.35723877,146.706848145,7.09007740021,10.5865840912
1102,1,19,126,0.0317460335791,31.4999980927,4,,,,,,,7.17012023926,0
1102,2,,,,31.4999980927,4,4,11.8218793869,0.150793656707,0,89.7076263428,100.591064453,7.78322410583,0
1103,1,19,126,0.421052634716,2.375,5,,,,,,,9.03598690033,0
1103,2,,,,2.375,5,5,14.5689058304,0.150793656707,0,119.944488525,155.176818848,7.86326694489,9.90348720551
1104,1,19,126,0.421052634716,2.375,9,,,,,,,9.84903144836,9.33255767822
1104,2,,,,2.375,9,9,15.3875360489,0.150793656707,1979.83776855,177.793258667,176.999862671,8.13153076172,8.3428401947
1105,1,19,126,0.421052634716,2.375,1,,,,,,,7.60090255737,0
1105,2,,,,2.375,1,1,13.5157556534,0.150793656707,0,103.326408386,127.294372559,8.03915786743,5.99147081375
1106,1,19,126,0.421052634716,2.375,4,,,,,,,8.13153076172,13.710149765
1106,2,,,,2.375,4,4,16.1635856628,0.150793656707,0,198.304748535,244.6743927,8.24275684357,9.76422595978
1107,1,19,126,0.0317460335791,31.4999980927,4,,,,,,,0,6.57925319672
1107,2,,,,31.4999980927,4,4,13.8385429382,0.150793656707,565.349182129,99.7350769043,127.980934143,7.09007740021,6.68461322784
1108,1,19,126,0.0317460335791,31.4999980927,8,,,,,,,10.4282159805,7.69621276855
1108,2,,,,31.4999980927,8,8,15.640203476,0.150793656707,2327.98974609,177.670715332,182.537658691,9.93304634094,8.63052177429
1109,1,19,126,0.0317460335791,31.4999980927,6,,,,,,,9.64212322235,8.60153484344
1109,2,,,,31.4999980927,6,6,14.4929351807,0.150793656707,1319.48913574,144.950027466,162.28302002,9.19013786316,10.1596794128
1110,1,19,126,0.421052634716,2.375,2,,,,,,,0,8.43381118774
1110,2,,,,2.375,2,2,12.8843603134,0.150793656707,1025.96411133,95.5817184448,129.049453735,7.69621276855,0
1111,1,19,126,0.421052634716,2.375,2,,,,,,,8.74830532074,13.1106958389
1111,2,,,,2.375,2,2,13.7955121994,0.150793656707,0,148.467132568,201.616577148,0,5.99147081375
1112,1,19,126,0.421052634716,2.375,2,,,,,,,10.5023241043,8.79482460022
1112,2,,,,2.375,2,2,11.7312574387,0.150793656707,940.652526855,132.736480713,173.488037109,6.39693260193,8.86785030365
1113,1,19,93,0.421052634716,2.375,7,,,,,,,8.13153076172,0
1113,2,,,,2.375,7,7,14.1881084442,0.204301074147,0,118.987739563,136.426330566,8.3428401947,8.3428401947
1114,1,19,93,0.421052634716,2.375,5,,,,,,,8.63052177429,8.294049263
1114,2,,,,2.375,5,5,11.603679657,0.204301074147,940.652526855,122.001045227,122.879386902,8.93590354919,8.16051864624
1115,1,19,93,0.421052634716,2.375,2,,,,,,,0,8.38935947418
1115,2,,,,2.375,2,2,14.0656461716,0.204301074147,658.39276123,123.195549011,140.071807861,0,7.93737459183
1116,1,19,93,0.0430107526481,23.25,2,,,,,,,7.86326694489,0
1116,2,,,,23.25,2,2,12.7826862335,0.204301074147,439.132415771,113.026855469,116.861030579,6.39693260193,9.80917644501
1117,1,19,93,0.421052634716,2.375,5,,,,,,,7.2442278862,8.16621589661
1117,2,,,,2.375,5,5,14.9845809937,0.204301074147,776.186462402,120.275779724,151.365631104,9.75846195221,14.6909790039
1118,1,19,93,0.421052634716,2.375,2,,,,,,,7.78322410583,7.78322410583
1118,2,,,,2.375,2,2,14.7561426163,0.204301074147,0,112.697967529,146.456588745,7.78322410583,10.1425046921
1119,1,19,93,0.421052634716,2.375,4,,,,,,,6.80239582062,11.097410202
1119,2,,,,2.375,4,4,14.1440944672,0.204301074147,0,167.123947144,171.151565552,6.90775632858,9.26860904694
1120,1,19,93,0.0430107526481,23.25,1,,,,,,,0,7.64969301224
1120,2,,,,23.25,1,1,13.000421524,0.204301074147,0,89.3292236328,119.344810486,6.39693260193,7.86326694489
1121,1,19,93,0.0430107526481,23.25,5,,,,,,,7.60090255737,7.69621276855
1121,2,,,,23.25,5,5,14.2040328979,0.204301074147,930.922363281,121.035835266,140.512466431,9.39266204834,8.79482460022
1122,1,19,93,0.421052634716,2.375,3,,,,,,,7.60090255737,8.85366535187
1122,2,,,,2.375,3,3,13.6079940796,0.204301074147,0,103.950187683,144.704681396,8.79482460022,8.16051864624
1123,1,19,93,0.421052634716,2.375,6,,,,,,,9.75266456604,0
1123,2,,,,2.375,6,6,14.457154274,0.204301074147,0,122.462501526,162.548950195,9.03598690033,9.76995658875
1124,1,19,93,0.0430107526481,23.25,3,,,,,,,6.68461322784,8.73230457306
1124,2,,,,23.25,3,3,14.1851415634,0.204301074147,0,133.440505981,142.831176758,6.90775632858,8.8818359375
1125,1,19,113,0.421052634716,2.375,6,,,,,,,7.69621276855,0
1125,2,,,,2.375,6,6,12.0815410614,0.168141588569,0,115.481277466,144.047393799,7.37775945663,12.7367010117
1126,1,19,113,0.421052634716,2.375,3,,,,,,,0,8.38935947418
1126,2,,,,2.375,3,3,18.4226169586,0.168141588569,0,171.60256958,136.198638916,8.85366535187,9.90348720551
1127,1,19,113,0.421052634716,2.375,6,,,,,,,10.6478033066,0
1127,2,,,,2.375,6,6,11.5221624374,0.168141588569,1454.96032715,140.496826172,200.856628418,9.46885108948,0
1128,1,19,113,0.0353982299566,28.25,3,,,,,,,0,9.92329025269
1128,2,,,,28.25,3,3,14.5264978409,0.168141588569,1055.32580566,134.122116089,165.107879639,7.09007740021,10.5023241043
1129,1,19,113,0.421052634716,2.375,5,,,,,,,9.30565071106,7.37775945663
1129,2,,,,2.375,5,5,15.3164272308,0.168141588569,1615.80957031,152.087615967,172.386703491,9.21034049988,7.60090255737
1130,1,19,113,0.421052634716,2.375,4,,,,,,,7.09007740021,9.21034049988
1130,2,,,,2.375,4,4,15.3046770096,0.168141588569,0,152.721450806,163.67678833,9.40919113159,10.4222812653
1131,1,19,113,0.0353982299566,28.25,2,,,,,,,7.60090255737,10.5050678253
1131,2,,,,28.25,2,2,14.6875572205,0.168141588569,0,165.471008301,174.537475586,7.64969301224,8.8818359375
1132,1,19,113,0.421052634716,2.375,2,,,,,,,4.60527038574,8.51719284058
1132,2,,,,2.375,2,2,9.98506736755,0.168141588569,0,85.3581848145,162.715515137,7.86326694489,8.51719284058
1133,1,19,113,0.421052634716,2.375,4,,,,,,,7.2442278862,8.93590354919
1133,2,,,,2.375,4,4,9.69276618958,0.168141588569,580.686584473,92.3452835083,146.651550293,8.38935947418,9.79812717438
1134,1,19,113,0.0353982299566,28.25,4,,,,,,,8.00636768341,7.78322410583
1134,2,,,,28.25,4,4,19.138671875,0.168141588569,0,193.038497925,173.082397461,8.38935947418,8.294049263
1135,1,19,113,0.421052634716,2.375,4,,,,,,,5.99147081375,0
1135,2,,,,2.375,4,4,16.7268714905,0.168141588569,617.859069824,147.098327637,163.321334839,7.37775945663,0
1136,1,19,113,0.0353982299566,28.25,4,,,,,,,8.13153076172,9.21034049988
1136,2,,,,28.25,4,4,14.5246295929,0.168141588569,0,163.483291626,157.437164307,9.32366943359,8.69951438904
1137,1,38,133,0.210526317358,4.75,4,,,,,,,9.42545223236,10.8197784424
1137,2,,,,4.75,4,4,14.6967954636,0.285714298487,1013.03094482,160.242706299,182.535995483,9.03598690033,6.55108261108
1138,1,38,133,0.0300751887262,33.25,3,,,,,,,7.60090255737,0
1138,2,,,,33.25,3,3,12.9842500687,0.285714298487,0,92.3763122559,116.994995117,7.82404613495,6.68461322784
1139,1,38,133,0.0300751887262,33.25,5,,,,,,,8.79482460022,10.1503477097
1139,2,,,,33.25,5,5,15.2735671997,0.285714298487,0,169.554351807,180.809234619,7.2442278862,9.51044464111
1140,1,38,133,0.210526317358,4.75,4,,,,,,,6.90775632858,0
1140,2,,,,4.75,4,4,14.770945549,0.285714298487,1189.88208008,138.193130493,137.49949646,9.40919113159,10.2399597168
1141,1,38,133,0.210526317358,4.75,2,,,,,,,5.99147081375,8.00636768341
1141,2,,,,4.75,2,2,12.468421936,0.285714298487,0,102.962440491,119.178649902,7.09007740021,10.0982313156
1142,1,38,133,0.210526317358,4.75,4,,,,,,,5.29834222794,0
1142,2,,,,4.75,4,4,13.3751430511,0.285714298487,971.324707031,74.8413772583,108.348861694,8.47637081146,7.93737459183
1143,1,38,133,0.210526317358,4.75,3,,,,,,,9.39266204834,0
1143,2,,,,4.75,3,3,14.2662038803,0.285714298487,1285.87854004,126.766525269,154.7159729,8.38935947418,0
1144,1,38,133,0.210526317358,4.75,6,,,,,,,9.48797225952,9.8521938324
1144,2,,,,4.75,6,6,13.5560922623,0.285714298487,850.00604248,156.156906128,153.264007568,9.54681301117,11.5028753281
1145,1,38,133,0.0300751887262,33.25,3,,,,,,,0,0
1145,2,,,,33.25,3,3,14.0817136765,0.285714298487,0,132.718841553,143.905426025,0,6.39693260193
1146,1,38,133,0.210526317358,4.75,10,,,,,,,9.53242397308,10.3797216415
1146,2,,,,4.75,10,10,12.721288681,0.285714298487,1370.02001953,150.621658325,169.989395142,6.39693260193,9.12695884705
1147,1,38,133,0.0300751887262,33.25,9,,,,,,,9.5749835968,6.39693260193
1147,2,,,,33.25,9,9,17.1338481903,0.285714298487,1509.83374023,179.044403076,185.320388794,9.16951847076,8.93590354919
1148,1,38,133,0.210526317358,4.75,7,,,,,,,8.96187877655,8.51719284058
1148,2,,,,4.75,7,7,13.5129175186,0.285714298487,1359.90576172,119.665672302,144.339141846,7.93737459183,7.93737459183
1149,1,3,150,1,1,4,,,,,,,8.68270778656,0
1150,1,3,150,1,1,5,,,,,,,7.86326694489,0
1150,2,,,,1,5,5,14.0881299973,0.019999999553,920.921508789,129.263870239,136.273529053,7.86326694489,7.09007740021
1151,1,3,150,0.0266666673124,37.5,4,,,,,,,8.51719284058,0
1151,2,,,,37.5,4,4,15.307559967,0.019999999553,513.223571777,129.692703247,156.19871521,8.83927631378,0
1152,1,3,150,0.0266666673124,37.5,1,,,,,,,0,7.8320145607
1152,2,,,,37.5,1,1,9.60238265991,0.019999999553,439.132415771,89.840385437,130.750244141,5.99147081375,9.21034049988
1153,1,3,150,0.0266666673124,37.5,8,,,,,,,5.99147081375,10.49127388
1153,2,,,,37.5,8,8,14.3640947342,0.019999999553,0,162.62310791,166.570419312,9.97114658356,8.9871969223
1154,1,3,150,0.0266666673124,37.5,1,,,,,,,8.0709066391,8.9871969223
1154,2,,,,37.5,1,1,14.9173173904,0.019999999553,0,160.734725952,145.828704834,5.99147081375,9.89343738556
1155,1,3,150,1,1,7,,,,,,,8.59415435791,10.6735954285
1155,2,,,,1,7,7,14.9838972092,0.019999999553,486.193389893,149.104492188,183.339736938,9.23014259338,8.85366535187
1156,1,17,67,0.0597014911473,16.75,4,,,,,,,0,5.29834222794
1156,2,,,,16.75,4,4,14.0118989944,0.25373134017,570.558044434,70.9980621338,94.7281494141,7.2442278862,0
1157,1,17,67,0.470588237047,2.125,4,,,,,,,8.43381118774,0
1157,2,,,,2.125,4,4,13.862203598,0.25373134017,0,114.325508118,141.115402222,7.02108478546,0
1158,1,17,67,0.470588237047,2.125,3,,,,,,,5.29834222794,0
1158,2,,,,2.125,3,3,13.603553772,0.25373134017,215.080154419,103.435241699,115.211967468,8.0709066391,7.60090255737
1159,1,17,67,0.470588237047,2.125,1,,,,,,,0,0
1159,2,,,,2.125,1,1,14.0458278656,0.25373134017,401.581298828,66.9320831299,73.1993026733,8.18868923187,10.085808754
1160,1,17,67,0.0597014911473,16.75,2,,,,,,,5.29834222794,0
1160,2,,,,16.75,2,2,14.5352993011,0.25373134017,0,85.9708480835,115.453727722,8.76405334473,8.294049263
1161,1,17,67,0.470588237047,2.125,2,,,,,,,6.39693260193,7.2442278862
1161,2,,,,2.125,2,2,12.8262729645,0.25373134017,513.223571777,120.072174072,126.228897095,7.60090255737,8.294049263
1162,1,17,67,0.0597014911473,16.75,5,,,,,,,8.00636768341,0
1162,2,,,,16.75,5,5,14.3298301697,0.25373134017,525.735107422,106.687843323,138.67515564,7.60090255737,7.46164083481
1163,1,17,67,0.0597014911473,16.75,1,,,,,,,0,0
1163,2,,,,16.75,1,1,12.0951414108,0.25373134017,0,72.8663864136,85.7130203247,6.39693260193,9.34136867523
1164,1,17,67,0.470588237047,2.125,8,,,,,,,8.18868923187,8.43381118774
1164,2,,,,2.125,8,8,8.10167789459,0.25373134017,0,113.298942566,146.628204346,8.3428401947,0
1165,1,17,67,0.470588237047,2.125,4,,,,,,,0,10.0168161392
1165,2,,,,2.125,4,4,13.4496507645,0.25373134017,0,129.281204224,153.121459961,8.00636768341,0
1166,1,17,67,0.470588237047,2.125,2,,,,,,,6.39693260193,0
1166,2,,,,2.125,2,2,10.8874368668,0.25373134017,525.735107422,84.4140396118,109.453102112,6.90775632858,0
1167,1,17,67,0.470588237047,2.125,6,,,,,,,9.42545223236,8.85366535187
1167,2,,,,2.125,6,6,14.2041683197,0.25373134017,1823.01220703,152.499069214,152.595046997,8.55641365051,9.60238265991
1168,1,35,149,0.0335570462048,29.8000011444,3,,,,,,,0,9.21034049988
1168,2,,,,29.8000011444,3,3,15.9912843704,0.234899327159,0,147.533721924,175.866104126,7.69621276855,10.0432491302
1169,1,35,149,0.20000000298,5,3,,,,,,,6.90775632858,0
1169,2,,,,5,3,3,12.5389671326,0.234899327159,0,94.4666671753,102.24760437,8.3428401947,0
1170,1,35,149,0.0335570462048,29.8000011444,4,,,,,,,8.38935947418,9.61580562592
1170,2,,,,29.8000011444,4,4,14.631228447,0.234899327159,0,144.903610229,165.032531738,9.54681301117,7.93737459183
1171,1,35,149,0.0335570462048,29.8000011444,5,,,,,,,7.86326694489,0
1171,2,,,,29.8000011444,5,5,14.5645656586,0.234899327159,828.640380859,94.4482498169,136.924285889,8.76405334473,12.9111480713
1172,1,35,149,0.20000000298,5,4,,,,,,,9.21034049988,7.49554204941
1172,2,,,,5,4,4,14.3422489166,0.234899327159,0,118.938232422,155.768859863,8.3428401947,8.96187877655
1173,1,35,149,0.0335570462048,29.8000011444,4,,,,,,,8.63052177429,7.78322410583
1173,2,,,,29.8000011444,4,4,14.6293258667,0.234899327159,0,127.288352966,152.171615601,7.78986883163,0
1174,1,35,149,0.20000000298,5,5,,,,,,,7.86326694489,9.50300979614
1174,2,,,,5,5,5,15.4435758591,0.234899327159,475.253875732,167.603515625,162.43006897,7.93737459183,9.21034049988
1175,1,35,149,0.20000000298,5,5,,,,,,,8.15478801727,7.60090255737
1175,2,,,,5,5,5,15.2255210876,0.234899327159,1509.83374023,123.441741943,155.959106445,9.62244987488,8.38935947418
1176,1,35,149,0.20000000298,5,6,,,,,,,9.35876083374,8.0709066391
1176,2,,,,5,6,6,13.2411594391,0.234899327159,461.448242188,129.859893799,145.521896362,10.6164369583,8.79482460022
1177,1,35,149,0.0335570462048,29.8000011444,7,,,,,,,9.12695884705,0
1177,2,,,,29.8000011444,7,7,13.4991550446,0.234899327159,0,131.308380127,137.155517578,9.23014259338,9.41735458374
1178,1,35,149,0.20000000298,5,8,,,,,,,8.96187877655,8.3428401947
1178,2,,,,5,8,8,15.5747127533,0.234899327159,2327.98974609,154.876647949,173.362731934,8.47637081146,9.40919113159
1179,1,35,149,0.20000000298,5,2,,,,,,,7.09007740021,0
1179,2,,,,5,2,2,14.4327478409,0.234899327159,0,116.601791382,127.045730591,9.03598690033,8.77955722809
1180,1,21,114,0.380952388048,2.625,7,,,,,,,8.3428401947,0
1180,2,,,,2.625,7,7,13.9697742462,0.184210523963,828.640380859,111.275352478,137.835220337,7.93737459183,7.09007740021
1181,1,21,114,0.0350877195597,28.5,3,,,,,,,7.74066448212,8.36637020111
1181,2,,,,28.5,3,3,13.2413902283,0.184210523963,0,137.243896484,144.03755188,7.37775945663,8.41183280945
1182,1,21,114,0.380952388048,2.625,4,,,,,,,5.7037935257,0
1182,2,,,,2.625,4,4,-5.99147081375,0.184210523963,0,65.1734466553,105.817970276,5.99147081375,0
1183,1,21,114,0.0350877195597,28.5,2,,,,,,,8.8818359375,9.21034049988
1183,2,,,,28.5,2,2,14.8281259537,0.184210523963,471.496643066,164.207275391,165.690704346,7.43838405609,10.6501750946
1184,1,21,114,0.0350877195597,28.5,5,,,,,,,9.10497951508,8.03915786743
1184,2,,,,28.5,5,5,14.5618667603,0.184210523963,0,123.686897278,158.384689331,9.30565071106,8.69951438904
1185,1,21,114,0.380952388048,2.625,7,,,,,,,6.39693260193,9.12695884705
1185,2,,,,2.625,7,7,15.9108009338,0.184210523963,0,125.68674469,151.695617676,5.7037935257,0
1186,1,21,114,0.0350877195597,28.5,4,,,,,,,5.99147081375,7.93737459183
1186,2,,,,28.5,4,4,9.79255580902,0.184210523963,985.751647949,90.0956420898,133.606750488,8.85366535187,0
1187,1,21,114,0.380952388048,2.625,4,,,,,,,8.3428401947,7.17012023926
1187,2,,,,2.625,4,4,14.0537395477,0.184210523963,0,147.002990723,144.757537842,8.10167789459,8.79482460022
1188,1,21,114,0.380952388048,2.625,5,,,,,,,8.43381118774,0
1188,2,,,,2.625,5,5,15.2889909744,0.184210523963,0,129.68963623,154.704772949,9.12695884705,14.6909790039
1189,1,21,114,0.380952388048,2.625,2,,,,,,,7.60090255737,10.1503477097
1189,2,,,,2.625,2,2,11.9595327377,0.184210523963,0,141.108078003,168.454803467,8.43381118774,9.79812717438
1190,1,21,114,0.380952388048,2.625,5,,,,,,,9.08250713348,7.09007740021
1190,2,,,,2.625,5,5,14.3353748322,0.184210523963,1073.72912598,144.784591675,147.152832031,9.51782512665,9.28730106354
1191,1,21,114,0.380952388048,2.625,4,,,,,,,7.31322097778,7.86326694489
1191,2,,,,2.625,4,4,14.1327953339,0.184210523963,1116.28430176,137.903381348,143.608718872,8.83927631378,7.78322410583
1192,1,19,147,0.0272108837962,36.75,5,,,,,,,8.55641365051,0
1192,2,,,,36.75,5,5,11.1676139832,0.12925170362,0,112.058654785,133.502563477,8.90923500061,0
1193,1,19,147,0.421052634716,2.375,4,,,,,,,7.09007740021,0
1193,2,,,,2.375,4,4,10.6596097946,0.12925170362,0,91.5279693604,121.679885864,8.45531749725,0
1194,1,19,147,0.421052634716,2.375,3,,,,,,,6.90775632858,0
1194,2,,,,2.375,3,3,15.3179197311,0.12925170362,0,127.022315979,120.383270264,7.49554204941,8.92265796661
1195,1,19,147,0.421052634716,2.375,1,,,,,,,8.66561317444,0
1195,2,,,,2.375,1,1,14.1576805115,0.12925170362,0,100.841934204,144.852340698,6.90775632858,0
1196,1,19,147,0.421052634716,2.375,1,,,,,,,8.9871969223,13.5923671722
1196,2,,,,2.375,1,1,12.9278068542,0.12925170362,0,141.05657959,194.418869019,9.51782512665,12.3059177399
1197,1,19,147,0.421052634716,2.375,4,,,,,,,9.24956130981,9.30565071106
1197,2,,,,2.375,4,4,14.5584001541,0.12925170362,694.01574707,128.629379272,166.860626221,8.69951438904,8.51719284058
1198,1,19,147,0.421052634716,2.375,5,,,,,,,9.12695884705,0
1198,2,,,,2.375,5,5,14.316649437,0.12925170362,694.01574707,103.975196838,151.942687988,10.2109718323,8.63052177429
1199,1,19,147,0.421052634716,2.375,1,,,,,,,7.60090255737,9.95227813721
1199,2,,,,2.375,1,1,19.138671875,0.12925170362,0,200.41468811,161.165603638,8.74830532074,10.118598938
1200,1,19,147,0.0272108837962,36.75,2,,,,,,,5.29834222794,7.49554204941
1200,2,,,,36.75,2,2,9.61580562592,0.12925170362,0,88.1108474731,125.48260498,7.86326694489,8.47637081146
1201,1,19,147,0.0272108837962,36.75,5,,,,,,,0,8.9871969223
1201,2,,,,36.75,5,5,15.2361097336,0.12925170362,439.132415771,99.6567993164,159.171157837,6.39693260193,7.93737459183
1202,1,19,147,0.0272108837962,36.75,3,,,,,,,8.00636768341,6.80239582062
1202,2,,,,36.75,3,3,12.5223417282,0.12925170362,0,103.74420166,121.226501465,8.55641365051,8.51719284058
1203,1,19,147,0.421052634716,2.375,3,,,,,,,9.90348720551,0
1203,2,,,,2.375,3,3,11.7629060745,0.12925170362,0,130.512863159,178.666061401,9.09605121613,0
1204,1,22,59,0.363636374474,2.75,8,,,,,,,9.58877658844,7.93737459183
1204,2,,,,2.75,8,8,13.9794139862,0.372881352901,1448.44873047,151.500823975,145.673934937,9.21034049988,8.8818359375
1205,1,22,59,0.363636374474,2.75,6,,,,,,,9.56099700928,0
1205,2,,,,2.75,6,6,13.7412176132,0.372881352901,1663.75292969,137.968429565,145.097473145,10.8723707199,9.21034049988
1206,1,22,59,0.0677966102958,14.75,6,,,,,,,9.50300979614,9.0118894577
1206,2,,,,14.75,6,6,13.895149231,0.372881352901,1818.56103516,129.379104614,159.157409668,9.5749835968,11.5307655334
1207,1,22,59,0.0677966102958,14.75,2,,,,,,,5.29834222794,8.9871969223
1207,2,,,,14.75,2,2,13.9057168961,0.372881352901,0,140.916183472,135.195617676,8.294049263,8.92265796661
1208,1,22,59,0.363636374474,2.75,4,,,,,,,7.69621276855,8.59415435791
1208,2,,,,2.75,4,4,14.0664253235,0.372881352901,658.39276123,130.768692017,145.022720337,8.59415435791,8.294049263
1209,1,22,59,0.363636374474,2.75,4,,,,,,,8.24275684357,0
1209,2,,,,2.75,4,4,13.1074523926,0.372881352901,828.640380859,108.905418396,126.86819458,7.60090255737,10.8317070007
1210,1,22,59,0.363636374474,2.75,2,,,,,,,6.90775632858,9.15904712677
1210,2,,,,2.75,2,2,13.3326244354,0.372881352901,1036.0032959,130.797332764,139.740585327,7.69621276855,8.82467746735
1211,1,22,59,0.363636374474,2.75,5,,,,,,,6.80239582062,8.00636768341
1211,2,,,,2.75,5,5,14.8277654648,0.372881352901,356.412506104,134.618789673,144.747909546,9.80917644501,10.4631032944
1212,1,22,59,0.363636374474,2.75,7,,,,,,,7.49554204941,7.09007740021
1212,2,,,,2.75,7,7,14.819519043,0.372881352901,770.973754883,132.827667236,143.206802368,5.99147081375,10.5453414917
1213,1,22,59,0.0677966102958,14.75,3,,,,,,,8.294049263,0
1213,2,,,,14.75,3,3,13.7942867279,0.372881352901,0,119.978858948,143.133468628,7.43838405609,8.9871969223
1214,1,22,59,0.0677966102958,14.75,4,,,,,,,7.37775945663,0
1214,2,,,,14.75,4,4,13.4716110229,0.372881352901,0,101.698776245,120.538154602,7.17012023926,0
1215,1,22,59,0.363636374474,2.75,5,,,,,,,6.68461322784,0
1215,2,,,,2.75,5,5,13.359331131,0.372881352901,749.233581543,91.1221466064,116.905418396,8.63052177429,8.51719284058
1216,1,22,63,0.0634920671582,15.7499990463,7,,,,,,,9.34136867523,9.16951847076
1216,2,,,,15.7499990463,7,7,19.138671875,0.349206358194,1372.23718262,155.080245972,177.052001953,9.56099700928,10.691945076
1217,1,22,63,0.363636374474,2.75,2,,,,,,,7.78322410583,7.09007740021
1217,2,,,,2.75,2,2,13.7938785553,0.349206358194,1189.88208008,116.292366028,133.511459351,8.97461795807,7.37775945663
1218,1,22,63,0.0634920671582,15.7499990463,8,,,,,,,9.5749835968,8.74830532074
1218,2,,,,15.7499990463,8,8,15.5565376282,0.349206358194,1293.86706543,154.831161499,180.806991577,8.82467746735,9.91343784332
1219,1,22,63,0.0634920671582,15.7499990463,8,,,,,,,9.86266517639,9.91343784332
1219,2,,,,15.7499990463,8,8,15.6340742111,0.349206358194,2279.94555664,183.080200195,188.890457153,8.8818359375,14.6909790039
1220,1,22,63,0.363636374474,2.75,5,,,,,,,7.49554204941,8.294049263
1220,2,,,,2.75,5,5,12.1807546616,0.349206358194,1135.97009277,117.710227966,137.153015137,5.29834222794,0
1221,1,22,63,0.363636374474,2.75,5,,,,,,,9.23014259338,9.26860904694
1221,2,,,,2.75,5,5,14.990281105,0.349206358194,1273.61279297,166.674331665,158.110488892,7.86326694489,9.90348720551
1222,1,22,63,0.363636374474,2.75,4,,,,,,,9.30565071106,0
1222,2,,,,2.75,4,4,14.5971260071,0.349206358194,971.324707031,151.262207031,150.949859619,9.26860904694,9.24956130981
1223,1,22,63,0.0634920671582,15.7499990463,1,,,,,,,0,0
1223,2,,,,15.7499990463,1,1,10.9612779617,0.349206358194,0,75.2206573486,95.2317886353,3.17978549004,8.41183280945
1224,1,22,63,0.363636374474,2.75,8,,,,,,,9.62905025482,7.86326694489
1224,2,,,,2.75,8,8,13.5815591812,0.349206358194,0,128.825424194,150.046539307,9.80917644501,8.51719284058
1225,1,22,63,0.363636374474,2.75,8,,,,,,,9.95227813721,11.8262748718
1225,2,,,,2.75,8,8,13.8113021851,0.349206358194,1619.76611328,166.981338501,179.2237854,8.69951438904,9.21034049988
1226,1,22,63,0.363636374474,2.75,7,,,,,,,7.60090255737,0
1226,2,,,,2.75,7,7,14.121670723,0.349206358194,1172.68652344,112.740219116,130.454681396,7.09007740021,8.63052177429
1227,1,22,63,0.363636374474,2.75,3,,,,,,,7.78322410583,9.32366943359
1227,2,,,,2.75,3,3,14.1648988724,0.349206358194,0,110.161972046,157.26234436,9.39266204834,14.2880105972
1228,1,39,116,0.0344827584922,29,3,,,,,,,7.2442278862,8.69951438904
1228,2,,,,29,3,3,15.238571167,0.336206883192,486.193389893,122.557449341,159.168136597,8.69951438904,5.99147081375
1229,1,39,116,0.0344827584922,29,3,,,,,,,9.27799892426,10.0982313156
1229,2,,,,29,3,3,14.0852327347,0.336206883192,0,163.732833862,150.678848267,9.34136867523,9.71715831757
1230,1,39,116,0.205128207803,4.875,7,,,,,,,9.78131961823,9.11602973938
1230,2,,,,4.875,7,7,14.5347137451,0.336206883192,1189.88208008,149.561599731,167.526321411,8.79482460022,9.42545223236
1231,1,39,116,0.205128207803,4.875,4,,,,,,,5.29834222794,0
1231,2,,,,4.875,4,4,13.1768512726,0.336206883192,0,81.751739502,110.130004883,7.17012023926,8.85366535187
1232,1,39,116,0.205128207803,4.875,6,,,,,,,6.39693260193,0
1232,2,,,,4.875,6,6,13.7468032837,0.336206883192,0,110.106361389,136.247634888,6.68461322784,8.00636768341
1233,1,39,116,0.0344827584922,29,1,,,,,,,8.64822101593,10.3089523315
1233,2,,,,29,1,1,17.734960556,0.336206883192,0,182.564620972,201.458068848,9.08250713348,8.69951438904
1234,1,39,116,0.205128207803,4.875,2,,,,,,,0,13.710149765
1234,2,,,,4.875,2,2,13.3499765396,0.336206883192,0,154.20149231,201.966522217,5.29834222794,0
1235,1,39,116,0.205128207803,4.875,3,,,,,,,7.5496096611,6.68461322784
1235,2,,,,4.875,3,3,13.6886968613,0.336206883192,781.316589355,112.218811035,135.425567627,7.69621276855,8.294049263
1236,1,39,116,0.205128207803,4.875,7,,,,,,,9.70503616333,10.4968147278
1236,2,,,,4.875,7,7,18.4124698639,0.336206883192,0,161.081634521,179.971054077,9.56099700928,9.26860904694
1237,1,39,116,0.205128207803,4.875,2,,,,,,,7.37775945663,0
1237,2,,,,4.875,2,2,13.9599571228,0.336206883192,0,112.841026306,131.145324707,10.1266307831,8.69951438904
1238,1,39,116,0.0344827584922,29,4,,,,,,,7.2442278862,6.68461322784
1238,2,,,,29,4,4,16.3269615173,0.336206883192,0,109.616622925,154.569747925,7.86326694489,9.72913455963
1239,1,39,116,0.205128207803,4.875,7,,,,,,,8.55641365051,8.16051864624
1239,2,,,,4.875,7,7,15.2514982224,0.336206883192,1720.63586426,155.433456421,156.146453857,8.90923500061,6.90775632858
1240,1,29,147,0.275862067938,3.625,4,,,,,,,5.99147081375,0
1240,2,,,,3.625,4,4,13.0731735229,0.197278916836,0,114.313819885,121.064781189,9.25913047791,0
1241,1,29,147,0.275862067938,3.625,2,,,,,,,5.29834222794,0
1241,2,,,,3.625,2,2,14.535982132,0.197278916836,0,82.5699462891,116.66885376,9.77565383911,10.7995758057
1242,1,29,147,0.0272108837962,36.75,2,,,,,,,8.79482460022,7.93737459183
1242,2,,,,36.75,2,2,13.9583959579,0.197278916836,1448.44873047,130.172775269,143.686691284,10.085808754,0
1243,1,29,147,0.275862067938,3.625,4,,,,,,,0,0
1244,1,29,147,0.0272108837962,36.75,5,,,,,,,8.74830532074,13.710149765
1244,2,,,,36.75,5,5,15.5229101181,0.197278916836,2184.94580078,229.427322388,214.828613281,9.8521938324,9.21034049988
1245,1,29,147,0.0272108837962,36.75,2,,,,,,,6.39693260193,5.29834222794
1245,2,,,,36.75,2,2,14.2315835953,0.197278916836,0,113.884414673,105.89907074,6.90775632858,8.38935947418
1246,1,29,147,0.275862067938,3.625,6,,,,,,,8.16051864624,9.16951847076
1246,2,,,,3.625,6,6,13.8018169403,0.197278916836,439.132415771,133.199172974,149.320632935,8.16051864624,10.085808754
1247,1,29,147,0.275862067938,3.625,6,,,,,,,8.3428401947,8.00636768341
1247,2,,,,3.625,6,6,13.5055828094,0.197278916836,1266.64550781,126.547599792,139.329452515,9.05951786041,8.69951438904
1248,1,29,147,0.0272108837962,36.75,3,,,,,,,8.55641365051,0
1248,2,,,,36.75,3,3,13.9723434448,0.197278916836,500.069793701,122.520507812,138.506561279,9.90348720551,11.4075651169
1249,1,29,147,0.275862067938,3.625,9,,,,,,,9.71715831757,0
1249,2,,,,3.625,9,9,13.992149353,0.197278916836,0,114.343643188,156.948867798,9.97859477997,0
1250,1,29,147,0.275862067938,3.625,4,,,,,,,6.39693260193,0
1250,2,,,,3.625,4,4,14.5697507858,0.197278916836,725.893249512,93.7472610474,117.938392639,5.29834222794,7.78322410583
1251,1,29,147,0.275862067938,3.625,6,,,,,,,7.86326694489,7.93737459183
1251,2,,,,3.625,6,6,14.4006824493,0.197278916836,439.132415771,144.645385742,128.400817871,7.49554204941,8.69951438904
1252,1,30,138,0.266666680574,3.74999976158,2,,,,,,,9.88837432861,0
1252,2,,,,3.74999976158,2,2,14.5343255997,0.217391297221,725.893249512,120.679031372,166.034515381,10.766377449,9.54681301117
1253,1,30,138,0.266666680574,3.74999976158,3,,,,,,,7.93737459183,0
1253,2,,,,3.74999976158,3,3,17.6751499176,0.217391297221,1578.7064209,167.231704712,149.943481445,7.09007740021,7.60090255737
1254,1,30,138,0.0289855077863,34.5,4,,,,,,,8.294049263,6.68461322784
1254,2,,,,34.5,4,4,14.4909038544,0.217391297221,731.892944336,147.140258789,143.002792358,8.18868923187,7.09007740021
1255,1,30,138,0.0289855077863,34.5,5,,,,,,,9.16951847076,8.00636768341
1255,2,,,,34.5,5,5,13.7453022003,0.217391297221,471.496643066,134.585754395,158.648529053,9.28730106354,8.96187877655
1256,1,30,138,0.0289855077863,34.5,6,,,,,,,9.16429615021,7.2442278862
1256,2,,,,34.5,6,6,16.8521537781,0.217391297221,0,170.74987793,171.388153076,7.37775945663,9.72913455963
1257,1,30,138,0.266666680574,3.74999976158,2,,,,,,,9.42545223236,0
1257,2,,,,3.74999976158,2,2,13.8113021851,0.217391297221,0,135.872344971,151.955596924,8.71604442596,14.6264410019
1258,1,30,138,0.266666680574,3.74999976158,6,,,,,,,8.82467746735,10.1811189651
1258,2,,,,3.74999976158,6,6,14.9865055084,0.217391297221,781.316589355,141.079452515,178.546401978,9.23014259338,11.0540599823
1259,1,30,138,0.266666680574,3.74999976158,3,,,,,,,6.39693260193,7.49554204941
1259,2,,,,3.74999976158,3,3,15.6691799164,0.217391297221,0,147.160186768,133.368286133,5.29834222794,8.294049263
1260,1,30,138,0.266666680574,3.74999976158,3,,,,,,,8.3428401947,6.21461200714
1260,2,,,,3.74999976158,3,3,14.5140333176,0.217391297221,1206.39355469,104.113334656,146.348770142,8.83927631378,8.69951438904
1261,1,30,138,0.266666680574,3.74999976158,6,,,,,,,9.58877658844,9.54681301117
1261,2,,,,3.74999976158,6,6,13.4093456268,0.217391297221,0,138.810913086,155.081359863,10.1425046921,8.85366535187
1262,1,30,138,0.0289855077863,34.5,6,,,,,,,9.70503616333,0
1262,2,,,,34.5,6,6,13.1033840179,0.217391297221,1541.65783691,156.330108643,172.846939087,9.65502643585,7.49554204941
1263,1,30,138,0.266666680574,3.74999976158,7,,,,,,,9.80366706848,0
1263,2,,,,3.74999976158,7,7,14.0331993103,0.217391297221,665.865661621,111.470191956,158.892486572,9.54681301117,0
1264,1,12,187,0.666666686535,1.5,6,,,,,,,9.45720005035,9.12695884705
1264,2,,,,1.5,6,6,11.7134141922,0.0641711205244,971.324707031,129.39491272,145.513931274,8.41183280945,9.39266204834
1265,1,12,187,0.666666686535,1.5,2,,,,,,,8.64822101593,10.5966348648
1265,2,,,,1.5,2,2,13.4180135727,0.0641711205244,0,134.645187378,162.58026123,9.0118894577,9.68034362793
1266,1,12,187,0.666666686535,1.5,7,,,,,,,7.09007740021,9.72913455963
1266,2,,,,1.5,7,7,14.206741333,0.0641711205244,1756.01818848,143.640090942,159.247512817,5.29834222794,8.38935947418
1267,1,12,187,0.0213903747499,46.75,7,,,,,,,8.13153076172,6.68461322784
1267,2,,,,46.75,7,7,13.3678159714,0.0641711205244,0,105.528251648,135.720169067,7.5496096611,5.99147081375
1268,1,12,187,0.0213903747499,46.75,6,,,,,,,7.49554204941,8.294049263
1268,2,,,,46.75,6,6,13.5616502762,0.0641711205244,0,109.725074768,143.466506958,5.29834222794,0
1269,1,12,187,0.0213903747499,46.75,4,,,,,,,8.73230457306,10.5966348648
1269,2,,,,46.75,4,4,11.8593482971,0.0641711205244,1331.76245117,137.730255127,168.411010742,7.00306606293,0
1270,1,12,187,0.0213903747499,46.75,7,,,,,,,9.50300979614,0
1270,2,,,,46.75,7,7,13.1521167755,0.0641711205244,0,109.647506714,145.964248657,0,0
1271,1,12,187,0.666666686535,1.5,4,,,,,,,8.13153076172,6.68461322784
1271,2,,,,1.5,4,4,14.3029241562,0.0641711205244,0,110.648002625,144.552307129,8.0709066391,0
1272,1,12,187,0.666666686535,1.5,2,,,,,,,10.4968147278,0
1272,2,,,,1.5,2,2,11.2172107697,0.0641711205244,0,124.782112122,182.64289856,9.39266204834,8.76405334473
1273,1,12,187,0.666666686535,1.5,4,,,,,,,10.1023387909,9.39266204834
1273,2,,,,1.5,4,4,15.6820993423,0.0641711205244,0,152.047409058,188.354995728,8.51719284058,9.90348720551
1274,1,12,187,0.666666686535,1.5,9,,,,,,,8.8818359375,0
1274,2,,,,1.5,9,9,13.5165653229,0.0641711205244,2238.60107422,175.763275146,180.976272583,9.35876083374,8.59415435791
1275,1,12,187,0.666666686535,1.5,2,,,,,,,7.93737459183,0
1275,2,,,,1.5,2,2,12.8962154388,0.0641711205244,845.839050293,109.268455505,121.79473114,9.21034049988,7.60090255737
1276,1,11,84,0.727272748947,1.375,6,,,,,,,6.80239582062,9.39266204834
1276,2,,,,1.375,6,6,13.7606315613,0.130952388048,1501.53649902,141.531723022,147.397628784,10.1023387909,8.69951438904
1277,1,11,84,0.727272748947,1.375,8,,,,,,,10.2887496948,13.710149765
1277,2,,,,1.375,8,8,16.5405883789,0.130952388048,2234.30810547,247.605133057,224.22567749,10.766377449,0
1278,1,11,84,0.047619048506,21,7,,,,,,,10.7144174576,9.39266204834
1278,2,,,,21,7,7,14.2489795685,0.130952388048,1165.60241699,177.975616455,172.834762573,10.5966348648,14.6909790039
1279,1,11,84,0.047619048506,21,5,,,,,,,9.15904712677,9.68034362793
1279,2,,,,21,5,5,16.2684612274,0.130952388048,1154.74121094,161.606994629,153.132598877,8.61250305176,0
1280,1,11,84,0.727272748947,1.375,4,,,,,,,5.7037935257,8.9871969223
1280,2,,,,1.375,4,4,14.1653223038,0.130952388048,0,103.218025208,158.94644165,7.86326694489,0
1281,1,11,84,0.727272748947,1.375,5,,,,,,,10.8666620255,8.294049263
1281,2,,,,1.375,5,5,13.1920757294,0.130952388048,439.132415771,118.340057373,165.185379028,9.44145202637,0
1282,1,11,84,0.727272748947,1.375,7,,,,,,,8.68270778656,8.69951438904
1282,2,,,,1.375,7,7,12.8851213455,0.130952388048,0,108.968223572,140.577407837,8.69951438904,8.69951438904
1283,1,11,84,0.047619048506,21,2,,,,,,,7.64969301224,0
1283,2,,,,21,2,2,13.3889493942,0.130952388048,125.802688599,98.1902999878,128.220016479,8.85366535187,0
1284,1,11,84,0.727272748947,1.375,6,,,,,,,8.38935947418,0
1284,2,,,,1.375,6,6,12.1150426865,0.130952388048,0,99.5648193359,121.361129761,8.43381118774,0
1285,1,11,84,0.047619048506,21,3,,,,,,,8.18868923187,0
1286,1,11,84,0.727272748947,1.375,7,,,,,,,9.89343738556,0
1286,2,,,,1.375,7,7,16.2871627808,0.130952388048,0,147.910736084,168.102722168,10.8723707199,0
1287,1,11,84,0.727272748947,1.375,3,,,,,,,7.69621276855,8.69951438904
1287,2,,,,1.375,3,3,10.9277353287,0.130952388048,907.135803223,103.965873718,142.261642456,7.49554204941,0
1288,1,1,100,0.0399999991059,25,4,,,,,,,8.59415435791,0
1288,2,,,,25,4,4,15.4881486893,0.00999999977648,1199.86730957,157.872634888,139.958145142,8.03915786743,0
1289,1,1,100,0.0399999991059,25,7,,,,,,,7.29979801178,7.09007740021
1289,2,,,,25,7,7,-10.177324295,0.00999999977648,0,109.317344666,129.770187378,10.085808754,7.43838405609
1290,1,1,100,0.0399999991059,25,4,,,,,,,9.90348720551,0
1290,2,,,,25,4,4,12.9305534363,0.00999999977648,0,135.115615845,157.469070435,8.18868923187,0
1291,1,1,100,0.0399999991059,25,6,,,,,,,9.39266204834,0
1291,2,,,,25,6,6,14.7225589752,0.00999999977648,2191.22705078,118.138877869,167.072723389,7.37775945663,0
1292,1,1,100,1,1,8,,,,,,,8.38935947418,9.28730106354
1292,2,,,,1,8,8,15.7044725418,0.00999999977648,1457.72351074,145.908584595,176.186584473,7.17012023926,8.13153076172
1293,1,23,155,0.0193548388779,51.6666679382,4,,,,,,,10.2541446686,0
1293,2,,,,51.6666679382,4,4,12.3639307022,0.148387089372,0,121.491340637,145.903579712,8.3428401947,0
1294,1,23,155,0.391304343939,2.55555558205,4,,,,,,,9.56801509857,0
1294,2,,,,2.55555558205,4,4,14.5440244675,0.148387089372,0,156.720077515,150.1068573,8.74830532074,0
1295,1,23,155,0.0193548388779,51.6666679382,6,,,,,,,5.99147081375,0
1295,2,,,,51.6666679382,6,6,11.3816776276,0.148387089372,471.496643066,97.2064590454,123.761451721,8.21608829498,0
1296,1,23,155,0.391304343939,2.55555558205,4,,,,,,,10.1105012894,0
1296,2,,,,2.55555558205,4,4,14.6384572983,0.148387089372,0,164.062149048,161.207199097,8.69951438904,0
1297,1,23,155,0.391304343939,2.55555558205,8,,,,,,,8.85366535187,9.12695884705
1297,2,,,,2.55555558205,8,8,19.138671875,0.148387089372,982.910705566,178.899047852,150.302719116,9.46498298645,8.41183280945
1298,1,23,155,0.391304343939,2.55555558205,7,,,,,,,7.78322410583,0
1298,2,,,,2.55555558205,7,7,13.5657663345,0.148387089372,439.132415771,115.770767212,128.882125854,8.294049263,0
1299,1,23,155,0.0193548388779,51.6666679382,3,,,,,,,9.63560771942,7.2442278862
1299,2,,,,51.6666679382,3,3,12.9682798386,0.148387089372,0,114.509849548,146.094406128,8.38935947418,0
1300,1,23,155,0.391304343939,2.55555558205,6,,,,,,,8.45531749725,10.2035923004
1300,2,,,,2.55555558205,6,6,14.4285316467,0.148387089372,658.39276123,143.521865845,169.750198364,9.70503616333,0
1301,1,23,155,0.391304343939,2.55555558205,7,,,,,,,8.96187877655,8.8818359375
1301,2,,,,2.55555558205,7,7,13.2611513138,0.148387089372,1744.31762695,142.986450195,127.629776001,8.51719284058,8.38935947418
1302,1,23,155,0.391304343939,2.55555558205,5,,,,,,,9.41735458374,9.12695884705
1302,2,,,,2.55555558205,5,5,19.138671875,0.148387089372,791.340515137,164.714660645,178.37487793,8.45531749725,8.00636768341
1303,1,23,155,0.391304343939,2.55555558205,4,,,,,,,10.6115236282,9.76995658875
1303,2,,,,2.55555558205,4,4,13.5744571686,0.148387089372,1189.88208008,153.163223267,164.0181427,10.524064064,7.18538761139
1304,1,23,155,0.391304343939,2.55555558205,6,,,,,,,9.23014259338,8.82467746735
1305,1,10,192,0.800000011921,1.25,6,,,,,,,8.18868923187,13.5076255798
1306,1,10,192,0.800000011921,1.25,3,,,,,,,9.83091640472,0
1306,2,,,,1.25,3,3,16.531621933,0.0520833320916,570.558044434,115.943244934,162.326049805,9.23989963531,0
1307,1,10,192,0.800000011921,1.25,4,,,,,,,8.63052177429,13.710149765
1307,2,,,,1.25,4,4,13.6230173111,0.0520833320916,0,148.652038574,206.333572388,8.59415435791,0
1308,1,10,192,0.0208333339542,48,7,,,,,,,8.9871969223,8.00636768341
1308,2,,,,48,7,7,12.337802887,0.0520833320916,0,137.21723938,165.511764526,10.0690021515,7.93737459183
1309,1,10,192,0.0208333339542,48,6,,,,,,,9.98044872284,0
1309,2,,,,48,6,6,15.7670049667,0.0520833320916,1409.38098145,170.296081543,163.05267334,10.2750511169,14.6909790039
1310,1,10,192,0.0208333339542,48,8,,,,,,,8.38935947418,9.72913455963
1310,2,,,,48,8,8,16.6845684052,0.0520833320916,2066.76513672,166.50151062,182.514038086,6.80239582062,0
1311,1,10,192,0.800000011921,1.25,1,,,,,,,6.68461322784,0
1311,2,,,,1.25,1,1,12.7007684708,0.0520833320916,0,85.0786209106,105.546714783,7.37775945663,0
1312,1,10,192,0.800000011921,1.25,4,,,,,,,7.69621276855,0
1312,2,,,,1.25,4,4,10.5347595215,0.0520833320916,0,91.8673706055,125.784347534,8.26873207092,0
1313,1,10,192,0.800000011921,1.25,6,,,,,,,8.82467746735,0
1313,2,,,,1.25,6,6,11.7150497437,0.0520833320916,0,115.398445129,145.418151855,7.60090255737,0
1314,1,10,192,0.800000011921,1.25,5,,,,,,,8.38935947418,6.82437467575
1314,2,,,,1.25,5,5,13.2000646591,0.0520833320916,0,108.376564026,134.082427979,7.78322410583,0
1315,1,10,192,0.800000011921,1.25,8,,,,,,,9.26860904694,0
1315,2,,,,1.25,8,8,11.3253908157,0.0520833320916,549.089538574,121.671592712,163.67741394,7.78322410583,0
1316,1,10,192,0.0208333339542,48,5,,,,,,,9.37754821777,0
1316,2,,,,48,5,5,15.8797245026,0.0520833320916,658.39276123,139.640945435,153.793106079,10.8723707199,7.78322410583
1317,1,13,61,0.615384638309,1.62499988079,5,,,,,,,10.7298536301,10.165851593
1317,2,,,,1.62499988079,5,5,14.386715889,0.213114753366,1681.49206543,177.860336304,164.204086304,8.93590354919,0
1318,1,13,61,0.615384638309,1.62499988079,4,,,,,,,7.78322410583,5.99147081375
1318,2,,,,1.62499988079,4,4,12.7041168213,0.213114753366,0,101.759521484,119.037155151,8.93590354919,0
1319,1,13,61,0.615384638309,1.62499988079,5,,,,,,,8.61250305176,9.62377357483
1319,2,,,,1.62499988079,5,5,14.387336731,0.213114753366,0,134.932647705,166.200027466,5.29834222794,0
1320,1,13,61,0.0655737668276,15.2500009537,4,,,,,,,7.78322410583,8.9871969223
1320,2,,,,15.2500009537,4,4,19.138671875,0.213114753366,1189.88208008,133.890426636,165.386001587,8.00636768341,9.39266204834
1321,1,13,61,0.0655737668276,15.2500009537,7,,,,,,,9.12695884705,9.61580562592
1321,2,,,,15.2500009537,7,7,17.5477275848,0.213114753366,1330.55041504,170.674224854,156.588058472,10.2541446686,9.54681301117
1322,1,13,61,0.615384638309,1.62499988079,3,,,,,,,7.93737459183,0
1322,2,,,,1.62499988079,3,3,16.3400058746,0.213114753366,0,139.121170044,143.332366943,10.0690021515,11.2897815704
1323,1,13,61,0.0655737668276,15.2500009537,5,,,,,,,7.09007740021,0
1323,2,,,,15.2500009537,5,5,13.1726760864,0.213114753366,0,102.78515625,122.140075684,9.97114658356,0
1324,1,13,61,0.615384638309,1.62499988079,5,,,,,,,8.41183280945,0
1324,2,,,,1.62499988079,5,5,12.8625555038,0.213114753366,642.852233887,117.268440247,132.058731079,8.69951438904,0
1325,1,13,61,0.615384638309,1.62499988079,6,,,,,,,8.93590354919,9.65502643585
1325,2,,,,1.62499988079,6,6,17.2575588226,0.213114753366,0,174.439437866,168.626586914,10.8723707199,10.085808754
1326,1,13,61,0.615384638309,1.62499988079,3,,,,,,,8.45531749725,0
1326,2,,,,1.62499988079,3,3,13.137843132,0.213114753366,0,91.9976577759,131.361099243,8.32360839844,0
1327,1,13,61,0.0655737668276,15.2500009537,7,,,,,,,10.8893041611,8.69951438904
1327,2,,,,15.2500009537,7,7,14.8046798706,0.213114753366,1973.1361084,163.681625366,186.071670532,9.39266204834,8.43381118774
1328,1,13,61,0.615384638309,1.62499988079,4,,,,,,,9.64212322235,8.51719284058
1328,2,,,,1.62499988079,4,4,19.138671875,0.213114753366,1172.68652344,150.461074829,153.049575806,7.00306606293,14.5086574554
1329,1,15,171,0.533333361149,1.87499988079,8,,,,,,,9.82010555267,9.28730106354
1329,2,,,,1.87499988079,8,8,19.138671875,0.0877192988992,2327.98974609,210.337524414,190.455764771,10.8723707199,10.1266307831
1330,1,15,171,0.533333361149,1.87499988079,8,,,,,,,9.64212322235,9.69276618958
1330,2,,,,1.87499988079,8,8,15.1045227051,0.0877192988992,1692.98376465,150.591186523,178.313827515,8.0709066391,8.79482460022
1331,1,15,171,0.533333361149,1.87499988079,7,,,,,,,9.40919113159,0
1331,2,,,,1.87499988079,7,7,12.9752540588,0.0877192988992,0,118.4320755,143.124862671,9.25913047791,0
1332,1,15,171,0.0233918130398,42.75,6,,,,,,,10.1712217331,8.9871969223
1332,2,,,,42.75,6,6,16.8150367737,0.0877192988992,1331.76245117,125.022171021,195.307022095,7.64969301224,0
1333,1,15,171,0.533333361149,1.87499988079,5,,,,,,,8.92265796661,0
1333,2,,,,1.87499988079,5,5,12.9958925247,0.0877192988992,1095.57873535,129.911193848,128.641784668,7.43838405609,7.09007740021
1334,1,15,171,0.0233918130398,42.75,4,,,,,,,8.34759044647,10.5453414917
1334,2,,,,42.75,4,4,16.8502140045,0.0877192988992,609.017578125,166.141403198,198.340499878,8.38708496094,7.67786359787
1335,1,15,171,0.533333361149,1.87499988079,7,,,,,,,10.8893041611,9.79812717438
1335,2,,,,1.87499988079,7,7,15.8381967545,0.0877192988992,2327.98974609,187.270507812,190.11390686,10.2541446686,9.04782104492
1336,1,15,171,0.533333361149,1.87499988079,7,,,,,,,8.51719284058,9.16951847076
1336,2,,,,1.87499988079,7,7,14.2821960449,0.0877192988992,1384.24108887,151.135650635,152.610870361,9.03598690033,0
1337,1,15,171,0.0233918130398,42.75,8,,,,,,,9.39266204834,8.55641365051
1337,2,,,,42.75,8,8,15.0408439636,0.0877192988992,1505.703125,138.166503906,168.931427002,10.4801006317,8.73873519897
1338,1,15,171,0.0233918130398,42.75,4,,,,,,,7.78322410583,9.62377357483
1338,2,,,,42.75,4,4,15.2303800583,0.0877192988992,971.324707031,157.092224121,171.239929199,8.69951438904,8.79482460022
1339,1,15,171,0.533333361149,1.87499988079,8,,,,,,,9.35876083374,9.24956130981
1339,2,,,,1.87499988079,8,8,14.6924762726,0.0877192988992,2163.51757812,139.487854004,167.514312744,8.85366535187,10.7363967896
1340,1,15,171,0.533333361149,1.87499988079,8,,,,,,,9.35876083374,8.51719284058
1340,2,,,,1.87499988079,8,8,16.8487014771,0.0877192988992,2327.98974609,187.845062256,188.01272583,8.38935947418,8.83927631378
1341,1,20,163,0.0245398767292,40.75,6,,,,,,,8.24275684357,0
1341,2,,,,40.75,6,6,14.9674110413,0.122699387372,0,119.633529663,154.424331665,8.38935947418,0
1342,1,20,163,0.40000000596,2.5,5,,,,,,,8.11969661713,9.21034049988
1342,2,,,,2.5,5,5,12.2968273163,0.122699387372,0,124.19329071,130.642318726,7.90100717545,0
1343,1,20,163,0.0245398767292,40.75,7,,,,,,,10.8893041611,12.2060728073
1343,2,,,,40.75,7,7,17.554265976,0.122699387372,2146.29931641,243.711349487,221.23449707,7.93737459183,0
1344,1,20,163,0.40000000596,2.5,4,,,,,,,8.63052177429,0
1344,2,,,,2.5,4,4,10.6735954285,0.122699387372,810.514160156,102.759719849,148.448532104,7.78322410583,0
1345,1,20,163,0.0245398767292,40.75,6,,,,,,,10.8893041611,0
1345,2,,,,40.75,6,6,15.4938030243,0.122699387372,1231.52954102,145.193862915,192.993240356,10.0604915619,0
1346,1,20,163,0.40000000596,2.5,6,,,,,,,9.08250713348,0
1346,2,,,,2.5,6,6,10.6358556747,0.122699387372,1025.96411133,102.639060974,147.568756104,8.63052177429,0
1347,1,20,163,0.40000000596,2.5,6,,,,,,,9.19013786316,0
1347,2,,,,2.5,6,6,14.7803630829,0.122699387372,609.017578125,160.345214844,147.590515137,9.48036766052,0
1348,1,20,163,0.40000000596,2.5,5,,,,,,,10.4072885513,0
1348,2,,,,2.5,5,5,12.2876529694,0.122699387372,0,139.464584351,173.776367188,9.91837596893,0
1349,1,20,163,0.40000000596,2.5,7,,,,,,,9.2202911377,0
1349,2,,,,2.5,7,7,13.8673439026,0.122699387372,781.316589355,111.415802002,151.882293701,9.47270488739,0
1350,1,20,163,0.40000000596,2.5,7,,,,,,,7.93737459183,9.80917644501
1350,2,,,,2.5,7,7,14.4536733627,0.122699387372,1222.27844238,128.356674194,168.518829346,7.46164083481,0
1351,1,20,163,0.0245398767292,40.75,10,,,,,,,10.8893041611,0
1351,2,,,,40.75,10,10,18.3327445984,0.122699387372,1679.16210938,217.543411255,196.689376831,10.6065855026,11.7905569077
1352,1,20,163,0.40000000596,2.5,6,,,,,,,6.90775632858,10.2399597168
1352,2,,,,2.5,6,6,13.8692407608,0.122699387372,570.558044434,157.398651123,151.738220215,6.39693260193,0
1353,1,15,196,0.0204081628472,49,4,,,,,,,8.13153076172,0
1353,2,,,,49,4,4,14.3544569016,0.0765306130052,0,113.955749512,141.01322937,8.9871969223,0
1354,1,15,196,0.533333361149,1.87499988079,6,,,,,,,9.53242397308,0
1354,2,,,,1.87499988079,6,6,14.2318496704,0.0765306130052,781.316589355,127.806243896,165.59753418,9.86266517639,0
1355,1,15,196,0.0204081628472,49,5,,,,,,,7.93737459183,0
1355,2,,,,49,5,5,14.1797370911,0.0765306130052,0,97.5157546997,147.762405396,8.43381118774,0
1356,1,15,196,0.533333361149,1.87499988079,1,,,,,,,5.99147081375,0
1356,2,,,,1.87499988079,1,1,10.691945076,0.0765306130052,0,81.8175888062,118.634109497,8.16051864624,0
1357,1,15,196,0.533333361149,1.87499988079,3,,,,,,,8.79482460022,0
1357,2,,,,1.87499988079,3,3,13.1722955704,0.0765306130052,0,106.577713013,135.840652466,9.24956130981,0
1358,1,15,196,0.0204081628472,49,4,,,,,,,7.82404613495,0
1358,2,,,,49,4,4,-10.1886663437,0.0765306130052,0,94.6601638794,136.513397217,9.1377696991,0
1359,1,15,196,0.533333361149,1.87499988079,2,,,,,,,4.60527038574,0
1359,2,,,,1.87499988079,2,2,10.6164369583,0.0765306130052,0,63.5252571106,97.7130966187,7.78322410583,0
1360,1,15,196,0.0204081628472,49,4,,,,,,,8.9871969223,0
1360,2,,,,49,4,4,14.1309051514,0.0765306130052,0,102.208633423,149.421859741,8.59415435791,0
1361,1,15,196,0.533333361149,1.87499988079,7,,,,,,,8.76405334473,0
1361,2,,,,1.87499988079,7,7,15.2417469025,0.0765306130052,0,127.997077942,158.41255188,8.36637020111,0
1362,1,15,196,0.533333361149,1.87499988079,3,,,,,,,7.49554204941,0
1362,2,,,,1.87499988079,3,3,14.9408941269,0.0765306130052,471.496643066,95.2240066528,140.8099823,9.0118894577,9.90348720551
1363,1,15,196,0.533333361149,1.87499988079,6,,,,,,,7.60090255737,0
1363,2,,,,1.87499988079,6,6,12.6660261154,0.0765306130052,0,95.4580917358,119.462203979,9.45720005035,0
1364,1,15,196,0.533333361149,1.87499988079,9,,,,,,,9.75846195221,0
1364,2,,,,1.87499988079,9,9,11.9984083176,0.0765306130052,1526.00878906,121.729171753,169.621383667,8.24275684357,0
1365,1,12,162,0.666666686535,1.5,5,,,,,,,9.45720005035,0
1365,2,,,,1.5,5,5,15.2891283035,0.074074074626,0,160.988037109,159.167602539,7.78322410583,0
1366,1,12,162,0.0246913582087,40.5,8,,,,,,,10.3545627594,8.51719284058
1367,1,12,162,0.666666686535,1.5,4,,,,,,,9.28730106354,0
1367,2,,,,1.5,4,4,14.7430181503,0.074074074626,0,132.263275146,165.208709717,8.9871969223,0
1368,1,12,162,0.0246913582087,40.5,5,,,,,,,6.55108261108,9.21034049988
1368,2,,,,40.5,5,5,14.7539520264,0.074074074626,570.558044434,141.721343994,156.935058594,7.78322410583,0
1369,1,12,162,0.666666686535,1.5,5,,,,,,,9.47270488739,9.21034049988
1369,2,,,,1.5,5,5,13.491440773,0.074074074626,626.434020996,132.627380371,155.625,9.1377696991,0
1370,1,12,162,0.666666686535,1.5,4,,,,,,,8.93590354919,0
1370,2,,,,1.5,4,4,13.5898637772,0.074074074626,0,93.9654922485,143.35836792,8.23217391968,0
1371,1,12,162,0.666666686535,1.5,7,,,,,,,10.513253212,0
1371,2,,,,1.5,7,7,15.9161748886,0.074074074626,1108.13085938,142.711135864,193.630142212,10.1023387909,8.47637081146
1372,1,12,162,0.666666686535,1.5,5,,,,,,,8.59415435791,8.294049263
1372,2,,,,1.5,5,5,12.8220691681,0.074074074626,0,119.303482056,139.197891235,7.69621276855,8.92265796661
1373,1,12,162,0.666666686535,1.5,4,,,,,,,10.0078477859,13.710149765
1373,2,,,,1.5,4,4,14.2673473358,0.074074074626,982.910705566,174.210235596,214.828613281,8.24275684357,9.39266204834
1374,1,12,162,0.0246913582087,40.5,7,,,,,,,7.60090255737,0
1374,2,,,,40.5,7,7,13.6637573242,0.074074074626,0,96.7681808472,130.851638794,8.00636768341,0
1375,1,12,162,0.666666686535,1.5,5,,,,,,,8.9871969223,0
1375,2,,,,1.5,5,5,13.6828927994,0.074074074626,1470.40649414,141.207489014,129.339141846,5.99147081375,0
1376,1,12,162,0.0246913582087,40.5,7,,,,,,,10.2541446686,0
1376,2,,,,40.5,7,7,14.0360107422,0.074074074626,0,143.14414978,164.472518921,10.5505905151,0
1377,1,9,206,0.888888895512,1.125,3,,,,,,,9.32402610779,0
1377,2,,,,1.125,3,3,9.21034049988,0.0436893217266,0,92.1168136597,149.420227051,9.07107830048,0
1378,1,9,206,0.019417475909,51.5,8,,,,,,,10.7054891586,0
1378,2,,,,51.5,8,8,15.8317203522,0.0436893217266,1840.45568848,151.695022583,193.434066772,9.84161186218,0
1379,1,9,206,0.888888895512,1.125,3,,,,,,,9.58877658844,0
1379,2,,,,1.125,3,3,15.3191432953,0.0436893217266,0,145.873352051,168.194107056,9.10497951508,0
1380,1,9,206,0.019417475909,51.5,5,,,,,,,8.77955722809,0
1380,2,,,,51.5,5,5,-9.63560771942,0.0436893217266,439.132415771,100.326622009,167.937026978,8.76405334473,0
1381,1,9,206,0.019417475909,51.5,4,,,,,,,8.3428401947,0
1381,2,,,,51.5,4,4,14.4927110672,0.0436893217266,0,115.074020386,148.121551514,8.9871969223,0
1382,1,9,206,0.888888895512,1.125,6,,,,,,,7.37775945663,0
1382,2,,,,1.125,6,6,16.1586799622,0.0436893217266,0,126.579734802,170.314651489,8.3428401947,0
1383,1,9,206,0.019417475909,51.5,3,,,,,,,5.29834222794,8.51719284058
1383,2,,,,51.5,3,3,16.7625255585,0.0436893217266,0,108.047012329,141.205184937,8.8818359375,0
1384,1,9,206,0.888888895512,1.125,8,,,,,,,9.07107830048,10.5966348648
1384,2,,,,1.125,8,8,13.8421525955,0.0436893217266,0,138.250930786,167.404602051,9.90348720551,8.9871969223
1385,1,9,206,0.888888895512,1.125,7,,,,,,,8.97461795807,6.39693260193
1385,2,,,,1.125,7,7,14.8532400131,0.0436893217266,999.639282227,145.148254395,154.310821533,8.36637020111,8.52516174316
1386,1,9,206,0.888888895512,1.125,7,,,,,,,9.74096870422,9.90348720551
1386,2,,,,1.125,7,7,15.3014240265,0.0436893217266,0,149.102157593,182.901947021,8.57546234131,9.03598690033
1387,1,9,206,0.888888895512,1.125,5,,,,,,,7.88608169556,0
1387,2,,,,1.125,5,5,10.9716405869,0.0436893217266,0,99.5363998413,141.950897217,8.93590354919,7.69621276855
1388,1,9,206,0.888888895512,1.125,5,,,,,,,8.13153076172,0
1388,2,,,,1.125,5,5,-8.9871969223,0.0436893217266,0,75.8987960815,140.042251587,8.51719284058,0
1389,1,12,144,0.666666686535,1.5,5,,,,,,,10.6689558029,10.1833896637
1389,2,,,,1.5,5,5,13.8147706985,0.0833333358169,0,166.61857605,194.085678101,9.54681301117,0
1390,1,12,144,0.0277777779847,36,6,,,,,,,9.91343784332,0
1390,2,,,,36,6,6,13.2762851715,0.0833333358169,0,139.712646484,158.788116455,8.9871969223,8.294049263
1391,1,12,144,0.666666686535,1.5,6,,,,,,,8.71604442596,0
1391,2,,,,1.5,6,6,12.6785736084,0.0833333358169,1154.74121094,118.68523407,138.650863647,6.80239582062,0
1392,1,12,144,0.666666686535,1.5,3,,,,,,,7.74066448212,0
1392,2,,,,1.5,3,3,13.3162841797,0.0833333358169,0,72.3528213501,123.680290222,9.35010242462,0
1393,1,12,144,0.666666686535,1.5,2,,,,,,,8.00636768341,0
1393,2,,,,1.5,2,2,14.1693315506,0.0833333358169,0,107.728668213,136.397293091,7.78322410583,0
1394,1,12,144,0.666666686535,1.5,7,,,,,,,9.26860904694,0
1394,2,,,,1.5,7,7,14.223772049,0.0833333358169,0,153.247131348,162.764938354,9.17988109589,0
1395,1,12,144,0.666666686535,1.5,4,,,,,,,8.47637081146,0
1395,2,,,,1.5,4,4,13.3169431686,0.0833333358169,0,109.738464355,137.337097168,8.31874275208,0
1396,1,12,144,0.0277777779847,36,0,,,,,,,7.00306606293,0
1396,2,,,,36,0,0,9.74096870422,0.0833333358169,0,79.7625198364,122.019134521,10.1266307831,0
1397,1,12,144,0.666666686535,1.5,4,,,,,,,7.60090255737,0
1397,2,,,,1.5,4,4,14.0486841202,0.0833333358169,971.324707031,92.0552902222,135.385391235,9.54681301117,0
1398,1,12,144,0.0277777779847,36,2,,,,,,,8.51719284058,0
1398,2,,,,36,2,2,-9.98506736755,0.0833333358169,0,88.2501068115,139.070877075,8.03915786743,0
1399,1,12,144,0.666666686535,1.5,8,,,,,,,10.3089523315,7.60090255737
1399,2,,,,1.5,8,8,14.4620904922,0.0833333358169,1533.89685059,162.973419189,165.802368164,10.8723707199,0
1400,1,12,144,0.0277777779847,36,9,,,,,,,9.5749835968,9.86266517639
1400,2,,,,36,9,9,15.9977798462,0.0833333358169,1619.76611328,163.591690063,191.654327393,8.96187877655,9.64212322235
1401,1,8,82,0.0487804859877,20.5,2,,,,,,,8.47637081146,0
1401,2,,,,20.5,2,2,8.82467746735,0.0975609719753,0,96.149772644,137.109344482,8.0709066391,0
1402,1,8,82,0.875,1.14285719395,4,,,,,,,7.90100717545,0
1402,2,,,,1.14285719395,4,4,12.9696779251,0.0975609719753,0,91.714881897,123.737136841,8.0709066391,0
1403,1,8,82,0.0487804859877,20.5,3,,,,,,,8.24275684357,0
1404,1,8,82,0.875,1.14285719395,4,,,,,,,10.3287553787,0
1404,2,,,,1.14285719395,4,4,19.138671875,0.0975609719753,0,122.598731995,152.964767456,7.69621276855,0
1405,1,8,82,0.875,1.14285719395,6,,,,,,,10.3734912872,9.03598690033
1405,2,,,,1.14285719395,6,6,13.419500351,0.0975609719753,439.132415771,139.894973755,161.951049805,8.74830532074,0
1406,1,8,82,0.875,1.14285719395,7,,,,,,,9.60238265991,0
1406,2,,,,1.14285719395,7,7,13.3266420364,0.0975609719753,0,147.386611938,155.850631714,9.84161186218,7.27239894867
1407,1,8,82,0.875,1.14285719395,6,,,,,,,8.1490240097,0
1408,1,8,82,0.875,1.14285719395,4,,,,,,,8.18868923187,0
1408,2,,,,1.14285719395,4,4,-8.68270778656,0.0975609719753,0,98.8217315674,140.6459198,7.82404613495,0
1409,1,8,82,0.875,1.14285719395,3,,,,,,,9.21034049988,0
1410,1,8,82,0.0487804859877,20.5,3,,,,,,,7.86326694489,0
1410,2,,,,20.5,3,3,12.3362236023,0.0975609719753,439.132415771,89.9095458984,115.127319336,9.35010242462,7.82404613495
1411,1,8,82,0.0487804859877,20.5,7,,,,,,,8.51719284058,7.82404613495
1411,2,,,,20.5,7,7,12.210562706,0.0975609719753,486.193389893,108.900009155,126.461227417,10.0690021515,10.1886663437
1412,1,4,158,1,1,6,,,,,,,8.26873207092,0
1412,2,,,,1,6,6,12.8921947479,0.0253164563328,439.132415771,85.2619934082,125.947647095,7.64969301224,0
1413,1,4,158,0.0253164563328,39.5,5,,,,,,,8.03915786743,0
1413,2,,,,39.5,5,5,14.0443973541,0.0253164563328,959.362792969,116.844673157,132.86706543,7.90100717545,8.294049263
1414,1,4,158,0.0253164563328,39.5,7,,,,,,,8.68270778656,0
1414,2,,,,39.5,7,7,13.7099275589,0.0253164563328,1126.24768066,106.010452271,142.404388428,9.8521938324,0
1415,1,4,158,1,1,6,,,,,,,8.03915786743,0
1415,2,,,,1,6,6,13.2428092957,0.0253164563328,907.135803223,99.4285812378,125.404167175,8.51719284058,0
1416,1,4,158,1,1,5,,,,,,,5.99147081375,6.68461322784
1416,2,,,,1,5,5,12.7158975601,0.0253164563328,439.132415771,93.3512039185,114.478103638,8.00636768341,0
1417,1,4,158,0.0253164563328,39.5,7,,,,,,,7.93737459183,9.68034362793
1417,2,,,,39.5,7,7,13.9273204803,0.0253164563328,870.112182617,139.61541748,158.399703979,8.24275684357,8.9871969223
1418,1,4,158,1,1,2,,,,,,,8.00636768341,0
1418,2,,,,1,2,2,11.8705997467,0.0253164563328,0,95.5796508789,117.80216217,9.05951786041,6.98471736908
1419,1,4,158,0.0253164563328,39.5,4,,,,,,,8.82467746735,0
1419,2,,,,39.5,4,4,13.3604345322,0.0253164563328,959.362792969,108.114601135,138.173736572,8.43381118774,0
1420,1,18,163,0.444444447756,2.25,7,,,,,,,10.8473930359,0
1420,2,,,,2.25,7,7,13.5118341446,0.11042945087,2327.98974609,184.15423584,183.835784912,10.0345153809,7.82404613495
1421,1,18,163,0.444444447756,2.25,8,,,,,,,8.8818359375,0
1421,2,,,,2.25,8,8,-10.2255706787,0.11042945087,0,115.638778687,146.302536011,8.18868923187,8.00636768341
1422,1,18,163,0.0245398767292,40.75,6,,,,,,,9.08250713348,9.69276618958
1422,2,,,,40.75,6,6,15.1242218018,0.11042945087,2327.98974609,157.022857666,171.167480469,10.1023387909,8.47637081146
1423,1,18,163,0.444444447756,2.25,7,,,,,,,9.05951786041,0
1423,2,,,,2.25,7,7,14.1772327423,0.11042945087,0,104.506767273,152.015380859,9.8521938324,8.69951438904
1424,1,18,163,0.444444447756,2.25,5,,,,,,,8.18868923187,0
1424,2,,,,2.25,5,5,12.1970319748,0.11042945087,0,105.175712585,158.395446777,9.5749835968,0
1425,1,18,163,0.444444447756,2.25,3,,,,,,,5.99147081375,0
1426,1,18,163,0.444444447756,2.25,4,,,,,,,9.37585449219,0
1426,2,,,,2.25,4,4,9.70503616333,0.11042945087,828.640380859,135.235855103,150.426391602,9.44935703278,0
1427,1,18,163,0.0245398767292,40.75,5,,,,,,,10.3859138489,0
1427,2,,,,40.75,5,5,17.5596599579,0.11042945087,0,141.873123169,171.784408569,10.6873893738,0
1428,1,18,163,0.444444447756,2.25,5,,,,,,,8.79482460022,9.90348720551
1428,2,,,,2.25,5,5,15.5709867477,0.11042945087,0,155.858901978,182.523574829,8.31874275208,9.53242397308
1429,1,18,163,0.444444447756,2.25,6,,,,,,,10.3417425156,0
1429,2,,,,2.25,6,6,9.99879741669,0.11042945087,0,111.317527771,157.681015015,9.37585449219,0
1430,1,18,163,0.0245398767292,40.75,6,,,,,,,5.29834222794,9.39266204834
1430,2,,,,40.75,6,6,11.1704349518,0.11042945087,0,130.251235962,153.004470825,8.10167789459,0
1431,1,18,163,0.0245398767292,40.75,4,,,,,,,10.6358556747,9.39266204834
1431,2,,,,40.75,4,4,19.138671875,0.11042945087,2327.98974609,187.919433594,173.391403198,10.8723707199,9.62905025482
1432,1,21,164,0.380952388048,2.625,9,,,,,,,9.89343738556,9.61580562592
1432,2,,,,2.625,9,9,19.138671875,0.12804877758,1268.0480957,210.562225342,186.589080811,9.47270488739,8.8818359375
1433,1,21,164,0.0243902429938,41,7,,,,,,,9.36734390259,7.60090255737
1433,2,,,,41,7,7,14.8769397736,0.12804877758,1013.03094482,141.576583862,168.891113281,9.65502643585,9.61580562592
1434,1,21,164,0.0243902429938,41,5,,,,,,,8.21608829498,0
1434,2,,,,41,5,5,13.9928197861,0.12804877758,570.558044434,116.953475952,138.058334351,8.73230457306,0
1435,1,21,164,0.380952388048,2.625,7,,,,,,,7.2442278862,0
1435,2,,,,2.625,7,7,10.8723707199,0.12804877758,940.652526855,89.6022949219,125.850585938,8.00636768341,0
1436,1,21,164,0.380952388048,2.625,5,,,,,,,9.51782512665,0
1436,2,,,,2.625,5,5,14.3532896042,0.12804877758,1025.96411133,141.467971802,165.433944702,9.30565071106,8.85366535187
1437,1,21,164,0.380952388048,2.625,8,,,,,,,9.42545223236,8.47637081146
1437,2,,,,2.625,8,8,16.0565814972,0.12804877758,658.39276123,172.663528442,179.718490601,10.1581296921,0
1438,1,21,164,0.380952388048,2.625,6,,,,,,,9.27425384521,0
1438,2,,,,2.625,6,6,14.3078517914,0.12804877758,0,101.524719238,155.411605835,9.8521938324,0
1439,1,21,164,0.380952388048,2.625,6,,,,,,,7.5496096611,0
1439,2,,,,2.625,6,6,14.5364675522,0.12804877758,0,97.1972122192,138.511398315,8.294049263,13.8924713135
1440,1,21,164,0.0243902429938,41,7,,,,,,,10.3920679092,9.39266204834
1440,2,,,,41,7,7,15.2297849655,0.12804877758,0,139.219467163,185.615539551,8.59415435791,0
1441,1,21,164,0.380952388048,2.625,8,,,,,,,9.81465625763,8.43381118774
1441,2,,,,2.625,8,8,14.0543699265,0.12804877758,1564.22277832,154.162582397,157.230865479,9.39266204834,8.00636768341
1442,1,21,164,0.380952388048,2.625,9,,,,,,,9.94270801544,8.294049263
1442,2,,,,2.625,9,9,14.6242589951,0.12804877758,924.286132812,144.598739624,172.153945923,9.30565071106,8.9871969223
1443,1,21,164,0.0243902429938,41,6,,,,,,,9.60911655426,7.60090255737
1443,2,,,,41,6,6,15.1938734055,0.12804877758,0,142.02003479,170.918548584,8.38935947418,0
1444,1,18,140,0.0285714287311,35,2,,,,,,,7.49554204941,0
1444,2,,,,35,2,2,15.1891908646,0.128571435809,0,89.2130355835,145.374359131,8.294049263,0
1445,1,18,140,0.444444447756,2.25,8,,,,,,,9.8984746933,9.21034049988
1445,2,,,,2.25,8,8,15.596780777,0.128571435809,2327.98974609,148.686859131,191.292388916,9.58877658844,9.08250713348
1446,1,18,140,0.444444447756,2.25,6,,,,,,,8.53699588776,9.22226905823
1446,2,,,,2.25,6,6,14.9679479599,0.128571435809,1746.88342285,154.68737793,168.511749268,9.28730106354,9.53242397308
1447,1,18,140,0.444444447756,2.25,3,,,,,,,0,0
1447,2,,,,2.25,3,3,12.2189884186,0.128571435809,0,60.1490936279,94.3290634155,8.59415435791,0
1448,1,18,140,0.444444447756,2.25,4,,,,,,,8.31874275208,0
1448,2,,,,2.25,4,4,14.2428026199,0.128571435809,0,128.480377197,141.700500488,7.78322410583,0
1449,1,18,140,0.444444447756,2.25,8,,,,,,,9.30565071106,0
1449,2,,,,2.25,8,8,14.3944244385,0.128571435809,828.640380859,157.482681274,149.316589355,10.1849002838,0
1450,1,18,140,0.444444447756,2.25,5,,,,,,,8.9871969223,0
1450,2,,,,2.25,5,5,13.8292160034,0.128571435809,0,98.4667053223,145.092681885,8.3428401947,7.78322410583
1451,1,18,140,0.444444447756,2.25,7,,,,,,,8.294049263,0
1451,2,,,,2.25,7,7,12.2821073532,0.128571435809,401.581298828,94.000213623,123.060287476,10.4744672775,8.294049263
1452,1,18,140,0.0285714287311,35,6,,,,,,,10.1266307831,0
1452,2,,,,35,6,6,15.2814245224,0.128571435809,1331.76245117,162.764785767,178.621185303,10.8723707199,0
1453,1,18,140,0.0285714287311,35,3,,,,,,,7.69621276855,8.92265796661
1453,2,,,,35,3,3,14.6555252075,0.128571435809,1491.38525391,130.901855469,156.693847656,0,8.294049263
1454,1,18,140,0.0285714287311,35,4,,,,,,,7.78322410583,0
1454,2,,,,35,4,4,16.6149959564,0.128571435809,1025.96411133,84.5425949097,121.010528564,7.43838405609,0
1455,1,18,140,0.444444447756,2.25,8,,,,,,,8.55641365051,7.82404613495
1455,2,,,,2.25,8,8,12.5375328064,0.128571435809,907.135803223,116.441642761,130.084487915,8.24275684357,0
1456,1,19,121,0.421052634716,2.375,5,,,,,,,8.61250305176,0
1456,2,,,,2.375,5,5,13.6707162857,0.157024800777,0,134.010162354,132.286697388,8.79482460022,0
1457,1,19,121,0.0330578498542,30.2500019073,7,,,,,,,7.74066448212,0
1457,2,,,,30.2500019073,7,7,13.8253517151,0.157024800777,0,102.812400818,129.524612427,8.8818359375,0
1458,1,19,121,0.0330578498542,30.2500019073,6,,,,,,,9.52515125275,0
1458,2,,,,30.2500019073,6,6,14.966044426,0.157024800777,0,123.781944275,165.502120972,10.1811189651,0
1459,1,19,121,0.421052634716,2.375,8,,,,,,,10.8893041611,9.90348720551
1459,2,,,,2.375,8,8,14.2944736481,0.157024800777,1025.96411133,168.846130371,176.561004639,8.41183280945,0
1460,1,19,121,0.421052634716,2.375,1,,,,,,,4.60527038574,0
1460,2,,,,2.375,1,1,12.8142061234,0.157024800777,0,62.3957824707,91.836151123,8.90923500061,0
1461,1,19,121,0.0330578498542,30.2500019073,6,,,,,,,8.71604442596,0
1461,2,,,,30.2500019073,6,6,13.7271118164,0.157024800777,873.99621582,124.152992249,141.412155151,8.69951438904,0
1462,1,19,121,0.0330578498542,30.2500019073,5,,,,,,,9.26860904694,9.50599098206
1462,2,,,,30.2500019073,5,5,15.7509088516,0.157024800777,2216.82299805,149.187530518,181.728546143,10.165851593,0
1463,1,19,121,0.421052634716,2.375,3,,,,,,,8.3428401947,0
1463,2,,,,2.375,3,3,16.2422409058,0.157024800777,0,166.569915771,136.911087036,8.90923500061,0
1464,1,19,121,0.421052634716,2.375,8,,,,,,,9.23014259338,8.99961948395
1464,2,,,,2.375,8,8,-10.2255706787,0.157024800777,1189.88208008,162.628158569,161.96496582,9.14846515656,0
1465,1,19,121,0.421052634716,2.375,4,,,,,,,7.09007740021,0
1465,2,,,,2.375,4,4,13.009642601,0.157024800777,0,94.7455596924,113.671936035,8.41183280945,0
1466,1,19,121,0.421052634716,2.375,4,,,,,,,9.42545223236,0
1466,2,,,,2.375,4,4,14.3237724304,0.157024800777,0,112.685722351,157.538314819,9.39266204834,9.14846515656
1467,1,19,121,0.421052634716,2.375,4,,,,,,,9.92329025269,0
1467,2,,,,2.375,4,4,13.1598520279,0.157024800777,0,134.969223022,146.730697632,6.90775632858,0
1468,1,10,72,0.800000011921,1.25,5,,,,,,,10.4801006317,0
1468,2,,,,1.25,5,5,13.4106864929,0.138888895512,687.221191406,132.011169434,161.659057617,10.085808754,0
1469,1,10,72,0.800000011921,1.25,5,,,,,,,7.97246599197,7.90100717545
1469,2,,,,1.25,5,5,12.9307184219,0.138888895512,298.695617676,93.6036605835,131.97996521,7.37775945663,0
1470,1,10,72,0.0555555559695,18,5,,,,,,,9.16951847076,0
1470,2,,,,18,5,5,14.6641216278,0.138888895512,0,136.181930542,155.185317993,9.68034362793,0
1471,1,10,72,0.800000011921,1.25,5,,,,,,,0,0
1471,2,,,,1.25,5,5,11.63514328,0.138888895512,0,50.4994773865,65.667350769,7.31322097778,0
1472,1,10,72,0.0555555559695,18,3,,,,,,,7.37775945663,0
1472,2,,,,18,3,3,12.7719545364,0.138888895512,0,79.9394302368,114.116615295,8.47637081146,0
1473,1,10,72,0.800000011921,1.25,4,,,,,,,7.86326694489,0
1473,2,,,,1.25,4,4,11.5730791092,0.138888895512,0,84.7275619507,109.162109375,9.15904712677,0
1474,1,10,72,0.800000011921,1.25,7,,,,,,,9.86786079407,9.28730106354
1474,2,,,,1.25,7,7,-10.1266307831,0.138888895512,694.01574707,124.06111908,157.330184937,7.2442278862,0
1475,1,10,72,0.0555555559695,18,5,,,,,,,8.10167789459,9.90348720551
1475,2,,,,18,5,5,13.2056007385,0.138888895512,0,119.849327087,152.361587524,9.7111158371,0
1476,1,10,72,0.800000011921,1.25,4,,,,,,,7.97246599197,0
1476,2,,,,1.25,4,4,12.267168045,0.138888895512,870.112182617,84.9987716675,117.967247009,8.3428401947,0
1477,1,10,72,0.800000011921,1.25,2,,,,,,,7.60090255737,0
1477,2,,,,1.25,2,2,15.4718322754,0.138888895512,0,92.756401062,119.501464844,7.60090255737,0
1478,1,10,72,0.0555555559695,18,5,,,,,,,9.5749835968,0
1478,2,,,,18,5,5,14.8616008759,0.138888895512,805.82409668,155.724105835,160.285751343,8.00636768341,8.294049263
1479,1,10,72,0.800000011921,1.25,6,,,,,,,10.8893041611,9.61580562592
1479,2,,,,1.25,6,6,12.7324390411,0.138888895512,828.640380859,134.590927124,159.608703613,8.36637020111,8.76405334473
1480,1,23,117,0.347826093435,2.875,7,,,,,,,9.74096870422,0
1480,2,,,,2.875,7,7,13.9578781128,0.196581199765,1663.75292969,147.123535156,155.35786438,8.57546234131,0
1481,1,23,117,0.347826093435,2.875,7,,,,,,,9.34136867523,0
1481,2,,,,2.875,7,7,11.9511804581,0.196581199765,0,119.350852966,125.680412292,8.43381118774,0
1482,1,23,117,0.347826093435,2.875,5,,,,,,,7.97246599197,0
1482,2,,,,2.875,5,5,11.2318878174,0.196581199765,215.080154419,89.0145492554,107.889122009,6.68461322784,7.22983932495
1483,1,23,117,0.0341880358756,29.2499980927,6,,,,,,,9.35876083374,0
1483,2,,,,29.2499980927,6,6,13.5782680511,0.196581199765,760.288269043,112.503425598,148.051513672,9.29468154907,8.294049263
1484,1,23,117,0.347826093435,2.875,4,,,,,,,10.0345153809,0
1484,2,,,,2.875,4,4,11.2947692871,0.196581199765,0,140.054092407,160.288116455,10.2255706787,0
1485,1,23,117,0.347826093435,2.875,7,,,,,,,10.8893041611,7.82404613495
1485,2,,,,2.875,7,7,13.4403810501,0.196581199765,0,145.117446899,165.307632446,4.60527038574,0
1486,1,23,117,0.347826093435,2.875,6,,,,,,,10.3189029694,0
1487,1,23,117,0.347826093435,2.875,6,,,,,,,8.26873207092,0
1487,2,,,,2.875,6,6,15.9881467819,0.196581199765,329.61807251,100.088951111,137.096237183,9.07107830048,7.09007740021
1488,1,23,117,0.0341880358756,29.2499980927,8,,,,,,,9.79812717438,0
1488,2,,,,29.2499980927,8,8,15.6495952606,0.196581199765,0,150.478027344,188.748947144,9.19013786316,0
1489,1,23,117,0.347826093435,2.875,8,,,,,,,10.8589992523,13.4022655487
1489,2,,,,2.875,8,8,15.7275533676,0.196581199765,2194.2277832,220.725875854,227.590362549,9.62905025482,9.39266204834
1490,1,23,117,0.0341880358756,29.2499980927,7,,,,,,,10.3089523315,8.69951438904
1490,2,,,,29.2499980927,7,7,15.2471609116,0.196581199765,1108.13085938,131.85333252,182.632873535,8.69951438904,0
1491,1,23,117,0.0341880358756,29.2499980927,7,,,,,,,10.8893041611,10.1105012894
1491,2,,,,29.2499980927,7,7,15.1603574753,0.196581199765,0,186.564727783,189.582168579,0,9.79812717438
1492,1,8,118,1,1,3,,,,,,,7.64969301224,8.0709066391
1492,2,,,,1,3,3,15.2135362625,0.0677966102958,513.223571777,102.548072815,155.355361938,9.28730106354,8.294049263
1493,1,8,118,0.0338983051479,29.5,3,,,,,,,10.8237705231,12.0045681
1493,2,,,,29.5,3,3,13.8637294769,0.0677966102958,1359.90576172,154.723678589,186.999404907,6.68461322784,8.38935947418
1494,1,8,118,0.0338983051479,29.5,2,,,,,,,8.10167789459,0
1494,2,,,,29.5,2,2,9.84161186218,0.0677966102958,0,83.9961776733,136.613769531,9.02401065826,0
1495,1,8,118,0.0338983051479,29.5,3,,,,,,,7.49554204941,0
1495,2,,,,29.5,3,3,14.1828994751,0.0677966102958,0,123.640991211,132.632553101,8.47637081146,0
1496,1,8,118,1,1,7,,,,,,,10.1696901321,7.86326694489
1496,2,,,,1,7,7,11.3828163147,0.0677966102958,0,126.837249756,155.15071106,8.03915786743,10.5966348648
1497,1,8,118,1,1,6,,,,,,,8.294049263,0
1497,2,,,,1,6,6,15.6159982681,0.0677966102958,0,116.061561584,143.131820679,10.3089523315,0
1498,1,8,118,1,1,4,,,,,,,7.5496096611,0
1498,2,,,,1,4,4,13.852517128,0.0677966102958,439.132415771,88.4417419434,128.278060913,7.82404613495,0
1499,1,8,118,0.0338983051479,29.5,4,,,,,,,10.2035923004,0
1499,2,,,,29.5,4,4,11.4510498047,0.0677966102958,0,132.031311035,159.684997559,9.77565383911,0
1500,1,8,118,1,1,4,,,,,,,7.69621276855,6.94697713852
1500,2,,,,1,4,4,13.1753349304,0.0677966102958,0,94.5597229004,126.932388306,8.13153076172,8.52516174316
1501,1,8,118,1,1,4,,,,,,,7.40245199203,0
1502,1,8,118,1,1,5,,,,,,,9.80917644501,0
1502,2,,,,1,5,5,13.0094184875,0.0677966102958,261.767272949,119.656433105,146.365539551,9.20432186127,8.47637081146
1503,1,8,118,1,1,3,,,,,,,7.43838405609,0
1503,2,,,,1,3,3,12.9801082611,0.0677966102958,0,94.0395812988,117.042526245,8.26873207092,0
1504,1,12,175,0.666666686535,1.5,7,,,,,,,8.80986309052,7.44073390961
1504,2,,,,1.5,7,7,14.1416435242,0.0685714259744,0,121.816932678,154.169647217,8.08332824707,0
1505,1,12,175,0.0228571426123,43.75,3,,,,,,,8.85366535187,0
1505,2,,,,43.75,3,3,17.1581459045,0.0685714259744,0,98.2495651245,146.086547852,8.69951438904,0
1506,1,12,175,0.666666686535,1.5,4,,,,,,,8.19973945618,0
1506,2,,,,1.5,4,4,15.9017162323,0.0685714259744,0,106.650878906,135.857620239,8.85366535187,0
1507,1,12,175,0.666666686535,1.5,7,,,,,,,10.2887496948,0
1507,2,,,,1.5,7,7,14.3999586105,0.0685714259744,0,171.327575684,162.266769409,10.7363967896,0
1508,1,12,175,0.666666686535,1.5,8,,,,,,,9.2202911377,7.22983932495
1508,2,,,,1.5,8,8,13.8218898773,0.0685714259744,801.06652832,106.905662537,151.085174561,9.41735458374,9.5749835968
1509,1,12,175,0.0228571426123,43.75,8,,,,,,,7.37775945663,0
1509,2,,,,43.75,8,8,18.8697280884,0.0685714259744,0,135.86265564,130.943740845,9.03598690033,8.9871969223
1510,1,12,175,0.666666686535,1.5,4,,,,,,,10.0690021515,9.76995658875
1510,2,,,,1.5,4,4,14.1571121216,0.0685714259744,0,133.990539551,171.541656494,9.12041568756,0
1511,1,12,175,0.666666686535,1.5,6,,,,,,,8.05197811127,0
1511,2,,,,1.5,6,6,15.5277576447,0.0685714259744,0,161.130737305,126.973091125,9.61580562592,0
1512,1,12,175,0.666666686535,1.5,6,,,,,,,8.00636768341,0
1512,2,,,,1.5,6,6,11.1591033936,0.0685714259744,658.39276123,99.5893325806,138.494796753,8.47637081146,0
1513,1,12,175,0.666666686535,1.5,5,,,,,,,7.64969301224,0
1513,2,,,,1.5,5,5,13.6760187149,0.0685714259744,0,93.0290985107,126.57938385,7.37775945663,0
1514,1,12,175,0.0228571426123,43.75,6,,,,,,,7.97246599197,0
1514,2,,,,43.75,6,6,12.7405166626,0.0685714259744,1399.0736084,124.289115906,135.537643433,6.55108261108,7.60090255737
1515,1,12,175,0.0228571426123,43.75,4,,,,,,,9.37585449219,0
1515,2,,,,43.75,4,4,14.3572530746,0.0685714259744,971.324707031,146.02432251,150.987442017,7.60090255737,8.294049263
1516,1,21,199,0.380952388048,2.625,6,,,,,,,8.24275684357,9.61580562592
1516,2,,,,2.625,6,6,15.0882997513,0.105527639389,910.632629395,147.195877075,169.716720581,10.089966774,0
1517,1,21,199,0.0201005022973,49.75,5,,,,,,,8.26873207092,0
1517,2,,,,49.75,5,5,13.5021686554,0.105527639389,0,122.401443481,130.814849854,7.49554204941,0
1518,1,21,199,0.380952388048,2.625,3,,,,,,,7.74066448212,11.0020999908
1518,2,,,,2.625,3,3,13.5005254745,0.105527639389,439.132415771,136.477462769,166.692810059,9.47270488739,0
1519,1,21,199,0.380952388048,2.625,6,,,,,,,8.80986309052,0
1519,2,,,,2.625,6,6,13.4402351379,0.105527639389,0,122.23916626,144.039428711,9.53242397308,0
1520,1,21,199,0.0201005022973,49.75,6,,,,,,,9.95227813721,9.68034362793
1520,2,,,,49.75,6,6,15.1385984421,0.105527639389,1399.0736084,160.228256226,180.092941284,9.62905025482,0
1521,1,21,199,0.380952388048,2.625,7,,,,,,,9.35010242462,0
1521,2,,,,2.625,7,7,11.4251861572,0.105527639389,999.639282227,114.51259613,168.015914917,8.82467746735,0
1522,1,21,199,0.380952388048,2.625,7,,,,,,,8.294049263,8.9871969223
1522,2,,,,2.625,7,7,14.8313932419,0.105527639389,1575.84387207,147.15423584,160.972885132,8.66561317444,8.9871969223
1523,1,21,199,0.0201005022973,49.75,3,,,,,,,7.60090255737,0
1523,2,,,,49.75,3,3,13.0147781372,0.105527639389,0,99.7275848389,116.994995117,8.31874275208,0
1524,1,21,199,0.380952388048,2.625,6,,,,,,,7.90100717545,0
1524,2,,,,2.625,6,6,12.9369974136,0.105527639389,0,82.705696106,124.135414124,9.2202911377,0
1525,1,21,199,0.0201005022973,49.75,6,,,,,,,8.38935947418,9.21034049988
1525,2,,,,49.75,6,6,15.0892801285,0.105527639389,0,145.710784912,167.523025513,9.40919113159,0
1526,1,21,199,0.380952388048,2.625,5,,,,,,,9.0118894577,10.1266307831
1526,2,,,,2.625,5,5,13.6424655914,0.105527639389,0,155.565078735,154.394393921,8.47637081146,14.6909790039
1527,1,21,199,0.380952388048,2.625,4,,,,,,,9.87302875519,9.61580562592
1527,2,,,,2.625,4,4,14.4144020081,0.105527639389,1526.00878906,166.74357605,159.128829956,8.24275684357,9.28730106354
1528,1,8,175,1,1,3,,,,,,,7.5496096611,0
1529,1,8,175,0.0228571426123,43.75,7,,,,,,,9.60238265991,9.48797225952
1529,2,,,,43.75,7,7,13.5855894089,0.0457142852247,959.362792969,140.401412964,156.387298584,8.90923500061,0
1530,1,8,175,1,1,7,,,,,,,9.12695884705,7.09007740021
1530,2,,,,1,7,7,13.8118982315,0.0457142852247,1095.57873535,125.113395691,150.08480835,9.27237606049,0
1531,1,8,175,1,1,6,,,,,,,7.69621276855,9.54681301117
1531,2,,,,1,6,6,14.595202446,0.0457142852247,1438.98620605,127.568435669,163.795623779,9.02401065826,0
1532,1,8,175,0.0228571426123,43.75,5,,,,,,,10.8893041611,0
1532,2,,,,43.75,5,5,14.9713220596,0.0457142852247,0,180.401184082,171.100967407,10.4573726654,9.90348720551
1533,1,8,175,0.0228571426123,43.75,6,,,,,,,10.4458122253,9.21034049988
1533,2,,,,43.75,6,6,14.9965438843,0.0457142852247,2094.13525391,167.143737793,179.408203125,10.8723707199,0
1534,1,8,175,1,1,5,,,,,,,8.74830532074,0
1534,2,,,,1,5,5,13.33776474,0.0457142852247,850.00604248,94.877456665,138.339157104,8.97461795807,0
1535,1,8,175,1,1,4,,,,,,,9.34136867523,0
1535,2,,,,1,4,4,13.9386415482,0.0457142852247,0,122.898803711,149.899429321,8.47637081146,0
1536,1,8,175,0.0228571426123,43.75,5,,,,,,,9.16951847076,13.710149765
1536,2,,,,43.75,5,5,14.6026945114,0.0457142852247,439.132415771,176.241821289,220.242965698,9.91343784332,0
1537,1,8,175,1,1,7,,,,,,,9.30565071106,0
1537,2,,,,1,7,7,13.3026828766,0.0457142852247,0,132.816452026,142.155929565,8.73230457306,0
1538,1,8,175,1,1,8,,,,,,,9.62905025482,0
1538,2,,,,1,8,8,13.3625307083,0.0457142852247,0,142.952194214,137.568481445,6.60665178299,0
1539,1,8,175,1,1,5,,,,,,,8.73230457306,7.82404613495
1539,2,,,,1,5,5,13.0960197449,0.0457142852247,971.324707031,108.734550476,139.06578064,8.3428401947,8.9871969223
1540,1,18,111,0.444444447756,2.25,4,,,,,,,8.13153076172,0
1540,2,,,,2.25,4,4,13.1191577911,0.162162154913,0,101.334320068,128.033584595,7.2442278862,0
1541,1,18,111,0.444444447756,2.25,4,,,,,,,0,10.335269928
1541,2,,,,2.25,4,4,14.7213468552,0.162162154913,0,154.672470093,173.188644409,7.78322410583,0
1542,1,18,111,0.444444447756,2.25,5,,,,,,,9.41735458374,8.69951438904
1542,2,,,,2.25,5,5,13.5776338577,0.162162154913,0,147.266723633,143.171890259,8.24275684357,0
1543,1,18,111,0.444444447756,2.25,4,,,,,,,8.94897556305,0
1543,2,,,,2.25,4,4,11.1704349518,0.162162154913,725.893249512,113.770973206,151.027359009,7.78322410583,13.5670490265
1544,1,18,111,0.0360360369086,27.75,7,,,,,,,9.72913455963,10.2035923004
1544,2,,,,27.75,7,7,17.0105190277,0.162162154913,0,207.552047729,177.59992981,7.37775945663,0
1545,1,18,111,0.0360360369086,27.75,6,,,,,,,9.39266204834,0
1545,2,,,,27.75,6,6,15.5748157501,0.162162154913,2327.98974609,161.416763306,169.835128784,8.38935947418,8.79482460022
1546,1,18,111,0.444444447756,2.25,7,,,,,,,10.8893041611,9.76995658875
1546,2,,,,2.25,7,7,-10.2255706787,0.162162154913,2324.28100586,178.195037842,187.515441895,8.38935947418,8.26873207092
1547,1,18,111,0.444444447756,2.25,2,,,,,,,6.39693260193,0
1547,2,,,,2.25,2,2,14.4559955597,0.162162154913,471.496643066,93.4822006226,121.497436523,7.69621276855,0
1548,1,18,111,0.444444447756,2.25,8,,,,,,,9.10497951508,8.47637081146
1548,2,,,,2.25,8,8,12.8638515472,0.162162154913,1798.52282715,147.007675171,149.832260132,8.64822101593,13.710149765
1549,1,18,111,0.444444447756,2.25,8,,,,,,,8.76405334473,7.60090255737
1549,2,,,,2.25,8,8,14.8473777771,0.162162154913,2327.98974609,149.812454224,155.976135254,7.2442278862,0
1550,1,18,111,0.0360360369086,27.75,4,,,,,,,8.13153076172,9.48797225952
1550,2,,,,27.75,4,4,16.3106899261,0.162162154913,0,128.587585449,185.073638916,8.3428401947,0
1551,1,18,111,0.0360360369086,27.75,5,,,,,,,9.50300979614,8.51719284058
1551,2,,,,27.75,5,5,14.9218921661,0.162162154913,2146.29931641,158.316726685,164.793579102,8.43381118774,0
1552,1,7,120,1,1,7,,,,,,,8.3428401947,0
1552,2,,,,1,7,7,12.6516551971,0.0583333335817,570.558044434,107.773948669,133.561325073,7.17012023926,0
1553,1,7,120,1,1,3,,,,,,,8.3428401947,0
1553,2,,,,1,3,3,12.1345767975,0.0583333335817,0,103.043190002,124.104820251,8.3428401947,8.18868923187
1554,1,7,120,0.0333333350718,29.9999980927,3,,,,,,,7.69621276855,0
1554,2,,,,29.9999980927,3,3,14.0330381393,0.0583333335817,0,89.7787322998,132.88369751,8.10167789459,0
1555,1,7,120,0.0333333350718,29.9999980927,2,,,,,,,8.89562988281,0
1555,2,,,,29.9999980927,2,2,14.5393810272,0.0583333335817,0,106.669372559,151.565338135,9.23989963531,0
1556,1,7,120,1,1,6,,,,,,,7.86326694489,0
1556,2,,,,1,6,6,13.6932296753,0.0583333335817,0,112.114387512,132.968841553,7.69621276855,0
1557,1,7,120,1,1,5,,,,,,,8.0709066391,0
1557,2,,,,1,5,5,9.44145202637,0.0583333335817,0,90.2323913574,138.659912109,8.0709066391,0
1558,1,7,120,1,1,6,,,,,,,9.26860904694,13.710149765
1558,2,,,,1,6,6,15.5136919022,0.0583333335817,841.620605469,222.326248169,226.397964478,8.66561317444,9.30565071106
1559,1,7,120,0.0333333350718,29.9999980927,3,,,,,,,7.86326694489,8.69951438904
1559,2,,,,29.9999980927,3,3,12.1704454422,0.0583333335817,971.324707031,112.599143982,122.051177979,9.08023166656,0
1560,1,7,120,1,1,5,,,,,,,7.93737459183,0
1561,1,7,120,1,1,2,,,,,,,8.34759044647,0
1561,2,,,,1,2,2,14.2216424942,0.0583333335817,0,128.381256104,141.873214722,7.90100717545,8.82467746735
1562,1,7,120,0.0333333350718,29.9999980927,4,,,,,,,7.78322410583,0
1562,2,,,,29.9999980927,4,4,11.8493976593,0.0583333335817,0,74.1762237549,112.927955627,9.06415748596,0
1563,1,5,88,1,1,2,,,,,,,4.60527038574,0
1563,2,,,,1,2,2,12.6404495239,0.0568181835115,0,53.4215316772,76.6050186157,6.90775632858,0
1564,1,5,88,1,1,2,,,,,,,8.03915786743,0
1564,2,,,,1,2,2,12.7068481445,0.0568181835115,0,98.7467269897,120.802581787,8.18868923187,8.82467746735
1565,1,5,88,0.0454545468092,22,1,,,,,,,5.29834222794,0
1565,2,,,,22,1,1,11.3930149078,0.0568181835115,0,84.8162307739,110.690963745,5.99147081375,8.0709066391
1566,1,5,88,1,1,4,,,,,,,0,8.18868923187
1566,2,,,,1,4,4,13.2759428024,0.0568181835115,0,120.582572937,128.598831177,5.29834222794,8.294049263
1567,1,5,88,0.0454545468092,22,3,,,,,,,8.00636768341,7.78322410583
1567,2,,,,22,3,3,13.9925680161,0.0568181835115,0,128.275222778,141.973007202,8.55641365051,0
1568,1,5,88,0.0454545468092,22,2,,,,,,,8.18868923187,8.294049263
1568,2,,,,22,2,2,14.5672092438,0.0568181835115,0,122.617828369,152.049942017,8.82467746735,0
1569,1,5,88,1,1,2,,,,,,,9.08250713348,8.00636768341
1569,2,,,,1,2,2,13.411444664,0.0568181835115,0,120.797966003,145.947280884,8.63052177429,0
1570,1,5,88,1,1,3,,,,,,,6.68461322784,7.09007740021
1570,2,,,,1,3,3,-10.2255706787,0.0568181835115,0,89.8273391724,106.22718811,7.37775945663,0
1571,1,5,88,0.0454545468092,22,4,,,,,,,9.60238265991,0
1571,2,,,,22,4,4,16.7339839935,0.0568181835115,946.996704102,127.97492981,142.945770264,8.9871969223,0
1572,1,28,135,0.0296296291053,33.75,4,,,,,,,8.31874275208,8.294049263
1572,2,,,,33.75,4,4,12.3749713898,0.207407400012,658.39276123,105.898071289,131.340240479,0,7.37775945663
1573,1,28,135,0.285714298487,3.49999976158,4,,,,,,,0,7.49554204941
1573,2,,,,3.49999976158,4,4,-9.95702838898,0.207407400012,0,94.6188735962,128.683547974,7.64160490036,5.15129470825
1574,1,28,135,0.285714298487,3.49999976158,3,,,,,,,8.294049263,0
1574,2,,,,3.49999976158,3,3,14.0447158813,0.207407400012,791.340515137,98.9448623657,136.661895752,8.3428401947,0
1575,1,28,135,0.285714298487,3.49999976158,3,,,,,,,0,8.9871969223
1575,2,,,,3.49999976158,3,3,13.4024162292,0.207407400012,971.324707031,104.640861511,139.494094849,8.74830532074,8.38935947418
1576,1,28,135,0.285714298487,3.49999976158,2,,,,,,,7.2442278862,0
1576,2,,,,3.49999976158,2,2,12.2596130371,0.207407400012,0,81.8049468994,111.742156982,8.3428401947,9.54681301117
1577,1,28,135,0.0296296291053,33.75,4,,,,,,,9.05951786041,0
1577,2,,,,33.75,4,4,13.9860963821,0.207407400012,0,120.510734558,151.01373291,7.78322410583,0
1578,1,28,135,0.285714298487,3.49999976158,2,,,,,,,6.90775632858,7.2442278862
1578,2,,,,3.49999976158,2,2,12.2690477371,0.207407400012,0,91.5790405273,119.890617371,9.32366943359,0
1579,1,28,135,0.0296296291053,33.75,7,,,,,,,7.03878450394,9.16951847076
1579,2,,,,33.75,7,7,13.9060821533,0.207407400012,0,126.168617249,150.542098999,0,0
1580,1,28,135,0.285714298487,3.49999976158,2,,,,,,,5.29834222794,0
1580,2,,,,3.49999976158,2,2,14.736032486,0.207407400012,0,63.8935585022,87.2934646606,8.47637081146,0
1581,1,28,135,0.0296296291053,33.75,2,,,,,,,0,0
1581,2,,,,33.75,2,2,13.6003351212,0.207407400012,828.640380859,58.6678504944,71.3095169067,5.29834222794,7.09007740021
1582,1,28,135,0.285714298487,3.49999976158,3,,,,,,,6.32793998718,6.68461322784
1582,2,,,,3.49999976158,3,3,13.3572769165,0.207407400012,725.893249512,107.705039978,124.995872498,7.09007740021,7.60090255737
1583,1,28,135,0.285714298487,3.49999976158,6,,,,,,,10.8893041611,0
1583,2,,,,3.49999976158,6,6,13.5068092346,0.207407400012,570.558044434,172.818725586,160.404296875,8.43381118774,8.85366535187
1584,1,26,114,0.0350877195597,28.5,3,,,,,,,8.43381118774,0
1585,1,26,114,0.307692319155,3.24999976158,4,,,,,,,6.21461200714,0
1585,2,,,,3.24999976158,4,4,10.4659566879,0.228070169687,439.132415771,85.4612731934,118.327186584,7.82404613495,0
1586,1,26,114,0.0350877195597,28.5,2,,,,,,,8.13153076172,0
1586,2,,,,28.5,2,2,12.1866855621,0.228070169687,570.558044434,99.7551040649,119.524765015,8.41183280945,0
1587,1,26,114,0.307692319155,3.24999976158,5,,,,,,,8.66561317444,8.294049263
1587,2,,,,3.24999976158,5,5,13.4188528061,0.228070169687,0,142.979827881,147.343978882,7.60090255737,8.294049263
1588,1,26,114,0.307692319155,3.24999976158,5,,,,,,,0,0
1588,2,,,,3.24999976158,5,5,13.724820137,0.228070169687,1095.57873535,100.982368469,120.524215698,7.78322410583,8.66561317444
1589,1,26,114,0.307692319155,3.24999976158,2,,,,,,,7.86326694489,0
1589,2,,,,3.24999976158,2,2,11.5268287659,0.228070169687,0,100.072418213,130.380065918,7.31322097778,8.9871969223
1590,1,26,114,0.307692319155,3.24999976158,4,,,,,,,8.9871969223,0
1590,2,,,,3.24999976158,4,4,12.9484863281,0.228070169687,889.11315918,104.97479248,135.303100586,7.69621276855,0
1591,1,26,114,0.0350877195597,28.5,6,,,,,,,8.85366535187,9.79812717438
1591,2,,,,28.5,6,6,14.7277936935,0.228070169687,1540.11547852,157.355422974,167.156204224,5.29834222794,9.23795509338
1592,1,26,114,0.307692319155,3.24999976158,6,,,,,,,6.55108261108,10.3417425156
1592,2,,,,3.24999976158,6,6,12.9299917221,0.228070169687,439.132415771,140.308898926,154.230682373,0,8.294049263
1593,1,26,114,0.307692319155,3.24999976158,3,,,,,,,7.64160490036,0
1593,2,,,,3.24999976158,3,3,14.1423654556,0.228070169687,940.652526855,138.751296997,144.201629639,8.45531749725,9.42545223236
1594,1,26,114,0.307692319155,3.24999976158,6,,,,,,,8.69951438904,9.54681301117
1594,2,,,,3.24999976158,6,6,14.1562461853,0.228070169687,0,150.629669189,162.981399536,7.60090255737,6.90775632858
1595,1,26,114,0.0350877195597,28.5,5,,,,,,,8.43381118774,8.69951438904
1595,2,,,,28.5,5,5,13.6770524979,0.228070169687,0,125.926231384,147.255554199,7.49554204941,9.39266204834
1596,1,6,132,0.0303030312061,33,6,,,,,,,10.416311264,0
1596,2,,,,33,6,6,13.149939537,0.0454545468092,1331.76245117,167.153457642,167.043487549,7.2442278862,9.21034049988
1597,1,6,132,1,1,4,,,,,,,9.96175670624,0
1597,2,,,,1,4,4,-9.5749835968,0.0454545468092,959.362792969,111.412872314,154.153823853,9.14846515656,0
1598,1,6,132,1,1,5,,,,,,,8.86785030365,0
1598,2,,,,1,5,5,16.7994709015,0.0454545468092,0,137.039993286,139.150543213,8.57546234131,0
1599,1,6,132,1,1,4,,,,,,,6.21461200714,7.31322097778
1599,2,,,,1,4,4,13.9240064621,0.0454545468092,1293.86706543,121.794937134,117.288497925,8.18868923187,8.294049263
1600,1,6,132,1,1,8,,,,,,,7.86326694489,7.09007740021
1600,2,,,,1,8,8,13.6588563919,0.0454545468092,658.39276123,128.302825928,127.702636719,9.47270488739,9.10497951508
1601,1,6,132,0.0303030312061,33,3,,,,,,,8.55641365051,0
1601,2,,,,33,3,3,16.7186660767,0.0454545468092,781.316589355,121.938560486,142.020675659,9.84161186218,7.78322410583
1602,1,6,132,0.0303030312061,33,5,,,,,,,9.61580562592,11.097410202
1602,2,,,,33,5,5,15.5829601288,0.0454545468092,1135.97009277,151.295257568,205.792907715,10.5490188599,10.4631032944
1603,1,6,132,0.0303030312061,33,6,,,,,,,10.2255706787,10.6454248428
1603,2,,,,33,6,6,19.138671875,0.0454545468092,1663.75292969,188.044647217,204.866775513,10.1266307831,10.1811189651
1604,1,6,132,1,1,8,,,,,,,8.43381118774,7.78322410583
1604,2,,,,1,8,8,14.1881084442,0.0454545468092,570.558044434,114.911811829,148.622802734,8.63052177429,0
1605,1,6,132,1,1,6,,,,,,,8.26873207092,0
1605,2,,,,1,6,6,14.2376365662,0.0454545468092,0,100.684089661,145.835220337,7.78322410583,0
1606,1,11,83,0.727272748947,1.375,5,,,,,,,8.80986309052,7.60090255737
1606,2,,,,1.375,5,5,16.2160396576,0.132530122995,1176.18334961,172.804397583,148.065109253,0,7.60090255737
1607,1,11,83,0.727272748947,1.375,5,,,,,,,8.80986309052,0
1608,1,11,83,0.727272748947,1.375,2,,,,,,,6.90775632858,0
1608,2,,,,1.375,2,2,11.8451023102,0.132530122995,0,72.66456604,105.8879776,7.64969301224,8.3428401947
1609,1,11,83,0.048192769289,20.75,3,,,,,,,8.294049263,9.08250713348
1609,2,,,,20.75,3,3,14.0121459961,0.132530122995,805.82409668,144.449172974,150.673034668,7.09007740021,8.51719284058
1610,1,11,83,0.727272748947,1.375,4,,,,,,,8.85366535187,10.8197784424
1610,2,,,,1.375,4,4,14.4233283997,0.132530122995,1962.93054199,150.413085938,176.795623779,7.2442278862,10.2182979584
1611,1,11,83,0.727272748947,1.375,3,,,,,,,7.2442278862,8.9871969223
1611,2,,,,1.375,3,3,15.0155916214,0.132530122995,0,159.06803894,134.511428833,7.95155954361,9.94270801544
1612,1,11,83,0.048192769289,20.75,4,,,,,,,6.55108261108,0
1612,2,,,,20.75,4,4,13.3630170822,0.132530122995,0,104.666046143,111.653114319,6.68461322784,0
1613,1,11,83,0.048192769289,20.75,6,,,,,,,9.84161186218,10.2399597168
1613,2,,,,20.75,6,6,14.8844194412,0.132530122995,1934.76806641,172.385543823,173.617904663,9.53242397308,9.21034049988
1614,1,11,83,0.727272748947,1.375,5,,,,,,,8.13153076172,0
1614,2,,,,1.375,5,5,13.3931531906,0.132530122995,570.558044434,112.055717468,132.735122681,5.29834222794,6.68461322784
1615,1,11,83,0.727272748947,1.375,4,,,,,,,8.69951438904,0
1615,2,,,,1.375,4,4,13.9015045166,0.132530122995,0,133.520202637,136.155105591,9.10497951508,0
1616,1,11,83,0.727272748947,1.375,6,,,,,,,10.1886663437,8.44677066803
1616,2,,,,1.375,6,6,14.1910934448,0.132530122995,907.135803223,163.574768066,167.237182617,7.49554204941,8.73873519897
1617,1,11,83,0.048192769289,20.75,5,,,,,,,8.73230457306,8.9871969223
1617,2,,,,20.75,5,5,13.6033067703,0.132530122995,0,148.184082031,136.259963989,7.00306606293,9.90348720551
1618,1,17,219,0.470588237047,2.125,2,,,,,,,8.82467746735,0
1618,2,,,,2.125,2,2,16.7884235382,0.0776255726814,1599.66174316,119.745109558,130.321517944,7.69621276855,0
1619,1,17,219,0.470588237047,2.125,4,,,,,,,9.39266204834,0
1619,2,,,,2.125,4,4,15.9268865585,0.0776255726814,0,131.413162231,127.559257507,7.37775945663,8.69951438904
1620,1,17,219,0.0182648394257,54.7500038147,2,,,,,,,7.09007740021,0
1620,2,,,,54.7500038147,2,2,11.8277359009,0.0776255726814,0,104.79069519,124.549858093,7.2442278862,6.68461322784
1621,1,17,219,0.0182648394257,54.7500038147,8,,,,,,,9.08250713348,8.8818359375
1621,2,,,,54.7500038147,8,8,18.5783176422,0.0776255726814,1375.54284668,155.546600342,173.186035156,8.99961948395,8.47637081146
1622,1,17,219,0.470588237047,2.125,5,,,,,,,9.68034362793,0
1622,2,,,,2.125,5,5,13.6899471283,0.0776255726814,828.640380859,138.490890503,150.923080444,8.64822101593,0
1623,1,17,219,0.470588237047,2.125,4,,,,,,,8.31874275208,8.04558849335
1623,2,,,,2.125,4,4,14.3039674759,0.0776255726814,0,128.421478271,148.313354492,9.92817974091,8.69951438904
1624,1,17,219,0.470588237047,2.125,4,,,,,,,7.78322410583,8.9871969223
1624,2,,,,2.125,4,4,13.3620100021,0.0776255726814,828.640380859,110.847045898,143.627410889,9.24956130981,9.39266204834
1625,1,17,219,0.470588237047,2.125,6,,,,,,,10.8893041611,9.90348720551
1625,2,,,,2.125,6,6,15.1853704453,0.0776255726814,1771.87365723,183.684799194,185.608322144,8.21608829498,9.21034049988
1626,1,17,219,0.470588237047,2.125,9,,,,,,,9.39764976501,10.1811189651
1626,2,,,,2.125,9,9,16.1336936951,0.0776255726814,870.112182617,188.717468262,183.619888306,8.66561317444,9.19013786316
1627,1,17,219,0.470588237047,2.125,9,,,,,,,10.3221979141,7.09007740021
1627,2,,,,2.125,9,9,15.8542604446,0.0776255726814,1920.13269043,178.829574585,181.384429932,9.71715831757,8.00636768341
1628,1,17,219,0.0182648394257,54.7500038147,5,,,,,,,9.14846515656,10.7472076416
1628,2,,,,54.7500038147,5,5,19.138671875,0.0776255726814,959.362792969,179.930053711,171.657455444,9.21034049988,0
1629,1,17,219,0.0182648394257,54.7500038147,6,,,,,,,7.2442278862,9.61580562592
1629,2,,,,54.7500038147,6,6,16.3658466339,0.0776255726814,1477.50366211,146.012786865,186.072616577,9.89343738556,9.35876083374
1630,1,17,106,0.0377358496189,26.5,1,,,,,,,8.3428401947,0
1630,2,,,,26.5,1,1,13.1922626495,0.16037735343,0,116.547874451,127.169006348,7.60090255737,0
1631,1,17,106,0.0377358496189,26.5,4,,,,,,,8.71604442596,6.21461200714
1631,2,,,,26.5,4,4,14.0657863617,0.16037735343,0,130.080062866,143.598022461,8.66561317444,9.39266204834
1632,1,17,106,0.470588237047,2.125,4,,,,,,,7.2442278862,6.90775632858
1632,2,,,,2.125,4,4,13.1965427399,0.16037735343,0,105.772918701,121.332374573,0,0
1633,1,17,106,0.470588237047,2.125,3,,,,,,,6.68461322784,7.09007740021
1633,2,,,,2.125,3,3,13.8151102066,0.16037735343,0,118.084274292,127.94619751,6.17379045486,8.9871969223
1634,1,17,106,0.0377358496189,26.5,1,,,,,,,0,0
1634,2,,,,26.5,1,1,8.79482460022,0.16037735343,0,45.9133834839,73.0440673828,0,8.41183280945
1635,1,17,106,0.470588237047,2.125,1,,,,,,,6.55108261108,6.39693260193
1635,2,,,,2.125,1,1,13.1476411819,0.16037735343,0,108.428207397,120.226478577,8.89562988281,11.2252435684
1636,1,17,106,0.470588237047,2.125,4,,,,,,,5.99147081375,4.60527038574
1636,2,,,,2.125,4,4,13.5295333862,0.16037735343,725.893249512,92.4971313477,117.592575073,8.16051864624,7.64969301224
1637,1,17,106,0.470588237047,2.125,3,,,,,,,5.29834222794,8.76405334473
1637,2,,,,2.125,3,3,13.8124055862,0.16037735343,0,105.566040039,144.078140259,7.5496096611,7.93737459183
1638,1,17,106,0.470588237047,2.125,6,,,,,,,7.17012023926,7.5496096611
1638,2,,,,2.125,6,6,14.311545372,0.16037735343,329.61807251,94.7887039185,141.628051758,8.3428401947,0
1639,1,17,106,0.470588237047,2.125,4,,,,,,,0,8.18868923187
1639,2,,,,2.125,4,4,13.8883895874,0.16037735343,0,111.252044678,137.841445923,8.49699020386,0
1640,1,17,106,0.0377358496189,26.5,3,,,,,,,4.60527038574,5.99147081375
1640,2,,,,26.5,3,3,14.5209264755,0.16037735343,0,98.8702087402,124.805885315,7.2442278862,5.99147081375
1641,1,17,106,0.470588237047,2.125,5,,,,,,,9.32366943359,9.23014259338
1641,2,,,,2.125,5,5,14.2672863007,0.16037735343,1613.15454102,153.768630981,160.699325562,7.69621276855,7.78322410583
1642,1,34,80,0.235294118524,4.25,3,,,,,,,0,6.68461322784
1642,2,,,,4.25,3,3,13.984662056,0.425000011921,0,94.3476104736,118.070098877,8.93590354919,7.60090255737
1643,1,34,80,0.235294118524,4.25,2,,,,,,,6.80239582062,9.54681301117
1643,2,,,,4.25,2,2,12.290514946,0.425000011921,0,128.009155273,125.792144775,7.2442278862,0
1644,1,34,80,0.235294118524,4.25,2,,,,,,,7.09007740021,0
1644,2,,,,4.25,2,2,10.2819242477,0.425000011921,828.640380859,81.9462280273,123.750701904,9.75846195221,0
1645,1,34,80,0.235294118524,4.25,3,,,,,,,9.53242397308,8.00636768341
1645,2,,,,4.25,3,3,11.6639280319,0.425000011921,0,145.586669922,138.245391846,7.97246599197,7.93737459183
1646,1,34,80,0.0500000007451,20,4,,,,,,,7.49554204941,0
1646,2,,,,20,4,4,8.66561317444,0.425000011921,0,78.6286849976,125.091163635,6.68461322784,8.294049263
1647,1,34,80,0.0500000007451,20,2,,,,,,,8.294049263,0
1647,2,,,,20,2,2,13.8309898376,0.425000011921,0,94.2236328125,135.952987671,7.93737459183,9.39266204834
1648,1,34,80,0.235294118524,4.25,3,,,,,,,7.60090255737,0
1648,2,,,,4.25,3,3,-10.2255706787,0.425000011921,471.496643066,78.4340744019,127.078201294,8.18868923187,0
1649,1,34,80,0.235294118524,4.25,3,,,,,,,7.09007740021,0
1649,2,,,,4.25,3,3,14.5274600983,0.425000011921,0,90.9656066895,129.747406006,0,0
1650,1,34,80,0.0500000007451,20,4,,,,,,,8.73230457306,8.69951438904
1650,2,,,,20,4,4,-10.2255706787,0.425000011921,0,96.5170288086,149.690429688,6.68461322784,7.60090255737
1651,1,34,80,0.235294118524,4.25,1,,,,,,,6.90775632858,6.39693260193
1651,2,,,,4.25,1,1,13.838347435,0.425000011921,0,87.1745529175,125.873649597,5.99147081375,0
1652,1,34,80,0.235294118524,4.25,4,,,,,,,6.90775632858,9.35010242462
1652,2,,,,4.25,4,4,14.9292726517,0.425000011921,2018.46008301,150.117736816,160.878967285,9.89343738556,9.15904712677
1653,1,34,80,0.0500000007451,20,1,,,,,,,8.55641365051,7.69621276855
1653,2,,,,20,1,1,12.6741991043,0.425000011921,725.893249512,97.3006591797,131.867294312,8.96187877655,0
1654,1,11,77,0.727272748947,1.375,2,,,,,,,5.7037935257,0
1654,2,,,,1.375,2,2,13.8501052856,0.142857149243,0,76.6128997803,113.522514343,10.1105012894,0
1655,1,11,77,0.727272748947,1.375,4,,,,,,,8.0709066391,9.08250713348
1655,2,,,,1.375,4,4,13.3408565521,0.142857149243,0,105.326164246,146.459991455,8.69951438904,8.90923500061
1656,1,11,77,0.727272748947,1.375,4,,,,,,,7.78322410583,0
1656,2,,,,1.375,4,4,7.93737459183,0.142857149243,0,87.9504928589,131.621749878,9.79255580902,0
1657,1,11,77,0.727272748947,1.375,3,,,,,,,7.60090255737,8.00636768341
1657,2,,,,1.375,3,3,13.2858419418,0.142857149243,570.558044434,96.1584854126,135.278762817,7.2442278862,8.60886001587
1658,1,11,77,0.0519480518997,19.25,3,,,,,,,9.7111158371,0
1658,2,,,,19.25,3,3,14.0338420868,0.142857149243,617.859069824,117.138908386,159.579818726,8.0709066391,9.79812717438
1659,1,11,77,0.727272748947,1.375,3,,,,,,,6.90775632858,0
1659,2,,,,1.375,3,3,13.3342437744,0.142857149243,0,80.9262619019,116.901039124,9.35876083374,0
1660,1,11,77,0.727272748947,1.375,6,,,,,,,8.85366535187,0
1660,2,,,,1.375,6,6,13.8744211197,0.142857149243,570.558044434,118.463882446,142.704040527,9.10497951508,8.00636768341
1661,1,11,77,0.0519480518997,19.25,3,,,,,,,9.10497951508,0
1661,2,,,,19.25,3,3,15.7646160126,0.142857149243,0,108.551818848,147.301956177,8.79482460022,7.09007740021
1662,1,11,77,0.727272748947,1.375,5,,,,,,,8.294049263,8.18868923187
1662,2,,,,1.375,5,5,10.49127388,0.142857149243,1095.57873535,107.751693726,142.070755005,6.68461322784,8.00636768341
1663,1,11,77,0.0519480518997,19.25,4,,,,,,,5.76833057404,7.2442278862
1663,2,,,,19.25,4,4,12.5971679688,0.142857149243,0,82.4879989624,116.214317322,0,9.60911655426
1664,1,11,77,0.0519480518997,19.25,3,,,,,,,7.86326694489,0
1664,2,,,,19.25,3,3,9.37585449219,0.142857149243,0,89.7063522339,132.184112549,8.82467746735,0
1665,1,11,77,0.727272748947,1.375,3,,,,,,,0,10.3089523315
1665,2,,,,1.375,3,3,14.6624937057,0.142857149243,749.233581543,159.517456055,169.140731812,7.09007740021,9.37585449219
1666,1,11,84,0.727272748947,1.375,4,,,,,,,8.53699588776,8.3428401947
1666,2,,,,1.375,4,4,8.43381118774,0.130952388048,828.640380859,101.264572144,144.353134155,8.43381118774,0
1667,1,11,84,0.047619048506,21,2,,,,,,,7.09007740021,0
1667,2,,,,21,2,2,12.6921958923,0.130952388048,0,89.8732376099,111.838623047,0,0
1668,1,11,84,0.727272748947,1.375,4,,,,,,,8.08948230743,0
1668,2,,,,1.375,4,4,13.4949417114,0.130952388048,1377.73303223,108.553573608,130.932861328,8.294049263,0
1669,1,11,84,0.047619048506,21,3,,,,,,,7.2442278862,0
1669,2,,,,21,3,3,17.219171524,0.130952388048,0,151.382904053,99.2648391724,0,0
1670,1,11,84,0.727272748947,1.375,5,,,,,,,7.60090255737,7.60090255737
1670,2,,,,1.375,5,5,13.7072572708,0.130952388048,0,113.411804199,139.191421509,7.60090255737,12.8992195129
1671,1,11,84,0.047619048506,21,3,,,,,,,9.39266204834,9.39266204834
1671,2,,,,21,3,3,14.2367181778,0.130952388048,0,122.132621765,163.985595703,8.0709066391,8.00636768341
1672,1,11,84,0.727272748947,1.375,1,,,,,,,9.90348720551,0
1672,2,,,,1.375,1,1,18.6939105988,0.130952388048,0,120.376426697,163.177047729,0,8.69951438904
1673,1,11,84,0.047619048506,21,1,,,,,,,7.09007740021,9.39266204834
1673,2,,,,21,1,1,14.3485479355,0.130952388048,0,127.424682617,157.302581787,7.49554204941,8.69951438904
1674,1,11,84,0.727272748947,1.375,2,,,,,,,7.2442278862,0
1674,2,,,,1.375,2,2,13.3406953812,0.130952388048,0,89.2639846802,123.508018494,7.86326694489,0
1675,1,11,84,0.727272748947,1.375,4,,,,,,,5.99147081375,9.10497951508
1675,2,,,,1.375,4,4,16.615568161,0.130952388048,725.893249512,112.95085907,139.023269653,7.74066448212,8.294049263
1676,1,11,84,0.727272748947,1.375,3,,,,,,,8.0709066391,8.3428401947
1676,2,,,,1.375,3,3,13.3182592392,0.130952388048,1206.39355469,128.119552612,137.535415649,7.17012023926,8.9871969223
1677,1,11,84,0.727272748947,1.375,3,,,,,,,5.29834222794,7.60090255737
1677,2,,,,1.375,3,3,13.6308641434,0.130952388048,0,95.6471099854,129.33682251,6.21461200714,0
1678,1,13,81,0.615384638309,1.62499988079,2,,,,,,,8.24275684357,10.5966348648
1678,2,,,,1.62499988079,2,2,9.43348407745,0.160493820906,215.080154419,110.952972412,163.810119629,8.18868923187,8.294049263
1679,1,13,81,0.0493827164173,20.25,4,,,,,,,6.68461322784,0
1679,2,,,,20.25,4,4,11.0054273605,0.160493820906,828.640380859,75.4878921509,107.18711853,8.51719284058,14.6909790039
1680,1,13,81,0.615384638309,1.62499988079,2,,,,,,,0,0
1680,2,,,,1.62499988079,2,2,17.9101543427,0.160493820906,870.112182617,65.9455718994,102.561042786,8.41183280945,0
1681,1,13,81,0.615384638309,1.62499988079,1,,,,,,,5.29834222794,0
1681,2,,,,1.62499988079,1,1,-9.65502643585,0.160493820906,0,64.4482879639,93.7688369751,7.60090255737,0
1682,1,13,81,0.615384638309,1.62499988079,5,,,,,,,5.29834222794,7.60090255737
1682,2,,,,1.62499988079,5,5,15.669462204,0.160493820906,0,85.9394302368,121.752227783,8.66561317444,7.67786359787
1683,1,13,81,0.615384638309,1.62499988079,2,,,,,,,6.90775632858,0
1683,2,,,,1.62499988079,2,2,13.8568439484,0.160493820906,0,134.202178955,132.949768066,9.63560771942,11.7752895355
1684,1,13,81,0.0493827164173,20.25,1,,,,,,,8.00636768341,8.69951438904
1684,2,,,,20.25,1,1,13.2173099518,0.160493820906,0,110.744773865,140.175750732,9.56099700928,0
1685,1,13,81,0.615384638309,1.62499988079,3,,,,,,,7.40245199203,0
1685,2,,,,1.62499988079,3,3,-9.76422595978,0.160493820906,570.558044434,78.5503005981,130.077102661,7.93737459183,0
1686,1,13,81,0.0493827164173,20.25,5,,,,,,,6.39693260193,8.69951438904
1686,2,,,,20.25,5,5,14.1773023605,0.160493820906,0,142.309524536,138.927429199,7.09007740021,0
1687,1,13,81,0.0493827164173,20.25,1,,,,,,,8.3428401947,0
1687,2,,,,20.25,1,1,6.90775632858,0.160493820906,0,84.8798980713,135.457626343,8.59415435791,7.93020629883
1688,1,13,81,0.615384638309,1.62499988079,3,,,,,,,9.42545223236,0
1688,2,,,,1.62499988079,3,3,15.1976966858,0.160493820906,0,112.844924927,175.481521606,8.16051864624,0
1689,1,13,81,0.615384638309,1.62499988079,5,,,,,,,9.14846515656,0
1689,2,,,,1.62499988079,5,5,13.1613922119,0.160493820906,725.893249512,114.560279846,140.935058594,9.28730106354,0
1690,1,11,69,0.0579710155725,17.25,2,,,,,,,8.66561317444,0
1690,2,,,,17.25,2,2,14.1495513916,0.15942029655,1189.88208008,131.442886353,142.655548096,8.43381118774,0
1691,1,11,69,0.0579710155725,17.25,1,,,,,,,9.21034049988,0
1691,2,,,,17.25,1,1,14.1912031174,0.15942029655,0,111.525352478,151.263900757,9.5956029892,0
1692,1,11,69,0.727272748947,1.375,5,,,,,,,6.68461322784,8.69951438904
1692,2,,,,1.375,5,5,15.4420804977,0.15942029655,0,91.5450134277,144.310073853,8.59415435791,8.9871969223
1693,1,11,69,0.727272748947,1.375,1,,,,,,,0,0
1693,2,,,,1.375,1,1,13.2111063004,0.15942029655,0,46.4349555969,70.4927749634,6.39693260193,0
1694,1,11,69,0.727272748947,1.375,4,,,,,,,9.90348720551,0
1694,2,,,,1.375,4,4,17.0692520142,0.15942029655,713.535217285,120.425575256,164.036483765,9.21034049988,0
1695,1,11,69,0.727272748947,1.375,4,,,,,,,0,0
1695,2,,,,1.375,4,4,10.2646522522,0.15942029655,0,85.9783859253,115.475532532,0,9.47270488739
1696,1,11,69,0.727272748947,1.375,5,,,,,,,7.78322410583,8.69951438904
1696,2,,,,1.375,5,5,-10.1425046921,0.15942029655,0,100.087463379,144.090713501,7.69621276855,8.93590354919
1697,1,11,69,0.727272748947,1.375,3,,,,,,,0,9.39266204834
1697,2,,,,1.375,3,3,14.0590839386,0.15942029655,0,118.80796051,152.671386719,9.39266204834,0
1698,1,11,69,0.727272748947,1.375,6,,,,,,,5.99147081375,8.63052177429
1698,2,,,,1.375,6,6,14.8406991959,0.15942029655,0,141.424499512,151.491546631,9.30565071106,0
1699,1,11,69,0.0579710155725,17.25,1,,,,,,,8.16051864624,0
1699,2,,,,17.25,1,1,13.3394079208,0.15942029655,0,100.329917908,133.998245239,0,0
1700,1,11,69,0.727272748947,1.375,5,,,,,,,7.90100717545,8.9871969223
1700,2,,,,1.375,5,5,13.8364887238,0.15942029655,439.132415771,115.120414734,149.335327148,9.0118894577,10.5453414917
1701,1,11,69,0.0579710155725,17.25,3,,,,,,,0,7.78322410583
1701,2,,,,17.25,3,3,11.4521131516,0.15942029655,0,106.69316864,134.870452881,6.90775632858,8.47637081146
1702,1,17,61,0.0655737668276,15.2500009537,4,,,,,,,8.90923500061,0
1703,1,17,61,0.0655737668276,15.2500009537,4,,,,,,,0,0
1703,2,,,,15.2500009537,4,4,9.2262134552,0.278688520193,0,86.6822967529,120.838661194,0,9.39266204834
1704,1,17,61,0.470588237047,2.125,3,,,,,,,0,7.60090255737
1704,2,,,,2.125,3,3,13.6274929047,0.278688520193,0,96.8724441528,129.234359741,6.68461322784,0
1705,1,17,61,0.0655737668276,15.2500009537,1,,,,,,,7.60090255737,0
1705,2,,,,15.2500009537,1,1,12.2189884186,0.278688520193,329.61807251,70.7703781128,110.985939026,7.60090255737,0
1706,1,17,61,0.470588237047,2.125,1,,,,,,,6.90775632858,0
1706,2,,,,2.125,1,1,13.2766284943,0.278688520193,0,67.7726745605,112.622116089,9.15904712677,0
1707,1,17,61,0.470588237047,2.125,3,,,,,,,0,11.6082353592
1707,2,,,,2.125,3,3,14.5682935715,0.278688520193,0,151.635879517,189.960662842,9.28730106354,10.8589992523
1708,1,17,61,0.470588237047,2.125,3,,,,,,,7.60090255737,0
1708,2,,,,2.125,3,3,13.7946958542,0.278688520193,0,85.7080078125,126.523147583,9.33255767822,0
1709,1,17,61,0.470588237047,2.125,2,,,,,,,6.21461200714,0
1709,2,,,,2.125,2,2,8.18868923187,0.278688520193,0,68.1017913818,107.277244568,7.09007740021,0
1710,1,17,61,0.470588237047,2.125,5,,,,,,,0,0
1710,2,,,,2.125,5,5,12.6745128632,0.278688520193,0,80.6825180054,106.192947388,7.49554204941,0
1711,1,17,61,0.470588237047,2.125,5,,,,,,,6.39693260193,5.99147081375
1711,2,,,,2.125,5,5,13.3124876022,0.278688520193,0,103.51914978,109.189910889,7.37775945663,0
1712,1,17,61,0.0655737668276,15.2500009537,1,,,,,,,7.43838405609,0
1712,2,,,,15.2500009537,1,1,-10.2255706787,0.278688520193,0,82.7892379761,125.354469299,7.2442278862,0
1713,1,17,61,0.470588237047,2.125,3,,,,,,,7.78322410583,0
1713,2,,,,2.125,3,3,9.46032047272,0.278688520193,1038.47229004,86.2991409302,139.119247437,8.71604442596,0
1714,1,19,89,0.421052634716,2.375,3,,,,,,,7.86326694489,8.0709066391
1714,2,,,,2.375,3,3,13.8349189758,0.213483139873,570.558044434,116.94770813,143.174926758,6.90775632858,9.39266204834
1715,1,19,89,0.421052634716,2.375,3,,,,,,,8.18868923187,9.64471721649
1715,2,,,,2.375,3,3,13.9387893677,0.213483139873,841.620605469,154.289596558,148.31098938,8.85366535187,8.294049263
1716,1,19,89,0.421052634716,2.375,3,,,,,,,5.99147081375,9.43348407745
1716,2,,,,2.375,3,3,12.9061956406,0.213483139873,0,97.0119552612,141.804443359,8.66561317444,8.69951438904
1717,1,19,89,0.0449438206851,22.25,6,,,,,,,7.09007740021,8.57168102264
1717,2,,,,22.25,6,6,13.1532802582,0.213483139873,439.132415771,98.8612289429,136.407180786,8.66561317444,0
1718,1,19,89,0.421052634716,2.375,5,,,,,,,0,9.90348720551
1718,2,,,,2.375,5,5,10.9295291901,0.213483139873,0,113.487579346,158.157943726,8.24275684357,0
1719,1,19,89,0.0449438206851,22.25,3,,,,,,,5.99147081375,8.9871969223
1719,2,,,,22.25,3,3,13.7003240585,0.213483139873,0,136.280441284,138.982803345,7.09007740021,0
1720,1,19,89,0.421052634716,2.375,4,,,,,,,5.29834222794,7.93737459183
1720,2,,,,2.375,4,4,13.3871860504,0.213483139873,999.639282227,82.8268203735,130.662719727,7.93737459183,0
1721,1,19,89,0.421052634716,2.375,3,,,,,,,6.80239582062,0
1721,2,,,,2.375,3,3,-10.2255706787,0.213483139873,0,91.9309539795,122.288040161,8.13153076172,0
1722,1,19,89,0.0449438206851,22.25,5,,,,,,,8.85366535187,0
1722,2,,,,22.25,5,5,14.5298614502,0.213483139873,781.316589355,110.05015564,152.659469604,7.43838405609,8.9871969223
1723,1,19,89,0.0449438206851,22.25,4,,,,,,,6.90775632858,0
1723,2,,,,22.25,4,4,13.4102458954,0.213483139873,828.640380859,100.479194641,123.510017395,9.19013786316,9.79812717438
1724,1,19,89,0.421052634716,2.375,5,,,,,,,8.73230457306,9.91837596893
1724,2,,,,2.375,5,5,14.2875118256,0.213483139873,0,136.389572144,167.689208984,9.15904712677,0
1725,1,19,89,0.421052634716,2.375,3,,,,,,,8.3428401947,9.21034049988
1725,2,,,,2.375,3,3,12.893201828,0.213483139873,0,112.921150208,144.067504883,6.55108261108,8.294049263
1726,1,12,133,0.0300751887262,33.25,4,,,,,,,9.37585449219,9.10497951508
1726,2,,,,33.25,4,4,15.2899990082,0.0902255624533,609.017578125,143.687316895,153.183364868,9.10497951508,8.85366535187
1727,1,12,133,0.0300751887262,33.25,4,,,,,,,8.0709066391,0
1727,2,,,,33.25,4,4,13.286860466,0.0902255624533,1429.32714844,127.146018982,128.826568604,7.17012023926,0
1728,1,12,133,0.666666686535,1.5,5,,,,,,,9.39266204834,8.69951438904
1728,2,,,,1.5,5,5,13.841958046,0.0902255624533,1120.29956055,97.7390594482,157.120162964,5.29834222794,7.93737459183
1729,1,12,133,0.666666686535,1.5,4,,,,,,,7.17012023926,8.9871969223
1729,2,,,,1.5,4,4,14.1813335419,0.0902255624533,946.996704102,150.134811401,140.194625854,0,8.294049263
1730,1,12,133,0.666666686535,1.5,7,,,,,,,8.59415435791,10.085808754
1730,2,,,,1.5,7,7,16.2515945435,0.0902255624533,870.112182617,191.268280029,160.715072632,8.294049263,8.9871969223
1731,1,12,133,0.666666686535,1.5,5,,,,,,,6.90775632858,9.39266204834
1731,2,,,,1.5,5,5,13.9327602386,0.0902255624533,956.310302734,142.529037476,147.083557129,0,8.294049263
1732,1,12,133,0.666666686535,1.5,4,,,,,,,7.09007740021,8.00636768341
1732,2,,,,1.5,4,4,13.294459343,0.0902255624533,828.640380859,118.300682068,127.221374512,7.60090255737,0
1733,1,12,133,0.666666686535,1.5,4,,,,,,,5.29834222794,0
1733,2,,,,1.5,4,4,13.3685979843,0.0902255624533,0,77.3101348877,100.589683533,8.294049263,8.9871969223
1734,1,12,133,0.666666686535,1.5,5,,,,,,,8.10167789459,7.78322410583
1734,2,,,,1.5,5,5,13.3810281754,0.0902255624533,439.132415771,110.517784119,136.25730896,6.13123130798,5.99147081375
1735,1,12,133,0.0300751887262,33.25,3,,,,,,,7.97246599197,7.2442278862
1735,2,,,,33.25,3,3,13.6494560242,0.0902255624533,0,106.101982117,134.601547241,0,0
1736,1,12,133,0.0300751887262,33.25,6,,,,,,,8.51719284058,9.30565071106
1736,2,,,,33.25,6,6,16.1287593842,0.0902255624533,781.316589355,181.86088562,145.516983032,9.05951786041,7.09007740021
1737,1,12,133,0.666666686535,1.5,5,,,,,,,7.09007740021,9.24956130981
1737,2,,,,1.5,5,5,14.5171222687,0.0902255624533,658.39276123,107.82207489,158.78225708,7.00306606293,8.294049263
1738,1,6,120,0.0333333350718,29.9999980927,4,,,,,,,8.03915786743,0
1738,2,,,,29.9999980927,4,4,14.1845884323,0.0500000007451,828.640380859,127.561325073,136.097763062,6.90775632858,0
1739,1,6,120,1,1,3,,,,,,,0,9.08250713348
1739,2,,,,1,3,3,11.2063999176,0.0500000007451,1025.96411133,109.278327942,147.226119995,8.69951438904,7.37775945663
1740,1,6,120,0.0333333350718,29.9999980927,3,,,,,,,9.32366943359,0
1740,2,,,,29.9999980927,3,3,13.0152235031,0.0500000007451,1154.74121094,116.641838074,138.938278198,8.10167789459,0
1741,1,6,120,0.0333333350718,29.9999980927,2,,,,,,,9.39266204834,9.90348720551
1741,2,,,,29.9999980927,2,2,13.9603033066,0.0500000007451,1005.05334473,135.298660278,163.954071045,8.74830532074,0
1742,1,6,120,1,1,4,,,,,,,7.37775945663,0
1742,2,,,,1,4,4,12.4991149902,0.0500000007451,314.764465332,89.618637085,114.574264526,8.00636768341,0
1743,1,6,120,1,1,4,,,,,,,0,0
1743,2,,,,1,4,4,14.532374382,0.0500000007451,0,84.9019851685,117.729301453,8.16051864624,8.47637081146
1744,1,6,120,1,1,3,,,,,,,7.09007740021,0
1744,2,,,,1,3,3,13.0368051529,0.0500000007451,937.438171387,95.8466033936,116.348937988,8.77955722809,8.69951438904
1745,1,6,120,1,1,3,,,,,,,8.63052177429,0
1745,2,,,,1,3,3,16.6688499451,0.0500000007451,590.454467773,124.38217926,152.85546875,8.24275684357,0
1746,1,6,120,1,1,5,,,,,,,5.99147081375,7.60090255737
1746,2,,,,1,5,5,9.40919113159,0.0500000007451,0,89.8465881348,131.641921997,9.21034049988,0
1747,1,6,120,0.0333333350718,29.9999980927,4,,,,,,,6.39693260193,0
1747,2,,,,29.9999980927,4,4,14.1481437683,0.0500000007451,725.893249512,124.076789856,110.6223526,8.47637081146,8.51719284058
1748,1,9,95,0.0421052649617,23.7499980927,4,,,,,,,6.39693260193,0
1748,2,,,,23.7499980927,4,4,14.6720514297,0.0947368443012,0,104.519210815,120.732795715,7.93737459183,8.18868923187
1749,1,9,95,0.888888895512,1.125,6,,,,,,,9.02401065826,8.24275684357
1749,2,,,,1.125,6,6,13.207072258,0.0947368443012,0,130.058105469,141.840164185,8.53699588776,9.99879741669
1750,1,9,95,0.0421052649617,23.7499980927,6,,,,,,,9.30565071106,8.69951438904
1750,2,,,,23.7499980927,6,6,19.138671875,0.0947368443012,1901.2755127,197.109939575,176.732940674,9.91343784332,9.34136867523
1751,1,9,95,0.0421052649617,23.7499980927,3,,,,,,,8.51719284058,8.00636768341
1751,2,,,,23.7499980927,3,3,10.7099637985,0.0947368443012,0,115.983345032,145.072143555,8.61250305176,8.55641365051
1752,1,9,95,0.888888895512,1.125,6,,,,,,,8.57546234131,9.61580562592
1752,2,,,,1.125,6,6,14.1722698212,0.0947368443012,1453.10925293,150.694335938,155.81729126,8.10167789459,6.68461322784
1753,1,9,95,0.0421052649617,23.7499980927,3,,,,,,,7.60090255737,8.93590354919
1753,2,,,,23.7499980927,3,3,13.746588707,0.0947368443012,0,138.282424927,143.80368042,6.90775632858,8.51719284058
1754,1,9,95,0.888888895512,1.125,3,,,,,,,7.09007740021,9.12695884705
1754,2,,,,1.125,3,3,14.6202440262,0.0947368443012,725.893249512,156.00819397,139.566802979,9.48036766052,11.0284175873
1755,1,9,95,0.888888895512,1.125,5,,,,,,,7.49554204941,0
1755,2,,,,1.125,5,5,13.7891664505,0.0947368443012,0,113.3383255,127.777336121,8.16051864624,0
1756,1,9,95,0.888888895512,1.125,3,,,,,,,6.90775632858,0
1756,2,,,,1.125,3,3,15.3797626495,0.0947368443012,0,98.5207290649,108.497467041,7.93737459183,8.00636768341
1757,1,9,95,0.888888895512,1.125,4,,,,,,,8.96187877655,7.78322410583
1757,2,,,,1.125,4,4,15.4081077576,0.0947368443012,870.112182617,164.099365234,143.009277344,8.38935947418,8.18868923187
1758,1,9,95,0.888888895512,1.125,4,,,,,,,7.78322410583,7.60090255737
1758,2,,,,1.125,4,4,13.5318202972,0.0947368443012,0,128.912963867,129.166473389,7.93737459183,8.00636768341
1759,1,9,95,0.888888895512,1.125,3,,,,,,,8.0709066391,0
1759,2,,,,1.125,3,3,12.6210260391,0.0947368443012,0,121.936073303,111.815788269,7.49554204941,5.99147081375
1760,1,15,132,0.0303030312061,33,6,,,,,,,8.86785030365,9.10497951508
1760,2,,,,33,6,6,13.6651525497,0.113636367023,1346.0559082,135.100494385,150.564620972,7.78322410583,0
1761,1,15,132,0.0303030312061,33,5,,,,,,,9.21034049988,10.2750511169
1761,2,,,,33,5,5,13.6158714294,0.113636367023,1399.0736084,154.334381104,155.843658447,7.93737459183,0
1762,1,15,132,0.533333361149,1.87499988079,4,,,,,,,7.74066448212,0
1762,2,,,,1.87499988079,4,4,12.7478151321,0.113636367023,1124.27478027,96.5576629639,117.042480469,7.43838405609,0
1763,1,15,132,0.533333361149,1.87499988079,7,,,,,,,8.96187877655,0
1763,2,,,,1.87499988079,7,7,13.551024437,0.113636367023,0,130.908157349,142.25592041,8.45531749725,0
1764,1,15,132,0.0303030312061,33,5,,,,,,,8.82467746735,9.61580562592
1764,2,,,,33,5,5,11.200922966,0.113636367023,1222.27844238,133.673187256,134.86706543,7.37775945663,9.39266204834
1765,1,15,132,0.533333361149,1.87499988079,3,,,,,,,0,7.78322410583
1765,2,,,,1.87499988079,3,3,13.310997963,0.113636367023,0,92.298614502,128.823883057,8.63052177429,0
1766,1,15,132,0.533333361149,1.87499988079,3,,,,,,,10.2784938812,0
1766,2,,,,1.87499988079,3,3,12.8921947479,0.113636367023,0,95.2364044189,152.210327148,9.0118894577,10.3089523315
1767,1,15,132,0.533333361149,1.87499988079,6,,,,,,,7.2442278862,0
1767,2,,,,1.87499988079,6,6,12.5157604218,0.113636367023,0,100.999946594,110.41973877,7.78322410583,0
1768,1,15,132,0.533333361149,1.87499988079,4,,,,,,,8.86785030365,0
1768,2,,,,1.87499988079,4,4,13.394068718,0.113636367023,845.839050293,112.980857849,141.62210083,9.20633220673,8.3428401947
1769,1,15,132,0.533333361149,1.87499988079,6,,,,,,,7.74066448212,8.85366535187
1769,2,,,,1.87499988079,6,6,15.356926918,0.113636367023,439.132415771,121.383659363,143.5,8.75778388977,0
1770,1,15,132,0.533333361149,1.87499988079,7,,,,,,,8.49699020386,10.896739006
1770,2,,,,1.87499988079,7,7,13.8556919098,0.113636367023,1172.68652344,148.148696899,172.220275879,9.49551963806,9.58877658844
1771,1,15,132,0.0303030312061,33,8,,,,,,,8.26873207092,8.294049263
1771,2,,,,33,8,8,14.0197563171,0.113636367023,1527.59680176,137.821578979,142.254684448,8.38935947418,8.13153076172
1772,1,9,113,0.0353982299566,28.25,3,,,,,,,0,0
1772,2,,,,28.25,3,3,13.4444465637,0.0796460211277,2036.82861328,86.9815444946,93.7998733521,7.09007740021,0
1773,1,9,113,0.777777791023,1.28571426868,3,,,,,,,9.75266456604,8.38935947418
1773,2,,,,1.28571426868,3,3,19.138671875,0.0796460211277,0,135.090072632,153.271896362,9.23989963531,7.9655456543
1774,1,9,113,0.777777791023,1.28571426868,2,,,,,,,7.78322410583,0
1774,2,,,,1.28571426868,2,2,13.9236469269,0.0796460211277,0,108.896575928,128.087005615,8.18868923187,7.2442278862
1775,1,9,113,0.0353982299566,28.25,5,,,,,,,8.294049263,0
1776,1,9,113,0.777777791023,1.28571426868,2,,,,,,,9.36734390259,0
1776,2,,,,1.28571426868,2,2,-10.2255706787,0.0796460211277,1446.57165527,140.117630005,151.332565308,8.76405334473,0
1777,1,9,113,0.0353982299566,28.25,3,,,,,,,0,0
1777,2,,,,28.25,3,3,12.9682798386,0.0796460211277,0,70.1434249878,89.1393508911,8.64117908478,7.82404613495
1778,1,9,113,0.777777791023,1.28571426868,3,,,,,,,7.09007740021,8.85366535187
1778,2,,,,1.28571426868,3,3,12.9418001175,0.0796460211277,0,121.140838623,141.096084595,9.17988109589,7.78322410583
1779,1,9,113,0.777777791023,1.28571426868,3,,,,,,,6.90775632858,0
1779,2,,,,1.28571426868,3,3,12.4912519455,0.0796460211277,828.640380859,97.2532730103,108.939064026,7.37775945663,9.54681301117
1780,1,9,113,0.0353982299566,28.25,6,,,,,,,7.60090255737,0
1780,2,,,,28.25,6,6,13.3212146759,0.0796460211277,0,102.445205688,128.933914185,8.3428401947,0
1781,1,9,113,0.777777791023,1.28571426868,5,,,,,,,8.74830532074,9.68034362793
1781,2,,,,1.28571426868,5,5,16.4191627502,0.0796460211277,1331.76245117,156.656951904,156.345840454,0,0
1782,1,9,113,0.777777791023,1.28571426868,2,,,,,,,7.60090255737,0
1783,1,27,143,0.296296298504,3.375,4,,,,,,,5.99147081375,0
1783,2,,,,3.375,4,4,13.4591217041,0.188811182976,439.132415771,98.5201339722,114.032752991,7.82404613495,0
1784,1,27,143,0.296296298504,3.375,2,,,,,,,8.47637081146,6.90775632858
1784,2,,,,3.375,2,2,13.5963592529,0.188811182976,570.558044434,117.287902832,137.624755859,7.60090255737,0
1785,1,27,143,0.296296298504,3.375,6,,,,,,,9.34136867523,8.13739585876
1785,2,,,,3.375,6,6,13.1696281433,0.188811182976,862.210205078,141.549667358,144.127044678,8.59415435791,10.8117456436
1786,1,27,143,0.296296298504,3.375,2,,,,,,,7.2442278862,6.57925319672
1786,2,,,,3.375,2,2,13.8499116898,0.188811182976,617.859069824,96.3764266968,135.89225769,0,8.16051864624
1787,1,27,143,0.296296298504,3.375,4,,,,,,,6.39693260193,8.294049263
1787,2,,,,3.375,4,4,12.4458770752,0.188811182976,870.112182617,115.851753235,123.241424561,5.99147081375,7.93737459183
1788,1,27,143,0.0279720276594,35.75,4,,,,,,,7.00306606293,6.90775632858
1788,2,,,,35.75,4,4,11.5880327225,0.188811182976,694.01574707,108.224861145,118.676589966,7.28619241714,0
1789,1,27,143,0.0279720276594,35.75,7,,,,,,,6.39693260193,7.60090255737
1789,2,,,,35.75,7,7,13.799990654,0.188811182976,0,110.056945801,134.501312256,7.78322410583,6.90775632858
1790,1,27,143,0.0279720276594,35.75,3,,,,,,,0,6.55108261108
1790,2,,,,35.75,3,3,13.5863485336,0.188811182976,0,93.9177093506,124.156143188,0,8.0709066391
1791,1,27,143,0.296296298504,3.375,3,,,,,,,8.66561317444,12.7367010117
1791,2,,,,3.375,3,3,14.4647054672,0.188811182976,570.558044434,185.402206421,201.362930298,7.37775945663,8.74830532074
1792,1,27,143,0.296296298504,3.375,4,,,,,,,7.5496096611,0
1792,2,,,,3.375,4,4,14.3674974442,0.188811182976,1644.74560547,95.8663711548,133.328872681,9.48797225952,0
1793,1,27,143,0.0279720276594,35.75,3,,,,,,,7.69621276855,10.7954854965
1793,2,,,,35.75,3,3,12.753326416,0.188811182976,971.324707031,155.182434082,170.154571533,6.55108261108,8.43381118774
1794,1,27,143,0.296296298504,3.375,4,,,,,,,7.17012023926,9.28173065186
1794,2,,,,3.375,4,4,13.2088346481,0.188811182976,1237.58679199,143.184051514,145.434494019,5.99147081375,8.21608829498
1795,1,20,240,0.40000000596,2.5,1,,,,,,,8.59415435791,9.16324901581
1795,2,,,,2.5,1,1,13.5921173096,0.0833333358169,0,147.500198364,140.935745239,8.64822101593,0
1796,1,20,240,0.0166666675359,59.9999961853,6,,,,,,,8.99961948395,12.2783937454
1796,2,,,,59.9999961853,6,6,13.8703775406,0.0833333358169,570.558044434,167.980606079,190.735153198,8.55641365051,8.294049263
1797,1,20,240,0.40000000596,2.5,5,,,,,,,7.86326694489,2.89344406128
1797,2,,,,2.5,5,5,13.2568941116,0.0833333358169,0,128.648040771,122.449516296,9.40096092224,0
1798,1,20,240,0.40000000596,2.5,4,,,,,,,8.10167789459,9.10497951508
1798,2,,,,2.5,4,4,12.7066659927,0.0833333358169,694.01574707,130.938842773,148.868621826,10.2182979584,8.9871969223
1799,1,20,240,0.0166666675359,59.9999961853,3,,,,,,,8.3428401947,0
1799,2,,,,59.9999961853,3,3,12.9936208725,0.0833333358169,0,103.995704651,128.711120605,7.78322410583,0
1800,1,20,240,0.40000000596,2.5,6,,,,,,,9.40096092224,9.16951847076
1800,2,,,,2.5,6,6,14.2446918488,0.0833333358169,1701.43676758,137.813339233,161.76789856,0,8.00636768341
1801,1,20,240,0.0166666675359,59.9999961853,2,,,,,,,7.31322097778,0
1802,1,20,240,0.40000000596,2.5,3,,,,,,,8.55641365051,9.7111158371
1802,2,,,,2.5,3,3,14.0942783356,0.0833333358169,343.450897217,150.551437378,159.42741394,10.1023387909,9.47270488739
1803,1,20,240,0.40000000596,2.5,4,,,,,,,8.49699020386,0
1803,2,,,,2.5,4,4,8.69951438904,0.0833333358169,0,95.0176849365,135.850830078,10.3022632599,0
1804,1,20,240,0.40000000596,2.5,5,,,,,,,8.49699020386,0
1804,2,,,,2.5,5,5,11.6163845062,0.0833333358169,439.132415771,116.780181885,138.866149902,10.8723707199,9.47270488739
1805,1,20,240,0.40000000596,2.5,7,,,,,,,10.4995727539,0
1806,1,20,240,0.0166666675359,59.9999961853,3,,,,,,,8.43381118774,9.47270488739
1806,2,,,,59.9999961853,3,3,11.3896274567,0.0833333358169,570.558044434,123.309249878,156.438781738,0,6.90775632858
1807,1,5,160,1,1,5,,,,,,,8.77955722809,8.00636768341
1807,2,,,,1,5,5,13.6858577728,0.03125,0,140.978713989,138.551864624,6.90775632858,8.294049263
1808,1,5,160,0.0250000003725,40,6,,,,,,,8.61250305176,12.6115379333
1808,2,,,,40,6,6,14.5471086502,0.03125,1055.32580566,176.406005859,203.165863037,7.49554204941,0
1809,1,5,160,1,1,6,,,,,,,9.54681301117,0
1809,2,,,,1,6,6,15.9869842529,0.03125,2327.98974609,173.153167725,187.169555664,8.294049263,8.47637081146
1810,1,5,160,1,1,4,,,,,,,9.44935703278,0
1810,2,,,,1,4,4,14.3026170731,0.03125,590.454467773,127.703826904,164.705413818,9.70503616333,11.3265962601
1811,1,5,160,0.0250000003725,40,5,,,,,,,8.0709066391,0
1811,2,,,,40,5,5,11.1213636398,0.03125,0,107.762687683,135.114471436,7.78322410583,8.00636768341
1812,1,5,160,1,1,0,,,,,,,7.37775945663,9.61580562592
1813,1,5,160,0.0250000003725,40,4,,,,,,,8.00636768341,9.72913455963
1813,2,,,,40,4,4,19.138671875,0.03125,0,200.415740967,175.028594971,8.294049263,8.61250305176
1814,1,5,160,1,1,6,,,,,,,8.56407642365,7.60090255737
1814,2,,,,1,6,6,13.7207603455,0.03125,0,124.564437866,146.016662598,8.69951438904,8.00636768341
1815,1,5,160,0.0250000003725,40,6,,,,,,,9.94750404358,0
1815,2,,,,40,6,6,16.4295330048,0.03125,1405.64550781,164.889709473,190.46546936,10.4305801392,7.37775945663
1816,1,23,142,0.0281690135598,35.5,7,,,,,,,8.90923500061,8.77955722809
1816,2,,,,35.5,7,7,16.3268718719,0.161971837282,971.324707031,132.322891235,183.949264526,9.71715831757,9.39266204834
1817,1,23,142,0.347826093435,2.875,4,,,,,,,0,0
1817,2,,,,2.875,4,4,13.1732463837,0.161971837282,500.069793701,90.1576004028,112.678939819,7.67786359787,0
1818,1,23,142,0.0281690135598,35.5,5,,,,,,,8.37101078033,8.24275684357
1818,2,,,,35.5,5,5,18.1176376343,0.161971837282,1147.33666992,141.422027588,159.172607422,7.60090255737,0
1819,1,23,142,0.347826093435,2.875,4,,,,,,,8.41183280945,0
1819,2,,,,2.875,4,4,-10.0168161392,0.161971837282,0,93.1053314209,121.431724548,8.82467746735,0
1820,1,23,142,0.0281690135598,35.5,3,,,,,,,8.26873207092,7.69621276855
1820,2,,,,35.5,3,3,14.5456647873,0.161971837282,1438.98620605,138.982498169,153.756134033,9.12695884705,9.28730106354
1821,1,23,142,0.347826093435,2.875,5,,,,,,,9.20028972626,7.49554204941
1821,2,,,,2.875,5,5,14.0549917221,0.161971837282,870.112182617,141.291793823,154.045974731,9.23014259338,0
1822,1,23,142,0.347826093435,2.875,6,,,,,,,7.86326694489,0
1822,2,,,,2.875,6,6,12.6247825623,0.161971837282,421.123168945,98.0939788818,122.693222046,8.18868923187,0
1823,1,23,142,0.0281690135598,35.5,7,,,,,,,7.2442278862,0
1823,2,,,,35.5,7,7,14.1698932648,0.161971837282,0,116.358177185,124.981391907,6.84588098526,9.21034049988
1824,1,23,142,0.347826093435,2.875,8,,,,,,,9.72913455963,8.294049263
1824,2,,,,2.875,8,8,14.2433862686,0.161971837282,1377.73303223,134.100830078,163.233886719,9.47270488739,7.60090255737
1825,1,23,142,0.347826093435,2.875,4,,,,,,,9.14846515656,0
1825,2,,,,2.875,4,4,14.053976059,0.161971837282,0,134.973556519,148.959899902,6.90775632858,9.21034049988
1826,1,23,142,0.347826093435,2.875,3,,,,,,,8.10167789459,0
1826,2,,,,2.875,3,3,16.0330600739,0.161971837282,1045.78588867,116.3855896,137.870849609,8.82467746735,8.18868923187
1827,1,23,142,0.347826093435,2.875,6,,,,,,,7.82404613495,8.00636768341
1827,2,,,,2.875,6,6,14.1346912384,0.161971837282,781.316589355,133.374649048,142.206481934,9.03598690033,0
1828,1,14,79,0.571428596973,1.74999988079,2,,,,,,,5.29834222794,0
1828,2,,,,1.74999988079,2,2,12.4614896774,0.177215188742,0,90.8033218384,97.3317565918,8.18868923187,0
1829,1,14,79,0.571428596973,1.74999988079,7,,,,,,,7.49554204941,6.86693429947
1829,2,,,,1.74999988079,7,7,13.3201971054,0.177215188742,1055.32580566,125.387336731,130.691558838,8.3428401947,0
1830,1,14,79,0.571428596973,1.74999988079,3,,,,,,,8.4637928009,0
1830,2,,,,1.74999988079,3,3,13.5572576523,0.177215188742,725.893249512,121.762794495,133.905548096,8.84505748749,0
1831,1,14,79,0.0506329126656,19.75,5,,,,,,,5.29834222794,8.69951438904
1832,1,14,79,0.571428596973,1.74999988079,6,,,,,,,8.83054256439,8.00636768341
1832,2,,,,1.74999988079,6,6,13.3123226166,0.177215188742,1145.4642334,129.155975342,139.974365234,8.64822101593,7.90100717545
1833,1,14,79,0.0506329126656,19.75,4,,,,,,,6.55108261108,7.17012023926
1833,2,,,,19.75,4,4,14.7936115265,0.177215188742,1639.09057617,148.566558838,136.561676025,0,9.90348720551
1834,1,14,79,0.571428596973,1.74999988079,5,,,,,,,0,8.69951438904
1834,2,,,,1.74999988079,5,5,9.51782512665,0.177215188742,1266.64550781,108.519561768,144.395935059,5.99147081375,9.44145202637
1835,1,14,79,0.0506329126656,19.75,2,,,,,,,0,0
1835,2,,,,19.75,2,2,14.1519260406,0.177215188742,0,90.4871902466,96.767829895,6.80239582062,9.21034049988
1836,1,14,79,0.571428596973,1.74999988079,3,,,,,,,8.59415435791,8.51719284058
1836,2,,,,1.74999988079,3,3,13.6979646683,0.177215188742,781.316589355,136.02432251,143.197891235,8.69951438904,8.9871969223
1837,1,14,79,0.571428596973,1.74999988079,7,,,,,,,9.0118894577,7.37775945663
1837,2,,,,1.74999988079,7,7,13.2521486282,0.177215188742,1226.92932129,130.115646362,140.769195557,9.32366943359,0
1838,1,14,79,0.571428596973,1.74999988079,4,,,,,,,6.21461200714,8.00636768341
1838,2,,,,1.74999988079,4,4,12.856051445,0.177215188742,0,100.353149414,135.491607666,7.69621276855,8.61250305176
1839,1,14,79,0.0506329126656,19.75,4,,,,,,,6.68461322784,7.31322097778
1839,2,,,,19.75,4,4,13.8778276443,0.177215188742,0,124.752212524,128.360137939,8.0709066391,9.30565071106
1840,1,10,74,0.0540540553629,18.5,5,,,,,,,10.8893041611,9.25722408295
1840,2,,,,18.5,5,5,11.6136751175,0.135135129094,2327.98974609,176.957168579,176.728561401,8.00636768341,10.5713167191
1841,1,10,74,0.0540540553629,18.5,3,,,,,,,8.43381118774,6.90775632858
1841,2,,,,18.5,3,3,13.0794563293,0.135135129094,329.61807251,116.520484924,130.897247314,9.03598690033,0
1842,1,10,74,0.800000011921,1.25,4,,,,,,,7.86326694489,0
1842,2,,,,1.25,4,4,12.2927093506,0.135135129094,0,111.544898987,110.449119568,8.03915786743,0
1843,1,10,74,0.0540540553629,18.5,4,,,,,,,7.49554204941,7.82404613495
1843,2,,,,18.5,4,4,15.5480155945,0.135135129094,1956.02185059,165.89982605,164.293167114,9.15904712677,10.3481731415
1844,1,10,74,0.800000011921,1.25,4,,,,,,,7.63046169281,0
1844,2,,,,1.25,4,4,14.5705976486,0.135135129094,870.112182617,108.163795471,135.846328735,0,10.9331073761
1845,1,10,74,0.0540540553629,18.5,5,,,,,,,8.18868923187,0
1845,2,,,,18.5,5,5,14.1775808334,0.135135129094,781.316589355,122.808113098,141.658935547,6.96602487564,0
1846,1,10,74,0.800000011921,1.25,4,,,,,,,8.13153076172,0
1846,2,,,,1.25,4,4,13.5868520737,0.135135129094,1106.06628418,120.098243713,134.639053345,9.02401065826,0
1847,1,10,74,0.800000011921,1.25,6,,,,,,,8.77955722809,8.00636768341
1847,2,,,,1.25,6,6,13.9708032608,0.135135129094,1409.38098145,140.789352417,143.14541626,6.21461200714,11.0020999908
1848,1,10,74,0.800000011921,1.25,3,,,,,,,5.99147081375,0
1848,2,,,,1.25,3,3,14.480052948,0.135135129094,439.132415771,91.5871658325,128.6512146,8.59415435791,0
1849,1,10,74,0.800000011921,1.25,1,,,,,,,5.8861117363,0
1849,2,,,,1.25,1,1,11.6058692932,0.135135129094,0,80.3272247314,97.8576889038,8.59415435791,8.82467746735
1850,1,10,74,0.800000011921,1.25,4,,,,,,,8.13153076172,0
1850,2,,,,1.25,4,4,12.258190155,0.135135129094,0,107.332435608,119.867149353,8.47637081146,0
1851,1,10,74,0.800000011921,1.25,5,,,,,,,7.2442278862,0
1851,2,,,,1.25,5,5,13.6869955063,0.135135129094,0,105.350082397,128.791641235,5.99147081375,0
1852,1,17,133,0.470588237047,2.125,2,,,,,,,0,0
1852,2,,,,2.125,2,2,13.1760940552,0.127819553018,0,75.754119873,87.4288024902,8.36637020111,0
1853,1,17,133,0.470588237047,2.125,7,,,,,,,8.13153076172,8.24275684357
1853,2,,,,2.125,7,7,14.1964101791,0.127819553018,781.316589355,137.160369873,145.734634399,8.18868923187,8.69951438904
1854,1,17,133,0.470588237047,2.125,5,,,,,,,8.13153076172,6.90775632858
1854,2,,,,2.125,5,5,16.2021656036,0.127819553018,1438.98620605,127.240989685,133.083007812,7.64160490036,5.15129470825
1855,1,17,133,0.470588237047,2.125,6,,,,,,,9.45720005035,8.85366535187
1855,2,,,,2.125,6,6,14.6113042831,0.127819553018,1438.98620605,158.226898193,162.276565552,7.64160490036,5.15129470825
1856,1,17,133,0.0300751887262,33.25,4,,,,,,,8.93590354919,8.96187877655
1856,2,,,,33.25,4,4,16.0063591003,0.127819553018,725.893249512,135.915435791,164.158370972,8.96187877655,8.69951438904
1857,1,17,133,0.470588237047,2.125,3,,,,,,,7.2442278862,8.38935947418
1857,2,,,,2.125,3,3,13.0532274246,0.127819553018,658.39276123,111.299797058,131.619750977,8.51719284058,9.21034049988
1858,1,17,133,0.0300751887262,33.25,4,,,,,,,7.09007740021,9.39266204834
1858,2,,,,33.25,4,4,13.4064826965,0.127819553018,0,137.557800293,142.080627441,6.55108261108,0
1859,1,17,133,0.470588237047,2.125,2,,,,,,,7.2442278862,8.69951438904
1859,2,,,,2.125,2,2,15.8174772263,0.127819553018,0,163.779327393,134.030960083,8.69951438904,7.2442278862
1860,1,17,133,0.470588237047,2.125,7,,,,,,,6.68461322784,9.14846515656
1860,2,,,,2.125,7,7,13.426902771,0.127819553018,0,122.890342712,150.097564697,8.00636768341,9.7710981369
1861,1,17,133,0.0300751887262,33.25,4,,,,,,,7.93737459183,0
1861,2,,,,33.25,4,4,-8.38935947418,0.127819553018,0,83.8149871826,131.383071899,8.51719284058,14.6909790039
1862,1,17,133,0.470588237047,2.125,4,,,,,,,8.00636768341,5.76833057404
1862,2,,,,2.125,4,4,13.4921321869,0.127819553018,971.324707031,113.449760437,129.857955933,7.69621276855,0
1863,1,17,133,0.0300751887262,33.25,4,,,,,,,0,0
1863,2,,,,33.25,4,4,16.5696296692,0.127819553018,2327.98974609,144.732391357,144.10256958,10.2750511169,8.69951438904
1864,1,12,169,0.666666686535,1.5,10,,,,,,,10.1503477097,7.8320145607
1864,2,,,,1.5,10,10,15.0226182938,0.0710059180856,2327.98974609,164.276107788,172.445922852,9.49551963806,13.7163534164
1865,1,12,169,0.666666686535,1.5,10,,,,,,,9.31470012665,6.80239582062
1865,2,,,,1.5,10,10,14.2845134735,0.0710059180856,1626.29089355,152.152084351,163.630874634,9.89343738556,9.89343738556
1866,1,12,169,0.666666686535,1.5,7,,,,,,,8.49699020386,0
1866,2,,,,1.5,7,7,14.2438459396,0.0710059180856,1746.88342285,116.805923462,148.228302002,7.42654943466,0
1867,1,12,169,0.666666686535,1.5,6,,,,,,,9.05951786041,0
1867,2,,,,1.5,6,6,14.8383207321,0.0710059180856,805.82409668,124.794906616,160.335006714,9.25148200989,0
1868,1,12,169,0.0236686393619,42.25,8,,,,,,,10.1105012894,0
1868,2,,,,42.25,8,8,15.7640743256,0.0710059180856,2005.87634277,191.568389893,208.358596802,8.66561317444,8.9871969223
1869,1,12,169,0.0236686393619,42.25,8,,,,,,,9.58877658844,9.04782104492
1869,2,,,,42.25,8,8,14.2600040436,0.0710059180856,0,151.49760437,159.326400757,9.15377044678,7.60090255737
1870,1,12,169,0.0236686393619,42.25,6,,,,,,,9.36391925812,6.68461322784
1870,2,,,,42.25,6,6,14.7983379364,0.0710059180856,0,124.749961853,175.578033447,9.27799892426,0
1871,1,12,169,0.0236686393619,42.25,7,,,,,,,9.5749835968,8.69951438904
1871,2,,,,42.25,7,7,13.4209680557,0.0710059180856,1526.00878906,136.547836304,152.848632812,8.82467746735,9.97580814362
1872,1,12,169,0.666666686535,1.5,5,,,,,,,9.14846515656,6.68461322784
1872,2,,,,1.5,5,5,14.7525444031,0.0710059180856,1366.6739502,144.458129883,160.491592407,8.36637020111,0
1873,1,12,169,0.666666686535,1.5,9,,,,,,,8.95415687561,8.51719284058
1873,2,,,,1.5,9,9,13.9844932556,0.0710059180856,1771.87365723,131.708129883,153.739105225,9.27799892426,0
1874,1,12,169,0.666666686535,1.5,3,,,,,,,9.18399620056,7.37775945663
1874,2,,,,1.5,3,3,9.98044872284,0.0710059180856,0,103.256965637,161.800308228,8.21608829498,0
1875,1,12,169,0.666666686535,1.5,4,,,,,,,8.0709066391,0
1875,2,,,,1.5,4,4,13.7468032837,0.0710059180856,0,113.57975769,134.869110107,8.16051864624,0
1876,1,15,164,0.533333361149,1.87499988079,5,,,,,,,8.68270778656,0
1876,2,,,,1.87499988079,5,5,14.3677568436,0.0914634168148,0,124.797836304,149.825195312,5.99147081375,0
1877,1,15,164,0.0243902429938,41,6,,,,,,,7.8320145607,0
1877,2,,,,41,6,6,10.2819242477,0.0914634168148,0,82.4882354736,150.462127686,0,6.68461322784
1878,1,15,164,0.0243902429938,41,3,,,,,,,0,8.9871969223
1878,2,,,,41,3,3,15.3511295319,0.0914634168148,1599.66174316,150.214324951,157.180664062,9.14846515656,0
1879,1,15,164,0.0243902429938,41,2,,,,,,,8.294049263,0
1879,2,,,,41,2,2,13.4980564117,0.0914634168148,0,112.120300293,135.603668213,9.28730106354,8.9871969223
1880,1,15,164,0.533333361149,1.87499988079,4,,,,,,,8.59415435791,0
1880,2,,,,1.87499988079,4,4,16.6684112549,0.0914634168148,1786.31689453,121.804443359,162.912643433,8.99961948395,0
1881,1,15,164,0.533333361149,1.87499988079,7,,,,,,,8.66561317444,0
1882,1,15,164,0.533333361149,1.87499988079,6,,,,,,,9.70503616333,8.85366535187
1882,2,,,,1.87499988079,6,6,13.7050256729,0.0914634168148,1599.66174316,121.692909241,164.418487549,10.0604915619,0
1883,1,15,164,0.533333361149,1.87499988079,2,,,,,,,8.41183280945,9.19013786316
1883,2,,,,1.87499988079,2,2,18.4230995178,0.0914634168148,0,135.612930298,152.526748657,9.80917644501,9.68034362793
1884,1,15,164,0.533333361149,1.87499988079,9,,,,,,,10.8893041611,8.9871969223
1884,2,,,,1.87499988079,9,9,16.7707862854,0.0914634168148,2327.98974609,207.421524048,210.602813721,10.5584135056,9.10497951508
1885,1,15,164,0.533333361149,1.87499988079,3,,,,,,,8.8818359375,9.28730106354
1885,2,,,,1.87499988079,3,3,15.1143388748,0.0914634168148,0,168.986068726,154.483078003,7.17012023926,0
1886,1,15,164,0.0243902429938,41,4,,,,,,,9.62905025482,0
1886,2,,,,41,4,4,9.78695392609,0.0914634168148,0,100.93952179,163.269943237,8.80986309052,0
1887,1,15,164,0.533333361149,1.87499988079,8,,,,,,,7.78322410583,0
1887,2,,,,1.87499988079,8,8,14.8877792358,0.0914634168148,1599.66174316,134.33404541,146.201065063,10.1266307831,0
1888,1,16,89,0.5,2,6,,,,,,,8.28399944305,0
1888,2,,,,2,6,6,13.6635246277,0.179775282741,1266.64550781,129.262252808,129.966400146,8.59415435791,9.04782104492
1889,1,16,89,0.5,2,7,,,,,,,10.338511467,6.21461200714
1889,2,,,,2,7,7,13.8633480072,0.179775282741,0,157.689041138,153.414321899,10.0519075394,0
1890,1,16,89,0.0449438206851,22.25,7,,,,,,,8.69951438904,9.82010555267
1890,2,,,,22.25,7,7,13.9587469101,0.179775282741,1698.63464355,149.955535889,158.133148193,9.05951786041,8.3428401947
1891,1,16,89,0.5,2,2,,,,,,,8.16051864624,0
1891,2,,,,2,2,2,13.3645248413,0.179775282741,0,100.787384033,128.884140015,8.38935947418,9.53242397308
1892,1,16,89,0.5,2,5,,,,,,,9.14846515656,8.69951438904
1892,2,,,,2,5,5,11.5711946487,0.179775282741,215.080154419,118.888618469,153.426223755,9.25913047791,0
1893,1,16,89,0.0449438206851,22.25,3,,,,,,,7.37775945663,0
1893,2,,,,22.25,3,3,9.39266204834,0.179775282741,0,83.6203155518,112.27709198,8.28399944305,0
1894,1,16,89,0.5,2,5,,,,,,,8.59415435791,0
1894,2,,,,2,5,5,13.8391294479,0.179775282741,439.132415771,104.879432678,142.586425781,8.9871969223,9.48036766052
1895,1,16,89,0.5,2,3,,,,,,,8.13153076172,0
1895,2,,,,2,3,3,9.42545223236,0.179775282741,0,91.1069335938,133.258270264,8.4637928009,0
1896,1,16,89,0.0449438206851,22.25,4,,,,,,,7.78322410583,6.57925319672
1896,2,,,,22.25,4,4,13.2817573547,0.179775282741,0,123.580596924,124.360031128,5.29834222794,0
1897,1,16,89,0.0449438206851,22.25,5,,,,,,,9.44935703278,8.00636768341
1897,2,,,,22.25,5,5,12.9037094116,0.179775282741,1865.60595703,131.3621521,154.651184082,10.0168161392,0
1898,1,16,89,0.5,2,1,,,,,,,0,0
1898,2,,,,2,1,1,12.9014673233,0.179775282741,0,47.5505981445,68.3444824219,8.18311786652,0
1899,1,16,89,0.5,2,3,,,,,,,8.82467746735,0
1899,2,,,,2,3,3,12.9365158081,0.179775282741,974.255493164,116.678924561,130.484542847,8.05832767487,8.294049263
1900,1,15,62,0.0645161271095,15.5,3,,,,,,,8.38935947418,7.09007740021
1900,2,,,,15.5,3,3,13.6656179428,0.241935476661,0,106.355331421,139.026260376,8.294049263,7.71423149109
1901,1,15,62,0.533333361149,1.87499988079,5,,,,,,,8.18868923187,0
1901,2,,,,1.87499988079,5,5,8.0709066391,0.241935476661,0,78.9792938232,135.194137573,0,0
1902,1,15,62,0.533333361149,1.87499988079,3,,,,,,,6.90775632858,8.38935947418
1902,2,,,,1.87499988079,3,3,13.5931167603,0.241935476661,1139.79467773,128.609786987,134.946456909,8.51719284058,6.39693260193
1903,1,15,62,0.0645161271095,15.5,1,,,,,,,7.49554204941,0
1903,2,,,,15.5,1,1,13.3518867493,0.241935476661,570.558044434,93.4969482422,122.83921814,7.93737459183,0
1904,1,15,62,0.533333361149,1.87499988079,4,,,,,,,6.39693260193,8.8818359375
1904,2,,,,1.87499988079,4,4,13.5497207642,0.241935476661,1331.76245117,118.944534302,140.878631592,7.74066448212,0
1905,1,15,62,0.0645161271095,15.5,1,,,,,,,0,0
1905,2,,,,15.5,1,1,15.6425409317,0.241935476661,0,101.110427856,91.7385864258,8.76405334473,0
1906,1,15,62,0.533333361149,1.87499988079,4,,,,,,,8.51719284058,0
1906,2,,,,1.87499988079,4,4,13.3241605759,0.241935476661,0,99.850769043,132.985733032,8.80986309052,0
1907,1,15,62,0.0645161271095,15.5,3,,,,,,,8.51719284058,0
1907,2,,,,15.5,3,3,14.3232917786,0.241935476661,0,124.95879364,145.24331665,9.37585449219,0
1908,1,15,62,0.533333361149,1.87499988079,4,,,,,,,8.00636768341,0
1908,2,,,,1.87499988079,4,4,13.7366838455,0.241935476661,0,95.6456375122,130.907394409,5.29834222794,8.51719284058
1909,1,15,62,0.533333361149,1.87499988079,1,,,,,,,8.69951438904,0
1909,2,,,,1.87499988079,1,1,14.2437801361,0.241935476661,0,109.536865234,148.166778564,7.74066448212,0
1910,1,15,62,0.533333361149,1.87499988079,4,,,,,,,5.7037935257,7.31322097778
1910,2,,,,1.87499988079,4,4,12.1771583557,0.241935476661,0,91.0916976929,110.105606079,7.60090255737,7.2442278862
1911,1,15,62,0.533333361149,1.87499988079,5,,,,,,,5.99147081375,0
1911,2,,,,1.87499988079,5,5,9.94270801544,0.241935476661,0,84.9589767456,115.364128113,6.90775632858,9.74096870422
1912,1,21,125,0.380952388048,2.625,4,,,,,,,8.59415435791,8.3428401947
1912,2,,,,2.625,4,4,11.5711946487,0.167999997735,1110.18481445,115.296470642,147.01776123,8.10167789459,0
1913,1,21,125,0.0320000015199,31.2499980927,1,,,,,,,5.99147081375,0
1913,2,,,,31.2499980927,1,1,12.5637121201,0.167999997735,0,101.88079834,113.11416626,5.99147081375,0
1914,1,21,125,0.0320000015199,31.2499980927,5,,,,,,,7.90100717545,7.09007740021
1914,2,,,,31.2499980927,5,5,10.7705879211,0.167999997735,0,109.12575531,137.784545898,5.99147081375,8.69951438904
1915,1,21,125,0.380952388048,2.625,6,,,,,,,7.97246599197,8.63052177429
1915,2,,,,2.625,6,6,14.4465379715,0.167999997735,401.581298828,162.196594238,182.006942749,8.8818359375,8.01961326599
1916,1,21,125,0.380952388048,2.625,7,,,,,,,9.16951847076,0
1916,2,,,,2.625,7,7,14.2603244781,0.167999997735,0,122.864059448,152.245788574,9.14846515656,0
1917,1,21,125,0.0320000015199,31.2499980927,3,,,,,,,7.82404613495,7.60090255737
1917,2,,,,31.2499980927,3,3,14.1872119904,0.167999997735,0,104.831001282,144.779495239,8.13153076172,9.90348720551
1918,1,21,125,0.380952388048,2.625,5,,,,,,,8.66561317444,7.37775945663
1918,2,,,,2.625,5,5,13.6915330887,0.167999997735,0,117.675697327,143.859832764,7.00306606293,0
1919,1,21,125,0.380952388048,2.625,4,,,,,,,7.86326694489,7.93737459183
1919,2,,,,2.625,4,4,14.3137369156,0.167999997735,1776.7322998,104.903251648,145.602798462,8.10167789459,9.05951786041
1920,1,21,125,0.0320000015199,31.2499980927,5,,,,,,,8.13153076172,8.69951438904
1920,2,,,,31.2499980927,5,5,14.6482019424,0.167999997735,1172.68652344,140.42175293,155.117172241,7.90100717545,8.294049263
1921,1,21,125,0.380952388048,2.625,2,,,,,,,6.90775632858,0
1921,2,,,,2.625,2,2,14.2462530136,0.167999997735,0,83.6539001465,130.627258301,8.93590354919,0
1922,1,21,125,0.380952388048,2.625,1,,,,,,,7.60090255737,0
1922,2,,,,2.625,1,1,-7.69621276855,0.167999997735,0,77.4435882568,121.192687988,8.69951438904,0
1923,1,21,125,0.380952388048,2.625,2,,,,,,,8.47637081146,0
1923,2,,,,2.625,2,2,12.8054580688,0.167999997735,0,126.940086365,124.022575378,8.55641365051,8.00636768341
1924,1,12,64,0.666666686535,1.5,2,,,,,,,8.55641365051,9.03598690033
1924,2,,,,1.5,2,2,13.6312274933,0.1875,0,123.480804443,150.896377563,8.294049263,8.294049263
1925,1,12,64,0.0625,16,3,,,,,,,8.51719284058,0
1925,2,,,,16,3,3,15.3444757462,0.1875,1331.76245117,148.976364136,172.160552979,7.93737459183,9.47270488739
1926,1,12,64,0.0625,16,4,,,,,,,6.55108261108,7.09007740021
1926,2,,,,16,4,4,12.2807159424,0.1875,0,100.343757629,116.351516724,7.37775945663,9.39266204834
1927,1,12,64,0.666666686535,1.5,5,,,,,,,0,8.94897556305
1927,2,,,,1.5,5,5,15.2395343781,0.1875,570.558044434,130.29927063,162.5340271,9.21034049988,7.37775945663
1928,1,12,64,0.666666686535,1.5,3,,,,,,,0,0
1928,2,,,,1.5,3,3,14.1655330658,0.1875,0,76.0134963989,115.488601685,8.10167789459,0
1929,1,12,64,0.0625,16,1,,,,,,,0,0
1929,2,,,,16,1,1,12.3050127029,0.1875,0,68.8199310303,89.2766571045,6.80239582062,0
1930,1,12,64,0.666666686535,1.5,4,,,,,,,5.29834222794,6.32793998718
1930,2,,,,1.5,4,4,12.665394783,0.1875,1050.58520508,99.5785827637,106.695533752,7.60090255737,0
1931,1,12,64,0.0625,16,4,,,,,,,0,7.2442278862
1931,2,,,,16,4,4,-10.2255706787,0.1875,0,97.4495239258,136.508102417,8.73230457306,9.16951847076
1932,1,12,64,0.666666686535,1.5,2,,,,,,,8.51719284058,0
1932,2,,,,1.5,2,2,12.8228788376,0.1875,513.223571777,115.576011658,127.577018738,5.7037935257,9.39266204834
1933,1,12,64,0.666666686535,1.5,1,,,,,,,6.39693260193,0
1933,2,,,,1.5,1,1,7.2442278862,0.1875,0,63.7495231628,107.480445862,6.39693260193,0
1934,1,12,64,0.666666686535,1.5,3,,,,,,,0,7.60090255737
1934,2,,,,1.5,3,3,13.2297821045,0.1875,570.558044434,125.640060425,114.998809814,9.34136867523,0
1935,1,12,64,0.666666686535,1.5,3,,,,,,,5.99147081375,8.00636768341
1935,2,,,,1.5,3,3,13.3859577179,0.1875,0,105.554527283,132.467437744,10.0774412155,9.95227813721
1936,1,6,91,0.0439560450613,22.75,6,,,,,,,9.30565071106,0
1936,2,,,,22.75,6,6,14.9794111252,0.0659340694547,2327.98974609,132.913833618,162.821304321,5.29834222794,9.14846515656
1937,1,6,91,0.0439560450613,22.75,5,,,,,,,7.2442278862,10.3859138489
1937,2,,,,22.75,5,5,15.6620416641,0.0659340694547,1804.98059082,152.222503662,170.87600708,9.21034049988,5.99147081375
1938,1,6,91,1,1,4,,,,,,,8.80986309052,0
1938,2,,,,1,4,4,14.5796756744,0.0659340694547,1599.66174316,107.252197266,152.393463135,7.64969301224,8.51719284058
1939,1,6,91,0.0439560450613,22.75,3,,,,,,,7.2442278862,0
1939,2,,,,22.75,3,3,12.1950120926,0.0659340694547,0,83.9421615601,114.329170227,8.26873207092,0
1940,1,6,91,1,1,4,,,,,,,6.68461322784,5.480656147
1940,2,,,,1,4,4,13.3348903656,0.0659340694547,0,85.1123504639,115.313728333,8.00636768341,8.13153076172
1941,1,6,91,1,1,3,,,,,,,7.69621276855,0
1941,2,,,,1,3,3,11.9941158295,0.0659340694547,0,85.8190078735,115.333030701,8.00636768341,8.00636768341
1942,1,6,91,1,1,2,,,,,,,6.21461200714,0
1942,2,,,,1,2,2,11.6404390335,0.0659340694547,0,87.665222168,97.8904190063,7.43838405609,0
1943,1,6,91,0.0439560450613,22.75,5,,,,,,,7.93737459183,0
1943,2,,,,22.75,5,5,12.3622131348,0.0659340694547,1064.63623047,119.058403015,134.604370117,6.68461322784,0
1944,1,6,91,1,1,4,,,,,,,0,9.64212322235
1944,2,,,,1,4,4,13.4330692291,0.0659340694547,725.893249512,127.40019989,149.367492676,6.75693368912,9.42545223236
1945,1,6,91,1,1,5,,,,,,,6.90775632858,0
1945,2,,,,1,5,5,13.6055297852,0.0659340694547,513.223571777,88.4547119141,117.578666687,6.21461200714,8.294049263
1946,1,12,75,0.666666686535,1.5,1,,,,,,,7.78322410583,0
1946,2,,,,1.5,1,1,8.9871969223,0.159999996424,0,84.982711792,130.362075806,9.23989963531,0
1947,1,12,75,0.666666686535,1.5,3,,,,,,,7.37775945663,0
1947,2,,,,1.5,3,3,15.2713308334,0.159999996424,0,137.327255249,131.321121216,0,8.9871969223
1948,1,12,75,0.666666686535,1.5,5,,,,,,,7.60090255737,9.82010555267
1948,2,,,,1.5,5,5,13.7877283096,0.159999996424,0,155.244491577,140.277145386,6.55108261108,7.60090255737
1949,1,12,75,0.0533333346248,18.75,4,,,,,,,5.99147081375,9.10497951508
1949,2,,,,18.75,4,4,12.2534332275,0.159999996424,0,97.9091033936,130.185302734,9.90348720551,9.90348720551
1950,1,12,75,0.0533333346248,18.75,3,,,,,,,0,0
1950,2,,,,18.75,3,3,16.6226577759,0.159999996424,828.640380859,114.695533752,120.377571106,0,9.10497951508
1951,1,12,75,0.666666686535,1.5,4,,,,,,,7.60090255737,0
1951,2,,,,1.5,4,4,12.7044448853,0.159999996424,0,98.7419128418,122.706863403,8.31874275208,8.9871969223
1952,1,12,75,0.666666686535,1.5,6,,,,,,,7.78322410583,0
1952,2,,,,1.5,6,6,12.0002775192,0.159999996424,1692.98376465,97.1802978516,135.033172607,8.47637081146,0
1953,1,12,75,0.0533333346248,18.75,5,,,,,,,7.93737459183,8.69951438904
1953,2,,,,18.75,5,5,13.8465242386,0.159999996424,0,111.777549744,148.211853027,7.93737459183,8.9871969223
1954,1,12,75,0.666666686535,1.5,6,,,,,,,7.78322410583,10.5966348648
1954,2,,,,1.5,6,6,14.8609685898,0.159999996424,0,173.269012451,172.120101929,7.2442278862,9.68034362793
1955,1,12,75,0.666666686535,1.5,4,,,,,,,7.60090255737,0
1955,2,,,,1.5,4,4,14.3156795502,0.159999996424,1319.48913574,115.87600708,159.102890015,8.85366535187,0
1956,1,12,75,0.666666686535,1.5,1,,,,,,,0,0
1956,2,,,,1.5,1,1,9.344871521,0.159999996424,0,57.6491508484,85.7130203247,8.47637081146,9.35876083374
1957,1,12,75,0.0533333346248,18.75,2,,,,,,,8.294049263,0
1957,2,,,,18.75,2,2,16.7105331421,0.159999996424,658.39276123,143.533004761,152.350814819,0,9.39266204834
1958,1,9,59,0.0677966102958,14.75,5,,,,,,,8.00636768341,8.00636768341
1958,2,,,,14.75,5,5,17.8499317169,0.152542367578,0,144.22253418,146.012741089,8.68270778656,0
1959,1,9,59,0.0677966102958,14.75,4,,,,,,,7.37775945663,0
1959,2,,,,14.75,4,4,13.5657663345,0.152542367578,0,111.50504303,123.740066528,7.09007740021,0
1960,1,9,59,0.0677966102958,14.75,5,,,,,,,10.0774412155,0
1960,2,,,,14.75,5,5,16.3630485535,0.152542367578,0,160.862960815,152.066009521,10.4744672775,9.26860904694
1961,1,9,59,0.888888895512,1.125,4,,,,,,,6.68461322784,0
1961,2,,,,1.125,4,4,13.2125692368,0.152542367578,725.893249512,108.684394836,115.563720703,8.00636768341,0
1962,1,9,59,0.888888895512,1.125,5,,,,,,,8.18868923187,9.90348720551
1962,2,,,,1.125,5,5,13.3033504486,0.152542367578,0,143.268203735,148.83203125,9.0118894577,0
1963,1,9,59,0.888888895512,1.125,3,,,,,,,9.48797225952,8.47637081146
1963,2,,,,1.125,3,3,13.82447052,0.152542367578,439.132415771,149.511764526,146.091918945,9.66776561737,8.69951438904
1964,1,9,59,0.0677966102958,14.75,6,,,,,,,9.31650066376,13.0170030594
1964,2,,,,14.75,6,6,12.9977064133,0.152542367578,0,188.000396729,200.134017944,8.03915786743,6.90775632858
1965,1,9,59,0.888888895512,1.125,5,,,,,,,8.00636768341,8.13153076172
1965,2,,,,1.125,5,5,14.1182489395,0.152542367578,1438.98620605,139.829406738,145.463363647,8.24275684357,13.5923671722
1966,1,9,59,0.888888895512,1.125,5,,,,,,,8.11372661591,8.9871969223
1966,2,,,,1.125,5,5,13.6473283768,0.152542367578,0,126.58102417,148.667068481,8.57546234131,0
1967,1,9,59,0.888888895512,1.125,5,,,,,,,10.0432491302,11.6118650436
1967,2,,,,1.125,5,5,14.9601793289,0.152542367578,0,181.830230713,192.701171875,10.3022632599,8.43381118774
1968,1,9,59,0.888888895512,1.125,1,,,,,,,0,0
1968,2,,,,1.125,1,1,15.2033538818,0.152542367578,0,52.7286148071,87.2780838013,8.16051864624,0
1969,1,9,59,0.888888895512,1.125,6,,,,,,,8.58298110962,8.15478801727
1969,2,,,,1.125,6,6,13.780090332,0.152542367578,471.496643066,125.661682129,146.171234131,8.294049263,7.60090255737
1970,1,19,88,0.0454545468092,22,3,,,,,,,7.86326694489,0
1970,2,,,,22,3,3,12.3247442245,0.215909093618,0,97.9692153931,114.542297363,7.90100717545,0
1971,1,19,88,0.421052634716,2.375,3,,,,,,,7.49554204941,6.90775632858
1971,2,,,,2.375,3,3,12.900718689,0.215909093618,0,75.0500183105,123.115066528,8.82467746735,0
1972,1,19,88,0.421052634716,2.375,5,,,,,,,7.2442278862,0
1972,2,,,,2.375,5,5,13.1297359467,0.215909093618,0,94.392036438,118.812141418,7.31322097778,0
1973,1,19,88,0.421052634716,2.375,4,,,,,,,8.85366535187,0
1973,2,,,,2.375,4,4,12.8437070847,0.215909093618,0,94.8797531128,135.444503784,8.51719284058,0
1974,1,19,88,0.421052634716,2.375,4,,,,,,,9.54681301117,0
1974,2,,,,2.375,4,4,14.0847740173,0.215909093618,0,94.4541625977,156.942993164,8.294049263,0
1975,1,19,88,0.421052634716,2.375,5,,,,,,,7.60090255737,9.24956130981
1975,2,,,,2.375,5,5,15.3708305359,0.215909093618,570.558044434,154.22769165,172.801513672,7.78322410583,9.87302875519
1976,1,19,88,0.0454545468092,22,4,,,,,,,8.00636768341,0
1976,2,,,,22,4,4,10.3747406006,0.215909093618,0,86.4288635254,127.878684998,8.0709066391,0
1977,1,19,88,0.0454545468092,22,3,,,,,,,0,8.8818359375
1977,2,,,,22,3,3,14.9165201187,0.215909093618,725.893249512,134.852676392,157.862960815,7.69621276855,0
1978,1,19,88,0.421052634716,2.375,3,,,,,,,7.60090255737,0
1978,2,,,,2.375,3,3,-8.79482460022,0.215909093618,570.558044434,82.8784255981,126.447662354,8.294049263,0
1979,1,19,88,0.0454545468092,22,1,,,,,,,8.76405334473,0
1979,2,,,,22,1,1,11.038110733,0.215909093618,999.639282227,109.936203003,144.492324829,8.59415435791,0
1980,1,19,88,0.421052634716,2.375,5,,,,,,,6.39693260193,9.21034049988
1980,2,,,,2.375,5,5,9.99879741669,0.215909093618,0,95.0435791016,150.936660767,9.14846515656,0
1981,1,19,88,0.421052634716,2.375,2,,,,,,,8.294049263,0
1981,2,,,,2.375,2,2,13.7039079666,0.215909093618,658.39276123,83.5802001953,137.639007568,8.74830532074,0
1982,1,15,81,0.533333361149,1.87499988079,1,,,,,,,8.248005867,0
1982,2,,,,1.87499988079,1,1,13.4814357758,0.185185179114,0,106.861679077,130.929275513,6.90775632858,8.00636768341
1983,1,15,81,0.533333361149,1.87499988079,6,,,,,,,8.24275684357,0
1983,2,,,,1.87499988079,6,6,13.3075141907,0.185185179114,828.640380859,112.494819641,143.403335571,10.0432491302,9.68034362793
1984,1,15,81,0.533333361149,1.87499988079,6,,,,,,,8.36637020111,8.00636768341
1984,2,,,,1.87499988079,6,6,9.21034049988,0.185185179114,0,109.422355652,144.575714111,8.38935947418,8.71931743622
1985,1,15,81,0.0493827164173,20.25,5,,,,,,,0,9.19013786316
1985,2,,,,20.25,5,5,14.5803527832,0.185185179114,828.640380859,126.176368713,156.793838501,7.64160490036,5.15129470825
1986,1,15,81,0.533333361149,1.87499988079,8,,,,,,,8.79482460022,8.55641365051
1986,2,,,,1.87499988079,8,8,13.6393699646,0.185185179114,0,141.484558105,145.552246094,8.41183280945,0
1987,1,15,81,0.533333361149,1.87499988079,3,,,,,,,9.54681301117,0
1987,2,,,,1.87499988079,3,3,14.7804012299,0.185185179114,781.316589355,162.374267578,143.379486084,9.35876083374,8.9871969223
1988,1,15,81,0.533333361149,1.87499988079,5,,,,,,,8.3428401947,10.3981838226
1988,2,,,,1.87499988079,5,5,13.4084444046,0.185185179114,1095.57873535,129.996643066,160.58215332,7.2442278862,7.78322410583
1989,1,15,81,0.533333361149,1.87499988079,5,,,,,,,9.03598690033,8.69951438904
1989,2,,,,1.87499988079,5,5,13.493927002,0.185185179114,0,117.378303528,151.834671021,0,9.39266204834
1990,1,15,81,0.0493827164173,20.25,5,,,,,,,7.86326694489,6.39693260193
1990,2,,,,20.25,5,5,14.3745546341,0.185185179114,907.135803223,133.047821045,131.32661438,7.93737459183,9.20028972626
1991,1,15,81,0.0493827164173,20.25,5,,,,,,,7.86326694489,8.61250305176
1991,2,,,,20.25,5,5,12.9381999969,0.185185179114,0,112.723220825,136.742233276,8.83054256439,0
1992,1,15,81,0.0493827164173,20.25,1,,,,,,,8.0709066391,0
1992,2,,,,20.25,1,1,13.5340490341,0.185185179114,439.132415771,116.940490723,130.840713501,6.39693260193,8.9871969223
1993,1,15,81,0.533333361149,1.87499988079,7,,,,,,,10.5969343185,0
1993,2,,,,1.87499988079,7,7,-9.28730106354,0.185185179114,828.640380859,112.668571472,160.775726318,9.23989963531,0
1994,1,13,90,0.615384638309,1.62499988079,4,,,,,,,6.39693260193,10.085808754
1994,2,,,,1.62499988079,4,4,13.0562238693,0.144444450736,658.39276123,126.061553955,149.746368408,7.09007740021,0
1995,1,13,90,0.0444444455206,22.5,2,,,,,,,0,8.51719284058
1995,2,,,,22.5,2,2,13.5227489471,0.144444450736,828.640380859,120.848373413,133.647460938,6.90775632858,0
1996,1,13,90,0.615384638309,1.62499988079,7,,,,,,,8.77955722809,8.294049263
1996,2,,,,1.62499988079,7,7,14.4310207367,0.144444450736,1258.13293457,133.667602539,153.840515137,6.39693260193,6.90775632858
1997,1,13,90,0.615384638309,1.62499988079,5,,,,,,,0,0
1997,2,,,,1.62499988079,5,5,14.5185089111,0.144444450736,0,71.2267074585,112.447052002,8.294049263,8.69951438904
1998,1,13,90,0.0444444455206,22.5,4,,,,,,,7.17012023926,8.69951438904
1998,2,,,,22.5,4,4,12.7599573135,0.144444450736,471.496643066,120.439285278,129.331329346,8.03915786743,8.294049263
1999,1,13,90,0.615384638309,1.62499988079,5,,,,,,,8.55641365051,0
1999,2,,,,1.62499988079,5,5,16.1787776947,0.144444450736,889.11315918,163.55809021,130.762145996,8.38935947418,0
2000,1,13,90,0.615384638309,1.62499988079,3,,,,,,,6.68461322784,0
2000,2,,,,1.62499988079,3,3,12.6347980499,0.144444450736,0,75.6185302734,107.61051178,6.90775632858,0
2001,1,13,90,0.615384638309,1.62499988079,1,,,,,,,7.60090255737,0
2001,2,,,,1.62499988079,1,1,15.4315271378,0.144444450736,0,94.3143768311,128.174331665,7.78322410583,0
2002,1,13,90,0.0444444455206,22.5,3,,,,,,,8.9871969223,0
2002,2,,,,22.5,3,3,13.9716596603,0.144444450736,570.558044434,125.288352966,145.989151001,9.31470012665,0
2003,1,13,90,0.615384638309,1.62499988079,5,,,,,,,7.97246599197,6.17379045486
2003,2,,,,1.62499988079,5,5,13.5070762634,0.144444450736,1399.0736084,119.826141357,129.907440186,8.43381118774,6.39693260193
2004,1,13,90,0.0444444455206,22.5,4,,,,,,,8.43381118774,8.41183280945
2004,2,,,,22.5,4,4,13.4579782486,0.144444450736,805.82409668,131.806228638,141.619781494,8.24275684357,8.00636768341
2005,1,13,90,0.615384638309,1.62499988079,4,,,,,,,6.70930576324,0
2005,2,,,,1.62499988079,4,4,13.0311250687,0.144444450736,0,97.799446106,117.406242371,8.73230457306,0
2006,1,24,127,0.333333343267,3,2,,,,,,,0,0
2006,2,,,,3,2,2,12.713312149,0.188976377249,0,69.5875167847,98.8715057373,5.99147081375,8.69951438904
2007,1,24,127,0.0314960628748,31.75,4,,,,,,,0,6.39693260193
2007,2,,,,31.75,4,4,9.21632289886,0.188976377249,0,76.2688598633,114.329025269,9.79812717438,13.712480545
2008,1,24,127,0.333333343267,3,1,,,,,,,9.39266204834,0
2008,2,,,,3,1,1,13.8062677383,0.188976377249,0,121.086738586,150.581176758,6.21461200714,8.69951438904
2009,1,24,127,0.333333343267,3,2,,,,,,,6.90775632858,6.39693260193
2009,2,,,,3,2,2,13.3459863663,0.188976377249,0,90.3275146484,127.075576782,8.00636768341,7.31322097778
2010,1,24,127,0.0314960628748,31.75,3,,,,,,,8.00636768341,0
2010,2,,,,31.75,3,3,10.7144174576,0.188976377249,0,98.9385375977,131.098922729,0,8.66561317444
2011,1,24,127,0.333333343267,3,1,,,,,,,5.99147081375,0
2011,2,,,,3,1,1,10.6511230469,0.188976377249,215.080154419,65.9765777588,92.1478271484,0,0
2012,1,24,127,0.333333343267,3,4,,,,,,,9.34136867523,11.918390274
2012,2,,,,3,4,4,14.6556539536,0.188976377249,1154.74121094,177.834136963,195.455566406,7.60090255737,8.00636768341
2013,1,24,127,0.0314960628748,31.75,3,,,,,,,8.294049263,8.85366535187
2013,2,,,,31.75,3,3,11.2212352753,0.188976377249,0,123.43825531,146.357055664,0,8.69951438904
2014,1,24,127,0.333333343267,3,4,,,,,,,6.55108261108,8.00636768341
2014,2,,,,3,4,4,13.4423837662,0.188976377249,0,108.60218811,133.901184082,6.21461200714,0
2015,1,24,127,0.333333343267,3,2,,,,,,,8.294049263,9.39266204834
2015,2,,,,3,2,2,12.803809166,0.188976377249,356.412506104,115.033676147,145.21446228,0,8.69951438904
2016,1,24,127,0.0314960628748,31.75,3,,,,,,,7.2442278862,0
2016,2,,,,31.75,3,3,15.2095994949,0.188976377249,0,89.1956863403,138.949707031,7.31322097778,8.9871969223
2017,1,24,127,0.333333343267,3,3,,,,,,,0,0
2017,2,,,,3,3,3,13.2964515686,0.188976377249,0,72.3537216187,94.1809387207,6.90775632858,0
2018,1,29,144,0.275862067938,3.625,1,,,,,,,0,0
2018,2,,,,3.625,1,1,0,0.201388895512,0,41.2381858826,66.8202438354,6.39693260193,8.69951438904
2019,1,29,144,0.275862067938,3.625,3,,,,,,,8.294049263,0
2019,2,,,,3.625,3,3,17.2273979187,0.201388895512,0,98.3553009033,123.832923889,0,7.93737459183
2020,1,29,144,0.0277777779847,36,2,,,,,,,8.9871969223,0
2020,2,,,,36,2,2,13.3152952194,0.201388895512,0,92.6181945801,140.603424072,7.93737459183,8.63052177429
2021,1,29,144,0.275862067938,3.625,2,,,,,,,7.2442278862,0
2021,2,,,,3.625,2,2,13.5825691223,0.201388895512,0,88.5492935181,125.885879517,8.13153076172,0
2022,1,29,144,0.275862067938,3.625,2,,,,,,,7.86326694489,0
2022,2,,,,3.625,2,2,13.8269453049,0.201388895512,0,87.0403289795,131.291671753,6.68461322784,7.09007740021
2023,1,29,144,0.0277777779847,36,3,,,,,,,6.39693260193,0
2023,2,,,,36,3,3,11.2091140747,0.201388895512,0,87.3414230347,99.7526855469,0,8.294049263
2024,1,29,144,0.275862067938,3.625,1,,,,,,,0,0
2024,2,,,,3.625,1,1,12.9091701508,0.201388895512,0,61.2579269409,66.8202438354,8.74830532074,6.68461322784
2025,1,29,144,0.275862067938,3.625,4,,,,,,,8.21608829498,0
2025,2,,,,3.625,4,4,12.5670108795,0.201388895512,0,115.751457214,117.8438797,8.86785030365,7.60090255737
2026,1,29,144,0.275862067938,3.625,7,,,,,,,5.29834222794,0
2026,2,,,,3.625,7,7,12.8357524872,0.201388895512,0,90.9120635986,104.467414856,0,8.76405334473
2027,1,29,144,0.275862067938,3.625,2,,,,,,,7.37775945663,0
2027,2,,,,3.625,2,2,14.5401563644,0.201388895512,1135.97009277,95.8327331543,139.057159424,7.2442278862,0
2028,1,29,144,0.0277777779847,36,4,,,,,,,5.99147081375,0
2028,2,,,,36,4,4,10.7320394516,0.201388895512,0,82.6587600708,112.985595703,7.52833223343,7.49554204941
2029,1,29,144,0.0277777779847,36,4,,,,,,,8.51719284058,8.51719284058
2029,2,,,,36,4,4,13.2227516174,0.201388895512,0,143.519622803,155.088821411,5.99147081375,0
2030,1,5,146,1,1,3,,,,,,,7.60090255737,0
2030,2,,,,1,3,3,13.2719898224,0.0342465750873,525.735107422,93.6354064941,128.284896851,8.85366535187,8.51719284058
2031,1,5,146,1,1,4,,,,,,,8.55641365051,0
2031,2,,,,1,4,4,-9.37585449219,0.0342465750873,0,87.7891235352,125.234764099,7.86326694489,0
2032,1,5,146,0.0273972600698,36.5,3,,,,,,,7.74066448212,0
2032,2,,,,36.5,3,3,14.3043355942,0.0342465750873,0,103.795898438,139.476318359,7.00306606293,0
2033,1,5,146,0.0273972600698,36.5,2,,,,,,,0,10.2399597168
2033,2,,,,36.5,2,2,13.1755247116,0.0342465750873,0,137.682678223,151.194976807,9.46498298645,0
2034,1,5,146,1,1,4,,,,,,,7.78322410583,8.18868923187
2034,2,,,,1,4,4,13.6892671585,0.0342465750873,665.865661621,126.622787476,138.691680908,7.77485609055,0
2035,1,5,146,0.0273972600698,36.5,4,,,,,,,8.36637020111,7.49554204941
2035,2,,,,36.5,4,4,14.9351015091,0.0342465750873,570.558044434,119.638580322,153.519241333,7.49554204941,0
2036,1,5,146,0.0273972600698,36.5,3,,,,,,,0,0
2036,2,,,,36.5,3,3,13.3518867493,0.0342465750873,329.61807251,113.392196655,116.316940308,9.21034049988,10.1105012894
2037,1,5,146,1,1,5,,,,,,,6.63332033157,6.39693260193
2037,2,,,,1,5,5,11.8775682449,0.0342465750873,0,104.234413147,111.54989624,6.68461322784,0
2038,1,5,146,1,1,8,,,,,,,7.37775945663,9.42545223236
2038,2,,,,1,8,8,13.5135946274,0.0342465750873,0,149.346893311,145.591583252,6.39693260193,7.60090255737
2039,1,21,93,0.380952388048,2.625,3,,,,,,,9.28730106354,13.710149765
2039,2,,,,2.625,3,3,13.6231384277,0.225806444883,609.017578125,150.487045288,206.333572388,9.64212322235,9.10497951508
2040,1,21,93,0.380952388048,2.625,1,,,,,,,7.93737459183,0
2040,2,,,,2.625,1,1,13.1289415359,0.225806444883,0,123.496086121,129.678619385,7.31322097778,6.68461322784
2041,1,21,93,0.380952388048,2.625,2,,,,,,,9.90348720551,9.68034362793
2041,2,,,,2.625,2,2,12.3327054977,0.225806444883,0,111.789619446,146.632659912,9.14846515656,0
2042,1,21,93,0.0430107526481,23.25,1,,,,,,,9.19013786316,9.39266204834
2042,2,,,,23.25,1,1,15.8070907593,0.225806444883,0,181.424057007,157.194274902,9.19013786316,8.65869235992
2043,1,21,93,0.380952388048,2.625,5,,,,,,,7.78322410583,0
2043,2,,,,2.625,5,5,14.5339040756,0.225806444883,0,104.957847595,144.500274658,8.00636768341,9.21034049988
2044,1,21,93,0.0430107526481,23.25,6,,,,,,,7.69621276855,0
2044,2,,,,23.25,6,6,14.5768766403,0.225806444883,298.695617676,129.040176392,129.130340576,5.99147081375,9.47270488739
2045,1,21,93,0.380952388048,2.625,2,,,,,,,6.39693260193,10.3089523315
2045,2,,,,2.625,2,2,15.212893486,0.225806444883,0,127.105773926,179.753753662,7.86326694489,0
2046,1,21,93,0.380952388048,2.625,5,,,,,,,7.86326694489,8.294049263
2046,2,,,,2.625,5,5,12.4874849319,0.225806444883,0,100.956481934,128.394699097,8.03915786743,7.60090255737
2047,1,21,93,0.0430107526481,23.25,3,,,,,,,8.0709066391,0
2047,2,,,,23.25,3,3,13.6601428986,0.225806444883,791.340515137,106.346740723,132.409683228,9.0118894577,0
2048,1,21,93,0.0430107526481,23.25,5,,,,,,,0,8.294049263
2048,2,,,,23.25,5,5,12.9116420746,0.225806444883,439.132415771,95.4153594971,128.920898438,6.68461322784,8.00636768341
2049,1,21,93,0.380952388048,2.625,3,,,,,,,7.60090255737,0
2049,2,,,,2.625,3,3,13.6038017273,0.225806444883,0,84.8725814819,126.396896362,8.45531749725,0
2050,1,21,93,0.380952388048,2.625,1,,,,,,,8.294049263,0
2050,2,,,,2.625,1,1,13.3185882568,0.225806444883,0,88.4174880981,132.039031982,8.18868923187,8.9871969223
2051,1,17,92,0.470588237047,2.125,4,,,,,,,8.18868923187,7.86326694489
2051,2,,,,2.125,4,4,13.5513362885,0.184782609344,0,132.172195435,138.704772949,9.26860904694,0
2052,1,17,92,0.470588237047,2.125,1,,,,,,,8.31874275208,0
2052,2,,,,2.125,1,1,11.3621025085,0.184782609344,0,81.2730789185,110.62815094,8.10167789459,0
2053,1,17,92,0.0434782616794,23,2,,,,,,,6.39693260193,8.294049263
2053,2,,,,23,2,2,14.4921216965,0.184782609344,760.288269043,91.4360733032,144.035354614,7.74066448212,0
2054,1,17,92,0.470588237047,2.125,5,,,,,,,8.26873207092,0
2054,2,,,,2.125,5,5,13.4895029068,0.184782609344,920.921508789,93.5988540649,134.11869812,8.55641365051,7.78322410583
2055,1,17,92,0.470588237047,2.125,2,,,,,,,8.0709066391,7.60090255737
2055,2,,,,2.125,2,2,10.3545627594,0.184782609344,0,101.772888184,138.733734131,8.3428401947,8.294049263
2056,1,17,92,0.470588237047,2.125,5,,,,,,,8.47637081146,0
2056,2,,,,2.125,5,5,12.8833446503,0.184782609344,439.132415771,97.4627075195,133.61328125,10.6358556747,9.68034362793
2057,1,17,92,0.470588237047,2.125,1,,,,,,,9.27799892426,0
2058,1,17,92,0.470588237047,2.125,1,,,,,,,6.21461200714,8.3428401947
2058,2,,,,2.125,1,1,13.6040487289,0.184782609344,920.921508789,84.6391525269,136.408843994,8.69951438904,0
2059,1,17,92,0.0434782616794,23,3,,,,,,,7.60090255737,8.66561317444
2059,2,,,,23,3,3,14.1641235352,0.184782609344,658.39276123,138.574584961,144.998245239,7.37775945663,8.79482460022
2060,1,17,92,0.470588237047,2.125,5,,,,,,,9.70503616333,0
2060,2,,,,2.125,5,5,13.0575046539,0.184782609344,1055.32580566,101.405517578,147.65826416,9.92329025269,8.294049263
2061,1,17,92,0.0434782616794,23,4,,,,,,,5.56069660187,8.00636768341
2061,2,,,,23,4,4,14.4147319794,0.184782609344,0,132.920166016,130.57963562,8.38935947418,0
2062,1,17,92,0.0434782616794,23,1,,,,,,,8.00636768341,0
2062,2,,,,23,1,1,9.74096870422,0.184782609344,0,89.6052322388,130.839691162,8.00636768341,0
2063,1,16,122,0.5,2,4,,,,,,,6.21461200714,9.79812717438
2063,2,,,,2,4,4,13.8285255432,0.131147533655,329.61807251,151.573562622,146.226104736,7.86326694489,8.18868923187
2064,1,16,122,0.5,2,2,,,,,,,0,8.69951438904
2064,2,,,,2,2,2,13.0017766953,0.131147533655,0,115.865386963,134.459320068,0,7.60090255737
2065,1,16,122,0.5,2,4,,,,,,,0,0
2065,2,,,,2,4,4,14.1973657608,0.131147533655,0,103.313545227,128.550628662,9.0118894577,7.37775945663
2066,1,16,122,0.5,2,5,,,,,,,9.30565071106,7.60090255737
2066,2,,,,2,5,5,13.0094184875,0.131147533655,1331.76245117,141.151657104,148.202651978,8.59415435791,8.9871969223
2067,1,16,122,0.0327868834138,30.5000019073,3,,,,,,,0,0
2067,2,,,,30.5000019073,3,3,12.9287786484,0.131147533655,0,96.1432495117,102.558044434,0,8.0709066391
2068,1,16,122,0.5,2,6,,,,,,,8.57546234131,8.294049263
2068,2,,,,2,6,6,17.7009677887,0.131147533655,1189.88208008,124.501831055,149.376281738,7.60090255737,10.0432491302
2069,1,16,122,0.5,2,3,,,,,,,7.33953809738,0
2069,2,,,,2,3,3,13.8341360092,0.131147533655,570.558044434,85.0417022705,129.686218262,7.60090255737,11.7183122635
2070,1,16,122,0.5,2,3,,,,,,,0,9.03598690033
2071,1,16,122,0.5,2,6,,,,,,,7.37775945663,6.80239582062
2071,2,,,,2,6,6,12.8843603134,0.131147533655,0,120.493247986,126.758705139,7.60090255737,9.39266204834
2072,1,16,122,0.0327868834138,30.5000019073,1,,,,,,,0,6.68461322784
2072,2,,,,30.5000019073,1,1,10.1345996857,0.131147533655,329.61807251,84.1770477295,121.376731873,5.99147081375,8.294049263
2073,1,16,122,0.0327868834138,30.5000019073,4,,,,,,,7.43838405609,8.41183280945
2073,2,,,,30.5000019073,4,4,13.5721645355,0.131147533655,754.80871582,114.826332092,140.466705322,9.35876083374,9.61580562592
2074,1,16,122,0.0327868834138,30.5000019073,4,,,,,,,8.66561317444,9.1377696991
2074,2,,,,30.5000019073,4,4,15.2673587799,0.131147533655,1206.39355469,158.103988647,168.363311768,7.86326694489,8.59415435791
2075,1,16,90,0.0444444455206,22.5,6,,,,,,,6.39693260193,7.09007740021
2075,2,,,,22.5,6,6,12.3888111115,0.177777782083,1116.28430176,81.2368545532,110.180549622,8.96187877655,0
2076,1,16,90,0.5,2,4,,,,,,,8.69951438904,9.68034362793
2076,2,,,,2,4,4,13.549454689,0.177777782083,1189.88208008,118.35572052,161.219558716,8.38935947418,9.23014259338
2077,1,16,90,0.5,2,7,,,,,,,7.93737459183,0
2077,2,,,,2,7,7,14.3424854279,0.177777782083,0,134.452194214,138.577590942,6.68461322784,9.39266204834
2078,1,16,90,0.5,2,3,,,,,,,7.86326694489,0
2078,2,,,,2,3,3,-10.2255706787,0.177777782083,0,81.7408447266,129.166564941,7.37775945663,9.90348720551
2079,1,16,90,0.5,2,5,,,,,,,9.09380626678,8.96187877655
2079,2,,,,2,5,5,13.5538864136,0.177777782083,1084.80578613,130.598876953,150.066482544,8.66561317444,9.53242397308
2080,1,16,90,0.5,2,3,,,,,,,7.60090255737,7.49554204941
2080,2,,,,2,3,3,15.0027427673,0.177777782083,781.316589355,104.121612549,126.416229248,5.29834222794,8.61250305176
2081,1,16,90,0.0444444455206,22.5,6,,,,,,,6.21461200714,7.82404613495
2081,2,,,,22.5,6,6,13.6371250153,0.177777782083,0,109.57233429,134.845535278,0,8.51719284058
2082,1,16,90,0.0444444455206,22.5,2,,,,,,,0,0
2082,2,,,,22.5,2,2,9.53964424133,0.177777782083,0,62.0801696777,80.1983261108,6.90775632858,0
2083,1,16,90,0.5,2,6,,,,,,,5.29834222794,7.86326694489
2083,2,,,,2,6,6,12.567237854,0.177777782083,725.893249512,122.354156494,134.810562134,6.80239582062,7.93737459183
2084,1,16,90,0.5,2,3,,,,,,,6.73340320587,8.00636768341
2084,2,,,,2,3,3,13.1225633621,0.177777782083,0,110.426086426,127.993942261,9.93304634094,0
2085,1,16,90,0.0444444455206,22.5,3,,,,,,,8.83927631378,8.69951438904
2085,2,,,,22.5,3,3,14.8082437515,0.177777782083,999.639282227,157.852767944,166.957458496,9.21034049988,0
2086,1,16,90,0.5,2,4,,,,,,,7.93737459183,8.63052177429
2086,2,,,,2,4,4,12.1270294189,0.177777782083,549.089538574,106.556716919,126.495742798,0,0
2087,1,15,90,0.533333361149,1.87499988079,3,,,,,,,7.78322410583,7.09007740021
2087,2,,,,1.87499988079,3,3,8.75778388977,0.166666671634,0,91.943862915,132.636962891,7.37775945663,0
2088,1,15,90,0.533333361149,1.87499988079,2,,,,,,,0,8.69951438904
2088,2,,,,1.87499988079,2,2,12.9456262589,0.166666671634,781.316589355,97.1079864502,132.234375,8.63052177429,0
2089,1,15,90,0.533333361149,1.87499988079,1,,,,,,,8.294049263,9.21034049988
2089,2,,,,1.87499988079,1,1,13.6284580231,0.166666671634,0,111.048782349,150.033996582,9.21034049988,0
2090,1,15,90,0.0444444455206,22.5,5,,,,,,,9.69276618958,0
2090,2,,,,22.5,5,5,13.1982126236,0.166666671634,0,118.461585999,154.145355225,8.69951438904,7.31322097778
2091,1,15,90,0.0444444455206,22.5,1,,,,,,,6.39693260193,0
2091,2,,,,22.5,1,1,12.2876529694,0.166666671634,0,80.1394271851,98.2878189087,7.69621276855,7.60090255737
2092,1,15,90,0.533333361149,1.87499988079,5,,,,,,,7.86326694489,7.93737459183
2092,2,,,,1.87499988079,5,5,9.08250713348,0.166666671634,0,89.7392044067,140.193634033,8.76405334473,0
2093,1,15,90,0.533333361149,1.87499988079,5,,,,,,,8.18868923187,0
2093,2,,,,1.87499988079,5,5,10.8512773514,0.166666671634,907.135803223,98.7834777832,113.951469421,8.79482460022,8.79482460022
2094,1,15,90,0.0444444455206,22.5,3,,,,,,,4.60527038574,0
2094,2,,,,22.5,3,3,13.3911685944,0.166666671634,0,88.7653427124,108.718811035,7.60090255737,0
2095,1,15,90,0.0444444455206,22.5,2,,,,,,,8.61250305176,0
2095,2,,,,22.5,2,2,13.1394166946,0.166666671634,0,113.601600647,131.588165283,7.17012023926,10.4341154099
2096,1,15,90,0.533333361149,1.87499988079,1,,,,,,,7.93737459183,0
2096,2,,,,1.87499988079,1,1,14.5710687637,0.166666671634,439.132415771,113.434654236,146.649475098,8.294049263,0
2097,1,15,90,0.533333361149,1.87499988079,2,,,,,,,8.66561317444,0
2097,2,,,,1.87499988079,2,2,12.3458347321,0.166666671634,0,126.176483154,123.991348267,8.63052177429,0
2098,1,15,90,0.533333361149,1.87499988079,4,,,,,,,8.294049263,9.66776561737
2098,2,,,,1.87499988079,4,4,15.7755775452,0.166666671634,1438.98620605,178.983825684,163.162918091,9.74096870422,9.79812717438
2099,1,14,82,0.0487804859877,20.5,3,,,,,,,6.68461322784,0
2099,2,,,,20.5,3,3,12.9350690842,0.170731708407,439.132415771,72.2018203735,105.89717865,7.09007740021,9.51044464111
2100,1,14,82,0.571428596973,1.74999988079,6,,,,,,,10.2955293655,9.39266204834
2100,2,,,,1.74999988079,6,6,12.900718689,0.170731708407,658.39276123,131.839950562,161.82258606,8.294049263,9.24956130981
2101,1,14,82,0.571428596973,1.74999988079,6,,,,,,,8.57546234131,9.44145202637
2101,2,,,,1.74999988079,6,6,13.32625103,0.170731708407,1626.29089355,148.836776733,147.338134766,8.00636768341,7.93737459183
2102,1,14,82,0.571428596973,1.74999988079,4,,,,,,,7.69621276855,0
2102,2,,,,1.74999988079,4,4,12.9724702835,0.170731708407,0,94.0647659302,122.896636963,5.99147081375,7.60090255737
2103,1,14,82,0.571428596973,1.74999988079,3,,,,,,,7.78322410583,8.0709066391
2103,2,,,,1.74999988079,3,3,12.6409673691,0.170731708407,0,94.3392028809,129.233062744,8.38935947418,8.00636768341
2104,1,14,82,0.571428596973,1.74999988079,4,,,,,,,6.39693260193,9.47270488739
2104,2,,,,1.74999988079,4,4,9.69276618958,0.170731708407,0,122.373001099,153.619262695,9.07107830048,7.60090255737
2105,1,14,82,0.571428596973,1.74999988079,6,,,,,,,9.79812717438,5.29834222794
2105,2,,,,1.74999988079,6,6,14.4775457382,0.170731708407,1458.640625,147.204544067,166.969299316,9.99879741669,0
2106,1,14,82,0.571428596973,1.74999988079,2,,,,,,,8.294049263,0
2106,2,,,,1.74999988079,2,2,9.34136867523,0.170731708407,0,92.2205581665,154.07925415,9.32366943359,0
2107,1,14,82,0.0487804859877,20.5,5,,,,,,,8.96187877655,11.6082353592
2107,2,,,,20.5,5,5,12.7753562927,0.170731708407,525.735107422,134.735778809,169.608016968,8.294049263,0
2108,1,14,82,0.0487804859877,20.5,4,,,,,,,8.13153076172,8.9871969223
2109,1,14,82,0.571428596973,1.74999988079,2,,,,,,,9.10497951508,0
2109,2,,,,1.74999988079,2,2,9.7315120697,0.170731708407,781.316589355,93.977394104,148.573638916,9.61580562592,0
2110,1,14,82,0.0487804859877,20.5,3,,,,,,,9.58877658844,0
2111,1,20,53,0.40000000596,2.5,4,,,,,,,8.00636768341,0
2111,2,,,,2.5,4,4,11.8465366364,0.377358496189,1351.87890625,105.636680603,135.343521118,7.37775945663,8.294049263
2112,1,20,53,0.0754716992378,13.25,2,,,,,,,0,0
2112,2,,,,13.25,2,2,12.5418300629,0.377358496189,781.316589355,95.2276153564,104.215431213,9.19013786316,0
2113,1,20,53,0.40000000596,2.5,5,,,,,,,7.60090255737,2.89344406128
2113,2,,,,2.5,5,5,14.4475269318,0.377358496189,0,131.9637146,133.404373169,7.37775945663,9.24956130981
2114,1,20,53,0.40000000596,2.5,4,,,,,,,7.49554204941,0
2114,2,,,,2.5,4,4,9.51782512665,0.377358496189,0,84.9532775879,117.091461182,9.10497951508,10.3089523315
2115,1,20,53,0.40000000596,2.5,2,,,,,,,6.90775632858,0
2115,2,,,,2.5,2,2,12.945148468,0.377358496189,0,84.9406356812,109.189910889,7.93737459183,0
2116,1,20,53,0.40000000596,2.5,3,,,,,,,7.2442278862,0
2116,2,,,,2.5,3,3,8.93590354919,0.377358496189,781.316589355,80.1929626465,120.824966431,6.90775632858,0
2117,1,20,53,0.40000000596,2.5,2,,,,,,,8.00636768341,8.76405334473
2117,2,,,,2.5,2,2,13.8287229538,0.377358496189,570.558044434,111.106781006,148.289199829,7.2442278862,8.85366535187
2118,1,20,53,0.0754716992378,13.25,1,,,,,,,0,0
2118,2,,,,13.25,1,1,10.3417425156,0.377358496189,0,86.5874786377,120.093444824,8.294049263,0
2119,1,20,53,0.0754716992378,13.25,1,,,,,,,6.21461200714,0
2119,2,,,,13.25,1,1,14.1176872253,0.377358496189,617.859069824,109.17288208,112.65120697,6.90775632858,8.41183280945
2120,1,20,53,0.0754716992378,13.25,7,,,,,,,8.00636768341,8.8818359375
2120,2,,,,13.25,7,7,13.9410505295,0.377358496189,2102.26245117,135.923797607,147.077331543,0,8.9871969223
2121,1,20,53,0.40000000596,2.5,2,,,,,,,6.90775632858,0
2121,2,,,,2.5,2,2,8.13153076172,0.377358496189,439.132415771,84.3531417847,127.793296814,8.64822101593,9.54681301117
2122,1,20,53,0.40000000596,2.5,5,,,,,,,8.13153076172,10.2576589584
2122,2,,,,2.5,5,5,13.4713287354,0.377358496189,1082.61523438,132.376464844,157.869094849,9.34136867523,0
2123,1,14,101,0.571428596973,1.74999988079,4,,,,,,,8.79482460022,9.23989963531
2123,2,,,,1.74999988079,4,4,14.0062961578,0.138613864779,1266.64550781,152.223205566,151.845306396,7.78322410583,0
2124,1,14,101,0.571428596973,1.74999988079,4,,,,,,,8.90923500061,7.2442278862
2124,2,,,,1.74999988079,4,4,13.3506135941,0.138613864779,0,108.439025879,140.795959473,0,8.68270778656
2125,1,14,101,0.571428596973,1.74999988079,4,,,,,,,7.60090255737,0
2125,2,,,,1.74999988079,4,4,12.6641302109,0.138613864779,0,121.895988464,108.832107544,8.69951438904,0
2126,1,14,101,0.039603959769,25.25,3,,,,,,,7.69621276855,0
2126,2,,,,25.25,3,3,15.6205482483,0.138613864779,0,101.992614746,147.622711182,0,0
2127,1,14,101,0.571428596973,1.74999988079,6,,,,,,,9.39266204834,7.49554204941
2127,2,,,,1.74999988079,6,6,15.4745759964,0.138613864779,1040.92590332,142.235153198,149.270599365,0,8.69951438904
2128,1,14,101,0.571428596973,1.74999988079,3,,,,,,,8.69951438904,0
2128,2,,,,1.74999988079,3,3,15.8050823212,0.138613864779,658.39276123,152.663269043,133.009811401,9.2629327774,8.69951438904
2129,1,14,101,0.039603959769,25.25,1,,,,,,,0,0
2129,2,,,,25.25,1,1,13.3822631836,0.138613864779,0,56.6975326538,70.4927749634,7.2442278862,0
2130,1,14,101,0.039603959769,25.25,4,,,,,,,7.60090255737,8.294049263
2130,2,,,,25.25,4,4,12.9876880646,0.138613864779,1025.96411133,105.829841614,134.285095215,8.294049263,0
2131,1,14,101,0.039603959769,25.25,1,,,,,,,0,0
2131,2,,,,25.25,1,1,6.94697713852,0.138613864779,0,41.2381858826,68.3444824219,8.294049263,0
2132,1,14,101,0.571428596973,1.74999988079,3,,,,,,,8.85366535187,0
2132,2,,,,1.74999988079,3,3,-10.2255706787,0.138613864779,513.223571777,93.4645462036,140.98210144,9.68034362793,0
2133,1,14,101,0.571428596973,1.74999988079,4,,,,,,,8.41538238525,9.39266204834
2133,2,,,,1.74999988079,4,4,-7.09007740021,0.138613864779,570.558044434,94.4157714844,155.482910156,10.8723707199,0
2134,1,14,101,0.571428596973,1.74999988079,2,,,,,,,8.69951438904,0
2134,2,,,,1.74999988079,2,2,13.4559745789,0.138613864779,0,140.064971924,141.404190063,0,0
2135,1,12,48,0.0833333358169,12,3,,,,,,,8.38935947418,0
2135,2,,,,12,3,3,14.3016338348,0.25,0,98.1709671021,141.608978271,7.78322410583,0
2136,1,12,48,0.0833333358169,12,1,,,,,,,8.00636768341,8.18868923187
2136,2,,,,12,1,1,14.5236444473,0.25,0,105.946746826,149.599746704,9.5749835968,9.03598690033
2137,1,12,48,0.666666686535,1.5,1,,,,,,,6.68461322784,0
2137,2,,,,1.5,1,1,11.4075651169,0.25,0,105.082740784,131.674209595,8.294049263,6.90775632858
2138,1,12,48,0.666666686535,1.5,5,,,,,,,10.5186729431,0
2138,2,,,,1.5,5,5,12.1345767975,0.25,0,147.90397644,160.193939209,7.2442278862,8.85366535187
2139,1,12,48,0.0833333358169,12,1,,,,,,,9.21034049988,9.32366943359
2139,2,,,,12,1,1,13.8245697021,0.25,0,114.851799011,157.922088623,0,8.294049263
2140,1,12,48,0.666666686535,1.5,5,,,,,,,8.03915786743,7.09007740021
2140,2,,,,1.5,5,5,-8.79482460022,0.25,0,96.2081604004,127.09765625,8.38935947418,8.9871969223
2141,1,12,48,0.0833333358169,12,4,,,,,,,8.76405334473,0
2141,2,,,,12,4,4,-9.5749835968,0.25,439.132415771,98.3209609985,147.375274658,9.39266204834,9.54681301117
2142,1,12,48,0.666666686535,1.5,3,,,,,,,5.56069660187,0
2142,2,,,,1.5,3,3,13.6470918655,0.25,0,82.9218673706,105.195121765,7.17012023926,0
2143,1,12,48,0.666666686535,1.5,4,,,,,,,7.27239894867,0
2143,2,,,,1.5,4,4,12.2078714371,0.25,504.087921143,81.2478485107,112.95753479,6.39693260193,7.64969301224
2144,1,12,48,0.666666686535,1.5,1,,,,,,,8.294049263,0
2144,2,,,,1.5,1,1,14.2585287094,0.25,439.132415771,117.813850403,141.105392456,9.21034049988,6.90775632858
2145,1,12,48,0.666666686535,1.5,2,,,,,,,8.21608829498,7.5496096611
2145,2,,,,1.5,2,2,9.83091640472,0.25,0,92.3895339966,117.409538269,5.29834222794,0
2146,1,12,48,0.666666686535,1.5,5,,,,,,,5.99147081375,8.294049263
2146,2,,,,1.5,5,5,12.8834972382,0.25,781.316589355,129.247955322,133.915527344,5.29834222794,8.9871969223
2147,1,11,81,0.0493827164173,20.25,6,,,,,,,5.29834222794,0
2147,2,,,,20.25,6,6,12.8182811737,0.135802462697,0,100.396011353,108.069000244,7.37775945663,0
2148,1,11,81,0.0493827164173,20.25,2,,,,,,,7.69621276855,0
2148,2,,,,20.25,2,2,16.0528526306,0.135802462697,781.316589355,155.864959717,129.725204468,9.99879741669,8.00636768341
2149,1,11,81,0.0493827164173,20.25,3,,,,,,,8.00636768341,0
2149,2,,,,20.25,3,3,13.7236146927,0.135802462697,0,120.942779541,127.194389343,7.60090255737,0
2150,1,11,81,0.727272748947,1.375,4,,,,,,,8.18868923187,8.93590354919
2150,2,,,,1.375,4,4,14.5695180893,0.135802462697,0,126.627037048,158.081497192,9.09380626678,0
2151,1,11,81,0.727272748947,1.375,1,,,,,,,6.68461322784,0
2151,2,,,,1.375,1,1,-10.2255706787,0.135802462697,0,64.6710281372,110.549003601,0,0
2152,1,11,81,0.0493827164173,20.25,5,,,,,,,6.68461322784,8.38935947418
2152,2,,,,20.25,5,5,15.1539001465,0.135802462697,0,151.628067017,138.221984863,6.90775632858,8.38935947418
2153,1,11,81,0.727272748947,1.375,2,,,,,,,0,9.8521938324
2153,2,,,,1.375,2,2,14.2362184525,0.135802462697,471.496643066,132.486480713,160.707214355,7.60090255737,9.39266204834
2154,1,11,81,0.727272748947,1.375,6,,,,,,,8.55641365051,0
2154,2,,,,1.375,6,6,13.3295402527,0.135802462697,97.6709442139,99.8007736206,136.312713623,8.43381118774,0
2155,1,11,81,0.727272748947,1.375,2,,,,,,,9.05951786041,9.95227813721
2155,2,,,,1.375,2,2,13.992401123,0.135802462697,0,126.401054382,164.966308594,7.60090255737,0
2156,1,11,81,0.727272748947,1.375,4,,,,,,,0,9.90348720551
2156,2,,,,1.375,4,4,15.737156868,0.135802462697,1484.4954834,132.984039307,152.635513306,8.43381118774,8.47637081146
2157,1,11,81,0.727272748947,1.375,4,,,,,,,8.294049263,7.86326694489
2157,2,,,,1.375,4,4,10.3022632599,0.135802462697,570.558044434,108.395957947,146.037338257,7.09007740021,11.2897815704
2158,1,11,81,0.727272748947,1.375,3,,,,,,,7.2442278862,0
2158,2,,,,1.375,3,3,12.462264061,0.135802462697,0,107.621337891,112.172027588,0,7.37775945663
2159,1,12,64,0.666666686535,1.5,10,,,,,,,5.99147081375,0
2159,2,,,,1.5,10,10,-8.31874275208,0.1875,0,81.7041091919,116.930587769,8.69951438904,0
2160,1,12,64,0.666666686535,1.5,3,,,,,,,7.60090255737,8.85366535187
2160,2,,,,1.5,3,3,9.79812717438,0.1875,862.210205078,103.354858398,146.817779541,9.56099700928,0
2161,1,12,64,0.0625,16,3,,,,,,,5.29834222794,8.294049263
2161,2,,,,16,3,3,14.4224462509,0.1875,0,95.7422561646,144.661148071,7.2442278862,0
2162,1,12,64,0.0625,16,2,,,,,,,0,8.55641365051
2163,1,12,64,0.666666686535,1.5,3,,,,,,,7.5496096611,0
2163,2,,,,1.5,3,3,11.9401521683,0.1875,439.132415771,87.093132019,108.309806824,10.2435245514,0
2164,1,12,64,0.666666686535,1.5,4,,,,,,,6.80239582062,8.92265796661
2164,2,,,,1.5,4,4,14.1170215607,0.1875,828.640380859,135.749832153,147.71786499,7.86326694489,9.51782512665
2165,1,12,64,0.0625,16,3,,,,,,,0,10.5764322281
2165,2,,,,16,3,3,14.9757194519,0.1875,0,145.091293335,181.003890991,0,10.089966774
2166,1,12,64,0.666666686535,1.5,4,,,,,,,9.26860904694,0
2166,2,,,,1.5,4,4,13.4395074844,0.1875,1189.88208008,115.946723938,144.465591431,8.38935947418,10.085808754
2167,1,12,64,0.0625,16,3,,,,,,,8.21608829498,6.17379045486
2167,2,,,,16,3,3,10.5347595215,0.1875,626.434020996,101.274406433,136.252548218,8.51719284058,0
2168,1,12,64,0.666666686535,1.5,3,,,,,,,0,9.55393028259
2168,2,,,,1.5,3,3,13.3306779861,0.1875,0,147.764282227,160.999465942,5.29834222794,10.4222812653
2169,1,12,64,0.666666686535,1.5,4,,,,,,,0,10.1464338303
2169,2,,,,1.5,4,4,14.6669425964,0.1875,1135.97009277,159.402450562,165.072860718,7.37775945663,7.49554204941
2170,1,12,64,0.666666686535,1.5,1,,,,,,,6.90775632858,0
2170,2,,,,1.5,1,1,8.85366535187,0.1875,0,77.5670852661,100.864898682,8.71604442596,0
2171,1,14,57,0.571428596973,1.74999988079,1,,,,,,,0,8.9871969223
2171,2,,,,1.74999988079,1,1,13.4490737915,0.245614036918,0,133.031707764,135.91645813,0,7.09007740021
2172,1,14,57,0.571428596973,1.74999988079,2,,,,,,,8.3428401947,8.294049263
2172,2,,,,1.74999988079,2,2,14.0524778366,0.245614036918,439.132415771,116.717773438,148.187866211,0,0
2173,1,14,57,0.571428596973,1.74999988079,6,,,,,,,6.80239582062,8.00636768341
2173,2,,,,1.74999988079,6,6,14.0604934692,0.245614036918,0,130.300857544,142.348236084,7.2442278862,7.64969301224
2174,1,14,57,0.571428596973,1.74999988079,4,,,,,,,8.9871969223,8.76405334473
2174,2,,,,1.74999988079,4,4,13.5122413635,0.245614036918,1311.95825195,126.786399841,148.928512573,7.49554204941,0
2175,1,14,57,0.0701754391193,14.25,6,,,,,,,7.93737459183,0
2175,2,,,,14.25,6,6,15.7563648224,0.245614036918,0,124.69102478,129.566055298,6.68461322784,6.68461322784
2176,1,14,57,0.0701754391193,14.25,8,,,,,,,8.26873207092,9.83306503296
2176,2,,,,14.25,8,8,14.6305217743,0.245614036918,1484.4954834,161.383056641,158.766113281,9.24956130981,0
2177,1,14,57,0.571428596973,1.74999988079,5,,,,,,,8.18868923187,8.69951438904
2177,2,,,,1.74999988079,5,5,13.8878297806,0.245614036918,1206.39355469,128.163223267,145.004730225,8.00636768341,8.63052177429
2178,1,14,57,0.0701754391193,14.25,3,,,,,,,0,8.47637081146
2178,2,,,,14.25,3,3,13.1859016418,0.245614036918,570.558044434,128.296646118,123.424720764,7.78322410583,8.00636768341
2179,1,14,57,0.571428596973,1.74999988079,4,,,,,,,9.80917644501,0
2179,2,,,,1.74999988079,4,4,-6.90775632858,0.245614036918,0,105.072143555,155.993972778,8.69951438904,0
2180,1,14,57,0.571428596973,1.74999988079,6,,,,,,,6.90775632858,7.93737459183
2180,2,,,,1.74999988079,6,6,14.8966712952,0.245614036918,1880.9519043,142.376480103,147.129989624,0,8.82467746735
2181,1,14,57,0.0701754391193,14.25,5,,,,,,,10.5738773346,10.4688014984
2181,2,,,,14.25,5,5,14.5605382919,0.245614036918,1394.88476562,173.783447266,177.755264282,9.40919113159,8.91462612152
2182,1,14,57,0.571428596973,1.74999988079,3,,,,,,,6.39693260193,8.00636768341
2183,1,22,112,0.363636374474,2.75,4,,,,,,,9.08250713348,8.92265796661
2183,2,,,,2.75,4,4,13.6099615097,0.196428567171,0,124.525642395,152.902908325,8.51719284058,9.68034362793
2184,1,22,112,0.363636374474,2.75,4,,,,,,,5.99147081375,9.03598690033
2184,2,,,,2.75,4,4,14.1836194992,0.196428567171,0,146.042404175,142.704986572,9.39266204834,8.69951438904
2185,1,22,112,0.363636374474,2.75,2,,,,,,,7.09007740021,0
2185,2,,,,2.75,2,2,16.2998008728,0.196428567171,0,80.4671783447,126.135269165,7.78322410583,8.8818359375
2186,1,22,112,0.0357142873108,27.9999980927,9,,,,,,,5.29834222794,8.85366535187
2186,2,,,,27.9999980927,9,9,13.7029018402,0.196428567171,810.514160156,130.951522827,138.936431885,7.49554204941,8.18868923187
2187,1,22,112,0.0357142873108,27.9999980927,3,,,,,,,7.49554204941,7.2442278862
2187,2,,,,27.9999980927,3,3,14.0575151443,0.196428567171,0,122.425666809,135.412765503,0,0
2188,1,22,112,0.363636374474,2.75,3,,,,,,,0,0
2188,2,,,,2.75,3,3,10.0256166458,0.196428567171,0,55.220500946,73.1993026733,7.09007740021,0
2189,1,22,112,0.363636374474,2.75,3,,,,,,,6.55108261108,0
2189,2,,,,2.75,3,3,-6.39693260193,0.196428567171,0,69.4492645264,108.914093018,8.24275684357,0
2190,1,22,112,0.363636374474,2.75,5,,,,,,,6.68461322784,0
2190,2,,,,2.75,5,5,13.3469457626,0.196428567171,439.132415771,82.4915924072,110.76625824,9.12695884705,0
2191,1,22,112,0.363636374474,2.75,6,,,,,,,8.82467746735,10.2109718323
2191,2,,,,2.75,6,6,14.8719806671,0.196428567171,1609.81542969,172.591369629,166.077636719,7.93737459183,0
2192,1,22,112,0.0357142873108,27.9999980927,1,,,,,,,0,8.294049263
2192,2,,,,27.9999980927,1,1,12.9209814072,0.196428567171,0,89.8125610352,127.554206848,6.68461322784,8.294049263
2193,1,22,112,0.363636374474,2.75,2,,,,,,,6.39693260193,8.69951438904
2193,2,,,,2.75,2,2,12.232714653,0.196428567171,0,106.806991577,125.905265808,0,9.10497951508
2194,1,22,112,0.0357142873108,27.9999980927,6,,,,,,,5.99147081375,0
2194,2,,,,27.9999980927,6,6,14.6252613068,0.196428567171,0,127.051704407,122.181037903,6.98471736908,14.6909790039
2195,1,8,66,1,1,1,,,,,,,7.60090255737,0
2195,2,,,,1,1,1,12.4979953766,0.121212124825,0,78.0776977539,115.080909729,8.00636768341,0
2196,1,8,66,0.0606060624123,16.5,1,,,,,,,7.78322410583,8.69951438904
2196,2,,,,16.5,1,1,8.9871969223,0.121212124825,0,93.9771499634,125.77532196,7.60090255737,0
2197,1,8,66,1,1,2,,,,,,,5.99147081375,0
2197,2,,,,1,2,2,12.8962154388,0.121212124825,0,63.6359100342,96.8402175903,8.18868923187,0
2198,1,8,66,0.0606060624123,16.5,3,,,,,,,8.294049263,11.6952466965
2198,2,,,,16.5,3,3,12.8764629364,0.121212124825,870.112182617,139.580917358,168.172088623,0,9.48797225952
2199,1,8,66,1,1,1,,,,,,,7.2442278862,0
2199,2,,,,1,1,1,12.9855117798,0.121212124825,0,82.9312210083,114.338470459,8.00636768341,0
2200,1,8,66,1,1,1,,,,,,,8.294049263,0
2200,2,,,,1,1,1,13.7599983215,0.121212124825,0,84.6768722534,137.352081299,7.60090255737,0
2201,1,8,66,1,1,2,,,,,,,5.29834222794,0
2201,2,,,,1,2,2,15.9326334,0.121212124825,0,82.2198410034,104.089942932,7.37775945663,0
2202,1,8,66,0.0606060624123,16.5,1,,,,,,,0,0
2202,2,,,,16.5,1,1,-9.90348720551,0.121212124825,0,41.2381858826,73.1993026733,7.69621276855,8.294049263
2203,1,8,66,1,1,3,,,,,,,6.90775632858,0
2203,2,,,,1,3,3,12.9408416748,0.121212124825,0,71.7299499512,108.634429932,8.69951438904,0
2204,1,8,66,0.0606060624123,16.5,4,,,,,,,6.39693260193,9.29651832581
2204,2,,,,16.5,4,4,14.6328649521,0.121212124825,0,156.997711182,154.497848511,5.29834222794,8.294049263
2205,1,8,66,1,1,4,,,,,,,7.60090255737,0
2205,2,,,,1,4,4,11.8649902344,0.121212124825,0,77.0729446411,107.742805481,8.76405334473,0
2206,1,8,66,1,1,1,,,,,,,7.78322410583,0
2206,2,,,,1,1,1,9.10497951508,0.121212124825,439.132415771,82.1674346924,113.279823303,8.32360839844,7.27239894867
2207,1,18,132,0.444444447756,2.25,8,,,,,,,8.3428401947,8.00636768341
2207,2,,,,2.25,8,8,14.6309642792,0.136363640428,1219.14916992,148.268737793,147.441482544,8.38935947418,9.36734390259
2208,1,18,132,0.444444447756,2.25,3,,,,,,,6.68461322784,5.63480234146
2208,2,,,,2.25,3,3,12.9389209747,0.136363640428,0,89.1919708252,109.046676636,0,7.37775945663
2209,1,18,132,0.444444447756,2.25,2,,,,,,,5.29834222794,8.9871969223
2209,2,,,,2.25,2,2,13.9109115601,0.136363640428,401.581298828,120.775894165,146.485488892,5.29834222794,7.78322410583
2210,1,18,132,0.444444447756,2.25,3,,,,,,,5.7037935257,8.9871969223
2210,2,,,,2.25,3,3,19.138671875,0.136363640428,694.01574707,113.016807556,135.615020752,7.17012023926,7.60090255737
2211,1,18,132,0.444444447756,2.25,3,,,,,,,0,8.294049263
2211,2,,,,2.25,3,3,14.9232473373,0.136363640428,447.643218994,103.158699036,148.492858887,9.21034049988,0
2212,1,18,132,0.0303030312061,33,3,,,,,,,6.68461322784,9.21034049988
2212,2,,,,33,3,3,13.5913667679,0.136363640428,0,107.365142822,147.96673584,8.47637081146,0
2213,1,18,132,0.444444447756,2.25,2,,,,,,,6.90775632858,0
2214,1,18,132,0.444444447756,2.25,2,,,,,,,9.21034049988,0
2214,2,,,,2.25,2,2,12.4171438217,0.136363640428,298.695617676,115.847328186,131.652160645,9.44145202637,0
2215,1,18,132,0.0303030312061,33,2,,,,,,,6.90775632858,8.85366535187
2215,2,,,,33,2,2,14.3059902191,0.136363640428,0,131.101989746,149.268737793,8.90923500061,0
2216,1,18,132,0.0303030312061,33,4,,,,,,,8.47637081146,8.61250305176
2216,2,,,,33,4,4,15.759976387,0.136363640428,506.731658936,166.621917725,156.774993896,7.09007740021,9.68034362793
2217,1,18,132,0.0303030312061,33,3,,,,,,,0,8.294049263
2217,2,,,,33,3,3,13.3185882568,0.136363640428,0,101.368583679,132.468444824,6.68461322784,9.21034049988
2218,1,18,132,0.444444447756,2.25,4,,,,,,,6.39693260193,8.45531749725
2218,2,,,,2.25,4,4,14.5183105469,0.136363640428,421.123168945,99.3186264038,149.246612549,7.5496096611,8.16051864624
2219,1,9,72,0.888888895512,1.125,4,,,,,,,8.00636768341,0
2219,2,,,,1.125,4,4,10.4995727539,0.125,0,99.4209518433,126.666374207,8.69951438904,8.69951438904
2220,1,9,72,0.0555555559695,18,6,,,,,,,5.99147081375,8.47637081146
2220,2,,,,18,6,6,14.5118026733,0.125,1526.00878906,131.179901123,149.734664917,7.60090255737,8.294049263
2221,1,9,72,0.888888895512,1.125,7,,,,,,,5.7037935257,0
2221,2,,,,1.125,7,7,10.1619977951,0.125,0,82.8493728638,110.816703796,7.86326694489,0
2222,1,9,72,0.0555555559695,18,3,,,,,,,9.96175670624,8.63052177429
2222,2,,,,18,3,3,16.8434429169,0.125,1025.96411133,147.811126709,191.799346924,5.29834222794,0
2223,1,9,72,0.888888895512,1.125,4,,,,,,,9.35876083374,10.524064064
2223,2,,,,1.125,4,4,14.9735794067,0.125,994.146057129,183.443252563,150.140441895,8.55641365051,7.09007740021
2224,1,9,72,0.888888895512,1.125,4,,,,,,,8.45531749725,0
2224,2,,,,1.125,4,4,13.8690509796,0.125,0,108.906448364,140.139953613,9.05951786041,9.68034362793
2225,1,9,72,0.888888895512,1.125,7,,,,,,,7.60090255737,9.17988109589
2225,2,,,,1.125,7,7,13.1569576263,0.125,0,138.001846313,133.614593506,8.94897556305,6.80239582062
2226,1,9,72,0.888888895512,1.125,2,,,,,,,6.68461322784,7.37775945663
2226,2,,,,1.125,2,2,12.9532346725,0.125,658.39276123,112.034111023,119.896903992,7.09007740021,0
2227,1,9,72,0.0555555559695,18,5,,,,,,,5.29834222794,6.90775632858
2227,2,,,,18,5,5,12.8860635757,0.125,0,115.940376282,121.973464966,8.85366535187,10.5320959091
2228,1,9,72,0.888888895512,1.125,2,,,,,,,8.00636768341,0
2228,2,,,,1.125,2,2,18.0078201294,0.125,828.640380859,132.773605347,172.629196167,8.73230457306,8.9871969223
2229,1,9,72,0.888888895512,1.125,3,,,,,,,0,0
2230,1,9,72,0.0555555559695,18,2,,,,,,,0,0
2230,2,,,,18,2,2,7.60090255737,0.125,0,41.2381858826,73.0440673828,7.69621276855,0
2231,1,5,38,1,1,4,,,,,,,6.90775632858,9.90348720551
2231,2,,,,1,4,4,11.934920311,0.131578952074,658.39276123,129.357315063,129.429199219,6.39693260193,8.294049263
2232,1,5,38,0.105263158679,9.5,2,,,,,,,0,0
2232,2,,,,9.5,2,2,13.7381973267,0.131578952074,0,94.6169433594,110.824073792,6.46147060394,6.98471736908
2233,1,5,38,0.105263158679,9.5,4,,,,,,,7.64969301224,8.47637081146
2233,2,,,,9.5,4,4,14.5645656586,0.131578952074,956.310302734,137.878341675,150.83543396,5.99147081375,8.9871969223
2234,1,5,38,1,1,5,,,,,,,5.99147081375,10.5966348648
2234,2,,,,1,5,5,11.5843153,0.131578952074,0,123.925628662,175.958312988,6.68461322784,8.51719284058
2235,1,5,38,1,1,2,,,,,,,0,0
2235,2,,,,1,2,2,13.9919815063,0.131578952074,329.61807251,100.44720459,113.151573181,7.5496096611,8.51719284058
2236,1,5,38,0.105263158679,9.5,5,,,,,,,0,8.51719284058
2236,2,,,,9.5,5,5,10.513253212,0.131578952074,971.324707031,97.9921264648,130.746032715,8.73230457306,9.54681301117
2237,1,5,38,1,1,3,,,,,,,0,9.39266204834
2237,2,,,,1,3,3,12.9574890137,0.131578952074,439.132415771,102.362800598,140.829849243,7.69621276855,0
2238,1,5,38,1,1,2,,,,,,,0,9.61580562592
2238,2,,,,1,2,2,13.4800376892,0.131578952074,0,129.496994019,148.306304932,7.60090255737,0
2239,1,5,38,0.105263158679,9.5,3,,,,,,,0,0
2239,2,,,,9.5,3,3,13.8359012604,0.131578952074,570.558044434,141.459457397,141.446517944,8.69951438904,0
2240,1,15,137,0.0291970800608,34.25,3,,,,,,,0,0
2240,2,,,,34.25,3,3,17.1208057404,0.109489053488,401.581298828,137.074707031,110.377471924,0,0
2241,1,15,137,0.0291970800608,34.25,3,,,,,,,7.09007740021,8.0709066391
2241,2,,,,34.25,3,3,-9.09380626678,0.109489053488,401.581298828,88.2387237549,134.418823242,8.13153076172,8.85366535187
2242,1,15,137,0.0291970800608,34.25,5,,,,,,,5.7037935257,10.0239334106
2242,2,,,,34.25,5,5,13.8865280151,0.109489053488,0,133.535797119,159.488143921,9.23014259338,0
2243,1,15,137,0.533333361149,1.87499988079,3,,,,,,,7.09007740021,9.78018951416
2243,2,,,,1.87499988079,3,3,13.7555484772,0.109489053488,1228.46850586,126.453788757,154.468017578,5.99147081375,8.73230457306
2244,1,15,137,0.533333361149,1.87499988079,4,,,,,,,6.39693260193,9.74096870422
2244,2,,,,1.87499988079,4,4,15.3455152512,0.109489053488,0,148.750595093,171.803894043,9.88328456879,9.21034049988
2245,1,15,137,0.533333361149,1.87499988079,4,,,,,,,7.82404613495,0
2245,2,,,,1.87499988079,4,4,13.5608758926,0.109489053488,725.893249512,117.787483215,130.698318481,8.51719284058,0
2246,1,15,137,0.533333361149,1.87499988079,6,,,,,,,9.97114658356,9.50300979614
2246,2,,,,1.87499988079,6,6,13.2349777222,0.109489053488,356.412506104,130.74369812,156.821853638,6.39693260193,9.09380626678
2247,1,15,137,0.533333361149,1.87499988079,4,,,,,,,7.31322097778,8.69951438904
2247,2,,,,1.87499988079,4,4,13.1539592743,0.109489053488,471.496643066,133.421051025,128.17364502,7.60090255737,9.10497951508
2248,1,15,137,0.533333361149,1.87499988079,6,,,,,,,5.29834222794,8.76405334473
2248,2,,,,1.87499988079,6,6,14.9297332764,0.109489053488,0,149.126541138,139.348297119,0,11.1272630692
2249,1,15,137,0.533333361149,1.87499988079,4,,,,,,,5.29834222794,0
2249,2,,,,1.87499988079,4,4,13.7059192657,0.109489053488,725.893249512,102.146369934,118.938606262,5.29834222794,9.51782512665
2250,1,15,137,0.533333361149,1.87499988079,2,,,,,,,7.86326694489,0
2250,2,,,,1.87499988079,2,2,13.151922226,0.109489053488,0,88.2928619385,124.50617981,8.294049263,7.2442278862
2251,1,15,137,0.0291970800608,34.25,3,,,,,,,0,6.17379045486
2251,2,,,,34.25,3,3,14.3304281235,0.109489053488,658.39276123,117.171966553,111.882118225,8.47637081146,0
2252,1,12,62,0.666666686535,1.5,3,,,,,,,6.55108261108,10.2035923004
2252,2,,,,1.5,3,3,13.5009365082,0.193548381329,0,152.308929443,151.555236816,9.23014259338,9.79812717438
2253,1,12,62,0.666666686535,1.5,3,,,,,,,8.294049263,7.78322410583
2254,1,12,62,0.666666686535,1.5,3,,,,,,,7.64969301224,9.74096870422
2254,2,,,,1.5,3,3,12.3501729965,0.193548381329,525.735107422,115.606887817,138.395874023,8.51719284058,8.18868923187
2255,1,12,62,0.666666686535,1.5,2,,,,,,,9.32366943359,6.68461322784
2255,2,,,,1.5,2,2,14.0697650909,0.193548381329,314.764465332,138.42666626,151.302627563,8.55641365051,9.68034362793
2256,1,12,62,0.666666686535,1.5,5,,,,,,,5.99147081375,8.69951438904
2256,2,,,,1.5,5,5,12.6558732986,0.193548381329,0,115.115768433,130.098876953,8.38935947418,0
2257,1,12,62,0.0645161271095,15.5,2,,,,,,,7.37775945663,6.68461322784
2257,2,,,,15.5,2,2,13.5931167603,0.193548381329,0,95.1794509888,130.764877319,7.31322097778,8.51719284058
2258,1,12,62,0.666666686535,1.5,5,,,,,,,9.23014259338,9.10497951508
2258,2,,,,1.5,5,5,14.5935506821,0.193548381329,439.132415771,159.245315552,158.090377808,8.63052177429,9.53242397308
2259,1,12,62,0.0645161271095,15.5,5,,,,,,,9.89141464233,7.09007740021
2259,2,,,,15.5,5,5,14.722536087,0.193548381329,1199.86730957,168.266876221,153.510131836,7.49554204941,7.60090255737
2260,1,12,62,0.0645161271095,15.5,5,,,,,,,7.60090255737,8.41183280945
2260,2,,,,15.5,5,5,15.432182312,0.193548381329,1690.99731445,119.698799133,142.082168579,8.9871969223,0
2261,1,12,62,0.0645161271095,15.5,1,,,,,,,0,0
2261,2,,,,15.5,1,1,10.522233963,0.193548381329,0,55.1464958191,73.0440673828,0,0
2262,1,12,62,0.666666686535,1.5,2,,,,,,,6.90775632858,0
2262,2,,,,1.5,2,2,10.5764322281,0.193548381329,0,79.9181213379,98.8563766479,7.78322410583,0
2263,1,12,62,0.666666686535,1.5,5,,,,,,,9.08250713348,10.6454248428
2263,2,,,,1.5,5,5,12.4151172638,0.193548381329,411.5625,155.028137207,164.887527466,7.74066448212,0
2264,1,20,91,0.40000000596,2.5,3,,,,,,,8.00636768341,9.39266204834
2264,2,,,,2.5,3,3,11.2411165237,0.219780221581,570.558044434,122.111099243,152.965377808,8.63052177429,0
2265,1,20,91,0.40000000596,2.5,4,,,,,,,8.00636768341,9.68034362793
2265,2,,,,2.5,4,4,13.3868789673,0.219780221581,0,118.945793152,150.684387207,8.24275684357,8.85366535187
2266,1,20,91,0.40000000596,2.5,5,,,,,,,7.2442278862,0
2266,2,,,,2.5,5,5,-9.50300979614,0.219780221581,781.316589355,95.854888916,117.669998169,8.93590354919,8.90923500061
2267,1,20,91,0.40000000596,2.5,3,,,,,,,7.60090255737,0
2267,2,,,,2.5,3,3,9.21034049988,0.219780221581,570.558044434,79.8515396118,112.037712097,7.2442278862,0
2268,1,20,91,0.40000000596,2.5,2,,,,,,,7.37775945663,8.47637081146
2268,2,,,,2.5,2,2,12.5415725708,0.219780221581,658.39276123,118.844322205,127.490821838,8.21608829498,0
2269,1,20,91,0.40000000596,2.5,7,,,,,,,9.10497951508,0
2269,2,,,,2.5,7,7,14.1629228592,0.219780221581,1840.45568848,147.351882935,140.422042847,9.50300979614,9.35010242462
2270,1,20,91,0.0439560450613,22.75,2,,,,,,,0,0
2270,2,,,,22.75,2,2,13.6375789642,0.219780221581,513.223571777,173.082778931,177.201538086,8.00636768341,0
2271,1,20,91,0.0439560450613,22.75,6,,,,,,,7.51752138138,6.90775632858
2271,2,,,,22.75,6,6,13.9281244278,0.219780221581,0,126.506889343,128.438369751,7.31322097778,7.78322410583
2272,1,20,91,0.0439560450613,22.75,4,,,,,,,8.43381118774,9.63560771942
2272,2,,,,22.75,4,4,13.6143732071,0.219780221581,570.558044434,131.093170166,155.804733276,6.39693260193,5.99147081375
2273,1,20,91,0.40000000596,2.5,5,,,,,,,6.90775632858,0
2273,2,,,,2.5,5,5,14.7010116577,0.219780221581,1062.32958984,126.884918213,141.102264404,9.40096092224,7.60090255737
2274,1,20,91,0.0439560450613,22.75,5,,,,,,,7.93737459183,8.69951438904
2274,2,,,,22.75,5,5,12.7413959503,0.219780221581,570.558044434,112.762695312,134.65675354,8.66561317444,13.9978322983
2275,1,20,91,0.40000000596,2.5,2,,,,,,,8.294049263,0
2275,2,,,,2.5,2,2,14.5466756821,0.219780221581,781.316589355,119.903182983,147.310287476,8.0709066391,0
2276,1,5,39,1,1,3,,,,,,,7.49554204941,8.294049263
2276,2,,,,1,3,3,13.6812934875,0.128205135465,1599.66174316,124.298149109,138.420181274,7.2442278862,7.87853431702
2277,1,5,39,0.102564103901,9.75,4,,,,,,,8.43381118774,8.18868923187
2277,2,,,,9.75,4,4,13.838054657,0.128205135465,617.859069824,127.157524109,144.557067871,7.43838405609,9.52661037445
2278,1,5,39,1,1,3,,,,,,,7.00306606293,0
2278,2,,,,1,3,3,13.6207113266,0.128205135465,0,108.881622314,120.131523132,0,8.69951438904
2279,1,5,39,0.102564103901,9.75,3,,,,,,,7.09007740021,8.53699588776
2279,2,,,,9.75,3,3,16.9854640961,0.128205135465,0,160.514938354,142.125579834,8.55641365051,8.79482460022
2280,1,5,39,0.102564103901,9.75,6,,,,,,,6.39693260193,8.73230457306
2280,2,,,,9.75,6,6,13.6405620575,0.128205135465,0,129.04145813,139.853927612,7.37775945663,10.2399597168
2281,1,5,39,1,1,5,,,,,,,5.99147081375,6.68461322784
2281,2,,,,1,5,5,16.3557262421,0.128205135465,642.852233887,142.79083252,127.97504425,6.21461200714,8.63052177429
2282,1,5,39,1,1,5,,,,,,,6.90775632858,8.21066856384
2282,2,,,,1,5,5,19.138671875,0.128205135465,1189.88208008,149.426803589,130.979187012,8.38935947418,8.45531749725
2283,1,5,39,0.102564103901,9.75,2,,,,,,,7.37775945663,0
2283,2,,,,9.75,2,2,11.5169172287,0.128205135465,570.558044434,103.623039246,127.985641479,5.99147081375,8.63052177429
2284,1,5,39,1,1,5,,,,,,,6.39693260193,8.51719284058
2284,2,,,,1,5,5,13.8127069473,0.128205135465,1050.58520508,130.813903809,136.800170898,7.64969301224,8.41183280945
2285,1,9,45,0.888888895512,1.125,2,,,,,,,6.90775632858,8.69951438904
2285,2,,,,1.125,2,2,14.6166601181,0.20000000298,0,132.320343018,151.787643433,7.60090255737,0
2286,1,9,45,0.888888895512,1.125,6,,,,,,,0,9.42545223236
2286,2,,,,1.125,6,6,12.8120269775,0.20000000298,0,107.655693054,144.680908203,8.82467746735,7.93737459183
2287,1,9,45,0.0888888910413,11.25,2,,,,,,,0,9.45657539368
2287,2,,,,11.25,2,2,14.7132301331,0.20000000298,0,144.216415405,160.444900513,8.90923500061,10.49127388
2288,1,9,45,0.888888895512,1.125,2,,,,,,,7.69621276855,8.51719284058
2288,2,,,,1.125,2,2,13.8639192581,0.20000000298,828.640380859,100.026641846,143.914199829,7.69621276855,8.294049263
2289,1,9,45,0.888888895512,1.125,6,,,,,,,8.76405334473,10.021270752
2289,2,,,,1.125,6,6,15.3526144028,0.20000000298,0,179.644134521,157.081390381,7.37775945663,0
2290,1,9,45,0.888888895512,1.125,3,,,,,,,8.47637081146,6.90775632858
2290,2,,,,1.125,3,3,12.5731430054,0.20000000298,0,132.577713013,145.677886963,7.60090255737,0
2291,1,9,45,0.0888888910413,11.25,1,,,,,,,5.29834222794,10.3859138489
2291,2,,,,11.25,1,1,14.2684955597,0.20000000298,0,161.695129395,162.055206299,0,9.03598690033
2292,1,9,45,0.0888888910413,11.25,4,,,,,,,7.93737459183,8.51719284058
2292,2,,,,11.25,4,4,13.022321701,0.20000000298,513.223571777,108.333259583,135.819656372,7.93737459183,13.1223630905
2293,1,9,45,0.888888895512,1.125,2,,,,,,,8.13153076172,0
2293,2,,,,1.125,2,2,10.7363967896,0.20000000298,0,93.2484741211,136.322723389,8.9871969223,0
2294,1,9,45,0.888888895512,1.125,3,,,,,,,5.99147081375,0
2294,2,,,,1.125,3,3,-8.47637081146,0.20000000298,0,62.1781234741,118.872238159,8.79482460022,0
2295,1,9,45,0.888888895512,1.125,7,,,,,,,9.36734390259,0
2295,2,,,,1.125,7,7,14.2321138382,0.20000000298,549.089538574,146.174560547,150.293518066,8.90923500061,8.51719284058
2296,1,9,45,0.0888888910413,11.25,3,,,,,,,5.99147081375,0
2296,2,,,,11.25,3,3,14.5272836685,0.20000000298,0,94.9612197876,127.918716431,7.09007740021,7.37775945663
2297,1,28,122,0.0327868834138,30.5000019073,3,,,,,,,8.24275684357,0
2297,2,,,,30.5000019073,3,3,13.5400209427,0.229508191347,725.893249512,125.164482117,126.610679626,8.31874275208,0
2298,1,28,122,0.0327868834138,30.5000019073,2,,,,,,,8.00636768341,0
2298,2,,,,30.5000019073,2,2,14.6661310196,0.229508191347,0,123.193908691,138.27142334,8.47637081146,0
2299,1,28,122,0.0327868834138,30.5000019073,2,,,,,,,7.90838718414,0
2299,2,,,,30.5000019073,2,2,13.4123430252,0.229508191347,570.558044434,118.596199036,122.506530762,8.76405334473,0
2300,1,28,122,0.0327868834138,30.5000019073,4,,,,,,,8.55641365051,0
2300,2,,,,30.5000019073,4,4,13.8614358902,0.229508191347,1082.61523438,110.624931335,144.858230591,8.9871969223,14.4032974243
2301,1,28,122,0.285714298487,3.49999976158,4,,,,,,,9.64212322235,0
2301,2,,,,3.49999976158,4,4,5.29834222794,0.229508191347,0,93.2250289917,132.408187866,9.28730106354,0
2302,1,28,122,0.285714298487,3.49999976158,4,,,,,,,7.37775945663,8.76405334473
2302,2,,,,3.49999976158,4,4,13.637172699,0.229508191347,907.135803223,125.215576172,142.691223145,8.24275684357,8.79482460022
2303,1,28,122,0.285714298487,3.49999976158,2,,,,,,,9.56099700928,6.90775632858
2303,2,,,,3.49999976158,2,2,13.1492004395,0.229508191347,0,133.22567749,144.718994141,8.18868923187,0
2304,1,28,122,0.285714298487,3.49999976158,3,,,,,,,5.29834222794,8.69951438904
2304,2,,,,3.49999976158,3,3,14.5648488998,0.229508191347,1331.76245117,98.8928527832,148.606796265,9.21034049988,0
2305,1,28,122,0.285714298487,3.49999976158,3,,,,,,,8.55641365051,9.08250713348
2305,2,,,,3.49999976158,3,3,11.2332115173,0.229508191347,0,124.728027344,142.572189331,9.40919113159,8.51719284058
2306,1,28,122,0.285714298487,3.49999976158,2,,,,,,,9.54681301117,0
2306,2,,,,3.49999976158,2,2,12.9929380417,0.229508191347,828.640380859,94.4659118652,142.095718384,9.8521938324,0
2307,1,28,122,0.285714298487,3.49999976158,1,,,,,,,8.51719284058,0
2307,2,,,,3.49999976158,1,1,9.08250713348,0.229508191347,0,91.7467651367,131.683074951,9.12695884705,0
2308,1,28,122,0.285714298487,3.49999976158,3,,,,,,,8.3428401947,0
2308,2,,,,3.49999976158,3,3,13.9059000015,0.229508191347,700.661499023,97.1988525391,137.366943359,8.59415435791,0
2309,1,9,81,0.888888895512,1.125,4,,,,,,,8.13153076172,9.61580562592
2309,2,,,,1.125,4,4,13.7829875946,0.111111111939,0,146.218185425,150.413162231,8.36637020111,9.2202911377
2310,1,9,81,0.888888895512,1.125,3,,,,,,,8.18868923187,8.3428401947
2310,2,,,,1.125,3,3,12.6860265732,0.111111111939,1050.58520508,126.980384827,129.535842896,8.00636768341,0
2311,1,9,81,0.888888895512,1.125,6,,,,,,,8.90923500061,7.42654943466
2311,2,,,,1.125,6,6,12.1838274002,0.111111111939,999.639282227,130.126693726,136.62979126,8.76405334473,0
2312,1,9,81,0.888888895512,1.125,4,,,,,,,0,0
2312,2,,,,1.125,4,4,-8.43381118774,0.111111111939,0,44.4496994019,64.6719512939,8.38935947418,0
2313,1,9,81,0.888888895512,1.125,3,,,,,,,7.00306606293,6.68461322784
2313,2,,,,1.125,3,3,12.207072258,0.111111111939,471.496643066,74.3384170532,113.738853455,8.51719284058,8.76405334473
2314,1,9,81,0.888888895512,1.125,3,,,,,,,7.78322410583,7.09007740021
2314,2,,,,1.125,3,3,13.0103139877,0.111111111939,877.837463379,126.168762207,123.49105835,0,0
2315,1,9,81,0.888888895512,1.125,1,,,,,,,7.69621276855,0
2315,2,,,,1.125,1,1,12.9116420746,0.111111111939,0,71.9359130859,119.220153809,8.59415435791,0
2316,1,9,81,0.888888895512,1.125,3,,,,,,,6.68461322784,0
2316,2,,,,1.125,3,3,15.2152147293,0.111111111939,0,85.5898590088,124.698669434,8.69951438904,0
2317,1,9,81,0.0493827164173,20.25,5,,,,,,,8.69951438904,0
2317,2,,,,20.25,5,5,13.5968570709,0.111111111939,0,135.361679077,135.638687134,7.93737459183,8.57546234131
2318,1,9,81,0.0493827164173,20.25,2,,,,,,,0,7.93737459183
2319,1,9,81,0.0493827164173,20.25,1,,,,,,,7.60090255737,8.00636768341
2319,2,,,,20.25,1,1,14.247423172,0.111111111939,0,128.991363525,140.882156372,6.90775632858,0
2320,1,9,81,0.0493827164173,20.25,4,,,,,,,7.2442278862,6.80239582062
2320,2,,,,20.25,4,4,13.4559745789,0.111111111939,1025.96411133,104.296630859,126.71521759,8.24275684357,9.28730106354
2321,1,9,97,0.888888895512,1.125,4,,,,,,,6.68461322784,8.69951438904
2321,2,,,,1.125,4,4,12.4328098297,0.0927835032344,0,112.795303345,127.037849426,9.90348720551,0
2322,1,9,97,0.0412371121347,24.25,2,,,,,,,9.84161186218,0
2322,2,,,,24.25,2,2,14.7307605743,0.0927835032344,570.558044434,149.791564941,165.768600464,9.7350692749,10.1266307831
2323,1,9,97,0.888888895512,1.125,4,,,,,,,8.294049263,10.5966348648
2323,2,,,,1.125,4,4,13.8376636505,0.0927835032344,1025.96411133,116.285041809,168.279953003,8.38935947418,0
2324,1,9,97,0.888888895512,1.125,5,,,,,,,8.64822101593,0
2324,2,,,,1.125,5,5,10.1503477097,0.0927835032344,0,111.548713684,142.780883789,5.29834222794,0
2325,1,9,97,0.0412371121347,24.25,1,,,,,,,8.9871969223,9.39266204834
2326,1,9,97,0.0412371121347,24.25,3,,,,,,,8.24275684357,8.69951438904
2326,2,,,,24.25,3,3,13.627371788,0.0927835032344,617.859069824,143.15512085,130.862243652,8.51719284058,7.93737459183
2327,1,9,97,0.0412371121347,24.25,1,,,,,,,8.8818359375,0
2327,2,,,,24.25,1,1,14.9165201187,0.0927835032344,0,99.0860366821,154.56350708,9.69276618958,0
2328,1,9,97,0.888888895512,1.125,3,,,,,,,8.73230457306,0
2328,2,,,,1.125,3,3,9.55393028259,0.0927835032344,0,95.1657943726,144.47644043,10.5713167191,0
2329,1,9,97,0.888888895512,1.125,1,,,,,,,8.294049263,10.0168161392
2329,2,,,,1.125,1,1,12.0112733841,0.0927835032344,0,129.825500488,134.576751709,8.9871969223,0
2330,1,9,97,0.888888895512,1.125,3,,,,,,,9.60238265991,0
2330,2,,,,1.125,3,3,10.1581296921,0.0927835032344,1060.00915527,126.888793945,155.449310303,10.8395805359,0
2331,1,9,97,0.888888895512,1.125,6,,,,,,,6.80239582062,0
2331,2,,,,1.125,6,6,9.66141605377,0.0927835032344,0,84.0807113647,101.568748474,8.38935947418,8.28399944305
2332,1,9,97,0.888888895512,1.125,5,,,,,,,8.92265796661,9.47270488739
2332,2,,,,1.125,5,5,12.7278385162,0.0927835032344,781.316589355,136.453903198,139.515869141,8.63052177429,0
2333,1,25,118,0.319999992847,3.125,2,,,,,,,0,0
2333,2,,,,3.125,2,2,13.6583890915,0.211864411831,0,88.6793289185,120.227149963,5.7037935257,8.294049263
2334,1,25,118,0.0338983051479,29.5,5,,,,,,,9.16951847076,10.1425046921
2334,2,,,,29.5,5,5,14.6611642838,0.211864411831,1564.22277832,158.939834595,172.474700928,7.69621276855,8.76405334473
2335,1,25,118,0.319999992847,3.125,1,,,,,,,8.00636768341,0
2335,2,,,,3.125,1,1,-8.00636768341,0.211864411831,0,73.8970489502,119.738998413,7.74066448212,0
2336,1,25,118,0.319999992847,3.125,1,,,,,,,8.26873207092,0
2336,2,,,,3.125,1,1,7.69621276855,0.211864411831,0,86.6886367798,121.173942566,8.36637020111,0
2337,1,25,118,0.0338983051479,29.5,2,,,,,,,6.68461322784,0
2337,2,,,,29.5,2,2,12.3260755539,0.211864411831,148.737350464,102.160621643,122.993804932,8.63052177429,0
2338,1,25,118,0.0338983051479,29.5,1,,,,,,,9.05951786041,0
2338,2,,,,29.5,1,1,13.2297821045,0.211864411831,0,142.034317017,128.588363647,9.21034049988,0
2339,1,25,118,0.319999992847,3.125,5,,,,,,,8.00636768341,10.7472076416
2339,2,,,,3.125,5,5,13.4875621796,0.211864411831,0,140.796554565,163.679473877,9.19013786316,0
2340,1,25,118,0.0338983051479,29.5,5,,,,,,,8.80986309052,9.30565071106
2340,2,,,,29.5,5,5,13.7955121994,0.211864411831,1025.96411133,115.740058899,156.045288086,8.294049263,0
2341,1,25,118,0.319999992847,3.125,2,,,,,,,5.99147081375,0
2341,2,,,,3.125,2,2,11.7158660889,0.211864411831,329.61807251,91.4779891968,109.080932617,8.66561317444,8.00636768341
2342,1,25,118,0.319999992847,3.125,4,,,,,,,8.90923500061,0
2342,2,,,,3.125,4,4,12.8625555038,0.211864411831,0,121.435653687,135.528549194,9.07107830048,0
2343,1,25,118,0.319999992847,3.125,4,,,,,,,8.66561317444,0
2344,1,25,118,0.319999992847,3.125,2,,,,,,,5.99147081375,0
2344,2,,,,3.125,2,2,12.2170124054,0.211864411831,215.080154419,59.1794090271,92.8083496094,7.43838405609,0
2345,1,7,109,0.0366972461343,27.2500019073,1,,,,,,,7.93737459183,0
2345,2,,,,27.2500019073,1,1,13.3445463181,0.0642201825976,0,92.2332839966,125.825584412,8.38935947418,0
2346,1,7,109,0.857142865658,1.16666662693,6,,,,,,,8.294049263,0
2346,2,,,,1.16666662693,6,6,9.42545223236,0.0642201825976,959.362792969,85.7860946655,129.326812744,8.294049263,0
2347,1,7,109,0.857142865658,1.16666662693,2,,,,,,,7.09007740021,0
2347,2,,,,1.16666662693,2,2,12.2894945145,0.0642201825976,0,90.0269470215,111.071144104,8.66561317444,0
2348,1,7,109,0.0366972461343,27.2500019073,6,,,,,,,9.65502643585,9.08250713348
2348,2,,,,27.2500019073,6,6,14.8226652145,0.0642201825976,1073.72912598,159.480041504,172.070526123,7.49554204941,9.25913047791
2349,1,7,109,0.0366972461343,27.2500019073,2,,,,,,,7.78322410583,0
2349,2,,,,27.2500019073,2,2,13.8126468658,0.0642201825976,0,85.3883895874,131.009857178,8.85366535187,0
2350,1,7,109,0.0366972461343,27.2500019073,4,,,,,,,7.86326694489,8.18868923187
2350,2,,,,27.2500019073,4,4,13.728644371,0.0642201825976,1509.83374023,126.781013489,138.44430542,8.9871969223,0
2351,1,7,109,0.857142865658,1.16666662693,6,,,,,,,5.99147081375,0
2351,2,,,,1.16666662693,6,6,12.9752540588,0.0642201825976,580.686584473,78.1651306152,101.118682861,7.90100717545,0
2352,1,7,109,0.857142865658,1.16666662693,3,,,,,,,8.294049263,0
2352,2,,,,1.16666662693,3,3,14.8173179626,0.0642201825976,0,137.028182983,144.101074219,7.60090255737,0
2353,1,7,109,0.857142865658,1.16666662693,4,,,,,,,8.00636768341,0
2353,2,,,,1.16666662693,4,4,12.6359052658,0.0642201825976,0,83.8154983521,120.611122131,9.21034049988,8.0709066391
2354,1,7,109,0.857142865658,1.16666662693,0,,,,,,,7.32646608353,0
2354,2,,,,1.16666662693,0,0,-9.83627891541,0.0642201825976,356.412506104,85.0406723022,134.988998413,8.63052177429,0
2355,1,6,68,1,1,3,,,,,,,7.93737459183,0
2355,2,,,,1,3,3,13.2827796936,0.088235296309,0,83.4254837036,125.366127014,6.68461322784,0
2356,1,6,68,1,1,3,,,,,,,7.2442278862,9.0118894577
2356,2,,,,1,3,3,14.2812547684,0.088235296309,215.080154419,145.673873901,147.996017456,7.93737459183,9.68034362793
2357,1,6,68,0.0588235296309,17,4,,,,,,,8.0709066391,0
2357,2,,,,17,4,4,12.9917993546,0.088235296309,0,104.666862488,130.229766846,6.90775632858,8.9871969223
2358,1,6,68,0.0588235296309,17,4,,,,,,,7.60090255737,8.41183280945
2358,2,,,,17,4,4,12.69526577,0.088235296309,0,105.832252502,131.194335938,6.90775632858,8.00636768341
2359,1,6,68,1,1,1,,,,,,,7.37775945663,8.18868923187
2359,2,,,,1,1,1,15.4515123367,0.088235296309,0,109.873466492,137.443740845,8.38935947418,8.0709066391
2360,1,6,68,1,1,3,,,,,,,5.99147081375,6.80239582062
2360,2,,,,1,3,3,8.38935947418,0.088235296309,0,82.7196350098,129.553848267,7.09007740021,13.998664856
2361,1,6,68,1,1,3,,,,,,,5.29834222794,0
2361,2,,,,1,3,3,13.8238754272,0.088235296309,0,63.0213050842,96.3559951782,6.90775632858,0
2362,1,6,68,0.0588235296309,17,7,,,,,,,8.10167789459,9.16951847076
2362,2,,,,17,7,7,9.67407417297,0.088235296309,0,102.92628479,135.875045776,8.51719284058,0
2363,1,6,68,1,1,1,,,,,,,7.09007740021,0
2363,2,,,,1,1,1,9.05951786041,0.088235296309,0,78.1024475098,116.732292175,8.24275684357,0
2364,1,6,68,0.0588235296309,17,5,,,,,,,0,9.21034049988
2364,2,,,,17,5,5,14.6504611969,0.088235296309,0,140.337493896,158.249603271,0,7.60090255737
2365,1,17,115,0.470588237047,2.125,8,,,,,,,8.79482460022,8.69951438904
2365,2,,,,2.125,8,8,13.941614151,0.147826090455,0,136.176925659,154.362319946,10.5023241043,0
2366,1,17,115,0.470588237047,2.125,3,,,,,,,7.37775945663,0
2366,2,,,,2.125,3,3,14.4815950394,0.147826090455,0,129.855285645,130.363174438,8.63052177429,0
2367,1,17,115,0.0347826071084,28.7500019073,7,,,,,,,7.49554204941,13.0192222595
2367,2,,,,28.7500019073,7,7,13.371096611,0.147826090455,0,154.697601318,192.831253052,8.3428401947,0
2368,1,17,115,0.0347826071084,28.7500019073,4,,,,,,,5.99147081375,0
2368,2,,,,28.7500019073,4,4,11.7174978256,0.147826090455,1422.44360352,97.3352432251,129.485046387,6.68461322784,0
2369,1,17,115,0.0347826071084,28.7500019073,4,,,,,,,0,9.21034049988
2369,2,,,,28.7500019073,4,4,14.0099248886,0.147826090455,570.558044434,131.389099121,148.799102783,7.60090255737,9.21034049988
2370,1,17,115,0.470588237047,2.125,2,,,,,,,8.55641365051,0
2370,2,,,,2.125,2,2,13.430729866,0.147826090455,0,117.703735352,138.618743896,8.294049263,0
2371,1,17,115,0.0347826071084,28.7500019073,7,,,,,,,9.05951786041,8.38935947418
2371,2,,,,28.7500019073,7,7,15.1919317245,0.147826090455,0,153.080322266,166.75932312,9.10497951508,0
2372,1,17,115,0.470588237047,2.125,6,,,,,,,6.21461200714,7.31322097778
2372,2,,,,2.125,6,6,12.9612550735,0.147826090455,0,92.482925415,117.528739929,8.47637081146,0
2373,1,17,115,0.470588237047,2.125,5,,,,,,,6.55108261108,0
2373,2,,,,2.125,5,5,13.3502950668,0.147826090455,0,117.739044189,117.43372345,7.09007740021,8.294049263
2374,1,17,115,0.470588237047,2.125,1,,,,,,,7.93737459183,0
2374,2,,,,2.125,1,1,7.60090255737,0.147826090455,513.223571777,89.5652008057,136.210281372,8.63052177429,8.294049263
2375,1,17,115,0.470588237047,2.125,5,,,,,,,7.64969301224,0
2375,2,,,,2.125,5,5,9.72913455963,0.147826090455,0,90.7091751099,125.683067322,7.77485609055,0
2376,1,17,115,0.470588237047,2.125,2,,,,,,,7.69621276855,8.41183280945
2376,2,,,,2.125,2,2,14.0937461853,0.147826090455,0,132.927032471,144.847198486,10.8723707199,10.085808754
2377,1,8,64,0.0625,16,2,,,,,,,8.79482460022,13.710149765
2377,2,,,,16,2,2,16.2109851837,0.125,0,245.277648926,201.966522217,7.66856145859,9.35876083374
2378,1,8,64,1,1,4,,,,,,,9.63560771942,9.25913047791
2378,2,,,,1,4,4,-10.2255706787,0.125,0,90.6548843384,150.243301392,9.33255767822,0
2379,1,8,64,1,1,2,,,,,,,5.99147081375,0
2379,2,,,,1,2,2,14.2813806534,0.125,1116.28430176,70.5256500244,129.444442749,8.43381118774,0
2380,1,8,64,1,1,5,,,,,,,6.68461322784,8.38935947418
2380,2,,,,1,5,5,13.7078142166,0.125,0,115.808624268,139.13885498,0,7.60090255737
2381,1,8,64,0.0625,16,7,,,,,,,7.60090255737,9.86266517639
2381,2,,,,16,7,7,15.265953064,0.125,819.700195312,142.862670898,175.461151123,0,8.294049263
2382,1,8,64,1,1,3,,,,,,,7.69621276855,9.48797225952
2382,2,,,,1,3,3,13.3502950668,0.125,754.80871582,137.914016724,145.222045898,8.00636768341,9.86266517639
2383,1,8,64,0.0625,16,5,,,,,,,5.29834222794,9.90348720551
2383,2,,,,16,5,5,-10.2255706787,0.125,0,120.256439209,144.220565796,8.13153076172,9.21034049988
2384,1,8,64,1,1,4,,,,,,,7.64969301224,6.90775632858
2384,2,,,,1,4,4,12.5693817139,0.125,907.135803223,107.135032654,125.44303894,8.51719284058,0
2385,1,8,64,0.0625,16,2,,,,,,,9.14846515656,9.61580562592
2385,2,,,,16,2,2,13.4183111191,0.125,870.112182617,129.233917236,154.280319214,9.68034362793,9.08250713348
2386,1,8,64,1,1,3,,,,,,,0,8.69951438904
2386,2,,,,1,3,3,14.5457611084,0.125,0,113.615440369,151.909072876,9.03598690033,9.39266204834
2387,1,8,64,1,1,4,,,,,,,8.53699588776,9.21034049988
2388,1,8,64,1,1,5,,,,,,,6.90775632858,0
2388,2,,,,1,5,5,13.7139205933,0.125,439.132415771,112.017372131,117.765953064,0,0
2389,1,5,98,1,1,4,,,,,,,6.68461322784,0
2389,2,,,,1,4,4,-10.2255706787,0.0510204099119,0,104.770195007,132.940536499,8.96187877655,0
2390,1,5,98,1,1,5,,,,,,,7.86326694489,8.294049263
2390,2,,,,1,5,5,13.3653097153,0.0510204099119,0,98.6541061401,139.13861084,6.39693260193,0
2391,1,5,98,1,1,3,,,,,,,9.28730106354,7.37775945663
2391,2,,,,1,3,3,13.3248138428,0.0510204099119,999.639282227,114.202667236,146.384506226,7.86326694489,0
2392,1,5,98,0.0408163256943,24.5,1,,,,,,,7.97246599197,0
2392,2,,,,24.5,1,1,13.6141281128,0.0510204099119,0,91.2624053955,131.385726929,8.79482460022,0
2393,1,5,98,1,1,2,,,,,,,9.53242397308,0
2393,2,,,,1,2,2,10.4968147278,0.0510204099119,781.316589355,111.587249756,153.715911865,8.79482460022,7.37775945663
2394,1,5,98,0.0408163256943,24.5,3,,,,,,,8.38935947418,8.00636768341
2394,2,,,,24.5,3,3,9.17988109589,0.0510204099119,0,88.4357910156,134.253738403,7.64969301224,0
2395,1,5,98,1,1,4,,,,,,,8.03268527985,0
2395,2,,,,1,4,4,11.0540599823,0.0510204099119,0,104.279891968,114.905662537,8.13153076172,9.18194103241
2396,1,5,98,0.0408163256943,24.5,2,,,,,,,7.37775945663,0
2396,2,,,,24.5,2,2,8.43381118774,0.0510204099119,401.581298828,84.4301147461,118.77205658,7.49554204941,0
2397,1,5,98,0.0408163256943,24.5,4,,,,,,,8.9871969223,0
2397,2,,,,24.5,4,4,15.1297721863,0.0510204099119,0,142.182830811,160.956390381,8.59415435791,0
2398,1,23,130,0.347826093435,2.875,3,,,,,,,9.23989963531,9.16951847076
2398,2,,,,2.875,3,3,12.9326543808,0.176923081279,953.232177734,105.319366455,147.501342773,7.00306606293,0
2399,1,23,130,0.0307692307979,32.5,4,,,,,,,9.19013786316,0
2399,2,,,,32.5,4,4,12.997253418,0.176923081279,824.199951172,107.862167358,138.655212402,7.86326694489,8.18868923187
2400,1,23,130,0.347826093435,2.875,5,,,,,,,5.29834222794,0
2400,2,,,,2.875,5,5,14.2429981232,0.176923081279,694.01574707,111.870437622,117.560173035,0,8.55641365051
2401,1,23,130,0.347826093435,2.875,1,,,,,,,6.90775632858,0
2401,2,,,,2.875,1,1,12.5563774109,0.176923081279,0,72.5745010376,110.085678101,7.49554204941,8.69951438904
2402,1,23,130,0.0307692307979,32.5,3,,,,,,,7.93737459183,0
2402,2,,,,32.5,3,3,13.3987827301,0.176923081279,1135.97009277,96.2533798218,128.432662964,8.294049263,0
2403,1,23,130,0.347826093435,2.875,3,,,,,,,8.59415435791,0
2403,2,,,,2.875,3,3,13.8129072189,0.176923081279,0,96.3467025757,140.069198608,7.37775945663,0
2404,1,23,130,0.347826093435,2.875,2,,,,,,,0,0
2404,2,,,,2.875,2,2,14.2621173859,0.176923081279,0,47.9699172974,85.5912399292,8.45531749725,0
2405,1,23,130,0.347826093435,2.875,6,,,,,,,6.39693260193,9.08250713348
2405,2,,,,2.875,6,6,13.5501117706,0.176923081279,1548.53796387,117.725799561,144.062850952,8.9871969223,0
2406,1,23,130,0.0307692307979,32.5,2,,,,,,,7.78322410583,0
2406,2,,,,32.5,2,2,13.3248138428,0.176923081279,0,87.0561828613,123.098266602,7.60090255737,8.69951438904
2407,1,23,130,0.0307692307979,32.5,1,,,,,,,0,0
2407,2,,,,32.5,1,1,-10.2255706787,0.176923081279,0,63.5271110535,112.762969971,7.60090255737,0
2408,1,23,130,0.347826093435,2.875,2,,,,,,,6.68461322784,0
2408,2,,,,2.875,2,2,12.5072879791,0.176923081279,0,87.734375,114.081298828,0,9.39266204834
2409,1,23,130,0.347826093435,2.875,2,,,,,,,6.90775632858,0
2409,2,,,,2.875,2,2,-9.79812717438,0.176923081279,0,70.150177002,116.602287292,5.99147081375,0
2410,1,12,76,0.666666686535,1.5,6,,,,,,,9.53242397308,8.00636768341
2410,2,,,,1.5,6,6,12.1243200302,0.157894730568,1025.96411133,136.066452026,145.445861816,8.18868923187,14.6909790039
2411,1,12,76,0.0526315793395,19,6,,,,,,,9.16951847076,0
2411,2,,,,19,6,6,15.1133012772,0.157894730568,0,139.919326782,160.555007935,0,12.1007118225
2412,1,12,76,0.666666686535,1.5,8,,,,,,,5.99147081375,10.1266307831
2412,2,,,,1.5,8,8,15.9105300903,0.157894730568,1461.38232422,147.937545776,158.956741333,9.42545223236,7.60090255737
2413,1,12,76,0.666666686535,1.5,7,,,,,,,7.90100717545,8.73230457306
2413,2,,,,1.5,7,7,13.1532802582,0.157894730568,0,124.301689148,137.629562378,7.09007740021,7.60090255737
2414,1,12,76,0.666666686535,1.5,5,,,,,,,8.00636768341,9.39266204834
2414,2,,,,1.5,5,5,13.0008735657,0.157894730568,570.558044434,116.073234558,143.991882324,8.294049263,0
2415,1,12,76,0.666666686535,1.5,6,,,,,,,10.3734912872,11.6952466965
2415,2,,,,1.5,6,6,14.6059207916,0.157894730568,1509.83374023,181.458190918,190.680603027,10.3089523315,9.37585449219
2416,1,12,76,0.666666686535,1.5,4,,,,,,,9.42545223236,0
2416,2,,,,1.5,4,4,17.7470359802,0.157894730568,0,148.425384521,150.63269043,8.43381118774,8.85366535187
2417,1,12,76,0.0526315793395,19,3,,,,,,,8.63052177429,7.93737459183
2417,2,,,,19,3,3,11.4679279327,0.157894730568,781.316589355,120.259284973,147.766067505,6.90775632858,7.60090255737
2418,1,12,76,0.0526315793395,19,2,,,,,,,8.294049263,0
2418,2,,,,19,2,2,13.64448452,0.157894730568,0,117.37890625,134.419937134,7.37775945663,8.00636768341
2419,1,12,76,0.666666686535,1.5,5,,,,,,,7.60090255737,8.63052177429
2419,2,,,,1.5,5,5,13.9252614975,0.157894730568,971.324707031,138.628341675,141.220336914,7.43838405609,8.77955722809
2420,1,12,76,0.0526315793395,19,4,,,,,,,7.09007740021,0
2420,2,,,,19,4,4,13.4505157471,0.157894730568,0,99.988067627,136.40473938,9.51782512665,7.64969301224
2421,1,12,76,0.666666686535,1.5,6,,,,,,,8.00636768341,0
2421,2,,,,1.5,6,6,15.9629144669,0.157894730568,700.661499023,154.17414856,144.999038696,8.85366535187,9.54681301117
2422,1,17,58,0.470588237047,2.125,3,,,,,,,0,0
2422,2,,,,2.125,3,3,15.2968873978,0.293103456497,1025.96411133,91.7486343384,77.8465423584,8.3428401947,0
2423,1,17,58,0.470588237047,2.125,2,,,,,,,7.60090255737,0
2423,2,,,,2.125,2,2,7.09007740021,0.293103456497,0,79.4330215454,117.078559875,8.68270778656,0
2424,1,17,58,0.0689655169845,14.5,4,,,,,,,8.79482460022,8.8818359375
2425,1,17,58,0.470588237047,2.125,4,,,,,,,8.294049263,8.85366535187
2425,2,,,,2.125,4,4,13.9467144012,0.293103456497,1135.97009277,123.083969116,150.259017944,7.09007740021,0
2426,1,17,58,0.470588237047,2.125,4,,,,,,,9.95227813721,0
2426,2,,,,2.125,4,4,13.4628276825,0.293103456497,1509.83374023,146.230606079,153.758239746,9.23014259338,0
2427,1,17,58,0.470588237047,2.125,1,,,,,,,7.69621276855,0
2427,2,,,,2.125,1,1,8.63052177429,0.293103456497,0,81.0522994995,121.141159058,8.10167789459,0
2428,1,17,58,0.470588237047,2.125,3,,,,,,,8.0709066391,0
2428,2,,,,2.125,3,3,13.3782453537,0.293103456497,0,102.421554565,126.973678589,7.00306606293,0
2429,1,17,58,0.0689655169845,14.5,6,,,,,,,9.79812717438,0
2429,2,,,,14.5,6,6,12.9101600647,0.293103456497,1568.61303711,153.513778687,161.907440186,9.34136867523,0
2430,1,17,58,0.0689655169845,14.5,6,,,,,,,8.13153076172,0
2430,2,,,,14.5,6,6,11.8550958633,0.293103456497,1120.29956055,122.347450256,138.344436646,8.38935947418,0
2431,1,17,58,0.470588237047,2.125,3,,,,,,,6.80239582062,8.00636768341
2431,2,,,,2.125,3,3,13.420539856,0.293103456497,0,110.202209473,131.995941162,9.05951786041,0
2432,1,17,58,0.0689655169845,14.5,4,,,,,,,9.46498298645,9.62244987488
2432,2,,,,14.5,4,4,15.3884916306,0.293103456497,1565.69055176,162.479995728,180.414611816,7.37775945663,0
2433,1,17,58,0.470588237047,2.125,2,,,,,,,9.21034049988,0
2433,2,,,,2.125,2,2,12.0143070221,0.293103456497,1399.0736084,120.675514221,147.846618652,6.68461322784,0
2434,1,6,84,1,1,5,,,,,,,6.39693260193,6.90775632858
2434,2,,,,1,5,5,11.1154289246,0.0714285746217,940.652526855,96.5958709717,109.342826843,0,8.0709066391
2435,1,6,84,1,1,1,,,,,,,5.29834222794,0
2435,2,,,,1,1,1,8.0709066391,0.0714285746217,0,69.4220352173,104.657173157,6.68461322784,7.60090255737
2436,1,6,84,0.047619048506,21,2,,,,,,,8.294049263,7.90100717545
2436,2,,,,21,2,2,14.0775671005,0.0714285746217,329.61807251,143.207214355,141.950561523,8.294049263,7.60090255737
2437,1,6,84,1,1,3,,,,,,,7.78322410583,0
2437,2,,,,1,3,3,12.9441928864,0.0714285746217,570.558044434,87.561416626,119.832336426,8.55641365051,0
2438,1,6,84,0.047619048506,21,3,,,,,,,5.99147081375,0
2438,2,,,,21,3,3,13.5092573166,0.0714285746217,0,95.0110321045,107.06212616,9.37585449219,0
2439,1,6,84,1,1,6,,,,,,,8.38935947418,0
2439,2,,,,1,6,6,13.5549249649,0.0714285746217,1438.98620605,109.385826111,134.965087891,8.43381118774,0
2440,1,6,84,1,1,4,,,,,,,9.0118894577,0
2440,2,,,,1,4,4,14.2101173401,0.0714285746217,1583.6763916,129.587921143,150.440734863,9.60238265991,6.90775632858
2441,1,6,84,0.047619048506,21,6,,,,,,,8.38935947418,0
2441,2,,,,21,6,6,14.1438064575,0.0714285746217,781.316589355,120.457084656,141.746307373,7.78322410583,0
2442,1,6,84,0.047619048506,21,7,,,,,,,7.49554204941,0
2442,2,,,,21,7,7,14.9187784195,0.0714285746217,1555.32214355,144.793319702,149.025726318,0,9.10497951508
2443,1,6,84,1,1,3,,,,,,,8.294049263,0
2443,2,,,,1,3,3,13.8570365906,0.0714285746217,439.132415771,99.7071914673,135.606246948,8.96187877655,0
2444,1,9,49,0.0816326513886,12.25,4,,,,,,,8.63052177429,0
2444,2,,,,12.25,4,4,13.2519874573,0.183673471212,0,114.796325684,136.632781982,7.37775945663,0
2445,1,9,49,0.888888895512,1.125,2,,,,,,,6.21461200714,0
2445,2,,,,1.125,2,2,8.3428401947,0.183673471212,329.61807251,60.4888801575,93.1277313232,8.294049263,0
2446,1,9,49,0.888888895512,1.125,3,,,,,,,7.64969301224,8.79482460022
2446,2,,,,1.125,3,3,13.320558548,0.183673471212,0,137.64805603,129.818115234,5.29834222794,0
2447,1,9,49,0.0816326513886,12.25,3,,,,,,,8.66561317444,0
2447,2,,,,12.25,3,3,13.2834615707,0.183673471212,1176.18334961,131.039916992,129.144515991,7.86326694489,8.69951438904
2448,1,9,49,0.888888895512,1.125,3,,,,,,,0,11.1198825836
2448,2,,,,1.125,3,3,13.3766956329,0.183673471212,1116.28430176,143.236801147,165.292892456,0,6.68461322784
2449,1,9,49,0.888888895512,1.125,7,,,,,,,7.78322410583,5.29834222794
2449,2,,,,1.125,7,7,13.2198534012,0.183673471212,570.558044434,121.726196289,123.827560425,8.3428401947,7.49554204941
2450,1,9,49,0.0816326513886,12.25,3,,,,,,,7.09007740021,8.66561317444
2450,2,,,,12.25,3,3,14.7225589752,0.183673471212,1050.58520508,147.522598267,151.294311523,6.39693260193,8.55641365051
2451,1,9,49,0.888888895512,1.125,3,,,,,,,7.93737459183,8.82467746735
2451,2,,,,1.125,3,3,14.3834342957,0.183673471212,2078.65356445,148.261413574,145.546051025,7.69621276855,8.41183280945
2452,1,9,49,0.888888895512,1.125,2,,,,,,,6.55108261108,0
2452,2,,,,1.125,2,2,13.6711778641,0.183673471212,0,92.512512207,113.373588562,9.21034049988,0
2453,1,9,49,0.888888895512,1.125,2,,,,,,,0,10.5966348648
2453,2,,,,1.125,2,2,13.6072559357,0.183673471212,1116.28430176,112.945678711,169.418518066,7.09007740021,9.12695884705
2454,1,9,49,0.888888895512,1.125,5,,,,,,,7.93737459183,8.93590354919
2454,2,,,,1.125,5,5,13.7189998627,0.183673471212,1592.77526855,136.758377075,139.915023804,7.69621276855,7.2442278862
2455,1,9,49,0.0816326513886,12.25,1,,,,,,,0,8.00636768341
2455,2,,,,12.25,1,1,13.9182472229,0.183673471212,1509.83374023,129.303268433,125.598472595,8.85366535187,0
2456,1,18,143,0.444444447756,2.25,2,,,,,,,9.58190345764,0
2456,2,,,,2.25,2,2,13.8280315399,0.125874131918,439.132415771,109.145225525,153.383163452,9.95227813721,0
2457,1,18,143,0.444444447756,2.25,5,,,,,,,0,8.69951438904
2457,2,,,,2.25,5,5,13.725476265,0.125874131918,1237.58679199,120.003715515,142.862472534,8.79482460022,9.61580562592
2458,1,18,143,0.0279720276594,35.75,4,,,,,,,0,8.18868923187
2458,2,,,,35.75,4,4,-10.2255706787,0.125874131918,570.558044434,76.4498291016,110.892593384,0,0
2459,1,18,143,0.444444447756,2.25,6,,,,,,,8.13153076172,7.78322410583
2459,2,,,,2.25,6,6,13.0047054291,0.125874131918,580.686584473,111.665122986,133.552902222,8.3428401947,0
2460,1,18,143,0.0279720276594,35.75,5,,,,,,,10.1581296921,8.79482460022
2460,2,,,,35.75,5,5,14.0662689209,0.125874131918,1219.14916992,130.399002075,164.406082153,9.08250713348,0
2461,1,18,143,0.444444447756,2.25,3,,,,,,,8.51719284058,8.00636768341
2461,2,,,,2.25,3,3,13.8573236465,0.125874131918,687.221191406,101.473907471,144.914520264,9.42545223236,0
2462,1,18,143,0.444444447756,2.25,4,,,,,,,8.13153076172,0
2462,2,,,,2.25,4,4,12.1787014008,0.125874131918,1189.88208008,98.6926193237,113.332748413,9.42545223236,0
2463,1,18,143,0.444444447756,2.25,3,,,,,,,8.93590354919,8.69951438904
2463,2,,,,2.25,3,3,12.8886642456,0.125874131918,0,135.905303955,132.495285034,7.2442278862,10.9954109192
2464,1,18,143,0.444444447756,2.25,4,,,,,,,7.60090255737,0
2464,2,,,,2.25,4,4,10.7298536301,0.125874131918,0,100.020378113,124.022155762,7.78322410583,0
2465,1,18,143,0.444444447756,2.25,5,,,,,,,9.05951786041,0
2465,2,,,,2.25,5,5,14.1857357025,0.125874131918,781.316589355,144.37878418,157.202102661,9.61580562592,0
2466,1,18,143,0.0279720276594,35.75,4,,,,,,,8.69951438904,0
2466,2,,,,35.75,4,4,12.889169693,0.125874131918,920.921508789,139.479354858,126.238243103,9.54681301117,9.54681301117
2467,1,18,143,0.0279720276594,35.75,2,,,,,,,8.294049263,0
2467,2,,,,35.75,2,2,13.9557037354,0.125874131918,1147.33666992,82.6282272339,142.783905029,8.69951438904,7.78322410583
2468,1,11,54,0.727272748947,1.375,1,,,,,,,7.93737459183,0
2468,2,,,,1.375,1,1,13.8388366699,0.203703701496,0,94.7130661011,129.954223633,7.93737459183,0
2469,1,11,54,0.074074074626,13.5,1,,,,,,,6.90775632858,0
2469,2,,,,13.5,1,1,11.8988676071,0.203703701496,0,76.5763168335,104.104934692,7.2442278862,0
2470,1,11,54,0.074074074626,13.5,2,,,,,,,6.39693260193,0
2470,2,,,,13.5,2,2,14.0679798126,0.203703701496,0,96.4387512207,120.66771698,8.43381118774,0
2471,1,11,54,0.727272748947,1.375,1,,,,,,,6.68461322784,0
2471,2,,,,1.375,1,1,14.7200527191,0.203703701496,0,85.2417221069,118.107589722,5.99147081375,8.69951438904
2472,1,11,54,0.727272748947,1.375,3,,,,,,,5.99147081375,0
2472,2,,,,1.375,3,3,13.3502950668,0.203703701496,828.640380859,89.726234436,113.787826538,7.5496096611,8.69951438904
2473,1,11,54,0.074074074626,13.5,1,,,,,,,0,5.29834222794
2473,2,,,,13.5,1,1,12.9789552689,0.203703701496,0,81.1653671265,111.270973206,7.49554204941,10.3287553787
2474,1,11,54,0.727272748947,1.375,1,,,,,,,7.37775945663,0
2474,2,,,,1.375,1,1,6.90775632858,0.203703701496,0,68.8565063477,117.703681946,0,0
2475,1,11,54,0.727272748947,1.375,1,,,,,,,7.93737459183,7.49554204941
2475,2,,,,1.375,1,1,13.1054210663,0.203703701496,439.132415771,91.069190979,131.910217285,8.10167789459,0
2476,1,11,54,0.727272748947,1.375,2,,,,,,,0,0
2476,2,,,,1.375,2,2,13.6099615097,0.203703701496,0,61.1610527039,86.9494552612,7.09007740021,0
2477,1,11,54,0.727272748947,1.375,1,,,,,,,6.39693260193,0
2477,2,,,,1.375,1,1,8.69951438904,0.203703701496,439.132415771,73.4502105713,116.397315979,6.90775632858,0
2478,1,11,54,0.727272748947,1.375,3,,,,,,,7.37775945663,0
2478,2,,,,1.375,3,3,13.8246688843,0.203703701496,0,86.2235183716,130.516845703,9.28730106354,0
2479,1,11,54,0.074074074626,13.5,5,,,,,,,8.38935947418,8.51719284058
2479,2,,,,13.5,5,5,14.9759702682,0.203703701496,1246.5135498,144.329772949,156.445709229,8.96187877655,9.8521938324
2480,1,22,97,0.0412371121347,24.25,3,,,,,,,9.21034049988,0
2480,2,,,,24.25,3,3,15.4480009079,0.226804122329,329.61807251,121.644050598,164.940231323,0,8.69951438904
2481,1,22,97,0.0412371121347,24.25,2,,,,,,,7.86326694489,0
2481,2,,,,24.25,2,2,14.5481185913,0.226804122329,525.735107422,119.591285706,146.177215576,8.57546234131,0
2482,1,22,97,0.363636374474,2.75,1,,,,,,,6.90775632858,0
2482,2,,,,2.75,1,1,12.9204921722,0.226804122329,0,86.5539932251,114.89768219,7.90100717545,8.294049263
2483,1,22,97,0.363636374474,2.75,6,,,,,,,7.5496096611,0
2483,2,,,,2.75,6,6,10.9716405869,0.226804122329,850.00604248,88.5445175171,154.650085449,7.00306606293,0
2484,1,22,97,0.0412371121347,24.25,1,,,,,,,5.99147081375,0
2484,2,,,,24.25,1,1,16.8431091309,0.226804122329,0,81.981842041,108.512123108,6.68461322784,0
2485,1,22,97,0.363636374474,2.75,1,,,,,,,8.47637081146,0
2485,2,,,,2.75,1,1,14.5223140717,0.226804122329,525.735107422,100.552642822,148.643386841,8.82467746735,0
2486,1,22,97,0.363636374474,2.75,4,,,,,,,7.86326694489,10.0432491302
2486,2,,,,2.75,4,4,13.7448730469,0.226804122329,959.362792969,130.468917847,161.444625854,9.47270488739,0
2487,1,22,97,0.0412371121347,24.25,4,,,,,,,7.2442278862,10.0475883484
2487,2,,,,24.25,4,4,15.5354509354,0.226804122329,439.132415771,158.026290894,163.010177612,7.78322410583,9.53242397308
2488,1,22,97,0.363636374474,2.75,5,,,,,,,5.29834222794,0
2488,2,,,,2.75,5,5,14.8550453186,0.226804122329,421.123168945,145.255126953,153.133544922,10.0982313156,9.02401065826
2489,1,22,97,0.363636374474,2.75,2,,,,,,,8.0709066391,8.69951438904
2490,1,22,97,0.363636374474,2.75,4,,,,,,,0,8.47637081146
2490,2,,,,2.75,4,4,14.1862459183,0.226804122329,401.581298828,132.543640137,140.550262451,7.93737459183,6.90775632858
2491,1,22,97,0.363636374474,2.75,3,,,,,,,6.90775632858,0
2491,2,,,,2.75,3,3,14.0036487579,0.226804122329,658.39276123,74.7119216919,122.787521362,8.00636768341,0
2492,1,5,82,1,1,5,,,,,,,8.38935947418,0
2492,2,,,,1,5,5,12.711684227,0.0609756112099,0,126.04662323,143.912124634,8.76405334473,0
2493,1,5,82,1,1,4,,,,,,,6.90775632858,0
2493,2,,,,1,4,4,10.6261940002,0.0609756112099,0,86.7435379028,112.32195282,7.09007740021,0
2494,1,5,82,1,1,2,,,,,,,8.18868923187,0
2494,2,,,,1,2,2,13.6529912949,0.0609756112099,0,101.434768677,132.909790039,7.09007740021,0
2495,1,5,82,1,1,5,,,,,,,10.401227951,0
2495,2,,,,1,5,5,14.7138814926,0.0609756112099,0,121.713844299,174.865112305,7.49554204941,7.60090255737
2496,1,5,82,0.0487804859877,20.5,5,,,,,,,8.97714614868,0
2496,2,,,,20.5,5,5,13.367190361,0.0609756112099,788.863342285,110.60243988,141.030700684,8.51719284058,14.6909790039
2497,1,5,82,1,1,4,,,,,,,8.63052177429,0
2497,2,,,,1,4,4,13.5312891006,0.0609756112099,1301.71228027,123.031486511,135.498855591,8.26873207092,0
2498,1,5,82,0.0487804859877,20.5,2,,,,,,,9.10497951508,5.99147081375
2498,2,,,,20.5,2,2,13.424539566,0.0609756112099,0,143.801940918,130.721130371,8.00636768341,9.39266204834
2499,1,5,82,0.0487804859877,20.5,4,,,,,,,8.0709066391,7.93737459183
2499,2,,,,20.5,4,4,12.3749713898,0.0609756112099,707.165771484,114.221611023,138.126586914,9.24956130981,7.60090255737
2500,1,5,82,0.0487804859877,20.5,6,,,,,,,7.09007740021,8.58298110962
2500,2,,,,20.5,6,6,16.1702709198,0.0609756112099,2327.98974609,156.905044556,161.354812622,9.16951847076,8.73230457306
2501,1,5,54,1,1,2,,,,,,,7.60090255737,0
2501,2,,,,1,2,2,13.8088884354,0.0925925895572,0,84.4940872192,131.024612427,8.55641365051,8.294049263
2502,1,5,54,0.074074074626,13.5,2,,,,,,,8.55641365051,0
2502,2,,,,13.5,2,2,13.6330289841,0.0925925895572,570.558044434,105.110458374,137.643386841,9.32366943359,8.294049263
2503,1,5,54,0.074074074626,13.5,0,,,,,,,6.90775632858,0
2503,2,,,,13.5,0,0,14.5140428543,0.0925925895572,0,81.6302261353,122.504524231,8.18868923187,0
2504,1,5,54,0.074074074626,13.5,4,,,,,,,7.37775945663,8.51719284058
2504,2,,,,13.5,4,4,13.0317821503,0.0925925895572,0,112.108726501,134.239028931,7.2442278862,8.294049263
2505,1,5,54,1,1,3,,,,,,,0,10.3920679092
2505,2,,,,1,3,3,13.5192584991,0.0925925895572,781.316589355,120.960655212,160.022338867,8.294049263,0
2506,1,5,54,0.074074074626,13.5,5,,,,,,,8.69951438904,0
2506,2,,,,13.5,5,5,13.1608142853,0.0925925895572,1154.74121094,115.638267517,136.300750732,9.35876083374,0
2507,1,5,54,1,1,1,,,,,,,8.69951438904,0
2507,2,,,,1,1,1,12.5776357651,0.0925925895572,0,128.574356079,135.289230347,6.68461322784,0
2508,1,5,54,1,1,3,,,,,,,7.74066448212,0
2508,2,,,,1,3,3,13.3776254654,0.0925925895572,0,99.0039520264,123.902923584,8.79482460022,0
2509,1,5,54,1,1,1,,,,,,,5.99147081375,0
2510,1,8,86,1,1,2,,,,,,,8.51719284058,0
2510,2,,,,1,2,2,12.3068227768,0.0930232554674,0,101.75050354,124.100013733,7.09007740021,0
2511,1,8,86,1,1,5,,,,,,,8.38935947418,0
2512,1,8,86,1,1,2,,,,,,,5.99147081375,0
2512,2,,,,1,2,2,7.17012023926,0.0930232554674,0,58.780128479,97.4169311523,9.23989963531,9.18870830536
2513,1,8,86,0.0465116277337,21.5,2,,,,,,,6.39693260193,0
2513,2,,,,21.5,2,2,13.1982126236,0.0930232554674,1095.57873535,74.1401901245,103.219924927,8.13153076172,7.60090255737
2514,1,8,86,1,1,6,,,,,,,9.44145202637,13.710149765
2514,2,,,,1,6,6,17.3364810944,0.0930232554674,0,157.752700806,226.397964478,8.97461795807,0
2515,1,8,86,0.0465116277337,21.5,1,,,,,,,6.90775632858,8.9871969223
2515,2,,,,21.5,1,1,13.1890869141,0.0930232554674,0,141.031326294,147.500411987,8.38935947418,0
2516,1,8,86,1,1,6,,,,,,,8.294049263,0
2516,2,,,,1,6,6,12.966878891,0.0930232554674,971.324707031,107.478538513,129.71546936,8.93590354919,0
2517,1,8,86,0.0465116277337,21.5,4,,,,,,,5.29834222794,0
2518,1,8,86,1,1,7,,,,,,,10.7232675552,0
2518,2,,,,1,7,7,14.1949043274,0.0930232554674,870.112182617,147.041290283,171.120315552,10.49127388,0
2519,1,8,86,0.0465116277337,21.5,4,,,,,,,7.60090255737,9.10497951508
2519,2,,,,21.5,4,4,13.935956955,0.0930232554674,0,143.307281494,146.130493164,8.18868923187,0
2520,1,8,86,1,1,4,,,,,,,8.18868923187,0
2520,2,,,,1,4,4,11.6682186127,0.0930232554674,0,95.7730484009,120.155891418,8.71604442596,9.7111158371
2521,1,8,86,1,1,6,,,,,,,7.09007740021,8.294049263
2521,2,,,,1,6,6,11.1039495468,0.0930232554674,0,95.8116378784,137.935028076,5.99147081375,8.49699020386
2522,1,9,49,0.888888895512,1.125,2,,,,,,,6.68461322784,7.37775945663
2522,2,,,,1.125,2,2,16.1762695312,0.183673471212,0,153.66368103,126.840919495,9.28730106354,8.0709066391
2523,1,9,49,0.888888895512,1.125,4,,,,,,,8.0709066391,0
2523,2,,,,1.125,4,4,12.9769678116,0.183673471212,950.127746582,92.8581771851,126.103607178,5.29834222794,0
2524,1,9,49,0.888888895512,1.125,2,,,,,,,0,6.90775632858
2524,2,,,,1.125,2,2,8.294049263,0.183673471212,0,69.4774398804,119.666625977,8.69951438904,0
2525,1,9,49,0.888888895512,1.125,5,,,,,,,8.96187877655,10.4631032944
2525,2,,,,1.125,5,5,-8.63763904572,0.183673471212,707.165771484,117.910957336,145.957489014,7.00306606293,8.55641365051
2526,1,9,49,0.888888895512,1.125,5,,,,,,,7.37775945663,0
2526,2,,,,1.125,5,5,13.0044803619,0.183673471212,0,98.8185958862,117.942024231,8.66561317444,8.63052177429
2527,1,9,49,0.0816326513886,12.25,4,,,,,,,8.00636768341,0
2527,2,,,,12.25,4,4,13.382478714,0.183673471212,1252.36279297,112.580825806,125.497665405,10.5966348648,0
2528,1,9,49,0.0816326513886,12.25,5,,,,,,,6.68461322784,8.43381118774
2528,2,,,,12.25,5,5,12.2075519562,0.183673471212,570.558044434,102.527732849,127.439102173,6.21461200714,7.64012336731
2529,1,9,49,0.0816326513886,12.25,5,,,,,,,0,9.65502643585
2529,2,,,,12.25,5,5,15.7499837875,0.183673471212,1389.59387207,157.472000122,171.56791687,8.81877803802,8.0709066391
2530,1,9,49,0.888888895512,1.125,4,,,,,,,7.2442278862,8.00636768341
2530,2,,,,1.125,4,4,12.3484401703,0.183673471212,439.132415771,107.043968201,123.717979431,5.99147081375,7.49554204941
2531,1,9,49,0.0816326513886,12.25,4,,,,,,,5.99147081375,7.31322097778
2531,2,,,,12.25,4,4,14.0087881088,0.183673471212,828.640380859,86.7238616943,132.571151733,5.29834222794,0
2532,1,9,49,0.888888895512,1.125,2,,,,,,,6.21461200714,7.60090255737
2532,2,,,,1.125,2,2,13.5892372131,0.183673471212,439.132415771,93.7408905029,130.41619873,7.2442278862,7.09007740021
2533,1,9,49,0.888888895512,1.125,2,,,,,,,7.78322410583,0
2533,2,,,,1.125,2,2,-7.93737459183,0.183673471212,0,83.593208313,127.927337646,9.28730106354,0
2534,1,7,42,1,1,8,,,,,,,9.50300979614,8.3428401947
2534,2,,,,1,8,8,14.4984760284,0.166666671634,1615.80957031,145.955993652,160.384231567,8.3428401947,8.0709066391
2535,1,7,42,0.095238097012,10.5,6,,,,,,,8.47637081146,9.30565071106
2535,2,,,,10.5,6,6,14.5322771072,0.166666671634,1073.72912598,133.713821411,162.575531006,6.68461322784,8.51719284058
2536,1,7,42,0.095238097012,10.5,2,,,,,,,6.39693260193,0
2536,2,,,,10.5,2,2,12.5382499695,0.166666671634,0,110.259376526,115.200340271,7.37775945663,0
2537,1,7,42,0.095238097012,10.5,4,,,,,,,0,8.294049263
2537,2,,,,10.5,4,4,14.4490346909,0.166666671634,694.01574707,129.512420654,140.656082153,0,9.21034049988
2538,1,7,42,1,1,6,,,,,,,7.37775945663,5.7037935257
2538,2,,,,1,6,6,13.6606559753,0.166666671634,1228.46850586,110.793945312,129.165359497,7.2442278862,6.39693260193
2539,1,7,42,1,1,1,,,,,,,5.99147081375,0
2540,1,7,42,1,1,3,,,,,,,5.29834222794,5.29834222794
2540,2,,,,1,3,3,14.2717952728,0.166666671634,940.652526855,93.6023864746,130.491668701,8.51719284058,7.60090255737
2541,1,7,42,1,1,7,,,,,,,7.60090255737,8.294049263
2541,2,,,,1,7,7,13.9113664627,0.166666671634,0,136.319915771,138.371170044,5.99147081375,11.5521459579
2542,1,7,42,1,1,4,,,,,,,7.93737459183,7.2442278862
2542,2,,,,1,4,4,15.6757230759,0.166666671634,0,100.905097961,132.52003479,6.90775632858,8.00636768341
2543,1,7,42,1,1,4,,,,,,,7.69621276855,6.90775632858
2543,2,,,,1,4,4,13.4156293869,0.166666671634,0,108.27520752,128.897689819,7.97246599197,0
2544,1,7,42,0.095238097012,10.5,3,,,,,,,7.93737459183,0
2544,2,,,,10.5,3,3,12.2802524567,0.166666671634,0,122.071235657,116.67011261,7.93737459183,9.35876083374
2545,1,20,56,0.40000000596,2.5,3,,,,,,,0,0
2545,2,,,,2.5,3,3,8.51719284058,0.357142865658,0,51.7245826721,80.7988357544,6.21461200714,7.49554204941
2546,1,20,56,0.0714285746217,13.9999990463,4,,,,,,,7.49554204941,0
2546,2,,,,13.9999990463,4,4,13.7969388962,0.357142865658,907.135803223,128.614990234,125.437210083,8.59415435791,0
2547,1,20,56,0.40000000596,2.5,3,,,,,,,7.49554204941,0
2547,2,,,,2.5,3,3,13.0376768112,0.357142865658,828.640380859,99.2691116333,121.012283325,5.99147081375,7.60090255737
2548,1,20,56,0.40000000596,2.5,6,,,,,,,6.39693260193,8.294049263
2548,2,,,,2.5,6,6,0,0.357142865658,0,92.577003479,141.583526611,8.24275684357,8.00636768341
2549,1,20,56,0.40000000596,2.5,2,,,,,,,7.93737459183,7.93737459183
2549,2,,,,2.5,2,2,13.4591188431,0.357142865658,658.39276123,114.335777283,136.854949951,8.96187877655,9.71715831757
2550,1,20,56,0.40000000596,2.5,4,,,,,,,7.93737459183,0
2550,2,,,,2.5,4,4,12.3681917191,0.357142865658,609.017578125,97.3917007446,118.162239075,9.72913455963,7.60090255737
2551,1,20,56,0.40000000596,2.5,4,,,,,,,7.69621276855,7.78322410583
2551,2,,,,2.5,4,4,14.3489580154,0.357142865658,1308.14404297,97.3891830444,143.175033569,7.78322410583,0
2552,1,20,56,0.0714285746217,13.9999990463,4,,,,,,,9.44145202637,10.0647554398
2552,2,,,,13.9999990463,4,4,15.4283828735,0.357142865658,1457.72351074,167.289047241,184.829391479,9.54966545105,8.47637081146
2553,1,20,56,0.0714285746217,13.9999990463,4,,,,,,,9.34136867523,0
2553,2,,,,13.9999990463,4,4,10.6358556747,0.357142865658,0,114.964233398,150.446838379,7.49554204941,10.6828126907
2554,1,20,56,0.40000000596,2.5,7,,,,,,,7.37775945663,6.90775632858
2554,2,,,,2.5,7,7,12.9187774658,0.357142865658,0,86.5556869507,124.406494141,8.18868923187,8.00636768341
2555,1,20,56,0.0714285746217,13.9999990463,4,,,,,,,7.60090255737,7.78322410583
2555,2,,,,13.9999990463,4,4,14.4417695999,0.357142865658,0,131.084823608,145.879257202,6.80239582062,0
2556,1,20,56,0.40000000596,2.5,4,,,,,,,8.13153076172,0
2556,2,,,,2.5,4,4,12.9307184219,0.357142865658,570.558044434,102.123664856,132.490631104,8.55641365051,8.51719284058
2557,1,10,87,0.800000011921,1.25,2,,,,,,,7.60090255737,10.085808754
2557,2,,,,1.25,2,2,13.5195274353,0.114942528307,1154.74121094,135.363952637,155.170623779,8.79482460022,0
2558,1,10,87,0.800000011921,1.25,4,,,,,,,8.294049263,8.69951438904
2558,2,,,,1.25,4,4,13.6572179794,0.114942528307,148.737350464,118.695251465,145.183990479,9.42545223236,0
2559,1,10,87,0.800000011921,1.25,4,,,,,,,5.29834222794,0
2559,2,,,,1.25,4,4,13.1235628128,0.114942528307,781.316589355,114.526161194,111.094276428,8.00636768341,0
2560,1,10,87,0.800000011921,1.25,3,,,,,,,7.2442278862,0
2560,2,,,,1.25,3,3,14.5455198288,0.114942528307,148.737350464,110.863754272,140.610641479,8.85366535187,9.39266204834
2561,1,10,87,0.800000011921,1.25,5,,,,,,,0,8.294049263
2561,2,,,,1.25,5,5,12.2567653656,0.114942528307,658.39276123,82.5349121094,120.08391571,7.09007740021,9.96175670624
2562,1,10,87,0.800000011921,1.25,3,,,,,,,7.69621276855,0
2562,2,,,,1.25,3,3,13.2147598267,0.114942528307,570.558044434,92.7252731323,125.62802887,7.90100717545,0
2563,1,10,87,0.045977011323,21.75,4,,,,,,,8.13153076172,8.51719284058
2563,2,,,,21.75,4,4,13.8856840134,0.114942528307,1091.30480957,122.400436401,148.080276489,8.3428401947,0
2564,1,10,87,0.800000011921,1.25,2,,,,,,,7.43838405609,0
2564,2,,,,1.25,2,2,13.3035173416,0.114942528307,0,84.5266723633,131.141708374,7.90100717545,0
2565,1,10,87,0.800000011921,1.25,3,,,,,,,7.37775945663,0
2565,2,,,,1.25,3,3,13.3333692551,0.114942528307,0,88.6787261963,119.46421051,7.82404613495,0
2566,1,10,87,0.045977011323,21.75,5,,,,,,,6.80239582062,0
2566,2,,,,21.75,5,5,12.8909358978,0.114942528307,658.39276123,92.0544967651,118.703544617,9.14846515656,7.60090255737
2567,1,10,87,0.045977011323,21.75,3,,,,,,,5.99147081375,0
2567,2,,,,21.75,3,3,13.9723777771,0.114942528307,261.767272949,106.955101013,107.942596436,8.294049263,0
2568,1,10,87,0.045977011323,21.75,3,,,,,,,8.63052177429,8.21608829498
2568,2,,,,21.75,3,3,12.5779809952,0.114942528307,570.558044434,109.562782288,135.869934082,8.59415435791,0
2569,1,16,83,0.5,2,4,,,,,,,7.93737459183,9.24956130981
2569,2,,,,2,4,4,11.6377944946,0.192771077156,1366.6739502,123.642120361,150.021575928,0,9.32366943359
2570,1,16,83,0.5,2,3,,,,,,,6.90775632858,8.86785030365
2570,2,,,,2,3,3,12.7550611496,0.192771077156,1296.4979248,124.434234619,126.974006653,5.99147081375,0
2571,1,16,83,0.048192769289,20.75,7,,,,,,,7.97246599197,8.3428401947
2571,2,,,,20.75,7,7,13.7531032562,0.192771077156,0,140.821609497,135.535964966,9.16951847076,8.82467746735
2572,1,16,83,0.5,2,6,,,,,,,7.00306606293,9.53242397308
2572,2,,,,2,6,6,14.8947696686,0.192771077156,1388.52856445,157.454818726,157.839813232,5.39364814758,8.26873207092
2573,1,16,83,0.5,2,4,,,,,,,7.78322410583,8.41183280945
2573,2,,,,2,4,4,13.569226265,0.192771077156,0,137.358291626,132.514328003,7.90100717545,8.294049263
2574,1,16,83,0.048192769289,20.75,4,,,,,,,7.31322097778,8.9871969223
2574,2,,,,20.75,4,4,14.1546649933,0.192771077156,439.132415771,139.272659302,149.143875122,0,9.94270801544
2575,1,16,83,0.5,2,3,,,,,,,7.2442278862,8.294049263
2575,2,,,,2,3,3,12.541973114,0.192771077156,907.135803223,102.254615784,127.946487427,8.21608829498,0
2576,1,16,83,0.5,2,7,,,,,,,7.82404613495,8.55641365051
2576,2,,,,2,7,7,14.0881757736,0.192771077156,1154.74121094,133.236160278,147.385162354,9.12695884705,8.55641365051
2577,1,16,83,0.5,2,3,,,,,,,7.47306919098,11.3850917816
2577,2,,,,2,3,3,13.7011089325,0.192771077156,1189.88208008,170.100479126,162.482391357,10.1886663437,0
2578,1,16,83,0.048192769289,20.75,3,,,,,,,0,9.47270488739
2578,2,,,,20.75,3,3,14.1794586182,0.192771077156,0,114.019790649,155.457565308,9.51782512665,0
2579,1,16,83,0.5,2,5,,,,,,,8.36637020111,0
2579,2,,,,2,5,5,13.7956752777,0.192771077156,471.496643066,124.44254303,139.992706299,8.99961948395,0
2580,1,16,83,0.048192769289,20.75,3,,,,,,,6.21461200714,9.61580562592
2580,2,,,,20.75,3,3,14.7176780701,0.192771077156,781.316589355,161.21534729,156.970672607,7.93737459183,12.9054508209
2581,1,19,96,0.421052634716,2.375,3,,,,,,,7.2442278862,0
2581,2,,,,2.375,3,3,13.6295423508,0.197916671634,940.652526855,110.517417908,119.878425598,8.99961948395,8.93590354919
2582,1,19,96,0.421052634716,2.375,3,,,,,,,0,0
2582,2,,,,2.375,3,3,14.198184967,0.197916671634,907.135803223,92.5908432007,98.3687210083,9.48493766785,0
2583,1,19,96,0.0416666679084,24,1,,,,,,,5.99147081375,13.710149765
2583,2,,,,24,1,1,13.668633461,0.197916671634,0,162.780334473,206.333572388,6.90775632858,6.39693260193
2584,1,19,96,0.0416666679084,24,4,,,,,,,0,0
2584,2,,,,24,4,4,14.1524114609,0.197916671634,1040.92590332,94.0244674683,90.6460876465,8.38935947418,8.69951438904
2585,1,19,96,0.421052634716,2.375,1,,,,,,,7.60090255737,0
2585,2,,,,2.375,1,1,13.1358718872,0.197916671634,0,80.239982605,119.317474365,7.31322097778,0
2586,1,19,96,0.0416666679084,24,4,,,,,,,8.63052177429,9.03598690033
2586,2,,,,24,4,4,14.7755498886,0.197916671634,1203.14318848,159.354522705,150.796661377,7.61085319519,0
2587,1,19,96,0.0416666679084,24,2,,,,,,,7.60090255737,8.24275684357
2587,2,,,,24,2,2,10.0941076279,0.197916671634,439.132415771,96.5847854614,141.81539917,6.39693260193,8.294049263
2588,1,19,96,0.421052634716,2.375,2,,,,,,,7.37775945663,0
2588,2,,,,2.375,2,2,12.5831384659,0.197916671634,570.558044434,86.7081069946,118.727706909,8.03915786743,5.99147081375
2589,1,19,96,0.421052634716,2.375,2,,,,,,,8.24275684357,0
2589,2,,,,2.375,2,2,10.7232675552,0.197916671634,841.620605469,100.987808228,135.139160156,9.46498298645,8.294049263
2590,1,19,96,0.421052634716,2.375,1,,,,,,,0,0
2590,2,,,,2.375,1,1,12.9321708679,0.197916671634,0,74.3775405884,100.958770752,6.90775632858,0
2591,1,19,96,0.421052634716,2.375,3,,,,,,,7.2442278862,7.60090255737
2591,2,,,,2.375,3,3,14.0054693222,0.197916671634,725.893249512,134.41734314,142.893997192,9.51782512665,8.79482460022
2592,1,19,96,0.421052634716,2.375,3,,,,,,,0,8.51719284058
2592,2,,,,2.375,3,3,12.5970335007,0.197916671634,725.893249512,120.122940063,116.898750305,8.31874275208,0
2593,1,20,100,0.0399999991059,25,2,,,,,,,0,9.61580562592
2593,2,,,,25,2,2,15.4388313293,0.20000000298,828.640380859,124.420303345,141.99369812,7.2442278862,0
2594,1,20,100,0.40000000596,2.5,4,,,,,,,0,8.294049263
2594,2,,,,2.5,4,4,12.4142971039,0.20000000298,0,116.63596344,112.401557922,0,6.90775632858
2595,1,20,100,0.40000000596,2.5,6,,,,,,,8.38935947418,9.25913047791
2595,2,,,,2.5,6,6,14.3940887451,0.20000000298,971.324707031,138.917984009,161.117797852,8.83637428284,0
2596,1,20,100,0.40000000596,2.5,1,,,,,,,8.73230457306,0
2596,2,,,,2.5,1,1,15.4169158936,0.20000000298,0,128.050308228,125.394592285,8.59415435791,8.294049263
2597,1,20,100,0.40000000596,2.5,2,,,,,,,7.93737459183,8.18868923187
2597,2,,,,2.5,2,2,12.8190937042,0.20000000298,0,115.835853577,130.423599243,8.16051864624,0
2598,1,20,100,0.40000000596,2.5,2,,,,,,,6.39693260193,7.97246599197
2598,2,,,,2.5,2,2,12.6234664917,0.20000000298,845.839050293,92.9797668457,123.992080688,0,8.00636768341
2599,1,20,100,0.0399999991059,25,4,,,,,,,7.00306606293,0
2599,2,,,,25,4,4,13.8422460556,0.20000000298,845.839050293,114.846229553,119.321098328,8.18868923187,8.00636768341
2600,1,20,100,0.0399999991059,25,7,,,,,,,8.16051864624,8.47637081146
2600,2,,,,25,7,7,14.9603700638,0.20000000298,1377.73303223,148.106338501,155.060256958,7.37775945663,7.60090255737
2601,1,20,100,0.40000000596,2.5,2,,,,,,,7.2442278862,6.68461322784
2601,2,,,,2.5,2,2,11.4327993393,0.20000000298,0,90.8174133301,108.511482239,8.294049263,8.294049263
2602,1,20,100,0.40000000596,2.5,5,,,,,,,6.90775632858,9.68034362793
2602,2,,,,2.5,5,5,13.9794988632,0.20000000298,0,146.103103638,153.718048096,8.18868923187,8.294049263
2603,1,20,100,0.0399999991059,25,2,,,,,,,8.00636768341,0
2603,2,,,,25,2,2,13.6803779602,0.20000000298,877.837463379,102.124450684,129.238174438,8.0709066391,8.47637081146
2604,1,20,100,0.40000000596,2.5,3,,,,,,,7.49554204941,0
2604,2,,,,2.5,3,3,9.90847492218,0.20000000298,658.39276123,82.6107711792,135.153915405,8.03915786743,0
2605,1,7,62,1,1,3,,,,,,,0,8.294049263
2605,2,,,,1,3,3,13.2057743073,0.112903222442,0,116.734603882,128.088272095,8.56788635254,0
2606,1,7,62,1,1,1,,,,,,,0,0
2606,2,,,,1,1,1,12.8886642456,0.112903222442,658.39276123,75.5175628662,68.9793548584,10.0432491302,8.41183280945
2607,1,7,62,1,1,9,,,,,,,5.99147081375,8.41183280945
2607,2,,,,1,9,9,13.9807710648,0.112903222442,1252.36279297,118.881980896,143.576828003,9.24956130981,8.00636768341
2608,1,7,62,1,1,2,,,,,,,7.60090255737,0
2608,2,,,,1,2,2,12.6021604538,0.112903222442,1189.88208008,101.653137207,114.97933197,5.29834222794,7.2442278862
2609,1,7,62,1,1,5,,,,,,,7.60090255737,0
2609,2,,,,1,5,5,10.5267486572,0.112903222442,1095.57873535,91.2802505493,124.451477051,7.31322097778,7.60090255737
2610,1,7,62,0.0645161271095,15.5,3,,,,,,,7.60090255737,0
2610,2,,,,15.5,3,3,12.211060524,0.112903222442,1116.28430176,89.9202194214,114.142570496,7.49554204941,7.60090255737
2611,1,7,62,1,1,1,,,,,,,0,7.60090255737
2611,2,,,,1,1,1,-8.73230457306,0.112903222442,329.61807251,92.7107849121,114.458717346,7.2442278862,0
2612,1,7,62,0.0645161271095,15.5,2,,,,,,,7.86326694489,0
2612,2,,,,15.5,2,2,12.6767015457,0.112903222442,781.316589355,110.300949097,116.146652222,8.83927631378,0
2613,1,7,62,0.0645161271095,15.5,4,,,,,,,0,7.15461587906
2613,2,,,,15.5,4,4,14.4844675064,0.112903222442,0,120.263114929,134.545028687,7.37775945663,7.31322097778
2614,1,7,62,0.0645161271095,15.5,2,,,,,,,7.60090255737,8.294049263
2614,2,,,,15.5,2,2,8.66561317444,0.112903222442,0,97.0541229248,141.480422974,6.90775632858,9.51782512665
2615,1,7,62,1,1,2,,,,,,,0,0
2615,2,,,,1,2,2,13.3999834061,0.112903222442,0,68.505317688,82.7192306519,7.2442278862,0
2616,1,7,59,1,1,2,,,,,,,0,0
2616,2,,,,1,2,2,12.9743270874,0.118644066155,0,69.6679077148,88.0094146729,10.3513736725,0
2617,1,7,59,1,1,3,,,,,,,5.99147081375,0
2617,2,,,,1,3,3,-9.52515125275,0.118644066155,0,63.3285064697,89.6929779053,6.68461322784,0
2618,1,7,59,0.0677966102958,14.75,4,,,,,,,5.29834222794,0
2618,2,,,,14.75,4,4,13.3358602524,0.118644066155,974.255493164,107.770339966,114.934844971,9.10497951508,0
2619,1,7,59,1,1,7,,,,,,,8.2268409729,0
2619,2,,,,1,7,7,-9.60238265991,0.118644066155,0,87.6238021851,134.095565796,8.21066856384,8.18868923187
2620,1,7,59,0.0677966102958,14.75,3,,,,,,,7.60090255737,0
2620,2,,,,14.75,3,3,11.6492033005,0.118644066155,0,95.8522567749,103.313232422,8.9871969223,0
2621,1,7,59,1,1,4,,,,,,,8.00636768341,7.78322410583
2621,2,,,,1,4,4,13.1413812637,0.118644066155,1095.57873535,108.204299927,131.841491699,9.10497951508,0
2622,1,7,59,1,1,2,,,,,,,6.21461200714,6.90775632858
2622,2,,,,1,2,2,12.6790094376,0.118644066155,0,90.5382766724,115.932914734,7.97246599197,9.10497951508
2623,1,7,59,0.0677966102958,14.75,1,,,,,,,7.09007740021,0
2623,2,,,,14.75,1,1,11.6952466965,0.118644066155,0,82.5832138062,104.863769531,5.29834222794,0
2624,1,7,59,1,1,6,,,,,,,8.51719284058,0
2624,2,,,,1,6,6,13.2942304611,0.118644066155,1132.109375,123.821868896,132.844604492,8.73230457306,7.90100717545
2625,1,7,59,1,1,4,,,,,,,6.90775632858,0
2625,2,,,,1,4,4,10.6242494583,0.118644066155,1252.36279297,100.037155151,136.30418396,9.54681301117,7.93737459183
2626,1,7,59,0.0677966102958,14.75,4,,,,,,,5.99147081375,8.8818359375
2626,2,,,,14.75,4,4,12.144197464,0.118644066155,781.316589355,107.089546204,131.891525269,7.90838718414,0
2627,1,10,44,0.800000011921,1.25,4,,,,,,,8.3428401947,0
2627,2,,,,1.25,4,4,12.9687461853,0.227272734046,0,101.107620239,130.555877686,8.43381118774,0
2628,1,10,44,0.800000011921,1.25,1,,,,,,,7.86326694489,9.61580562592
2628,2,,,,1.25,1,1,14.2625656128,0.227272734046,0,108.9347229,161.072494507,8.59415435791,8.69951438904
2629,1,10,44,0.0909090936184,11,3,,,,,,,7.60090255737,9.54681301117
2629,2,,,,11,3,3,14.6629228592,0.227272734046,0,142.812179565,163.078277588,9.8521938324,0
2630,1,10,44,0.0909090936184,11,4,,,,,,,6.90775632858,10.5916223526
2630,2,,,,11,4,4,14.3701429367,0.227272734046,0,155.808944702,171.3490448,0,9.51044464111
2631,1,10,44,0.800000011921,1.25,3,,,,,,,7.2442278862,8.69951438904
2631,2,,,,1.25,3,3,12.946103096,0.227272734046,0,108.201911926,136.688278198,8.38935947418,14.5106554031
2632,1,10,44,0.800000011921,1.25,4,,,,,,,0,0
2632,2,,,,1.25,4,4,12.2404737473,0.227272734046,1377.73303223,114.868644714,133.0052948,8.63052177429,9.10497951508
2633,1,10,44,0.0909090936184,11,2,,,,,,,0,9.10497951508
2634,1,10,44,0.0909090936184,11,4,,,,,,,7.49554204941,9.28730106354
2634,2,,,,11,4,4,13.3311319351,0.227272734046,1082.61523438,129.210845947,146.133789062,6.55108261108,8.8818359375
2635,1,10,44,0.800000011921,1.25,3,,,,,,,8.294049263,6.90775632858
2635,2,,,,1.25,3,3,14.5748949051,0.227272734046,0,137.844894409,144.363113403,8.55641365051,9.21034049988
2636,1,10,44,0.800000011921,1.25,2,,,,,,,7.74066448212,0
2636,2,,,,1.25,2,2,11.7775945663,0.227272734046,0,99.0302047729,110.960746765,7.37775945663,8.00636768341
2637,1,10,44,0.800000011921,1.25,2,,,,,,,8.294049263,0
2637,2,,,,1.25,2,2,12.006401062,0.227272734046,356.412506104,107.955192566,112.533638,8.69951438904,0
2638,1,10,44,0.800000011921,1.25,3,,,,,,,6.39693260193,13.710149765
2638,2,,,,1.25,3,3,14.1257705688,0.227272734046,1293.86706543,191.178222656,209.720916748,8.82467746735,5.99147081375
2639,1,6,45,0.0888888910413,11.25,3,,,,,,,8.38935947418,8.69951438904
2639,2,,,,11.25,3,3,12.1940002441,0.133333340287,940.652526855,94.5617370605,131.239395142,7.93737459183,0
2640,1,6,45,1,1,0,,,,,,,6.90775632858,0
2640,2,,,,1,0,0,10.529425621,0.133333340287,0,91.8770294189,114.04158783,7.60090255737,7.78322410583
2641,1,6,45,0.0888888910413,11.25,2,,,,,,,0,8.0709066391
2641,2,,,,11.25,2,2,14.1983213425,0.133333340287,781.316589355,136.676147461,127.158760071,7.5496096611,8.294049263
2642,1,6,45,1,1,4,,,,,,,7.60090255737,0
2642,2,,,,1,4,4,-9.0118894577,0.133333340287,0,79.2777404785,117.396392822,8.3428401947,0
2643,1,6,45,1,1,4,,,,,,,7.2442278862,8.47637081146
2643,2,,,,1,4,4,12.1380290985,0.133333340287,1390.65698242,119.673339844,138.48677063,10.021270752,0
2644,1,6,45,0.0888888910413,11.25,3,,,,,,,8.55641365051,0
2644,2,,,,11.25,3,3,12.9180412292,0.133333340287,1040.92590332,111.456604004,129.789520264,8.55641365051,0
2645,1,6,45,1,1,2,,,,,,,0,0
2645,2,,,,1,2,2,12.1324262619,0.133333340287,0,66.7546234131,104.688209534,8.66561317444,0
2646,1,6,45,1,1,1,,,,,,,8.59415435791,7.60090255737
2646,2,,,,1,1,1,9.91343784332,0.133333340287,0,103.006813049,134.030960083,9.58877658844,0
2647,1,6,45,0.0888888910413,11.25,4,,,,,,,7.78322410583,0
2647,2,,,,11.25,4,4,9.51782512665,0.133333340287,471.496643066,92.3562316895,129.097198486,5.99147081375,0
2648,1,6,45,1,1,6,,,,,,,7.09007740021,0
2648,2,,,,1,6,6,12.6247825623,0.133333340287,0,115.770629883,110.881149292,7.97246599197,11.4075651169
2649,1,8,45,0.0888888910413,11.25,1,,,,,,,7.60090255737,0
2649,2,,,,11.25,1,1,13.9059000015,0.177777782083,1237.58679199,119.887184143,131.208297729,8.38935947418,7.69621276855
2650,1,8,45,1,1,1,,,,,,,7.93737459183,9.68034362793
2650,2,,,,1,1,1,12.6004772186,0.177777782083,0,107.511245728,143.020004272,8.294049263,0
2651,1,8,45,1,1,3,,,,,,,0,0
2651,2,,,,1,3,3,13.226723671,0.177777782083,0,63.3214454651,68.3444824219,7.64969301224,0
2652,1,8,45,1,1,2,,,,,,,0,0
2652,2,,,,1,2,2,12.9039583206,0.177777782083,0,45.965259552,76.1787109375,7.90100717545,0
2653,1,8,45,0.0888888910413,11.25,1,,,,,,,6.68461322784,0
2653,2,,,,11.25,1,1,13.3270988464,0.177777782083,0,104.305465698,109.89289093,7.60090255737,0
2654,1,8,45,1,1,5,,,,,,,8.294049263,0
2654,2,,,,1,5,5,12.6349287033,0.177777782083,0,88.4289703369,125.760498047,7.78322410583,0
2655,1,8,45,1,1,1,,,,,,,6.90775632858,0
2655,2,,,,1,1,1,13.3176012039,0.177777782083,0,85.0464782715,120.684104919,7.82404613495,0
2656,1,8,45,0.0888888910413,11.25,2,,,,,,,7.60090255737,0
2656,2,,,,11.25,2,2,13.3006772995,0.177777782083,0,91.3662490845,121.798042297,8.3428401947,0
2657,1,8,45,0.0888888910413,11.25,2,,,,,,,9.47270488739,0
2657,2,,,,11.25,2,2,12.1899433136,0.177777782083,781.316589355,132.678695679,150.966827393,8.59415435791,0
2658,1,8,45,1,1,4,,,,,,,6.90775632858,9.61580562592
2658,2,,,,1,4,4,13.8880176544,0.177777782083,1013.03094482,145.852096558,150.217529297,7.00306606293,0
2659,1,8,45,1,1,2,,,,,,,8.294049263,9.39266204834
2659,2,,,,1,2,2,13.7829875946,0.177777782083,0,99.3043899536,154.957382202,7.60090255737,0
2660,1,8,45,1,1,2,,,,,,,6.90775632858,0
2660,2,,,,1,2,2,11.5824518204,0.177777782083,0,73.9164352417,99.4569015503,8.13153076172,0
2661,1,8,70,0.0571428574622,17.5,2,,,,,,,7.78322410583,8.294049263
2661,2,,,,17.5,2,2,15.2317991257,0.114285714924,1189.88208008,111.262428284,138.510116577,8.0955991745,0
2662,1,8,70,1,1,1,,,,,,,7.60090255737,7.93737459183
2662,2,,,,1,1,1,18.2687072754,0.114285714924,971.324707031,146.911132812,139.839141846,8.03915786743,0
2663,1,8,70,1,1,1,,,,,,,6.90775632858,0
2663,2,,,,1,1,1,12.4106445312,0.114285714924,0,75.9663238525,104.150299072,7.60090255737,0
2664,1,8,70,1,1,3,,,,,,,0,0
2664,2,,,,1,3,3,14.8080215454,0.114285714924,609.017578125,122.413269043,135.177886963,7.69621276855,8.69951438904
2665,1,8,70,1,1,2,,,,,,,7.09007740021,8.294049263
2665,2,,,,1,2,2,17.2156848907,0.114285714924,0,109.596382141,139.826370239,5.29834222794,8.47637081146
2666,1,8,70,1,1,4,,,,,,,7.60090255737,6.90775632858
2666,2,,,,1,4,4,13.8846635818,0.114285714924,1073.72912598,94.6875305176,131.697433472,9.14846515656,7.2442278862
2667,1,8,70,0.0571428574622,17.5,4,,,,,,,8.294049263,0
2667,2,,,,17.5,4,4,13.9027853012,0.114285714924,513.223571777,117.452659607,133.949279785,9.30565071106,8.38935947418
2668,1,8,70,1,1,6,,,,,,,9.23014259338,8.00636768341
2668,2,,,,1,6,6,17.0788784027,0.114285714924,1384.24108887,184.974105835,162.423904419,9.60238265991,8.294049263
2669,1,8,70,1,1,6,,,,,,,6.55108261108,0
2669,2,,,,1,6,6,12.972237587,0.114285714924,716.671203613,78.4144363403,111.648880005,8.97461795807,0
2670,1,8,70,1,1,6,,,,,,,0,0
2670,2,,,,1,6,6,14.778837204,0.114285714924,0,102.390068054,107.632644653,5.29834222794,8.18868923187
2671,1,8,70,0.0571428574622,17.5,4,,,,,,,8.00636768341,7.60090255737
2671,2,,,,17.5,4,4,16.716085434,0.114285714924,870.112182617,134.996948242,147.808059692,8.9871969223,8.69951438904
2672,1,8,70,0.0571428574622,17.5,2,,,,,,,6.90775632858,0
2672,2,,,,17.5,2,2,13.6133947372,0.114285714924,439.132415771,86.8251266479,122.731163025,8.73230457306,0
2673,1,10,47,0.0851063802838,11.75,2,,,,,,,7.09007740021,0
2673,2,,,,11.75,2,2,13.2922744751,0.212765961885,0,96.5879745483,124.030830383,8.90923500061,0
2674,1,10,47,0.800000011921,1.25,6,,,,,,,9.0118894577,0
2674,2,,,,1.25,6,6,9.66776561737,0.212765961885,570.558044434,97.0404510498,143.52444458,7.78322410583,0
2675,1,10,47,0.800000011921,1.25,2,,,,,,,8.18311786652,0
2675,2,,,,1.25,2,2,12.2239122391,0.212765961885,609.017578125,83.9188232422,118.685668945,8.21608829498,0
2676,1,10,47,0.800000011921,1.25,1,,,,,,,4.60527038574,0
2677,1,10,47,0.800000011921,1.25,5,,,,,,,6.90775632858,8.69951438904
2677,2,,,,1.25,5,5,14.0024881363,0.212765961885,1050.58520508,134.913223267,143.825088501,8.5131855011,0
2678,1,10,47,0.800000011921,1.25,1,,,,,,,7.93737459183,0
2678,2,,,,1.25,1,1,10.1105012894,0.212765961885,910.632629395,74.6134490967,125.796806335,7.60090255737,0
2679,1,10,47,0.800000011921,1.25,1,,,,,,,8.21608829498,0
2679,2,,,,1.25,1,1,13.3335962296,0.212765961885,920.921508789,82.4818191528,133.134414673,8.76405334473,0
2680,1,10,47,0.800000011921,1.25,3,,,,,,,7.09007740021,0
2680,2,,,,1.25,3,3,11.8995475769,0.212765961885,889.11315918,75.649848938,104.764122009,8.294049263,0
2681,1,10,47,0.800000011921,1.25,2,,,,,,,9.60238265991,9.25913047791
2681,2,,,,1.25,2,2,13.9923171997,0.212765961885,1062.32958984,137.353515625,161.980438232,8.85366535187,0
2682,1,10,47,0.0851063802838,11.75,3,,,,,,,8.294049263,0
2682,2,,,,11.75,3,3,11.6253604889,0.212765961885,1277.74035645,89.2048721313,124.463096619,8.47637081146,0
2683,1,10,47,0.0851063802838,11.75,1,,,,,,,6.68461322784,8.96699428558
2683,2,,,,11.75,1,1,13.1956138611,0.212765961885,0,113.581871033,139.165969849,7.09007740021,11.9829292297
2684,1,10,47,0.0851063802838,11.75,5,,,,,,,10.5713167191,10.0604915619
2684,2,,,,11.75,5,5,14.7039365768,0.212765961885,770.973754883,178.726806641,170.869094849,0,6.39693260193
2685,1,11,130,0.0307692307979,32.5,5,,,,,,,9.32366943359,8.64822101593
2685,2,,,,32.5,5,5,14.2025384903,0.0846153870225,781.316589355,146.095443726,156.700119019,7.78322410583,9.32366943359
2686,1,11,130,0.0307692307979,32.5,5,,,,,,,7.37775945663,9.96175670624
2686,2,,,,32.5,5,5,14.6135578156,0.0846153870225,1189.88208008,159.469924927,161.701522827,9.31470012665,9.31470012665
2687,1,11,130,0.0307692307979,32.5,3,,,,,,,0,7.60090255737
2687,2,,,,32.5,3,3,13.3487014771,0.0846153870225,0,118.381011963,117.577575684,0,0
2688,1,11,130,0.636363625526,1.57142865658,5,,,,,,,8.53699588776,0
2689,1,11,130,0.0307692307979,32.5,2,,,,,,,9.56099700928,0
2690,1,11,130,0.636363625526,1.57142865658,5,,,,,,,8.294049263,0
2690,2,,,,1.57142865658,5,5,12.4450893402,0.0846153870225,917.524841309,100.939041138,120.574806213,8.47637081146,9.19013786316
2691,1,11,130,0.636363625526,1.57142865658,1,,,,,,,8.21608829498,8.69951438904
2691,2,,,,1.57142865658,1,1,-10.2255706787,0.0846153870225,0,127.141853333,151.083251953,8.93590354919,9.90348720551
2692,1,11,130,0.636363625526,1.57142865658,4,,,,,,,8.73230457306,8.79482460022
2692,2,,,,1.57142865658,4,4,14.261349678,0.0846153870225,0,116.566818237,157.220184326,9.89343738556,8.85366535187
2693,1,11,130,0.636363625526,1.57142865658,5,,,,,,,7.60090255737,8.9871969223
2694,1,11,130,0.636363625526,1.57142865658,1,,,,,,,8.00636768341,7.31322097778
2694,2,,,,1.57142865658,1,1,14.0184516907,0.0846153870225,828.640380859,123.447944641,139.634078979,9.49551963806,11.4075651169
2695,1,11,130,0.636363625526,1.57142865658,3,,,,,,,8.76405334473,0
2695,2,,,,1.57142865658,3,3,13.2969884872,0.0846153870225,0,98.4214935303,140.179336548,8.96187877655,8.76405334473
2696,1,14,74,0.571428596973,1.74999988079,4,,,,,,,7.60090255737,0
2696,2,,,,1.74999988079,4,4,-8.84505748749,0.189189195633,940.652526855,90.7262420654,134.008529663,8.68270778656,0
2697,1,14,74,0.571428596973,1.74999988079,7,,,,,,,8.51719284058,8.00636768341
2697,2,,,,1.74999988079,7,7,15.1775484085,0.189189195633,1599.66174316,158.878952026,146.963348389,10.7493562698,8.294049263
2698,1,14,74,0.571428596973,1.74999988079,4,,,,,,,0,0
2698,2,,,,1.74999988079,4,4,14.0331993103,0.189189195633,971.324707031,94.8904495239,128.762359619,8.43381118774,0
2699,1,14,74,0.571428596973,1.74999988079,7,,,,,,,0,9.44145202637
2699,2,,,,1.74999988079,7,7,12.9338140488,0.189189195633,0,122.29434967,142.29107666,9.45720005035,0
2700,1,14,74,0.571428596973,1.74999988079,2,,,,,,,5.99147081375,0
2700,2,,,,1.74999988079,2,2,9.4382724762,0.189189195633,471.496643066,74.1866989136,122.9921875,7.47306919098,0
2701,1,14,74,0.571428596973,1.74999988079,3,,,,,,,8.41183280945,8.00636768341
2701,2,,,,1.74999988079,3,3,13.2797088623,0.189189195633,0,126.841697693,138.016418457,8.294049263,0
2702,1,14,74,0.0540540553629,18.5,1,,,,,,,7.2442278862,0
2702,2,,,,18.5,1,1,-10.2255706787,0.189189195633,0,87.7461624146,133.757339478,6.68461322784,9.21034049988
2703,1,14,74,0.0540540553629,18.5,8,,,,,,,7.2442278862,0
2703,2,,,,18.5,8,8,14.435549736,0.189189195633,0,103.351013184,137.084030151,6.39693260193,0
2704,1,14,74,0.0540540553629,18.5,2,,,,,,,6.39693260193,7.64969301224
2704,2,,,,18.5,2,2,-10.2255706787,0.189189195633,0,87.5984268188,125.64931488,6.68461322784,0
2705,1,14,74,0.571428596973,1.74999988079,8,,,,,,,8.9871969223,7.78322410583
2705,2,,,,1.74999988079,8,8,14.3161649704,0.189189195633,0,135.129745483,153.721817017,9.14846515656,0
2706,1,14,74,0.0540540553629,18.5,2,,,,,,,0,0
2706,2,,,,18.5,2,2,13.993639946,0.189189195633,626.434020996,84.6555633545,113.010482788,6.90775632858,0
2707,1,14,74,0.571428596973,1.74999988079,4,,,,,,,4.60527038574,0
2707,2,,,,1.74999988079,4,4,13.0664281845,0.189189195633,0,97.1623535156,106.854789734,5.99147081375,0
2708,1,13,67,0.615384638309,1.62499988079,6,,,,,,,7.49554204941,9.19013786316
2708,2,,,,1.62499988079,6,6,12.3484401703,0.194029852748,0,116.374191284,138.431869507,8.16051864624,0
2709,1,13,67,0.0597014911473,16.75,4,,,,,,,8.38935947418,8.294049263
2709,2,,,,16.75,4,4,12.893201828,0.194029852748,815.13873291,131.912261963,122.807373047,8.93590354919,7.78322410583
2710,1,13,67,0.615384638309,1.62499988079,2,,,,,,,0,6.68461322784
2710,2,,,,1.62499988079,2,2,13.8233795166,0.194029852748,570.558044434,118.4506073,121.569335938,9.08250713348,0
2711,1,13,67,0.615384638309,1.62499988079,3,,,,,,,6.39693260193,0
2711,2,,,,1.62499988079,3,3,14.5380220413,0.194029852748,1176.18334961,83.6399536133,132.958129883,9.10497951508,0
2712,1,13,67,0.615384638309,1.62499988079,8,,,,,,,8.76405334473,0
2712,2,,,,1.62499988079,8,8,14.9247989655,0.194029852748,1135.97009277,151.315689087,153.462280273,8.69951438904,0
2713,1,13,67,0.615384638309,1.62499988079,5,,,,,,,8.61250305176,8.69951438904
2713,2,,,,1.62499988079,5,5,13.7198801041,0.194029852748,1355.33642578,115.385665894,149.813171387,8.64822101593,8.294049263
2714,1,13,67,0.0597014911473,16.75,4,,,,,,,8.82467746735,9.62377357483
2714,2,,,,16.75,4,4,13.8887605667,0.194029852748,737.779846191,151.842788696,153.985397339,0,9.95227813721
2715,1,13,67,0.615384638309,1.62499988079,6,,,,,,,9.23989963531,9.43348407745
2715,2,,,,1.62499988079,6,6,14.0481290817,0.194029852748,439.132415771,156.077926636,155.546554565,8.00636768341,9.08250713348
2716,1,13,67,0.0597014911473,16.75,3,,,,,,,8.63052177429,9.91442775726
2716,2,,,,16.75,3,3,14.8835945129,0.194029852748,1015.65325928,163.212753296,167.591445923,8.13153076172,0
2717,1,13,67,0.615384638309,1.62499988079,1,,,,,,,0,0
2717,2,,,,1.62499988079,1,1,13.1655378342,0.194029852748,486.193389893,70.1450424194,103.864570618,6.39693260193,0
2718,1,13,67,0.615384638309,1.62499988079,5,,,,,,,0,0
2718,2,,,,1.62499988079,5,5,13.2438726425,0.194029852748,0,85.5403518677,106.061981201,7.09007740021,8.294049263
2719,1,13,67,0.0597014911473,16.75,4,,,,,,,8.96187877655,8.59415435791
2719,2,,,,16.75,4,4,13.6541671753,0.194029852748,1073.72912598,118.435493469,150.888122559,8.53699588776,0
2720,1,7,92,0.714285731316,1.39999997616,1,,,,,,,7.60090255737,0
2720,2,,,,1.39999997616,1,1,13.5965080261,0.0760869532824,0,79.2819824219,123.591072083,5.99147081375,0
2721,1,7,92,0.0652173906565,15.3333330154,2,,,,,,,6.90775632858,0
2721,2,,,,15.3333330154,2,2,13.8921012878,0.0760869532824,0,98.3091888428,121.805236816,8.13153076172,0
2722,1,7,92,0.714285731316,1.39999997616,4,,,,,,,7.37775945663,0
2722,2,,,,1.39999997616,4,4,11.8899908066,0.0760869532824,0,77.9322662354,108.944076538,7.60090255737,0
2723,1,7,92,0.0652173906565,15.3333330154,2,,,,,,,6.90775632858,0
2723,2,,,,15.3333330154,2,2,15.6427659988,0.0760869532824,0,77.349609375,103.950920105,9.34136867523,0
2724,1,7,92,0.0652173906565,15.3333330154,5,,,,,,,9.53242397308,8.00636768341
2724,2,,,,15.3333330154,5,5,14.3630533218,0.0760869532824,439.132415771,130.738052368,161.01763916,9.48797225952,0
2725,1,7,92,0.0652173906565,15.3333330154,1,,,,,,,8.55641365051,8.294049263
2725,2,,,,15.3333330154,1,1,19.138671875,0.0760869532824,0,132.018890381,153.312652588,8.8818359375,0
2726,1,7,92,0.714285731316,1.39999997616,4,,,,,,,7.60090255737,7.60090255737
2726,2,,,,1.39999997616,4,4,12.0447292328,0.0760869532824,0,104.002532959,124.527770996,8.10167789459,0
2727,1,7,92,0.0652173906565,15.3333330154,3,,,,,,,7.37775945663,0
2727,2,,,,15.3333330154,3,3,12.144197464,0.0760869532824,0,108.641563416,125.52809906,8.79482460022,5.29834222794
2728,1,7,92,0.714285731316,1.39999997616,2,,,,,,,7.86326694489,8.79482460022
2728,2,,,,1.39999997616,2,2,10.5966348648,0.0760869532824,0,113.112449646,144.752716064,5.29834222794,0
2729,1,7,92,0.0652173906565,15.3333330154,3,,,,,,,8.24275684357,0
2729,2,,,,15.3333330154,3,3,14.8733005524,0.0760869532824,0,152.60383606,115.901229858,7.60090255737,0
2730,1,7,92,0.714285731316,1.39999997616,3,,,,,,,8.85366535187,0
2730,2,,,,1.39999997616,3,3,12.0702533722,0.0760869532824,0,134.773681641,129.951004028,8.294049263,0
2731,1,16,47,0.5,2,1,,,,,,,8.00636768341,0
2731,2,,,,2,1,1,10.3734912872,0.340425521135,1331.76245117,90.5904541016,133.248001099,8.51719284058,0
2732,1,16,47,0.0851063802838,11.75,3,,,,,,,8.3428401947,0
2732,2,,,,11.75,3,3,10.6358556747,0.340425521135,971.324707031,97.7334289551,137.58934021,8.03915786743,0
2733,1,16,47,0.0851063802838,11.75,3,,,,,,,6.90775632858,8.90381526947
2733,2,,,,11.75,3,3,14.4516639709,0.340425521135,0,147.367324829,144.425415039,6.90775632858,0
2734,1,16,47,0.5,2,4,,,,,,,7.21524047852,0
2734,2,,,,2,4,4,13.294298172,0.340425521135,0,99.5723724365,124.22567749,8.43381118774,0
2735,1,16,47,0.5,2,2,,,,,,,8.00636768341,0
2735,2,,,,2,2,2,12.7475242615,0.340425521135,570.558044434,126.243133545,138.013000488,5.29834222794,7.60090255737
2736,1,16,47,0.5,2,7,,,,,,,9.16951847076,9.04782104492
2737,1,16,47,0.5,2,2,,,,,,,7.60090255737,0
2737,2,,,,2,2,2,14.5603961945,0.340425521135,0,140.598632812,118.22253418,9.20028972626,9.39266204834
2738,1,16,47,0.0851063802838,11.75,4,,,,,,,8.3428401947,5.99147081375
2738,2,,,,11.75,4,4,14.3602733612,0.340425521135,0,147.336608887,141.74899292,9.61580562592,9.21034049988
2739,1,16,47,0.5,2,3,,,,,,,9.08250713348,0
2739,2,,,,2,3,3,14.2118005753,0.340425521135,0,139.382095337,151.185928345,7.37775945663,6.68461322784
2740,1,16,47,0.5,2,2,,,,,,,4.60527038574,8.294049263
2740,2,,,,2,2,2,13.7811880112,0.340425521135,0,104.772399902,138.624893188,8.00636768341,8.41183280945
2741,1,16,47,0.0851063802838,11.75,1,,,,,,,8.0709066391,0
2741,2,,,,11.75,1,1,19.0143413544,0.340425521135,0,168.367370605,128.689926147,5.99147081375,7.60090255737
2742,1,16,47,0.5,2,5,,,,,,,8.51719284058,0
2742,2,,,,2,5,5,-9.78695392609,0.340425521135,971.324707031,96.6649856567,139.383361816,8.8818359375,0
2743,1,10,56,0.800000011921,1.25,4,,,,,,,8.66561317444,0
2743,2,,,,1.25,4,4,12.0317192078,0.178571432829,626.434020996,86.2459564209,121.924728394,8.00636768341,8.41183280945
2744,1,10,56,0.800000011921,1.25,2,,,,,,,7.93737459183,0
2744,2,,,,1.25,2,2,12.2346601486,0.178571432829,0,96.1445007324,115.096961975,8.69951438904,8.69951438904
2745,1,10,56,0.800000011921,1.25,1,,,,,,,6.68461322784,0
2745,2,,,,1.25,1,1,13.3129835129,0.178571432829,356.412506104,67.1473693848,114.782073975,8.05197811127,0
2746,1,10,56,0.0714285746217,13.9999990463,0,,,,,,,7.09007740021,11.918390274
2746,2,,,,13.9999990463,0,0,13.4812955856,0.178571432829,0,110.793037415,180.335418701,8.19973945618,0
2747,1,10,56,0.0714285746217,13.9999990463,3,,,,,,,0,0
2747,2,,,,13.9999990463,3,3,14.1178350449,0.178571432829,907.135803223,61.693649292,74.1653060913,9.42545223236,14.6909790039
2748,1,10,56,0.0714285746217,13.9999990463,0,,,,,,,6.90775632858,7.60090255737
2748,2,,,,13.9999990463,0,0,13.327750206,0.178571432829,0,93.8394393921,126.067123413,7.64969301224,0
2749,1,10,56,0.800000011921,1.25,2,,,,,,,8.8818359375,0
2749,2,,,,1.25,2,2,11.6977443695,0.178571432829,828.640380859,130.182998657,145.850372314,7.86326694489,9.07107830048
2750,1,10,56,0.800000011921,1.25,7,,,,,,,8.18868923187,7.49554204941
2750,2,,,,1.25,7,7,14.1426534653,0.178571432829,1731.29467773,119.797866821,142.316665649,7.09007740021,8.294049263
2751,1,10,56,0.800000011921,1.25,0,,,,,,,7.60090255737,0
2751,2,,,,1.25,0,0,11.665646553,0.178571432829,368.620361328,70.5932846069,106.075050354,8.9871969223,0
2752,1,10,56,0.800000011921,1.25,1,,,,,,,6.90775632858,0
2752,2,,,,1.25,1,1,13.3212146759,0.178571432829,0,77.1530075073,111.450439453,9.61580562592,8.294049263
2753,1,10,56,0.800000011921,1.25,1,,,,,,,5.99147081375,8.294049263
2753,2,,,,1.25,1,1,13.306016922,0.178571432829,0,93.3311462402,131.301177979,8.41183280945,0
2754,1,10,56,0.0714285746217,13.9999990463,1,,,,,,,6.68461322784,0
2754,2,,,,13.9999990463,1,1,10.6689558029,0.178571432829,0,91.6787109375,118.160560608,9.51782512665,0
2755,1,13,81,0.615384638309,1.62499988079,5,,,,,,,6.55108261108,7.60090255737
2755,2,,,,1.62499988079,5,5,13.9454860687,0.160493820906,0,124.791358948,133.526138306,7.43838405609,8.57168102264
2756,1,13,81,0.615384638309,1.62499988079,2,,,,,,,5.99147081375,7.09007740021
2756,2,,,,1.62499988079,2,2,11.4446468353,0.160493820906,570.558044434,96.7235336304,129.845184326,8.31874275208,0
2757,1,13,81,0.0493827164173,20.25,4,,,,,,,7.49554204941,9.90348720551
2757,2,,,,20.25,4,4,15.2936506271,0.160493820906,658.39276123,178.062347412,174.713088989,8.26873207092,0
2758,1,13,81,0.0493827164173,20.25,5,,,,,,,8.55641365051,8.82467746735
2759,1,13,81,0.615384638309,1.62499988079,1,,,,,,,8.00636768341,0
2759,2,,,,1.62499988079,1,1,12.2908735275,0.160493820906,0,107.181297302,142.51411438,8.51719284058,8.294049263
2760,1,13,81,0.615384638309,1.62499988079,4,,,,,,,8.55641365051,10.085808754
2760,2,,,,1.62499988079,4,4,14.2172355652,0.160493820906,0,147.502105713,164.882080078,7.93737459183,7.78322410583
2761,1,13,81,0.615384638309,1.62499988079,4,,,,,,,5.29834222794,9.64212322235
2761,2,,,,1.62499988079,4,4,13.874628067,0.160493820906,740.682373047,149.477096558,145.360137939,8.24275684357,9.47270488739
2762,1,13,81,0.615384638309,1.62499988079,3,,,,,,,7.49554204941,9.10497951508
2762,2,,,,1.62499988079,3,3,14.3561477661,0.160493820906,0,122.602233887,157.540420532,7.78322410583,0
2763,1,13,81,0.615384638309,1.62499988079,6,,,,,,,8.69951438904,8.00636768341
2763,2,,,,1.62499988079,6,6,13.703125,0.160493820906,1390.65698242,111.675491333,147.33644104,7.69621276855,9.39266204834
2764,1,13,81,0.615384638309,1.62499988079,6,,,,,,,9.42545223236,9.26860904694
2764,2,,,,1.62499988079,6,6,13.1366605759,0.160493820906,0,143.622894287,146.468856812,8.00636768341,8.69951438904
2765,1,13,81,0.0493827164173,20.25,1,,,,,,,6.90775632858,0
2765,2,,,,20.25,1,1,13.864109993,0.160493820906,0,92.1229324341,118.591194153,8.294049263,8.85366535187
2766,1,13,81,0.0493827164173,20.25,8,,,,,,,9.10497951508,8.69951438904
2766,2,,,,20.25,8,8,15.958313942,0.160493820906,1444.68676758,143.092178345,152.922607422,9.48797225952,8.66561317444
2767,1,6,39,1,1,2,,,,,,,6.39693260193,0
2767,2,,,,1,2,2,10.8855657578,0.153846159577,0,92.6101913452,111.043869019,7.35244131088,0
2768,1,6,39,0.102564103901,9.75,2,,,,,,,9.21034049988,5.99147081375
2768,2,,,,9.75,2,2,13.6726789474,0.153846159577,725.893249512,134.524002075,143.888778687,7.60090255737,9.61580562592
2769,1,6,39,1,1,3,,,,,,,0,9.21034049988
2769,2,,,,1,3,3,11.150519371,0.153846159577,0,116.344787598,140.185745239,9.47270488739,9.51044464111
2770,1,6,39,0.102564103901,9.75,2,,,,,,,7.37775945663,0
2770,2,,,,9.75,2,2,10.49127388,0.153846159577,725.893249512,91.3037643433,122.923622131,8.00636768341,0
2771,1,6,39,1,1,3,,,,,,,6.39693260193,0
2771,2,,,,1,3,3,13.9517879486,0.153846159577,658.39276123,71.3305969238,124.709953308,8.97461795807,6.80239582062
2772,1,6,39,1,1,4,,,,,,,8.24275684357,7.60090255737
2772,2,,,,1,4,4,12.150560379,0.153846159577,0,123.623062134,142.573776245,8.44246959686,8.69951438904
2773,1,6,39,0.102564103901,9.75,6,,,,,,,8.82467746735,8.9871969223
2773,2,,,,9.75,6,6,12.724568367,0.153846159577,669.532714844,144.299133301,156.45652771,9.56801509857,9.61580562592
2774,1,6,39,1,1,5,,,,,,,7.2442278862,0
2774,2,,,,1,5,5,9.58877658844,0.153846159577,570.558044434,79.8419189453,120.986160278,8.24275684357,0
2775,1,6,39,1,1,3,,,,,,,7.09007740021,0
2775,2,,,,1,3,3,13.4874229431,0.153846159577,0,81.5186080933,121.104187012,6.39693260193,8.94637489319
2776,1,6,39,0.102564103901,9.75,6,,,,,,,9.10497951508,7.93737459183
2776,2,,,,9.75,6,6,14.6777248383,0.153846159577,907.135803223,138.683273315,158.333236694,7.2442278862,0
2777,1,9,70,0.888888895512,1.125,2,,,,,,,6.90775632858,0
2777,2,,,,1.125,2,2,-10.0345153809,0.128571435809,0,66.956741333,114.456214905,7.82404613495,9.28730106354
2778,1,9,70,0.888888895512,1.125,4,,,,,,,6.55108261108,0
2778,2,,,,1.125,4,4,8.55641365051,0.128571435809,0,74.5276184082,112.354095459,9.02401065826,8.294049263
2779,1,9,70,0.888888895512,1.125,3,,,,,,,8.43381118774,9.21034049988
2779,2,,,,1.125,3,3,12.9631328583,0.128571435809,0,106.433700562,143.385284424,8.99218463898,8.00636768341
2780,1,9,70,0.888888895512,1.125,2,,,,,,,8.69951438904,0
2780,2,,,,1.125,2,2,16.2384700775,0.128571435809,0,134.934066772,140.965866089,8.24275684357,10.3545627594
2781,1,9,70,0.0571428574622,17.5,5,,,,,,,6.63332033157,0
2781,2,,,,17.5,5,5,12.9336214066,0.128571435809,0,81.5082702637,110.991851807,7.49554204941,0
2782,1,9,70,0.888888895512,1.125,4,,,,,,,7.5496096611,8.66561317444
2782,2,,,,1.125,4,4,13.6480379105,0.128571435809,1293.86706543,138.045089722,138.573516846,8.3428401947,9.98044872284
2783,1,9,70,0.888888895512,1.125,4,,,,,,,5.99147081375,8.49699020386
2783,2,,,,1.125,4,4,13.4542541504,0.128571435809,1189.88208008,110.686332703,136.944046021,8.53699588776,0
2784,1,9,70,0.0571428574622,17.5,1,,,,,,,0,0
2784,2,,,,17.5,1,1,10.7705879211,0.128571435809,0,56.3524017334,73.0440673828,0,7.60090255737
2785,1,9,70,0.888888895512,1.125,2,,,,,,,9.54681301117,0
2785,2,,,,1.125,2,2,15.014872551,0.128571435809,0,165.720626831,152.452590942,8.9871969223,0
2786,1,9,70,0.0571428574622,17.5,1,,,,,,,7.69621276855,0
2786,2,,,,17.5,1,1,13.3448667526,0.128571435809,658.39276123,118.907020569,112.332229614,8.24275684357,7.37775945663
2787,1,9,70,0.888888895512,1.125,2,,,,,,,8.0709066391,0
2787,2,,,,1.125,2,2,12.9456262589,0.128571435809,0,86.8608856201,123.057678223,8.73230457306,0
2788,1,9,70,0.0571428574622,17.5,3,,,,,,,8.294049263,7.49554204941
2788,2,,,,17.5,3,3,15.3232917786,0.128571435809,1116.28430176,152.079025269,145.863388062,8.38935947418,8.9871969223
