case,n,blocks,weight_shape,effect_thousandths,reporting,repetitions,method,true_effect,mean_actual_regret,mc_standard_error,p95_actual_regret,mean_certified_loss_upper,certificates_at_most_005,certificates_at_most_010,joint_mean_interval_coverage_count,empty_region_fallback_count,maximum_rational_policy_rounding_bound,mean_probability_arm_1
0,8,8,equal,-160,complete,256,quota,-0.16,0.050993904374999996,0.0004915025796156583,0.06370944,0.15592355050198595,0,0,256,0,2.488473489151185e-07,0.31871190234375
0,8,8,equal,-160,complete,256,harmonic_martingale,-0.16,0.0525646575,0.00047268110577973385,0.06472688,0.16316948439638249,0,0,256,0,2.590382986848184e-07,0.328529109375
0,8,8,equal,-160,complete,256,weight_sensitive_product,-0.16,0.066922134375,0.0002162970416951013,0.07225008,0.24224974320757042,0,0,256,0,2.9234375e-07,0.41826333984374997
0,8,8,equal,-160,complete,256,weight_sensitive_hybrid,-0.16,0.0525646575,0.00047268110577973385,0.06472688,0.16316948439638249,0,0,256,0,2.590382986848184e-07,0.328529109375
0,8,8,equal,-160,complete,256,empirical_bernstein_fixed_forecast,-0.16,0.049955849375,0.0004794280552598519,0.062384640000000005,0.145606750184684,0,0,256,0,2.54475508143815e-07,0.31222405859375
1,8,8,equal,-160,coarse_interval,256,quota,-0.16,0.06109439312499999,0.0002825133928850497,0.06868752,0.24843500780174343,0,0,256,0,3.426501467147895e-07,0.38183995703124995
1,8,8,equal,-160,coarse_interval,256,harmonic_martingale,-0.16,0.061355685625,0.0002771442376917807,0.06883776,0.2522375724466176,0,0,256,0,3.457625003386618e-07,0.38347303515625003
1,8,8,equal,-160,coarse_interval,256,weight_sensitive_product,-0.16,0.06891603062500001,0.00016396824830797196,0.07333328,0.29391997438964845,0,0,256,0,3.703125e-07,0.43072519140625
1,8,8,equal,-160,coarse_interval,256,weight_sensitive_hybrid,-0.16,0.061355685625,0.0002771442376917807,0.06883776,0.2522375724466176,0,0,256,0,3.457625003386618e-07,0.38347303515625003
1,8,8,equal,-160,coarse_interval,256,empirical_bernstein_fixed_forecast,-0.16,0.061088069375,0.0002966487552307433,0.0685972,0.23912751010833794,0,0,256,0,3.3505558330215105e-07,0.38180043359375004
2,8,8,equal,-160,assignment_dependent,256,quota,-0.16,0.08598195312500001,9.991844018709705e-05,0.08877632,0.40608702724605006,0,0,256,0,4.541796875e-07,0.53738720703125
2,8,8,equal,-160,assignment_dependent,256,harmonic_martingale,-0.16,0.08569837187500001,9.255047920150057e-05,0.0883698,0.40763327643549147,0,0,256,0,4.541796875e-07,0.53561482421875
2,8,8,equal,-160,assignment_dependent,256,weight_sensitive_product,-0.16,0.08496358437500001,4.768498346916302e-05,0.0862108,0.411618089776001,0,0,256,0,4.541796875e-07,0.53102240234375
2,8,8,equal,-160,assignment_dependent,256,weight_sensitive_hybrid,-0.16,0.08569837187500001,9.255047920150057e-05,0.0883698,0.40763327643549147,0,0,256,0,4.541796875e-07,0.53561482421875
2,8,8,equal,-160,assignment_dependent,256,empirical_bernstein_fixed_forecast,-0.16,0.085299595,7.985780077738179e-05,0.08765824,0.4098056400087487,0,0,256,0,4.541796875e-07,0.53312246875
3,8,8,equal,0,complete,256,quota,0.0,0.0,0.0,0.0,0.19422953266693965,0,0,256,0,2.0762308743148444e-07,0.5021420859375
3,8,8,equal,0,complete,256,harmonic_martingale,0.0,0.0,0.0,0.0,0.20135164176729453,0,0,256,0,2.3226542861560728e-07,0.5020143046875
3,8,8,equal,0,complete,256,weight_sensitive_product,0.0,0.0,0.0,0.0,0.2496525395135498,0,0,256,0,2.7390625e-07,0.5008528046875
3,8,8,equal,0,complete,256,weight_sensitive_hybrid,0.0,0.0,0.0,0.0,0.20135164176729453,0,0,256,0,2.3226542861560728e-07,0.5020143046875
3,8,8,equal,0,complete,256,empirical_bernstein_fixed_forecast,0.0,0.0,0.0,0.0,0.17098893272519017,0,0,256,0,2.070475377553106e-07,0.5024718593749999
4,8,8,equal,0,coarse_interval,256,quota,0.0,0.0,0.0,0.0,0.2839878619968417,0,0,256,0,2.9332876338609885e-07,0.49938293749999996
4,8,8,equal,0,coarse_interval,256,harmonic_martingale,0.0,0.0,0.0,0.0,0.2875727378721228,0,0,256,0,2.417382720017067e-07,0.49940119140624994
4,8,8,equal,0,coarse_interval,256,weight_sensitive_product,0.0,0.0,0.0,0.0,0.29969346944580083,0,0,256,0,3.234375e-07,0.4996136132812499
4,8,8,equal,0,coarse_interval,256,weight_sensitive_hybrid,0.0,0.0,0.0,0.0,0.2875727378721228,0,0,256,0,2.417382720017067e-07,0.49940119140624994
4,8,8,equal,0,coarse_interval,256,empirical_bernstein_fixed_forecast,0.0,0.0,0.0,0.0,0.27109695539236545,0,0,256,0,2.860029169934348e-07,0.49919185546875
5,8,8,equal,0,assignment_dependent,256,quota,0.0,0.0,0.0,0.0,0.3679390906226174,0,0,256,0,4.2543841019417477e-07,0.55075231640625
5,8,8,equal,0,assignment_dependent,256,harmonic_martingale,0.0,0.0,0.0,0.0,0.3694411578196545,0,0,256,0,4.2543841019417477e-07,0.5488868124999999
5,8,8,equal,0,assignment_dependent,256,weight_sensitive_product,0.0,0.0,0.0,0.0,0.37301707502136233,0,0,256,0,4.2543841019417477e-07,0.544388359375
5,8,8,equal,0,assignment_dependent,256,weight_sensitive_hybrid,0.0,0.0,0.0,0.0,0.3694411578196545,0,0,256,0,4.2543841019417477e-07,0.5488868124999999
5,8,8,equal,0,assignment_dependent,256,empirical_bernstein_fixed_forecast,0.0,0.0,0.0,0.0,0.37145406365919464,0,0,256,0,4.2543841019417477e-07,0.5463801640625
6,8,8,equal,40,complete,256,quota,0.04,0.01783556609375,0.00012911637674725725,0.02118377,0.1916167604979702,0,0,256,0,2.3689765235395264e-07,0.55411084765625
6,8,8,equal,40,complete,256,harmonic_martingale,0.04,0.017916933906249998,0.00012389206071174776,0.021142189999999998,0.1988691267873952,0,0,256,0,2.4581024857615975e-07,0.55207665234375
6,8,8,equal,40,complete,256,weight_sensitive_product,0.04,0.0191509703125,5.06975007382273e-05,0.02046407,0.2491399680114746,0,0,256,0,2.8390625e-07,0.5212257421875001
6,8,8,equal,40,complete,256,weight_sensitive_hybrid,0.04,0.017916933906249998,0.00012389206071174776,0.021142189999999998,0.1988691267873952,0,0,256,0,2.4581024857615975e-07,0.55207665234375
6,8,8,equal,40,complete,256,empirical_bernstein_fixed_forecast,0.04,0.01754159171875,0.0001468837298355159,0.02135473,0.16701277346618265,0,0,256,0,2.3695471246310548e-07,0.56146020703125
7,8,8,equal,40,coarse_interval,256,quota,0.04,0.019128075156249997,5.9980477621613e-05,0.0206496,0.2873543260430125,0,0,256,0,2.9432711939850756e-07,0.52179812109375
7,8,8,equal,40,coarse_interval,256,harmonic_martingale,0.04,0.01917807109375,5.555605212312664e-05,0.02064168,0.2911153864712904,0,0,256,0,3.1003329143992705e-07,0.5205482226562499
7,8,8,equal,40,coarse_interval,256,weight_sensitive_product,0.04,0.01945637609375,3.6895575841228554e-05,0.02041668,0.29951816896972655,0,0,256,0,3.234375e-07,0.5135905976562499
7,8,8,equal,40,coarse_interval,256,weight_sensitive_hybrid,0.04,0.01917807109375,5.555605212312664e-05,0.02064168,0.2911153864712904,0,0,256,0,3.1003329143992705e-07,0.5205482226562499
7,8,8,equal,40,coarse_interval,256,empirical_bernstein_fixed_forecast,0.04,0.018854134999999998,7.801029091490076e-05,0.02090848,0.27293172637233665,0,0,256,0,3.1243553632531377e-07,0.5286466249999999
8,8,8,equal,40,assignment_dependent,256,quota,0.04,0.017577150312499998,4.617526808179989e-05,0.01853586,0.3521616450049686,0,0,256,0,4.08515625e-07,0.5605712421875
8,8,8,equal,40,assignment_dependent,256,harmonic_martingale,0.04,0.01765394,4.323963260985568e-05,0.01853586,0.3536714246160823,0,0,256,0,4.08515625e-07,0.5586515
8,8,8,equal,40,assignment_dependent,256,weight_sensitive_product,0.04,0.01789416671875,2.6256622287817813e-05,0.01853586,0.35833661052764887,0,0,256,0,4.08515625e-07,0.5526458320312501
8,8,8,equal,40,assignment_dependent,256,weight_sensitive_hybrid,0.04,0.01765394,4.323963260985568e-05,0.01853586,0.3536714246160823,0,0,256,0,4.08515625e-07,0.5586515
8,8,8,equal,40,assignment_dependent,256,empirical_bernstein_fixed_forecast,0.04,0.01775928375,3.960015917530583e-05,0.01853586,0.3557483504104124,0,0,256,0,4.08515625e-07,0.5560179062499999
9,8,8,equal,160,complete,256,quota,0.16,0.047477736875,0.0004721859134712174,0.06023088,0.16165105526521845,0,0,256,0,2.91484557969743e-07,0.70326414453125
9,8,8,equal,160,complete,256,harmonic_martingale,0.16,0.048770892499999996,0.0004459519512016555,0.06092528,0.16979238407100333,0,0,256,0,2.8390905867747175e-07,0.695181921875
9,8,8,equal,160,complete,256,weight_sensitive_product,0.16,0.067227131875,0.0001874510214247244,0.07224992,0.24327722365905763,0,0,256,0,3.1078125e-07,0.57983042578125
9,8,8,equal,160,complete,256,weight_sensitive_hybrid,0.16,0.048770892499999996,0.0004459519512016555,0.06092528,0.16979238407100333,0,0,256,0,2.8390905867747175e-07,0.695181921875
9,8,8,equal,160,complete,256,empirical_bernstein_fixed_forecast,0.16,0.04346643125000001,0.0005141106249186157,0.05721552,0.13603906348192288,0,7,256,0,2.8058814534344586e-07,0.7283348046875
10,8,8,equal,160,coarse_interval,256,quota,0.16,0.063203321875,0.0003222963368352752,0.0723224,0.26592009159858393,0,0,256,0,3.350092340562496e-07,0.60497923828125
10,8,8,equal,160,coarse_interval,256,harmonic_martingale,0.16,0.064421885,0.0003160171749935157,0.07338888,0.27109493907215165,0,0,256,0,3.304823303621266e-07,0.59736321875
10,8,8,equal,160,coarse_interval,256,weight_sensitive_product,0.16,0.06999347312500001,0.00018662367589121153,0.07541664,0.29489023461914066,0,0,256,0,3.609375e-07,0.56254079296875
10,8,8,equal,160,coarse_interval,256,weight_sensitive_hybrid,0.16,0.064421885,0.0003160171749935157,0.07338888,0.27109493907215165,0,0,256,0,3.304823303621266e-07,0.59736321875
10,8,8,equal,160,coarse_interval,256,empirical_bernstein_fixed_forecast,0.16,0.059222680624999996,0.00036551765794393847,0.0693328,0.2483438959857294,0,0,256,0,3.540892271949752e-07,0.6298582460937501
11,8,8,equal,160,assignment_dependent,256,quota,0.16,0.06274372875,0.0003106054692700759,0.0697082,0.30510063388811565,0,0,256,0,3.9044103626561957e-07,0.6078516953124999
11,8,8,equal,160,assignment_dependent,256,harmonic_martingale,0.16,0.063653530625,0.00029101534949401884,0.0699148,0.30949479933064405,0,0,256,0,3.935314942802329e-07,0.6021654335937499
11,8,8,equal,160,assignment_dependent,256,weight_sensitive_product,0.16,0.066810088125,0.00012981033264463095,0.06992088,0.32463778782928465,0,0,256,0,3.828515625e-07,0.58243694921875
11,8,8,equal,160,assignment_dependent,256,weight_sensitive_hybrid,0.16,0.063653530625,0.00029101534949401884,0.0699148,0.30949479933064405,0,0,256,0,3.935314942802329e-07,0.6021654335937499
11,8,8,equal,160,assignment_dependent,256,empirical_bernstein_fixed_forecast,0.16,0.065092065625,0.00026411318269133505,0.06992088,0.3164419634509234,0,0,256,0,3.869089363479253e-07,0.5931745898437499
12,8,8,concentrated,-160,complete,256,quota,-0.16,0.066851616875,0.00036604950599887514,0.0764118,0.24133011790806902,0,0,256,0,3.12681660899654e-07,0.41782260546875005
12,8,8,concentrated,-160,complete,256,harmonic_martingale,-0.16,0.06701580875,0.00037473849712505244,0.0765382,0.24201581016831342,0,0,256,0,3.12681660899654e-07,0.4188488046875
12,8,8,concentrated,-160,complete,256,weight_sensitive_product,-0.16,0.06692565812500001,0.0003700927952566337,0.07643824,0.24171116314153024,0,0,256,0,3.12681660899654e-07,0.41828536328125
12,8,8,concentrated,-160,complete,256,weight_sensitive_hybrid,-0.16,0.06692565812500001,0.0003700927952566337,0.07643824,0.24171116314153024,0,0,256,0,3.12681660899654e-07,0.41828536328125
12,8,8,concentrated,-160,complete,256,empirical_bernstein_fixed_forecast,-0.16,0.06701580875,0.00037473849712505244,0.0765382,0.24201581016831342,0,0,256,0,3.12681660899654e-07,0.4188488046875
13,8,8,concentrated,-160,coarse_interval,256,quota,-0.16,0.069339919375,0.00028246095141403876,0.0760784,0.29325848446575403,0,0,256,0,3.683679354094579e-07,0.43337449609375
13,8,8,concentrated,-160,coarse_interval,256,harmonic_martingale,-0.16,0.06943550875,0.00028843084531599553,0.07632356000000001,0.29377409041245406,0,0,256,0,3.683679354094579e-07,0.4339719296875
13,8,8,concentrated,-160,coarse_interval,256,weight_sensitive_product,-0.16,0.06941070937499999,0.00028587930547208963,0.07612744,0.293592371380707,0,0,256,0,3.683679354094579e-07,0.43381693359374995
13,8,8,concentrated,-160,coarse_interval,256,weight_sensitive_hybrid,-0.16,0.06941070937499999,0.00028587930547208963,0.07612744,0.293592371380707,0,0,256,0,3.683679354094579e-07,0.43381693359374995
13,8,8,concentrated,-160,coarse_interval,256,empirical_bernstein_fixed_forecast,-0.16,0.06943550875,0.00028843084531599553,0.07632356000000001,0.29377409041245406,0,0,256,0,3.683679354094579e-07,0.4339719296875
14,8,8,concentrated,-160,assignment_dependent,256,quota,-0.16,0.08395426687499999,8.45163087122483e-05,0.08631219999999999,0.41853445931018113,0,0,256,0,4.544298457087753e-07,0.5247141679687499
14,8,8,concentrated,-160,assignment_dependent,256,harmonic_martingale,-0.16,0.08392160812499999,8.421769892773307e-05,0.08629844,0.41872569581370633,0,0,256,0,4.6272103118355774e-07,0.52451005078125
14,8,8,concentrated,-160,assignment_dependent,256,weight_sensitive_product,-0.16,0.08394037,8.37252410578559e-05,0.08629844,0.4186156980497022,0,0,256,0,4.544298457087753e-07,0.5246273125
14,8,8,concentrated,-160,assignment_dependent,256,weight_sensitive_hybrid,-0.16,0.08394037,8.37252410578559e-05,0.08629844,0.4186156980497022,0,0,256,0,4.544298457087753e-07,0.5246273125
14,8,8,concentrated,-160,assignment_dependent,256,empirical_bernstein_fixed_forecast,-0.16,0.08392160812499999,8.421769892773307e-05,0.08629844,0.41872569581370633,0,0,256,0,4.6272103118355774e-07,0.52451005078125
15,8,8,concentrated,0,complete,256,quota,0.0,0.0,0.0,0.0,0.24855339299439316,0,0,256,0,2.579065743944637e-07,0.5024981796875001
15,8,8,concentrated,0,complete,256,harmonic_martingale,0.0,0.0,0.0,0.0,0.24918845120102825,0,0,256,0,2.579065743944637e-07,0.5026516289062499
15,8,8,concentrated,0,complete,256,weight_sensitive_product,0.0,0.0,0.0,0.0,0.24894355570096502,0,0,256,0,2.579065743944637e-07,0.5025010703125
15,8,8,concentrated,0,complete,256,weight_sensitive_hybrid,0.0,0.0,0.0,0.0,0.24894355570096502,0,0,256,0,2.579065743944637e-07,0.5025010703125
15,8,8,concentrated,0,complete,256,empirical_bernstein_fixed_forecast,0.0,0.0,0.0,0.0,0.24918845120102825,0,0,256,0,2.579065743944637e-07,0.5026516289062499
16,8,8,concentrated,0,coarse_interval,256,quota,0.0,0.0,0.0,0.0,0.2991832215889378,0,0,256,0,2.583621683967705e-07,0.49743246484375003
16,8,8,concentrated,0,coarse_interval,256,harmonic_martingale,0.0,0.0,0.0,0.0,0.29936312357536765,0,0,256,0,2.583621683967705e-07,0.4974149609375
16,8,8,concentrated,0,coarse_interval,256,weight_sensitive_product,0.0,0.0,0.0,0.0,0.29925032979414407,0,0,256,0,2.583621683967705e-07,0.49743030078125
16,8,8,concentrated,0,coarse_interval,256,weight_sensitive_hybrid,0.0,0.0,0.0,0.0,0.29925032979414407,0,0,256,0,2.583621683967705e-07,0.49743030078125
16,8,8,concentrated,0,coarse_interval,256,empirical_bernstein_fixed_forecast,0.0,0.0,0.0,0.0,0.29936312357536765,0,0,256,0,2.583621683967705e-07,0.4974149609375
17,8,8,concentrated,0,assignment_dependent,256,quota,0.0,0.0,0.0,0.0,0.369502362720721,0,0,256,0,4.295338640043173e-07,0.54216801953125
17,8,8,concentrated,0,assignment_dependent,256,harmonic_martingale,0.0,0.0,0.0,0.0,0.36968527294347425,0,0,256,0,4.295338640043173e-07,0.5419512656250001
17,8,8,concentrated,0,assignment_dependent,256,weight_sensitive_product,0.0,0.0,0.0,0.0,0.36957825151781853,0,0,256,0,4.295338640043173e-07,0.54207815625
17,8,8,concentrated,0,assignment_dependent,256,weight_sensitive_hybrid,0.0,0.0,0.0,0.0,0.36957825151781853,0,0,256,0,4.295338640043173e-07,0.54207815625
17,8,8,concentrated,0,assignment_dependent,256,empirical_bernstein_fixed_forecast,0.0,0.0,0.0,0.0,0.36968527294347425,0,0,256,0,4.295338640043173e-07,0.5419512656250001
18,8,8,concentrated,40,complete,256,quota,0.04,0.019270755468749998,7.569108296933953e-05,0.021289159999999998,0.24827099519912746,0,0,256,0,2.7261245674740485e-07,0.51823111328125
18,8,8,concentrated,40,complete,256,harmonic_martingale,0.04,0.01927713734375,7.307640098086021e-05,0.02126471,0.24882245925939223,0,0,256,0,2.7261245674740485e-07,0.51807156640625
18,8,8,concentrated,40,complete,256,weight_sensitive_product,0.04,0.01927446625,7.337999745077827e-05,0.02126471,0.2486549049009958,0,0,256,0,2.7261245674740485e-07,0.51813834375
18,8,8,concentrated,40,complete,256,weight_sensitive_hybrid,0.04,0.01927446625,7.337999745077827e-05,0.02126471,0.2486549049009958,0,0,256,0,2.7261245674740485e-07,0.51813834375
18,8,8,concentrated,40,complete,256,empirical_bernstein_fixed_forecast,0.04,0.01927713734375,7.307640098086021e-05,0.02126471,0.24882245925939223,0,0,256,0,2.7261245674740485e-07,0.51807156640625
19,8,8,concentrated,40,coarse_interval,256,quota,0.04,0.01930615890625,5.829169234791973e-05,0.02089461,0.298895133200327,0,0,256,0,3.30161476355248e-07,0.51734602734375
19,8,8,concentrated,40,coarse_interval,256,harmonic_martingale,0.04,0.019300513124999998,5.760744997998955e-05,0.02088236,0.29899849841452203,0,0,256,0,3.30161476355248e-07,0.517487171875
19,8,8,concentrated,40,coarse_interval,256,weight_sensitive_product,0.04,0.019304440312499997,5.7914394127932474e-05,0.02089461,0.2989397326861213,0,0,256,0,3.30161476355248e-07,0.5173889921874999
19,8,8,concentrated,40,coarse_interval,256,weight_sensitive_hybrid,0.04,0.019304440312499997,5.7914394127932474e-05,0.02089461,0.2989397326861213,0,0,256,0,3.30161476355248e-07,0.5173889921874999
19,8,8,concentrated,40,coarse_interval,256,empirical_bernstein_fixed_forecast,0.04,0.019300513124999998,5.760744997998955e-05,0.02088236,0.29899849841452203,0,0,256,0,3.30161476355248e-07,0.517487171875
20,8,8,concentrated,40,assignment_dependent,256,quota,0.04,0.01795814125,3.8078279648945335e-05,0.01889801,0.3476719438211292,0,0,256,0,4.0459473324213407e-07,0.55104646875
20,8,8,concentrated,40,assignment_dependent,256,harmonic_martingale,0.04,0.0179611575,3.775457534570233e-05,0.01889801,0.34782854247946343,0,0,256,0,4.0459473324213407e-07,0.5509710625
20,8,8,concentrated,40,assignment_dependent,256,weight_sensitive_product,0.04,0.01795917734375,3.774221354798554e-05,0.01889801,0.3477893937034696,0,0,256,0,4.0459473324213407e-07,0.55102056640625
20,8,8,concentrated,40,assignment_dependent,256,weight_sensitive_hybrid,0.04,0.01795917734375,3.774221354798554e-05,0.01889801,0.3477893937034696,0,0,256,0,4.0459473324213407e-07,0.55102056640625
20,8,8,concentrated,40,assignment_dependent,256,empirical_bernstein_fixed_forecast,0.04,0.0179611575,3.775457534570233e-05,0.01889801,0.34782854247946343,0,0,256,0,4.0459473324213407e-07,0.5509710625
21,8,8,concentrated,160,complete,256,quota,0.16,0.06715964499999999,0.000316500214665076,0.07530584000000001,0.24236551746598176,0,0,256,0,2.9908304498269896e-07,0.5802522187499999
21,8,8,concentrated,160,complete,256,harmonic_martingale,0.16,0.06719071874999999,0.00030921664474514444,0.07519996,0.24263843111701516,0,0,256,0,2.9908304498269896e-07,0.5800580078125
21,8,8,concentrated,160,complete,256,weight_sensitive_product,0.16,0.06719925125,0.0003107398129447133,0.07519996,0.24258435425109576,0,0,256,0,2.9908304498269896e-07,0.5800046796875
21,8,8,concentrated,160,complete,256,weight_sensitive_hybrid,0.16,0.06719925125,0.0003107398129447133,0.07519996,0.24258435425109576,0,0,256,0,2.9908304498269896e-07,0.5800046796875
21,8,8,concentrated,160,complete,256,empirical_bernstein_fixed_forecast,0.16,0.06719071874999999,0.00030921664474514444,0.07519996,0.24263843111701516,0,0,256,0,2.9908304498269896e-07,0.5800580078125
22,8,8,concentrated,160,coarse_interval,256,quota,0.16,0.06991899937499998,0.0002634489280062561,0.07705888,0.2943283303653492,0,0,256,0,3.683679354094579e-07,0.56300625390625
22,8,8,concentrated,160,coarse_interval,256,harmonic_martingale,0.16,0.06994714937499999,0.0002605545006699389,0.07705888,0.29445148661534926,0,0,256,0,3.683679354094579e-07,0.56283031640625
22,8,8,concentrated,160,coarse_interval,256,weight_sensitive_product,0.16,0.06992976,0.00026198940234217077,0.07705888,0.2943754081268039,0,0,256,0,3.683679354094579e-07,0.5629390000000001
22,8,8,concentrated,160,coarse_interval,256,weight_sensitive_hybrid,0.16,0.06992976,0.00026198940234217077,0.07705888,0.2943754081268039,0,0,256,0,3.683679354094579e-07,0.5629390000000001
22,8,8,concentrated,160,coarse_interval,256,empirical_bernstein_fixed_forecast,0.16,0.06994714937499999,0.0002605545006699389,0.07705888,0.29445148661534926,0,0,256,0,3.683679354094579e-07,0.56283031640625
23,8,8,concentrated,160,assignment_dependent,256,quota,0.16,0.066610858125,0.0002331446938842031,0.07237356,0.32082646681763155,0,0,256,0,4.00896700143472e-07,0.58368213671875
23,8,8,concentrated,160,assignment_dependent,256,harmonic_martingale,0.16,0.066660725625,0.00022604960990783363,0.07237356,0.32112282694738054,0,0,256,0,4.00896700143472e-07,0.5833704648437501
23,8,8,concentrated,160,assignment_dependent,256,weight_sensitive_product,0.16,0.066628200625,0.000229201297406327,0.07237356,0.3209644171413443,0,0,256,0,4.00896700143472e-07,0.58357374609375
23,8,8,concentrated,160,assignment_dependent,256,weight_sensitive_hybrid,0.16,0.066628200625,0.000229201297406327,0.07237356,0.3209644171413443,0,0,256,0,4.00896700143472e-07,0.58357374609375
23,8,8,concentrated,160,assignment_dependent,256,empirical_bernstein_fixed_forecast,0.16,0.066660725625,0.00022604960990783363,0.07237356,0.32112282694738054,0,0,256,0,4.00896700143472e-07,0.5833704648437501
24,8,32,equal,-160,complete,256,quota,-0.16,0.014350719375,0.0005125121749857518,0.02863988,0.03119359648164299,227,256,256,0,1.8661647010562738e-07,0.08969199609375
24,8,32,equal,-160,complete,256,harmonic_martingale,-0.16,0.016162568125,0.0005050919542126258,0.030105840000000002,0.035864146719701895,204,256,256,0,1.9255994569813417e-07,0.10101605078125
24,8,32,equal,-160,complete,256,weight_sensitive_product,-0.16,0.047545044375000005,0.00027636444655123785,0.05504816,0.1447567811926307,0,0,256,0,2.5088534889262805e-07,0.29715652734375
24,8,32,equal,-160,complete,256,weight_sensitive_hybrid,-0.16,0.016162568125,0.0005050919542126258,0.030105840000000002,0.035864146719701895,204,256,256,0,1.9255994569813417e-07,0.10101605078125
24,8,32,equal,-160,complete,256,empirical_bernstein_fixed_forecast,-0.16,0.000453470625,0.00011892258860551144,0.0029898,0.0007040731243950673,256,256,256,0,1.1665598904872066e-07,0.00283419140625
25,8,32,equal,-160,coarse_interval,256,quota,-0.16,0.04678025499999999,0.0002393421512623348,0.05294576,0.16313004292800126,0,0,256,0,2.868405396697532e-07,0.29237659375
25,8,32,equal,-160,coarse_interval,256,harmonic_martingale,-0.16,0.04739432625,0.00023331391577435852,0.05333488,0.16633545502688013,0,0,256,0,2.914445457472884e-07,0.2962145390625
25,8,32,equal,-160,coarse_interval,256,weight_sensitive_product,-0.16,0.060853863125,0.00014746402540181385,0.06460064,0.24546122804265696,0,0,256,0,3.348168141658304e-07,0.38033664453125
25,8,32,equal,-160,coarse_interval,256,weight_sensitive_hybrid,-0.16,0.04739432625,0.00023331391577435852,0.05333488,0.16633545502688013,0,0,256,0,2.914445457472884e-07,0.2962145390625
25,8,32,equal,-160,coarse_interval,256,empirical_bernstein_fixed_forecast,-0.16,0.03842886125,0.00029692049490313616,0.04623132,0.12333578776623445,0,4,256,0,2.593093368051214e-07,0.2401803828125
26,8,32,equal,-160,assignment_dependent,256,quota,-0.16,0.089849445,5.5526079969368506e-05,0.09134576,0.37807256938154016,0,0,256,0,4.4024038672143384e-07,0.5615590312500001
26,8,32,equal,-160,assignment_dependent,256,harmonic_martingale,-0.16,0.089802300625,5.576794374818233e-05,0.091301,0.37950009797848394,0,0,256,0,4.374876231408901e-07,0.56126437890625
26,8,32,equal,-160,assignment_dependent,256,weight_sensitive_product,-0.16,0.0855831125,5.758942514391737e-05,0.08721767999999999,0.40593850534058573,0,0,256,0,4.3717501036972856e-07,0.534894453125
26,8,32,equal,-160,assignment_dependent,256,weight_sensitive_hybrid,-0.16,0.089802300625,5.576794374818233e-05,0.091301,0.37950009797848394,0,0,256,0,4.374876231408901e-07,0.56126437890625
26,8,32,equal,-160,assignment_dependent,256,empirical_bernstein_fixed_forecast,-0.16,0.089971879375,5.764069631063576e-05,0.0915708,0.37351463629060117,0,0,256,0,4.292795830678061e-07,0.56232424609375
27,8,32,equal,0,complete,256,quota,0.0,0.0,0.0,0.0,0.09768550643899802,0,256,256,0,1.1440927831042276e-07,0.50001626171875
27,8,32,equal,0,complete,256,harmonic_martingale,0.0,0.0,0.0,0.0,0.10061292170842785,0,52,256,0,1.22587421258226e-07,0.5000157734375
27,8,32,equal,0,complete,256,weight_sensitive_product,0.0,0.0,0.0,0.0,0.18396683181742723,0,0,256,0,1.92379983940852e-07,0.50000869921875
27,8,32,equal,0,complete,256,weight_sensitive_hybrid,0.0,0.0,0.0,0.0,0.10061292170842785,0,52,256,0,1.22587421258226e-07,0.5000157734375
27,8,32,equal,0,complete,256,empirical_bernstein_fixed_forecast,0.0,0.0,0.0,0.0,0.05782137836677656,5,256,256,0,7.581979816792033e-08,0.5000311835937501
28,8,32,equal,0,coarse_interval,256,quota,0.0,0.0,0.0,0.0,0.19823128488221212,0,0,256,0,2.1313630072730964e-07,0.5012749375000001
28,8,32,equal,0,coarse_interval,256,harmonic_martingale,0.0,0.0,0.0,0.0,0.2011368275125029,0,0,256,0,1.980481467821328e-07,0.50125657421875
28,8,32,equal,0,coarse_interval,256,weight_sensitive_product,0.0,0.0,0.0,0.0,0.28102370399133647,0,0,256,0,2.886512735542121e-07,0.5007291171875
28,8,32,equal,0,coarse_interval,256,weight_sensitive_hybrid,0.0,0.0,0.0,0.0,0.2011368275125029,0,0,256,0,1.980481467821328e-07,0.50125657421875
28,8,32,equal,0,coarse_interval,256,empirical_bernstein_fixed_forecast,0.0,0.0,0.0,0.0,0.16207665188169756,0,0,256,0,1.8263491725448788e-07,0.50157104296875
29,8,32,equal,0,assignment_dependent,256,quota,0.0,0.0,0.0,0.0,0.3307897708155261,0,0,256,0,4.0939126621882866e-07,0.58916823046875
29,8,32,equal,0,assignment_dependent,256,harmonic_martingale,0.0,0.0,0.0,0.0,0.33315618490746146,0,0,256,0,4.1374090232913105e-07,0.5875519687499999
29,8,32,equal,0,assignment_dependent,256,weight_sensitive_product,0.0,0.0,0.0,0.0,0.36597907304891686,0,0,256,0,4.156449238379397e-07,0.55072980859375
29,8,32,equal,0,assignment_dependent,256,weight_sensitive_hybrid,0.0,0.0,0.0,0.0,0.33315618490746146,0,0,256,0,4.1374090232913105e-07,0.5875519687499999
29,8,32,equal,0,assignment_dependent,256,empirical_bernstein_fixed_forecast,0.0,0.0,0.0,0.0,0.3281034664789714,0,0,256,0,4.071891016661559e-07,0.58826126171875
30,8,32,equal,40,complete,256,quota,0.04,0.01568888609375,0.00013008912100875256,0.019317130000000002,0.09302576493535392,0,256,256,0,1.3538830979151394e-07,0.60777784765625
30,8,32,equal,40,complete,256,harmonic_martingale,0.04,0.015811934531250002,0.00012637610917719009,0.019336609999999997,0.0960861816721977,0,204,256,0,1.4169996580188102e-07,0.6047016367187501
30,8,32,equal,40,complete,256,weight_sensitive_product,0.04,0.01769425984375,6.957632843418986e-05,0.019634779999999998,0.18147463935026437,0,0,256,0,2.1036743675846066e-07,0.55764350390625
30,8,32,equal,40,complete,256,weight_sensitive_hybrid,0.04,0.015811934531250002,0.00012637610917719009,0.019336609999999997,0.0960861816721977,0,204,256,0,1.4169996580188102e-07,0.6047016367187501
30,8,32,equal,40,complete,256,empirical_bernstein_fixed_forecast,0.04,0.01279712515625,0.0002164632137001815,0.01885329,0.04956194023973238,117,256,256,0,9.075493059961994e-08,0.6800718710937499
31,8,32,equal,40,coarse_interval,256,quota,0.04,0.0182095759375,6.153626728488532e-05,0.01986238,0.19660344541118266,0,0,256,0,2.2172463791467606e-07,0.5447606015625
31,8,32,equal,40,coarse_interval,256,harmonic_martingale,0.04,0.018235325625,6.065124795705747e-05,0.019864339999999998,0.19953240886298487,0,0,256,0,2.2106429740852692e-07,0.5441168593750001
31,8,32,equal,40,coarse_interval,256,weight_sensitive_product,0.04,0.0188592515625,3.869404618810357e-05,0.01990389,0.28160967305626056,0,0,256,0,3.0140356284814737e-07,0.5285187109375
31,8,32,equal,40,coarse_interval,256,weight_sensitive_hybrid,0.04,0.018235325625,6.065124795705747e-05,0.019864339999999998,0.19953240886298487,0,0,256,0,2.2106429740852692e-07,0.5441168593750001
31,8,32,equal,40,coarse_interval,256,empirical_bernstein_fixed_forecast,0.04,0.01766751828125,8.033641490121148e-05,0.01987245,0.1598929362661411,0,0,256,0,1.945745754809451e-07,0.5583120429687499
32,8,32,equal,40,assignment_dependent,256,quota,0.04,0.015364915625,4.100943934230309e-05,0.01641156,0.30196654232255254,0,0,256,0,3.9395989102424255e-07,0.615877109375
32,8,32,equal,40,assignment_dependent,256,harmonic_martingale,0.04,0.015438200156249998,4.1344342372928174e-05,0.0164859,0.3046202486196496,0,0,256,0,3.9907794395626393e-07,0.61404499609375
32,8,32,equal,40,assignment_dependent,256,weight_sensitive_product,0.04,0.017622518593749997,2.41000824945112e-05,0.01823025,0.3512263186734676,0,0,256,0,4.0302147107302356e-07,0.5594370351562499
32,8,32,equal,40,assignment_dependent,256,weight_sensitive_hybrid,0.04,0.015438200156249998,4.1344342372928174e-05,0.0164859,0.3046202486196496,0,0,256,0,3.9907794395626393e-07,0.61404499609375
32,8,32,equal,40,assignment_dependent,256,empirical_bernstein_fixed_forecast,0.04,0.015286591093750001,4.477995465199819e-05,0.01639361,0.2966106380807653,0,0,256,0,3.9276773840381464e-07,0.61783522265625
33,8,32,equal,160,complete,256,quota,0.16,0.0158383675,0.0004597196721334057,0.028727,0.034372805318468765,219,256,256,0,1.9646885212191533e-07,0.901010203125
33,8,32,equal,160,complete,256,harmonic_martingale,0.16,0.017621501875,0.00045350724498556576,0.03019036,0.03898676147901789,199,256,256,0,1.8689988755746886e-07,0.88986561328125
33,8,32,equal,160,complete,256,weight_sensitive_product,0.16,0.0456449075,0.0002516934690798044,0.052577360000000004,0.1500061646203455,0,0,256,0,2.7098443232057835e-07,0.7147193281249999
33,8,32,equal,160,complete,256,weight_sensitive_hybrid,0.16,0.017621501875,0.00045350724498556576,0.03019036,0.03898676147901789,199,256,256,0,1.8689988755746886e-07,0.88986561328125
33,8,32,equal,160,complete,256,empirical_bernstein_fixed_forecast,0.16,9.2025e-06,9.2025e-06,0.0,1.3401907628039262e-05,256,256,256,0,7.194591834493477e-08,0.999942484375
34,8,32,equal,160,coarse_interval,256,quota,0.16,0.049201502499999994,0.00026440235052123113,0.05585576,0.16867609526103533,0,0,256,0,2.7336906818719907e-07,0.692490609375
34,8,32,equal,160,coarse_interval,256,harmonic_martingale,0.16,0.04964446,0.0002605993929491974,0.056202959999999996,0.1720067221953409,0,0,256,0,2.895850254205715e-07,0.689722125
34,8,32,equal,160,coarse_interval,256,weight_sensitive_product,0.16,0.060919589375,0.00015760136871714682,0.06489455999999999,0.257291598360561,0,0,256,0,3.380978634904287e-07,0.61925256640625
34,8,32,equal,160,coarse_interval,256,weight_sensitive_hybrid,0.16,0.04964446,0.0002605993929491974,0.056202959999999996,0.1720067221953409,0,0,256,0,2.895850254205715e-07,0.689722125
34,8,32,equal,160,coarse_interval,256,empirical_bernstein_fixed_forecast,0.16,0.040516513125,0.00033125549521688434,0.0489932,0.12434722868799916,0,4,256,0,2.5383467712774524e-07,0.74677179296875
35,8,32,equal,160,assignment_dependent,256,quota,0.16,0.046864086875,0.00021888107604898984,0.05244008,0.2214252342647524,0,0,256,0,3.8151822156638933e-07,0.70709945703125
35,8,32,equal,160,assignment_dependent,256,harmonic_martingale,0.16,0.04723171625,0.00021608055729910075,0.05271512,0.22480008429324821,0,0,256,0,3.858481487171576e-07,0.7048017734375
35,8,32,equal,160,assignment_dependent,256,weight_sensitive_product,0.16,0.061370755624999995,0.00016535981129255455,0.06566624,0.2988615636895313,0,0,256,0,3.8939572355718243e-07,0.6164327773437499
35,8,32,equal,160,assignment_dependent,256,weight_sensitive_hybrid,0.16,0.04723171625,0.00021608055729910075,0.05271512,0.22480008429324821,0,0,256,0,3.858481487171576e-07,0.7048017734375
35,8,32,equal,160,assignment_dependent,256,empirical_bernstein_fixed_forecast,0.16,0.0454722075,0.0002449079379088391,0.05172428,0.20904242280623392,0,0,256,0,3.708151359585535e-07,0.715798703125
36,8,32,concentrated,-160,complete,256,quota,-0.16,0.06219660625,0.00039568951100708155,0.07223051999999999,0.217696341305946,0,0,256,0,2.9325219551378756e-07,0.3887287890625
36,8,32,concentrated,-160,complete,256,harmonic_martingale,-0.16,0.067107984375,0.00018718752819875644,0.07206388,0.2429749839320806,0,0,256,0,3.0567730860726645e-07,0.41942490234374996
36,8,32,concentrated,-160,complete,256,weight_sensitive_product,-0.16,0.06287141625,0.0003517537038752326,0.07134932,0.22173008032232722,0,0,256,0,3.0569968934384326e-07,0.3929463515625
36,8,32,concentrated,-160,complete,256,weight_sensitive_hybrid,-0.16,0.06287141625,0.0003517537038752326,0.07134932,0.22173008032232722,0,0,256,0,3.0569968934384326e-07,0.3929463515625
36,8,32,concentrated,-160,complete,256,empirical_bernstein_fixed_forecast,-0.16,0.05638767125,0.0006863778527459142,0.07685164,0.1859493908946932,0,1,256,0,2.874875576904282e-07,0.35242294531249996
37,8,32,concentrated,-160,coarse_interval,256,quota,-0.16,0.0667689925,0.00022239424226874489,0.07163204000000001,0.28281989080556097,0,0,256,0,3.4854382929642446e-07,0.417306203125
37,8,32,concentrated,-160,coarse_interval,256,harmonic_martingale,-0.16,0.068976678125,0.00015826593372123037,0.07300248,0.2939624745203355,0,0,256,0,3.5917675893886965e-07,0.43110423828125
37,8,32,concentrated,-160,coarse_interval,256,weight_sensitive_product,-0.16,0.06714048,0.0002042336522442362,0.07176472,0.28495786916172194,0,0,256,0,3.5917675893886965e-07,0.419628
37,8,32,concentrated,-160,coarse_interval,256,weight_sensitive_hybrid,-0.16,0.06714048,0.0002042336522442362,0.07176472,0.28495786916172194,0,0,256,0,3.5917675893886965e-07,0.419628
37,8,32,concentrated,-160,coarse_interval,256,empirical_bernstein_fixed_forecast,-0.16,0.06389666562500002,0.0003872433688757101,0.07264419999999999,0.2663036237477734,0,0,256,0,3.5158900251025484e-07,0.39935416015624997
38,8,32,concentrated,-160,assignment_dependent,256,quota,-0.16,0.08440278625,5.220912905714512e-05,0.08569148,0.40949311899295016,0,0,256,0,4.475396107541638e-07,0.5275174140625001
38,8,32,concentrated,-160,assignment_dependent,256,harmonic_martingale,-0.16,0.084274398125,4.6794459220207914e-05,0.08545652000000001,0.4102010291737276,0,0,256,0,4.475396107541638e-07,0.5267149882812501
38,8,32,concentrated,-160,assignment_dependent,256,weight_sensitive_product,-0.16,0.084360093125,5.009639743721289e-05,0.08559324,0.40972758379796803,0,0,256,0,4.475396107541638e-07,0.52725058203125
38,8,32,concentrated,-160,assignment_dependent,256,weight_sensitive_hybrid,-0.16,0.084360093125,5.009639743721289e-05,0.08559324,0.40972758379796803,0,0,256,0,4.475396107541638e-07,0.52725058203125
38,8,32,concentrated,-160,assignment_dependent,256,empirical_bernstein_fixed_forecast,-0.16,0.08451099812500001,6.501403310195644e-05,0.08617904,0.408872681454915,0,0,256,0,4.548227833313269e-07,0.52819373828125
39,8,32,concentrated,0,complete,256,quota,0.0,0.0,0.0,0.0,0.24168695529526946,0,0,256,0,2.623041468425606e-07,0.49797576171875
39,8,32,concentrated,0,complete,256,harmonic_martingale,0.0,0.0,0.0,0.0,0.24973025235024846,0,0,256,0,2.623041468425606e-07,0.49957311328125004
39,8,32,concentrated,0,complete,256,weight_sensitive_product,0.0,0.0,0.0,0.0,0.24354807129946943,0,0,256,0,2.623041468425606e-07,0.49824830468750003
39,8,32,concentrated,0,complete,256,weight_sensitive_hybrid,0.0,0.0,0.0,0.0,0.24354807129946943,0,0,256,0,2.623041468425606e-07,0.49824830468750003
39,8,32,concentrated,0,complete,256,empirical_bernstein_fixed_forecast,0.0,0.0,0.0,0.0,0.2257076561182072,0,0,256,0,2.636109408526754e-07,0.4955021015625
40,8,32,concentrated,0,coarse_interval,256,quota,0.0,0.0,0.0,0.0,0.2980420333449901,0,0,256,0,3.1752272326833605e-07,0.49955881640625
40,8,32,concentrated,0,coarse_interval,256,harmonic_martingale,0.0,0.0,0.0,0.0,0.2998081204790901,0,0,256,0,3.0402970011534024e-07,0.4992005625
40,8,32,concentrated,0,coarse_interval,256,weight_sensitive_product,0.0,0.0,0.0,0.0,0.2986425994534355,0,0,256,0,3.0402970011534024e-07,0.49939976171875
40,8,32,concentrated,0,coarse_interval,256,weight_sensitive_hybrid,0.0,0.0,0.0,0.0,0.2986425994534355,0,0,256,0,3.0402970011534024e-07,0.49939976171875
40,8,32,concentrated,0,coarse_interval,256,empirical_bernstein_fixed_forecast,0.0,0.0,0.0,0.0,0.29326225668329825,0,0,256,0,3.11509083630799e-07,0.5001562890625
41,8,32,concentrated,0,assignment_dependent,256,quota,0.0,0.0,0.0,0.0,0.36805550293768025,0,0,256,0,4.113775206939063e-07,0.54429789453125
41,8,32,concentrated,0,assignment_dependent,256,harmonic_martingale,0.0,0.0,0.0,0.0,0.36907180282039864,0,0,256,0,4.113775206939063e-07,0.5430512148437501
41,8,32,concentrated,0,assignment_dependent,256,weight_sensitive_product,0.0,0.0,0.0,0.0,0.3684161492560175,0,0,256,0,4.113775206939063e-07,0.54386728515625
41,8,32,concentrated,0,assignment_dependent,256,weight_sensitive_hybrid,0.0,0.0,0.0,0.0,0.3684161492560175,0,0,256,0,4.113775206939063e-07,0.54386728515625
41,8,32,concentrated,0,assignment_dependent,256,empirical_bernstein_fixed_forecast,0.0,0.0,0.0,0.0,0.36664100109259823,0,0,256,0,4.113775206939063e-07,0.5458902578125
42,8,32,concentrated,40,complete,256,quota,0.04,0.018850254687499998,8.208331330080641e-05,0.02079883,0.24057978588924306,0,0,256,0,2.609752999089635e-07,0.5287436328125
42,8,32,concentrated,40,complete,256,harmonic_martingale,0.04,0.01918303640625,3.725303154361466e-05,0.020165429999999998,0.24932567531494748,0,0,256,0,2.602969560986159e-07,0.52042408984375
42,8,32,concentrated,40,complete,256,weight_sensitive_product,0.04,0.018906265312500004,7.23330260055171e-05,0.02058459,0.2425464008558827,0,0,256,0,2.602969560986159e-07,0.5273433671875
42,8,32,concentrated,40,complete,256,weight_sensitive_hybrid,0.04,0.018906265312500004,7.23330260055171e-05,0.02058459,0.2425464008558827,0,0,256,0,2.602969560986159e-07,0.5273433671875
42,8,32,concentrated,40,complete,256,empirical_bernstein_fixed_forecast,0.04,0.01836987515625,0.00015275114937962086,0.02218845,0.22493134893679326,0,0,256,0,2.6164417855151217e-07,0.54075312109375
43,8,32,concentrated,40,coarse_interval,256,quota,0.04,0.019353324218750002,4.38320037825328e-05,0.0202513,0.2972626000412024,0,0,256,0,3.132531306378378e-07,0.5161668945312501
43,8,32,concentrated,40,coarse_interval,256,harmonic_martingale,0.04,0.01940549390625,3.1915500915353144e-05,0.02017156,0.2995402556999655,0,0,256,0,3.117791234140715e-07,0.5148626523437501
43,8,32,concentrated,40,coarse_interval,256,weight_sensitive_product,0.04,0.01936242890625,4.0995468612967207e-05,0.02020904,0.29784498525177466,0,0,256,0,3.117791234140715e-07,0.5159392773437501
43,8,32,concentrated,40,coarse_interval,256,weight_sensitive_hybrid,0.04,0.01936242890625,4.0995468612967207e-05,0.02020904,0.29784498525177466,0,0,256,0,3.117791234140715e-07,0.5159392773437501
43,8,32,concentrated,40,coarse_interval,256,empirical_bernstein_fixed_forecast,0.04,0.01927308953125,6.719075904388748e-05,0.02066515,0.29314386085201244,0,0,256,0,3.235438695536942e-07,0.51817276171875
44,8,32,concentrated,40,assignment_dependent,256,quota,0.04,0.017890385625,2.790501784280547e-05,0.018484729999999998,0.35484234759343136,0,0,256,0,4.05703125e-07,0.552740359375
44,8,32,concentrated,40,assignment_dependent,256,harmonic_martingale,0.04,0.01796618640625,2.0890790329098442e-05,0.01848051,0.35645922440602024,0,0,256,0,4.05703125e-07,0.55084533984375
44,8,32,concentrated,40,assignment_dependent,256,weight_sensitive_product,0.04,0.0179090971875,2.569609524998752e-05,0.01848051,0.35526931396632866,0,0,256,0,4.05703125e-07,0.5522725703125
44,8,32,concentrated,40,assignment_dependent,256,weight_sensitive_hybrid,0.04,0.0179090971875,2.569609524998752e-05,0.01848051,0.35526931396632866,0,0,256,0,4.05703125e-07,0.5522725703125
44,8,32,concentrated,40,assignment_dependent,256,empirical_bernstein_fixed_forecast,0.04,0.017812271093750002,4.0493421430217655e-05,0.01848784,0.35309228876477944,0,0,256,0,4.05703125e-07,0.55469322265625
45,8,32,concentrated,160,complete,256,quota,0.16,0.06294328437499999,0.0005017479312367088,0.07192588,0.22709933754822043,0,1,256,0,2.9291683132768597e-07,0.60660447265625
45,8,32,concentrated,160,complete,256,harmonic_martingale,0.16,0.06690488250000001,0.00016118015600373158,0.07088892,0.24303578075982563,0,0,256,0,2.944548821366782e-07,0.5818444843749999
45,8,32,concentrated,160,complete,256,weight_sensitive_product,0.16,0.064014623125,0.000435944689004282,0.07121620000000001,0.23145544496252451,0,0,256,0,3.0264323226216235e-07,0.5999086054687499
45,8,32,concentrated,160,complete,256,weight_sensitive_hybrid,0.16,0.064014623125,0.000435944689004282,0.07121620000000001,0.23145544496252451,0,0,256,0,3.0264323226216235e-07,0.5999086054687499
45,8,32,concentrated,160,complete,256,empirical_bernstein_fixed_forecast,0.16,0.059595631875,0.0006687560061263998,0.07478896,0.2124321575068408,0,3,256,0,2.9763020260405026e-07,0.62752730078125
46,8,32,concentrated,160,coarse_interval,256,quota,0.16,0.0691415425,0.00018747045336970348,0.07313723999999999,0.2928935558013084,0,0,256,0,3.499855824682814e-07,0.5678653593749999
46,8,32,concentrated,160,coarse_interval,256,harmonic_martingale,0.16,0.069474000625,0.00014098955144153323,0.07300248,0.29456895289234836,0,0,256,0,3.499855824682814e-07,0.56578749609375
46,8,32,concentrated,160,coarse_interval,256,weight_sensitive_product,0.16,0.069265948125,0.0001699461589284825,0.07313372,0.29350137381044333,0,0,256,0,3.499855824682814e-07,0.56708782421875
46,8,32,concentrated,160,coarse_interval,256,weight_sensitive_hybrid,0.16,0.069265948125,0.0001699461589284825,0.07313372,0.29350137381044333,0,0,256,0,3.499855824682814e-07,0.56708782421875
46,8,32,concentrated,160,coarse_interval,256,empirical_bernstein_fixed_forecast,0.16,0.068153370625,0.0002824561701420629,0.07388476000000001,0.2881962776231368,0,0,256,0,3.440854469040544e-07,0.57404143359375
47,8,32,concentrated,160,assignment_dependent,256,quota,0.16,0.066454086875,0.00016300166343735287,0.06982028,0.3235976998953975,0,0,256,0,4.022914875924957e-07,0.58466195703125
47,8,32,concentrated,160,assignment_dependent,256,harmonic_martingale,0.16,0.06677177625,0.00011783797619722844,0.06982028,0.32520915467845246,0,0,256,0,4.022914875924957e-07,0.5826763984375001
47,8,32,concentrated,160,assignment_dependent,256,weight_sensitive_product,0.16,0.06655135499999999,0.00014862370883325762,0.06982028,0.32408770700096584,0,0,256,0,4.022914875924957e-07,0.58405403125
47,8,32,concentrated,160,assignment_dependent,256,weight_sensitive_hybrid,0.16,0.06655135499999999,0.00014862370883325762,0.06982028,0.32408770700096584,0,0,256,0,4.022914875924957e-07,0.58405403125
47,8,32,concentrated,160,assignment_dependent,256,empirical_bernstein_fixed_forecast,0.16,0.06612167687500001,0.00021128495302149427,0.06992104,0.3218298667591647,0,0,256,0,4.022914875924957e-07,0.5867395195312499
48,24,8,equal,-160,complete,256,quota,-0.16,0.021005984999999998,0.000530284900640915,0.03529628,0.04838275882527587,132,256,256,0,1.988233330355987e-07,0.13128740625000002
48,24,8,equal,-160,complete,256,harmonic_martingale,-0.16,0.021800338125,0.0005237805140157786,0.03590148,0.050680000648504,116,256,256,0,1.9929888117263025e-07,0.13625211328125
48,24,8,equal,-160,complete,256,weight_sensitive_product,-0.16,0.054401953125,0.0002690504296282539,0.06148632,0.17433238616759217,0,0,256,0,2.624876320575206e-07,0.34001220703125
48,24,8,equal,-160,complete,256,weight_sensitive_hybrid,-0.16,0.021800338125,0.0005237805140157786,0.03590148,0.050680000648504,116,256,256,0,1.9929888117263025e-07,0.13625211328125
48,24,8,equal,-160,complete,256,empirical_bernstein_fixed_forecast,-0.16,0.0030654668749999997,0.00034567232312299174,0.01569768,0.005352846670807342,256,256,256,0,1.4282427357313348e-07,0.01915916796875
49,24,8,equal,-160,coarse_interval,256,quota,-0.16,0.0481957475,0.00023929883445586664,0.0544994,0.171909309877039,0,0,256,0,2.857989198365078e-07,0.30122342187500006
49,24,8,equal,-160,coarse_interval,256,harmonic_martingale,-0.16,0.048513833125,0.000237865347634549,0.05477988,0.17350100123127404,0,0,256,0,2.932372704766246e-07,0.30321145703124996
49,24,8,equal,-160,coarse_interval,256,weight_sensitive_product,-0.16,0.061312655,0.00014531300598680618,0.06519424,0.25881435529373537,0,0,256,0,3.458208071513675e-07,0.38320409375
49,24,8,equal,-160,coarse_interval,256,weight_sensitive_hybrid,-0.16,0.048513833125,0.000237865347634549,0.05477988,0.17350100123127404,0,0,256,0,2.932372704766246e-07,0.30321145703124996
49,24,8,equal,-160,coarse_interval,256,empirical_bernstein_fixed_forecast,-0.16,0.040112395625000005,0.0002844665934167332,0.047731079999999995,0.132864942562828,0,1,256,0,2.69052951610558e-07,0.25070247265625
50,24,8,equal,-160,assignment_dependent,256,quota,-0.16,0.089631405625,7.077319174571624e-05,0.0915424,0.3850723724684596,0,0,256,0,4.331821760302958e-07,0.56019628515625
50,24,8,equal,-160,assignment_dependent,256,harmonic_martingale,-0.16,0.089567838125,7.16384442878697e-05,0.09150196000000001,0.3856313871455933,0,0,256,0,4.415126636129254e-07,0.5597989882812501
50,24,8,equal,-160,assignment_dependent,256,weight_sensitive_product,-0.16,0.084724655,3.601935297755321e-05,0.08589084,0.4127144974915441,0,0,256,0,4.3953125e-07,0.52952909375
50,24,8,equal,-160,assignment_dependent,256,weight_sensitive_hybrid,-0.16,0.089567838125,7.16384442878697e-05,0.09150196000000001,0.3856313871455933,0,0,256,0,4.415126636129254e-07,0.5597989882812501
50,24,8,equal,-160,assignment_dependent,256,empirical_bernstein_fixed_forecast,-0.16,0.08980332375,7.135963701453934e-05,0.09171572,0.3819259158629482,0,0,256,0,4.4153704564387045e-07,0.5612707734375
51,24,8,equal,0,complete,256,quota,0.0,0.0,0.0,0.0,0.10777240998785426,0,1,256,0,1.3840786861352217e-07,0.5007045546875
51,24,8,equal,0,complete,256,harmonic_martingale,0.0,0.0,0.0,0.0,0.10927729443162286,0,1,256,0,1.2578106669944112e-07,0.50069499609375
51,24,8,equal,0,complete,256,weight_sensitive_product,0.0,0.0,0.0,0.0,0.21230568057730131,0,0,256,0,2.2390927408419562e-07,0.5003455546875
51,24,8,equal,0,complete,256,weight_sensitive_hybrid,0.0,0.0,0.0,0.0,0.10927729443162286,0,1,256,0,1.2578106669944112e-07,0.50069499609375
51,24,8,equal,0,complete,256,empirical_bernstein_fixed_forecast,0.0,0.0,0.0,0.0,0.06736809534037985,1,256,256,0,9.212621180142064e-08,0.5011005625
52,24,8,equal,0,coarse_interval,256,quota,0.0,0.0,0.0,0.0,0.20818838830068173,0,0,256,0,2.1995157494132815e-07,0.50093572265625
52,24,8,equal,0,coarse_interval,256,harmonic_martingale,0.0,0.0,0.0,0.0,0.20968418380113193,0,0,256,0,2.3375623409024373e-07,0.50092910546875
52,24,8,equal,0,coarse_interval,256,weight_sensitive_product,0.0,0.0,0.0,0.0,0.2952277255005001,0,0,256,0,2.976842607131803e-07,0.5004643984375
52,24,8,equal,0,coarse_interval,256,weight_sensitive_hybrid,0.0,0.0,0.0,0.0,0.20968418380113193,0,0,256,0,2.3375623409024373e-07,0.50092910546875
52,24,8,equal,0,coarse_interval,256,empirical_bernstein_fixed_forecast,0.0,0.0,0.0,0.0,0.17148709142621144,0,0,256,0,1.9103146954229153e-07,0.5011951953125
53,24,8,equal,0,assignment_dependent,256,quota,0.0,0.0,0.0,0.0,0.3382063428291322,0,0,256,0,4.095177636134376e-07,0.58413699609375
53,24,8,equal,0,assignment_dependent,256,harmonic_martingale,0.0,0.0,0.0,0.0,0.33916632185591256,0,0,256,0,4.0704546980638665e-07,0.58320187890625
53,24,8,equal,0,assignment_dependent,256,weight_sensitive_product,0.0,0.0,0.0,0.0,0.3708056110155876,0,0,256,0,4.0966801303854877e-07,0.5448398437499999
53,24,8,equal,0,assignment_dependent,256,weight_sensitive_hybrid,0.0,0.0,0.0,0.0,0.33916632185591256,0,0,256,0,4.0704546980638665e-07,0.58320187890625
53,24,8,equal,0,assignment_dependent,256,empirical_bernstein_fixed_forecast,0.0,0.0,0.0,0.0,0.33641201879397187,0,0,256,0,4.1096494809926344e-07,0.5838208085937501
54,24,8,equal,40,complete,256,quota,0.04,0.01643099,0.00013401041469276724,0.01981796,0.10401817720651421,0,45,256,0,1.4551392923137745e-07,0.58922525
54,24,8,equal,40,complete,256,harmonic_martingale,0.04,0.016479304531250002,0.00013219636005422445,0.01982042,0.10557387991148735,0,33,256,0,1.5156215885102275e-07,0.58801738671875
54,24,8,equal,40,complete,256,weight_sensitive_product,0.04,0.0181805459375,6.79239553500896e-05,0.01990699,0.21039685525989463,0,0,256,0,2.3871777022929666e-07,0.5454863515625
54,24,8,equal,40,complete,256,weight_sensitive_hybrid,0.04,0.016479304531250002,0.00013219636005422445,0.01982042,0.10557387991148735,0,33,256,0,1.5156215885102275e-07,0.58801738671875
54,24,8,equal,40,complete,256,empirical_bernstein_fixed_forecast,0.04,0.01433139625,0.00021218305805756628,0.0197091,0.060862428612862535,21,256,256,0,1.1398668518081457e-07,0.64171509375
55,24,8,equal,40,coarse_interval,256,quota,0.04,0.018659943125,6.862714841067864e-05,0.02039924,0.20716157037916638,0,0,256,0,2.468549748549926e-07,0.533501421875
55,24,8,equal,40,coarse_interval,256,harmonic_martingale,0.04,0.0186694521875,6.814008396783055e-05,0.0203964,0.20866464914488714,0,0,256,0,2.375002020186006e-07,0.5332636953125001
55,24,8,equal,40,coarse_interval,256,weight_sensitive_product,0.04,0.01938711046875,3.100499160811426e-05,0.02020491,0.29710348308234524,0,0,256,0,3.1689257621936846e-07,0.5153222382812501
55,24,8,equal,40,coarse_interval,256,weight_sensitive_hybrid,0.04,0.0186694521875,6.814008396783055e-05,0.0203964,0.20866464914488714,0,0,256,0,2.375002020186006e-07,0.5332636953125001
55,24,8,equal,40,coarse_interval,256,empirical_bernstein_fixed_forecast,0.04,0.01826022984375,8.911775439932734e-05,0.02048491,0.17010442051238014,0,0,256,0,1.9023953151981785e-07,0.54349425390625
56,24,8,equal,40,assignment_dependent,256,quota,0.04,0.0157852484375,4.64039218858437e-05,0.016927690000000002,0.31706428568396294,0,0,256,0,3.9777237298475306e-07,0.6053687890625
56,24,8,equal,40,assignment_dependent,256,harmonic_martingale,0.04,0.0158330284375,4.645500691914783e-05,0.01697569,0.3182350843205076,0,0,256,0,4.0628599192071236e-07,0.6041742890625
56,24,8,equal,40,assignment_dependent,256,weight_sensitive_product,0.04,0.017897892968750002,1.7637868226926898e-05,0.01829533,0.36016941848591694,0,0,256,0,4.088013698630137e-07,0.55255267578125
56,24,8,equal,40,assignment_dependent,256,weight_sensitive_hybrid,0.04,0.0158330284375,4.645500691914783e-05,0.01697569,0.3182350843205076,0,0,256,0,4.0628599192071236e-07,0.6041742890625
56,24,8,equal,40,assignment_dependent,256,empirical_bernstein_fixed_forecast,0.04,0.015776487500000002,5.066019682239039e-05,0.017061029999999998,0.3149177558072872,0,0,256,0,4.040621479544292e-07,0.6055878124999999
57,24,8,equal,160,complete,256,quota,0.16,0.0214097225,0.0004859862117466077,0.03310236,0.04938427748222382,125,256,256,0,1.9839922591984326e-07,0.866189234375
57,24,8,equal,160,complete,256,harmonic_martingale,0.16,0.022198610624999997,0.0004801565411859709,0.03373716,0.05166796234296466,105,256,256,0,2.0131025103578926e-07,0.8612586835937499
57,24,8,equal,160,complete,256,weight_sensitive_product,0.16,0.050860592499999996,0.00023268396233605546,0.056417800000000004,0.18120310083487162,0,0,256,0,2.9123406813329104e-07,0.6821212968750001
57,24,8,equal,160,complete,256,weight_sensitive_hybrid,0.16,0.022198610624999997,0.0004801565411859709,0.03373716,0.05166796234296466,105,256,256,0,2.0131025103578926e-07,0.8612586835937499
57,24,8,equal,160,complete,256,empirical_bernstein_fixed_forecast,0.16,0.0009399599999999999,0.0001724308652457899,0.0060768,0.0015298600787046097,256,256,256,0,1.3389948161563471e-07,0.99412525
58,24,8,equal,160,coarse_interval,256,quota,0.16,0.05169386937500001,0.0002739153026166967,0.05893964,0.18197032574124924,0,0,256,0,2.815775632225373e-07,0.67691331640625
58,24,8,equal,160,coarse_interval,256,harmonic_martingale,0.16,0.05189475625000001,0.00027197120557137083,0.05908904,0.18365219094879143,0,0,256,0,2.939406991432987e-07,0.6756577734375
58,24,8,equal,160,coarse_interval,256,weight_sensitive_product,0.16,0.06636036562499999,0.00015621521254306802,0.07046316,0.27930415149044513,0,0,256,0,3.378570410723683e-07,0.58524771484375
58,24,8,equal,160,coarse_interval,256,weight_sensitive_hybrid,0.16,0.05189475625000001,0.00027197120557137083,0.05908904,0.18365219094879143,0,0,256,0,2.939406991432987e-07,0.6756577734375
58,24,8,equal,160,coarse_interval,256,empirical_bernstein_fixed_forecast,0.16,0.04378600125,0.0003445938058505726,0.052864400000000006,0.13825988228556121,0,0,256,0,2.6099832857601776e-07,0.7263374921875001
59,24,8,equal,160,assignment_dependent,256,quota,0.16,0.048744961249999996,0.00023834792827983213,0.05460408,0.23599220518273273,0,0,256,0,3.9095267450320756e-07,0.6953439921875
59,24,8,equal,160,assignment_dependent,256,harmonic_martingale,0.16,0.048973224375,0.00023813804298533596,0.05481596,0.2375771915477324,0,0,256,0,3.9398912795962867e-07,0.69391734765625
59,24,8,equal,160,assignment_dependent,256,weight_sensitive_product,0.16,0.06515166875,0.0001311018828759577,0.06813624,0.3179605414297932,0,0,256,0,3.856719308782942e-07,0.5928020703125001
59,24,8,equal,160,assignment_dependent,256,weight_sensitive_hybrid,0.16,0.048973224375,0.00023813804298533596,0.05481596,0.2375771915477324,0,0,256,0,3.9398912795962867e-07,0.69391734765625
59,24,8,equal,160,assignment_dependent,256,empirical_bernstein_fixed_forecast,0.16,0.0475548275,0.00026146972828828955,0.05391956,0.22586048085850596,0,0,256,0,3.884295680164754e-07,0.702782328125
60,24,8,concentrated,-160,complete,256,quota,-0.16,0.061026516249999996,0.0004600597739684121,0.07338884,0.21088687487363872,0,0,256,0,2.8496572307573654e-07,0.38141572656250006
60,24,8,concentrated,-160,complete,256,harmonic_martingale,-0.16,0.06729169125,0.00019609037119148274,0.07214696,0.24330847611313328,0,0,256,0,3.084113865932048e-07,0.4205730703125
60,24,8,concentrated,-160,complete,256,weight_sensitive_product,-0.16,0.06358266624999999,0.00030759643144944815,0.070358,0.2264792830011696,0,0,256,0,2.915886134067952e-07,0.3973916640625
60,24,8,concentrated,-160,complete,256,weight_sensitive_hybrid,-0.16,0.06358266624999999,0.00030759643144944815,0.070358,0.2264792830011696,0,0,256,0,2.915886134067952e-07,0.3973916640625
60,24,8,concentrated,-160,complete,256,empirical_bernstein_fixed_forecast,-0.16,0.06534570875000001,0.00024722423436457586,0.07107084,0.23476457695836234,0,0,256,0,2.915886134067952e-07,0.4084106796875
61,24,8,concentrated,-160,coarse_interval,256,quota,-0.16,0.06595764937500001,0.0002443176660075584,0.07152808,0.2801869063257765,0,0,256,0,3.399385592642673e-07,0.41223530859375
61,24,8,concentrated,-160,coarse_interval,256,harmonic_martingale,-0.16,0.068652534375,0.0001544265768265493,0.0727272,0.2936792477272727,0,0,256,0,3.416743189470462e-07,0.42907833984375
61,24,8,concentrated,-160,coarse_interval,256,weight_sensitive_product,-0.16,0.06739861,0.00018291950386579834,0.07198476000000001,0.28806829938675405,0,0,256,0,3.416743189470462e-07,0.42124131249999996
61,24,8,concentrated,-160,coarse_interval,256,weight_sensitive_hybrid,-0.16,0.06739861,0.00018291950386579834,0.07198476000000001,0.28806829938675405,0,0,256,0,3.416743189470462e-07,0.42124131249999996
61,24,8,concentrated,-160,coarse_interval,256,empirical_bernstein_fixed_forecast,-0.16,0.06814241312500001,0.00016473901498356675,0.0723232,0.29143283423239674,0,0,256,0,3.416743189470462e-07,0.42589008203125
62,24,8,concentrated,-160,assignment_dependent,256,quota,-0.16,0.08465441000000001,7.021129386554921e-05,0.08643244,0.4099514955602591,0,0,256,0,4.370970695970696e-07,0.5290900625
62,24,8,concentrated,-160,assignment_dependent,256,harmonic_martingale,-0.16,0.084342768125,4.195546599664959e-05,0.08536044,0.4116742911071407,0,0,256,0,4.370970695970696e-07,0.5271423007812499
62,24,8,concentrated,-160,assignment_dependent,256,weight_sensitive_product,-0.16,0.084459,4.9420456112352346e-05,0.08568684,0.4110298035023813,0,0,256,0,4.370970695970696e-07,0.5278687500000001
62,24,8,concentrated,-160,assignment_dependent,256,weight_sensitive_hybrid,-0.16,0.084459,4.9420456112352346e-05,0.08568684,0.4110298035023813,0,0,256,0,4.370970695970696e-07,0.5278687500000001
62,24,8,concentrated,-160,assignment_dependent,256,empirical_bernstein_fixed_forecast,-0.16,0.0843934375,4.401763127112351e-05,0.08549004,0.4113926058580959,0,0,256,0,4.370970695970696e-07,0.5274589843749999
63,24,8,concentrated,0,complete,256,quota,0.0,0.0,0.0,0.0,0.2382531450667668,0,0,256,0,2.6342884124462365e-07,0.4986617421875
63,24,8,concentrated,0,complete,256,harmonic_martingale,0.0,0.0,0.0,0.0,0.24973061564852628,0,0,256,0,2.588613406795225e-07,0.50002532421875
63,24,8,concentrated,0,complete,256,weight_sensitive_product,0.0,0.0,0.0,0.0,0.24562152179634544,0,0,256,0,2.588613406795225e-07,0.4987710234375
63,24,8,concentrated,0,complete,256,weight_sensitive_hybrid,0.0,0.0,0.0,0.0,0.24562152179634544,0,0,256,0,2.588613406795225e-07,0.4987710234375
63,24,8,concentrated,0,complete,256,empirical_bernstein_fixed_forecast,0.0,0.0,0.0,0.0,0.24835598611876353,0,0,256,0,2.588613406795225e-07,0.49918882031250006
64,24,8,concentrated,0,coarse_interval,256,quota,0.0,0.0,0.0,0.0,0.2962508149479214,0,0,256,0,3.0839630196727024e-07,0.5003058476562501
64,24,8,concentrated,0,coarse_interval,256,harmonic_martingale,0.0,0.0,0.0,0.0,0.2998105466205019,0,0,256,0,2.9392408937863483e-07,0.5004438828125
64,24,8,concentrated,0,coarse_interval,256,weight_sensitive_product,0.0,0.0,0.0,0.0,0.2990764083384923,0,0,256,0,3.086581516313986e-07,0.50016671875
64,24,8,concentrated,0,coarse_interval,256,weight_sensitive_hybrid,0.0,0.0,0.0,0.0,0.2990764083384923,0,0,256,0,3.086581516313986e-07,0.50016671875
64,24,8,concentrated,0,coarse_interval,256,empirical_bernstein_fixed_forecast,0.0,0.0,0.0,0.0,0.2995566815681695,0,0,256,0,2.9392408937863483e-07,0.50034193359375
65,24,8,concentrated,0,assignment_dependent,256,quota,0.0,0.0,0.0,0.0,0.3660954648618872,0,0,256,0,4.1418760702851614e-07,0.54441591796875
65,24,8,concentrated,0,assignment_dependent,256,harmonic_martingale,0.0,0.0,0.0,0.0,0.3677166025278912,0,0,256,0,4.1418760702851614e-07,0.5423949257812499
65,24,8,concentrated,0,assignment_dependent,256,weight_sensitive_product,0.0,0.0,0.0,0.0,0.36712666852904785,0,0,256,0,4.1418760702851614e-07,0.5431305976562499
65,24,8,concentrated,0,assignment_dependent,256,weight_sensitive_hybrid,0.0,0.0,0.0,0.0,0.36712666852904785,0,0,256,0,4.1418760702851614e-07,0.5431305976562499
65,24,8,concentrated,0,assignment_dependent,256,empirical_bernstein_fixed_forecast,0.0,0.0,0.0,0.0,0.3674378936476006,0,0,256,0,4.1418760702851614e-07,0.5427419921875
66,24,8,concentrated,40,complete,256,quota,0.04,0.0189050109375,9.206167666895652e-05,0.02129627,0.23807447395370485,0,0,256,0,2.709310319763233e-07,0.5273747265625
66,24,8,concentrated,40,complete,256,harmonic_martingale,0.04,0.019151651875,3.9218949855029405e-05,0.020180299999999998,0.24930517629498106,0,0,256,0,2.685583103764922e-07,0.521208703125
66,24,8,concentrated,40,complete,256,weight_sensitive_product,0.04,0.01903786046875,5.918938430297957e-05,0.02049696,0.24514834406429623,0,0,256,0,2.5830547748985746e-07,0.5240534882812501
66,24,8,concentrated,40,complete,256,weight_sensitive_hybrid,0.04,0.01903786046875,5.918938430297957e-05,0.02049696,0.24514834406429623,0,0,256,0,2.5830547748985746e-07,0.5240534882812501
66,24,8,concentrated,40,complete,256,empirical_bernstein_fixed_forecast,0.04,0.0191010990625,4.716217048440916e-05,0.020211979999999997,0.24783213841699853,0,0,256,0,2.685583103764922e-07,0.5224725234375001
67,24,8,concentrated,40,coarse_interval,256,quota,0.04,0.019498663281250002,4.7420286681212355e-05,0.02070442,0.2956329305305819,0,0,256,0,3.0834591478694706e-07,0.51253341796875
67,24,8,concentrated,40,coarse_interval,256,harmonic_martingale,0.04,0.01954792046875,3.255112426033674e-05,0.02041035,0.2996442230291193,0,0,256,0,2.9996939087848176e-07,0.51130198828125
67,24,8,concentrated,40,coarse_interval,256,weight_sensitive_product,0.04,0.0195161671875,3.5608993179231946e-05,0.02041035,0.2985435065673759,0,0,256,0,2.9996939087848176e-07,0.5120958203125
67,24,8,concentrated,40,coarse_interval,256,weight_sensitive_hybrid,0.04,0.0195161671875,3.5608993179231946e-05,0.02041035,0.2985435065673759,0,0,256,0,2.9996939087848176e-07,0.5120958203125
67,24,8,concentrated,40,coarse_interval,256,empirical_bernstein_fixed_forecast,0.04,0.01952709546875,3.353035106243985e-05,0.02041035,0.2992281092738086,0,0,256,0,2.9996939087848176e-07,0.51182261328125
68,24,8,concentrated,40,assignment_dependent,256,quota,0.04,0.017893733125,2.8093382522924337e-05,0.018538,0.35641513992243085,0,0,256,0,4.0454887218045115e-07,0.552656671875
68,24,8,concentrated,40,assignment_dependent,256,harmonic_martingale,0.04,0.0179912596875,1.9895764139280797e-05,0.018538,0.35835891899399264,0,0,256,0,4.0454887218045115e-07,0.5502185078124999
68,24,8,concentrated,40,assignment_dependent,256,weight_sensitive_product,0.04,0.0179667525,2.2296292660374255e-05,0.018538,0.3578713113382027,0,0,256,0,4.0454887218045115e-07,0.5508311875
68,24,8,concentrated,40,assignment_dependent,256,weight_sensitive_hybrid,0.04,0.0179667525,2.2296292660374255e-05,0.018538,0.3578713113382027,0,0,256,0,4.0454887218045115e-07,0.5508311875
68,24,8,concentrated,40,assignment_dependent,256,empirical_bernstein_fixed_forecast,0.04,0.01798106328125,2.0637900112080437e-05,0.018538,0.35815610080239696,0,0,256,0,4.0454887218045115e-07,0.55047341796875
69,24,8,concentrated,160,complete,256,quota,0.16,0.06256966,0.0005402175844935801,0.0723618,0.22382964798335203,0,0,256,0,2.987348060671391e-07,0.608939625
69,24,8,concentrated,160,complete,256,harmonic_martingale,0.16,0.067230941875,0.00016895915758330688,0.07166668,0.24334667146099667,0,0,256,0,3.011386593204775e-07,0.5798066132812499
69,24,8,concentrated,160,complete,256,weight_sensitive_product,0.16,0.065945015625,0.00030036026630519047,0.07169844,0.2381709980947377,0,0,256,0,3.011386593204775e-07,0.58784365234375
69,24,8,concentrated,160,complete,256,weight_sensitive_hybrid,0.16,0.065945015625,0.00030036026630519047,0.07169844,0.2381709980947377,0,0,256,0,3.011386593204775e-07,0.58784365234375
69,24,8,concentrated,160,complete,256,empirical_bernstein_fixed_forecast,0.16,0.066893170625,0.00020078864913954372,0.07169844,0.2420405464011865,0,0,256,0,3.0278518529298793e-07,0.58191768359375
70,24,8,concentrated,160,coarse_interval,256,quota,0.16,0.069151344375,0.00021879770425952525,0.07345963999999999,0.29123359063103404,0,0,256,0,3.3709060299969393e-07,0.56780409765625
70,24,8,concentrated,160,coarse_interval,256,harmonic_martingale,0.16,0.069840595625,0.00013163384875391316,0.07325756,0.29495490770596594,0,0,256,0,3.3709060299969393e-07,0.56349627734375
70,24,8,concentrated,160,coarse_interval,256,weight_sensitive_product,0.16,0.06967043625,0.0001479936060182932,0.07325756,0.2942178293305876,0,0,256,0,3.376780201849403e-07,0.5645597734375
70,24,8,concentrated,160,coarse_interval,256,weight_sensitive_hybrid,0.16,0.06967043625,0.0001479936060182932,0.07325756,0.2942178293305876,0,0,256,0,3.376780201849403e-07,0.5645597734375
70,24,8,concentrated,160,coarse_interval,256,empirical_bernstein_fixed_forecast,0.16,0.069776020625,0.00013723655498951666,0.07325756,0.29467607961792025,0,0,256,0,3.3709060299969393e-07,0.56389987109375
71,24,8,concentrated,160,assignment_dependent,256,quota,0.16,0.066374955,0.00018964206236471163,0.07019067999999999,0.3209201708216417,0,0,256,0,3.8947000660556516e-07,0.58515653125
71,24,8,concentrated,160,assignment_dependent,256,harmonic_martingale,0.16,0.06689754812500001,0.00012353218758146673,0.07000964,0.32375390359360207,0,0,256,0,3.8947000660556516e-07,0.58189032421875
71,24,8,concentrated,160,assignment_dependent,256,weight_sensitive_product,0.16,0.066755914375,0.0001392385306146221,0.07000964,0.3229981865602429,0,0,256,0,3.8947000660556516e-07,0.58277553515625
71,24,8,concentrated,160,assignment_dependent,256,weight_sensitive_hybrid,0.16,0.066755914375,0.0001392385306146221,0.07000964,0.3229981865602429,0,0,256,0,3.8947000660556516e-07,0.58277553515625
71,24,8,concentrated,160,assignment_dependent,256,empirical_bernstein_fixed_forecast,0.16,0.06685082249999999,0.00012767386525592168,0.07000964,0.3235238541215003,0,0,256,0,3.8947000660556516e-07,0.582182359375
72,24,32,equal,-160,complete,256,quota,-0.16,0.0,0.0,0.0,0.0,256,256,256,0,0.0,0.0
72,24,32,equal,-160,complete,256,harmonic_martingale,-0.16,0.0,0.0,0.0,0.0,256,256,256,0,0.0,0.0
72,24,32,equal,-160,complete,256,weight_sensitive_product,-0.16,0.020037875000000004,0.00025477294215749883,0.02689328,0.04649113273085505,174,256,256,0,1.8816439333085826e-07,0.12523671875
72,24,32,equal,-160,complete,256,weight_sensitive_hybrid,-0.16,0.0,0.0,0.0,0.0,256,256,256,0,0.0,0.0
72,24,32,equal,-160,complete,256,empirical_bernstein_fixed_forecast,-0.16,0.0,0.0,0.0,0.0,256,256,256,0,0.0,0.0
73,24,32,equal,-160,coarse_interval,256,quota,-0.16,0.036631579375,0.0001645474929161744,0.040965680000000004,0.10893747239796198,0,14,256,0,2.3826900367036634e-07,0.22894737109375
73,24,32,equal,-160,coarse_interval,256,harmonic_martingale,-0.16,0.036798473125,0.00016391432294488885,0.04111596,0.10970975832923094,0,11,256,0,2.394631701237059e-07,0.22999045703124998
73,24,32,equal,-160,coarse_interval,256,weight_sensitive_product,-0.16,0.048191595000000004,0.0001150839025246108,0.05119232,0.17173507345320813,0,0,256,0,2.887389261285527e-07,0.30119746875
73,24,32,equal,-160,coarse_interval,256,weight_sensitive_hybrid,-0.16,0.036798473125,0.00016391432294488885,0.04111596,0.10970975832923094,0,11,256,0,2.394631701237059e-07,0.22999045703124998
73,24,32,equal,-160,coarse_interval,256,empirical_bernstein_fixed_forecast,-0.16,0.027674049375000002,0.00019362881789005082,0.0327762,0.07582780382899808,0,256,256,0,2.2014667656394425e-07,0.17296280859375002
74,24,32,equal,-160,assignment_dependent,256,quota,-0.16,0.09012655312500001,3.4303001586652135e-05,0.0909964,0.3589077689519149,0,0,256,0,4.143516318431057e-07,0.5632909570312501
74,24,32,equal,-160,assignment_dependent,256,harmonic_martingale,-0.16,0.09011827124999999,3.426824617307086e-05,0.09098724,0.35921100967198905,0,0,256,0,4.1063253524787795e-07,0.5632391953125
74,24,32,equal,-160,assignment_dependent,256,weight_sensitive_product,-0.16,0.08937028625000001,3.53507841586453e-05,0.09024955999999999,0.385056135335182,0,0,256,0,4.3391054724103373e-07,0.5585642890625
74,24,32,equal,-160,assignment_dependent,256,weight_sensitive_hybrid,-0.16,0.09011827124999999,3.426824617307086e-05,0.09098724,0.35921100967198905,0,0,256,0,4.1063253524787795e-07,0.5632391953125
74,24,32,equal,-160,assignment_dependent,256,empirical_bernstein_fixed_forecast,-0.16,0.09027024812500001,3.5473197196601236e-05,0.09117932000000001,0.35374934648533,0,0,256,0,4.0785677524085276e-07,0.56418905078125
75,24,32,equal,0,complete,256,quota,0.0,0.0,0.0,0.0,0.05399800238988227,1,256,256,0,6.607387069209611e-08,0.50260415234375
75,24,32,equal,0,complete,256,harmonic_martingale,0.0,0.0,0.0,0.0,0.0546004660146417,1,256,256,0,6.478081427312093e-08,0.502575953125
75,24,32,equal,0,complete,256,weight_sensitive_product,0.0,0.0,0.0,0.0,0.10646069874564476,0,0,256,0,1.1067611057026306e-07,0.50133016796875
75,24,32,equal,0,complete,256,weight_sensitive_hybrid,0.0,0.0,0.0,0.0,0.0546004660146417,1,256,256,0,6.478081427312093e-08,0.502575953125
75,24,32,equal,0,complete,256,empirical_bernstein_fixed_forecast,0.0,0.0,0.0,0.0,0.025835349271317247,256,256,256,0,3.460451336269845e-08,0.5052444375
76,24,32,equal,0,coarse_interval,256,quota,0.0,0.0,0.0,0.0,0.15433476196772486,0,0,256,0,1.6424507598069923e-07,0.49940746484375004
76,24,32,equal,0,coarse_interval,256,harmonic_martingale,0.0,0.0,0.0,0.0,0.15493234257352637,0,0,256,0,1.628290202597338e-07,0.4994097890625
76,24,32,equal,0,coarse_interval,256,weight_sensitive_product,0.0,0.0,0.0,0.0,0.20659084101949754,0,0,256,0,2.07835454811206e-07,0.49955712500000005
76,24,32,equal,0,coarse_interval,256,weight_sensitive_hybrid,0.0,0.0,0.0,0.0,0.15493234257352637,0,0,256,0,1.628290202597338e-07,0.4994097890625
76,24,32,equal,0,coarse_interval,256,empirical_bernstein_fixed_forecast,0.0,0.0,0.0,0.0,0.1285457993344157,0,0,256,0,1.3500027179367086e-07,0.49922383203125
77,24,32,equal,0,assignment_dependent,256,quota,0.0,0.0,0.0,0.0,0.28735940328071974,0,0,256,0,3.6756545509599465e-07,0.60925504296875
77,24,32,equal,0,assignment_dependent,256,harmonic_martingale,0.0,0.0,0.0,0.0,0.2879848667215598,0,0,256,0,3.7168504481198594e-07,0.60903877734375
77,24,32,equal,0,assignment_dependent,256,weight_sensitive_product,0.0,0.0,0.0,0.0,0.3369814807400149,0,0,256,0,4.0814923116256963e-07,0.5849915859375001
77,24,32,equal,0,assignment_dependent,256,weight_sensitive_hybrid,0.0,0.0,0.0,0.0,0.2879848667215598,0,0,256,0,3.7168504481198594e-07,0.60903877734375
77,24,32,equal,0,assignment_dependent,256,empirical_bernstein_fixed_forecast,0.0,0.0,0.0,0.0,0.2804660185790276,0,0,256,0,3.801286861176217e-07,0.6117210078124999
78,24,32,equal,40,complete,256,quota,0.04,0.01283809859375,0.00012325761221507916,0.015959630000000002,0.04699361498806623,200,256,256,0,8.612485077558763e-08,0.6790475351562499
78,24,32,equal,40,complete,256,harmonic_martingale,0.04,0.01291567203125,0.00012192252846651288,0.01600338,0.04767194504058665,171,256,256,0,7.784270707849969e-08,0.67710819921875
78,24,32,equal,40,complete,256,weight_sensitive_product,0.04,0.01634186390625,6.295714294878298e-05,0.01793629,0.10288302091532228,0,21,256,0,1.3334286848970207e-07,0.5914534023437501
78,24,32,equal,40,complete,256,weight_sensitive_hybrid,0.04,0.01291567203125,0.00012192252846651288,0.01600338,0.04767194504058665,171,256,256,0,7.784270707849969e-08,0.67710819921875
78,24,32,equal,40,complete,256,empirical_bernstein_fixed_forecast,0.04,0.00553102515625,0.00022870708782515763,0.01170646,0.011797426424899879,256,256,256,0,4.9787837602918224e-08,0.86172437109375
79,24,32,equal,40,coarse_interval,256,quota,0.04,0.017894807656249997,4.1570062981841175e-05,0.01879491,0.15262962625998458,0,0,256,0,1.7271841193703955e-07,0.55262980859375
79,24,32,equal,40,coarse_interval,256,harmonic_martingale,0.04,0.01790291109375,4.1410091747507335e-05,0.01879956,0.15323377440891028,0,0,256,0,1.8047798051902242e-07,0.55242722265625
79,24,32,equal,40,coarse_interval,256,weight_sensitive_product,0.04,0.01842651015625,3.107090239318557e-05,0.0190993,0.20531636035916823,0,0,256,0,2.275401661638786e-07,0.53933724609375
79,24,32,equal,40,coarse_interval,256,weight_sensitive_hybrid,0.04,0.01790291109375,4.1410091747507335e-05,0.01879956,0.15323377440891028,0,0,256,0,1.8047798051902242e-07,0.55242722265625
79,24,32,equal,40,coarse_interval,256,empirical_bernstein_fixed_forecast,0.04,0.017380756875,5.182715485868404e-05,0.018517569999999997,0.12638007070902615,0,0,256,0,1.515199806574757e-07,0.5654810781249999
80,24,32,equal,40,assignment_dependent,256,quota,0.04,0.0146872496875,2.3634032467215187e-05,0.01526725,0.2618550291301697,0,0,256,0,3.571848279917297e-07,0.6328187578125
80,24,32,equal,40,assignment_dependent,256,harmonic_martingale,0.04,0.014698515156250001,2.356240885832796e-05,0.01527687,0.2624941834417893,0,0,256,0,3.5657551940803947e-07,0.6325371210937499
80,24,32,equal,40,assignment_dependent,256,weight_sensitive_product,0.04,0.01571401109375,2.172348157970628e-05,0.01626,0.31464131945313323,0,0,256,0,4.023522999296951e-07,0.6071497226562499
80,24,32,equal,40,assignment_dependent,256,weight_sensitive_hybrid,0.04,0.014698515156250001,2.356240885832796e-05,0.01527687,0.2624941834417893,0,0,256,0,3.5657551940803947e-07,0.6325371210937499
80,24,32,equal,40,assignment_dependent,256,empirical_bernstein_fixed_forecast,0.04,0.014528617968750001,2.5596528486731455e-05,0.01515107,0.25319642237559103,0,0,256,0,3.5411542262589606e-07,0.6367845507812501
81,24,32,equal,160,complete,256,quota,0.16,0.0,0.0,0.0,0.0,256,256,256,0,0.0,1.0
81,24,32,equal,160,complete,256,harmonic_martingale,0.16,0.0,0.0,0.0,0.0,256,256,256,0,0.0,1.0
81,24,32,equal,160,complete,256,weight_sensitive_product,0.16,0.020115571875000002,0.0002501967693762446,0.026986,0.04665624134847019,175,256,256,0,1.8719021508643276e-07,0.87427767578125
81,24,32,equal,160,complete,256,weight_sensitive_hybrid,0.16,0.0,0.0,0.0,0.0,256,256,256,0,0.0,1.0
81,24,32,equal,160,complete,256,empirical_bernstein_fixed_forecast,0.16,0.0,0.0,0.0,0.0,256,256,256,0,0.0,1.0
82,24,32,equal,160,coarse_interval,256,quota,0.16,0.040621279375,0.00019164132825692088,0.04538156,0.11684836050639352,0,0,256,0,2.3564256323332475e-07,0.74611700390625
82,24,32,equal,160,coarse_interval,256,harmonic_martingale,0.16,0.040772816875,0.00019090373066759286,0.04551472,0.11759020377934495,0,0,256,0,2.3017008189353345e-07,0.7451698945312499
82,24,32,equal,160,coarse_interval,256,weight_sensitive_product,0.16,0.050567033125,0.00014323899719100673,0.05412504,0.17857225588398132,0,0,256,0,2.8626844111815124e-07,0.68395604296875
82,24,32,equal,160,coarse_interval,256,weight_sensitive_hybrid,0.16,0.040772816875,0.00019090373066759286,0.04551472,0.11759020377934495,0,0,256,0,2.3017008189353345e-07,0.7451698945312499
82,24,32,equal,160,coarse_interval,256,empirical_bernstein_fixed_forecast,0.16,0.031519518125,0.00023214266170084902,0.037228880000000006,0.0821288770610609,0,255,256,0,2.1509941442790207e-07,0.80300301171875
83,24,32,equal,160,assignment_dependent,256,quota,0.16,0.040399338125,0.00016098552933655413,0.044277119999999996,0.16832252904875403,0,0,256,0,3.32042198227861e-07,0.74750413671875
83,24,32,equal,160,assignment_dependent,256,harmonic_martingale,0.16,0.040505405625,0.0001603404203087228,0.04436892,0.16906590518260792,0,0,256,0,3.3596131528754175e-07,0.74684121484375
83,24,32,equal,160,assignment_dependent,256,weight_sensitive_product,0.16,0.048004998125000004,0.0001216211800125014,0.0509264,0.23077381131739116,0,0,256,0,3.8333457207288014e-07,0.69996876171875
83,24,32,equal,160,assignment_dependent,256,weight_sensitive_hybrid,0.16,0.040505405625,0.0001603404203087228,0.04436892,0.16906590518260792,0,0,256,0,3.3596131528754175e-07,0.74684121484375
83,24,32,equal,160,assignment_dependent,256,empirical_bernstein_fixed_forecast,0.16,0.038209511875000005,0.0001806796266728573,0.04251416,0.15369999369888554,0,0,256,0,3.2107273309643604e-07,0.76119055078125
84,24,32,concentrated,-160,complete,256,quota,-0.16,0.0393219175,0.0006505176001868947,0.05467652,0.11110000690226399,3,69,256,0,2.516076574308597e-07,0.245761984375
84,24,32,concentrated,-160,complete,256,harmonic_martingale,-0.16,0.06721879812499999,9.513151968529292e-05,0.0695974,0.24327646467226244,0,0,256,0,2.8538108356290177e-07,0.42011748828125
84,24,32,concentrated,-160,complete,256,weight_sensitive_product,-0.16,0.044734279375000005,0.0005855253361392476,0.05848036,0.13224498701392493,0,16,256,0,2.707573793490618e-07,0.27958924609375
84,24,32,concentrated,-160,complete,256,weight_sensitive_hybrid,-0.16,0.044734279375000005,0.0005855253361392476,0.05848036,0.13224498701392493,0,16,256,0,2.707573793490618e-07,0.27958924609375
84,24,32,concentrated,-160,complete,256,empirical_bernstein_fixed_forecast,-0.16,0.027148008124999998,0.0008139456464823585,0.04668988,0.06434242187345773,67,245,256,0,2.2379247869119586e-07,0.16967505078125
85,24,32,concentrated,-160,coarse_interval,256,quota,-0.16,0.05578079312499999,0.00036509510154475027,0.0657084,0.21718089043979816,0,0,256,0,3.334204100342776e-07,0.34862995703125
85,24,32,concentrated,-160,coarse_interval,256,harmonic_martingale,-0.16,0.06858960625,8.637962591933624e-05,0.07096584,0.29380797143258763,0,0,256,0,3.403715182124273e-07,0.4286850390625
85,24,32,concentrated,-160,coarse_interval,256,weight_sensitive_product,-0.16,0.05850332375,0.0003318838522966114,0.0674702,0.23414548910851896,0,0,256,0,3.37256874141296e-07,0.36564577343750004
85,24,32,concentrated,-160,coarse_interval,256,weight_sensitive_hybrid,-0.16,0.05850332375,0.0003318838522966114,0.0674702,0.23414548910851896,0,0,256,0,3.37256874141296e-07,0.36564577343750004
85,24,32,concentrated,-160,coarse_interval,256,empirical_bernstein_fixed_forecast,-0.16,0.04839656125,0.0004361813296981529,0.060054,0.1830170530003149,0,0,256,0,3.343741370511218e-07,0.3024785078125
86,24,32,concentrated,-160,assignment_dependent,256,quota,-0.16,0.08628540312500001,0.00010574377401299203,0.08935976,0.40125661016012226,0,0,256,0,4.40741315647028e-07,0.53928376953125
86,24,32,concentrated,-160,assignment_dependent,256,harmonic_martingale,-0.16,0.084363339375,2.4301193924886464e-05,0.08494856,0.4117266187494266,0,0,256,0,4.3473333503862486e-07,0.5272708710937499
86,24,32,concentrated,-160,assignment_dependent,256,weight_sensitive_product,-0.16,0.085595141875,8.843820599544121e-05,0.08832024,0.40501567420817386,0,0,256,0,4.380244801134754e-07,0.53496963671875
86,24,32,concentrated,-160,assignment_dependent,256,weight_sensitive_hybrid,-0.16,0.085595141875,8.843820599544121e-05,0.08832024,0.40501567420817386,0,0,256,0,4.380244801134754e-07,0.53496963671875
86,24,32,concentrated,-160,assignment_dependent,256,empirical_bernstein_fixed_forecast,-0.16,0.0861822475,0.0001304575477662798,0.09030592,0.4017769917942041,0,0,256,0,4.451530036589824e-07,0.538639046875
87,24,32,concentrated,0,complete,256,quota,0.0,0.0,0.0,0.0,0.15120387699099008,0,0,256,0,1.976999185985437e-07,0.49875542968750003
87,24,32,concentrated,0,complete,256,harmonic_martingale,0.0,0.0,0.0,0.0,0.2499303987274725,0,0,256,0,2.5609375e-07,0.49978022265625
87,24,32,concentrated,0,complete,256,weight_sensitive_product,0.0,0.0,0.0,0.0,0.16964773526746452,0,0,256,0,2.1386462338316613e-07,0.49888502343749996
87,24,32,concentrated,0,complete,256,weight_sensitive_hybrid,0.0,0.0,0.0,0.0,0.16964773526746452,0,0,256,0,2.1386462338316613e-07,0.49888502343749996
87,24,32,concentrated,0,complete,256,empirical_bernstein_fixed_forecast,0.0,0.0,0.0,0.0,0.12056750191435556,0,7,256,0,1.775678771747098e-07,0.4983104453125
88,24,32,concentrated,0,coarse_interval,256,quota,0.0,0.0,0.0,0.0,0.2524380226624684,0,0,256,0,2.809411424336246e-07,0.50219046875
88,24,32,concentrated,0,coarse_interval,256,harmonic_martingale,0.0,0.0,0.0,0.0,0.2999300706217448,0,0,256,0,3.032503060912152e-07,0.5001861953125
88,24,32,concentrated,0,coarse_interval,256,weight_sensitive_product,0.0,0.0,0.0,0.0,0.2697177753206036,0,0,256,0,3.0116689827725137e-07,0.5020081132812501
88,24,32,concentrated,0,coarse_interval,256,weight_sensitive_hybrid,0.0,0.0,0.0,0.0,0.2697177753206036,0,0,256,0,3.0116689827725137e-07,0.5020081132812501
88,24,32,concentrated,0,coarse_interval,256,empirical_bernstein_fixed_forecast,0.0,0.0,0.0,0.0,0.22558675569124131,0,0,256,0,2.752493227354409e-07,0.5026293007812501
89,24,32,concentrated,0,assignment_dependent,256,quota,0.0,0.0,0.0,0.0,0.3579764723077517,0,0,256,0,4.033165268086664e-07,0.5571265546874999
89,24,32,concentrated,0,assignment_dependent,256,harmonic_martingale,0.0,0.0,0.0,0.0,0.36968036668910176,0,0,256,0,4.0688030064798934e-07,0.54336801953125
89,24,32,concentrated,0,assignment_dependent,256,weight_sensitive_product,0.0,0.0,0.0,0.0,0.36218992612698797,0,0,256,0,4.07776075871567e-07,0.5524946523437501
89,24,32,concentrated,0,assignment_dependent,256,weight_sensitive_hybrid,0.0,0.0,0.0,0.0,0.36218992612698797,0,0,256,0,4.07776075871567e-07,0.5524946523437501
89,24,32,concentrated,0,assignment_dependent,256,empirical_bernstein_fixed_forecast,0.0,0.0,0.0,0.0,0.35669781948254486,0,0,256,0,4.027126061736068e-07,0.5582474453125001
90,24,32,concentrated,40,complete,256,quota,0.04,0.01721690921875,0.00021020884846108023,0.022299569999999998,0.14775214912336657,0,2,256,0,2.292100174458214e-07,0.56957726953125
90,24,32,concentrated,40,complete,256,harmonic_martingale,0.04,0.019180976562499997,2.0886810027860542e-05,0.01967339,0.249499003987959,0,0,256,0,2.6328125e-07,0.5204755859375
90,24,32,concentrated,40,complete,256,weight_sensitive_product,0.04,0.01751104875,0.00018739038345003912,0.02206019,0.16653076165553987,0,2,256,0,2.358706772765816e-07,0.5622237812499999
90,24,32,concentrated,40,complete,256,weight_sensitive_hybrid,0.04,0.01751104875,0.00018739038345003912,0.02206019,0.16653076165553987,0,2,256,0,2.358706772765816e-07,0.5622237812499999
90,24,32,concentrated,40,complete,256,empirical_bernstein_fixed_forecast,0.04,0.016630164531249998,0.0002553596133082982,0.022876559999999997,0.11869706479075998,2,16,256,0,1.8706339759750561e-07,0.5842458867187501
91,24,32,concentrated,40,coarse_interval,256,quota,0.04,0.018892922812499997,0.00012625787229064624,0.02200392,0.25097775915886966,0,0,256,0,2.9598091852324944e-07,0.5276769296875
91,24,32,concentrated,40,coarse_interval,256,harmonic_martingale,0.04,0.01953662546875,1.9905058054605783e-05,0.0200568,0.29976333983709164,0,0,256,0,3.092496939087848e-07,0.51158436328125
91,24,32,concentrated,40,coarse_interval,256,weight_sensitive_product,0.04,0.01900001453125,0.00010853727452223981,0.02169791,0.26808548427451134,0,0,256,0,3.055708525901664e-07,0.52499963671875
91,24,32,concentrated,40,coarse_interval,256,weight_sensitive_hybrid,0.04,0.01900001453125,0.00010853727452223981,0.02169791,0.26808548427451134,0,0,256,0,3.055708525901664e-07,0.52499963671875
91,24,32,concentrated,40,coarse_interval,256,empirical_bernstein_fixed_forecast,0.04,0.018746944218750002,0.00015160338550603345,0.022496420000000003,0.22473652253774615,0,0,256,0,2.7766605299680023e-07,0.53132639453125
92,24,32,concentrated,40,assignment_dependent,256,quota,0.04,0.01726842046875,4.7615649691444446e-05,0.01826663,0.34718342005101926,0,0,256,0,4.038564441887227e-07,0.5682894882812499
92,24,32,concentrated,40,assignment_dependent,256,harmonic_martingale,0.04,0.018006515625,1.0441155900693458e-05,0.018266150000000002,0.36262303975894816,0,0,256,0,4.04187266566555e-07,0.549837109375
92,24,32,concentrated,40,assignment_dependent,256,weight_sensitive_product,0.04,0.017538743750000002,3.653337141846828e-05,0.018257009999999997,0.35300903388863636,0,0,256,0,4.038564441887227e-07,0.5615314062500001
92,24,32,concentrated,40,assignment_dependent,256,weight_sensitive_hybrid,0.04,0.017538743750000002,3.653337141846828e-05,0.018257009999999997,0.35300903388863636,0,0,256,0,4.038564441887227e-07,0.5615314062500001
92,24,32,concentrated,40,assignment_dependent,256,empirical_bernstein_fixed_forecast,0.04,0.016991706875,5.833532772636231e-05,0.0181646,0.3415376626715476,0,0,256,0,4.0618276509109694e-07,0.5752073281250001
93,24,32,concentrated,160,complete,256,quota,0.16,0.04082365875,0.0008946704786937324,0.06619512,0.1127997485300071,8,75,256,0,2.6297543400987397e-07,0.7448521328125001
93,24,32,concentrated,160,complete,256,harmonic_martingale,0.16,0.06736023187500001,8.72187350384188e-05,0.06966064,0.2436835845501894,0,0,256,0,2.9171875e-07,0.5789985507812501
93,24,32,concentrated,160,complete,256,weight_sensitive_product,0.16,0.0450756425,0.0007872374101434632,0.0676324,0.1351001132726726,1,22,256,0,2.704291698213263e-07,0.718277234375
93,24,32,concentrated,160,complete,256,weight_sensitive_hybrid,0.16,0.0450756425,0.0007872374101434632,0.0676324,0.1351001132726726,1,22,256,0,2.704291698213263e-07,0.718277234375
93,24,32,concentrated,160,complete,256,empirical_bernstein_fixed_forecast,0.16,0.034999039999999995,0.0010029731284602462,0.0627182,0.08624575907085882,26,159,256,0,2.3232793484835182e-07,0.781256
94,24,32,concentrated,160,coarse_interval,256,quota,0.16,0.05711576,0.0004919683039455477,0.07042483999999999,0.22620031567239746,0,0,256,0,3.276742569631215e-07,0.6430265
94,24,32,concentrated,160,coarse_interval,256,harmonic_martingale,0.16,0.069694991875,7.90963706210809e-05,0.07170448,0.2949475585449219,0,0,256,0,3.3709060299969393e-07,0.5644063007812501
94,24,32,concentrated,160,coarse_interval,256,weight_sensitive_product,0.16,0.059242754999999994,0.00041565577824178543,0.06979732,0.24355546517804652,0,0,256,0,3.327133970302429e-07,0.62973278125
94,24,32,concentrated,160,coarse_interval,256,weight_sensitive_hybrid,0.16,0.059242754999999994,0.00041565577824178543,0.06979732,0.24355546517804652,0,0,256,0,3.327133970302429e-07,0.62973278125
94,24,32,concentrated,160,coarse_interval,256,empirical_bernstein_fixed_forecast,0.16,0.05535251375,0.0005475236653374471,0.07043063999999999,0.20573850420141632,0,0,256,0,3.1901745778535544e-07,0.6540467890624999
95,24,32,concentrated,160,assignment_dependent,256,quota,0.16,0.056146311875,0.00034099392112535816,0.06404428,0.27108464591191833,0,0,256,0,3.8647955562493713e-07,0.64908555078125
95,24,32,concentrated,160,assignment_dependent,256,harmonic_martingale,0.16,0.06678456125,6.066734256028698e-05,0.06838388000000001,0.324396451301621,0,0,256,0,3.9035310734463276e-07,0.5825964921875
95,24,32,concentrated,160,assignment_dependent,256,weight_sensitive_product,0.16,0.05869847125,0.0002869411069241161,0.06476532,0.28460538691810333,0,0,256,0,3.903064667689424e-07,0.6331345546875
95,24,32,concentrated,160,assignment_dependent,256,weight_sensitive_hybrid,0.16,0.05869847125,0.0002869411069241161,0.06476532,0.28460538691810333,0,0,256,0,3.903064667689424e-07,0.6331345546875
95,24,32,concentrated,160,assignment_dependent,256,empirical_bernstein_fixed_forecast,0.16,0.055516055,0.00034191390779238966,0.06274228,0.2673189192781107,0,0,256,0,3.8635324275558316e-07,0.65302465625
96,64,8,equal,-160,complete,256,quota,-0.16,1.8845e-05,9.867805043298585e-06,0.0,3.0761092945434314e-05,256,256,256,0,9.175428908746262e-08,0.00011778124999999999
96,64,8,equal,-160,complete,256,harmonic_martingale,-0.16,2.6936249999999998e-05,1.3038809045208155e-05,0.0,4.411600830432312e-05,256,256,256,0,1.001226526819577e-07,0.0001683515625
96,64,8,equal,-160,complete,256,weight_sensitive_product,-0.16,0.030902676249999997,0.0002517421029365673,0.03744712,0.0811086764962563,0,256,256,0,2.2234079066523725e-07,0.1931417265625
96,64,8,equal,-160,complete,256,weight_sensitive_hybrid,-0.16,2.6936249999999998e-05,1.3038809045208155e-05,0.0,4.411600830432312e-05,256,256,256,0,1.001226526819577e-07,0.0001683515625
96,64,8,equal,-160,complete,256,empirical_bernstein_fixed_forecast,-0.16,0.0,0.0,0.0,0.0,256,256,256,0,0.0,0.0
97,64,8,equal,-160,coarse_interval,256,quota,-0.16,0.038878802500000004,0.00019745565254193108,0.04396212,0.12176636910651262,0,0,256,0,2.578996044151255e-07,0.24299251562500002
97,64,8,equal,-160,coarse_interval,256,harmonic_martingale,-0.16,0.03896465125,0.0001970438667918593,0.04403736,0.12220529386516103,0,0,256,0,2.613557353759498e-07,0.2435290703125
97,64,8,equal,-160,coarse_interval,256,weight_sensitive_product,-0.16,0.0523917475,0.00013550737235777552,0.0558604,0.19540316602925423,0,0,256,0,3.026863433179681e-07,0.327448421875
97,64,8,equal,-160,coarse_interval,256,weight_sensitive_hybrid,-0.16,0.03896465125,0.0001970438667918593,0.04403736,0.12220529386516103,0,0,256,0,2.613557353759498e-07,0.2435290703125
97,64,8,equal,-160,coarse_interval,256,empirical_bernstein_fixed_forecast,-0.16,0.029585270625,0.00023587956057552421,0.035607719999999995,0.08488882460022727,0,246,256,0,2.331924061086599e-07,0.18490794140625
98,64,8,equal,-160,assignment_dependent,256,quota,-0.16,0.08997480125000001,3.92136794958305e-05,0.09107824,0.3644163857508272,0,0,256,0,4.16608479876579e-07,0.5623425078125
98,64,8,equal,-160,assignment_dependent,256,harmonic_martingale,-0.16,0.08997012374999999,3.9191209733012964e-05,0.09107296000000001,0.36459253611317904,0,0,256,0,4.108945544164894e-07,0.5623132734375
98,64,8,equal,-160,assignment_dependent,256,weight_sensitive_product,-0.16,0.088108049375,4.293523245687528e-05,0.08928828,0.39253198978542864,0,0,256,0,4.382377424913427e-07,0.5506753085937499
98,64,8,equal,-160,assignment_dependent,256,weight_sensitive_hybrid,-0.16,0.08997012374999999,3.9191209733012964e-05,0.09107296000000001,0.36459253611317904,0,0,256,0,4.108945544164894e-07,0.5623132734375
98,64,8,equal,-160,assignment_dependent,256,empirical_bernstein_fixed_forecast,-0.16,0.09012436187499999,4.070128866999148e-05,0.09128855999999999,0.35890538120078863,0,0,256,0,4.1489063230817493e-07,0.56327726171875
99,64,8,equal,0,complete,256,quota,0.0,0.0,0.0,0.0,0.06518808939646123,0,256,256,0,7.555680477579161e-08,0.5030689765625
99,64,8,equal,0,complete,256,harmonic_martingale,0.0,0.0,0.0,0.0,0.06553842000805604,0,256,256,0,7.492623410931263e-08,0.50305289453125
99,64,8,equal,0,complete,256,weight_sensitive_product,0.0,0.0,0.0,0.0,0.13031710389132437,0,0,256,0,1.4746594399952824e-07,0.5015466875
99,64,8,equal,0,complete,256,weight_sensitive_hybrid,0.0,0.0,0.0,0.0,0.06553842000805604,0,256,256,0,7.492623410931263e-08,0.50305289453125
99,64,8,equal,0,complete,256,empirical_bernstein_fixed_forecast,0.0,0.0,0.0,0.0,0.03291116741984049,256,256,256,0,5.167929973883267e-08,0.50592955078125
100,64,8,equal,0,coarse_interval,256,quota,0.0,0.0,0.0,0.0,0.1655728043478182,0,0,256,0,1.8054426029260184e-07,0.5021621992187499
100,64,8,equal,0,coarse_interval,256,harmonic_martingale,0.0,0.0,0.0,0.0,0.165920281015418,0,0,256,0,1.0882847334010056e-07,0.5021576875
100,64,8,equal,0,coarse_interval,256,weight_sensitive_product,0.0,0.0,0.0,0.0,0.2304533276827062,0,0,256,0,2.254478498772363e-07,0.5015547031250001
100,64,8,equal,0,coarse_interval,256,weight_sensitive_hybrid,0.0,0.0,0.0,0.0,0.165920281015418,0,0,256,0,1.0882847334010056e-07,0.5021576875
100,64,8,equal,0,coarse_interval,256,empirical_bernstein_fixed_forecast,0.0,0.0,0.0,0.0,0.13614537049739756,0,0,256,0,1.432118457919e-07,0.5027678164062499
101,64,8,equal,0,assignment_dependent,256,quota,0.0,0.0,0.0,0.0,0.2980383486056681,0,0,256,0,3.9993067433655506e-07,0.6058958671875001
101,64,8,equal,0,assignment_dependent,256,harmonic_martingale,0.0,0.0,0.0,0.0,0.29840091005532765,0,0,256,0,3.8817966913787223e-07,0.6057777656250001
101,64,8,equal,0,assignment_dependent,256,weight_sensitive_product,0.0,0.0,0.0,0.0,0.3489247863004789,0,0,256,0,4.0435828144020955e-07,0.5704112734375
101,64,8,equal,0,assignment_dependent,256,weight_sensitive_hybrid,0.0,0.0,0.0,0.0,0.29840091005532765,0,0,256,0,3.8817966913787223e-07,0.6057777656250001
101,64,8,equal,0,assignment_dependent,256,empirical_bernstein_fixed_forecast,0.0,0.0,0.0,0.0,0.29107084972751374,0,0,256,0,3.97334493783409e-07,0.6082587109375
102,64,8,equal,40,complete,256,quota,0.04,0.0141080040625,0.00012516178070461832,0.017297569999999998,0.0594692100590131,7,256,256,0,9.549263221934785e-08,0.6472998984375
102,64,8,equal,40,complete,256,harmonic_martingale,0.04,0.014138885,0.00012450579800500356,0.01731175,0.059849515599402756,7,256,256,0,1.0446058496876246e-07,0.6465278749999999
102,64,8,equal,40,complete,256,weight_sensitive_product,0.04,0.01703064265625,6.307710006177142e-05,0.01863809,0.12743499001233932,0,0,256,0,1.595256963236953e-07,0.57423393359375
102,64,8,equal,40,complete,256,weight_sensitive_hybrid,0.04,0.014138885,0.00012450579800500356,0.01731175,0.059849515599402756,7,256,256,0,1.0446058496876246e-07,0.6465278749999999
102,64,8,equal,40,complete,256,empirical_bernstein_fixed_forecast,0.04,0.00858428421875,0.00023746093960407634,0.01474875,0.02161530018728203,256,256,256,0,6.144713237607374e-08,0.7853928945312499
103,64,8,equal,40,coarse_interval,256,quota,0.04,0.01820436140625,5.017729932221996e-05,0.01934048,0.1642380798563276,0,0,256,0,1.9406007005992514e-07,0.54489096484375
103,64,8,equal,40,coarse_interval,256,harmonic_martingale,0.04,0.01820810546875,5.0072453167937214e-05,0.01934184,0.16458833475052592,0,0,256,0,1.6696988011334342e-07,0.54479736328125
103,64,8,equal,40,coarse_interval,256,weight_sensitive_product,0.04,0.018708885468750002,3.6078867744849794e-05,0.0195258,0.22949360869961788,0,0,256,0,2.4717069962127633e-07,0.5322778632812499
103,64,8,equal,40,coarse_interval,256,weight_sensitive_hybrid,0.04,0.01820810546875,5.0072453167937214e-05,0.01934184,0.16458833475052592,0,0,256,0,1.6696988011334342e-07,0.54479736328125
103,64,8,equal,40,coarse_interval,256,empirical_bernstein_fixed_forecast,0.04,0.0177171959375,6.385324731853151e-05,0.01918862,0.13434002835261455,0,0,256,0,1.661021881553661e-07,0.5570701015624999
104,64,8,equal,40,assignment_dependent,256,quota,0.04,0.01485480765625,2.529133579052606e-05,0.015487790000000001,0.2726341134056415,0,0,256,0,3.7070060672300486e-07,0.62862980859375
104,64,8,equal,40,assignment_dependent,256,harmonic_martingale,0.04,0.01486093484375,2.524873677375261e-05,0.0154929,0.2730040933548099,0,0,256,0,3.743906859155769e-07,0.62847662890625
104,64,8,equal,40,assignment_dependent,256,weight_sensitive_product,0.04,0.016512971718750002,2.349412712130091e-05,0.01711497,0.3307553098719951,0,0,256,0,4.0735780303419783e-07,0.58717570703125
104,64,8,equal,40,assignment_dependent,256,weight_sensitive_hybrid,0.04,0.01486093484375,2.524873677375261e-05,0.0154929,0.2730040933548099,0,0,256,0,3.743906859155769e-07,0.62847662890625
104,64,8,equal,40,assignment_dependent,256,empirical_bernstein_fixed_forecast,0.04,0.01469794234375,2.7512909164858446e-05,0.01538397,0.263551376104461,0,0,256,0,3.6203603374079743e-07,0.63255144140625
105,64,8,equal,160,complete,256,quota,0.16,2.92175e-05,1.6992408281087662e-05,0.0,4.7326486529089e-05,256,256,256,0,1.2276527141207092e-07,0.9998173906250001
105,64,8,equal,160,complete,256,harmonic_martingale,0.16,3.39775e-05,1.9701663122168436e-05,0.0,5.518737951912054e-05,256,256,256,0,1.0077350844260369e-07,0.999787640625
105,64,8,equal,160,complete,256,weight_sensitive_product,0.16,0.0314362375,0.00024711267283580163,0.037572640000000004,0.08218441397771642,0,256,256,0,2.108504248320239e-07,0.803523515625
105,64,8,equal,160,complete,256,weight_sensitive_hybrid,0.16,3.39775e-05,1.9701663122168436e-05,0.0,5.518737951912054e-05,256,256,256,0,1.0077350844260369e-07,0.999787640625
105,64,8,equal,160,complete,256,empirical_bernstein_fixed_forecast,0.16,0.0,0.0,0.0,0.0,256,256,256,0,0.0,1.0
106,64,8,equal,160,coarse_interval,256,quota,0.16,0.043986379374999995,0.00020034673486942983,0.04909696,0.1319676366811671,0,0,256,0,2.3939091826983576e-07,0.72508512890625
106,64,8,equal,160,coarse_interval,256,harmonic_martingale,0.16,0.04406156875,0.00019992824418288852,0.04916144,0.1323852672111236,0,0,256,0,2.5872680329270535e-07,0.7246151953125
106,64,8,equal,160,coarse_interval,256,weight_sensitive_product,0.16,0.054105200625,0.00014405485749478082,0.05777984,0.2062902552094997,0,0,256,0,3.062797977143321e-07,0.66184249609375
106,64,8,equal,160,coarse_interval,256,weight_sensitive_hybrid,0.16,0.04406156875,0.00019992824418288852,0.04916144,0.1323852672111236,0,0,256,0,2.5872680329270535e-07,0.7246151953125
106,64,8,equal,160,coarse_interval,256,empirical_bernstein_fixed_forecast,0.16,0.03482967375,0.0002469072719945048,0.04110896,0.09379143621793813,0,200,256,0,2.2409345183049107e-07,0.7823145390625
107,64,8,equal,160,assignment_dependent,256,quota,0.16,0.042636585625,0.00019025335477440374,0.04761572,0.18449837212376732,0,0,256,0,3.472418336736111e-07,0.73352133984375
107,64,8,equal,160,assignment_dependent,256,harmonic_martingale,0.16,0.042691678749999996,0.00018984201165446354,0.04766068,0.18492134856988268,0,0,256,0,3.485328001633123e-07,0.7331770078125
107,64,8,equal,160,assignment_dependent,256,weight_sensitive_product,0.16,0.052518619375,0.00014713824591478864,0.056349880000000005,0.2561037433268725,0,0,256,0,3.8993484304850803e-07,0.67175862890625
107,64,8,equal,160,assignment_dependent,256,weight_sensitive_hybrid,0.16,0.042691678749999996,0.00018984201165446354,0.04766068,0.18492134856988268,0,0,256,0,3.485328001633123e-07,0.7331770078125
107,64,8,equal,160,assignment_dependent,256,empirical_bernstein_fixed_forecast,0.16,0.040551934375,0.00021421547282312895,0.046033920000000006,0.16929330588935337,0,0,256,0,3.4166333884408775e-07,0.7465504101562501
108,64,8,concentrated,-160,complete,256,quota,-0.16,0.033721134375,0.0006256386559414382,0.0502556,0.08966172720937726,14,166,256,0,2.405432555989282e-07,0.21075708984375
108,64,8,concentrated,-160,complete,256,harmonic_martingale,-0.16,0.067177219375,0.00011605455412281557,0.07020756,0.24344316380631958,0,0,256,0,2.952401951585663e-07,0.41985762109375
108,64,8,concentrated,-160,complete,256,weight_sensitive_product,-0.16,0.04601231875,0.00048646408186776217,0.05877064,0.13637524109343796,0,7,256,0,2.619006360258474e-07,0.2875769921875
108,64,8,concentrated,-160,complete,256,weight_sensitive_hybrid,-0.16,0.04601231875,0.00048646408186776217,0.05877064,0.13637524109343796,0,7,256,0,2.619006360258474e-07,0.2875769921875
108,64,8,concentrated,-160,complete,256,empirical_bernstein_fixed_forecast,-0.16,0.043898943125000006,0.0004952908939694726,0.05658272,0.1282170240135876,0,13,256,0,2.5083464763964535e-07,0.27436839453125
109,64,8,concentrated,-160,coarse_interval,256,quota,-0.16,0.053069776875,0.0003498447548787007,0.06253548,0.2000552088145155,0,0,256,0,3.1625993475522196e-07,0.33168610546875
109,64,8,concentrated,-160,coarse_interval,256,harmonic_martingale,-0.16,0.068593394375,0.00010460193375069947,0.07150688,0.2937704245384739,0,0,256,0,3.3949928066554076e-07,0.42870871484375
109,64,8,concentrated,-160,coarse_interval,256,weight_sensitive_product,-0.16,0.05904752125,0.0002842947889710121,0.06651588,0.23670537176388934,0,0,256,0,3.4039678886957535e-07,0.3690470078125
109,64,8,concentrated,-160,coarse_interval,256,weight_sensitive_hybrid,-0.16,0.05904752125,0.0002842947889710121,0.06651588,0.23670537176388934,0,0,256,0,3.4039678886957535e-07,0.3690470078125
109,64,8,concentrated,-160,coarse_interval,256,empirical_bernstein_fixed_forecast,-0.16,0.05778844125,0.00032485969989410506,0.06684948,0.23109212594669296,0,0,256,0,3.339810050442118e-07,0.36117775781250006
110,64,8,concentrated,-160,assignment_dependent,256,quota,-0.16,0.08852687124999999,0.00011242401739987412,0.09165724,0.38821620362463516,0,0,256,0,4.271688200729933e-07,0.5532929453125
110,64,8,concentrated,-160,assignment_dependent,256,harmonic_martingale,-0.16,0.08473523375,2.9366382998848327e-05,0.08551068,0.4088424108965646,0,0,256,0,4.378250269906479e-07,0.5295952109375
110,64,8,concentrated,-160,assignment_dependent,256,weight_sensitive_product,-0.16,0.086574694375,9.306492847223699e-05,0.08940028,0.39882468813867167,0,0,256,0,4.2839714497145326e-07,0.5410918398437501
110,64,8,concentrated,-160,assignment_dependent,256,weight_sensitive_hybrid,-0.16,0.086574694375,9.306492847223699e-05,0.08940028,0.39882468813867167,0,0,256,0,4.2839714497145326e-07,0.5410918398437501
110,64,8,concentrated,-160,assignment_dependent,256,empirical_bernstein_fixed_forecast,-0.16,0.086507975625,0.00011488816463397853,0.09006992,0.3991921091757959,0,0,256,0,4.378250269906479e-07,0.54067484765625
111,64,8,concentrated,0,complete,256,quota,0.0,0.0,0.0,0.0,0.13499876844088432,0,0,256,0,1.755011324491083e-07,0.49947873437499996
111,64,8,concentrated,0,complete,256,harmonic_martingale,0.0,0.0,0.0,0.0,0.24990678167620933,0,0,256,0,2.588703321448677e-07,0.4991335234375
111,64,8,concentrated,0,complete,256,weight_sensitive_product,0.0,0.0,0.0,0.0,0.17441832912963673,0,0,256,0,2.1475326558638714e-07,0.49959281250000004
111,64,8,concentrated,0,complete,256,weight_sensitive_hybrid,0.0,0.0,0.0,0.0,0.17441832912963673,0,0,256,0,2.1475326558638714e-07,0.49959281250000004
111,64,8,concentrated,0,complete,256,empirical_bernstein_fixed_forecast,0.0,0.0,0.0,0.0,0.16898580591936016,0,0,256,0,2.0854767989097087e-07,0.49959654687500005
112,64,8,concentrated,0,coarse_interval,256,quota,0.0,0.0,0.0,0.0,0.2363749141223312,0,0,256,0,2.69625201205617e-07,0.49651772265624994
112,64,8,concentrated,0,coarse_interval,256,harmonic_martingale,0.0,0.0,0.0,0.0,0.2999248627568493,0,0,256,0,3.115844123350222e-07,0.49951837890624995
112,64,8,concentrated,0,coarse_interval,256,weight_sensitive_product,0.0,0.0,0.0,0.0,0.273759019624828,0,0,256,0,2.9263589634046965e-07,0.49738456640624995
112,64,8,concentrated,0,coarse_interval,256,weight_sensitive_hybrid,0.0,0.0,0.0,0.0,0.273759019624828,0,0,256,0,2.9263589634046965e-07,0.49738456640624995
112,64,8,concentrated,0,coarse_interval,256,empirical_bernstein_fixed_forecast,0.0,0.0,0.0,0.0,0.2710204934517898,0,0,256,0,2.971270501583363e-07,0.49669792578124994
113,64,8,concentrated,0,assignment_dependent,256,quota,0.0,0.0,0.0,0.0,0.3482283371085527,0,0,256,0,4.103695651305555e-07,0.57119064453125
113,64,8,concentrated,0,assignment_dependent,256,harmonic_martingale,0.0,0.0,0.0,0.0,0.37033910080262067,0,0,256,0,4.133817742951882e-07,0.54480469140625
113,64,8,concentrated,0,assignment_dependent,256,weight_sensitive_product,0.0,0.0,0.0,0.0,0.359735506076309,0,0,256,0,4.133817742951882e-07,0.55771805078125
113,64,8,concentrated,0,assignment_dependent,256,weight_sensitive_hybrid,0.0,0.0,0.0,0.0,0.359735506076309,0,0,256,0,4.133817742951882e-07,0.55771805078125
113,64,8,concentrated,0,assignment_dependent,256,empirical_bernstein_fixed_forecast,0.0,0.0,0.0,0.0,0.3602439638763222,0,0,256,0,4.133817742951882e-07,0.5570086015625
114,64,8,concentrated,40,complete,256,quota,0.04,0.01717897703125,0.0001850457996625688,0.02192174,0.13243188153257235,0,0,256,0,1.9007392879628822e-07,0.5705255742187499
114,64,8,concentrated,40,complete,256,harmonic_martingale,0.04,0.01922991140625,2.2298375820778875e-05,0.01978801,0.2495502375549149,0,0,256,0,2.601032088571965e-07,0.51925221484375
114,64,8,concentrated,40,complete,256,weight_sensitive_product,0.04,0.017796850156250002,0.00014447366128913142,0.021501179999999998,0.17241069717877588,0,0,256,0,2.208026685259577e-07,0.5550787460937501
114,64,8,concentrated,40,complete,256,weight_sensitive_hybrid,0.04,0.017796850156250002,0.00014447366128913142,0.021501179999999998,0.17241069717877588,0,0,256,0,2.208026685259577e-07,0.5550787460937501
114,64,8,concentrated,40,complete,256,empirical_bernstein_fixed_forecast,0.04,0.017747665156250002,0.0001475777003866619,0.02157733,0.16806581004992918,0,0,256,0,2.1795239913060963e-07,0.55630837109375
115,64,8,concentrated,40,coarse_interval,256,quota,0.04,0.01870233828125,0.00010892544546722548,0.021538380000000003,0.23532866926309665,0,0,256,0,2.770340249970723e-07,0.53244154296875
115,64,8,concentrated,40,coarse_interval,256,harmonic_martingale,0.04,0.01950993578125,1.988678525117328e-05,0.02004568,0.29974439401487585,0,0,256,0,3.115844123350222e-07,0.51225160546875
115,64,8,concentrated,40,coarse_interval,256,weight_sensitive_product,0.04,0.0189605465625,8.262270292809865e-05,0.0211996,0.273094363196894,0,0,256,0,3.032787412741943e-07,0.5259863359375
115,64,8,concentrated,40,coarse_interval,256,weight_sensitive_hybrid,0.04,0.0189605465625,8.262270292809865e-05,0.0211996,0.273094363196894,0,0,256,0,3.032787412741943e-07,0.5259863359375
115,64,8,concentrated,40,coarse_interval,256,empirical_bernstein_fixed_forecast,0.04,0.0189415115625,8.701550952563072e-05,0.02119331,0.27000080494247675,0,0,256,0,3.0561044902714257e-07,0.5264622109375
116,64,8,concentrated,40,assignment_dependent,256,quota,0.04,0.01671188359375,4.841728251513434e-05,0.0179643,0.3336101652505564,0,0,256,0,3.973599455895872e-07,0.58220291015625
116,64,8,concentrated,40,assignment_dependent,256,harmonic_martingale,0.04,0.01791251328125,1.0996812082368913e-05,0.01818807,0.35892727516899214,0,0,256,0,3.975116584086272e-07,0.55218716796875
116,64,8,concentrated,40,assignment_dependent,256,weight_sensitive_product,0.04,0.017399552968750003,3.054274196583237e-05,0.0180285,0.34862021152163825,0,0,256,0,4.052717909358852e-07,0.56501117578125
116,64,8,concentrated,40,assignment_dependent,256,weight_sensitive_hybrid,0.04,0.017399552968750003,3.054274196583237e-05,0.0180285,0.34862021152163825,0,0,256,0,4.052717909358852e-07,0.56501117578125
116,64,8,concentrated,40,assignment_dependent,256,empirical_bernstein_fixed_forecast,0.04,0.0174320121875,3.5538905186689273e-05,0.01811405,0.34920534871860015,0,0,256,0,4.0097950430742546e-07,0.5641996953125
117,64,8,concentrated,160,complete,256,quota,0.16,0.03388901375,0.0008014975047255103,0.05558848,0.08873652840737983,21,161,256,0,2.433606750933408e-07,0.7881936640625
117,64,8,concentrated,160,complete,256,harmonic_martingale,0.16,0.06729888625,8.8705929637133e-05,0.06969788,0.24362024882136935,0,0,256,0,2.8697340026271344e-07,0.5793819609374999
117,64,8,concentrated,160,complete,256,weight_sensitive_product,0.16,0.0441761375,0.00060982709297139,0.06093108,0.13807763354873354,0,10,256,0,2.7452356968193514e-07,0.7238991406249999
117,64,8,concentrated,160,complete,256,weight_sensitive_hybrid,0.16,0.0441761375,0.00060982709297139,0.06093108,0.13807763354873354,0,10,256,0,2.7452356968193514e-07,0.7238991406249999
117,64,8,concentrated,160,complete,256,empirical_bernstein_fixed_forecast,0.16,0.04463694875,0.0005730294994975439,0.060812399999999996,0.13862282873146098,0,8,256,0,2.6798858949341186e-07,0.7210190703125
118,64,8,concentrated,160,coarse_interval,256,quota,0.16,0.05504709,0.00048475433060994724,0.067808,0.2104960101511448,0,0,256,0,3.2405811700162276e-07,0.6559556875
118,64,8,concentrated,160,coarse_interval,256,harmonic_martingale,0.16,0.06974011875,8.364322348460655e-05,0.07216892,0.2949822149748502,0,0,256,0,3.3949928066554076e-07,0.5641242578125001
118,64,8,concentrated,160,coarse_interval,256,weight_sensitive_product,0.16,0.059824225625,0.00034372278531667977,0.06884732,0.24914291030335056,0,0,256,0,3.4266429248340475e-07,0.62609858984375
118,64,8,concentrated,160,coarse_interval,256,weight_sensitive_hybrid,0.16,0.059824225625,0.00034372278531667977,0.06884732,0.24914291030335056,0,0,256,0,3.4266429248340475e-07,0.62609858984375
118,64,8,concentrated,160,coarse_interval,256,empirical_bernstein_fixed_forecast,0.16,0.060419568125,0.00032951671909372084,0.06824912,0.24952139388589473,0,0,256,0,3.317320322931227e-07,0.62237769921875
119,64,8,concentrated,160,assignment_dependent,256,quota,0.16,0.05419855125,0.0002835603511619217,0.061073279999999994,0.26286542923023937,0,0,256,0,3.8809676444941774e-07,0.6612590546875
119,64,8,concentrated,160,assignment_dependent,256,harmonic_martingale,0.16,0.06690632687499999,6.288091803054139e-05,0.06852352,0.3268862806934263,0,0,256,0,3.9321951799857235e-07,0.5818354570312501
119,64,8,concentrated,160,assignment_dependent,256,weight_sensitive_product,0.16,0.060270436875,0.0002175936029078803,0.06520812000000001,0.2942807420598892,0,0,256,0,3.9386451727836e-07,0.62330976953125
119,64,8,concentrated,160,assignment_dependent,256,weight_sensitive_hybrid,0.16,0.060270436875,0.0002175936029078803,0.06520812000000001,0.2942807420598892,0,0,256,0,3.9386451727836e-07,0.62330976953125
119,64,8,concentrated,160,assignment_dependent,256,empirical_bernstein_fixed_forecast,0.16,0.06095836875,0.0002164409935296267,0.06589336,0.29757326256406913,0,0,256,0,3.9095867593218296e-07,0.6190101953125
120,64,32,equal,-160,complete,256,quota,-0.16,0.0,0.0,0.0,0.0,256,256,256,0,0.0,0.0
120,64,32,equal,-160,complete,256,harmonic_martingale,-0.16,0.0,0.0,0.0,0.0,256,256,256,0,0.0,0.0
120,64,32,equal,-160,complete,256,weight_sensitive_product,-0.16,0.0,0.0,0.0,0.0,256,256,256,0,0.0,0.0
120,64,32,equal,-160,complete,256,weight_sensitive_hybrid,-0.16,0.0,0.0,0.0,0.0,256,256,256,0,0.0,0.0
120,64,32,equal,-160,complete,256,empirical_bernstein_fixed_forecast,-0.16,0.0,0.0,0.0,0.0,256,256,256,0,0.0,0.0
121,64,32,equal,-160,coarse_interval,256,quota,-0.16,0.029141533749999997,0.00013535920859771513,0.03281536,0.07912390142065082,0,256,256,0,2.1695218886812726e-07,0.18213458593749998
121,64,32,equal,-160,coarse_interval,256,harmonic_martingale,-0.16,0.029194516875,0.00013521791970872005,0.03286464,0.07931866555236369,0,256,256,0,2.1632113475531787e-07,0.18246573046875
121,64,32,equal,-160,coarse_interval,256,weight_sensitive_product,-0.16,0.039116204375000005,0.00010881141119387878,0.0420696,0.12211959752038486,0,0,256,0,2.4903222801429245e-07,0.24447627734375
121,64,32,equal,-160,coarse_interval,256,weight_sensitive_hybrid,-0.16,0.029194516875,0.00013521791970872005,0.03286464,0.07931866555236369,0,256,256,0,2.1632113475531787e-07,0.18246573046875
121,64,32,equal,-160,coarse_interval,256,empirical_bernstein_fixed_forecast,-0.16,0.021479619374999998,0.00015322883058756847,0.02566732,0.05483244243236921,44,256,256,0,2.0788581183740056e-07,0.13424762109375
122,64,32,equal,-160,assignment_dependent,256,quota,-0.16,0.090407135,2.143795627651399e-05,0.09098524,0.3478557729643703,0,0,256,0,4.000187742436404e-07,0.5650445937499999
122,64,32,equal,-160,assignment_dependent,256,harmonic_martingale,-0.16,0.090405090625,2.1433118503217794e-05,0.09098316000000001,0.3479263007304022,0,0,256,0,4.0218288778597157e-07,0.56503181640625
122,64,32,equal,-160,assignment_dependent,256,weight_sensitive_product,-0.16,0.089950860625,2.0273486996529953e-05,0.09050024,0.3643374779753627,0,0,256,0,4.125288773841261e-07,0.56219287890625
122,64,32,equal,-160,assignment_dependent,256,weight_sensitive_hybrid,-0.16,0.090405090625,2.1433118503217794e-05,0.09098316000000001,0.3479263007304022,0,0,256,0,4.0218288778597157e-07,0.56503181640625
122,64,32,equal,-160,assignment_dependent,256,empirical_bernstein_fixed_forecast,-0.16,0.090523509375,2.1964321495848168e-05,0.091115,0.3438822019881337,0,0,256,0,3.9615100421056064e-07,0.5657719335937499
123,64,32,equal,0,complete,256,quota,0.0,0.0,0.0,0.0,0.03260993576233824,256,256,256,0,3.7177299512674595e-08,0.5022108750000001
123,64,32,equal,0,complete,256,harmonic_martingale,0.0,0.0,0.0,0.0,0.0327500676260359,256,256,256,0,3.920905550650389e-08,0.50220165234375
123,64,32,equal,0,complete,256,weight_sensitive_product,0.0,0.0,0.0,0.0,0.06521918800071254,0,256,256,0,7.092110290884473e-08,0.50111419921875
123,64,32,equal,0,complete,256,weight_sensitive_hybrid,0.0,0.0,0.0,0.0,0.0327500676260359,256,256,256,0,3.920905550650389e-08,0.50220165234375
123,64,32,equal,0,complete,256,empirical_bernstein_fixed_forecast,0.0,0.0,0.0,0.0,0.013783394056184492,256,256,256,0,2.2851042397577758e-08,0.5050169609375
124,64,32,equal,0,coarse_interval,256,quota,0.0,0.0,0.0,0.0,0.13286917694535708,0,0,256,0,1.3482748039346016e-07,0.49988234374999996
124,64,32,equal,0,coarse_interval,256,harmonic_martingale,0.0,0.0,0.0,0.0,0.1330079444271175,0,0,256,0,1.3264466531854565e-07,0.49988249218749997
124,64,32,equal,0,coarse_interval,256,weight_sensitive_product,0.0,0.0,0.0,0.0,0.16532401161248264,0,0,256,0,1.6911831629431399e-07,0.49990544140624993
124,64,32,equal,0,coarse_interval,256,weight_sensitive_hybrid,0.0,0.0,0.0,0.0,0.1330079444271175,0,0,256,0,1.3264466531854565e-07,0.49988249218749997
124,64,32,equal,0,coarse_interval,256,empirical_bernstein_fixed_forecast,0.0,0.0,0.0,0.0,0.11563529735254811,0,0,256,0,1.1897824057354837e-07,0.49986183984375
125,64,32,equal,0,assignment_dependent,256,quota,0.0,0.0,0.0,0.0,0.26465962907587726,0,0,256,0,3.452978072093827e-07,0.6173490859374999
125,64,32,equal,0,assignment_dependent,256,harmonic_martingale,0.0,0.0,0.0,0.0,0.26480596018260627,0,0,256,0,3.4964083278197817e-07,0.6172909882812501
125,64,32,equal,0,assignment_dependent,256,weight_sensitive_product,0.0,0.0,0.0,0.0,0.29870141152356944,0,0,256,0,3.781111918961044e-07,0.6051580234374999
125,64,32,equal,0,assignment_dependent,256,weight_sensitive_hybrid,0.0,0.0,0.0,0.0,0.26480596018260627,0,0,256,0,3.4964083278197817e-07,0.6172909882812501
125,64,32,equal,0,assignment_dependent,256,empirical_bernstein_fixed_forecast,0.0,0.0,0.0,0.0,0.25868599073493537,0,0,256,0,3.4771111202854654e-07,0.61977629296875
126,64,32,equal,40,complete,256,quota,0.04,0.00779915625,0.00013197274821089773,0.01133309,0.020325021345102078,256,256,256,0,5.874332478526773e-08,0.80502109375
126,64,32,equal,40,complete,256,harmonic_martingale,0.04,0.0078502853125,0.00013141975914978448,0.01136942,0.02051663387012797,256,256,256,0,5.2670809079353055e-08,0.8037428671875
126,64,32,equal,40,complete,256,weight_sensitive_product,0.04,0.0138513165625,6.650841256351235e-05,0.015632260000000002,0.05902813861844939,0,256,256,0,8.937365150722953e-08,0.6537170859375
126,64,32,equal,40,complete,256,weight_sensitive_hybrid,0.04,0.0078502853125,0.00013141975914978448,0.01136942,0.02051663387012797,256,256,256,0,5.2670809079353055e-08,0.8037428671875
126,64,32,equal,40,complete,256,empirical_bernstein_fixed_forecast,0.04,0.0001232734375,3.817196555062077e-05,0.00015994,0.00016347274441985633,256,256,256,0,2.6967103773250335e-08,0.9969181640625
127,64,32,equal,40,coarse_interval,256,quota,0.04,0.0176363303125,3.0888713469939934e-05,0.01842817,0.13101743088651974,0,0,256,0,1.5205019865375124e-07,0.5590917421874999
127,64,32,equal,40,coarse_interval,256,harmonic_martingale,0.04,0.01763879265625,3.0856550645757436e-05,0.0184298,0.1311581364878281,0,0,256,0,1.5212147662319668e-07,0.5590301835937501
127,64,32,equal,40,coarse_interval,256,weight_sensitive_product,0.04,0.0180999084375,2.4830783847585724e-05,0.01873645,0.16383545216028828,0,0,256,0,1.8437591869906188e-07,0.5475022890624999
127,64,32,equal,40,coarse_interval,256,weight_sensitive_hybrid,0.04,0.01763879265625,3.0856550645757436e-05,0.0184298,0.1311581364878281,0,0,256,0,1.5212147662319668e-07,0.5590301835937501
127,64,32,equal,40,coarse_interval,256,empirical_bernstein_fixed_forecast,0.04,0.01722295140625,3.628721936974274e-05,0.01816191,0.11341311893201204,0,0,256,0,1.3366567155805596e-07,0.5694262148437499
128,64,32,equal,40,assignment_dependent,256,quota,0.04,0.01425567265625,1.5240615409107044e-05,0.01465464,0.23850621817817272,0,0,256,0,3.269468671089963e-07,0.6436081835937499
128,64,32,equal,40,assignment_dependent,256,harmonic_martingale,0.04,0.0142587390625,1.5228802171700459e-05,0.0146574,0.23865635839078717,0,0,256,0,3.368161716789337e-07,0.6435315234375
128,64,32,equal,40,assignment_dependent,256,weight_sensitive_product,0.04,0.014893594687500001,1.287064719441289e-05,0.01522941,0.2733269666036626,0,0,256,0,3.688446354123136e-07,0.6276601328125
128,64,32,equal,40,assignment_dependent,256,weight_sensitive_hybrid,0.04,0.0142587390625,1.5228802171700459e-05,0.0146574,0.23865635839078717,0,0,256,0,3.368161716789337e-07,0.6435315234375
128,64,32,equal,40,assignment_dependent,256,empirical_bernstein_fixed_forecast,0.04,0.014106118125,1.6178611758046042e-05,0.01453314,0.23137464441683744,0,0,256,0,3.285602348553307e-07,0.647347046875
129,64,32,equal,160,complete,256,quota,0.16,0.0,0.0,0.0,0.0,256,256,256,0,0.0,1.0
129,64,32,equal,160,complete,256,harmonic_martingale,0.16,0.0,0.0,0.0,0.0,256,256,256,0,0.0,1.0
129,64,32,equal,160,complete,256,weight_sensitive_product,0.16,0.0,0.0,0.0,0.0,256,256,256,0,0.0,1.0
129,64,32,equal,160,complete,256,weight_sensitive_hybrid,0.16,0.0,0.0,0.0,0.0,256,256,256,0,0.0,1.0
129,64,32,equal,160,complete,256,empirical_bernstein_fixed_forecast,0.16,0.0,0.0,0.0,0.0,256,256,256,0,0.0,1.0
130,64,32,equal,160,coarse_interval,256,quota,0.16,0.034475403125,0.00011568010872178187,0.0374134,0.08983002297633855,0,256,256,0,2.1695218886812726e-07,0.78452873046875
130,64,32,equal,160,coarse_interval,256,harmonic_martingale,0.16,0.034522840625,0.0001155595425429833,0.037457840000000006,0.09001364098559192,0,256,256,0,2.1100496571979466e-07,0.7842322460937501
130,64,32,equal,160,coarse_interval,256,weight_sensitive_product,0.16,0.0434039725,9.299198172568217e-05,0.045765719999999996,0.13072597976454994,0,0,256,0,2.40635533082797e-07,0.728725171875
130,64,32,equal,160,coarse_interval,256,weight_sensitive_hybrid,0.16,0.034522840625,0.0001155595425429833,0.037457840000000006,0.09001364098559192,0,256,256,0,2.1100496571979466e-07,0.7842322460937501
130,64,32,equal,160,coarse_interval,256,empirical_bernstein_fixed_forecast,0.16,0.0269125875,0.00013364740285679944,0.03030252,0.06518142736828879,0,256,256,0,1.9758546346435732e-07,0.831796328125
131,64,32,equal,160,assignment_dependent,256,quota,0.16,0.03624011875,0.00011278486134156927,0.03909232,0.14132064812064993,0,0,256,0,3.1475621432964566e-07,0.7734992578125
131,64,32,equal,160,assignment_dependent,256,harmonic_martingale,0.16,0.036270241875,0.00011266796466759819,0.03911964,0.1415008732019335,0,0,256,0,3.1237505172027356e-07,0.7733109882812499
131,64,32,equal,160,assignment_dependent,256,weight_sensitive_product,0.16,0.04231038625,9.025557579236598e-05,0.04460448,0.1821310637235926,0,0,256,0,3.4448989872600865e-07,0.7355600859375
131,64,32,equal,160,assignment_dependent,256,weight_sensitive_hybrid,0.16,0.036270241875,0.00011266796466759819,0.03911964,0.1415008732019335,0,0,256,0,3.1237505172027356e-07,0.7733109882812499
131,64,32,equal,160,assignment_dependent,256,empirical_bernstein_fixed_forecast,0.16,0.034274759375,0.00012319172179263413,0.0373284,0.12996436905541123,0,0,256,0,3.0365602897404707e-07,0.78578275390625
132,64,32,concentrated,-160,complete,256,quota,-0.16,0.0010809,0.0001882325760058655,0.0079464,0.0018589912780404604,256,256,256,0,1.3278541948468874e-07,0.006755625
132,64,32,concentrated,-160,complete,256,harmonic_martingale,-0.16,0.06073863374999999,9.560782638734908e-05,0.06330140000000001,0.21980900284210397,0,0,256,0,2.9026396057239064e-07,0.3796164609375
132,64,32,concentrated,-160,complete,256,weight_sensitive_product,-0.16,0.009713536875000001,0.0004331693260830866,0.02194828,0.02001918042450119,252,256,256,0,1.752656161183787e-07,0.060709605468750004
132,64,32,concentrated,-160,complete,256,weight_sensitive_hybrid,-0.16,0.009713536875000001,0.0004331693260830866,0.02194828,0.02001918042450119,252,256,256,0,1.752656161183787e-07,0.060709605468750004
132,64,32,concentrated,-160,complete,256,empirical_bernstein_fixed_forecast,-0.16,0.0,0.0,0.0,0.0,256,256,256,0,0.0,0.0
133,64,32,concentrated,-160,coarse_interval,256,quota,-0.16,0.04085318375,0.00028724156455428227,0.04752544,0.13108784505175683,0,1,256,0,2.695433218933359e-07,0.2553323984375
133,64,32,concentrated,-160,coarse_interval,256,harmonic_martingale,-0.16,0.067514553125,6.715889376673431e-05,0.06901544000000001,0.28890474220590884,0,0,256,0,3.489131794583099e-07,0.42196595703124995
133,64,32,concentrated,-160,coarse_interval,256,weight_sensitive_product,-0.16,0.044475915,0.00026017668480774565,0.0505276,0.15260180494621545,0,0,256,0,2.8036367134661894e-07,0.27797446875
133,64,32,concentrated,-160,coarse_interval,256,weight_sensitive_hybrid,-0.16,0.044475915,0.00026017668480774565,0.0505276,0.15260180494621545,0,0,256,0,2.8036367134661894e-07,0.27797446875
133,64,32,concentrated,-160,coarse_interval,256,empirical_bernstein_fixed_forecast,-0.16,0.03567498875,0.00033106223965144845,0.043653120000000004,0.10713188842398945,0,63,256,0,2.5634031622361406e-07,0.2229686796875
134,64,32,concentrated,-160,assignment_dependent,256,quota,-0.16,0.08983637562499999,7.001390750935748e-05,0.09183028,0.3673498650267938,0,0,256,0,4.1915306925208246e-07,0.56147734765625
134,64,32,concentrated,-160,assignment_dependent,256,harmonic_martingale,-0.16,0.084506531875,1.24380417582645e-05,0.08484556,0.41086409841750887,0,0,256,0,4.362293961890709e-07,0.52816582421875
134,64,32,concentrated,-160,assignment_dependent,256,weight_sensitive_product,-0.16,0.08961123437499999,6.790459066517766e-05,0.09155247999999999,0.3763083848390264,0,0,256,0,4.238343917312708e-07,0.56007021484375
134,64,32,concentrated,-160,assignment_dependent,256,weight_sensitive_hybrid,-0.16,0.08961123437499999,6.790459066517766e-05,0.09155247999999999,0.3763083848390264,0,0,256,0,4.238343917312708e-07,0.56007021484375
134,64,32,concentrated,-160,assignment_dependent,256,empirical_bernstein_fixed_forecast,-0.16,0.0889352975,9.229897059510829e-05,0.09127663999999999,0.36351552451690766,0,0,256,0,4.077787614135488e-07,0.555845609375
135,64,32,concentrated,0,complete,256,quota,0.0,0.0,0.0,0.0,0.07142937517062334,0,256,256,0,8.877673104644002e-08,0.4974163828125
135,64,32,concentrated,0,complete,256,harmonic_martingale,0.0,0.0,0.0,0.0,0.2491710502792298,0,0,256,0,2.513909921734641e-07,0.49962280078125
135,64,32,concentrated,0,complete,256,weight_sensitive_product,0.0,0.0,0.0,0.0,0.08938876102170645,0,256,256,0,1.0815101569968269e-07,0.49791841796875
135,64,32,concentrated,0,complete,256,weight_sensitive_hybrid,0.0,0.0,0.0,0.0,0.08938876102170645,0,256,256,0,1.0815101569968269e-07,0.49791841796875
135,64,32,concentrated,0,complete,256,empirical_bernstein_fixed_forecast,0.0,0.0,0.0,0.0,0.053877329131965745,30,256,256,0,7.27197585557725e-08,0.49667631250000005
136,64,32,concentrated,0,coarse_interval,256,quota,0.0,0.0,0.0,0.0,0.17236664219142006,0,0,256,0,1.7845331921149948e-07,0.5032978984375
136,64,32,concentrated,0,coarse_interval,256,harmonic_martingale,0.0,0.0,0.0,0.0,0.2999837354007251,0,0,256,0,3.0225222055420027e-07,0.49982273046875003
136,64,32,concentrated,0,coarse_interval,256,weight_sensitive_product,0.0,0.0,0.0,0.0,0.19006845774693285,0,0,256,0,2.1095941341007157e-07,0.5029930078125
136,64,32,concentrated,0,coarse_interval,256,weight_sensitive_hybrid,0.0,0.0,0.0,0.0,0.19006845774693285,0,0,256,0,2.1095941341007157e-07,0.5029930078125
136,64,32,concentrated,0,coarse_interval,256,empirical_bernstein_fixed_forecast,0.0,0.0,0.0,0.0,0.15655717554927,0,0,256,0,1.753571047267655e-07,0.503858484375
137,64,32,concentrated,0,assignment_dependent,256,quota,0.0,0.0,0.0,0.0,0.30572432595415405,0,0,256,0,3.936729262026376e-07,0.5995237578125
137,64,32,concentrated,0,assignment_dependent,256,harmonic_martingale,0.0,0.0,0.0,0.0,0.370314468234972,0,0,256,0,4.024688643938287e-07,0.544057015625
137,64,32,concentrated,0,assignment_dependent,256,weight_sensitive_product,0.0,0.0,0.0,0.0,0.322801217563794,0,0,256,0,4.0714032047764545e-07,0.59197566015625
137,64,32,concentrated,0,assignment_dependent,256,weight_sensitive_hybrid,0.0,0.0,0.0,0.0,0.322801217563794,0,0,256,0,4.0714032047764545e-07,0.59197566015625
137,64,32,concentrated,0,assignment_dependent,256,empirical_bernstein_fixed_forecast,0.0,0.0,0.0,0.0,0.29844056801126106,0,0,256,0,3.787025014036578e-07,0.6010215
138,64,32,concentrated,40,complete,256,quota,0.04,0.0145487084375,0.00020955700214302501,0.01962935,0.06562930730429287,11,256,256,0,1.180527533144051e-07,0.6362822890625
138,64,32,concentrated,40,complete,256,harmonic_martingale,0.04,0.01915422015625,1.3986999352336342e-05,0.019488989999999998,0.24904732006469094,0,0,256,0,2.6234375e-07,0.5211444960937499
138,64,32,concentrated,40,complete,256,weight_sensitive_product,0.04,0.015608040625,0.0001688344603546141,0.01970138,0.0847158039476335,0,256,256,0,1.1894794329949977e-07,0.609798984375
138,64,32,concentrated,40,complete,256,weight_sensitive_hybrid,0.04,0.015608040625,0.0001688344603546141,0.01970138,0.0847158039476335,0,256,256,0,1.1894794329949977e-07,0.609798984375
138,64,32,concentrated,40,complete,256,empirical_bernstein_fixed_forecast,0.04,0.012990251093749999,0.0002687504842065546,0.01952686,0.047189740075514845,130,256,256,0,9.407368467801702e-08,0.67524372265625
139,64,32,concentrated,40,coarse_interval,256,quota,0.04,0.018253259531250003,8.112941475735966e-05,0.0202918,0.1710604716084795,0,0,256,0,2.1194064605983122e-07,0.5436685117187501
139,64,32,concentrated,40,coarse_interval,256,harmonic_martingale,0.04,0.019501562343749997,9.898339304315653e-06,0.01974814,0.2997950857294788,0,0,256,0,3.0665697128917243e-07,0.51246094140625
139,64,32,concentrated,40,coarse_interval,256,weight_sensitive_product,0.04,0.01841473984375,7.3629225241454e-05,0.020264829999999998,0.18888303083028635,0,0,256,0,2.2184914547324627e-07,0.53963150390625
139,64,32,concentrated,40,coarse_interval,256,weight_sensitive_hybrid,0.04,0.01841473984375,7.3629225241454e-05,0.020264829999999998,0.18888303083028635,0,0,256,0,2.2184914547324627e-07,0.53963150390625
139,64,32,concentrated,40,coarse_interval,256,empirical_bernstein_fixed_forecast,0.04,0.0180598975,9.521730726536877e-05,0.0204699,0.15583996564066843,0,0,256,0,1.8926639649752995e-07,0.5485025625
140,64,32,concentrated,40,assignment_dependent,256,quota,0.04,0.014994355468750001,4.578313480573463e-05,0.016256350000000003,0.2809055961099506,0,0,256,0,3.8736014376091504e-07,0.62514111328125
140,64,32,concentrated,40,assignment_dependent,256,harmonic_martingale,0.04,0.017942619375,5.408533471486849e-06,0.01808502,0.3599166864951523,0,0,256,0,3.9936189523821e-07,0.5514345156250001
140,64,32,concentrated,40,assignment_dependent,256,weight_sensitive_product,0.04,0.0153405371875,3.940728206963833e-05,0.01646148,0.29881390024958165,0,0,256,0,3.960812823497806e-07,0.6164865703125
140,64,32,concentrated,40,assignment_dependent,256,weight_sensitive_hybrid,0.04,0.0153405371875,3.940728206963833e-05,0.01646148,0.29881390024958165,0,0,256,0,3.960812823497806e-07,0.6164865703125
140,64,32,concentrated,40,assignment_dependent,256,empirical_bernstein_fixed_forecast,0.04,0.014886329687499998,5.1491446162603396e-05,0.016353720000000002,0.27344942653744087,0,0,256,0,3.661403042146836e-07,0.6278417578125
141,64,32,concentrated,160,complete,256,quota,0.16,0.002720775,0.0003541952613016292,0.01598952,0.004522723300828636,256,256,256,0,1.446696615069149e-07,0.98299515625
141,64,32,concentrated,160,complete,256,harmonic_martingale,0.16,0.065765691875,8.813899435392662e-05,0.06788224,0.23825947624339797,0,0,256,0,2.917601343584799e-07,0.5889644257812501
141,64,32,concentrated,160,complete,256,weight_sensitive_product,0.16,0.010973110625,0.0005888642562838018,0.02842844,0.021931795443541062,238,256,256,0,1.677675269709188e-07,0.9314180585937499
141,64,32,concentrated,160,complete,256,weight_sensitive_hybrid,0.16,0.010973110625,0.0005888642562838018,0.02842844,0.021931795443541062,238,256,256,0,1.677675269709188e-07,0.9314180585937499
141,64,32,concentrated,160,complete,256,empirical_bernstein_fixed_forecast,0.16,0.00042053375,0.00013679594784032564,0.00011304000000000002,0.0005804768997856516,256,256,256,0,1.0801603389160716e-07,0.9973716640625
142,64,32,concentrated,160,coarse_interval,256,quota,0.16,0.04449967875,0.00039280889754508125,0.05505308,0.13795515317561588,0,1,256,0,2.6067081602410885e-07,0.7218770078125001
142,64,32,concentrated,160,coarse_interval,256,harmonic_martingale,0.16,0.06975773500000002,4.1196562857531095e-05,0.07084764,0.29506248377668826,0,0,256,0,3.4166901232251206e-07,0.5640141562500001
142,64,32,concentrated,160,coarse_interval,256,weight_sensitive_product,0.16,0.04778155875,0.00035649519579359756,0.05735936,0.15883819282547673,0,0,256,0,2.788997873341012e-07,0.7013652578125
142,64,32,concentrated,160,coarse_interval,256,weight_sensitive_hybrid,0.16,0.04778155875,0.00035649519579359756,0.05735936,0.15883819282547673,0,0,256,0,2.788997873341012e-07,0.7013652578125
142,64,32,concentrated,160,coarse_interval,256,empirical_bernstein_fixed_forecast,0.16,0.041468896250000005,0.00043844922149318966,0.05351356,0.12315467956480108,0,13,256,0,2.5656840285108627e-07,0.7408193984375
143,64,32,concentrated,160,assignment_dependent,256,quota,0.16,0.043608574375,0.00027503031836575054,0.0502832,0.19155596171523365,0,0,256,0,3.6932050484610757e-07,0.72744641015625
143,64,32,concentrated,160,assignment_dependent,256,harmonic_martingale,0.16,0.06683005812500001,3.330620900846604e-05,0.06771951999999999,0.32549535365594734,0,0,256,0,3.8926828599332275e-07,0.58231213671875
143,64,32,concentrated,160,assignment_dependent,256,weight_sensitive_product,0.16,0.046118475625,0.00025050663115625953,0.05224852,0.21258399466819608,0,0,256,0,3.82267508387175e-07,0.71175952734375
143,64,32,concentrated,160,assignment_dependent,256,weight_sensitive_hybrid,0.16,0.046118475625,0.00025050663115625953,0.05224852,0.21258399466819608,0,0,256,0,3.82267508387175e-07,0.71175952734375
143,64,32,concentrated,160,assignment_dependent,256,empirical_bernstein_fixed_forecast,0.16,0.043392600625,0.0003099906707384924,0.05087668,0.18659954939086376,0,0,256,0,3.551644418819936e-07,0.72879624609375
