case,n,blocks,weight_shape,effect_thousandths,reporting,repetitions,first_method,second_method,mean_regret_difference,paired_mc_standard_error
0,8,8,equal,-160,complete,256,no_learning_half,empirical_best_midpoint,0.08,0.0
0,8,8,equal,-160,complete,256,no_learning_half,quota,0.029006095625,0.0004915025796156583
0,8,8,equal,-160,complete,256,no_learning_half,harmonic_martingale,0.0274353425,0.00047268110577973385
0,8,8,equal,-160,complete,256,no_learning_half,weight_sensitive_product,0.013077865625,0.0002162970416951013
0,8,8,equal,-160,complete,256,no_learning_half,weight_sensitive_hybrid,0.0274353425,0.00047268110577973385
0,8,8,equal,-160,complete,256,no_learning_half,empirical_bernstein_fixed_forecast,0.030044150625000002,0.0004794280552598519
0,8,8,equal,-160,complete,256,empirical_best_midpoint,quota,-0.050993904374999996,0.0004915025796156583
0,8,8,equal,-160,complete,256,empirical_best_midpoint,harmonic_martingale,-0.0525646575,0.00047268110577973385
0,8,8,equal,-160,complete,256,empirical_best_midpoint,weight_sensitive_product,-0.066922134375,0.0002162970416951013
0,8,8,equal,-160,complete,256,empirical_best_midpoint,weight_sensitive_hybrid,-0.0525646575,0.00047268110577973385
0,8,8,equal,-160,complete,256,empirical_best_midpoint,empirical_bernstein_fixed_forecast,-0.049955849375,0.0004794280552598519
0,8,8,equal,-160,complete,256,quota,harmonic_martingale,-0.0015707531250000002,1.99057920039581e-05
0,8,8,equal,-160,complete,256,quota,weight_sensitive_product,-0.015928229999999998,0.00027596007041300914
0,8,8,equal,-160,complete,256,quota,weight_sensitive_hybrid,-0.0015707531250000002,1.99057920039581e-05
0,8,8,equal,-160,complete,256,quota,empirical_bernstein_fixed_forecast,0.0010380549999999995,5.7372393080166146e-05
0,8,8,equal,-160,complete,256,harmonic_martingale,weight_sensitive_product,-0.014357476875,0.00025708721927293686
0,8,8,equal,-160,complete,256,harmonic_martingale,weight_sensitive_hybrid,0.0,0.0
0,8,8,equal,-160,complete,256,harmonic_martingale,empirical_bernstein_fixed_forecast,0.0026088081249999997,5.6432723889809414e-05
0,8,8,equal,-160,complete,256,weight_sensitive_product,weight_sensitive_hybrid,0.014357476875,0.00025708721927293686
0,8,8,equal,-160,complete,256,weight_sensitive_product,empirical_bernstein_fixed_forecast,0.016966284999999998,0.00026675135840641313
0,8,8,equal,-160,complete,256,weight_sensitive_hybrid,empirical_bernstein_fixed_forecast,0.0026088081249999997,5.6432723889809414e-05
1,8,8,equal,-160,coarse_interval,256,no_learning_half,empirical_best_midpoint,0.08,0.0
1,8,8,equal,-160,coarse_interval,256,no_learning_half,quota,0.018905606875,0.0002825133928850497
1,8,8,equal,-160,coarse_interval,256,no_learning_half,harmonic_martingale,0.018644314375,0.0002771442376917807
1,8,8,equal,-160,coarse_interval,256,no_learning_half,weight_sensitive_product,0.011083969375000002,0.00016396824830797196
1,8,8,equal,-160,coarse_interval,256,no_learning_half,weight_sensitive_hybrid,0.018644314375,0.0002771442376917807
1,8,8,equal,-160,coarse_interval,256,no_learning_half,empirical_bernstein_fixed_forecast,0.018911930625000004,0.0002966487552307433
1,8,8,equal,-160,coarse_interval,256,empirical_best_midpoint,quota,-0.06109439312499999,0.0002825133928850497
1,8,8,equal,-160,coarse_interval,256,empirical_best_midpoint,harmonic_martingale,-0.061355685625,0.0002771442376917807
1,8,8,equal,-160,coarse_interval,256,empirical_best_midpoint,weight_sensitive_product,-0.06891603062500001,0.00016396824830797196
1,8,8,equal,-160,coarse_interval,256,empirical_best_midpoint,weight_sensitive_hybrid,-0.061355685625,0.0002771442376917807
1,8,8,equal,-160,coarse_interval,256,empirical_best_midpoint,empirical_bernstein_fixed_forecast,-0.061088069375,0.0002966487552307433
1,8,8,equal,-160,coarse_interval,256,quota,harmonic_martingale,-0.00026129250000000005,6.7577758969597075e-06
1,8,8,equal,-160,coarse_interval,256,quota,weight_sensitive_product,-0.0078216375,0.00011863727981018359
1,8,8,equal,-160,coarse_interval,256,quota,weight_sensitive_hybrid,-0.00026129250000000005,6.7577758969597075e-06
1,8,8,equal,-160,coarse_interval,256,quota,empirical_bernstein_fixed_forecast,6.323749999999958e-06,3.4147248032310704e-05
1,8,8,equal,-160,coarse_interval,256,harmonic_martingale,weight_sensitive_product,-0.007560345,0.00011325649163016015
1,8,8,equal,-160,coarse_interval,256,harmonic_martingale,weight_sensitive_hybrid,0.0,0.0
1,8,8,equal,-160,coarse_interval,256,harmonic_martingale,empirical_bernstein_fixed_forecast,0.00026761625,3.705841871148623e-05
1,8,8,equal,-160,coarse_interval,256,weight_sensitive_product,weight_sensitive_hybrid,0.007560345,0.00011325649163016015
1,8,8,equal,-160,coarse_interval,256,weight_sensitive_product,empirical_bernstein_fixed_forecast,0.007827961250000001,0.00013468254589594554
1,8,8,equal,-160,coarse_interval,256,weight_sensitive_hybrid,empirical_bernstein_fixed_forecast,0.00026761625,3.705841871148623e-05
2,8,8,equal,-160,assignment_dependent,256,no_learning_half,empirical_best_midpoint,-0.08,0.0
2,8,8,equal,-160,assignment_dependent,256,no_learning_half,quota,-0.005981953124999998,9.991844018709705e-05
2,8,8,equal,-160,assignment_dependent,256,no_learning_half,harmonic_martingale,-0.0056983718749999985,9.255047920150057e-05
2,8,8,equal,-160,assignment_dependent,256,no_learning_half,weight_sensitive_product,-0.004963584374999998,4.768498346916302e-05
2,8,8,equal,-160,assignment_dependent,256,no_learning_half,weight_sensitive_hybrid,-0.0056983718749999985,9.255047920150057e-05
2,8,8,equal,-160,assignment_dependent,256,no_learning_half,empirical_bernstein_fixed_forecast,-0.005299594999999999,7.985780077738179e-05
2,8,8,equal,-160,assignment_dependent,256,empirical_best_midpoint,quota,0.07401804687500001,9.991844018709705e-05
2,8,8,equal,-160,assignment_dependent,256,empirical_best_midpoint,harmonic_martingale,0.07430162812499999,9.255047920150057e-05
2,8,8,equal,-160,assignment_dependent,256,empirical_best_midpoint,weight_sensitive_product,0.07503641562499999,4.768498346916302e-05
2,8,8,equal,-160,assignment_dependent,256,empirical_best_midpoint,weight_sensitive_hybrid,0.07430162812499999,9.255047920150057e-05
2,8,8,equal,-160,assignment_dependent,256,empirical_best_midpoint,empirical_bernstein_fixed_forecast,0.074700405,7.985780077738179e-05
2,8,8,equal,-160,assignment_dependent,256,quota,harmonic_martingale,0.0002835812500000001,1.0133143377045202e-05
2,8,8,equal,-160,assignment_dependent,256,quota,weight_sensitive_product,0.00101836875,5.631365764838022e-05
2,8,8,equal,-160,assignment_dependent,256,quota,weight_sensitive_hybrid,0.0002835812500000001,1.0133143377045202e-05
2,8,8,equal,-160,assignment_dependent,256,quota,empirical_bernstein_fixed_forecast,0.0006823581250000001,3.3336114559255136e-05
2,8,8,equal,-160,assignment_dependent,256,harmonic_martingale,weight_sensitive_product,0.0007347874999999998,4.937860900858334e-05
2,8,8,equal,-160,assignment_dependent,256,harmonic_martingale,weight_sensitive_hybrid,0.0,0.0
2,8,8,equal,-160,assignment_dependent,256,harmonic_martingale,empirical_bernstein_fixed_forecast,0.000398776875,2.6251980830229214e-05
2,8,8,equal,-160,assignment_dependent,256,weight_sensitive_product,weight_sensitive_hybrid,-0.0007347874999999998,4.937860900858334e-05
2,8,8,equal,-160,assignment_dependent,256,weight_sensitive_product,empirical_bernstein_fixed_forecast,-0.0003360106249999998,4.162914855436287e-05
2,8,8,equal,-160,assignment_dependent,256,weight_sensitive_hybrid,empirical_bernstein_fixed_forecast,0.000398776875,2.6251980830229214e-05
3,8,8,equal,0,complete,256,no_learning_half,empirical_best_midpoint,0.0,0.0
3,8,8,equal,0,complete,256,no_learning_half,quota,0.0,0.0
3,8,8,equal,0,complete,256,no_learning_half,harmonic_martingale,0.0,0.0
3,8,8,equal,0,complete,256,no_learning_half,weight_sensitive_product,0.0,0.0
3,8,8,equal,0,complete,256,no_learning_half,weight_sensitive_hybrid,0.0,0.0
3,8,8,equal,0,complete,256,no_learning_half,empirical_bernstein_fixed_forecast,0.0,0.0
3,8,8,equal,0,complete,256,empirical_best_midpoint,quota,0.0,0.0
3,8,8,equal,0,complete,256,empirical_best_midpoint,harmonic_martingale,0.0,0.0
3,8,8,equal,0,complete,256,empirical_best_midpoint,weight_sensitive_product,0.0,0.0
3,8,8,equal,0,complete,256,empirical_best_midpoint,weight_sensitive_hybrid,0.0,0.0
3,8,8,equal,0,complete,256,empirical_best_midpoint,empirical_bernstein_fixed_forecast,0.0,0.0
3,8,8,equal,0,complete,256,quota,harmonic_martingale,0.0,0.0
3,8,8,equal,0,complete,256,quota,weight_sensitive_product,0.0,0.0
3,8,8,equal,0,complete,256,quota,weight_sensitive_hybrid,0.0,0.0
3,8,8,equal,0,complete,256,quota,empirical_bernstein_fixed_forecast,0.0,0.0
3,8,8,equal,0,complete,256,harmonic_martingale,weight_sensitive_product,0.0,0.0
3,8,8,equal,0,complete,256,harmonic_martingale,weight_sensitive_hybrid,0.0,0.0
3,8,8,equal,0,complete,256,harmonic_martingale,empirical_bernstein_fixed_forecast,0.0,0.0
3,8,8,equal,0,complete,256,weight_sensitive_product,weight_sensitive_hybrid,0.0,0.0
3,8,8,equal,0,complete,256,weight_sensitive_product,empirical_bernstein_fixed_forecast,0.0,0.0
3,8,8,equal,0,complete,256,weight_sensitive_hybrid,empirical_bernstein_fixed_forecast,0.0,0.0
4,8,8,equal,0,coarse_interval,256,no_learning_half,empirical_best_midpoint,0.0,0.0
4,8,8,equal,0,coarse_interval,256,no_learning_half,quota,0.0,0.0
4,8,8,equal,0,coarse_interval,256,no_learning_half,harmonic_martingale,0.0,0.0
4,8,8,equal,0,coarse_interval,256,no_learning_half,weight_sensitive_product,0.0,0.0
4,8,8,equal,0,coarse_interval,256,no_learning_half,weight_sensitive_hybrid,0.0,0.0
4,8,8,equal,0,coarse_interval,256,no_learning_half,empirical_bernstein_fixed_forecast,0.0,0.0
4,8,8,equal,0,coarse_interval,256,empirical_best_midpoint,quota,0.0,0.0
4,8,8,equal,0,coarse_interval,256,empirical_best_midpoint,harmonic_martingale,0.0,0.0
4,8,8,equal,0,coarse_interval,256,empirical_best_midpoint,weight_sensitive_product,0.0,0.0
4,8,8,equal,0,coarse_interval,256,empirical_best_midpoint,weight_sensitive_hybrid,0.0,0.0
4,8,8,equal,0,coarse_interval,256,empirical_best_midpoint,empirical_bernstein_fixed_forecast,0.0,0.0
4,8,8,equal,0,coarse_interval,256,quota,harmonic_martingale,0.0,0.0
4,8,8,equal,0,coarse_interval,256,quota,weight_sensitive_product,0.0,0.0
4,8,8,equal,0,coarse_interval,256,quota,weight_sensitive_hybrid,0.0,0.0
4,8,8,equal,0,coarse_interval,256,quota,empirical_bernstein_fixed_forecast,0.0,0.0
4,8,8,equal,0,coarse_interval,256,harmonic_martingale,weight_sensitive_product,0.0,0.0
4,8,8,equal,0,coarse_interval,256,harmonic_martingale,weight_sensitive_hybrid,0.0,0.0
4,8,8,equal,0,coarse_interval,256,harmonic_martingale,empirical_bernstein_fixed_forecast,0.0,0.0
4,8,8,equal,0,coarse_interval,256,weight_sensitive_product,weight_sensitive_hybrid,0.0,0.0
4,8,8,equal,0,coarse_interval,256,weight_sensitive_product,empirical_bernstein_fixed_forecast,0.0,0.0
4,8,8,equal,0,coarse_interval,256,weight_sensitive_hybrid,empirical_bernstein_fixed_forecast,0.0,0.0
5,8,8,equal,0,assignment_dependent,256,no_learning_half,empirical_best_midpoint,0.0,0.0
5,8,8,equal,0,assignment_dependent,256,no_learning_half,quota,0.0,0.0
5,8,8,equal,0,assignment_dependent,256,no_learning_half,harmonic_martingale,0.0,0.0
5,8,8,equal,0,assignment_dependent,256,no_learning_half,weight_sensitive_product,0.0,0.0
5,8,8,equal,0,assignment_dependent,256,no_learning_half,weight_sensitive_hybrid,0.0,0.0
5,8,8,equal,0,assignment_dependent,256,no_learning_half,empirical_bernstein_fixed_forecast,0.0,0.0
5,8,8,equal,0,assignment_dependent,256,empirical_best_midpoint,quota,0.0,0.0
5,8,8,equal,0,assignment_dependent,256,empirical_best_midpoint,harmonic_martingale,0.0,0.0
5,8,8,equal,0,assignment_dependent,256,empirical_best_midpoint,weight_sensitive_product,0.0,0.0
5,8,8,equal,0,assignment_dependent,256,empirical_best_midpoint,weight_sensitive_hybrid,0.0,0.0
5,8,8,equal,0,assignment_dependent,256,empirical_best_midpoint,empirical_bernstein_fixed_forecast,0.0,0.0
5,8,8,equal,0,assignment_dependent,256,quota,harmonic_martingale,0.0,0.0
5,8,8,equal,0,assignment_dependent,256,quota,weight_sensitive_product,0.0,0.0
5,8,8,equal,0,assignment_dependent,256,quota,weight_sensitive_hybrid,0.0,0.0
5,8,8,equal,0,assignment_dependent,256,quota,empirical_bernstein_fixed_forecast,0.0,0.0
5,8,8,equal,0,assignment_dependent,256,harmonic_martingale,weight_sensitive_product,0.0,0.0
5,8,8,equal,0,assignment_dependent,256,harmonic_martingale,weight_sensitive_hybrid,0.0,0.0
5,8,8,equal,0,assignment_dependent,256,harmonic_martingale,empirical_bernstein_fixed_forecast,0.0,0.0
5,8,8,equal,0,assignment_dependent,256,weight_sensitive_product,weight_sensitive_hybrid,0.0,0.0
5,8,8,equal,0,assignment_dependent,256,weight_sensitive_product,empirical_bernstein_fixed_forecast,0.0,0.0
5,8,8,equal,0,assignment_dependent,256,weight_sensitive_hybrid,empirical_bernstein_fixed_forecast,0.0,0.0
6,8,8,equal,40,complete,256,no_learning_half,empirical_best_midpoint,0.013906249999999998,0.000893311115331333
6,8,8,equal,40,complete,256,no_learning_half,quota,0.0021644339062500003,0.00012911637674725725
6,8,8,equal,40,complete,256,no_learning_half,harmonic_martingale,0.0020830660937500006,0.00012389206071174776
6,8,8,equal,40,complete,256,no_learning_half,weight_sensitive_product,0.0008490296875000005,5.06975007382273e-05
6,8,8,equal,40,complete,256,no_learning_half,weight_sensitive_hybrid,0.0020830660937500006,0.00012389206071174776
6,8,8,equal,40,complete,256,no_learning_half,empirical_bernstein_fixed_forecast,0.0024584082812500003,0.0001468837298355159
6,8,8,equal,40,complete,256,empirical_best_midpoint,quota,-0.01174181609375,0.0008116822583795801
6,8,8,equal,40,complete,256,empirical_best_midpoint,harmonic_martingale,-0.01182318390625,0.0008143928926322
6,8,8,equal,40,complete,256,empirical_best_midpoint,weight_sensitive_product,-0.0130572203125,0.0008599152875498041
6,8,8,equal,40,complete,256,empirical_best_midpoint,weight_sensitive_hybrid,-0.01182318390625,0.0008143928926322
6,8,8,equal,40,complete,256,empirical_best_midpoint,empirical_bernstein_fixed_forecast,-0.01144784171875,0.0008011130839437991
6,8,8,equal,40,complete,256,quota,harmonic_martingale,-8.13678125e-05,5.365093826807725e-06
6,8,8,equal,40,complete,256,quota,weight_sensitive_product,-0.00131540421875,7.841975299131857e-05
6,8,8,equal,40,complete,256,quota,weight_sensitive_hybrid,-8.13678125e-05,5.365093826807725e-06
6,8,8,equal,40,complete,256,quota,empirical_bernstein_fixed_forecast,0.00029397437500000003,1.7867405212917345e-05
6,8,8,equal,40,complete,256,harmonic_martingale,weight_sensitive_product,-0.0012340364062499998,7.320174110335148e-05
6,8,8,equal,40,complete,256,harmonic_martingale,weight_sensitive_hybrid,0.0,0.0
6,8,8,equal,40,complete,256,harmonic_martingale,empirical_bernstein_fixed_forecast,0.0003753421875,2.3091821815009243e-05
6,8,8,equal,40,complete,256,weight_sensitive_product,weight_sensitive_hybrid,0.0012340364062499998,7.320174110335148e-05
6,8,8,equal,40,complete,256,weight_sensitive_product,empirical_bernstein_fixed_forecast,0.00160937859375,9.61928649984493e-05
6,8,8,equal,40,complete,256,weight_sensitive_hybrid,empirical_bernstein_fixed_forecast,0.0003753421875,2.3091821815009243e-05
7,8,8,equal,40,coarse_interval,256,no_learning_half,empirical_best_midpoint,0.012734375,0.0009497640436783315
7,8,8,equal,40,coarse_interval,256,no_learning_half,quota,0.0008719248437500003,5.9980477621613e-05
7,8,8,equal,40,coarse_interval,256,no_learning_half,harmonic_martingale,0.0008219289062500004,5.555605212312664e-05
7,8,8,equal,40,coarse_interval,256,no_learning_half,weight_sensitive_product,0.0005436239062500004,3.6895575841228554e-05
7,8,8,equal,40,coarse_interval,256,no_learning_half,weight_sensitive_hybrid,0.0008219289062500004,5.555605212312664e-05
7,8,8,equal,40,coarse_interval,256,no_learning_half,empirical_bernstein_fixed_forecast,0.0011458650000000003,7.801029091490078e-05
7,8,8,equal,40,coarse_interval,256,empirical_best_midpoint,quota,-0.011862450156249999,0.0009093806083954339
7,8,8,equal,40,coarse_interval,256,empirical_best_midpoint,harmonic_martingale,-0.01191244609375,0.0009109540141359328
7,8,8,equal,40,coarse_interval,256,empirical_best_midpoint,weight_sensitive_product,-0.01219075109375,0.0009240805144201917
7,8,8,equal,40,coarse_interval,256,empirical_best_midpoint,weight_sensitive_hybrid,-0.01191244609375,0.0009109540141359328
7,8,8,equal,40,coarse_interval,256,empirical_best_midpoint,empirical_bernstein_fixed_forecast,-0.01158851,0.0008971053602357013
7,8,8,equal,40,coarse_interval,256,quota,harmonic_martingale,-4.9995937499999844e-05,5.66155734342821e-06
7,8,8,equal,40,coarse_interval,256,quota,weight_sensitive_product,-0.00032830093749999973,2.3146589403753758e-05
7,8,8,equal,40,coarse_interval,256,quota,weight_sensitive_hybrid,-4.9995937499999844e-05,5.66155734342821e-06
7,8,8,equal,40,coarse_interval,256,quota,empirical_bernstein_fixed_forecast,0.0002739401562500002,1.9057042083967263e-05
7,8,8,equal,40,coarse_interval,256,harmonic_martingale,weight_sensitive_product,-0.00027830499999999985,1.8704913674974162e-05
7,8,8,equal,40,coarse_interval,256,harmonic_martingale,weight_sensitive_hybrid,0.0,0.0
7,8,8,equal,40,coarse_interval,256,harmonic_martingale,empirical_bernstein_fixed_forecast,0.00032393609375,2.3398993311238335e-05
7,8,8,equal,40,coarse_interval,256,weight_sensitive_product,weight_sensitive_hybrid,0.00027830499999999985,1.8704913674974162e-05
7,8,8,equal,40,coarse_interval,256,weight_sensitive_product,empirical_bernstein_fixed_forecast,0.0006022410937499998,4.1397601967351546e-05
7,8,8,equal,40,coarse_interval,256,weight_sensitive_hybrid,empirical_bernstein_fixed_forecast,0.00032393609375,2.3398993311238335e-05
8,8,8,equal,40,assignment_dependent,256,no_learning_half,empirical_best_midpoint,0.02,0.0
8,8,8,equal,40,assignment_dependent,256,no_learning_half,quota,0.0024228496875000004,4.617526808179989e-05
8,8,8,equal,40,assignment_dependent,256,no_learning_half,harmonic_martingale,0.0023460600000000005,4.323963260985568e-05
8,8,8,equal,40,assignment_dependent,256,no_learning_half,weight_sensitive_product,0.0021058332812500004,2.6256622287817813e-05
8,8,8,equal,40,assignment_dependent,256,no_learning_half,weight_sensitive_hybrid,0.0023460600000000005,4.323963260985568e-05
8,8,8,equal,40,assignment_dependent,256,no_learning_half,empirical_bernstein_fixed_forecast,0.0022407162500000005,3.960015917530583e-05
8,8,8,equal,40,assignment_dependent,256,empirical_best_midpoint,quota,-0.017577150312499998,4.617526808179989e-05
8,8,8,equal,40,assignment_dependent,256,empirical_best_midpoint,harmonic_martingale,-0.01765394,4.323963260985568e-05
8,8,8,equal,40,assignment_dependent,256,empirical_best_midpoint,weight_sensitive_product,-0.01789416671875,2.6256622287817813e-05
8,8,8,equal,40,assignment_dependent,256,empirical_best_midpoint,weight_sensitive_hybrid,-0.01765394,4.323963260985568e-05
8,8,8,equal,40,assignment_dependent,256,empirical_best_midpoint,empirical_bernstein_fixed_forecast,-0.01775928375,3.960015917530583e-05
8,8,8,equal,40,assignment_dependent,256,quota,harmonic_martingale,-7.678968749999992e-05,3.526164607310936e-06
8,8,8,equal,40,assignment_dependent,256,quota,weight_sensitive_product,-0.0003170164062499999,2.073231439669653e-05
8,8,8,equal,40,assignment_dependent,256,quota,weight_sensitive_hybrid,-7.678968749999992e-05,3.526164607310936e-06
8,8,8,equal,40,assignment_dependent,256,quota,empirical_bernstein_fixed_forecast,-0.0001821334374999999,1.0829093197861711e-05
8,8,8,equal,40,assignment_dependent,256,harmonic_martingale,weight_sensitive_product,-0.00024022671874999996,1.8017608815295484e-05
8,8,8,equal,40,assignment_dependent,256,harmonic_martingale,weight_sensitive_hybrid,0.0,0.0
8,8,8,equal,40,assignment_dependent,256,harmonic_martingale,empirical_bernstein_fixed_forecast,-0.00010534375,8.410889037767484e-06
8,8,8,equal,40,assignment_dependent,256,weight_sensitive_product,weight_sensitive_hybrid,0.00024022671874999996,1.8017608815295484e-05
8,8,8,equal,40,assignment_dependent,256,weight_sensitive_product,empirical_bernstein_fixed_forecast,0.00013488296874999996,1.6254991402032277e-05
8,8,8,equal,40,assignment_dependent,256,weight_sensitive_hybrid,empirical_bernstein_fixed_forecast,-0.00010534375,8.410889037767484e-06
9,8,8,equal,160,complete,256,no_learning_half,empirical_best_midpoint,0.08,0.0
9,8,8,equal,160,complete,256,no_learning_half,quota,0.032522263125,0.0004721859134712174
9,8,8,equal,160,complete,256,no_learning_half,harmonic_martingale,0.031229107500000002,0.0004459519512016555
9,8,8,equal,160,complete,256,no_learning_half,weight_sensitive_product,0.012772868125000001,0.00018745102142472437
9,8,8,equal,160,complete,256,no_learning_half,weight_sensitive_hybrid,0.031229107500000002,0.0004459519512016555
9,8,8,equal,160,complete,256,no_learning_half,empirical_bernstein_fixed_forecast,0.036533568749999995,0.0005141106249186157
9,8,8,equal,160,complete,256,empirical_best_midpoint,quota,-0.047477736875,0.0004721859134712174
9,8,8,equal,160,complete,256,empirical_best_midpoint,harmonic_martingale,-0.048770892499999996,0.0004459519512016555
9,8,8,equal,160,complete,256,empirical_best_midpoint,weight_sensitive_product,-0.067227131875,0.0001874510214247244
9,8,8,equal,160,complete,256,empirical_best_midpoint,weight_sensitive_hybrid,-0.048770892499999996,0.0004459519512016555
9,8,8,equal,160,complete,256,empirical_best_midpoint,empirical_bernstein_fixed_forecast,-0.04346643125000001,0.0005141106249186157
9,8,8,equal,160,complete,256,quota,harmonic_martingale,-0.0012931556250000004,2.6789144438164873e-05
9,8,8,equal,160,complete,256,quota,weight_sensitive_product,-0.019749395000000003,0.0002847598841678275
9,8,8,equal,160,complete,256,quota,weight_sensitive_hybrid,-0.0012931556250000004,2.6789144438164873e-05
9,8,8,equal,160,complete,256,quota,empirical_bernstein_fixed_forecast,0.004011305624999999,4.728443995373812e-05
9,8,8,equal,160,complete,256,harmonic_martingale,weight_sensitive_product,-0.018456239375000003,0.00025856374065890965
9,8,8,equal,160,complete,256,harmonic_martingale,weight_sensitive_hybrid,0.0,0.0
9,8,8,equal,160,complete,256,harmonic_martingale,empirical_bernstein_fixed_forecast,0.00530446125,7.124991736764215e-05
9,8,8,equal,160,complete,256,weight_sensitive_product,weight_sensitive_hybrid,0.018456239375000003,0.00025856374065890965
9,8,8,equal,160,complete,256,weight_sensitive_product,empirical_bernstein_fixed_forecast,0.023760700625,0.0003269807462726784
9,8,8,equal,160,complete,256,weight_sensitive_hybrid,empirical_bernstein_fixed_forecast,0.00530446125,7.124991736764215e-05
10,8,8,equal,160,coarse_interval,256,no_learning_half,empirical_best_midpoint,0.08,0.0
10,8,8,equal,160,coarse_interval,256,no_learning_half,quota,0.016796678125,0.0003222963368352752
10,8,8,equal,160,coarse_interval,256,no_learning_half,harmonic_martingale,0.015578115000000002,0.0003160171749935157
10,8,8,equal,160,coarse_interval,256,no_learning_half,weight_sensitive_product,0.010006526875000001,0.00018662367589121153
10,8,8,equal,160,coarse_interval,256,no_learning_half,weight_sensitive_hybrid,0.015578115000000002,0.0003160171749935157
10,8,8,equal,160,coarse_interval,256,no_learning_half,empirical_bernstein_fixed_forecast,0.020777319375,0.00036551765794393847
10,8,8,equal,160,coarse_interval,256,empirical_best_midpoint,quota,-0.063203321875,0.0003222963368352752
10,8,8,equal,160,coarse_interval,256,empirical_best_midpoint,harmonic_martingale,-0.064421885,0.0003160171749935157
10,8,8,equal,160,coarse_interval,256,empirical_best_midpoint,weight_sensitive_product,-0.06999347312500001,0.00018662367589121153
10,8,8,equal,160,coarse_interval,256,empirical_best_midpoint,weight_sensitive_hybrid,-0.064421885,0.0003160171749935157
10,8,8,equal,160,coarse_interval,256,empirical_best_midpoint,empirical_bernstein_fixed_forecast,-0.059222680624999996,0.00036551765794393847
10,8,8,equal,160,coarse_interval,256,quota,harmonic_martingale,-0.0012185631249999993,7.157193197860992e-06
10,8,8,equal,160,coarse_interval,256,quota,weight_sensitive_product,-0.006790151249999999,0.00013582992628649205
10,8,8,equal,160,coarse_interval,256,quota,weight_sensitive_hybrid,-0.0012185631249999993,7.157193197860992e-06
10,8,8,equal,160,coarse_interval,256,quota,empirical_bernstein_fixed_forecast,0.00398064125,5.0871933661928744e-05
10,8,8,equal,160,coarse_interval,256,harmonic_martingale,weight_sensitive_product,-0.0055715881250000005,0.00012959574309546822
10,8,8,equal,160,coarse_interval,256,harmonic_martingale,weight_sensitive_hybrid,0.0,0.0
10,8,8,equal,160,coarse_interval,256,harmonic_martingale,empirical_bernstein_fixed_forecast,0.005199204374999999,5.650300914009559e-05
10,8,8,equal,160,coarse_interval,256,weight_sensitive_product,weight_sensitive_hybrid,0.0055715881250000005,0.00012959574309546822
10,8,8,equal,160,coarse_interval,256,weight_sensitive_product,empirical_bernstein_fixed_forecast,0.010770792500000001,0.00017994887797288702
10,8,8,equal,160,coarse_interval,256,weight_sensitive_hybrid,empirical_bernstein_fixed_forecast,0.005199204374999999,5.650300914009559e-05
11,8,8,equal,160,assignment_dependent,256,no_learning_half,empirical_best_midpoint,0.08,0.0
11,8,8,equal,160,assignment_dependent,256,no_learning_half,quota,0.017256271250000003,0.0003106054692700759
11,8,8,equal,160,assignment_dependent,256,no_learning_half,harmonic_martingale,0.016346469375000006,0.00029101534949401884
11,8,8,equal,160,assignment_dependent,256,no_learning_half,weight_sensitive_product,0.013189911875000002,0.00012981033264463095
11,8,8,equal,160,assignment_dependent,256,no_learning_half,weight_sensitive_hybrid,0.016346469375000006,0.00029101534949401884
11,8,8,equal,160,assignment_dependent,256,no_learning_half,empirical_bernstein_fixed_forecast,0.014907934375000001,0.00026411318269133505
11,8,8,equal,160,assignment_dependent,256,empirical_best_midpoint,quota,-0.06274372875,0.0003106054692700759
11,8,8,equal,160,assignment_dependent,256,empirical_best_midpoint,harmonic_martingale,-0.063653530625,0.00029101534949401884
11,8,8,equal,160,assignment_dependent,256,empirical_best_midpoint,weight_sensitive_product,-0.066810088125,0.00012981033264463095
11,8,8,equal,160,assignment_dependent,256,empirical_best_midpoint,weight_sensitive_hybrid,-0.063653530625,0.00029101534949401884
11,8,8,equal,160,assignment_dependent,256,empirical_best_midpoint,empirical_bernstein_fixed_forecast,-0.065092065625,0.00026411318269133505
11,8,8,equal,160,assignment_dependent,256,quota,harmonic_martingale,-0.0009098018749999996,2.2860000561515452e-05
11,8,8,equal,160,assignment_dependent,256,quota,weight_sensitive_product,-0.004066359375,0.0001827065064302836
11,8,8,equal,160,assignment_dependent,256,quota,weight_sensitive_hybrid,-0.0009098018749999996,2.2860000561515452e-05
11,8,8,equal,160,assignment_dependent,256,quota,empirical_bernstein_fixed_forecast,-0.0023483368749999995,7.921244172960221e-05
11,8,8,equal,160,assignment_dependent,256,harmonic_martingale,weight_sensitive_product,-0.0031565575,0.0001639668811823942
11,8,8,equal,160,assignment_dependent,256,harmonic_martingale,weight_sensitive_hybrid,0.0,0.0
11,8,8,equal,160,assignment_dependent,256,harmonic_martingale,empirical_bernstein_fixed_forecast,-0.001438535,6.270470599267212e-05
11,8,8,equal,160,assignment_dependent,256,weight_sensitive_product,weight_sensitive_hybrid,0.0031565575,0.0001639668811823942
11,8,8,equal,160,assignment_dependent,256,weight_sensitive_product,empirical_bernstein_fixed_forecast,0.0017180225000000002,0.0001453825968614248
11,8,8,equal,160,assignment_dependent,256,weight_sensitive_hybrid,empirical_bernstein_fixed_forecast,-0.001438535,6.270470599267212e-05
12,8,8,concentrated,-160,complete,256,no_learning_half,empirical_best_midpoint,0.05499999999999999,0.003638034375544995
12,8,8,concentrated,-160,complete,256,no_learning_half,quota,0.013148383125,0.00036604950599887514
12,8,8,concentrated,-160,complete,256,no_learning_half,harmonic_martingale,0.01298419125,0.00037473849712505244
12,8,8,concentrated,-160,complete,256,no_learning_half,weight_sensitive_product,0.013074341875000001,0.00037009279525663364
12,8,8,concentrated,-160,complete,256,no_learning_half,weight_sensitive_hybrid,0.013074341875000001,0.00037009279525663364
12,8,8,concentrated,-160,complete,256,no_learning_half,empirical_bernstein_fixed_forecast,0.01298419125,0.00037473849712505244
12,8,8,concentrated,-160,complete,256,empirical_best_midpoint,quota,-0.041851616875000004,0.003709570909684741
12,8,8,concentrated,-160,complete,256,empirical_best_midpoint,harmonic_martingale,-0.042015808749999994,0.003718642920033831
12,8,8,concentrated,-160,complete,256,empirical_best_midpoint,weight_sensitive_product,-0.041925658125,0.0037157998209610015
12,8,8,concentrated,-160,complete,256,empirical_best_midpoint,weight_sensitive_hybrid,-0.041925658125,0.0037157998209610015
12,8,8,concentrated,-160,complete,256,empirical_best_midpoint,empirical_bernstein_fixed_forecast,-0.042015808749999994,0.003718642920033831
12,8,8,concentrated,-160,complete,256,quota,harmonic_martingale,-0.000164191875,6.623906118153927e-05
12,8,8,concentrated,-160,complete,256,quota,weight_sensitive_product,-7.404125000000001e-05,3.444426491426504e-05
12,8,8,concentrated,-160,complete,256,quota,weight_sensitive_hybrid,-7.404125000000001e-05,3.444426491426504e-05
12,8,8,concentrated,-160,complete,256,quota,empirical_bernstein_fixed_forecast,-0.000164191875,6.623906118153927e-05
12,8,8,concentrated,-160,complete,256,harmonic_martingale,weight_sensitive_product,9.015062499999999e-05,3.342377806364037e-05
12,8,8,concentrated,-160,complete,256,harmonic_martingale,weight_sensitive_hybrid,9.015062499999999e-05,3.342377806364037e-05
12,8,8,concentrated,-160,complete,256,harmonic_martingale,empirical_bernstein_fixed_forecast,0.0,0.0
12,8,8,concentrated,-160,complete,256,weight_sensitive_product,weight_sensitive_hybrid,0.0,0.0
12,8,8,concentrated,-160,complete,256,weight_sensitive_product,empirical_bernstein_fixed_forecast,-9.015062499999999e-05,3.342377806364037e-05
12,8,8,concentrated,-160,complete,256,weight_sensitive_hybrid,empirical_bernstein_fixed_forecast,-9.015062499999999e-05,3.342377806364037e-05
13,8,8,concentrated,-160,coarse_interval,256,no_learning_half,empirical_best_midpoint,0.048437499999999994,0.003974826963184045
13,8,8,concentrated,-160,coarse_interval,256,no_learning_half,quota,0.010660080625000002,0.00028246095141403876
13,8,8,concentrated,-160,coarse_interval,256,no_learning_half,harmonic_martingale,0.010564491250000002,0.00028843084531599553
13,8,8,concentrated,-160,coarse_interval,256,no_learning_half,weight_sensitive_product,0.010589290625000001,0.00028587930547208963
13,8,8,concentrated,-160,coarse_interval,256,no_learning_half,weight_sensitive_hybrid,0.010589290625000001,0.00028587930547208963
13,8,8,concentrated,-160,coarse_interval,256,no_learning_half,empirical_bernstein_fixed_forecast,0.010564491250000002,0.00028843084531599553
13,8,8,concentrated,-160,coarse_interval,256,empirical_best_midpoint,quota,-0.037777419374999996,0.003988548152246248
13,8,8,concentrated,-160,coarse_interval,256,empirical_best_midpoint,harmonic_martingale,-0.03787300875,0.003994987463961692
13,8,8,concentrated,-160,coarse_interval,256,empirical_best_midpoint,weight_sensitive_product,-0.037848209375,0.0039921349648378655
13,8,8,concentrated,-160,coarse_interval,256,empirical_best_midpoint,weight_sensitive_hybrid,-0.037848209375,0.0039921349648378655
13,8,8,concentrated,-160,coarse_interval,256,empirical_best_midpoint,empirical_bernstein_fixed_forecast,-0.03787300875,0.003994987463961692
13,8,8,concentrated,-160,coarse_interval,256,quota,harmonic_martingale,-9.5589375e-05,5.054791516373775e-05
13,8,8,concentrated,-160,coarse_interval,256,quota,weight_sensitive_product,-7.079000000000005e-05,2.6915764744192308e-05
13,8,8,concentrated,-160,coarse_interval,256,quota,weight_sensitive_hybrid,-7.079000000000005e-05,2.6915764744192308e-05
13,8,8,concentrated,-160,coarse_interval,256,quota,empirical_bernstein_fixed_forecast,-9.5589375e-05,5.054791516373775e-05
13,8,8,concentrated,-160,coarse_interval,256,harmonic_martingale,weight_sensitive_product,2.4799374999999956e-05,3.038319613617777e-05
13,8,8,concentrated,-160,coarse_interval,256,harmonic_martingale,weight_sensitive_hybrid,2.4799374999999956e-05,3.038319613617777e-05
13,8,8,concentrated,-160,coarse_interval,256,harmonic_martingale,empirical_bernstein_fixed_forecast,0.0,0.0
13,8,8,concentrated,-160,coarse_interval,256,weight_sensitive_product,weight_sensitive_hybrid,0.0,0.0
13,8,8,concentrated,-160,coarse_interval,256,weight_sensitive_product,empirical_bernstein_fixed_forecast,-2.4799374999999956e-05,3.038319613617777e-05
13,8,8,concentrated,-160,coarse_interval,256,weight_sensitive_hybrid,empirical_bernstein_fixed_forecast,-2.4799374999999956e-05,3.038319613617777e-05
14,8,8,concentrated,-160,assignment_dependent,256,no_learning_half,empirical_best_midpoint,-0.0325,0.004577759534198054
14,8,8,concentrated,-160,assignment_dependent,256,no_learning_half,quota,-0.0039542668749999975,8.45163087122483e-05
14,8,8,concentrated,-160,assignment_dependent,256,no_learning_half,harmonic_martingale,-0.003921608124999998,8.421769892773307e-05
14,8,8,concentrated,-160,assignment_dependent,256,no_learning_half,weight_sensitive_product,-0.003940369999999998,8.37252410578559e-05
14,8,8,concentrated,-160,assignment_dependent,256,no_learning_half,weight_sensitive_hybrid,-0.003940369999999998,8.37252410578559e-05
14,8,8,concentrated,-160,assignment_dependent,256,no_learning_half,empirical_bernstein_fixed_forecast,-0.003921608124999998,8.421769892773307e-05
14,8,8,concentrated,-160,assignment_dependent,256,empirical_best_midpoint,quota,0.028545733125000004,0.004606689387383362
14,8,8,concentrated,-160,assignment_dependent,256,empirical_best_midpoint,harmonic_martingale,0.028578391875000005,0.004608004308971397
14,8,8,concentrated,-160,assignment_dependent,256,empirical_best_midpoint,weight_sensitive_product,0.028559630000000003,0.004607236838772152
14,8,8,concentrated,-160,assignment_dependent,256,empirical_best_midpoint,weight_sensitive_hybrid,0.028559630000000003,0.004607236838772152
14,8,8,concentrated,-160,assignment_dependent,256,empirical_best_midpoint,empirical_bernstein_fixed_forecast,0.028578391875000005,0.004608004308971397
14,8,8,concentrated,-160,assignment_dependent,256,quota,harmonic_martingale,3.2658749999999956e-05,2.175816870253536e-05
14,8,8,concentrated,-160,assignment_dependent,256,quota,weight_sensitive_product,1.3896874999999977e-05,8.615000361939235e-06
14,8,8,concentrated,-160,assignment_dependent,256,quota,weight_sensitive_hybrid,1.3896874999999977e-05,8.615000361939235e-06
14,8,8,concentrated,-160,assignment_dependent,256,quota,empirical_bernstein_fixed_forecast,3.2658749999999956e-05,2.175816870253536e-05
14,8,8,concentrated,-160,assignment_dependent,256,harmonic_martingale,weight_sensitive_product,-1.876187499999998e-05,1.3309267027516661e-05
14,8,8,concentrated,-160,assignment_dependent,256,harmonic_martingale,weight_sensitive_hybrid,-1.876187499999998e-05,1.3309267027516661e-05
14,8,8,concentrated,-160,assignment_dependent,256,harmonic_martingale,empirical_bernstein_fixed_forecast,0.0,0.0
14,8,8,concentrated,-160,assignment_dependent,256,weight_sensitive_product,weight_sensitive_hybrid,0.0,0.0
14,8,8,concentrated,-160,assignment_dependent,256,weight_sensitive_product,empirical_bernstein_fixed_forecast,1.876187499999998e-05,1.3309267027516661e-05
14,8,8,concentrated,-160,assignment_dependent,256,weight_sensitive_hybrid,empirical_bernstein_fixed_forecast,1.876187499999998e-05,1.3309267027516661e-05
15,8,8,concentrated,0,complete,256,no_learning_half,empirical_best_midpoint,0.0,0.0
15,8,8,concentrated,0,complete,256,no_learning_half,quota,0.0,0.0
15,8,8,concentrated,0,complete,256,no_learning_half,harmonic_martingale,0.0,0.0
15,8,8,concentrated,0,complete,256,no_learning_half,weight_sensitive_product,0.0,0.0
15,8,8,concentrated,0,complete,256,no_learning_half,weight_sensitive_hybrid,0.0,0.0
15,8,8,concentrated,0,complete,256,no_learning_half,empirical_bernstein_fixed_forecast,0.0,0.0
15,8,8,concentrated,0,complete,256,empirical_best_midpoint,quota,0.0,0.0
15,8,8,concentrated,0,complete,256,empirical_best_midpoint,harmonic_martingale,0.0,0.0
15,8,8,concentrated,0,complete,256,empirical_best_midpoint,weight_sensitive_product,0.0,0.0
15,8,8,concentrated,0,complete,256,empirical_best_midpoint,weight_sensitive_hybrid,0.0,0.0
15,8,8,concentrated,0,complete,256,empirical_best_midpoint,empirical_bernstein_fixed_forecast,0.0,0.0
15,8,8,concentrated,0,complete,256,quota,harmonic_martingale,0.0,0.0
15,8,8,concentrated,0,complete,256,quota,weight_sensitive_product,0.0,0.0
15,8,8,concentrated,0,complete,256,quota,weight_sensitive_hybrid,0.0,0.0
15,8,8,concentrated,0,complete,256,quota,empirical_bernstein_fixed_forecast,0.0,0.0
15,8,8,concentrated,0,complete,256,harmonic_martingale,weight_sensitive_product,0.0,0.0
15,8,8,concentrated,0,complete,256,harmonic_martingale,weight_sensitive_hybrid,0.0,0.0
15,8,8,concentrated,0,complete,256,harmonic_martingale,empirical_bernstein_fixed_forecast,0.0,0.0
15,8,8,concentrated,0,complete,256,weight_sensitive_product,weight_sensitive_hybrid,0.0,0.0
15,8,8,concentrated,0,complete,256,weight_sensitive_product,empirical_bernstein_fixed_forecast,0.0,0.0
15,8,8,concentrated,0,complete,256,weight_sensitive_hybrid,empirical_bernstein_fixed_forecast,0.0,0.0
16,8,8,concentrated,0,coarse_interval,256,no_learning_half,empirical_best_midpoint,0.0,0.0
16,8,8,concentrated,0,coarse_interval,256,no_learning_half,quota,0.0,0.0
16,8,8,concentrated,0,coarse_interval,256,no_learning_half,harmonic_martingale,0.0,0.0
16,8,8,concentrated,0,coarse_interval,256,no_learning_half,weight_sensitive_product,0.0,0.0
16,8,8,concentrated,0,coarse_interval,256,no_learning_half,weight_sensitive_hybrid,0.0,0.0
16,8,8,concentrated,0,coarse_interval,256,no_learning_half,empirical_bernstein_fixed_forecast,0.0,0.0
16,8,8,concentrated,0,coarse_interval,256,empirical_best_midpoint,quota,0.0,0.0
16,8,8,concentrated,0,coarse_interval,256,empirical_best_midpoint,harmonic_martingale,0.0,0.0
16,8,8,concentrated,0,coarse_interval,256,empirical_best_midpoint,weight_sensitive_product,0.0,0.0
16,8,8,concentrated,0,coarse_interval,256,empirical_best_midpoint,weight_sensitive_hybrid,0.0,0.0
16,8,8,concentrated,0,coarse_interval,256,empirical_best_midpoint,empirical_bernstein_fixed_forecast,0.0,0.0
16,8,8,concentrated,0,coarse_interval,256,quota,harmonic_martingale,0.0,0.0
16,8,8,concentrated,0,coarse_interval,256,quota,weight_sensitive_product,0.0,0.0
16,8,8,concentrated,0,coarse_interval,256,quota,weight_sensitive_hybrid,0.0,0.0
16,8,8,concentrated,0,coarse_interval,256,quota,empirical_bernstein_fixed_forecast,0.0,0.0
16,8,8,concentrated,0,coarse_interval,256,harmonic_martingale,weight_sensitive_product,0.0,0.0
16,8,8,concentrated,0,coarse_interval,256,harmonic_martingale,weight_sensitive_hybrid,0.0,0.0
16,8,8,concentrated,0,coarse_interval,256,harmonic_martingale,empirical_bernstein_fixed_forecast,0.0,0.0
16,8,8,concentrated,0,coarse_interval,256,weight_sensitive_product,weight_sensitive_hybrid,0.0,0.0
16,8,8,concentrated,0,coarse_interval,256,weight_sensitive_product,empirical_bernstein_fixed_forecast,0.0,0.0
16,8,8,concentrated,0,coarse_interval,256,weight_sensitive_hybrid,empirical_bernstein_fixed_forecast,0.0,0.0
17,8,8,concentrated,0,assignment_dependent,256,no_learning_half,empirical_best_midpoint,0.0,0.0
17,8,8,concentrated,0,assignment_dependent,256,no_learning_half,quota,0.0,0.0
17,8,8,concentrated,0,assignment_dependent,256,no_learning_half,harmonic_martingale,0.0,0.0
17,8,8,concentrated,0,assignment_dependent,256,no_learning_half,weight_sensitive_product,0.0,0.0
17,8,8,concentrated,0,assignment_dependent,256,no_learning_half,weight_sensitive_hybrid,0.0,0.0
17,8,8,concentrated,0,assignment_dependent,256,no_learning_half,empirical_bernstein_fixed_forecast,0.0,0.0
17,8,8,concentrated,0,assignment_dependent,256,empirical_best_midpoint,quota,0.0,0.0
17,8,8,concentrated,0,assignment_dependent,256,empirical_best_midpoint,harmonic_martingale,0.0,0.0
17,8,8,concentrated,0,assignment_dependent,256,empirical_best_midpoint,weight_sensitive_product,0.0,0.0
17,8,8,concentrated,0,assignment_dependent,256,empirical_best_midpoint,weight_sensitive_hybrid,0.0,0.0
17,8,8,concentrated,0,assignment_dependent,256,empirical_best_midpoint,empirical_bernstein_fixed_forecast,0.0,0.0
17,8,8,concentrated,0,assignment_dependent,256,quota,harmonic_martingale,0.0,0.0
17,8,8,concentrated,0,assignment_dependent,256,quota,weight_sensitive_product,0.0,0.0
17,8,8,concentrated,0,assignment_dependent,256,quota,weight_sensitive_hybrid,0.0,0.0
17,8,8,concentrated,0,assignment_dependent,256,quota,empirical_bernstein_fixed_forecast,0.0,0.0
17,8,8,concentrated,0,assignment_dependent,256,harmonic_martingale,weight_sensitive_product,0.0,0.0
17,8,8,concentrated,0,assignment_dependent,256,harmonic_martingale,weight_sensitive_hybrid,0.0,0.0
17,8,8,concentrated,0,assignment_dependent,256,harmonic_martingale,empirical_bernstein_fixed_forecast,0.0,0.0
17,8,8,concentrated,0,assignment_dependent,256,weight_sensitive_product,weight_sensitive_hybrid,0.0,0.0
17,8,8,concentrated,0,assignment_dependent,256,weight_sensitive_product,empirical_bernstein_fixed_forecast,0.0,0.0
17,8,8,concentrated,0,assignment_dependent,256,weight_sensitive_hybrid,empirical_bernstein_fixed_forecast,0.0,0.0
18,8,8,concentrated,40,complete,256,no_learning_half,empirical_best_midpoint,0.00140625,0.0012493487887028718
18,8,8,concentrated,40,complete,256,no_learning_half,quota,0.0007292445312500005,7.569108296933953e-05
18,8,8,concentrated,40,complete,256,no_learning_half,harmonic_martingale,0.0007228626562500004,7.307640098086021e-05
18,8,8,concentrated,40,complete,256,no_learning_half,weight_sensitive_product,0.0007255337500000005,7.337999745077827e-05
18,8,8,concentrated,40,complete,256,no_learning_half,weight_sensitive_hybrid,0.0007255337500000005,7.337999745077827e-05
18,8,8,concentrated,40,complete,256,no_learning_half,empirical_bernstein_fixed_forecast,0.0007228626562500004,7.307640098086021e-05
18,8,8,concentrated,40,complete,256,empirical_best_midpoint,quota,-0.0006770054687499995,0.001232636220276567
18,8,8,concentrated,40,complete,256,empirical_best_midpoint,harmonic_martingale,-0.0006833873437499996,0.0012351737145512639
18,8,8,concentrated,40,complete,256,empirical_best_midpoint,weight_sensitive_product,-0.0006807162499999994,0.0012343452320585915
18,8,8,concentrated,40,complete,256,empirical_best_midpoint,weight_sensitive_hybrid,-0.0006807162499999994,0.0012343452320585915
18,8,8,concentrated,40,complete,256,empirical_best_midpoint,empirical_bernstein_fixed_forecast,-0.0006833873437499996,0.0012351737145512639
18,8,8,concentrated,40,complete,256,quota,harmonic_martingale,-6.381874999999992e-06,1.503932967079975e-05
18,8,8,concentrated,40,complete,256,quota,weight_sensitive_product,-3.710781249999999e-06,8.408704318662001e-06
18,8,8,concentrated,40,complete,256,quota,weight_sensitive_hybrid,-3.710781249999999e-06,8.408704318662001e-06
18,8,8,concentrated,40,complete,256,quota,empirical_bernstein_fixed_forecast,-6.381874999999992e-06,1.503932967079975e-05
18,8,8,concentrated,40,complete,256,harmonic_martingale,weight_sensitive_product,2.6710937499999934e-06,8.767455331951206e-06
18,8,8,concentrated,40,complete,256,harmonic_martingale,weight_sensitive_hybrid,2.6710937499999934e-06,8.767455331951206e-06
18,8,8,concentrated,40,complete,256,harmonic_martingale,empirical_bernstein_fixed_forecast,0.0,0.0
18,8,8,concentrated,40,complete,256,weight_sensitive_product,weight_sensitive_hybrid,0.0,0.0
18,8,8,concentrated,40,complete,256,weight_sensitive_product,empirical_bernstein_fixed_forecast,-2.6710937499999934e-06,8.767455331951206e-06
18,8,8,concentrated,40,complete,256,weight_sensitive_hybrid,empirical_bernstein_fixed_forecast,-2.6710937499999934e-06,8.767455331951206e-06
19,8,8,concentrated,40,coarse_interval,256,no_learning_half,empirical_best_midpoint,0.0035156250000000005,0.0012254697072429407
19,8,8,concentrated,40,coarse_interval,256,no_learning_half,quota,0.0006938410937500003,5.829169234791973e-05
19,8,8,concentrated,40,coarse_interval,256,no_learning_half,harmonic_martingale,0.0006994868750000002,5.760744997998954e-05
19,8,8,concentrated,40,coarse_interval,256,no_learning_half,weight_sensitive_product,0.0006955596875000002,5.7914394127932474e-05
19,8,8,concentrated,40,coarse_interval,256,no_learning_half,weight_sensitive_hybrid,0.0006955596875000002,5.7914394127932474e-05
19,8,8,concentrated,40,coarse_interval,256,no_learning_half,empirical_bernstein_fixed_forecast,0.0006994868750000002,5.760744997998954e-05
19,8,8,concentrated,40,coarse_interval,256,empirical_best_midpoint,quota,-0.0028217839062499995,0.0012157173743667544
19,8,8,concentrated,40,coarse_interval,256,empirical_best_midpoint,harmonic_martingale,-0.0028161381249999996,0.001216189538108209
19,8,8,concentrated,40,coarse_interval,256,empirical_best_midpoint,weight_sensitive_product,-0.0028200653125,0.0012159063021162716
19,8,8,concentrated,40,coarse_interval,256,empirical_best_midpoint,weight_sensitive_hybrid,-0.0028200653125,0.0012159063021162716
19,8,8,concentrated,40,coarse_interval,256,empirical_best_midpoint,empirical_bernstein_fixed_forecast,-0.0028161381249999996,0.001216189538108209
19,8,8,concentrated,40,coarse_interval,256,quota,harmonic_martingale,5.64578125e-06,6.270035559935166e-06
19,8,8,concentrated,40,coarse_interval,256,quota,weight_sensitive_product,1.7185937499999987e-06,2.3896110453643454e-06
19,8,8,concentrated,40,coarse_interval,256,quota,weight_sensitive_hybrid,1.7185937499999987e-06,2.3896110453643454e-06
19,8,8,concentrated,40,coarse_interval,256,quota,empirical_bernstein_fixed_forecast,5.64578125e-06,6.270035559935166e-06
19,8,8,concentrated,40,coarse_interval,256,harmonic_martingale,weight_sensitive_product,-3.927187500000001e-06,3.927187500000002e-06
19,8,8,concentrated,40,coarse_interval,256,harmonic_martingale,weight_sensitive_hybrid,-3.927187500000001e-06,3.927187500000002e-06
19,8,8,concentrated,40,coarse_interval,256,harmonic_martingale,empirical_bernstein_fixed_forecast,0.0,0.0
19,8,8,concentrated,40,coarse_interval,256,weight_sensitive_product,weight_sensitive_hybrid,0.0,0.0
19,8,8,concentrated,40,coarse_interval,256,weight_sensitive_product,empirical_bernstein_fixed_forecast,3.927187500000001e-06,3.927187500000002e-06
19,8,8,concentrated,40,coarse_interval,256,weight_sensitive_hybrid,empirical_bernstein_fixed_forecast,3.927187500000001e-06,3.927187500000002e-06
20,8,8,concentrated,40,assignment_dependent,256,no_learning_half,empirical_best_midpoint,0.009999999999999998,0.001084652289093281
20,8,8,concentrated,40,assignment_dependent,256,no_learning_half,quota,0.00204185875,3.8078279648945335e-05
20,8,8,concentrated,40,assignment_dependent,256,no_learning_half,harmonic_martingale,0.0020388425000000005,3.775457534570233e-05
20,8,8,concentrated,40,assignment_dependent,256,no_learning_half,weight_sensitive_product,0.0020408226562500004,3.774221354798554e-05
20,8,8,concentrated,40,assignment_dependent,256,no_learning_half,weight_sensitive_hybrid,0.0020408226562500004,3.774221354798554e-05
20,8,8,concentrated,40,assignment_dependent,256,no_learning_half,empirical_bernstein_fixed_forecast,0.0020388425000000005,3.775457534570233e-05
20,8,8,concentrated,40,assignment_dependent,256,empirical_best_midpoint,quota,-0.007958141250000002,0.0010771217112616471
20,8,8,concentrated,40,assignment_dependent,256,empirical_best_midpoint,harmonic_martingale,-0.0079611575,0.0010776230952473666
20,8,8,concentrated,40,assignment_dependent,256,empirical_best_midpoint,weight_sensitive_product,-0.00795917734375,0.001077550600093533
20,8,8,concentrated,40,assignment_dependent,256,empirical_best_midpoint,weight_sensitive_hybrid,-0.00795917734375,0.001077550600093533
20,8,8,concentrated,40,assignment_dependent,256,empirical_best_midpoint,empirical_bernstein_fixed_forecast,-0.0079611575,0.0010776230952473666
20,8,8,concentrated,40,assignment_dependent,256,quota,harmonic_martingale,-3.01624999999999e-06,4.479616015992359e-06
20,8,8,concentrated,40,assignment_dependent,256,quota,weight_sensitive_product,-1.0360937499999861e-06,2.8936321252771717e-06
20,8,8,concentrated,40,assignment_dependent,256,quota,weight_sensitive_hybrid,-1.0360937499999861e-06,2.8936321252771717e-06
20,8,8,concentrated,40,assignment_dependent,256,quota,empirical_bernstein_fixed_forecast,-3.01624999999999e-06,4.479616015992359e-06
20,8,8,concentrated,40,assignment_dependent,256,harmonic_martingale,weight_sensitive_product,1.980156250000004e-06,1.9801562500000043e-06
20,8,8,concentrated,40,assignment_dependent,256,harmonic_martingale,weight_sensitive_hybrid,1.980156250000004e-06,1.9801562500000043e-06
20,8,8,concentrated,40,assignment_dependent,256,harmonic_martingale,empirical_bernstein_fixed_forecast,0.0,0.0
20,8,8,concentrated,40,assignment_dependent,256,weight_sensitive_product,weight_sensitive_hybrid,0.0,0.0
20,8,8,concentrated,40,assignment_dependent,256,weight_sensitive_product,empirical_bernstein_fixed_forecast,-1.980156250000004e-06,1.9801562500000043e-06
20,8,8,concentrated,40,assignment_dependent,256,weight_sensitive_hybrid,empirical_bernstein_fixed_forecast,-1.980156250000004e-06,1.9801562500000043e-06
21,8,8,concentrated,160,complete,256,no_learning_half,empirical_best_midpoint,0.044375,0.004168443248701733
21,8,8,concentrated,160,complete,256,no_learning_half,quota,0.012840355000000001,0.000316500214665076
21,8,8,concentrated,160,complete,256,no_learning_half,harmonic_martingale,0.012809281250000002,0.00030921664474514444
21,8,8,concentrated,160,complete,256,no_learning_half,weight_sensitive_product,0.01280074875,0.00031073981294471337
21,8,8,concentrated,160,complete,256,no_learning_half,weight_sensitive_hybrid,0.01280074875,0.00031073981294471337
21,8,8,concentrated,160,complete,256,no_learning_half,empirical_bernstein_fixed_forecast,0.012809281250000002,0.00030921664474514444
21,8,8,concentrated,160,complete,256,empirical_best_midpoint,quota,-0.031534645,0.004033704588155966
21,8,8,concentrated,160,complete,256,empirical_best_midpoint,harmonic_martingale,-0.03156571875,0.004037775301827023
21,8,8,concentrated,160,complete,256,empirical_best_midpoint,weight_sensitive_product,-0.031574251250000004,0.004036168164628754
21,8,8,concentrated,160,complete,256,empirical_best_midpoint,weight_sensitive_hybrid,-0.031574251250000004,0.004036168164628754
21,8,8,concentrated,160,complete,256,empirical_best_midpoint,empirical_bernstein_fixed_forecast,-0.03156571875,0.004037775301827023
21,8,8,concentrated,160,complete,256,quota,harmonic_martingale,-3.1073750000000044e-05,3.3350216559307315e-05
21,8,8,concentrated,160,complete,256,quota,weight_sensitive_product,-3.960625000000003e-05,2.3525061793666635e-05
21,8,8,concentrated,160,complete,256,quota,weight_sensitive_hybrid,-3.960625000000003e-05,2.3525061793666635e-05
21,8,8,concentrated,160,complete,256,quota,empirical_bernstein_fixed_forecast,-3.1073750000000044e-05,3.3350216559307315e-05
21,8,8,concentrated,160,complete,256,harmonic_martingale,weight_sensitive_product,-8.532499999999986e-06,1.3419306028599808e-05
21,8,8,concentrated,160,complete,256,harmonic_martingale,weight_sensitive_hybrid,-8.532499999999986e-06,1.3419306028599808e-05
21,8,8,concentrated,160,complete,256,harmonic_martingale,empirical_bernstein_fixed_forecast,0.0,0.0
21,8,8,concentrated,160,complete,256,weight_sensitive_product,weight_sensitive_hybrid,0.0,0.0
21,8,8,concentrated,160,complete,256,weight_sensitive_product,empirical_bernstein_fixed_forecast,8.532499999999986e-06,1.3419306028599808e-05
21,8,8,concentrated,160,complete,256,weight_sensitive_hybrid,empirical_bernstein_fixed_forecast,8.532499999999986e-06,1.3419306028599808e-05
22,8,8,concentrated,160,coarse_interval,256,no_learning_half,empirical_best_midpoint,0.039375,0.004338432614322782
22,8,8,concentrated,160,coarse_interval,256,no_learning_half,quota,0.010081000625000003,0.0002634489280062561
22,8,8,concentrated,160,coarse_interval,256,no_learning_half,harmonic_martingale,0.010052850625000002,0.0002605545006699389
22,8,8,concentrated,160,coarse_interval,256,no_learning_half,weight_sensitive_product,0.010070240000000001,0.00026198940234217077
22,8,8,concentrated,160,coarse_interval,256,no_learning_half,weight_sensitive_hybrid,0.010070240000000001,0.00026198940234217077
22,8,8,concentrated,160,coarse_interval,256,no_learning_half,empirical_bernstein_fixed_forecast,0.010052850625000002,0.0002605545006699389
22,8,8,concentrated,160,coarse_interval,256,empirical_best_midpoint,quota,-0.029293999375,0.004216970353471186
22,8,8,concentrated,160,coarse_interval,256,empirical_best_midpoint,harmonic_martingale,-0.029322149375,0.0042178539134199175
22,8,8,concentrated,160,coarse_interval,256,empirical_best_midpoint,weight_sensitive_product,-0.02930476,0.004217285940251333
22,8,8,concentrated,160,coarse_interval,256,empirical_best_midpoint,weight_sensitive_hybrid,-0.02930476,0.004217285940251333
22,8,8,concentrated,160,coarse_interval,256,empirical_best_midpoint,empirical_bernstein_fixed_forecast,-0.029322149375,0.0042178539134199175
22,8,8,concentrated,160,coarse_interval,256,quota,harmonic_martingale,-2.8150000000000007e-05,2.8150000000000007e-05
22,8,8,concentrated,160,coarse_interval,256,quota,weight_sensitive_product,-1.0760625000000008e-05,1.0760625000000007e-05
22,8,8,concentrated,160,coarse_interval,256,quota,weight_sensitive_hybrid,-1.0760625000000008e-05,1.0760625000000007e-05
22,8,8,concentrated,160,coarse_interval,256,quota,empirical_bernstein_fixed_forecast,-2.8150000000000007e-05,2.8150000000000007e-05
22,8,8,concentrated,160,coarse_interval,256,harmonic_martingale,weight_sensitive_product,1.7389374999999998e-05,1.7389375000000005e-05
22,8,8,concentrated,160,coarse_interval,256,harmonic_martingale,weight_sensitive_hybrid,1.7389374999999998e-05,1.7389375000000005e-05
22,8,8,concentrated,160,coarse_interval,256,harmonic_martingale,empirical_bernstein_fixed_forecast,0.0,0.0
22,8,8,concentrated,160,coarse_interval,256,weight_sensitive_product,weight_sensitive_hybrid,0.0,0.0
22,8,8,concentrated,160,coarse_interval,256,weight_sensitive_product,empirical_bernstein_fixed_forecast,-1.7389374999999998e-05,1.7389375000000005e-05
22,8,8,concentrated,160,coarse_interval,256,weight_sensitive_hybrid,empirical_bernstein_fixed_forecast,-1.7389374999999998e-05,1.7389375000000005e-05
23,8,8,concentrated,160,assignment_dependent,256,no_learning_half,empirical_best_midpoint,0.056874999999999995,0.003523163893935309
23,8,8,concentrated,160,assignment_dependent,256,no_learning_half,quota,0.013389141875000003,0.00023314469388420307
23,8,8,concentrated,160,assignment_dependent,256,no_learning_half,harmonic_martingale,0.013339274375000001,0.00022604960990783363
23,8,8,concentrated,160,assignment_dependent,256,no_learning_half,weight_sensitive_product,0.013371799375000002,0.000229201297406327
23,8,8,concentrated,160,assignment_dependent,256,no_learning_half,weight_sensitive_hybrid,0.013371799375000002,0.000229201297406327
23,8,8,concentrated,160,assignment_dependent,256,no_learning_half,empirical_bernstein_fixed_forecast,0.013339274375000001,0.00022604960990783363
23,8,8,concentrated,160,assignment_dependent,256,empirical_best_midpoint,quota,-0.043485858125,0.003476973474098613
23,8,8,concentrated,160,assignment_dependent,256,empirical_best_midpoint,harmonic_martingale,-0.043535725624999994,0.0034790117110432037
23,8,8,concentrated,160,assignment_dependent,256,empirical_best_midpoint,weight_sensitive_product,-0.043503200625,0.003478328778765548
23,8,8,concentrated,160,assignment_dependent,256,empirical_best_midpoint,weight_sensitive_hybrid,-0.043503200625,0.003478328778765548
23,8,8,concentrated,160,assignment_dependent,256,empirical_best_midpoint,empirical_bernstein_fixed_forecast,-0.043535725624999994,0.0034790117110432037
23,8,8,concentrated,160,assignment_dependent,256,quota,harmonic_martingale,-4.986749999999994e-05,3.8553224459829556e-05
23,8,8,concentrated,160,assignment_dependent,256,quota,weight_sensitive_product,-1.734249999999995e-05,1.6360377254117915e-05
23,8,8,concentrated,160,assignment_dependent,256,quota,weight_sensitive_hybrid,-1.734249999999995e-05,1.6360377254117915e-05
23,8,8,concentrated,160,assignment_dependent,256,quota,empirical_bernstein_fixed_forecast,-4.986749999999994e-05,3.8553224459829556e-05
23,8,8,concentrated,160,assignment_dependent,256,harmonic_martingale,weight_sensitive_product,3.252499999999999e-05,2.3118912127113075e-05
23,8,8,concentrated,160,assignment_dependent,256,harmonic_martingale,weight_sensitive_hybrid,3.252499999999999e-05,2.3118912127113075e-05
23,8,8,concentrated,160,assignment_dependent,256,harmonic_martingale,empirical_bernstein_fixed_forecast,0.0,0.0
23,8,8,concentrated,160,assignment_dependent,256,weight_sensitive_product,weight_sensitive_hybrid,0.0,0.0
23,8,8,concentrated,160,assignment_dependent,256,weight_sensitive_product,empirical_bernstein_fixed_forecast,-3.252499999999999e-05,2.3118912127113075e-05
23,8,8,concentrated,160,assignment_dependent,256,weight_sensitive_hybrid,empirical_bernstein_fixed_forecast,-3.252499999999999e-05,2.3118912127113075e-05
24,8,32,equal,-160,complete,256,no_learning_half,empirical_best_midpoint,0.08,0.0
24,8,32,equal,-160,complete,256,no_learning_half,quota,0.065649280625,0.0005125121749857518
24,8,32,equal,-160,complete,256,no_learning_half,harmonic_martingale,0.06383743187499999,0.0005050919542126258
24,8,32,equal,-160,complete,256,no_learning_half,weight_sensitive_product,0.032454955625000004,0.0002763644465512378
24,8,32,equal,-160,complete,256,no_learning_half,weight_sensitive_hybrid,0.06383743187499999,0.0005050919542126258
24,8,32,equal,-160,complete,256,no_learning_half,empirical_bernstein_fixed_forecast,0.07954652937500001,0.00011892258860551146
24,8,32,equal,-160,complete,256,empirical_best_midpoint,quota,-0.014350719375,0.0005125121749857518
24,8,32,equal,-160,complete,256,empirical_best_midpoint,harmonic_martingale,-0.016162568125,0.0005050919542126258
24,8,32,equal,-160,complete,256,empirical_best_midpoint,weight_sensitive_product,-0.047545044375000005,0.00027636444655123785
24,8,32,equal,-160,complete,256,empirical_best_midpoint,weight_sensitive_hybrid,-0.016162568125,0.0005050919542126258
24,8,32,equal,-160,complete,256,empirical_best_midpoint,empirical_bernstein_fixed_forecast,-0.000453470625,0.00011892258860551144
24,8,32,equal,-160,complete,256,quota,harmonic_martingale,-0.00181184875,2.172908598489523e-05
24,8,32,equal,-160,complete,256,quota,weight_sensitive_product,-0.033194325,0.00023842657250559282
24,8,32,equal,-160,complete,256,quota,weight_sensitive_hybrid,-0.00181184875,2.172908598489523e-05
24,8,32,equal,-160,complete,256,quota,empirical_bernstein_fixed_forecast,0.01389724875,0.0004609703132716238
24,8,32,equal,-160,complete,256,harmonic_martingale,weight_sensitive_product,-0.03138247625,0.0002295911834508813
24,8,32,equal,-160,complete,256,harmonic_martingale,weight_sensitive_hybrid,0.0,0.0
24,8,32,equal,-160,complete,256,harmonic_martingale,empirical_bernstein_fixed_forecast,0.015709097499999998,0.0004544867384087101
24,8,32,equal,-160,complete,256,weight_sensitive_product,weight_sensitive_hybrid,0.03138247625,0.0002295911834508813
24,8,32,equal,-160,complete,256,weight_sensitive_product,empirical_bernstein_fixed_forecast,0.047091573750000004,0.0002386638604603697
24,8,32,equal,-160,complete,256,weight_sensitive_hybrid,empirical_bernstein_fixed_forecast,0.015709097499999998,0.0004544867384087101
25,8,32,equal,-160,coarse_interval,256,no_learning_half,empirical_best_midpoint,0.08,0.0
25,8,32,equal,-160,coarse_interval,256,no_learning_half,quota,0.033219745,0.0002393421512623348
25,8,32,equal,-160,coarse_interval,256,no_learning_half,harmonic_martingale,0.03260567375,0.00023331391577435852
25,8,32,equal,-160,coarse_interval,256,no_learning_half,weight_sensitive_product,0.019146136875,0.00014746402540181385
25,8,32,equal,-160,coarse_interval,256,no_learning_half,weight_sensitive_hybrid,0.03260567375,0.00023331391577435852
25,8,32,equal,-160,coarse_interval,256,no_learning_half,empirical_bernstein_fixed_forecast,0.04157113875,0.00029692049490313616
25,8,32,equal,-160,coarse_interval,256,empirical_best_midpoint,quota,-0.04678025499999999,0.0002393421512623348
25,8,32,equal,-160,coarse_interval,256,empirical_best_midpoint,harmonic_martingale,-0.04739432625,0.00023331391577435852
25,8,32,equal,-160,coarse_interval,256,empirical_best_midpoint,weight_sensitive_product,-0.060853863125,0.00014746402540181385
25,8,32,equal,-160,coarse_interval,256,empirical_best_midpoint,weight_sensitive_hybrid,-0.04739432625,0.00023331391577435852
25,8,32,equal,-160,coarse_interval,256,empirical_best_midpoint,empirical_bernstein_fixed_forecast,-0.03842886125,0.00029692049490313616
25,8,32,equal,-160,coarse_interval,256,quota,harmonic_martingale,-0.0006140712500000004,6.679807183854972e-06
25,8,32,equal,-160,coarse_interval,256,quota,weight_sensitive_product,-0.014073608125000001,9.233310128166461e-05
25,8,32,equal,-160,coarse_interval,256,quota,weight_sensitive_hybrid,-0.0006140712500000004,6.679807183854972e-06
25,8,32,equal,-160,coarse_interval,256,quota,empirical_bernstein_fixed_forecast,0.008351393750000002,5.8636764123761463e-05
25,8,32,equal,-160,coarse_interval,256,harmonic_martingale,weight_sensitive_product,-0.013459536874999999,8.626994112679413e-05
25,8,32,equal,-160,coarse_interval,256,harmonic_martingale,weight_sensitive_hybrid,0.0,0.0
25,8,32,equal,-160,coarse_interval,256,harmonic_martingale,empirical_bernstein_fixed_forecast,0.008965465,6.469951514122658e-05
25,8,32,equal,-160,coarse_interval,256,weight_sensitive_product,weight_sensitive_hybrid,0.013459536874999999,8.626994112679413e-05
25,8,32,equal,-160,coarse_interval,256,weight_sensitive_product,empirical_bernstein_fixed_forecast,0.022425001874999996,0.00015019217771524907
25,8,32,equal,-160,coarse_interval,256,weight_sensitive_hybrid,empirical_bernstein_fixed_forecast,0.008965465,6.469951514122658e-05
26,8,32,equal,-160,assignment_dependent,256,no_learning_half,empirical_best_midpoint,-0.08,0.0
26,8,32,equal,-160,assignment_dependent,256,no_learning_half,quota,-0.009849444999999998,5.5526079969368506e-05
26,8,32,equal,-160,assignment_dependent,256,no_learning_half,harmonic_martingale,-0.009802300625,5.5767943748182335e-05
26,8,32,equal,-160,assignment_dependent,256,no_learning_half,weight_sensitive_product,-0.0055831124999999975,5.758942514391738e-05
26,8,32,equal,-160,assignment_dependent,256,no_learning_half,weight_sensitive_hybrid,-0.009802300625,5.5767943748182335e-05
26,8,32,equal,-160,assignment_dependent,256,no_learning_half,empirical_bernstein_fixed_forecast,-0.009971879375,5.764069631063576e-05
26,8,32,equal,-160,assignment_dependent,256,empirical_best_midpoint,quota,0.070150555,5.5526079969368506e-05
26,8,32,equal,-160,assignment_dependent,256,empirical_best_midpoint,harmonic_martingale,0.070197699375,5.576794374818233e-05
26,8,32,equal,-160,assignment_dependent,256,empirical_best_midpoint,weight_sensitive_product,0.0744168875,5.758942514391737e-05
26,8,32,equal,-160,assignment_dependent,256,empirical_best_midpoint,weight_sensitive_hybrid,0.070197699375,5.576794374818233e-05
26,8,32,equal,-160,assignment_dependent,256,empirical_best_midpoint,empirical_bernstein_fixed_forecast,0.07002812062500001,5.764069631063576e-05
26,8,32,equal,-160,assignment_dependent,256,quota,harmonic_martingale,4.7144374999999147e-05,1.890651724815187e-06
26,8,32,equal,-160,assignment_dependent,256,quota,weight_sensitive_product,0.0042663325,1.2090201841314554e-05
26,8,32,equal,-160,assignment_dependent,256,quota,weight_sensitive_hybrid,4.7144374999999147e-05,1.890651724815187e-06
26,8,32,equal,-160,assignment_dependent,256,quota,empirical_bernstein_fixed_forecast,-0.00012243437500000039,3.0968429961148656e-06
26,8,32,equal,-160,assignment_dependent,256,harmonic_martingale,weight_sensitive_product,0.004219188125,1.1473149619528887e-05
26,8,32,equal,-160,assignment_dependent,256,harmonic_martingale,weight_sensitive_hybrid,0.0,0.0
26,8,32,equal,-160,assignment_dependent,256,harmonic_martingale,empirical_bernstein_fixed_forecast,-0.00016957874999999953,3.4700693039570013e-06
26,8,32,equal,-160,assignment_dependent,256,weight_sensitive_product,weight_sensitive_hybrid,-0.004219188125,1.1473149619528887e-05
26,8,32,equal,-160,assignment_dependent,256,weight_sensitive_product,empirical_bernstein_fixed_forecast,-0.004388766875,1.0869212321107343e-05
26,8,32,equal,-160,assignment_dependent,256,weight_sensitive_hybrid,empirical_bernstein_fixed_forecast,-0.00016957874999999953,3.4700693039570013e-06
27,8,32,equal,0,complete,256,no_learning_half,empirical_best_midpoint,0.0,0.0
27,8,32,equal,0,complete,256,no_learning_half,quota,0.0,0.0
27,8,32,equal,0,complete,256,no_learning_half,harmonic_martingale,0.0,0.0
27,8,32,equal,0,complete,256,no_learning_half,weight_sensitive_product,0.0,0.0
27,8,32,equal,0,complete,256,no_learning_half,weight_sensitive_hybrid,0.0,0.0
27,8,32,equal,0,complete,256,no_learning_half,empirical_bernstein_fixed_forecast,0.0,0.0
27,8,32,equal,0,complete,256,empirical_best_midpoint,quota,0.0,0.0
27,8,32,equal,0,complete,256,empirical_best_midpoint,harmonic_martingale,0.0,0.0
27,8,32,equal,0,complete,256,empirical_best_midpoint,weight_sensitive_product,0.0,0.0
27,8,32,equal,0,complete,256,empirical_best_midpoint,weight_sensitive_hybrid,0.0,0.0
27,8,32,equal,0,complete,256,empirical_best_midpoint,empirical_bernstein_fixed_forecast,0.0,0.0
27,8,32,equal,0,complete,256,quota,harmonic_martingale,0.0,0.0
27,8,32,equal,0,complete,256,quota,weight_sensitive_product,0.0,0.0
27,8,32,equal,0,complete,256,quota,weight_sensitive_hybrid,0.0,0.0
27,8,32,equal,0,complete,256,quota,empirical_bernstein_fixed_forecast,0.0,0.0
27,8,32,equal,0,complete,256,harmonic_martingale,weight_sensitive_product,0.0,0.0
27,8,32,equal,0,complete,256,harmonic_martingale,weight_sensitive_hybrid,0.0,0.0
27,8,32,equal,0,complete,256,harmonic_martingale,empirical_bernstein_fixed_forecast,0.0,0.0
27,8,32,equal,0,complete,256,weight_sensitive_product,weight_sensitive_hybrid,0.0,0.0
27,8,32,equal,0,complete,256,weight_sensitive_product,empirical_bernstein_fixed_forecast,0.0,0.0
27,8,32,equal,0,complete,256,weight_sensitive_hybrid,empirical_bernstein_fixed_forecast,0.0,0.0
28,8,32,equal,0,coarse_interval,256,no_learning_half,empirical_best_midpoint,0.0,0.0
28,8,32,equal,0,coarse_interval,256,no_learning_half,quota,0.0,0.0
28,8,32,equal,0,coarse_interval,256,no_learning_half,harmonic_martingale,0.0,0.0
28,8,32,equal,0,coarse_interval,256,no_learning_half,weight_sensitive_product,0.0,0.0
28,8,32,equal,0,coarse_interval,256,no_learning_half,weight_sensitive_hybrid,0.0,0.0
28,8,32,equal,0,coarse_interval,256,no_learning_half,empirical_bernstein_fixed_forecast,0.0,0.0
28,8,32,equal,0,coarse_interval,256,empirical_best_midpoint,quota,0.0,0.0
28,8,32,equal,0,coarse_interval,256,empirical_best_midpoint,harmonic_martingale,0.0,0.0
28,8,32,equal,0,coarse_interval,256,empirical_best_midpoint,weight_sensitive_product,0.0,0.0
28,8,32,equal,0,coarse_interval,256,empirical_best_midpoint,weight_sensitive_hybrid,0.0,0.0
28,8,32,equal,0,coarse_interval,256,empirical_best_midpoint,empirical_bernstein_fixed_forecast,0.0,0.0
28,8,32,equal,0,coarse_interval,256,quota,harmonic_martingale,0.0,0.0
28,8,32,equal,0,coarse_interval,256,quota,weight_sensitive_product,0.0,0.0
28,8,32,equal,0,coarse_interval,256,quota,weight_sensitive_hybrid,0.0,0.0
28,8,32,equal,0,coarse_interval,256,quota,empirical_bernstein_fixed_forecast,0.0,0.0
28,8,32,equal,0,coarse_interval,256,harmonic_martingale,weight_sensitive_product,0.0,0.0
28,8,32,equal,0,coarse_interval,256,harmonic_martingale,weight_sensitive_hybrid,0.0,0.0
28,8,32,equal,0,coarse_interval,256,harmonic_martingale,empirical_bernstein_fixed_forecast,0.0,0.0
28,8,32,equal,0,coarse_interval,256,weight_sensitive_product,weight_sensitive_hybrid,0.0,0.0
28,8,32,equal,0,coarse_interval,256,weight_sensitive_product,empirical_bernstein_fixed_forecast,0.0,0.0
28,8,32,equal,0,coarse_interval,256,weight_sensitive_hybrid,empirical_bernstein_fixed_forecast,0.0,0.0
29,8,32,equal,0,assignment_dependent,256,no_learning_half,empirical_best_midpoint,0.0,0.0
29,8,32,equal,0,assignment_dependent,256,no_learning_half,quota,0.0,0.0
29,8,32,equal,0,assignment_dependent,256,no_learning_half,harmonic_martingale,0.0,0.0
29,8,32,equal,0,assignment_dependent,256,no_learning_half,weight_sensitive_product,0.0,0.0
29,8,32,equal,0,assignment_dependent,256,no_learning_half,weight_sensitive_hybrid,0.0,0.0
29,8,32,equal,0,assignment_dependent,256,no_learning_half,empirical_bernstein_fixed_forecast,0.0,0.0
29,8,32,equal,0,assignment_dependent,256,empirical_best_midpoint,quota,0.0,0.0
29,8,32,equal,0,assignment_dependent,256,empirical_best_midpoint,harmonic_martingale,0.0,0.0
29,8,32,equal,0,assignment_dependent,256,empirical_best_midpoint,weight_sensitive_product,0.0,0.0
29,8,32,equal,0,assignment_dependent,256,empirical_best_midpoint,weight_sensitive_hybrid,0.0,0.0
29,8,32,equal,0,assignment_dependent,256,empirical_best_midpoint,empirical_bernstein_fixed_forecast,0.0,0.0
29,8,32,equal,0,assignment_dependent,256,quota,harmonic_martingale,0.0,0.0
29,8,32,equal,0,assignment_dependent,256,quota,weight_sensitive_product,0.0,0.0
29,8,32,equal,0,assignment_dependent,256,quota,weight_sensitive_hybrid,0.0,0.0
29,8,32,equal,0,assignment_dependent,256,quota,empirical_bernstein_fixed_forecast,0.0,0.0
29,8,32,equal,0,assignment_dependent,256,harmonic_martingale,weight_sensitive_product,0.0,0.0
29,8,32,equal,0,assignment_dependent,256,harmonic_martingale,weight_sensitive_hybrid,0.0,0.0
29,8,32,equal,0,assignment_dependent,256,harmonic_martingale,empirical_bernstein_fixed_forecast,0.0,0.0
29,8,32,equal,0,assignment_dependent,256,weight_sensitive_product,weight_sensitive_hybrid,0.0,0.0
29,8,32,equal,0,assignment_dependent,256,weight_sensitive_product,empirical_bernstein_fixed_forecast,0.0,0.0
29,8,32,equal,0,assignment_dependent,256,weight_sensitive_hybrid,empirical_bernstein_fixed_forecast,0.0,0.0
30,8,32,equal,40,complete,256,no_learning_half,empirical_best_midpoint,0.019375,0.00031065632609231773
30,8,32,equal,40,complete,256,no_learning_half,quota,0.00431111390625,0.00013008912100875256
30,8,32,equal,40,complete,256,no_learning_half,harmonic_martingale,0.00418806546875,0.00012637610917719009
30,8,32,equal,40,complete,256,no_learning_half,weight_sensitive_product,0.0023057401562500005,6.957632843418986e-05
30,8,32,equal,40,complete,256,no_learning_half,weight_sensitive_hybrid,0.00418806546875,0.00012637610917719009
30,8,32,equal,40,complete,256,no_learning_half,empirical_bernstein_fixed_forecast,0.00720287484375,0.0002164632137001815
30,8,32,equal,40,complete,256,empirical_best_midpoint,quota,-0.01506388609375,0.00030177038645118657
30,8,32,equal,40,complete,256,empirical_best_midpoint,harmonic_martingale,-0.01518693453125,0.00030124986705135846
30,8,32,equal,40,complete,256,empirical_best_midpoint,weight_sensitive_product,-0.01706925984375,0.0002989758367944819
30,8,32,equal,40,complete,256,empirical_best_midpoint,weight_sensitive_hybrid,-0.01518693453125,0.00030124986705135846
30,8,32,equal,40,complete,256,empirical_best_midpoint,empirical_bernstein_fixed_forecast,-0.01217212515625,0.00032555160598766173
30,8,32,equal,40,complete,256,quota,harmonic_martingale,-0.0001230484375000001,3.7130119591853297e-06
30,8,32,equal,40,complete,256,quota,weight_sensitive_product,-0.00200537375,6.051279258483648e-05
30,8,32,equal,40,complete,256,quota,weight_sensitive_hybrid,-0.0001230484375000001,3.7130119591853297e-06
30,8,32,equal,40,complete,256,quota,empirical_bernstein_fixed_forecast,0.0028917609374999997,8.640141604797107e-05
30,8,32,equal,40,complete,256,harmonic_martingale,weight_sensitive_product,-0.0018823253125,5.6799780754091407e-05
30,8,32,equal,40,complete,256,harmonic_martingale,weight_sensitive_hybrid,0.0,0.0
30,8,32,equal,40,complete,256,harmonic_martingale,empirical_bernstein_fixed_forecast,0.003014809375,9.011255513516784e-05
30,8,32,equal,40,complete,256,weight_sensitive_product,weight_sensitive_hybrid,0.0018823253125,5.6799780754091407e-05
30,8,32,equal,40,complete,256,weight_sensitive_product,empirical_bernstein_fixed_forecast,0.0048971346875000005,0.0001468954792889372
30,8,32,equal,40,complete,256,weight_sensitive_hybrid,empirical_bernstein_fixed_forecast,0.003014809375,9.011255513516784e-05
31,8,32,equal,40,coarse_interval,256,no_learning_half,empirical_best_midpoint,0.0184375,0.00047251348668375507
31,8,32,equal,40,coarse_interval,256,no_learning_half,quota,0.0017904240625000005,6.153626728488532e-05
31,8,32,equal,40,coarse_interval,256,no_learning_half,harmonic_martingale,0.0017646743750000006,6.065124795705747e-05
31,8,32,equal,40,coarse_interval,256,no_learning_half,weight_sensitive_product,0.0011407484375000004,3.869404618810357e-05
31,8,32,equal,40,coarse_interval,256,no_learning_half,weight_sensitive_hybrid,0.0017646743750000006,6.065124795705747e-05
31,8,32,equal,40,coarse_interval,256,no_learning_half,empirical_bernstein_fixed_forecast,0.0023324817187500005,8.033641490121146e-05
31,8,32,equal,40,coarse_interval,256,empirical_best_midpoint,quota,-0.0166470759375,0.00044808160874118915
31,8,32,equal,40,coarse_interval,256,empirical_best_midpoint,harmonic_martingale,-0.016672825625,0.00044838264981565603
31,8,32,equal,40,coarse_interval,256,empirical_best_midpoint,weight_sensitive_product,-0.0172967515625,0.00045594578853651194
31,8,32,equal,40,coarse_interval,256,empirical_best_midpoint,weight_sensitive_hybrid,-0.016672825625,0.00044838264981565603
31,8,32,equal,40,coarse_interval,256,empirical_best_midpoint,empirical_bernstein_fixed_forecast,-0.01610501828125,0.00044198410368228355
31,8,32,equal,40,coarse_interval,256,quota,harmonic_martingale,-2.574968749999995e-05,8.850198428092239e-07
31,8,32,equal,40,coarse_interval,256,quota,weight_sensitive_product,-0.000649675625,2.2892749266821717e-05
31,8,32,equal,40,coarse_interval,256,quota,weight_sensitive_hybrid,-2.574968749999995e-05,8.850198428092239e-07
31,8,32,equal,40,coarse_interval,256,quota,empirical_bernstein_fixed_forecast,0.00054205765625,1.897314706853717e-05
31,8,32,equal,40,coarse_interval,256,harmonic_martingale,weight_sensitive_product,-0.0006239259375,2.2009016995914542e-05
31,8,32,equal,40,coarse_interval,256,harmonic_martingale,weight_sensitive_hybrid,0.0,0.0
31,8,32,equal,40,coarse_interval,256,harmonic_martingale,empirical_bernstein_fixed_forecast,0.0005678073437499999,1.9848082874262832e-05
31,8,32,equal,40,coarse_interval,256,weight_sensitive_product,weight_sensitive_hybrid,0.0006239259375,2.2009016995914542e-05
31,8,32,equal,40,coarse_interval,256,weight_sensitive_product,empirical_bernstein_fixed_forecast,0.00119173328125,4.172621025887772e-05
31,8,32,equal,40,coarse_interval,256,weight_sensitive_hybrid,empirical_bernstein_fixed_forecast,0.0005678073437499999,1.9848082874262832e-05
32,8,32,equal,40,assignment_dependent,256,no_learning_half,empirical_best_midpoint,0.02,0.0
32,8,32,equal,40,assignment_dependent,256,no_learning_half,quota,0.004635084375000001,4.100943934230309e-05
32,8,32,equal,40,assignment_dependent,256,no_learning_half,harmonic_martingale,0.0045617998437500005,4.1344342372928174e-05
32,8,32,equal,40,assignment_dependent,256,no_learning_half,weight_sensitive_product,0.0023774814062500005,2.41000824945112e-05
32,8,32,equal,40,assignment_dependent,256,no_learning_half,weight_sensitive_hybrid,0.0045617998437500005,4.1344342372928174e-05
32,8,32,equal,40,assignment_dependent,256,no_learning_half,empirical_bernstein_fixed_forecast,0.00471340890625,4.477995465199819e-05
32,8,32,equal,40,assignment_dependent,256,empirical_best_midpoint,quota,-0.015364915625,4.100943934230309e-05
32,8,32,equal,40,assignment_dependent,256,empirical_best_midpoint,harmonic_martingale,-0.015438200156249998,4.1344342372928174e-05
32,8,32,equal,40,assignment_dependent,256,empirical_best_midpoint,weight_sensitive_product,-0.017622518593749997,2.41000824945112e-05
32,8,32,equal,40,assignment_dependent,256,empirical_best_midpoint,weight_sensitive_hybrid,-0.015438200156249998,4.1344342372928174e-05
32,8,32,equal,40,assignment_dependent,256,empirical_best_midpoint,empirical_bernstein_fixed_forecast,-0.015286591093750001,4.477995465199819e-05
32,8,32,equal,40,assignment_dependent,256,quota,harmonic_martingale,-7.328453124999991e-05,7.787890567873088e-07
32,8,32,equal,40,assignment_dependent,256,quota,weight_sensitive_product,-0.0022576029687499995,1.7371538410706542e-05
32,8,32,equal,40,assignment_dependent,256,quota,weight_sensitive_hybrid,-7.328453124999991e-05,7.787890567873088e-07
32,8,32,equal,40,assignment_dependent,256,quota,empirical_bernstein_fixed_forecast,7.832453125000005e-05,4.435777287023067e-06
32,8,32,equal,40,assignment_dependent,256,harmonic_martingale,weight_sensitive_product,-0.0021843184375,1.770404434215123e-05
32,8,32,equal,40,assignment_dependent,256,harmonic_martingale,weight_sensitive_hybrid,0.0,0.0
32,8,32,equal,40,assignment_dependent,256,harmonic_martingale,empirical_bernstein_fixed_forecast,0.00015160906249999994,4.254097658000839e-06
32,8,32,equal,40,assignment_dependent,256,weight_sensitive_product,weight_sensitive_hybrid,0.0021843184375,1.770404434215123e-05
32,8,32,equal,40,assignment_dependent,256,weight_sensitive_product,empirical_bernstein_fixed_forecast,0.0023359275,2.118393755579087e-05
32,8,32,equal,40,assignment_dependent,256,weight_sensitive_hybrid,empirical_bernstein_fixed_forecast,0.00015160906249999994,4.254097658000839e-06
33,8,32,equal,160,complete,256,no_learning_half,empirical_best_midpoint,0.08,0.0
33,8,32,equal,160,complete,256,no_learning_half,quota,0.0641616325,0.0004597196721334057
33,8,32,equal,160,complete,256,no_learning_half,harmonic_martingale,0.062378498125,0.00045350724498556576
33,8,32,equal,160,complete,256,no_learning_half,weight_sensitive_product,0.034355092500000003,0.0002516934690798044
33,8,32,equal,160,complete,256,no_learning_half,weight_sensitive_hybrid,0.062378498125,0.00045350724498556576
33,8,32,equal,160,complete,256,no_learning_half,empirical_bernstein_fixed_forecast,0.07999079749999999,9.202499999999992e-06
33,8,32,equal,160,complete,256,empirical_best_midpoint,quota,-0.0158383675,0.0004597196721334057
33,8,32,equal,160,complete,256,empirical_best_midpoint,harmonic_martingale,-0.017621501875,0.00045350724498556576
33,8,32,equal,160,complete,256,empirical_best_midpoint,weight_sensitive_product,-0.0456449075,0.0002516934690798044
33,8,32,equal,160,complete,256,empirical_best_midpoint,weight_sensitive_hybrid,-0.017621501875,0.00045350724498556576
33,8,32,equal,160,complete,256,empirical_best_midpoint,empirical_bernstein_fixed_forecast,-9.2025e-06,9.2025e-06
33,8,32,equal,160,complete,256,quota,harmonic_martingale,-0.001783134375,2.0112640430137406e-05
33,8,32,equal,160,complete,256,quota,weight_sensitive_product,-0.02980654,0.00020919664704507565
33,8,32,equal,160,complete,256,quota,weight_sensitive_hybrid,-0.001783134375,2.0112640430137406e-05
33,8,32,equal,160,complete,256,quota,empirical_bernstein_fixed_forecast,0.015829165,0.0004584252795769405
33,8,32,equal,160,complete,256,harmonic_martingale,weight_sensitive_product,-0.028023405624999997,0.00020202566050194827
33,8,32,equal,160,complete,256,harmonic_martingale,weight_sensitive_hybrid,0.0,0.0
33,8,32,equal,160,complete,256,harmonic_martingale,empirical_bernstein_fixed_forecast,0.017612299375,0.00045223140404467065
33,8,32,equal,160,complete,256,weight_sensitive_product,weight_sensitive_hybrid,0.028023405624999997,0.00020202566050194827
33,8,32,equal,160,complete,256,weight_sensitive_product,empirical_bernstein_fixed_forecast,0.045635705,0.00025050059526347026
33,8,32,equal,160,complete,256,weight_sensitive_hybrid,empirical_bernstein_fixed_forecast,0.017612299375,0.00045223140404467065
34,8,32,equal,160,coarse_interval,256,no_learning_half,empirical_best_midpoint,0.08,0.0
34,8,32,equal,160,coarse_interval,256,no_learning_half,quota,0.0307984975,0.00026440235052123113
34,8,32,equal,160,coarse_interval,256,no_learning_half,harmonic_martingale,0.03035554,0.0002605993929491974
34,8,32,equal,160,coarse_interval,256,no_learning_half,weight_sensitive_product,0.019080410625000002,0.00015760136871714682
34,8,32,equal,160,coarse_interval,256,no_learning_half,weight_sensitive_hybrid,0.03035554,0.0002605993929491974
34,8,32,equal,160,coarse_interval,256,no_learning_half,empirical_bernstein_fixed_forecast,0.039483486875,0.00033125549521688434
34,8,32,equal,160,coarse_interval,256,empirical_best_midpoint,quota,-0.049201502499999994,0.00026440235052123113
34,8,32,equal,160,coarse_interval,256,empirical_best_midpoint,harmonic_martingale,-0.04964446,0.0002605993929491974
34,8,32,equal,160,coarse_interval,256,empirical_best_midpoint,weight_sensitive_product,-0.060919589375,0.00015760136871714682
34,8,32,equal,160,coarse_interval,256,empirical_best_midpoint,weight_sensitive_hybrid,-0.04964446,0.0002605993929491974
34,8,32,equal,160,coarse_interval,256,empirical_best_midpoint,empirical_bernstein_fixed_forecast,-0.040516513125,0.00033125549521688434
34,8,32,equal,160,coarse_interval,256,quota,harmonic_martingale,-0.0004429574999999998,3.8029597316548407e-06
34,8,32,equal,160,coarse_interval,256,quota,weight_sensitive_product,-0.011718086875,0.00010684204144350037
34,8,32,equal,160,coarse_interval,256,quota,weight_sensitive_hybrid,-0.0004429574999999998,3.8029597316548407e-06
34,8,32,equal,160,coarse_interval,256,quota,empirical_bernstein_fixed_forecast,0.008684989375,6.761153289013177e-05
34,8,32,equal,160,coarse_interval,256,harmonic_martingale,weight_sensitive_product,-0.011275129375000002,0.00010303998263594633
34,8,32,equal,160,coarse_interval,256,harmonic_martingale,weight_sensitive_hybrid,0.0,0.0
34,8,32,equal,160,coarse_interval,256,harmonic_martingale,empirical_bernstein_fixed_forecast,0.009127946875000001,7.13638295177753e-05
34,8,32,equal,160,coarse_interval,256,weight_sensitive_product,weight_sensitive_hybrid,0.011275129375000002,0.00010303998263594633
34,8,32,equal,160,coarse_interval,256,weight_sensitive_product,empirical_bernstein_fixed_forecast,0.020403076250000002,0.00017385535012363448
34,8,32,equal,160,coarse_interval,256,weight_sensitive_hybrid,empirical_bernstein_fixed_forecast,0.009127946875000001,7.13638295177753e-05
35,8,32,equal,160,assignment_dependent,256,no_learning_half,empirical_best_midpoint,0.08,0.0
35,8,32,equal,160,assignment_dependent,256,no_learning_half,quota,0.033135913125,0.00021888107604898984
35,8,32,equal,160,assignment_dependent,256,no_learning_half,harmonic_martingale,0.03276828375,0.00021608055729910075
35,8,32,equal,160,assignment_dependent,256,no_learning_half,weight_sensitive_product,0.018629244375000003,0.00016535981129255455
35,8,32,equal,160,assignment_dependent,256,no_learning_half,weight_sensitive_hybrid,0.03276828375,0.00021608055729910075
35,8,32,equal,160,assignment_dependent,256,no_learning_half,empirical_bernstein_fixed_forecast,0.0345277925,0.0002449079379088391
35,8,32,equal,160,assignment_dependent,256,empirical_best_midpoint,quota,-0.046864086875,0.00021888107604898984
35,8,32,equal,160,assignment_dependent,256,empirical_best_midpoint,harmonic_martingale,-0.04723171625,0.00021608055729910075
35,8,32,equal,160,assignment_dependent,256,empirical_best_midpoint,weight_sensitive_product,-0.061370755624999995,0.00016535981129255455
35,8,32,equal,160,assignment_dependent,256,empirical_best_midpoint,weight_sensitive_hybrid,-0.04723171625,0.00021608055729910075
35,8,32,equal,160,assignment_dependent,256,empirical_best_midpoint,empirical_bernstein_fixed_forecast,-0.0454722075,0.0002449079379088391
35,8,32,equal,160,assignment_dependent,256,quota,harmonic_martingale,-0.0003676293750000005,3.288269785881724e-06
35,8,32,equal,160,assignment_dependent,256,quota,weight_sensitive_product,-0.01450666875,5.380813283427999e-05
35,8,32,equal,160,assignment_dependent,256,quota,weight_sensitive_hybrid,-0.0003676293750000005,3.288269785881724e-06
35,8,32,equal,160,assignment_dependent,256,quota,empirical_bernstein_fixed_forecast,0.0013918793749999997,2.8646205877479452e-05
35,8,32,equal,160,assignment_dependent,256,harmonic_martingale,weight_sensitive_product,-0.014139039375,5.106164180595877e-05
35,8,32,equal,160,assignment_dependent,256,harmonic_martingale,weight_sensitive_hybrid,0.0,0.0
35,8,32,equal,160,assignment_dependent,256,harmonic_martingale,empirical_bernstein_fixed_forecast,0.0017595087500000004,3.131093933207079e-05
35,8,32,equal,160,assignment_dependent,256,weight_sensitive_product,weight_sensitive_hybrid,0.014139039375,5.106164180595877e-05
35,8,32,equal,160,assignment_dependent,256,weight_sensitive_product,empirical_bernstein_fixed_forecast,0.015898548125000002,8.021515612398954e-05
35,8,32,equal,160,assignment_dependent,256,weight_sensitive_hybrid,empirical_bernstein_fixed_forecast,0.0017595087500000004,3.131093933207079e-05
36,8,32,concentrated,-160,complete,256,no_learning_half,empirical_best_midpoint,0.07625,0.001515847656477081
36,8,32,concentrated,-160,complete,256,no_learning_half,quota,0.01780339375,0.00039568951100708155
36,8,32,concentrated,-160,complete,256,no_learning_half,harmonic_martingale,0.012892015625000003,0.00018718752819875644
36,8,32,concentrated,-160,complete,256,no_learning_half,weight_sensitive_product,0.017128583750000002,0.0003517537038752326
36,8,32,concentrated,-160,complete,256,no_learning_half,weight_sensitive_hybrid,0.017128583750000002,0.0003517537038752326
36,8,32,concentrated,-160,complete,256,no_learning_half,empirical_bernstein_fixed_forecast,0.02361232875,0.0006863778527459142
36,8,32,concentrated,-160,complete,256,empirical_best_midpoint,quota,-0.058446606250000005,0.0014351676066644838
36,8,32,concentrated,-160,complete,256,empirical_best_midpoint,harmonic_martingale,-0.06335798437500001,0.0015488143110062827
36,8,32,concentrated,-160,complete,256,empirical_best_midpoint,weight_sensitive_product,-0.05912141625,0.0014407778975444791
36,8,32,concentrated,-160,complete,256,empirical_best_midpoint,weight_sensitive_hybrid,-0.05912141625,0.0014407778975444791
36,8,32,concentrated,-160,complete,256,empirical_best_midpoint,empirical_bernstein_fixed_forecast,-0.05263767125,0.0014205558789676328
36,8,32,concentrated,-160,complete,256,quota,harmonic_martingale,-0.004911378125,0.0004415244858369847
36,8,32,concentrated,-160,complete,256,quota,weight_sensitive_product,-0.0006748100000000003,5.526995535639627e-05
36,8,32,concentrated,-160,complete,256,quota,weight_sensitive_hybrid,-0.0006748100000000003,5.526995535639627e-05
36,8,32,concentrated,-160,complete,256,quota,empirical_bernstein_fixed_forecast,0.0058089349999999994,0.00030477061082886584
36,8,32,concentrated,-160,complete,256,harmonic_martingale,weight_sensitive_product,0.0042365681249999995,0.00039296225315773014
36,8,32,concentrated,-160,complete,256,harmonic_martingale,weight_sensitive_hybrid,0.0042365681249999995,0.00039296225315773014
36,8,32,concentrated,-160,complete,256,harmonic_martingale,empirical_bernstein_fixed_forecast,0.010720313125,0.000737487809534484
36,8,32,concentrated,-160,complete,256,weight_sensitive_product,weight_sensitive_hybrid,0.0,0.0
36,8,32,concentrated,-160,complete,256,weight_sensitive_product,empirical_bernstein_fixed_forecast,0.006483745000000001,0.0003547043980377928
36,8,32,concentrated,-160,complete,256,weight_sensitive_hybrid,empirical_bernstein_fixed_forecast,0.006483745000000001,0.0003547043980377928
37,8,32,concentrated,-160,coarse_interval,256,no_learning_half,empirical_best_midpoint,0.07875,0.0008821486691651267
37,8,32,concentrated,-160,coarse_interval,256,no_learning_half,quota,0.013231007500000001,0.0002223942422687449
37,8,32,concentrated,-160,coarse_interval,256,no_learning_half,harmonic_martingale,0.011023321875000002,0.00015826593372123037
37,8,32,concentrated,-160,coarse_interval,256,no_learning_half,weight_sensitive_product,0.012859520000000003,0.0002042336522442362
37,8,32,concentrated,-160,coarse_interval,256,no_learning_half,weight_sensitive_hybrid,0.012859520000000003,0.0002042336522442362
37,8,32,concentrated,-160,coarse_interval,256,no_learning_half,empirical_bernstein_fixed_forecast,0.016103334375,0.00038724336887571004
37,8,32,concentrated,-160,coarse_interval,256,empirical_best_midpoint,quota,-0.0655189925,0.0008827556608923142
37,8,32,concentrated,-160,coarse_interval,256,empirical_best_midpoint,harmonic_martingale,-0.067726678125,0.0009099693213651066
37,8,32,concentrated,-160,coarse_interval,256,empirical_best_midpoint,weight_sensitive_product,-0.06589048,0.000884453754321021
37,8,32,concentrated,-160,coarse_interval,256,empirical_best_midpoint,weight_sensitive_hybrid,-0.06589048,0.000884453754321021
37,8,32,concentrated,-160,coarse_interval,256,empirical_best_midpoint,empirical_bernstein_fixed_forecast,-0.062646665625,0.0009046552975445753
37,8,32,concentrated,-160,coarse_interval,256,quota,harmonic_martingale,-0.002207685625,0.00024133803370139631
37,8,32,concentrated,-160,coarse_interval,256,quota,weight_sensitive_product,-0.0003714875000000002,3.601485553750359e-05
37,8,32,concentrated,-160,coarse_interval,256,quota,weight_sensitive_hybrid,-0.0003714875000000002,3.601485553750359e-05
37,8,32,concentrated,-160,coarse_interval,256,quota,empirical_bernstein_fixed_forecast,0.002872326875,0.00021659790461438924
37,8,32,concentrated,-160,coarse_interval,256,harmonic_martingale,weight_sensitive_product,0.0018361981249999998,0.00021333029518590148
37,8,32,concentrated,-160,coarse_interval,256,harmonic_martingale,weight_sensitive_hybrid,0.0018361981249999998,0.00021333029518590148
37,8,32,concentrated,-160,coarse_interval,256,harmonic_martingale,empirical_bernstein_fixed_forecast,0.005080012500000001,0.00042701605731044345
37,8,32,concentrated,-160,coarse_interval,256,weight_sensitive_product,weight_sensitive_hybrid,0.0,0.0
37,8,32,concentrated,-160,coarse_interval,256,weight_sensitive_product,empirical_bernstein_fixed_forecast,0.003243814375,0.00024844272898766166
37,8,32,concentrated,-160,coarse_interval,256,weight_sensitive_hybrid,empirical_bernstein_fixed_forecast,0.003243814375,0.00024844272898766166
38,8,32,concentrated,-160,assignment_dependent,256,no_learning_half,empirical_best_midpoint,-0.05374999999999999,0.0037105770916315943
38,8,32,concentrated,-160,assignment_dependent,256,no_learning_half,quota,-0.004402786249999999,5.220912905714512e-05
38,8,32,concentrated,-160,assignment_dependent,256,no_learning_half,harmonic_martingale,-0.0042743981249999995,4.6794459220207914e-05
38,8,32,concentrated,-160,assignment_dependent,256,no_learning_half,weight_sensitive_product,-0.004360093124999999,5.009639743721289e-05
38,8,32,concentrated,-160,assignment_dependent,256,no_learning_half,weight_sensitive_hybrid,-0.004360093124999999,5.009639743721289e-05
38,8,32,concentrated,-160,assignment_dependent,256,no_learning_half,empirical_bernstein_fixed_forecast,-0.004510998124999999,6.501403310195645e-05
38,8,32,concentrated,-160,assignment_dependent,256,empirical_best_midpoint,quota,0.04934721375000001,0.0037192703791807105
38,8,32,concentrated,-160,assignment_dependent,256,empirical_best_midpoint,harmonic_martingale,0.049475601875,0.0037227501837986034
38,8,32,concentrated,-160,assignment_dependent,256,empirical_best_midpoint,weight_sensitive_product,0.049389906875,0.0037204227945704933
38,8,32,concentrated,-160,assignment_dependent,256,empirical_best_midpoint,weight_sensitive_hybrid,0.049389906875,0.0037204227945704933
38,8,32,concentrated,-160,assignment_dependent,256,empirical_best_midpoint,empirical_bernstein_fixed_forecast,0.049239001875,0.0037159164486929527
38,8,32,concentrated,-160,assignment_dependent,256,quota,harmonic_martingale,0.00012838812499999994,3.8034863545662836e-05
38,8,32,concentrated,-160,assignment_dependent,256,quota,weight_sensitive_product,4.2693124999999995e-05,9.004638102870324e-06
38,8,32,concentrated,-160,assignment_dependent,256,quota,weight_sensitive_hybrid,4.2693124999999995e-05,9.004638102870324e-06
38,8,32,concentrated,-160,assignment_dependent,256,quota,empirical_bernstein_fixed_forecast,-0.00010821187499999996,2.8270859687781207e-05
38,8,32,concentrated,-160,assignment_dependent,256,harmonic_martingale,weight_sensitive_product,-8.569499999999994e-05,3.145776190728902e-05
38,8,32,concentrated,-160,assignment_dependent,256,harmonic_martingale,weight_sensitive_hybrid,-8.569499999999994e-05,3.145776190728902e-05
38,8,32,concentrated,-160,assignment_dependent,256,harmonic_martingale,empirical_bernstein_fixed_forecast,-0.0002365999999999999,5.8052956601675964e-05
38,8,32,concentrated,-160,assignment_dependent,256,weight_sensitive_product,weight_sensitive_hybrid,0.0,0.0
38,8,32,concentrated,-160,assignment_dependent,256,weight_sensitive_product,empirical_bernstein_fixed_forecast,-0.00015090499999999995,3.4396061355403824e-05
38,8,32,concentrated,-160,assignment_dependent,256,weight_sensitive_hybrid,empirical_bernstein_fixed_forecast,-0.00015090499999999995,3.4396061355403824e-05
39,8,32,concentrated,0,complete,256,no_learning_half,empirical_best_midpoint,0.0,0.0
39,8,32,concentrated,0,complete,256,no_learning_half,quota,0.0,0.0
39,8,32,concentrated,0,complete,256,no_learning_half,harmonic_martingale,0.0,0.0
39,8,32,concentrated,0,complete,256,no_learning_half,weight_sensitive_product,0.0,0.0
39,8,32,concentrated,0,complete,256,no_learning_half,weight_sensitive_hybrid,0.0,0.0
39,8,32,concentrated,0,complete,256,no_learning_half,empirical_bernstein_fixed_forecast,0.0,0.0
39,8,32,concentrated,0,complete,256,empirical_best_midpoint,quota,0.0,0.0
39,8,32,concentrated,0,complete,256,empirical_best_midpoint,harmonic_martingale,0.0,0.0
39,8,32,concentrated,0,complete,256,empirical_best_midpoint,weight_sensitive_product,0.0,0.0
39,8,32,concentrated,0,complete,256,empirical_best_midpoint,weight_sensitive_hybrid,0.0,0.0
39,8,32,concentrated,0,complete,256,empirical_best_midpoint,empirical_bernstein_fixed_forecast,0.0,0.0
39,8,32,concentrated,0,complete,256,quota,harmonic_martingale,0.0,0.0
39,8,32,concentrated,0,complete,256,quota,weight_sensitive_product,0.0,0.0
39,8,32,concentrated,0,complete,256,quota,weight_sensitive_hybrid,0.0,0.0
39,8,32,concentrated,0,complete,256,quota,empirical_bernstein_fixed_forecast,0.0,0.0
39,8,32,concentrated,0,complete,256,harmonic_martingale,weight_sensitive_product,0.0,0.0
39,8,32,concentrated,0,complete,256,harmonic_martingale,weight_sensitive_hybrid,0.0,0.0
39,8,32,concentrated,0,complete,256,harmonic_martingale,empirical_bernstein_fixed_forecast,0.0,0.0
39,8,32,concentrated,0,complete,256,weight_sensitive_product,weight_sensitive_hybrid,0.0,0.0
39,8,32,concentrated,0,complete,256,weight_sensitive_product,empirical_bernstein_fixed_forecast,0.0,0.0
39,8,32,concentrated,0,complete,256,weight_sensitive_hybrid,empirical_bernstein_fixed_forecast,0.0,0.0
40,8,32,concentrated,0,coarse_interval,256,no_learning_half,empirical_best_midpoint,0.0,0.0
40,8,32,concentrated,0,coarse_interval,256,no_learning_half,quota,0.0,0.0
40,8,32,concentrated,0,coarse_interval,256,no_learning_half,harmonic_martingale,0.0,0.0
40,8,32,concentrated,0,coarse_interval,256,no_learning_half,weight_sensitive_product,0.0,0.0
40,8,32,concentrated,0,coarse_interval,256,no_learning_half,weight_sensitive_hybrid,0.0,0.0
40,8,32,concentrated,0,coarse_interval,256,no_learning_half,empirical_bernstein_fixed_forecast,0.0,0.0
40,8,32,concentrated,0,coarse_interval,256,empirical_best_midpoint,quota,0.0,0.0
40,8,32,concentrated,0,coarse_interval,256,empirical_best_midpoint,harmonic_martingale,0.0,0.0
40,8,32,concentrated,0,coarse_interval,256,empirical_best_midpoint,weight_sensitive_product,0.0,0.0
40,8,32,concentrated,0,coarse_interval,256,empirical_best_midpoint,weight_sensitive_hybrid,0.0,0.0
40,8,32,concentrated,0,coarse_interval,256,empirical_best_midpoint,empirical_bernstein_fixed_forecast,0.0,0.0
40,8,32,concentrated,0,coarse_interval,256,quota,harmonic_martingale,0.0,0.0
40,8,32,concentrated,0,coarse_interval,256,quota,weight_sensitive_product,0.0,0.0
40,8,32,concentrated,0,coarse_interval,256,quota,weight_sensitive_hybrid,0.0,0.0
40,8,32,concentrated,0,coarse_interval,256,quota,empirical_bernstein_fixed_forecast,0.0,0.0
40,8,32,concentrated,0,coarse_interval,256,harmonic_martingale,weight_sensitive_product,0.0,0.0
40,8,32,concentrated,0,coarse_interval,256,harmonic_martingale,weight_sensitive_hybrid,0.0,0.0
40,8,32,concentrated,0,coarse_interval,256,harmonic_martingale,empirical_bernstein_fixed_forecast,0.0,0.0
40,8,32,concentrated,0,coarse_interval,256,weight_sensitive_product,weight_sensitive_hybrid,0.0,0.0
40,8,32,concentrated,0,coarse_interval,256,weight_sensitive_product,empirical_bernstein_fixed_forecast,0.0,0.0
40,8,32,concentrated,0,coarse_interval,256,weight_sensitive_hybrid,empirical_bernstein_fixed_forecast,0.0,0.0
41,8,32,concentrated,0,assignment_dependent,256,no_learning_half,empirical_best_midpoint,0.0,0.0
41,8,32,concentrated,0,assignment_dependent,256,no_learning_half,quota,0.0,0.0
41,8,32,concentrated,0,assignment_dependent,256,no_learning_half,harmonic_martingale,0.0,0.0
41,8,32,concentrated,0,assignment_dependent,256,no_learning_half,weight_sensitive_product,0.0,0.0
41,8,32,concentrated,0,assignment_dependent,256,no_learning_half,weight_sensitive_hybrid,0.0,0.0
41,8,32,concentrated,0,assignment_dependent,256,no_learning_half,empirical_bernstein_fixed_forecast,0.0,0.0
41,8,32,concentrated,0,assignment_dependent,256,empirical_best_midpoint,quota,0.0,0.0
41,8,32,concentrated,0,assignment_dependent,256,empirical_best_midpoint,harmonic_martingale,0.0,0.0
41,8,32,concentrated,0,assignment_dependent,256,empirical_best_midpoint,weight_sensitive_product,0.0,0.0
41,8,32,concentrated,0,assignment_dependent,256,empirical_best_midpoint,weight_sensitive_hybrid,0.0,0.0
41,8,32,concentrated,0,assignment_dependent,256,empirical_best_midpoint,empirical_bernstein_fixed_forecast,0.0,0.0
41,8,32,concentrated,0,assignment_dependent,256,quota,harmonic_martingale,0.0,0.0
41,8,32,concentrated,0,assignment_dependent,256,quota,weight_sensitive_product,0.0,0.0
41,8,32,concentrated,0,assignment_dependent,256,quota,weight_sensitive_hybrid,0.0,0.0
41,8,32,concentrated,0,assignment_dependent,256,quota,empirical_bernstein_fixed_forecast,0.0,0.0
41,8,32,concentrated,0,assignment_dependent,256,harmonic_martingale,weight_sensitive_product,0.0,0.0
41,8,32,concentrated,0,assignment_dependent,256,harmonic_martingale,weight_sensitive_hybrid,0.0,0.0
41,8,32,concentrated,0,assignment_dependent,256,harmonic_martingale,empirical_bernstein_fixed_forecast,0.0,0.0
41,8,32,concentrated,0,assignment_dependent,256,weight_sensitive_product,weight_sensitive_hybrid,0.0,0.0
41,8,32,concentrated,0,assignment_dependent,256,weight_sensitive_product,empirical_bernstein_fixed_forecast,0.0,0.0
41,8,32,concentrated,0,assignment_dependent,256,weight_sensitive_hybrid,empirical_bernstein_fixed_forecast,0.0,0.0
42,8,32,concentrated,40,complete,256,no_learning_half,empirical_best_midpoint,0.00796875,0.0011487401853684722
42,8,32,concentrated,40,complete,256,no_learning_half,quota,0.0011497453125000005,8.208331330080641e-05
42,8,32,concentrated,40,complete,256,no_learning_half,harmonic_martingale,0.0008169635937500005,3.7253031543614655e-05
42,8,32,concentrated,40,complete,256,no_learning_half,weight_sensitive_product,0.0010937346875000004,7.23330260055171e-05
42,8,32,concentrated,40,complete,256,no_learning_half,weight_sensitive_hybrid,0.0010937346875000004,7.23330260055171e-05
42,8,32,concentrated,40,complete,256,no_learning_half,empirical_bernstein_fixed_forecast,0.0016301248437500006,0.00015275114937962086
42,8,32,concentrated,40,complete,256,empirical_best_midpoint,quota,-0.0068190046875,0.0011045218915763215
42,8,32,concentrated,40,complete,256,empirical_best_midpoint,harmonic_martingale,-0.00715178640625,0.0011406625147375486
42,8,32,concentrated,40,complete,256,empirical_best_midpoint,weight_sensitive_product,-0.0068750153125,0.001113202824067574
42,8,32,concentrated,40,complete,256,empirical_best_midpoint,weight_sensitive_hybrid,-0.0068750153125,0.001113202824067574
42,8,32,concentrated,40,complete,256,empirical_best_midpoint,empirical_bernstein_fixed_forecast,-0.0063386251562499996,0.0010434662961610747
42,8,32,concentrated,40,complete,256,quota,harmonic_martingale,-0.00033278171875,6.985263829065359e-05
42,8,32,concentrated,40,complete,256,quota,weight_sensitive_product,-5.601062500000001e-05,1.2714617737633887e-05
42,8,32,concentrated,40,complete,256,quota,weight_sensitive_hybrid,-5.601062500000001e-05,1.2714617737633887e-05
42,8,32,concentrated,40,complete,256,quota,empirical_bernstein_fixed_forecast,0.00048037953124999995,8.056780314266011e-05
42,8,32,concentrated,40,complete,256,harmonic_martingale,weight_sensitive_product,0.00027677109374999993,5.877835421853794e-05
42,8,32,concentrated,40,complete,256,harmonic_martingale,weight_sensitive_hybrid,0.00027677109374999993,5.877835421853794e-05
42,8,32,concentrated,40,complete,256,harmonic_martingale,empirical_bernstein_fixed_forecast,0.0008131612499999998,0.00014270945501500645
42,8,32,concentrated,40,complete,256,weight_sensitive_product,weight_sensitive_hybrid,0.0,0.0
42,8,32,concentrated,40,complete,256,weight_sensitive_product,empirical_bernstein_fixed_forecast,0.00053639015625,9.214490993377409e-05
42,8,32,concentrated,40,complete,256,weight_sensitive_hybrid,empirical_bernstein_fixed_forecast,0.00053639015625,9.214490993377409e-05
43,8,32,concentrated,40,coarse_interval,256,no_learning_half,empirical_best_midpoint,0.005546875,0.0012007672020288268
43,8,32,concentrated,40,coarse_interval,256,no_learning_half,quota,0.0006466757812500004,4.38320037825328e-05
43,8,32,concentrated,40,coarse_interval,256,no_learning_half,harmonic_martingale,0.0005945060937500005,3.1915500915353144e-05
43,8,32,concentrated,40,coarse_interval,256,no_learning_half,weight_sensitive_product,0.0006375710937500006,4.0995468612967207e-05
43,8,32,concentrated,40,coarse_interval,256,no_learning_half,weight_sensitive_hybrid,0.0006375710937500006,4.0995468612967207e-05
43,8,32,concentrated,40,coarse_interval,256,no_learning_half,empirical_bernstein_fixed_forecast,0.0007269104687500004,6.719075904388748e-05
43,8,32,concentrated,40,coarse_interval,256,empirical_best_midpoint,quota,-0.00490019921875,0.0011865498854097352
43,8,32,concentrated,40,coarse_interval,256,empirical_best_midpoint,harmonic_martingale,-0.004952368906249999,0.0011950282895290853
43,8,32,concentrated,40,coarse_interval,256,empirical_best_midpoint,weight_sensitive_product,-0.00490930390625,0.0011888169660065789
43,8,32,concentrated,40,coarse_interval,256,empirical_best_midpoint,weight_sensitive_hybrid,-0.00490930390625,0.0011888169660065789
43,8,32,concentrated,40,coarse_interval,256,empirical_best_midpoint,empirical_bernstein_fixed_forecast,-0.00481996453125,0.0011712027829858154
43,8,32,concentrated,40,coarse_interval,256,quota,harmonic_martingale,-5.216968750000001e-05,2.6297221949837753e-05
43,8,32,concentrated,40,coarse_interval,256,quota,weight_sensitive_product,-9.104687500000004e-06,5.401914467467317e-06
43,8,32,concentrated,40,coarse_interval,256,quota,weight_sensitive_hybrid,-9.104687500000004e-06,5.401914467467317e-06
43,8,32,concentrated,40,coarse_interval,256,quota,empirical_bernstein_fixed_forecast,8.023468749999993e-05,3.0369863278035652e-05
43,8,32,concentrated,40,coarse_interval,256,harmonic_martingale,weight_sensitive_product,4.306500000000001e-05,2.183941330103291e-05
43,8,32,concentrated,40,coarse_interval,256,harmonic_martingale,weight_sensitive_hybrid,4.306500000000001e-05,2.183941330103291e-05
43,8,32,concentrated,40,coarse_interval,256,harmonic_martingale,empirical_bernstein_fixed_forecast,0.00013240437499999994,5.344081809671805e-05
43,8,32,concentrated,40,coarse_interval,256,weight_sensitive_product,weight_sensitive_hybrid,0.0,0.0
43,8,32,concentrated,40,coarse_interval,256,weight_sensitive_product,empirical_bernstein_fixed_forecast,8.933937499999993e-05,3.5032782708660105e-05
43,8,32,concentrated,40,coarse_interval,256,weight_sensitive_hybrid,empirical_bernstein_fixed_forecast,8.933937499999993e-05,3.5032782708660105e-05
44,8,32,concentrated,40,assignment_dependent,256,no_learning_half,empirical_best_midpoint,0.01671875,0.0006873746543488322
44,8,32,concentrated,40,assignment_dependent,256,no_learning_half,quota,0.0021096143750000003,2.790501784280547e-05
44,8,32,concentrated,40,assignment_dependent,256,no_learning_half,harmonic_martingale,0.0020338135937500003,2.0890790329098442e-05
44,8,32,concentrated,40,assignment_dependent,256,no_learning_half,weight_sensitive_product,0.0020909028125000004,2.569609524998752e-05
44,8,32,concentrated,40,assignment_dependent,256,no_learning_half,weight_sensitive_hybrid,0.0020909028125000004,2.569609524998752e-05
44,8,32,concentrated,40,assignment_dependent,256,no_learning_half,empirical_bernstein_fixed_forecast,0.0021877289062500003,4.049342143021766e-05
44,8,32,concentrated,40,assignment_dependent,256,empirical_best_midpoint,quota,-0.014609135625,0.0006860269818533789
44,8,32,concentrated,40,assignment_dependent,256,empirical_best_midpoint,harmonic_martingale,-0.01468493640625,0.0006880260486811331
44,8,32,concentrated,40,assignment_dependent,256,empirical_best_midpoint,weight_sensitive_product,-0.014627847187500001,0.0006866821267195412
44,8,32,concentrated,40,assignment_dependent,256,empirical_best_midpoint,weight_sensitive_hybrid,-0.014627847187500001,0.0006866821267195412
44,8,32,concentrated,40,assignment_dependent,256,empirical_best_midpoint,empirical_bernstein_fixed_forecast,-0.01453102109375,0.0006837115200367949
44,8,32,concentrated,40,assignment_dependent,256,quota,harmonic_martingale,-7.580078124999994e-05,1.726394721816328e-05
44,8,32,concentrated,40,assignment_dependent,256,quota,weight_sensitive_product,-1.871156249999994e-05,3.8075206300516547e-06
44,8,32,concentrated,40,assignment_dependent,256,quota,weight_sensitive_hybrid,-1.871156249999994e-05,3.8075206300516547e-06
44,8,32,concentrated,40,assignment_dependent,256,quota,empirical_bernstein_fixed_forecast,7.811453125000002e-05,1.6854785525283466e-05
44,8,32,concentrated,40,assignment_dependent,256,harmonic_martingale,weight_sensitive_product,5.708921875e-05,1.4159049314320205e-05
44,8,32,concentrated,40,assignment_dependent,256,harmonic_martingale,weight_sensitive_hybrid,5.708921875e-05,1.4159049314320205e-05
44,8,32,concentrated,40,assignment_dependent,256,harmonic_martingale,empirical_bernstein_fixed_forecast,0.00015391531249999996,3.181223770202138e-05
44,8,32,concentrated,40,assignment_dependent,256,weight_sensitive_product,weight_sensitive_hybrid,0.0,0.0
44,8,32,concentrated,40,assignment_dependent,256,weight_sensitive_product,empirical_bernstein_fixed_forecast,9.682609374999995e-05,2.0060974085919802e-05
44,8,32,concentrated,40,assignment_dependent,256,weight_sensitive_hybrid,empirical_bernstein_fixed_forecast,9.682609374999995e-05,2.0060974085919802e-05
45,8,32,concentrated,160,complete,256,no_learning_half,empirical_best_midpoint,0.066875,0.0027494986173953293
45,8,32,concentrated,160,complete,256,no_learning_half,quota,0.017056715625000003,0.0005017479312367088
45,8,32,concentrated,160,complete,256,no_learning_half,harmonic_martingale,0.013095117500000001,0.00016118015600373158
45,8,32,concentrated,160,complete,256,no_learning_half,weight_sensitive_product,0.015985376875,0.000435944689004282
45,8,32,concentrated,160,complete,256,no_learning_half,weight_sensitive_hybrid,0.015985376875,0.000435944689004282
45,8,32,concentrated,160,complete,256,no_learning_half,empirical_bernstein_fixed_forecast,0.020404368125000003,0.0006687560061263998
45,8,32,concentrated,160,complete,256,empirical_best_midpoint,quota,-0.049818284375,0.002626121192043379
45,8,32,concentrated,160,complete,256,empirical_best_midpoint,harmonic_martingale,-0.0537798825,0.002707690569768074
45,8,32,concentrated,160,complete,256,empirical_best_midpoint,weight_sensitive_product,-0.050889623125000005,0.002650043443120313
45,8,32,concentrated,160,complete,256,empirical_best_midpoint,weight_sensitive_hybrid,-0.050889623125000005,0.002650043443120313
45,8,32,concentrated,160,complete,256,empirical_best_midpoint,empirical_bernstein_fixed_forecast,-0.046470631875,0.0025301565739583864
45,8,32,concentrated,160,complete,256,quota,harmonic_martingale,-0.003961598125,0.00041786409278567367
45,8,32,concentrated,160,complete,256,quota,weight_sensitive_product,-0.0010713387500000003,7.84551972596634e-05
45,8,32,concentrated,160,complete,256,quota,weight_sensitive_hybrid,-0.0010713387500000003,7.84551972596634e-05
45,8,32,concentrated,160,complete,256,quota,empirical_bernstein_fixed_forecast,0.0033476525,0.0002282014951459307
45,8,32,concentrated,160,complete,256,harmonic_martingale,weight_sensitive_product,0.002890259375,0.0003522073484626306
45,8,32,concentrated,160,complete,256,harmonic_martingale,weight_sensitive_hybrid,0.002890259375,0.0003522073484626306
45,8,32,concentrated,160,complete,256,harmonic_martingale,empirical_bernstein_fixed_forecast,0.007309250625000001,0.0005881083062312457
45,8,32,concentrated,160,complete,256,weight_sensitive_product,weight_sensitive_hybrid,0.0,0.0
45,8,32,concentrated,160,complete,256,weight_sensitive_product,empirical_bernstein_fixed_forecast,0.0044189912500000005,0.00029430708871839266
45,8,32,concentrated,160,complete,256,weight_sensitive_hybrid,empirical_bernstein_fixed_forecast,0.0044189912500000005,0.00029430708871839266
46,8,32,concentrated,160,coarse_interval,256,no_learning_half,empirical_best_midpoint,0.0678125,0.002639418269054681
46,8,32,concentrated,160,coarse_interval,256,no_learning_half,quota,0.010858457500000002,0.00018747045336970348
46,8,32,concentrated,160,coarse_interval,256,no_learning_half,harmonic_martingale,0.010525999375000001,0.0001409895514415332
46,8,32,concentrated,160,coarse_interval,256,no_learning_half,weight_sensitive_product,0.010734051875000001,0.0001699461589284825
46,8,32,concentrated,160,coarse_interval,256,no_learning_half,weight_sensitive_hybrid,0.010734051875000001,0.0001699461589284825
46,8,32,concentrated,160,coarse_interval,256,no_learning_half,empirical_bernstein_fixed_forecast,0.011846629375,0.0002824561701420629
46,8,32,concentrated,160,coarse_interval,256,empirical_best_midpoint,quota,-0.056954042499999996,0.002585150931053701
46,8,32,concentrated,160,coarse_interval,256,empirical_best_midpoint,harmonic_martingale,-0.057286500625,0.0025953969152466947
46,8,32,concentrated,160,coarse_interval,256,empirical_best_midpoint,weight_sensitive_product,-0.057078448125,0.002588320647178121
46,8,32,concentrated,160,coarse_interval,256,empirical_best_midpoint,weight_sensitive_hybrid,-0.057078448125,0.002588320647178121
46,8,32,concentrated,160,coarse_interval,256,empirical_best_midpoint,empirical_bernstein_fixed_forecast,-0.055965870625,0.002562112587404985
46,8,32,concentrated,160,coarse_interval,256,quota,harmonic_martingale,-0.00033245812500000004,8.692073059936504e-05
46,8,32,concentrated,160,coarse_interval,256,quota,weight_sensitive_product,-0.00012440562499999998,2.6591906122887626e-05
46,8,32,concentrated,160,coarse_interval,256,quota,weight_sensitive_hybrid,-0.00012440562499999998,2.6591906122887626e-05
46,8,32,concentrated,160,coarse_interval,256,quota,empirical_bernstein_fixed_forecast,0.0009881718750000001,0.00012394775355610067
46,8,32,concentrated,160,coarse_interval,256,harmonic_martingale,weight_sensitive_product,0.00020805250000000003,6.240069735796071e-05
46,8,32,concentrated,160,coarse_interval,256,harmonic_martingale,weight_sensitive_hybrid,0.00020805250000000003,6.240069735796071e-05
46,8,32,concentrated,160,coarse_interval,256,harmonic_martingale,empirical_bernstein_fixed_forecast,0.0013206300000000002,0.00019135006769853858
46,8,32,concentrated,160,coarse_interval,256,weight_sensitive_product,weight_sensitive_hybrid,0.0,0.0
46,8,32,concentrated,160,coarse_interval,256,weight_sensitive_product,empirical_bernstein_fixed_forecast,0.0011125775000000002,0.00014438794333314497
46,8,32,concentrated,160,coarse_interval,256,weight_sensitive_hybrid,empirical_bernstein_fixed_forecast,0.0011125775000000002,0.00014438794333314497
47,8,32,concentrated,160,assignment_dependent,256,no_learning_half,empirical_best_midpoint,0.07875,0.0008821486691651265
47,8,32,concentrated,160,assignment_dependent,256,no_learning_half,quota,0.013545913125000003,0.00016300166343735287
47,8,32,concentrated,160,assignment_dependent,256,no_learning_half,harmonic_martingale,0.013228223750000002,0.00011783797619722844
47,8,32,concentrated,160,assignment_dependent,256,no_learning_half,weight_sensitive_product,0.013448645000000002,0.00014862370883325762
47,8,32,concentrated,160,assignment_dependent,256,no_learning_half,weight_sensitive_hybrid,0.013448645000000002,0.00014862370883325762
47,8,32,concentrated,160,assignment_dependent,256,no_learning_half,empirical_bernstein_fixed_forecast,0.013878323125000001,0.00021128495302149427
47,8,32,concentrated,160,assignment_dependent,256,empirical_best_midpoint,quota,-0.065204086875,0.0008810634182283402
47,8,32,concentrated,160,assignment_dependent,256,empirical_best_midpoint,harmonic_martingale,-0.06552177625,0.0008818314647718743
47,8,32,concentrated,160,assignment_dependent,256,empirical_best_midpoint,weight_sensitive_product,-0.06530135499999999,0.0008807447477838977
47,8,32,concentrated,160,assignment_dependent,256,empirical_best_midpoint,weight_sensitive_hybrid,-0.06530135499999999,0.0008807447477838977
47,8,32,concentrated,160,assignment_dependent,256,empirical_best_midpoint,empirical_bernstein_fixed_forecast,-0.064871676875,0.0008833035844513865
47,8,32,concentrated,160,assignment_dependent,256,quota,harmonic_martingale,-0.00031768937500000014,9.185415566745376e-05
47,8,32,concentrated,160,assignment_dependent,256,quota,weight_sensitive_product,-9.726812500000022e-05,2.1006072171504367e-05
47,8,32,concentrated,160,assignment_dependent,256,quota,weight_sensitive_hybrid,-9.726812500000022e-05,2.1006072171504367e-05
47,8,32,concentrated,160,assignment_dependent,256,quota,empirical_bernstein_fixed_forecast,0.0003324099999999998,6.810297853899161e-05
47,8,32,concentrated,160,assignment_dependent,256,harmonic_martingale,weight_sensitive_product,0.0002204212499999999,7.447059164130252e-05
47,8,32,concentrated,160,assignment_dependent,256,harmonic_martingale,weight_sensitive_hybrid,0.0002204212499999999,7.447059164130252e-05
47,8,32,concentrated,160,assignment_dependent,256,harmonic_martingale,empirical_bernstein_fixed_forecast,0.0006500993749999999,0.00014129292190929148
47,8,32,concentrated,160,assignment_dependent,256,weight_sensitive_product,weight_sensitive_hybrid,0.0,0.0
47,8,32,concentrated,160,assignment_dependent,256,weight_sensitive_product,empirical_bernstein_fixed_forecast,0.000429678125,8.421927842726833e-05
47,8,32,concentrated,160,assignment_dependent,256,weight_sensitive_hybrid,empirical_bernstein_fixed_forecast,0.000429678125,8.421927842726833e-05
48,24,8,equal,-160,complete,256,no_learning_half,empirical_best_midpoint,0.08,0.0
48,24,8,equal,-160,complete,256,no_learning_half,quota,0.058994015000000004,0.000530284900640915
48,24,8,equal,-160,complete,256,no_learning_half,harmonic_martingale,0.058199661875,0.0005237805140157786
48,24,8,equal,-160,complete,256,no_learning_half,weight_sensitive_product,0.025598046875000002,0.0002690504296282539
48,24,8,equal,-160,complete,256,no_learning_half,weight_sensitive_hybrid,0.058199661875,0.0005237805140157786
48,24,8,equal,-160,complete,256,no_learning_half,empirical_bernstein_fixed_forecast,0.07693453312500001,0.00034567232312299174
48,24,8,equal,-160,complete,256,empirical_best_midpoint,quota,-0.021005984999999998,0.000530284900640915
48,24,8,equal,-160,complete,256,empirical_best_midpoint,harmonic_martingale,-0.021800338125,0.0005237805140157786
48,24,8,equal,-160,complete,256,empirical_best_midpoint,weight_sensitive_product,-0.054401953125,0.0002690504296282539
48,24,8,equal,-160,complete,256,empirical_best_midpoint,weight_sensitive_hybrid,-0.021800338125,0.0005237805140157786
48,24,8,equal,-160,complete,256,empirical_best_midpoint,empirical_bernstein_fixed_forecast,-0.0030654668749999997,0.00034567232312299174
48,24,8,equal,-160,complete,256,quota,harmonic_martingale,-0.0007943531250000001,7.745123577220013e-06
48,24,8,equal,-160,complete,256,quota,weight_sensitive_product,-0.03339596812500001,0.00026178720612010913
48,24,8,equal,-160,complete,256,quota,weight_sensitive_hybrid,-0.0007943531250000001,7.745123577220013e-06
48,24,8,equal,-160,complete,256,quota,empirical_bernstein_fixed_forecast,0.017940518125,0.00033000483390545446
48,24,8,equal,-160,complete,256,harmonic_martingale,weight_sensitive_product,-0.032601615,0.0002551553505471581
48,24,8,equal,-160,complete,256,harmonic_martingale,weight_sensitive_hybrid,0.0,0.0
48,24,8,equal,-160,complete,256,harmonic_martingale,empirical_bernstein_fixed_forecast,0.01873487125,0.0003254156400987454
48,24,8,equal,-160,complete,256,weight_sensitive_product,weight_sensitive_hybrid,0.032601615,0.0002551553505471581
48,24,8,equal,-160,complete,256,weight_sensitive_product,empirical_bernstein_fixed_forecast,0.051336486249999994,0.00021721228658926504
48,24,8,equal,-160,complete,256,weight_sensitive_hybrid,empirical_bernstein_fixed_forecast,0.01873487125,0.0003254156400987454
49,24,8,equal,-160,coarse_interval,256,no_learning_half,empirical_best_midpoint,0.08,0.0
49,24,8,equal,-160,coarse_interval,256,no_learning_half,quota,0.031804252500000005,0.00023929883445586664
49,24,8,equal,-160,coarse_interval,256,no_learning_half,harmonic_martingale,0.031486166875,0.000237865347634549
49,24,8,equal,-160,coarse_interval,256,no_learning_half,weight_sensitive_product,0.018687345,0.00014531300598680618
49,24,8,equal,-160,coarse_interval,256,no_learning_half,weight_sensitive_hybrid,0.031486166875,0.000237865347634549
49,24,8,equal,-160,coarse_interval,256,no_learning_half,empirical_bernstein_fixed_forecast,0.039887604375,0.0002844665934167332
49,24,8,equal,-160,coarse_interval,256,empirical_best_midpoint,quota,-0.0481957475,0.00023929883445586664
49,24,8,equal,-160,coarse_interval,256,empirical_best_midpoint,harmonic_martingale,-0.048513833125,0.000237865347634549
49,24,8,equal,-160,coarse_interval,256,empirical_best_midpoint,weight_sensitive_product,-0.061312655,0.00014531300598680618
49,24,8,equal,-160,coarse_interval,256,empirical_best_midpoint,weight_sensitive_hybrid,-0.048513833125,0.000237865347634549
49,24,8,equal,-160,coarse_interval,256,empirical_best_midpoint,empirical_bernstein_fixed_forecast,-0.040112395625000005,0.0002844665934167332
49,24,8,equal,-160,coarse_interval,256,quota,harmonic_martingale,-0.00031808562500000044,1.4339418703991348e-06
49,24,8,equal,-160,coarse_interval,256,quota,weight_sensitive_product,-0.0131169075,9.432057561990175e-05
49,24,8,equal,-160,coarse_interval,256,quota,weight_sensitive_hybrid,-0.00031808562500000044,1.4339418703991348e-06
49,24,8,equal,-160,coarse_interval,256,quota,empirical_bernstein_fixed_forecast,0.008083351874999999,4.746980802424591e-05
49,24,8,equal,-160,coarse_interval,256,harmonic_martingale,weight_sensitive_product,-0.012798821875,9.289205834311944e-05
49,24,8,equal,-160,coarse_interval,256,harmonic_martingale,weight_sensitive_hybrid,0.0,0.0
49,24,8,equal,-160,coarse_interval,256,harmonic_martingale,empirical_bernstein_fixed_forecast,0.0084014375,4.881926944347996e-05
49,24,8,equal,-160,coarse_interval,256,weight_sensitive_product,weight_sensitive_hybrid,0.012798821875,9.289205834311944e-05
49,24,8,equal,-160,coarse_interval,256,weight_sensitive_product,empirical_bernstein_fixed_forecast,0.021200259375000002,0.00014002104065173398
49,24,8,equal,-160,coarse_interval,256,weight_sensitive_hybrid,empirical_bernstein_fixed_forecast,0.0084014375,4.881926944347996e-05
50,24,8,equal,-160,assignment_dependent,256,no_learning_half,empirical_best_midpoint,-0.08,0.0
50,24,8,equal,-160,assignment_dependent,256,no_learning_half,quota,-0.009631405624999999,7.077319174571624e-05
50,24,8,equal,-160,assignment_dependent,256,no_learning_half,harmonic_martingale,-0.009567838124999999,7.16384442878697e-05
50,24,8,equal,-160,assignment_dependent,256,no_learning_half,weight_sensitive_product,-0.004724654999999998,3.601935297755321e-05
50,24,8,equal,-160,assignment_dependent,256,no_learning_half,weight_sensitive_hybrid,-0.009567838124999999,7.16384442878697e-05
50,24,8,equal,-160,assignment_dependent,256,no_learning_half,empirical_bernstein_fixed_forecast,-0.009803323749999999,7.135963701453934e-05
50,24,8,equal,-160,assignment_dependent,256,empirical_best_midpoint,quota,0.07036859437500001,7.077319174571624e-05
50,24,8,equal,-160,assignment_dependent,256,empirical_best_midpoint,harmonic_martingale,0.07043216187500001,7.16384442878697e-05
50,24,8,equal,-160,assignment_dependent,256,empirical_best_midpoint,weight_sensitive_product,0.07527534500000001,3.601935297755321e-05
50,24,8,equal,-160,assignment_dependent,256,empirical_best_midpoint,weight_sensitive_hybrid,0.07043216187500001,7.16384442878697e-05
50,24,8,equal,-160,assignment_dependent,256,empirical_best_midpoint,empirical_bernstein_fixed_forecast,0.07019667625,7.135963701453934e-05
50,24,8,equal,-160,assignment_dependent,256,quota,harmonic_martingale,6.356750000000028e-05,1.7846870915389746e-06
50,24,8,equal,-160,assignment_dependent,256,quota,weight_sensitive_product,0.004906750625000001,3.813182439915862e-05
50,24,8,equal,-160,assignment_dependent,256,quota,weight_sensitive_hybrid,6.356750000000028e-05,1.7846870915389746e-06
50,24,8,equal,-160,assignment_dependent,256,quota,empirical_bernstein_fixed_forecast,-0.00017191812499999963,5.899281643368246e-06
50,24,8,equal,-160,assignment_dependent,256,harmonic_martingale,weight_sensitive_product,0.004843183125000001,3.901034687357949e-05
50,24,8,equal,-160,assignment_dependent,256,harmonic_martingale,weight_sensitive_hybrid,0.0,0.0
50,24,8,equal,-160,assignment_dependent,256,harmonic_martingale,empirical_bernstein_fixed_forecast,-0.0002354856249999999,6.6107226380697034e-06
50,24,8,equal,-160,assignment_dependent,256,weight_sensitive_product,weight_sensitive_hybrid,-0.004843183125000001,3.901034687357949e-05
50,24,8,equal,-160,assignment_dependent,256,weight_sensitive_product,empirical_bernstein_fixed_forecast,-0.00507866875,3.876778422883461e-05
50,24,8,equal,-160,assignment_dependent,256,weight_sensitive_hybrid,empirical_bernstein_fixed_forecast,-0.0002354856249999999,6.6107226380697034e-06
51,24,8,equal,0,complete,256,no_learning_half,empirical_best_midpoint,0.0,0.0
51,24,8,equal,0,complete,256,no_learning_half,quota,0.0,0.0
51,24,8,equal,0,complete,256,no_learning_half,harmonic_martingale,0.0,0.0
51,24,8,equal,0,complete,256,no_learning_half,weight_sensitive_product,0.0,0.0
51,24,8,equal,0,complete,256,no_learning_half,weight_sensitive_hybrid,0.0,0.0
51,24,8,equal,0,complete,256,no_learning_half,empirical_bernstein_fixed_forecast,0.0,0.0
51,24,8,equal,0,complete,256,empirical_best_midpoint,quota,0.0,0.0
51,24,8,equal,0,complete,256,empirical_best_midpoint,harmonic_martingale,0.0,0.0
51,24,8,equal,0,complete,256,empirical_best_midpoint,weight_sensitive_product,0.0,0.0
51,24,8,equal,0,complete,256,empirical_best_midpoint,weight_sensitive_hybrid,0.0,0.0
51,24,8,equal,0,complete,256,empirical_best_midpoint,empirical_bernstein_fixed_forecast,0.0,0.0
51,24,8,equal,0,complete,256,quota,harmonic_martingale,0.0,0.0
51,24,8,equal,0,complete,256,quota,weight_sensitive_product,0.0,0.0
51,24,8,equal,0,complete,256,quota,weight_sensitive_hybrid,0.0,0.0
51,24,8,equal,0,complete,256,quota,empirical_bernstein_fixed_forecast,0.0,0.0
51,24,8,equal,0,complete,256,harmonic_martingale,weight_sensitive_product,0.0,0.0
51,24,8,equal,0,complete,256,harmonic_martingale,weight_sensitive_hybrid,0.0,0.0
51,24,8,equal,0,complete,256,harmonic_martingale,empirical_bernstein_fixed_forecast,0.0,0.0
51,24,8,equal,0,complete,256,weight_sensitive_product,weight_sensitive_hybrid,0.0,0.0
51,24,8,equal,0,complete,256,weight_sensitive_product,empirical_bernstein_fixed_forecast,0.0,0.0
51,24,8,equal,0,complete,256,weight_sensitive_hybrid,empirical_bernstein_fixed_forecast,0.0,0.0
52,24,8,equal,0,coarse_interval,256,no_learning_half,empirical_best_midpoint,0.0,0.0
52,24,8,equal,0,coarse_interval,256,no_learning_half,quota,0.0,0.0
52,24,8,equal,0,coarse_interval,256,no_learning_half,harmonic_martingale,0.0,0.0
52,24,8,equal,0,coarse_interval,256,no_learning_half,weight_sensitive_product,0.0,0.0
52,24,8,equal,0,coarse_interval,256,no_learning_half,weight_sensitive_hybrid,0.0,0.0
52,24,8,equal,0,coarse_interval,256,no_learning_half,empirical_bernstein_fixed_forecast,0.0,0.0
52,24,8,equal,0,coarse_interval,256,empirical_best_midpoint,quota,0.0,0.0
52,24,8,equal,0,coarse_interval,256,empirical_best_midpoint,harmonic_martingale,0.0,0.0
52,24,8,equal,0,coarse_interval,256,empirical_best_midpoint,weight_sensitive_product,0.0,0.0
52,24,8,equal,0,coarse_interval,256,empirical_best_midpoint,weight_sensitive_hybrid,0.0,0.0
52,24,8,equal,0,coarse_interval,256,empirical_best_midpoint,empirical_bernstein_fixed_forecast,0.0,0.0
52,24,8,equal,0,coarse_interval,256,quota,harmonic_martingale,0.0,0.0
52,24,8,equal,0,coarse_interval,256,quota,weight_sensitive_product,0.0,0.0
52,24,8,equal,0,coarse_interval,256,quota,weight_sensitive_hybrid,0.0,0.0
52,24,8,equal,0,coarse_interval,256,quota,empirical_bernstein_fixed_forecast,0.0,0.0
52,24,8,equal,0,coarse_interval,256,harmonic_martingale,weight_sensitive_product,0.0,0.0
52,24,8,equal,0,coarse_interval,256,harmonic_martingale,weight_sensitive_hybrid,0.0,0.0
52,24,8,equal,0,coarse_interval,256,harmonic_martingale,empirical_bernstein_fixed_forecast,0.0,0.0
52,24,8,equal,0,coarse_interval,256,weight_sensitive_product,weight_sensitive_hybrid,0.0,0.0
52,24,8,equal,0,coarse_interval,256,weight_sensitive_product,empirical_bernstein_fixed_forecast,0.0,0.0
52,24,8,equal,0,coarse_interval,256,weight_sensitive_hybrid,empirical_bernstein_fixed_forecast,0.0,0.0
53,24,8,equal,0,assignment_dependent,256,no_learning_half,empirical_best_midpoint,0.0,0.0
53,24,8,equal,0,assignment_dependent,256,no_learning_half,quota,0.0,0.0
53,24,8,equal,0,assignment_dependent,256,no_learning_half,harmonic_martingale,0.0,0.0
53,24,8,equal,0,assignment_dependent,256,no_learning_half,weight_sensitive_product,0.0,0.0
53,24,8,equal,0,assignment_dependent,256,no_learning_half,weight_sensitive_hybrid,0.0,0.0
53,24,8,equal,0,assignment_dependent,256,no_learning_half,empirical_bernstein_fixed_forecast,0.0,0.0
53,24,8,equal,0,assignment_dependent,256,empirical_best_midpoint,quota,0.0,0.0
53,24,8,equal,0,assignment_dependent,256,empirical_best_midpoint,harmonic_martingale,0.0,0.0
53,24,8,equal,0,assignment_dependent,256,empirical_best_midpoint,weight_sensitive_product,0.0,0.0
53,24,8,equal,0,assignment_dependent,256,empirical_best_midpoint,weight_sensitive_hybrid,0.0,0.0
53,24,8,equal,0,assignment_dependent,256,empirical_best_midpoint,empirical_bernstein_fixed_forecast,0.0,0.0
53,24,8,equal,0,assignment_dependent,256,quota,harmonic_martingale,0.0,0.0
53,24,8,equal,0,assignment_dependent,256,quota,weight_sensitive_product,0.0,0.0
53,24,8,equal,0,assignment_dependent,256,quota,weight_sensitive_hybrid,0.0,0.0
53,24,8,equal,0,assignment_dependent,256,quota,empirical_bernstein_fixed_forecast,0.0,0.0
53,24,8,equal,0,assignment_dependent,256,harmonic_martingale,weight_sensitive_product,0.0,0.0
53,24,8,equal,0,assignment_dependent,256,harmonic_martingale,weight_sensitive_hybrid,0.0,0.0
53,24,8,equal,0,assignment_dependent,256,harmonic_martingale,empirical_bernstein_fixed_forecast,0.0,0.0
53,24,8,equal,0,assignment_dependent,256,weight_sensitive_product,weight_sensitive_hybrid,0.0,0.0
53,24,8,equal,0,assignment_dependent,256,weight_sensitive_product,empirical_bernstein_fixed_forecast,0.0,0.0
53,24,8,equal,0,assignment_dependent,256,weight_sensitive_hybrid,empirical_bernstein_fixed_forecast,0.0,0.0
54,24,8,equal,40,complete,256,no_learning_half,empirical_best_midpoint,0.018125,0.0005294628243351381
54,24,8,equal,40,complete,256,no_learning_half,quota,0.003569010000000001,0.00013401041469276724
54,24,8,equal,40,complete,256,no_learning_half,harmonic_martingale,0.0035206954687500005,0.00013219636005422445
54,24,8,equal,40,complete,256,no_learning_half,weight_sensitive_product,0.0018194540625000005,6.79239553500896e-05
54,24,8,equal,40,complete,256,no_learning_half,weight_sensitive_hybrid,0.0035206954687500005,0.00013219636005422445
54,24,8,equal,40,complete,256,no_learning_half,empirical_bernstein_fixed_forecast,0.005668603750000001,0.00021218305805756628
54,24,8,equal,40,complete,256,empirical_best_midpoint,quota,-0.01455599,0.0004835580110696718
54,24,8,equal,40,complete,256,empirical_best_midpoint,harmonic_martingale,-0.014604304531249999,0.00048396074538245863
54,24,8,equal,40,complete,256,empirical_best_midpoint,weight_sensitive_product,-0.0163055459375,0.0005020657581795251
54,24,8,equal,40,complete,256,empirical_best_midpoint,weight_sensitive_hybrid,-0.014604304531249999,0.00048396074538245863
54,24,8,equal,40,complete,256,empirical_best_midpoint,empirical_bernstein_fixed_forecast,-0.012456396250000001,0.00047198961113441615
54,24,8,equal,40,complete,256,quota,harmonic_martingale,-4.831453124999995e-05,1.814054946357208e-06
54,24,8,equal,40,complete,256,quota,weight_sensitive_product,-0.0017495559374999998,6.610113194377994e-05
54,24,8,equal,40,complete,256,quota,weight_sensitive_hybrid,-4.831453124999995e-05,1.814054946357208e-06
54,24,8,equal,40,complete,256,quota,empirical_bernstein_fixed_forecast,0.00209959375,7.819310171321438e-05
54,24,8,equal,40,complete,256,harmonic_martingale,weight_sensitive_product,-0.0017012414062499998,6.42872860106475e-05
54,24,8,equal,40,complete,256,harmonic_martingale,weight_sensitive_hybrid,0.0,0.0
54,24,8,equal,40,complete,256,harmonic_martingale,empirical_bernstein_fixed_forecast,0.0021479082812500003,8.00064207354493e-05
54,24,8,equal,40,complete,256,weight_sensitive_product,weight_sensitive_hybrid,0.0017012414062499998,6.42872860106475e-05
54,24,8,equal,40,complete,256,weight_sensitive_product,empirical_bernstein_fixed_forecast,0.0038491496875,0.00014427187352348034
54,24,8,equal,40,complete,256,weight_sensitive_hybrid,empirical_bernstein_fixed_forecast,0.0021479082812500003,8.00064207354493e-05
55,24,8,equal,40,coarse_interval,256,no_learning_half,empirical_best_midpoint,0.015624999999999998,0.0007497957238148137
55,24,8,equal,40,coarse_interval,256,no_learning_half,quota,0.0013400568750000005,6.862714841067865e-05
55,24,8,equal,40,coarse_interval,256,no_learning_half,harmonic_martingale,0.0013305478125000005,6.814008396783055e-05
55,24,8,equal,40,coarse_interval,256,no_learning_half,weight_sensitive_product,0.0006128895312500003,3.100499160811426e-05
55,24,8,equal,40,coarse_interval,256,no_learning_half,weight_sensitive_hybrid,0.0013305478125000005,6.814008396783055e-05
55,24,8,equal,40,coarse_interval,256,no_learning_half,empirical_bernstein_fixed_forecast,0.0017397701562500002,8.911775439932734e-05
55,24,8,equal,40,coarse_interval,256,empirical_best_midpoint,quota,-0.014284943125,0.0007095275551752045
55,24,8,equal,40,coarse_interval,256,empirical_best_midpoint,harmonic_martingale,-0.0142944521875,0.000709797926937526
55,24,8,equal,40,coarse_interval,256,empirical_best_midpoint,weight_sensitive_product,-0.01501211046875,0.0007304995618772839
55,24,8,equal,40,coarse_interval,256,empirical_best_midpoint,weight_sensitive_hybrid,-0.0142944521875,0.000709797926937526
55,24,8,equal,40,coarse_interval,256,empirical_best_midpoint,empirical_bernstein_fixed_forecast,-0.01388522984375,0.0006984026650243751
55,24,8,equal,40,coarse_interval,256,quota,harmonic_martingale,-9.509062500000048e-06,4.87065614902121e-07
55,24,8,equal,40,coarse_interval,256,quota,weight_sensitive_product,-0.0007271673437500002,3.768620162149742e-05
55,24,8,equal,40,coarse_interval,256,quota,weight_sensitive_hybrid,-9.509062500000048e-06,4.87065614902121e-07
55,24,8,equal,40,coarse_interval,256,quota,empirical_bernstein_fixed_forecast,0.0003997132812499999,2.0749926119510186e-05
55,24,8,equal,40,coarse_interval,256,harmonic_martingale,weight_sensitive_product,-0.0007176582812500002,3.71995113192415e-05
55,24,8,equal,40,coarse_interval,256,harmonic_martingale,weight_sensitive_hybrid,0.0,0.0
55,24,8,equal,40,coarse_interval,256,harmonic_martingale,empirical_bernstein_fixed_forecast,0.0004092223437499999,2.1229240128865817e-05
55,24,8,equal,40,coarse_interval,256,weight_sensitive_product,weight_sensitive_hybrid,0.0007176582812500002,3.71995113192415e-05
55,24,8,equal,40,coarse_interval,256,weight_sensitive_product,empirical_bernstein_fixed_forecast,0.0011268806250000001,5.8204513938289936e-05
55,24,8,equal,40,coarse_interval,256,weight_sensitive_hybrid,empirical_bernstein_fixed_forecast,0.0004092223437499999,2.1229240128865817e-05
56,24,8,equal,40,assignment_dependent,256,no_learning_half,empirical_best_midpoint,0.02,0.0
56,24,8,equal,40,assignment_dependent,256,no_learning_half,quota,0.004214751562500001,4.64039218858437e-05
56,24,8,equal,40,assignment_dependent,256,no_learning_half,harmonic_martingale,0.0041669715625,4.645500691914783e-05
56,24,8,equal,40,assignment_dependent,256,no_learning_half,weight_sensitive_product,0.0021021070312500006,1.7637868226926898e-05
56,24,8,equal,40,assignment_dependent,256,no_learning_half,weight_sensitive_hybrid,0.0041669715625,4.645500691914783e-05
56,24,8,equal,40,assignment_dependent,256,no_learning_half,empirical_bernstein_fixed_forecast,0.0042235125,5.066019682239039e-05
56,24,8,equal,40,assignment_dependent,256,empirical_best_midpoint,quota,-0.0157852484375,4.64039218858437e-05
56,24,8,equal,40,assignment_dependent,256,empirical_best_midpoint,harmonic_martingale,-0.0158330284375,4.645500691914783e-05
56,24,8,equal,40,assignment_dependent,256,empirical_best_midpoint,weight_sensitive_product,-0.017897892968750002,1.7637868226926898e-05
56,24,8,equal,40,assignment_dependent,256,empirical_best_midpoint,weight_sensitive_hybrid,-0.0158330284375,4.645500691914783e-05
56,24,8,equal,40,assignment_dependent,256,empirical_best_midpoint,empirical_bernstein_fixed_forecast,-0.015776487500000002,5.066019682239039e-05
56,24,8,equal,40,assignment_dependent,256,quota,harmonic_martingale,-4.7779999999999986e-05,4.1902343282314996e-07
56,24,8,equal,40,assignment_dependent,256,quota,weight_sensitive_product,-0.00211264453125,2.931375423827576e-05
56,24,8,equal,40,assignment_dependent,256,quota,weight_sensitive_hybrid,-4.7779999999999986e-05,4.1902343282314996e-07
56,24,8,equal,40,assignment_dependent,256,quota,empirical_bernstein_fixed_forecast,8.760937499999877e-06,5.769889300980818e-06
56,24,8,equal,40,assignment_dependent,256,harmonic_martingale,weight_sensitive_product,-0.00206486453125,2.9367495020720282e-05
56,24,8,equal,40,assignment_dependent,256,harmonic_martingale,weight_sensitive_hybrid,0.0,0.0
56,24,8,equal,40,assignment_dependent,256,harmonic_martingale,empirical_bernstein_fixed_forecast,5.654093749999986e-05,5.793304438753647e-06
56,24,8,equal,40,assignment_dependent,256,weight_sensitive_product,weight_sensitive_hybrid,0.00206486453125,2.9367495020720282e-05
56,24,8,equal,40,assignment_dependent,256,weight_sensitive_product,empirical_bernstein_fixed_forecast,0.00212140546875,3.3656412251494075e-05
56,24,8,equal,40,assignment_dependent,256,weight_sensitive_hybrid,empirical_bernstein_fixed_forecast,5.654093749999986e-05,5.793304438753647e-06
57,24,8,equal,160,complete,256,no_learning_half,empirical_best_midpoint,0.08,0.0
57,24,8,equal,160,complete,256,no_learning_half,quota,0.058590277499999996,0.00048598621174660765
57,24,8,equal,160,complete,256,no_learning_half,harmonic_martingale,0.057801389375,0.00048015654118597096
57,24,8,equal,160,complete,256,no_learning_half,weight_sensitive_product,0.029139407500000006,0.00023268396233605546
57,24,8,equal,160,complete,256,no_learning_half,weight_sensitive_hybrid,0.057801389375,0.00048015654118597096
57,24,8,equal,160,complete,256,no_learning_half,empirical_bernstein_fixed_forecast,0.07906004,0.00017243086524578992
57,24,8,equal,160,complete,256,empirical_best_midpoint,quota,-0.0214097225,0.0004859862117466077
57,24,8,equal,160,complete,256,empirical_best_midpoint,harmonic_martingale,-0.022198610624999997,0.0004801565411859709
57,24,8,equal,160,complete,256,empirical_best_midpoint,weight_sensitive_product,-0.050860592499999996,0.00023268396233605546
57,24,8,equal,160,complete,256,empirical_best_midpoint,weight_sensitive_hybrid,-0.022198610624999997,0.0004801565411859709
57,24,8,equal,160,complete,256,empirical_best_midpoint,empirical_bernstein_fixed_forecast,-0.0009399599999999999,0.0001724308652457899
57,24,8,equal,160,complete,256,quota,harmonic_martingale,-0.000788888125,7.180299336702098e-06
57,24,8,equal,160,complete,256,quota,weight_sensitive_product,-0.029450869999999997,0.0002534860252504167
57,24,8,equal,160,complete,256,quota,weight_sensitive_hybrid,-0.000788888125,7.180299336702098e-06
57,24,8,equal,160,complete,256,quota,empirical_bernstein_fixed_forecast,0.020469762500000002,0.00040750958178266357
57,24,8,equal,160,complete,256,harmonic_martingale,weight_sensitive_product,-0.028661981875,0.00024756588531391137
57,24,8,equal,160,complete,256,harmonic_martingale,weight_sensitive_hybrid,0.0,0.0
57,24,8,equal,160,complete,256,harmonic_martingale,empirical_bernstein_fixed_forecast,0.021258650625,0.00040218424039329754
57,24,8,equal,160,complete,256,weight_sensitive_product,weight_sensitive_hybrid,0.028661981875,0.00024756588531391137
57,24,8,equal,160,complete,256,weight_sensitive_product,empirical_bernstein_fixed_forecast,0.0499206325,0.00019115509778294397
57,24,8,equal,160,complete,256,weight_sensitive_hybrid,empirical_bernstein_fixed_forecast,0.021258650625,0.00040218424039329754
58,24,8,equal,160,coarse_interval,256,no_learning_half,empirical_best_midpoint,0.08,0.0
58,24,8,equal,160,coarse_interval,256,no_learning_half,quota,0.028306130625000002,0.0002739153026166967
58,24,8,equal,160,coarse_interval,256,no_learning_half,harmonic_martingale,0.02810524375,0.00027197120557137083
58,24,8,equal,160,coarse_interval,256,no_learning_half,weight_sensitive_product,0.013639634375000003,0.00015621521254306805
58,24,8,equal,160,coarse_interval,256,no_learning_half,weight_sensitive_hybrid,0.02810524375,0.00027197120557137083
58,24,8,equal,160,coarse_interval,256,no_learning_half,empirical_bernstein_fixed_forecast,0.036213998750000004,0.0003445938058505726
58,24,8,equal,160,coarse_interval,256,empirical_best_midpoint,quota,-0.05169386937500001,0.0002739153026166967
58,24,8,equal,160,coarse_interval,256,empirical_best_midpoint,harmonic_martingale,-0.05189475625000001,0.00027197120557137083
58,24,8,equal,160,coarse_interval,256,empirical_best_midpoint,weight_sensitive_product,-0.06636036562499999,0.00015621521254306802
58,24,8,equal,160,coarse_interval,256,empirical_best_midpoint,weight_sensitive_hybrid,-0.05189475625000001,0.00027197120557137083
58,24,8,equal,160,coarse_interval,256,empirical_best_midpoint,empirical_bernstein_fixed_forecast,-0.04378600125,0.0003445938058505726
58,24,8,equal,160,coarse_interval,256,quota,harmonic_martingale,-0.0002008868750000002,1.944101539281535e-06
58,24,8,equal,160,coarse_interval,256,quota,weight_sensitive_product,-0.014666496249999997,0.00011783033171098739
58,24,8,equal,160,coarse_interval,256,quota,weight_sensitive_hybrid,-0.0002008868750000002,1.944101539281535e-06
58,24,8,equal,160,coarse_interval,256,quota,empirical_bernstein_fixed_forecast,0.007907868125,7.158910062481947e-05
58,24,8,equal,160,coarse_interval,256,harmonic_martingale,weight_sensitive_product,-0.014465609374999999,0.0001158874804182684
58,24,8,equal,160,coarse_interval,256,harmonic_martingale,weight_sensitive_hybrid,0.0,0.0
58,24,8,equal,160,coarse_interval,256,harmonic_martingale,empirical_bernstein_fixed_forecast,0.008108755000000002,7.350289388927514e-05
58,24,8,equal,160,coarse_interval,256,weight_sensitive_product,weight_sensitive_hybrid,0.014465609374999999,0.0001158874804182684
58,24,8,equal,160,coarse_interval,256,weight_sensitive_product,empirical_bernstein_fixed_forecast,0.022574364374999996,0.00018871406180583964
58,24,8,equal,160,coarse_interval,256,weight_sensitive_hybrid,empirical_bernstein_fixed_forecast,0.008108755000000002,7.350289388927514e-05
59,24,8,equal,160,assignment_dependent,256,no_learning_half,empirical_best_midpoint,0.08,0.0
59,24,8,equal,160,assignment_dependent,256,no_learning_half,quota,0.03125503875,0.00023834792827983213
59,24,8,equal,160,assignment_dependent,256,no_learning_half,harmonic_martingale,0.031026775625,0.00023813804298533596
59,24,8,equal,160,assignment_dependent,256,no_learning_half,weight_sensitive_product,0.014848331250000003,0.0001311018828759577
59,24,8,equal,160,assignment_dependent,256,no_learning_half,weight_sensitive_hybrid,0.031026775625,0.00023813804298533596
59,24,8,equal,160,assignment_dependent,256,no_learning_half,empirical_bernstein_fixed_forecast,0.0324451725,0.00026146972828828955
59,24,8,equal,160,assignment_dependent,256,empirical_best_midpoint,quota,-0.048744961249999996,0.00023834792827983213
59,24,8,equal,160,assignment_dependent,256,empirical_best_midpoint,harmonic_martingale,-0.048973224375,0.00023813804298533596
59,24,8,equal,160,assignment_dependent,256,empirical_best_midpoint,weight_sensitive_product,-0.06515166875,0.0001311018828759577
59,24,8,equal,160,assignment_dependent,256,empirical_best_midpoint,weight_sensitive_hybrid,-0.048973224375,0.00023813804298533596
59,24,8,equal,160,assignment_dependent,256,empirical_best_midpoint,empirical_bernstein_fixed_forecast,-0.0475548275,0.00026146972828828955
59,24,8,equal,160,assignment_dependent,256,quota,harmonic_martingale,-0.0002282631249999999,1.8301986019248723e-06
59,24,8,equal,160,assignment_dependent,256,quota,weight_sensitive_product,-0.0164067075,0.00011096104125081777
59,24,8,equal,160,assignment_dependent,256,quota,weight_sensitive_hybrid,-0.0002282631249999999,1.8301986019248723e-06
59,24,8,equal,160,assignment_dependent,256,quota,empirical_bernstein_fixed_forecast,0.0011901337500000002,2.7887623322052667e-05
59,24,8,equal,160,assignment_dependent,256,harmonic_martingale,weight_sensitive_product,-0.016178444375000003,0.00011081533614276833
59,24,8,equal,160,assignment_dependent,256,harmonic_martingale,weight_sensitive_hybrid,0.0,0.0
59,24,8,equal,160,assignment_dependent,256,harmonic_martingale,empirical_bernstein_fixed_forecast,0.0014183968750000001,2.8163312659587895e-05
59,24,8,equal,160,assignment_dependent,256,weight_sensitive_product,weight_sensitive_hybrid,0.016178444375000003,0.00011081533614276833
59,24,8,equal,160,assignment_dependent,256,weight_sensitive_product,empirical_bernstein_fixed_forecast,0.017596841250000002,0.000133983723929562
59,24,8,equal,160,assignment_dependent,256,weight_sensitive_hybrid,empirical_bernstein_fixed_forecast,0.0014183968750000001,2.8163312659587895e-05
60,24,8,concentrated,-160,complete,256,no_learning_half,empirical_best_midpoint,0.0775,0.001242625304369271
60,24,8,concentrated,-160,complete,256,no_learning_half,quota,0.01897348375,0.00046005977396841206
60,24,8,concentrated,-160,complete,256,no_learning_half,harmonic_martingale,0.012708308750000001,0.00019609037119148274
60,24,8,concentrated,-160,complete,256,no_learning_half,weight_sensitive_product,0.016417333750000002,0.00030759643144944815
60,24,8,concentrated,-160,complete,256,no_learning_half,weight_sensitive_hybrid,0.016417333750000002,0.00030759643144944815
60,24,8,concentrated,-160,complete,256,no_learning_half,empirical_bernstein_fixed_forecast,0.014654291250000003,0.00024722423436457586
60,24,8,concentrated,-160,complete,256,empirical_best_midpoint,quota,-0.058526516249999994,0.0012064194391963872
60,24,8,concentrated,-160,complete,256,empirical_best_midpoint,harmonic_martingale,-0.06479169125,0.001280061229903267
60,24,8,concentrated,-160,complete,256,empirical_best_midpoint,weight_sensitive_product,-0.06108266625,0.0012087716990907703
60,24,8,concentrated,-160,complete,256,empirical_best_midpoint,weight_sensitive_hybrid,-0.06108266625,0.0012087716990907703
60,24,8,concentrated,-160,complete,256,empirical_best_midpoint,empirical_bernstein_fixed_forecast,-0.06284570875,0.0012252946798420809
60,24,8,concentrated,-160,complete,256,quota,harmonic_martingale,-0.0062651749999999996,0.0005263560314738699
60,24,8,concentrated,-160,complete,256,quota,weight_sensitive_product,-0.0025561499999999997,0.00019505276402382338
60,24,8,concentrated,-160,complete,256,quota,weight_sensitive_hybrid,-0.0025561499999999997,0.00019505276402382338
60,24,8,concentrated,-160,complete,256,quota,empirical_bernstein_fixed_forecast,-0.004319192499999999,0.0003327176312539364
60,24,8,concentrated,-160,complete,256,harmonic_martingale,weight_sensitive_product,0.003709025,0.00035536506084878246
60,24,8,concentrated,-160,complete,256,harmonic_martingale,weight_sensitive_hybrid,0.003709025,0.00035536506084878246
60,24,8,concentrated,-160,complete,256,harmonic_martingale,empirical_bernstein_fixed_forecast,0.0019459825,0.00025101999667781916
60,24,8,concentrated,-160,complete,256,weight_sensitive_product,weight_sensitive_hybrid,0.0,0.0
60,24,8,concentrated,-160,complete,256,weight_sensitive_product,empirical_bernstein_fixed_forecast,-0.0017630425,0.00014277532759609266
60,24,8,concentrated,-160,complete,256,weight_sensitive_hybrid,empirical_bernstein_fixed_forecast,-0.0017630425,0.00014277532759609266
61,24,8,concentrated,-160,coarse_interval,256,no_learning_half,empirical_best_midpoint,0.079375,0.0006249999999999998
61,24,8,concentrated,-160,coarse_interval,256,no_learning_half,quota,0.014042350625000002,0.0002443176660075584
61,24,8,concentrated,-160,coarse_interval,256,no_learning_half,harmonic_martingale,0.011347465625,0.0001544265768265493
61,24,8,concentrated,-160,coarse_interval,256,no_learning_half,weight_sensitive_product,0.01260139,0.00018291950386579834
61,24,8,concentrated,-160,coarse_interval,256,no_learning_half,weight_sensitive_hybrid,0.01260139,0.00018291950386579834
61,24,8,concentrated,-160,coarse_interval,256,no_learning_half,empirical_bernstein_fixed_forecast,0.011857586875000001,0.00016473901498356675
61,24,8,concentrated,-160,coarse_interval,256,empirical_best_midpoint,quota,-0.065332649375,0.0006353448123848666
61,24,8,concentrated,-160,coarse_interval,256,empirical_best_midpoint,harmonic_martingale,-0.068027534375,0.0006432801137628298
61,24,8,concentrated,-160,coarse_interval,256,empirical_best_midpoint,weight_sensitive_product,-0.06677361,0.0006312627290833857
61,24,8,concentrated,-160,coarse_interval,256,empirical_best_midpoint,weight_sensitive_hybrid,-0.06677361,0.0006312627290833857
61,24,8,concentrated,-160,coarse_interval,256,empirical_best_midpoint,empirical_bernstein_fixed_forecast,-0.06751741312500001,0.0006361767601391056
61,24,8,concentrated,-160,coarse_interval,256,quota,harmonic_martingale,-0.002694885,0.0002510480208229447
61,24,8,concentrated,-160,coarse_interval,256,quota,weight_sensitive_product,-0.0014409606250000001,0.00012318492526979086
61,24,8,concentrated,-160,coarse_interval,256,quota,weight_sensitive_hybrid,-0.0014409606250000001,0.00012318492526979086
61,24,8,concentrated,-160,coarse_interval,256,quota,empirical_bernstein_fixed_forecast,-0.00218476375,0.00018849474752848474
61,24,8,concentrated,-160,coarse_interval,256,harmonic_martingale,weight_sensitive_product,0.0012539243750000002,0.0001503083483400349
61,24,8,concentrated,-160,coarse_interval,256,harmonic_martingale,weight_sensitive_hybrid,0.0012539243750000002,0.0001503083483400349
61,24,8,concentrated,-160,coarse_interval,256,harmonic_martingale,empirical_bernstein_fixed_forecast,0.0005101212500000003,9.243143096898515e-05
61,24,8,concentrated,-160,coarse_interval,256,weight_sensitive_product,weight_sensitive_hybrid,0.0,0.0
61,24,8,concentrated,-160,coarse_interval,256,weight_sensitive_product,empirical_bernstein_fixed_forecast,-0.0007438031250000001,7.560518159284584e-05
61,24,8,concentrated,-160,coarse_interval,256,weight_sensitive_hybrid,empirical_bernstein_fixed_forecast,-0.0007438031250000001,7.560518159284584e-05
62,24,8,concentrated,-160,assignment_dependent,256,no_learning_half,empirical_best_midpoint,-0.05499999999999999,0.003638034375544995
62,24,8,concentrated,-160,assignment_dependent,256,no_learning_half,quota,-0.004654409999999998,7.021129386554921e-05
62,24,8,concentrated,-160,assignment_dependent,256,no_learning_half,harmonic_martingale,-0.0043427681249999985,4.195546599664959e-05
62,24,8,concentrated,-160,assignment_dependent,256,no_learning_half,weight_sensitive_product,-0.004458999999999998,4.9420456112352346e-05
62,24,8,concentrated,-160,assignment_dependent,256,no_learning_half,weight_sensitive_hybrid,-0.004458999999999998,4.9420456112352346e-05
62,24,8,concentrated,-160,assignment_dependent,256,no_learning_half,empirical_bernstein_fixed_forecast,-0.004393437499999998,4.401763127112351e-05
62,24,8,concentrated,-160,assignment_dependent,256,empirical_best_midpoint,quota,0.05034559,0.003649080010071569
62,24,8,concentrated,-160,assignment_dependent,256,empirical_best_midpoint,harmonic_martingale,0.050657231875,0.0036570099542173307
62,24,8,concentrated,-160,assignment_dependent,256,empirical_best_midpoint,weight_sensitive_product,0.050541,0.003653985955347189
62,24,8,concentrated,-160,assignment_dependent,256,empirical_best_midpoint,weight_sensitive_hybrid,0.050541,0.003653985955347189
62,24,8,concentrated,-160,assignment_dependent,256,empirical_best_midpoint,empirical_bernstein_fixed_forecast,0.0506065625,0.0036556755770188005
62,24,8,concentrated,-160,assignment_dependent,256,quota,harmonic_martingale,0.00031164187500000006,6.914176717459158e-05
62,24,8,concentrated,-160,assignment_dependent,256,quota,weight_sensitive_product,0.00019540999999999987,3.743002269333437e-05
62,24,8,concentrated,-160,assignment_dependent,256,quota,weight_sensitive_hybrid,0.00019540999999999987,3.743002269333437e-05
62,24,8,concentrated,-160,assignment_dependent,256,quota,empirical_bernstein_fixed_forecast,0.00026097249999999995,5.336021478349008e-05
62,24,8,concentrated,-160,assignment_dependent,256,harmonic_martingale,weight_sensitive_product,-0.0001162318750000002,3.770351710509325e-05
62,24,8,concentrated,-160,assignment_dependent,256,harmonic_martingale,weight_sensitive_hybrid,-0.0001162318750000002,3.770351710509325e-05
62,24,8,concentrated,-160,assignment_dependent,256,harmonic_martingale,empirical_bernstein_fixed_forecast,-5.066937500000011e-05,2.318373716148841e-05
62,24,8,concentrated,-160,assignment_dependent,256,weight_sensitive_product,weight_sensitive_hybrid,0.0,0.0
62,24,8,concentrated,-160,assignment_dependent,256,weight_sensitive_product,empirical_bernstein_fixed_forecast,6.556250000000008e-05,1.889432100526506e-05
62,24,8,concentrated,-160,assignment_dependent,256,weight_sensitive_hybrid,empirical_bernstein_fixed_forecast,6.556250000000008e-05,1.889432100526506e-05
63,24,8,concentrated,0,complete,256,no_learning_half,empirical_best_midpoint,0.0,0.0
63,24,8,concentrated,0,complete,256,no_learning_half,quota,0.0,0.0
63,24,8,concentrated,0,complete,256,no_learning_half,harmonic_martingale,0.0,0.0
63,24,8,concentrated,0,complete,256,no_learning_half,weight_sensitive_product,0.0,0.0
63,24,8,concentrated,0,complete,256,no_learning_half,weight_sensitive_hybrid,0.0,0.0
63,24,8,concentrated,0,complete,256,no_learning_half,empirical_bernstein_fixed_forecast,0.0,0.0
63,24,8,concentrated,0,complete,256,empirical_best_midpoint,quota,0.0,0.0
63,24,8,concentrated,0,complete,256,empirical_best_midpoint,harmonic_martingale,0.0,0.0
63,24,8,concentrated,0,complete,256,empirical_best_midpoint,weight_sensitive_product,0.0,0.0
63,24,8,concentrated,0,complete,256,empirical_best_midpoint,weight_sensitive_hybrid,0.0,0.0
63,24,8,concentrated,0,complete,256,empirical_best_midpoint,empirical_bernstein_fixed_forecast,0.0,0.0
63,24,8,concentrated,0,complete,256,quota,harmonic_martingale,0.0,0.0
63,24,8,concentrated,0,complete,256,quota,weight_sensitive_product,0.0,0.0
63,24,8,concentrated,0,complete,256,quota,weight_sensitive_hybrid,0.0,0.0
63,24,8,concentrated,0,complete,256,quota,empirical_bernstein_fixed_forecast,0.0,0.0
63,24,8,concentrated,0,complete,256,harmonic_martingale,weight_sensitive_product,0.0,0.0
63,24,8,concentrated,0,complete,256,harmonic_martingale,weight_sensitive_hybrid,0.0,0.0
63,24,8,concentrated,0,complete,256,harmonic_martingale,empirical_bernstein_fixed_forecast,0.0,0.0
63,24,8,concentrated,0,complete,256,weight_sensitive_product,weight_sensitive_hybrid,0.0,0.0
63,24,8,concentrated,0,complete,256,weight_sensitive_product,empirical_bernstein_fixed_forecast,0.0,0.0
63,24,8,concentrated,0,complete,256,weight_sensitive_hybrid,empirical_bernstein_fixed_forecast,0.0,0.0
64,24,8,concentrated,0,coarse_interval,256,no_learning_half,empirical_best_midpoint,0.0,0.0
64,24,8,concentrated,0,coarse_interval,256,no_learning_half,quota,0.0,0.0
64,24,8,concentrated,0,coarse_interval,256,no_learning_half,harmonic_martingale,0.0,0.0
64,24,8,concentrated,0,coarse_interval,256,no_learning_half,weight_sensitive_product,0.0,0.0
64,24,8,concentrated,0,coarse_interval,256,no_learning_half,weight_sensitive_hybrid,0.0,0.0
64,24,8,concentrated,0,coarse_interval,256,no_learning_half,empirical_bernstein_fixed_forecast,0.0,0.0
64,24,8,concentrated,0,coarse_interval,256,empirical_best_midpoint,quota,0.0,0.0
64,24,8,concentrated,0,coarse_interval,256,empirical_best_midpoint,harmonic_martingale,0.0,0.0
64,24,8,concentrated,0,coarse_interval,256,empirical_best_midpoint,weight_sensitive_product,0.0,0.0
64,24,8,concentrated,0,coarse_interval,256,empirical_best_midpoint,weight_sensitive_hybrid,0.0,0.0
64,24,8,concentrated,0,coarse_interval,256,empirical_best_midpoint,empirical_bernstein_fixed_forecast,0.0,0.0
64,24,8,concentrated,0,coarse_interval,256,quota,harmonic_martingale,0.0,0.0
64,24,8,concentrated,0,coarse_interval,256,quota,weight_sensitive_product,0.0,0.0
64,24,8,concentrated,0,coarse_interval,256,quota,weight_sensitive_hybrid,0.0,0.0
64,24,8,concentrated,0,coarse_interval,256,quota,empirical_bernstein_fixed_forecast,0.0,0.0
64,24,8,concentrated,0,coarse_interval,256,harmonic_martingale,weight_sensitive_product,0.0,0.0
64,24,8,concentrated,0,coarse_interval,256,harmonic_martingale,weight_sensitive_hybrid,0.0,0.0
64,24,8,concentrated,0,coarse_interval,256,harmonic_martingale,empirical_bernstein_fixed_forecast,0.0,0.0
64,24,8,concentrated,0,coarse_interval,256,weight_sensitive_product,weight_sensitive_hybrid,0.0,0.0
64,24,8,concentrated,0,coarse_interval,256,weight_sensitive_product,empirical_bernstein_fixed_forecast,0.0,0.0
64,24,8,concentrated,0,coarse_interval,256,weight_sensitive_hybrid,empirical_bernstein_fixed_forecast,0.0,0.0
65,24,8,concentrated,0,assignment_dependent,256,no_learning_half,empirical_best_midpoint,0.0,0.0
65,24,8,concentrated,0,assignment_dependent,256,no_learning_half,quota,0.0,0.0
65,24,8,concentrated,0,assignment_dependent,256,no_learning_half,harmonic_martingale,0.0,0.0
65,24,8,concentrated,0,assignment_dependent,256,no_learning_half,weight_sensitive_product,0.0,0.0
65,24,8,concentrated,0,assignment_dependent,256,no_learning_half,weight_sensitive_hybrid,0.0,0.0
65,24,8,concentrated,0,assignment_dependent,256,no_learning_half,empirical_bernstein_fixed_forecast,0.0,0.0
65,24,8,concentrated,0,assignment_dependent,256,empirical_best_midpoint,quota,0.0,0.0
65,24,8,concentrated,0,assignment_dependent,256,empirical_best_midpoint,harmonic_martingale,0.0,0.0
65,24,8,concentrated,0,assignment_dependent,256,empirical_best_midpoint,weight_sensitive_product,0.0,0.0
65,24,8,concentrated,0,assignment_dependent,256,empirical_best_midpoint,weight_sensitive_hybrid,0.0,0.0
65,24,8,concentrated,0,assignment_dependent,256,empirical_best_midpoint,empirical_bernstein_fixed_forecast,0.0,0.0
65,24,8,concentrated,0,assignment_dependent,256,quota,harmonic_martingale,0.0,0.0
65,24,8,concentrated,0,assignment_dependent,256,quota,weight_sensitive_product,0.0,0.0
65,24,8,concentrated,0,assignment_dependent,256,quota,weight_sensitive_hybrid,0.0,0.0
65,24,8,concentrated,0,assignment_dependent,256,quota,empirical_bernstein_fixed_forecast,0.0,0.0
65,24,8,concentrated,0,assignment_dependent,256,harmonic_martingale,weight_sensitive_product,0.0,0.0
65,24,8,concentrated,0,assignment_dependent,256,harmonic_martingale,weight_sensitive_hybrid,0.0,0.0
65,24,8,concentrated,0,assignment_dependent,256,harmonic_martingale,empirical_bernstein_fixed_forecast,0.0,0.0
65,24,8,concentrated,0,assignment_dependent,256,weight_sensitive_product,weight_sensitive_hybrid,0.0,0.0
65,24,8,concentrated,0,assignment_dependent,256,weight_sensitive_product,empirical_bernstein_fixed_forecast,0.0,0.0
65,24,8,concentrated,0,assignment_dependent,256,weight_sensitive_hybrid,empirical_bernstein_fixed_forecast,0.0,0.0
66,24,8,concentrated,40,complete,256,no_learning_half,empirical_best_midpoint,0.0073437500000000005,0.0011649612228461915
66,24,8,concentrated,40,complete,256,no_learning_half,quota,0.0010949890625000004,9.206167666895652e-05
66,24,8,concentrated,40,complete,256,no_learning_half,harmonic_martingale,0.0008483481250000004,3.9218949855029405e-05
66,24,8,concentrated,40,complete,256,no_learning_half,weight_sensitive_product,0.0009621395312500004,5.918938430297957e-05
66,24,8,concentrated,40,complete,256,no_learning_half,weight_sensitive_hybrid,0.0009621395312500004,5.918938430297957e-05
66,24,8,concentrated,40,complete,256,no_learning_half,empirical_bernstein_fixed_forecast,0.0008989009375000004,4.716217048440916e-05
66,24,8,concentrated,40,complete,256,empirical_best_midpoint,quota,-0.006248760937499999,0.0011066287616925085
66,24,8,concentrated,40,complete,256,empirical_best_midpoint,harmonic_martingale,-0.006495401875,0.0011563764969032496
66,24,8,concentrated,40,complete,256,empirical_best_midpoint,weight_sensitive_product,-0.00638161046875,0.0011377739562750723
66,24,8,concentrated,40,complete,256,empirical_best_midpoint,weight_sensitive_hybrid,-0.00638161046875,0.0011377739562750723
66,24,8,concentrated,40,complete,256,empirical_best_midpoint,empirical_bernstein_fixed_forecast,-0.006444849062499999,0.0011501288630100736
66,24,8,concentrated,40,complete,256,quota,harmonic_martingale,-0.00024664093749999995,8.048308372648257e-05
66,24,8,concentrated,40,complete,256,quota,weight_sensitive_product,-0.00013284953124999995,4.383850725050489e-05
66,24,8,concentrated,40,complete,256,quota,weight_sensitive_hybrid,-0.00013284953124999995,4.383850725050489e-05
66,24,8,concentrated,40,complete,256,quota,empirical_bernstein_fixed_forecast,-0.00019608812499999988,6.492947996605765e-05
66,24,8,concentrated,40,complete,256,harmonic_martingale,weight_sensitive_product,0.00011379140624999997,4.188998804910906e-05
66,24,8,concentrated,40,complete,256,harmonic_martingale,weight_sensitive_hybrid,0.00011379140624999997,4.188998804910906e-05
66,24,8,concentrated,40,complete,256,harmonic_martingale,empirical_bernstein_fixed_forecast,5.0552812500000046e-05,2.3354856143502277e-05
66,24,8,concentrated,40,complete,256,weight_sensitive_product,weight_sensitive_hybrid,0.0,0.0
66,24,8,concentrated,40,complete,256,weight_sensitive_product,empirical_bernstein_fixed_forecast,-6.323859374999992e-05,2.4683460729711012e-05
66,24,8,concentrated,40,complete,256,weight_sensitive_hybrid,empirical_bernstein_fixed_forecast,-6.323859374999992e-05,2.4683460729711012e-05
67,24,8,concentrated,40,coarse_interval,256,no_learning_half,empirical_best_midpoint,0.0036718750000000002,0.0012286687104092484
67,24,8,concentrated,40,coarse_interval,256,no_learning_half,quota,0.0005013367187500005,4.7420286681212355e-05
67,24,8,concentrated,40,coarse_interval,256,no_learning_half,harmonic_martingale,0.00045207953125000046,3.255112426033674e-05
67,24,8,concentrated,40,coarse_interval,256,no_learning_half,weight_sensitive_product,0.00048383281250000056,3.5608993179231946e-05
67,24,8,concentrated,40,coarse_interval,256,no_learning_half,weight_sensitive_hybrid,0.00048383281250000056,3.5608993179231946e-05
67,24,8,concentrated,40,coarse_interval,256,no_learning_half,empirical_bernstein_fixed_forecast,0.0004729045312500005,3.353035106243985e-05
67,24,8,concentrated,40,coarse_interval,256,empirical_best_midpoint,quota,-0.0031705382812499995,0.0012053956653768514
67,24,8,concentrated,40,coarse_interval,256,empirical_best_midpoint,harmonic_martingale,-0.003219795468749999,0.001221563553029715
67,24,8,concentrated,40,coarse_interval,256,empirical_best_midpoint,weight_sensitive_product,-0.0031880421874999998,0.00121732193013036
67,24,8,concentrated,40,coarse_interval,256,empirical_best_midpoint,weight_sensitive_hybrid,-0.0031880421874999998,0.00121732193013036
67,24,8,concentrated,40,coarse_interval,256,empirical_best_midpoint,empirical_bernstein_fixed_forecast,-0.0031989704687499995,0.0012200741305323627
67,24,8,concentrated,40,coarse_interval,256,quota,harmonic_martingale,-4.925718749999996e-05,3.552472022379324e-05
67,24,8,concentrated,40,coarse_interval,256,quota,weight_sensitive_product,-1.7503906249999914e-05,2.272337003988567e-05
67,24,8,concentrated,40,coarse_interval,256,quota,weight_sensitive_hybrid,-1.7503906249999914e-05,2.272337003988567e-05
67,24,8,concentrated,40,coarse_interval,256,quota,empirical_bernstein_fixed_forecast,-2.843218749999997e-05,2.9900399953155913e-05
67,24,8,concentrated,40,coarse_interval,256,harmonic_martingale,weight_sensitive_product,3.175328125000005e-05,1.667488811863673e-05
67,24,8,concentrated,40,coarse_interval,256,harmonic_martingale,weight_sensitive_hybrid,3.175328125000005e-05,1.667488811863673e-05
67,24,8,concentrated,40,coarse_interval,256,harmonic_martingale,empirical_bernstein_fixed_forecast,2.082499999999999e-05,9.390198018334302e-06
67,24,8,concentrated,40,coarse_interval,256,weight_sensitive_product,weight_sensitive_hybrid,0.0,0.0
67,24,8,concentrated,40,coarse_interval,256,weight_sensitive_product,empirical_bernstein_fixed_forecast,-1.0928281250000056e-05,9.541543663939613e-06
67,24,8,concentrated,40,coarse_interval,256,weight_sensitive_hybrid,empirical_bernstein_fixed_forecast,-1.0928281250000056e-05,9.541543663939613e-06
68,24,8,concentrated,40,assignment_dependent,256,no_learning_half,empirical_best_midpoint,0.01859375,0.00046133846593044754
68,24,8,concentrated,40,assignment_dependent,256,no_learning_half,quota,0.0021062668750000003,2.8093382522924337e-05
68,24,8,concentrated,40,assignment_dependent,256,no_learning_half,harmonic_martingale,0.002008740312500001,1.9895764139280797e-05
68,24,8,concentrated,40,assignment_dependent,256,no_learning_half,weight_sensitive_product,0.002033247500000001,2.229629266037426e-05
68,24,8,concentrated,40,assignment_dependent,256,no_learning_half,weight_sensitive_hybrid,0.002033247500000001,2.229629266037426e-05
68,24,8,concentrated,40,assignment_dependent,256,no_learning_half,empirical_bernstein_fixed_forecast,0.0020189367187500007,2.0637900112080437e-05
68,24,8,concentrated,40,assignment_dependent,256,empirical_best_midpoint,quota,-0.016487483125,0.00045882866030824167
68,24,8,concentrated,40,assignment_dependent,256,empirical_best_midpoint,harmonic_martingale,-0.0165850096875,0.00045963799000576936
68,24,8,concentrated,40,assignment_dependent,256,empirical_best_midpoint,weight_sensitive_product,-0.0165605025,0.0004594540948017795
68,24,8,concentrated,40,assignment_dependent,256,empirical_best_midpoint,weight_sensitive_hybrid,-0.0165605025,0.0004594540948017795
68,24,8,concentrated,40,assignment_dependent,256,empirical_best_midpoint,empirical_bernstein_fixed_forecast,-0.01657481328125,0.00045954836849219975
68,24,8,concentrated,40,assignment_dependent,256,quota,harmonic_martingale,-9.752656249999998e-05,1.8651133155075777e-05
68,24,8,concentrated,40,assignment_dependent,256,quota,weight_sensitive_product,-7.301937499999998e-05,1.1786112761130191e-05
68,24,8,concentrated,40,assignment_dependent,256,quota,weight_sensitive_hybrid,-7.301937499999998e-05,1.1786112761130191e-05
68,24,8,concentrated,40,assignment_dependent,256,quota,empirical_bernstein_fixed_forecast,-8.733015624999998e-05,1.535291907041613e-05
68,24,8,concentrated,40,assignment_dependent,256,harmonic_martingale,weight_sensitive_product,2.4507187499999997e-05,9.012074797201377e-06
68,24,8,concentrated,40,assignment_dependent,256,harmonic_martingale,weight_sensitive_hybrid,2.4507187499999997e-05,9.012074797201377e-06
68,24,8,concentrated,40,assignment_dependent,256,harmonic_martingale,empirical_bernstein_fixed_forecast,1.0196406249999998e-05,4.852377754856206e-06
68,24,8,concentrated,40,assignment_dependent,256,weight_sensitive_product,weight_sensitive_hybrid,0.0,0.0
68,24,8,concentrated,40,assignment_dependent,256,weight_sensitive_product,empirical_bernstein_fixed_forecast,-1.4310781249999999e-05,4.7963284553935846e-06
68,24,8,concentrated,40,assignment_dependent,256,weight_sensitive_hybrid,empirical_bernstein_fixed_forecast,-1.4310781249999999e-05,4.7963284553935846e-06
69,24,8,concentrated,160,complete,256,no_learning_half,empirical_best_midpoint,0.0675,0.002688938853314211
69,24,8,concentrated,160,complete,256,no_learning_half,quota,0.017430340000000002,0.0005402175844935801
69,24,8,concentrated,160,complete,256,no_learning_half,harmonic_martingale,0.012769058125000001,0.00016895915758330688
69,24,8,concentrated,160,complete,256,no_learning_half,weight_sensitive_product,0.014054984375000003,0.00030036026630519047
69,24,8,concentrated,160,complete,256,no_learning_half,weight_sensitive_hybrid,0.014054984375000003,0.00030036026630519047
69,24,8,concentrated,160,complete,256,no_learning_half,empirical_bernstein_fixed_forecast,0.013106829375000002,0.00020078864913954372
69,24,8,concentrated,160,complete,256,empirical_best_midpoint,quota,-0.05006966,0.002551627112441985
69,24,8,concentrated,160,complete,256,empirical_best_midpoint,harmonic_martingale,-0.054730941874999994,0.0026524800692954687
69,24,8,concentrated,160,complete,256,empirical_best_midpoint,weight_sensitive_product,-0.05344501562500001,0.0026245514608133095
69,24,8,concentrated,160,complete,256,empirical_best_midpoint,weight_sensitive_hybrid,-0.05344501562500001,0.0026245514608133095
69,24,8,concentrated,160,complete,256,empirical_best_midpoint,empirical_bernstein_fixed_forecast,-0.054393170625,0.002646471766251146
69,24,8,concentrated,160,complete,256,quota,harmonic_martingale,-0.004661281875,0.0004508460095624864
69,24,8,concentrated,160,complete,256,quota,weight_sensitive_product,-0.0033753556250000006,0.0002834320885460431
69,24,8,concentrated,160,complete,256,quota,weight_sensitive_hybrid,-0.0033753556250000006,0.0002834320885460431
69,24,8,concentrated,160,complete,256,quota,empirical_bernstein_fixed_forecast,-0.004323510625,0.00039975601201974417
69,24,8,concentrated,160,complete,256,harmonic_martingale,weight_sensitive_product,0.0012859262499999996,0.0002027166214642648
69,24,8,concentrated,160,complete,256,harmonic_martingale,weight_sensitive_hybrid,0.0012859262499999996,0.0002027166214642648
69,24,8,concentrated,160,complete,256,harmonic_martingale,empirical_bernstein_fixed_forecast,0.0003377712499999999,7.597310425209537e-05
69,24,8,concentrated,160,complete,256,weight_sensitive_product,weight_sensitive_hybrid,0.0,0.0
69,24,8,concentrated,160,complete,256,weight_sensitive_product,empirical_bernstein_fixed_forecast,-0.0009481549999999998,0.0001400672132462434
69,24,8,concentrated,160,complete,256,weight_sensitive_hybrid,empirical_bernstein_fixed_forecast,-0.0009481549999999998,0.0001400672132462434
70,24,8,concentrated,160,coarse_interval,256,no_learning_half,empirical_best_midpoint,0.059375,0.0033575255682088963
70,24,8,concentrated,160,coarse_interval,256,no_learning_half,quota,0.010848655625000002,0.00021879770425952525
70,24,8,concentrated,160,coarse_interval,256,no_learning_half,harmonic_martingale,0.010159404375,0.00013163384875391316
70,24,8,concentrated,160,coarse_interval,256,no_learning_half,weight_sensitive_product,0.010329563750000003,0.00014799360601829324
70,24,8,concentrated,160,coarse_interval,256,no_learning_half,weight_sensitive_hybrid,0.010329563750000003,0.00014799360601829324
70,24,8,concentrated,160,coarse_interval,256,no_learning_half,empirical_bernstein_fixed_forecast,0.010223979375000001,0.00013723655498951666
70,24,8,concentrated,160,coarse_interval,256,empirical_best_midpoint,quota,-0.048526344375,0.0032812831071677337
70,24,8,concentrated,160,coarse_interval,256,empirical_best_midpoint,harmonic_martingale,-0.049215595625,0.003312533210734815
70,24,8,concentrated,160,coarse_interval,256,empirical_best_midpoint,weight_sensitive_product,-0.049045436250000005,0.0033089427893448977
70,24,8,concentrated,160,coarse_interval,256,empirical_best_midpoint,weight_sensitive_hybrid,-0.049045436250000005,0.0033089427893448977
70,24,8,concentrated,160,coarse_interval,256,empirical_best_midpoint,empirical_bernstein_fixed_forecast,-0.049151020625,0.0033111835826825386
70,24,8,concentrated,160,coarse_interval,256,quota,harmonic_martingale,-0.00068925125,0.00014280127099139758
70,24,8,concentrated,160,coarse_interval,256,quota,weight_sensitive_product,-0.0005190918750000001,0.00010420914298469142
70,24,8,concentrated,160,coarse_interval,256,quota,weight_sensitive_hybrid,-0.0005190918750000001,0.00010420914298469142
70,24,8,concentrated,160,coarse_interval,256,quota,empirical_bernstein_fixed_forecast,-0.0006246762500000001,0.0001264419730150746
70,24,8,concentrated,160,coarse_interval,256,harmonic_martingale,weight_sensitive_product,0.00017015937499999988,4.891692674679599e-05
70,24,8,concentrated,160,coarse_interval,256,harmonic_martingale,weight_sensitive_hybrid,0.00017015937499999988,4.891692674679599e-05
70,24,8,concentrated,160,coarse_interval,256,harmonic_martingale,empirical_bernstein_fixed_forecast,6.457499999999993e-05,2.270253756007609e-05
70,24,8,concentrated,160,coarse_interval,256,weight_sensitive_product,weight_sensitive_hybrid,0.0,0.0
70,24,8,concentrated,160,coarse_interval,256,weight_sensitive_product,empirical_bernstein_fixed_forecast,-0.00010558437499999995,2.9121860305791512e-05
70,24,8,concentrated,160,coarse_interval,256,weight_sensitive_hybrid,empirical_bernstein_fixed_forecast,-0.00010558437499999995,2.9121860305791512e-05
71,24,8,concentrated,160,assignment_dependent,256,no_learning_half,empirical_best_midpoint,0.0775,0.0012426253043692711
71,24,8,concentrated,160,assignment_dependent,256,no_learning_half,quota,0.013625045000000002,0.00018964206236471163
71,24,8,concentrated,160,assignment_dependent,256,no_learning_half,harmonic_martingale,0.013102451875,0.00012353218758146673
71,24,8,concentrated,160,assignment_dependent,256,no_learning_half,weight_sensitive_product,0.013244085625000002,0.0001392385306146221
71,24,8,concentrated,160,assignment_dependent,256,no_learning_half,weight_sensitive_hybrid,0.013244085625000002,0.0001392385306146221
71,24,8,concentrated,160,assignment_dependent,256,no_learning_half,empirical_bernstein_fixed_forecast,0.013149177500000001,0.00012767386525592168
71,24,8,concentrated,160,assignment_dependent,256,empirical_best_midpoint,quota,-0.063874955,0.0012263825707572481
71,24,8,concentrated,160,assignment_dependent,256,empirical_best_midpoint,harmonic_martingale,-0.06439754812500001,0.0012388611024931825
71,24,8,concentrated,160,assignment_dependent,256,empirical_best_midpoint,weight_sensitive_product,-0.064255914375,0.0012348154594504861
71,24,8,concentrated,160,assignment_dependent,256,empirical_best_midpoint,weight_sensitive_hybrid,-0.064255914375,0.0012348154594504861
71,24,8,concentrated,160,assignment_dependent,256,empirical_best_midpoint,empirical_bernstein_fixed_forecast,-0.06435082249999999,0.0012385411556749982
71,24,8,concentrated,160,assignment_dependent,256,quota,harmonic_martingale,-0.000522593125,0.00011427554076214784
71,24,8,concentrated,160,assignment_dependent,256,quota,weight_sensitive_product,-0.00038095937499999996,7.510546433997968e-05
71,24,8,concentrated,160,assignment_dependent,256,quota,weight_sensitive_hybrid,-0.00038095937499999996,7.510546433997968e-05
71,24,8,concentrated,160,assignment_dependent,256,quota,empirical_bernstein_fixed_forecast,-0.0004758675000000001,0.00010096998415261544
71,24,8,concentrated,160,assignment_dependent,256,harmonic_martingale,weight_sensitive_product,0.00014163375000000007,4.382098787428447e-05
71,24,8,concentrated,160,assignment_dependent,256,harmonic_martingale,weight_sensitive_hybrid,0.00014163375000000007,4.382098787428447e-05
71,24,8,concentrated,160,assignment_dependent,256,harmonic_martingale,empirical_bernstein_fixed_forecast,4.6725624999999926e-05,1.578501206075786e-05
71,24,8,concentrated,160,assignment_dependent,256,weight_sensitive_product,weight_sensitive_hybrid,0.0,0.0
71,24,8,concentrated,160,assignment_dependent,256,weight_sensitive_product,empirical_bernstein_fixed_forecast,-9.490812500000014e-05,2.9500887119196057e-05
71,24,8,concentrated,160,assignment_dependent,256,weight_sensitive_hybrid,empirical_bernstein_fixed_forecast,-9.490812500000014e-05,2.9500887119196057e-05
72,24,32,equal,-160,complete,256,no_learning_half,empirical_best_midpoint,0.08,0.0
72,24,32,equal,-160,complete,256,no_learning_half,quota,0.08,0.0
72,24,32,equal,-160,complete,256,no_learning_half,harmonic_martingale,0.08,0.0
72,24,32,equal,-160,complete,256,no_learning_half,weight_sensitive_product,0.059962125000000005,0.0002547729421574988
72,24,32,equal,-160,complete,256,no_learning_half,weight_sensitive_hybrid,0.08,0.0
72,24,32,equal,-160,complete,256,no_learning_half,empirical_bernstein_fixed_forecast,0.08,0.0
72,24,32,equal,-160,complete,256,empirical_best_midpoint,quota,0.0,0.0
72,24,32,equal,-160,complete,256,empirical_best_midpoint,harmonic_martingale,0.0,0.0
72,24,32,equal,-160,complete,256,empirical_best_midpoint,weight_sensitive_product,-0.020037875000000004,0.00025477294215749883
72,24,32,equal,-160,complete,256,empirical_best_midpoint,weight_sensitive_hybrid,0.0,0.0
72,24,32,equal,-160,complete,256,empirical_best_midpoint,empirical_bernstein_fixed_forecast,0.0,0.0
72,24,32,equal,-160,complete,256,quota,harmonic_martingale,0.0,0.0
72,24,32,equal,-160,complete,256,quota,weight_sensitive_product,-0.020037875000000004,0.00025477294215749883
72,24,32,equal,-160,complete,256,quota,weight_sensitive_hybrid,0.0,0.0
72,24,32,equal,-160,complete,256,quota,empirical_bernstein_fixed_forecast,0.0,0.0
72,24,32,equal,-160,complete,256,harmonic_martingale,weight_sensitive_product,-0.020037875000000004,0.00025477294215749883
72,24,32,equal,-160,complete,256,harmonic_martingale,weight_sensitive_hybrid,0.0,0.0
72,24,32,equal,-160,complete,256,harmonic_martingale,empirical_bernstein_fixed_forecast,0.0,0.0
72,24,32,equal,-160,complete,256,weight_sensitive_product,weight_sensitive_hybrid,0.020037875000000004,0.00025477294215749883
72,24,32,equal,-160,complete,256,weight_sensitive_product,empirical_bernstein_fixed_forecast,0.020037875000000004,0.00025477294215749883
72,24,32,equal,-160,complete,256,weight_sensitive_hybrid,empirical_bernstein_fixed_forecast,0.0,0.0
73,24,32,equal,-160,coarse_interval,256,no_learning_half,empirical_best_midpoint,0.08,0.0
73,24,32,equal,-160,coarse_interval,256,no_learning_half,quota,0.043368420625,0.0001645474929161744
73,24,32,equal,-160,coarse_interval,256,no_learning_half,harmonic_martingale,0.043201526875,0.00016391432294488885
73,24,32,equal,-160,coarse_interval,256,no_learning_half,weight_sensitive_product,0.031808405,0.0001150839025246108
73,24,32,equal,-160,coarse_interval,256,no_learning_half,weight_sensitive_hybrid,0.043201526875,0.00016391432294488885
73,24,32,equal,-160,coarse_interval,256,no_learning_half,empirical_bernstein_fixed_forecast,0.052325950625,0.00019362881789005082
73,24,32,equal,-160,coarse_interval,256,empirical_best_midpoint,quota,-0.036631579375,0.0001645474929161744
73,24,32,equal,-160,coarse_interval,256,empirical_best_midpoint,harmonic_martingale,-0.036798473125,0.00016391432294488885
73,24,32,equal,-160,coarse_interval,256,empirical_best_midpoint,weight_sensitive_product,-0.048191595000000004,0.0001150839025246108
73,24,32,equal,-160,coarse_interval,256,empirical_best_midpoint,weight_sensitive_hybrid,-0.036798473125,0.00016391432294488885
73,24,32,equal,-160,coarse_interval,256,empirical_best_midpoint,empirical_bernstein_fixed_forecast,-0.027674049375000002,0.00019362881789005082
73,24,32,equal,-160,coarse_interval,256,quota,harmonic_martingale,-0.00016689374999999943,6.331824720348453e-07
73,24,32,equal,-160,coarse_interval,256,quota,weight_sensitive_product,-0.011560015625,4.954925441974268e-05
73,24,32,equal,-160,coarse_interval,256,quota,weight_sensitive_hybrid,-0.00016689374999999943,6.331824720348453e-07
73,24,32,equal,-160,coarse_interval,256,quota,empirical_bernstein_fixed_forecast,0.008957530000000002,2.9317799512161443e-05
73,24,32,equal,-160,coarse_interval,256,harmonic_martingale,weight_sensitive_product,-0.011393121875,4.8916860676228865e-05
73,24,32,equal,-160,coarse_interval,256,harmonic_martingale,weight_sensitive_hybrid,0.0,0.0
73,24,32,equal,-160,coarse_interval,256,harmonic_martingale,empirical_bernstein_fixed_forecast,0.00912442375,2.994503745825383e-05
73,24,32,equal,-160,coarse_interval,256,weight_sensitive_product,weight_sensitive_hybrid,0.011393121875,4.8916860676228865e-05
73,24,32,equal,-160,coarse_interval,256,weight_sensitive_product,empirical_bernstein_fixed_forecast,0.020517545625,7.863350579430736e-05
73,24,32,equal,-160,coarse_interval,256,weight_sensitive_hybrid,empirical_bernstein_fixed_forecast,0.00912442375,2.994503745825383e-05
74,24,32,equal,-160,assignment_dependent,256,no_learning_half,empirical_best_midpoint,-0.08,0.0
74,24,32,equal,-160,assignment_dependent,256,no_learning_half,quota,-0.010126553125,3.4303001586652135e-05
74,24,32,equal,-160,assignment_dependent,256,no_learning_half,harmonic_martingale,-0.010118271249999998,3.426824617307086e-05
74,24,32,equal,-160,assignment_dependent,256,no_learning_half,weight_sensitive_product,-0.009370286249999998,3.53507841586453e-05
74,24,32,equal,-160,assignment_dependent,256,no_learning_half,weight_sensitive_hybrid,-0.010118271249999998,3.426824617307086e-05
74,24,32,equal,-160,assignment_dependent,256,no_learning_half,empirical_bernstein_fixed_forecast,-0.010270248124999997,3.5473197196601236e-05
74,24,32,equal,-160,assignment_dependent,256,empirical_best_midpoint,quota,0.069873446875,3.4303001586652135e-05
74,24,32,equal,-160,assignment_dependent,256,empirical_best_midpoint,harmonic_martingale,0.06988172875000001,3.426824617307086e-05
74,24,32,equal,-160,assignment_dependent,256,empirical_best_midpoint,weight_sensitive_product,0.07062971374999999,3.53507841586453e-05
74,24,32,equal,-160,assignment_dependent,256,empirical_best_midpoint,weight_sensitive_hybrid,0.06988172875000001,3.426824617307086e-05
74,24,32,equal,-160,assignment_dependent,256,empirical_best_midpoint,empirical_bernstein_fixed_forecast,0.06972975187500002,3.5473197196601236e-05
74,24,32,equal,-160,assignment_dependent,256,quota,harmonic_martingale,8.28187500000058e-06,3.5294085733234556e-08
74,24,32,equal,-160,assignment_dependent,256,quota,weight_sensitive_product,0.0007562668750000003,5.5008795295805715e-06
74,24,32,equal,-160,assignment_dependent,256,quota,weight_sensitive_hybrid,8.28187500000058e-06,3.5294085733234556e-08
74,24,32,equal,-160,assignment_dependent,256,quota,empirical_bernstein_fixed_forecast,-0.00014369499999999962,1.375103810697982e-06
74,24,32,equal,-160,assignment_dependent,256,harmonic_martingale,weight_sensitive_product,0.0007479849999999997,5.508130879374058e-06
74,24,32,equal,-160,assignment_dependent,256,harmonic_martingale,weight_sensitive_hybrid,0.0,0.0
74,24,32,equal,-160,assignment_dependent,256,harmonic_martingale,empirical_bernstein_fixed_forecast,-0.0001519768750000002,1.4062732912014636e-06
74,24,32,equal,-160,assignment_dependent,256,weight_sensitive_product,weight_sensitive_hybrid,-0.0007479849999999997,5.508130879374058e-06
74,24,32,equal,-160,assignment_dependent,256,weight_sensitive_product,empirical_bernstein_fixed_forecast,-0.0008999618749999999,5.103439918899937e-06
74,24,32,equal,-160,assignment_dependent,256,weight_sensitive_hybrid,empirical_bernstein_fixed_forecast,-0.0001519768750000002,1.4062732912014636e-06
75,24,32,equal,0,complete,256,no_learning_half,empirical_best_midpoint,0.0,0.0
75,24,32,equal,0,complete,256,no_learning_half,quota,0.0,0.0
75,24,32,equal,0,complete,256,no_learning_half,harmonic_martingale,0.0,0.0
75,24,32,equal,0,complete,256,no_learning_half,weight_sensitive_product,0.0,0.0
75,24,32,equal,0,complete,256,no_learning_half,weight_sensitive_hybrid,0.0,0.0
75,24,32,equal,0,complete,256,no_learning_half,empirical_bernstein_fixed_forecast,0.0,0.0
75,24,32,equal,0,complete,256,empirical_best_midpoint,quota,0.0,0.0
75,24,32,equal,0,complete,256,empirical_best_midpoint,harmonic_martingale,0.0,0.0
75,24,32,equal,0,complete,256,empirical_best_midpoint,weight_sensitive_product,0.0,0.0
75,24,32,equal,0,complete,256,empirical_best_midpoint,weight_sensitive_hybrid,0.0,0.0
75,24,32,equal,0,complete,256,empirical_best_midpoint,empirical_bernstein_fixed_forecast,0.0,0.0
75,24,32,equal,0,complete,256,quota,harmonic_martingale,0.0,0.0
75,24,32,equal,0,complete,256,quota,weight_sensitive_product,0.0,0.0
75,24,32,equal,0,complete,256,quota,weight_sensitive_hybrid,0.0,0.0
75,24,32,equal,0,complete,256,quota,empirical_bernstein_fixed_forecast,0.0,0.0
75,24,32,equal,0,complete,256,harmonic_martingale,weight_sensitive_product,0.0,0.0
75,24,32,equal,0,complete,256,harmonic_martingale,weight_sensitive_hybrid,0.0,0.0
75,24,32,equal,0,complete,256,harmonic_martingale,empirical_bernstein_fixed_forecast,0.0,0.0
75,24,32,equal,0,complete,256,weight_sensitive_product,weight_sensitive_hybrid,0.0,0.0
75,24,32,equal,0,complete,256,weight_sensitive_product,empirical_bernstein_fixed_forecast,0.0,0.0
75,24,32,equal,0,complete,256,weight_sensitive_hybrid,empirical_bernstein_fixed_forecast,0.0,0.0
76,24,32,equal,0,coarse_interval,256,no_learning_half,empirical_best_midpoint,0.0,0.0
76,24,32,equal,0,coarse_interval,256,no_learning_half,quota,0.0,0.0
76,24,32,equal,0,coarse_interval,256,no_learning_half,harmonic_martingale,0.0,0.0
76,24,32,equal,0,coarse_interval,256,no_learning_half,weight_sensitive_product,0.0,0.0
76,24,32,equal,0,coarse_interval,256,no_learning_half,weight_sensitive_hybrid,0.0,0.0
76,24,32,equal,0,coarse_interval,256,no_learning_half,empirical_bernstein_fixed_forecast,0.0,0.0
76,24,32,equal,0,coarse_interval,256,empirical_best_midpoint,quota,0.0,0.0
76,24,32,equal,0,coarse_interval,256,empirical_best_midpoint,harmonic_martingale,0.0,0.0
76,24,32,equal,0,coarse_interval,256,empirical_best_midpoint,weight_sensitive_product,0.0,0.0
76,24,32,equal,0,coarse_interval,256,empirical_best_midpoint,weight_sensitive_hybrid,0.0,0.0
76,24,32,equal,0,coarse_interval,256,empirical_best_midpoint,empirical_bernstein_fixed_forecast,0.0,0.0
76,24,32,equal,0,coarse_interval,256,quota,harmonic_martingale,0.0,0.0
76,24,32,equal,0,coarse_interval,256,quota,weight_sensitive_product,0.0,0.0
76,24,32,equal,0,coarse_interval,256,quota,weight_sensitive_hybrid,0.0,0.0
76,24,32,equal,0,coarse_interval,256,quota,empirical_bernstein_fixed_forecast,0.0,0.0
76,24,32,equal,0,coarse_interval,256,harmonic_martingale,weight_sensitive_product,0.0,0.0
76,24,32,equal,0,coarse_interval,256,harmonic_martingale,weight_sensitive_hybrid,0.0,0.0
76,24,32,equal,0,coarse_interval,256,harmonic_martingale,empirical_bernstein_fixed_forecast,0.0,0.0
76,24,32,equal,0,coarse_interval,256,weight_sensitive_product,weight_sensitive_hybrid,0.0,0.0
76,24,32,equal,0,coarse_interval,256,weight_sensitive_product,empirical_bernstein_fixed_forecast,0.0,0.0
76,24,32,equal,0,coarse_interval,256,weight_sensitive_hybrid,empirical_bernstein_fixed_forecast,0.0,0.0
77,24,32,equal,0,assignment_dependent,256,no_learning_half,empirical_best_midpoint,0.0,0.0
77,24,32,equal,0,assignment_dependent,256,no_learning_half,quota,0.0,0.0
77,24,32,equal,0,assignment_dependent,256,no_learning_half,harmonic_martingale,0.0,0.0
77,24,32,equal,0,assignment_dependent,256,no_learning_half,weight_sensitive_product,0.0,0.0
77,24,32,equal,0,assignment_dependent,256,no_learning_half,weight_sensitive_hybrid,0.0,0.0
77,24,32,equal,0,assignment_dependent,256,no_learning_half,empirical_bernstein_fixed_forecast,0.0,0.0
77,24,32,equal,0,assignment_dependent,256,empirical_best_midpoint,quota,0.0,0.0
77,24,32,equal,0,assignment_dependent,256,empirical_best_midpoint,harmonic_martingale,0.0,0.0
77,24,32,equal,0,assignment_dependent,256,empirical_best_midpoint,weight_sensitive_product,0.0,0.0
77,24,32,equal,0,assignment_dependent,256,empirical_best_midpoint,weight_sensitive_hybrid,0.0,0.0
77,24,32,equal,0,assignment_dependent,256,empirical_best_midpoint,empirical_bernstein_fixed_forecast,0.0,0.0
77,24,32,equal,0,assignment_dependent,256,quota,harmonic_martingale,0.0,0.0
77,24,32,equal,0,assignment_dependent,256,quota,weight_sensitive_product,0.0,0.0
77,24,32,equal,0,assignment_dependent,256,quota,weight_sensitive_hybrid,0.0,0.0
77,24,32,equal,0,assignment_dependent,256,quota,empirical_bernstein_fixed_forecast,0.0,0.0
77,24,32,equal,0,assignment_dependent,256,harmonic_martingale,weight_sensitive_product,0.0,0.0
77,24,32,equal,0,assignment_dependent,256,harmonic_martingale,weight_sensitive_hybrid,0.0,0.0
77,24,32,equal,0,assignment_dependent,256,harmonic_martingale,empirical_bernstein_fixed_forecast,0.0,0.0
77,24,32,equal,0,assignment_dependent,256,weight_sensitive_product,weight_sensitive_hybrid,0.0,0.0
77,24,32,equal,0,assignment_dependent,256,weight_sensitive_product,empirical_bernstein_fixed_forecast,0.0,0.0
77,24,32,equal,0,assignment_dependent,256,weight_sensitive_hybrid,empirical_bernstein_fixed_forecast,0.0,0.0
78,24,32,equal,40,complete,256,no_learning_half,empirical_best_midpoint,0.02,0.0
78,24,32,equal,40,complete,256,no_learning_half,quota,0.007161901406250001,0.00012325761221507916
78,24,32,equal,40,complete,256,no_learning_half,harmonic_martingale,0.00708432796875,0.00012192252846651289
78,24,32,equal,40,complete,256,no_learning_half,weight_sensitive_product,0.00365813609375,6.295714294878298e-05
78,24,32,equal,40,complete,256,no_learning_half,weight_sensitive_hybrid,0.00708432796875,0.00012192252846651289
78,24,32,equal,40,complete,256,no_learning_half,empirical_bernstein_fixed_forecast,0.01446897484375,0.00022870708782515763
78,24,32,equal,40,complete,256,empirical_best_midpoint,quota,-0.01283809859375,0.00012325761221507916
78,24,32,equal,40,complete,256,empirical_best_midpoint,harmonic_martingale,-0.01291567203125,0.00012192252846651288
78,24,32,equal,40,complete,256,empirical_best_midpoint,weight_sensitive_product,-0.01634186390625,6.295714294878298e-05
78,24,32,equal,40,complete,256,empirical_best_midpoint,weight_sensitive_hybrid,-0.01291567203125,0.00012192252846651288
78,24,32,equal,40,complete,256,empirical_best_midpoint,empirical_bernstein_fixed_forecast,-0.00553102515625,0.00022870708782515763
78,24,32,equal,40,complete,256,quota,harmonic_martingale,-7.757343750000002e-05,1.3350841303205126e-06
78,24,32,equal,40,complete,256,quota,weight_sensitive_product,-0.0035037653125,6.0300469277082595e-05
78,24,32,equal,40,complete,256,quota,weight_sensitive_hybrid,-7.757343750000002e-05,1.3350841303205126e-06
78,24,32,equal,40,complete,256,quota,empirical_bernstein_fixed_forecast,0.0073070734375000005,0.00011062277029137788
78,24,32,equal,40,complete,256,harmonic_martingale,weight_sensitive_product,-0.003426191875,5.896538552892238e-05
78,24,32,equal,40,complete,256,harmonic_martingale,weight_sensitive_hybrid,0.0,0.0
78,24,32,equal,40,complete,256,harmonic_martingale,empirical_bernstein_fixed_forecast,0.0073846468749999995,0.00011184204723763259
78,24,32,equal,40,complete,256,weight_sensitive_product,weight_sensitive_hybrid,0.003426191875,5.896538552892238e-05
78,24,32,equal,40,complete,256,weight_sensitive_product,empirical_bernstein_fixed_forecast,0.01081083875,0.00016746339511070375
78,24,32,equal,40,complete,256,weight_sensitive_hybrid,empirical_bernstein_fixed_forecast,0.0073846468749999995,0.00011184204723763259
79,24,32,equal,40,coarse_interval,256,no_learning_half,empirical_best_midpoint,0.02,0.0
79,24,32,equal,40,coarse_interval,256,no_learning_half,quota,0.0021051923437500003,4.1570062981841175e-05
79,24,32,equal,40,coarse_interval,256,no_learning_half,harmonic_martingale,0.0020970889062500004,4.1410091747507335e-05
79,24,32,equal,40,coarse_interval,256,no_learning_half,weight_sensitive_product,0.0015734898437500004,3.107090239318557e-05
79,24,32,equal,40,coarse_interval,256,no_learning_half,weight_sensitive_hybrid,0.0020970889062500004,4.1410091747507335e-05
79,24,32,equal,40,coarse_interval,256,no_learning_half,empirical_bernstein_fixed_forecast,0.002619243125000001,5.182715485868404e-05
79,24,32,equal,40,coarse_interval,256,empirical_best_midpoint,quota,-0.017894807656249997,4.1570062981841175e-05
79,24,32,equal,40,coarse_interval,256,empirical_best_midpoint,harmonic_martingale,-0.01790291109375,4.1410091747507335e-05
79,24,32,equal,40,coarse_interval,256,empirical_best_midpoint,weight_sensitive_product,-0.01842651015625,3.107090239318557e-05
79,24,32,equal,40,coarse_interval,256,empirical_best_midpoint,weight_sensitive_hybrid,-0.01790291109375,4.1410091747507335e-05
79,24,32,equal,40,coarse_interval,256,empirical_best_midpoint,empirical_bernstein_fixed_forecast,-0.017380756875,5.182715485868404e-05
79,24,32,equal,40,coarse_interval,256,quota,harmonic_martingale,-8.103437500000027e-06,1.5997442422540227e-07
79,24,32,equal,40,coarse_interval,256,quota,weight_sensitive_product,-0.0005317025000000001,1.0499160637552756e-05
79,24,32,equal,40,coarse_interval,256,quota,weight_sensitive_hybrid,-8.103437500000027e-06,1.5997442422540227e-07
79,24,32,equal,40,coarse_interval,256,quota,empirical_bernstein_fixed_forecast,0.0005140507812500001,1.0301239017903577e-05
79,24,32,equal,40,coarse_interval,256,harmonic_martingale,weight_sensitive_product,-0.0005235990625,1.0339189395184445e-05
79,24,32,equal,40,coarse_interval,256,harmonic_martingale,weight_sensitive_hybrid,0.0,0.0
79,24,32,equal,40,coarse_interval,256,harmonic_martingale,empirical_bernstein_fixed_forecast,0.0005221542187500001,1.046037094163381e-05
79,24,32,equal,40,coarse_interval,256,weight_sensitive_product,weight_sensitive_hybrid,0.0005235990625,1.0339189395184445e-05
79,24,32,equal,40,coarse_interval,256,weight_sensitive_product,empirical_bernstein_fixed_forecast,0.0010457532812500002,2.077258977062938e-05
79,24,32,equal,40,coarse_interval,256,weight_sensitive_hybrid,empirical_bernstein_fixed_forecast,0.0005221542187500001,1.046037094163381e-05
80,24,32,equal,40,assignment_dependent,256,no_learning_half,empirical_best_midpoint,0.02,0.0
80,24,32,equal,40,assignment_dependent,256,no_learning_half,quota,0.0053127503125000005,2.3634032467215187e-05
80,24,32,equal,40,assignment_dependent,256,no_learning_half,harmonic_martingale,0.005301484843750001,2.3562408858327964e-05
80,24,32,equal,40,assignment_dependent,256,no_learning_half,weight_sensitive_product,0.00428598890625,2.172348157970628e-05
80,24,32,equal,40,assignment_dependent,256,no_learning_half,weight_sensitive_hybrid,0.005301484843750001,2.3562408858327964e-05
80,24,32,equal,40,assignment_dependent,256,no_learning_half,empirical_bernstein_fixed_forecast,0.00547138203125,2.5596528486731455e-05
80,24,32,equal,40,assignment_dependent,256,empirical_best_midpoint,quota,-0.0146872496875,2.3634032467215187e-05
80,24,32,equal,40,assignment_dependent,256,empirical_best_midpoint,harmonic_martingale,-0.014698515156250001,2.356240885832796e-05
80,24,32,equal,40,assignment_dependent,256,empirical_best_midpoint,weight_sensitive_product,-0.01571401109375,2.172348157970628e-05
80,24,32,equal,40,assignment_dependent,256,empirical_best_midpoint,weight_sensitive_hybrid,-0.014698515156250001,2.356240885832796e-05
80,24,32,equal,40,assignment_dependent,256,empirical_best_midpoint,empirical_bernstein_fixed_forecast,-0.014528617968750001,2.5596528486731455e-05
80,24,32,equal,40,assignment_dependent,256,quota,harmonic_martingale,-1.1265468749999965e-05,7.187666704694757e-08
80,24,32,equal,40,assignment_dependent,256,quota,weight_sensitive_product,-0.00102676140625,2.491850239238694e-06
80,24,32,equal,40,assignment_dependent,256,quota,weight_sensitive_hybrid,-1.1265468749999965e-05,7.187666704694757e-08
80,24,32,equal,40,assignment_dependent,256,quota,empirical_bernstein_fixed_forecast,0.00015863171875000006,2.0672304458759474e-06
80,24,32,equal,40,assignment_dependent,256,harmonic_martingale,weight_sensitive_product,-0.0010154959374999999,2.4372858244737627e-06
80,24,32,equal,40,assignment_dependent,256,harmonic_martingale,weight_sensitive_hybrid,0.0,0.0
80,24,32,equal,40,assignment_dependent,256,harmonic_martingale,empirical_bernstein_fixed_forecast,0.0001698971875,2.1362934201141255e-06
80,24,32,equal,40,assignment_dependent,256,weight_sensitive_product,weight_sensitive_hybrid,0.0010154959374999999,2.4372858244737627e-06
80,24,32,equal,40,assignment_dependent,256,weight_sensitive_product,empirical_bernstein_fixed_forecast,0.0011853931249999998,4.193223555360818e-06
80,24,32,equal,40,assignment_dependent,256,weight_sensitive_hybrid,empirical_bernstein_fixed_forecast,0.0001698971875,2.1362934201141255e-06
81,24,32,equal,160,complete,256,no_learning_half,empirical_best_midpoint,0.08,0.0
81,24,32,equal,160,complete,256,no_learning_half,quota,0.08,0.0
81,24,32,equal,160,complete,256,no_learning_half,harmonic_martingale,0.08,0.0
81,24,32,equal,160,complete,256,no_learning_half,weight_sensitive_product,0.059884428125,0.0002501967693762446
81,24,32,equal,160,complete,256,no_learning_half,weight_sensitive_hybrid,0.08,0.0
81,24,32,equal,160,complete,256,no_learning_half,empirical_bernstein_fixed_forecast,0.08,0.0
81,24,32,equal,160,complete,256,empirical_best_midpoint,quota,0.0,0.0
81,24,32,equal,160,complete,256,empirical_best_midpoint,harmonic_martingale,0.0,0.0
81,24,32,equal,160,complete,256,empirical_best_midpoint,weight_sensitive_product,-0.020115571875000002,0.0002501967693762446
81,24,32,equal,160,complete,256,empirical_best_midpoint,weight_sensitive_hybrid,0.0,0.0
81,24,32,equal,160,complete,256,empirical_best_midpoint,empirical_bernstein_fixed_forecast,0.0,0.0
81,24,32,equal,160,complete,256,quota,harmonic_martingale,0.0,0.0
81,24,32,equal,160,complete,256,quota,weight_sensitive_product,-0.020115571875000002,0.0002501967693762446
81,24,32,equal,160,complete,256,quota,weight_sensitive_hybrid,0.0,0.0
81,24,32,equal,160,complete,256,quota,empirical_bernstein_fixed_forecast,0.0,0.0
81,24,32,equal,160,complete,256,harmonic_martingale,weight_sensitive_product,-0.020115571875000002,0.0002501967693762446
81,24,32,equal,160,complete,256,harmonic_martingale,weight_sensitive_hybrid,0.0,0.0
81,24,32,equal,160,complete,256,harmonic_martingale,empirical_bernstein_fixed_forecast,0.0,0.0
81,24,32,equal,160,complete,256,weight_sensitive_product,weight_sensitive_hybrid,0.020115571875000002,0.0002501967693762446
81,24,32,equal,160,complete,256,weight_sensitive_product,empirical_bernstein_fixed_forecast,0.020115571875000002,0.0002501967693762446
81,24,32,equal,160,complete,256,weight_sensitive_hybrid,empirical_bernstein_fixed_forecast,0.0,0.0
82,24,32,equal,160,coarse_interval,256,no_learning_half,empirical_best_midpoint,0.08,0.0
82,24,32,equal,160,coarse_interval,256,no_learning_half,quota,0.039378720625,0.00019164132825692088
82,24,32,equal,160,coarse_interval,256,no_learning_half,harmonic_martingale,0.039227183124999995,0.00019090373066759286
82,24,32,equal,160,coarse_interval,256,no_learning_half,weight_sensitive_product,0.029432966875,0.00014323899719100673
82,24,32,equal,160,coarse_interval,256,no_learning_half,weight_sensitive_hybrid,0.039227183124999995,0.00019090373066759286
82,24,32,equal,160,coarse_interval,256,no_learning_half,empirical_bernstein_fixed_forecast,0.048480481875,0.00023214266170084902
82,24,32,equal,160,coarse_interval,256,empirical_best_midpoint,quota,-0.040621279375,0.00019164132825692088
82,24,32,equal,160,coarse_interval,256,empirical_best_midpoint,harmonic_martingale,-0.040772816875,0.00019090373066759286
82,24,32,equal,160,coarse_interval,256,empirical_best_midpoint,weight_sensitive_product,-0.050567033125,0.00014323899719100673
82,24,32,equal,160,coarse_interval,256,empirical_best_midpoint,weight_sensitive_hybrid,-0.040772816875,0.00019090373066759286
82,24,32,equal,160,coarse_interval,256,empirical_best_midpoint,empirical_bernstein_fixed_forecast,-0.031519518125,0.00023214266170084902
82,24,32,equal,160,coarse_interval,256,quota,harmonic_martingale,-0.00015153750000000007,7.376089982597296e-07
82,24,32,equal,160,coarse_interval,256,quota,weight_sensitive_product,-0.009945753750000001,4.8402331241901314e-05
82,24,32,equal,160,coarse_interval,256,quota,weight_sensitive_hybrid,-0.00015153750000000007,7.376089982597296e-07
82,24,32,equal,160,coarse_interval,256,quota,empirical_bernstein_fixed_forecast,0.00910176125,4.067481139903188e-05
82,24,32,equal,160,coarse_interval,256,harmonic_martingale,weight_sensitive_product,-0.00979421625,4.7664733632926086e-05
82,24,32,equal,160,coarse_interval,256,harmonic_martingale,weight_sensitive_hybrid,0.0,0.0
82,24,32,equal,160,coarse_interval,256,harmonic_martingale,empirical_bernstein_fixed_forecast,0.00925329875,4.140865093135318e-05
82,24,32,equal,160,coarse_interval,256,weight_sensitive_product,weight_sensitive_hybrid,0.00979421625,4.7664733632926086e-05
82,24,32,equal,160,coarse_interval,256,weight_sensitive_product,empirical_bernstein_fixed_forecast,0.019047515,8.896282889279006e-05
82,24,32,equal,160,coarse_interval,256,weight_sensitive_hybrid,empirical_bernstein_fixed_forecast,0.00925329875,4.140865093135318e-05
83,24,32,equal,160,assignment_dependent,256,no_learning_half,empirical_best_midpoint,0.08,0.0
83,24,32,equal,160,assignment_dependent,256,no_learning_half,quota,0.039600661875,0.00016098552933655413
83,24,32,equal,160,assignment_dependent,256,no_learning_half,harmonic_martingale,0.039494594375,0.00016034042030872278
83,24,32,equal,160,assignment_dependent,256,no_learning_half,weight_sensitive_product,0.031995001875,0.0001216211800125014
83,24,32,equal,160,assignment_dependent,256,no_learning_half,weight_sensitive_hybrid,0.039494594375,0.00016034042030872278
83,24,32,equal,160,assignment_dependent,256,no_learning_half,empirical_bernstein_fixed_forecast,0.041790488125,0.0001806796266728573
83,24,32,equal,160,assignment_dependent,256,empirical_best_midpoint,quota,-0.040399338125,0.00016098552933655413
83,24,32,equal,160,assignment_dependent,256,empirical_best_midpoint,harmonic_martingale,-0.040505405625,0.0001603404203087228
83,24,32,equal,160,assignment_dependent,256,empirical_best_midpoint,weight_sensitive_product,-0.048004998125000004,0.0001216211800125014
83,24,32,equal,160,assignment_dependent,256,empirical_best_midpoint,weight_sensitive_hybrid,-0.040505405625,0.0001603404203087228
83,24,32,equal,160,assignment_dependent,256,empirical_best_midpoint,empirical_bernstein_fixed_forecast,-0.038209511875000005,0.0001806796266728573
83,24,32,equal,160,assignment_dependent,256,quota,harmonic_martingale,-0.00010606749999999984,6.464868673127294e-07
83,24,32,equal,160,assignment_dependent,256,quota,weight_sensitive_product,-0.00760566,3.981438589155394e-05
83,24,32,equal,160,assignment_dependent,256,quota,weight_sensitive_hybrid,-0.00010606749999999984,6.464868673127294e-07
83,24,32,equal,160,assignment_dependent,256,quota,empirical_bernstein_fixed_forecast,0.0021898262500000005,2.0320959218804218e-05
83,24,32,equal,160,assignment_dependent,256,harmonic_martingale,weight_sensitive_product,-0.0074995925,3.917279669060824e-05
83,24,32,equal,160,assignment_dependent,256,harmonic_martingale,weight_sensitive_hybrid,0.0,0.0
83,24,32,equal,160,assignment_dependent,256,harmonic_martingale,empirical_bernstein_fixed_forecast,0.00229589375,2.0949953428834698e-05
83,24,32,equal,160,assignment_dependent,256,weight_sensitive_product,weight_sensitive_hybrid,0.0074995925,3.917279669060824e-05
83,24,32,equal,160,assignment_dependent,256,weight_sensitive_product,empirical_bernstein_fixed_forecast,0.009795486249999999,5.964991925971026e-05
83,24,32,equal,160,assignment_dependent,256,weight_sensitive_hybrid,empirical_bernstein_fixed_forecast,0.00229589375,2.0949953428834698e-05
84,24,32,concentrated,-160,complete,256,no_learning_half,empirical_best_midpoint,0.08,0.0
84,24,32,concentrated,-160,complete,256,no_learning_half,quota,0.040678082500000004,0.0006505176001868947
84,24,32,concentrated,-160,complete,256,no_learning_half,harmonic_martingale,0.012781201875000002,9.513151968529292e-05
84,24,32,concentrated,-160,complete,256,no_learning_half,weight_sensitive_product,0.035265720625,0.0005855253361392476
84,24,32,concentrated,-160,complete,256,no_learning_half,weight_sensitive_hybrid,0.035265720625,0.0005855253361392476
84,24,32,concentrated,-160,complete,256,no_learning_half,empirical_bernstein_fixed_forecast,0.052851991875000004,0.0008139456464823584
84,24,32,concentrated,-160,complete,256,empirical_best_midpoint,quota,-0.0393219175,0.0006505176001868947
84,24,32,concentrated,-160,complete,256,empirical_best_midpoint,harmonic_martingale,-0.06721879812499999,9.513151968529292e-05
84,24,32,concentrated,-160,complete,256,empirical_best_midpoint,weight_sensitive_product,-0.044734279375000005,0.0005855253361392476
84,24,32,concentrated,-160,complete,256,empirical_best_midpoint,weight_sensitive_hybrid,-0.044734279375000005,0.0005855253361392476
84,24,32,concentrated,-160,complete,256,empirical_best_midpoint,empirical_bernstein_fixed_forecast,-0.027148008124999998,0.0008139456464823585
84,24,32,concentrated,-160,complete,256,quota,harmonic_martingale,-0.027896880625,0.0006570924647608498
84,24,32,concentrated,-160,complete,256,quota,weight_sensitive_product,-0.0054123618750000005,6.589161818059108e-05
84,24,32,concentrated,-160,complete,256,quota,weight_sensitive_hybrid,-0.0054123618750000005,6.589161818059108e-05
84,24,32,concentrated,-160,complete,256,quota,empirical_bernstein_fixed_forecast,0.012173909375,0.00018331748464031302
84,24,32,concentrated,-160,complete,256,harmonic_martingale,weight_sensitive_product,0.02248451875,0.0005927969046593609
84,24,32,concentrated,-160,complete,256,harmonic_martingale,weight_sensitive_hybrid,0.02248451875,0.0005927969046593609
84,24,32,concentrated,-160,complete,256,harmonic_martingale,empirical_bernstein_fixed_forecast,0.04007079,0.0008203107292247107
84,24,32,concentrated,-160,complete,256,weight_sensitive_product,weight_sensitive_hybrid,0.0,0.0
84,24,32,concentrated,-160,complete,256,weight_sensitive_product,empirical_bernstein_fixed_forecast,0.01758627125,0.00024252324273350433
84,24,32,concentrated,-160,complete,256,weight_sensitive_hybrid,empirical_bernstein_fixed_forecast,0.01758627125,0.00024252324273350433
85,24,32,concentrated,-160,coarse_interval,256,no_learning_half,empirical_best_midpoint,0.08,0.0
85,24,32,concentrated,-160,coarse_interval,256,no_learning_half,quota,0.024219206875000003,0.00036509510154475027
85,24,32,concentrated,-160,coarse_interval,256,no_learning_half,harmonic_martingale,0.011410393750000001,8.637962591933623e-05
85,24,32,concentrated,-160,coarse_interval,256,no_learning_half,weight_sensitive_product,0.02149667625,0.0003318838522966114
85,24,32,concentrated,-160,coarse_interval,256,no_learning_half,weight_sensitive_hybrid,0.02149667625,0.0003318838522966114
85,24,32,concentrated,-160,coarse_interval,256,no_learning_half,empirical_bernstein_fixed_forecast,0.031603438750000004,0.0004361813296981529
85,24,32,concentrated,-160,coarse_interval,256,empirical_best_midpoint,quota,-0.05578079312499999,0.00036509510154475027
85,24,32,concentrated,-160,coarse_interval,256,empirical_best_midpoint,harmonic_martingale,-0.06858960625,8.637962591933624e-05
85,24,32,concentrated,-160,coarse_interval,256,empirical_best_midpoint,weight_sensitive_product,-0.05850332375,0.0003318838522966114
85,24,32,concentrated,-160,coarse_interval,256,empirical_best_midpoint,weight_sensitive_hybrid,-0.05850332375,0.0003318838522966114
85,24,32,concentrated,-160,coarse_interval,256,empirical_best_midpoint,empirical_bernstein_fixed_forecast,-0.04839656125,0.0004361813296981529
85,24,32,concentrated,-160,coarse_interval,256,quota,harmonic_martingale,-0.012808813125,0.0003772245746487525
85,24,32,concentrated,-160,coarse_interval,256,quota,weight_sensitive_product,-0.0027225306250000005,3.5673884116937195e-05
85,24,32,concentrated,-160,coarse_interval,256,quota,weight_sensitive_hybrid,-0.0027225306250000005,3.5673884116937195e-05
85,24,32,concentrated,-160,coarse_interval,256,quota,empirical_bernstein_fixed_forecast,0.007384231875,8.002816977407502e-05
85,24,32,concentrated,-160,coarse_interval,256,harmonic_martingale,weight_sensitive_product,0.0100862825,0.00034422142343460847
85,24,32,concentrated,-160,coarse_interval,256,harmonic_martingale,weight_sensitive_hybrid,0.0100862825,0.00034422142343460847
85,24,32,concentrated,-160,coarse_interval,256,harmonic_martingale,empirical_bernstein_fixed_forecast,0.020193045,0.00044636233172199255
85,24,32,concentrated,-160,coarse_interval,256,weight_sensitive_product,weight_sensitive_hybrid,0.0,0.0
85,24,32,concentrated,-160,coarse_interval,256,weight_sensitive_product,empirical_bernstein_fixed_forecast,0.010106762499999998,0.00011137810379370521
85,24,32,concentrated,-160,coarse_interval,256,weight_sensitive_hybrid,empirical_bernstein_fixed_forecast,0.010106762499999998,0.00011137810379370521
86,24,32,concentrated,-160,assignment_dependent,256,no_learning_half,empirical_best_midpoint,-0.076875,0.0013865380431484883
86,24,32,concentrated,-160,assignment_dependent,256,no_learning_half,quota,-0.006285403124999998,0.000105743774012992
86,24,32,concentrated,-160,assignment_dependent,256,no_learning_half,harmonic_martingale,-0.004363339374999999,2.4301193924886464e-05
86,24,32,concentrated,-160,assignment_dependent,256,no_learning_half,weight_sensitive_product,-0.005595141874999998,8.843820599544121e-05
86,24,32,concentrated,-160,assignment_dependent,256,no_learning_half,weight_sensitive_hybrid,-0.005595141874999998,8.843820599544121e-05
86,24,32,concentrated,-160,assignment_dependent,256,no_learning_half,empirical_bernstein_fixed_forecast,-0.006182247499999998,0.0001304575477662798
86,24,32,concentrated,-160,assignment_dependent,256,empirical_best_midpoint,quota,0.07058959687500001,0.0013748382445077452
86,24,32,concentrated,-160,assignment_dependent,256,empirical_best_midpoint,harmonic_martingale,0.072511660625,0.0013880556208171403
86,24,32,concentrated,-160,assignment_dependent,256,empirical_best_midpoint,weight_sensitive_product,0.07127985812500001,0.0013797601012460374
86,24,32,concentrated,-160,assignment_dependent,256,empirical_best_midpoint,weight_sensitive_hybrid,0.07127985812500001,0.0013797601012460374
86,24,32,concentrated,-160,assignment_dependent,256,empirical_best_midpoint,empirical_bernstein_fixed_forecast,0.07069275250000001,0.0013778255345405443
86,24,32,concentrated,-160,assignment_dependent,256,quota,harmonic_martingale,0.0019220637500000004,0.0001086702980134729
86,24,32,concentrated,-160,assignment_dependent,256,quota,weight_sensitive_product,0.0006902612500000005,2.562886263176332e-05
86,24,32,concentrated,-160,assignment_dependent,256,quota,weight_sensitive_hybrid,0.0006902612500000005,2.562886263176332e-05
86,24,32,concentrated,-160,assignment_dependent,256,quota,empirical_bernstein_fixed_forecast,0.00010315562500000055,4.6150106516600394e-05
86,24,32,concentrated,-160,assignment_dependent,256,harmonic_martingale,weight_sensitive_product,-0.0012318025,9.062179284264189e-05
86,24,32,concentrated,-160,assignment_dependent,256,harmonic_martingale,weight_sensitive_hybrid,-0.0012318025,9.062179284264189e-05
86,24,32,concentrated,-160,assignment_dependent,256,harmonic_martingale,empirical_bernstein_fixed_forecast,-0.0018189081249999997,0.00013176215839436265
86,24,32,concentrated,-160,assignment_dependent,256,weight_sensitive_product,weight_sensitive_hybrid,0.0,0.0
86,24,32,concentrated,-160,assignment_dependent,256,weight_sensitive_product,empirical_bernstein_fixed_forecast,-0.000587105625,5.310156206828199e-05
86,24,32,concentrated,-160,assignment_dependent,256,weight_sensitive_hybrid,empirical_bernstein_fixed_forecast,-0.000587105625,5.310156206828199e-05
87,24,32,concentrated,0,complete,256,no_learning_half,empirical_best_midpoint,0.0,0.0
87,24,32,concentrated,0,complete,256,no_learning_half,quota,0.0,0.0
87,24,32,concentrated,0,complete,256,no_learning_half,harmonic_martingale,0.0,0.0
87,24,32,concentrated,0,complete,256,no_learning_half,weight_sensitive_product,0.0,0.0
87,24,32,concentrated,0,complete,256,no_learning_half,weight_sensitive_hybrid,0.0,0.0
87,24,32,concentrated,0,complete,256,no_learning_half,empirical_bernstein_fixed_forecast,0.0,0.0
87,24,32,concentrated,0,complete,256,empirical_best_midpoint,quota,0.0,0.0
87,24,32,concentrated,0,complete,256,empirical_best_midpoint,harmonic_martingale,0.0,0.0
87,24,32,concentrated,0,complete,256,empirical_best_midpoint,weight_sensitive_product,0.0,0.0
87,24,32,concentrated,0,complete,256,empirical_best_midpoint,weight_sensitive_hybrid,0.0,0.0
87,24,32,concentrated,0,complete,256,empirical_best_midpoint,empirical_bernstein_fixed_forecast,0.0,0.0
87,24,32,concentrated,0,complete,256,quota,harmonic_martingale,0.0,0.0
87,24,32,concentrated,0,complete,256,quota,weight_sensitive_product,0.0,0.0
87,24,32,concentrated,0,complete,256,quota,weight_sensitive_hybrid,0.0,0.0
87,24,32,concentrated,0,complete,256,quota,empirical_bernstein_fixed_forecast,0.0,0.0
87,24,32,concentrated,0,complete,256,harmonic_martingale,weight_sensitive_product,0.0,0.0
87,24,32,concentrated,0,complete,256,harmonic_martingale,weight_sensitive_hybrid,0.0,0.0
87,24,32,concentrated,0,complete,256,harmonic_martingale,empirical_bernstein_fixed_forecast,0.0,0.0
87,24,32,concentrated,0,complete,256,weight_sensitive_product,weight_sensitive_hybrid,0.0,0.0
87,24,32,concentrated,0,complete,256,weight_sensitive_product,empirical_bernstein_fixed_forecast,0.0,0.0
87,24,32,concentrated,0,complete,256,weight_sensitive_hybrid,empirical_bernstein_fixed_forecast,0.0,0.0
88,24,32,concentrated,0,coarse_interval,256,no_learning_half,empirical_best_midpoint,0.0,0.0
88,24,32,concentrated,0,coarse_interval,256,no_learning_half,quota,0.0,0.0
88,24,32,concentrated,0,coarse_interval,256,no_learning_half,harmonic_martingale,0.0,0.0
88,24,32,concentrated,0,coarse_interval,256,no_learning_half,weight_sensitive_product,0.0,0.0
88,24,32,concentrated,0,coarse_interval,256,no_learning_half,weight_sensitive_hybrid,0.0,0.0
88,24,32,concentrated,0,coarse_interval,256,no_learning_half,empirical_bernstein_fixed_forecast,0.0,0.0
88,24,32,concentrated,0,coarse_interval,256,empirical_best_midpoint,quota,0.0,0.0
88,24,32,concentrated,0,coarse_interval,256,empirical_best_midpoint,harmonic_martingale,0.0,0.0
88,24,32,concentrated,0,coarse_interval,256,empirical_best_midpoint,weight_sensitive_product,0.0,0.0
88,24,32,concentrated,0,coarse_interval,256,empirical_best_midpoint,weight_sensitive_hybrid,0.0,0.0
88,24,32,concentrated,0,coarse_interval,256,empirical_best_midpoint,empirical_bernstein_fixed_forecast,0.0,0.0
88,24,32,concentrated,0,coarse_interval,256,quota,harmonic_martingale,0.0,0.0
88,24,32,concentrated,0,coarse_interval,256,quota,weight_sensitive_product,0.0,0.0
88,24,32,concentrated,0,coarse_interval,256,quota,weight_sensitive_hybrid,0.0,0.0
88,24,32,concentrated,0,coarse_interval,256,quota,empirical_bernstein_fixed_forecast,0.0,0.0
88,24,32,concentrated,0,coarse_interval,256,harmonic_martingale,weight_sensitive_product,0.0,0.0
88,24,32,concentrated,0,coarse_interval,256,harmonic_martingale,weight_sensitive_hybrid,0.0,0.0
88,24,32,concentrated,0,coarse_interval,256,harmonic_martingale,empirical_bernstein_fixed_forecast,0.0,0.0
88,24,32,concentrated,0,coarse_interval,256,weight_sensitive_product,weight_sensitive_hybrid,0.0,0.0
88,24,32,concentrated,0,coarse_interval,256,weight_sensitive_product,empirical_bernstein_fixed_forecast,0.0,0.0
88,24,32,concentrated,0,coarse_interval,256,weight_sensitive_hybrid,empirical_bernstein_fixed_forecast,0.0,0.0
89,24,32,concentrated,0,assignment_dependent,256,no_learning_half,empirical_best_midpoint,0.0,0.0
89,24,32,concentrated,0,assignment_dependent,256,no_learning_half,quota,0.0,0.0
89,24,32,concentrated,0,assignment_dependent,256,no_learning_half,harmonic_martingale,0.0,0.0
89,24,32,concentrated,0,assignment_dependent,256,no_learning_half,weight_sensitive_product,0.0,0.0
89,24,32,concentrated,0,assignment_dependent,256,no_learning_half,weight_sensitive_hybrid,0.0,0.0
89,24,32,concentrated,0,assignment_dependent,256,no_learning_half,empirical_bernstein_fixed_forecast,0.0,0.0
89,24,32,concentrated,0,assignment_dependent,256,empirical_best_midpoint,quota,0.0,0.0
89,24,32,concentrated,0,assignment_dependent,256,empirical_best_midpoint,harmonic_martingale,0.0,0.0
89,24,32,concentrated,0,assignment_dependent,256,empirical_best_midpoint,weight_sensitive_product,0.0,0.0
89,24,32,concentrated,0,assignment_dependent,256,empirical_best_midpoint,weight_sensitive_hybrid,0.0,0.0
89,24,32,concentrated,0,assignment_dependent,256,empirical_best_midpoint,empirical_bernstein_fixed_forecast,0.0,0.0
89,24,32,concentrated,0,assignment_dependent,256,quota,harmonic_martingale,0.0,0.0
89,24,32,concentrated,0,assignment_dependent,256,quota,weight_sensitive_product,0.0,0.0
89,24,32,concentrated,0,assignment_dependent,256,quota,weight_sensitive_hybrid,0.0,0.0
89,24,32,concentrated,0,assignment_dependent,256,quota,empirical_bernstein_fixed_forecast,0.0,0.0
89,24,32,concentrated,0,assignment_dependent,256,harmonic_martingale,weight_sensitive_product,0.0,0.0
89,24,32,concentrated,0,assignment_dependent,256,harmonic_martingale,weight_sensitive_hybrid,0.0,0.0
89,24,32,concentrated,0,assignment_dependent,256,harmonic_martingale,empirical_bernstein_fixed_forecast,0.0,0.0
89,24,32,concentrated,0,assignment_dependent,256,weight_sensitive_product,weight_sensitive_hybrid,0.0,0.0
89,24,32,concentrated,0,assignment_dependent,256,weight_sensitive_product,empirical_bernstein_fixed_forecast,0.0,0.0
89,24,32,concentrated,0,assignment_dependent,256,weight_sensitive_hybrid,empirical_bernstein_fixed_forecast,0.0,0.0
90,24,32,concentrated,40,complete,256,no_learning_half,empirical_best_midpoint,0.01140625,0.00102879610003206
90,24,32,concentrated,40,complete,256,no_learning_half,quota,0.0027830907812500002,0.00021020884846108023
90,24,32,concentrated,40,complete,256,no_learning_half,harmonic_martingale,0.0008190234375000005,2.0886810027860542e-05
90,24,32,concentrated,40,complete,256,no_learning_half,weight_sensitive_product,0.0024889512500000004,0.00018739038345003912
90,24,32,concentrated,40,complete,256,no_learning_half,weight_sensitive_hybrid,0.0024889512500000004,0.00018739038345003912
90,24,32,concentrated,40,complete,256,no_learning_half,empirical_bernstein_fixed_forecast,0.0033698354687500005,0.0002553596133082982
90,24,32,concentrated,40,complete,256,empirical_best_midpoint,quota,-0.008623159218749999,0.0008952109060898325
90,24,32,concentrated,40,complete,256,empirical_best_midpoint,harmonic_martingale,-0.0105872265625,0.0010236073113622207
90,24,32,concentrated,40,complete,256,empirical_best_midpoint,weight_sensitive_product,-0.00891729875,0.0009078243784974915
90,24,32,concentrated,40,complete,256,empirical_best_midpoint,weight_sensitive_hybrid,-0.00891729875,0.0009078243784974915
90,24,32,concentrated,40,complete,256,empirical_best_midpoint,empirical_bernstein_fixed_forecast,-0.008036414531250001,0.0008702401111213449
90,24,32,concentrated,40,complete,256,quota,harmonic_martingale,-0.00196406734375,0.00020511435310478014
90,24,32,concentrated,40,complete,256,quota,weight_sensitive_product,-0.00029413953125000006,2.290315156516206e-05
90,24,32,concentrated,40,complete,256,quota,weight_sensitive_hybrid,-0.00029413953125000006,2.290315156516206e-05
90,24,32,concentrated,40,complete,256,quota,empirical_bernstein_fixed_forecast,0.0005867446875,4.5977320286714905e-05
90,24,32,concentrated,40,complete,256,harmonic_martingale,weight_sensitive_product,0.0016699278124999999,0.00018240132654774824
90,24,32,concentrated,40,complete,256,harmonic_martingale,weight_sensitive_hybrid,0.0016699278124999999,0.00018240132654774824
90,24,32,concentrated,40,complete,256,harmonic_martingale,empirical_bernstein_fixed_forecast,0.00255081203125,0.00025008426423975424
90,24,32,concentrated,40,complete,256,weight_sensitive_product,weight_sensitive_hybrid,0.0,0.0
90,24,32,concentrated,40,complete,256,weight_sensitive_product,empirical_bernstein_fixed_forecast,0.00088088421875,6.852223090207916e-05
90,24,32,concentrated,40,complete,256,weight_sensitive_hybrid,empirical_bernstein_fixed_forecast,0.00088088421875,6.852223090207916e-05
91,24,32,concentrated,40,coarse_interval,256,no_learning_half,empirical_best_midpoint,0.00859375,0.0011309330885314543
91,24,32,concentrated,40,coarse_interval,256,no_learning_half,quota,0.0011070771875000005,0.00012625787229064624
91,24,32,concentrated,40,coarse_interval,256,no_learning_half,harmonic_martingale,0.0004633745312500004,1.9905058054605787e-05
91,24,32,concentrated,40,coarse_interval,256,no_learning_half,weight_sensitive_product,0.0009999854687500003,0.00010853727452223983
91,24,32,concentrated,40,coarse_interval,256,no_learning_half,weight_sensitive_hybrid,0.0009999854687500003,0.00010853727452223983
91,24,32,concentrated,40,coarse_interval,256,no_learning_half,empirical_bernstein_fixed_forecast,0.0012530557812500003,0.00015160338550603345
91,24,32,concentrated,40,coarse_interval,256,empirical_best_midpoint,quota,-0.0074866728125,0.0010360849772630097
91,24,32,concentrated,40,coarse_interval,256,empirical_best_midpoint,harmonic_martingale,-0.00813037546875,0.00112662233930797
91,24,32,concentrated,40,coarse_interval,256,empirical_best_midpoint,weight_sensitive_product,-0.00759376453125,0.001047658601632704
91,24,32,concentrated,40,coarse_interval,256,empirical_best_midpoint,weight_sensitive_hybrid,-0.00759376453125,0.001047658601632704
91,24,32,concentrated,40,coarse_interval,256,empirical_best_midpoint,empirical_bernstein_fixed_forecast,-0.007340694218749999,0.0010180260416647571
91,24,32,concentrated,40,coarse_interval,256,quota,harmonic_martingale,-0.0006437026562499999,0.0001210849972000376
91,24,32,concentrated,40,coarse_interval,256,quota,weight_sensitive_product,-0.00010709171874999997,1.871789541980478e-05
91,24,32,concentrated,40,coarse_interval,256,quota,weight_sensitive_hybrid,-0.00010709171874999997,1.871789541980478e-05
91,24,32,concentrated,40,coarse_interval,256,quota,empirical_bernstein_fixed_forecast,0.00014597859375000007,2.6585017344326252e-05
91,24,32,concentrated,40,coarse_interval,256,harmonic_martingale,weight_sensitive_product,0.0005366109374999999,0.0001032727996116543
91,24,32,concentrated,40,coarse_interval,256,harmonic_martingale,weight_sensitive_hybrid,0.0005366109374999999,0.0001032727996116543
91,24,32,concentrated,40,coarse_interval,256,harmonic_martingale,empirical_bernstein_fixed_forecast,0.00078968125,0.0001463774579946122
91,24,32,concentrated,40,coarse_interval,256,weight_sensitive_product,weight_sensitive_hybrid,0.0,0.0
91,24,32,concentrated,40,coarse_interval,256,weight_sensitive_product,empirical_bernstein_fixed_forecast,0.00025307031250000004,4.429795353929147e-05
91,24,32,concentrated,40,coarse_interval,256,weight_sensitive_hybrid,empirical_bernstein_fixed_forecast,0.00025307031250000004,4.429795353929147e-05
92,24,32,concentrated,40,assignment_dependent,256,no_learning_half,empirical_best_midpoint,0.02,0.0
92,24,32,concentrated,40,assignment_dependent,256,no_learning_half,quota,0.0027315795312500006,4.7615649691444446e-05
92,24,32,concentrated,40,assignment_dependent,256,no_learning_half,harmonic_martingale,0.0019934843750000005,1.0441155900693456e-05
92,24,32,concentrated,40,assignment_dependent,256,no_learning_half,weight_sensitive_product,0.0024612562500000005,3.653337141846827e-05
92,24,32,concentrated,40,assignment_dependent,256,no_learning_half,weight_sensitive_hybrid,0.0024612562500000005,3.653337141846827e-05
92,24,32,concentrated,40,assignment_dependent,256,no_learning_half,empirical_bernstein_fixed_forecast,0.0030082931250000004,5.8335327726362314e-05
92,24,32,concentrated,40,assignment_dependent,256,empirical_best_midpoint,quota,-0.01726842046875,4.7615649691444446e-05
92,24,32,concentrated,40,assignment_dependent,256,empirical_best_midpoint,harmonic_martingale,-0.018006515625,1.0441155900693458e-05
92,24,32,concentrated,40,assignment_dependent,256,empirical_best_midpoint,weight_sensitive_product,-0.017538743750000002,3.653337141846828e-05
92,24,32,concentrated,40,assignment_dependent,256,empirical_best_midpoint,weight_sensitive_hybrid,-0.017538743750000002,3.653337141846828e-05
92,24,32,concentrated,40,assignment_dependent,256,empirical_best_midpoint,empirical_bernstein_fixed_forecast,-0.016991706875,5.833532772636231e-05
92,24,32,concentrated,40,assignment_dependent,256,quota,harmonic_martingale,-0.0007380951562499999,4.294446933570887e-05
92,24,32,concentrated,40,assignment_dependent,256,quota,weight_sensitive_product,-0.00027032328124999995,1.2760121635351066e-05
92,24,32,concentrated,40,assignment_dependent,256,quota,weight_sensitive_hybrid,-0.00027032328124999995,1.2760121635351066e-05
92,24,32,concentrated,40,assignment_dependent,256,quota,empirical_bernstein_fixed_forecast,0.00027671359375000006,1.6303999246571263e-05
92,24,32,concentrated,40,assignment_dependent,256,harmonic_martingale,weight_sensitive_product,0.000467771875,3.222695316090606e-05
92,24,32,concentrated,40,assignment_dependent,256,harmonic_martingale,weight_sensitive_hybrid,0.000467771875,3.222695316090606e-05
92,24,32,concentrated,40,assignment_dependent,256,harmonic_martingale,empirical_bernstein_fixed_forecast,0.00101480875,5.298029965110922e-05
92,24,32,concentrated,40,assignment_dependent,256,weight_sensitive_product,weight_sensitive_hybrid,0.0,0.0
92,24,32,concentrated,40,assignment_dependent,256,weight_sensitive_product,empirical_bernstein_fixed_forecast,0.000547036875,2.4539310145411262e-05
92,24,32,concentrated,40,assignment_dependent,256,weight_sensitive_hybrid,empirical_bernstein_fixed_forecast,0.000547036875,2.4539310145411262e-05
93,24,32,concentrated,160,complete,256,no_learning_half,empirical_best_midpoint,0.08,0.0
93,24,32,concentrated,160,complete,256,no_learning_half,quota,0.039176341249999996,0.0008946704786937324
93,24,32,concentrated,160,complete,256,no_learning_half,harmonic_martingale,0.012639768125,8.72187350384188e-05
93,24,32,concentrated,160,complete,256,no_learning_half,weight_sensitive_product,0.0349243575,0.0007872374101434631
93,24,32,concentrated,160,complete,256,no_learning_half,weight_sensitive_hybrid,0.0349243575,0.0007872374101434631
93,24,32,concentrated,160,complete,256,no_learning_half,empirical_bernstein_fixed_forecast,0.045000960000000007,0.0010029731284602462
93,24,32,concentrated,160,complete,256,empirical_best_midpoint,quota,-0.04082365875,0.0008946704786937324
93,24,32,concentrated,160,complete,256,empirical_best_midpoint,harmonic_martingale,-0.06736023187500001,8.72187350384188e-05
93,24,32,concentrated,160,complete,256,empirical_best_midpoint,weight_sensitive_product,-0.0450756425,0.0007872374101434632
93,24,32,concentrated,160,complete,256,empirical_best_midpoint,weight_sensitive_hybrid,-0.0450756425,0.0007872374101434632
93,24,32,concentrated,160,complete,256,empirical_best_midpoint,empirical_bernstein_fixed_forecast,-0.034999039999999995,0.0010029731284602462
93,24,32,concentrated,160,complete,256,quota,harmonic_martingale,-0.026536573125,0.000845663462002231
93,24,32,concentrated,160,complete,256,quota,weight_sensitive_product,-0.00425198375,0.00010853362859963578
93,24,32,concentrated,160,complete,256,quota,weight_sensitive_hybrid,-0.00425198375,0.00010853362859963578
93,24,32,concentrated,160,complete,256,quota,empirical_bernstein_fixed_forecast,0.00582461875,0.00015555575480305064
93,24,32,concentrated,160,complete,256,harmonic_martingale,weight_sensitive_product,0.022284589375,0.0007382435722547401
93,24,32,concentrated,160,complete,256,harmonic_martingale,weight_sensitive_hybrid,0.022284589375,0.0007382435722547401
93,24,32,concentrated,160,complete,256,harmonic_martingale,empirical_bernstein_fixed_forecast,0.032361191875,0.0009545786111387908
93,24,32,concentrated,160,complete,256,weight_sensitive_product,weight_sensitive_hybrid,0.0,0.0
93,24,32,concentrated,160,complete,256,weight_sensitive_product,empirical_bernstein_fixed_forecast,0.0100766025,0.0002396099013698835
93,24,32,concentrated,160,complete,256,weight_sensitive_hybrid,empirical_bernstein_fixed_forecast,0.0100766025,0.0002396099013698835
94,24,32,concentrated,160,coarse_interval,256,no_learning_half,empirical_best_midpoint,0.08,0.0
94,24,32,concentrated,160,coarse_interval,256,no_learning_half,quota,0.022884240000000004,0.0004919683039455477
94,24,32,concentrated,160,coarse_interval,256,no_learning_half,harmonic_martingale,0.010305008125,7.90963706210809e-05
94,24,32,concentrated,160,coarse_interval,256,no_learning_half,weight_sensitive_product,0.020757245,0.00041565577824178543
94,24,32,concentrated,160,coarse_interval,256,no_learning_half,weight_sensitive_hybrid,0.020757245,0.00041565577824178543
94,24,32,concentrated,160,coarse_interval,256,no_learning_half,empirical_bernstein_fixed_forecast,0.02464748625,0.0005475236653374471
94,24,32,concentrated,160,coarse_interval,256,empirical_best_midpoint,quota,-0.05711576,0.0004919683039455477
94,24,32,concentrated,160,coarse_interval,256,empirical_best_midpoint,harmonic_martingale,-0.069694991875,7.90963706210809e-05
94,24,32,concentrated,160,coarse_interval,256,empirical_best_midpoint,weight_sensitive_product,-0.059242754999999994,0.00041565577824178543
94,24,32,concentrated,160,coarse_interval,256,empirical_best_midpoint,weight_sensitive_hybrid,-0.059242754999999994,0.00041565577824178543
94,24,32,concentrated,160,coarse_interval,256,empirical_best_midpoint,empirical_bernstein_fixed_forecast,-0.05535251375,0.0005475236653374471
94,24,32,concentrated,160,coarse_interval,256,quota,harmonic_martingale,-0.012579231875,0.00043896788484291944
94,24,32,concentrated,160,coarse_interval,256,quota,weight_sensitive_product,-0.0021269950000000004,8.083897597548293e-05
94,24,32,concentrated,160,coarse_interval,256,quota,weight_sensitive_hybrid,-0.0021269950000000004,8.083897597548293e-05
94,24,32,concentrated,160,coarse_interval,256,quota,empirical_bernstein_fixed_forecast,0.0017632462499999999,8.659976728812048e-05
94,24,32,concentrated,160,coarse_interval,256,harmonic_martingale,weight_sensitive_product,0.010452236875,0.0003616936333862107
94,24,32,concentrated,160,coarse_interval,256,harmonic_martingale,weight_sensitive_hybrid,0.010452236875,0.0003616936333862107
94,24,32,concentrated,160,coarse_interval,256,harmonic_martingale,empirical_bernstein_fixed_forecast,0.014342478124999999,0.000495238080280572
94,24,32,concentrated,160,coarse_interval,256,weight_sensitive_product,weight_sensitive_hybrid,0.0,0.0
94,24,32,concentrated,160,coarse_interval,256,weight_sensitive_product,empirical_bernstein_fixed_forecast,0.00389024125,0.00014959778513352605
94,24,32,concentrated,160,coarse_interval,256,weight_sensitive_hybrid,empirical_bernstein_fixed_forecast,0.00389024125,0.00014959778513352605
95,24,32,concentrated,160,assignment_dependent,256,no_learning_half,empirical_best_midpoint,0.08,0.0
95,24,32,concentrated,160,assignment_dependent,256,no_learning_half,quota,0.023853688125,0.00034099392112535816
95,24,32,concentrated,160,assignment_dependent,256,no_learning_half,harmonic_martingale,0.013215438750000003,6.066734256028698e-05
95,24,32,concentrated,160,assignment_dependent,256,no_learning_half,weight_sensitive_product,0.02130152875,0.0002869411069241161
95,24,32,concentrated,160,assignment_dependent,256,no_learning_half,weight_sensitive_hybrid,0.02130152875,0.0002869411069241161
95,24,32,concentrated,160,assignment_dependent,256,no_learning_half,empirical_bernstein_fixed_forecast,0.024483945000000003,0.00034191390779238966
95,24,32,concentrated,160,assignment_dependent,256,empirical_best_midpoint,quota,-0.056146311875,0.00034099392112535816
95,24,32,concentrated,160,assignment_dependent,256,empirical_best_midpoint,harmonic_martingale,-0.06678456125,6.066734256028698e-05
95,24,32,concentrated,160,assignment_dependent,256,empirical_best_midpoint,weight_sensitive_product,-0.05869847125,0.0002869411069241161
95,24,32,concentrated,160,assignment_dependent,256,empirical_best_midpoint,weight_sensitive_hybrid,-0.05869847125,0.0002869411069241161
95,24,32,concentrated,160,assignment_dependent,256,empirical_best_midpoint,empirical_bernstein_fixed_forecast,-0.055516055,0.00034191390779238966
95,24,32,concentrated,160,assignment_dependent,256,quota,harmonic_martingale,-0.010638249375,0.00030028958601109384
95,24,32,concentrated,160,assignment_dependent,256,quota,weight_sensitive_product,-0.002552159375,6.674824927129389e-05
95,24,32,concentrated,160,assignment_dependent,256,quota,weight_sensitive_hybrid,-0.002552159375,6.674824927129389e-05
95,24,32,concentrated,160,assignment_dependent,256,quota,empirical_bernstein_fixed_forecast,0.0006302568749999999,8.074589533464273e-05
95,24,32,concentrated,160,assignment_dependent,256,harmonic_martingale,weight_sensitive_product,0.008086089999999999,0.00024507882573716124
95,24,32,concentrated,160,assignment_dependent,256,harmonic_martingale,weight_sensitive_hybrid,0.008086089999999999,0.00024507882573716124
95,24,32,concentrated,160,assignment_dependent,256,harmonic_martingale,empirical_bernstein_fixed_forecast,0.011268506250000001,0.000302158660886413
95,24,32,concentrated,160,assignment_dependent,256,weight_sensitive_product,weight_sensitive_hybrid,0.0,0.0
95,24,32,concentrated,160,assignment_dependent,256,weight_sensitive_product,empirical_bernstein_fixed_forecast,0.0031824162500000003,9.208058663498454e-05
95,24,32,concentrated,160,assignment_dependent,256,weight_sensitive_hybrid,empirical_bernstein_fixed_forecast,0.0031824162500000003,9.208058663498454e-05
96,64,8,equal,-160,complete,256,no_learning_half,empirical_best_midpoint,0.08,0.0
96,64,8,equal,-160,complete,256,no_learning_half,quota,0.079981155,9.867805043298585e-06
96,64,8,equal,-160,complete,256,no_learning_half,harmonic_martingale,0.07997306374999999,1.303880904520816e-05
96,64,8,equal,-160,complete,256,no_learning_half,weight_sensitive_product,0.049097323750000005,0.0002517421029365673
96,64,8,equal,-160,complete,256,no_learning_half,weight_sensitive_hybrid,0.07997306374999999,1.303880904520816e-05
96,64,8,equal,-160,complete,256,no_learning_half,empirical_bernstein_fixed_forecast,0.08,0.0
96,64,8,equal,-160,complete,256,empirical_best_midpoint,quota,-1.8845e-05,9.867805043298585e-06
96,64,8,equal,-160,complete,256,empirical_best_midpoint,harmonic_martingale,-2.6936249999999998e-05,1.3038809045208155e-05
96,64,8,equal,-160,complete,256,empirical_best_midpoint,weight_sensitive_product,-0.030902676249999997,0.0002517421029365673
96,64,8,equal,-160,complete,256,empirical_best_midpoint,weight_sensitive_hybrid,-2.6936249999999998e-05,1.3038809045208155e-05
96,64,8,equal,-160,complete,256,empirical_best_midpoint,empirical_bernstein_fixed_forecast,0.0,0.0
96,64,8,equal,-160,complete,256,quota,harmonic_martingale,-8.09125e-06,3.5901288815346754e-06
96,64,8,equal,-160,complete,256,quota,weight_sensitive_product,-0.03088383125,0.0002491468561540853
96,64,8,equal,-160,complete,256,quota,weight_sensitive_hybrid,-8.09125e-06,3.5901288815346754e-06
96,64,8,equal,-160,complete,256,quota,empirical_bernstein_fixed_forecast,1.8845e-05,9.867805043298585e-06
96,64,8,equal,-160,complete,256,harmonic_martingale,weight_sensitive_product,-0.03087574,0.00024811062012818427
96,64,8,equal,-160,complete,256,harmonic_martingale,weight_sensitive_hybrid,0.0,0.0
96,64,8,equal,-160,complete,256,harmonic_martingale,empirical_bernstein_fixed_forecast,2.6936249999999998e-05,1.3038809045208155e-05
96,64,8,equal,-160,complete,256,weight_sensitive_product,weight_sensitive_hybrid,0.03087574,0.00024811062012818427
96,64,8,equal,-160,complete,256,weight_sensitive_product,empirical_bernstein_fixed_forecast,0.030902676249999997,0.0002517421029365673
96,64,8,equal,-160,complete,256,weight_sensitive_hybrid,empirical_bernstein_fixed_forecast,2.6936249999999998e-05,1.3038809045208155e-05
97,64,8,equal,-160,coarse_interval,256,no_learning_half,empirical_best_midpoint,0.08,0.0
97,64,8,equal,-160,coarse_interval,256,no_learning_half,quota,0.0411211975,0.00019745565254193108
97,64,8,equal,-160,coarse_interval,256,no_learning_half,harmonic_martingale,0.041035348750000006,0.0001970438667918593
97,64,8,equal,-160,coarse_interval,256,no_learning_half,weight_sensitive_product,0.027608252500000003,0.0001355073723577755
97,64,8,equal,-160,coarse_interval,256,no_learning_half,weight_sensitive_hybrid,0.041035348750000006,0.0001970438667918593
97,64,8,equal,-160,coarse_interval,256,no_learning_half,empirical_bernstein_fixed_forecast,0.050414729375,0.0002358795605755242
97,64,8,equal,-160,coarse_interval,256,empirical_best_midpoint,quota,-0.038878802500000004,0.00019745565254193108
97,64,8,equal,-160,coarse_interval,256,empirical_best_midpoint,harmonic_martingale,-0.03896465125,0.0001970438667918593
97,64,8,equal,-160,coarse_interval,256,empirical_best_midpoint,weight_sensitive_product,-0.0523917475,0.00013550737235777552
97,64,8,equal,-160,coarse_interval,256,empirical_best_midpoint,weight_sensitive_hybrid,-0.03896465125,0.0001970438667918593
97,64,8,equal,-160,coarse_interval,256,empirical_best_midpoint,empirical_bernstein_fixed_forecast,-0.029585270625,0.00023587956057552421
97,64,8,equal,-160,coarse_interval,256,quota,harmonic_martingale,-8.584874999999976e-05,4.1180484354444e-07
97,64,8,equal,-160,coarse_interval,256,quota,weight_sensitive_product,-0.013512944999999998,6.203296630761398e-05
97,64,8,equal,-160,coarse_interval,256,quota,weight_sensitive_hybrid,-8.584874999999976e-05,4.1180484354444e-07
97,64,8,equal,-160,coarse_interval,256,quota,empirical_bernstein_fixed_forecast,0.009293531875,3.875556656583871e-05
97,64,8,equal,-160,coarse_interval,256,harmonic_martingale,weight_sensitive_product,-0.01342709625,6.162155785990898e-05
97,64,8,equal,-160,coarse_interval,256,harmonic_martingale,weight_sensitive_hybrid,0.0,0.0
97,64,8,equal,-160,coarse_interval,256,harmonic_martingale,empirical_bernstein_fixed_forecast,0.009379380625,3.9163144022209846e-05
97,64,8,equal,-160,coarse_interval,256,weight_sensitive_product,weight_sensitive_hybrid,0.01342709625,6.162155785990898e-05
97,64,8,equal,-160,coarse_interval,256,weight_sensitive_product,empirical_bernstein_fixed_forecast,0.022806476875000002,0.00010048044556988436
97,64,8,equal,-160,coarse_interval,256,weight_sensitive_hybrid,empirical_bernstein_fixed_forecast,0.009379380625,3.9163144022209846e-05
98,64,8,equal,-160,assignment_dependent,256,no_learning_half,empirical_best_midpoint,-0.08,0.0
98,64,8,equal,-160,assignment_dependent,256,no_learning_half,quota,-0.009974801249999998,3.92136794958305e-05
98,64,8,equal,-160,assignment_dependent,256,no_learning_half,harmonic_martingale,-0.009970123749999997,3.9191209733012964e-05
98,64,8,equal,-160,assignment_dependent,256,no_learning_half,weight_sensitive_product,-0.008108049374999999,4.293523245687528e-05
98,64,8,equal,-160,assignment_dependent,256,no_learning_half,weight_sensitive_hybrid,-0.009970123749999997,3.9191209733012964e-05
98,64,8,equal,-160,assignment_dependent,256,no_learning_half,empirical_bernstein_fixed_forecast,-0.010124361874999998,4.070128866999148e-05
98,64,8,equal,-160,assignment_dependent,256,empirical_best_midpoint,quota,0.07002519875000002,3.92136794958305e-05
98,64,8,equal,-160,assignment_dependent,256,empirical_best_midpoint,harmonic_martingale,0.07002987625000001,3.9191209733012964e-05
98,64,8,equal,-160,assignment_dependent,256,empirical_best_midpoint,weight_sensitive_product,0.071891950625,4.293523245687528e-05
98,64,8,equal,-160,assignment_dependent,256,empirical_best_midpoint,weight_sensitive_hybrid,0.07002987625000001,3.9191209733012964e-05
98,64,8,equal,-160,assignment_dependent,256,empirical_best_midpoint,empirical_bernstein_fixed_forecast,0.069875638125,4.070128866999148e-05
98,64,8,equal,-160,assignment_dependent,256,quota,harmonic_martingale,4.677500000000248e-06,2.2940139493923672e-08
98,64,8,equal,-160,assignment_dependent,256,quota,weight_sensitive_product,0.0018667518750000005,9.089738468591372e-06
98,64,8,equal,-160,assignment_dependent,256,quota,weight_sensitive_hybrid,4.677500000000248e-06,2.2940139493923672e-08
98,64,8,equal,-160,assignment_dependent,256,quota,empirical_bernstein_fixed_forecast,-0.00014956062499999975,1.7968802480741717e-06
98,64,8,equal,-160,assignment_dependent,256,harmonic_martingale,weight_sensitive_product,0.0018620743750000003,9.099086760544674e-06
98,64,8,equal,-160,assignment_dependent,256,harmonic_martingale,weight_sensitive_hybrid,0.0,0.0
98,64,8,equal,-160,assignment_dependent,256,harmonic_martingale,empirical_bernstein_fixed_forecast,-0.000154238125,1.8164240850642478e-06
98,64,8,equal,-160,assignment_dependent,256,weight_sensitive_product,weight_sensitive_hybrid,-0.0018620743750000003,9.099086760544674e-06
98,64,8,equal,-160,assignment_dependent,256,weight_sensitive_product,empirical_bernstein_fixed_forecast,-0.0020163125000000003,8.051151554159154e-06
98,64,8,equal,-160,assignment_dependent,256,weight_sensitive_hybrid,empirical_bernstein_fixed_forecast,-0.000154238125,1.8164240850642478e-06
99,64,8,equal,0,complete,256,no_learning_half,empirical_best_midpoint,0.0,0.0
99,64,8,equal,0,complete,256,no_learning_half,quota,0.0,0.0
99,64,8,equal,0,complete,256,no_learning_half,harmonic_martingale,0.0,0.0
99,64,8,equal,0,complete,256,no_learning_half,weight_sensitive_product,0.0,0.0
99,64,8,equal,0,complete,256,no_learning_half,weight_sensitive_hybrid,0.0,0.0
99,64,8,equal,0,complete,256,no_learning_half,empirical_bernstein_fixed_forecast,0.0,0.0
99,64,8,equal,0,complete,256,empirical_best_midpoint,quota,0.0,0.0
99,64,8,equal,0,complete,256,empirical_best_midpoint,harmonic_martingale,0.0,0.0
99,64,8,equal,0,complete,256,empirical_best_midpoint,weight_sensitive_product,0.0,0.0
99,64,8,equal,0,complete,256,empirical_best_midpoint,weight_sensitive_hybrid,0.0,0.0
99,64,8,equal,0,complete,256,empirical_best_midpoint,empirical_bernstein_fixed_forecast,0.0,0.0
99,64,8,equal,0,complete,256,quota,harmonic_martingale,0.0,0.0
99,64,8,equal,0,complete,256,quota,weight_sensitive_product,0.0,0.0
99,64,8,equal,0,complete,256,quota,weight_sensitive_hybrid,0.0,0.0
99,64,8,equal,0,complete,256,quota,empirical_bernstein_fixed_forecast,0.0,0.0
99,64,8,equal,0,complete,256,harmonic_martingale,weight_sensitive_product,0.0,0.0
99,64,8,equal,0,complete,256,harmonic_martingale,weight_sensitive_hybrid,0.0,0.0
99,64,8,equal,0,complete,256,harmonic_martingale,empirical_bernstein_fixed_forecast,0.0,0.0
99,64,8,equal,0,complete,256,weight_sensitive_product,weight_sensitive_hybrid,0.0,0.0
99,64,8,equal,0,complete,256,weight_sensitive_product,empirical_bernstein_fixed_forecast,0.0,0.0
99,64,8,equal,0,complete,256,weight_sensitive_hybrid,empirical_bernstein_fixed_forecast,0.0,0.0
100,64,8,equal,0,coarse_interval,256,no_learning_half,empirical_best_midpoint,0.0,0.0
100,64,8,equal,0,coarse_interval,256,no_learning_half,quota,0.0,0.0
100,64,8,equal,0,coarse_interval,256,no_learning_half,harmonic_martingale,0.0,0.0
100,64,8,equal,0,coarse_interval,256,no_learning_half,weight_sensitive_product,0.0,0.0
100,64,8,equal,0,coarse_interval,256,no_learning_half,weight_sensitive_hybrid,0.0,0.0
100,64,8,equal,0,coarse_interval,256,no_learning_half,empirical_bernstein_fixed_forecast,0.0,0.0
100,64,8,equal,0,coarse_interval,256,empirical_best_midpoint,quota,0.0,0.0
100,64,8,equal,0,coarse_interval,256,empirical_best_midpoint,harmonic_martingale,0.0,0.0
100,64,8,equal,0,coarse_interval,256,empirical_best_midpoint,weight_sensitive_product,0.0,0.0
100,64,8,equal,0,coarse_interval,256,empirical_best_midpoint,weight_sensitive_hybrid,0.0,0.0
100,64,8,equal,0,coarse_interval,256,empirical_best_midpoint,empirical_bernstein_fixed_forecast,0.0,0.0
100,64,8,equal,0,coarse_interval,256,quota,harmonic_martingale,0.0,0.0
100,64,8,equal,0,coarse_interval,256,quota,weight_sensitive_product,0.0,0.0
100,64,8,equal,0,coarse_interval,256,quota,weight_sensitive_hybrid,0.0,0.0
100,64,8,equal,0,coarse_interval,256,quota,empirical_bernstein_fixed_forecast,0.0,0.0
100,64,8,equal,0,coarse_interval,256,harmonic_martingale,weight_sensitive_product,0.0,0.0
100,64,8,equal,0,coarse_interval,256,harmonic_martingale,weight_sensitive_hybrid,0.0,0.0
100,64,8,equal,0,coarse_interval,256,harmonic_martingale,empirical_bernstein_fixed_forecast,0.0,0.0
100,64,8,equal,0,coarse_interval,256,weight_sensitive_product,weight_sensitive_hybrid,0.0,0.0
100,64,8,equal,0,coarse_interval,256,weight_sensitive_product,empirical_bernstein_fixed_forecast,0.0,0.0
100,64,8,equal,0,coarse_interval,256,weight_sensitive_hybrid,empirical_bernstein_fixed_forecast,0.0,0.0
101,64,8,equal,0,assignment_dependent,256,no_learning_half,empirical_best_midpoint,0.0,0.0
101,64,8,equal,0,assignment_dependent,256,no_learning_half,quota,0.0,0.0
101,64,8,equal,0,assignment_dependent,256,no_learning_half,harmonic_martingale,0.0,0.0
101,64,8,equal,0,assignment_dependent,256,no_learning_half,weight_sensitive_product,0.0,0.0
101,64,8,equal,0,assignment_dependent,256,no_learning_half,weight_sensitive_hybrid,0.0,0.0
101,64,8,equal,0,assignment_dependent,256,no_learning_half,empirical_bernstein_fixed_forecast,0.0,0.0
101,64,8,equal,0,assignment_dependent,256,empirical_best_midpoint,quota,0.0,0.0
101,64,8,equal,0,assignment_dependent,256,empirical_best_midpoint,harmonic_martingale,0.0,0.0
101,64,8,equal,0,assignment_dependent,256,empirical_best_midpoint,weight_sensitive_product,0.0,0.0
101,64,8,equal,0,assignment_dependent,256,empirical_best_midpoint,weight_sensitive_hybrid,0.0,0.0
101,64,8,equal,0,assignment_dependent,256,empirical_best_midpoint,empirical_bernstein_fixed_forecast,0.0,0.0
101,64,8,equal,0,assignment_dependent,256,quota,harmonic_martingale,0.0,0.0
101,64,8,equal,0,assignment_dependent,256,quota,weight_sensitive_product,0.0,0.0
101,64,8,equal,0,assignment_dependent,256,quota,weight_sensitive_hybrid,0.0,0.0
101,64,8,equal,0,assignment_dependent,256,quota,empirical_bernstein_fixed_forecast,0.0,0.0
101,64,8,equal,0,assignment_dependent,256,harmonic_martingale,weight_sensitive_product,0.0,0.0
101,64,8,equal,0,assignment_dependent,256,harmonic_martingale,weight_sensitive_hybrid,0.0,0.0
101,64,8,equal,0,assignment_dependent,256,harmonic_martingale,empirical_bernstein_fixed_forecast,0.0,0.0
101,64,8,equal,0,assignment_dependent,256,weight_sensitive_product,weight_sensitive_hybrid,0.0,0.0
101,64,8,equal,0,assignment_dependent,256,weight_sensitive_product,empirical_bernstein_fixed_forecast,0.0,0.0
101,64,8,equal,0,assignment_dependent,256,weight_sensitive_hybrid,empirical_bernstein_fixed_forecast,0.0,0.0
102,64,8,equal,40,complete,256,no_learning_half,empirical_best_midpoint,0.02,0.0
102,64,8,equal,40,complete,256,no_learning_half,quota,0.0058919959375,0.00012516178070461832
102,64,8,equal,40,complete,256,no_learning_half,harmonic_martingale,0.005861115,0.00012450579800500356
102,64,8,equal,40,complete,256,no_learning_half,weight_sensitive_product,0.0029693573437500004,6.307710006177142e-05
102,64,8,equal,40,complete,256,no_learning_half,weight_sensitive_hybrid,0.005861115,0.00012450579800500356
102,64,8,equal,40,complete,256,no_learning_half,empirical_bernstein_fixed_forecast,0.011415715781249999,0.00023746093960407634
102,64,8,equal,40,complete,256,empirical_best_midpoint,quota,-0.0141080040625,0.00012516178070461832
102,64,8,equal,40,complete,256,empirical_best_midpoint,harmonic_martingale,-0.014138885,0.00012450579800500356
102,64,8,equal,40,complete,256,empirical_best_midpoint,weight_sensitive_product,-0.01703064265625,6.307710006177142e-05
102,64,8,equal,40,complete,256,empirical_best_midpoint,weight_sensitive_hybrid,-0.014138885,0.00012450579800500356
102,64,8,equal,40,complete,256,empirical_best_midpoint,empirical_bernstein_fixed_forecast,-0.00858428421875,0.00023746093960407634
102,64,8,equal,40,complete,256,quota,harmonic_martingale,-3.088093750000006e-05,6.559835053554373e-07
102,64,8,equal,40,complete,256,quota,weight_sensitive_product,-0.00292263859375,6.2084680652182e-05
102,64,8,equal,40,complete,256,quota,weight_sensitive_hybrid,-3.088093750000006e-05,6.559835053554373e-07
102,64,8,equal,40,complete,256,quota,empirical_bernstein_fixed_forecast,0.005523719843749999,0.00011315727611804636
102,64,8,equal,40,complete,256,harmonic_martingale,weight_sensitive_product,-0.0028917576562499997,6.142869795266566e-05
102,64,8,equal,40,complete,256,harmonic_martingale,weight_sensitive_hybrid,0.0,0.0
102,64,8,equal,40,complete,256,harmonic_martingale,empirical_bernstein_fixed_forecast,0.00555460078125,0.0001138038709892153
102,64,8,equal,40,complete,256,weight_sensitive_product,weight_sensitive_hybrid,0.0028917576562499997,6.142869795266566e-05
102,64,8,equal,40,complete,256,weight_sensitive_product,empirical_bernstein_fixed_forecast,0.0084463584375,0.00017466318138494453
102,64,8,equal,40,complete,256,weight_sensitive_hybrid,empirical_bernstein_fixed_forecast,0.00555460078125,0.0001138038709892153
103,64,8,equal,40,coarse_interval,256,no_learning_half,empirical_best_midpoint,0.01921875,0.0003466345107871221
103,64,8,equal,40,coarse_interval,256,no_learning_half,quota,0.0017956385937500006,5.017729932221996e-05
103,64,8,equal,40,coarse_interval,256,no_learning_half,harmonic_martingale,0.0017918945312500006,5.0072453167937214e-05
103,64,8,equal,40,coarse_interval,256,no_learning_half,weight_sensitive_product,0.0012911145312500005,3.6078867744849794e-05
103,64,8,equal,40,coarse_interval,256,no_learning_half,weight_sensitive_hybrid,0.0017918945312500006,5.0072453167937214e-05
103,64,8,equal,40,coarse_interval,256,no_learning_half,empirical_bernstein_fixed_forecast,0.0022828040625000007,6.385324731853151e-05
103,64,8,equal,40,coarse_interval,256,empirical_best_midpoint,quota,-0.017423111406249997,0.000331482882079076
103,64,8,equal,40,coarse_interval,256,empirical_best_midpoint,harmonic_martingale,-0.01742685546875,0.00033150725084086255
103,64,8,equal,40,coarse_interval,256,empirical_best_midpoint,weight_sensitive_product,-0.01792763546875,0.00033505091260968274
103,64,8,equal,40,coarse_interval,256,empirical_best_midpoint,weight_sensitive_hybrid,-0.01742685546875,0.00033150725084086255
103,64,8,equal,40,coarse_interval,256,empirical_best_midpoint,empirical_bernstein_fixed_forecast,-0.0169359459375,0.00032861235327041584
103,64,8,equal,40,coarse_interval,256,quota,harmonic_martingale,-3.744062499999923e-06,1.0485159439620173e-07
103,64,8,equal,40,coarse_interval,256,quota,weight_sensitive_product,-0.0005045240625,1.409843162199203e-05
103,64,8,equal,40,coarse_interval,256,quota,weight_sensitive_hybrid,-3.744062499999923e-06,1.0485159439620173e-07
103,64,8,equal,40,coarse_interval,256,quota,empirical_bernstein_fixed_forecast,0.00048716546875,1.3738125446711407e-05
103,64,8,equal,40,coarse_interval,256,harmonic_martingale,weight_sensitive_product,-0.00050078,1.3993585459760058e-05
103,64,8,equal,40,coarse_interval,256,harmonic_martingale,weight_sensitive_hybrid,0.0,0.0
103,64,8,equal,40,coarse_interval,256,harmonic_martingale,empirical_bernstein_fixed_forecast,0.0004909095312499999,1.3842375606732527e-05
103,64,8,equal,40,coarse_interval,256,weight_sensitive_product,weight_sensitive_hybrid,0.00050078,1.3993585459760058e-05
103,64,8,equal,40,coarse_interval,256,weight_sensitive_product,empirical_bernstein_fixed_forecast,0.0009916895312499997,2.7796435666226842e-05
103,64,8,equal,40,coarse_interval,256,weight_sensitive_hybrid,empirical_bernstein_fixed_forecast,0.0004909095312499999,1.3842375606732527e-05
104,64,8,equal,40,assignment_dependent,256,no_learning_half,empirical_best_midpoint,0.02,0.0
104,64,8,equal,40,assignment_dependent,256,no_learning_half,quota,0.0051451923437500005,2.529133579052606e-05
104,64,8,equal,40,assignment_dependent,256,no_learning_half,harmonic_martingale,0.005139065156250001,2.524873677375261e-05
104,64,8,equal,40,assignment_dependent,256,no_learning_half,weight_sensitive_product,0.00348702828125,2.349412712130091e-05
104,64,8,equal,40,assignment_dependent,256,no_learning_half,weight_sensitive_hybrid,0.005139065156250001,2.524873677375261e-05
104,64,8,equal,40,assignment_dependent,256,no_learning_half,empirical_bernstein_fixed_forecast,0.00530205765625,2.7512909164858446e-05
104,64,8,equal,40,assignment_dependent,256,empirical_best_midpoint,quota,-0.01485480765625,2.529133579052606e-05
104,64,8,equal,40,assignment_dependent,256,empirical_best_midpoint,harmonic_martingale,-0.01486093484375,2.524873677375261e-05
104,64,8,equal,40,assignment_dependent,256,empirical_best_midpoint,weight_sensitive_product,-0.016512971718750002,2.349412712130091e-05
104,64,8,equal,40,assignment_dependent,256,empirical_best_midpoint,weight_sensitive_hybrid,-0.01486093484375,2.524873677375261e-05
104,64,8,equal,40,assignment_dependent,256,empirical_best_midpoint,empirical_bernstein_fixed_forecast,-0.01469794234375,2.7512909164858446e-05
104,64,8,equal,40,assignment_dependent,256,quota,harmonic_martingale,-6.12718749999996e-06,4.276810887381279e-08
104,64,8,equal,40,assignment_dependent,256,quota,weight_sensitive_product,-0.0016581640625000001,2.493857146007068e-06
104,64,8,equal,40,assignment_dependent,256,quota,weight_sensitive_hybrid,-6.12718749999996e-06,4.276810887381279e-08
104,64,8,equal,40,assignment_dependent,256,quota,empirical_bernstein_fixed_forecast,0.00015686531249999995,2.366358724879445e-06
104,64,8,equal,40,assignment_dependent,256,harmonic_martingale,weight_sensitive_product,-0.0016520368750000001,2.4643826854867562e-06
104,64,8,equal,40,assignment_dependent,256,harmonic_martingale,weight_sensitive_hybrid,0.0,0.0
104,64,8,equal,40,assignment_dependent,256,harmonic_martingale,empirical_bernstein_fixed_forecast,0.00016299249999999991,2.4069010718365246e-06
104,64,8,equal,40,assignment_dependent,256,weight_sensitive_product,weight_sensitive_hybrid,0.0016520368750000001,2.4643826854867562e-06
104,64,8,equal,40,assignment_dependent,256,weight_sensitive_product,empirical_bernstein_fixed_forecast,0.001815029375,4.308044526873747e-06
104,64,8,equal,40,assignment_dependent,256,weight_sensitive_hybrid,empirical_bernstein_fixed_forecast,0.00016299249999999991,2.4069010718365246e-06
105,64,8,equal,160,complete,256,no_learning_half,empirical_best_midpoint,0.08,0.0
105,64,8,equal,160,complete,256,no_learning_half,quota,0.0799707825,1.699240828108766e-05
105,64,8,equal,160,complete,256,no_learning_half,harmonic_martingale,0.0799660225,1.9701663122168426e-05
105,64,8,equal,160,complete,256,no_learning_half,weight_sensitive_product,0.048563762499999996,0.00024711267283580163
105,64,8,equal,160,complete,256,no_learning_half,weight_sensitive_hybrid,0.0799660225,1.9701663122168426e-05
105,64,8,equal,160,complete,256,no_learning_half,empirical_bernstein_fixed_forecast,0.08,0.0
105,64,8,equal,160,complete,256,empirical_best_midpoint,quota,-2.92175e-05,1.6992408281087662e-05
105,64,8,equal,160,complete,256,empirical_best_midpoint,harmonic_martingale,-3.39775e-05,1.9701663122168436e-05
105,64,8,equal,160,complete,256,empirical_best_midpoint,weight_sensitive_product,-0.0314362375,0.00024711267283580163
105,64,8,equal,160,complete,256,empirical_best_midpoint,weight_sensitive_hybrid,-3.39775e-05,1.9701663122168436e-05
105,64,8,equal,160,complete,256,empirical_best_midpoint,empirical_bernstein_fixed_forecast,0.0,0.0
105,64,8,equal,160,complete,256,quota,harmonic_martingale,-4.76e-06,2.7374232910731584e-06
105,64,8,equal,160,complete,256,quota,weight_sensitive_product,-0.031407019999999994,0.00024324730592224732
105,64,8,equal,160,complete,256,quota,weight_sensitive_hybrid,-4.76e-06,2.7374232910731584e-06
105,64,8,equal,160,complete,256,quota,empirical_bernstein_fixed_forecast,2.92175e-05,1.6992408281087662e-05
105,64,8,equal,160,complete,256,harmonic_martingale,weight_sensitive_product,-0.03140226,0.0002427218969043847
105,64,8,equal,160,complete,256,harmonic_martingale,weight_sensitive_hybrid,0.0,0.0
105,64,8,equal,160,complete,256,harmonic_martingale,empirical_bernstein_fixed_forecast,3.39775e-05,1.9701663122168436e-05
105,64,8,equal,160,complete,256,weight_sensitive_product,weight_sensitive_hybrid,0.03140226,0.0002427218969043847
105,64,8,equal,160,complete,256,weight_sensitive_product,empirical_bernstein_fixed_forecast,0.0314362375,0.00024711267283580163
105,64,8,equal,160,complete,256,weight_sensitive_hybrid,empirical_bernstein_fixed_forecast,3.39775e-05,1.9701663122168436e-05
106,64,8,equal,160,coarse_interval,256,no_learning_half,empirical_best_midpoint,0.08,0.0
106,64,8,equal,160,coarse_interval,256,no_learning_half,quota,0.036013620625,0.00020034673486942983
106,64,8,equal,160,coarse_interval,256,no_learning_half,harmonic_martingale,0.03593843125,0.00019992824418288852
106,64,8,equal,160,coarse_interval,256,no_learning_half,weight_sensitive_product,0.025894799375,0.00014405485749478082
106,64,8,equal,160,coarse_interval,256,no_learning_half,weight_sensitive_hybrid,0.03593843125,0.00019992824418288852
106,64,8,equal,160,coarse_interval,256,no_learning_half,empirical_bernstein_fixed_forecast,0.04517032625,0.0002469072719945048
106,64,8,equal,160,coarse_interval,256,empirical_best_midpoint,quota,-0.043986379374999995,0.00020034673486942983
106,64,8,equal,160,coarse_interval,256,empirical_best_midpoint,harmonic_martingale,-0.04406156875,0.00019992824418288852
106,64,8,equal,160,coarse_interval,256,empirical_best_midpoint,weight_sensitive_product,-0.054105200625,0.00014405485749478082
106,64,8,equal,160,coarse_interval,256,empirical_best_midpoint,weight_sensitive_hybrid,-0.04406156875,0.00019992824418288852
106,64,8,equal,160,coarse_interval,256,empirical_best_midpoint,empirical_bernstein_fixed_forecast,-0.03482967375,0.0002469072719945048
106,64,8,equal,160,coarse_interval,256,quota,harmonic_martingale,-7.5189375e-05,4.1851177559452685e-07
106,64,8,equal,160,coarse_interval,256,quota,weight_sensitive_product,-0.01011882125,5.629187753717707e-05
106,64,8,equal,160,coarse_interval,256,quota,weight_sensitive_hybrid,-7.5189375e-05,4.1851177559452685e-07
106,64,8,equal,160,coarse_interval,256,quota,empirical_bernstein_fixed_forecast,0.009156705625,4.68477588554445e-05
106,64,8,equal,160,coarse_interval,256,harmonic_martingale,weight_sensitive_product,-0.010043631875,5.587338685951372e-05
106,64,8,equal,160,coarse_interval,256,harmonic_martingale,weight_sensitive_hybrid,0.0,0.0
106,64,8,equal,160,coarse_interval,256,harmonic_martingale,empirical_bernstein_fixed_forecast,0.009231895,4.726310174511007e-05
106,64,8,equal,160,coarse_interval,256,weight_sensitive_product,weight_sensitive_hybrid,0.010043631875,5.587338685951372e-05
106,64,8,equal,160,coarse_interval,256,weight_sensitive_product,empirical_bernstein_fixed_forecast,0.019275526875,0.0001029461413660929
106,64,8,equal,160,coarse_interval,256,weight_sensitive_hybrid,empirical_bernstein_fixed_forecast,0.009231895,4.726310174511007e-05
107,64,8,equal,160,assignment_dependent,256,no_learning_half,empirical_best_midpoint,0.08,0.0
107,64,8,equal,160,assignment_dependent,256,no_learning_half,quota,0.03736341437500001,0.00019025335477440374
107,64,8,equal,160,assignment_dependent,256,no_learning_half,harmonic_martingale,0.03730832125,0.00018984201165446357
107,64,8,equal,160,assignment_dependent,256,no_learning_half,weight_sensitive_product,0.027481380625000003,0.00014713824591478864
107,64,8,equal,160,assignment_dependent,256,no_learning_half,weight_sensitive_hybrid,0.03730832125,0.00018984201165446357
107,64,8,equal,160,assignment_dependent,256,no_learning_half,empirical_bernstein_fixed_forecast,0.039448065625,0.00021421547282312895
107,64,8,equal,160,assignment_dependent,256,empirical_best_midpoint,quota,-0.042636585625,0.00019025335477440374
107,64,8,equal,160,assignment_dependent,256,empirical_best_midpoint,harmonic_martingale,-0.042691678749999996,0.00018984201165446354
107,64,8,equal,160,assignment_dependent,256,empirical_best_midpoint,weight_sensitive_product,-0.052518619375,0.00014713824591478864
107,64,8,equal,160,assignment_dependent,256,empirical_best_midpoint,weight_sensitive_hybrid,-0.042691678749999996,0.00018984201165446354
107,64,8,equal,160,assignment_dependent,256,empirical_best_midpoint,empirical_bernstein_fixed_forecast,-0.040551934375,0.00021421547282312895
107,64,8,equal,160,assignment_dependent,256,quota,harmonic_martingale,-5.5093125000000106e-05,4.1236419147314745e-07
107,64,8,equal,160,assignment_dependent,256,quota,weight_sensitive_product,-0.009882033750000001,4.332827437411938e-05
107,64,8,equal,160,assignment_dependent,256,quota,weight_sensitive_hybrid,-5.5093125000000106e-05,4.1236419147314745e-07
107,64,8,equal,160,assignment_dependent,256,quota,empirical_bernstein_fixed_forecast,0.0020846512499999997,2.4972159358635534e-05
107,64,8,equal,160,assignment_dependent,256,harmonic_martingale,weight_sensitive_product,-0.009826940625,4.2919613644470585e-05
107,64,8,equal,160,assignment_dependent,256,harmonic_martingale,weight_sensitive_hybrid,0.0,0.0
107,64,8,equal,160,assignment_dependent,256,harmonic_martingale,empirical_bernstein_fixed_forecast,0.0021397443749999997,2.5370476771073985e-05
107,64,8,equal,160,assignment_dependent,256,weight_sensitive_product,weight_sensitive_hybrid,0.009826940625,4.2919613644470585e-05
107,64,8,equal,160,assignment_dependent,256,weight_sensitive_product,empirical_bernstein_fixed_forecast,0.011966685,6.737221955483653e-05
107,64,8,equal,160,assignment_dependent,256,weight_sensitive_hybrid,empirical_bernstein_fixed_forecast,0.0021397443749999997,2.5370476771073985e-05
108,64,8,concentrated,-160,complete,256,no_learning_half,empirical_best_midpoint,0.08,0.0
108,64,8,concentrated,-160,complete,256,no_learning_half,quota,0.046278865625,0.0006256386559414382
108,64,8,concentrated,-160,complete,256,no_learning_half,harmonic_martingale,0.012822780625000002,0.00011605455412281557
108,64,8,concentrated,-160,complete,256,no_learning_half,weight_sensitive_product,0.03398768125,0.00048646408186776217
108,64,8,concentrated,-160,complete,256,no_learning_half,weight_sensitive_hybrid,0.03398768125,0.00048646408186776217
108,64,8,concentrated,-160,complete,256,no_learning_half,empirical_bernstein_fixed_forecast,0.03610105687500001,0.0004952908939694726
108,64,8,concentrated,-160,complete,256,empirical_best_midpoint,quota,-0.033721134375,0.0006256386559414382
108,64,8,concentrated,-160,complete,256,empirical_best_midpoint,harmonic_martingale,-0.067177219375,0.00011605455412281557
108,64,8,concentrated,-160,complete,256,empirical_best_midpoint,weight_sensitive_product,-0.04601231875,0.00048646408186776217
108,64,8,concentrated,-160,complete,256,empirical_best_midpoint,weight_sensitive_hybrid,-0.04601231875,0.00048646408186776217
108,64,8,concentrated,-160,complete,256,empirical_best_midpoint,empirical_bernstein_fixed_forecast,-0.043898943125000006,0.0004952908939694726
108,64,8,concentrated,-160,complete,256,quota,harmonic_martingale,-0.033456084999999997,0.0006521236914097978
108,64,8,concentrated,-160,complete,256,quota,weight_sensitive_product,-0.012291184375,0.00013959810217059122
108,64,8,concentrated,-160,complete,256,quota,weight_sensitive_hybrid,-0.012291184375,0.00013959810217059122
108,64,8,concentrated,-160,complete,256,quota,empirical_bernstein_fixed_forecast,-0.01017780875,0.00014457170017355506
108,64,8,concentrated,-160,complete,256,harmonic_martingale,weight_sensitive_product,0.021164900624999997,0.0005164828813509001
108,64,8,concentrated,-160,complete,256,harmonic_martingale,weight_sensitive_hybrid,0.021164900624999997,0.0005164828813509001
108,64,8,concentrated,-160,complete,256,harmonic_martingale,empirical_bernstein_fixed_forecast,0.02327827625,0.0005242349738925301
108,64,8,concentrated,-160,complete,256,weight_sensitive_product,weight_sensitive_hybrid,0.0,0.0
108,64,8,concentrated,-160,complete,256,weight_sensitive_product,empirical_bernstein_fixed_forecast,0.0021133756250000003,5.674201029551137e-05
108,64,8,concentrated,-160,complete,256,weight_sensitive_hybrid,empirical_bernstein_fixed_forecast,0.0021133756250000003,5.674201029551137e-05
109,64,8,concentrated,-160,coarse_interval,256,no_learning_half,empirical_best_midpoint,0.08,0.0
109,64,8,concentrated,-160,coarse_interval,256,no_learning_half,quota,0.026930223125000003,0.0003498447548787007
109,64,8,concentrated,-160,coarse_interval,256,no_learning_half,harmonic_martingale,0.011406605625000002,0.00010460193375069947
109,64,8,concentrated,-160,coarse_interval,256,no_learning_half,weight_sensitive_product,0.020952478750000003,0.0002842947889710121
109,64,8,concentrated,-160,coarse_interval,256,no_learning_half,weight_sensitive_hybrid,0.020952478750000003,0.0002842947889710121
109,64,8,concentrated,-160,coarse_interval,256,no_learning_half,empirical_bernstein_fixed_forecast,0.02221155875,0.00032485969989410506
109,64,8,concentrated,-160,coarse_interval,256,empirical_best_midpoint,quota,-0.053069776875,0.0003498447548787007
109,64,8,concentrated,-160,coarse_interval,256,empirical_best_midpoint,harmonic_martingale,-0.068593394375,0.00010460193375069947
109,64,8,concentrated,-160,coarse_interval,256,empirical_best_midpoint,weight_sensitive_product,-0.05904752125,0.0002842947889710121
109,64,8,concentrated,-160,coarse_interval,256,empirical_best_midpoint,weight_sensitive_hybrid,-0.05904752125,0.0002842947889710121
109,64,8,concentrated,-160,coarse_interval,256,empirical_best_midpoint,empirical_bernstein_fixed_forecast,-0.05778844125,0.00032485969989410506
109,64,8,concentrated,-160,coarse_interval,256,quota,harmonic_martingale,-0.0155236175,0.00038331445525600883
109,64,8,concentrated,-160,coarse_interval,256,quota,weight_sensitive_product,-0.005977744375,6.754676267930501e-05
109,64,8,concentrated,-160,coarse_interval,256,quota,weight_sensitive_hybrid,-0.005977744375,6.754676267930501e-05
109,64,8,concentrated,-160,coarse_interval,256,quota,empirical_bernstein_fixed_forecast,-0.004718664374999999,5.536448997170389e-05
109,64,8,concentrated,-160,coarse_interval,256,harmonic_martingale,weight_sensitive_product,0.009545873125,0.0003196040718746152
109,64,8,concentrated,-160,coarse_interval,256,harmonic_martingale,weight_sensitive_hybrid,0.009545873125,0.0003196040718746152
109,64,8,concentrated,-160,coarse_interval,256,harmonic_martingale,empirical_bernstein_fixed_forecast,0.010804953125,0.0003565473476225526
109,64,8,concentrated,-160,coarse_interval,256,weight_sensitive_product,weight_sensitive_hybrid,0.0,0.0
109,64,8,concentrated,-160,coarse_interval,256,weight_sensitive_product,empirical_bernstein_fixed_forecast,0.00125908,5.840787466382508e-05
109,64,8,concentrated,-160,coarse_interval,256,weight_sensitive_hybrid,empirical_bernstein_fixed_forecast,0.00125908,5.840787466382508e-05
110,64,8,concentrated,-160,assignment_dependent,256,no_learning_half,empirical_best_midpoint,-0.08,0.0
110,64,8,concentrated,-160,assignment_dependent,256,no_learning_half,quota,-0.008526871249999998,0.00011242401739987411
110,64,8,concentrated,-160,assignment_dependent,256,no_learning_half,harmonic_martingale,-0.00473523375,2.9366382998848327e-05
110,64,8,concentrated,-160,assignment_dependent,256,no_learning_half,weight_sensitive_product,-0.006574694374999998,9.306492847223699e-05
110,64,8,concentrated,-160,assignment_dependent,256,no_learning_half,weight_sensitive_hybrid,-0.006574694374999998,9.306492847223699e-05
110,64,8,concentrated,-160,assignment_dependent,256,no_learning_half,empirical_bernstein_fixed_forecast,-0.006507975624999999,0.00011488816463397853
110,64,8,concentrated,-160,assignment_dependent,256,empirical_best_midpoint,quota,0.07147312875,0.00011242401739987411
110,64,8,concentrated,-160,assignment_dependent,256,empirical_best_midpoint,harmonic_martingale,0.07526476625,2.9366382998848327e-05
110,64,8,concentrated,-160,assignment_dependent,256,empirical_best_midpoint,weight_sensitive_product,0.073425305625,9.306492847223699e-05
110,64,8,concentrated,-160,assignment_dependent,256,empirical_best_midpoint,weight_sensitive_hybrid,0.073425305625,9.306492847223699e-05
110,64,8,concentrated,-160,assignment_dependent,256,empirical_best_midpoint,empirical_bernstein_fixed_forecast,0.073492024375,0.00011488816463397853
110,64,8,concentrated,-160,assignment_dependent,256,quota,harmonic_martingale,0.0037916374999999993,0.0001231747637476492
110,64,8,concentrated,-160,assignment_dependent,256,quota,weight_sensitive_product,0.0019521768750000008,3.189526147209748e-05
110,64,8,concentrated,-160,assignment_dependent,256,quota,weight_sensitive_hybrid,0.0019521768750000008,3.189526147209748e-05
110,64,8,concentrated,-160,assignment_dependent,256,quota,empirical_bernstein_fixed_forecast,0.0020188956250000003,4.7278319885539996e-05
110,64,8,concentrated,-160,assignment_dependent,256,harmonic_martingale,weight_sensitive_product,-0.0018394606249999992,0.00010301106693590248
110,64,8,concentrated,-160,assignment_dependent,256,harmonic_martingale,weight_sensitive_hybrid,-0.0018394606249999992,0.00010301106693590248
110,64,8,concentrated,-160,assignment_dependent,256,harmonic_martingale,empirical_bernstein_fixed_forecast,-0.0017727418749999993,0.0001221556316090656
110,64,8,concentrated,-160,assignment_dependent,256,weight_sensitive_product,weight_sensitive_hybrid,0.0,0.0
110,64,8,concentrated,-160,assignment_dependent,256,weight_sensitive_product,empirical_bernstein_fixed_forecast,6.671874999999978e-05,3.604276616652844e-05
110,64,8,concentrated,-160,assignment_dependent,256,weight_sensitive_hybrid,empirical_bernstein_fixed_forecast,6.671874999999978e-05,3.604276616652844e-05
111,64,8,concentrated,0,complete,256,no_learning_half,empirical_best_midpoint,0.0,0.0
111,64,8,concentrated,0,complete,256,no_learning_half,quota,0.0,0.0
111,64,8,concentrated,0,complete,256,no_learning_half,harmonic_martingale,0.0,0.0
111,64,8,concentrated,0,complete,256,no_learning_half,weight_sensitive_product,0.0,0.0
111,64,8,concentrated,0,complete,256,no_learning_half,weight_sensitive_hybrid,0.0,0.0
111,64,8,concentrated,0,complete,256,no_learning_half,empirical_bernstein_fixed_forecast,0.0,0.0
111,64,8,concentrated,0,complete,256,empirical_best_midpoint,quota,0.0,0.0
111,64,8,concentrated,0,complete,256,empirical_best_midpoint,harmonic_martingale,0.0,0.0
111,64,8,concentrated,0,complete,256,empirical_best_midpoint,weight_sensitive_product,0.0,0.0
111,64,8,concentrated,0,complete,256,empirical_best_midpoint,weight_sensitive_hybrid,0.0,0.0
111,64,8,concentrated,0,complete,256,empirical_best_midpoint,empirical_bernstein_fixed_forecast,0.0,0.0
111,64,8,concentrated,0,complete,256,quota,harmonic_martingale,0.0,0.0
111,64,8,concentrated,0,complete,256,quota,weight_sensitive_product,0.0,0.0
111,64,8,concentrated,0,complete,256,quota,weight_sensitive_hybrid,0.0,0.0
111,64,8,concentrated,0,complete,256,quota,empirical_bernstein_fixed_forecast,0.0,0.0
111,64,8,concentrated,0,complete,256,harmonic_martingale,weight_sensitive_product,0.0,0.0
111,64,8,concentrated,0,complete,256,harmonic_martingale,weight_sensitive_hybrid,0.0,0.0
111,64,8,concentrated,0,complete,256,harmonic_martingale,empirical_bernstein_fixed_forecast,0.0,0.0
111,64,8,concentrated,0,complete,256,weight_sensitive_product,weight_sensitive_hybrid,0.0,0.0
111,64,8,concentrated,0,complete,256,weight_sensitive_product,empirical_bernstein_fixed_forecast,0.0,0.0
111,64,8,concentrated,0,complete,256,weight_sensitive_hybrid,empirical_bernstein_fixed_forecast,0.0,0.0
112,64,8,concentrated,0,coarse_interval,256,no_learning_half,empirical_best_midpoint,0.0,0.0
112,64,8,concentrated,0,coarse_interval,256,no_learning_half,quota,0.0,0.0
112,64,8,concentrated,0,coarse_interval,256,no_learning_half,harmonic_martingale,0.0,0.0
112,64,8,concentrated,0,coarse_interval,256,no_learning_half,weight_sensitive_product,0.0,0.0
112,64,8,concentrated,0,coarse_interval,256,no_learning_half,weight_sensitive_hybrid,0.0,0.0
112,64,8,concentrated,0,coarse_interval,256,no_learning_half,empirical_bernstein_fixed_forecast,0.0,0.0
112,64,8,concentrated,0,coarse_interval,256,empirical_best_midpoint,quota,0.0,0.0
112,64,8,concentrated,0,coarse_interval,256,empirical_best_midpoint,harmonic_martingale,0.0,0.0
112,64,8,concentrated,0,coarse_interval,256,empirical_best_midpoint,weight_sensitive_product,0.0,0.0
112,64,8,concentrated,0,coarse_interval,256,empirical_best_midpoint,weight_sensitive_hybrid,0.0,0.0
112,64,8,concentrated,0,coarse_interval,256,empirical_best_midpoint,empirical_bernstein_fixed_forecast,0.0,0.0
112,64,8,concentrated,0,coarse_interval,256,quota,harmonic_martingale,0.0,0.0
112,64,8,concentrated,0,coarse_interval,256,quota,weight_sensitive_product,0.0,0.0
112,64,8,concentrated,0,coarse_interval,256,quota,weight_sensitive_hybrid,0.0,0.0
112,64,8,concentrated,0,coarse_interval,256,quota,empirical_bernstein_fixed_forecast,0.0,0.0
112,64,8,concentrated,0,coarse_interval,256,harmonic_martingale,weight_sensitive_product,0.0,0.0
112,64,8,concentrated,0,coarse_interval,256,harmonic_martingale,weight_sensitive_hybrid,0.0,0.0
112,64,8,concentrated,0,coarse_interval,256,harmonic_martingale,empirical_bernstein_fixed_forecast,0.0,0.0
112,64,8,concentrated,0,coarse_interval,256,weight_sensitive_product,weight_sensitive_hybrid,0.0,0.0
112,64,8,concentrated,0,coarse_interval,256,weight_sensitive_product,empirical_bernstein_fixed_forecast,0.0,0.0
112,64,8,concentrated,0,coarse_interval,256,weight_sensitive_hybrid,empirical_bernstein_fixed_forecast,0.0,0.0
113,64,8,concentrated,0,assignment_dependent,256,no_learning_half,empirical_best_midpoint,0.0,0.0
113,64,8,concentrated,0,assignment_dependent,256,no_learning_half,quota,0.0,0.0
113,64,8,concentrated,0,assignment_dependent,256,no_learning_half,harmonic_martingale,0.0,0.0
113,64,8,concentrated,0,assignment_dependent,256,no_learning_half,weight_sensitive_product,0.0,0.0
113,64,8,concentrated,0,assignment_dependent,256,no_learning_half,weight_sensitive_hybrid,0.0,0.0
113,64,8,concentrated,0,assignment_dependent,256,no_learning_half,empirical_bernstein_fixed_forecast,0.0,0.0
113,64,8,concentrated,0,assignment_dependent,256,empirical_best_midpoint,quota,0.0,0.0
113,64,8,concentrated,0,assignment_dependent,256,empirical_best_midpoint,harmonic_martingale,0.0,0.0
113,64,8,concentrated,0,assignment_dependent,256,empirical_best_midpoint,weight_sensitive_product,0.0,0.0
113,64,8,concentrated,0,assignment_dependent,256,empirical_best_midpoint,weight_sensitive_hybrid,0.0,0.0
113,64,8,concentrated,0,assignment_dependent,256,empirical_best_midpoint,empirical_bernstein_fixed_forecast,0.0,0.0
113,64,8,concentrated,0,assignment_dependent,256,quota,harmonic_martingale,0.0,0.0
113,64,8,concentrated,0,assignment_dependent,256,quota,weight_sensitive_product,0.0,0.0
113,64,8,concentrated,0,assignment_dependent,256,quota,weight_sensitive_hybrid,0.0,0.0
113,64,8,concentrated,0,assignment_dependent,256,quota,empirical_bernstein_fixed_forecast,0.0,0.0
113,64,8,concentrated,0,assignment_dependent,256,harmonic_martingale,weight_sensitive_product,0.0,0.0
113,64,8,concentrated,0,assignment_dependent,256,harmonic_martingale,weight_sensitive_hybrid,0.0,0.0
113,64,8,concentrated,0,assignment_dependent,256,harmonic_martingale,empirical_bernstein_fixed_forecast,0.0,0.0
113,64,8,concentrated,0,assignment_dependent,256,weight_sensitive_product,weight_sensitive_hybrid,0.0,0.0
113,64,8,concentrated,0,assignment_dependent,256,weight_sensitive_product,empirical_bernstein_fixed_forecast,0.0,0.0
113,64,8,concentrated,0,assignment_dependent,256,weight_sensitive_hybrid,empirical_bernstein_fixed_forecast,0.0,0.0
114,64,8,concentrated,40,complete,256,no_learning_half,empirical_best_midpoint,0.012968749999999998,0.0009534488962677119
114,64,8,concentrated,40,complete,256,no_learning_half,quota,0.0028210229687500006,0.0001850457996625688
114,64,8,concentrated,40,complete,256,no_learning_half,harmonic_martingale,0.0007700885937500003,2.2298375820778875e-05
114,64,8,concentrated,40,complete,256,no_learning_half,weight_sensitive_product,0.0022031498437500006,0.00014447366128913142
114,64,8,concentrated,40,complete,256,no_learning_half,weight_sensitive_hybrid,0.0022031498437500006,0.00014447366128913142
114,64,8,concentrated,40,complete,256,no_learning_half,empirical_bernstein_fixed_forecast,0.0022523348437500004,0.0001475777003866619
114,64,8,concentrated,40,complete,256,empirical_best_midpoint,quota,-0.01014772703125,0.0008396334334918314
114,64,8,concentrated,40,complete,256,empirical_best_midpoint,harmonic_martingale,-0.01219866140625,0.0009515315684474431
114,64,8,concentrated,40,complete,256,empirical_best_midpoint,weight_sensitive_product,-0.010765600156250001,0.0008624380379115593
114,64,8,concentrated,40,complete,256,empirical_best_midpoint,weight_sensitive_hybrid,-0.010765600156250001,0.0008624380379115593
114,64,8,concentrated,40,complete,256,empirical_best_midpoint,empirical_bernstein_fixed_forecast,-0.01071641515625,0.0008602212551644901
114,64,8,concentrated,40,complete,256,quota,harmonic_martingale,-0.0020509343749999997,0.0001836025546474291
114,64,8,concentrated,40,complete,256,quota,weight_sensitive_product,-0.000617873125,4.057561314169447e-05
114,64,8,concentrated,40,complete,256,quota,weight_sensitive_hybrid,-0.000617873125,4.057561314169447e-05
114,64,8,concentrated,40,complete,256,quota,empirical_bernstein_fixed_forecast,-0.0005686881250000001,3.8097803129190097e-05
114,64,8,concentrated,40,complete,256,harmonic_martingale,weight_sensitive_product,0.00143306125,0.00014340271000647006
114,64,8,concentrated,40,complete,256,harmonic_martingale,weight_sensitive_hybrid,0.00143306125,0.00014340271000647006
114,64,8,concentrated,40,complete,256,harmonic_martingale,empirical_bernstein_fixed_forecast,0.0014822462499999999,0.00014644741640068305
114,64,8,concentrated,40,complete,256,weight_sensitive_product,weight_sensitive_hybrid,0.0,0.0
114,64,8,concentrated,40,complete,256,weight_sensitive_product,empirical_bernstein_fixed_forecast,4.91849999999999e-05,6.755291916160916e-06
114,64,8,concentrated,40,complete,256,weight_sensitive_hybrid,empirical_bernstein_fixed_forecast,4.91849999999999e-05,6.755291916160916e-06
115,64,8,concentrated,40,coarse_interval,256,no_learning_half,empirical_best_midpoint,0.011015625,0.0010424208360583214
115,64,8,concentrated,40,coarse_interval,256,no_learning_half,quota,0.0012976617187500004,0.00010892544546722548
115,64,8,concentrated,40,coarse_interval,256,no_learning_half,harmonic_martingale,0.0004900642187500004,1.988678525117328e-05
115,64,8,concentrated,40,coarse_interval,256,no_learning_half,weight_sensitive_product,0.0010394534375000003,8.262270292809865e-05
115,64,8,concentrated,40,coarse_interval,256,no_learning_half,weight_sensitive_hybrid,0.0010394534375000003,8.262270292809865e-05
115,64,8,concentrated,40,coarse_interval,256,no_learning_half,empirical_bernstein_fixed_forecast,0.0010584884375000004,8.701550952563072e-05
115,64,8,concentrated,40,coarse_interval,256,empirical_best_midpoint,quota,-0.009717963281249999,0.0009675825116186105
115,64,8,concentrated,40,coarse_interval,256,empirical_best_midpoint,harmonic_martingale,-0.01052556078125,0.0010401255116698621
115,64,8,concentrated,40,coarse_interval,256,empirical_best_midpoint,weight_sensitive_product,-0.0099761715625,0.0009825187464544514
115,64,8,concentrated,40,coarse_interval,256,empirical_best_midpoint,weight_sensitive_hybrid,-0.0099761715625,0.0009825187464544514
115,64,8,concentrated,40,coarse_interval,256,empirical_best_midpoint,empirical_bernstein_fixed_forecast,-0.0099571365625,0.0009807689809472897
115,64,8,concentrated,40,coarse_interval,256,quota,harmonic_martingale,-0.0008075975,0.00010748312965127297
115,64,8,concentrated,40,coarse_interval,256,quota,weight_sensitive_product,-0.00025820828124999997,2.7751989359900706e-05
115,64,8,concentrated,40,coarse_interval,256,quota,weight_sensitive_hybrid,-0.00025820828124999997,2.7751989359900706e-05
115,64,8,concentrated,40,coarse_interval,256,quota,empirical_bernstein_fixed_forecast,-0.00023917328125000004,2.6550868602523425e-05
115,64,8,concentrated,40,coarse_interval,256,harmonic_martingale,weight_sensitive_product,0.0005493892187500001,8.128810129603093e-05
115,64,8,concentrated,40,coarse_interval,256,harmonic_martingale,weight_sensitive_hybrid,0.0005493892187500001,8.128810129603093e-05
115,64,8,concentrated,40,coarse_interval,256,harmonic_martingale,empirical_bernstein_fixed_forecast,0.00056842421875,8.586171389860952e-05
115,64,8,concentrated,40,coarse_interval,256,weight_sensitive_product,weight_sensitive_hybrid,0.0,0.0
115,64,8,concentrated,40,coarse_interval,256,weight_sensitive_product,empirical_bernstein_fixed_forecast,1.903499999999991e-05,1.1508379144745605e-05
115,64,8,concentrated,40,coarse_interval,256,weight_sensitive_hybrid,empirical_bernstein_fixed_forecast,1.903499999999991e-05,1.1508379144745605e-05
116,64,8,concentrated,40,assignment_dependent,256,no_learning_half,empirical_best_midpoint,0.02,0.0
116,64,8,concentrated,40,assignment_dependent,256,no_learning_half,quota,0.0032881164062500004,4.841728251513434e-05
116,64,8,concentrated,40,assignment_dependent,256,no_learning_half,harmonic_martingale,0.0020874867187500004,1.0996812082368913e-05
116,64,8,concentrated,40,assignment_dependent,256,no_learning_half,weight_sensitive_product,0.0026004470312500005,3.054274196583237e-05
116,64,8,concentrated,40,assignment_dependent,256,no_learning_half,weight_sensitive_hybrid,0.0026004470312500005,3.054274196583237e-05
116,64,8,concentrated,40,assignment_dependent,256,no_learning_half,empirical_bernstein_fixed_forecast,0.0025679878125000003,3.553890518668928e-05
116,64,8,concentrated,40,assignment_dependent,256,empirical_best_midpoint,quota,-0.01671188359375,4.841728251513434e-05
116,64,8,concentrated,40,assignment_dependent,256,empirical_best_midpoint,harmonic_martingale,-0.01791251328125,1.0996812082368913e-05
116,64,8,concentrated,40,assignment_dependent,256,empirical_best_midpoint,weight_sensitive_product,-0.017399552968750003,3.054274196583237e-05
116,64,8,concentrated,40,assignment_dependent,256,empirical_best_midpoint,weight_sensitive_hybrid,-0.017399552968750003,3.054274196583237e-05
116,64,8,concentrated,40,assignment_dependent,256,empirical_best_midpoint,empirical_bernstein_fixed_forecast,-0.0174320121875,3.5538905186689273e-05
116,64,8,concentrated,40,assignment_dependent,256,quota,harmonic_martingale,-0.0012006296875,4.670099889214498e-05
116,64,8,concentrated,40,assignment_dependent,256,quota,weight_sensitive_product,-0.0006876693750000001,2.1708514411162382e-05
116,64,8,concentrated,40,assignment_dependent,256,quota,weight_sensitive_hybrid,-0.0006876693750000001,2.1708514411162382e-05
116,64,8,concentrated,40,assignment_dependent,256,quota,empirical_bernstein_fixed_forecast,-0.0007201285937500001,2.2653958998667842e-05
116,64,8,concentrated,40,assignment_dependent,256,harmonic_martingale,weight_sensitive_product,0.0005129603125,2.8918610348016397e-05
116,64,8,concentrated,40,assignment_dependent,256,harmonic_martingale,weight_sensitive_hybrid,0.0005129603125,2.8918610348016397e-05
116,64,8,concentrated,40,assignment_dependent,256,harmonic_martingale,empirical_bernstein_fixed_forecast,0.00048050109374999994,3.361334808824005e-05
116,64,8,concentrated,40,assignment_dependent,256,weight_sensitive_product,weight_sensitive_hybrid,0.0,0.0
116,64,8,concentrated,40,assignment_dependent,256,weight_sensitive_product,empirical_bernstein_fixed_forecast,-3.2459218750000016e-05,1.0641015346086373e-05
116,64,8,concentrated,40,assignment_dependent,256,weight_sensitive_hybrid,empirical_bernstein_fixed_forecast,-3.2459218750000016e-05,1.0641015346086373e-05
117,64,8,concentrated,160,complete,256,no_learning_half,empirical_best_midpoint,0.08,0.0
117,64,8,concentrated,160,complete,256,no_learning_half,quota,0.04611098625,0.0008014975047255103
117,64,8,concentrated,160,complete,256,no_learning_half,harmonic_martingale,0.01270111375,8.8705929637133e-05
117,64,8,concentrated,160,complete,256,no_learning_half,weight_sensitive_product,0.0358238625,0.00060982709297139
117,64,8,concentrated,160,complete,256,no_learning_half,weight_sensitive_hybrid,0.0358238625,0.00060982709297139
117,64,8,concentrated,160,complete,256,no_learning_half,empirical_bernstein_fixed_forecast,0.03536305125,0.0005730294994975439
117,64,8,concentrated,160,complete,256,empirical_best_midpoint,quota,-0.03388901375,0.0008014975047255103
117,64,8,concentrated,160,complete,256,empirical_best_midpoint,harmonic_martingale,-0.06729888625,8.8705929637133e-05
117,64,8,concentrated,160,complete,256,empirical_best_midpoint,weight_sensitive_product,-0.0441761375,0.00060982709297139
117,64,8,concentrated,160,complete,256,empirical_best_midpoint,weight_sensitive_hybrid,-0.0441761375,0.00060982709297139
117,64,8,concentrated,160,complete,256,empirical_best_midpoint,empirical_bernstein_fixed_forecast,-0.04463694875,0.0005730294994975439
117,64,8,concentrated,160,complete,256,quota,harmonic_martingale,-0.0334098725,0.0007766351483200164
117,64,8,concentrated,160,complete,256,quota,weight_sensitive_product,-0.01028712375,0.00019313349185884853
117,64,8,concentrated,160,complete,256,quota,weight_sensitive_hybrid,-0.01028712375,0.00019313349185884853
117,64,8,concentrated,160,complete,256,quota,empirical_bernstein_fixed_forecast,-0.010747935,0.00026359786684976245
117,64,8,concentrated,160,complete,256,harmonic_martingale,weight_sensitive_product,0.023122748749999998,0.0005856880482116184
117,64,8,concentrated,160,complete,256,harmonic_martingale,weight_sensitive_hybrid,0.023122748749999998,0.0005856880482116184
117,64,8,concentrated,160,complete,256,harmonic_martingale,empirical_bernstein_fixed_forecast,0.0226619375,0.0005510648735415351
117,64,8,concentrated,160,complete,256,weight_sensitive_product,weight_sensitive_hybrid,0.0,0.0
117,64,8,concentrated,160,complete,256,weight_sensitive_product,empirical_bernstein_fixed_forecast,-0.00046081125,0.00011636137627967346
117,64,8,concentrated,160,complete,256,weight_sensitive_hybrid,empirical_bernstein_fixed_forecast,-0.00046081125,0.00011636137627967346
118,64,8,concentrated,160,coarse_interval,256,no_learning_half,empirical_best_midpoint,0.08,0.0
118,64,8,concentrated,160,coarse_interval,256,no_learning_half,quota,0.024952910000000002,0.00048475433060994724
118,64,8,concentrated,160,coarse_interval,256,no_learning_half,harmonic_martingale,0.010259881250000002,8.364322348460655e-05
118,64,8,concentrated,160,coarse_interval,256,no_learning_half,weight_sensitive_product,0.020175774375000004,0.00034372278531667977
118,64,8,concentrated,160,coarse_interval,256,no_learning_half,weight_sensitive_hybrid,0.020175774375000004,0.00034372278531667977
118,64,8,concentrated,160,coarse_interval,256,no_learning_half,empirical_bernstein_fixed_forecast,0.019580431875000002,0.00032951671909372084
118,64,8,concentrated,160,coarse_interval,256,empirical_best_midpoint,quota,-0.05504709,0.00048475433060994724
118,64,8,concentrated,160,coarse_interval,256,empirical_best_midpoint,harmonic_martingale,-0.06974011875,8.364322348460655e-05
118,64,8,concentrated,160,coarse_interval,256,empirical_best_midpoint,weight_sensitive_product,-0.059824225625,0.00034372278531667977
118,64,8,concentrated,160,coarse_interval,256,empirical_best_midpoint,weight_sensitive_hybrid,-0.059824225625,0.00034372278531667977
118,64,8,concentrated,160,coarse_interval,256,empirical_best_midpoint,empirical_bernstein_fixed_forecast,-0.060419568125,0.00032951671909372084
118,64,8,concentrated,160,coarse_interval,256,quota,harmonic_martingale,-0.014693028750000002,0.0004472403244336356
118,64,8,concentrated,160,coarse_interval,256,quota,weight_sensitive_product,-0.004777135625,0.0001449596493288818
118,64,8,concentrated,160,coarse_interval,256,quota,weight_sensitive_hybrid,-0.004777135625,0.0001449596493288818
118,64,8,concentrated,160,coarse_interval,256,quota,empirical_bernstein_fixed_forecast,-0.005372478125,0.00018728251119523692
118,64,8,concentrated,160,coarse_interval,256,harmonic_martingale,weight_sensitive_product,0.009915893125,0.0003048125483835427
118,64,8,concentrated,160,coarse_interval,256,harmonic_martingale,weight_sensitive_hybrid,0.009915893125,0.0003048125483835427
118,64,8,concentrated,160,coarse_interval,256,harmonic_martingale,empirical_bernstein_fixed_forecast,0.009320550625,0.00029151263933121564
118,64,8,concentrated,160,coarse_interval,256,weight_sensitive_product,weight_sensitive_hybrid,0.0,0.0
118,64,8,concentrated,160,coarse_interval,256,weight_sensitive_product,empirical_bernstein_fixed_forecast,-0.0005953425000000003,8.377492540985324e-05
118,64,8,concentrated,160,coarse_interval,256,weight_sensitive_hybrid,empirical_bernstein_fixed_forecast,-0.0005953425000000003,8.377492540985324e-05
119,64,8,concentrated,160,assignment_dependent,256,no_learning_half,empirical_best_midpoint,0.08,0.0
119,64,8,concentrated,160,assignment_dependent,256,no_learning_half,quota,0.025801448750000004,0.0002835603511619217
119,64,8,concentrated,160,assignment_dependent,256,no_learning_half,harmonic_martingale,0.013093673125,6.288091803054138e-05
119,64,8,concentrated,160,assignment_dependent,256,no_learning_half,weight_sensitive_product,0.019729563125000002,0.0002175936029078803
119,64,8,concentrated,160,assignment_dependent,256,no_learning_half,weight_sensitive_hybrid,0.019729563125000002,0.0002175936029078803
119,64,8,concentrated,160,assignment_dependent,256,no_learning_half,empirical_bernstein_fixed_forecast,0.019041631250000003,0.0002164409935296267
119,64,8,concentrated,160,assignment_dependent,256,empirical_best_midpoint,quota,-0.05419855125,0.0002835603511619217
119,64,8,concentrated,160,assignment_dependent,256,empirical_best_midpoint,harmonic_martingale,-0.06690632687499999,6.288091803054139e-05
119,64,8,concentrated,160,assignment_dependent,256,empirical_best_midpoint,weight_sensitive_product,-0.060270436875,0.0002175936029078803
119,64,8,concentrated,160,assignment_dependent,256,empirical_best_midpoint,weight_sensitive_hybrid,-0.060270436875,0.0002175936029078803
119,64,8,concentrated,160,assignment_dependent,256,empirical_best_midpoint,empirical_bernstein_fixed_forecast,-0.06095836875,0.0002164409935296267
119,64,8,concentrated,160,assignment_dependent,256,quota,harmonic_martingale,-0.012707775625,0.0002608298432729424
119,64,8,concentrated,160,assignment_dependent,256,quota,weight_sensitive_product,-0.006071885625,8.73993994060748e-05
119,64,8,concentrated,160,assignment_dependent,256,quota,weight_sensitive_hybrid,-0.006071885625,8.73993994060748e-05
119,64,8,concentrated,160,assignment_dependent,256,quota,empirical_bernstein_fixed_forecast,-0.006759817499999999,0.00013102247093748357
119,64,8,concentrated,160,assignment_dependent,256,harmonic_martingale,weight_sensitive_product,0.00663589,0.00019027820797298825
119,64,8,concentrated,160,assignment_dependent,256,harmonic_martingale,weight_sensitive_hybrid,0.00663589,0.00019027820797298825
119,64,8,concentrated,160,assignment_dependent,256,harmonic_martingale,empirical_bernstein_fixed_forecast,0.005947958125,0.00018990307868464845
119,64,8,concentrated,160,assignment_dependent,256,weight_sensitive_product,weight_sensitive_hybrid,0.0,0.0
119,64,8,concentrated,160,assignment_dependent,256,weight_sensitive_product,empirical_bernstein_fixed_forecast,-0.0006879318749999998,7.702637755630857e-05
119,64,8,concentrated,160,assignment_dependent,256,weight_sensitive_hybrid,empirical_bernstein_fixed_forecast,-0.0006879318749999998,7.702637755630857e-05
120,64,32,equal,-160,complete,256,no_learning_half,empirical_best_midpoint,0.08,0.0
120,64,32,equal,-160,complete,256,no_learning_half,quota,0.08,0.0
120,64,32,equal,-160,complete,256,no_learning_half,harmonic_martingale,0.08,0.0
120,64,32,equal,-160,complete,256,no_learning_half,weight_sensitive_product,0.08,0.0
120,64,32,equal,-160,complete,256,no_learning_half,weight_sensitive_hybrid,0.08,0.0
120,64,32,equal,-160,complete,256,no_learning_half,empirical_bernstein_fixed_forecast,0.08,0.0
120,64,32,equal,-160,complete,256,empirical_best_midpoint,quota,0.0,0.0
120,64,32,equal,-160,complete,256,empirical_best_midpoint,harmonic_martingale,0.0,0.0
120,64,32,equal,-160,complete,256,empirical_best_midpoint,weight_sensitive_product,0.0,0.0
120,64,32,equal,-160,complete,256,empirical_best_midpoint,weight_sensitive_hybrid,0.0,0.0
120,64,32,equal,-160,complete,256,empirical_best_midpoint,empirical_bernstein_fixed_forecast,0.0,0.0
120,64,32,equal,-160,complete,256,quota,harmonic_martingale,0.0,0.0
120,64,32,equal,-160,complete,256,quota,weight_sensitive_product,0.0,0.0
120,64,32,equal,-160,complete,256,quota,weight_sensitive_hybrid,0.0,0.0
120,64,32,equal,-160,complete,256,quota,empirical_bernstein_fixed_forecast,0.0,0.0
120,64,32,equal,-160,complete,256,harmonic_martingale,weight_sensitive_product,0.0,0.0
120,64,32,equal,-160,complete,256,harmonic_martingale,weight_sensitive_hybrid,0.0,0.0
120,64,32,equal,-160,complete,256,harmonic_martingale,empirical_bernstein_fixed_forecast,0.0,0.0
120,64,32,equal,-160,complete,256,weight_sensitive_product,weight_sensitive_hybrid,0.0,0.0
120,64,32,equal,-160,complete,256,weight_sensitive_product,empirical_bernstein_fixed_forecast,0.0,0.0
120,64,32,equal,-160,complete,256,weight_sensitive_hybrid,empirical_bernstein_fixed_forecast,0.0,0.0
121,64,32,equal,-160,coarse_interval,256,no_learning_half,empirical_best_midpoint,0.08,0.0
121,64,32,equal,-160,coarse_interval,256,no_learning_half,quota,0.05085846625,0.00013535920859771515
121,64,32,equal,-160,coarse_interval,256,no_learning_half,harmonic_martingale,0.05080548312500001,0.00013521791970872002
121,64,32,equal,-160,coarse_interval,256,no_learning_half,weight_sensitive_product,0.040883795625000004,0.00010881141119387878
121,64,32,equal,-160,coarse_interval,256,no_learning_half,weight_sensitive_hybrid,0.05080548312500001,0.00013521791970872002
121,64,32,equal,-160,coarse_interval,256,no_learning_half,empirical_bernstein_fixed_forecast,0.058520380625,0.00015322883058756847
121,64,32,equal,-160,coarse_interval,256,empirical_best_midpoint,quota,-0.029141533749999997,0.00013535920859771513
121,64,32,equal,-160,coarse_interval,256,empirical_best_midpoint,harmonic_martingale,-0.029194516875,0.00013521791970872005
121,64,32,equal,-160,coarse_interval,256,empirical_best_midpoint,weight_sensitive_product,-0.039116204375000005,0.00010881141119387878
121,64,32,equal,-160,coarse_interval,256,empirical_best_midpoint,weight_sensitive_hybrid,-0.029194516875,0.00013521791970872005
121,64,32,equal,-160,coarse_interval,256,empirical_best_midpoint,empirical_bernstein_fixed_forecast,-0.021479619374999998,0.00015322883058756847
121,64,32,equal,-160,coarse_interval,256,quota,harmonic_martingale,-5.2983124999999965e-05,1.413459840024845e-07
121,64,32,equal,-160,coarse_interval,256,quota,weight_sensitive_product,-0.009974670625,2.654779769767179e-05
121,64,32,equal,-160,coarse_interval,256,quota,weight_sensitive_hybrid,-5.2983124999999965e-05,1.413459840024845e-07
121,64,32,equal,-160,coarse_interval,256,quota,empirical_bernstein_fixed_forecast,0.007661914375,1.794881081520001e-05
121,64,32,equal,-160,coarse_interval,256,harmonic_martingale,weight_sensitive_product,-0.0099216875,2.6406508878531457e-05
121,64,32,equal,-160,coarse_interval,256,harmonic_martingale,weight_sensitive_hybrid,0.0,0.0
121,64,32,equal,-160,coarse_interval,256,harmonic_martingale,empirical_bernstein_fixed_forecast,0.0077148975,1.8089372017167725e-05
121,64,32,equal,-160,coarse_interval,256,weight_sensitive_product,weight_sensitive_hybrid,0.0099216875,2.6406508878531457e-05
121,64,32,equal,-160,coarse_interval,256,weight_sensitive_product,empirical_bernstein_fixed_forecast,0.017636585,4.444306174372849e-05
121,64,32,equal,-160,coarse_interval,256,weight_sensitive_hybrid,empirical_bernstein_fixed_forecast,0.0077148975,1.8089372017167725e-05
122,64,32,equal,-160,assignment_dependent,256,no_learning_half,empirical_best_midpoint,-0.08,0.0
122,64,32,equal,-160,assignment_dependent,256,no_learning_half,quota,-0.010407134999999998,2.143795627651399e-05
122,64,32,equal,-160,assignment_dependent,256,no_learning_half,harmonic_martingale,-0.010405090624999998,2.1433118503217794e-05
122,64,32,equal,-160,assignment_dependent,256,no_learning_half,weight_sensitive_product,-0.009950860624999999,2.0273486996529953e-05
122,64,32,equal,-160,assignment_dependent,256,no_learning_half,weight_sensitive_hybrid,-0.010405090624999998,2.1433118503217794e-05
122,64,32,equal,-160,assignment_dependent,256,no_learning_half,empirical_bernstein_fixed_forecast,-0.010523509375,2.1964321495848168e-05
122,64,32,equal,-160,assignment_dependent,256,empirical_best_midpoint,quota,0.069592865,2.143795627651399e-05
122,64,32,equal,-160,assignment_dependent,256,empirical_best_midpoint,harmonic_martingale,0.06959490937500001,2.1433118503217794e-05
122,64,32,equal,-160,assignment_dependent,256,empirical_best_midpoint,weight_sensitive_product,0.07004913937500001,2.0273486996529953e-05
122,64,32,equal,-160,assignment_dependent,256,empirical_best_midpoint,weight_sensitive_hybrid,0.06959490937500001,2.1433118503217794e-05
122,64,32,equal,-160,assignment_dependent,256,empirical_best_midpoint,empirical_bernstein_fixed_forecast,0.069476490625,2.1964321495848168e-05
122,64,32,equal,-160,assignment_dependent,256,quota,harmonic_martingale,2.044374999999731e-06,6.517204794529098e-09
122,64,32,equal,-160,assignment_dependent,256,quota,weight_sensitive_product,0.0004562743749999996,1.1722554402072678e-06
122,64,32,equal,-160,assignment_dependent,256,quota,weight_sensitive_hybrid,2.044374999999731e-06,6.517204794529098e-09
122,64,32,equal,-160,assignment_dependent,256,quota,empirical_bernstein_fixed_forecast,-0.00011637437500000016,5.83142747665115e-07
122,64,32,equal,-160,assignment_dependent,256,harmonic_martingale,weight_sensitive_product,0.00045422999999999986,1.1673712718216075e-06
122,64,32,equal,-160,assignment_dependent,256,harmonic_martingale,weight_sensitive_hybrid,0.0,0.0
122,64,32,equal,-160,assignment_dependent,256,harmonic_martingale,empirical_bernstein_fixed_forecast,-0.0001184187499999999,5.876868862119677e-07
122,64,32,equal,-160,assignment_dependent,256,weight_sensitive_product,weight_sensitive_hybrid,-0.00045422999999999986,1.1673712718216075e-06
122,64,32,equal,-160,assignment_dependent,256,weight_sensitive_product,empirical_bernstein_fixed_forecast,-0.0005726487499999998,1.7276874756391293e-06
122,64,32,equal,-160,assignment_dependent,256,weight_sensitive_hybrid,empirical_bernstein_fixed_forecast,-0.0001184187499999999,5.876868862119677e-07
123,64,32,equal,0,complete,256,no_learning_half,empirical_best_midpoint,0.0,0.0
123,64,32,equal,0,complete,256,no_learning_half,quota,0.0,0.0
123,64,32,equal,0,complete,256,no_learning_half,harmonic_martingale,0.0,0.0
123,64,32,equal,0,complete,256,no_learning_half,weight_sensitive_product,0.0,0.0
123,64,32,equal,0,complete,256,no_learning_half,weight_sensitive_hybrid,0.0,0.0
123,64,32,equal,0,complete,256,no_learning_half,empirical_bernstein_fixed_forecast,0.0,0.0
123,64,32,equal,0,complete,256,empirical_best_midpoint,quota,0.0,0.0
123,64,32,equal,0,complete,256,empirical_best_midpoint,harmonic_martingale,0.0,0.0
123,64,32,equal,0,complete,256,empirical_best_midpoint,weight_sensitive_product,0.0,0.0
123,64,32,equal,0,complete,256,empirical_best_midpoint,weight_sensitive_hybrid,0.0,0.0
123,64,32,equal,0,complete,256,empirical_best_midpoint,empirical_bernstein_fixed_forecast,0.0,0.0
123,64,32,equal,0,complete,256,quota,harmonic_martingale,0.0,0.0
123,64,32,equal,0,complete,256,quota,weight_sensitive_product,0.0,0.0
123,64,32,equal,0,complete,256,quota,weight_sensitive_hybrid,0.0,0.0
123,64,32,equal,0,complete,256,quota,empirical_bernstein_fixed_forecast,0.0,0.0
123,64,32,equal,0,complete,256,harmonic_martingale,weight_sensitive_product,0.0,0.0
123,64,32,equal,0,complete,256,harmonic_martingale,weight_sensitive_hybrid,0.0,0.0
123,64,32,equal,0,complete,256,harmonic_martingale,empirical_bernstein_fixed_forecast,0.0,0.0
123,64,32,equal,0,complete,256,weight_sensitive_product,weight_sensitive_hybrid,0.0,0.0
123,64,32,equal,0,complete,256,weight_sensitive_product,empirical_bernstein_fixed_forecast,0.0,0.0
123,64,32,equal,0,complete,256,weight_sensitive_hybrid,empirical_bernstein_fixed_forecast,0.0,0.0
124,64,32,equal,0,coarse_interval,256,no_learning_half,empirical_best_midpoint,0.0,0.0
124,64,32,equal,0,coarse_interval,256,no_learning_half,quota,0.0,0.0
124,64,32,equal,0,coarse_interval,256,no_learning_half,harmonic_martingale,0.0,0.0
124,64,32,equal,0,coarse_interval,256,no_learning_half,weight_sensitive_product,0.0,0.0
124,64,32,equal,0,coarse_interval,256,no_learning_half,weight_sensitive_hybrid,0.0,0.0
124,64,32,equal,0,coarse_interval,256,no_learning_half,empirical_bernstein_fixed_forecast,0.0,0.0
124,64,32,equal,0,coarse_interval,256,empirical_best_midpoint,quota,0.0,0.0
124,64,32,equal,0,coarse_interval,256,empirical_best_midpoint,harmonic_martingale,0.0,0.0
124,64,32,equal,0,coarse_interval,256,empirical_best_midpoint,weight_sensitive_product,0.0,0.0
124,64,32,equal,0,coarse_interval,256,empirical_best_midpoint,weight_sensitive_hybrid,0.0,0.0
124,64,32,equal,0,coarse_interval,256,empirical_best_midpoint,empirical_bernstein_fixed_forecast,0.0,0.0
124,64,32,equal,0,coarse_interval,256,quota,harmonic_martingale,0.0,0.0
124,64,32,equal,0,coarse_interval,256,quota,weight_sensitive_product,0.0,0.0
124,64,32,equal,0,coarse_interval,256,quota,weight_sensitive_hybrid,0.0,0.0
124,64,32,equal,0,coarse_interval,256,quota,empirical_bernstein_fixed_forecast,0.0,0.0
124,64,32,equal,0,coarse_interval,256,harmonic_martingale,weight_sensitive_product,0.0,0.0
124,64,32,equal,0,coarse_interval,256,harmonic_martingale,weight_sensitive_hybrid,0.0,0.0
124,64,32,equal,0,coarse_interval,256,harmonic_martingale,empirical_bernstein_fixed_forecast,0.0,0.0
124,64,32,equal,0,coarse_interval,256,weight_sensitive_product,weight_sensitive_hybrid,0.0,0.0
124,64,32,equal,0,coarse_interval,256,weight_sensitive_product,empirical_bernstein_fixed_forecast,0.0,0.0
124,64,32,equal,0,coarse_interval,256,weight_sensitive_hybrid,empirical_bernstein_fixed_forecast,0.0,0.0
125,64,32,equal,0,assignment_dependent,256,no_learning_half,empirical_best_midpoint,0.0,0.0
125,64,32,equal,0,assignment_dependent,256,no_learning_half,quota,0.0,0.0
125,64,32,equal,0,assignment_dependent,256,no_learning_half,harmonic_martingale,0.0,0.0
125,64,32,equal,0,assignment_dependent,256,no_learning_half,weight_sensitive_product,0.0,0.0
125,64,32,equal,0,assignment_dependent,256,no_learning_half,weight_sensitive_hybrid,0.0,0.0
125,64,32,equal,0,assignment_dependent,256,no_learning_half,empirical_bernstein_fixed_forecast,0.0,0.0
125,64,32,equal,0,assignment_dependent,256,empirical_best_midpoint,quota,0.0,0.0
125,64,32,equal,0,assignment_dependent,256,empirical_best_midpoint,harmonic_martingale,0.0,0.0
125,64,32,equal,0,assignment_dependent,256,empirical_best_midpoint,weight_sensitive_product,0.0,0.0
125,64,32,equal,0,assignment_dependent,256,empirical_best_midpoint,weight_sensitive_hybrid,0.0,0.0
125,64,32,equal,0,assignment_dependent,256,empirical_best_midpoint,empirical_bernstein_fixed_forecast,0.0,0.0
125,64,32,equal,0,assignment_dependent,256,quota,harmonic_martingale,0.0,0.0
125,64,32,equal,0,assignment_dependent,256,quota,weight_sensitive_product,0.0,0.0
125,64,32,equal,0,assignment_dependent,256,quota,weight_sensitive_hybrid,0.0,0.0
125,64,32,equal,0,assignment_dependent,256,quota,empirical_bernstein_fixed_forecast,0.0,0.0
125,64,32,equal,0,assignment_dependent,256,harmonic_martingale,weight_sensitive_product,0.0,0.0
125,64,32,equal,0,assignment_dependent,256,harmonic_martingale,weight_sensitive_hybrid,0.0,0.0
125,64,32,equal,0,assignment_dependent,256,harmonic_martingale,empirical_bernstein_fixed_forecast,0.0,0.0
125,64,32,equal,0,assignment_dependent,256,weight_sensitive_product,weight_sensitive_hybrid,0.0,0.0
125,64,32,equal,0,assignment_dependent,256,weight_sensitive_product,empirical_bernstein_fixed_forecast,0.0,0.0
125,64,32,equal,0,assignment_dependent,256,weight_sensitive_hybrid,empirical_bernstein_fixed_forecast,0.0,0.0
126,64,32,equal,40,complete,256,no_learning_half,empirical_best_midpoint,0.02,0.0
126,64,32,equal,40,complete,256,no_learning_half,quota,0.012200843750000002,0.00013197274821089773
126,64,32,equal,40,complete,256,no_learning_half,harmonic_martingale,0.0121497146875,0.00013141975914978448
126,64,32,equal,40,complete,256,no_learning_half,weight_sensitive_product,0.0061486834375,6.650841256351235e-05
126,64,32,equal,40,complete,256,no_learning_half,weight_sensitive_hybrid,0.0121497146875,0.00013141975914978448
126,64,32,equal,40,complete,256,no_learning_half,empirical_bernstein_fixed_forecast,0.019876726562500002,3.817196555062077e-05
126,64,32,equal,40,complete,256,empirical_best_midpoint,quota,-0.00779915625,0.00013197274821089773
126,64,32,equal,40,complete,256,empirical_best_midpoint,harmonic_martingale,-0.0078502853125,0.00013141975914978448
126,64,32,equal,40,complete,256,empirical_best_midpoint,weight_sensitive_product,-0.0138513165625,6.650841256351235e-05
126,64,32,equal,40,complete,256,empirical_best_midpoint,weight_sensitive_hybrid,-0.0078502853125,0.00013141975914978448
126,64,32,equal,40,complete,256,empirical_best_midpoint,empirical_bernstein_fixed_forecast,-0.0001232734375,3.817196555062077e-05
126,64,32,equal,40,complete,256,quota,harmonic_martingale,-5.112906250000001e-05,5.52989931373409e-07
126,64,32,equal,40,complete,256,quota,weight_sensitive_product,-0.006052160312499999,6.546433565720217e-05
126,64,32,equal,40,complete,256,quota,weight_sensitive_hybrid,-5.112906250000001e-05,5.52989931373409e-07
126,64,32,equal,40,complete,256,quota,empirical_bernstein_fixed_forecast,0.0076758828125,0.00011914864657068431
126,64,32,equal,40,complete,256,harmonic_martingale,weight_sensitive_product,-0.00600103125,6.491134659712966e-05
126,64,32,equal,40,complete,256,harmonic_martingale,weight_sensitive_hybrid,0.0,0.0
126,64,32,equal,40,complete,256,harmonic_martingale,empirical_bernstein_fixed_forecast,0.007727011875,0.00011861847880579947
126,64,32,equal,40,complete,256,weight_sensitive_product,weight_sensitive_hybrid,0.00600103125,6.491134659712966e-05
126,64,32,equal,40,complete,256,weight_sensitive_product,empirical_bernstein_fixed_forecast,0.013728043124999999,5.935666916591182e-05
126,64,32,equal,40,complete,256,weight_sensitive_hybrid,empirical_bernstein_fixed_forecast,0.007727011875,0.00011861847880579947
127,64,32,equal,40,coarse_interval,256,no_learning_half,empirical_best_midpoint,0.02,0.0
127,64,32,equal,40,coarse_interval,256,no_learning_half,quota,0.0023636696875,3.0888713469939934e-05
127,64,32,equal,40,coarse_interval,256,no_learning_half,harmonic_martingale,0.0023612073437500004,3.0856550645757436e-05
127,64,32,equal,40,coarse_interval,256,no_learning_half,weight_sensitive_product,0.0019000915625000006,2.4830783847585727e-05
127,64,32,equal,40,coarse_interval,256,no_learning_half,weight_sensitive_hybrid,0.0023612073437500004,3.0856550645757436e-05
127,64,32,equal,40,coarse_interval,256,no_learning_half,empirical_bernstein_fixed_forecast,0.0027770485937500004,3.628721936974275e-05
127,64,32,equal,40,coarse_interval,256,empirical_best_midpoint,quota,-0.0176363303125,3.0888713469939934e-05
127,64,32,equal,40,coarse_interval,256,empirical_best_midpoint,harmonic_martingale,-0.01763879265625,3.0856550645757436e-05
127,64,32,equal,40,coarse_interval,256,empirical_best_midpoint,weight_sensitive_product,-0.0180999084375,2.4830783847585724e-05
127,64,32,equal,40,coarse_interval,256,empirical_best_midpoint,weight_sensitive_hybrid,-0.01763879265625,3.0856550645757436e-05
127,64,32,equal,40,coarse_interval,256,empirical_best_midpoint,empirical_bernstein_fixed_forecast,-0.01722295140625,3.628721936974274e-05
127,64,32,equal,40,coarse_interval,256,quota,harmonic_martingale,-2.4623437500000133e-06,3.217946043466586e-08
127,64,32,equal,40,coarse_interval,256,quota,weight_sensitive_product,-0.0004635781249999999,6.057929711392661e-06
127,64,32,equal,40,coarse_interval,256,quota,weight_sensitive_hybrid,-2.4623437500000133e-06,3.217946043466586e-08
127,64,32,equal,40,coarse_interval,256,quota,empirical_bernstein_fixed_forecast,0.00041337890624999996,5.4118173703674265e-06
127,64,32,equal,40,coarse_interval,256,harmonic_martingale,weight_sensitive_product,-0.00046111578124999987,6.025766882591936e-06
127,64,32,equal,40,coarse_interval,256,harmonic_martingale,weight_sensitive_hybrid,0.0,0.0
127,64,32,equal,40,coarse_interval,256,harmonic_martingale,empirical_bernstein_fixed_forecast,0.00041584125,5.443885461271307e-06
127,64,32,equal,40,coarse_interval,256,weight_sensitive_product,weight_sensitive_hybrid,0.00046111578124999987,6.025766882591936e-06
127,64,32,equal,40,coarse_interval,256,weight_sensitive_product,empirical_bernstein_fixed_forecast,0.0008769570312499998,1.1461479812823077e-05
127,64,32,equal,40,coarse_interval,256,weight_sensitive_hybrid,empirical_bernstein_fixed_forecast,0.00041584125,5.443885461271307e-06
128,64,32,equal,40,assignment_dependent,256,no_learning_half,empirical_best_midpoint,0.02,0.0
128,64,32,equal,40,assignment_dependent,256,no_learning_half,quota,0.00574432734375,1.5240615409107046e-05
128,64,32,equal,40,assignment_dependent,256,no_learning_half,harmonic_martingale,0.005741260937500001,1.5228802171700459e-05
128,64,32,equal,40,assignment_dependent,256,no_learning_half,weight_sensitive_product,0.005106405312500001,1.287064719441289e-05
128,64,32,equal,40,assignment_dependent,256,no_learning_half,weight_sensitive_hybrid,0.005741260937500001,1.5228802171700459e-05
128,64,32,equal,40,assignment_dependent,256,no_learning_half,empirical_bernstein_fixed_forecast,0.005893881875,1.6178611758046042e-05
128,64,32,equal,40,assignment_dependent,256,empirical_best_midpoint,quota,-0.01425567265625,1.5240615409107044e-05
128,64,32,equal,40,assignment_dependent,256,empirical_best_midpoint,harmonic_martingale,-0.0142587390625,1.5228802171700459e-05
128,64,32,equal,40,assignment_dependent,256,empirical_best_midpoint,weight_sensitive_product,-0.014893594687500001,1.287064719441289e-05
128,64,32,equal,40,assignment_dependent,256,empirical_best_midpoint,weight_sensitive_hybrid,-0.0142587390625,1.5228802171700459e-05
128,64,32,equal,40,assignment_dependent,256,empirical_best_midpoint,empirical_bernstein_fixed_forecast,-0.014106118125,1.6178611758046042e-05
128,64,32,equal,40,assignment_dependent,256,quota,harmonic_martingale,-3.0664062499999767e-06,1.1883249037613796e-08
128,64,32,equal,40,assignment_dependent,256,quota,weight_sensitive_product,-0.00063792203125,2.377052231704444e-06
128,64,32,equal,40,assignment_dependent,256,quota,weight_sensitive_hybrid,-3.0664062499999767e-06,1.1883249037613796e-08
128,64,32,equal,40,assignment_dependent,256,quota,empirical_bernstein_fixed_forecast,0.00014955453125000003,9.708181840294513e-07
128,64,32,equal,40,assignment_dependent,256,harmonic_martingale,weight_sensitive_product,-0.000634855625,2.365211152833453e-06
128,64,32,equal,40,assignment_dependent,256,harmonic_martingale,weight_sensitive_hybrid,0.0,0.0
128,64,32,equal,40,assignment_dependent,256,harmonic_martingale,empirical_bernstein_fixed_forecast,0.00015262093750000003,9.82353215340876e-07
128,64,32,equal,40,assignment_dependent,256,weight_sensitive_product,weight_sensitive_hybrid,0.000634855625,2.365211152833453e-06
128,64,32,equal,40,assignment_dependent,256,weight_sensitive_product,empirical_bernstein_fixed_forecast,0.0007874765625,3.3301042427207323e-06
128,64,32,equal,40,assignment_dependent,256,weight_sensitive_hybrid,empirical_bernstein_fixed_forecast,0.00015262093750000003,9.82353215340876e-07
129,64,32,equal,160,complete,256,no_learning_half,empirical_best_midpoint,0.08,0.0
129,64,32,equal,160,complete,256,no_learning_half,quota,0.08,0.0
129,64,32,equal,160,complete,256,no_learning_half,harmonic_martingale,0.08,0.0
129,64,32,equal,160,complete,256,no_learning_half,weight_sensitive_product,0.08,0.0
129,64,32,equal,160,complete,256,no_learning_half,weight_sensitive_hybrid,0.08,0.0
129,64,32,equal,160,complete,256,no_learning_half,empirical_bernstein_fixed_forecast,0.08,0.0
129,64,32,equal,160,complete,256,empirical_best_midpoint,quota,0.0,0.0
129,64,32,equal,160,complete,256,empirical_best_midpoint,harmonic_martingale,0.0,0.0
129,64,32,equal,160,complete,256,empirical_best_midpoint,weight_sensitive_product,0.0,0.0
129,64,32,equal,160,complete,256,empirical_best_midpoint,weight_sensitive_hybrid,0.0,0.0
129,64,32,equal,160,complete,256,empirical_best_midpoint,empirical_bernstein_fixed_forecast,0.0,0.0
129,64,32,equal,160,complete,256,quota,harmonic_martingale,0.0,0.0
129,64,32,equal,160,complete,256,quota,weight_sensitive_product,0.0,0.0
129,64,32,equal,160,complete,256,quota,weight_sensitive_hybrid,0.0,0.0
129,64,32,equal,160,complete,256,quota,empirical_bernstein_fixed_forecast,0.0,0.0
129,64,32,equal,160,complete,256,harmonic_martingale,weight_sensitive_product,0.0,0.0
129,64,32,equal,160,complete,256,harmonic_martingale,weight_sensitive_hybrid,0.0,0.0
129,64,32,equal,160,complete,256,harmonic_martingale,empirical_bernstein_fixed_forecast,0.0,0.0
129,64,32,equal,160,complete,256,weight_sensitive_product,weight_sensitive_hybrid,0.0,0.0
129,64,32,equal,160,complete,256,weight_sensitive_product,empirical_bernstein_fixed_forecast,0.0,0.0
129,64,32,equal,160,complete,256,weight_sensitive_hybrid,empirical_bernstein_fixed_forecast,0.0,0.0
130,64,32,equal,160,coarse_interval,256,no_learning_half,empirical_best_midpoint,0.08,0.0
130,64,32,equal,160,coarse_interval,256,no_learning_half,quota,0.045524596875000004,0.00011568010872178188
130,64,32,equal,160,coarse_interval,256,no_learning_half,harmonic_martingale,0.045477159375000006,0.0001155595425429833
130,64,32,equal,160,coarse_interval,256,no_learning_half,weight_sensitive_product,0.0365960275,9.299198172568217e-05
130,64,32,equal,160,coarse_interval,256,no_learning_half,weight_sensitive_hybrid,0.045477159375000006,0.0001155595425429833
130,64,32,equal,160,coarse_interval,256,no_learning_half,empirical_bernstein_fixed_forecast,0.05308741250000001,0.00013364740285679944
130,64,32,equal,160,coarse_interval,256,empirical_best_midpoint,quota,-0.034475403125,0.00011568010872178187
130,64,32,equal,160,coarse_interval,256,empirical_best_midpoint,harmonic_martingale,-0.034522840625,0.0001155595425429833
130,64,32,equal,160,coarse_interval,256,empirical_best_midpoint,weight_sensitive_product,-0.0434039725,9.299198172568217e-05
130,64,32,equal,160,coarse_interval,256,empirical_best_midpoint,weight_sensitive_hybrid,-0.034522840625,0.0001155595425429833
130,64,32,equal,160,coarse_interval,256,empirical_best_midpoint,empirical_bernstein_fixed_forecast,-0.0269125875,0.00013364740285679944
130,64,32,equal,160,coarse_interval,256,quota,harmonic_martingale,-4.743750000000017e-05,1.2065172288574104e-07
130,64,32,equal,160,coarse_interval,256,quota,weight_sensitive_product,-0.008928569375,2.2688127387715675e-05
130,64,32,equal,160,coarse_interval,256,quota,weight_sensitive_hybrid,-4.743750000000017e-05,1.2065172288574104e-07
130,64,32,equal,160,coarse_interval,256,quota,empirical_bernstein_fixed_forecast,0.007562815625,1.803264059658824e-05
130,64,32,equal,160,coarse_interval,256,harmonic_martingale,weight_sensitive_product,-0.008881131875,2.256756122063254e-05
130,64,32,equal,160,coarse_interval,256,harmonic_martingale,weight_sensitive_hybrid,0.0,0.0
130,64,32,equal,160,coarse_interval,256,harmonic_martingale,empirical_bernstein_fixed_forecast,0.007610253125000001,1.81527134608332e-05
130,64,32,equal,160,coarse_interval,256,weight_sensitive_product,weight_sensitive_hybrid,0.008881131875,2.256756122063254e-05
130,64,32,equal,160,coarse_interval,256,weight_sensitive_product,empirical_bernstein_fixed_forecast,0.016491384999999997,4.067867018162095e-05
130,64,32,equal,160,coarse_interval,256,weight_sensitive_hybrid,empirical_bernstein_fixed_forecast,0.007610253125000001,1.81527134608332e-05
131,64,32,equal,160,assignment_dependent,256,no_learning_half,empirical_best_midpoint,0.08,0.0
131,64,32,equal,160,assignment_dependent,256,no_learning_half,quota,0.04375988125,0.00011278486134156927
131,64,32,equal,160,assignment_dependent,256,no_learning_half,harmonic_martingale,0.043729758125000004,0.00011266796466759819
131,64,32,equal,160,assignment_dependent,256,no_learning_half,weight_sensitive_product,0.03768961375,9.025557579236598e-05
131,64,32,equal,160,assignment_dependent,256,no_learning_half,weight_sensitive_hybrid,0.043729758125000004,0.00011266796466759819
131,64,32,equal,160,assignment_dependent,256,no_learning_half,empirical_bernstein_fixed_forecast,0.045725240625,0.00012319172179263413
131,64,32,equal,160,assignment_dependent,256,empirical_best_midpoint,quota,-0.03624011875,0.00011278486134156927
131,64,32,equal,160,assignment_dependent,256,empirical_best_midpoint,harmonic_martingale,-0.036270241875,0.00011266796466759819
131,64,32,equal,160,assignment_dependent,256,empirical_best_midpoint,weight_sensitive_product,-0.04231038625,9.025557579236598e-05
131,64,32,equal,160,assignment_dependent,256,empirical_best_midpoint,weight_sensitive_hybrid,-0.036270241875,0.00011266796466759819
131,64,32,equal,160,assignment_dependent,256,empirical_best_midpoint,empirical_bernstein_fixed_forecast,-0.034274759375,0.00012319172179263413
131,64,32,equal,160,assignment_dependent,256,quota,harmonic_martingale,-3.0123125000000134e-05,1.1716320499795291e-07
131,64,32,equal,160,assignment_dependent,256,quota,weight_sensitive_product,-0.0060702675000000005,2.2572415322798353e-05
131,64,32,equal,160,assignment_dependent,256,quota,weight_sensitive_hybrid,-3.0123125000000134e-05,1.1716320499795291e-07
131,64,32,equal,160,assignment_dependent,256,quota,empirical_bernstein_fixed_forecast,0.001965359375,1.0678929850109813e-05
131,64,32,equal,160,assignment_dependent,256,harmonic_martingale,weight_sensitive_product,-0.0060401443750000006,2.2455328417475955e-05
131,64,32,equal,160,assignment_dependent,256,harmonic_martingale,weight_sensitive_hybrid,0.0,0.0
131,64,32,equal,160,assignment_dependent,256,harmonic_martingale,empirical_bernstein_fixed_forecast,0.0019954825000000004,1.079357288675835e-05
131,64,32,equal,160,assignment_dependent,256,weight_sensitive_product,weight_sensitive_hybrid,0.0060401443750000006,2.2455328417475955e-05
131,64,32,equal,160,assignment_dependent,256,weight_sensitive_product,empirical_bernstein_fixed_forecast,0.008035626875,3.309527151094658e-05
131,64,32,equal,160,assignment_dependent,256,weight_sensitive_hybrid,empirical_bernstein_fixed_forecast,0.0019954825000000004,1.079357288675835e-05
132,64,32,concentrated,-160,complete,256,no_learning_half,empirical_best_midpoint,0.08,0.0
132,64,32,concentrated,-160,complete,256,no_learning_half,quota,0.0789191,0.00018823257600586546
132,64,32,concentrated,-160,complete,256,no_learning_half,harmonic_martingale,0.019261366250000002,9.560782638734906e-05
132,64,32,concentrated,-160,complete,256,no_learning_half,weight_sensitive_product,0.070286463125,0.0004331693260830866
132,64,32,concentrated,-160,complete,256,no_learning_half,weight_sensitive_hybrid,0.070286463125,0.0004331693260830866
132,64,32,concentrated,-160,complete,256,no_learning_half,empirical_bernstein_fixed_forecast,0.08,0.0
132,64,32,concentrated,-160,complete,256,empirical_best_midpoint,quota,-0.0010809,0.0001882325760058655
132,64,32,concentrated,-160,complete,256,empirical_best_midpoint,harmonic_martingale,-0.06073863374999999,9.560782638734908e-05
132,64,32,concentrated,-160,complete,256,empirical_best_midpoint,weight_sensitive_product,-0.009713536875000001,0.0004331693260830866
132,64,32,concentrated,-160,complete,256,empirical_best_midpoint,weight_sensitive_hybrid,-0.009713536875000001,0.0004331693260830866
132,64,32,concentrated,-160,complete,256,empirical_best_midpoint,empirical_bernstein_fixed_forecast,0.0,0.0
132,64,32,concentrated,-160,complete,256,quota,harmonic_martingale,-0.05965773375,0.0001394976230946696
132,64,32,concentrated,-160,complete,256,quota,weight_sensitive_product,-0.008632636874999999,0.00033037098191002944
132,64,32,concentrated,-160,complete,256,quota,weight_sensitive_hybrid,-0.008632636874999999,0.00033037098191002944
132,64,32,concentrated,-160,complete,256,quota,empirical_bernstein_fixed_forecast,0.0010809,0.0001882325760058655
132,64,32,concentrated,-160,complete,256,harmonic_martingale,weight_sensitive_product,0.051025096874999995,0.0003432732341945312
132,64,32,concentrated,-160,complete,256,harmonic_martingale,weight_sensitive_hybrid,0.051025096874999995,0.0003432732341945312
132,64,32,concentrated,-160,complete,256,harmonic_martingale,empirical_bernstein_fixed_forecast,0.06073863374999999,9.560782638734908e-05
132,64,32,concentrated,-160,complete,256,weight_sensitive_product,weight_sensitive_hybrid,0.0,0.0
132,64,32,concentrated,-160,complete,256,weight_sensitive_product,empirical_bernstein_fixed_forecast,0.009713536875000001,0.0004331693260830866
132,64,32,concentrated,-160,complete,256,weight_sensitive_hybrid,empirical_bernstein_fixed_forecast,0.009713536875000001,0.0004331693260830866
133,64,32,concentrated,-160,coarse_interval,256,no_learning_half,empirical_best_midpoint,0.08,0.0
133,64,32,concentrated,-160,coarse_interval,256,no_learning_half,quota,0.03914681625,0.00028724156455428227
133,64,32,concentrated,-160,coarse_interval,256,no_learning_half,harmonic_martingale,0.012485446875,6.715889376673431e-05
133,64,32,concentrated,-160,coarse_interval,256,no_learning_half,weight_sensitive_product,0.035524085,0.00026017668480774565
133,64,32,concentrated,-160,coarse_interval,256,no_learning_half,weight_sensitive_hybrid,0.035524085,0.00026017668480774565
133,64,32,concentrated,-160,coarse_interval,256,no_learning_half,empirical_bernstein_fixed_forecast,0.04432501125,0.00033106223965144845
133,64,32,concentrated,-160,coarse_interval,256,empirical_best_midpoint,quota,-0.04085318375,0.00028724156455428227
133,64,32,concentrated,-160,coarse_interval,256,empirical_best_midpoint,harmonic_martingale,-0.067514553125,6.715889376673431e-05
133,64,32,concentrated,-160,coarse_interval,256,empirical_best_midpoint,weight_sensitive_product,-0.044475915,0.00026017668480774565
133,64,32,concentrated,-160,coarse_interval,256,empirical_best_midpoint,weight_sensitive_hybrid,-0.044475915,0.00026017668480774565
133,64,32,concentrated,-160,coarse_interval,256,empirical_best_midpoint,empirical_bernstein_fixed_forecast,-0.03567498875,0.00033106223965144845
133,64,32,concentrated,-160,coarse_interval,256,quota,harmonic_martingale,-0.026661369375,0.00022886410253910046
133,64,32,concentrated,-160,coarse_interval,256,quota,weight_sensitive_product,-0.00362273125,2.7099991525462632e-05
133,64,32,concentrated,-160,coarse_interval,256,quota,weight_sensitive_hybrid,-0.00362273125,2.7099991525462632e-05
133,64,32,concentrated,-160,coarse_interval,256,quota,empirical_bernstein_fixed_forecast,0.005178195,4.883252801216443e-05
133,64,32,concentrated,-160,coarse_interval,256,harmonic_martingale,weight_sensitive_product,0.023038638125,0.00020211605204656106
133,64,32,concentrated,-160,coarse_interval,256,harmonic_martingale,weight_sensitive_hybrid,0.023038638125,0.00020211605204656106
133,64,32,concentrated,-160,coarse_interval,256,harmonic_martingale,empirical_bernstein_fixed_forecast,0.031839564375,0.00027283193934218744
133,64,32,concentrated,-160,coarse_interval,256,weight_sensitive_product,weight_sensitive_hybrid,0.0,0.0
133,64,32,concentrated,-160,coarse_interval,256,weight_sensitive_product,empirical_bernstein_fixed_forecast,0.00880092625,7.37693900402168e-05
133,64,32,concentrated,-160,coarse_interval,256,weight_sensitive_hybrid,empirical_bernstein_fixed_forecast,0.00880092625,7.37693900402168e-05
134,64,32,concentrated,-160,assignment_dependent,256,no_learning_half,empirical_best_midpoint,-0.08,0.0
134,64,32,concentrated,-160,assignment_dependent,256,no_learning_half,quota,-0.009836375624999998,7.001390750935748e-05
134,64,32,concentrated,-160,assignment_dependent,256,no_learning_half,harmonic_martingale,-0.004506531874999998,1.24380417582645e-05
134,64,32,concentrated,-160,assignment_dependent,256,no_learning_half,weight_sensitive_product,-0.009611234374999998,6.790459066517766e-05
134,64,32,concentrated,-160,assignment_dependent,256,no_learning_half,weight_sensitive_hybrid,-0.009611234374999998,6.790459066517766e-05
134,64,32,concentrated,-160,assignment_dependent,256,no_learning_half,empirical_bernstein_fixed_forecast,-0.008935297499999998,9.229897059510828e-05
134,64,32,concentrated,-160,assignment_dependent,256,empirical_best_midpoint,quota,0.070163624375,7.001390750935748e-05
134,64,32,concentrated,-160,assignment_dependent,256,empirical_best_midpoint,harmonic_martingale,0.075493468125,1.24380417582645e-05
134,64,32,concentrated,-160,assignment_dependent,256,empirical_best_midpoint,weight_sensitive_product,0.070388765625,6.790459066517766e-05
134,64,32,concentrated,-160,assignment_dependent,256,empirical_best_midpoint,weight_sensitive_hybrid,0.070388765625,6.790459066517766e-05
134,64,32,concentrated,-160,assignment_dependent,256,empirical_best_midpoint,empirical_bernstein_fixed_forecast,0.0710647025,9.229897059510828e-05
134,64,32,concentrated,-160,assignment_dependent,256,quota,harmonic_martingale,0.00532984375,7.271855664096239e-05
134,64,32,concentrated,-160,assignment_dependent,256,quota,weight_sensitive_product,0.00022514125000000013,3.090719282003334e-06
134,64,32,concentrated,-160,assignment_dependent,256,quota,weight_sensitive_hybrid,0.00022514125000000013,3.090719282003334e-06
134,64,32,concentrated,-160,assignment_dependent,256,quota,empirical_bernstein_fixed_forecast,0.0009010781249999995,3.120019483011588e-05
134,64,32,concentrated,-160,assignment_dependent,256,harmonic_martingale,weight_sensitive_product,-0.0051047025,7.059781177228027e-05
134,64,32,concentrated,-160,assignment_dependent,256,harmonic_martingale,weight_sensitive_hybrid,-0.0051047025,7.059781177228027e-05
134,64,32,concentrated,-160,assignment_dependent,256,harmonic_martingale,empirical_bernstein_fixed_forecast,-0.004428765625,9.429796272347288e-05
134,64,32,concentrated,-160,assignment_dependent,256,weight_sensitive_product,weight_sensitive_hybrid,0.0,0.0
134,64,32,concentrated,-160,assignment_dependent,256,weight_sensitive_product,empirical_bernstein_fixed_forecast,0.0006759368749999995,3.255588140083495e-05
134,64,32,concentrated,-160,assignment_dependent,256,weight_sensitive_hybrid,empirical_bernstein_fixed_forecast,0.0006759368749999995,3.255588140083495e-05
135,64,32,concentrated,0,complete,256,no_learning_half,empirical_best_midpoint,0.0,0.0
135,64,32,concentrated,0,complete,256,no_learning_half,quota,0.0,0.0
135,64,32,concentrated,0,complete,256,no_learning_half,harmonic_martingale,0.0,0.0
135,64,32,concentrated,0,complete,256,no_learning_half,weight_sensitive_product,0.0,0.0
135,64,32,concentrated,0,complete,256,no_learning_half,weight_sensitive_hybrid,0.0,0.0
135,64,32,concentrated,0,complete,256,no_learning_half,empirical_bernstein_fixed_forecast,0.0,0.0
135,64,32,concentrated,0,complete,256,empirical_best_midpoint,quota,0.0,0.0
135,64,32,concentrated,0,complete,256,empirical_best_midpoint,harmonic_martingale,0.0,0.0
135,64,32,concentrated,0,complete,256,empirical_best_midpoint,weight_sensitive_product,0.0,0.0
135,64,32,concentrated,0,complete,256,empirical_best_midpoint,weight_sensitive_hybrid,0.0,0.0
135,64,32,concentrated,0,complete,256,empirical_best_midpoint,empirical_bernstein_fixed_forecast,0.0,0.0
135,64,32,concentrated,0,complete,256,quota,harmonic_martingale,0.0,0.0
135,64,32,concentrated,0,complete,256,quota,weight_sensitive_product,0.0,0.0
135,64,32,concentrated,0,complete,256,quota,weight_sensitive_hybrid,0.0,0.0
135,64,32,concentrated,0,complete,256,quota,empirical_bernstein_fixed_forecast,0.0,0.0
135,64,32,concentrated,0,complete,256,harmonic_martingale,weight_sensitive_product,0.0,0.0
135,64,32,concentrated,0,complete,256,harmonic_martingale,weight_sensitive_hybrid,0.0,0.0
135,64,32,concentrated,0,complete,256,harmonic_martingale,empirical_bernstein_fixed_forecast,0.0,0.0
135,64,32,concentrated,0,complete,256,weight_sensitive_product,weight_sensitive_hybrid,0.0,0.0
135,64,32,concentrated,0,complete,256,weight_sensitive_product,empirical_bernstein_fixed_forecast,0.0,0.0
135,64,32,concentrated,0,complete,256,weight_sensitive_hybrid,empirical_bernstein_fixed_forecast,0.0,0.0
136,64,32,concentrated,0,coarse_interval,256,no_learning_half,empirical_best_midpoint,0.0,0.0
136,64,32,concentrated,0,coarse_interval,256,no_learning_half,quota,0.0,0.0
136,64,32,concentrated,0,coarse_interval,256,no_learning_half,harmonic_martingale,0.0,0.0
136,64,32,concentrated,0,coarse_interval,256,no_learning_half,weight_sensitive_product,0.0,0.0
136,64,32,concentrated,0,coarse_interval,256,no_learning_half,weight_sensitive_hybrid,0.0,0.0
136,64,32,concentrated,0,coarse_interval,256,no_learning_half,empirical_bernstein_fixed_forecast,0.0,0.0
136,64,32,concentrated,0,coarse_interval,256,empirical_best_midpoint,quota,0.0,0.0
136,64,32,concentrated,0,coarse_interval,256,empirical_best_midpoint,harmonic_martingale,0.0,0.0
136,64,32,concentrated,0,coarse_interval,256,empirical_best_midpoint,weight_sensitive_product,0.0,0.0
136,64,32,concentrated,0,coarse_interval,256,empirical_best_midpoint,weight_sensitive_hybrid,0.0,0.0
136,64,32,concentrated,0,coarse_interval,256,empirical_best_midpoint,empirical_bernstein_fixed_forecast,0.0,0.0
136,64,32,concentrated,0,coarse_interval,256,quota,harmonic_martingale,0.0,0.0
136,64,32,concentrated,0,coarse_interval,256,quota,weight_sensitive_product,0.0,0.0
136,64,32,concentrated,0,coarse_interval,256,quota,weight_sensitive_hybrid,0.0,0.0
136,64,32,concentrated,0,coarse_interval,256,quota,empirical_bernstein_fixed_forecast,0.0,0.0
136,64,32,concentrated,0,coarse_interval,256,harmonic_martingale,weight_sensitive_product,0.0,0.0
136,64,32,concentrated,0,coarse_interval,256,harmonic_martingale,weight_sensitive_hybrid,0.0,0.0
136,64,32,concentrated,0,coarse_interval,256,harmonic_martingale,empirical_bernstein_fixed_forecast,0.0,0.0
136,64,32,concentrated,0,coarse_interval,256,weight_sensitive_product,weight_sensitive_hybrid,0.0,0.0
136,64,32,concentrated,0,coarse_interval,256,weight_sensitive_product,empirical_bernstein_fixed_forecast,0.0,0.0
136,64,32,concentrated,0,coarse_interval,256,weight_sensitive_hybrid,empirical_bernstein_fixed_forecast,0.0,0.0
137,64,32,concentrated,0,assignment_dependent,256,no_learning_half,empirical_best_midpoint,0.0,0.0
137,64,32,concentrated,0,assignment_dependent,256,no_learning_half,quota,0.0,0.0
137,64,32,concentrated,0,assignment_dependent,256,no_learning_half,harmonic_martingale,0.0,0.0
137,64,32,concentrated,0,assignment_dependent,256,no_learning_half,weight_sensitive_product,0.0,0.0
137,64,32,concentrated,0,assignment_dependent,256,no_learning_half,weight_sensitive_hybrid,0.0,0.0
137,64,32,concentrated,0,assignment_dependent,256,no_learning_half,empirical_bernstein_fixed_forecast,0.0,0.0
137,64,32,concentrated,0,assignment_dependent,256,empirical_best_midpoint,quota,0.0,0.0
137,64,32,concentrated,0,assignment_dependent,256,empirical_best_midpoint,harmonic_martingale,0.0,0.0
137,64,32,concentrated,0,assignment_dependent,256,empirical_best_midpoint,weight_sensitive_product,0.0,0.0
137,64,32,concentrated,0,assignment_dependent,256,empirical_best_midpoint,weight_sensitive_hybrid,0.0,0.0
137,64,32,concentrated,0,assignment_dependent,256,empirical_best_midpoint,empirical_bernstein_fixed_forecast,0.0,0.0
137,64,32,concentrated,0,assignment_dependent,256,quota,harmonic_martingale,0.0,0.0
137,64,32,concentrated,0,assignment_dependent,256,quota,weight_sensitive_product,0.0,0.0
137,64,32,concentrated,0,assignment_dependent,256,quota,weight_sensitive_hybrid,0.0,0.0
137,64,32,concentrated,0,assignment_dependent,256,quota,empirical_bernstein_fixed_forecast,0.0,0.0
137,64,32,concentrated,0,assignment_dependent,256,harmonic_martingale,weight_sensitive_product,0.0,0.0
137,64,32,concentrated,0,assignment_dependent,256,harmonic_martingale,weight_sensitive_hybrid,0.0,0.0
137,64,32,concentrated,0,assignment_dependent,256,harmonic_martingale,empirical_bernstein_fixed_forecast,0.0,0.0
137,64,32,concentrated,0,assignment_dependent,256,weight_sensitive_product,weight_sensitive_hybrid,0.0,0.0
137,64,32,concentrated,0,assignment_dependent,256,weight_sensitive_product,empirical_bernstein_fixed_forecast,0.0,0.0
137,64,32,concentrated,0,assignment_dependent,256,weight_sensitive_hybrid,empirical_bernstein_fixed_forecast,0.0,0.0
138,64,32,concentrated,40,complete,256,no_learning_half,empirical_best_midpoint,0.01828125,0.0005079597731390263
138,64,32,concentrated,40,complete,256,no_learning_half,quota,0.0054512915625,0.00020955700214302504
138,64,32,concentrated,40,complete,256,no_learning_half,harmonic_martingale,0.0008457798437500005,1.3986999352336342e-05
138,64,32,concentrated,40,complete,256,no_learning_half,weight_sensitive_product,0.004391959375000001,0.0001688344603546141
138,64,32,concentrated,40,complete,256,no_learning_half,weight_sensitive_hybrid,0.004391959375000001,0.0001688344603546141
138,64,32,concentrated,40,complete,256,no_learning_half,empirical_bernstein_fixed_forecast,0.00700974890625,0.0002687504842065546
138,64,32,concentrated,40,complete,256,empirical_best_midpoint,quota,-0.0128299584375,0.0004609442085415334
138,64,32,concentrated,40,complete,256,empirical_best_midpoint,harmonic_martingale,-0.01743547015625,0.0005054121010953974
138,64,32,concentrated,40,complete,256,empirical_best_midpoint,weight_sensitive_product,-0.013889290625,0.00046308357866635657
138,64,32,concentrated,40,complete,256,empirical_best_midpoint,weight_sensitive_hybrid,-0.013889290625,0.00046308357866635657
138,64,32,concentrated,40,complete,256,empirical_best_midpoint,empirical_bernstein_fixed_forecast,-0.011271501093749999,0.0004640018863061147
138,64,32,concentrated,40,complete,256,quota,harmonic_martingale,-0.00460551171875,0.0002013281880989022
138,64,32,concentrated,40,complete,256,quota,weight_sensitive_product,-0.0010593321875000002,4.072254180108406e-05
138,64,32,concentrated,40,complete,256,quota,weight_sensitive_hybrid,-0.0010593321875000002,4.072254180108406e-05
138,64,32,concentrated,40,complete,256,quota,empirical_bernstein_fixed_forecast,0.0015584573437500003,6.031870538754287e-05
138,64,32,concentrated,40,complete,256,harmonic_martingale,weight_sensitive_product,0.0035461795312499997,0.00016068301021442114
138,64,32,concentrated,40,complete,256,harmonic_martingale,weight_sensitive_hybrid,0.0035461795312499997,0.00016068301021442114
138,64,32,concentrated,40,complete,256,harmonic_martingale,empirical_bernstein_fixed_forecast,0.0061639690625,0.0002604147023338712
138,64,32,concentrated,40,complete,256,weight_sensitive_product,weight_sensitive_hybrid,0.0,0.0
138,64,32,concentrated,40,complete,256,weight_sensitive_product,empirical_bernstein_fixed_forecast,0.0026177895312500003,0.00010045673348895631
138,64,32,concentrated,40,complete,256,weight_sensitive_hybrid,empirical_bernstein_fixed_forecast,0.0026177895312500003,0.00010045673348895631
139,64,32,concentrated,40,coarse_interval,256,no_learning_half,empirical_best_midpoint,0.0165625,0.0007020518771681292
139,64,32,concentrated,40,coarse_interval,256,no_learning_half,quota,0.0017467404687500003,8.112941475735966e-05
139,64,32,concentrated,40,coarse_interval,256,no_learning_half,harmonic_martingale,0.0004984376562500004,9.898339304315653e-06
139,64,32,concentrated,40,coarse_interval,256,no_learning_half,weight_sensitive_product,0.0015852601562500006,7.3629225241454e-05
139,64,32,concentrated,40,coarse_interval,256,no_learning_half,weight_sensitive_hybrid,0.0015852601562500006,7.3629225241454e-05
139,64,32,concentrated,40,coarse_interval,256,no_learning_half,empirical_bernstein_fixed_forecast,0.0019401025000000004,9.521730726536875e-05
139,64,32,concentrated,40,coarse_interval,256,empirical_best_midpoint,quota,-0.01481575953125,0.00066137626389088
139,64,32,concentrated,40,coarse_interval,256,empirical_best_midpoint,harmonic_martingale,-0.016064062343749998,0.0007010239892097676
139,64,32,concentrated,40,coarse_interval,256,empirical_best_midpoint,weight_sensitive_product,-0.01497723984375,0.0006648257981835299
139,64,32,concentrated,40,coarse_interval,256,empirical_best_midpoint,weight_sensitive_hybrid,-0.01497723984375,0.0006648257981835299
139,64,32,concentrated,40,coarse_interval,256,empirical_best_midpoint,empirical_bernstein_fixed_forecast,-0.0146223975,0.0006545694727616735
139,64,32,concentrated,40,coarse_interval,256,quota,harmonic_martingale,-0.0012483028124999998,7.864148978033758e-05
139,64,32,concentrated,40,coarse_interval,256,quota,weight_sensitive_product,-0.00016148031249999976,7.500189585813581e-06
139,64,32,concentrated,40,coarse_interval,256,quota,weight_sensitive_hybrid,-0.00016148031249999976,7.500189585813581e-06
139,64,32,concentrated,40,coarse_interval,256,quota,empirical_bernstein_fixed_forecast,0.0001933620312500001,1.4878052140603804e-05
139,64,32,concentrated,40,coarse_interval,256,harmonic_martingale,weight_sensitive_product,0.0010868225,7.120091479346645e-05
139,64,32,concentrated,40,coarse_interval,256,harmonic_martingale,weight_sensitive_hybrid,0.0010868225,7.120091479346645e-05
139,64,32,concentrated,40,coarse_interval,256,harmonic_martingale,empirical_bernstein_fixed_forecast,0.00144166484375,9.279688105948807e-05
139,64,32,concentrated,40,coarse_interval,256,weight_sensitive_product,weight_sensitive_hybrid,0.0,0.0
139,64,32,concentrated,40,coarse_interval,256,weight_sensitive_product,empirical_bernstein_fixed_forecast,0.0003548423437499999,2.2063916781216754e-05
139,64,32,concentrated,40,coarse_interval,256,weight_sensitive_hybrid,empirical_bernstein_fixed_forecast,0.0003548423437499999,2.2063916781216754e-05
140,64,32,concentrated,40,assignment_dependent,256,no_learning_half,empirical_best_midpoint,0.02,0.0
140,64,32,concentrated,40,assignment_dependent,256,no_learning_half,quota,0.005005644531250001,4.5783134805734635e-05
140,64,32,concentrated,40,assignment_dependent,256,no_learning_half,harmonic_martingale,0.0020573806250000003,5.408533471486848e-06
140,64,32,concentrated,40,assignment_dependent,256,no_learning_half,weight_sensitive_product,0.004659462812500001,3.940728206963833e-05
140,64,32,concentrated,40,assignment_dependent,256,no_learning_half,weight_sensitive_hybrid,0.004659462812500001,3.940728206963833e-05
140,64,32,concentrated,40,assignment_dependent,256,no_learning_half,empirical_bernstein_fixed_forecast,0.0051136703125000006,5.1491446162603396e-05
140,64,32,concentrated,40,assignment_dependent,256,empirical_best_midpoint,quota,-0.014994355468750001,4.578313480573463e-05
140,64,32,concentrated,40,assignment_dependent,256,empirical_best_midpoint,harmonic_martingale,-0.017942619375,5.408533471486849e-06
140,64,32,concentrated,40,assignment_dependent,256,empirical_best_midpoint,weight_sensitive_product,-0.0153405371875,3.940728206963833e-05
140,64,32,concentrated,40,assignment_dependent,256,empirical_best_midpoint,weight_sensitive_hybrid,-0.0153405371875,3.940728206963833e-05
140,64,32,concentrated,40,assignment_dependent,256,empirical_best_midpoint,empirical_bernstein_fixed_forecast,-0.014886329687499998,5.1491446162603396e-05
140,64,32,concentrated,40,assignment_dependent,256,quota,harmonic_martingale,-0.00294826390625,4.433978229932941e-05
140,64,32,concentrated,40,assignment_dependent,256,quota,weight_sensitive_product,-0.00034618171875,7.426570292668394e-06
140,64,32,concentrated,40,assignment_dependent,256,quota,weight_sensitive_hybrid,-0.00034618171875,7.426570292668394e-06
140,64,32,concentrated,40,assignment_dependent,256,quota,empirical_bernstein_fixed_forecast,0.00010802578125000006,1.0463418241210595e-05
140,64,32,concentrated,40,assignment_dependent,256,harmonic_martingale,weight_sensitive_product,0.0026020821875000003,3.773768919742737e-05
140,64,32,concentrated,40,assignment_dependent,256,harmonic_martingale,weight_sensitive_hybrid,0.0026020821875000003,3.773768919742737e-05
140,64,32,concentrated,40,assignment_dependent,256,harmonic_martingale,empirical_bernstein_fixed_forecast,0.0030562896875,4.9895704278186946e-05
140,64,32,concentrated,40,assignment_dependent,256,weight_sensitive_product,weight_sensitive_hybrid,0.0,0.0
140,64,32,concentrated,40,assignment_dependent,256,weight_sensitive_product,empirical_bernstein_fixed_forecast,0.00045420750000000005,1.4374431251323292e-05
140,64,32,concentrated,40,assignment_dependent,256,weight_sensitive_hybrid,empirical_bernstein_fixed_forecast,0.00045420750000000005,1.4374431251323292e-05
141,64,32,concentrated,160,complete,256,no_learning_half,empirical_best_midpoint,0.08,0.0
141,64,32,concentrated,160,complete,256,no_learning_half,quota,0.07727922500000001,0.0003541952613016292
141,64,32,concentrated,160,complete,256,no_learning_half,harmonic_martingale,0.014234308125000003,8.813899435392662e-05
141,64,32,concentrated,160,complete,256,no_learning_half,weight_sensitive_product,0.069026889375,0.0005888642562838017
141,64,32,concentrated,160,complete,256,no_learning_half,weight_sensitive_hybrid,0.069026889375,0.0005888642562838017
141,64,32,concentrated,160,complete,256,no_learning_half,empirical_bernstein_fixed_forecast,0.07957946625,0.00013679594784032562
141,64,32,concentrated,160,complete,256,empirical_best_midpoint,quota,-0.002720775,0.0003541952613016292
141,64,32,concentrated,160,complete,256,empirical_best_midpoint,harmonic_martingale,-0.065765691875,8.813899435392662e-05
141,64,32,concentrated,160,complete,256,empirical_best_midpoint,weight_sensitive_product,-0.010973110625,0.0005888642562838018
141,64,32,concentrated,160,complete,256,empirical_best_midpoint,weight_sensitive_hybrid,-0.010973110625,0.0005888642562838018
141,64,32,concentrated,160,complete,256,empirical_best_midpoint,empirical_bernstein_fixed_forecast,-0.00042053375,0.00013679594784032564
141,64,32,concentrated,160,complete,256,quota,harmonic_martingale,-0.063044916875,0.00030971864773858955
141,64,32,concentrated,160,complete,256,quota,weight_sensitive_product,-0.008252335625,0.00035454465403794445
141,64,32,concentrated,160,complete,256,quota,weight_sensitive_hybrid,-0.008252335625,0.00035454465403794445
141,64,32,concentrated,160,complete,256,quota,empirical_bernstein_fixed_forecast,0.0023002412499999996,0.00026966093219476703
141,64,32,concentrated,160,complete,256,harmonic_martingale,weight_sensitive_product,0.05479258125,0.000518161585102443
141,64,32,concentrated,160,complete,256,harmonic_martingale,weight_sensitive_hybrid,0.05479258125,0.000518161585102443
141,64,32,concentrated,160,complete,256,harmonic_martingale,empirical_bernstein_fixed_forecast,0.065345158125,0.00013545518241298571
141,64,32,concentrated,160,complete,256,weight_sensitive_product,weight_sensitive_hybrid,0.0,0.0
141,64,32,concentrated,160,complete,256,weight_sensitive_product,empirical_bernstein_fixed_forecast,0.010552576875,0.0005344112009023236
141,64,32,concentrated,160,complete,256,weight_sensitive_hybrid,empirical_bernstein_fixed_forecast,0.010552576875,0.0005344112009023236
142,64,32,concentrated,160,coarse_interval,256,no_learning_half,empirical_best_midpoint,0.08,0.0
142,64,32,concentrated,160,coarse_interval,256,no_learning_half,quota,0.03550032125,0.00039280889754508125
142,64,32,concentrated,160,coarse_interval,256,no_learning_half,harmonic_martingale,0.010242265,4.119656285753109e-05
142,64,32,concentrated,160,coarse_interval,256,no_learning_half,weight_sensitive_product,0.03221844125,0.00035649519579359756
142,64,32,concentrated,160,coarse_interval,256,no_learning_half,weight_sensitive_hybrid,0.03221844125,0.00035649519579359756
142,64,32,concentrated,160,coarse_interval,256,no_learning_half,empirical_bernstein_fixed_forecast,0.038531103750000004,0.00043844922149318966
142,64,32,concentrated,160,coarse_interval,256,empirical_best_midpoint,quota,-0.04449967875,0.00039280889754508125
142,64,32,concentrated,160,coarse_interval,256,empirical_best_midpoint,harmonic_martingale,-0.06975773500000002,4.1196562857531095e-05
142,64,32,concentrated,160,coarse_interval,256,empirical_best_midpoint,weight_sensitive_product,-0.04778155875,0.00035649519579359756
142,64,32,concentrated,160,coarse_interval,256,empirical_best_midpoint,weight_sensitive_hybrid,-0.04778155875,0.00035649519579359756
142,64,32,concentrated,160,coarse_interval,256,empirical_best_midpoint,empirical_bernstein_fixed_forecast,-0.041468896250000005,0.00043844922149318966
142,64,32,concentrated,160,coarse_interval,256,quota,harmonic_martingale,-0.02525805625,0.00037120580750842796
142,64,32,concentrated,160,coarse_interval,256,quota,weight_sensitive_product,-0.00328188,3.6313701978351765e-05
142,64,32,concentrated,160,coarse_interval,256,quota,weight_sensitive_hybrid,-0.00328188,3.6313701978351765e-05
142,64,32,concentrated,160,coarse_interval,256,quota,empirical_bernstein_fixed_forecast,0.0030307825,5.636009792410501e-05
142,64,32,concentrated,160,coarse_interval,256,harmonic_martingale,weight_sensitive_product,0.02197617625,0.0003350618433565277
142,64,32,concentrated,160,coarse_interval,256,harmonic_martingale,weight_sensitive_hybrid,0.02197617625,0.0003350618433565277
142,64,32,concentrated,160,coarse_interval,256,harmonic_martingale,empirical_bernstein_fixed_forecast,0.02828883875,0.00041715009073802086
142,64,32,concentrated,160,coarse_interval,256,weight_sensitive_product,weight_sensitive_hybrid,0.0,0.0
142,64,32,concentrated,160,coarse_interval,256,weight_sensitive_product,empirical_bernstein_fixed_forecast,0.0063126625,8.779978021531627e-05
142,64,32,concentrated,160,coarse_interval,256,weight_sensitive_hybrid,empirical_bernstein_fixed_forecast,0.0063126625,8.779978021531627e-05
143,64,32,concentrated,160,assignment_dependent,256,no_learning_half,empirical_best_midpoint,0.08,0.0
143,64,32,concentrated,160,assignment_dependent,256,no_learning_half,quota,0.036391425625,0.00027503031836575054
143,64,32,concentrated,160,assignment_dependent,256,no_learning_half,harmonic_martingale,0.013169941875000002,3.330620900846605e-05
143,64,32,concentrated,160,assignment_dependent,256,no_learning_half,weight_sensitive_product,0.033881524375,0.00025050663115625953
143,64,32,concentrated,160,assignment_dependent,256,no_learning_half,weight_sensitive_hybrid,0.033881524375,0.00025050663115625953
143,64,32,concentrated,160,assignment_dependent,256,no_learning_half,empirical_bernstein_fixed_forecast,0.036607399375,0.0003099906707384924
143,64,32,concentrated,160,assignment_dependent,256,empirical_best_midpoint,quota,-0.043608574375,0.00027503031836575054
143,64,32,concentrated,160,assignment_dependent,256,empirical_best_midpoint,harmonic_martingale,-0.06683005812500001,3.330620900846604e-05
143,64,32,concentrated,160,assignment_dependent,256,empirical_best_midpoint,weight_sensitive_product,-0.046118475625,0.00025050663115625953
143,64,32,concentrated,160,assignment_dependent,256,empirical_best_midpoint,weight_sensitive_hybrid,-0.046118475625,0.00025050663115625953
143,64,32,concentrated,160,assignment_dependent,256,empirical_best_midpoint,empirical_bernstein_fixed_forecast,-0.043392600625,0.0003099906707384924
143,64,32,concentrated,160,assignment_dependent,256,quota,harmonic_martingale,-0.02322148375,0.0002569576516180106
143,64,32,concentrated,160,assignment_dependent,256,quota,weight_sensitive_product,-0.00250990125,2.557240001530737e-05
143,64,32,concentrated,160,assignment_dependent,256,quota,weight_sensitive_hybrid,-0.00250990125,2.557240001530737e-05
143,64,32,concentrated,160,assignment_dependent,256,quota,empirical_bernstein_fixed_forecast,0.00021597375000000015,5.785042703287532e-05
143,64,32,concentrated,160,assignment_dependent,256,harmonic_martingale,weight_sensitive_product,0.0207115825,0.000232711591161162
143,64,32,concentrated,160,assignment_dependent,256,harmonic_martingale,weight_sensitive_hybrid,0.0207115825,0.000232711591161162
143,64,32,concentrated,160,assignment_dependent,256,harmonic_martingale,empirical_bernstein_fixed_forecast,0.0234374575,0.00029243125781058593
143,64,32,concentrated,160,assignment_dependent,256,weight_sensitive_product,weight_sensitive_hybrid,0.0,0.0
143,64,32,concentrated,160,assignment_dependent,256,weight_sensitive_product,empirical_bernstein_fixed_forecast,0.002725875,7.373745945024463e-05
143,64,32,concentrated,160,assignment_dependent,256,weight_sensitive_hybrid,empirical_bernstein_fixed_forecast,0.002725875,7.373745945024463e-05
