method,scope,arm,outcome,projected_lower,projected_upper
support_only,weighted_baseline,Control,mean,0.0,12.0
support_only,weighted_baseline,Control,survival_1,0.0,1.0
support_only,weighted_baseline,Control,survival_2,0.0,1.0
support_only,weighted_baseline,Control,survival_3,0.0,1.0
support_only,weighted_baseline,Control,survival_4,0.0,1.0
support_only,weighted_baseline,Control,survival_5,0.0,1.0
support_only,weighted_baseline,Control,survival_6,0.0,1.0
support_only,weighted_baseline,Control,survival_7,0.0,1.0
support_only,weighted_baseline,Control,survival_8,0.0,1.0
support_only,weighted_baseline,Control,survival_9,0.0,1.0
support_only,weighted_baseline,Control,survival_10,0.0,1.0
support_only,weighted_baseline,Control,survival_11,0.0,1.0
support_only,weighted_baseline,Control,survival_12,0.0,1.0
support_only,weighted_baseline,Control,shortfall_1,-1.0,0.0
support_only,weighted_baseline,Control,shortfall_2,-1.0,0.0
support_only,weighted_baseline,Control,shortfall_3,-1.0,0.0
support_only,weighted_baseline,Control,shortfall_4,-1.0,0.0
support_only,weighted_baseline,Control,shortfall_5,-1.0,0.0
support_only,weighted_baseline,Control,shortfall_6,-1.0,0.0
support_only,weighted_baseline,Control,shortfall_7,-1.0,0.0
support_only,weighted_baseline,Control,shortfall_8,-1.0,0.0
support_only,weighted_baseline,Control,shortfall_9,-1.0,0.0
support_only,weighted_baseline,Control,shortfall_10,-1.0,0.0
support_only,weighted_baseline,Control,shortfall_11,-1.0,0.0
support_only,weighted_baseline,Control,shortfall_12,-1.0,0.0
finite_distribution,weighted_baseline,Control,mean,1.536403419595403,9.446460118033235
finite_distribution,weighted_baseline,Control,survival_1,0.4568746037524106,1.0
finite_distribution,weighted_baseline,Control,survival_2,0.4246692788098847,1.0
finite_distribution,weighted_baseline,Control,survival_3,0.3709705838624214,1.0
finite_distribution,weighted_baseline,Control,survival_4,0.24175748601514,1.0
finite_distribution,weighted_baseline,Control,survival_5,0.0421314671555463,1.0
finite_distribution,weighted_baseline,Control,survival_6,0.0,0.9005839761961172
finite_distribution,weighted_baseline,Control,survival_7,0.0,0.7181938035425398
finite_distribution,weighted_baseline,Control,survival_8,0.0,0.6266341315107878
finite_distribution,weighted_baseline,Control,survival_9,0.0,0.5708616623190435
finite_distribution,weighted_baseline,Control,survival_10,0.0,0.5476402352700467
finite_distribution,weighted_baseline,Control,survival_11,0.0,0.5412731545973505
finite_distribution,weighted_baseline,Control,survival_12,0.0,0.5412731545973505
finite_distribution,weighted_baseline,Control,shortfall_1,-0.5431253962475894,0.0
finite_distribution,weighted_baseline,Control,shortfall_2,-0.5592280587188524,0.0
finite_distribution,weighted_baseline,Control,shortfall_3,-0.5824951778584277,0.0
finite_distribution,weighted_baseline,Control,shortfall_4,-0.6264320118900358,0.0
finite_distribution,weighted_baseline,Control,shortfall_5,-0.6927193160809194,0.0
finite_distribution,weighted_baseline,Control,shortfall_6,-0.7439327634007662,-0.016569337300647136
finite_distribution,weighted_baseline,Control,shortfall_7,-0.7805137972006567,-0.054460317180191856
finite_distribution,weighted_baseline,Control,shortfall_8,-0.8079495725505746,-0.0943235110938194
finite_distribution,weighted_baseline,Control,shortfall_9,-0.8292885089338441,-0.1315251584923902
finite_distribution,weighted_baseline,Control,shortfall_10,-0.8463596580404598,-0.1636086191161465
finite_distribution,weighted_baseline,Control,shortfall_11,-0.8603269618549634,-0.19043754877855584
finite_distribution,weighted_baseline,Control,shortfall_12,-0.871966381700383,-0.212794990163897
logical_distribution,weighted_baseline,Control,mean,1.4187142543498417,9.952375995358457
logical_distribution,weighted_baseline,Control,survival_1,0.2886324694397946,0.9995002498702095
logical_distribution,weighted_baseline,Control,survival_2,0.2794058328293898,0.9902736132598048
logical_distribution,weighted_baseline,Control,survival_3,0.2636921619059361,0.974559942336351
logical_distribution,weighted_baseline,Control,survival_4,0.22566296226694602,0.9365307426973609
logical_distribution,weighted_baseline,Control,survival_5,0.16674053845785797,0.877608318888273
logical_distribution,weighted_baseline,Control,survival_6,0.10747800696788852,0.818845537528094
logical_distribution,weighted_baseline,Control,survival_7,0.05112721435275096,0.7644625110490064
logical_distribution,weighted_baseline,Control,survival_8,0.02560872349926237,0.7364765039296772
logical_distribution,weighted_baseline,Control,survival_9,0.008648453558860614,0.7197973434372827
logical_distribution,weighted_baseline,Control,survival_10,0.001717891071154791,0.7125856715015697
logical_distribution,weighted_baseline,Control,survival_11,0.0,0.7108677804304149
logical_distribution,weighted_baseline,Control,survival_12,0.0,0.7108677804304149
logical_distribution,weighted_baseline,Control,shortfall_1,-0.7113675305602054,-0.0004997501297904847
logical_distribution,weighted_baseline,Control,shortfall_2,-0.7159808488654078,-0.005113068434992858
logical_distribution,weighted_baseline,Control,shortfall_3,-0.7227565119416266,-0.011888731511211567
logical_distribution,weighted_baseline,Control,shortfall_4,-0.7356516433894835,-0.024783862959068436
logical_distribution,weighted_baseline,Control,shortfall_5,-0.7551732070200151,-0.04430542658960017
logical_distribution,weighted_baseline,Control,shortfall_6,-0.7780646713553645,-0.06711359923665115
logical_distribution,weighted_baseline,Control,shortfall_7,-0.8024658305399195,-0.09117415491012859
logical_distribution,weighted_baseline,Control,shortfall_8,-0.8239565112850217,-0.11271782255515289
logical_distribution,weighted_baseline,Control,shortfall_9,-0.8425559596357016,-0.1313272485559934
logical_distribution,weighted_baseline,Control,shortfall_10,-0.8581285745650159,-0.14693595655023706
logical_distribution,weighted_baseline,Control,shortfall_11,-0.8710259768772871,-0.15986288955199598
logical_distribution,weighted_baseline,Control,shortfall_12,-0.8817738121375134,-0.17063533372012846
finite_consistency_distribution,weighted_baseline,Control,mean,1.8555927803476322,9.143194546417211
finite_consistency_distribution,weighted_baseline,Control,survival_1,0.4568746037524106,0.9995002498702095
finite_consistency_distribution,weighted_baseline,Control,survival_2,0.4246692788098847,0.9902736132598048
finite_consistency_distribution,weighted_baseline,Control,survival_3,0.3709705838624214,0.974559942336351
finite_consistency_distribution,weighted_baseline,Control,survival_4,0.24175748601514,0.9365307426973609
finite_consistency_distribution,weighted_baseline,Control,survival_5,0.16674053845785797,0.877608318888273
finite_consistency_distribution,weighted_baseline,Control,survival_6,0.10747800696788852,0.818845537528094
finite_consistency_distribution,weighted_baseline,Control,survival_7,0.05112721435275096,0.7181938035425398
finite_consistency_distribution,weighted_baseline,Control,survival_8,0.02560872349926237,0.6266341315107878
finite_consistency_distribution,weighted_baseline,Control,survival_9,0.008648453558860614,0.5708616623190435
finite_consistency_distribution,weighted_baseline,Control,survival_10,0.001717891071154791,0.5476402352700467
finite_consistency_distribution,weighted_baseline,Control,survival_11,0.0,0.5412731545973505
finite_consistency_distribution,weighted_baseline,Control,survival_12,0.0,0.5412731545973505
finite_consistency_distribution,weighted_baseline,Control,shortfall_1,-0.5431253962475894,-0.0004997501297904847
finite_consistency_distribution,weighted_baseline,Control,shortfall_2,-0.5592280587188524,-0.005113068434992858
finite_consistency_distribution,weighted_baseline,Control,shortfall_3,-0.5824951778584277,-0.011888731511211567
finite_consistency_distribution,weighted_baseline,Control,shortfall_4,-0.6264320118900358,-0.024783862959068436
finite_consistency_distribution,weighted_baseline,Control,shortfall_5,-0.667797501820457,-0.04430542658960017
finite_consistency_distribution,weighted_baseline,Control,shortfall_6,-0.7052515836890662,-0.06711359923665115
finite_consistency_distribution,weighted_baseline,Control,shortfall_7,-0.7400546125402351,-0.09778397026819527
finite_consistency_distribution,weighted_baseline,Control,shortfall_8,-0.769346695535298,-0.13223170754582236
finite_consistency_distribution,weighted_baseline,Control,shortfall_9,-0.7940139011915027,-0.16522133311639284
finite_consistency_distribution,weighted_baseline,Control,shortfall_10,-0.8144407219652371,-0.19393517627774884
finite_consistency_distribution,weighted_baseline,Control,shortfall_11,-0.8313097472411245,-0.21800714619819436
finite_consistency_distribution,weighted_baseline,Control,shortfall_12,-0.8453672683043642,-0.23806712113189896
support_only,weighted_baseline,Gikuriro,mean,0.0,12.0
support_only,weighted_baseline,Gikuriro,survival_1,0.0,1.0
support_only,weighted_baseline,Gikuriro,survival_2,0.0,1.0
support_only,weighted_baseline,Gikuriro,survival_3,0.0,1.0
support_only,weighted_baseline,Gikuriro,survival_4,0.0,1.0
support_only,weighted_baseline,Gikuriro,survival_5,0.0,1.0
support_only,weighted_baseline,Gikuriro,survival_6,0.0,1.0
support_only,weighted_baseline,Gikuriro,survival_7,0.0,1.0
support_only,weighted_baseline,Gikuriro,survival_8,0.0,1.0
support_only,weighted_baseline,Gikuriro,survival_9,0.0,1.0
support_only,weighted_baseline,Gikuriro,survival_10,0.0,1.0
support_only,weighted_baseline,Gikuriro,survival_11,0.0,1.0
support_only,weighted_baseline,Gikuriro,survival_12,0.0,1.0
support_only,weighted_baseline,Gikuriro,shortfall_1,-1.0,0.0
support_only,weighted_baseline,Gikuriro,shortfall_2,-1.0,0.0
support_only,weighted_baseline,Gikuriro,shortfall_3,-1.0,0.0
support_only,weighted_baseline,Gikuriro,shortfall_4,-1.0,0.0
support_only,weighted_baseline,Gikuriro,shortfall_5,-1.0,0.0
support_only,weighted_baseline,Gikuriro,shortfall_6,-1.0,0.0
support_only,weighted_baseline,Gikuriro,shortfall_7,-1.0,0.0
support_only,weighted_baseline,Gikuriro,shortfall_8,-1.0,0.0
support_only,weighted_baseline,Gikuriro,shortfall_9,-1.0,0.0
support_only,weighted_baseline,Gikuriro,shortfall_10,-1.0,0.0
support_only,weighted_baseline,Gikuriro,shortfall_11,-1.0,0.0
support_only,weighted_baseline,Gikuriro,shortfall_12,-1.0,0.0
finite_distribution,weighted_baseline,Gikuriro,mean,1.5131970569396918,9.627421317477154
finite_distribution,weighted_baseline,Gikuriro,survival_1,0.4457181553450239,1.0
finite_distribution,weighted_baseline,Gikuriro,survival_2,0.4229992861962814,1.0
finite_distribution,weighted_baseline,Gikuriro,survival_3,0.3730373501305039,1.0
finite_distribution,weighted_baseline,Gikuriro,survival_4,0.2298936900335223,1.0
finite_distribution,weighted_baseline,Gikuriro,survival_5,0.0415485752343602,1.0
finite_distribution,weighted_baseline,Gikuriro,survival_6,0.0,0.9286666035015888
finite_distribution,weighted_baseline,Gikuriro,survival_7,0.0,0.7782499686003306
finite_distribution,weighted_baseline,Gikuriro,survival_8,0.0,0.6607998795573857
finite_distribution,weighted_baseline,Gikuriro,survival_9,0.0,0.5835858137229336
finite_distribution,weighted_baseline,Gikuriro,survival_10,0.0,0.5654998978404384
finite_distribution,weighted_baseline,Gikuriro,survival_11,0.0,0.556337309599501
finite_distribution,weighted_baseline,Gikuriro,survival_12,0.0,0.5542818446549761
finite_distribution,weighted_baseline,Gikuriro,shortfall_1,-0.5542818446549761,0.0
finite_distribution,weighted_baseline,Gikuriro,shortfall_2,-0.5656412792293475,0.0
finite_distribution,weighted_baseline,Gikuriro,shortfall_3,-0.5860817361093971,0.0
finite_distribution,weighted_baseline,Gikuriro,shortfall_4,-0.6320878795736673,0.0
finite_distribution,weighted_baseline,Gikuriro,shortfall_5,-0.6973605886120617,0.0
finite_distribution,weighted_baseline,Gikuriro,shortfall_6,-0.7478004905100514,-0.011888899416401866
finite_distribution,weighted_baseline,Gikuriro,shortfall_7,-0.7838289918657583,-0.04186906112829723
finite_distribution,weighted_baseline,Gikuriro,shortfall_8,-0.8108503678825387,-0.07903544354258686
finite_distribution,weighted_baseline,Gikuriro,shortfall_9,-0.8318669936733676,-0.11652197051308458
finite_distribution,weighted_baseline,Gikuriro,shortfall_10,-0.848680294306031,-0.1483197836777323
finite_distribution,weighted_baseline,Gikuriro,shortfall_11,-0.8624366311873007,-0.17516913883434743
finite_distribution,weighted_baseline,Gikuriro,shortfall_12,-0.8739002452550257,-0.19771489021023717
logical_distribution,weighted_baseline,Gikuriro,mean,1.4003241435254081,10.074823201250448
logical_distribution,weighted_baseline,Gikuriro,survival_1,0.2771823415561362,1.0
logical_distribution,weighted_baseline,Gikuriro,survival_2,0.27093546493375537,0.9937531233776191
logical_distribution,weighted_baseline,Gikuriro,survival_3,0.2569736957423089,0.980041229251068
logical_distribution,weighted_baseline,Gikuriro,survival_4,0.2162743032516471,0.9390919616955109
logical_distribution,weighted_baseline,Gikuriro,survival_5,0.16378665820515306,0.8866043166490168
logical_distribution,weighted_baseline,Gikuriro,survival_6,0.10734513704311748,0.8301627954869814
logical_distribution,weighted_baseline,Gikuriro,survival_7,0.064490572058159,0.7873082305020228
logical_distribution,weighted_baseline,Gikuriro,survival_8,0.03131073347534786,0.7541283919192117
logical_distribution,weighted_baseline,Gikuriro,survival_9,0.008058470664145926,0.7313134104417888
logical_distribution,weighted_baseline,Gikuriro,survival_10,0.003310844550286748,0.7261285029941504
logical_distribution,weighted_baseline,Gikuriro,survival_11,0.0006559220453500112,0.7234735804892138
logical_distribution,weighted_baseline,Gikuriro,survival_12,0.0,0.7228176584438638
logical_distribution,weighted_baseline,Gikuriro,shortfall_1,-0.7228176584438638,0.0
logical_distribution,weighted_baseline,Gikuriro,shortfall_2,-0.7259410967550544,-0.003123438311190529
logical_distribution,weighted_baseline,Gikuriro,shortfall_3,-0.7316361659226,-0.008735215790437775
logical_distribution,weighted_baseline,Gikuriro,shortfall_4,-0.7446585486290382,-0.02177842141895066
logical_distribution,weighted_baseline,Gikuriro,shortfall_5,-0.7629695072621999,-0.040101873805357194
logical_distribution,weighted_baseline,Gikuriro,shortfall_6,-0.7845837332113137,-0.06172442892330082
logical_distribution,weighted_baseline,Gikuriro,shortfall_7,-0.8061445467442462,-0.0832911918625403
logical_distribution,weighted_baseline,Gikuriro,shortfall_8,-0.8264626367167969,-0.10361374388982132
logical_distribution,weighted_baseline,Gikuriro,shortfall_9,-0.8448491803411365,-0.12195517118630916
logical_distribution,weighted_baseline,Gikuriro,shortfall_10,-0.8600331778519942,-0.13714680376826316
logical_distribution,weighted_baseline,Gikuriro,shortfall_11,-0.8726978051340539,-0.14981767792667433
logical_distribution,weighted_baseline,Gikuriro,shortfall_12,-0.8833063213728828,-0.16043139989579613
finite_consistency_distribution,weighted_baseline,Gikuriro,mean,1.850606819746891,9.328408140435762
finite_consistency_distribution,weighted_baseline,Gikuriro,survival_1,0.44571815534502396,1.0
finite_consistency_distribution,weighted_baseline,Gikuriro,survival_2,0.4229992861962814,0.9937531233776191
finite_consistency_distribution,weighted_baseline,Gikuriro,survival_3,0.37303735013050393,0.980041229251068
finite_consistency_distribution,weighted_baseline,Gikuriro,survival_4,0.2298936900335223,0.9390919616955109
finite_consistency_distribution,weighted_baseline,Gikuriro,survival_5,0.16378665820515306,0.8866043166490168
finite_consistency_distribution,weighted_baseline,Gikuriro,survival_6,0.10734513704311748,0.8301627954869814
finite_consistency_distribution,weighted_baseline,Gikuriro,survival_7,0.064490572058159,0.7782499686003306
finite_consistency_distribution,weighted_baseline,Gikuriro,survival_8,0.03131073347534786,0.6607998795573857
finite_consistency_distribution,weighted_baseline,Gikuriro,survival_9,0.008058470664145926,0.5835858137229336
finite_consistency_distribution,weighted_baseline,Gikuriro,survival_10,0.003310844550286748,0.5654998978404384
finite_consistency_distribution,weighted_baseline,Gikuriro,survival_11,0.0006559220453500112,0.556337309599501
finite_consistency_distribution,weighted_baseline,Gikuriro,survival_12,0.0,0.5542818446549761
finite_consistency_distribution,weighted_baseline,Gikuriro,shortfall_1,-0.5542818446549761,0.0
finite_consistency_distribution,weighted_baseline,Gikuriro,shortfall_2,-0.5656412792293475,-0.003123438311190529
finite_consistency_distribution,weighted_baseline,Gikuriro,shortfall_3,-0.5860817361093971,-0.008735215790437775
finite_consistency_distribution,weighted_baseline,Gikuriro,shortfall_4,-0.6320878795736673,-0.02177842141895066
finite_consistency_distribution,weighted_baseline,Gikuriro,shortfall_5,-0.6729129720179031,-0.040101873805357194
finite_consistency_distribution,weighted_baseline,Gikuriro,shortfall_6,-0.709536620507733,-0.06172442892330082
finite_consistency_distribution,weighted_baseline,Gikuriro,shortfall_7,-0.7418184501411771,-0.08458522927706776
finite_consistency_distribution,weighted_baseline,Gikuriro,shortfall_8,-0.7701773021891115,-0.11641209067276106
finite_consistency_distribution,weighted_baseline,Gikuriro,shortfall_9,-0.7948177718720826,-0.1497456568510172
finite_consistency_distribution,weighted_baseline,Gikuriro,shortfall_10,-0.8150049102298458,-0.17822110138187164
finite_consistency_distribution,weighted_baseline,Gikuriro,shortfall_11,-0.8317630163866462,-0.2023521549290196
finite_consistency_distribution,weighted_baseline,Gikuriro,shortfall_12,-0.8457827650210925,-0.22263265496368662
support_only,weighted_baseline,Lower,mean,0.0,12.0
support_only,weighted_baseline,Lower,survival_1,0.0,1.0
support_only,weighted_baseline,Lower,survival_2,0.0,1.0
support_only,weighted_baseline,Lower,survival_3,0.0,1.0
support_only,weighted_baseline,Lower,survival_4,0.0,1.0
support_only,weighted_baseline,Lower,survival_5,0.0,1.0
support_only,weighted_baseline,Lower,survival_6,0.0,1.0
support_only,weighted_baseline,Lower,survival_7,0.0,1.0
support_only,weighted_baseline,Lower,survival_8,0.0,1.0
support_only,weighted_baseline,Lower,survival_9,0.0,1.0
support_only,weighted_baseline,Lower,survival_10,0.0,1.0
support_only,weighted_baseline,Lower,survival_11,0.0,1.0
support_only,weighted_baseline,Lower,survival_12,0.0,1.0
support_only,weighted_baseline,Lower,shortfall_1,-1.0,0.0
support_only,weighted_baseline,Lower,shortfall_2,-1.0,0.0
support_only,weighted_baseline,Lower,shortfall_3,-1.0,0.0
support_only,weighted_baseline,Lower,shortfall_4,-1.0,0.0
support_only,weighted_baseline,Lower,shortfall_5,-1.0,0.0
support_only,weighted_baseline,Lower,shortfall_6,-1.0,0.0
support_only,weighted_baseline,Lower,shortfall_7,-1.0,0.0
support_only,weighted_baseline,Lower,shortfall_8,-1.0,0.0
support_only,weighted_baseline,Lower,shortfall_9,-1.0,0.0
support_only,weighted_baseline,Lower,shortfall_10,-1.0,0.0
support_only,weighted_baseline,Lower,shortfall_11,-1.0,0.0
support_only,weighted_baseline,Lower,shortfall_12,-1.0,0.0
finite_distribution,weighted_baseline,Lower,mean,0.30369592694687986,11.558465500584722
finite_distribution,weighted_baseline,Lower,survival_1,0.11864091354440487,1.0
finite_distribution,weighted_baseline,Lower,survival_2,0.1080233744259552,1.0
finite_distribution,weighted_baseline,Lower,survival_3,0.0770316389765198,1.0
finite_distribution,weighted_baseline,Lower,survival_4,0.0,1.0
finite_distribution,weighted_baseline,Lower,survival_5,0.0,1.0
finite_distribution,weighted_baseline,Lower,survival_6,0.0,1.0
finite_distribution,weighted_baseline,Lower,survival_7,0.0,1.0
finite_distribution,weighted_baseline,Lower,survival_8,0.0,1.0
finite_distribution,weighted_baseline,Lower,survival_9,0.0,0.9091655601694956
finite_distribution,weighted_baseline,Lower,survival_10,0.0,0.8865817675040364
finite_distribution,weighted_baseline,Lower,survival_11,0.0,0.8813590864555951
finite_distribution,weighted_baseline,Lower,survival_12,0.0,0.8813590864555951
finite_distribution,weighted_baseline,Lower,shortfall_1,-0.8813590864555951,0.0
finite_distribution,weighted_baseline,Lower,shortfall_2,-0.8866678560148199,0.0
finite_distribution,weighted_baseline,Lower,shortfall_3,-0.89876802435104,0.0
finite_distribution,weighted_baseline,Lower,shortfall_4,-0.92407601826328,0.0
finite_distribution,weighted_baseline,Lower,shortfall_5,-0.939260814610624,0.0
finite_distribution,weighted_baseline,Lower,shortfall_6,-0.94938401217552,0.0
finite_distribution,weighted_baseline,Lower,shortfall_7,-0.9566148675790171,0.0
finite_distribution,weighted_baseline,Lower,shortfall_8,-0.96203800913164,0.0
finite_distribution,weighted_baseline,Lower,shortfall_9,-0.9662560081170133,-0.010092715536722714
finite_distribution,weighted_baseline,Lower,shortfall_10,-0.9696304073053119,-0.020425267232646805
finite_distribution,weighted_baseline,Lower,shortfall_11,-0.9723912793684654,-0.02935396235189754
finite_distribution,weighted_baseline,Lower,shortfall_12,-0.97469200608776,-0.03679454161793982
logical_distribution,weighted_baseline,Lower,mean,0.4863609871631346,11.370543894167163
logical_distribution,weighted_baseline,Lower,survival_1,0.09298475774966408,1.0
logical_distribution,weighted_baseline,Lower,survival_2,0.0918290855745238,0.9988443278248598
logical_distribution,weighted_baseline,Lower,survival_3,0.08879935044245658,0.9958145926927925
logical_distribution,weighted_baseline,Lower,survival_4,0.07603489940930866,0.9830501416596445
logical_distribution,weighted_baseline,Lower,survival_5,0.06233341679344076,0.9693486590437767
logical_distribution,weighted_baseline,Lower,survival_6,0.03927203075468459,0.9462872730050205
logical_distribution,weighted_baseline,Lower,survival_7,0.01964642688802561,0.9266616691383615
logical_distribution,weighted_baseline,Lower,survival_8,0.01236881568252689,0.9193840579328627
logical_distribution,weighted_baseline,Lower,survival_9,0.002654922534724343,0.9096701647850601
logical_distribution,weighted_baseline,Lower,survival_10,0.00043728133377906757,0.9074525235841149
logical_distribution,weighted_baseline,Lower,survival_11,0.0,0.9070152422503359
logical_distribution,weighted_baseline,Lower,survival_12,0.0,0.9070152422503359
logical_distribution,weighted_baseline,Lower,shortfall_1,-0.9070152422503359,0.0
logical_distribution,weighted_baseline,Lower,shortfall_2,-0.9075930783379061,-0.0005778360875702479
logical_distribution,weighted_baseline,Lower,shortfall_3,-0.9087956020777852,-0.0017803598274493992
logical_distribution,weighted_baseline,Lower,shortfall_4,-0.9125879767060119,-0.005572734455675932
logical_distribution,weighted_baseline,Lower,shortfall_5,-0.9176036980061213,-0.010588455755785433
logical_distribution,weighted_baseline,Lower,shortfall_6,-0.9247910765459871,-0.01777583429565113
logical_distribution,weighted_baseline,Lower,shortfall_7,-0.9327285760554139,-0.025713333805077912
logical_distribution,weighted_baseline,Lower,shortfall_8,-0.9395914020881712,-0.032576159837835385
logical_distribution,weighted_baseline,Lower,shortfall_9,-0.9460084771300717,-0.03899323487973589
logical_distribution,weighted_baseline,Lower,shortfall_10,-0.9513639012836866,-0.04434865903335083
logical_distribution,weighted_baseline,Lower,shortfall_11,-0.9557853648033514,-0.04877012255301568
logical_distribution,weighted_baseline,Lower,shortfall_12,-0.9594699177364054,-0.05245467548606971
finite_consistency_distribution,weighted_baseline,Lower,mean,0.5282114318093066,11.297856221882041
finite_consistency_distribution,weighted_baseline,Lower,survival_1,0.11864091354440487,1.0
finite_consistency_distribution,weighted_baseline,Lower,survival_2,0.1080233744259552,0.9988443278248598
finite_consistency_distribution,weighted_baseline,Lower,survival_3,0.08879935044245658,0.9958145926927925
finite_consistency_distribution,weighted_baseline,Lower,survival_4,0.07603489940930866,0.9830501416596445
finite_consistency_distribution,weighted_baseline,Lower,survival_5,0.06233341679344076,0.9693486590437767
finite_consistency_distribution,weighted_baseline,Lower,survival_6,0.03927203075468459,0.9462872730050205
finite_consistency_distribution,weighted_baseline,Lower,survival_7,0.01964642688802561,0.9266616691383615
finite_consistency_distribution,weighted_baseline,Lower,survival_8,0.01236881568252689,0.9193840579328627
finite_consistency_distribution,weighted_baseline,Lower,survival_9,0.002654922534724343,0.9091655601694956
finite_consistency_distribution,weighted_baseline,Lower,survival_10,0.00043728133377906757,0.8865817675040364
finite_consistency_distribution,weighted_baseline,Lower,survival_11,0.0,0.8813590864555951
finite_consistency_distribution,weighted_baseline,Lower,survival_12,0.0,0.8813590864555951
finite_consistency_distribution,weighted_baseline,Lower,shortfall_1,-0.8813590864555951,0.0
finite_consistency_distribution,weighted_baseline,Lower,shortfall_2,-0.8866678560148199,-0.0005778360875702479
finite_consistency_distribution,weighted_baseline,Lower,shortfall_3,-0.8948454538623944,-0.0017803598274493992
finite_consistency_distribution,weighted_baseline,Lower,shortfall_4,-0.9021253655444686,-0.005572734455675932
finite_consistency_distribution,weighted_baseline,Lower,shortfall_5,-0.9092336090768868,-0.010588455755785433
finite_consistency_distribution,weighted_baseline,Lower,shortfall_6,-0.9178160024382915,-0.01777583429565113
finite_consistency_distribution,weighted_baseline,Lower,shortfall_7,-0.9267499411059607,-0.025713333805077912
finite_consistency_distribution,weighted_baseline,Lower,shortfall_8,-0.9343600965073996,-0.032576159837835385
finite_consistency_distribution,weighted_baseline,Lower,shortfall_9,-0.9413584277249414,-0.03904930205924306
finite_consistency_distribution,weighted_baseline,Lower,shortfall_10,-0.9471788568190693,-0.046486195102915115
finite_consistency_distribution,weighted_baseline,Lower,shortfall_11,-0.9519807789264266,-0.05304571496123237
finite_consistency_distribution,weighted_baseline,Lower,shortfall_12,-0.9559823806825575,-0.058511981509830086
support_only,weighted_baseline,Middle,mean,0.0,12.0
support_only,weighted_baseline,Middle,survival_1,0.0,1.0
support_only,weighted_baseline,Middle,survival_2,0.0,1.0
support_only,weighted_baseline,Middle,survival_3,0.0,1.0
support_only,weighted_baseline,Middle,survival_4,0.0,1.0
support_only,weighted_baseline,Middle,survival_5,0.0,1.0
support_only,weighted_baseline,Middle,survival_6,0.0,1.0
support_only,weighted_baseline,Middle,survival_7,0.0,1.0
support_only,weighted_baseline,Middle,survival_8,0.0,1.0
support_only,weighted_baseline,Middle,survival_9,0.0,1.0
support_only,weighted_baseline,Middle,survival_10,0.0,1.0
support_only,weighted_baseline,Middle,survival_11,0.0,1.0
support_only,weighted_baseline,Middle,survival_12,0.0,1.0
support_only,weighted_baseline,Middle,shortfall_1,-1.0,0.0
support_only,weighted_baseline,Middle,shortfall_2,-1.0,0.0
support_only,weighted_baseline,Middle,shortfall_3,-1.0,0.0
support_only,weighted_baseline,Middle,shortfall_4,-1.0,0.0
support_only,weighted_baseline,Middle,shortfall_5,-1.0,0.0
support_only,weighted_baseline,Middle,shortfall_6,-1.0,0.0
support_only,weighted_baseline,Middle,shortfall_7,-1.0,0.0
support_only,weighted_baseline,Middle,shortfall_8,-1.0,0.0
support_only,weighted_baseline,Middle,shortfall_9,-1.0,0.0
support_only,weighted_baseline,Middle,shortfall_10,-1.0,0.0
support_only,weighted_baseline,Middle,shortfall_11,-1.0,0.0
support_only,weighted_baseline,Middle,shortfall_12,-1.0,0.0
finite_distribution,weighted_baseline,Middle,mean,0.2521888563842287,11.36246276405989
finite_distribution,weighted_baseline,Middle,survival_1,0.14266567260983332,1.0
finite_distribution,weighted_baseline,Middle,survival_2,0.104509869623231,1.0
finite_distribution,weighted_baseline,Middle,survival_3,0.0050133141511644,1.0
finite_distribution,weighted_baseline,Middle,survival_4,0.0,1.0
finite_distribution,weighted_baseline,Middle,survival_5,0.0,1.0
finite_distribution,weighted_baseline,Middle,survival_6,0.0,1.0
finite_distribution,weighted_baseline,Middle,survival_7,0.0,1.0
finite_distribution,weighted_baseline,Middle,survival_8,0.0,0.9129403532224554
finite_distribution,weighted_baseline,Middle,survival_9,0.0,0.8775194286669341
finite_distribution,weighted_baseline,Middle,survival_10,0.0,0.8573343273901667
finite_distribution,weighted_baseline,Middle,survival_11,0.0,0.8573343273901667
finite_distribution,weighted_baseline,Middle,survival_12,0.0,0.8573343273901667
finite_distribution,weighted_baseline,Middle,shortfall_1,-0.8573343273901667,0.0
finite_distribution,weighted_baseline,Middle,shortfall_2,-0.8764122288834677,0.0
finite_distribution,weighted_baseline,Middle,shortfall_3,-0.9159370478719236,0.0
finite_distribution,weighted_baseline,Middle,shortfall_4,-0.9369527859039428,0.0
finite_distribution,weighted_baseline,Middle,shortfall_5,-0.9495622287231542,0.0
finite_distribution,weighted_baseline,Middle,shortfall_6,-0.9579685239359618,0.0
finite_distribution,weighted_baseline,Middle,shortfall_7,-0.9639730205165388,0.0
finite_distribution,weighted_baseline,Middle,shortfall_8,-0.9684763929519713,-0.010882455847193079
finite_distribution,weighted_baseline,Middle,shortfall_9,-0.9719790159573078,-0.0232822464567345
finite_distribution,weighted_baseline,Middle,shortfall_10,-0.974781114361577,-0.03522058907204439
finite_distribution,weighted_baseline,Middle,shortfall_11,-0.9770737403287064,-0.0449883239391161
finite_distribution,weighted_baseline,Middle,shortfall_12,-0.9789842619679809,-0.05312810299500921
logical_distribution,weighted_baseline,Middle,mean,0.4364380301885097,11.272002392732471
logical_distribution,weighted_baseline,Middle,survival_1,0.0970363031213366,1.0
logical_distribution,weighted_baseline,Middle,survival_2,0.09310077087902426,0.9960644677576878
logical_distribution,weighted_baseline,Middle,survival_3,0.08328276322014071,0.9862464600988041
logical_distribution,weighted_baseline,Middle,survival_4,0.06626151209771998,0.9692252089763834
logical_distribution,weighted_baseline,Middle,survival_5,0.04642767897059815,0.9493913758492616
logical_distribution,weighted_baseline,Middle,survival_6,0.027740593824049906,0.9307042907027133
logical_distribution,weighted_baseline,Middle,survival_7,0.015081744767037409,0.9180454416457008
logical_distribution,weighted_baseline,Middle,survival_8,0.005538897172552517,0.9085025940512159
logical_distribution,weighted_baseline,Middle,survival_9,0.0019677661360500334,0.9049314630147134
logical_distribution,weighted_baseline,Middle,survival_10,0.0,0.9029636968786634
logical_distribution,weighted_baseline,Middle,survival_11,0.0,0.9029636968786634
logical_distribution,weighted_baseline,Middle,survival_12,0.0,0.9029636968786634
logical_distribution,weighted_baseline,Middle,shortfall_1,-0.9029636968786634,0.0
logical_distribution,weighted_baseline,Middle,shortfall_2,-0.9049314629998197,-0.00196776612115623
logical_distribution,weighted_baseline,Middle,shortfall_3,-0.908860054259833,-0.005896357381169487
logical_distribution,weighted_baseline,Middle,shortfall_4,-0.9150796626704448,-0.012115965791781294
logical_distribution,weighted_baseline,Middle,shortfall_5,-0.9227781943422362,-0.01981449746357275
logical_distribution,weighted_baseline,Middle,shortfall_6,-0.9310250629811885,-0.028061366102525086
logical_distribution,weighted_baseline,Middle,shortfall_7,-0.9387240904457276,-0.03576039356706425
logical_distribution,weighted_baseline,Middle,shortfall_8,-0.9456912169934426,-0.042727520114779254
logical_distribution,weighted_baseline,Middle,shortfall_9,-0.9515068855346099,-0.04854318865594673
logical_distribution,weighted_baseline,Middle,shortfall_10,-0.9563561969811489,-0.05339250010248574
logical_distribution,weighted_baseline,Middle,shortfall_11,-0.9603238154374083,-0.05736011855874491
logical_distribution,weighted_baseline,Middle,shortfall_12,-0.9636301641509578,-0.060666467272294224
finite_consistency_distribution,weighted_baseline,Middle,mean,0.4934764984212131,11.107702249919202
finite_consistency_distribution,weighted_baseline,Middle,survival_1,0.14266567260983332,1.0
finite_consistency_distribution,weighted_baseline,Middle,survival_2,0.104509869623231,0.9960644677576878
finite_consistency_distribution,weighted_baseline,Middle,survival_3,0.08328276322014071,0.9862464600988041
finite_consistency_distribution,weighted_baseline,Middle,survival_4,0.06626151209771998,0.9692252089763834
finite_consistency_distribution,weighted_baseline,Middle,survival_5,0.04642767897059815,0.9493913758492616
finite_consistency_distribution,weighted_baseline,Middle,survival_6,0.027740593824049906,0.9307042907027133
finite_consistency_distribution,weighted_baseline,Middle,survival_7,0.015081744767037409,0.9180454416457008
finite_consistency_distribution,weighted_baseline,Middle,survival_8,0.005538897172552517,0.9085025940512159
finite_consistency_distribution,weighted_baseline,Middle,survival_9,0.0019677661360500334,0.8775194286669341
finite_consistency_distribution,weighted_baseline,Middle,survival_10,0.0,0.8573343273901667
finite_consistency_distribution,weighted_baseline,Middle,survival_11,0.0,0.8573343273901667
finite_consistency_distribution,weighted_baseline,Middle,survival_12,0.0,0.8573343273901667
finite_consistency_distribution,weighted_baseline,Middle,shortfall_1,-0.8573343273901667,0.0
finite_consistency_distribution,weighted_baseline,Middle,shortfall_2,-0.8764122288834677,-0.00196776612115623
finite_consistency_distribution,weighted_baseline,Middle,shortfall_3,-0.8898472315155982,-0.005896357381169487
finite_consistency_distribution,weighted_baseline,Middle,shortfall_4,-0.9008200456122687,-0.012115965791781294
finite_consistency_distribution,weighted_baseline,Middle,shortfall_5,-0.9113705006956954,-0.01981449746357275
finite_consistency_distribution,weighted_baseline,Middle,shortfall_6,-0.9215186516090711,-0.028061366102525086
finite_consistency_distribution,weighted_baseline,Middle,shortfall_7,-0.9305757378410556,-0.03576039356706425
finite_consistency_distribution,weighted_baseline,Middle,shortfall_8,-0.9385614084643545,-0.042727520114779254
finite_consistency_distribution,weighted_baseline,Middle,shortfall_9,-0.9451692779531984,-0.05158897025014443
finite_consistency_distribution,weighted_baseline,Middle,shortfall_10,-0.9506523501578785,-0.060696640486113326
finite_consistency_distribution,weighted_baseline,Middle,shortfall_11,-0.955138500143526,-0.06814837067917877
finite_consistency_distribution,weighted_baseline,Middle,shortfall_12,-0.9588769584648991,-0.07435814584006666
support_only,weighted_baseline,Upper,mean,0.0,12.0
support_only,weighted_baseline,Upper,survival_1,0.0,1.0
support_only,weighted_baseline,Upper,survival_2,0.0,1.0
support_only,weighted_baseline,Upper,survival_3,0.0,1.0
support_only,weighted_baseline,Upper,survival_4,0.0,1.0
support_only,weighted_baseline,Upper,survival_5,0.0,1.0
support_only,weighted_baseline,Upper,survival_6,0.0,1.0
support_only,weighted_baseline,Upper,survival_7,0.0,1.0
support_only,weighted_baseline,Upper,survival_8,0.0,1.0
support_only,weighted_baseline,Upper,survival_9,0.0,1.0
support_only,weighted_baseline,Upper,survival_10,0.0,1.0
support_only,weighted_baseline,Upper,survival_11,0.0,1.0
support_only,weighted_baseline,Upper,survival_12,0.0,1.0
support_only,weighted_baseline,Upper,shortfall_1,-1.0,0.0
support_only,weighted_baseline,Upper,shortfall_2,-1.0,0.0
support_only,weighted_baseline,Upper,shortfall_3,-1.0,0.0
support_only,weighted_baseline,Upper,shortfall_4,-1.0,0.0
support_only,weighted_baseline,Upper,shortfall_5,-1.0,0.0
support_only,weighted_baseline,Upper,shortfall_6,-1.0,0.0
support_only,weighted_baseline,Upper,shortfall_7,-1.0,0.0
support_only,weighted_baseline,Upper,shortfall_8,-1.0,0.0
support_only,weighted_baseline,Upper,shortfall_9,-1.0,0.0
support_only,weighted_baseline,Upper,shortfall_10,-1.0,0.0
support_only,weighted_baseline,Upper,shortfall_11,-1.0,0.0
support_only,weighted_baseline,Upper,shortfall_12,-1.0,0.0
finite_distribution,weighted_baseline,Upper,mean,0.19612982196464834,11.62250141040701
finite_distribution,weighted_baseline,Upper,survival_1,0.08972448636063224,1.0
finite_distribution,weighted_baseline,Upper,survival_2,0.0735738281038238,1.0
finite_distribution,weighted_baseline,Upper,survival_3,0.0328315075001923,1.0
finite_distribution,weighted_baseline,Upper,survival_4,0.0,1.0
finite_distribution,weighted_baseline,Upper,survival_5,0.0,1.0
finite_distribution,weighted_baseline,Upper,survival_6,0.0,1.0
finite_distribution,weighted_baseline,Upper,survival_7,0.0,1.0
finite_distribution,weighted_baseline,Upper,survival_8,0.0,0.9899622520196584
finite_distribution,weighted_baseline,Upper,survival_9,0.0,0.9276146165603564
finite_distribution,weighted_baseline,Upper,survival_10,0.0,0.9077767325505784
finite_distribution,weighted_baseline,Upper,survival_11,0.0,0.8985739046382084
finite_distribution,weighted_baseline,Upper,survival_12,0.0,0.8985739046382084
finite_distribution,weighted_baseline,Upper,shortfall_1,-0.9102755136393678,0.0
finite_distribution,weighted_baseline,Upper,shortfall_2,-0.918350842767772,0.0
finite_distribution,weighted_baseline,Upper,shortfall_3,-0.9346233926784505,0.0
finite_distribution,weighted_baseline,Upper,shortfall_4,-0.950967544508838,0.0
finite_distribution,weighted_baseline,Upper,shortfall_5,-0.9607740356070704,0.0
finite_distribution,weighted_baseline,Upper,shortfall_6,-0.9673116963392253,0.0
finite_distribution,weighted_baseline,Upper,shortfall_7,-0.9719814540050502,0.0
finite_distribution,weighted_baseline,Upper,shortfall_8,-0.975483772254419,-0.0012547184975427034
finite_distribution,weighted_baseline,Upper,shortfall_9,-0.9782077975594834,-0.009158125713331694
finite_distribution,weighted_baseline,Upper,shortfall_10,-0.9803870178035352,-0.01746463988694068
finite_distribution,weighted_baseline,Upper,shortfall_11,-0.9821700161850321,-0.02509749947556349
finite_distribution,weighted_baseline,Upper,shortfall_12,-0.9836558481696127,-0.03145821579941583
logical_distribution,weighted_baseline,Upper,mean,0.4786356855855448,11.373188401348603
logical_distribution,weighted_baseline,Upper,survival_1,0.0912043984484624,0.999000499740419
logical_distribution,weighted_baseline,Upper,survival_2,0.08973638244220306,0.9975324837341597
logical_distribution,weighted_baseline,Upper,survival_3,0.08580085019989059,0.9935969514918472
logical_distribution,weighted_baseline,Upper,survival_4,0.07789855130236616,0.9856946525943228
logical_distribution,weighted_baseline,Upper,survival_5,0.061719140850399215,0.9697651172072511
logical_distribution,weighted_baseline,Upper,survival_6,0.03891804120849596,0.9467141425004525
logical_distribution,weighted_baseline,Upper,survival_7,0.022113943213441338,0.9299100445053979
logical_distribution,weighted_baseline,Upper,survival_8,0.00802723645975966,0.9161981503490592
logical_distribution,weighted_baseline,Upper,survival_9,0.0023113443502809916,0.9104822582395805
logical_distribution,weighted_baseline,Upper,survival_10,0.0009057971102452534,0.9087018984022018
logical_distribution,weighted_baseline,Upper,survival_11,0.0,0.9077961012919566
logical_distribution,weighted_baseline,Upper,survival_12,0.0,0.9077961012919566
logical_distribution,weighted_baseline,Upper,shortfall_1,-0.9087956015515376,-0.0009995002595809693
logical_distribution,weighted_baseline,Upper,shortfall_2,-0.9095296095546673,-0.0017335082627107437
logical_distribution,weighted_baseline,Upper,shortfall_3,-0.9110861229698147,-0.003290021677858155
logical_distribution,weighted_baseline,Upper,shortfall_4,-0.9138399544017696,-0.0060438531098129696
logical_distribution,weighted_baseline,Upper,shortfall_5,-0.9187281353513358,-0.010882059046400152
logical_distribution,weighted_baseline,Upper,shortfall_6,-0.9257871059246972,-0.01794935878859138
logical_distribution,weighted_baseline,Upper,shortfall_7,-0.9332298131906773,-0.025398015460878616
logical_distribution,weighted_baseline,Upper,shortfall_8,-0.9405726819843729,-0.032698494734636485
logical_distribution,weighted_baseline,Upper,shortfall_9,-0.9469189012805225,-0.03901174440416797
logical_distribution,weighted_baseline,Upper,shortfall_10,-0.9521364314414454,-0.04424038012353099
logical_distribution,weighted_baseline,Upper,shortfall_11,-0.956487664946769,-0.04860069999485032
logical_distribution,weighted_baseline,Upper,shortfall_12,-0.9601136928678714,-0.05223429988761641
finite_consistency_distribution,weighted_baseline,Upper,mean,0.4786356855855448,11.353818842189485
finite_consistency_distribution,weighted_baseline,Upper,survival_1,0.0912043984484624,0.9990004997404193
finite_consistency_distribution,weighted_baseline,Upper,survival_2,0.08973638244220306,0.9975324837341597
finite_consistency_distribution,weighted_baseline,Upper,survival_3,0.08580085019989059,0.9935969514918472
finite_consistency_distribution,weighted_baseline,Upper,survival_4,0.07789855130236616,0.9856946525943228
finite_consistency_distribution,weighted_baseline,Upper,survival_5,0.061719140850399215,0.9697651172072511
finite_consistency_distribution,weighted_baseline,Upper,survival_6,0.03891804120849596,0.9467141425004525
finite_consistency_distribution,weighted_baseline,Upper,survival_7,0.022113943213441338,0.9299100445053979
finite_consistency_distribution,weighted_baseline,Upper,survival_8,0.00802723645975966,0.9161981503490592
finite_consistency_distribution,weighted_baseline,Upper,survival_9,0.0023113443502809916,0.9104822582395805
finite_consistency_distribution,weighted_baseline,Upper,survival_10,0.0009057971102452534,0.9077767325505784
finite_consistency_distribution,weighted_baseline,Upper,survival_11,0.0,0.8985739046382084
finite_consistency_distribution,weighted_baseline,Upper,survival_12,0.0,0.8985739046382084
finite_consistency_distribution,weighted_baseline,Upper,shortfall_1,-0.9087956015515376,-0.0009995002595809693
finite_consistency_distribution,weighted_baseline,Upper,shortfall_2,-0.9095296095546673,-0.0017335082627107437
finite_consistency_distribution,weighted_baseline,Upper,shortfall_3,-0.9110861229698147,-0.003290021677858155
finite_consistency_distribution,weighted_baseline,Upper,shortfall_4,-0.9138399544017696,-0.0060438531098129696
finite_consistency_distribution,weighted_baseline,Upper,shortfall_5,-0.9187281353513358,-0.010882059046400152
finite_consistency_distribution,weighted_baseline,Upper,shortfall_6,-0.9257871059246972,-0.01794935878859138
finite_consistency_distribution,weighted_baseline,Upper,shortfall_7,-0.9332298131906773,-0.025398015460878616
finite_consistency_distribution,weighted_baseline,Upper,shortfall_8,-0.9405726819843729,-0.032698494734636485
finite_consistency_distribution,weighted_baseline,Upper,shortfall_9,-0.9469189012805225,-0.03901174440416797
finite_consistency_distribution,weighted_baseline,Upper,shortfall_10,-0.9521364314414454,-0.044332896708693295
finite_consistency_distribution,weighted_baseline,Upper,shortfall_11,-0.956487664946769,-0.04952318749533863
finite_consistency_distribution,weighted_baseline,Upper,shortfall_12,-0.9601136928678714,-0.053848429817543016
support_only,weighted_baseline,Large,mean,0.0,12.0
support_only,weighted_baseline,Large,survival_1,0.0,1.0
support_only,weighted_baseline,Large,survival_2,0.0,1.0
support_only,weighted_baseline,Large,survival_3,0.0,1.0
support_only,weighted_baseline,Large,survival_4,0.0,1.0
support_only,weighted_baseline,Large,survival_5,0.0,1.0
support_only,weighted_baseline,Large,survival_6,0.0,1.0
support_only,weighted_baseline,Large,survival_7,0.0,1.0
support_only,weighted_baseline,Large,survival_8,0.0,1.0
support_only,weighted_baseline,Large,survival_9,0.0,1.0
support_only,weighted_baseline,Large,survival_10,0.0,1.0
support_only,weighted_baseline,Large,survival_11,0.0,1.0
support_only,weighted_baseline,Large,survival_12,0.0,1.0
support_only,weighted_baseline,Large,shortfall_1,-1.0,0.0
support_only,weighted_baseline,Large,shortfall_2,-1.0,0.0
support_only,weighted_baseline,Large,shortfall_3,-1.0,0.0
support_only,weighted_baseline,Large,shortfall_4,-1.0,0.0
support_only,weighted_baseline,Large,shortfall_5,-1.0,0.0
support_only,weighted_baseline,Large,shortfall_6,-1.0,0.0
support_only,weighted_baseline,Large,shortfall_7,-1.0,0.0
support_only,weighted_baseline,Large,shortfall_8,-1.0,0.0
support_only,weighted_baseline,Large,shortfall_9,-1.0,0.0
support_only,weighted_baseline,Large,shortfall_10,-1.0,0.0
support_only,weighted_baseline,Large,shortfall_11,-1.0,0.0
support_only,weighted_baseline,Large,shortfall_12,-1.0,0.0
finite_distribution,weighted_baseline,Large,mean,0.41055038769715246,11.373896241540484
finite_distribution,weighted_baseline,Large,survival_1,0.15465267444247466,1.0
finite_distribution,weighted_baseline,Large,survival_2,0.1276327715412969,1.0
finite_distribution,weighted_baseline,Large,survival_3,0.1107829910984465,1.0
finite_distribution,weighted_baseline,Large,survival_4,0.0174819506149344,1.0
finite_distribution,weighted_baseline,Large,survival_5,0.0,1.0
finite_distribution,weighted_baseline,Large,survival_6,0.0,1.0
finite_distribution,weighted_baseline,Large,survival_7,0.0,1.0
finite_distribution,weighted_baseline,Large,survival_8,0.0,0.95909452345592
finite_distribution,weighted_baseline,Large,survival_9,0.0,0.8731415788474449
finite_distribution,weighted_baseline,Large,survival_10,0.0,0.850965488122068
finite_distribution,weighted_baseline,Large,survival_11,0.0,0.8453473255575253
finite_distribution,weighted_baseline,Large,survival_12,0.0,0.8453473255575253
finite_distribution,weighted_baseline,Large,shortfall_1,-0.8453473255575253,0.0
finite_distribution,weighted_baseline,Large,shortfall_2,-0.8588572770081142,0.0
finite_distribution,weighted_baseline,Large,shortfall_3,-0.8689771876392606,0.0
finite_distribution,weighted_baseline,Large,shortfall_4,-0.8973624030757118,0.0
finite_distribution,weighted_baseline,Large,shortfall_5,-0.9178899224605694,0.0
finite_distribution,weighted_baseline,Large,shortfall_6,-0.931574935383808,0.0
finite_distribution,weighted_baseline,Large,shortfall_7,-0.9413499446146925,0.0
finite_distribution,weighted_baseline,Large,shortfall_8,-0.948681201537856,-0.005113184568010007
finite_distribution,weighted_baseline,Large,shortfall_9,-0.9543832902558719,-0.018640433077403904
finite_distribution,weighted_baseline,Large,shortfall_10,-0.9589449612302847,-0.03167984095745672
finite_distribution,weighted_baseline,Large,shortfall_11,-0.9626772374820771,-0.042859189456094716
finite_distribution,weighted_baseline,Large,shortfall_12,-0.9657874676919038,-0.0521753132049597
logical_distribution,weighted_baseline,Large,mean,0.6857687177257494,11.148131297901614
logical_distribution,weighted_baseline,Large,survival_1,0.12831084361942136,1.0
logical_distribution,weighted_baseline,Large,survival_2,0.12462518641221675,0.9963143427927953
logical_distribution,weighted_baseline,Large,survival_3,0.12192564338125449,0.9936147997618331
logical_distribution,weighted_baseline,Large,survival_4,0.10999410936017034,0.9816832657407489
logical_distribution,weighted_baseline,Large,survival_5,0.09211465622618495,0.9647096097170088
logical_distribution,weighted_baseline,Large,survival_6,0.05951042298018028,0.9314494544256541
logical_distribution,weighted_baseline,Large,survival_7,0.031078210779319274,0.9027673671598979
logical_distribution,weighted_baseline,Large,survival_8,0.013899300127346576,0.8855884565079252
logical_distribution,weighted_baseline,Large,survival_9,0.003810594709864839,0.8759682668073344
logical_distribution,weighted_baseline,Large,survival_10,0.0004997501297904847,0.8726574222272601
logical_distribution,weighted_baseline,Large,survival_11,0.0,0.8716891563805786
logical_distribution,weighted_baseline,Large,survival_12,0.0,0.8716891563805786
logical_distribution,weighted_baseline,Large,shortfall_1,-0.8716891563805786,0.0
logical_distribution,weighted_baseline,Large,shortfall_2,-0.873531984984181,-0.001842828603602412
logical_distribution,weighted_baseline,Large,shortfall_3,-0.8750461088623691,-0.003356952481790629
logical_distribution,weighted_baseline,Large,shortfall_4,-0.8787860543067344,-0.007096897926155777
logical_distribution,weighted_baseline,Large,shortfall_5,-0.8846059122001505,-0.012735596397522895
logical_distribution,weighted_baseline,Large,shortfall_6,-0.8939198563367622,-0.0220380879269934
logical_distribution,weighted_baseline,Large,shortfall_7,-0.9046344181773219,-0.032780165771723206
logical_distribution,weighted_baseline,Large,shortfall_8,-0.9148177033892384,-0.04298408798676722
logical_distribution,weighted_baseline,Large,shortfall_9,-0.9238590036004491,-0.05198938189853371
logical_distribution,weighted_baseline,Large,shortfall_10,-0.9314231282274251,-0.05952470148595436
logical_distribution,weighted_baseline,Large,shortfall_11,-0.9376573892976594,-0.06577798713445138
logical_distribution,weighted_baseline,Large,shortfall_12,-0.9428526068561875,-0.07098905850819888
finite_consistency_distribution,weighted_baseline,Large,mean,0.7151181336778828,11.070929014190426
finite_consistency_distribution,weighted_baseline,Large,survival_1,0.15465267444247466,1.0
finite_consistency_distribution,weighted_baseline,Large,survival_2,0.1276327715412969,0.9963143427927953
finite_consistency_distribution,weighted_baseline,Large,survival_3,0.12192564338125449,0.9936147997618331
finite_consistency_distribution,weighted_baseline,Large,survival_4,0.10999410936017034,0.9816832657407489
finite_consistency_distribution,weighted_baseline,Large,survival_5,0.09211465622618495,0.9647096097170088
finite_consistency_distribution,weighted_baseline,Large,survival_6,0.05951042298018028,0.9314494544256541
finite_consistency_distribution,weighted_baseline,Large,survival_7,0.031078210779319274,0.9027673671598979
finite_consistency_distribution,weighted_baseline,Large,survival_8,0.013899300127346576,0.8855884565079252
finite_consistency_distribution,weighted_baseline,Large,survival_9,0.003810594709864839,0.8731415788474449
finite_consistency_distribution,weighted_baseline,Large,survival_10,0.0004997501297904847,0.850965488122068
finite_consistency_distribution,weighted_baseline,Large,survival_11,0.0,0.8453473255575253
finite_consistency_distribution,weighted_baseline,Large,survival_12,0.0,0.8453473255575253
finite_consistency_distribution,weighted_baseline,Large,shortfall_1,-0.8453473255575253,0.0
finite_consistency_distribution,weighted_baseline,Large,shortfall_2,-0.8588572770081142,-0.001842828603602412
finite_consistency_distribution,weighted_baseline,Large,shortfall_3,-0.865262970211658,-0.003356952481790629
finite_consistency_distribution,weighted_baseline,Large,shortfall_4,-0.8714487003187009,-0.007096897926155777
finite_consistency_distribution,weighted_baseline,Large,shortfall_5,-0.8787360290097237,-0.012735596397522895
finite_consistency_distribution,weighted_baseline,Large,shortfall_6,-0.8890282870114065,-0.0220380879269934
finite_consistency_distribution,weighted_baseline,Large,shortfall_7,-0.9004416444698742,-0.032780165771723206
finite_consistency_distribution,weighted_baseline,Large,shortfall_8,-0.9111490263952216,-0.04298408798676722
finite_consistency_distribution,weighted_baseline,Large,shortfall_9,-0.9205979573835453,-0.05230345833852142
finite_consistency_distribution,weighted_baseline,Large,shortfall_10,-0.9284881866322118,-0.06197656369246249
finite_consistency_distribution,weighted_baseline,Large,shortfall_11,-0.9349892605747381,-0.07040166466973631
finite_consistency_distribution,weighted_baseline,Large,shortfall_12,-0.9404068221935096,-0.07742258215079785
support_only,identified_diets,Control,mean,0.0,12.0
support_only,identified_diets,Control,survival_1,0.0,1.0
support_only,identified_diets,Control,survival_2,0.0,1.0
support_only,identified_diets,Control,survival_3,0.0,1.0
support_only,identified_diets,Control,survival_4,0.0,1.0
support_only,identified_diets,Control,survival_5,0.0,1.0
support_only,identified_diets,Control,survival_6,0.0,1.0
support_only,identified_diets,Control,survival_7,0.0,1.0
support_only,identified_diets,Control,survival_8,0.0,1.0
support_only,identified_diets,Control,survival_9,0.0,1.0
support_only,identified_diets,Control,survival_10,0.0,1.0
support_only,identified_diets,Control,survival_11,0.0,1.0
support_only,identified_diets,Control,survival_12,0.0,1.0
support_only,identified_diets,Control,shortfall_1,-1.0,0.0
support_only,identified_diets,Control,shortfall_2,-1.0,0.0
support_only,identified_diets,Control,shortfall_3,-1.0,0.0
support_only,identified_diets,Control,shortfall_4,-1.0,0.0
support_only,identified_diets,Control,shortfall_5,-1.0,0.0
support_only,identified_diets,Control,shortfall_6,-1.0,0.0
support_only,identified_diets,Control,shortfall_7,-1.0,0.0
support_only,identified_diets,Control,shortfall_8,-1.0,0.0
support_only,identified_diets,Control,shortfall_9,-1.0,0.0
support_only,identified_diets,Control,shortfall_10,-1.0,0.0
support_only,identified_diets,Control,shortfall_11,-1.0,0.0
support_only,identified_diets,Control,shortfall_12,-1.0,0.0
finite_distribution,identified_diets,Control,mean,1.6447387612046636,9.257328932092246
finite_distribution,identified_diets,Control,survival_1,0.4844497983541388,1.0
finite_distribution,identified_diets,Control,survival_2,0.4509725425279454,1.0
finite_distribution,identified_diets,Control,survival_3,0.3951530483450076,1.0
finite_distribution,identified_diets,Control,survival_4,0.2608367531221494,1.0
finite_distribution,identified_diets,Control,survival_5,0.0533266188554223,1.0
finite_distribution,identified_diets,Control,survival_6,0.0,0.8763972501634989
finite_distribution,identified_diets,Control,survival_7,0.0,0.6886196794264011
finite_distribution,identified_diets,Control,survival_8,0.0,0.6013971041308643
finite_distribution,identified_diets,Control,survival_9,0.0,0.5434219331762913
finite_distribution,identified_diets,Control,survival_10,0.0,0.520243351652533
finite_distribution,identified_diets,Control,survival_11,0.0,0.5136248067713292
finite_distribution,identified_diets,Control,survival_12,0.0,0.5136248067713292
finite_distribution,identified_diets,Control,shortfall_1,-0.5155502016458612,0.0
finite_distribution,identified_diets,Control,shortfall_2,-0.532288829558958,0.0
finite_distribution,identified_diets,Control,shortfall_3,-0.5564748702576361,0.0
finite_distribution,identified_diets,Control,shortfall_4,-0.6021469644126898,0.0
finite_distribution,identified_diets,Control,shortfall_5,-0.6710522477590674,0.0
finite_distribution,identified_diets,Control,shortfall_6,-0.725876873132556,-0.020600458306083515
finite_distribution,identified_diets,Control,shortfall_7,-0.7650373198279051,-0.06214043863001428
finite_distribution,identified_diets,Control,shortfall_8,-0.7944076548494171,-0.10419824578490446
finite_distribution,identified_diets,Control,shortfall_9,-0.8172512487550374,-0.14335155923366047
finite_distribution,identified_diets,Control,shortfall_10,-0.8355261238795336,-0.17699206814504118
finite_distribution,identified_diets,Control,shortfall_11,-0.8504782944359397,-0.20511780678900748
finite_distribution,identified_diets,Control,shortfall_12,-0.8629384365662781,-0.2285559223256461
logical_distribution,identified_diets,Control,mean,1.415750381328847,9.944470029990201
logical_distribution,identified_diets,Control,survival_1,0.28876768730431723,0.9994943246927634
logical_distribution,identified_diets,Control,survival_2,0.27943165710722345,0.9901582944956698
logical_distribution,identified_diets,Control,survival_3,0.26353168050219256,0.9742583178906389
logical_distribution,identified_diets,Control,survival_4,0.2250515960258473,0.9357782334142937
logical_distribution,identified_diets,Control,survival_5,0.16543057146449677,0.8761572088529431
logical_distribution,identified_diets,Control,survival_6,0.10597108211762221,0.8166977195060685
logical_distribution,identified_diets,Control,survival_7,0.051448950559076695,0.762175587947523
logical_distribution,identified_diets,Control,survival_8,0.025627905334019645,0.736354542722466
logical_distribution,identified_diets,Control,survival_9,0.00875099204542564,0.7194776294338721
logical_distribution,identified_diets,Control,survival_10,0.0017382588686252775,0.7124648962570717
logical_distribution,identified_diets,Control,survival_11,0.0,0.7107266373884463
logical_distribution,identified_diets,Control,survival_12,0.0,0.7107266373884463
logical_distribution,identified_diets,Control,shortfall_1,-0.7112323126956828,-0.0005056753072364443
logical_distribution,identified_diets,Control,shortfall_2,-0.7159003277942296,-0.00517369040578328
logical_distribution,identified_diets,Control,shortfall_3,-0.7227563250287555,-0.012029687640309188
logical_distribution,identified_diets,Control,shortfall_4,-0.7358043447651049,-0.02507770737665847
logical_distribution,identified_diets,Control,shortfall_5,-0.7555573615191845,-0.044830724130738145
logical_distribution,identified_diets,Control,shortfall_6,-0.7786359542463834,-0.06790931685793701
logical_distribution,identified_diets,Control,shortfall_7,-0.8029095392741747,-0.09218290188572842
logical_distribution,identified_diets,Control,shortfall_8,-0.8243423586981503,-0.11361572130970413
logical_distribution,identified_diets,Control,shortfall_9,-0.8428875419488643,-0.13216090456041787
logical_distribution,identified_diets,Control,shortfall_10,-0.8584249618671151,-0.14769832447866896
logical_distribution,identified_diets,Control,shortfall_11,-0.8712954198791958,-0.16056878249074935
logical_distribution,identified_diets,Control,shortfall_12,-0.8820208015559293,-0.17129416416748305
finite_consistency_distribution,identified_diets,Control,mean,1.9503799027385076,8.973475780781126
finite_consistency_distribution,identified_diets,Control,survival_1,0.4844497983541388,0.9994943246927634
finite_consistency_distribution,identified_diets,Control,survival_2,0.4509725425279454,0.9901582944956698
finite_consistency_distribution,identified_diets,Control,survival_3,0.3951530483450076,0.9742583178906389
finite_consistency_distribution,identified_diets,Control,survival_4,0.2608367531221494,0.9357782334142937
finite_consistency_distribution,identified_diets,Control,survival_5,0.16543057146449677,0.8761572088529431
finite_consistency_distribution,identified_diets,Control,survival_6,0.10597108211762221,0.8166977195060685
finite_consistency_distribution,identified_diets,Control,survival_7,0.051448950559076695,0.6886196794264011
finite_consistency_distribution,identified_diets,Control,survival_8,0.025627905334019645,0.6013971041308643
finite_consistency_distribution,identified_diets,Control,survival_9,0.00875099204542564,0.5434219331762913
finite_consistency_distribution,identified_diets,Control,survival_10,0.0017382588686252775,0.520243351652533
finite_consistency_distribution,identified_diets,Control,survival_11,0.0,0.5136248067713292
finite_consistency_distribution,identified_diets,Control,survival_12,0.0,0.5136248067713292
finite_consistency_distribution,identified_diets,Control,shortfall_1,-0.5155502016458612,-0.0005056753072364443
finite_consistency_distribution,identified_diets,Control,shortfall_2,-0.532288829558958,-0.00517369040578328
finite_consistency_distribution,identified_diets,Control,shortfall_3,-0.5564748702576361,-0.012029687640309188
finite_consistency_distribution,identified_diets,Control,shortfall_4,-0.6021469644126898,-0.02507770737665847
finite_consistency_distribution,identified_diets,Control,shortfall_5,-0.6486314572372525,-0.044830724130738145
finite_consistency_distribution,identified_diets,Control,shortfall_6,-0.68953103401144,-0.06790931685793701
finite_consistency_distribution,identified_diets,Control,shortfall_7,-0.726533893358509,-0.10269088881731726
finite_consistency_distribution,identified_diets,Control,shortfall_8,-0.7575136685219429,-0.13967988969879452
finite_consistency_distribution,identified_diets,Control,shortfall_9,-0.7834842617922354,-0.17489079826822945
finite_consistency_distribution,identified_diets,Control,shortfall_10,-0.8049620097261492,-0.20537738327615324
finite_consistency_distribution,identified_diets,Control,shortfall_11,-0.8226927361146813,-0.2309226387263821
finite_consistency_distribution,identified_diets,Control,shortfall_12,-0.8374683414384577,-0.2522103516015728
support_only,identified_diets,Gikuriro,mean,0.0,12.0
support_only,identified_diets,Gikuriro,survival_1,0.0,1.0
support_only,identified_diets,Gikuriro,survival_2,0.0,1.0
support_only,identified_diets,Gikuriro,survival_3,0.0,1.0
support_only,identified_diets,Gikuriro,survival_4,0.0,1.0
support_only,identified_diets,Gikuriro,survival_5,0.0,1.0
support_only,identified_diets,Gikuriro,survival_6,0.0,1.0
support_only,identified_diets,Gikuriro,survival_7,0.0,1.0
support_only,identified_diets,Gikuriro,survival_8,0.0,1.0
support_only,identified_diets,Gikuriro,survival_9,0.0,1.0
support_only,identified_diets,Gikuriro,survival_10,0.0,1.0
support_only,identified_diets,Gikuriro,survival_11,0.0,1.0
support_only,identified_diets,Gikuriro,survival_12,0.0,1.0
support_only,identified_diets,Gikuriro,shortfall_1,-1.0,0.0
support_only,identified_diets,Gikuriro,shortfall_2,-1.0,0.0
support_only,identified_diets,Gikuriro,shortfall_3,-1.0,0.0
support_only,identified_diets,Gikuriro,shortfall_4,-1.0,0.0
support_only,identified_diets,Gikuriro,shortfall_5,-1.0,0.0
support_only,identified_diets,Gikuriro,shortfall_6,-1.0,0.0
support_only,identified_diets,Gikuriro,shortfall_7,-1.0,0.0
support_only,identified_diets,Gikuriro,shortfall_8,-1.0,0.0
support_only,identified_diets,Gikuriro,shortfall_9,-1.0,0.0
support_only,identified_diets,Gikuriro,shortfall_10,-1.0,0.0
support_only,identified_diets,Gikuriro,shortfall_11,-1.0,0.0
support_only,identified_diets,Gikuriro,shortfall_12,-1.0,0.0
finite_distribution,identified_diets,Gikuriro,mean,1.6472570760257437,9.43047321105245
finite_distribution,identified_diets,Gikuriro,survival_1,0.475802389286206,1.0
finite_distribution,identified_diets,Gikuriro,survival_2,0.4524788405685069,1.0
finite_distribution,identified_diets,Gikuriro,survival_3,0.4020803252633895,1.0
finite_distribution,identified_diets,Gikuriro,survival_4,0.2551267903826059,1.0
finite_distribution,identified_diets,Gikuriro,survival_5,0.0617687305250355,1.0
finite_distribution,identified_diets,Gikuriro,survival_6,0.0,0.9069838071013832
finite_distribution,identified_diets,Gikuriro,survival_7,0.0,0.7525637217924266
finite_distribution,identified_diets,Gikuriro,survival_8,0.0,0.6319876114342741
finite_distribution,identified_diets,Gikuriro,survival_9,0.0,0.5527184359136633
finite_distribution,identified_diets,Gikuriro,survival_10,0.0,0.5357142407131067
finite_distribution,identified_diets,Gikuriro,survival_11,0.0,0.5263077833838012
finite_distribution,identified_diets,Gikuriro,survival_12,0.0,0.524197610713794
finite_distribution,identified_diets,Gikuriro,shortfall_1,-0.524197610713794,0.0
finite_distribution,identified_diets,Gikuriro,shortfall_2,-0.5358593850726435,0.0
finite_distribution,identified_diets,Gikuriro,shortfall_3,-0.5565461482939659,0.0
finite_distribution,identified_diets,Gikuriro,shortfall_4,-0.6036279136248229,0.0
finite_distribution,identified_diets,Gikuriro,shortfall_5,-0.6705485847948512,0.0
finite_distribution,identified_diets,Gikuriro,shortfall_6,-0.7254571539957093,-0.01550269881643614
finite_distribution,identified_diets,Gikuriro,shortfall_7,-0.7646775605677508,-0.04863606730088432
finite_distribution,identified_diets,Gikuriro,shortfall_8,-0.7940928654967822,-0.08855810745898952
finite_distribution,identified_diets,Gikuriro,shortfall_9,-0.8169714359971396,-0.12841626930647254
finite_distribution,identified_diets,Gikuriro,shortfall_10,-0.8352742923974256,-0.1620032183045146
finite_distribution,identified_diets,Gikuriro,shortfall_11,-0.8502493567249324,-0.190338581787395
finite_distribution,identified_diets,Gikuriro,shortfall_12,-0.8627285769978545,-0.2141272324122959
logical_distribution,identified_diets,Gikuriro,mean,1.406683392309305,10.064130332990288
logical_distribution,identified_diets,Gikuriro,survival_1,0.27854608827658467,1.0
logical_distribution,identified_diets,Gikuriro,survival_2,0.27225287544497706,0.9937067871683924
logical_distribution,identified_diets,Gikuriro,survival_3,0.2584392733396153,0.9798931850630306
logical_distribution,identified_diets,Gikuriro,survival_4,0.21743799309290462,0.9388919048163199
logical_distribution,identified_diets,Gikuriro,survival_5,0.16456102092348096,0.8860149326468962
logical_distribution,identified_diets,Gikuriro,survival_6,0.10770084476123865,0.8291547564846539
logical_distribution,identified_diets,Gikuriro,survival_7,0.06452840602760623,0.7859823177510216
logical_distribution,identified_diets,Gikuriro,survival_8,0.03110245598212091,0.7525563677055362
logical_distribution,identified_diets,Gikuriro,survival_9,0.0081182443727226,0.7295721560961379
logical_distribution,identified_diets,Gikuriro,survival_10,0.00333540274073497,0.7247893144641503
logical_distribution,identified_diets,Gikuriro,survival_11,0.0006607873473188087,0.7221146990707341
logical_distribution,identified_diets,Gikuriro,survival_12,0.0,0.7214539117234153
logical_distribution,identified_diets,Gikuriro,shortfall_1,-0.7214539117234153,0.0
logical_distribution,identified_diets,Gikuriro,shortfall_2,-0.7246005181392191,-0.003146606415803851
logical_distribution,identified_diets,Gikuriro,shortfall_3,-0.7302539209796077,-0.008800009256192398
logical_distribution,identified_diets,Gikuriro,shortfall_4,-0.7433309424614797,-0.021877030738064338
logical_distribution,identified_diets,Gikuriro,shortfall_5,-0.7617525497844876,-0.040298638061072214
logical_distribution,identified_diets,Gikuriro,shortfall_6,-0.7835103173601998,-0.06205640563678455
logical_distribution,identified_diets,Gikuriro,shortfall_7,-0.8052190711619418,-0.08376515943852653
logical_distribution,identified_diets,Gikuriro,shortfall_8,-0.8256788802689339,-0.10422496854551866
logical_distribution,identified_diets,Gikuriro,shortfall_9,-0.844145866419861,-0.12269195469644575
logical_distribution,identified_diets,Gikuriro,shortfall_10,-0.8593977395038015,-0.1379438277803861
logical_distribution,identified_diets,Gikuriro,shortfall_11,-0.872119691608245,-0.15066577988482974
logical_distribution,identified_diets,Gikuriro,shortfall_12,-0.8827763839742245,-0.1613224722508093
finite_consistency_distribution,identified_diets,Gikuriro,mean,1.9654955076559313,9.15115097013036
finite_consistency_distribution,identified_diets,Gikuriro,survival_1,0.47580238928620605,1.0
finite_consistency_distribution,identified_diets,Gikuriro,survival_2,0.4524788405685069,0.9937067871683924
finite_consistency_distribution,identified_diets,Gikuriro,survival_3,0.4020803252633895,0.9798931850630306
finite_consistency_distribution,identified_diets,Gikuriro,survival_4,0.2551267903826059,0.9388919048163199
finite_consistency_distribution,identified_diets,Gikuriro,survival_5,0.16456102092348096,0.8860149326468962
finite_consistency_distribution,identified_diets,Gikuriro,survival_6,0.10770084476123865,0.8291547564846539
finite_consistency_distribution,identified_diets,Gikuriro,survival_7,0.06452840602760623,0.7525637217924266
finite_consistency_distribution,identified_diets,Gikuriro,survival_8,0.03110245598212091,0.6319876114342741
finite_consistency_distribution,identified_diets,Gikuriro,survival_9,0.0081182443727226,0.5527184359136633
finite_consistency_distribution,identified_diets,Gikuriro,survival_10,0.00333540274073497,0.5357142407131067
finite_consistency_distribution,identified_diets,Gikuriro,survival_11,0.0006607873473188087,0.5263077833838012
finite_consistency_distribution,identified_diets,Gikuriro,survival_12,0.0,0.524197610713794
finite_consistency_distribution,identified_diets,Gikuriro,shortfall_1,-0.524197610713794,0.0
finite_consistency_distribution,identified_diets,Gikuriro,shortfall_2,-0.5358593850726435,-0.003146606415803851
finite_consistency_distribution,identified_diets,Gikuriro,shortfall_3,-0.5565461482939659,-0.008800009256192398
finite_consistency_distribution,identified_diets,Gikuriro,shortfall_4,-0.6036279136248229,-0.021877030738064338
finite_consistency_distribution,identified_diets,Gikuriro,shortfall_5,-0.6499901267151623,-0.040298638061072214
finite_consistency_distribution,identified_diets,Gikuriro,shortfall_6,-0.6903749648024287,-0.06205640563678455
finite_consistency_distribution,identified_diets,Gikuriro,shortfall_7,-0.7253887689695666,-0.08853924457546866
finite_consistency_distribution,identified_diets,Gikuriro,shortfall_8,-0.7558273658506056,-0.12347338757425083
finite_consistency_distribution,identified_diets,Gikuriro,shortfall_9,-0.7820556313813468,-0.15945207385337148
finite_consistency_distribution,identified_diets,Gikuriro,shortfall_10,-0.8035165279691386,-0.1899354423967237
finite_consistency_distribution,identified_diets,Gikuriro,shortfall_11,-0.8213185902130972,-0.2157315127803123
finite_consistency_distribution,identified_diets,Gikuriro,shortfall_12,-0.836208707695339,-0.2374040858224701
support_only,identified_diets,Lower,mean,0.0,12.0
support_only,identified_diets,Lower,survival_1,0.0,1.0
support_only,identified_diets,Lower,survival_2,0.0,1.0
support_only,identified_diets,Lower,survival_3,0.0,1.0
support_only,identified_diets,Lower,survival_4,0.0,1.0
support_only,identified_diets,Lower,survival_5,0.0,1.0
support_only,identified_diets,Lower,survival_6,0.0,1.0
support_only,identified_diets,Lower,survival_7,0.0,1.0
support_only,identified_diets,Lower,survival_8,0.0,1.0
support_only,identified_diets,Lower,survival_9,0.0,1.0
support_only,identified_diets,Lower,survival_10,0.0,1.0
support_only,identified_diets,Lower,survival_11,0.0,1.0
support_only,identified_diets,Lower,survival_12,0.0,1.0
support_only,identified_diets,Lower,shortfall_1,-1.0,0.0
support_only,identified_diets,Lower,shortfall_2,-1.0,0.0
support_only,identified_diets,Lower,shortfall_3,-1.0,0.0
support_only,identified_diets,Lower,shortfall_4,-1.0,0.0
support_only,identified_diets,Lower,shortfall_5,-1.0,0.0
support_only,identified_diets,Lower,shortfall_6,-1.0,0.0
support_only,identified_diets,Lower,shortfall_7,-1.0,0.0
support_only,identified_diets,Lower,shortfall_8,-1.0,0.0
support_only,identified_diets,Lower,shortfall_9,-1.0,0.0
support_only,identified_diets,Lower,shortfall_10,-1.0,0.0
support_only,identified_diets,Lower,shortfall_11,-1.0,0.0
support_only,identified_diets,Lower,shortfall_12,-1.0,0.0
finite_distribution,identified_diets,Lower,mean,0.4146172320838655,11.386232200490163
finite_distribution,identified_diets,Lower,survival_1,0.15624948526796967,1.0
finite_distribution,identified_diets,Lower,survival_2,0.1452447858653045,1.0
finite_distribution,identified_diets,Lower,survival_3,0.1131229609505913,1.0
finite_distribution,identified_diets,Lower,survival_4,0.0,1.0
finite_distribution,identified_diets,Lower,survival_5,0.0,1.0
finite_distribution,identified_diets,Lower,survival_6,0.0,1.0
finite_distribution,identified_diets,Lower,survival_7,0.0,1.0
finite_distribution,identified_diets,Lower,survival_8,0.0,0.9769966044279907
finite_distribution,identified_diets,Lower,survival_9,0.0,0.872570929825944
finite_distribution,identified_diets,Lower,survival_10,0.0,0.849163636772167
finite_distribution,identified_diets,Lower,survival_11,0.0,0.8437505147320303
finite_distribution,identified_diets,Lower,survival_12,0.0,0.8437505147320303
finite_distribution,identified_diets,Lower,shortfall_1,-0.8437505147320303,0.0
finite_distribution,identified_diets,Lower,shortfall_2,-0.8492528644333629,0.0
finite_distribution,identified_diets,Lower,shortfall_3,-0.8617942559720448,0.0
finite_distribution,identified_diets,Lower,shortfall_4,-0.8963456919790337,0.0
finite_distribution,identified_diets,Lower,shortfall_5,-0.9170765535832268,0.0
finite_distribution,identified_diets,Lower,shortfall_6,-0.9308971279860224,0.0
finite_distribution,identified_diets,Lower,shortfall_7,-0.9407689668451621,0.0
finite_distribution,identified_diets,Lower,shortfall_8,-0.9481728459895168,-0.002875424446501157
finite_distribution,identified_diets,Lower,shortfall_9,-0.9539314186573482,-0.016714718416229474
finite_distribution,identified_diets,Lower,shortfall_10,-0.9585382767916134,-0.03012688289738983
finite_distribution,identified_diets,Lower,shortfall_11,-0.9623075243560122,-0.041592574021987995
finite_distribution,identified_diets,Lower,shortfall_12,-0.9654485639930113,-0.051147316625819804
logical_distribution,identified_diets,Lower,mean,0.48805307524027536,11.368353966932302
logical_distribution,identified_diets,Lower,survival_1,0.09330825902566453,1.0
logical_distribution,identified_diets,Lower,survival_2,0.09214856617625075,0.9988403071505862
logical_distribution,identified_diets,Lower,survival_3,0.0891082903576787,0.9958000313320142
logical_distribution,identified_diets,Lower,survival_4,0.07629943079676128,0.9829911717710967
logical_distribution,identified_diets,Lower,survival_5,0.06255027964664542,0.9692420206209809
logical_distribution,identified_diets,Lower,survival_6,0.039408661234429085,0.9461004022087646
logical_distribution,identified_diets,Lower,survival_7,0.01971477835036133,0.9264065193246968
logical_distribution,identified_diets,Lower,survival_8,0.012411847763835119,0.9191035887381706
logical_distribution,identified_diets,Lower,survival_9,0.0026641592187621453,0.9093559001930975
logical_distribution,identified_diets,Lower,survival_10,0.0004388026698869647,0.9071305436442224
logical_distribution,identified_diets,Lower,survival_11,0.0,0.9066917409743355
logical_distribution,identified_diets,Lower,survival_12,0.0,0.9066917409743355
logical_distribution,identified_diets,Lower,shortfall_1,-0.9066917409743355,0.0
logical_distribution,identified_diets,Lower,shortfall_2,-0.9072715873990423,-0.0005798464247069133
logical_distribution,identified_diets,Lower,shortfall_3,-0.9084782948134686,-0.0017865538391332292
logical_distribution,identified_diets,Lower,shortfall_4,-0.9122838634109113,-0.00559212243657573
logical_distribution,identified_diets,Lower,shortfall_5,-0.9173170347993999,-0.010625293825064408
logical_distribution,identified_diets,Lower,shortfall_6,-0.9245294187937618,-0.01783767781942624
logical_distribution,identified_diets,Lower,shortfall_7,-0.9324945334874587,-0.025802792513122952
logical_distribution,identified_diets,Lower,shortfall_8,-0.9393812358310467,-0.032689494856711285
logical_distribution,identified_diets,Lower,shortfall_9,-0.945820636381068,-0.03912889540673251
logical_distribution,identified_diets,Lower,shortfall_10,-0.9511946924759725,-0.04450295150163703
logical_distribution,identified_diets,Lower,shortfall_11,-0.9556315386145207,-0.048939797640184975
logical_distribution,identified_diets,Lower,shortfall_12,-0.9593289103966439,-0.05263716942230828
finite_consistency_distribution,identified_diets,Lower,mean,0.6281051917645468,11.147719637208482
finite_consistency_distribution,identified_diets,Lower,survival_1,0.15624948526796967,1.0
finite_consistency_distribution,identified_diets,Lower,survival_2,0.1452447858653045,0.9988403071505862
finite_consistency_distribution,identified_diets,Lower,survival_3,0.1131229609505913,0.9958000313320142
finite_consistency_distribution,identified_diets,Lower,survival_4,0.07629943079676128,0.9829911717710967
finite_consistency_distribution,identified_diets,Lower,survival_5,0.06255027964664542,0.9692420206209809
finite_consistency_distribution,identified_diets,Lower,survival_6,0.039408661234429085,0.9461004022087646
finite_consistency_distribution,identified_diets,Lower,survival_7,0.01971477835036133,0.9264065193246968
finite_consistency_distribution,identified_diets,Lower,survival_8,0.012411847763835119,0.9191035887381706
finite_consistency_distribution,identified_diets,Lower,survival_9,0.0026641592187621453,0.872570929825944
finite_consistency_distribution,identified_diets,Lower,survival_10,0.0004388026698869647,0.849163636772167
finite_consistency_distribution,identified_diets,Lower,survival_11,0.0,0.8437505147320303
finite_consistency_distribution,identified_diets,Lower,survival_12,0.0,0.8437505147320303
finite_consistency_distribution,identified_diets,Lower,shortfall_1,-0.8437505147320303,0.0
finite_consistency_distribution,identified_diets,Lower,shortfall_2,-0.8492528644333629,-0.0005798464247069133
finite_consistency_distribution,identified_diets,Lower,shortfall_3,-0.8617942559720448,-0.0017865538391332292
finite_consistency_distribution,identified_diets,Lower,shortfall_4,-0.8772708342798434,-0.00559212243657573
finite_consistency_distribution,identified_diets,Lower,shortfall_5,-0.8893066114945456,-0.010625293825064408
finite_consistency_distribution,identified_diets,Lower,shortfall_6,-0.9011873993730497,-0.01783767781942624
finite_consistency_distribution,identified_diets,Lower,shortfall_7,-0.9124870882697055,-0.025802792513122952
finite_consistency_distribution,identified_diets,Lower,shortfall_8,-0.9218747212655127,-0.032689494856711285
finite_consistency_distribution,identified_diets,Lower,shortfall_9,-0.9302592901005934,-0.043216114336416256
finite_consistency_distribution,identified_diets,Lower,shortfall_10,-0.9371894808235455,-0.05397813922555792
finite_consistency_distribution,identified_diets,Lower,shortfall_11,-0.942899528021405,-0.06327553432032261
finite_consistency_distribution,identified_diets,Lower,shortfall_12,-0.9476579006862879,-0.07102336356595987
support_only,identified_diets,Middle,mean,0.0,12.0
support_only,identified_diets,Middle,survival_1,0.0,1.0
support_only,identified_diets,Middle,survival_2,0.0,1.0
support_only,identified_diets,Middle,survival_3,0.0,1.0
support_only,identified_diets,Middle,survival_4,0.0,1.0
support_only,identified_diets,Middle,survival_5,0.0,1.0
support_only,identified_diets,Middle,survival_6,0.0,1.0
support_only,identified_diets,Middle,survival_7,0.0,1.0
support_only,identified_diets,Middle,survival_8,0.0,1.0
support_only,identified_diets,Middle,survival_9,0.0,1.0
support_only,identified_diets,Middle,survival_10,0.0,1.0
support_only,identified_diets,Middle,survival_11,0.0,1.0
support_only,identified_diets,Middle,survival_12,0.0,1.0
support_only,identified_diets,Middle,shortfall_1,-1.0,0.0
support_only,identified_diets,Middle,shortfall_2,-1.0,0.0
support_only,identified_diets,Middle,shortfall_3,-1.0,0.0
support_only,identified_diets,Middle,shortfall_4,-1.0,0.0
support_only,identified_diets,Middle,shortfall_5,-1.0,0.0
support_only,identified_diets,Middle,shortfall_6,-1.0,0.0
support_only,identified_diets,Middle,shortfall_7,-1.0,0.0
support_only,identified_diets,Middle,shortfall_8,-1.0,0.0
support_only,identified_diets,Middle,shortfall_9,-1.0,0.0
support_only,identified_diets,Middle,shortfall_10,-1.0,0.0
support_only,identified_diets,Middle,shortfall_11,-1.0,0.0
support_only,identified_diets,Middle,shortfall_12,-1.0,0.0
finite_distribution,identified_diets,Middle,mean,0.3546552273246973,11.16580164845213
finite_distribution,identified_diets,Middle,survival_1,0.17802864788552308,1.0
finite_distribution,identified_diets,Middle,survival_2,0.1390866385622811,1.0
finite_distribution,identified_diets,Middle,survival_3,0.0375399408768931,1.0
finite_distribution,identified_diets,Middle,survival_4,0.0,1.0
finite_distribution,identified_diets,Middle,survival_5,0.0,1.0
finite_distribution,identified_diets,Middle,survival_6,0.0,1.0
finite_distribution,identified_diets,Middle,survival_7,0.0,0.97859207264647
finite_distribution,identified_diets,Middle,survival_8,0.0,0.8787231488765522
finite_distribution,identified_diets,Middle,survival_9,0.0,0.842572370585677
finite_distribution,identified_diets,Middle,survival_10,0.0,0.8219713521144769
finite_distribution,identified_diets,Middle,survival_11,0.0,0.8219713521144769
finite_distribution,identified_diets,Middle,survival_12,0.0,0.8219713521144769
finite_distribution,identified_diets,Middle,shortfall_1,-0.8219713521144769,0.0
finite_distribution,identified_diets,Middle,shortfall_2,-0.8414423567760979,0.0
finite_distribution,identified_diets,Middle,shortfall_3,-0.8817815908917677,0.0
finite_distribution,identified_diets,Middle,shortfall_4,-0.9113361931688256,0.0
finite_distribution,identified_diets,Middle,shortfall_5,-0.9290689545350607,0.0
finite_distribution,identified_diets,Middle,shortfall_6,-0.9408907954458838,0.0
finite_distribution,identified_diets,Middle,shortfall_7,-0.9493349675250432,-0.0030582753362185756
finite_distribution,identified_diets,Middle,shortfall_8,-0.9556680965844129,-0.017835597309622225
finite_distribution,identified_diets,Middle,shortfall_9,-0.9605938636305892,-0.03334582309903342
finite_distribution,identified_diets,Middle,shortfall_10,-0.9645344772675303,-0.047814105577682384
finite_distribution,identified_diets,Middle,shortfall_11,-0.9677586156977548,-0.05965179124203154
finite_distribution,identified_diets,Middle,shortfall_12,-0.9704453977229419,-0.06951652929565584
logical_distribution,identified_diets,Middle,mean,0.4373845726287522,11.27042351879388
logical_distribution,identified_diets,Middle,survival_1,0.09724675448623932,1.0
logical_distribution,identified_diets,Middle,survival_2,0.09330268690091224,0.9960559324146728
logical_distribution,identified_diets,Middle,survival_3,0.08346338604509133,0.986216631558852
logical_distribution,identified_diets,Middle,survival_4,0.06640521940326358,0.9691584649170242
logical_distribution,identified_diets,Middle,survival_5,0.04652837085697811,0.9492816163707388
logical_distribution,identified_diets,Middle,survival_6,0.027800757346831486,0.9305540028605921
logical_distribution,identified_diets,Middle,survival_7,0.015114453904434857,0.9178676994181955
logical_distribution,identified_diets,Middle,survival_8,0.00555090987741166,0.9083041553911724
logical_distribution,identified_diets,Middle,survival_9,0.001972033807589654,0.9047252793213503
logical_distribution,identified_diets,Middle,survival_10,0.0,0.9027532455137607
logical_distribution,identified_diets,Middle,survival_11,0.0,0.9027532455137607
logical_distribution,identified_diets,Middle,survival_12,0.0,0.9027532455137607
logical_distribution,identified_diets,Middle,shortfall_1,-0.9027532455137607,0.0
logical_distribution,identified_diets,Middle,shortfall_2,-0.9047252793064242,-0.001972033792663549
logical_distribution,identified_diets,Middle,shortfall_3,-0.908662390855919,-0.005909145342158369
logical_distribution,identified_diets,Middle,shortfall_4,-0.9148954882911234,-0.012142242777362717
logical_distribution,identified_diets,Middle,shortfall_5,-0.9226107164615029,-0.01985747094774243
logical_distribution,identified_diets,Middle,shortfall_6,-0.9308754708267805,-0.02812222531302
logical_distribution,identified_diets,Middle,shortfall_7,-0.9385911958651784,-0.03583795035141778
logical_distribution,identified_diets,Middle,shortfall_8,-0.9455734326473547,-0.04282018713359402
logical_distribution,identified_diets,Middle,shortfall_9,-0.9514017141523607,-0.04864846863860021
logical_distribution,identified_diets,Middle,shortfall_10,-0.9562615427371248,-0.05350829722336412
logical_distribution,identified_diets,Middle,shortfall_11,-0.9602377661246587,-0.05748452061089824
logical_distribution,identified_diets,Middle,shortfall_12,-0.9635512856142705,-0.06079804010051
finite_consistency_distribution,identified_diets,Middle,mean,0.5639504176894049,10.936343923345735
finite_consistency_distribution,identified_diets,Middle,survival_1,0.17802864788552308,1.0
finite_consistency_distribution,identified_diets,Middle,survival_2,0.1390866385622811,0.9960559324146728
finite_consistency_distribution,identified_diets,Middle,survival_3,0.08346338604509133,0.986216631558852
finite_consistency_distribution,identified_diets,Middle,survival_4,0.06640521940326358,0.9691584649170242
finite_consistency_distribution,identified_diets,Middle,survival_5,0.04652837085697811,0.9492816163707388
finite_consistency_distribution,identified_diets,Middle,survival_6,0.027800757346831486,0.9305540028605921
finite_consistency_distribution,identified_diets,Middle,survival_7,0.015114453904434857,0.9178676994181955
finite_consistency_distribution,identified_diets,Middle,survival_8,0.00555090987741166,0.8787231488765522
finite_consistency_distribution,identified_diets,Middle,survival_9,0.001972033807589654,0.842572370585677
finite_consistency_distribution,identified_diets,Middle,survival_10,0.0,0.8219713521144769
finite_consistency_distribution,identified_diets,Middle,survival_11,0.0,0.8219713521144769
finite_consistency_distribution,identified_diets,Middle,survival_12,0.0,0.8219713521144769
finite_consistency_distribution,identified_diets,Middle,shortfall_1,-0.8219713521144769,0.0
finite_consistency_distribution,identified_diets,Middle,shortfall_2,-0.8414423567760979,-0.001972033792663549
finite_consistency_distribution,identified_diets,Middle,shortfall_3,-0.8664737758357015,-0.005909145342158369
finite_consistency_distribution,identified_diets,Middle,shortfall_4,-0.8832540270259602,-0.012142242777362717
finite_consistency_distribution,identified_diets,Middle,shortfall_5,-0.8972975474493725,-0.01985747094774243
finite_consistency_distribution,identified_diets,Middle,shortfall_6,-0.9097811633166718,-0.02812222531302
finite_consistency_distribution,identified_diets,Middle,shortfall_7,-0.9205103608565137,-0.03583795035141778
finite_consistency_distribution,identified_diets,Middle,shortfall_8,-0.929752702014773,-0.04651781294792153
finite_consistency_distribution,identified_diets,Middle,shortfall_9,-0.9373388424789549,-0.05884112588863281
finite_consistency_distribution,identified_diets,Middle,shortfall_10,-0.9436049582310595,-0.07075987808832183
finite_consistency_distribution,identified_diets,Middle,shortfall_11,-0.9487317802100541,-0.08051158443352197
finite_consistency_distribution,identified_diets,Middle,shortfall_12,-0.9530041318592162,-0.08863800638785539
support_only,identified_diets,Upper,mean,0.0,12.0
support_only,identified_diets,Upper,survival_1,0.0,1.0
support_only,identified_diets,Upper,survival_2,0.0,1.0
support_only,identified_diets,Upper,survival_3,0.0,1.0
support_only,identified_diets,Upper,survival_4,0.0,1.0
support_only,identified_diets,Upper,survival_5,0.0,1.0
support_only,identified_diets,Upper,survival_6,0.0,1.0
support_only,identified_diets,Upper,survival_7,0.0,1.0
support_only,identified_diets,Upper,survival_8,0.0,1.0
support_only,identified_diets,Upper,survival_9,0.0,1.0
support_only,identified_diets,Upper,survival_10,0.0,1.0
support_only,identified_diets,Upper,survival_11,0.0,1.0
support_only,identified_diets,Upper,survival_12,0.0,1.0
support_only,identified_diets,Upper,shortfall_1,-1.0,0.0
support_only,identified_diets,Upper,shortfall_2,-1.0,0.0
support_only,identified_diets,Upper,shortfall_3,-1.0,0.0
support_only,identified_diets,Upper,shortfall_4,-1.0,0.0
support_only,identified_diets,Upper,shortfall_5,-1.0,0.0
support_only,identified_diets,Upper,shortfall_6,-1.0,0.0
support_only,identified_diets,Upper,shortfall_7,-1.0,0.0
support_only,identified_diets,Upper,shortfall_8,-1.0,0.0
support_only,identified_diets,Upper,shortfall_9,-1.0,0.0
support_only,identified_diets,Upper,shortfall_10,-1.0,0.0
support_only,identified_diets,Upper,shortfall_11,-1.0,0.0
support_only,identified_diets,Upper,shortfall_12,-1.0,0.0
finite_distribution,identified_diets,Upper,mean,0.2664424372516063,11.491024239551376
finite_distribution,identified_diets,Upper,survival_1,0.11345030752195673,1.0
finite_distribution,identified_diets,Upper,survival_2,0.0971084229212082,1.0
finite_distribution,identified_diets,Upper,survival_3,0.0558837068084414,1.0
finite_distribution,identified_diets,Upper,survival_4,0.0,1.0
finite_distribution,identified_diets,Upper,survival_5,0.0,1.0
finite_distribution,identified_diets,Upper,survival_6,0.0,1.0
finite_distribution,identified_diets,Upper,survival_7,0.0,1.0
finite_distribution,identified_diets,Upper,survival_8,0.0,0.958299815998688
finite_distribution,identified_diets,Upper,survival_9,0.0,0.8992840289688152
finite_distribution,identified_diets,Upper,survival_10,0.0,0.8840213254266067
finite_distribution,identified_diets,Upper,survival_11,0.0,0.8747095345786331
finite_distribution,identified_diets,Upper,survival_12,0.0,0.8747095345786331
finite_distribution,identified_diets,Upper,shortfall_1,-0.8865496924780433,0.0
finite_distribution,identified_diets,Upper,shortfall_2,-0.8947206347784176,0.0
finite_distribution,identified_diets,Upper,shortfall_3,-0.9111858542494644,0.0
finite_distribution,identified_diets,Upper,shortfall_4,-0.9333893906870983,0.0
finite_distribution,identified_diets,Upper,shortfall_5,-0.9467115125496787,0.0
finite_distribution,identified_diets,Upper,shortfall_6,-0.9555929271247322,0.0
finite_distribution,identified_diets,Upper,shortfall_7,-0.9619367946783418,0.0
finite_distribution,identified_diets,Upper,shortfall_8,-0.966694695343549,-0.005212523000164004
finite_distribution,identified_diets,Upper,shortfall_9,-0.9703952847498215,-0.01582401722583298
finite_distribution,identified_diets,Upper,shortfall_10,-0.9733557562748393,-0.02583948296058901
finite_distribution,identified_diets,Upper,shortfall_11,-0.975777960249854,-0.034880481366114276
finite_distribution,identified_diets,Upper,shortfall_12,-0.977796463562366,-0.042414646704052
logical_distribution,identified_diets,Upper,mean,0.4724862464918378,11.376938464818119
logical_distribution,identified_diets,Upper,survival_1,0.09029514821295936,0.9989994997401496
logical_distribution,identified_diets,Upper,survival_2,0.08882566345630409,0.9975300149834944
logical_distribution,identified_diets,Upper,survival_3,0.08488619371296054,0.9935905452401507
logical_distribution,identified_diets,Upper,survival_4,0.07697598856333572,0.985680340090526
logical_distribution,identified_diets,Upper,survival_5,0.061030515671969966,0.9697348671991602
logical_distribution,identified_diets,Upper,survival_6,0.03820660352395012,0.9469109550511403
logical_distribution,identified_diets,Upper,survival_7,0.021385693024484898,0.930090044551675
logical_distribution,identified_diets,Upper,survival_8,0.007660080114479628,0.9163644316416698
logical_distribution,identified_diets,Upper,survival_9,0.002313656850904051,0.9110180083780942
logical_distribution,identified_diets,Upper,survival_10,0.0009067033604894253,0.9096110548876796
logical_distribution,identified_diets,Upper,survival_11,0.0,0.9087043515271902
logical_distribution,identified_diets,Upper,survival_12,0.0,0.9087043515271902
logical_distribution,identified_diets,Upper,shortfall_1,-0.9097048517870406,-0.0010005002598504004
logical_distribution,identified_diets,Upper,shortfall_2,-0.9104395941653682,-0.001735242638178038
logical_distribution,identified_diets,Upper,shortfall_3,-0.9119976648725919,-0.0032933133454017645
logical_distribution,identified_diets,Upper,shortfall_4,-0.9147542515136099,-0.006049899986419833
logical_distribution,identified_diets,Upper,shortfall_5,-0.919597298076494,-0.010892946549303804
logical_distribution,identified_diets,Upper,shortfall_6,-0.9266299811430865,-0.017925629615896436
logical_distribution,identified_diets,Upper,shortfall_7,-0.9340563134048621,-0.025351961877671938
logical_distribution,identified_diets,Upper,shortfall_8,-0.9413417642149444,-0.03263741268775422
logical_distribution,identified_diets,Upper,shortfall_9,-0.9476022729854058,-0.0388979214582155
logical_distribution,identified_diets,Upper,shortfall_10,-0.9527513753508162,-0.04404702382362598
logical_distribution,identified_diets,Upper,shortfall_11,-0.9570467048643785,-0.04834235333718814
logical_distribution,identified_diets,Upper,shortfall_12,-0.9606261461256803,-0.05192179459848995
finite_consistency_distribution,identified_diets,Upper,mean,0.5039241652657392,11.271625122050654
finite_consistency_distribution,identified_diets,Upper,survival_1,0.11345030752195673,0.9989994997401496
finite_consistency_distribution,identified_diets,Upper,survival_2,0.0971084229212082,0.9975300149834944
finite_consistency_distribution,identified_diets,Upper,survival_3,0.08488619371296054,0.9935905452401507
finite_consistency_distribution,identified_diets,Upper,survival_4,0.07697598856333572,0.985680340090526
finite_consistency_distribution,identified_diets,Upper,survival_5,0.061030515671969966,0.9697348671991602
finite_consistency_distribution,identified_diets,Upper,survival_6,0.03820660352395012,0.9469109550511403
finite_consistency_distribution,identified_diets,Upper,survival_7,0.021385693024484898,0.930090044551675
finite_consistency_distribution,identified_diets,Upper,survival_8,0.007660080114479628,0.9163644316416698
finite_consistency_distribution,identified_diets,Upper,survival_9,0.002313656850904051,0.8992840289688152
finite_consistency_distribution,identified_diets,Upper,survival_10,0.0009067033604894253,0.8840213254266067
finite_consistency_distribution,identified_diets,Upper,survival_11,0.0,0.8747095345786331
finite_consistency_distribution,identified_diets,Upper,survival_12,0.0,0.8747095345786331
finite_consistency_distribution,identified_diets,Upper,shortfall_1,-0.8865496924780433,-0.0010005002598504004
finite_consistency_distribution,identified_diets,Upper,shortfall_2,-0.8947206347784176,-0.001735242638178038
finite_consistency_distribution,identified_diets,Upper,shortfall_3,-0.9015183586146248,-0.0032933133454017645
finite_consistency_distribution,identified_diets,Upper,shortfall_4,-0.9068947718201348,-0.006049899986419833
finite_consistency_distribution,identified_diets,Upper,shortfall_5,-0.9133097143217138,-0.010892946549303804
finite_consistency_distribution,identified_diets,Upper,shortfall_6,-0.9213903280141031,-0.017925629615896436
finite_consistency_distribution,identified_diets,Upper,shortfall_7,-0.9295651821514476,-0.025351961877671938
finite_consistency_distribution,identified_diets,Upper,shortfall_8,-0.9374120243682067,-0.03263741268775422
finite_consistency_distribution,identified_diets,Upper,shortfall_9,-0.9441091708994167,-0.040201696948135385
finite_consistency_distribution,identified_diets,Upper,shortfall_10,-0.949607583473426,-0.04777939471066117
finite_consistency_distribution,identified_diets,Upper,shortfall_11,-0.9541887122485692,-0.05482585568436168
finite_consistency_distribution,identified_diets,Upper,shortfall_12,-0.9580063195611884,-0.06069790649577878
support_only,identified_diets,Large,mean,0.0,12.0
support_only,identified_diets,Large,survival_1,0.0,1.0
support_only,identified_diets,Large,survival_2,0.0,1.0
support_only,identified_diets,Large,survival_3,0.0,1.0
support_only,identified_diets,Large,survival_4,0.0,1.0
support_only,identified_diets,Large,survival_5,0.0,1.0
support_only,identified_diets,Large,survival_6,0.0,1.0
support_only,identified_diets,Large,survival_7,0.0,1.0
support_only,identified_diets,Large,survival_8,0.0,1.0
support_only,identified_diets,Large,survival_9,0.0,1.0
support_only,identified_diets,Large,survival_10,0.0,1.0
support_only,identified_diets,Large,survival_11,0.0,1.0
support_only,identified_diets,Large,survival_12,0.0,1.0
support_only,identified_diets,Large,shortfall_1,-1.0,0.0
support_only,identified_diets,Large,shortfall_2,-1.0,0.0
support_only,identified_diets,Large,shortfall_3,-1.0,0.0
support_only,identified_diets,Large,shortfall_4,-1.0,0.0
support_only,identified_diets,Large,shortfall_5,-1.0,0.0
support_only,identified_diets,Large,shortfall_6,-1.0,0.0
support_only,identified_diets,Large,shortfall_7,-1.0,0.0
support_only,identified_diets,Large,shortfall_8,-1.0,0.0
support_only,identified_diets,Large,shortfall_9,-1.0,0.0
support_only,identified_diets,Large,shortfall_10,-1.0,0.0
support_only,identified_diets,Large,shortfall_11,-1.0,0.0
support_only,identified_diets,Large,shortfall_12,-1.0,0.0
finite_distribution,identified_diets,Large,mean,0.5078722725746461,11.240650411825712
finite_distribution,identified_diets,Large,survival_1,0.18046022579883736,1.0
finite_distribution,identified_diets,Large,survival_2,0.1526730345692946,1.0
finite_distribution,identified_diets,Large,survival_3,0.1353447683259362,1.0
finite_distribution,identified_diets,Large,survival_4,0.0393942438805779,1.0
finite_distribution,identified_diets,Large,survival_5,0.0,1.0
finite_distribution,identified_diets,Large,survival_6,0.0,1.0
finite_distribution,identified_diets,Large,survival_7,0.0,1.0
finite_distribution,identified_diets,Large,survival_8,0.0,0.9337214063760846
finite_distribution,identified_diets,Large,survival_9,0.0,0.8453276428117494
finite_distribution,identified_diets,Large,survival_10,0.0,0.8225218142355526
finite_distribution,identified_diets,Large,survival_11,0.0,0.8195397742011626
finite_distribution,identified_diets,Large,survival_12,0.0,0.8195397742011626
finite_distribution,identified_diets,Large,shortfall_1,-0.8195397742011626,0.0
finite_distribution,identified_diets,Large,shortfall_2,-0.833433369815934,0.0
finite_distribution,identified_diets,Large,shortfall_3,-0.8438406571019772,0.0
finite_distribution,identified_diets,Large,shortfall_4,-0.8730319318563384,0.0
finite_distribution,identified_diets,Large,shortfall_5,-0.8984255454850707,0.0
finite_distribution,identified_diets,Large,shortfall_6,-0.915354621237559,0.0
finite_distribution,identified_diets,Large,shortfall_7,-0.9274468182036218,0.0
finite_distribution,identified_diets,Large,shortfall_8,-0.9365159659281692,-0.008284824202989427
finite_distribution,identified_diets,Large,shortfall_9,-0.9435697474917059,-0.024550105645796218
finite_distribution,identified_diets,Large,shortfall_10,-0.9492127727425355,-0.03984291365766134
finite_distribution,identified_diets,Large,shortfall_11,-0.9538297934023049,-0.05262630567049552
finite_distribution,identified_diets,Large,shortfall_12,-0.9576773106187795,-0.06327913234785734
logical_distribution,identified_diets,Large,mean,0.6798661336727545,11.153523947435056
logical_distribution,identified_diets,Large,survival_1,0.12719518218647485,1.0
logical_distribution,identified_diets,Large,survival_2,0.12349473057019658,0.9962995483837217
logical_distribution,identified_diets,Large,survival_3,0.12078435144090338,0.9935891692544284
logical_distribution,identified_diets,Large,survival_4,0.10880492365616785,0.9816097414696929
logical_distribution,identified_diets,Large,survival_5,0.09176313454338281,0.964567952356908
logical_distribution,identified_diets,Large,survival_6,0.05927890437925091,0.932083722192776
logical_distribution,identified_diets,Large,survival_7,0.030732563881992508,0.9035373816955177
logical_distribution,identified_diets,Large,survival_8,0.013484696238814837,0.88628951405234
logical_distribution,identified_diets,Large,survival_9,0.0038258906242110554,0.8766307084377362
logical_distribution,identified_diets,Large,survival_10,0.0005017561513597679,0.8733065739648849
logical_distribution,identified_diets,Large,survival_11,0.0,0.8728048178135251
logical_distribution,identified_diets,Large,survival_12,0.0,0.8728048178135251
logical_distribution,identified_diets,Large,shortfall_1,-0.8728048178135251,0.0
logical_distribution,identified_diets,Large,shortfall_2,-0.8746550436216642,-0.0018502258081391444
logical_distribution,identified_diets,Large,shortfall_3,-0.8761752452674751,-0.0033704274539499246
logical_distribution,identified_diets,Large,shortfall_4,-0.8799302030365644,-0.007125385223039198
logical_distribution,identified_diets,Large,shortfall_5,-0.8855915355205748,-0.01278671770704977
logical_distribution,identified_diets,Large,shortfall_6,-0.8947797955372706,-0.02197497772374547
logical_distribution,identified_diets,Large,shortfall_7,-0.9054208870488045,-0.03261606923527931
logical_distribution,identified_diets,Large,shortfall_8,-0.9155576891378518,-0.0427528713243269
logical_distribution,identified_diets,Large,shortfall_9,-0.9245150691642894,-0.05171025135076431
logical_distribution,identified_diets,Large,shortfall_10,-0.9320133866327243,-0.05920856881919943
logical_distribution,identified_diets,Large,shortfall_11,-0.9381939878479313,-0.06538917003440628
logical_distribution,identified_diets,Large,shortfall_12,-0.9433444888606036,-0.07053967104707867
finite_consistency_distribution,identified_diets,Large,mean,0.7768698981692478,10.964906034855012
finite_consistency_distribution,identified_diets,Large,survival_1,0.18046022579883736,1.0
finite_consistency_distribution,identified_diets,Large,survival_2,0.1526730345692946,0.9962995483837217
finite_consistency_distribution,identified_diets,Large,survival_3,0.1353447683259362,0.9935891692544284
finite_consistency_distribution,identified_diets,Large,survival_4,0.10880492365616785,0.9816097414696929
finite_consistency_distribution,identified_diets,Large,survival_5,0.09176313454338281,0.964567952356908
finite_consistency_distribution,identified_diets,Large,survival_6,0.05927890437925091,0.932083722192776
finite_consistency_distribution,identified_diets,Large,survival_7,0.030732563881992508,0.9035373816955177
finite_consistency_distribution,identified_diets,Large,survival_8,0.013484696238814837,0.88628951405234
finite_consistency_distribution,identified_diets,Large,survival_9,0.0038258906242110554,0.8453276428117494
finite_consistency_distribution,identified_diets,Large,survival_10,0.0005017561513597679,0.8225218142355526
finite_consistency_distribution,identified_diets,Large,survival_11,0.0,0.8195397742011626
finite_consistency_distribution,identified_diets,Large,survival_12,0.0,0.8195397742011626
finite_consistency_distribution,identified_diets,Large,shortfall_1,-0.8195397742011626,0.0
finite_consistency_distribution,identified_diets,Large,shortfall_2,-0.833433369815934,-0.0018502258081391444
finite_consistency_distribution,identified_diets,Large,shortfall_3,-0.8438406571019772,-0.0033704274539499246
finite_consistency_distribution,identified_diets,Large,shortfall_4,-0.855679261912441,-0.007125385223039198
finite_consistency_distribution,identified_diets,Large,shortfall_5,-0.8661907826212762,-0.01278671770704977
finite_consistency_distribution,identified_diets,Large,shortfall_6,-0.8786125014545217,-0.02197497772374547
finite_consistency_distribution,identified_diets,Large,shortfall_7,-0.8915632064064481,-0.03261606923527931
finite_consistency_distribution,identified_diets,Large,shortfall_8,-0.9034322185757903,-0.0427528713243269
finite_consistency_distribution,identified_diets,Large,shortfall_9,-0.9137368731091234,-0.055188369753651746
finite_consistency_distribution,identified_diets,Large,shortfall_10,-0.922313010183075,-0.06741735135473131
finite_consistency_distribution,identified_diets,Large,shortfall_11,-0.9293754638027957,-0.07769397630419551
finite_consistency_distribution,identified_diets,Large,shortfall_12,-0.9352608418192292,-0.08625783042874899
