outcome,left,right,scope,finite_lower,finite_upper,alpha
mean,Gikuriro,Control,identified_diets,-11.038315761010203,11.319706394216134,0.05
mean,Gikuriro,Control,weighted_baseline,-11.257233233943023,11.566641330134818,0.05
mean,Gikuriro,Lower,identified_diets,-12.0,11.319706394216134,0.05
mean,Gikuriro,Lower,weighted_baseline,-12.0,11.566641330134818,0.05
mean,Gikuriro,Middle,identified_diets,-12.0,11.319706394216134,0.05
mean,Gikuriro,Middle,weighted_baseline,-12.0,11.566641330134818,0.05
mean,Gikuriro,Upper,identified_diets,-12.0,11.319706394216134,0.05
mean,Gikuriro,Upper,weighted_baseline,-12.0,11.566641330134818,0.05
mean,Gikuriro,Control+Large,identified_diets,-11.269683547025721,11.319706394216134,0.05
mean,Gikuriro,Control+Large,weighted_baseline,-11.435932535877129,11.566641330134818,0.05
mean,Gikuriro,Lower+Large,identified_diets,-12.0,11.319706394216134,0.05
mean,Gikuriro,Lower+Large,weighted_baseline,-12.0,11.566641330134818,0.05
mean,Gikuriro,Middle+Large,identified_diets,-12.0,11.319706394216134,0.05
mean,Gikuriro,Middle+Large,weighted_baseline,-12.0,11.566641330134818,0.05
mean,Gikuriro,Upper+Large,identified_diets,-12.0,11.319706394216134,0.05
mean,Gikuriro,Upper+Large,weighted_baseline,-12.0,11.566641330134818,0.05
mean,Control,Lower,identified_diets,-12.0,11.038315761010203,0.05
mean,Control,Lower,weighted_baseline,-12.0,11.257233233943023,0.05
mean,Control,Middle,identified_diets,-12.0,11.038315761010203,0.05
mean,Control,Middle,weighted_baseline,-12.0,11.257233233943023,0.05
mean,Control,Upper,identified_diets,-12.0,11.038315761010203,0.05
mean,Control,Upper,weighted_baseline,-12.0,11.257233233943023,0.05
mean,Control,Control+Large,identified_diets,-2.887032270699069,2.65566448468355,0.05
mean,Control,Control+Large,weighted_baseline,-2.887032270699069,2.7083329687649615,0.05
mean,Control,Lower+Large,identified_diets,-12.0,11.038315761010203,0.05
mean,Control,Lower+Large,weighted_baseline,-12.0,11.257233233943023,0.05
mean,Control,Middle+Large,identified_diets,-12.0,11.038315761010203,0.05
mean,Control,Middle+Large,weighted_baseline,-12.0,11.257233233943023,0.05
mean,Control,Upper+Large,identified_diets,-12.0,11.038315761010203,0.05
mean,Control,Upper+Large,weighted_baseline,-12.0,11.257233233943023,0.05
mean,Lower,Middle,identified_diets,-12.0,12.0,0.05
mean,Lower,Middle,weighted_baseline,-12.0,12.0,0.05
mean,Lower,Upper,identified_diets,-12.0,12.0,0.05
mean,Lower,Upper,weighted_baseline,-12.0,12.0,0.05
mean,Lower,Control+Large,identified_diets,-11.269683547025721,12.0,0.05
mean,Lower,Control+Large,weighted_baseline,-11.435932535877129,12.0,0.05
mean,Lower,Lower+Large,identified_diets,-1.8344552437966195,1.834455243796619,0.05
mean,Lower,Lower+Large,weighted_baseline,-1.8344552437966195,1.834455243796619,0.05
mean,Lower,Middle+Large,identified_diets,-12.0,12.0,0.05
mean,Lower,Middle+Large,weighted_baseline,-12.0,12.0,0.05
mean,Lower,Upper+Large,identified_diets,-12.0,12.0,0.05
mean,Lower,Upper+Large,weighted_baseline,-12.0,12.0,0.05
mean,Middle,Upper,identified_diets,-12.0,12.0,0.05
mean,Middle,Upper,weighted_baseline,-12.0,12.0,0.05
mean,Middle,Control+Large,identified_diets,-11.269683547025721,12.0,0.05
mean,Middle,Control+Large,weighted_baseline,-11.435932535877129,12.0,0.05
mean,Middle,Lower+Large,identified_diets,-12.0,12.0,0.05
mean,Middle,Lower+Large,weighted_baseline,-12.0,12.0,0.05
mean,Middle,Middle+Large,identified_diets,-0.8148002000991319,0.8148002000991315,0.05
mean,Middle,Middle+Large,weighted_baseline,-0.8148002000991319,0.8148002000991315,0.05
mean,Middle,Upper+Large,identified_diets,-12.0,12.0,0.05
mean,Middle,Upper+Large,weighted_baseline,-12.0,12.0,0.05
mean,Upper,Control+Large,identified_diets,-11.269683547025721,12.0,0.05
mean,Upper,Control+Large,weighted_baseline,-11.435932535877129,12.0,0.05
mean,Upper,Lower+Large,identified_diets,-12.0,12.0,0.05
mean,Upper,Lower+Large,weighted_baseline,-12.0,12.0,0.05
mean,Upper,Middle+Large,identified_diets,-12.0,12.0,0.05
mean,Upper,Middle+Large,weighted_baseline,-12.0,12.0,0.05
mean,Upper,Upper+Large,identified_diets,-0.09833878454755507,0.0983387845475554,0.05
mean,Upper,Upper+Large,weighted_baseline,-0.09833878454755507,0.0983387845475554,0.05
mean,Control+Large,Lower+Large,identified_diets,-10.165544756203381,9.435228303229103,0.05
mean,Control+Large,Lower+Large,weighted_baseline,-10.165544756203381,9.60147729208051,0.05
mean,Control+Large,Middle+Large,identified_diets,-11.185199799900868,10.45488334692659,0.05
mean,Control+Large,Middle+Large,weighted_baseline,-11.185199799900868,10.621132335777997,0.05
mean,Control+Large,Upper+Large,identified_diets,-11.901661215452444,11.171344762478167,0.05
mean,Control+Large,Upper+Large,weighted_baseline,-11.901661215452444,11.337593751329575,0.05
mean,Lower+Large,Middle+Large,identified_diets,-11.185199799900868,11.185199799900868,0.05
mean,Lower+Large,Middle+Large,weighted_baseline,-11.185199799900868,11.185199799900868,0.05
mean,Lower+Large,Upper+Large,identified_diets,-11.901661215452444,11.901661215452446,0.05
mean,Lower+Large,Upper+Large,weighted_baseline,-11.901661215452444,11.901661215452446,0.05
mean,Middle+Large,Upper+Large,identified_diets,-11.901661215452444,11.901661215452444,0.05
mean,Middle+Large,Upper+Large,weighted_baseline,-11.901661215452444,11.901661215452444,0.05
survival_1,Gikuriro,Control,identified_diets,-0.524197610713794,0.5155502016458612,0.05
survival_1,Gikuriro,Control,weighted_baseline,-0.554281844654976,0.5431253962475894,0.05
survival_1,Gikuriro,Lower,identified_diets,-0.524197610713794,0.8437505147320303,0.05
survival_1,Gikuriro,Lower,weighted_baseline,-0.554281844654976,0.8813590864555951,0.05
survival_1,Gikuriro,Middle,identified_diets,-0.524197610713794,0.8219713521144769,0.05
survival_1,Gikuriro,Middle,weighted_baseline,-0.554281844654976,0.8573343273901669,0.05
survival_1,Gikuriro,Upper,identified_diets,-0.524197610713794,0.8865496924780433,0.05
survival_1,Gikuriro,Upper,weighted_baseline,-0.554281844654976,0.9102755136393678,0.05
survival_1,Gikuriro,Control+Large,identified_diets,-0.524197610713794,0.5886858438061254,0.05
survival_1,Gikuriro,Control+Large,weighted_baseline,-0.554281844654976,0.6158357681501492,0.05
survival_1,Gikuriro,Lower+Large,identified_diets,-0.524197610713794,0.8400493880717762,0.05
survival_1,Gikuriro,Lower+Large,weighted_baseline,-0.554281844654976,0.8758539228207773,0.05
survival_1,Gikuriro,Middle+Large,identified_diets,-0.524197610713794,0.8218062479336165,0.05
survival_1,Gikuriro,Middle+Large,weighted_baseline,-0.554281844654976,0.8565204097658481,0.05
survival_1,Gikuriro,Upper+Large,identified_diets,-0.524197610713794,0.886000552985045,0.05
survival_1,Gikuriro,Upper+Large,weighted_baseline,-0.554281844654976,0.9097434337144641,0.05
survival_1,Control,Lower,identified_diets,-0.5155502016458612,0.8437505147320303,0.05
survival_1,Control,Lower,weighted_baseline,-0.5431253962475894,0.8813590864555951,0.05
survival_1,Control,Middle,identified_diets,-0.5155502016458612,0.8219713521144769,0.05
survival_1,Control,Middle,weighted_baseline,-0.5431253962475894,0.8573343273901669,0.05
survival_1,Control,Upper,identified_diets,-0.5155502016458612,0.8865496924780433,0.05
survival_1,Control,Upper,weighted_baseline,-0.5431253962475894,0.9102755136393678,0.05
survival_1,Control,Control+Large,identified_diets,-0.12403417244308447,0.19716981460334868,0.05
survival_1,Control,Control+Large,weighted_baseline,-0.13066837883358415,0.2033787507361439,0.05
survival_1,Control,Lower+Large,identified_diets,-0.5155502016458612,0.8400493880717762,0.05
survival_1,Control,Lower+Large,weighted_baseline,-0.5431253962475894,0.8758539228207773,0.05
survival_1,Control,Middle+Large,identified_diets,-0.5155502016458612,0.8218062479336165,0.05
survival_1,Control,Middle+Large,weighted_baseline,-0.5431253962475894,0.8565204097658481,0.05
survival_1,Control,Upper+Large,identified_diets,-0.5155502016458612,0.886000552985045,0.05
survival_1,Control,Upper+Large,weighted_baseline,-0.5431253962475894,0.9097434337144641,0.05
survival_1,Lower,Middle,identified_diets,-0.8437505147320303,0.8219713521144769,0.05
survival_1,Lower,Middle,weighted_baseline,-0.8813590864555951,0.8573343273901669,0.05
survival_1,Lower,Upper,identified_diets,-0.8437505147320303,0.8865496924780433,0.05
survival_1,Lower,Upper,weighted_baseline,-0.8813590864555951,0.9102755136393678,0.05
survival_1,Lower,Control+Large,identified_diets,-0.8437505147320303,0.5886858438061254,0.05
survival_1,Lower,Control+Large,weighted_baseline,-0.8813590864555951,0.6158357681501492,0.05
survival_1,Lower,Lower+Large,identified_diets,-0.12898521301718915,0.125284086356935,0.05
survival_1,Lower,Lower+Large,weighted_baseline,-0.1347344831513554,0.1292293195165375,0.05
survival_1,Lower,Middle+Large,identified_diets,-0.8437505147320303,0.8218062479336165,0.05
survival_1,Lower,Middle+Large,weighted_baseline,-0.8813590864555951,0.8565204097658481,0.05
survival_1,Lower,Upper+Large,identified_diets,-0.8437505147320303,0.886000552985045,0.05
survival_1,Lower,Upper+Large,weighted_baseline,-0.8813590864555951,0.9097434337144641,0.05
survival_1,Middle,Upper,identified_diets,-0.8219713521144769,0.8865496924780433,0.05
survival_1,Middle,Upper,weighted_baseline,-0.8573343273901669,0.9102755136393678,0.05
survival_1,Middle,Control+Large,identified_diets,-0.8219713521144769,0.5886858438061254,0.05
survival_1,Middle,Control+Large,weighted_baseline,-0.8573343273901669,0.6158357681501492,0.05
survival_1,Middle,Lower+Large,identified_diets,-0.8219713521144769,0.8400493880717762,0.05
survival_1,Middle,Lower+Large,weighted_baseline,-0.8573343273901669,0.8758539228207773,0.05
survival_1,Middle,Middle+Large,identified_diets,-0.05581186851488583,0.05564676433402535,0.05
survival_1,Middle,Middle+Large,weighted_baseline,-0.05821301512578023,0.05739909750146143,0.05
survival_1,Middle,Upper+Large,identified_diets,-0.8219713521144769,0.886000552985045,0.05
survival_1,Middle,Upper+Large,weighted_baseline,-0.8573343273901669,0.9097434337144641,0.05
survival_1,Upper,Control+Large,identified_diets,-0.8865496924780433,0.5886858438061254,0.05
survival_1,Upper,Control+Large,weighted_baseline,-0.9102755136393678,0.6158357681501492,0.05
survival_1,Upper,Lower+Large,identified_diets,-0.8865496924780433,0.8400493880717762,0.05
survival_1,Upper,Lower+Large,weighted_baseline,-0.9102755136393678,0.8758539228207773,0.05
survival_1,Upper,Middle+Large,identified_diets,-0.8865496924780433,0.8218062479336165,0.05
survival_1,Upper,Middle+Large,weighted_baseline,-0.9102755136393678,0.8565204097658481,0.05
survival_1,Upper,Upper+Large,identified_diets,-0.007265184933274955,0.0067160454402767,0.05
survival_1,Upper,Upper+Large,weighted_baseline,-0.007459615634558065,0.006927535709654476,0.05
survival_1,Control+Large,Lower+Large,identified_diets,-0.46340175744919043,0.7147653017148412,0.05
survival_1,Control+Large,Lower+Large,weighted_baseline,-0.4866064486336117,0.7466246033042397,0.05
survival_1,Control+Large,Middle+Large,identified_diets,-0.5330390794721,0.7661594835995911,0.05
survival_1,Control+Large,Middle+Large,weighted_baseline,-0.5584366706486878,0.7991213122643868,0.05
survival_1,Control+Large,Upper+Large,identified_diets,-0.5819697983658487,0.8792845075447684,0.05
survival_1,Control+Large,Upper+Large,weighted_baseline,-0.6089082324404947,0.9028158980048098,0.05
survival_1,Lower+Large,Middle+Large,identified_diets,-0.7844026237377508,0.7661594835995911,0.05
survival_1,Lower+Large,Middle+Large,weighted_baseline,-0.8184548253193158,0.7991213122643868,0.05
survival_1,Lower+Large,Upper+Large,identified_diets,-0.8333333426314995,0.8792845075447684,0.05
survival_1,Lower+Large,Upper+Large,weighted_baseline,-0.8689263871111228,0.9028158980048098,0.05
survival_1,Middle+Large,Upper+Large,identified_diets,-0.8150902024933397,0.8792845075447684,0.05
survival_1,Middle+Large,Upper+Large,weighted_baseline,-0.8495928740561937,0.9028158980048098,0.05
survival_2,Gikuriro,Control,identified_diets,-0.547521159431493,0.5490274574720546,0.05
survival_2,Gikuriro,Control,weighted_baseline,-0.5770007138037185,0.5753307211901153,0.05
survival_2,Gikuriro,Lower,identified_diets,-0.547521159431493,0.8547552141346955,0.05
survival_2,Gikuriro,Lower,weighted_baseline,-0.5770007138037185,0.8919766255740448,0.05
survival_2,Gikuriro,Middle,identified_diets,-0.547521159431493,0.8609133614377189,0.05
survival_2,Gikuriro,Middle,weighted_baseline,-0.5770007138037185,0.895490130376769,0.05
survival_2,Gikuriro,Upper,identified_diets,-0.547521159431493,0.9028915770787918,0.05
survival_2,Gikuriro,Upper,weighted_baseline,-0.5770007138037185,0.9264261718961762,0.05
survival_2,Gikuriro,Control+Large,identified_diets,-0.547521159431493,0.6207941496229111,0.05
survival_2,Gikuriro,Control+Large,weighted_baseline,-0.5770007138037185,0.6467935530284612,0.05
survival_2,Gikuriro,Lower+Large,identified_diets,-0.547521159431493,0.8536196483190904,0.05
survival_2,Gikuriro,Lower+Large,weighted_baseline,-0.5770007138037185,0.8889789121268841,0.05
survival_2,Gikuriro,Middle+Large,identified_diets,-0.547521159431493,0.8599908449222905,0.05
survival_2,Gikuriro,Middle+Large,weighted_baseline,-0.5770007138037185,0.8939200849509595,0.05
survival_2,Gikuriro,Upper+Large,identified_diets,-0.547521159431493,0.9024362307143476,0.05
survival_2,Gikuriro,Upper+Large,weighted_baseline,-0.5770007138037185,0.9259831643302123,0.05
survival_2,Control,Lower,identified_diets,-0.5490274574720546,0.8547552141346955,0.05
survival_2,Control,Lower,weighted_baseline,-0.5753307211901153,0.8919766255740448,0.05
survival_2,Control,Middle,identified_diets,-0.5490274574720546,0.8609133614377189,0.05
survival_2,Control,Middle,weighted_baseline,-0.5753307211901153,0.895490130376769,0.05
survival_2,Control,Upper,identified_diets,-0.5490274574720546,0.9028915770787918,0.05
survival_2,Control,Upper,weighted_baseline,-0.5753307211901153,0.9264261718961762,0.05
survival_2,Control,Control+Large,identified_diets,-0.13208833226847355,0.20385502441933,0.05
survival_2,Control,Control+Large,weighted_baseline,-0.13841652986670264,0.2098793617050485,0.05
survival_2,Control,Lower+Large,identified_diets,-0.5490274574720546,0.8536196483190904,0.05
survival_2,Control,Lower+Large,weighted_baseline,-0.5753307211901153,0.8889789121268841,0.05
survival_2,Control,Middle+Large,identified_diets,-0.5490274574720546,0.8599908449222905,0.05
survival_2,Control,Middle+Large,weighted_baseline,-0.5753307211901153,0.8939200849509595,0.05
survival_2,Control,Upper+Large,identified_diets,-0.5490274574720546,0.9024362307143476,0.05
survival_2,Control,Upper+Large,weighted_baseline,-0.5753307211901153,0.9259831643302123,0.05
survival_2,Lower,Middle,identified_diets,-0.8547552141346955,0.8609133614377189,0.05
survival_2,Lower,Middle,weighted_baseline,-0.8919766255740448,0.895490130376769,0.05
survival_2,Lower,Upper,identified_diets,-0.8547552141346955,0.9028915770787918,0.05
survival_2,Lower,Upper,weighted_baseline,-0.8919766255740448,0.9264261718961762,0.05
survival_2,Lower,Control+Large,identified_diets,-0.8547552141346955,0.6207941496229111,0.05
survival_2,Lower,Control+Large,weighted_baseline,-0.8919766255740448,0.6467935530284612,0.05
survival_2,Lower,Lower+Large,identified_diets,-0.13066751539432453,0.1295319495787195,0.05
survival_2,Lower,Lower+Large,weighted_baseline,-0.13635759984402668,0.1333598863968659,0.05
survival_2,Lower,Middle+Large,identified_diets,-0.8547552141346955,0.8599908449222905,0.05
survival_2,Lower,Middle+Large,weighted_baseline,-0.8919766255740448,0.8939200849509595,0.05
survival_2,Lower,Upper+Large,identified_diets,-0.8547552141346955,0.9024362307143476,0.05
survival_2,Lower,Upper+Large,weighted_baseline,-0.8919766255740448,0.9259831643302123,0.05
survival_2,Middle,Upper,identified_diets,-0.8609133614377189,0.9028915770787918,0.05
survival_2,Middle,Upper,weighted_baseline,-0.895490130376769,0.9264261718961762,0.05
survival_2,Middle,Control+Large,identified_diets,-0.8609133614377189,0.6207941496229111,0.05
survival_2,Middle,Control+Large,weighted_baseline,-0.895490130376769,0.6467935530284612,0.05
survival_2,Middle,Lower+Large,identified_diets,-0.8609133614377189,0.8536196483190904,0.05
survival_2,Middle,Lower+Large,weighted_baseline,-0.895490130376769,0.8889789121268841,0.05
survival_2,Middle,Middle+Large,identified_diets,-0.05845603159728915,0.05753351508186071,0.05
survival_2,Middle,Middle+Large,weighted_baseline,-0.06080379478481576,0.05923374935900633,0.05
survival_2,Middle,Upper+Large,identified_diets,-0.8609133614377189,0.9024362307143476,0.05
survival_2,Middle,Upper+Large,weighted_baseline,-0.895490130376769,0.9259831643302123,0.05
survival_2,Upper,Control+Large,identified_diets,-0.9028915770787918,0.6207941496229111,0.05
survival_2,Upper,Control+Large,weighted_baseline,-0.9264261718961762,0.6467935530284612,0.05
survival_2,Upper,Lower+Large,identified_diets,-0.9028915770787918,0.8536196483190904,0.05
survival_2,Upper,Lower+Large,weighted_baseline,-0.9264261718961762,0.8889789121268841,0.05
survival_2,Upper,Middle+Large,identified_diets,-0.9028915770787918,0.8599908449222905,0.05
survival_2,Upper,Middle+Large,weighted_baseline,-0.9264261718961762,0.8939200849509595,0.05
survival_2,Upper,Upper+Large,identified_diets,-0.007399105022346124,0.006943758657902009,0.05
survival_2,Upper,Upper+Large,weighted_baseline,-0.0075919686431095215,0.007148961077145707,0.05
survival_2,Control+Large,Lower+Large,identified_diets,-0.49126220004419163,0.7240876987403709,0.05
survival_2,Control+Large,Lower+Large,weighted_baseline,-0.5134336666315953,0.7556190257300182,0.05
survival_2,Control+Large,Middle+Large,identified_diets,-0.5632606345410505,0.8024573298404298,0.05
survival_2,Control+Large,Middle+Large,weighted_baseline,-0.5875598036694549,0.8346863355919533,0.05
survival_2,Control+Large,Upper+Large,identified_diets,-0.613850390965009,0.8954924720564457,0.05
survival_2,Control+Large,Upper+Large,weighted_baseline,-0.6396445919513155,0.9188342032530668,0.05
survival_2,Lower+Large,Middle+Large,identified_diets,-0.7960861332372298,0.8024573298404298,0.05
survival_2,Lower+Large,Middle+Large,weighted_baseline,-0.8297451627678777,0.8346863355919533,0.05
survival_2,Lower+Large,Upper+Large,identified_diets,-0.8466758896611885,0.8954924720564457,0.05
survival_2,Lower+Large,Upper+Large,weighted_baseline,-0.8818299510497383,0.9188342032530668,0.05
survival_2,Middle+Large,Upper+Large,identified_diets,-0.8530470862643885,0.8954924720564457,0.05
survival_2,Middle+Large,Upper+Large,weighted_baseline,-0.8867711238738138,0.9188342032530668,0.05
survival_3,Gikuriro,Control,identified_diets,-0.5979196747366105,0.6048469516549924,0.05
survival_3,Gikuriro,Control,weighted_baseline,-0.6269626498694961,0.6290294161375786,0.05
survival_3,Gikuriro,Lower,identified_diets,-0.5979196747366105,0.8868770390494086,0.05
survival_3,Gikuriro,Lower,weighted_baseline,-0.6269626498694961,0.9229683610234801,0.05
survival_3,Gikuriro,Middle,identified_diets,-0.5979196747366105,0.9624600591231068,0.05
survival_3,Gikuriro,Middle,weighted_baseline,-0.6269626498694961,0.9949866858488355,0.05
survival_3,Gikuriro,Upper,identified_diets,-0.5979196747366105,0.9441162931915585,0.05
survival_3,Gikuriro,Upper,weighted_baseline,-0.6269626498694961,0.9671684924998076,0.05
survival_3,Gikuriro,Control+Large,identified_diets,-0.5979196747366105,0.6673531923724823,0.05
survival_3,Gikuriro,Control+Large,weighted_baseline,-0.6269626498694961,0.6916269141996705,0.05
survival_3,Gikuriro,Lower+Large,identified_diets,-0.5979196747366105,0.8834799631272137,0.05
survival_3,Gikuriro,Lower+Large,weighted_baseline,-0.6269626498694961,0.9178087489497055,0.05
survival_3,Gikuriro,Middle+Large,identified_diets,-0.5979196747366105,0.9558191097084284,0.05
survival_3,Gikuriro,Middle+Large,weighted_baseline,-0.6269626498694961,0.9878049230204133,0.05
survival_3,Gikuriro,Upper+Large,identified_diets,-0.5979196747366105,0.9434651178408511,0.05
survival_3,Gikuriro,Upper+Large,weighted_baseline,-0.6269626498694961,0.9665296879872467,0.05
survival_3,Control,Lower,identified_diets,-0.6048469516549924,0.8868770390494086,0.05
survival_3,Control,Lower,weighted_baseline,-0.6290294161375786,0.9229683610234801,0.05
survival_3,Control,Middle,identified_diets,-0.6048469516549924,0.9624600591231068,0.05
survival_3,Control,Middle,weighted_baseline,-0.6290294161375786,0.9949866858488355,0.05
survival_3,Control,Upper,identified_diets,-0.6048469516549924,0.9441162931915585,0.05
survival_3,Control,Upper,weighted_baseline,-0.6290294161375786,0.9671684924998076,0.05
survival_3,Control,Control+Large,identified_diets,-0.14551772235516022,0.2080239630726501,0.05
survival_3,Control,Control+Large,weighted_baseline,-0.15133568530068192,0.21393318336277375,0.05
survival_3,Control,Lower+Large,identified_diets,-0.6048469516549924,0.8834799631272137,0.05
survival_3,Control,Lower+Large,weighted_baseline,-0.6290294161375786,0.9178087489497055,0.05
survival_3,Control,Middle+Large,identified_diets,-0.6048469516549924,0.9558191097084284,0.05
survival_3,Control,Middle+Large,weighted_baseline,-0.6290294161375786,0.9878049230204133,0.05
survival_3,Control,Upper+Large,identified_diets,-0.6048469516549924,0.9434651178408511,0.05
survival_3,Control,Upper+Large,weighted_baseline,-0.6290294161375786,0.9665296879872467,0.05
survival_3,Lower,Middle,identified_diets,-0.8868770390494086,0.9624600591231068,0.05
survival_3,Lower,Middle,weighted_baseline,-0.9229683610234801,0.9949866858488355,0.05
survival_3,Lower,Upper,identified_diets,-0.8868770390494086,0.9441162931915585,0.05
survival_3,Lower,Upper,weighted_baseline,-0.9229683610234801,0.9671684924998076,0.05
survival_3,Lower,Control+Large,identified_diets,-0.8868770390494086,0.6673531923724823,0.05
survival_3,Lower,Control+Large,weighted_baseline,-0.9229683610234801,0.6916269141996705,0.05
survival_3,Lower,Lower+Large,identified_diets,-0.13557801957391724,0.13218094365172223,0.05
survival_3,Lower,Lower+Large,weighted_baseline,-0.14109534581149122,0.1359357337377166,0.05
survival_3,Lower,Middle+Large,identified_diets,-0.8868770390494086,0.9558191097084284,0.05
survival_3,Lower,Middle+Large,weighted_baseline,-0.9229683610234801,0.9878049230204133,0.05
survival_3,Lower,Upper+Large,identified_diets,-0.8868770390494086,0.9434651178408511,0.05
survival_3,Lower,Upper+Large,weighted_baseline,-0.9229683610234801,0.9665296879872467,0.05
survival_3,Middle,Upper,identified_diets,-0.9624600591231068,0.9441162931915585,0.05
survival_3,Middle,Upper,weighted_baseline,-0.9949866858488355,0.9671684924998076,0.05
survival_3,Middle,Control+Large,identified_diets,-0.9624600591231068,0.6673531923724823,0.05
survival_3,Middle,Control+Large,weighted_baseline,-0.9949866858488355,0.6916269141996705,0.05
survival_3,Middle,Lower+Large,identified_diets,-0.9624600591231068,0.8834799631272137,0.05
survival_3,Middle,Lower+Large,weighted_baseline,-0.9949866858488355,0.9178087489497055,0.05
survival_3,Middle,Middle+Large,identified_diets,-0.06535105406341082,0.05871010464873233,0.05
survival_3,Middle,Middle+Large,weighted_baseline,-0.06755961256046694,0.060377849732044735,0.05
survival_3,Middle,Upper+Large,identified_diets,-0.9624600591231068,0.9434651178408511,0.05
survival_3,Middle,Upper+Large,weighted_baseline,-0.9949866858488355,0.9665296879872467,0.05
survival_3,Upper,Control+Large,identified_diets,-0.9441162931915585,0.6673531923724823,0.05
survival_3,Upper,Control+Large,weighted_baseline,-0.9671684924998076,0.6916269141996705,0.05
survival_3,Upper,Lower+Large,identified_diets,-0.9441162931915585,0.8834799631272137,0.05
survival_3,Upper,Lower+Large,weighted_baseline,-0.9671684924998076,0.9178087489497055,0.05
survival_3,Upper,Middle+Large,identified_diets,-0.9441162931915585,0.9558191097084284,0.05
survival_3,Upper,Middle+Large,weighted_baseline,-0.9671684924998076,0.9878049230204133,0.05
survival_3,Upper,Upper+Large,identified_diets,-0.0077369373953334155,0.0070857620446260336,0.05
survival_3,Upper,Upper+Large,weighted_baseline,-0.007925847833760184,0.007287043321199296,0.05
survival_3,Control+Large,Lower+Large,identified_diets,-0.53517224872076,0.7512990194754914,0.05
survival_3,Control+Large,Lower+Large,weighted_baseline,-0.5556911804619538,0.7818730152119889,0.05
survival_3,Control+Large,Middle+Large,identified_diets,-0.6086430877237499,0.897109005059696,0.05
survival_3,Control+Large,Middle+Large,weighted_baseline,-0.6312490644676257,0.9274270732883686,0.05
survival_3,Control+Large,Upper+Large,identified_diets,-0.6602674303278562,0.9363793557962252,0.05
survival_3,Control+Large,Upper+Large,weighted_baseline,-0.6843398708784711,0.9592426446660476,0.05
survival_3,Lower+Large,Middle+Large,identified_diets,-0.8247698584784813,0.897109005059696,0.05
survival_3,Lower+Large,Middle+Large,weighted_baseline,-0.8574308992176608,0.9274270732883686,0.05
survival_3,Lower+Large,Upper+Large,identified_diets,-0.8763942010825876,0.9363793557962252,0.05
survival_3,Lower+Large,Upper+Large,weighted_baseline,-0.9105217056285063,0.9592426446660476,0.05
survival_3,Middle+Large,Upper+Large,identified_diets,-0.9487333476638024,0.9363793557962252,0.05
survival_3,Middle+Large,Upper+Large,weighted_baseline,-0.9805178796992141,0.9592426446660476,0.05
survival_4,Gikuriro,Control,identified_diets,-0.7448732096173941,0.7391632468778506,0.05
survival_4,Gikuriro,Control,weighted_baseline,-0.7701063099664777,0.75824251398486,0.05
survival_4,Gikuriro,Lower,identified_diets,-0.7448732096173941,1.0,0.05
survival_4,Gikuriro,Lower,weighted_baseline,-0.7701063099664777,1.0,0.05
survival_4,Gikuriro,Middle,identified_diets,-0.7448732096173941,1.0,0.05
survival_4,Gikuriro,Middle,weighted_baseline,-0.7701063099664777,1.0,0.05
survival_4,Gikuriro,Upper,identified_diets,-0.7448732096173941,1.0,0.05
survival_4,Gikuriro,Upper,weighted_baseline,-0.7701063099664777,1.0,0.05
survival_4,Gikuriro,Control+Large,identified_diets,-0.7448732096173941,0.7924392194016001,0.05
survival_4,Gikuriro,Control+Large,weighted_baseline,-0.7701063099664777,0.8122000730039187,0.05
survival_4,Gikuriro,Lower+Large,identified_diets,-0.7448732096173941,0.9939777518948225,0.05
survival_4,Gikuriro,Lower+Large,weighted_baseline,-0.7701063099664777,0.9973275120018866,0.05
survival_4,Gikuriro,Middle+Large,identified_diets,-0.7448732096173941,0.9973251301836126,0.05
survival_4,Gikuriro,Middle+Large,weighted_baseline,-0.7701063099664777,0.9988129752617357,0.05
survival_4,Gikuriro,Upper+Large,identified_diets,-0.7448732096173941,0.9996771681615512,0.05
survival_4,Gikuriro,Upper+Large,weighted_baseline,-0.7701063099664777,0.9998567371854172,0.05
survival_4,Control,Lower,identified_diets,-0.7391632468778506,1.0,0.05
survival_4,Control,Lower,weighted_baseline,-0.75824251398486,1.0,0.05
survival_4,Control,Middle,identified_diets,-0.7391632468778506,1.0,0.05
survival_4,Control,Middle,weighted_baseline,-0.75824251398486,1.0,0.05
survival_4,Control,Upper,identified_diets,-0.7391632468778506,1.0,0.05
survival_4,Control,Upper,weighted_baseline,-0.75824251398486,1.0,0.05
survival_4,Control,Control+Large,identified_diets,-0.17783234558758815,0.2311083181113375,0.05
survival_4,Control,Control+Large,weighted_baseline,-0.18242255057419007,0.23638010959324876,0.05
survival_4,Control,Lower+Large,identified_diets,-0.7391632468778506,0.9939777518948225,0.05
survival_4,Control,Lower+Large,weighted_baseline,-0.75824251398486,0.9973275120018866,0.05
survival_4,Control,Middle+Large,identified_diets,-0.7391632468778506,0.9973251301836126,0.05
survival_4,Control,Middle+Large,weighted_baseline,-0.75824251398486,0.9988129752617357,0.05
survival_4,Control,Upper+Large,identified_diets,-0.7391632468778506,0.9996771681615512,0.05
survival_4,Control,Upper+Large,weighted_baseline,-0.75824251398486,0.9998567371854172,0.05
survival_4,Lower,Middle,identified_diets,-1.0,1.0,0.05
survival_4,Lower,Middle,weighted_baseline,-1.0,1.0,0.05
survival_4,Lower,Upper,identified_diets,-1.0,1.0,0.05
survival_4,Lower,Upper,weighted_baseline,-1.0,1.0,0.05
survival_4,Lower,Control+Large,identified_diets,-1.0,0.7924392194016001,0.05
survival_4,Lower,Control+Large,weighted_baseline,-1.0,0.8122000730039187,0.05
survival_4,Lower,Lower+Large,identified_diets,-0.15287127031638495,0.1468490222112075,0.05
survival_4,Lower,Lower+Large,weighted_baseline,-0.15287127031638495,0.15019878231827158,0.05
survival_4,Lower,Middle+Large,identified_diets,-1.0,0.9973251301836126,0.05
survival_4,Lower,Middle+Large,weighted_baseline,-1.0,0.9988129752617357,0.05
survival_4,Lower,Upper+Large,identified_diets,-1.0,0.9996771681615512,0.05
survival_4,Lower,Upper+Large,weighted_baseline,-1.0,0.9998567371854172,0.05
survival_4,Middle,Upper,identified_diets,-1.0,1.0,0.05
survival_4,Middle,Upper,weighted_baseline,-1.0,1.0,0.05
survival_4,Middle,Control+Large,identified_diets,-1.0,0.7924392194016001,0.05
survival_4,Middle,Control+Large,weighted_baseline,-1.0,0.8122000730039187,0.05
survival_4,Middle,Lower+Large,identified_diets,-1.0,0.9939777518948225,0.05
survival_4,Middle,Lower+Large,weighted_baseline,-1.0,0.9973275120018866,0.05
survival_4,Middle,Middle+Large,identified_diets,-0.06790001667492766,0.06522514685854021,0.05
survival_4,Middle,Middle+Large,weighted_baseline,-0.06790001667492766,0.06671299193666332,0.05
survival_4,Middle,Upper+Large,identified_diets,-1.0,0.9996771681615512,0.05
survival_4,Middle,Upper+Large,weighted_baseline,-1.0,0.9998567371854172,0.05
survival_4,Upper,Control+Large,identified_diets,-1.0,0.7924392194016001,0.05
survival_4,Upper,Control+Large,weighted_baseline,-1.0,0.8122000730039187,0.05
survival_4,Upper,Lower+Large,identified_diets,-1.0,0.9939777518948225,0.05
survival_4,Upper,Lower+Large,weighted_baseline,-1.0,0.9973275120018866,0.05
survival_4,Upper,Middle+Large,identified_diets,-1.0,0.9973251301836126,0.05
survival_4,Upper,Middle+Large,weighted_baseline,-1.0,0.9988129752617357,0.05
survival_4,Upper,Upper+Large,identified_diets,-0.008194898712296256,0.00787206687384745,0.05
survival_4,Upper,Upper+Large,weighted_baseline,-0.008194898712296256,0.008051635897713532,0.05
survival_4,Control+Large,Lower+Large,identified_diets,-0.6455901971903926,0.8471287296836151,0.05
survival_4,Control+Large,Lower+Large,weighted_baseline,-0.6620012906856472,0.8471287296836151,0.05
survival_4,Control+Large,Middle+Large,identified_diets,-0.7272140725430598,0.9320999833250724,0.05
survival_4,Control+Large,Middle+Large,weighted_baseline,-0.7454870810672554,0.9320999833250724,0.05
survival_4,Control+Large,Upper+Large,identified_diets,-0.7845671525277527,0.9918051012877038,0.05
survival_4,Control+Large,Upper+Large,weighted_baseline,-0.8041484371062052,0.9918051012877038,0.05
survival_4,Lower+Large,Middle+Large,identified_diets,-0.9287526050362823,0.9320999833250724,0.05
survival_4,Lower+Large,Middle+Large,weighted_baseline,-0.9306145200652234,0.9320999833250724,0.05
survival_4,Lower+Large,Upper+Large,identified_diets,-0.9861056850209751,0.9918051012877038,0.05
survival_4,Lower+Large,Upper+Large,weighted_baseline,-0.9892758761041731,0.9918051012877038,0.05
survival_4,Middle+Large,Upper+Large,identified_diets,-0.9894530633097651,0.9918051012877038,0.05
survival_4,Middle+Large,Upper+Large,weighted_baseline,-0.9907613393640221,0.9918051012877038,0.05
survival_5,Gikuriro,Control,identified_diets,-0.9382312694749645,0.9466733811445777,0.05
survival_5,Gikuriro,Control,weighted_baseline,-0.9584514247656397,0.9578685328444536,0.05
survival_5,Gikuriro,Lower,identified_diets,-0.9382312694749645,1.0,0.05
survival_5,Gikuriro,Lower,weighted_baseline,-0.9584514247656397,1.0,0.05
survival_5,Gikuriro,Middle,identified_diets,-0.9382312694749645,1.0,0.05
survival_5,Gikuriro,Middle,weighted_baseline,-0.9584514247656397,1.0,0.05
survival_5,Gikuriro,Upper,identified_diets,-0.9382312694749645,1.0,0.05
survival_5,Gikuriro,Upper,weighted_baseline,-0.9584514247656397,1.0,0.05
survival_5,Gikuriro,Control+Large,identified_diets,-0.9382312694749645,0.9595030202714838,0.05
survival_5,Gikuriro,Control+Large,weighted_baseline,-0.9584514247656397,0.9680047749519503,0.05
survival_5,Gikuriro,Lower+Large,identified_diets,-0.9382312694749645,1.0,0.05
survival_5,Gikuriro,Lower+Large,weighted_baseline,-0.9584514247656397,1.0,0.05
survival_5,Gikuriro,Middle+Large,identified_diets,-0.9382312694749645,1.0,0.05
survival_5,Gikuriro,Middle+Large,weighted_baseline,-0.9584514247656397,1.0,0.05
survival_5,Gikuriro,Upper+Large,identified_diets,-0.9382312694749645,1.0,0.05
survival_5,Gikuriro,Upper+Large,weighted_baseline,-0.9584514247656397,1.0,0.05
survival_5,Control,Lower,identified_diets,-0.9466733811445777,1.0,0.05
survival_5,Control,Lower,weighted_baseline,-0.9578685328444536,1.0,0.05
survival_5,Control,Middle,identified_diets,-0.9466733811445777,1.0,0.05
survival_5,Control,Middle,weighted_baseline,-0.9578685328444536,1.0,0.05
survival_5,Control,Upper,identified_diets,-0.9466733811445777,1.0,0.05
survival_5,Control,Upper,weighted_baseline,-0.9578685328444536,1.0,0.05
survival_5,Control,Control+Large,identified_diets,-0.2277563834313496,0.24058602255825567,0.05
survival_5,Control,Control+Large,weighted_baseline,-0.23044978045075903,0.24058602255825567,0.05
survival_5,Control,Lower+Large,identified_diets,-0.9466733811445777,1.0,0.05
survival_5,Control,Lower+Large,weighted_baseline,-0.9578685328444536,1.0,0.05
survival_5,Control,Middle+Large,identified_diets,-0.9466733811445777,1.0,0.05
survival_5,Control,Middle+Large,weighted_baseline,-0.9578685328444536,1.0,0.05
survival_5,Control,Upper+Large,identified_diets,-0.9466733811445777,1.0,0.05
survival_5,Control,Upper+Large,weighted_baseline,-0.9578685328444536,1.0,0.05
survival_5,Lower,Middle,identified_diets,-1.0,1.0,0.05
survival_5,Lower,Middle,weighted_baseline,-1.0,1.0,0.05
survival_5,Lower,Upper,identified_diets,-1.0,1.0,0.05
survival_5,Lower,Upper,weighted_baseline,-1.0,1.0,0.05
survival_5,Lower,Control+Large,identified_diets,-1.0,0.9595030202714838,0.05
survival_5,Lower,Control+Large,weighted_baseline,-1.0,0.9680047749519503,0.05
survival_5,Lower,Lower+Large,identified_diets,-0.15287127031638495,0.15287127031638492,0.05
survival_5,Lower,Lower+Large,weighted_baseline,-0.15287127031638495,0.15287127031638492,0.05
survival_5,Lower,Middle+Large,identified_diets,-1.0,1.0,0.05
survival_5,Lower,Middle+Large,weighted_baseline,-1.0,1.0,0.05
survival_5,Lower,Upper+Large,identified_diets,-1.0,1.0,0.05
survival_5,Lower,Upper+Large,weighted_baseline,-1.0,1.0,0.05
survival_5,Middle,Upper,identified_diets,-1.0,1.0,0.05
survival_5,Middle,Upper,weighted_baseline,-1.0,1.0,0.05
survival_5,Middle,Control+Large,identified_diets,-1.0,0.9595030202714838,0.05
survival_5,Middle,Control+Large,weighted_baseline,-1.0,0.9680047749519503,0.05
survival_5,Middle,Lower+Large,identified_diets,-1.0,1.0,0.05
survival_5,Middle,Lower+Large,weighted_baseline,-1.0,1.0,0.05
survival_5,Middle,Middle+Large,identified_diets,-0.06790001667492766,0.06790001667492762,0.05
survival_5,Middle,Middle+Large,weighted_baseline,-0.06790001667492766,0.06790001667492762,0.05
survival_5,Middle,Upper+Large,identified_diets,-1.0,1.0,0.05
survival_5,Middle,Upper+Large,weighted_baseline,-1.0,1.0,0.05
survival_5,Upper,Control+Large,identified_diets,-1.0,0.9595030202714838,0.05
survival_5,Upper,Control+Large,weighted_baseline,-1.0,0.9680047749519503,0.05
survival_5,Upper,Lower+Large,identified_diets,-1.0,1.0,0.05
survival_5,Upper,Lower+Large,weighted_baseline,-1.0,1.0,0.05
survival_5,Upper,Middle+Large,identified_diets,-1.0,1.0,0.05
survival_5,Upper,Middle+Large,weighted_baseline,-1.0,1.0,0.05
survival_5,Upper,Upper+Large,identified_diets,-0.008194898712296256,0.008194898712296284,0.05
survival_5,Upper,Upper+Large,weighted_baseline,-0.008194898712296256,0.008194898712296284,0.05
survival_5,Control+Large,Lower+Large,identified_diets,-0.8066317499550989,0.8471287296836151,0.05
survival_5,Control+Large,Lower+Large,weighted_baseline,-0.8151335046355653,0.8471287296836151,0.05
survival_5,Control+Large,Middle+Large,identified_diets,-0.8916030035965562,0.9320999833250724,0.05
survival_5,Control+Large,Middle+Large,weighted_baseline,-0.9001047582770226,0.9320999833250724,0.05
survival_5,Control+Large,Upper+Large,identified_diets,-0.9513081215591875,0.9918051012877038,0.05
survival_5,Control+Large,Upper+Large,weighted_baseline,-0.959809876239654,0.9918051012877038,0.05
survival_5,Lower+Large,Middle+Large,identified_diets,-0.9320999833250724,0.9320999833250724,0.05
survival_5,Lower+Large,Middle+Large,weighted_baseline,-0.9320999833250724,0.9320999833250724,0.05
survival_5,Lower+Large,Upper+Large,identified_diets,-0.9918051012877037,0.9918051012877038,0.05
survival_5,Lower+Large,Upper+Large,weighted_baseline,-0.9918051012877037,0.9918051012877038,0.05
survival_5,Middle+Large,Upper+Large,identified_diets,-0.9918051012877037,0.9918051012877038,0.05
survival_5,Middle+Large,Upper+Large,weighted_baseline,-0.9918051012877037,0.9918051012877038,0.05
survival_6,Gikuriro,Control,identified_diets,-0.8763972501634989,0.9069838071013832,0.05
survival_6,Gikuriro,Control,weighted_baseline,-0.9005839761961172,0.9286666035015889,0.05
survival_6,Gikuriro,Lower,identified_diets,-1.0,0.9069838071013832,0.05
survival_6,Gikuriro,Lower,weighted_baseline,-1.0,0.9286666035015889,0.05
survival_6,Gikuriro,Middle,identified_diets,-1.0,0.9069838071013832,0.05
survival_6,Gikuriro,Middle,weighted_baseline,-1.0,0.9286666035015889,0.05
survival_6,Gikuriro,Upper,identified_diets,-1.0,0.9069838071013832,0.05
survival_6,Gikuriro,Upper,weighted_baseline,-1.0,0.9286666035015889,0.05
survival_6,Gikuriro,Control+Large,identified_diets,-0.9061343441239258,0.9069838071013832,0.05
survival_6,Gikuriro,Control+Large,weighted_baseline,-0.9245020819416503,0.9286666035015889,0.05
survival_6,Gikuriro,Lower+Large,identified_diets,-1.0,0.9069838071013832,0.05
survival_6,Gikuriro,Lower+Large,weighted_baseline,-1.0,0.9286666035015889,0.05
survival_6,Gikuriro,Middle+Large,identified_diets,-1.0,0.9069838071013832,0.05
survival_6,Gikuriro,Middle+Large,weighted_baseline,-1.0,0.9286666035015889,0.05
survival_6,Gikuriro,Upper+Large,identified_diets,-1.0,0.9069838071013832,0.05
survival_6,Gikuriro,Upper+Large,weighted_baseline,-1.0,0.9286666035015889,0.05
survival_6,Control,Lower,identified_diets,-1.0,0.8763972501634989,0.05
survival_6,Control,Lower,weighted_baseline,-1.0,0.9005839761961172,0.05
survival_6,Control,Middle,identified_diets,-1.0,0.8763972501634989,0.05
survival_6,Control,Middle,weighted_baseline,-1.0,0.9005839761961172,0.05
survival_6,Control,Upper,identified_diets,-1.0,0.8763972501634989,0.05
survival_6,Control,Upper,weighted_baseline,-1.0,0.9005839761961172,0.05
survival_6,Control,Control+Large,identified_diets,-0.24058602255825573,0.21084892859782878,0.05
survival_6,Control,Control+Large,weighted_baseline,-0.24058602255825573,0.21666791681272263,0.05
survival_6,Control,Lower+Large,identified_diets,-1.0,0.8763972501634989,0.05
survival_6,Control,Lower+Large,weighted_baseline,-1.0,0.9005839761961172,0.05
survival_6,Control,Middle+Large,identified_diets,-1.0,0.8763972501634989,0.05
survival_6,Control,Middle+Large,weighted_baseline,-1.0,0.9005839761961172,0.05
survival_6,Control,Upper+Large,identified_diets,-1.0,0.8763972501634989,0.05
survival_6,Control,Upper+Large,weighted_baseline,-1.0,0.9005839761961172,0.05
survival_6,Lower,Middle,identified_diets,-1.0,1.0,0.05
survival_6,Lower,Middle,weighted_baseline,-1.0,1.0,0.05
survival_6,Lower,Upper,identified_diets,-1.0,1.0,0.05
survival_6,Lower,Upper,weighted_baseline,-1.0,1.0,0.05
survival_6,Lower,Control+Large,identified_diets,-0.9061343441239258,1.0,0.05
survival_6,Lower,Control+Large,weighted_baseline,-0.9245020819416503,1.0,0.05
survival_6,Lower,Lower+Large,identified_diets,-0.15287127031638495,0.15287127031638492,0.05
survival_6,Lower,Lower+Large,weighted_baseline,-0.15287127031638495,0.15287127031638492,0.05
survival_6,Lower,Middle+Large,identified_diets,-1.0,1.0,0.05
survival_6,Lower,Middle+Large,weighted_baseline,-1.0,1.0,0.05
survival_6,Lower,Upper+Large,identified_diets,-1.0,1.0,0.05
survival_6,Lower,Upper+Large,weighted_baseline,-1.0,1.0,0.05
survival_6,Middle,Upper,identified_diets,-1.0,1.0,0.05
survival_6,Middle,Upper,weighted_baseline,-1.0,1.0,0.05
survival_6,Middle,Control+Large,identified_diets,-0.9061343441239258,1.0,0.05
survival_6,Middle,Control+Large,weighted_baseline,-0.9245020819416503,1.0,0.05
survival_6,Middle,Lower+Large,identified_diets,-1.0,1.0,0.05
survival_6,Middle,Lower+Large,weighted_baseline,-1.0,1.0,0.05
survival_6,Middle,Middle+Large,identified_diets,-0.06790001667492766,0.06790001667492762,0.05
survival_6,Middle,Middle+Large,weighted_baseline,-0.06790001667492766,0.06790001667492762,0.05
survival_6,Middle,Upper+Large,identified_diets,-1.0,1.0,0.05
survival_6,Middle,Upper+Large,weighted_baseline,-1.0,1.0,0.05
survival_6,Upper,Control+Large,identified_diets,-0.9061343441239258,1.0,0.05
survival_6,Upper,Control+Large,weighted_baseline,-0.9245020819416503,1.0,0.05
survival_6,Upper,Lower+Large,identified_diets,-1.0,1.0,0.05
survival_6,Upper,Lower+Large,weighted_baseline,-1.0,1.0,0.05
survival_6,Upper,Middle+Large,identified_diets,-1.0,1.0,0.05
survival_6,Upper,Middle+Large,weighted_baseline,-1.0,1.0,0.05
survival_6,Upper,Upper+Large,identified_diets,-0.008194898712296256,0.008194898712296284,0.05
survival_6,Upper,Upper+Large,weighted_baseline,-0.008194898712296256,0.008194898712296284,0.05
survival_6,Control+Large,Lower+Large,identified_diets,-0.8471287296836151,0.7532630738075409,0.05
survival_6,Control+Large,Lower+Large,weighted_baseline,-0.8471287296836151,0.7716308116252653,0.05
survival_6,Control+Large,Middle+Large,identified_diets,-0.9320999833250724,0.8382343274489982,0.05
survival_6,Control+Large,Middle+Large,weighted_baseline,-0.9320999833250724,0.8566020652667226,0.05
survival_6,Control+Large,Upper+Large,identified_diets,-0.9918051012877037,0.8979394454116296,0.05
survival_6,Control+Large,Upper+Large,weighted_baseline,-0.9918051012877037,0.916307183229354,0.05
survival_6,Lower+Large,Middle+Large,identified_diets,-0.9320999833250724,0.9320999833250724,0.05
survival_6,Lower+Large,Middle+Large,weighted_baseline,-0.9320999833250724,0.9320999833250724,0.05
survival_6,Lower+Large,Upper+Large,identified_diets,-0.9918051012877037,0.9918051012877038,0.05
survival_6,Lower+Large,Upper+Large,weighted_baseline,-0.9918051012877037,0.9918051012877038,0.05
survival_6,Middle+Large,Upper+Large,identified_diets,-0.9918051012877037,0.9918051012877038,0.05
survival_6,Middle+Large,Upper+Large,weighted_baseline,-0.9918051012877037,0.9918051012877038,0.05
survival_7,Gikuriro,Control,identified_diets,-0.6886196794264011,0.7525637217924266,0.05
survival_7,Gikuriro,Control,weighted_baseline,-0.7181938035425398,0.7782499686003306,0.05
survival_7,Gikuriro,Lower,identified_diets,-1.0,0.7525637217924266,0.05
survival_7,Gikuriro,Lower,weighted_baseline,-1.0,0.7782499686003306,0.05
survival_7,Gikuriro,Middle,identified_diets,-0.9785920726464701,0.7525637217924266,0.05
survival_7,Gikuriro,Middle,weighted_baseline,-1.0,0.7782499686003306,0.05
survival_7,Gikuriro,Upper,identified_diets,-1.0,0.7525637217924266,0.05
survival_7,Gikuriro,Upper,weighted_baseline,-1.0,0.7782499686003306,0.05
survival_7,Gikuriro,Control+Large,identified_diets,-0.763533432256118,0.7525637217924266,0.05
survival_7,Gikuriro,Control+Large,weighted_baseline,-0.7859924354805106,0.7782499686003306,0.05
survival_7,Gikuriro,Lower+Large,identified_diets,-1.0,0.7525637217924266,0.05
survival_7,Gikuriro,Lower+Large,weighted_baseline,-1.0,0.7782499686003306,0.05
survival_7,Gikuriro,Middle+Large,identified_diets,-0.9800456712707504,0.7525637217924266,0.05
survival_7,Gikuriro,Middle+Large,weighted_baseline,-1.0,0.7782499686003306,0.05
survival_7,Gikuriro,Upper+Large,identified_diets,-1.0,0.7525637217924266,0.05
survival_7,Gikuriro,Upper+Large,weighted_baseline,-1.0,0.7782499686003306,0.05
survival_7,Control,Lower,identified_diets,-1.0,0.6886196794264011,0.05
survival_7,Control,Lower,weighted_baseline,-1.0,0.7181938035425398,0.05
survival_7,Control,Middle,identified_diets,-0.9785920726464701,0.6886196794264011,0.05
survival_7,Control,Middle,weighted_baseline,-1.0,0.7181938035425398,0.05
survival_7,Control,Upper,identified_diets,-1.0,0.6886196794264011,0.05
survival_7,Control,Upper,weighted_baseline,-1.0,0.7181938035425398,0.05
survival_7,Control,Control+Large,identified_diets,-0.24058602255825573,0.16567226972853893,0.05
survival_7,Control,Control+Large,weighted_baseline,-0.24058602255825573,0.17278739062028492,0.05
survival_7,Control,Lower+Large,identified_diets,-1.0,0.6886196794264011,0.05
survival_7,Control,Lower+Large,weighted_baseline,-1.0,0.7181938035425398,0.05
survival_7,Control,Middle+Large,identified_diets,-0.9800456712707504,0.6886196794264011,0.05
survival_7,Control,Middle+Large,weighted_baseline,-1.0,0.7181938035425398,0.05
survival_7,Control,Upper+Large,identified_diets,-1.0,0.6886196794264011,0.05
survival_7,Control,Upper+Large,weighted_baseline,-1.0,0.7181938035425398,0.05
survival_7,Lower,Middle,identified_diets,-0.9785920726464701,1.0,0.05
survival_7,Lower,Middle,weighted_baseline,-1.0,1.0,0.05
survival_7,Lower,Upper,identified_diets,-1.0,1.0,0.05
survival_7,Lower,Upper,weighted_baseline,-1.0,1.0,0.05
survival_7,Lower,Control+Large,identified_diets,-0.763533432256118,1.0,0.05
survival_7,Lower,Control+Large,weighted_baseline,-0.7859924354805106,1.0,0.05
survival_7,Lower,Lower+Large,identified_diets,-0.15287127031638495,0.15287127031638492,0.05
survival_7,Lower,Lower+Large,weighted_baseline,-0.15287127031638495,0.15287127031638492,0.05
survival_7,Lower,Middle+Large,identified_diets,-0.9800456712707504,1.0,0.05
survival_7,Lower,Middle+Large,weighted_baseline,-1.0,1.0,0.05
survival_7,Lower,Upper+Large,identified_diets,-1.0,1.0,0.05
survival_7,Lower,Upper+Large,weighted_baseline,-1.0,1.0,0.05
survival_7,Middle,Upper,identified_diets,-1.0,0.9785920726464701,0.05
survival_7,Middle,Upper,weighted_baseline,-1.0,1.0,0.05
survival_7,Middle,Control+Large,identified_diets,-0.763533432256118,0.9785920726464701,0.05
survival_7,Middle,Control+Large,weighted_baseline,-0.7859924354805106,1.0,0.05
survival_7,Middle,Lower+Large,identified_diets,-1.0,0.9785920726464701,0.05
survival_7,Middle,Lower+Large,weighted_baseline,-1.0,1.0,0.05
survival_7,Middle,Middle+Large,identified_diets,-0.06790001667492766,0.0664464180506473,0.05
survival_7,Middle,Middle+Large,weighted_baseline,-0.06790001667492766,0.06790001667492762,0.05
survival_7,Middle,Upper+Large,identified_diets,-1.0,0.9785920726464701,0.05
survival_7,Middle,Upper+Large,weighted_baseline,-1.0,1.0,0.05
survival_7,Upper,Control+Large,identified_diets,-0.763533432256118,1.0,0.05
survival_7,Upper,Control+Large,weighted_baseline,-0.7859924354805106,1.0,0.05
survival_7,Upper,Lower+Large,identified_diets,-1.0,1.0,0.05
survival_7,Upper,Lower+Large,weighted_baseline,-1.0,1.0,0.05
survival_7,Upper,Middle+Large,identified_diets,-0.9800456712707504,1.0,0.05
survival_7,Upper,Middle+Large,weighted_baseline,-1.0,1.0,0.05
survival_7,Upper,Upper+Large,identified_diets,-0.008194898712296256,0.008194898712296284,0.05
survival_7,Upper,Upper+Large,weighted_baseline,-0.008194898712296256,0.008194898712296284,0.05
survival_7,Control+Large,Lower+Large,identified_diets,-0.8471287296836151,0.610662161939733,0.05
survival_7,Control+Large,Lower+Large,weighted_baseline,-0.8471287296836151,0.6331211651641256,0.05
survival_7,Control+Large,Middle+Large,identified_diets,-0.9121456545958228,0.6956334155811903,0.05
survival_7,Control+Large,Middle+Large,weighted_baseline,-0.9320999833250724,0.7180924188055829,0.05
survival_7,Control+Large,Upper+Large,identified_diets,-0.9918051012877037,0.7553385335438217,0.05
survival_7,Control+Large,Upper+Large,weighted_baseline,-0.9918051012877037,0.7777975367682144,0.05
survival_7,Lower+Large,Middle+Large,identified_diets,-0.9121456545958228,0.9320999833250724,0.05
survival_7,Lower+Large,Middle+Large,weighted_baseline,-0.9320999833250724,0.9320999833250724,0.05
survival_7,Lower+Large,Upper+Large,identified_diets,-0.9918051012877037,0.9918051012877038,0.05
survival_7,Lower+Large,Upper+Large,weighted_baseline,-0.9918051012877037,0.9918051012877038,0.05
survival_7,Middle+Large,Upper+Large,identified_diets,-0.9918051012877037,0.9718507725584542,0.05
survival_7,Middle+Large,Upper+Large,weighted_baseline,-0.9918051012877037,0.9918051012877038,0.05
survival_8,Gikuriro,Control,identified_diets,-0.6013971041308643,0.6319876114342741,0.05
survival_8,Gikuriro,Control,weighted_baseline,-0.6266341315107878,0.6607998795573857,0.05
survival_8,Gikuriro,Lower,identified_diets,-0.9769966044279909,0.6319876114342741,0.05
survival_8,Gikuriro,Lower,weighted_baseline,-1.0,0.6607998795573857,0.05
survival_8,Gikuriro,Middle,identified_diets,-0.8787231488765522,0.6319876114342741,0.05
survival_8,Gikuriro,Middle,weighted_baseline,-0.9129403532224554,0.6607998795573857,0.05
survival_8,Gikuriro,Upper,identified_diets,-0.958299815998688,0.6319876114342741,0.05
survival_8,Gikuriro,Upper,weighted_baseline,-0.9899622520196584,0.6607998795573857,0.05
survival_8,Gikuriro,Control+Large,identified_diets,-0.6813496862074895,0.6319876114342741,0.05
survival_8,Gikuriro,Control+Large,weighted_baseline,-0.7066194548670259,0.6607998795573857,0.05
survival_8,Gikuriro,Lower+Large,identified_diets,-0.9703810699286028,0.6319876114342741,0.05
survival_8,Gikuriro,Lower+Large,weighted_baseline,-0.9937467278378095,0.6607998795573857,0.05
survival_8,Gikuriro,Middle+Large,identified_diets,-0.8824575314778625,0.6319876114342741,0.05
survival_8,Gikuriro,Middle+Large,weighted_baseline,-0.916074222150925,0.6607998795573857,0.05
survival_8,Gikuriro,Upper+Large,identified_diets,-0.9580983984213213,0.6319876114342741,0.05
survival_8,Gikuriro,Upper+Large,weighted_baseline,-0.9897092941105998,0.6607998795573857,0.05
survival_8,Control,Lower,identified_diets,-0.9769966044279909,0.6013971041308643,0.05
survival_8,Control,Lower,weighted_baseline,-1.0,0.6266341315107878,0.05
survival_8,Control,Middle,identified_diets,-0.8787231488765522,0.6013971041308643,0.05
survival_8,Control,Middle,weighted_baseline,-0.9129403532224554,0.6266341315107878,0.05
survival_8,Control,Upper,identified_diets,-0.958299815998688,0.6013971041308643,0.05
survival_8,Control,Upper,weighted_baseline,-0.9899622520196584,0.6266341315107878,0.05
survival_8,Control,Control+Large,identified_diets,-0.22464031933752296,0.14468773726089776,0.05
survival_8,Control,Control+Large,weighted_baseline,-0.2307447366556655,0.15075941329942735,0.05
survival_8,Control,Lower+Large,identified_diets,-0.9703810699286028,0.6013971041308643,0.05
survival_8,Control,Lower+Large,weighted_baseline,-0.9937467278378095,0.6266341315107878,0.05
survival_8,Control,Middle+Large,identified_diets,-0.8824575314778625,0.6013971041308643,0.05
survival_8,Control,Middle+Large,weighted_baseline,-0.916074222150925,0.6266341315107878,0.05
survival_8,Control,Upper+Large,identified_diets,-0.9580983984213213,0.6013971041308643,0.05
survival_8,Control,Upper+Large,weighted_baseline,-0.9897092941105998,0.6266341315107878,0.05
survival_8,Lower,Middle,identified_diets,-0.8787231488765522,0.9769966044279909,0.05
survival_8,Lower,Middle,weighted_baseline,-0.9129403532224554,1.0,0.05
survival_8,Lower,Upper,identified_diets,-0.958299815998688,0.9769966044279909,0.05
survival_8,Lower,Upper,weighted_baseline,-0.9899622520196584,1.0,0.05
survival_8,Lower,Control+Large,identified_diets,-0.6813496862074895,0.9769966044279909,0.05
survival_8,Lower,Control+Large,weighted_baseline,-0.7066194548670259,1.0,0.05
survival_8,Lower,Lower+Large,identified_diets,-0.14273917751431356,0.14935471201370157,0.05
survival_8,Lower,Lower+Large,weighted_baseline,-0.14661799815419435,0.15287127031638492,0.05
survival_8,Lower,Middle+Large,identified_diets,-0.8824575314778625,0.9769966044279909,0.05
survival_8,Lower,Middle+Large,weighted_baseline,-0.916074222150925,1.0,0.05
survival_8,Lower,Upper+Large,identified_diets,-0.9580983984213213,0.9769966044279909,0.05
survival_8,Lower,Upper+Large,weighted_baseline,-0.9897092941105998,1.0,0.05
survival_8,Middle,Upper,identified_diets,-0.958299815998688,0.8787231488765522,0.05
survival_8,Middle,Upper,weighted_baseline,-0.9899622520196584,0.9129403532224554,0.05
survival_8,Middle,Control+Large,identified_diets,-0.6813496862074895,0.8787231488765522,0.05
survival_8,Middle,Control+Large,weighted_baseline,-0.7066194548670259,0.9129403532224554,0.05
survival_8,Middle,Lower+Large,identified_diets,-0.9703810699286028,0.8787231488765522,0.05
survival_8,Middle,Lower+Large,weighted_baseline,-0.9937467278378095,0.9129403532224554,0.05
survival_8,Middle,Middle+Large,identified_diets,-0.06339969906267305,0.059665316461362805,0.05
survival_8,Middle,Middle+Large,weighted_baseline,-0.06512253413548877,0.06198866520701903,0.05
survival_8,Middle,Upper+Large,identified_diets,-0.9580983984213213,0.8787231488765522,0.05
survival_8,Middle,Upper+Large,weighted_baseline,-0.9897092941105998,0.9129403532224554,0.05
survival_8,Upper,Control+Large,identified_diets,-0.6813496862074895,0.958299815998688,0.05
survival_8,Upper,Control+Large,weighted_baseline,-0.7066194548670259,0.9899622520196584,0.05
survival_8,Upper,Lower+Large,identified_diets,-0.9703810699286028,0.958299815998688,0.05
survival_8,Upper,Lower+Large,weighted_baseline,-0.9937467278378095,0.9899622520196584,0.05
survival_8,Upper,Middle+Large,identified_diets,-0.8824575314778625,0.958299815998688,0.05
survival_8,Upper,Middle+Large,weighted_baseline,-0.916074222150925,0.9899622520196584,0.05
survival_8,Upper,Upper+Large,identified_diets,-0.007651752350754825,0.007853169928121413,0.05
survival_8,Upper,Upper+Large,weighted_baseline,-0.00785968247523931,0.008112640384297827,0.05
survival_8,Control+Large,Lower+Large,identified_diets,-0.8276418924142893,0.538610508693176,0.05
survival_8,Control+Large,Lower+Large,weighted_baseline,-0.8471287296836151,0.5600014567128316,0.05
survival_8,Control+Large,Middle+Large,identified_diets,-0.8190578324151895,0.6179499871448164,0.05
survival_8,Control+Large,Middle+Large,weighted_baseline,-0.8509516880154363,0.6414969207315372,0.05
survival_8,Control+Large,Upper+Large,identified_diets,-0.9504466460705665,0.6736979338567347,0.05
survival_8,Control+Large,Upper+Large,weighted_baseline,-0.9818496116353606,0.6987597723917867,0.05
survival_8,Lower+Large,Middle+Large,identified_diets,-0.8190578324151895,0.9069813708659298,0.05
survival_8,Lower+Large,Middle+Large,weighted_baseline,-0.8509516880154363,0.9286241937023206,0.05
survival_8,Lower+Large,Upper+Large,identified_diets,-0.9504466460705665,0.9627293175778481,0.05
survival_8,Lower+Large,Upper+Large,weighted_baseline,-0.9818496116353606,0.9858870453625701,0.05
survival_8,Middle+Large,Upper+Large,identified_diets,-0.9504466460705665,0.8748057791271077,0.05
survival_8,Middle+Large,Upper+Large,weighted_baseline,-0.9818496116353606,0.9082145396756858,0.05
survival_9,Gikuriro,Control,identified_diets,-0.5434219331762913,0.5527184359136633,0.05
survival_9,Gikuriro,Control,weighted_baseline,-0.5708616623190435,0.5835858137229336,0.05
survival_9,Gikuriro,Lower,identified_diets,-0.872570929825944,0.5527184359136633,0.05
survival_9,Gikuriro,Lower,weighted_baseline,-0.9091655601694955,0.5835858137229336,0.05
survival_9,Gikuriro,Middle,identified_diets,-0.842572370585677,0.5527184359136633,0.05
survival_9,Gikuriro,Middle,weighted_baseline,-0.8775194286669341,0.5835858137229336,0.05
survival_9,Gikuriro,Upper,identified_diets,-0.8992840289688152,0.5527184359136633,0.05
survival_9,Gikuriro,Upper,weighted_baseline,-0.9276146165603564,0.5835858137229336,0.05
survival_9,Gikuriro,Control+Large,identified_diets,-0.6160562270451139,0.5527184359136633,0.05
survival_9,Gikuriro,Control+Large,weighted_baseline,-0.6435859851358532,0.5835858137229336,0.05
survival_9,Gikuriro,Lower+Large,identified_diets,-0.8684062139324902,0.5527184359136633,0.05
survival_9,Gikuriro,Lower+Large,weighted_baseline,-0.9036585283829399,0.5835858137229336,0.05
survival_9,Gikuriro,Middle+Large,identified_diets,-0.8427594536157714,0.5527184359136633,0.05
survival_9,Gikuriro,Middle+Large,weighted_baseline,-0.8772221725911905,0.5835858137229336,0.05
survival_9,Gikuriro,Upper+Large,identified_diets,-0.8988418618493765,0.5527184359136633,0.05
survival_9,Gikuriro,Upper+Large,weighted_baseline,-0.927168215533748,0.5835858137229336,0.05
survival_9,Control,Lower,identified_diets,-0.872570929825944,0.5434219331762913,0.05
survival_9,Control,Lower,weighted_baseline,-0.9091655601694955,0.5708616623190435,0.05
survival_9,Control,Middle,identified_diets,-0.842572370585677,0.5434219331762913,0.05
survival_9,Control,Middle,weighted_baseline,-0.8775194286669341,0.5708616623190435,0.05
survival_9,Control,Upper,identified_diets,-0.8992840289688152,0.5434219331762913,0.05
survival_9,Control,Upper,weighted_baseline,-0.9276146165603564,0.5708616623190435,0.05
survival_9,Control,Control+Large,identified_diets,-0.2033740153426247,0.1307397214738021,0.05
survival_9,Control,Control+Large,weighted_baseline,-0.2100656595851424,0.1373413367683327,0.05
survival_9,Control,Lower+Large,identified_diets,-0.8684062139324902,0.5434219331762913,0.05
survival_9,Control,Lower+Large,weighted_baseline,-0.9036585283829399,0.5708616623190435,0.05
survival_9,Control,Middle+Large,identified_diets,-0.8427594536157714,0.5434219331762913,0.05
survival_9,Control,Middle+Large,weighted_baseline,-0.8772221725911905,0.5708616623190435,0.05
survival_9,Control,Upper+Large,identified_diets,-0.8988418618493765,0.5434219331762913,0.05
survival_9,Control,Upper+Large,weighted_baseline,-0.927168215533748,0.5708616623190435,0.05
survival_9,Lower,Middle,identified_diets,-0.842572370585677,0.872570929825944,0.05
survival_9,Lower,Middle,weighted_baseline,-0.8775194286669341,0.9091655601694955,0.05
survival_9,Lower,Upper,identified_diets,-0.8992840289688152,0.872570929825944,0.05
survival_9,Lower,Upper,weighted_baseline,-0.9276146165603564,0.9091655601694955,0.05
survival_9,Lower,Control+Large,identified_diets,-0.6160562270451139,0.872570929825944,0.05
survival_9,Lower,Control+Large,weighted_baseline,-0.6435859851358532,0.9091655601694955,0.05
survival_9,Lower,Lower+Large,identified_diets,-0.12922631059018744,0.1333910264836412,0.05
survival_9,Lower,Lower+Large,weighted_baseline,-0.1334782623244629,0.13898529411101845,0.05
survival_9,Lower,Middle+Large,identified_diets,-0.8427594536157714,0.872570929825944,0.05
survival_9,Lower,Middle+Large,weighted_baseline,-0.8772221725911905,0.9091655601694955,0.05
survival_9,Lower,Upper+Large,identified_diets,-0.8988418618493765,0.872570929825944,0.05
survival_9,Lower,Upper+Large,weighted_baseline,-0.927168215533748,0.9091655601694955,0.05
survival_9,Middle,Upper,identified_diets,-0.8992840289688152,0.842572370585677,0.05
survival_9,Middle,Upper,weighted_baseline,-0.9276146165603564,0.8775194286669341,0.05
survival_9,Middle,Control+Large,identified_diets,-0.6160562270451139,0.842572370585677,0.05
survival_9,Middle,Control+Large,weighted_baseline,-0.6435859851358532,0.8775194286669341,0.05
survival_9,Middle,Lower+Large,identified_diets,-0.8684062139324902,0.842572370585677,0.05
survival_9,Middle,Lower+Large,weighted_baseline,-0.9036585283829399,0.8775194286669341,0.05
survival_9,Middle,Middle+Large,identified_diets,-0.05739776104269508,0.05721067801260076,0.05
survival_9,Middle,Middle+Large,weighted_baseline,-0.059286327763314176,0.059583583839057784,0.05
survival_9,Middle,Upper+Large,identified_diets,-0.8988418618493765,0.842572370585677,0.05
survival_9,Middle,Upper+Large,weighted_baseline,-0.927168215533748,0.8775194286669341,0.05
survival_9,Upper,Control+Large,identified_diets,-0.6160562270451139,0.8992840289688152,0.05
survival_9,Upper,Control+Large,weighted_baseline,-0.6435859851358532,0.9276146165603564,0.05
survival_9,Upper,Lower+Large,identified_diets,-0.8684062139324902,0.8992840289688152,0.05
survival_9,Upper,Lower+Large,weighted_baseline,-0.9036585283829399,0.9276146165603564,0.05
survival_9,Upper,Middle+Large,identified_diets,-0.8427594536157714,0.8992840289688152,0.05
survival_9,Upper,Middle+Large,weighted_baseline,-0.8772221725911905,0.9276146165603564,0.05
survival_9,Upper,Upper+Large,identified_diets,-0.006927374411546435,0.007369541530985157,0.05
survival_9,Upper,Upper+Large,weighted_baseline,-0.007155306800149246,0.007601707826757675,0.05
survival_9,Control+Large,Lower+Large,identified_diets,-0.7391799033423028,0.4868299164549264,0.05
survival_9,Control+Large,Lower+Large,weighted_baseline,-0.770180266058477,0.5101077228113903,0.05
survival_9,Control+Large,Middle+Large,identified_diets,-0.7853616925730763,0.5586584660024188,0.05
survival_9,Control+Large,Middle+Large,weighted_baseline,-0.8179358448278763,0.584299657372539,0.05
survival_9,Control+Large,Upper+Large,identified_diets,-0.8919144874378301,0.6091288526335674,0.05
survival_9,Control+Large,Upper+Large,weighted_baseline,-0.9200129087335988,0.6364306783357039,0.05
survival_9,Lower+Large,Middle+Large,identified_diets,-0.7853616925730763,0.8110084528897952,0.05
survival_9,Lower+Large,Middle+Large,weighted_baseline,-0.8179358448278763,0.8443722006196257,0.05
survival_9,Lower+Large,Upper+Large,identified_diets,-0.8919144874378301,0.8614788395209438,0.05
survival_9,Lower+Large,Upper+Large,weighted_baseline,-0.9200129087335988,0.8965032215827906,0.05
survival_9,Middle+Large,Upper+Large,identified_diets,-0.8919144874378301,0.835832079204225,0.05
survival_9,Middle+Large,Upper+Large,weighted_baseline,-0.9200129087335988,0.8700668657910412,0.05
survival_10,Gikuriro,Control,identified_diets,-0.520243351652533,0.5357142407131067,0.05
survival_10,Gikuriro,Control,weighted_baseline,-0.5476402352700467,0.5654998978404384,0.05
survival_10,Gikuriro,Lower,identified_diets,-0.849163636772167,0.5357142407131067,0.05
survival_10,Gikuriro,Lower,weighted_baseline,-0.8865817675040364,0.5654998978404384,0.05
survival_10,Gikuriro,Middle,identified_diets,-0.8219713521144769,0.5357142407131067,0.05
survival_10,Gikuriro,Middle,weighted_baseline,-0.8573343273901667,0.5654998978404384,0.05
survival_10,Gikuriro,Upper,identified_diets,-0.8840213254266067,0.5357142407131067,0.05
survival_10,Gikuriro,Upper,weighted_baseline,-0.9077767325505784,0.5654998978404384,0.05
survival_10,Gikuriro,Control+Large,identified_diets,-0.5929673246704062,0.5357142407131067,0.05
survival_10,Gikuriro,Control+Large,weighted_baseline,-0.6206160513951917,0.5654998978404384,0.05
survival_10,Gikuriro,Lower+Large,identified_diets,-0.8450908675174511,0.5357142407131067,0.05
survival_10,Gikuriro,Lower+Large,weighted_baseline,-0.8811370616309716,0.5654998978404384,0.05
survival_10,Gikuriro,Middle+Large,identified_diets,-0.8220087285016769,0.5357142407131067,0.05
survival_10,Gikuriro,Middle+Large,weighted_baseline,-0.8569018830976629,0.5654998978404384,0.05
survival_10,Gikuriro,Upper+Large,identified_diets,-0.8835173431615402,0.5357142407131067,0.05
survival_10,Gikuriro,Upper+Large,weighted_baseline,-0.9073111701567673,0.5654998978404384,0.05
survival_10,Control,Lower,identified_diets,-0.849163636772167,0.520243351652533,0.05
survival_10,Control,Lower,weighted_baseline,-0.8865817675040364,0.5476402352700467,0.05
survival_10,Control,Middle,identified_diets,-0.8219713521144769,0.520243351652533,0.05
survival_10,Control,Middle,weighted_baseline,-0.8573343273901667,0.5476402352700467,0.05
survival_10,Control,Upper,identified_diets,-0.8840213254266067,0.520243351652533,0.05
survival_10,Control,Upper,weighted_baseline,-0.9077767325505784,0.5476402352700467,0.05
survival_10,Control,Control+Large,identified_diets,-0.19788725175433208,0.12516327873645886,0.05
survival_10,Control,Control+Large,weighted_baseline,-0.20473040212163293,0.1317545859964879,0.05
survival_10,Control,Lower+Large,identified_diets,-0.8450908675174511,0.520243351652533,0.05
survival_10,Control,Lower+Large,weighted_baseline,-0.8811370616309716,0.5476402352700467,0.05
survival_10,Control,Middle+Large,identified_diets,-0.8220087285016769,0.520243351652533,0.05
survival_10,Control,Middle+Large,weighted_baseline,-0.8569018830976629,0.5476402352700467,0.05
survival_10,Control,Upper+Large,identified_diets,-0.8835173431615402,0.520243351652533,0.05
survival_10,Control,Upper+Large,weighted_baseline,-0.9073111701567673,0.5476402352700467,0.05
survival_10,Lower,Middle,identified_diets,-0.8219713521144769,0.849163636772167,0.05
survival_10,Lower,Middle,weighted_baseline,-0.8573343273901667,0.8865817675040364,0.05
survival_10,Lower,Upper,identified_diets,-0.8840213254266067,0.849163636772167,0.05
survival_10,Lower,Upper,weighted_baseline,-0.9077767325505784,0.8865817675040364,0.05
survival_10,Lower,Control+Large,identified_diets,-0.5929673246704062,0.849163636772167,0.05
survival_10,Lower,Control+Large,weighted_baseline,-0.6206160513951917,0.8865817675040364,0.05
survival_10,Lower,Lower+Large,identified_diets,-0.12573995460512652,0.12981272385984244,0.05
survival_10,Lower,Lower+Large,weighted_baseline,-0.13008817516462312,0.13553288103768787,0.05
survival_10,Lower,Middle+Large,identified_diets,-0.8220087285016769,0.849163636772167,0.05
survival_10,Lower,Middle+Large,weighted_baseline,-0.8569018830976629,0.8865817675040364,0.05
survival_10,Lower,Upper+Large,identified_diets,-0.8835173431615402,0.849163636772167,0.05
survival_10,Lower,Upper+Large,weighted_baseline,-0.9073111701567673,0.8865817675040364,0.05
survival_10,Middle,Upper,identified_diets,-0.8840213254266067,0.8219713521144769,0.05
survival_10,Middle,Upper,weighted_baseline,-0.9077767325505784,0.8573343273901667,0.05
survival_10,Middle,Control+Large,identified_diets,-0.5929673246704062,0.8219713521144769,0.05
survival_10,Middle,Control+Large,weighted_baseline,-0.6206160513951917,0.8573343273901667,0.05
survival_10,Middle,Lower+Large,identified_diets,-0.8450908675174511,0.8219713521144769,0.05
survival_10,Middle,Lower+Large,weighted_baseline,-0.8811370616309716,0.8573343273901667,0.05
survival_10,Middle,Middle+Large,identified_diets,-0.05584924490208577,0.05581186851488579,0.05
survival_10,Middle,Middle+Large,weighted_baseline,-0.057780570833276375,0.05821301512578017,0.05
survival_10,Middle,Upper+Large,identified_diets,-0.8835173431615402,0.8219713521144769,0.05
survival_10,Middle,Upper+Large,weighted_baseline,-0.9073111701567673,0.8573343273901667,0.05
survival_10,Upper,Control+Large,identified_diets,-0.5929673246704062,0.8840213254266067,0.05
survival_10,Upper,Control+Large,weighted_baseline,-0.6206160513951917,0.9077767325505784,0.05
survival_10,Upper,Lower+Large,identified_diets,-0.8450908675174511,0.8840213254266067,0.05
survival_10,Upper,Lower+Large,weighted_baseline,-0.8811370616309716,0.9077767325505784,0.05
survival_10,Upper,Middle+Large,identified_diets,-0.8220087285016769,0.8840213254266067,0.05
survival_10,Upper,Middle+Large,weighted_baseline,-0.8569018830976629,0.9077767325505784,0.05
survival_10,Upper,Upper+Large,identified_diets,-0.00674048295631451,0.007244465221380953,0.05
survival_10,Upper,Upper+Large,weighted_baseline,-0.006973575982820089,0.007439138376631263,0.05
survival_10,Control+Large,Lower+Large,identified_diets,-0.7193509129123246,0.4672273700652797,0.05
survival_10,Control+Large,Lower+Large,weighted_baseline,-0.7510488864663485,0.49052787623056865,0.05
survival_10,Control+Large,Middle+Large,identified_diets,-0.7661594835995912,0.5371180797683205,0.05
survival_10,Control+Large,Middle+Large,weighted_baseline,-0.7991213122643865,0.5628354805619153,0.05
survival_10,Control+Large,Upper+Large,identified_diets,-0.8767768602052257,0.5862268417140918,0.05
survival_10,Control+Large,Upper+Large,weighted_baseline,-0.9003375941739472,0.6136424754123717,0.05
survival_10,Lower+Large,Middle+Large,identified_diets,-0.7661594835995912,0.7892416226153653,0.05
survival_10,Lower+Large,Middle+Large,weighted_baseline,-0.7991213122643865,0.8233564907976952,0.05
survival_10,Lower+Large,Upper+Large,identified_diets,-0.8767768602052257,0.8383503845611365,0.05
survival_10,Lower+Large,Upper+Large,weighted_baseline,-0.9003375941739472,0.8741634856481515,0.05
survival_10,Middle+Large,Upper+Large,identified_diets,-0.8767768602052257,0.8152682455453625,0.05
survival_10,Middle+Large,Upper+Large,weighted_baseline,-0.9003375941739472,0.8499283071148428,0.05
survival_11,Gikuriro,Control,identified_diets,-0.5136248067713292,0.5263077833838012,0.05
survival_11,Gikuriro,Control,weighted_baseline,-0.5412731545973505,0.556337309599501,0.05
survival_11,Gikuriro,Lower,identified_diets,-0.8437505147320303,0.5263077833838012,0.05
survival_11,Gikuriro,Lower,weighted_baseline,-0.8813590864555951,0.556337309599501,0.05
survival_11,Gikuriro,Middle,identified_diets,-0.8219713521144769,0.5263077833838012,0.05
survival_11,Gikuriro,Middle,weighted_baseline,-0.8573343273901667,0.556337309599501,0.05
survival_11,Gikuriro,Upper,identified_diets,-0.8747095345786331,0.5263077833838012,0.05
survival_11,Gikuriro,Upper,weighted_baseline,-0.8985739046382084,0.556337309599501,0.05
survival_11,Gikuriro,Control+Large,identified_diets,-0.5872236720263112,0.5263077833838012,0.05
survival_11,Gikuriro,Control+Large,weighted_baseline,-0.614429149951358,0.556337309599501,0.05
survival_11,Gikuriro,Lower+Large,identified_diets,-0.8400493880717762,0.5263077833838012,0.05
survival_11,Gikuriro,Lower+Large,weighted_baseline,-0.8758539228207772,0.556337309599501,0.05
survival_11,Gikuriro,Middle+Large,identified_diets,-0.8218062479336166,0.5263077833838012,0.05
survival_11,Gikuriro,Middle+Large,weighted_baseline,-0.856520409765848,0.556337309599501,0.05
survival_11,Gikuriro,Upper+Large,identified_diets,-0.8742574239803581,0.5263077833838012,0.05
survival_11,Gikuriro,Upper+Large,weighted_baseline,-0.8981377182138401,0.556337309599501,0.05
survival_11,Control,Lower,identified_diets,-0.8437505147320303,0.5136248067713292,0.05
survival_11,Control,Lower,weighted_baseline,-0.8813590864555951,0.5412731545973505,0.05
survival_11,Control,Middle,identified_diets,-0.8219713521144769,0.5136248067713292,0.05
survival_11,Control,Middle,weighted_baseline,-0.8573343273901667,0.5412731545973505,0.05
survival_11,Control,Upper,identified_diets,-0.8747095345786331,0.5136248067713292,0.05
survival_11,Control,Upper,weighted_baseline,-0.8985739046382084,0.5412731545973505,0.05
survival_11,Control,Control+Large,identified_diets,-0.19716981460334873,0.12357094934836671,0.05
survival_11,Control,Control+Large,weighted_baseline,-0.20337875073614395,0.13022275538213637,0.05
survival_11,Control,Lower+Large,identified_diets,-0.8400493880717762,0.5136248067713292,0.05
survival_11,Control,Lower+Large,weighted_baseline,-0.8758539228207772,0.5412731545973505,0.05
survival_11,Control,Middle+Large,identified_diets,-0.8218062479336166,0.5136248067713292,0.05
survival_11,Control,Middle+Large,weighted_baseline,-0.856520409765848,0.5412731545973505,0.05
survival_11,Control,Upper+Large,identified_diets,-0.8742574239803581,0.5136248067713292,0.05
survival_11,Control,Upper+Large,weighted_baseline,-0.8981377182138401,0.5412731545973505,0.05
survival_11,Lower,Middle,identified_diets,-0.8219713521144769,0.8437505147320303,0.05
survival_11,Lower,Middle,weighted_baseline,-0.8573343273901667,0.8813590864555951,0.05
survival_11,Lower,Upper,identified_diets,-0.8747095345786331,0.8437505147320303,0.05
survival_11,Lower,Upper,weighted_baseline,-0.8985739046382084,0.8813590864555951,0.05
survival_11,Lower,Control+Large,identified_diets,-0.5872236720263112,0.8437505147320303,0.05
survival_11,Lower,Control+Large,weighted_baseline,-0.614429149951358,0.8813590864555951,0.05
survival_11,Lower,Lower+Large,identified_diets,-0.12528408635693503,0.12898521301718913,0.05
survival_11,Lower,Lower+Large,weighted_baseline,-0.12922931951653752,0.13473448315135536,0.05
survival_11,Lower,Middle+Large,identified_diets,-0.8218062479336166,0.8437505147320303,0.05
survival_11,Lower,Middle+Large,weighted_baseline,-0.856520409765848,0.8813590864555951,0.05
survival_11,Lower,Upper+Large,identified_diets,-0.8742574239803581,0.8437505147320303,0.05
survival_11,Lower,Upper+Large,weighted_baseline,-0.8981377182138401,0.8813590864555951,0.05
survival_11,Middle,Upper,identified_diets,-0.8747095345786331,0.8219713521144769,0.05
survival_11,Middle,Upper,weighted_baseline,-0.8985739046382084,0.8573343273901667,0.05
survival_11,Middle,Control+Large,identified_diets,-0.5872236720263112,0.8219713521144769,0.05
survival_11,Middle,Control+Large,weighted_baseline,-0.614429149951358,0.8573343273901667,0.05
survival_11,Middle,Lower+Large,identified_diets,-0.8400493880717762,0.8219713521144769,0.05
survival_11,Middle,Lower+Large,weighted_baseline,-0.8758539228207772,0.8573343273901667,0.05
survival_11,Middle,Middle+Large,identified_diets,-0.05564676433402539,0.05581186851488579,0.05
survival_11,Middle,Middle+Large,weighted_baseline,-0.05739909750146147,0.05821301512578017,0.05
survival_11,Middle,Upper+Large,identified_diets,-0.8742574239803581,0.8219713521144769,0.05
survival_11,Middle,Upper+Large,weighted_baseline,-0.8981377182138401,0.8573343273901667,0.05
survival_11,Upper,Control+Large,identified_diets,-0.5872236720263112,0.8747095345786331,0.05
survival_11,Upper,Control+Large,weighted_baseline,-0.614429149951358,0.8985739046382084,0.05
survival_11,Upper,Lower+Large,identified_diets,-0.8400493880717762,0.8747095345786331,0.05
survival_11,Upper,Lower+Large,weighted_baseline,-0.8758539228207772,0.8985739046382084,0.05
survival_11,Upper,Middle+Large,identified_diets,-0.8218062479336166,0.8747095345786331,0.05
survival_11,Upper,Middle+Large,weighted_baseline,-0.856520409765848,0.8985739046382084,0.05
survival_11,Upper,Upper+Large,identified_diets,-0.006716045440276672,0.007168156038551722,0.05
survival_11,Upper,Upper+Large,weighted_baseline,-0.006927535709654448,0.007363722134022698,0.05
survival_11,Control+Large,Lower+Large,identified_diets,-0.7147653017148412,0.46193958566937615,0.05
survival_11,Control+Large,Lower+Large,weighted_baseline,-0.7466246033042397,0.4851998304348205,0.05
survival_11,Control+Large,Middle+Large,identified_diets,-0.7661594835995912,0.5315769076922857,0.05
survival_11,Control+Large,Middle+Large,weighted_baseline,-0.7991213122643865,0.5570300524498966,0.05
survival_11,Control+Large,Upper+Large,identified_diets,-0.8675413785400814,0.5805076265860345,0.05
survival_11,Control+Large,Upper+Large,weighted_baseline,-0.8912101825041857,0.6075016142417036,0.05
survival_11,Lower+Large,Middle+Large,identified_diets,-0.7661594835995912,0.7844026237377508,0.05
survival_11,Lower+Large,Middle+Large,weighted_baseline,-0.7991213122643865,0.8184548253193158,0.05
survival_11,Lower+Large,Upper+Large,identified_diets,-0.8675413785400814,0.8333333426314996,0.05
survival_11,Lower+Large,Upper+Large,weighted_baseline,-0.8912101825041857,0.8689263871111228,0.05
survival_11,Middle+Large,Upper+Large,identified_diets,-0.8675413785400814,0.8150902024933399,0.05
survival_11,Middle+Large,Upper+Large,weighted_baseline,-0.8912101825041857,0.8495928740561935,0.05
survival_12,Gikuriro,Control,identified_diets,-0.5136248067713292,0.524197610713794,0.05
survival_12,Gikuriro,Control,weighted_baseline,-0.5412731545973505,0.5542818446549761,0.05
survival_12,Gikuriro,Lower,identified_diets,-0.8437505147320303,0.524197610713794,0.05
survival_12,Gikuriro,Lower,weighted_baseline,-0.8813590864555951,0.5542818446549761,0.05
survival_12,Gikuriro,Middle,identified_diets,-0.8219713521144769,0.524197610713794,0.05
survival_12,Gikuriro,Middle,weighted_baseline,-0.8573343273901667,0.5542818446549761,0.05
survival_12,Gikuriro,Upper,identified_diets,-0.8747095345786331,0.524197610713794,0.05
survival_12,Gikuriro,Upper,weighted_baseline,-0.8985739046382084,0.5542818446549761,0.05
survival_12,Gikuriro,Control+Large,identified_diets,-0.5872236720263112,0.524197610713794,0.05
survival_12,Gikuriro,Control+Large,weighted_baseline,-0.614429149951358,0.5542818446549761,0.05
survival_12,Gikuriro,Lower+Large,identified_diets,-0.8400493880717762,0.524197610713794,0.05
survival_12,Gikuriro,Lower+Large,weighted_baseline,-0.8758539228207772,0.5542818446549761,0.05
survival_12,Gikuriro,Middle+Large,identified_diets,-0.8218062479336166,0.524197610713794,0.05
survival_12,Gikuriro,Middle+Large,weighted_baseline,-0.856520409765848,0.5542818446549761,0.05
survival_12,Gikuriro,Upper+Large,identified_diets,-0.8742574239803581,0.524197610713794,0.05
survival_12,Gikuriro,Upper+Large,weighted_baseline,-0.8981377182138401,0.5542818446549761,0.05
survival_12,Control,Lower,identified_diets,-0.8437505147320303,0.5136248067713292,0.05
survival_12,Control,Lower,weighted_baseline,-0.8813590864555951,0.5412731545973505,0.05
survival_12,Control,Middle,identified_diets,-0.8219713521144769,0.5136248067713292,0.05
survival_12,Control,Middle,weighted_baseline,-0.8573343273901667,0.5412731545973505,0.05
survival_12,Control,Upper,identified_diets,-0.8747095345786331,0.5136248067713292,0.05
survival_12,Control,Upper,weighted_baseline,-0.8985739046382084,0.5412731545973505,0.05
survival_12,Control,Control+Large,identified_diets,-0.19716981460334873,0.12357094934836671,0.05
survival_12,Control,Control+Large,weighted_baseline,-0.20337875073614395,0.13022275538213637,0.05
survival_12,Control,Lower+Large,identified_diets,-0.8400493880717762,0.5136248067713292,0.05
survival_12,Control,Lower+Large,weighted_baseline,-0.8758539228207772,0.5412731545973505,0.05
survival_12,Control,Middle+Large,identified_diets,-0.8218062479336166,0.5136248067713292,0.05
survival_12,Control,Middle+Large,weighted_baseline,-0.856520409765848,0.5412731545973505,0.05
survival_12,Control,Upper+Large,identified_diets,-0.8742574239803581,0.5136248067713292,0.05
survival_12,Control,Upper+Large,weighted_baseline,-0.8981377182138401,0.5412731545973505,0.05
survival_12,Lower,Middle,identified_diets,-0.8219713521144769,0.8437505147320303,0.05
survival_12,Lower,Middle,weighted_baseline,-0.8573343273901667,0.8813590864555951,0.05
survival_12,Lower,Upper,identified_diets,-0.8747095345786331,0.8437505147320303,0.05
survival_12,Lower,Upper,weighted_baseline,-0.8985739046382084,0.8813590864555951,0.05
survival_12,Lower,Control+Large,identified_diets,-0.5872236720263112,0.8437505147320303,0.05
survival_12,Lower,Control+Large,weighted_baseline,-0.614429149951358,0.8813590864555951,0.05
survival_12,Lower,Lower+Large,identified_diets,-0.12528408635693503,0.12898521301718913,0.05
survival_12,Lower,Lower+Large,weighted_baseline,-0.12922931951653752,0.13473448315135536,0.05
survival_12,Lower,Middle+Large,identified_diets,-0.8218062479336166,0.8437505147320303,0.05
survival_12,Lower,Middle+Large,weighted_baseline,-0.856520409765848,0.8813590864555951,0.05
survival_12,Lower,Upper+Large,identified_diets,-0.8742574239803581,0.8437505147320303,0.05
survival_12,Lower,Upper+Large,weighted_baseline,-0.8981377182138401,0.8813590864555951,0.05
survival_12,Middle,Upper,identified_diets,-0.8747095345786331,0.8219713521144769,0.05
survival_12,Middle,Upper,weighted_baseline,-0.8985739046382084,0.8573343273901667,0.05
survival_12,Middle,Control+Large,identified_diets,-0.5872236720263112,0.8219713521144769,0.05
survival_12,Middle,Control+Large,weighted_baseline,-0.614429149951358,0.8573343273901667,0.05
survival_12,Middle,Lower+Large,identified_diets,-0.8400493880717762,0.8219713521144769,0.05
survival_12,Middle,Lower+Large,weighted_baseline,-0.8758539228207772,0.8573343273901667,0.05
survival_12,Middle,Middle+Large,identified_diets,-0.05564676433402539,0.05581186851488579,0.05
survival_12,Middle,Middle+Large,weighted_baseline,-0.05739909750146147,0.05821301512578017,0.05
survival_12,Middle,Upper+Large,identified_diets,-0.8742574239803581,0.8219713521144769,0.05
survival_12,Middle,Upper+Large,weighted_baseline,-0.8981377182138401,0.8573343273901667,0.05
survival_12,Upper,Control+Large,identified_diets,-0.5872236720263112,0.8747095345786331,0.05
survival_12,Upper,Control+Large,weighted_baseline,-0.614429149951358,0.8985739046382084,0.05
survival_12,Upper,Lower+Large,identified_diets,-0.8400493880717762,0.8747095345786331,0.05
survival_12,Upper,Lower+Large,weighted_baseline,-0.8758539228207772,0.8985739046382084,0.05
survival_12,Upper,Middle+Large,identified_diets,-0.8218062479336166,0.8747095345786331,0.05
survival_12,Upper,Middle+Large,weighted_baseline,-0.856520409765848,0.8985739046382084,0.05
survival_12,Upper,Upper+Large,identified_diets,-0.006716045440276672,0.007168156038551722,0.05
survival_12,Upper,Upper+Large,weighted_baseline,-0.006927535709654448,0.007363722134022698,0.05
survival_12,Control+Large,Lower+Large,identified_diets,-0.7147653017148412,0.46193958566937615,0.05
survival_12,Control+Large,Lower+Large,weighted_baseline,-0.7466246033042397,0.4851998304348205,0.05
survival_12,Control+Large,Middle+Large,identified_diets,-0.7661594835995912,0.5315769076922857,0.05
survival_12,Control+Large,Middle+Large,weighted_baseline,-0.7991213122643865,0.5570300524498966,0.05
survival_12,Control+Large,Upper+Large,identified_diets,-0.8675413785400814,0.5805076265860345,0.05
survival_12,Control+Large,Upper+Large,weighted_baseline,-0.8912101825041857,0.6075016142417036,0.05
survival_12,Lower+Large,Middle+Large,identified_diets,-0.7661594835995912,0.7844026237377508,0.05
survival_12,Lower+Large,Middle+Large,weighted_baseline,-0.7991213122643865,0.8184548253193158,0.05
survival_12,Lower+Large,Upper+Large,identified_diets,-0.8675413785400814,0.8333333426314996,0.05
survival_12,Lower+Large,Upper+Large,weighted_baseline,-0.8912101825041857,0.8689263871111228,0.05
survival_12,Middle+Large,Upper+Large,identified_diets,-0.8675413785400814,0.8150902024933399,0.05
survival_12,Middle+Large,Upper+Large,weighted_baseline,-0.8912101825041857,0.8495928740561935,0.05
shortfall_1,Gikuriro,Control,identified_diets,-0.524197610713794,0.5155502016458612,0.05
shortfall_1,Gikuriro,Control,weighted_baseline,-0.5542818446549761,0.5431253962475894,0.05
shortfall_1,Gikuriro,Lower,identified_diets,-0.524197610713794,0.8437505147320303,0.05
shortfall_1,Gikuriro,Lower,weighted_baseline,-0.5542818446549761,0.8813590864555951,0.05
shortfall_1,Gikuriro,Middle,identified_diets,-0.524197610713794,0.8219713521144769,0.05
shortfall_1,Gikuriro,Middle,weighted_baseline,-0.5542818446549761,0.8573343273901667,0.05
shortfall_1,Gikuriro,Upper,identified_diets,-0.524197610713794,0.8865496924780433,0.05
shortfall_1,Gikuriro,Upper,weighted_baseline,-0.5542818446549761,0.9102755136393678,0.05
shortfall_1,Gikuriro,Control+Large,identified_diets,-0.524197610713794,0.5886858438061255,0.05
shortfall_1,Gikuriro,Control+Large,weighted_baseline,-0.5542818446549761,0.6158357681501493,0.05
shortfall_1,Gikuriro,Lower+Large,identified_diets,-0.524197610713794,0.8400493880717762,0.05
shortfall_1,Gikuriro,Lower+Large,weighted_baseline,-0.5542818446549761,0.8758539228207772,0.05
shortfall_1,Gikuriro,Middle+Large,identified_diets,-0.524197610713794,0.8218062479336166,0.05
shortfall_1,Gikuriro,Middle+Large,weighted_baseline,-0.5542818446549761,0.856520409765848,0.05
shortfall_1,Gikuriro,Upper+Large,identified_diets,-0.524197610713794,0.886000552985045,0.05
shortfall_1,Gikuriro,Upper+Large,weighted_baseline,-0.5542818446549761,0.9097434337144641,0.05
shortfall_1,Control,Lower,identified_diets,-0.5155502016458612,0.8437505147320303,0.05
shortfall_1,Control,Lower,weighted_baseline,-0.5431253962475894,0.8813590864555951,0.05
shortfall_1,Control,Middle,identified_diets,-0.5155502016458612,0.8219713521144769,0.05
shortfall_1,Control,Middle,weighted_baseline,-0.5431253962475894,0.8573343273901667,0.05
shortfall_1,Control,Upper,identified_diets,-0.5155502016458612,0.8865496924780433,0.05
shortfall_1,Control,Upper,weighted_baseline,-0.5431253962475894,0.9102755136393678,0.05
shortfall_1,Control,Control+Large,identified_diets,-0.12403417244308441,0.19716981460334873,0.05
shortfall_1,Control,Control+Large,weighted_baseline,-0.1306683788335841,0.20337875073614395,0.05
shortfall_1,Control,Lower+Large,identified_diets,-0.5155502016458612,0.8400493880717762,0.05
shortfall_1,Control,Lower+Large,weighted_baseline,-0.5431253962475894,0.8758539228207772,0.05
shortfall_1,Control,Middle+Large,identified_diets,-0.5155502016458612,0.8218062479336166,0.05
shortfall_1,Control,Middle+Large,weighted_baseline,-0.5431253962475894,0.856520409765848,0.05
shortfall_1,Control,Upper+Large,identified_diets,-0.5155502016458612,0.886000552985045,0.05
shortfall_1,Control,Upper+Large,weighted_baseline,-0.5431253962475894,0.9097434337144641,0.05
shortfall_1,Lower,Middle,identified_diets,-0.8437505147320303,0.8219713521144769,0.05
shortfall_1,Lower,Middle,weighted_baseline,-0.8813590864555951,0.8573343273901667,0.05
shortfall_1,Lower,Upper,identified_diets,-0.8437505147320303,0.8865496924780433,0.05
shortfall_1,Lower,Upper,weighted_baseline,-0.8813590864555951,0.9102755136393678,0.05
shortfall_1,Lower,Control+Large,identified_diets,-0.8437505147320303,0.5886858438061255,0.05
shortfall_1,Lower,Control+Large,weighted_baseline,-0.8813590864555951,0.6158357681501493,0.05
shortfall_1,Lower,Lower+Large,identified_diets,-0.12898521301718913,0.12528408635693503,0.05
shortfall_1,Lower,Lower+Large,weighted_baseline,-0.13473448315135536,0.12922931951653752,0.05
shortfall_1,Lower,Middle+Large,identified_diets,-0.8437505147320303,0.8218062479336166,0.05
shortfall_1,Lower,Middle+Large,weighted_baseline,-0.8813590864555951,0.856520409765848,0.05
shortfall_1,Lower,Upper+Large,identified_diets,-0.8437505147320303,0.886000552985045,0.05
shortfall_1,Lower,Upper+Large,weighted_baseline,-0.8813590864555951,0.9097434337144641,0.05
shortfall_1,Middle,Upper,identified_diets,-0.8219713521144769,0.8865496924780433,0.05
shortfall_1,Middle,Upper,weighted_baseline,-0.8573343273901667,0.9102755136393678,0.05
shortfall_1,Middle,Control+Large,identified_diets,-0.8219713521144769,0.5886858438061255,0.05
shortfall_1,Middle,Control+Large,weighted_baseline,-0.8573343273901667,0.6158357681501493,0.05
shortfall_1,Middle,Lower+Large,identified_diets,-0.8219713521144769,0.8400493880717762,0.05
shortfall_1,Middle,Lower+Large,weighted_baseline,-0.8573343273901667,0.8758539228207772,0.05
shortfall_1,Middle,Middle+Large,identified_diets,-0.05581186851488579,0.05564676433402539,0.05
shortfall_1,Middle,Middle+Large,weighted_baseline,-0.05821301512578017,0.05739909750146147,0.05
shortfall_1,Middle,Upper+Large,identified_diets,-0.8219713521144769,0.886000552985045,0.05
shortfall_1,Middle,Upper+Large,weighted_baseline,-0.8573343273901667,0.9097434337144641,0.05
shortfall_1,Upper,Control+Large,identified_diets,-0.8865496924780433,0.5886858438061255,0.05
shortfall_1,Upper,Control+Large,weighted_baseline,-0.9102755136393678,0.6158357681501493,0.05
shortfall_1,Upper,Lower+Large,identified_diets,-0.8865496924780433,0.8400493880717762,0.05
shortfall_1,Upper,Lower+Large,weighted_baseline,-0.9102755136393678,0.8758539228207772,0.05
shortfall_1,Upper,Middle+Large,identified_diets,-0.8865496924780433,0.8218062479336166,0.05
shortfall_1,Upper,Middle+Large,weighted_baseline,-0.9102755136393678,0.856520409765848,0.05
shortfall_1,Upper,Upper+Large,identified_diets,-0.007265184933274983,0.006716045440276672,0.05
shortfall_1,Upper,Upper+Large,weighted_baseline,-0.007459615634558093,0.006927535709654448,0.05
shortfall_1,Control+Large,Lower+Large,identified_diets,-0.4634017574491905,0.7147653017148412,0.05
shortfall_1,Control+Large,Lower+Large,weighted_baseline,-0.48660644863361174,0.7466246033042397,0.05
shortfall_1,Control+Large,Middle+Large,identified_diets,-0.5330390794721,0.7661594835995912,0.05
shortfall_1,Control+Large,Middle+Large,weighted_baseline,-0.5584366706486877,0.7991213122643865,0.05
shortfall_1,Control+Large,Upper+Large,identified_diets,-0.5819697983658488,0.8792845075447683,0.05
shortfall_1,Control+Large,Upper+Large,weighted_baseline,-0.6089082324404949,0.9028158980048097,0.05
shortfall_1,Lower+Large,Middle+Large,identified_diets,-0.7844026237377508,0.7661594835995912,0.05
shortfall_1,Lower+Large,Middle+Large,weighted_baseline,-0.8184548253193158,0.7991213122643865,0.05
shortfall_1,Lower+Large,Upper+Large,identified_diets,-0.8333333426314996,0.8792845075447683,0.05
shortfall_1,Lower+Large,Upper+Large,weighted_baseline,-0.8689263871111228,0.9028158980048097,0.05
shortfall_1,Middle+Large,Upper+Large,identified_diets,-0.8150902024933399,0.8792845075447683,0.05
shortfall_1,Middle+Large,Upper+Large,weighted_baseline,-0.8495928740561935,0.9028158980048097,0.05
shortfall_2,Gikuriro,Control,identified_diets,-0.5358593850726435,0.532288829558958,0.05
shortfall_2,Gikuriro,Control,weighted_baseline,-0.5656412792293475,0.5592280587188524,0.05
shortfall_2,Gikuriro,Lower,identified_diets,-0.5358593850726435,0.8492528644333629,0.05
shortfall_2,Gikuriro,Lower,weighted_baseline,-0.5656412792293475,0.8866678560148199,0.05
shortfall_2,Gikuriro,Middle,identified_diets,-0.5358593850726435,0.8414423567760979,0.05
shortfall_2,Gikuriro,Middle,weighted_baseline,-0.5656412792293475,0.8764122288834677,0.05
shortfall_2,Gikuriro,Upper,identified_diets,-0.5358593850726435,0.8947206347784176,0.05
shortfall_2,Gikuriro,Upper,weighted_baseline,-0.5656412792293475,0.9183508427677719,0.05
shortfall_2,Gikuriro,Control+Large,identified_diets,-0.5358593850726435,0.6047399967145184,0.05
shortfall_2,Gikuriro,Control+Large,weighted_baseline,-0.5656412792293475,0.6313146605893053,0.05
shortfall_2,Gikuriro,Lower+Large,identified_diets,-0.5358593850726435,0.8468345181954334,0.05
shortfall_2,Gikuriro,Lower+Large,weighted_baseline,-0.5656412792293475,0.8824164174738306,0.05
shortfall_2,Gikuriro,Middle+Large,identified_diets,-0.5358593850726435,0.8408985464279535,0.05
shortfall_2,Gikuriro,Middle+Large,weighted_baseline,-0.5656412792293475,0.8752202473584036,0.05
shortfall_2,Gikuriro,Upper+Large,identified_diets,-0.5358593850726435,0.8942183918496963,0.05
shortfall_2,Gikuriro,Upper+Large,weighted_baseline,-0.5656412792293475,0.9178632990223381,0.05
shortfall_2,Control,Lower,identified_diets,-0.532288829558958,0.8492528644333629,0.05
shortfall_2,Control,Lower,weighted_baseline,-0.5592280587188524,0.8866678560148199,0.05
shortfall_2,Control,Middle,identified_diets,-0.532288829558958,0.8414423567760979,0.05
shortfall_2,Control,Middle,weighted_baseline,-0.5592280587188524,0.8764122288834677,0.05
shortfall_2,Control,Upper,identified_diets,-0.532288829558958,0.8947206347784176,0.05
shortfall_2,Control,Upper,weighted_baseline,-0.5592280587188524,0.9183508427677719,0.05
shortfall_2,Control,Control+Large,identified_diets,-0.12806125235577898,0.20051241951133938,0.05
shortfall_2,Control,Control+Large,weighted_baseline,-0.13454245435014336,0.20662905622059624,0.05
shortfall_2,Control,Lower+Large,identified_diets,-0.532288829558958,0.8468345181954334,0.05
shortfall_2,Control,Lower+Large,weighted_baseline,-0.5592280587188524,0.8824164174738306,0.05
shortfall_2,Control,Middle+Large,identified_diets,-0.532288829558958,0.8408985464279535,0.05
shortfall_2,Control,Middle+Large,weighted_baseline,-0.5592280587188524,0.8752202473584036,0.05
shortfall_2,Control,Upper+Large,identified_diets,-0.532288829558958,0.8942183918496963,0.05
shortfall_2,Control,Upper+Large,weighted_baseline,-0.5592280587188524,0.9178632990223381,0.05
shortfall_2,Lower,Middle,identified_diets,-0.8492528644333629,0.8414423567760979,0.05
shortfall_2,Lower,Middle,weighted_baseline,-0.8866678560148199,0.8764122288834677,0.05
shortfall_2,Lower,Upper,identified_diets,-0.8492528644333629,0.8947206347784176,0.05
shortfall_2,Lower,Upper,weighted_baseline,-0.8866678560148199,0.9183508427677719,0.05
shortfall_2,Lower,Control+Large,identified_diets,-0.8492528644333629,0.6047399967145184,0.05
shortfall_2,Lower,Control+Large,weighted_baseline,-0.8866678560148199,0.6313146605893053,0.05
shortfall_2,Lower,Lower+Large,identified_diets,-0.12982636420575683,0.12740801796782728,0.05
shortfall_2,Lower,Lower+Large,weighted_baseline,-0.135546041497691,0.13129460295670173,0.05
shortfall_2,Lower,Middle+Large,identified_diets,-0.8492528644333629,0.8408985464279535,0.05
shortfall_2,Lower,Middle+Large,weighted_baseline,-0.8866678560148199,0.8752202473584036,0.05
shortfall_2,Lower,Upper+Large,identified_diets,-0.8492528644333629,0.8942183918496963,0.05
shortfall_2,Lower,Upper+Large,weighted_baseline,-0.8866678560148199,0.9178632990223381,0.05
shortfall_2,Middle,Upper,identified_diets,-0.8414423567760979,0.8947206347784176,0.05
shortfall_2,Middle,Upper,weighted_baseline,-0.8764122288834677,0.9183508427677719,0.05
shortfall_2,Middle,Control+Large,identified_diets,-0.8414423567760979,0.6047399967145184,0.05
shortfall_2,Middle,Control+Large,weighted_baseline,-0.8764122288834677,0.6313146605893053,0.05
shortfall_2,Middle,Lower+Large,identified_diets,-0.8414423567760979,0.8468345181954334,0.05
shortfall_2,Middle,Lower+Large,weighted_baseline,-0.8764122288834677,0.8824164174738306,0.05
shortfall_2,Middle,Middle+Large,identified_diets,-0.05713395005608744,0.05659013970794307,0.05
shortfall_2,Middle,Middle+Large,weighted_baseline,-0.05950840495529794,0.058316423430233924,0.05
shortfall_2,Middle,Upper+Large,identified_diets,-0.8414423567760979,0.8942183918496963,0.05
shortfall_2,Middle,Upper+Large,weighted_baseline,-0.8764122288834677,0.9178632990223381,0.05
shortfall_2,Upper,Control+Large,identified_diets,-0.8947206347784176,0.6047399967145184,0.05
shortfall_2,Upper,Control+Large,weighted_baseline,-0.9183508427677719,0.6313146605893053,0.05
shortfall_2,Upper,Lower+Large,identified_diets,-0.8947206347784176,0.8468345181954334,0.05
shortfall_2,Upper,Lower+Large,weighted_baseline,-0.9183508427677719,0.8824164174738306,0.05
shortfall_2,Upper,Middle+Large,identified_diets,-0.8947206347784176,0.8408985464279535,0.05
shortfall_2,Upper,Middle+Large,weighted_baseline,-0.9183508427677719,0.8752202473584036,0.05
shortfall_2,Upper,Upper+Large,identified_diets,-0.007332144977810567,0.006829902049089326,0.05
shortfall_2,Upper,Upper+Large,weighted_baseline,-0.007525792138833821,0.007038248393400064,0.05
shortfall_2,Control+Large,Lower+Large,identified_diets,-0.4773319787466911,0.7194265002276061,0.05
shortfall_2,Control+Large,Lower+Large,weighted_baseline,-0.5000200576326036,0.7511218145171289,0.05
shortfall_2,Control+Large,Middle+Large,identified_diets,-0.5481498570065753,0.7843084067200105,0.05
shortfall_2,Control+Large,Middle+Large,weighted_baseline,-0.5729982371590714,0.8169038239281697,0.05
shortfall_2,Control+Large,Upper+Large,identified_diets,-0.597910094665429,0.887388489800607,0.05
shortfall_2,Control+Large,Upper+Large,weighted_baseline,-0.6242764121959052,0.910825050628938,0.05
shortfall_2,Lower+Large,Middle+Large,identified_diets,-0.7902443784874903,0.7843084067200105,0.05
shortfall_2,Lower+Large,Middle+Large,weighted_baseline,-0.8240999940435967,0.8169038239281697,0.05
shortfall_2,Lower+Large,Upper+Large,identified_diets,-0.840004616146344,0.887388489800607,0.05
shortfall_2,Lower+Large,Upper+Large,weighted_baseline,-0.8753781690804305,0.910825050628938,0.05
shortfall_2,Middle+Large,Upper+Large,identified_diets,-0.8340686443788642,0.887388489800607,0.05
shortfall_2,Middle+Large,Upper+Large,weighted_baseline,-0.8681819989650036,0.910825050628938,0.05
shortfall_3,Gikuriro,Control,identified_diets,-0.5565461482939659,0.5564748702576361,0.05
shortfall_3,Gikuriro,Control,weighted_baseline,-0.5860817361093971,0.5824951778584277,0.05
shortfall_3,Gikuriro,Lower,identified_diets,-0.5565461482939659,0.8617942559720448,0.05
shortfall_3,Gikuriro,Lower,weighted_baseline,-0.5860817361093971,0.89876802435104,0.05
shortfall_3,Gikuriro,Middle,identified_diets,-0.5565461482939659,0.8817815908917677,0.05
shortfall_3,Gikuriro,Middle,weighted_baseline,-0.5860817361093971,0.9159370478719236,0.05
shortfall_3,Gikuriro,Upper,identified_diets,-0.5565461482939659,0.9111858542494645,0.05
shortfall_3,Gikuriro,Upper,weighted_baseline,-0.5860817361093971,0.9346233926784505,0.05
shortfall_3,Gikuriro,Control+Large,identified_diets,-0.5565461482939659,0.6256110619338396,0.05
shortfall_3,Gikuriro,Control+Large,weighted_baseline,-0.5860817361093971,0.6514187451260937,0.05
shortfall_3,Gikuriro,Lower+Large,identified_diets,-0.5565461482939659,0.8590496665060268,0.05
shortfall_3,Gikuriro,Lower+Large,weighted_baseline,-0.5860817361093971,0.8942138612991223,0.05
shortfall_3,Gikuriro,Middle+Large,identified_diets,-0.5565461482939659,0.8792054008547786,0.05
shortfall_3,Gikuriro,Middle+Large,weighted_baseline,-0.5860817361093971,0.9127484725790735,0.05
shortfall_3,Gikuriro,Upper+Large,identified_diets,-0.5565461482939659,0.9106339671800812,0.05
shortfall_3,Gikuriro,Upper+Large,weighted_baseline,-0.5860817361093971,0.9340854286773077,0.05
shortfall_3,Control,Lower,identified_diets,-0.5564748702576361,0.8617942559720448,0.05
shortfall_3,Control,Lower,weighted_baseline,-0.5824951778584277,0.89876802435104,0.05
shortfall_3,Control,Middle,identified_diets,-0.5564748702576361,0.8817815908917677,0.05
shortfall_3,Control,Middle,weighted_baseline,-0.5824951778584277,0.9159370478719236,0.05
shortfall_3,Control,Upper,identified_diets,-0.5564748702576361,0.9111858542494645,0.05
shortfall_3,Control,Upper,weighted_baseline,-0.5824951778584277,0.9346233926784505,0.05
shortfall_3,Control,Control+Large,identified_diets,-0.13388007568890603,0.20301626736510964,0.05
shortfall_3,Control,Control+Large,weighted_baseline,-0.14014019800032285,0.20906376526798875,0.05
shortfall_3,Control,Lower+Large,identified_diets,-0.5564748702576361,0.8590496665060268,0.05
shortfall_3,Control,Lower+Large,weighted_baseline,-0.5824951778584277,0.8942138612991223,0.05
shortfall_3,Control,Middle+Large,identified_diets,-0.5564748702576361,0.8792054008547786,0.05
shortfall_3,Control,Middle+Large,weighted_baseline,-0.5824951778584277,0.9127484725790735,0.05
shortfall_3,Control,Upper+Large,identified_diets,-0.5564748702576361,0.9106339671800812,0.05
shortfall_3,Control,Upper+Large,weighted_baseline,-0.5824951778584277,0.9340854286773077,0.05
shortfall_3,Lower,Middle,identified_diets,-0.8617942559720448,0.8817815908917677,0.05
shortfall_3,Lower,Middle,weighted_baseline,-0.89876802435104,0.9159370478719236,0.05
shortfall_3,Lower,Upper,identified_diets,-0.8617942559720448,0.9111858542494645,0.05
shortfall_3,Lower,Upper,weighted_baseline,-0.89876802435104,0.9346233926784505,0.05
shortfall_3,Lower,Control+Large,identified_diets,-0.8617942559720448,0.6256110619338396,0.05
shortfall_3,Lower,Control+Large,weighted_baseline,-0.89876802435104,0.6514187451260937,0.05
shortfall_3,Lower,Lower+Large,identified_diets,-0.1317435826618103,0.12899899319579225,0.05
shortfall_3,Lower,Lower+Large,weighted_baseline,-0.13739580960229106,0.13284164655037337,0.05
shortfall_3,Lower,Middle+Large,identified_diets,-0.8617942559720448,0.8792054008547786,0.05
shortfall_3,Lower,Middle+Large,weighted_baseline,-0.89876802435104,0.9127484725790735,0.05
shortfall_3,Lower,Upper+Large,identified_diets,-0.8617942559720448,0.9106339671800812,0.05
shortfall_3,Lower,Upper+Large,weighted_baseline,-0.89876802435104,0.9340854286773077,0.05
shortfall_3,Middle,Upper,identified_diets,-0.8817815908917677,0.9111858542494645,0.05
shortfall_3,Middle,Upper,weighted_baseline,-0.9159370478719236,0.9346233926784505,0.05
shortfall_3,Middle,Control+Large,identified_diets,-0.8817815908917677,0.6256110619338396,0.05
shortfall_3,Middle,Control+Large,weighted_baseline,-0.9159370478719236,0.6514187451260937,0.05
shortfall_3,Middle,Lower+Large,identified_diets,-0.8817815908917677,0.8590496665060268,0.05
shortfall_3,Middle,Lower+Large,weighted_baseline,-0.9159370478719236,0.8942138612991223,0.05
shortfall_3,Middle,Middle+Large,identified_diets,-0.05987298472519523,0.05729679468820617,0.05
shortfall_3,Middle,Middle+Large,weighted_baseline,-0.0621921408236876,0.059003565530837535,0.05
shortfall_3,Middle,Upper+Large,identified_diets,-0.8817815908917677,0.9106339671800812,0.05
shortfall_3,Middle,Upper+Large,weighted_baseline,-0.9159370478719236,0.9340854286773077,0.05
shortfall_3,Upper,Control+Large,identified_diets,-0.9111858542494645,0.6256110619338396,0.05
shortfall_3,Upper,Control+Large,weighted_baseline,-0.9346233926784505,0.6514187451260937,0.05
shortfall_3,Upper,Lower+Large,identified_diets,-0.9111858542494645,0.8590496665060268,0.05
shortfall_3,Upper,Lower+Large,weighted_baseline,-0.9346233926784505,0.8942138612991223,0.05
shortfall_3,Upper,Middle+Large,identified_diets,-0.9111858542494645,0.8792054008547786,0.05
shortfall_3,Upper,Middle+Large,weighted_baseline,-0.9346233926784505,0.9127484725790735,0.05
shortfall_3,Upper,Upper+Large,identified_diets,-0.007467075783651526,0.006915188714268219,0.05
shortfall_3,Upper,Upper+Large,weighted_baseline,-0.007659144037142618,0.007121180035999798,0.05
shortfall_3,Control+Large,Lower+Large,identified_diets,-0.4966120687380474,0.7300506733102345,0.05
shortfall_3,Control+Large,Lower+Large,weighted_baseline,-0.5185770985757203,0.7613722147487489,0.05
shortfall_3,Control+Large,Middle+Large,identified_diets,-0.5683142672456335,0.8219086061665725,0.05
shortfall_3,Control+Large,Middle+Large,weighted_baseline,-0.5924151795952561,0.853744907048236,0.05
shortfall_3,Control+Large,Upper+Large,identified_diets,-0.6186958732195714,0.9037187784658129,0.05
shortfall_3,Control+Large,Upper+Large,weighted_baseline,-0.6442975650900938,0.9269642486413079,0.05
shortfall_3,Lower+Large,Middle+Large,identified_diets,-0.8017528718178206,0.8219086061665725,0.05
shortfall_3,Lower+Large,Middle+Large,weighted_baseline,-0.8352102957682848,0.853744907048236,0.05
shortfall_3,Lower+Large,Upper+Large,identified_diets,-0.8521344777917585,0.9037187784658129,0.05
shortfall_3,Lower+Large,Upper+Large,weighted_baseline,-0.8870926812631225,0.9269642486413079,0.05
shortfall_3,Middle+Large,Upper+Large,identified_diets,-0.8722902121405104,0.9037187784658129,0.05
shortfall_3,Middle+Large,Upper+Large,weighted_baseline,-0.9056272925430737,0.9269642486413079,0.05
shortfall_4,Gikuriro,Control,identified_diets,-0.6036279136248229,0.6021469644126898,0.05
shortfall_4,Gikuriro,Control,weighted_baseline,-0.6320878795736673,0.6264320118900358,0.05
shortfall_4,Gikuriro,Lower,identified_diets,-0.6036279136248229,0.9023257529499961,0.05
shortfall_4,Gikuriro,Lower,weighted_baseline,-0.6320878795736673,0.9378735681688471,0.05
shortfall_4,Gikuriro,Middle,identified_diets,-0.6036279136248229,0.9456630058698162,0.05
shortfall_4,Gikuriro,Middle,weighted_baseline,-0.6320878795736673,0.9785287509393107,0.05
shortfall_4,Gikuriro,Upper,identified_diets,-0.6036279136248229,0.9406552054489634,0.05
shortfall_4,Gikuriro,Upper,weighted_baseline,-0.6320878795736673,0.963747905052695,0.05
shortfall_4,Gikuriro,Control+Large,identified_diets,-0.6036279136248229,0.6673181013007798,0.05
shortfall_4,Gikuriro,Control+Large,weighted_baseline,-0.6320878795736673,0.69161407709555,0.05
shortfall_4,Gikuriro,Lower+Large,identified_diets,-0.6036279136248229,0.8978475693069877,0.05
shortfall_4,Gikuriro,Lower+Large,weighted_baseline,-0.6320878795736673,0.9316805748990628,0.05
shortfall_4,Gikuriro,Middle+Large,identified_diets,-0.6036279136248229,0.9407313547331833,0.05
shortfall_4,Gikuriro,Middle+Large,weighted_baseline,-0.6320878795736673,0.9730175545659294,0.05
shortfall_4,Gikuriro,Upper+Large,identified_diets,-0.6036279136248229,0.9401010395712779,0.05
shortfall_4,Gikuriro,Upper+Large,weighted_baseline,-0.6320878795736673,0.9632038825880287,0.05
shortfall_4,Control,Lower,identified_diets,-0.6021469644126898,0.9023257529499961,0.05
shortfall_4,Control,Lower,weighted_baseline,-0.6264320118900358,0.9378735681688471,0.05
shortfall_4,Control,Middle,identified_diets,-0.6021469644126898,0.9456630058698162,0.05
shortfall_4,Control,Middle,weighted_baseline,-0.6264320118900358,0.9785287509393107,0.05
shortfall_4,Control,Upper,identified_diets,-0.6021469644126898,0.9406552054489634,0.05
shortfall_4,Control,Upper,weighted_baseline,-0.6264320118900358,0.963747905052695,0.05
shortfall_4,Control,Control+Large,identified_diets,-0.14486814316357655,0.2100392800516666,0.05
shortfall_4,Control,Control+Large,weighted_baseline,-0.15071078614378966,0.21589285134930378,0.05
shortfall_4,Control,Lower+Large,identified_diets,-0.6021469644126898,0.8978475693069877,0.05
shortfall_4,Control,Lower+Large,weighted_baseline,-0.6264320118900358,0.9316805748990628,0.05
shortfall_4,Control,Middle+Large,identified_diets,-0.6021469644126898,0.9407313547331833,0.05
shortfall_4,Control,Middle+Large,weighted_baseline,-0.6264320118900358,0.9730175545659294,0.05
shortfall_4,Control,Upper+Large,identified_diets,-0.6021469644126898,0.9401010395712779,0.05
shortfall_4,Control,Upper+Large,weighted_baseline,-0.6264320118900358,0.9632038825880287,0.05
shortfall_4,Lower,Middle,identified_diets,-0.9023257529499961,0.9456630058698162,0.05
shortfall_4,Lower,Middle,weighted_baseline,-0.9378735681688471,0.9785287509393107,0.05
shortfall_4,Lower,Upper,identified_diets,-0.9023257529499961,0.9406552054489634,0.05
shortfall_4,Lower,Upper,weighted_baseline,-0.9378735681688471,0.963747905052695,0.05
shortfall_4,Lower,Control+Large,identified_diets,-0.9023257529499961,0.6673181013007798,0.05
shortfall_4,Lower,Control+Large,weighted_baseline,-0.9378735681688471,0.69161407709555,0.05
shortfall_4,Lower,Lower+Large,identified_diets,-0.13793968409265442,0.13346150044964608,0.05
shortfall_4,Lower,Lower+Large,weighted_baseline,-0.1433739237621323,0.13718093049234792,0.05
shortfall_4,Lower,Middle+Large,identified_diets,-0.9023257529499961,0.9407313547331833,0.05
shortfall_4,Lower,Middle+Large,weighted_baseline,-0.9378735681688471,0.9730175545659294,0.05
shortfall_4,Lower,Upper+Large,identified_diets,-0.9023257529499961,0.9401010395712779,0.05
shortfall_4,Lower,Upper+Large,weighted_baseline,-0.9378735681688471,0.9632038825880287,0.05
shortfall_4,Middle,Upper,identified_diets,-0.9456630058698162,0.9406552054489634,0.05
shortfall_4,Middle,Upper,weighted_baseline,-0.9785287509393107,0.963747905052695,0.05
shortfall_4,Middle,Control+Large,identified_diets,-0.9456630058698162,0.6673181013007798,0.05
shortfall_4,Middle,Control+Large,weighted_baseline,-0.9785287509393107,0.69161407709555,0.05
shortfall_4,Middle,Lower+Large,identified_diets,-0.9456630058698162,0.8978475693069877,0.05
shortfall_4,Middle,Lower+Large,weighted_baseline,-0.9785287509393107,0.9316805748990628,0.05
shortfall_4,Middle,Middle+Large,identified_diets,-0.0642105338674227,0.05927888273078969,0.05
shortfall_4,Middle,Middle+Large,weighted_baseline,-0.06644211850567529,0.06093092213229399,0.05
shortfall_4,Middle,Upper+Large,identified_diets,-0.9456630058698162,0.9401010395712779,0.05
shortfall_4,Middle,Upper+Large,weighted_baseline,-0.9785287509393107,0.9632038825880287,0.05
shortfall_4,Upper,Control+Large,identified_diets,-0.9406552054489634,0.6673181013007798,0.05
shortfall_4,Upper,Control+Large,weighted_baseline,-0.963747905052695,0.69161407709555,0.05
shortfall_4,Upper,Lower+Large,identified_diets,-0.9406552054489634,0.8978475693069877,0.05
shortfall_4,Upper,Lower+Large,weighted_baseline,-0.963747905052695,0.9316805748990628,0.05
shortfall_4,Upper,Middle+Large,identified_diets,-0.9406552054489634,0.9407313547331833,0.05
shortfall_4,Upper,Middle+Large,weighted_baseline,-0.963747905052695,0.9730175545659294,0.05
shortfall_4,Upper,Upper+Large,identified_diets,-0.007708574131848506,0.007154408254163021,0.05
shortfall_4,Upper,Upper+Large,weighted_baseline,-0.007897816466094571,0.007353794001428224,0.05
shortfall_4,Control+Large,Lower+Large,identified_diets,-0.5338566008511337,0.7643860688573416,0.05
shortfall_4,Control+Large,Lower+Large,weighted_baseline,-0.5544331466032021,0.7944996444067148,0.05
shortfall_4,Control+Large,Middle+Large,identified_diets,-0.6080392185699901,0.8814524720023935,0.05
shortfall_4,Control+Large,Middle+Large,weighted_baseline,-0.630683154963256,0.9120866324336354,0.05
shortfall_4,Control+Large,Upper+Large,identified_diets,-0.6601636930466168,0.9329466313171149,0.05
shortfall_4,Control+Large,Upper+Large,weighted_baseline,-0.6842602830941218,0.9558500885866005,0.05
shortfall_4,Lower+Large,Middle+Large,identified_diets,-0.838568686576198,0.8814524720023935,0.05
shortfall_4,Lower+Large,Middle+Large,weighted_baseline,-0.8707496527667687,0.9120866324336354,0.05
shortfall_4,Lower+Large,Upper+Large,identified_diets,-0.8906931610528247,0.9329466313171149,0.05
shortfall_4,Lower+Large,Upper+Large,weighted_baseline,-0.9243267808976345,0.9558500885866005,0.05
shortfall_4,Middle+Large,Upper+Large,identified_diets,-0.9335769464790202,0.9329466313171149,0.05
shortfall_4,Middle+Large,Upper+Large,weighted_baseline,-0.9656637605645012,0.9558500885866005,0.05
shortfall_5,Gikuriro,Control,identified_diets,-0.6705485847948511,0.6710522477590674,0.05
shortfall_5,Gikuriro,Control,weighted_baseline,-0.6973605886120617,0.6927193160809194,0.05
shortfall_5,Gikuriro,Lower,identified_diets,-0.6705485847948511,0.9555761047600906,0.05
shortfall_5,Gikuriro,Lower,weighted_baseline,-0.6973605886120617,0.9892505002164372,0.05
shortfall_5,Gikuriro,Middle,identified_diets,-0.6705485847948511,1.0,0.05
shortfall_5,Gikuriro,Middle,weighted_baseline,-0.6973605886120617,1.0,0.05
shortfall_5,Gikuriro,Upper,identified_diets,-0.6705485847948511,0.9925437723499275,0.05
shortfall_5,Gikuriro,Upper,weighted_baseline,-0.6973605886120617,1.0,0.05
shortfall_5,Gikuriro,Control+Large,identified_diets,-0.6705485847948511,0.7307002374807267,0.05
shortfall_5,Gikuriro,Control+Large,weighted_baseline,-0.6973605886120617,0.7529557247555696,0.05
shortfall_5,Gikuriro,Lower+Large,identified_diets,-0.6705485847948511,0.9499816358368244,0.05
shortfall_5,Gikuriro,Lower+Large,weighted_baseline,-0.6973605886120617,0.9821943444648193,0.05
shortfall_5,Gikuriro,Middle+Large,identified_diets,-0.6705485847948511,0.9944987513533837,0.05
shortfall_5,Gikuriro,Middle+Large,weighted_baseline,-0.6973605886120617,0.9961360137249176,0.05
shortfall_5,Gikuriro,Upper+Large,identified_diets,-0.6705485847948511,0.9919409259785451,0.05
shortfall_5,Gikuriro,Upper+Large,weighted_baseline,-0.6973605886120617,0.9995336528958217,0.05
shortfall_5,Control,Lower,identified_diets,-0.6710522477590674,0.9555761047600906,0.05
shortfall_5,Control,Lower,weighted_baseline,-0.6927193160809194,0.9892505002164372,0.05
shortfall_5,Control,Middle,identified_diets,-0.6710522477590674,1.0,0.05
shortfall_5,Control,Middle,weighted_baseline,-0.6927193160809194,1.0,0.05
shortfall_5,Control,Upper,identified_diets,-0.6710522477590674,0.9925437723499275,0.05
shortfall_5,Control,Upper,weighted_baseline,-0.6927193160809194,1.0,0.05
shortfall_5,Control,Control+Large,identified_diets,-0.16144579121713115,0.22109378093879054,0.05
shortfall_5,Control,Control+Large,weighted_baseline,-0.16665858500518352,0.22689499367983362,0.05
shortfall_5,Control,Lower+Large,identified_diets,-0.6710522477590674,0.9499816358368244,0.05
shortfall_5,Control,Lower+Large,weighted_baseline,-0.6927193160809194,0.9821943444648193,0.05
shortfall_5,Control,Middle+Large,identified_diets,-0.6710522477590674,0.9944987513533837,0.05
shortfall_5,Control,Middle+Large,weighted_baseline,-0.6927193160809194,0.9961360137249176,0.05
shortfall_5,Control,Upper+Large,identified_diets,-0.6710522477590674,0.9919409259785451,0.05
shortfall_5,Control,Upper+Large,weighted_baseline,-0.6927193160809194,0.9995336528958217,0.05
shortfall_5,Lower,Middle,identified_diets,-0.9555761047600906,1.0,0.05
shortfall_5,Lower,Middle,weighted_baseline,-0.9892505002164372,1.0,0.05
shortfall_5,Lower,Upper,identified_diets,-0.9555761047600906,0.9925437723499275,0.05
shortfall_5,Lower,Upper,weighted_baseline,-0.9892505002164372,1.0,0.05
shortfall_5,Lower,Control+Large,identified_diets,-0.9555761047600906,0.7307002374807267,0.05
shortfall_5,Lower,Control+Large,weighted_baseline,-0.9892505002164372,0.7529557247555696,0.05
shortfall_5,Lower,Lower+Large,identified_diets,-0.14608013301865796,0.1404856640953917,0.05
shortfall_5,Lower,Lower+Large,weighted_baseline,-0.15122798062920598,0.1441718248775881,0.05
shortfall_5,Lower,Middle+Large,identified_diets,-0.9555761047600906,0.9944987513533837,0.05
shortfall_5,Lower,Middle+Large,weighted_baseline,-0.9892505002164372,0.9961360137249176,0.05
shortfall_5,Lower,Upper+Large,identified_diets,-0.9555761047600906,0.9919409259785451,0.05
shortfall_5,Lower,Upper+Large,weighted_baseline,-0.9892505002164372,0.9995336528958217,0.05
shortfall_5,Middle,Upper,identified_diets,-1.0,0.9925437723499275,0.05
shortfall_5,Middle,Upper,weighted_baseline,-1.0,1.0,0.05
shortfall_5,Middle,Control+Large,identified_diets,-1.0,0.7307002374807267,0.05
shortfall_5,Middle,Control+Large,weighted_baseline,-1.0,0.7529557247555696,0.05
shortfall_5,Middle,Lower+Large,identified_diets,-1.0,0.9499816358368244,0.05
shortfall_5,Middle,Lower+Large,weighted_baseline,-1.0,0.9821943444648193,0.05
shortfall_5,Middle,Middle+Large,identified_diets,-0.06790001667492762,0.062398768028311354,0.05
shortfall_5,Middle,Middle+Large,weighted_baseline,-0.06790001667492762,0.06403603039984522,0.05
shortfall_5,Middle,Upper+Large,identified_diets,-1.0,0.9919409259785451,0.05
shortfall_5,Middle,Upper+Large,weighted_baseline,-1.0,0.9995336528958217,0.05
shortfall_5,Upper,Control+Large,identified_diets,-0.9925437723499275,0.7307002374807267,0.05
shortfall_5,Upper,Control+Large,weighted_baseline,-1.0,0.7529557247555696,0.05
shortfall_5,Upper,Lower+Large,identified_diets,-0.9925437723499275,0.9499816358368244,0.05
shortfall_5,Upper,Lower+Large,weighted_baseline,-1.0,0.9821943444648193,0.05
shortfall_5,Upper,Middle+Large,identified_diets,-0.9925437723499275,0.9944987513533837,0.05
shortfall_5,Upper,Middle+Large,weighted_baseline,-1.0,0.9961360137249176,0.05
shortfall_5,Upper,Upper+Large,identified_diets,-0.008133795681928117,0.0075309493105456034,0.05
shortfall_5,Upper,Upper+Large,weighted_baseline,-0.008194898712296284,0.007728551608118062,0.05
shortfall_5,Control+Large,Lower+Large,identified_diets,-0.590214573385335,0.8094959717414326,0.05
shortfall_5,Control+Large,Lower+Large,weighted_baseline,-0.6087838998779814,0.8380225195872313,0.05
shortfall_5,Control+Large,Middle+Large,identified_diets,-0.6683014694524153,0.9320999833250724,0.05
shortfall_5,Control+Large,Middle+Large,weighted_baseline,-0.6889196943557243,0.9320999833250724,0.05
shortfall_5,Control+Large,Upper+Large,identified_diets,-0.7231692881701811,0.9844099766679995,0.05
shortfall_5,Control+Large,Upper+Large,weighted_baseline,-0.7452271731474515,0.9918051012877037,0.05
shortfall_5,Lower+Large,Middle+Large,identified_diets,-0.8875828678085129,0.9320999833250724,0.05
shortfall_5,Lower+Large,Middle+Large,weighted_baseline,-0.9181583140649742,0.9320999833250724,0.05
shortfall_5,Lower+Large,Upper+Large,identified_diets,-0.9424506865262787,0.9844099766679995,0.05
shortfall_5,Lower+Large,Upper+Large,weighted_baseline,-0.9744657928567013,0.9918051012877037,0.05
shortfall_5,Middle+Large,Upper+Large,identified_diets,-0.9869678020428381,0.9844099766679995,0.05
shortfall_5,Middle+Large,Upper+Large,weighted_baseline,-0.9884074621167995,0.9918051012877037,0.05
shortfall_6,Gikuriro,Control,identified_diets,-0.7490257230500768,0.7510189336957495,0.05
shortfall_6,Gikuriro,Control,weighted_baseline,-0.7738611538479938,0.7699389240197902,0.05
shortfall_6,Gikuriro,Lower,identified_diets,-0.7490257230500768,1.0,0.05
shortfall_6,Gikuriro,Lower,weighted_baseline,-0.7738611538479938,1.0,0.05
shortfall_6,Gikuriro,Middle,identified_diets,-0.7490257230500768,1.0,0.05
shortfall_6,Gikuriro,Middle,weighted_baseline,-0.7738611538479938,1.0,0.05
shortfall_6,Gikuriro,Upper,identified_diets,-0.7490257230500768,1.0,0.05
shortfall_6,Gikuriro,Upper,weighted_baseline,-0.7738611538479938,1.0,0.05
shortfall_6,Gikuriro,Control+Large,identified_diets,-0.7490257230500768,0.8089175473013663,0.05
shortfall_6,Gikuriro,Control+Large,weighted_baseline,-0.7738611538479938,0.8252884032353416,0.05
shortfall_6,Gikuriro,Lower+Large,identified_diets,-0.7490257230500768,0.9987274278859769,0.05
shortfall_6,Gikuriro,Lower+Large,weighted_baseline,-0.7738611538479938,1.0,0.05
shortfall_6,Gikuriro,Middle+Large,identified_diets,-0.7490257230500768,0.9994347684323982,0.05
shortfall_6,Gikuriro,Middle+Large,weighted_baseline,-0.7738611538479938,1.0,0.05
shortfall_6,Gikuriro,Upper+Large,identified_diets,-0.7490257230500768,0.9999317818216795,0.05
shortfall_6,Gikuriro,Upper+Large,weighted_baseline,-0.7738611538479938,1.0,0.05
shortfall_6,Control,Lower,identified_diets,-0.7510189336957495,1.0,0.05
shortfall_6,Control,Lower,weighted_baseline,-0.7699389240197902,1.0,0.05
shortfall_6,Control,Middle,identified_diets,-0.7510189336957495,1.0,0.05
shortfall_6,Control,Middle,weighted_baseline,-0.7699389240197902,1.0,0.05
shortfall_6,Control,Upper,identified_diets,-0.7510189336957495,1.0,0.05
shortfall_6,Control,Upper,weighted_baseline,-0.7699389240197902,1.0,0.05
shortfall_6,Control,Control+Large,identified_diets,-0.1806846581238027,0.23858327172941962,0.05
shortfall_6,Control,Control+Large,weighted_baseline,-0.18523654334270437,0.24058602255825573,0.05
shortfall_6,Control,Lower+Large,identified_diets,-0.7510189336957495,0.9987274278859769,0.05
shortfall_6,Control,Lower+Large,weighted_baseline,-0.7699389240197902,1.0,0.05
shortfall_6,Control,Middle+Large,identified_diets,-0.7510189336957495,0.9994347684323982,0.05
shortfall_6,Control,Middle+Large,weighted_baseline,-0.7699389240197902,1.0,0.05
shortfall_6,Control,Upper+Large,identified_diets,-0.7510189336957495,0.9999317818216795,0.05
shortfall_6,Control,Upper+Large,weighted_baseline,-0.7699389240197902,1.0,0.05
shortfall_6,Lower,Middle,identified_diets,-1.0,1.0,0.05
shortfall_6,Lower,Middle,weighted_baseline,-1.0,1.0,0.05
shortfall_6,Lower,Upper,identified_diets,-1.0,1.0,0.05
shortfall_6,Lower,Upper,weighted_baseline,-1.0,1.0,0.05
shortfall_6,Lower,Control+Large,identified_diets,-1.0,0.8089175473013663,0.05
shortfall_6,Lower,Control+Large,weighted_baseline,-1.0,0.8252884032353416,0.05
shortfall_6,Lower,Lower+Large,identified_diets,-0.15287127031638492,0.15159869820236185,0.05
shortfall_6,Lower,Lower+Large,weighted_baseline,-0.15287127031638492,0.15287127031638495,0.05
shortfall_6,Lower,Middle+Large,identified_diets,-1.0,0.9994347684323982,0.05
shortfall_6,Lower,Middle+Large,weighted_baseline,-1.0,1.0,0.05
shortfall_6,Lower,Upper+Large,identified_diets,-1.0,0.9999317818216795,0.05
shortfall_6,Lower,Upper+Large,weighted_baseline,-1.0,1.0,0.05
shortfall_6,Middle,Upper,identified_diets,-1.0,1.0,0.05
shortfall_6,Middle,Upper,weighted_baseline,-1.0,1.0,0.05
shortfall_6,Middle,Control+Large,identified_diets,-1.0,0.8089175473013663,0.05
shortfall_6,Middle,Control+Large,weighted_baseline,-1.0,0.8252884032353416,0.05
shortfall_6,Middle,Lower+Large,identified_diets,-1.0,0.9987274278859769,0.05
shortfall_6,Middle,Lower+Large,weighted_baseline,-1.0,1.0,0.05
shortfall_6,Middle,Middle+Large,identified_diets,-0.06790001667492762,0.06733478510732581,0.05
shortfall_6,Middle,Middle+Large,weighted_baseline,-0.06790001667492762,0.06790001667492766,0.05
shortfall_6,Middle,Upper+Large,identified_diets,-1.0,0.9999317818216795,0.05
shortfall_6,Middle,Upper+Large,weighted_baseline,-1.0,1.0,0.05
shortfall_6,Upper,Control+Large,identified_diets,-1.0,0.8089175473013663,0.05
shortfall_6,Upper,Control+Large,weighted_baseline,-1.0,0.8252884032353416,0.05
shortfall_6,Upper,Lower+Large,identified_diets,-1.0,0.9987274278859769,0.05
shortfall_6,Upper,Lower+Large,weighted_baseline,-1.0,1.0,0.05
shortfall_6,Upper,Middle+Large,identified_diets,-1.0,0.9994347684323982,0.05
shortfall_6,Upper,Middle+Large,weighted_baseline,-1.0,1.0,0.05
shortfall_6,Upper,Upper+Large,identified_diets,-0.008194898712296284,0.008126680533975838,0.05
shortfall_6,Upper,Upper+Large,weighted_baseline,-0.008194898712296284,0.008194898712296256,0.05
shortfall_6,Control+Large,Lower+Large,identified_diets,-0.6573188490990045,0.8471287296836151,0.05
shortfall_6,Control+Large,Lower+Large,weighted_baseline,-0.6724171329189567,0.8471287296836151,0.05
shortfall_6,Control+Large,Middle+Large,identified_diets,-0.7415827621940405,0.9320999833250724,0.05
shortfall_6,Control+Large,Middle+Large,weighted_baseline,-0.757388386560414,0.9320999833250724,0.05
shortfall_6,Control+Large,Upper+Large,identified_diets,-0.8007908667673905,0.9918051012877037,0.05
shortfall_6,Control+Large,Upper+Large,weighted_baseline,-0.8170935045230454,0.9918051012877037,0.05
shortfall_6,Lower+Large,Middle+Large,identified_diets,-0.9313926427786511,0.9320999833250724,0.05
shortfall_6,Lower+Large,Middle+Large,weighted_baseline,-0.9320999833250724,0.9320999833250724,0.05
shortfall_6,Lower+Large,Upper+Large,identified_diets,-0.9906007473520011,0.9918051012877037,0.05
shortfall_6,Lower+Large,Upper+Large,weighted_baseline,-0.9918051012877038,0.9918051012877037,0.05
shortfall_6,Middle+Large,Upper+Large,identified_diets,-0.9913080878984224,0.9918051012877037,0.05
shortfall_6,Middle+Large,Upper+Large,weighted_baseline,-0.9918051012877038,0.9918051012877037,0.05
shortfall_7,Gikuriro,Control,identified_diets,-0.8271408339908031,0.8349633623272505,0.05
shortfall_7,Gikuriro,Control,weighted_baseline,-0.8499925054309823,0.8519949572495141,0.05
shortfall_7,Gikuriro,Lower,identified_diets,-0.8271408339908031,1.0,0.05
shortfall_7,Gikuriro,Lower,weighted_baseline,-0.8499925054309823,1.0,0.05
shortfall_7,Gikuriro,Middle,identified_diets,-0.8271408339908031,1.0,0.05
shortfall_7,Gikuriro,Middle,weighted_baseline,-0.8499925054309823,1.0,0.05
shortfall_7,Gikuriro,Upper,identified_diets,-0.8271408339908031,1.0,0.05
shortfall_7,Gikuriro,Upper,weighted_baseline,-0.8499925054309823,1.0,0.05
shortfall_7,Gikuriro,Control+Large,identified_diets,-0.8271408339908031,0.8746688705613255,0.05
shortfall_7,Gikuriro,Control+Large,weighted_baseline,-0.8499925054309823,0.8876029018034182,0.05
shortfall_7,Gikuriro,Lower+Large,identified_diets,-0.8271408339908031,1.0,0.05
shortfall_7,Gikuriro,Lower+Large,weighted_baseline,-0.8499925054309823,1.0,0.05
shortfall_7,Gikuriro,Middle+Large,identified_diets,-0.8271408339908031,1.0,0.05
shortfall_7,Gikuriro,Middle+Large,weighted_baseline,-0.8499925054309823,1.0,0.05
shortfall_7,Gikuriro,Upper+Large,identified_diets,-0.8271408339908031,1.0,0.05
shortfall_7,Gikuriro,Upper+Large,weighted_baseline,-0.8499925054309823,1.0,0.05
shortfall_7,Control,Lower,identified_diets,-0.8349633623272505,1.0,0.05
shortfall_7,Control,Lower,weighted_baseline,-0.8519949572495141,1.0,0.05
shortfall_7,Control,Middle,identified_diets,-0.8349633623272505,1.0,0.05
shortfall_7,Control,Middle,weighted_baseline,-0.8519949572495141,1.0,0.05
shortfall_7,Control,Upper,identified_diets,-0.8349633623272505,1.0,0.05
shortfall_7,Control,Upper,weighted_baseline,-0.8519949572495141,1.0,0.05
shortfall_7,Control,Control+Large,identified_diets,-0.20088051432418091,0.24058602255825573,0.05
shortfall_7,Control,Control+Large,weighted_baseline,-0.2049780780043517,0.24058602255825573,0.05
shortfall_7,Control,Lower+Large,identified_diets,-0.8349633623272505,1.0,0.05
shortfall_7,Control,Lower+Large,weighted_baseline,-0.8519949572495141,1.0,0.05
shortfall_7,Control,Middle+Large,identified_diets,-0.8349633623272505,1.0,0.05
shortfall_7,Control,Middle+Large,weighted_baseline,-0.8519949572495141,1.0,0.05
shortfall_7,Control,Upper+Large,identified_diets,-0.8349633623272505,1.0,0.05
shortfall_7,Control,Upper+Large,weighted_baseline,-0.8519949572495141,1.0,0.05
shortfall_7,Lower,Middle,identified_diets,-1.0,1.0,0.05
shortfall_7,Lower,Middle,weighted_baseline,-1.0,1.0,0.05
shortfall_7,Lower,Upper,identified_diets,-1.0,1.0,0.05
shortfall_7,Lower,Upper,weighted_baseline,-1.0,1.0,0.05
shortfall_7,Lower,Control+Large,identified_diets,-1.0,0.8746688705613255,0.05
shortfall_7,Lower,Control+Large,weighted_baseline,-1.0,0.8876029018034182,0.05
shortfall_7,Lower,Lower+Large,identified_diets,-0.15287127031638492,0.15287127031638495,0.05
shortfall_7,Lower,Lower+Large,weighted_baseline,-0.15287127031638492,0.15287127031638495,0.05
shortfall_7,Lower,Middle+Large,identified_diets,-1.0,1.0,0.05
shortfall_7,Lower,Middle+Large,weighted_baseline,-1.0,1.0,0.05
shortfall_7,Lower,Upper+Large,identified_diets,-1.0,1.0,0.05
shortfall_7,Lower,Upper+Large,weighted_baseline,-1.0,1.0,0.05
shortfall_7,Middle,Upper,identified_diets,-1.0,1.0,0.05
shortfall_7,Middle,Upper,weighted_baseline,-1.0,1.0,0.05
shortfall_7,Middle,Control+Large,identified_diets,-1.0,0.8746688705613255,0.05
shortfall_7,Middle,Control+Large,weighted_baseline,-1.0,0.8876029018034182,0.05
shortfall_7,Middle,Lower+Large,identified_diets,-1.0,1.0,0.05
shortfall_7,Middle,Lower+Large,weighted_baseline,-1.0,1.0,0.05
shortfall_7,Middle,Middle+Large,identified_diets,-0.06790001667492762,0.06790001667492766,0.05
shortfall_7,Middle,Middle+Large,weighted_baseline,-0.06790001667492762,0.06790001667492766,0.05
shortfall_7,Middle,Upper+Large,identified_diets,-1.0,1.0,0.05
shortfall_7,Middle,Upper+Large,weighted_baseline,-1.0,1.0,0.05
shortfall_7,Upper,Control+Large,identified_diets,-1.0,0.8746688705613255,0.05
shortfall_7,Upper,Control+Large,weighted_baseline,-1.0,0.8876029018034182,0.05
shortfall_7,Upper,Lower+Large,identified_diets,-1.0,1.0,0.05
shortfall_7,Upper,Lower+Large,weighted_baseline,-1.0,1.0,0.05
shortfall_7,Upper,Middle+Large,identified_diets,-1.0,1.0,0.05
shortfall_7,Upper,Middle+Large,weighted_baseline,-1.0,1.0,0.05
shortfall_7,Upper,Upper+Large,identified_diets,-0.008194898712296284,0.008194898712296256,0.05
shortfall_7,Upper,Upper+Large,weighted_baseline,-0.008194898712296284,0.008194898712296256,0.05
shortfall_7,Control+Large,Lower+Large,identified_diets,-0.7217976002449404,0.8471287296836151,0.05
shortfall_7,Control+Large,Lower+Large,weighted_baseline,-0.7347316314870332,0.8471287296836151,0.05
shortfall_7,Control+Large,Middle+Large,identified_diets,-0.8067688538863977,0.9320999833250724,0.05
shortfall_7,Control+Large,Middle+Large,weighted_baseline,-0.8197028851284905,0.9320999833250724,0.05
shortfall_7,Control+Large,Upper+Large,identified_diets,-0.8664739718490292,0.9918051012877037,0.05
shortfall_7,Control+Large,Upper+Large,weighted_baseline,-0.879408003091122,0.9918051012877037,0.05
shortfall_7,Lower+Large,Middle+Large,identified_diets,-0.9320999833250724,0.9320999833250724,0.05
shortfall_7,Lower+Large,Middle+Large,weighted_baseline,-0.9320999833250724,0.9320999833250724,0.05
shortfall_7,Lower+Large,Upper+Large,identified_diets,-0.9918051012877038,0.9918051012877037,0.05
shortfall_7,Lower+Large,Upper+Large,weighted_baseline,-0.9918051012877038,0.9918051012877037,0.05
shortfall_7,Middle+Large,Upper+Large,identified_diets,-0.9918051012877038,0.9918051012877037,0.05
shortfall_7,Middle+Large,Upper+Large,weighted_baseline,-0.9918051012877038,0.9918051012877037,0.05
shortfall_8,Gikuriro,Control,identified_diets,-0.900799180991117,0.9088245057128185,0.05
shortfall_8,Gikuriro,Control,weighted_baseline,-0.9217722802485916,0.924025563562336,0.05
shortfall_8,Gikuriro,Lower,identified_diets,-0.900799180991117,1.0,0.05
shortfall_8,Gikuriro,Lower,weighted_baseline,-0.9217722802485916,1.0,0.05
shortfall_8,Gikuriro,Middle,identified_diets,-0.900799180991117,1.0,0.05
shortfall_8,Gikuriro,Middle,weighted_baseline,-0.9217722802485916,1.0,0.05
shortfall_8,Gikuriro,Upper,identified_diets,-0.900799180991117,1.0,0.05
shortfall_8,Gikuriro,Upper,weighted_baseline,-0.9217722802485916,1.0,0.05
shortfall_8,Gikuriro,Control+Large,identified_diets,-0.900799180991117,0.9307600552381545,0.05
shortfall_8,Gikuriro,Control+Large,weighted_baseline,-0.9217722802485916,0.9423039510409787,0.05
shortfall_8,Gikuriro,Lower+Large,identified_diets,-0.900799180991117,1.0,0.05
shortfall_8,Gikuriro,Lower+Large,weighted_baseline,-0.9217722802485916,1.0,0.05
shortfall_8,Gikuriro,Middle+Large,identified_diets,-0.900799180991117,1.0,0.05
shortfall_8,Gikuriro,Middle+Large,weighted_baseline,-0.9217722802485916,1.0,0.05
shortfall_8,Gikuriro,Upper+Large,identified_diets,-0.900799180991117,1.0,0.05
shortfall_8,Gikuriro,Upper+Large,weighted_baseline,-0.9217722802485916,1.0,0.05
shortfall_8,Control,Lower,identified_diets,-0.9088245057128185,1.0,0.05
shortfall_8,Control,Lower,weighted_baseline,-0.924025563562336,1.0,0.05
shortfall_8,Control,Middle,identified_diets,-0.9088245057128185,1.0,0.05
shortfall_8,Control,Middle,weighted_baseline,-0.924025563562336,1.0,0.05
shortfall_8,Control,Upper,identified_diets,-0.9088245057128185,1.0,0.05
shortfall_8,Control,Upper,weighted_baseline,-0.924025563562336,1.0,0.05
shortfall_8,Control,Control+Large,identified_diets,-0.2186504730329197,0.24058602255825573,0.05
shortfall_8,Control,Control+Large,weighted_baseline,-0.22230763507961307,0.24058602255825573,0.05
shortfall_8,Control,Lower+Large,identified_diets,-0.9088245057128185,1.0,0.05
shortfall_8,Control,Lower+Large,weighted_baseline,-0.924025563562336,1.0,0.05
shortfall_8,Control,Middle+Large,identified_diets,-0.9088245057128185,1.0,0.05
shortfall_8,Control,Middle+Large,weighted_baseline,-0.924025563562336,1.0,0.05
shortfall_8,Control,Upper+Large,identified_diets,-0.9088245057128185,1.0,0.05
shortfall_8,Control,Upper+Large,weighted_baseline,-0.924025563562336,1.0,0.05
shortfall_8,Lower,Middle,identified_diets,-1.0,1.0,0.05
shortfall_8,Lower,Middle,weighted_baseline,-1.0,1.0,0.05
shortfall_8,Lower,Upper,identified_diets,-1.0,1.0,0.05
shortfall_8,Lower,Upper,weighted_baseline,-1.0,1.0,0.05
shortfall_8,Lower,Control+Large,identified_diets,-1.0,0.9307600552381545,0.05
shortfall_8,Lower,Control+Large,weighted_baseline,-1.0,0.9423039510409787,0.05
shortfall_8,Lower,Lower+Large,identified_diets,-0.15287127031638492,0.15287127031638495,0.05
shortfall_8,Lower,Lower+Large,weighted_baseline,-0.15287127031638492,0.15287127031638495,0.05
shortfall_8,Lower,Middle+Large,identified_diets,-1.0,1.0,0.05
shortfall_8,Lower,Middle+Large,weighted_baseline,-1.0,1.0,0.05
shortfall_8,Lower,Upper+Large,identified_diets,-1.0,1.0,0.05
shortfall_8,Lower,Upper+Large,weighted_baseline,-1.0,1.0,0.05
shortfall_8,Middle,Upper,identified_diets,-1.0,1.0,0.05
shortfall_8,Middle,Upper,weighted_baseline,-1.0,1.0,0.05
shortfall_8,Middle,Control+Large,identified_diets,-1.0,0.9307600552381545,0.05
shortfall_8,Middle,Control+Large,weighted_baseline,-1.0,0.9423039510409787,0.05
shortfall_8,Middle,Lower+Large,identified_diets,-1.0,1.0,0.05
shortfall_8,Middle,Lower+Large,weighted_baseline,-1.0,1.0,0.05
shortfall_8,Middle,Middle+Large,identified_diets,-0.06790001667492762,0.06790001667492766,0.05
shortfall_8,Middle,Middle+Large,weighted_baseline,-0.06790001667492762,0.06790001667492766,0.05
shortfall_8,Middle,Upper+Large,identified_diets,-1.0,1.0,0.05
shortfall_8,Middle,Upper+Large,weighted_baseline,-1.0,1.0,0.05
shortfall_8,Upper,Control+Large,identified_diets,-1.0,0.9307600552381545,0.05
shortfall_8,Upper,Control+Large,weighted_baseline,-1.0,0.9423039510409787,0.05
shortfall_8,Upper,Lower+Large,identified_diets,-1.0,1.0,0.05
shortfall_8,Upper,Lower+Large,weighted_baseline,-1.0,1.0,0.05
shortfall_8,Upper,Middle+Large,identified_diets,-1.0,1.0,0.05
shortfall_8,Upper,Middle+Large,weighted_baseline,-1.0,1.0,0.05
shortfall_8,Upper,Upper+Large,identified_diets,-0.008194898712296284,0.008194898712296256,0.05
shortfall_8,Upper,Upper+Large,weighted_baseline,-0.008194898712296284,0.008194898712296256,0.05
shortfall_8,Control+Large,Lower+Large,identified_diets,-0.7778887849217695,0.8471287296836151,0.05
shortfall_8,Control+Large,Lower+Large,weighted_baseline,-0.7894326807245937,0.8471287296836151,0.05
shortfall_8,Control+Large,Middle+Large,identified_diets,-0.8628600385632268,0.9320999833250724,0.05
shortfall_8,Control+Large,Middle+Large,weighted_baseline,-0.874403934366051,0.9320999833250724,0.05
shortfall_8,Control+Large,Upper+Large,identified_diets,-0.9225651565258582,0.9918051012877037,0.05
shortfall_8,Control+Large,Upper+Large,weighted_baseline,-0.9341090523286825,0.9918051012877037,0.05
shortfall_8,Lower+Large,Middle+Large,identified_diets,-0.9320999833250724,0.9320999833250724,0.05
shortfall_8,Lower+Large,Middle+Large,weighted_baseline,-0.9320999833250724,0.9320999833250724,0.05
shortfall_8,Lower+Large,Upper+Large,identified_diets,-0.9918051012877038,0.9918051012877037,0.05
shortfall_8,Lower+Large,Upper+Large,weighted_baseline,-0.9918051012877038,0.9918051012877037,0.05
shortfall_8,Middle+Large,Upper+Large,identified_diets,-0.9918051012877038,0.9918051012877037,0.05
shortfall_8,Middle+Large,Upper+Large,weighted_baseline,-0.9918051012877038,0.9918051012877037,0.05
shortfall_9,Gikuriro,Control,identified_diets,-0.9668966926047622,0.9727137473409905,0.05
shortfall_9,Gikuriro,Control,weighted_baseline,-0.9863495087018777,0.9863489194713966,0.05
shortfall_9,Gikuriro,Lower,identified_diets,-0.9668966926047622,1.0,0.05
shortfall_9,Gikuriro,Lower,weighted_baseline,-0.9863495087018777,1.0,0.05
shortfall_9,Gikuriro,Middle,identified_diets,-0.9668966926047622,1.0,0.05
shortfall_9,Gikuriro,Middle,weighted_baseline,-0.9863495087018777,1.0,0.05
shortfall_9,Gikuriro,Upper,identified_diets,-0.9668966926047622,1.0,0.05
shortfall_9,Gikuriro,Upper,weighted_baseline,-0.9863495087018777,1.0,0.05
shortfall_9,Gikuriro,Control+Large,identified_diets,-0.9668966926047622,0.9792784383387412,0.05
shortfall_9,Gikuriro,Control+Large,weighted_baseline,-0.9863495087018777,0.9896331786393957,0.05
shortfall_9,Gikuriro,Lower+Large,identified_diets,-0.9668966926047622,1.0,0.05
shortfall_9,Gikuriro,Lower+Large,weighted_baseline,-0.9863495087018777,1.0,0.05
shortfall_9,Gikuriro,Middle+Large,identified_diets,-0.9668966926047622,1.0,0.05
shortfall_9,Gikuriro,Middle+Large,weighted_baseline,-0.9863495087018777,1.0,0.05
shortfall_9,Gikuriro,Upper+Large,identified_diets,-0.9668966926047622,1.0,0.05
shortfall_9,Gikuriro,Upper+Large,weighted_baseline,-0.9863495087018777,1.0,0.05
shortfall_9,Control,Lower,identified_diets,-0.9727137473409905,1.0,0.05
shortfall_9,Control,Lower,weighted_baseline,-0.9863489194713966,1.0,0.05
shortfall_9,Control,Middle,identified_diets,-0.9727137473409905,1.0,0.05
shortfall_9,Control,Middle,weighted_baseline,-0.9863489194713966,1.0,0.05
shortfall_9,Control,Upper,identified_diets,-0.9727137473409905,1.0,0.05
shortfall_9,Control,Upper,weighted_baseline,-0.9863489194713966,1.0,0.05
shortfall_9,Control,Control+Large,identified_diets,-0.23402133156050495,0.24058602255825573,0.05
shortfall_9,Control,Control+Large,weighted_baseline,-0.23730176339025652,0.24058602255825573,0.05
shortfall_9,Control,Lower+Large,identified_diets,-0.9727137473409905,1.0,0.05
shortfall_9,Control,Lower+Large,weighted_baseline,-0.9863489194713966,1.0,0.05
shortfall_9,Control,Middle+Large,identified_diets,-0.9727137473409905,1.0,0.05
shortfall_9,Control,Middle+Large,weighted_baseline,-0.9863489194713966,1.0,0.05
shortfall_9,Control,Upper+Large,identified_diets,-0.9727137473409905,1.0,0.05
shortfall_9,Control,Upper+Large,weighted_baseline,-0.9863489194713966,1.0,0.05
shortfall_9,Lower,Middle,identified_diets,-1.0,1.0,0.05
shortfall_9,Lower,Middle,weighted_baseline,-1.0,1.0,0.05
shortfall_9,Lower,Upper,identified_diets,-1.0,1.0,0.05
shortfall_9,Lower,Upper,weighted_baseline,-1.0,1.0,0.05
shortfall_9,Lower,Control+Large,identified_diets,-1.0,0.9792784383387412,0.05
shortfall_9,Lower,Control+Large,weighted_baseline,-1.0,0.9896331786393957,0.05
shortfall_9,Lower,Lower+Large,identified_diets,-0.15287127031638492,0.15287127031638495,0.05
shortfall_9,Lower,Lower+Large,weighted_baseline,-0.15287127031638492,0.15287127031638495,0.05
shortfall_9,Lower,Middle+Large,identified_diets,-1.0,1.0,0.05
shortfall_9,Lower,Middle+Large,weighted_baseline,-1.0,1.0,0.05
shortfall_9,Lower,Upper+Large,identified_diets,-1.0,1.0,0.05
shortfall_9,Lower,Upper+Large,weighted_baseline,-1.0,1.0,0.05
shortfall_9,Middle,Upper,identified_diets,-1.0,1.0,0.05
shortfall_9,Middle,Upper,weighted_baseline,-1.0,1.0,0.05
shortfall_9,Middle,Control+Large,identified_diets,-1.0,0.9792784383387412,0.05
shortfall_9,Middle,Control+Large,weighted_baseline,-1.0,0.9896331786393957,0.05
shortfall_9,Middle,Lower+Large,identified_diets,-1.0,1.0,0.05
shortfall_9,Middle,Lower+Large,weighted_baseline,-1.0,1.0,0.05
shortfall_9,Middle,Middle+Large,identified_diets,-0.06790001667492762,0.06790001667492766,0.05
shortfall_9,Middle,Middle+Large,weighted_baseline,-0.06790001667492762,0.06790001667492766,0.05
shortfall_9,Middle,Upper+Large,identified_diets,-1.0,1.0,0.05
shortfall_9,Middle,Upper+Large,weighted_baseline,-1.0,1.0,0.05
shortfall_9,Upper,Control+Large,identified_diets,-1.0,0.9792784383387412,0.05
shortfall_9,Upper,Control+Large,weighted_baseline,-1.0,0.9896331786393957,0.05
shortfall_9,Upper,Lower+Large,identified_diets,-1.0,1.0,0.05
shortfall_9,Upper,Lower+Large,weighted_baseline,-1.0,1.0,0.05
shortfall_9,Upper,Middle+Large,identified_diets,-1.0,1.0,0.05
shortfall_9,Upper,Middle+Large,weighted_baseline,-1.0,1.0,0.05
shortfall_9,Upper,Upper+Large,identified_diets,-0.008194898712296284,0.008194898712296256,0.05
shortfall_9,Upper,Upper+Large,weighted_baseline,-0.008194898712296284,0.008194898712296256,0.05
shortfall_9,Control+Large,Lower+Large,identified_diets,-0.8264071680223563,0.8471287296836151,0.05
shortfall_9,Control+Large,Lower+Large,weighted_baseline,-0.8367619083230108,0.8471287296836151,0.05
shortfall_9,Control+Large,Middle+Large,identified_diets,-0.9113784216638136,0.9320999833250724,0.05
shortfall_9,Control+Large,Middle+Large,weighted_baseline,-0.9217331619644681,0.9320999833250724,0.05
shortfall_9,Control+Large,Upper+Large,identified_diets,-0.971083539626445,0.9918051012877037,0.05
shortfall_9,Control+Large,Upper+Large,weighted_baseline,-0.9814382799270995,0.9918051012877037,0.05
shortfall_9,Lower+Large,Middle+Large,identified_diets,-0.9320999833250724,0.9320999833250724,0.05
shortfall_9,Lower+Large,Middle+Large,weighted_baseline,-0.9320999833250724,0.9320999833250724,0.05
shortfall_9,Lower+Large,Upper+Large,identified_diets,-0.9918051012877038,0.9918051012877037,0.05
shortfall_9,Lower+Large,Upper+Large,weighted_baseline,-0.9918051012877038,0.9918051012877037,0.05
shortfall_9,Middle+Large,Upper+Large,identified_diets,-0.9918051012877038,0.9918051012877037,0.05
shortfall_9,Middle+Large,Upper+Large,weighted_baseline,-0.9918051012877038,0.9918051012877037,0.05
shortfall_10,Gikuriro,Control,identified_diets,-1.0,1.0,0.05
shortfall_10,Gikuriro,Control,weighted_baseline,-1.0,1.0,0.05
shortfall_10,Gikuriro,Lower,identified_diets,-1.0,1.0,0.05
shortfall_10,Gikuriro,Lower,weighted_baseline,-1.0,1.0,0.05
shortfall_10,Gikuriro,Middle,identified_diets,-1.0,1.0,0.05
shortfall_10,Gikuriro,Middle,weighted_baseline,-1.0,1.0,0.05
shortfall_10,Gikuriro,Upper,identified_diets,-1.0,1.0,0.05
shortfall_10,Gikuriro,Upper,weighted_baseline,-1.0,1.0,0.05
shortfall_10,Gikuriro,Control+Large,identified_diets,-1.0,1.0,0.05
shortfall_10,Gikuriro,Control+Large,weighted_baseline,-1.0,1.0,0.05
shortfall_10,Gikuriro,Lower+Large,identified_diets,-1.0,1.0,0.05
shortfall_10,Gikuriro,Lower+Large,weighted_baseline,-1.0,1.0,0.05
shortfall_10,Gikuriro,Middle+Large,identified_diets,-1.0,1.0,0.05
shortfall_10,Gikuriro,Middle+Large,weighted_baseline,-1.0,1.0,0.05
shortfall_10,Gikuriro,Upper+Large,identified_diets,-1.0,1.0,0.05
shortfall_10,Gikuriro,Upper+Large,weighted_baseline,-1.0,1.0,0.05
shortfall_10,Control,Lower,identified_diets,-1.0,1.0,0.05
shortfall_10,Control,Lower,weighted_baseline,-1.0,1.0,0.05
shortfall_10,Control,Middle,identified_diets,-1.0,1.0,0.05
shortfall_10,Control,Middle,weighted_baseline,-1.0,1.0,0.05
shortfall_10,Control,Upper,identified_diets,-1.0,1.0,0.05
shortfall_10,Control,Upper,weighted_baseline,-1.0,1.0,0.05
shortfall_10,Control,Control+Large,identified_diets,-0.24058602255825567,0.24058602255825573,0.05
shortfall_10,Control,Control+Large,weighted_baseline,-0.24058602255825567,0.24058602255825573,0.05
shortfall_10,Control,Lower+Large,identified_diets,-1.0,1.0,0.05
shortfall_10,Control,Lower+Large,weighted_baseline,-1.0,1.0,0.05
shortfall_10,Control,Middle+Large,identified_diets,-1.0,1.0,0.05
shortfall_10,Control,Middle+Large,weighted_baseline,-1.0,1.0,0.05
shortfall_10,Control,Upper+Large,identified_diets,-1.0,1.0,0.05
shortfall_10,Control,Upper+Large,weighted_baseline,-1.0,1.0,0.05
shortfall_10,Lower,Middle,identified_diets,-1.0,1.0,0.05
shortfall_10,Lower,Middle,weighted_baseline,-1.0,1.0,0.05
shortfall_10,Lower,Upper,identified_diets,-1.0,1.0,0.05
shortfall_10,Lower,Upper,weighted_baseline,-1.0,1.0,0.05
shortfall_10,Lower,Control+Large,identified_diets,-1.0,1.0,0.05
shortfall_10,Lower,Control+Large,weighted_baseline,-1.0,1.0,0.05
shortfall_10,Lower,Lower+Large,identified_diets,-0.15287127031638492,0.15287127031638495,0.05
shortfall_10,Lower,Lower+Large,weighted_baseline,-0.15287127031638492,0.15287127031638495,0.05
shortfall_10,Lower,Middle+Large,identified_diets,-1.0,1.0,0.05
shortfall_10,Lower,Middle+Large,weighted_baseline,-1.0,1.0,0.05
shortfall_10,Lower,Upper+Large,identified_diets,-1.0,1.0,0.05
shortfall_10,Lower,Upper+Large,weighted_baseline,-1.0,1.0,0.05
shortfall_10,Middle,Upper,identified_diets,-1.0,1.0,0.05
shortfall_10,Middle,Upper,weighted_baseline,-1.0,1.0,0.05
shortfall_10,Middle,Control+Large,identified_diets,-1.0,1.0,0.05
shortfall_10,Middle,Control+Large,weighted_baseline,-1.0,1.0,0.05
shortfall_10,Middle,Lower+Large,identified_diets,-1.0,1.0,0.05
shortfall_10,Middle,Lower+Large,weighted_baseline,-1.0,1.0,0.05
shortfall_10,Middle,Middle+Large,identified_diets,-0.06790001667492762,0.06790001667492766,0.05
shortfall_10,Middle,Middle+Large,weighted_baseline,-0.06790001667492762,0.06790001667492766,0.05
shortfall_10,Middle,Upper+Large,identified_diets,-1.0,1.0,0.05
shortfall_10,Middle,Upper+Large,weighted_baseline,-1.0,1.0,0.05
shortfall_10,Upper,Control+Large,identified_diets,-1.0,1.0,0.05
shortfall_10,Upper,Control+Large,weighted_baseline,-1.0,1.0,0.05
shortfall_10,Upper,Lower+Large,identified_diets,-1.0,1.0,0.05
shortfall_10,Upper,Lower+Large,weighted_baseline,-1.0,1.0,0.05
shortfall_10,Upper,Middle+Large,identified_diets,-1.0,1.0,0.05
shortfall_10,Upper,Middle+Large,weighted_baseline,-1.0,1.0,0.05
shortfall_10,Upper,Upper+Large,identified_diets,-0.008194898712296284,0.008194898712296256,0.05
shortfall_10,Upper,Upper+Large,weighted_baseline,-0.008194898712296284,0.008194898712296256,0.05
shortfall_10,Control+Large,Lower+Large,identified_diets,-0.8471287296836151,0.8471287296836151,0.05
shortfall_10,Control+Large,Lower+Large,weighted_baseline,-0.8471287296836151,0.8471287296836151,0.05
shortfall_10,Control+Large,Middle+Large,identified_diets,-0.9320999833250724,0.9320999833250724,0.05
shortfall_10,Control+Large,Middle+Large,weighted_baseline,-0.9320999833250724,0.9320999833250724,0.05
shortfall_10,Control+Large,Upper+Large,identified_diets,-0.9918051012877038,0.9918051012877037,0.05
shortfall_10,Control+Large,Upper+Large,weighted_baseline,-0.9918051012877038,0.9918051012877037,0.05
shortfall_10,Lower+Large,Middle+Large,identified_diets,-0.9320999833250724,0.9320999833250724,0.05
shortfall_10,Lower+Large,Middle+Large,weighted_baseline,-0.9320999833250724,0.9320999833250724,0.05
shortfall_10,Lower+Large,Upper+Large,identified_diets,-0.9918051012877038,0.9918051012877037,0.05
shortfall_10,Lower+Large,Upper+Large,weighted_baseline,-0.9918051012877038,0.9918051012877037,0.05
shortfall_10,Middle+Large,Upper+Large,identified_diets,-0.9918051012877038,0.9918051012877037,0.05
shortfall_10,Middle+Large,Upper+Large,weighted_baseline,-0.9918051012877038,0.9918051012877037,0.05
shortfall_11,Gikuriro,Control,identified_diets,-0.9567900867489884,0.9814098894093036,0.05
shortfall_11,Gikuriro,Control,weighted_baseline,-0.9741781890314247,1.0,0.05
shortfall_11,Gikuriro,Lower,identified_diets,-1.0,0.9814098894093036,0.05
shortfall_11,Gikuriro,Lower,weighted_baseline,-1.0,1.0,0.05
shortfall_11,Gikuriro,Middle,identified_diets,-1.0,0.9814098894093036,0.05
shortfall_11,Gikuriro,Middle,weighted_baseline,-1.0,1.0,0.05
shortfall_11,Gikuriro,Upper,identified_diets,-1.0,0.9814098894093036,0.05
shortfall_11,Gikuriro,Upper,weighted_baseline,-1.0,1.0,0.05
shortfall_11,Gikuriro,Control+Large,identified_diets,-0.9671857879131365,0.9814098894093036,0.05
shortfall_11,Gikuriro,Control+Large,weighted_baseline,-0.9803905558276054,1.0,0.05
shortfall_11,Gikuriro,Lower+Large,identified_diets,-1.0,0.9814098894093036,0.05
shortfall_11,Gikuriro,Lower+Large,weighted_baseline,-1.0,1.0,0.05
shortfall_11,Gikuriro,Middle+Large,identified_diets,-1.0,0.9814098894093036,0.05
shortfall_11,Gikuriro,Middle+Large,weighted_baseline,-1.0,1.0,0.05
shortfall_11,Gikuriro,Upper+Large,identified_diets,-1.0,0.9814098894093036,0.05
shortfall_11,Gikuriro,Upper+Large,weighted_baseline,-1.0,1.0,0.05
shortfall_11,Control,Lower,identified_diets,-1.0,0.9567900867489884,0.05
shortfall_11,Control,Lower,weighted_baseline,-1.0,0.9741781890314247,0.05
shortfall_11,Control,Middle,identified_diets,-1.0,0.9567900867489884,0.05
shortfall_11,Control,Middle,weighted_baseline,-1.0,0.9741781890314247,0.05
shortfall_11,Control,Upper,identified_diets,-1.0,0.9567900867489884,0.05
shortfall_11,Control,Upper,weighted_baseline,-1.0,0.9741781890314247,0.05
shortfall_11,Control,Control+Large,identified_diets,-0.24058602255825567,0.23019032139410758,0.05
shortfall_11,Control,Control+Large,weighted_baseline,-0.24058602255825567,0.23437365576207506,0.05
shortfall_11,Control,Lower+Large,identified_diets,-1.0,0.9567900867489884,0.05
shortfall_11,Control,Lower+Large,weighted_baseline,-1.0,0.9741781890314247,0.05
shortfall_11,Control,Middle+Large,identified_diets,-1.0,0.9567900867489884,0.05
shortfall_11,Control,Middle+Large,weighted_baseline,-1.0,0.9741781890314247,0.05
shortfall_11,Control,Upper+Large,identified_diets,-1.0,0.9567900867489884,0.05
shortfall_11,Control,Upper+Large,weighted_baseline,-1.0,0.9741781890314247,0.05
shortfall_11,Lower,Middle,identified_diets,-1.0,1.0,0.05
shortfall_11,Lower,Middle,weighted_baseline,-1.0,1.0,0.05
shortfall_11,Lower,Upper,identified_diets,-1.0,1.0,0.05
shortfall_11,Lower,Upper,weighted_baseline,-1.0,1.0,0.05
shortfall_11,Lower,Control+Large,identified_diets,-0.9671857879131365,1.0,0.05
shortfall_11,Lower,Control+Large,weighted_baseline,-0.9803905558276054,1.0,0.05
shortfall_11,Lower,Lower+Large,identified_diets,-0.15287127031638492,0.15287127031638495,0.05
shortfall_11,Lower,Lower+Large,weighted_baseline,-0.15287127031638492,0.15287127031638495,0.05
shortfall_11,Lower,Middle+Large,identified_diets,-1.0,1.0,0.05
shortfall_11,Lower,Middle+Large,weighted_baseline,-1.0,1.0,0.05
shortfall_11,Lower,Upper+Large,identified_diets,-1.0,1.0,0.05
shortfall_11,Lower,Upper+Large,weighted_baseline,-1.0,1.0,0.05
shortfall_11,Middle,Upper,identified_diets,-1.0,1.0,0.05
shortfall_11,Middle,Upper,weighted_baseline,-1.0,1.0,0.05
shortfall_11,Middle,Control+Large,identified_diets,-0.9671857879131365,1.0,0.05
shortfall_11,Middle,Control+Large,weighted_baseline,-0.9803905558276054,1.0,0.05
shortfall_11,Middle,Lower+Large,identified_diets,-1.0,1.0,0.05
shortfall_11,Middle,Lower+Large,weighted_baseline,-1.0,1.0,0.05
shortfall_11,Middle,Middle+Large,identified_diets,-0.06790001667492762,0.06790001667492766,0.05
shortfall_11,Middle,Middle+Large,weighted_baseline,-0.06790001667492762,0.06790001667492766,0.05
shortfall_11,Middle,Upper+Large,identified_diets,-1.0,1.0,0.05
shortfall_11,Middle,Upper+Large,weighted_baseline,-1.0,1.0,0.05
shortfall_11,Upper,Control+Large,identified_diets,-0.9671857879131365,1.0,0.05
shortfall_11,Upper,Control+Large,weighted_baseline,-0.9803905558276054,1.0,0.05
shortfall_11,Upper,Lower+Large,identified_diets,-1.0,1.0,0.05
shortfall_11,Upper,Lower+Large,weighted_baseline,-1.0,1.0,0.05
shortfall_11,Upper,Middle+Large,identified_diets,-1.0,1.0,0.05
shortfall_11,Upper,Middle+Large,weighted_baseline,-1.0,1.0,0.05
shortfall_11,Upper,Upper+Large,identified_diets,-0.008194898712296284,0.008194898712296256,0.05
shortfall_11,Upper,Upper+Large,weighted_baseline,-0.008194898712296284,0.008194898712296256,0.05
shortfall_11,Control+Large,Lower+Large,identified_diets,-0.8471287296836151,0.8143145175967516,0.05
shortfall_11,Control+Large,Lower+Large,weighted_baseline,-0.8471287296836151,0.8275192855112204,0.05
shortfall_11,Control+Large,Middle+Large,identified_diets,-0.9320999833250724,0.8992857712382089,0.05
shortfall_11,Control+Large,Middle+Large,weighted_baseline,-0.9320999833250724,0.9124905391526777,0.05
shortfall_11,Control+Large,Upper+Large,identified_diets,-0.9918051012877038,0.9589908892008402,0.05
shortfall_11,Control+Large,Upper+Large,weighted_baseline,-0.9918051012877038,0.9721956571153091,0.05
shortfall_11,Lower+Large,Middle+Large,identified_diets,-0.9320999833250724,0.9320999833250724,0.05
shortfall_11,Lower+Large,Middle+Large,weighted_baseline,-0.9320999833250724,0.9320999833250724,0.05
shortfall_11,Lower+Large,Upper+Large,identified_diets,-0.9918051012877038,0.9918051012877037,0.05
shortfall_11,Lower+Large,Upper+Large,weighted_baseline,-0.9918051012877038,0.9918051012877037,0.05
shortfall_11,Middle+Large,Upper+Large,identified_diets,-0.9918051012877038,0.9918051012877037,0.05
shortfall_11,Middle+Large,Upper+Large,weighted_baseline,-0.9918051012877038,0.9918051012877037,0.05
shortfall_12,Gikuriro,Control,identified_diets,-0.9198596467508501,0.9433088661846778,0.05
shortfall_12,Gikuriro,Control,weighted_baseline,-0.938102769495252,0.9638867775112346,0.05
shortfall_12,Gikuriro,Lower,identified_diets,-1.0,0.9433088661846778,0.05
shortfall_12,Gikuriro,Lower,weighted_baseline,-1.0,0.9638867775112346,0.05
shortfall_12,Gikuriro,Middle,identified_diets,-1.0,0.9433088661846778,0.05
shortfall_12,Gikuriro,Middle,weighted_baseline,-1.0,0.9638867775112346,0.05
shortfall_12,Gikuriro,Upper,identified_diets,-1.0,0.9433088661846778,0.05
shortfall_12,Gikuriro,Upper,weighted_baseline,-1.0,0.9638867775112346,0.05
shortfall_12,Gikuriro,Control+Large,identified_diets,-0.9391402955854766,0.9433088661846778,0.05
shortfall_12,Gikuriro,Control+Large,weighted_baseline,-0.9529943779897608,0.9638867775112346,0.05
shortfall_12,Gikuriro,Lower+Large,identified_diets,-1.0,0.9433088661846778,0.05
shortfall_12,Gikuriro,Lower+Large,weighted_baseline,-1.0,0.9638867775112346,0.05
shortfall_12,Gikuriro,Middle+Large,identified_diets,-1.0,0.9433088661846778,0.05
shortfall_12,Gikuriro,Middle+Large,weighted_baseline,-1.0,0.9638867775112346,0.05
shortfall_12,Gikuriro,Upper+Large,identified_diets,-1.0,0.9433088661846778,0.05
shortfall_12,Gikuriro,Upper+Large,weighted_baseline,-1.0,0.9638867775112346,0.05
shortfall_12,Control,Lower,identified_diets,-1.0,0.9198596467508501,0.05
shortfall_12,Control,Lower,weighted_baseline,-1.0,0.938102769495252,0.05
shortfall_12,Control,Middle,identified_diets,-1.0,0.9198596467508501,0.05
shortfall_12,Control,Middle,weighted_baseline,-1.0,0.938102769495252,0.05
shortfall_12,Control,Upper,identified_diets,-1.0,0.9198596467508501,0.05
shortfall_12,Control,Upper,weighted_baseline,-1.0,0.938102769495252,0.05
shortfall_12,Control,Control+Large,identified_diets,-0.24058602255825567,0.22130537372362918,0.05
shortfall_12,Control,Control+Large,weighted_baseline,-0.24058602255825567,0.22569441406374685,0.05
shortfall_12,Control,Lower+Large,identified_diets,-1.0,0.9198596467508501,0.05
shortfall_12,Control,Lower+Large,weighted_baseline,-1.0,0.938102769495252,0.05
shortfall_12,Control,Middle+Large,identified_diets,-1.0,0.9198596467508501,0.05
shortfall_12,Control,Middle+Large,weighted_baseline,-1.0,0.938102769495252,0.05
shortfall_12,Control,Upper+Large,identified_diets,-1.0,0.9198596467508501,0.05
shortfall_12,Control,Upper+Large,weighted_baseline,-1.0,0.938102769495252,0.05
shortfall_12,Lower,Middle,identified_diets,-1.0,1.0,0.05
shortfall_12,Lower,Middle,weighted_baseline,-1.0,1.0,0.05
shortfall_12,Lower,Upper,identified_diets,-1.0,1.0,0.05
shortfall_12,Lower,Upper,weighted_baseline,-1.0,1.0,0.05
shortfall_12,Lower,Control+Large,identified_diets,-0.9391402955854766,1.0,0.05
shortfall_12,Lower,Control+Large,weighted_baseline,-0.9529943779897608,1.0,0.05
shortfall_12,Lower,Lower+Large,identified_diets,-0.15287127031638492,0.15287127031638495,0.05
shortfall_12,Lower,Lower+Large,weighted_baseline,-0.15287127031638492,0.15287127031638495,0.05
shortfall_12,Lower,Middle+Large,identified_diets,-1.0,1.0,0.05
shortfall_12,Lower,Middle+Large,weighted_baseline,-1.0,1.0,0.05
shortfall_12,Lower,Upper+Large,identified_diets,-1.0,1.0,0.05
shortfall_12,Lower,Upper+Large,weighted_baseline,-1.0,1.0,0.05
shortfall_12,Middle,Upper,identified_diets,-1.0,1.0,0.05
shortfall_12,Middle,Upper,weighted_baseline,-1.0,1.0,0.05
shortfall_12,Middle,Control+Large,identified_diets,-0.9391402955854766,1.0,0.05
shortfall_12,Middle,Control+Large,weighted_baseline,-0.9529943779897608,1.0,0.05
shortfall_12,Middle,Lower+Large,identified_diets,-1.0,1.0,0.05
shortfall_12,Middle,Lower+Large,weighted_baseline,-1.0,1.0,0.05
shortfall_12,Middle,Middle+Large,identified_diets,-0.06790001667492762,0.06790001667492766,0.05
shortfall_12,Middle,Middle+Large,weighted_baseline,-0.06790001667492762,0.06790001667492766,0.05
shortfall_12,Middle,Upper+Large,identified_diets,-1.0,1.0,0.05
shortfall_12,Middle,Upper+Large,weighted_baseline,-1.0,1.0,0.05
shortfall_12,Upper,Control+Large,identified_diets,-0.9391402955854766,1.0,0.05
shortfall_12,Upper,Control+Large,weighted_baseline,-0.9529943779897608,1.0,0.05
shortfall_12,Upper,Lower+Large,identified_diets,-1.0,1.0,0.05
shortfall_12,Upper,Lower+Large,weighted_baseline,-1.0,1.0,0.05
shortfall_12,Upper,Middle+Large,identified_diets,-1.0,1.0,0.05
shortfall_12,Upper,Middle+Large,weighted_baseline,-1.0,1.0,0.05
shortfall_12,Upper,Upper+Large,identified_diets,-0.008194898712296284,0.008194898712296256,0.05
shortfall_12,Upper,Upper+Large,weighted_baseline,-0.008194898712296284,0.008194898712296256,0.05
shortfall_12,Control+Large,Lower+Large,identified_diets,-0.8471287296836151,0.7862690252690917,0.05
shortfall_12,Control+Large,Lower+Large,weighted_baseline,-0.8471287296836151,0.8001231076733759,0.05
shortfall_12,Control+Large,Middle+Large,identified_diets,-0.9320999833250724,0.871240278910549,0.05
shortfall_12,Control+Large,Middle+Large,weighted_baseline,-0.9320999833250724,0.8850943613148332,0.05
shortfall_12,Control+Large,Upper+Large,identified_diets,-0.9918051012877038,0.9309453968731803,0.05
shortfall_12,Control+Large,Upper+Large,weighted_baseline,-0.9918051012877038,0.9447994792774645,0.05
shortfall_12,Lower+Large,Middle+Large,identified_diets,-0.9320999833250724,0.9320999833250724,0.05
shortfall_12,Lower+Large,Middle+Large,weighted_baseline,-0.9320999833250724,0.9320999833250724,0.05
shortfall_12,Lower+Large,Upper+Large,identified_diets,-0.9918051012877038,0.9918051012877037,0.05
shortfall_12,Lower+Large,Upper+Large,weighted_baseline,-0.9918051012877038,0.9918051012877037,0.05
shortfall_12,Middle+Large,Upper+Large,identified_diets,-0.9918051012877038,0.9918051012877037,0.05
shortfall_12,Middle+Large,Upper+Large,weighted_baseline,-0.9918051012877038,0.9918051012877037,0.05
