outcome,left,right,endpoint,estimate,se,p,lo,hi,sim_lo,sim_hi,p_max_t,joint_critical,p_holm
mean,Gikuriro,Control,lower,-0.18115722827521807,0.1682171361247563,0.2825644952561153,-0.5124801816612106,0.15016572511077447,-0.7509358491010849,0.38862139255064876,1.0,3.3871615814651435,1.0
mean,Gikuriro,Control,upper,0.4460225962237514,0.1706360157383958,0.009501759883087013,0.10993538185972251,0.7821098105877803,-0.13194916069962437,1.0239943531471272,0.5551,3.3871615814651435,1.0
mean,Gikuriro,Lower,lower,-0.575033247492148,0.2089567235003806,0.006363878576351724,-0.9865974932932482,-0.16346900169104778,-1.282803433521472,0.13273693853717583,0.4139,3.3871615814651435,1.0
mean,Gikuriro,Lower,upper,0.13193293866087163,0.22977712628967936,0.5663699597406153,-0.3206394796828903,0.5845053570046336,-0.6463593158069947,0.910225193128738,1.0,3.3871615814651435,1.0
mean,Gikuriro,Middle,lower,0.25806547991507767,0.2897465032680416,0.373978583360781,-0.3126235081844143,0.8287544680145696,-0.7233527443182974,1.2394837041484528,1.0,3.3871615814651435,1.0
mean,Gikuriro,Middle,upper,0.7851252368041308,0.2819327567516208,0.005771061210997934,0.22982631913664298,1.3404241544716187,-0.16982656542151675,1.7400770390297784,0.3833,3.3871615814651435,1.0
mean,Gikuriro,Upper,lower,-0.2908145416752639,0.20610975537408785,0.15951192156783495,-0.6967713570472814,0.11514227369675367,-0.9889415866435531,0.4073125032930254,1.0,3.3871615814651435,1.0
mean,Gikuriro,Upper,upper,0.005676941288021098,0.2118680529838166,0.9786451145931011,-0.4116215020208548,0.422975384596897,-0.711954388118584,0.7233082706946262,1.0,3.3871615814651435,1.0
mean,Gikuriro,Control+Large,lower,-0.27457741176050954,0.1531038490133287,0.07413124189385976,-0.5761330118525132,0.026978188331494124,-0.7931648871128966,0.2440100635918775,0.9957,3.3871615814651435,1.0
mean,Gikuriro,Control+Large,upper,0.3225224195088463,0.15735996415603332,0.04146132134414351,0.012583912232012717,0.6324609267856799,-0.21048120554120175,0.8555260445588944,0.9574,3.3871615814651435,1.0
mean,Gikuriro,Lower+Large,lower,-0.5741812352491132,0.18914902859592592,0.0026574285447001464,-0.946731952900231,-0.20163051759799544,-1.2148595580806854,0.06649708758245887,0.1895,3.3871615814651435,1.0
mean,Gikuriro,Lower+Large,upper,0.10147471671640129,0.2073343617126796,0.6249748643115821,-0.30689410136939754,0.5098435348022001,-0.6008002677943847,0.8037497012271873,1.0,3.3871615814651435,1.0
mean,Gikuriro,Middle+Large,lower,0.20187649616536463,0.27363829952184937,0.4613670311608111,-0.3370855361561288,0.740838528486858,-0.7249806391924953,1.1287336315232246,1.0,3.3871615814651435,1.0
mean,Gikuriro,Middle+Large,upper,0.7272450029005434,0.2670910942966832,0.006933916870811507,0.20117844259575024,1.2533115632053367,-0.17743569045266583,1.6319256962537527,0.4448,3.3871615814651435,1.0
mean,Gikuriro,Upper+Large,lower,-0.29309801175962236,0.2049849464667618,0.15402332792853707,-0.696839386911009,0.11064336339176423,-0.987415147210527,0.4012191236912823,1.0,3.3871615814651435,1.0
mean,Gikuriro,Upper+Large,upper,0.0050788367353944985,0.21078832932019936,0.9807966943598105,-0.4100929669141003,0.4202506403848893,-0.7088952941592075,0.7190529676299964,1.0,3.3871615814651435,1.0
mean,Control,Lower,lower,-0.7362659697537737,0.20454642216336197,0.0003852043591564156,-1.1391436209666774,-0.33338831854086987,-1.4290977525316637,-0.04343418697588364,0.0175,3.3871615814651435,0.6009188002840083
mean,Control,Lower,upper,0.02830029297396397,0.22395135478201908,0.8995434064195157,-0.41279759984798403,0.46939818579591197,-0.7302591320607612,0.7868597180086891,1.0,3.3871615814651435,1.0
mean,Control,Middle,lower,0.096832757653452,0.28658220928709965,0.735734406613886,-0.4676237903314392,0.6612893056383432,-0.8738674915752151,1.0675330068821192,1.0,3.3871615814651435,1.0
mean,Control,Middle,upper,0.6814925911172232,0.27720526847866206,0.01464137395534681,0.13550500410711075,1.2274801781273355,-0.25744644445343146,1.6204316266878778,0.7077,3.3871615814651435,1.0
mean,Control,Upper,lower,-0.45204726393688954,0.20163719345444212,0.02585712374482476,-0.849194855358502,-0.054899672515277054,-1.135025019000231,0.2309304911264517,0.8724,3.3871615814651435,1.0
mean,Control,Upper,upper,-0.09795570439888657,0.20553528509215116,0.6340766804433446,-0.5027810346271873,0.3068696258294142,-0.7941369256985065,0.5982255169007333,1.0,3.3871615814651435,1.0
mean,Control,Control+Large,lower,-0.1757944198488688,0.04330119136517445,6.596106283738647e-05,-0.26108108527873075,-0.09050775441900683,-0.3224625516726579,-0.02912628802507969,0.001,3.3871615814651435,0.10705480498507824
mean,Control,Control+Large,upper,-0.041125940351327994,0.04065127292801853,0.3126827200744722,-0.12119328732733547,0.03894140662467949,-0.1788183702507664,0.09656648954811042,1.0,3.3871615814651435,1.0
mean,Control,Lower+Large,lower,-0.7354139575107389,0.18426524778861633,8.675919660408586e-05,-1.098345508422699,-0.3724824065987789,-1.3595501256194953,-0.11127778940198263,0.0014,3.3871615814651435,0.1399425841223905
mean,Control,Lower+Large,upper,-0.002157928970506373,0.2008587042912574,0.9914367505815439,-0.39777219664956,0.39345633870854724,-0.6824988154487214,0.6781829575077086,1.0,3.3871615814651435,1.0
mean,Control,Middle+Large,lower,0.04064377390373897,0.27028548886136516,0.8805926749017793,-0.49171451306952907,0.573002060877007,-0.8748568499950021,0.9561443978024801,1.0,3.3871615814651435,1.0
mean,Control,Middle+Large,upper,0.6236123572136357,0.2620960400222755,0.018104592432744624,0.10738412951065723,1.1398405849166142,-0.26414928020396644,1.511373994631238,0.777,3.3871615814651435,1.0
mean,Control,Upper+Large,lower,-0.454330734021248,0.20048729336743257,0.024309155625884184,-0.8492134652645,-0.059448002777996056,-1.1334135916873471,0.2247521236448511,0.8587,3.3871615814651435,1.0
mean,Control,Upper+Large,upper,-0.09855380895151317,0.2044221155363561,0.6301552071153157,-0.5011866239976992,0.30407900609467287,-0.7909645450980873,0.5938569271950611,1.0,3.3871615814651435,1.0
mean,Lower,Middle,lower,0.41092241521633177,0.32528486066637685,0.20768349270255998,-0.22976344598989795,1.0516082764225616,-0.690869967865062,1.5127147982977256,1.0,3.3871615814651435,1.0
mean,Lower,Middle,upper,1.075368610334153,0.30365880241206056,0.00047567971400811,0.4772777525620777,1.6734594681062285,0.04682718093030647,2.1039100397379995,0.0233,3.3871615814651435,0.7325467595724895
mean,Lower,Upper,lower,-0.13795760637400978,0.25365022310862123,0.5870083377476568,-0.6375508284642784,0.36163561571625885,-0.9971118972175937,0.7211966844695742,1.0,3.3871615814651435,1.0
mean,Lower,Upper,upper,0.2959203148180434,0.2400222090305636,0.21878995787347053,-0.1768309696602376,0.7686715992963243,-0.5170736903086777,1.1089143199447644,1.0,3.3871615814651435,1.0
mean,Lower,Control+Large,lower,-0.12172047645925543,0.21283325164405853,0.5679061957728968,-0.5409199892910269,0.29747903637251605,-0.8426210896863136,0.5991801367678027,1.0,3.3871615814651435,1.0
mean,Lower,Control+Large,upper,0.6127657930388686,0.1936097809304745,0.0017457362931320591,0.23142911177040565,0.9941024743073315,-0.04302181872471744,1.2685534048024545,0.119,3.3871615814651435,1.0
mean,Lower,Lower+Large,lower,-0.06368661689907373,0.03619998616410958,0.07976473054780252,-0.13498664378533415,0.007613409987186681,-0.18630181928371542,0.058928585485567966,0.9968,3.3871615814651435,1.0
mean,Lower,Lower+Large,upper,0.03408040719763872,0.03203592442054034,0.2884498567385253,-0.029018022236993554,0.09717883663227099,-0.0744304452263365,0.14259125962161395,1.0,3.3871615814651435,1.0
mean,Lower,Middle+Large,lower,0.35473343146661873,0.3110227055825609,0.25516661936583385,-0.257861478645815,0.9673283415790525,-0.698750727845976,1.4082175907792136,1.0,3.3871615814651435,1.0
mean,Lower,Middle+Large,upper,1.0174883764305656,0.28993144294015083,0.0005335654460387388,0.4464351284240684,1.5885416244370627,0.03544373164493331,1.9995330212161977,0.0274,3.3871615814651435,0.8184893942234253
mean,Lower,Upper+Large,lower,-0.14024107645836828,0.2527370821637937,0.5794725828428973,-0.6380357626701426,0.357553609753406,-0.9963024113751696,0.7158202584584331,1.0,3.3871615814651435,1.0
mean,Lower,Upper+Large,upper,0.2953222102654168,0.23906967338070936,0.21789342400633532,-0.1755529459420732,0.7661973664729067,-0.514445402703142,1.1050898232339756,1.0,3.3871615814651435,1.0
mean,Middle,Upper,lower,-0.791149904517269,0.30170679018987734,0.009277941316101705,-1.3853960502142342,-0.19690375882030375,-1.813079553115586,0.23077974408104818,0.5466,3.3871615814651435,1.0
mean,Middle,Upper,upper,-0.5371784125891823,0.3128910108775167,0.08726514761390669,-1.1534531643777481,0.07909633919938341,-1.5969908238192991,0.5226339986409345,0.9979,3.3871615814651435,1.0
mean,Middle,Control+Large,lower,-0.7749127746025146,0.2683030834131589,0.004218266336904198,-1.3033664865542398,-0.24645906265078943,-1.6836986709282042,0.133873121723175,0.2926,3.3871615814651435,1.0
mean,Middle,Control+Large,upper,-0.2203329343683571,0.2788814643033649,0.430250884022107,-0.7696219814073808,0.3289561126706666,-1.1649495160394574,0.7242836473027433,1.0,3.3871615814651435,1.0
mean,Middle,Lower+Large,lower,-1.0745165980911184,0.290384419356643,0.0002654735961934598,-1.6464620351312886,-0.5025711610509482,-2.0580955471920026,-0.09093764899023415,0.0106,3.3871615814651435,0.4170590196199253
mean,Middle,Lower+Large,upper,-0.4413806371608021,0.30983907171240554,0.15555010821086215,-1.051644244537843,0.16888297021623888,-1.4908556373018857,0.6080943629802814,1.0,3.3871615814651435,1.0
mean,Middle,Middle+Large,lower,-0.07263911284028457,0.019533857270188103,0.000247912205599412,-0.11111328634529102,-0.03416493933527811,-0.1388034437236893,-0.006474781956879852,0.0097,3.3871615814651435,0.38971798720227563
mean,Middle,Middle+Large,upper,-0.041430104813015955,0.019703424678986305,0.03650552020011898,-0.08023826078838955,-0.002621948837642357,-0.10816878790897054,0.02530857828293863,0.9398,3.3871615814651435,1.0
mean,Middle,Upper+Large,lower,-0.7934333746016274,0.30093950266505975,0.008906915355311882,-1.3861682594682438,-0.20069848973501092,-1.8127640963739449,0.2258973471706901,0.5305,3.3871615814651435,1.0
mean,Middle,Upper+Large,upper,-0.537776517141809,0.3121609081714137,0.08618460713812508,-1.152613247867635,0.07706021358401693,-1.59511595253529,0.5195629182516721,0.9979,3.3871615814651435,1.0
mean,Upper,Control+Large,lower,0.0045355209135951036,0.19336115720224992,0.9813053023108296,-0.37631146739126803,0.38538250921845824,-0.650409962109508,0.6594810039366982,1.0,3.3871615814651435,1.0
mean,Upper,Control+Large,upper,0.32854708722198445,0.1905336354460759,0.08589537001029846,-0.04673077251131663,0.7038249469552855,-0.3168211227378491,0.973915297181818,0.9979,3.3871615814651435,1.0
mean,Upper,Lower+Large,lower,-0.2950683025750086,0.22299126339540626,0.18698311566843354,-0.7342751852355596,0.14413858008554242,-1.0503757429503033,0.460239137800286,1.0,3.3871615814651435,1.0
mean,Upper,Lower+Large,upper,0.10749938442953944,0.23351326614116452,0.6456652616045069,-0.3524317900931359,0.5674305589522148,-0.6834477794062583,0.8984465482653372,1.0,3.3871615814651435,1.0
mean,Upper,Middle+Large,lower,0.48098942883946927,0.2980363526436103,0.10783421961420342,-0.10602736890838971,1.0680062265873282,-0.528507854714965,1.4904867123939036,0.9996,3.3871615814651435,1.0
mean,Upper,Middle+Large,upper,0.7332696706136815,0.28788636746068713,0.011470312103692745,0.16624443344699957,1.3002949077803634,-0.2418479730767149,1.708387314304078,0.6181,3.3871615814651435,1.0
mean,Upper,Upper+Large,lower,-0.0023793635848937816,0.001798495550819938,0.18706734322771107,-0.005921706958920193,0.0011629797891326297,-0.008471158619067068,0.0037124314492795038,1.0,3.3871615814651435,1.0
mean,Upper,Upper+Large,upper,-0.000502211052091632,0.0016940724564344443,0.7671340859180007,-0.0038388811586344794,0.0028344590544512153,-0.006240308192744665,0.005235886088561401,1.0,3.3871615814651435,1.0
mean,Control+Large,Lower+Large,lower,-0.57868538584123,0.16855126412339147,0.0006990913395286409,-0.9106664426634542,-0.24670432901900574,-1.1495957521873659,-0.007775019495094182,0.0403,3.3871615814651435,1.0
mean,Control+Large,Lower+Large,upper,0.05803385956018148,0.184775854359835,0.7537276068502614,-0.30590338958854435,0.4219711087089073,-0.5678318155098503,0.6838995346302132,1.0,3.3871615814651435,1.0
mean,Control+Large,Middle+Large,lower,0.17890282955534154,0.2611607896747055,0.49396768224243054,-0.3354833152632728,0.6932889743739559,-0.7056909638159197,1.0634966229266027,1.0,3.3871615814651435,1.0
mean,Control+Large,Middle+Large,upper,0.7022736617622297,0.25140945295199374,0.005625302332171125,0.2070938936354289,1.1974534298890305,-0.14929077849393202,1.5538381020183913,0.3753,3.3871615814651435,1.0
mean,Control+Large,Upper+Large,lower,-0.32904929827407625,0.18916605461827318,0.08319727815117116,-0.7016335506300313,0.043534954081878796,-0.9697852909944281,0.3116866944462756,0.9976,3.3871615814651435,1.0
mean,Control+Large,Upper+Large,upper,-0.006914884498488316,0.1919716909502354,0.9712952381610358,-0.3850251595715544,0.3711953905745778,-0.6571540208140254,0.6433242518170488,1.0,3.3871615814651435,1.0
mean,Lower+Large,Middle+Large,lower,0.3999505323477865,0.2942803799807325,0.17536092708537498,-0.17966844622320338,0.9795695109187763,-0.5968246649019147,1.3967257295974878,1.0,3.3871615814651435,1.0
mean,Lower+Large,Middle+Large,upper,1.0018774852508334,0.27528762027789105,0.0003327837828370486,0.4596669264322103,1.5440880440694564,0.06943383399259606,1.934321136509071,0.0146,3.3871615814651435,0.5208066201399811
mean,Lower+Large,Upper+Large,lower,-0.10800159548163124,0.2324430378600722,0.6426008593287355,-0.5658248325904527,0.34982164162719026,-0.8953237232003156,0.6793205322370531,1.0,3.3871615814651435,1.0
mean,Lower+Large,Upper+Large,upper,0.2926889389901153,0.22185279274571884,0.18829268182590722,-0.14427559508046828,0.7296534730606988,-0.45876231733893247,1.0441401953191631,1.0,3.3871615814651435,1.0
mean,Middle+Large,Upper+Large,lower,-0.7337718816657732,0.28705370114521694,0.011181115595621086,-1.299157086971361,-0.16838667636018545,-1.706069150002229,0.23852538667068246,0.6099,3.3871615814651435,1.0
mean,Middle+Large,Upper+Large,upper,-0.48336879242436265,0.2972327114006032,0.10517581733267345,-1.068802726522121,0.1020651416733957,-1.4901440132352024,0.5234064283864772,0.9995,3.3871615814651435,1.0
survival_1,Gikuriro,Control,lower,-0.021680864130470434,0.007134209573256843,0.00262871958905466,-0.03573250857252685,-0.0076292196884140216,-0.04584558471112685,0.0024838564501859783,0.1881,3.3871615814651435,1.0
survival_1,Gikuriro,Control,upper,0.0295246115820631,0.007532253206816954,0.00011484007667004208,0.014688974526139929,0.044360248637986266,0.004011652898065085,0.05503757026606111,0.0019,3.3871615814651435,0.18443316313206243
survival_1,Gikuriro,Lower,lower,-0.023533105780709218,0.006888068491315208,0.0007415501513640518,-0.03709994711591661,-0.009966264445501824,-0.04686410674499267,-0.0002021048164257723,0.0432,3.3871615814651435,1.0
survival_1,Gikuriro,Lower,upper,0.03518135934924116,0.014942385781912128,0.019332807642601747,0.005750615835546341,0.06461210286293598,-0.015430915706682598,0.08579363440516491,0.7962,3.3871615814651435,1.0
survival_1,Gikuriro,Middle,lower,-0.023533105780709218,0.006888068491315208,0.0007415501513640518,-0.03709994711591661,-0.009966264445501824,-0.04686410674499267,-0.0002021048164257723,0.0432,3.3871615814651435,1.0
survival_1,Gikuriro,Middle,upper,0.020189156910577433,0.01033817552224943,0.051963865395045446,-0.00017306613971954446,0.040551379960874406,-0.014827914040829178,0.05520622786198404,0.9825,3.3871615814651435,1.0
survival_1,Gikuriro,Upper,lower,-0.011831496779549866,0.013162995548295935,0.36961045582107177,-0.03775752703388523,0.014094533474785495,-0.05641668959773457,0.03275369603863484,1.0,3.3871615814651435,1.0
survival_1,Gikuriro,Upper,upper,0.011701609001159352,0.011216905289045159,0.2978701083963333,-0.010391373163637245,0.03379459116595595,-0.026291861656827578,0.04969507965914628,1.0,3.3871615814651435,1.0
survival_1,Gikuriro,Control+Large,lower,-0.02212648758191821,0.0070310722415885115,0.0018523430181638827,-0.03597499121371044,-0.008277983950125972,-0.045941865355132824,0.0016888901912964042,0.1275,3.3871615814651435,1.0
survival_1,Gikuriro,Control+Large,upper,0.026512030996591496,0.006024205823235764,1.6048272997640342e-05,0.014646666318885362,0.038377395674297626,0.006107072473288719,0.04691698951989427,0.0004,3.3871615814651435,0.026495698719104205
survival_1,Gikuriro,Lower+Large,lower,-0.023533105780709246,0.006888068491315208,0.0007415501513640416,-0.03709994711591664,-0.009966264445501851,-0.046864106744992695,-0.00020210481642580005,0.0432,3.3871615814651435,1.0
survival_1,Gikuriro,Lower+Large,upper,0.03240237496981879,0.012714956179592316,0.011429187487229741,0.007358809666985076,0.05744594027265251,-0.010665236111709116,0.0754699860513467,0.6171,3.3871615814651435,1.0
survival_1,Gikuriro,Middle+Large,lower,-0.02353310578070926,0.006888068491315208,0.0007415501513640366,-0.03709994711591665,-0.009966264445501865,-0.04686410674499271,-0.00020210481642581393,0.0432,3.3871615814651435,1.0
survival_1,Gikuriro,Middle+Large,upper,0.019972801038290078,0.00965096298290524,0.039537910003706586,0.00096412194543238,0.03898148013114777,-0.012716570001548792,0.05266217207812895,0.9517,3.3871615814651435,1.0
survival_1,Gikuriro,Upper+Large,lower,-0.011927390280085243,0.013084752730269125,0.3628950694987786,-0.03769931232554788,0.013844531765377394,-0.05624756203102396,0.03239278147085348,1.0,3.3871615814651435,1.0
survival_1,Gikuriro,Upper+Large,upper,0.011745051460749117,0.01112517012409378,0.2921282061088936,-0.010167247769590075,0.03365735069108831,-0.025937697370845135,0.04942780029234337,1.0,3.3871615814651435,1.0
survival_1,Control,Lower,lower,-0.0295246115820631,0.007532253206816954,0.00011484007667004208,-0.044360248637986266,-0.014688974526139929,-0.05503757026606111,-0.004011652898065085,0.0019,3.3871615814651435,0.18443316313206243
survival_1,Control,Lower,upper,0.033329117699002375,0.015057435091993256,0.027779862122121447,0.0036717713665981103,0.06298646403140665,-0.01767284796000225,0.084331083358007,0.8884,3.3871615814651435,1.0
survival_1,Control,Middle,lower,-0.0295246115820631,0.007532253206816954,0.00011484007667004208,-0.044360248637986266,-0.014688974526139929,-0.05503757026606111,-0.004011652898065085,0.0019,3.3871615814651435,0.18443316313206243
survival_1,Control,Middle,upper,0.01833691526033865,0.010503777026524195,0.08209867454479257,-0.0023514789562584515,0.03902530947693575,-0.017241074744180282,0.05391490526485758,0.9974,3.3871615814651435,1.0
survival_1,Control,Upper,lower,-0.017823002580903746,0.013511247264224483,0.18834943313097474,-0.04443495455344987,0.008788949391642376,-0.06358778023196093,0.027941775070153448,1.0,3.3871615814651435,1.0
survival_1,Control,Upper,upper,0.009849367350920568,0.011369715166067685,0.3871768192996628,-0.012544591402397338,0.032243326104238475,-0.02866169505178548,0.048360429753626616,1.0,3.3871615814651435,1.0
survival_1,Control,Control+Large,lower,-0.007103208868106031,0.0018121548399297573,0.00011484007667002643,-0.010672455779508457,-0.003533961956703606,-0.013241270121582223,-0.0009651476146298405,0.0019,3.3871615814651435,0.18443316313206243
survival_1,Control,Control+Large,upper,0.00364500483118671,0.0019419852068448898,0.06170403864836068,-0.00017995788656261814,0.007469967548936038,-0.0029328128532119403,0.01022282251558536,0.9909,3.3871615814651435,1.0
survival_1,Control,Lower+Large,lower,-0.029524611582063126,0.007532253206816954,0.00011484007667004003,-0.044360248637986294,-0.014688974526139957,-0.05503757026606114,-0.004011652898065113,0.0019,3.3871615814651435,0.18443316313206243
survival_1,Control,Lower+Large,upper,0.03055013331958001,0.01284996378761641,0.018194946328860973,0.005240655039920036,0.05585961159923998,-0.012974770345052615,0.07407503698421264,0.7785,3.3871615814651435,1.0
survival_1,Control,Middle+Large,lower,-0.02952461158206314,0.007532253206816954,0.00011484007667003945,-0.04436024863798631,-0.01468897452613997,-0.05503757026606115,-0.004011652898065127,0.0019,3.3871615814651435,0.18443316313206243
survival_1,Control,Middle+Large,upper,0.018120559388051294,0.009828150649613968,0.06641876640820359,-0.0012371111475924096,0.037478229923695,-0.015168974909172829,0.05141009368527542,0.9932,3.3871615814651435,1.0
survival_1,Control,Upper+Large,lower,-0.017918896081439123,0.013435032744390323,0.18351627942996002,-0.04438073481116067,0.008542942648282429,-0.06342552283896424,0.02758773067608599,1.0,3.3871615814651435,1.0
survival_1,Control,Upper+Large,upper,0.009892809810510333,0.011279222889194498,0.38129405405670663,-0.012322914019048016,0.03210853364006868,-0.028311740628551546,0.048097360249572216,1.0,3.3871615814651435,1.0
survival_1,Lower,Middle,lower,-0.03518135934924116,0.014942385781912128,0.019332807642601747,-0.06461210286293598,-0.005750615835546341,-0.08579363440516491,0.015430915706682598,0.7962,3.3871615814651435,1.0
survival_1,Lower,Middle,upper,0.020189156910577433,0.01033817552224943,0.051963865395045446,-0.00017306613971954446,0.040551379960874406,-0.014827914040829178,0.05520622786198404,0.9825,3.3871615814651435,1.0
survival_1,Lower,Upper,lower,-0.023479750348081807,0.01868405355159578,0.210059112033169,-0.06028013790993922,0.013320637213775605,-0.0867656587240844,0.039806158027920785,1.0,3.3871615814651435,1.0
survival_1,Lower,Upper,upper,0.011701609001159352,0.011216905289045159,0.2978701083963333,-0.010391373163637245,0.03379459116595595,-0.026291861656827578,0.04969507965914628,1.0,3.3871615814651435,1.0
survival_1,Lower,Control+Large,lower,-0.03377474115045015,0.015008843465799648,0.02530896319040411,-0.06333638069892514,-0.0042131016019751645,-0.08461211912003086,0.017062636819130568,0.8681,3.3871615814651435,1.0
survival_1,Lower,Control+Large,upper,0.026512030996591496,0.006024205823235764,1.6048272997640342e-05,0.014646666318885362,0.038377395674297626,0.006107072473288719,0.04691698951989427,0.0004,3.3871615814651435,0.026495698719104205
survival_1,Lower,Lower+Large,lower,-0.005378219095175746,0.0022842614960383954,0.019332807642601178,-0.009877334242469978,-0.0008791039478815137,-0.013115381876577091,0.0023589436862256003,0.7962,3.3871615814651435,1.0
survival_1,Lower,Lower+Large,upper,0.002599234715753407,0.0012008331325902312,0.03138239889314332,0.00023405605929074013,0.004964413372216073,-0.0014681811367066632,0.006666650568213477,0.9158,3.3871615814651435,1.0
survival_1,Lower,Middle+Large,lower,-0.0351813593492412,0.014942385781912128,0.019332807642601604,-0.06461210286293602,-0.005750615835546383,-0.08579363440516496,0.015430915706682556,0.7962,3.3871615814651435,1.0
survival_1,Lower,Middle+Large,upper,0.019972801038290078,0.00965096298290524,0.039537910003706586,0.00096412194543238,0.03898148013114777,-0.012716570001548792,0.05266217207812895,0.9517,3.3871615814651435,1.0
survival_1,Lower,Upper+Large,lower,-0.023575643848617184,0.018629013911818457,0.20687256338441196,-0.06026762452384921,0.013116336826614845,-0.08667512407130835,0.03952383637407399,1.0,3.3871615814651435,1.0
survival_1,Lower,Upper+Large,upper,0.011745051460749117,0.01112517012409378,0.2921282061088936,-0.010167247769590075,0.03365735069108831,-0.025937697370845135,0.04942780029234337,1.0,3.3871615814651435,1.0
survival_1,Middle,Upper,lower,-0.00848754790941808,0.01525440386879299,0.5784412673661896,-0.0385328468509175,0.02155775103208134,-0.060156678641946945,0.043181582823110784,1.0,3.3871615814651435,1.0
survival_1,Middle,Upper,upper,0.011701609001159352,0.011216905289045159,0.2978701083963333,-0.010391373163637245,0.03379459116595595,-0.026291861656827578,0.04969507965914628,1.0,3.3871615814651435,1.0
survival_1,Middle,Control+Large,lower,-0.018782538711786423,0.010434000309288111,0.07306049826659013,-0.03933349967654708,0.0017684222529742374,-0.05412418370040254,0.016559106276829695,0.9954,3.3871615814651435,1.0
survival_1,Middle,Control+Large,upper,0.026512030996591496,0.006024205823235764,1.6048272997640342e-05,0.014646666318885362,0.038377395674297626,0.006107072473288719,0.04691698951989427,0.0004,3.3871615814651435,0.026495698719104205
survival_1,Middle,Lower+Large,lower,-0.02018915691057746,0.01033817552224943,0.05196386539504508,-0.040551379960874434,0.0001730661397195167,-0.05520622786198407,0.01482791404082915,0.9825,3.3871615814651435,1.0
survival_1,Middle,Lower+Large,upper,0.03240237496981879,0.012714956179592316,0.011429187487229741,0.007358809666985076,0.05744594027265251,-0.010665236111709116,0.0754699860513467,0.6171,3.3871615814651435,1.0
survival_1,Middle,Middle+Large,lower,-0.0013708440908809794,0.0007019622903490648,0.051963865395038306,-0.0027534393755347395,1.1751193772780756e-05,-0.0037485037923886116,0.0010068156106266529,0.9825,3.3871615814651435,1.0
survival_1,Middle,Middle+Large,upper,0.0011544882185935967,0.0005333676468961946,0.03138239889314689,0.00010395943132947218,0.0022050170058577215,-0.0006521141837696599,0.002961090620956853,0.9158,3.3871615814651435,1.0
survival_1,Middle,Upper+Large,lower,-0.008583441409953457,0.015186939770739634,0.5724604403371472,-0.03849586206848185,0.02132897924857494,-0.0600240603414278,0.042857177521520885,1.0,3.3871615814651435,1.0
survival_1,Middle,Upper+Large,upper,0.011745051460749117,0.01112517012409378,0.2921282061088936,-0.010167247769590075,0.03365735069108831,-0.025937697370845135,0.04942780029234337,1.0,3.3871615814651435,1.0
survival_1,Upper,Control+Large,lower,-0.010294990802368342,0.011305284321448816,0.36337538352921056,-0.03256204561343601,0.01197206400869932,-0.048587815523520005,0.02799783391878332,1.0,3.3871615814651435,1.0
survival_1,Upper,Control+Large,upper,0.014810421995432144,0.012732243324101096,0.24586207160724716,-0.010267192322301048,0.039888036313165336,-0.02831574343782914,0.057936587428693426,1.0,3.3871615814651435,1.0
survival_1,Upper,Lower+Large,lower,-0.01170160900115938,0.011216905289045159,0.29787010839633216,-0.03379459116595598,0.010391373163637217,-0.04969507965914631,0.02629186165682755,1.0,3.3871615814651435,1.0
survival_1,Upper,Lower+Large,upper,0.02070076596865944,0.016955502791494038,0.2232926728043536,-0.012695042511018328,0.05409657444833721,-0.03673026168111416,0.07813179361843303,1.0,3.3871615814651435,1.0
survival_1,Upper,Middle+Large,lower,-0.011701609001159394,0.011216905289045159,0.2978701083963315,-0.03379459116595599,0.010391373163637203,-0.049695079659146324,0.026291861656827537,1.0,3.3871615814651435,1.0
survival_1,Upper,Middle+Large,upper,0.008271192037130726,0.01479729876568073,0.5766911118907644,-0.020873785948609214,0.03741617002287066,-0.041849649851444626,0.05839203392570608,1.0,3.3871615814651435,1.0
survival_1,Upper,Upper+Large,lower,-9.589350053536803e-05,9.192140270914555e-05,0.29787010839647077,-0.0002769432516284444,8.515625055770837e-05,-0.00040724614430617177,0.0002154591432354357,1.0,3.3871615814651435,1.0
survival_1,Upper,Upper+Large,upper,4.344245958977366e-05,0.00011222015446837439,0.6990020696633216,-0.00017758801248008222,0.0002644729316596295,-0.00033666533629158804,0.00042355025547113537,1.0,3.3871615814651435,1.0
survival_1,Control+Large,Lower+Large,lower,-0.02391279628083806,0.0057614467489711845,4.569415575036025e-05,-0.03526062680881438,-0.012564965752861739,-0.04342774736261051,-0.004397845199065616,0.0007,3.3871615814651435,0.07439008556158648
survival_1,Control+Large,Lower+Large,upper,0.028396522055274348,0.012736506576059759,0.02667776724608075,0.003310510773578308,0.05348253333697039,-0.014744083701233424,0.07153712781178212,0.8795,3.3871615814651435,1.0
survival_1,Control+Large,Middle+Large,lower,-0.0253575427779979,0.005878738629314217,2.325513093909156e-05,-0.03693639312416105,-0.01377869243183475,-0.04526978041068607,-0.005445305145309727,0.0004,3.3871615814651435,0.038277945525744705
survival_1,Control+Large,Middle+Large,upper,0.017411694620905416,0.009738947313546716,0.07502739651772634,-0.001770279707808655,0.03659366894961949,-0.015575693563453188,0.05039908280526402,0.996,3.3871615814651435,1.0
survival_1,Control+Large,Upper+Large,lower,-0.014766979535842356,0.012641881087805874,0.24389273444657414,-0.03966661505965713,0.010132655987972413,-0.05758707347390919,0.02805311440222448,1.0,3.3871615814651435,1.0
survival_1,Control+Large,Upper+Large,upper,0.010199097301832966,0.011214087381353112,0.3639782843652076,-0.011888334670394633,0.03228652927406056,-0.027784828647479352,0.048183023251145284,1.0,3.3871615814651435,1.0
survival_1,Lower+Large,Middle+Large,lower,-0.03124788675122521,0.012675709866166042,0.014375517011761783,-0.05621415193604799,-0.0062816215664024296,-0.0741825642277015,0.011686790725251084,0.701,3.3871615814651435,1.0
survival_1,Lower+Large,Middle+Large,upper,0.018818312819696467,0.009636213231900363,0.05196386539504571,-0.00016131494594674722,0.03779794058533968,-0.01382109843020251,0.051457724069595444,0.9825,3.3871615814651435,1.0
survival_1,Lower+Large,Upper+Large,lower,-0.02065732350906968,0.01689037950066969,0.22248658034679153,-0.05392486419423372,0.012610217176094361,-0.07786776805010447,0.036553121031965105,1.0,3.3871615814651435,1.0
survival_1,Lower+Large,Upper+Large,upper,0.011605715500624003,0.011124983886336013,0.2978701083963313,-0.010306216913079518,0.03351764791432753,-0.026076402513592126,0.04928783351484013,1.0,3.3871615814651435,1.0
survival_1,Middle+Large,Upper+Large,lower,-0.008227749577540959,0.014725550189022916,0.5768455624668575,-0.037231410508032275,0.020775911352950354,-0.05810556744373616,0.041650068288654245,1.0,3.3871615814651435,1.0
survival_1,Middle+Large,Upper+Large,upper,0.011605715500624017,0.011124983886336013,0.2978701083963307,-0.010306216913079504,0.03351764791432754,-0.026076402513592112,0.049287833514840146,1.0,3.3871615814651435,1.0
survival_2,Gikuriro,Control,lower,-0.012194408336686946,0.013580387119613417,0.3700905815876966,-0.038942539188578346,0.014553722515204457,-0.058193373849665594,0.0338045571762917,1.0,3.3871615814651435,1.0
survival_2,Gikuriro,Control,upper,0.039011067375846586,0.015195248502554506,0.010838539010687914,0.009082281716538753,0.06893985303515442,-0.012457694572821788,0.09047982932451495,0.5994,3.3871615814651435,1.0
survival_2,Gikuriro,Lower,lower,-0.03563443581100212,0.012679375952074754,0.005344112609458991,-0.06060792177272446,-0.010660949849279771,-0.07858153091282274,0.007312659290818514,0.3587,3.3871615814651435,1.0
survival_2,Gikuriro,Lower,upper,0.02308002931894837,0.01906666568634952,0.22724755915153647,-0.01447395674903218,0.06063401538692892,-0.04150184818049445,0.08766190681839119,1.0,3.3871615814651435,1.0
survival_2,Gikuriro,Middle,lower,-0.008096171942849617,0.021020727395319974,0.7004563739073603,-0.04949890678535701,0.03330656289965778,-0.07929677219072928,0.06310442830503005,1.0,3.3871615814651435,1.0
survival_2,Gikuriro,Middle,upper,0.035626090748437034,0.023260983700296434,0.12690550553577387,-0.010189085967744343,0.08144126746461841,-0.04316261958829397,0.11441480108516804,0.9999,3.3871615814651435,1.0
survival_2,Gikuriro,Upper,lower,-0.018399707671484022,0.01650144225048367,0.26591856347092124,-0.05090119180984127,0.014101776466873224,-0.07429275890108802,0.03749334355811998,1.0,3.3871615814651435,1.0
survival_2,Gikuriro,Upper,upper,0.005133398109225307,0.015789077201543468,0.7453629147545469,-0.025965001317662467,0.03623179753611308,-0.048346757594629905,0.05861355381308052,1.0,3.3871615814651435,1.0
survival_2,Gikuriro,Control+Large,lower,-0.013887571852348679,0.012711244166696565,0.2756592687714906,-0.03892382591981149,0.011148682215114135,-0.05694260974640619,0.029167466041708834,1.0,3.3871615814651435,1.0
survival_2,Gikuriro,Control+Large,upper,0.034750946726161164,0.013440790596109638,0.010298262510272226,0.008277767246735093,0.06122412620558723,-0.01077518280549939,0.08027707625782171,0.5819,3.3871615814651435,1.0
survival_2,Gikuriro,Lower+Large,lower,-0.033126985623345095,0.012204668625463955,0.007109961288585771,-0.05716548103018121,-0.009088490216508982,-0.0744661703060296,0.008212199059339412,0.4512,3.3871615814651435,1.0
survival_2,Gikuriro,Lower+Large,upper,0.022808495127183193,0.01699373573627999,0.18077301889297642,-0.010662617524679098,0.05627960777904548,-0.03475203368431567,0.08036902393868206,1.0,3.3871615814651435,1.0
survival_2,Gikuriro,Middle+Large,lower,-0.008852299744340306,0.01995427159916824,0.6576989682674281,-0.04815452751499652,0.03044992802631591,-0.076440641891164,0.05873604240248338,1.0,3.3871615814651435,1.0
survival_2,Gikuriro,Middle+Large,upper,0.03465360707465903,0.0219431986247811,0.11556045468651135,-0.008566040712627045,0.0778732548619451,-0.03967155228165828,0.10897876643097634,0.9997,3.3871615814651435,1.0
survival_2,Gikuriro,Upper+Large,lower,-0.01840652881307958,0.016417081943634365,0.26329945579963876,-0.05074185564631465,0.013928798020155488,-0.074013838052323,0.03720078042616384,1.0,3.3871615814651435,1.0
survival_2,Gikuriro,Upper+Large,upper,0.005265912927754891,0.01570096437375773,0.7376172007701723,-0.025658938173405175,0.036190764028914954,-0.04791579039099022,0.0584476162465,1.0,3.3871615814651435,1.0
survival_2,Control,Lower,lower,-0.051112397406139376,0.014563297511911329,0.0005330656559277061,-0.07979648306972373,-0.02242831174255503,-0.10044063923793234,-0.0017841555743464133,0.0273,3.3871615814651435,0.8182557818490289
survival_2,Control,Lower,upper,0.011741331874925987,0.019193544163222855,0.5412768122960021,-0.026062555913219466,0.04954521966307144,-0.05327030352689702,0.07675296727674899,1.0,3.3871615814651435,1.0
survival_2,Control,Middle,lower,-0.023574133537986874,0.02220797244492947,0.289491958092063,-0.06731528374822343,0.020167016672249675,-0.09879612460568851,0.051647857529714764,1.0,3.3871615814651435,1.0
survival_2,Control,Middle,upper,0.02428739330441465,0.023365097043582434,0.2996011428081518,-0.021732846588914292,0.0703076331977436,-0.05485396574881257,0.10342875235764187,1.0,3.3871615814651435,1.0
survival_2,Control,Upper,lower,-0.03387766926662128,0.017989459587003685,0.060848904643354164,-0.06930997430695686,0.0015546357737142996,-0.09481087565103996,0.02705553711779741,0.9902,3.3871615814651435,1.0
survival_2,Control,Upper,upper,-0.006205299334797076,0.01594206247719748,0.6974334749157753,-0.037605020817938775,0.025194422148344622,-0.060203640886877414,0.04779304221728326,1.0,3.3871615814651435,1.0
survival_2,Control,Control+Large,lower,-0.008350748932319935,0.0046015487773125195,0.07077235511108476,-0.017414027300810205,0.0007125294361703359,-0.023936938166070808,0.007235440301430937,0.9949,3.3871615814651435,1.0
survival_2,Control,Control+Large,upper,0.0023974647669728066,0.004378371251421639,0.5844816339034551,-0.006226239853497489,0.011021169387443103,-0.012432786125234033,0.017227715659179646,1.0,3.3871615814651435,1.0
survival_2,Control,Lower+Large,lower,-0.04860494721848235,0.014151925527778024,0.0006960932077245878,-0.07647878855224872,-0.020731105884715984,-0.0965398056699279,-0.0006700887670368083,0.0399,3.3871615814651435,1.0
survival_2,Control,Lower+Large,upper,0.01146979768316081,0.017135969521013036,0.5039034894396768,-0.022281460729797246,0.045221056096118865,-0.0465724999395722,0.06951209530589382,1.0,3.3871615814651435,1.0
survival_2,Control,Middle+Large,lower,-0.024330261339477563,0.021201321065909155,0.2522513311377716,-0.0660886961402701,0.017428173461314984,-0.09614256153023268,0.04748203885127755,1.0,3.3871615814651435,1.0
survival_2,Control,Middle+Large,upper,0.02331490963063665,0.02205353402602774,0.291454973742546,-0.02012205639096387,0.06675187565223717,-0.051383973557858814,0.09801379281913211,1.0,3.3871615814651435,1.0
survival_2,Control,Upper+Large,lower,-0.03388449040821684,0.01791210873767789,0.05969962184325399,-0.06916444407439437,0.001395463257960694,-0.09455569696750549,0.026786716151071817,0.9896,3.3871615814651435,1.0
survival_2,Control,Upper+Large,upper,-0.006072784516267492,0.01585479988573106,0.7020306630396134,-0.0373006323116814,0.025155063279146416,-0.05977555357103369,0.047629984538498704,1.0,3.3871615814651435,1.0
survival_2,Lower,Middle,lower,-0.0076430954810886576,0.02501671847895682,0.7602278347699392,-0.05691639332350796,0.041630202361330644,-0.09237876320734031,0.077092572245163,1.0,3.3871615814651435,1.0
survival_2,Lower,Middle,upper,0.04772742077872982,0.02285317089752567,0.03778266086828325,0.0027154781762383853,0.09273936338122127,-0.029679961700026417,0.12513480325748605,0.9462,3.3871615814651435,1.0
survival_2,Lower,Upper,lower,-0.017946631209723063,0.02136030944469372,0.40161668869468187,-0.06001821186727236,0.024124949447826234,-0.09029745072899668,0.05440418830955056,1.0,3.3871615814651435,1.0
survival_2,Lower,Upper,upper,0.017234728139518096,0.015181864715586075,0.2573843159041265,-0.012667696615496483,0.04713715289453267,-0.03418870076011629,0.06865815703915248,1.0,3.3871615814651435,1.0
survival_2,Lower,Control+Large,lower,-0.01343449539058772,0.0185887318419628,0.4705341201928981,-0.05004713590666272,0.023178145125487278,-0.07639753373384191,0.04952854295266647,1.0,3.3871615814651435,1.0
survival_2,Lower,Control+Large,upper,0.04685227675645395,0.01272198527017411,0.00028340440260646684,0.021794866853094817,0.0719096866598131,0.0037608570093547525,0.08994369650355316,0.0117,3.3871615814651435,0.44437810328694
survival_2,Lower,Lower+Large,lower,-0.002870768907518667,0.003413044188098013,0.4010960328909047,-0.009593151100489014,0.0038516132854516808,-0.01443130105728715,0.008689763242249815,1.0,3.3871615814651435,1.0
survival_2,Lower,Lower+Large,upper,0.005106684903410513,0.0026808544640278616,0.05795823093756466,-0.0001735656054376979,0.010386935412258724,-0.003973802342643988,0.014187172149465015,0.9885,3.3871615814651435,1.0
survival_2,Lower,Middle+Large,lower,-0.008399223282579346,0.024127539830666452,0.728048306839763,-0.055921181739332027,0.039122735174173334,-0.09012309925228276,0.07332465268712407,1.0,3.3871615814651435,1.0
survival_2,Lower,Middle+Large,upper,0.04675493710495182,0.02151041662201485,0.030685874420508744,0.004387703136091915,0.08912217107381173,-0.026104319678446106,0.11961419388834975,0.9109,3.3871615814651435,1.0
survival_2,Lower,Upper+Large,lower,-0.01795345235131862,0.02129520609834593,0.4000022588511653,-0.0598968044972895,0.023989899794652256,-0.09008375631701819,0.05417685161438095,1.0,3.3871615814651435,1.0
survival_2,Lower,Upper+Large,upper,0.01736724295804768,0.015090206745835765,0.25088836973523426,-0.012354650907316547,0.04708913682341191,-0.033745725587813365,0.06848021150390873,1.0,3.3871615814651435,1.0
survival_2,Middle,Upper,lower,-0.030492692639211727,0.025175353858158778,0.22697169275423884,-0.0800784410652013,0.01909305578677785,-0.11576568402735742,0.05478029874893396,1.0,3.3871615814651435,1.0
survival_2,Middle,Upper,upper,-0.010303535728634405,0.022618431022877368,0.649123041780941,-0.05485313121038867,0.03424605975311986,-0.08691581632234398,0.06630874486507517,1.0,3.3871615814651435,1.0
survival_2,Middle,Control+Large,lower,-0.025980556820076384,0.022870867360090214,0.25707125166083694,-0.07102735463634949,0.019066240996196727,-0.10344788007695908,0.05148676643680632,1.0,3.3871615814651435,1.0
survival_2,Middle,Control+Large,upper,0.01931401288830145,0.021046456112819353,0.35967910177822066,-0.02213939761582466,0.060767423392427564,-0.051973734683032485,0.09060176045963539,1.0,3.3871615814651435,1.0
survival_2,Middle,Lower+Large,lower,-0.0452199705910728,0.022593246375739076,0.04643438141156292,-0.0897199620202194,-0.0007199791619261972,-0.12174694671555279,0.03130700553340719,0.9713,3.3871615814651435,1.0
survival_2,Middle,Lower+Large,upper,0.0073715612893234805,0.023475210698412942,0.7537749206423261,-0.038865560083306785,0.05360868266195375,-0.07214277050514036,0.08688589308378732,1.0,3.3871615814651435,1.0
survival_2,Middle,Middle+Large,lower,-0.0021269718923716263,0.0017653973550656346,0.22942899647312504,-0.005604124571670418,0.0013501807869271648,-0.008106657989470124,0.00385271420472687,1.0,3.3871615814651435,1.0
survival_2,Middle,Middle+Large,upper,0.0003983604171029498,0.0016473830508459677,0.8091248679354869,-0.0028463495472820983,0.003643070381487998,-0.005181592162679351,0.005978312996885251,1.0,3.3871615814651435,1.0
survival_2,Middle,Upper+Large,lower,-0.030499513780807286,0.02512013983005405,0.22585160567722187,-0.07997651184234869,0.018977484280734112,-0.1155854863341987,0.054586458772584126,1.0,3.3871615814651435,1.0
survival_2,Middle,Upper+Large,upper,-0.01017102091010482,0.022557011001601502,0.6524551377466674,-0.05459964261169047,0.03425760079148083,-0.086575261967416,0.06623322014720637,1.0,3.3871615814651435,1.0
survival_2,Upper,Control+Large,lower,0.004512135819135343,0.015208490062254151,0.7669560873260796,-0.02544273061153855,0.03446700224980924,-0.047001477431826345,0.05602574907009703,1.0,3.3871615814651435,1.0
survival_2,Upper,Control+Large,upper,0.029617548616935857,0.016534204880384273,0.07447108401260813,-0.0029484652806922307,0.062183562514563945,-0.02638647493397523,0.08562157216784694,0.9958,3.3871615814651435,1.0
survival_2,Upper,Lower+Large,lower,-0.014727277951861073,0.014787710369279285,0.320266897037335,-0.043853370490570184,0.014398814586848038,-0.0648156423925176,0.03536108648879545,1.0,3.3871615814651435,1.0
survival_2,Upper,Lower+Large,upper,0.017675097017957886,0.019532335586216344,0.36639239012527186,-0.020796079355845078,0.05614627339176085,-0.048484079675958566,0.08383427371187434,1.0,3.3871615814651435,1.0
survival_2,Upper,Middle+Large,lower,0.009547407927143717,0.021630889874475298,0.6593251930554903,-0.033057111937367205,0.05215192779165464,-0.0637199112285824,0.08281472708286983,1.0,3.3871615814651435,1.0
survival_2,Upper,Middle+Large,upper,0.029520208965433725,0.023963076702807777,0.21915643613131602,-0.017677820488004918,0.07671823841887238,-0.051646603816019196,0.11068702174688665,1.0,3.3871615814651435,1.0
survival_2,Upper,Upper+Large,lower,-6.821141595593494e-06,0.00016063239831688486,0.9661628808129599,-0.00032320508348100604,0.00030956280028981905,-0.0005509090299131521,0.0005372667467219651,1.0,3.3871615814651435,1.0
survival_2,Upper,Upper+Large,upper,0.0001325148185295482,0.00016775863358095558,0.4303359249710439,-0.0001979050614808854,0.0004629346985399818,-0.0004357107800949528,0.0007007404171540492,1.0,3.3871615814651435,1.0
survival_2,Control+Large,Lower+Large,lower,-0.04174559185304347,0.011515392775866431,0.000350608987179435,-0.06442647937612081,-0.01906470432996612,-0.0807500878589395,-0.0027410958471474414,0.0152,3.3871615814651435,0.5480018469614569
survival_2,Control+Large,Lower+Large,upper,0.010563726483069066,0.01594656057587837,0.5083034185370101,-0.020844854521604783,0.041972307487742916,-0.043449850856052824,0.06457730382219096,1.0,3.3871615814651435,1.0
survival_2,Control+Large,Middle+Large,lower,-0.018915652471198502,0.019781596503904972,0.3398936429926708,-0.057877776826371505,0.0200464718839745,-0.08591911616927062,0.04808781122687361,1.0,3.3871615814651435,1.0
survival_2,Control+Large,Middle+Large,upper,0.023853584927704702,0.021363067059418046,0.26525872411120466,-0.01822342716849474,0.06593059702390414,-0.048506575078219635,0.09621374493362904,1.0,3.3871615814651435,1.0
survival_2,Control+Large,Upper+Large,lower,-0.02948503379840628,0.01642032674342473,0.07377364275647894,-0.06182675163718607,0.0028566840403735083,-0.08510333369883918,0.02613326610202662,0.9956,3.3871615814651435,1.0
survival_2,Control+Large,Upper+Large,upper,-0.004518956960730902,0.015089083336023662,0.7648217261015158,-0.03423863814155309,0.02520072422009129,-0.05562812033603615,0.04659020641457435,1.0,3.3871615814651435,1.0
survival_2,Lower+Large,Middle+Large,lower,-0.006973200872220531,0.02241424824735251,0.7559826484103452,-0.05112063494654677,0.03717423320210571,-0.08289388141307538,0.06894747966863432,1.0,3.3871615814651435,1.0
survival_2,Lower+Large,Middle+Large,upper,0.04309299869870116,0.02112577854774081,0.04243131749962597,0.0014833535563366848,0.08470264384106563,-0.028463426776747,0.11464942417414932,0.9608,3.3871615814651435,1.0
survival_2,Lower+Large,Upper+Large,lower,-0.017542582199428308,0.019445203649748142,0.36785357242778904,-0.055842142225515805,0.02075697782665919,-0.08340662894562101,0.04832146454676439,1.0,3.3871615814651435,1.0
survival_2,Lower+Large,Upper+Large,upper,0.014720456810265514,0.01467532484303122,0.3168061496057514,-0.01418427953767637,0.0436251931582074,-0.03498723969357082,0.06442815331410184,1.0,3.3871615814651435,1.0
survival_2,Middle+Large,Upper+Large,lower,-0.029387694146904147,0.02389933712147472,0.22000015826893884,-0.07646018118046,0.0176847928866517,-0.11033861066724707,0.05156322237343877,1.0,3.3871615814651435,1.0
survival_2,Middle+Large,Upper+Large,upper,-0.009554229068739269,0.02156110169598423,0.6580643238255086,-0.05202129310715682,0.032912834969678284,-0.08258516438744001,0.06347670624996146,1.0,3.3871615814651435,1.0
survival_3,Gikuriro,Control,lower,-0.00845764945500116,0.022509382854427867,0.7074335503554743,-0.05279246205515158,0.035877163145149264,-0.08470056628200943,0.06778526737200712,1.0,3.3871615814651435,1.0
survival_3,Gikuriro,Control,upper,0.043617864329288714,0.02353717420910981,0.06505375172067653,-0.0027413012882930646,0.08997702994687048,-0.03610634788806026,0.12334207654663769,0.9927,3.3871615814651435,1.0
survival_3,Gikuriro,Lower,lower,-0.05460463642734448,0.024231974861029727,0.025110790508687232,-0.10233229166085868,-0.0068769811938302755,-0.1366822507196535,0.027472977864964568,0.8661,3.3871615814651435,1.0
survival_3,Gikuriro,Lower,upper,0.0049798667743625735,0.02598974878290395,0.8482060021212537,-0.04620992591195146,0.056169659460676605,-0.08305161181502016,0.0930113453637453,1.0,3.3871615814651435,1.0
survival_3,Gikuriro,Middle,lower,0.04143844746343939,0.03432736903764006,0.2285272858979295,-0.026173245099717773,0.10905014002659655,-0.07483389813363112,0.1577107930605099,1.0,3.3871615814651435,1.0
survival_3,Gikuriro,Middle,upper,0.08603074822648249,0.03300469315840003,0.009699977580859545,0.021024217591401495,0.15103727886156348,-0.025761480447695564,0.19782297690066053,0.5626,3.3871615814651435,1.0
survival_3,Gikuriro,Upper,lower,-0.027619323133630136,0.027978423932936924,0.3245277318279959,-0.08272603973871542,0.027487393471455145,-0.12238676578921899,0.06714811952195872,1.0,3.3871615814651435,1.0
survival_3,Gikuriro,Upper,upper,-0.0032161792811643553,0.027533313520421935,0.9071051685631842,-0.0574461998500744,0.05101384128774569,-0.09647596104797233,0.09004360248564362,1.0,3.3871615814651435,1.0
survival_3,Gikuriro,Control+Large,lower,-0.019016146746916845,0.02082831864611164,0.36213555877697995,-0.06003991047795714,0.02200761698412345,-0.08956502747154028,0.051532733977706593,1.0,3.3871615814651435,1.0
survival_3,Gikuriro,Control+Large,upper,0.03049240990334917,0.021271060108229812,0.1529749773971319,-0.01140338394421049,0.07238820375090883,-0.04155610769228264,0.10254092749898099,1.0,3.3871615814651435,1.0
survival_3,Gikuriro,Lower+Large,lower,-0.054259084866301155,0.022618816935265157,0.017188954432981133,-0.09880944044678862,-0.009708729285813691,-0.13087267260762445,0.022354502875022136,0.7597,3.3871615814651435,1.0
survival_3,Gikuriro,Lower+Large,upper,0.002546433955983529,0.02384771253477354,0.9150510141076631,-0.04442437252987544,0.0495172404418425,-0.07822962174762614,0.0833224896595932,1.0,3.3871615814651435,1.0
survival_3,Gikuriro,Middle+Large,lower,0.03507060225933596,0.032618396476130546,0.28334390297891254,-0.02917507273046871,0.09931627724914063,-0.07541317713361144,0.14555438165228335,1.0,3.3871615814651435,1.0
survival_3,Gikuriro,Middle+Large,upper,0.07944654715009175,0.03136059700579743,0.011918275866080002,0.01767825255611688,0.14121484174406662,-0.026776862199756113,0.18566995649993961,0.6334,3.3871615814651435,1.0
survival_3,Gikuriro,Upper+Large,lower,-0.027821941221822744,0.027836547291432992,0.3185426356777081,-0.08264921550038604,0.027005333056740542,-0.12210882476800217,0.06646494232435668,1.0,3.3871615814651435,1.0
survival_3,Gikuriro,Upper+Large,upper,-0.0032794614092318247,0.027389169512397546,0.9047898498665758,-0.05722557381306578,0.05066665099460213,-0.09605100412986119,0.08949208131139753,1.0,3.3871615814651435,1.0
survival_3,Control,Lower,lower,-0.07381935690416741,0.023935139637592858,0.0022734333903252444,-0.12096236110174223,-0.02667635270659259,-0.15489154233162547,0.00725282852329065,0.1638,3.3871615814651435,1.0
survival_3,Control,Lower,upper,-0.010965627623102048,0.02477585704554288,0.6584472833554742,-0.05976452123231466,0.037833265986110566,-0.09488545875563739,0.0729542035094333,1.0,3.3871615814651435,1.0
survival_3,Control,Middle,lower,0.022223726986616454,0.03411847840762864,0.5154137291008567,-0.04497653150945069,0.0894239854826836,-0.09334107229375131,0.13778852626698423,1.0,3.3871615814651435,1.0
survival_3,Control,Middle,upper,0.07008525382901787,0.03205753922282335,0.02973753910319853,0.006944251560878606,0.13322625609715713,-0.03849881142284134,0.17866931908087708,0.9033,3.3871615814651435,1.0
survival_3,Control,Upper,lower,-0.04683404361045307,0.027721733524017394,0.09239805267345705,-0.10143517899861641,0.007767091777710275,-0.14073203437461912,0.04706394715371297,0.9981,3.3871615814651435,1.0
survival_3,Control,Upper,upper,-0.019161673678628977,0.02639051731127241,0.4684760897754983,-0.0711408259718306,0.03281747861457266,-0.10855062003036167,0.07022727267310372,1.0,3.3871615814651435,1.0
survival_3,Control,Control+Large,lower,-0.017216082708573915,0.0056959514334831126,0.0027707455728441448,-0.028434912696769548,-0.005997252720378283,-0.036509190573959224,0.0020770251568113934,0.1981,3.3871615814651435,1.0
survival_3,Control,Control+Large,upper,-0.006467869009281257,0.005484433406633674,0.23940785626854705,-0.017270089970806986,0.004334351952244469,-0.025044531140334836,0.012108793121772321,1.0,3.3871615814651435,1.0
survival_3,Control,Lower+Large,lower,-0.07347380534312409,0.022300519800142103,0.0011296774103545263,-0.11739723818974063,-0.02955037249650755,-0.14900926925686817,0.0020616585706199897,0.0714,3.3871615814651435,1.0
survival_3,Control,Lower+Large,upper,-0.013399060441481092,0.022518646577534683,0.5523743617118593,-0.05775211900735063,0.030953998124388447,-0.08967335499549811,0.06287523411253593,1.0,3.3871615814651435,1.0
survival_3,Control,Middle+Large,lower,0.01585588178251303,0.032398489046243165,0.6249915282500248,-0.047956660288611036,0.0796684238536371,-0.0938830356124411,0.12559479917746716,1.0,3.3871615814651435,1.0
survival_3,Control,Middle+Large,upper,0.06350105275262713,0.03036219845634947,0.03750939520610594,0.0036992186731985358,0.12330288683205573,-0.03934061938754008,0.16634272489279434,0.9451,3.3871615814651435,1.0
survival_3,Control,Upper+Large,lower,-0.047036661698645676,0.027578536380919085,0.08934843301482018,-0.1013557538808625,0.007282430483571148,-0.14044962060113356,0.046376297203842204,0.9981,3.3871615814651435,1.0
survival_3,Control,Upper+Large,upper,-0.019224955806696448,0.026240096362657794,0.4644631446357897,-0.07090783678001808,0.03245792516662518,-0.10810440210023418,0.06965449048684129,1.0,3.3871615814651435,1.0
survival_3,Lower,Middle,lower,0.060861724541542594,0.03585441452457835,0.09086773513997712,-0.009757659344524244,0.13148110842760943,-0.06058297086203501,0.1823064199451202,0.9981,3.3871615814651435,1.0
survival_3,Lower,Middle,upper,0.11623224080136119,0.03328966972202071,0.0005687437296845741,0.05066441612169148,0.1818000654810309,0.0034747504592692185,0.22898973114345317,0.0299,3.3871615814651435,0.8713153938767675
survival_3,Lower,Upper,lower,-0.008196046055526929,0.02983224734452809,0.7837473438420409,-0.06695408060558636,0.0505619884945325,-0.10924268814967802,0.09285059603862417,1.0,3.3871615814651435,1.0
survival_3,Lower,Upper,upper,0.02698531329371434,0.027874283724159336,0.3339374825314343,-0.027916287219554733,0.08188691380698342,-0.0674293896476173,0.12140001623504598,1.0,3.3871615814651435,1.0
survival_3,Lower,Control+Large,lower,0.00040713033118636166,0.023259183852360924,0.9860486185353855,-0.04540450137794415,0.04621876204031687,-0.078375483629765,0.07918974429213772,1.0,3.3871615814651435,1.0
survival_3,Lower,Control+Large,upper,0.06069390247822787,0.021710604271853198,0.005587645614391835,0.017932375960440894,0.10345542899601484,-0.012843422221786305,0.13423122717824204,0.3732,3.3871615814651435,1.0
survival_3,Lower,Lower+Large,lower,-0.005032667534132423,0.003992221795904597,0.2086359577391903,-0.012895806489310368,0.0028304714210455207,-0.018554967825908254,0.008489632757643407,1.0,3.3871615814651435,1.0
survival_3,Lower,Lower+Large,upper,0.0029447862767967292,0.003745129073675123,0.4324468171864599,-0.004431675206779642,0.0103212477603731,-0.009740571039183788,0.015630143592777247,1.0,3.3871615814651435,1.0
survival_3,Lower,Middle+Large,lower,0.05449387933743917,0.034221784940707156,0.11257961668678722,-0.01290985323048624,0.12189761190536458,-0.06142083586288652,0.17040859453776486,0.9996,3.3871615814651435,1.0
survival_3,Lower,Middle+Large,upper,0.10964803972497045,0.031660375618130544,0.0006288940374614652,0.04728929675285591,0.17200678269708497,0.0024092317764829174,0.21688684767345798,0.0348,3.3871615814651435,0.9603211952036573
survival_3,Lower,Upper+Large,lower,-0.008398664143719538,0.02969922795229113,0.7775741605408426,-0.06689470173610354,0.05009737344866446,-0.10899474806289575,0.09219741977545667,1.0,3.3871615814651435,1.0
survival_3,Lower,Upper+Large,upper,0.02692203116564687,0.02773191205632839,0.33259952575136215,-0.027699152009942322,0.08154321434123607,-0.06701043593211868,0.12085449826341242,1.0,3.3871615814651435,1.0
survival_3,Middle,Upper,lower,-0.08924692750764684,0.03610824989260465,0.01412425228604756,-0.16036626927996567,-0.018127585735328022,-0.2115514043178202,0.03305754930252652,0.6929,3.3871615814651435,1.0
survival_3,Middle,Upper,upper,-0.06905777059706952,0.036988584083682996,0.06308592804003674,-0.14191103158162857,0.003795490387489525,-0.19434408155811364,0.056228540363974594,0.9919,3.3871615814651435,1.0
survival_3,Middle,Control+Large,lower,-0.08064375112093355,0.030900361845124204,0.009612777245879025,-0.1415055597515923,-0.01978194249027481,-0.18530826961610963,0.024020767374242524,0.5594,3.3871615814651435,1.0
survival_3,Middle,Control+Large,upper,-0.035349181412556,0.03259647215926539,0.27922354165728935,-0.09955167394436575,0.028853311119253752,-0.14575869960171786,0.07506033677660587,1.0,3.3871615814651435,1.0
survival_3,Middle,Lower+Large,lower,-0.11588668924031786,0.0321344734527685,0.00037575026782188,-0.17917922230293576,-0.05259415617769997,-0.22473134316014687,-0.007042035320488846,0.0167,3.3871615814651435,0.5865461680699547
survival_3,Middle,Lower+Large,upper,-0.06329515735992164,0.03433344422342496,0.06644777595963854,-0.13091881569864122,0.004328500978797931,-0.179588080592883,0.052997765873039726,0.9932,3.3871615814651435,1.0
survival_3,Middle,Middle+Large,lower,-0.007738689294984391,0.0022477182916809785,0.0006757986852373612,-0.012165828407774578,-0.003311550182194204,-0.015352074338522665,-0.0001253042514461171,0.0383,3.3871615814651435,1.0
survival_3,Middle,Middle+Large,upper,-0.005213356985509822,0.002343642714284753,0.027021273750679097,-0.009829430256442838,-0.0005972837145768062,-0.013151653548015826,0.0027249395769961826,0.8822,3.3871615814651435,1.0
survival_3,Middle,Upper+Large,lower,-0.08944954559583945,0.03599842871076224,0.013624907783994116,-0.1603525819479698,-0.01854650924370911,-0.2113820403180451,0.032482949126366206,0.6811,3.3871615814651435,1.0
survival_3,Middle,Upper+Large,upper,-0.069121052725137,0.03688141273976209,0.062091134145152056,-0.1417632274493766,0.003521121999102622,-0.19404435702741823,0.055802251577144246,0.9909,3.3871615814651435,1.0
survival_3,Upper,Control+Large,lower,0.00860317638671329,0.02497210333739069,0.7307548045010154,-0.04058224681457277,0.057788599587999354,-0.07598137264607395,0.09318772541950053,1.0,3.3871615814651435,1.0
survival_3,Upper,Control+Large,upper,0.03370858918451353,0.025825451360132534,0.1930233695894422,-0.01715760087367134,0.08457477924269839,-0.053766387486524125,0.12118356585555118,1.0,3.3871615814651435,1.0
survival_3,Upper,Lower+Large,lower,-0.02663976173267102,0.026483919026843352,0.3154555521504924,-0.07880287942302061,0.025523355957678573,-0.11634507478702855,0.06306555132168651,1.0,3.3871615814651435,1.0
survival_3,Upper,Lower+Large,upper,0.005762613237147884,0.027985877384277966,0.8370296778626876,-0.04935878379567575,0.06088401026997152,-0.08903007546247266,0.10055530193676843,1.0,3.3871615814651435,1.0
survival_3,Upper,Middle+Large,lower,0.0626899253929661,0.035408288240797565,0.07787943821683814,-0.007050761581891024,0.13243061236782322,-0.057243668201707426,0.18262351898763962,0.9966,3.3871615814651435,1.0
survival_3,Upper,Middle+Large,upper,0.0826627264312561,0.03461189079473522,0.01767966095573615,0.01449063561715365,0.15083481724535858,-0.03457334033053809,0.19989879319305032,0.769,3.3871615814651435,1.0
survival_3,Upper,Upper+Large,lower,-0.000202618088192664,0.00022660126837741173,0.37210602306364227,-0.0006489352899320581,0.00024369911354673007,-0.0009701531987519053,0.0005649170223665773,1.0,3.3871615814651435,1.0
survival_3,Upper,Upper+Large,upper,-6.328212806752404e-05,0.00023117517769098405,0.7845124250099555,-0.0005186081690798003,0.00039204391294475225,-0.0008463098085308031,0.000719745552395755,1.0,3.3871615814651435,1.0
survival_3,Control+Large,Lower+Large,lower,-0.057749116201431125,0.01933224360077319,0.0030990200627170656,-0.09582618844831134,-0.01967204395455091,-0.12323054900949544,0.007732316606633191,0.2209,3.3871615814651435,1.0
survival_3,Control+Large,Lower+Large,upper,-0.005439797865318827,0.020323266522013154,0.7891816755440316,-0.0454688034805981,0.034589207749960445,-0.07427798543855851,0.06339838970792086,1.0,3.3871615814651435,1.0
survival_3,Control+Large,Middle+Large,lower,0.03013582442704618,0.030629293046494668,0.3261328598432951,-0.03019208309816202,0.09046373195225438,-0.07361054024747801,0.13388218910157038,1.0,3.3871615814651435,1.0
survival_3,Control+Large,Middle+Large,upper,0.07290506182594916,0.0289788347804511,0.012511358799647244,0.01582792125435456,0.12998220239754377,-0.0252509340180207,0.17106105766991903,0.6521,3.3871615814651435,1.0
survival_3,Control+Large,Upper+Large,lower,-0.033771871312581,0.025647939613676143,0.18914353499680614,-0.08428843161572701,0.016744688990565013,-0.12064558701576278,0.05310184439060078,1.0,3.3871615814651435,1.0
survival_3,Control+Large,Upper+Large,upper,-0.008805794474905926,0.02479091892275537,0.7227410740886794,-0.057634354179717025,0.04002276522990517,-0.09277664261928016,0.07516505366946831,1.0,3.3871615814651435,1.0
survival_3,Lower+Large,Middle+Large,lower,0.05808180037441184,0.032528381167299565,0.0753952626471966,-0.005986579134926964,0.12215017988375064,-0.052097082622719545,0.1682606833715432,0.9961,3.3871615814651435,1.0
survival_3,Lower+Large,Middle+Large,upper,0.1081479999453335,0.030346006233074672,0.0004385889629768913,0.048378058307786166,0.16791794158288084,0.005361173481761197,0.21093482640890582,0.0207,3.3871615814651435,0.6776199477992971
survival_3,Lower+Large,Upper+Large,lower,-0.0058258953652153556,0.02783014802206213,0.8343572794679182,-0.0606405655484034,0.04898877481797269,-0.10009110355203235,0.08843931282160164,1.0,3.3871615814651435,1.0
survival_3,Lower+Large,Upper+Large,upper,0.02643714364447841,0.0263207484229169,0.3161581226737311,-0.02540459081676548,0.0782788781057223,-0.06271548420903499,0.11558977149799181,1.0,3.3871615814651435,1.0
survival_3,Middle+Large,Upper+Large,lower,-0.08272600855932358,0.03449234424193301,0.017210036199813362,-0.15066263871909552,-0.014789378399551648,-0.1995571518302695,0.03410513471162237,0.76,3.3871615814651435,1.0
survival_3,Middle+Large,Upper+Large,upper,-0.06289254348115872,0.03529190143163828,0.0759666730147586,-0.132403993279387,0.006618906317069587,-0.1824319161472586,0.056646829184941155,0.9963,3.3871615814651435,1.0
survival_4,Gikuriro,Control,lower,-0.02238821170470151,0.03286439448544117,0.4963641387451472,-0.0871184080033901,0.04234198459398708,-0.13370522610390279,0.08892880269449975,1.0,3.3871615814651435,1.0
survival_4,Gikuriro,Control,upper,0.028817264007832022,0.032729708244405104,0.37946495966752924,-0.035647652283191764,0.09328218029885581,-0.0820435463301799,0.13967807434584395,1.0,3.3871615814651435,1.0
survival_4,Gikuriro,Lower,lower,-0.06552645792553702,0.033041747027473,0.04845922666723067,-0.13060597040788074,-0.0004469454431932779,-0.17744419404148365,0.04639127819040963,0.9764,3.3871615814651435,1.0
survival_4,Gikuriro,Lower,upper,-0.006811992795586641,0.03365438699405018,0.8397626390016755,-0.07309816999571578,0.059474184404542496,-0.1208048394695936,0.10718085387842032,1.0,3.3871615814651435,1.0
survival_4,Gikuriro,Middle,lower,0.06961196165909433,0.052858221890930666,0.1890738208312217,-0.034498372110033995,0.17372229542822265,-0.10942737679442585,0.24865130011261452,1.0,3.3871615814651435,1.0
survival_4,Gikuriro,Middle,upper,0.11333422435038087,0.050104465368070374,0.024569702079206193,0.014647730060860356,0.2120207186399014,-0.05637769580419788,0.28304614450495963,0.8608,3.3871615814651435,1.0
survival_4,Gikuriro,Upper,lower,-0.08681003355499084,0.04479876244000064,0.05379018546749833,-0.17504633707076614,0.0014262699607844598,-0.23855068058894469,0.064930613478963,0.9849,3.3871615814651435,1.0
survival_4,Gikuriro,Upper,upper,-0.06327692777428162,0.044540030843722454,0.15667226294271913,-0.15100362972039527,0.024449774171832042,-0.21414120908541084,0.0875873535368476,1.0,3.3871615814651435,1.0
survival_4,Gikuriro,Control+Large,lower,-0.0415866480396504,0.029709834466211178,0.16283980604430032,-0.10010357637835238,0.016930280299051588,-0.14221865793528987,0.059045361855989076,1.0,3.3871615814651435,1.0
survival_4,Gikuriro,Control+Large,upper,0.007051870538859334,0.029441169912044186,0.8108978319746513,-0.05093589212976061,0.06503963320747927,-0.09267012910060425,0.10677387017832292,1.0,3.3871615814651435,1.0
survival_4,Gikuriro,Lower+Large,lower,-0.07113077821410366,0.030849905347850058,0.021956193423642557,-0.13189320698323637,-0.010368349444970934,-0.17562439240017746,0.03336283597197014,0.8325,3.3871615814651435,1.0
survival_4,Gikuriro,Lower+Large,upper,-0.015195297463575591,0.031210633361429433,0.6267872855358939,-0.07666822145086219,0.046277626523711014,-0.12091075571860367,0.09052016079145249,1.0,3.3871615814651435,1.0
survival_4,Gikuriro,Middle+Large,lower,0.05794681966843797,0.05003538675114021,0.24793496430419734,-0.04060361635790924,0.15649725569478518,-0.11153112004877418,0.2274247593856501,1.0,3.3871615814651435,1.0
survival_4,Gikuriro,Middle+Large,upper,0.10145272648743721,0.04747725170970083,0.03359133068175126,0.007940830984460356,0.19496462199041406,-0.05936039649721174,0.26226584947208614,0.927,3.3871615814651435,1.0
survival_4,Gikuriro,Upper+Large,lower,-0.0869360449858595,0.04453616348971719,0.05206428808026711,-0.17465512973446085,0.0007830397627418689,-0.23778722694408014,0.06391513697236115,0.9827,3.3871615814651435,1.0
survival_4,Gikuriro,Upper+Large,upper,-0.06326360324502514,0.04427588412488635,0.15431069697230335,-0.15047003791618596,0.023942831426135694,-0.21323317693824265,0.08670597044819237,1.0,3.3871615814651435,1.0
survival_4,Control,Lower,lower,-0.07081061615265982,0.03239479763350687,0.029764886544547342,-0.134615887562791,-0.007005344742528646,-0.18053703013621225,0.03891579783089259,0.9033,3.3871615814651435,1.0
survival_4,Control,Lower,upper,-0.007956886871594349,0.03315295242002516,0.8105251493231741,-0.07325543113596478,0.05734165739277608,-0.12025129362084543,0.10433751987765673,1.0,3.3871615814651435,1.0
survival_4,Control,Middle,lower,0.06432780343197153,0.05245624356126927,0.22124848214187207,-0.038990787887791784,0.16764639475173485,-0.11334996946673803,0.2420055763306811,1.0,3.3871615814651435,1.0
survival_4,Control,Middle,upper,0.11218933027437317,0.04976904600290548,0.02506057149014447,0.014163482915655626,0.21021517763309072,-0.056386470292839636,0.28076513084158594,0.8658,3.3871615814651435,1.0
survival_4,Control,Upper,lower,-0.09209419178211364,0.044323751908474006,0.0387645092044769,-0.17939490754612664,-0.004793476018100651,-0.24222590139288913,0.058037517828661844,0.9494,3.3871615814651435,1.0
survival_4,Control,Upper,upper,-0.06442182185028933,0.04416236902362582,0.14590459531420213,-0.1514046755030713,0.022561031802492637,-0.21400690155360103,0.08516325785302237,1.0,3.3871615814651435,1.0
survival_4,Control,Control+Large,lower,-0.025856021751607144,0.007047067450602496,0.0002982304995149132,-0.03973602978308556,-0.011976013720128725,-0.049725577882281435,-0.001986465620932857,0.0124,3.3871615814651435,0.46732719273986895
survival_4,Control,Control+Large,upper,-0.015107808052314375,0.006915352127594234,0.029852950990693954,-0.028728387640111992,-0.0014872284645167586,-0.038531223101204805,0.008315606996576054,0.9039,3.3871615814651435,1.0
survival_4,Control,Lower+Large,lower,-0.07641493644122646,0.03015597000694305,0.011896216678327062,-0.1358105799237656,-0.017019292958687315,-0.17855807950055913,0.025728206618106195,0.6329,3.3871615814651435,1.0
survival_4,Control,Lower+Large,upper,-0.0163401915395833,0.030669270044145654,0.5946599607252602,-0.07674683834923282,0.04406645527006622,-0.12022196476469324,0.08754158168552664,1.0,3.3871615814651435,1.0
survival_4,Control,Middle+Large,lower,0.052662661441315164,0.049610541162383205,0.2894897314526828,-0.04505099244474173,0.15037631532737206,-0.11537625761960434,0.22070158050223465,1.0,3.3871615814651435,1.0
survival_4,Control,Middle+Large,upper,0.1003078324114295,0.04712313572042345,0.03427464350877065,0.007493408985979708,0.1931222558368793,-0.05930584249895658,0.25992150732181557,0.9302,3.3871615814651435,1.0
survival_4,Control,Upper+Large,lower,-0.0922202032129823,0.0440583218639925,0.03735705134177269,-0.17899812404491555,-0.005442282381049032,-0.24145285837452343,0.057012451948558834,0.9446,3.3871615814651435,1.0
survival_4,Control,Upper+Large,upper,-0.06440849732103285,0.04389594975916936,0.14356677686989253,-0.1508666076594763,0.022049613017410596,-0.21309117192721544,0.08427417728514974,0.9999,3.3871615814651435,1.0
survival_4,Lower,Middle,lower,0.0999570602353902,0.05303811318986204,0.06065436942293887,-0.004507590090442451,0.20442171056122282,-0.07969159911471019,0.2796057195854906,0.99,3.3871615814651435,1.0
survival_4,Lower,Middle,upper,0.15532757649520867,0.04988633642363555,0.0020658349918143207,0.05707071219317954,0.2535844407972378,-0.013645505678974879,0.3243006586693922,0.1465,3.3871615814651435,1.0
survival_4,Lower,Upper,lower,-0.05646493497869498,0.04501087585712333,0.21085586923624422,-0.14511902021060746,0.032189150253217516,-0.2089240444300401,0.09599417447265013,1.0,3.3871615814651435,1.0
survival_4,Lower,Upper,upper,-0.02128357562945382,0.0442945082319663,0.6312961644671881,-0.10852669261672142,0.06595954135781378,-0.1713162321826616,0.12874908092375395,1.0,3.3871615814651435,1.0
survival_4,Lower,Control+Large,lower,-0.011241549463354539,0.030028721139592762,0.708457745820745,-0.0703865616991802,0.04790346277247112,-0.11295368004791334,0.09047058112120426,1.0,3.3871615814651435,1.0
survival_4,Lower,Control+Large,upper,0.049045222683687134,0.029068395169700008,0.09282050420396798,-0.008208317352052075,0.10629876271942634,-0.04941412866996768,0.14750457403734196,0.9982,3.3871615814651435,1.0
survival_4,Lower,Lower+Large,lower,-0.010982539383742385,0.004635206669726951,0.018587833596547473,-0.02011211083376049,-0.001852967933724279,-0.026682733337592506,0.004717654570107737,0.7845,3.3871615814651435,1.0
survival_4,Lower,Lower+Large,upper,-0.003005085572813204,0.004425071721245531,0.4977075768989157,-0.011720772127722628,0.00571060098209622,-0.017993518502243903,0.011983347356617494,1.0,3.3871615814651435,1.0
survival_4,Lower,Middle+Large,lower,0.08829191824473383,0.05022538956151493,0.0800007679567454,-0.010632750120453727,0.18721658660992138,-0.08182959169214997,0.2584134281816176,0.9969,3.3871615814651435,1.0
survival_4,Lower,Middle+Large,upper,0.143446078632265,0.047246995056387166,0.002653299700523236,0.05038770003113385,0.23650445723339614,-0.016587127862403184,0.3034792851269332,0.189,3.3871615814651435,1.0
survival_4,Lower,Upper+Large,lower,-0.05659094640956364,0.044749521647192765,0.20720105369962666,-0.14473026453326762,0.03154837171414034,-0.20816480692187775,0.09498291410275048,1.0,3.3871615814651435,1.0
survival_4,Lower,Upper+Large,upper,-0.021270251100197337,0.04402888855049995,0.629454352591997,-0.10799019964358175,0.06544969744318707,-0.17040321087306132,0.12786270867266664,1.0,3.3871615814651435,1.0
survival_4,Middle,Upper,lower,-0.1766111521246625,0.0583422542528161,0.0027300400842414,-0.29152291695166294,-0.06169938729766207,-0.37422579430587255,0.021003490056547558,0.195,3.3871615814651435,1.0
survival_4,Middle,Upper,upper,-0.15642199521408517,0.060532949988870294,0.010339137842157151,-0.27564858668693504,-0.037195403741235325,-0.3614568778291375,0.04861288740096717,0.583,3.3871615814651435,1.0
survival_4,Middle,Control+Large,lower,-0.13138776660932205,0.04774477750659537,0.0063647800584161005,-0.22542658486925454,-0.03734894834938955,-0.29310704269526305,0.030331509476618945,0.4139,3.3871615814651435,1.0
survival_4,Middle,Control+Large,upper,-0.08609319690094422,0.05046985409712594,0.08929602997102905,-0.18549936622259025,0.013312972420701813,-0.25704274772088037,0.08485635391899193,0.9981,3.3871615814651435,1.0
survival_4,Middle,Lower+Large,lower,-0.1609318967837753,0.04846242023584804,0.0010334738697892825,-0.2563841947521939,-0.06547959881535675,-0.32508194475145874,0.0032181511839081134,0.0645,3.3871615814651435,1.0
survival_4,Middle,Lower+Large,upper,-0.10834036490337914,0.05152210517454519,0.03649595077768575,-0.20981906347326762,-0.006861666333490668,-0.2828540601468051,0.0661733303400468,0.9398,3.3871615814651435,1.0
survival_4,Middle,Middle+Large,lower,-0.013035986081537332,0.0032543887174549396,8.18777100988869e-05,-0.019445878118538536,-0.006626094044536127,-0.024059126516454324,-0.002012845646620338,0.0014,3.3871615814651435,0.13231437951980124
survival_4,Middle,Middle+Large,upper,-0.010510653772062749,0.0034221394104866657,0.0023691828654789303,-0.017250950049251458,-0.003770357494874038,-0.022101992909680956,0.0010806853655554605,0.1707,3.3871615814651435,1.0
survival_4,Middle,Upper+Large,lower,-0.17673716355553115,0.058140858039140125,0.0026219191463551167,-0.29125225542843736,-0.06222207168262496,-0.3736696442191254,0.020195317108063104,0.1876,3.3871615814651435,1.0
survival_4,Middle,Upper+Large,upper,-0.1564086706848287,0.06033885648432266,0.010105492033408471,-0.27525297272723626,-0.0375643686424211,-0.36078612723806536,0.04796878586840797,0.5767,3.3871615814651435,1.0
survival_4,Upper,Control+Large,lower,0.04522338551534044,0.04186789553934946,0.2811313049972175,-0.037240239307434045,0.12768701033811491,-0.0965899417523399,0.18703671278302078,1.0,3.3871615814651435,1.0
survival_4,Upper,Control+Large,upper,0.07032879831314096,0.04195406615895449,0.09493906479047133,-0.012304549433470868,0.15296214605975278,-0.07177640276671657,0.21243399939299848,0.9983,3.3871615814651435,1.0
survival_4,Upper,Lower+Large,lower,0.015679255340887183,0.04268445938342802,0.7136878831505037,-0.0683926856777336,0.09975119635950797,-0.12889990560826955,0.16025841629004392,1.0,3.3871615814651435,1.0
survival_4,Upper,Lower+Large,upper,0.04808163031070603,0.04321417378941366,0.2669466329868446,-0.03703364401797721,0.13319690463938927,-0.0982917589235539,0.19445501954496597,1.0,3.3871615814651435,1.0
survival_4,Upper,Middle+Large,lower,0.1447568532234288,0.0580843037336283,0.013352446753007252,0.03035315154512784,0.25916055490172973,-0.05198406886926937,0.34149777531612696,0.6743,3.3871615814651435,1.0
survival_4,Upper,Middle+Large,upper,0.16472965426171882,0.05610214444552333,0.003635626857990382,0.05423004276439297,0.27522926575904466,-0.025297374041965914,0.35475668256540355,0.2577,3.3871615814651435,1.0
survival_4,Upper,Upper+Large,lower,-0.00012601143086865291,0.0003448249776119113,0.7150987801404496,-0.0008051837947288139,0.0005531609329915081,-0.001293989347365297,0.0010419664856279912,1.0,3.3871615814651435,1.0
survival_4,Upper,Upper+Large,upper,1.3324529256491385e-05,0.00034311735396897516,0.9690543152908861,-0.0006624844738802427,0.0006891335323932255,-0.001148869390041198,0.0011755184485541807,1.0,3.3871615814651435,1.0
survival_4,Control+Large,Lower+Large,lower,-0.05205030825650031,0.02610345266246887,0.047251477103209046,-0.10346405378172699,-0.0006365627312736252,-0.1404669202584089,0.036366303745408265,0.9734,3.3871615814651435,1.0
survival_4,Control+Large,Lower+Large,upper,0.0002590100796121264,0.026817902085548257,0.9923018640077933,-0.05256192557114389,0.053079945730368144,-0.09057755756005088,0.09109557771927514,1.0,3.3871615814651435,1.0
survival_4,Control+Large,Middle+Large,lower,0.07558254312888149,0.04739619537828017,0.11205886742717136,-0.017769702627728215,0.16893478888549118,-0.08495602896404492,0.2361211152218079,0.9996,3.3871615814651435,1.0
survival_4,Control+Large,Middle+Large,upper,0.11835178052778472,0.04486012037174119,0.008863138861295517,0.029994625524305707,0.20670893553126374,-0.033596695735278875,0.27030025679084835,0.5292,3.3871615814651435,1.0
survival_4,Control+Large,Upper+Large,lower,-0.07031547378388447,0.041658650952854856,0.09269339003634902,-0.15236696738165695,0.011736019813888013,-0.21142005582706072,0.07078910825929177,0.9982,3.3871615814651435,1.0
survival_4,Control+Large,Upper+Large,upper,-0.0453493969462091,0.04157105251383659,0.27638481671418147,-0.12722835536596017,0.036529561473541985,-0.18615726892214637,0.09545847502972818,1.0,3.3871615814651435,1.0
survival_4,Lower+Large,Middle+Large,lower,0.09782971113131642,0.04855374796413465,0.045001436642781216,0.002197532721707196,0.19346188954092564,-0.0666296786089419,0.26228910087157475,0.9683,3.3871615814651435,1.0
survival_4,Lower+Large,Middle+Large,upper,0.147895910702238,0.04566647697172922,0.0013658748864910609,0.057950543841483154,0.23784127756299286,-0.006783825657265902,0.3025756470617419,0.0883,3.3871615814651435,1.0
survival_4,Lower+Large,Upper+Large,lower,-0.04806830578144956,0.042932696749610005,0.2639632796623684,-0.1326291787792902,0.03649256721639109,-0.19348828680042202,0.09735167523752287,1.0,3.3871615814651435,1.0
survival_4,Lower+Large,Upper+Large,upper,-0.015805266771755838,0.04239896287656088,0.7096357080069958,-0.09931488965789781,0.06770435611438613,-0.15941740492120968,0.127806871377698,1.0,3.3871615814651435,1.0
survival_4,Middle+Large,Upper+Large,lower,-0.16471632973246236,0.0558895357523047,0.003513795031505706,-0.27479718401054454,-0.05463547545438016,-0.35402321803859144,0.02459055857366671,0.248,3.3871615814651435,1.0
survival_4,Middle+Large,Upper+Large,upper,-0.14488286465429748,0.05787881860511432,0.012953761915581025,-0.2588818397915066,-0.030883889517088398,-0.34092777541413066,0.05116204610553571,0.6633,3.3871615814651435,1.0
survival_5,Gikuriro,Control,lower,-0.011107307644269815,0.03746582793272005,0.7671240992986356,-0.0849005551557127,0.06268593986717307,-0.1380101206357628,0.11579550534722316,1.0,3.3871615814651435,1.0
survival_5,Gikuriro,Control,upper,0.04009816806826372,0.03768593653747867,0.2883637877833405,-0.034128608598854554,0.11432494473538199,-0.08755018833301756,0.167746524469545,1.0,3.3871615814651435,1.0
survival_5,Gikuriro,Lower,lower,-0.11430354394017028,0.041862984850609936,0.006780993557923315,-0.19675749659794528,-0.031849591282395284,-0.25610023791161357,0.027493150031273006,0.4376,3.3871615814651435,1.0
survival_5,Gikuriro,Lower,upper,-0.055589078810219794,0.048467155116216735,0.2525148502746734,-0.15105070266887655,0.03987254504843697,-0.21975516458278088,0.1085770069623413,1.0,3.3871615814651435,1.0
survival_5,Gikuriro,Middle,lower,0.08110218711964934,0.06527446272748867,0.21523796371472279,-0.04746335780507269,0.20966773204437136,-0.13999296528167876,0.30219733952097744,1.0,3.3871615814651435,1.0
survival_5,Gikuriro,Middle,upper,0.12482444981093593,0.06426899355852964,0.05324738280727377,-0.001760708202722533,0.2514096078245944,-0.09286501604994643,0.3425139156718183,0.9844,3.3871615814651435,1.0
survival_5,Gikuriro,Upper,lower,-0.10612174957959375,0.052143590657349276,0.04290021971899378,-0.20882453512654536,-0.0034189640326421494,-0.282740516573812,0.0704970174146245,0.9621,3.3871615814651435,1.0
survival_5,Gikuriro,Upper,upper,-0.07966324154859461,0.052766855136912,0.13239271268044175,-0.18359361801087457,0.024267134913685345,-0.2583931060430796,0.09906662294589036,0.9999,3.3871615814651435,1.0
survival_5,Gikuriro,Control+Large,lower,-0.045073968556278876,0.03354916632618953,0.18033670794748474,-0.11115290157643945,0.021004964463881698,-0.15871041582653214,0.06856247871397439,1.0,3.3871615814651435,1.0
survival_5,Gikuriro,Control+Large,upper,0.004828998131426315,0.03392385090308428,0.8869210429806337,-0.061987919159925756,0.07164591542277839,-0.11007656634285237,0.119734562605705,1.0,3.3871615814651435,1.0
survival_5,Gikuriro,Lower+Large,lower,-0.12011063161529528,0.03819592010883353,0.001866790262022725,-0.19534187944945514,-0.04487938378113543,-0.2494863847766481,0.009265121546057548,0.1286,3.3871615814651435,1.0
survival_5,Gikuriro,Lower+Large,upper,-0.06337170523377632,0.0435857215720787,0.14722805666179342,-0.14921878555745224,0.022475375089899607,-0.21100358684315784,0.08426017637560519,1.0,3.3871615814651435,1.0
survival_5,Gikuriro,Middle+Large,lower,0.06525483156640947,0.0615742940111209,0.29028267970818833,-0.056022806457887056,0.18653246959070602,-0.1433072515138985,0.2738169146467174,1.0,3.3871615814651435,1.0
survival_5,Gikuriro,Middle+Large,upper,0.10911760054550437,0.0607043295917728,0.07347352076830815,-0.01044654272195969,0.22868174381296844,-0.09649777247634608,0.31473297356735486,0.9954,3.3871615814651435,1.0
survival_5,Gikuriro,Upper+Large,lower,-0.10650009638953761,0.05182089638982538,0.040915553195964925,-0.2085672985457611,-0.0044328942333141386,-0.28202584575823986,0.06902565297916466,0.9558,3.3871615814651435,1.0
survival_5,Gikuriro,Upper+Large,upper,-0.07988315583926074,0.05244656128561026,0.12900435935964485,-0.18318267680602232,0.023416365127500838,-0.25752813330583696,0.09776182162731546,0.9999,3.3871615814651435,1.0
survival_5,Control,Lower,lower,-0.13086860622772467,0.04235472971396504,0.002231999799265769,-0.21429110682414948,-0.047446105631299876,-0.2743309195082072,0.012593707052757863,0.1596,3.3871615814651435,1.0
survival_5,Control,Lower,upper,-0.06801487694665931,0.04872306644267545,0.16398353505235885,-0.1639805475299277,0.02795079363660906,-0.23304777573246313,0.09701802183914451,1.0,3.3871615814651435,1.0
survival_5,Control,Middle,lower,0.06453712483209495,0.06559092248858027,0.32611087953167855,-0.06465172390749488,0.19372597357168478,-0.15762992791408223,0.28670417757827216,1.0,3.3871615814651435,1.0
survival_5,Control,Middle,upper,0.11239865167449642,0.0644622029684394,0.08246667257814128,-0.014567054443760552,0.2393643577927534,-0.10594524567680982,0.3307425490258027,0.9975,3.3871615814651435,1.0
survival_5,Control,Upper,lower,-0.12268681186714814,0.05253920131846162,0.02033726843653454,-0.22616879800953443,-0.019204825724761856,-0.30064557609390413,0.05527195235960786,0.8109,3.3871615814651435,1.0
survival_5,Control,Upper,upper,-0.09208903968503412,0.053002010146387925,0.08355191897753622,-0.1964825809237331,0.012304501553664873,-0.27161541219330504,0.08743733282323679,0.9977,3.3871615814651435,1.0
survival_5,Control,Control+Large,lower,-0.04062424632866729,0.008767966941832444,5.82875609250321e-06,-0.057893763390259596,-0.023354729267074985,-0.07032276710159857,-0.010925725555736013,0.0003,3.3871615814651435,0.009646591333092813
survival_5,Control,Control+Large,upper,-0.028611584520179145,0.008421492385277406,0.0007926586156414287,-0.04519868018288507,-0.01202448885747322,-0.05713653998619203,-8.662905416626301e-05,0.047,3.3871615814651435,1.0
survival_5,Control,Lower+Large,lower,-0.13667569390284967,0.038734247656318686,0.0004981563275081462,-0.2129672396176579,-0.06038414818804143,-0.2678748494512886,-0.005476538354410754,0.025,3.3871615814651435,0.7656662753800206
survival_5,Control,Lower+Large,upper,-0.07579750337021583,0.04387011743176349,0.08527925309314331,-0.16220473397543994,0.01060972723500829,-0.22439267970944943,0.07279767296901775,0.9978,3.3871615814651435,1.0
survival_5,Control,Middle+Large,lower,0.048689769278855086,0.061909670581489884,0.4323491885804447,-0.07324843138698296,0.17062796994469315,-0.16100828843593024,0.25838782699364043,1.0,3.3871615814651435,1.0
survival_5,Control,Middle+Large,upper,0.09669180240906486,0.06090884754864876,0.11368240427103789,-0.023275162443962036,0.21665876726209177,-0.1096163059790356,0.3029999107971653,0.9996,3.3871615814651435,1.0
survival_5,Control,Upper+Large,lower,-0.123065158677092,0.052218951839209236,0.019218854091183513,-0.22591637671980302,-0.020213940634380978,-0.29993918617124016,0.05380886881705613,0.7947,3.3871615814651435,1.0
survival_5,Control,Upper+Large,upper,-0.09230895397570026,0.0526831459691164,0.08098834935657306,-0.1960744556259459,0.011456547674545375,-0.2707552819930116,0.08613737404161105,0.9971,3.3871615814651435,1.0
survival_5,Lower,Middle,lower,0.16022437171057846,0.07232568302653967,0.027650885584188534,0.017770639242797787,0.30267810417835916,-0.08475440319014235,0.4052031466112993,0.8878,3.3871615814651435,1.0
survival_5,Lower,Middle,upper,0.2155948879703969,0.06711331350382342,0.001491248837289047,0.08340751542402572,0.3477822605167681,-0.011728749134579608,0.4429185250753734,0.0993,3.3871615814651435,1.0
survival_5,Lower,Upper,lower,-0.026999564988664626,0.06073880956632574,0.6570565140283943,-0.14663162052276651,0.09263249054543726,-0.2327317272556507,0.17873259727832144,1.0,3.3871615814651435,1.0
survival_5,Lower,Upper,upper,0.011107196610866343,0.05619639060897078,0.8434817497752852,-0.09957804352060501,0.1217924367423377,-0.17923905867684806,0.20145345189858074,1.0,3.3871615814651435,1.0
survival_5,Lower,Control+Large,lower,0.03404821603465025,0.0457798591312327,0.45774194853306416,-0.0561204700004372,0.12421690206973769,-0.12101556401954738,0.18911199608884788,1.0,3.3871615814651435,1.0
survival_5,Lower,Control+Large,upper,0.09559943629088727,0.03904511463078135,0.015044167679130036,0.018695602396278183,0.17250327018549635,-0.03665267593039789,0.22785154851217243,0.7166,3.3871615814651435,1.0
survival_5,Lower,Lower+Large,lower,-0.01118530677030069,0.007262617179945453,0.12481104551918211,-0.02548986472916876,0.0031192511885673787,-0.03578496466310065,0.013414351122499273,0.9999,3.3871615814651435,1.0
survival_5,Lower,Lower+Large,upper,-0.0024044073283808337,0.006065170021284573,0.6921310794977338,-0.014350455694998153,0.009541641038236485,-0.022948118209530067,0.0181393035527684,1.0,3.3871615814651435,1.0
survival_5,Lower,Middle+Large,lower,0.1443770161573386,0.06900465653752026,0.03743458686200932,0.008464426464685065,0.2802896058499922,-0.08935290540874757,0.3781069377234248,0.9449,3.3871615814651435,1.0
survival_5,Lower,Middle+Large,upper,0.19988803870496533,0.06370799751697384,0.0019103435500681693,0.07440782677235458,0.3253682506375761,-0.01590124291660522,0.41567732032653587,0.1325,3.3871615814651435,1.0
survival_5,Lower,Upper+Large,lower,-0.027377911798608483,0.06046200661190627,0.6510817259341136,-0.14646477214940745,0.09170894855219047,-0.2321724977327489,0.17741667413553192,1.0,3.3871615814651435,1.0
survival_5,Lower,Upper+Large,upper,0.010887282320200208,0.05589575213843568,0.8457265869473265,-0.09920581584372948,0.1209803804841299,-0.17844066189020727,0.20021522653060767,1.0,3.3871615814651435,1.0
survival_5,Middle,Upper,lower,-0.20741309360982035,0.0739637843508652,0.0054442386132194966,-0.35309325461647784,-0.06173293260316287,-0.45794038238284374,0.04311419516320303,0.3648,3.3871615814651435,1.0
survival_5,Middle,Upper,upper,-0.18429853444895328,0.07527469894483757,0.015047791645187063,-0.3325606921826838,-0.03603637671522272,-0.4392661027712619,0.07066903387335532,0.7167,3.3871615814651435,1.0
survival_5,Middle,Control+Large,lower,-0.14636531258650548,0.0622674386019083,0.01953075162447407,-0.26900817842429237,-0.02372244674871861,-0.35727518839512895,0.06454456322211796,0.7996,3.3871615814651435,1.0
survival_5,Middle,Control+Large,upper,-0.09980629476893235,0.06350407042301122,0.1173113663563803,-0.2248848488882927,0.025272259350427984,-0.3149048423724129,0.11529225283454816,0.9998,3.3871615814651435,1.0
survival_5,Middle,Lower+Large,lower,-0.2214019756455219,0.06488925690605868,0.0007533490086654257,-0.3492088135005729,-0.09359513779047085,-0.4411923736875456,-0.0016115776034981988,0.0439,3.3871615814651435,1.0
survival_5,Middle,Lower+Large,upper,-0.168006998134135,0.06914950777232505,0.015828349524148827,-0.3042048889561666,-0.03180910731210343,-0.4022275542377798,0.06621355796950976,0.7341,3.3871615814651435,1.0
survival_5,Middle,Middle+Large,lower,-0.01721819964412081,0.004314966718460648,8.700624627604974e-05,-0.02571702176092563,-0.008719377527315986,-0.031833689138191436,-0.0026027101500501817,0.0014,3.3871615814651435,0.14025406899699217
survival_5,Middle,Middle+Large,upper,-0.014336005174550637,0.0043383556331910425,0.0010926648473593994,-0.022880894442916168,-0.005791115906185104,-0.029030716702028222,0.0003587063529269484,0.0681,3.3871615814651435,1.0
survival_5,Middle,Upper+Large,lower,-0.20779144041976422,0.07373664388555468,0.005223197430294002,-0.3530242222144469,-0.06255865862508153,-0.4575493677350917,0.04196648689556326,0.3526,3.3871615814651435,1.0
survival_5,Middle,Upper+Large,upper,-0.18451844873961942,0.07505052358832248,0.014635428262074786,-0.33233906738340935,-0.03669783009582947,-0.43872669890682886,0.06968980142759001,0.7077,3.3871615814651435,1.0
survival_5,Upper,Control+Large,lower,0.05812237877302506,0.05030975430327554,0.24908787336770433,-0.04096845563235142,0.15721321317840153,-0.11228488817598054,0.22852964572203066,1.0,3.3871615814651435,1.0
survival_5,Upper,Control+Large,upper,0.08741764193031074,0.04990957345609819,0.08109745477250177,-0.010884990373723494,0.18572027423434495,-0.08163414782749756,0.25646943168811903,0.9972,3.3871615814651435,1.0
survival_5,Upper,Lower+Large,lower,-0.016914284285991343,0.0535205860378417,0.7522441678466393,-0.12232922025218002,0.08850065168019733,-0.1981971571308685,0.1643685885588858,1.0,3.3871615814651435,1.0
survival_5,Upper,Lower+Large,upper,0.019216938565108102,0.056919706494620435,0.735940186342669,-0.09289295520739727,0.13132683233761347,-0.17357930450174225,0.21201318163195848,1.0,3.3871615814651435,1.0
survival_5,Upper,Middle+Large,lower,0.16845117889571343,0.072089655983654,0.020255446886594298,0.026462328774222665,0.3104400290172042,-0.07572813427315817,0.412630492064585,0.8094,3.3871615814651435,1.0
survival_5,Upper,Middle+Large,upper,0.1917062443443888,0.07088831704633389,0.007319897212483073,0.0520835691198199,0.3313289195689577,-0.048403939729673995,0.4318164284184516,0.4595,3.3871615814651435,1.0
survival_5,Upper,Upper+Large,lower,-0.00040232018507769217,0.0004252111325470424,0.34498876409623225,-0.0012398223058105358,0.0004351819356551514,-0.001842578997252317,0.0010379386270969327,1.0,3.3871615814651435,1.0
survival_5,Upper,Upper+Large,upper,-0.00019594091553229876,0.00041305471430726486,0.6356549200322124,-0.0010094995755298975,0.0006176177444653,-0.0015950239748769271,0.0012031421438123296,1.0,3.3871615814651435,1.0
survival_5,Control+Large,Lower+Large,lower,-0.09800384361926813,0.03452672286164241,0.004909627002804403,-0.16600818641568255,-0.029999500822853728,-0.21495143283011758,0.01894374559158131,0.3351,3.3871615814651435,1.0
survival_5,Control+Large,Lower+Large,upper,-0.04523352280495091,0.04004700171093685,0.25977812442960363,-0.12411068827566175,0.033643642665759935,-0.18087918845310508,0.09041214284320326,1.0,3.3871615814651435,1.0
survival_5,Control+Large,Middle+Large,lower,0.08547028959438173,0.05955650408191583,0.15252003551389792,-0.03183307961249229,0.20277365880125575,-0.11625721295825557,0.287197792147019,1.0,3.3871615814651435,1.0
survival_5,Control+Large,Middle+Large,upper,0.12914711294238465,0.05841200197620123,0.027954587408771627,0.014097971970264425,0.2441962539145049,-0.0687037760478702,0.3269980019326395,0.8898,3.3871615814651435,1.0
survival_5,Control+Large,Upper+Large,lower,-0.08761358284584303,0.04955304324998583,0.07828253697719716,-0.18521398799524982,0.009986822303563764,-0.2554577471868757,0.08023058149518963,0.9966,3.3871615814651435,1.0
survival_5,Control+Large,Upper+Large,upper,-0.05852469895810275,0.04994911809657295,0.24245198038416277,-0.1569052189695045,0.03985582105329899,-0.22771043280288,0.1106610348866745,1.0,3.3871615814651435,1.0
survival_5,Lower+Large,Middle+Large,lower,0.15367099295958436,0.06558668715152262,0.019922524880889064,0.02449048620235647,0.2828514997168122,-0.06848171401562658,0.3758236999347953,0.8035,3.3871615814651435,1.0
survival_5,Lower+Large,Middle+Large,upper,0.20418377600140106,0.06126007917428215,0.0009907155929725234,0.08352502015603963,0.3248425318467625,-0.003314010655240368,0.41168156265804245,0.0611,3.3871615814651435,1.0
survival_5,Lower+Large,Upper+Large,lower,-0.01941287948064041,0.05661347363820523,0.7319637526213152,-0.13091961250062847,0.09209385353934765,-0.21117186238125885,0.17234610341997803,1.0,3.3871615814651435,1.0
survival_5,Lower+Large,Upper+Large,upper,0.016511964100913656,0.05319018450091322,0.7564938356931342,-0.08825220812300547,0.12127613632483278,-0.16365178535162234,0.19667571355344965,1.0,3.3871615814651435,1.0
survival_5,Middle+Large,Upper+Large,lower,-0.1919021852599211,0.07064742061321339,0.007067399108888775,-0.3310503873153448,-0.05275398320449737,-0.4311964141906061,0.04739204367076394,0.4498,3.3871615814651435,1.0
survival_5,Middle+Large,Upper+Large,upper,-0.1688534990807911,0.07185076574099585,0.01955811469848471,-0.31037182745547304,-0.027335170706109135,-0.4122236523975441,0.07451665423596196,0.7997,3.3871615814651435,1.0
survival_6,Gikuriro,Control,lower,-0.012598432683978145,0.03687423134641335,0.7328976216411958,-0.0852264628299153,0.06002959746195902,-0.13749741244660715,0.11230054707865086,1.0,3.3871615814651435,1.0
survival_6,Gikuriro,Control,upper,0.04035404367593981,0.0372897727177656,0.2802303216079618,-0.03309244288640184,0.11380053023828146,-0.0859524418552429,0.16666052920712252,1.0,3.3871615814651435,1.0
survival_6,Gikuriro,Lower,lower,-0.07351277780881216,0.05803188375192538,0.20643241298767326,-0.1878132323176846,0.040787676700060296,-0.2700761449533851,0.1230505893357608,1.0,3.3871615814651435,1.0
survival_6,Gikuriro,Lower,upper,-0.014798312678861614,0.05663448799600902,0.7940827062812323,-0.12634643588805072,0.0967498105303275,-0.20662847460489223,0.177031849247169,1.0,3.3871615814651435,1.0
survival_6,Gikuriro,Middle,lower,0.07638583067484728,0.08931705812256199,0.39325756342148815,-0.09953436489291248,0.252306026242607,-0.22614547716738392,0.3789171385170785,1.0,3.3871615814651435,1.0
survival_6,Gikuriro,Middle,upper,0.12010809336613393,0.09020426721969228,0.18424800841756062,-0.05755956233026649,0.29777574906253435,-0.18542833504462336,0.4256445217768912,1.0,3.3871615814651435,1.0
survival_6,Gikuriro,Upper,lower,-0.04565424599245621,0.05733981582694132,0.42667748178787124,-0.158591593304691,0.06728310131977858,-0.23987346724975886,0.14856497526484644,1.0,3.3871615814651435,1.0
survival_6,Gikuriro,Upper,upper,-0.022121140211746826,0.05789462076356415,0.7027207814435215,-0.13615123951340244,0.09190895908990879,-0.2182195754355855,0.17397729501209186,1.0,3.3871615814651435,1.0
survival_6,Gikuriro,Control+Large,lower,-0.03351458840523576,0.03385466515837073,0.32316498412708866,-0.10019523643295168,0.03316605962248016,-0.14818580958303568,0.08115663277256414,1.0,3.3871615814651435,1.0
survival_6,Gikuriro,Control+Large,upper,0.017084832831683314,0.03447734914885353,0.6206610683977123,-0.05082226277150392,0.08499192843487055,-0.09969551963607333,0.13386518529943997,1.0,3.3871615814651435,1.0
survival_6,Gikuriro,Lower+Large,lower,-0.07749110296263276,0.05134727407098788,0.13253672831769636,-0.1786254516112898,0.02364324568602426,-0.2514126170088442,0.0964304110835787,0.9999,3.3871615814651435,1.0
survival_6,Gikuriro,Lower+Large,upper,-0.021152640077438292,0.05038535465890581,0.6749839107365024,-0.12039237805876125,0.07808709790388467,-0.19181597764657982,0.14951069749170326,1.0,3.3871615814651435,1.0
survival_6,Gikuriro,Middle+Large,lower,0.06444068119727311,0.08381046316947528,0.4426956328738017,-0.10063364370006936,0.2295150060946156,-0.21943889977517292,0.3483202621697191,1.0,3.3871615814651435,1.0
survival_6,Gikuriro,Middle+Large,upper,0.10812557844139879,0.08468044015998138,0.20284862108389423,-0.05866226597311443,0.274913422855912,-0.1787007551700482,0.3949519120528458,1.0,3.3871615814651435,1.0
survival_6,Gikuriro,Upper+Large,lower,-0.04609580805540407,0.05696548799667678,0.419185608255702,-0.15829587374987408,0.06610425763906592,-0.23904712046716142,0.1468555043563533,1.0,3.3871615814651435,1.0
survival_6,Gikuriro,Upper+Large,upper,-0.022401763839692352,0.05752388029952871,0.6972905599875437,-0.13570164725304026,0.09089811957365557,-0.21724444120705563,0.1724409135276709,1.0,3.3871615814651435,1.0
survival_6,Control,Lower,lower,-0.09033371570404258,0.05807777457235479,0.12113304579066299,-0.20472455744996026,0.024057126041875085,-0.2870525224725159,0.10638509106443075,0.9999,3.3871615814651435,1.0
survival_6,Control,Lower,upper,-0.025732985775592854,0.056409000931558484,0.6486572144656816,-0.1368369863355372,0.08537101478435151,-0.21679938657979925,0.16533341502861354,1.0,3.3871615814651435,1.0
survival_6,Control,Middle,lower,0.05956489277961685,0.08934688153007578,0.5056051406184592,-0.11641404341163192,0.23554382897086562,-0.24306743176277346,0.36219721732200716,1.0,3.3871615814651435,1.0
survival_6,Control,Middle,upper,0.10917342026940269,0.09006286682183799,0.22659740783538682,-0.06821573111699514,0.2865625716558005,-0.19588406214613868,0.41423090268494406,1.0,3.3871615814651435,1.0
survival_6,Control,Upper,lower,-0.062475183887686636,0.05738626008503977,0.27735679570945654,-0.17550400849596565,0.05055364072059239,-0.2568517193517,0.1319013515763267,1.0,3.3871615814651435,1.0
survival_6,Control,Upper,upper,-0.033055813308478066,0.0576740606241956,0.5670654286883114,-0.1466514941052281,0.08053986748827198,-0.228407175701845,0.16229554908488886,1.0,3.3871615814651435,1.0
survival_6,Control,Control+Large,lower,-0.02799404507507676,0.010994928908168075,0.011502145691365371,-0.04964981928479567,-0.006338270865357848,-0.06523564586376415,0.00924755571361064,0.6189,3.3871615814651435,1.0
survival_6,Control,Control+Large,upper,-0.016191321490437338,0.01097812372559376,0.14152058364742068,-0.03781399596459433,0.005431352983719655,-0.05337600041033951,0.020993357429464836,0.9999,3.3871615814651435,1.0
survival_6,Control,Lower+Large,lower,-0.09431204085786318,0.05139913347519997,0.06772374166805653,-0.19554853255425136,0.006924450838524984,-0.2684092110856595,0.07978512936993315,0.9936,3.3871615814651435,1.0
survival_6,Control,Lower+Large,upper,-0.03208731317416953,0.05013176756937857,0.5227271951317772,-0.13082758228223568,0.0666529559338966,-0.20189171029610886,0.13771708394776977,1.0,3.3871615814651435,1.0
survival_6,Control,Middle+Large,lower,0.04761974330204269,0.08384224534303844,0.5705723774397181,-0.11751718023330157,0.21275666683738695,-0.23636748902767193,0.33160697563175734,1.0,3.3871615814651435,1.0
survival_6,Control,Middle+Large,upper,0.09719090534466755,0.0845298000779291,0.25134540773709246,-0.06930023614151347,0.26368204683084856,-0.18912518596822314,0.3835069966575583,1.0,3.3871615814651435,1.0
survival_6,Control,Upper+Large,lower,-0.0629167459506345,0.057012237196761566,0.2708555828840316,-0.17520888955938452,0.04937539765811551,-0.25602640545688327,0.1301929135556143,1.0,3.3871615814651435,1.0
survival_6,Control,Upper+Large,upper,-0.03333643693642359,0.05730189316454546,0.561253193992682,-0.14619909121324765,0.07952621734040047,-0.22742720800859206,0.16075433413574491,1.0,3.3871615814651435,1.0
survival_6,Lower,Middle,lower,0.11471724913441828,0.09899395597902362,0.24764426878335472,-0.08026270723582968,0.30969720550466623,-0.22059127535498219,0.45002577362381874,1.0,3.3871615814651435,1.0
survival_6,Lower,Middle,upper,0.1700877653942367,0.10059478403265398,0.09213242298402499,-0.02804520553095291,0.3682207363194263,-0.1706430223769521,0.5108185531654255,0.9981,3.3871615814651435,1.0
survival_6,Lower,Upper,lower,-0.007322827532885212,0.07148510983257494,0.9184917394673618,-0.14812095463502142,0.133475299569251,-0.24945444520459925,0.23480879013882883,1.0,3.3871615814651435,1.0
survival_6,Lower,Upper,upper,0.027858531816355947,0.07303620926151327,0.703208755645235,-0.11599466360777355,0.17171172724048545,-0.21952691025009052,0.2752439738828024,1.0,3.3871615814651435,1.0
survival_6,Lower,Control+Large,lower,0.004816830054335239,0.05448306894525266,0.9296227154129111,-0.10249382644790177,0.11212748655657225,-0.17972612791734122,0.18935978802601172,1.0,3.3871615814651435,1.0
survival_6,Lower,Control+Large,upper,0.06706450485978609,0.05631330530404511,0.2348291451981994,-0.04385101218020142,0.17798002189977358,-0.12367775939139279,0.25780676911096495,1.0,3.3871615814651435,1.0
survival_6,Lower,Lower+Large,lower,-0.009356544248996318,0.009553517780013695,0.3283495012300197,-0.028173293832417002,0.009460205334424366,-0.04171585264130287,0.023002764143310234,1.0,3.3871615814651435,1.0
survival_6,Lower,Lower+Large,upper,-0.0009761083034009604,0.009776780603139145,0.9205527808710644,-0.0202325996375334,0.01828038303073148,-0.03409164395276749,0.03213942734596557,1.0,3.3871615814651435,1.0
survival_6,Lower,Middle+Large,lower,0.10277209965684411,0.0940556228270789,0.27560168965707615,-0.0824812428713228,0.288025442185011,-0.2158094925038135,0.4213536918175017,1.0,3.3871615814651435,1.0
survival_6,Lower,Middle+Large,upper,0.15810525046950155,0.09567276360397892,0.09969040508487546,-0.030333236394056162,0.34654373733305927,-0.1659538588024925,0.48216435974149563,0.9993,3.3871615814651435,1.0
survival_6,Lower,Upper+Large,lower,-0.007764389595833072,0.07118520402026869,0.9132330835548161,-0.14797181778488566,0.13244303859321954,-0.24888017782204525,0.23335139863037913,1.0,3.3871615814651435,1.0
survival_6,Lower,Upper+Large,upper,0.02757790818841042,0.07274268041974499,0.70492748662469,-0.1156971484979004,0.17085296487472124,-0.21881330426214657,0.2739691206389674,1.0,3.3871615814651435,1.0
survival_6,Middle,Upper,lower,-0.14222923357788075,0.10019713330154145,0.15701582130129194,-0.3395789857556617,0.05512051859990019,-0.48161311406980367,0.19715464691404216,1.0,3.3871615814651435,1.0
survival_6,Middle,Upper,upper,-0.12204007666730349,0.09972023467262646,0.22218452843796593,-0.31845052226884685,0.07437036893423984,-0.45980862444511217,0.2157284711105052,1.0,3.3871615814651435,1.0
survival_6,Middle,Control+Large,lower,-0.1300895759906603,0.0888692826333414,0.14451170556355344,-0.30512782634784175,0.044948674366521196,-0.43110419589868176,0.17092504391736119,0.9999,3.3871615814651435,1.0
survival_6,Middle,Control+Large,upper,-0.08283410362387335,0.08821012240178974,0.3486201882743602,-0.25657406226296064,0.09090585501521396,-0.38161604131955335,0.21594783407180668,1.0,3.3871615814651435,1.0
survival_6,Middle,Lower+Large,lower,-0.1740660905480573,0.09689248473075948,0.07363892434545541,-0.3649069581401308,0.016774777044016198,-0.5022565923607839,0.15412441126466928,0.9955,3.3871615814651435,1.0
survival_6,Middle,Lower+Large,upper,-0.12107157653299495,0.09555638154466974,0.20634249508845304,-0.3092808355752987,0.06713768250930878,-0.44473648096492513,0.20259332789893525,1.0,3.3871615814651435,1.0
survival_6,Middle,Middle+Large,lower,-0.013315993568455108,0.006382178543221381,0.037965297607217854,-0.025886426597398003,-0.0007455605395122137,-0.03493346353610574,0.00830147639919553,0.9469,3.3871615814651435,1.0
survival_6,Middle,Middle+Large,upper,-0.010611670833854205,0.006333289911166689,0.09509403281597738,-0.023085812091741452,0.0018624704240330428,-0.0320635471052388,0.010840205437530396,0.9983,3.3871615814651435,1.0
survival_6,Middle,Upper+Large,lower,-0.1426707956408286,0.09998338794759278,0.15485862031997083,-0.3395995518156204,0.05425796053396317,-0.48133068608163987,0.1959890947999827,1.0,3.3871615814651435,1.0
survival_6,Middle,Upper+Large,upper,-0.12232070029524901,0.09950545158191729,0.22013419049601435,-0.3183081059521677,0.07366670536166965,-0.4593617430398592,0.21472034244936122,1.0,3.3871615814651435,1.0
survival_6,Upper,Control+Large,lower,0.012139657587220451,0.0557918155689522,0.827929382203279,-0.09774872557585144,0.12202804075029235,-0.17683623666812331,0.2011155518425642,1.0,3.3871615814651435,1.0
survival_6,Upper,Control+Large,upper,0.03920597304343014,0.055599849833764516,0.48138423442206785,-0.07030431157512648,0.14871625766198676,-0.14911970224872817,0.22753164833558848,1.0,3.3871615814651435,1.0
survival_6,Upper,Lower+Large,lower,-0.03183685697017655,0.06784637710309756,0.6393054725726922,-0.1654680823981658,0.1017943684578127,-0.26164349893538497,0.19796978499503187,1.0,3.3871615814651435,1.0
survival_6,Upper,Lower+Large,upper,0.0009685001343085337,0.06664337672498996,0.9884168191773068,-0.13029327799846896,0.132230278267086,-0.2247633851676858,0.2267003854363029,1.0,3.3871615814651435,1.0
survival_6,Upper,Middle+Large,lower,0.11009492718972932,0.09481973459241777,0.24672325698778033,-0.07666342114605817,0.2968532755255168,-0.21107483498642962,0.43126468936588824,1.0,3.3871615814651435,1.0
survival_6,Upper,Middle+Large,upper,0.1302467186531456,0.095254567569715,0.17275733500784707,-0.05736808313076677,0.31786152043705795,-0.19239589307806862,0.45288933038435986,1.0,3.3871615814651435,1.0
survival_6,Upper,Upper+Large,lower,-0.00044156206294784263,0.000521507674041595,0.39798033227662344,-0.001468731272681475,0.0005856071467857898,-0.0022079928209007803,0.001324868695005095,1.0,3.3871615814651435,1.0
survival_6,Upper,Upper+Large,upper,-0.00028062362794550703,0.0005189585529727121,0.5891714716773638,-0.0013027720512091192,0.0007415247953181051,-0.0020384201009474214,0.0014771728450564071,1.0,3.3871615814651435,1.0
survival_6,Control+Large,Lower+Large,lower,-0.06804061316318705,0.048346374112113635,0.16057866868520174,-0.16326434497401648,0.02718311864764239,-0.23179759415887935,0.09571636783250526,1.0,3.3871615814651435,1.0
survival_6,Control+Large,Lower+Large,upper,-0.01417337430333155,0.04686048327097505,0.7625567384800744,-0.10647047358886275,0.07812372498219966,-0.17289740292766828,0.1445506543210052,1.0,3.3871615814651435,1.0
survival_6,Control+Large,Middle+Large,lower,0.07222243279001915,0.08235479770483865,0.38135674912699685,-0.08998479192956431,0.2344296575096026,-0.2067265740451441,0.35117143962518244,1.0,3.3871615814651435,1.0
survival_6,Control+Large,Middle+Large,upper,0.11677358242220519,0.08297843393208516,0.16060259774482422,-0.0466619654124298,0.2802091302568402,-0.16428778108269732,0.3978349459271077,1.0,3.3871615814651435,1.0
survival_6,Control+Large,Upper+Large,lower,-0.039486596671375676,0.055164293256274075,0.4747910370386234,-0.14813900262819002,0.06916580928543865,-0.22633697145770393,0.14736377811495255,1.0,3.3871615814651435,1.0
survival_6,Control+Large,Upper+Large,upper,-0.012581219650168313,0.05535638675544455,0.8203965544191332,-0.1216119757973236,0.09644953649698697,-0.20008224615693598,0.17491980685659936,1.0,3.3871615814651435,1.0
survival_6,Lower+Large,Middle+Large,lower,0.11045990569914077,0.09027061525780629,0.222249184240315,-0.06733843007210646,0.28825824147038803,-0.19530125423732186,0.4162210656356034,1.0,3.3871615814651435,1.0
survival_6,Lower+Large,Middle+Large,upper,0.1607500969796022,0.09161206281441324,0.08055352789536344,-0.019690373692442642,0.341190567651647,-0.14955476258414985,0.4710549565433542,0.9971,3.3871615814651435,1.0
survival_6,Lower+Large,Upper+Large,lower,-0.0012491237622540563,0.06629542954627204,0.9849825368652163,-0.13182557999780434,0.12932733247329622,-0.22580245574811586,0.22330420822360775,1.0,3.3871615814651435,1.0
survival_6,Lower+Large,Upper+Large,upper,0.031395294907228685,0.06750391768115213,0.6422778480454462,-0.10156141739024534,0.16435200720470272,-0.19725138166075545,0.2600419714752128,1.0,3.3871615814651435,1.0
survival_6,Middle+Large,Upper+Large,lower,-0.13052734228109114,0.09502159300702452,0.17079275172805064,-0.31768327392874596,0.0566285893665637,-0.4523808315241015,0.19132614696191924,1.0,3.3871615814651435,1.0
survival_6,Middle+Large,Upper+Large,upper,-0.11053648925267719,0.09458547067888051,0.24367483315957966,-0.2968334279277547,0.07576044942240033,-0.43091276170097903,0.20983978319562469,1.0,3.3871615814651435,1.0
survival_7,Gikuriro,Control,lower,0.01937510506834081,0.035507421749613965,0.585789691771709,-0.050560836728214195,0.08931104686489581,-0.10089426973883146,0.1396444798755131,1.0,3.3871615814651435,1.0
survival_7,Gikuriro,Control,upper,0.0782316016883953,0.033623944916842216,0.020792691757075325,0.012005383652713392,0.1444578197240772,-0.03565813275123285,0.19212133612802346,0.8177,3.3871615814651435,1.0
survival_7,Gikuriro,Lower,lower,-0.017996982736037365,0.04224904867957624,0.670497982198699,-0.10121133240778694,0.06521736693571221,-0.16110133727694864,0.1251073718048739,1.0,3.3871615814651435,1.0
survival_7,Gikuriro,Lower,upper,0.04071748239391315,0.043570083017322014,0.35094406791380633,-0.04509879600156426,0.12653376078939055,-0.10686142890360686,0.18829639369143317,1.0,3.3871615814651435,1.0
survival_7,Gikuriro,Middle,lower,0.05032028680505202,0.05165230789660095,0.33090450870715304,-0.0514148609673625,0.15205543457746654,-0.12463442609632336,0.2252749997064274,1.0,3.3871615814651435,1.0
survival_7,Gikuriro,Middle,upper,0.09404254949633867,0.05210533703379617,0.07231530355586216,-0.008584891149223506,0.19666999014190084,-0.08244664629382867,0.27053174528650603,0.9953,3.3871615814651435,1.0
survival_7,Gikuriro,Upper,lower,-0.012319053326087848,0.04523903834039676,0.7856109822781887,-0.10142253075163495,0.07678442409945925,-0.1655509859751084,0.1409128793229327,1.0,3.3871615814651435,1.0
survival_7,Gikuriro,Upper,upper,0.011214052454621537,0.04556229032571234,0.8057893054227127,-0.0785261068508454,0.10095421176008848,-0.14311278690019227,0.16554089180943535,1.0,3.3871615814651435,1.0
survival_7,Gikuriro,Control+Large,lower,0.006116149376340821,0.03193701443559219,0.8482860347866081,-0.05678746549250262,0.06901976424518426,-0.10205967894659473,0.11429197769927638,1.0,3.3871615814651435,1.0
survival_7,Gikuriro,Control+Large,upper,0.06056496017372102,0.0308373673475859,0.050650182006917135,-0.00017277356509091957,0.12130269391253296,-0.04388618577954961,0.16501610612699164,0.9805,3.3871615814651435,1.0
survival_7,Gikuriro,Lower+Large,lower,-0.020708765106181713,0.03819709848838803,0.5882001965276286,-0.09594233389409931,0.054524803681735894,-0.15008850962948997,0.10867097941712653,1.0,3.3871615814651435,1.0
survival_7,Gikuriro,Lower+Large,upper,0.03522671564434656,0.039320416442383044,0.37118449065248865,-0.042219356760521916,0.11267278804921504,-0.09795788829650362,0.16841131958519676,1.0,3.3871615814651435,1.0
survival_7,Gikuriro,Middle+Large,lower,0.04447706515414523,0.04892432344220202,0.36418394243484625,-0.05188500418497458,0.14083913449326504,-0.12123752360845594,0.2101916539167464,1.0,3.3871615814651435,1.0
survival_7,Gikuriro,Middle+Large,upper,0.0879829719731446,0.049373798118043655,0.0759814402707392,-0.009264389319594113,0.1852303332658833,-0.07925406014330887,0.25522000408959805,0.9963,3.3871615814651435,1.0
survival_7,Gikuriro,Upper+Large,lower,-0.012510952632109941,0.04496666524877193,0.7810706669408873,-0.10107795999747789,0.07605605473325801,-0.16482031360935398,0.1397984083451341,1.0,3.3871615814651435,1.0
survival_7,Gikuriro,Upper+Large,upper,0.011161489108724585,0.045291779737170405,0.8055500338572179,-0.07804586855011686,0.10036884676756602,-0.14224908717320048,0.16457206539064964,1.0,3.3871615814651435,1.0
survival_7,Control,Lower,lower,-0.07269547864372328,0.04257809886199743,0.08901464878768668,-0.15655793040996538,0.011166973122518825,-0.2169143793209057,0.07152342203345916,0.9981,3.3871615814651435,1.0
survival_7,Control,Lower,upper,-0.002190728455137042,0.04534833899982748,0.9615090988656438,-0.09150948607225014,0.08712802916197605,-0.15579288009861014,0.15141142318833606,1.0,3.3871615814651435,1.0
survival_7,Control,Middle,lower,-0.004378209102633895,0.051921799847637104,0.9328678194980142,-0.10664415219821236,0.09788773399294456,-0.18024573478707304,0.17148931658180525,1.0,3.3871615814651435,1.0
survival_7,Control,Middle,upper,0.051134338647288474,0.053601174085204824,0.34102746466867845,-0.054439324726078014,0.15670800202065496,-0.13042149893554236,0.2326901762301193,1.0,3.3871615814651435,1.0
survival_7,Control,Upper,lower,-0.06701754923377376,0.045546492492141606,0.14245323982304212,-0.15672659289313987,0.022691494425592346,-0.2212908787736464,0.08725578030609887,0.9999,3.3871615814651435,1.0
survival_7,Control,Upper,upper,-0.031694158394428656,0.04726565365708425,0.5031313849558363,-0.12478928725080385,0.061400970461946536,-0.19179056458454188,0.12840224779568457,1.0,3.3871615814651435,1.0
survival_7,Control,Control+Large,lower,-0.021757269797308743,0.009919106923338424,0.029205946330618127,-0.04129408915175663,-0.0022204504428608614,-0.05535488769048557,0.011840348095868085,0.899,3.3871615814651435,1.0
survival_7,Control,Control+Large,upper,-0.009168327409365531,0.010062905690983334,0.3631302515404155,-0.028988374938343997,0.010651720119612934,-0.04325301496377123,0.024916360145040166,1.0,3.3871615814651435,1.0
survival_7,Control,Lower+Large,lower,-0.07540726101386763,0.03856074067370126,0.051646277871874265,-0.15135706481558525,0.0005425427878500005,-0.20601872037666888,0.055204198348933614,0.9819,3.3871615814651435,1.0
survival_7,Control,Lower+Large,upper,-0.0076814952047036325,0.04128213736120465,0.8525401608022337,-0.08899140207683481,0.07362841166742756,-0.14751076487534287,0.13214777446593562,1.0,3.3871615814651435,1.0
survival_7,Control,Middle+Large,lower,-0.010221430753540685,0.04920875747923353,0.8356221294760259,-0.10714372556887411,0.08670086406179273,-0.17689944355883602,0.15645658205175467,1.0,3.3871615814651435,1.0
survival_7,Control,Middle+Large,upper,0.045074761124094406,0.05094989358681991,0.3771852869649616,-0.0552769010595235,0.14542642330771233,-0.1275007610129193,0.21765028326110808,1.0,3.3871615814651435,1.0
survival_7,Control,Upper+Large,lower,-0.06720944853979585,0.04527596903400232,0.13896731180873803,-0.15638566520438762,0.021966768124795907,-0.22056647141537403,0.08614757433578232,0.9999,3.3871615814651435,1.0
survival_7,Control,Upper+Large,upper,-0.03174672174032561,0.04700494684251117,0.5000591146800478,-0.12432835860794084,0.06083491512728961,-0.19096007182409075,0.12746662834343953,1.0,3.3871615814651435,1.0
survival_7,Lower,Middle,lower,0.03313591019184825,0.058852831382895925,0.5739251606412986,-0.08278149488421653,0.14905331526791304,-0.16620813922874295,0.23247995961243945,1.0,3.3871615814651435,1.0
survival_7,Lower,Middle,upper,0.08850642645166665,0.058286284650307545,0.13017291091580468,-0.026295099820391188,0.20330795272372448,-0.10891863764219656,0.28593149054552985,0.9999,3.3871615814651435,1.0
survival_7,Lower,Upper,lower,-0.029503429939291614,0.053312901259471926,0.5804892013589732,-0.1345093069015762,0.07550244702299298,-0.21008284088181958,0.15107598100323635,1.0,3.3871615814651435,1.0
survival_7,Lower,Upper,upper,0.005677929409949517,0.05251901684776369,0.9139947173563299,-0.09776430110112455,0.10912015992102359,-0.17221246675311624,0.18356832557301528,1.0,3.3871615814651435,1.0
survival_7,Lower,Control+Large,lower,-0.011068227236862946,0.04261065291447127,0.7952710068568839,-0.09499479794519854,0.07285834347147264,-0.1553973937499058,0.13326093927617988,1.0,3.3871615814651435,1.0
survival_7,Lower,Control+Large,upper,0.055028837129049,0.04041371123593011,0.1745529023205833,-0.02457060483295482,0.13462827909105282,-0.08185893293371968,0.19191660719181766,1.0,3.3871615814651435,1.0
survival_7,Lower,Lower+Large,lower,-0.008090001465320053,0.007593884063178739,0.2877663611660088,-0.023047027565307972,0.006867024634667868,-0.0338117138182195,0.017631710887579394,1.0,3.3871615814651435,1.0
survival_7,Lower,Lower+Large,upper,-0.00011254765439088626,0.007289368309786254,0.9876936369726742,-0.01446979503331122,0.014244699724529448,-0.024802815946448394,0.02457772063766662,1.0,3.3871615814651435,1.0
survival_7,Lower,Middle+Large,lower,0.02729268854094146,0.056473748547581935,0.6293243550388524,-0.08393883987888565,0.13852421696076855,-0.16399302290075102,0.21857839998263395,1.0,3.3871615814651435,1.0
survival_7,Lower,Middle+Large,upper,0.08244684892847258,0.05585782641253163,0.14121421722613772,-0.02757155016611547,0.19246524802306064,-0.10675263472020353,0.2716463325771487,0.9999,3.3871615814651435,1.0
survival_7,Lower,Upper+Large,lower,-0.02969532924531371,0.05308197278109988,0.5763792962372247,-0.1342463660692047,0.07485570757857729,-0.20949254811783366,0.15010188962720625,1.0,3.3871615814651435,1.0
survival_7,Lower,Upper+Large,upper,0.005625366064052565,0.05228451149902374,0.9144071266666461,-0.09735497925197391,0.10860571138007903,-0.17147072259111315,0.18272145471921827,1.0,3.3871615814651435,1.0
survival_7,Middle,Upper,lower,-0.08282849704171713,0.06048867211281268,0.17214225267121303,-0.20196787815655573,0.03631088407312147,-0.28771340333607826,0.122056409252644,1.0,3.3871615814651435,1.0
survival_7,Middle,Upper,upper,-0.06263934013113986,0.06034257143486469,0.3002562427847196,-0.1814909591949498,0.056212278932670084,-0.26702937982212954,0.1417506995598498,1.0,3.3871615814651435,1.0
survival_7,Middle,Control+Large,lower,-0.06439329433928846,0.051305767269057556,0.21063268841252059,-0.16544589057842304,0.03665930189984612,-0.23817421814063205,0.10938762946205512,1.0,3.3871615814651435,1.0
survival_7,Middle,Control+Large,upper,-0.013288432412040384,0.050162205419789954,0.7913003042517283,-0.11208865235939283,0.08551178753531208,-0.18319592745151553,0.15661906262743475,1.0,3.3871615814651435,1.0
survival_7,Middle,Lower+Large,lower,-0.091218208821811,0.055419556087531865,0.10104441447099259,-0.20037338421752054,0.017936966573898525,-0.27893320006335165,0.09649678241972964,0.9994,3.3871615814651435,1.0
survival_7,Middle,Lower+Large,upper,-0.03862667694141484,0.05577991374007022,0.4892841789758309,-0.14849161808670713,0.07123826420387744,-0.22756225777922037,0.1503089038963907,1.0,3.3871615814651435,1.0
survival_7,Middle,Middle+Large,lower,-0.007214065741787708,0.003891223151691889,0.06494093656786028,-0.014878276277070798,0.0004501447934953818,-0.02039426730610619,0.005966135822530772,0.9925,3.3871615814651435,1.0
survival_7,Middle,Middle+Large,upper,-0.004688733432313139,0.0038149006553314852,0.2202197357922483,-0.012202618052612356,0.002825151187986078,-0.017610418369158144,0.008232951504531866,1.0,3.3871615814651435,1.0
survival_7,Middle,Upper+Large,lower,-0.08302039634773922,0.060285237393599,0.1697198911466395,-0.201759089437898,0.03571829674241954,-0.28721623637684357,0.12117544368136515,1.0,3.3871615814651435,1.0
survival_7,Middle,Upper+Large,upper,-0.06269190347703682,0.0601385811223345,0.2982189463248383,-0.18114174021137286,0.05575793325729922,-0.26639099501843316,0.14100718806435952,1.0,3.3871615814651435,1.0
survival_7,Upper,Control+Large,lower,0.01843520270242867,0.04464569304407433,0.6800217517683776,-0.06949961307256318,0.10637001847742052,-0.1327869735543455,0.1696573789592028,1.0,3.3871615814651435,1.0
survival_7,Upper,Control+Large,upper,0.04935090771909948,0.04352994982188503,0.25800990341412317,-0.0363863237424726,0.13508813918067156,-0.09809206596069497,0.19679388139889392,1.0,3.3871615814651435,1.0
survival_7,Upper,Lower+Large,lower,-0.008389711780093866,0.04931818477253699,0.8650597665030318,-0.10552753620693753,0.08874811264674981,-0.17543837250923042,0.15865894894904267,1.0,3.3871615814651435,1.0
survival_7,Upper,Lower+Large,upper,0.024012663189725024,0.04989998452673406,0.6307891197643275,-0.0742710826175472,0.12229640899699726,-0.1450066473149337,0.19303197369438377,1.0,3.3871615814651435,1.0
survival_7,Upper,Middle+Large,lower,0.056796118480233075,0.05802460202882637,0.32862258644332604,-0.05748999383938041,0.17108223079984655,-0.13974258429161202,0.2533348212520782,1.0,3.3871615814651435,1.0
survival_7,Upper,Middle+Large,upper,0.07676891951852306,0.058152259175093125,0.18801152300675586,-0.037768628199982,0.19130646723702813,-0.12020217863475625,0.2737400176718024,1.0,3.3871615814651435,1.0
survival_7,Upper,Upper+Large,lower,-0.00019189930602208066,0.0004214742608515272,0.6492898514608316,-0.0010220412291252108,0.0006382426170810495,-0.001619500729954792,0.0012357021179106307,1.0,3.3871615814651435,1.0
survival_7,Upper,Upper+Large,upper,-5.2563345896938524e-05,0.0004126244747892373,0.8987370764692183,-0.0008652745997915672,0.0007601479079976901,-0.0014501891144752758,0.0013450624226813987,1.0,3.3871615814651435,1.0
survival_7,Control+Large,Lower+Large,lower,-0.0551413847834399,0.03506157378834767,0.11706801784942568,-0.12419917785691642,0.013916408290036625,-0.17390060050503642,0.06361783093815662,0.9998,3.3871615814651435,1.0
survival_7,Control+Large,Lower+Large,upper,0.002978225771542907,0.037181617537253436,0.9362230486013078,-0.07025523675141246,0.07621168829449829,-0.12296192068737255,0.12891837223045838,1.0,3.3871615814651435,1.0
survival_7,Control+Large,Middle+Large,lower,0.008599698979727233,0.04698796645143415,0.8549331085166085,-0.08394849305907391,0.10114789101852838,-0.1505561357757436,0.16775553373519805,1.0,3.3871615814651435,1.0
survival_7,Control+Large,Middle+Large,upper,0.05717922859750075,0.04815084159879759,0.23617031977944375,-0.03765937948998333,0.15201783668498484,-0.10591545218116011,0.2202739093761616,1.0,3.3871615814651435,1.0
survival_7,Control+Large,Upper+Large,lower,-0.04940347106499643,0.04319995894178121,0.2538967125695587,-0.1344907476200401,0.03568380549004725,-0.19572871231346933,0.09692177018347647,1.0,3.3871615814651435,1.0
survival_7,Control+Large,Upper+Large,upper,-0.01862710200845076,0.044319203422083134,0.6746359819527742,-0.10591885900655454,0.06866465498965302,-0.16874340516086928,0.13148920114396773,1.0,3.3871615814651435,1.0
survival_7,Lower+Large,Middle+Large,lower,0.03393794350910169,0.053058783150041956,0.5230065356968328,-0.07056741867529037,0.13844330569349375,-0.14578072833601052,0.21365661535421393,1.0,3.3871615814651435,1.0
survival_7,Lower+Large,Middle+Large,upper,0.08400414308002328,0.05264097103544549,0.11181344170756943,-0.01967829019856525,0.1876865763586118,-0.09429933162225708,0.26230761778230366,0.9996,3.3871615814651435,1.0
survival_7,Lower+Large,Upper+Large,lower,-0.024065226535621972,0.04962723485021544,0.6281630436410862,-0.12181176055555167,0.07368130748430772,-0.19216068981461976,0.14403023674337584,1.0,3.3871615814651435,1.0
survival_7,Lower+Large,Upper+Large,upper,0.008197812474071774,0.0490394669104866,0.8673749138221934,-0.08839104513914431,0.10478667008728787,-0.1579067858206596,0.17430241076880315,1.0,3.3871615814651435,1.0
survival_7,Middle+Large,Upper+Large,lower,-0.07682148286442,0.05793071022634799,0.1860339997908656,-0.1909226645044813,0.0372796987756413,-0.27304215893009587,0.11939919320125583,1.0,3.3871615814651435,1.0
survival_7,Middle+Large,Upper+Large,upper,-0.056988017786255174,0.05780156952723905,0.3251346587153201,-0.17083484199985682,0.056858806427346475,-0.25277127343730565,0.13879523786479528,1.0,3.3871615814651435,1.0
survival_8,Gikuriro,Control,lower,-0.006515311942851917,0.024533533704458068,0.7907937500449578,-0.05483692192393858,0.04180629803823475,-0.08961435476417251,0.07658373087846868,1.0,3.3871615814651435,1.0
survival_8,Gikuriro,Control,upper,0.044690163769681684,0.024432805228874543,0.0685895263920655,-0.0034330499196285474,0.09281337745899192,-0.038067695428982834,0.1274480229683462,0.9941,3.3871615814651435,1.0
survival_8,Gikuriro,Lower,lower,-0.057221635579317226,0.03841740463343083,0.13763895778753762,-0.1328891226011687,0.01844585144253423,-0.18734759261327513,0.07290432145464068,0.9999,3.3871615814651435,1.0
survival_8,Gikuriro,Lower,upper,0.00149282955063329,0.041933918106109025,0.9716304022364647,-0.08110083429380589,0.08408649339507247,-0.14054412681868478,0.14352978591995136,1.0,3.3871615814651435,1.0
survival_8,Gikuriro,Middle,lower,0.03072285215954379,0.02580509889556074,0.23496423464579036,-0.020103251384116123,0.0815489557032037,-0.05668318742540815,0.11812889174449573,1.0,3.3871615814651435,1.0
survival_8,Gikuriro,Middle,upper,0.07444511485083044,0.026073024104017625,0.004665738137155658,0.023091301863308288,0.1257989278383526,-0.013868430706912696,0.16275866040857356,0.321,3.3871615814651435,1.0
survival_8,Gikuriro,Upper,lower,0.015129687520959695,0.03864828235499238,0.6957865135149833,-0.060992539667922493,0.09125191470984188,-0.1157782896614877,0.1460376647034071,1.0,3.3871615814651435,1.0
survival_8,Gikuriro,Upper,upper,0.04268522139581758,0.03674843679615745,0.24653870646110435,-0.029695041947813916,0.11506548473944908,-0.08178767189902694,0.1671581146906621,1.0,3.3871615814651435,1.0
survival_8,Gikuriro,Control+Large,lower,-0.01077768281105869,0.022903035260886294,0.6383568272902915,-0.05588783899938303,0.03433247337726565,-0.08835396394567425,0.06679859832355688,1.0,3.3871615814651435,1.0
survival_8,Gikuriro,Control+Large,upper,0.0378608357674511,0.022953234053478197,0.1003210550346676,-0.007348192703454638,0.08306986423835683,-0.039885476788867696,0.11560714832376989,0.9993,3.3871615814651435,1.0
survival_8,Gikuriro,Lower+Large,lower,-0.05217845750499964,0.0341703441148723,0.12803801842246626,-0.1194808714633419,0.015123956453342621,-0.16791893431633864,0.06356201930633937,0.9999,3.3871615814651435,1.0
survival_8,Gikuriro,Lower+Large,upper,0.0037570232455286026,0.03708148107029377,0.9193801869911971,-0.0692792090145711,0.0767932555056283,-0.12184394481959743,0.12935799131065462,1.0,3.3871615814651435,1.0
survival_8,Gikuriro,Middle+Large,lower,0.026991421479042634,0.024997660396079164,0.28130321271505054,-0.02224433928213533,0.0762271822402206,-0.057679693441069456,0.11166253639915472,1.0,3.3871615814651435,1.0
survival_8,Gikuriro,Middle+Large,upper,0.070497328298042,0.025290734984318976,0.0057250032624979255,0.020684323503497644,0.12031033309258637,-0.01516647760785969,0.1561611342039437,0.3803,3.3871615814651435,1.0
survival_8,Gikuriro,Upper+Large,lower,0.014807123045524825,0.038402416557302976,0.700141167373407,-0.060830843240433405,0.09044508933148306,-0.11526806695279272,0.14488231304384236,1.0,3.3871615814651435,1.0
survival_8,Gikuriro,Upper+Large,upper,0.04246902948969881,0.036526885401870206,0.2460820085578738,-0.029474862958713106,0.11441292193811073,-0.08125343343409594,0.16619149241349357,1.0,3.3871615814651435,1.0
survival_8,Control,Lower,lower,-0.07837869356828953,0.03726825002196541,0.03646931001427641,-0.1517827887114118,-0.004974598425167259,-0.20461227825112827,0.047854891114549214,0.9396,3.3871615814651435,1.0
survival_8,Control,Lower,upper,-0.015524964287224177,0.040944001677125925,0.704883266196252,-0.09616887412673993,0.06511894555229157,-0.15420891375942952,0.12315898518498115,1.0,3.3871615814651435,1.0
survival_8,Control,Middle,lower,0.00956579417057149,0.024060935350493792,0.691293966097265,-0.03782497911927181,0.05695656746041479,-0.07193248166273764,0.09106407000388062,1.0,3.3871615814651435,1.0
survival_8,Control,Middle,upper,0.05742732101297298,0.02444913846202595,0.01962035118553394,0.009271937146647882,0.10558270487929808,-0.02538586148552311,0.14024050351146908,0.8005,3.3871615814651435,1.0
survival_8,Control,Upper,lower,-0.006027370468012605,0.03750620228605114,0.8724584459816354,-0.07990013990150739,0.06784539896548218,-0.13306693791798516,0.12101219698195995,1.0,3.3871615814651435,1.0
survival_8,Control,Upper,upper,0.025667427557960115,0.035614679453391286,0.4717768792598148,-0.04447977059456178,0.09581462571048201,-0.09496524642276287,0.1463001015386831,1.0,3.3871615814651435,1.0
survival_8,Control,Control+Large,lower,-0.010919956284865032,0.0071875009765798165,0.1299664582106435,-0.025076564261230797,0.003236651691500732,-0.03526518345947939,0.013425270889749322,0.9999,3.3871615814651435,1.0
survival_8,Control,Control+Large,upper,-0.00017174258557232924,0.006974851434522225,0.9803754608160632,-0.013909512886218497,0.013566027715073838,-0.023796691401013054,0.023453206229868396,1.0,3.3871615814651435,1.0
survival_8,Control,Lower+Large,lower,-0.07333551549397194,0.03287305732449843,0.026588143309669163,-0.1380827742482895,-0.008588256739654382,-0.18468187232881436,0.03801084134087049,0.8787,3.3871615814651435,1.0
survival_8,Control,Lower+Large,upper,-0.013260770592328865,0.03595822609602965,0.7126056267298676,-0.08408462328128496,0.05756308209662723,-0.13505709256243786,0.10853555137778012,1.0,3.3871615814651435,1.0
survival_8,Control,Middle+Large,lower,0.005834363490070334,0.023192854636906523,0.8015913830441626,-0.03984662521760146,0.05151535219774213,-0.07272358270056514,0.08439230968070582,1.0,3.3871615814651435,1.0
survival_8,Control,Middle+Large,upper,0.05347953446018453,0.023613112070493554,0.024390588978759037,0.006970800510344273,0.09998826841002478,-0.02650189156382208,0.13346096048419115,0.8595,3.3871615814651435,1.0
survival_8,Control,Upper+Large,lower,-0.006349934943447474,0.0372527996044806,0.8647916710578094,-0.07972359871631793,0.06702372882942298,-0.13253118656576404,0.11983131667886911,1.0,3.3871615814651435,1.0
survival_8,Control,Upper+Large,upper,0.02545123565184134,0.035386030333565126,0.47266972411483044,-0.04424561182051127,0.09514808312419396,-0.09440696681457064,0.14530943811825334,1.0,3.3871615814651435,1.0
survival_8,Lower,Middle,lower,0.052763128389619884,0.04171834280407578,0.20715421166388734,-0.029405935159081534,0.1349321919383213,-0.0885436395987384,0.19406989637797817,1.0,3.3871615814651435,1.0
survival_8,Lower,Middle,upper,0.10813364464943828,0.03836356441047012,0.0052132285695753325,0.032572202125152605,0.18369508717372396,-0.021809946849769585,0.23807723614864615,0.352,3.3871615814651435,1.0
survival_8,Lower,Upper,lower,0.03716996375103579,0.05067747750529742,0.4639727542683927,-0.06264514369886623,0.1369850712009378,-0.13448284110047165,0.20882276860254323,1.0,3.3871615814651435,1.0
survival_8,Lower,Upper,upper,0.07637375119442542,0.04628615446663057,0.10020691430395431,-0.014792141603742134,0.16753964399259297,-0.08040493296870689,0.23315243535755775,0.9993,3.3871615814651435,1.0
survival_8,Lower,Control+Large,lower,0.011262593419017405,0.039988323564136966,0.7784499783960098,-0.06749899870794958,0.09002418554598439,-0.12418431986462462,0.14670950670265942,1.0,3.3871615814651435,1.0
survival_8,Lower,Control+Large,upper,0.07154936556605894,0.03631544357241636,0.04993033750247694,2.1932064802263063e-05,0.14307679906731563,-0.05145690971629503,0.19455564084841293,0.9801,3.3871615814651435,1.0
survival_8,Lower,Lower+Large,lower,-0.0003350410208581289,0.006928299922310078,0.9614697461462766,-0.013981122776175156,0.013311040734458898,-0.023802312342574763,0.023132230300858505,1.0,3.3871615814651435,1.0
survival_8,Lower,Lower+Large,upper,0.007642412790071031,0.006329841838031849,0.2284475112258901,-0.004824937092092885,0.020109762672234945,-0.013797784300461156,0.029082609880603218,1.0,3.3871615814651435,1.0
survival_8,Lower,Middle+Large,lower,0.04903169770911873,0.04122377981925499,0.2354231235035855,-0.03216326728731219,0.13022666270554964,-0.09059990553743988,0.18866330095567732,1.0,3.3871615814651435,1.0
survival_8,Lower,Middle+Large,upper,0.10418585809664985,0.03783624934364743,0.006332405992322706,0.029663023108608577,0.17870869308469112,-0.023971632066888487,0.23234334826018818,0.4123,3.3871615814651435,1.0
survival_8,Lower,Upper+Large,lower,0.03684739927560092,0.05049022276391073,0.46620840224824034,-0.06259888847268784,0.13629368702388966,-0.1341711435099343,0.20786594206113618,1.0,3.3871615814651435,1.0
survival_8,Lower,Upper+Large,upper,0.07615755928830664,0.0461104526708312,0.09988004358282719,-0.014662268660342273,0.16697738723695554,-0.08002599450229961,0.2323411130789129,0.9993,3.3871615814651435,1.0
survival_8,Middle,Upper,lower,-0.03578232154916137,0.03859476421094903,0.35476464484966486,-0.11179913861186574,0.040234495513543016,-0.1665090241301938,0.09494438103187108,1.0,3.3871615814651435,1.0
survival_8,Middle,Upper,upper,-0.011570736544435592,0.036502249869695726,0.7515212729419122,-0.08346610648517486,0.06032463339630367,-0.13520975494011,0.11206828185123881,1.0,3.3871615814651435,1.0
survival_8,Middle,Control+Large,lower,-0.06168969188117975,0.022812608787004997,0.007323086454708003,-0.1066217427522883,-0.016757641010071204,-0.13895968393751723,0.01558030017515772,0.4595,3.3871615814651435,1.0
survival_8,Middle,Control+Large,upper,-0.016395122172802073,0.022556985439155512,0.46801760471452,-0.06082369352621693,0.02803344918061278,-0.09279927664597827,0.06000903230037412,1.0,3.3871615814651435,1.0
survival_8,Middle,Lower+Large,lower,-0.10309046657512069,0.03410980082668799,0.002772511013619012,-0.17027363357972783,-0.03590729957051356,-0.21862587348670626,0.012444940336464858,0.1983,3.3871615814651435,1.0
survival_8,Middle,Lower+Large,upper,-0.05049893469472457,0.03683751996205876,0.17166420326518125,-0.12305465755635372,0.022056788166904588,-0.1752735670666653,0.07427569767721617,1.0,3.3871615814651435,1.0
survival_8,Middle,Middle+Large,lower,-0.005102274771382085,0.00212056289388366,0.016859539015245225,-0.009278966736469475,-0.0009255828062946954,-0.012284963936625364,0.0020804143938611937,0.7529,3.3871615814651435,1.0
survival_8,Middle,Middle+Large,upper,-0.0025769424619075196,0.0020420779022443008,0.2081672658865942,-0.006599049229401592,0.001445164305586553,-0.00949379027874835,0.004339905354933309,1.0,3.3871615814651435,1.0
survival_8,Middle,Upper+Large,lower,-0.03610488602459624,0.0383485552915381,0.34737229683119764,-0.11163676636677111,0.039426994317578644,-0.16599763921278593,0.09378786716359344,1.0,3.3871615814651435,1.0
survival_8,Middle,Upper+Large,upper,-0.011786928450554367,0.0362791950813394,0.7455355629010354,-0.08324296638893275,0.05966910948782401,-0.13467042423654638,0.11109656733543766,1.0,3.3871615814651435,1.0
survival_8,Upper,Control+Large,lower,-0.029929798426166887,0.034511739172366156,0.3866548178490069,-0.0979046291270957,0.03804503227476193,-0.14682663546035118,0.0869670386080174,1.0,3.3871615814651435,1.0
survival_8,Upper,Control+Large,upper,-0.0008019575342179779,0.03655959781075032,0.9825170189209667,-0.07281028082583776,0.0712063657574018,-0.12463522267260864,0.12303130760417268,1.0,3.3871615814651435,1.0
survival_8,Upper,Lower+Large,lower,-0.07133057312010783,0.042826668484354694,0.0970679699390593,-0.15568261128223515,0.013021465042019467,-0.21639141927245809,0.07373027303224243,0.9987,3.3871615814651435,1.0
survival_8,Upper,Lower+Large,upper,-0.03490577005614048,0.04674173164246939,0.4559068706878931,-0.1269689743819649,0.05715743426968394,-0.19322756772666644,0.12341602761438547,1.0,3.3871615814651435,1.0
survival_8,Upper,Middle+Large,lower,0.007839305863934436,0.03593597281023203,0.8274951049409768,-0.06294071642496335,0.07861932815283221,-0.11388164063145947,0.12956025235932836,1.0,3.3871615814651435,1.0
survival_8,Upper,Middle+Large,upper,0.03183453499637292,0.03807065161797371,0.4038527325540443,-0.04314998216982991,0.10681905216257576,-0.09711691354537144,0.1607859835381173,1.0,3.3871615814651435,1.0
survival_8,Upper,Upper+Large,lower,-0.00035552786624391635,0.0003324745911490615,0.28596108133529125,-0.0010103747266946325,0.0002993189942067999,-0.0014816730281973483,0.0007706172957095157,1.0,3.3871615814651435,1.0
survival_8,Upper,Upper+Large,upper,-0.0001832285153097325,0.0003410770448340892,0.5916091728364087,-0.0008550188954692601,0.0004885618648497951,-0.0013385115778914236,0.0009720545472719586,1.0,3.3871615814651435,1.0
survival_8,Control+Large,Lower+Large,lower,-0.06390695277598792,0.031093427645620317,0.04089969116770064,-0.12514902665602506,-0.0026648788959507605,-0.16922541633329924,0.04141151078132341,0.9558,3.3871615814651435,1.0
survival_8,Control+Large,Lower+Large,upper,-0.01159763443987554,0.034201985405510095,0.7348282096305446,-0.07896236955113105,0.05576710067137997,-0.12744528541525088,0.1042500165354998,1.0,3.3871615814651435,1.0
survival_8,Control+Large,Middle+Large,lower,0.013818179710894555,0.021185798862502676,0.5148542579522255,-0.027909682329035634,0.05554604175082474,-0.05794154426882245,0.08557790369061155,1.0,3.3871615814651435,1.0
survival_8,Control+Large,Middle+Large,upper,0.05658741710979766,0.021433541257979787,0.00881514878321697,0.014371597992251302,0.09880323622734402,-0.016011450393979554,0.12918628461357487,0.5275,3.3871615814651435,1.0
survival_8,Control+Large,Upper+Large,lower,0.0006187290189082519,0.036268595402240714,0.9864028123372841,-0.07081643163511714,0.07205388967293364,-0.12222886394126484,0.12346632197908133,1.0,3.3871615814651435,1.0
survival_8,Control+Large,Upper+Large,upper,0.02957427055992297,0.03423845598924165,0.38855033530755545,-0.037862297551180354,0.09701083867102629,-0.08639691217552148,0.14554545329536742,1.0,3.3871615814651435,1.0
survival_8,Lower+Large,Middle+Large,lower,0.047921992232817054,0.03610818663043719,0.1856752677184377,-0.023197224937403282,0.11904120940303739,-0.07438227029817313,0.17022625476380723,1.0,3.3871615814651435,1.0
survival_8,Lower+Large,Middle+Large,upper,0.09798819180373862,0.03331953833423739,0.00358369888449525,0.032361537464730084,0.16361484614274716,-0.014870468354145377,0.21084685196162262,0.2538,3.3871615814651435,1.0
survival_8,Lower+Large,Upper+Large,lower,0.03472254154083075,0.04652326635727294,0.45616705399169516,-0.05691037033577542,0.12635545341743692,-0.12285927890879396,0.19230436199045547,1.0,3.3871615814651435,1.0
survival_8,Lower+Large,Upper+Large,upper,0.07097504525386392,0.04261770040030835,0.09710298914765696,-0.012965406286563327,0.15491549679429117,-0.0733779922324522,0.21532808274018003,0.9987,3.3871615814651435,1.0
survival_8,Middle+Large,Upper+Large,lower,-0.032017763511682645,0.037812587586673684,0.39795478997785755,-0.10649399395405486,0.04245846693068957,-0.16009510748104952,0.09605958045768423,1.0,3.3871615814651435,1.0
survival_8,Middle+Large,Upper+Large,upper,-0.008194833730178354,0.03569934083450895,0.81863034777664,-0.07850878218814378,0.06211911472778708,-0.12911426948845686,0.11272460202810017,1.0,3.3871615814651435,1.0
survival_9,Gikuriro,Control,lower,-0.0294794751074164,0.01363933025954444,0.031628919907733276,-0.05634370123743278,-0.0026152489774000226,-0.07567809055946033,0.01671914034462753,0.9163,3.3871615814651435,1.0
survival_9,Gikuriro,Control,upper,0.02417205692702196,0.01331997384035208,0.07077954832572395,-0.0020631600875906514,0.05040727394163457,-0.02094484673113933,0.06928896058518325,0.9949,3.3871615814651435,1.0
survival_9,Gikuriro,Lower,lower,-0.0352064305170407,0.01908273606297326,0.06624396396565363,-0.07279206903594072,0.002379208001859326,-0.09984274097878314,0.02942987994470174,0.9931,3.3871615814651435,1.0
survival_9,Gikuriro,Lower,upper,0.025030601134766524,0.017300824470707174,0.1492245518647141,-0.009045358019574103,0.05910656028910715,-0.03357008684008484,0.0836312891096179,1.0,3.3871615814651435,1.0
survival_9,Gikuriro,Middle,lower,-0.012592855641243794,0.016832230098396614,0.45508777475546724,-0.0457458644056857,0.02056015312319811,-0.06960633876091406,0.04442062747842647,1.0,3.3871615814651435,1.0
survival_9,Gikuriro,Middle,upper,0.032651973571899535,0.01483257308449194,0.028635188647099463,0.0034375187673499966,0.061866428376449074,-0.017588348134165502,0.08289229527796457,0.8945,3.3871615814651435,1.0
survival_9,Gikuriro,Upper,lower,-0.0012593093760471935,0.019846727461539232,0.9494581069729274,-0.04034971662639585,0.037831097874301466,-0.06848338215158212,0.06596476339948773,1.0,3.3871615814651435,1.0
survival_9,Gikuriro,Upper,upper,0.028550141583239846,0.020371504763387383,0.16232753866733107,-0.011573874784014199,0.06867415795049389,-0.04045143670794006,0.09755171987441975,1.0,3.3871615814651435,1.0
survival_9,Gikuriro,Control+Large,lower,-0.02648084543619471,0.012008611513650359,0.02836512027380828,-0.05013318386274415,-0.0028285070096452716,-0.06715595300197119,0.014194262129581772,0.8936,3.3871615814651435,1.0
survival_9,Gikuriro,Control+Large,upper,0.02503557556883775,0.012349577490051727,0.04371174241304074,0.0007116655241527041,0.0493594856135228,-0.016794438852792196,0.0668655899904677,0.9649,3.3871615814651435,1.0
survival_9,Gikuriro,Lower+Large,lower,-0.03242557798588068,0.016835188252350475,0.05524462978340133,-0.06558441317399821,0.0007332572022368533,-0.08944908085097553,0.02459792487921416,0.9863,3.3871615814651435,1.0
survival_9,Gikuriro,Lower+Large,upper,0.025448044586457046,0.01571725024790828,0.10669850413317283,-0.005508883412730998,0.056404972585645086,-0.027788821619531383,0.07868491079244547,0.9995,3.3871615814651435,1.0
survival_9,Gikuriro,Middle+Large,lower,-0.012893161317531605,0.015980767402195617,0.42056227311394784,-0.0443691165920479,0.018582793956984686,-0.06702260270457913,0.041236280069515914,1.0,3.3871615814651435,1.0
survival_9,Gikuriro,Middle+Large,upper,0.032319895887500366,0.014338972572277106,0.025073927387596694,0.004077643934975183,0.060562147840025546,-0.016248521126999073,0.0808883129019998,0.8658,3.3871615814651435,1.0
survival_9,Gikuriro,Upper+Large,lower,-0.001388430733932157,0.019711102456411948,0.9439012314641511,-0.04021170897301031,0.037434847505146,-0.06815311970261392,0.0653762582347496,1.0,3.3871615814651435,1.0
survival_9,Gikuriro,Upper+Large,upper,0.02854367700168825,0.02024802112213184,0.15988555033138563,-0.01133712416372512,0.06842447816710162,-0.04003964224389146,0.09712699624726796,1.0,3.3871615814651435,1.0
survival_9,Control,Lower,lower,-0.034322815141496585,0.019227121312091415,0.07546809052671614,-0.07219283697749054,0.0035472066944973665,-0.09944818177198231,0.03080255148898914,0.9961,3.3871615814651435,1.0
survival_9,Control,Lower,upper,0.029454403939616854,0.01770478840563368,0.09745247207012235,-0.0054172085415169074,0.06432601642075061,-0.030514575155915054,0.08942338303514877,0.9987,3.3871615814651435,1.0
survival_9,Control,Middle,lower,-0.011709240265699684,0.016995745008270412,0.49150056667647574,-0.045184310409321485,0.021765829877922114,-0.06927657480609122,0.04585809427469184,1.0,3.3871615814651435,1.0
survival_9,Control,Middle,upper,0.037075776376749865,0.015301837452699439,0.01611434292175949,0.006937051548497081,0.06721450120500265,-0.014754019568858127,0.08890557232235785,0.7398,3.3871615814651435,1.0
survival_9,Control,Upper,lower,-0.000375694000503083,0.019985594042544623,0.9850172335215583,-0.03973961491780181,0.038988226916795654,-0.06807013032416888,0.06731874232316272,1.0,3.3871615814651435,1.0
survival_9,Control,Upper,upper,0.032973944388090176,0.020715675500614393,0.11272236986067927,-0.007827955741508491,0.07377584451768884,-0.037193395801689594,0.10314128457786995,0.9996,3.3871615814651435,1.0
survival_9,Control,Control+Large,lower,-0.003881134483303251,0.003696422551573428,0.2947579102723632,-0.011161662882274465,0.0033993939156679613,-0.016401514938854125,0.008639245972247621,1.0,3.3871615814651435,1.0
survival_9,Control,Control+Large,upper,0.007743282796340728,0.003431743294470562,0.024922374304562792,0.0009840705675502664,0.01450249502513119,-0.003880586248140583,0.01936715184082204,0.864,3.3871615814651435,1.0
survival_9,Control,Lower+Large,lower,-0.03154196261033657,0.016998674706954636,0.0647083532431233,-0.06502280313171506,0.001938877911041914,-0.08911922051355657,0.026035295292883426,0.9925,3.3871615814651435,1.0
survival_9,Control,Lower+Large,upper,0.02987184739130738,0.016160846527252633,0.06573848723060259,-0.0019587943850217053,0.06170248916763646,-0.024867551089757124,0.08461124587237188,0.993,3.3871615814651435,1.0
survival_9,Control,Middle+Large,lower,-0.012009545941987495,0.016152903920467608,0.45789081447870317,-0.04382454384279817,0.019805451958823186,-0.06672204153049308,0.04270294964651808,1.0,3.3871615814651435,1.0
survival_9,Control,Middle+Large,upper,0.036743698692350696,0.014823870599494441,0.0138554971493112,0.007546384430658991,0.0659410129540424,-0.013467146290867538,0.08695454367556893,0.6864,3.3871615814651435,1.0
survival_9,Control,Upper+Large,lower,-0.0005048153583880465,0.019850917821298563,0.9797322534881362,-0.03960347600314821,0.038593845286372115,-0.0677430815595123,0.0667334508427362,1.0,3.3871615814651435,1.0
survival_9,Control,Upper+Large,upper,0.03296747980653858,0.020594255618602432,0.11069730863329447,-0.007595269931876716,0.07353022954495388,-0.036788591623664255,0.10272355123674141,0.9996,3.3871615814651435,1.0
survival_9,Lower,Middle,lower,-0.012567784473444248,0.020267021800074746,0.5357569910797954,-0.052486009654492446,0.02735044070760395,-0.08121546208537397,0.05607989313848547,1.0,3.3871615814651435,1.0
survival_9,Lower,Middle,upper,0.042802731786374164,0.020304327498073184,0.03603350678874344,0.00281102875209583,0.08279443482065249,-0.025971306252585598,0.11157676982533393,0.938,3.3871615814651435,1.0
survival_9,Lower,Upper,lower,-0.001234238208247647,0.02283245044869148,0.9569339902230585,-0.04620536950898124,0.04373689309248595,-0.078571437178762,0.07610296076226672,1.0,3.3871615814651435,1.0
survival_9,Lower,Upper,upper,0.038700899797714475,0.02464261952729318,0.11758209518141231,-0.00983556722960953,0.08723736682503848,-0.044767634331795716,0.12216943392722467,0.9998,3.3871615814651435,1.0
survival_9,Lower,Control+Large,lower,-0.026455774268395165,0.016481351675306004,0.10972876943383852,-0.05891768771344236,0.00600613917665203,-0.08228077547360783,0.029369226936817507,0.9996,3.3871615814651435,1.0
survival_9,Lower,Control+Large,upper,0.035186333783312373,0.0185680519986618,0.059261057352196694,-0.0013855754082621047,0.07175824297488685,-0.027706658589201946,0.0980793261558267,0.9894,3.3871615814651435,1.0
survival_9,Lower,Lower+Large,lower,-0.002597366564015706,0.0028922858254030685,0.37004277598663743,-0.00829405540193701,0.0030993222739055986,-0.012394005994437182,0.00719927286640577,1.0,3.3871615814651435,1.0
survival_9,Lower,Lower+Large,upper,0.00579566254686624,0.0029862144070904187,0.05341956418651936,-8.602941147990706e-05,0.011677354505212387,-0.004319128166848138,0.015910453260580618,0.9845,3.3871615814651435,1.0
survival_9,Lower,Middle+Large,lower,-0.012868090149732059,0.01956561088549024,0.5113503361470165,-0.05140480604396803,0.02566862574450391,-0.0791399756589608,0.053403795359496686,1.0,3.3871615814651435,1.0
survival_9,Lower,Middle+Large,upper,0.042470654101974994,0.01994659432762223,0.03422564894646104,0.0031835475986353515,0.08175776060531464,-0.025091683885617583,0.11003299208956757,0.9299,3.3871615814651435,1.0
survival_9,Lower,Upper+Large,lower,-0.0013633595661326104,0.022714659641000685,0.9521873386874606,-0.046102488354013454,0.04337576922174824,-0.07830158203818695,0.07557486290592173,1.0,3.3871615814651435,1.0
survival_9,Lower,Upper+Large,upper,0.03869443521616288,0.02454063671147335,0.11613305809010281,-0.00964116495234725,0.08703003538467301,-0.04442866663763276,0.12181753706995851,0.9997,3.3871615814651435,1.0
survival_9,Middle,Upper,lower,-0.008855610645380659,0.021023974182645067,0.6739644835434687,-0.05026474040811049,0.032553519117349175,-0.08006720828655106,0.06235598699578975,1.0,3.3871615814651435,1.0
survival_9,Middle,Upper,upper,0.01608732492191757,0.022944102763089246,0.48386761253473765,-0.029103718424704224,0.061278368268539364,-0.061628058478406564,0.0938027083222417,1.0,3.3871615814651435,1.0
survival_9,Middle,Control+Large,lower,-0.03407714670552818,0.013868008147736526,0.014688833239897387,-0.061391780178311844,-0.006762513232744519,-0.08105033111498693,0.012896037703930566,0.7088,3.3871615814651435,1.0
survival_9,Middle,Control+Large,upper,0.012572758907515472,0.016246406047531775,0.43974217435369056,-0.019426402162401806,0.04457191997743275,-0.04245644349356713,0.06760196130859807,1.0,3.3871615814651435,1.0
survival_9,Middle,Lower+Large,lower,-0.040021879255214145,0.018208197686536417,0.02887643532892313,-0.07588501408391013,-0.004158744426518153,-0.1016959869267728,0.02165222841634451,0.8964,3.3871615814651435,1.0
survival_9,Middle,Lower+Large,upper,0.012985227925134768,0.018933187809607174,0.4934542306593323,-0.02430585814732352,0.05027631399759306,-0.05114453843823084,0.07711499428850037,1.0,3.3871615814651435,1.0
survival_9,Middle,Middle+Large,lower,-0.0016711497671687376,0.0011334291310250194,0.14164214027439137,-0.003903568507590167,0.0005612689732526917,-0.005510257375090106,0.0021679578407526306,0.9999,3.3871615814651435,1.0
survival_9,Middle,Middle+Large,upper,0.001038766406481759,0.0011775460702209714,0.3785560530779442,-0.0012805457083335402,0.003358078521297058,-0.002949772402975972,0.0050273052159394895,1.0,3.3871615814651435,1.0
survival_9,Middle,Upper+Large,lower,-0.008984732003265623,0.020895991470784053,0.6675894734170467,-0.05014178512830564,0.032172321121774386,-0.07976283151972868,0.061793367513197445,1.0,3.3871615814651435,1.0
survival_9,Middle,Upper+Large,upper,0.016080860340365974,0.022834535349789405,0.4819503647348149,-0.028894377412333194,0.06105609809306514,-0.06126340052704843,0.09342512120778038,1.0,3.3871615814651435,1.0
survival_9,Upper,Control+Large,lower,-0.029975314716868488,0.019680310769995654,0.12900996851596305,-0.06873794519604413,0.008787315762307155,-0.09663570726829246,0.03668507783455549,0.9999,3.3871615814651435,1.0
survival_9,Upper,Control+Large,upper,0.0012392126423188717,0.019352372730715058,0.9489948304472023,-0.03687750623590384,0.03935593152054158,-0.06431040078135286,0.0667888260659906,1.0,3.3871615814651435,1.0
survival_9,Upper,Lower+Large,lower,-0.035920047266554456,0.022946273009138332,0.11876988625174666,-0.08111536516181692,0.009275270628707998,-0.11364278164091839,0.041802687107809475,0.9999,3.3871615814651435,1.0
survival_9,Upper,Lower+Large,upper,0.0016516816599381674,0.021657197913883142,0.9392701737759128,-0.04100465490717039,0.044308018227046726,-0.07170474707615387,0.0750081103960302,1.0,3.3871615814651435,1.0
survival_9,Upper,Middle+Large,lower,-0.01638763059820538,0.022326952507695917,0.46365451100019234,-0.060363125695639355,0.027587864499228593,-0.09201262636346982,0.05923736516705907,1.0,3.3871615814651435,1.0
survival_9,Upper,Middle+Large,upper,0.008523532960981491,0.020678694362900346,0.6805583108166252,-0.03220552857411212,0.0492525944960751,-0.061518546139894395,0.07856561206185737,1.0,3.3871615814651435,1.0
survival_9,Upper,Upper+Large,lower,-0.00016807809247746655,0.0001783471533749464,0.34689800720064545,-0.0005193532773096946,0.0001831970923547615,-0.0007721687185527565,0.0004360125335978234,1.0,3.3871615814651435,1.0
survival_9,Upper,Upper+Large,upper,3.2492153040908275e-05,0.00016620212950401535,0.8451639753014714,-0.00029486201357308093,0.0003598463196548974,-0.0005304613147727869,0.0005954456208546034,1.0,3.3871615814651435,1.0
survival_9,Control+Large,Lower+Large,lower,-0.02939067123644614,0.016001643956283024,0.06745161929431842,-0.06090774527993037,0.0021264028070380886,-0.08359082488545191,0.024809482412559626,0.9934,3.3871615814651435,1.0
survival_9,Control+Large,Lower+Large,upper,0.023858407704379463,0.014460347423075401,0.10023047719330377,-0.004622905945186211,0.052339721353945136,-0.025121125541700026,0.07283794095045895,0.9993,3.3871615814651435,1.0
survival_9,Control+Large,Middle+Large,lower,-0.011533992501033714,0.015262421811033836,0.45054207060204077,-0.04159508369987691,0.018527098697809483,-0.06323028129948319,0.04016229629741575,1.0,3.3871615814651435,1.0
survival_9,Control+Large,Middle+Large,upper,0.03240599693835944,0.013148627217749932,0.014398497457181856,0.006508266759874835,0.05830372711684404,-0.012130528022610054,0.07694252189932893,0.7016,3.3871615814651435,1.0
survival_9,Control+Large,Upper+Large,lower,-0.001206720489277965,0.0192046996368848,0.949948995093465,-0.03903258026294904,0.03661913928439311,-0.06625614128291174,0.06384270030435582,1.0,3.3871615814651435,1.0
survival_9,Control+Large,Upper+Large,upper,0.02980723662439102,0.019535860459316653,0.1283464876846991,-0.008670882391480457,0.0682853556402625,-0.03636387938427033,0.09597835263305238,0.9999,3.3871615814651435,1.0
survival_9,Lower+Large,Middle+Large,lower,-0.01194646151865301,0.018122848779536477,0.5103856983265378,-0.047641491880783156,0.02374856884347714,-0.07333147865140144,0.049438555614095415,1.0,3.3871615814651435,1.0
survival_9,Lower+Large,Middle+Large,upper,0.03835072948804541,0.017722319621318088,0.03142484575798469,0.0034445872658233345,0.07325687171026748,-0.021677630667729104,0.09837908964381992,0.916,3.3871615814651435,1.0
survival_9,Lower+Large,Upper+Large,lower,-0.0016191895068972603,0.021528079385706944,0.9401061924791259,-0.04402121231574243,0.04078283330194791,-0.07453827292489554,0.07129989391110103,1.0,3.3871615814651435,1.0
survival_9,Lower+Large,Upper+Large,upper,0.03575196917407699,0.022827731181078555,0.11859047048237205,-0.009209866987532532,0.0807138053356865,-0.04156924487448622,0.1130731832226402,0.9998,3.3871615814651435,1.0
survival_9,Middle+Large,Upper+Large,lower,-0.008491040807940583,0.020546204482371724,0.6797705352752531,-0.04895914831943255,0.03197706670355139,-0.07808435527555702,0.061102273659675854,1.0,3.3871615814651435,1.0
survival_9,Middle+Large,Upper+Large,upper,0.016219552505727913,0.022210309849905747,0.46591641100572784,-0.027526201491838747,0.05996530650329457,-0.05901035573030969,0.09144946074176552,1.0,3.3871615814651435,1.0
survival_10,Gikuriro,Control,lower,-0.022821397419058177,0.010191600688743441,0.026031287861043216,-0.04289492451454323,-0.002747870323573126,-0.05734199572560365,0.011699200887487299,0.8739,3.3871615814651435,1.0
survival_10,Gikuriro,Control,upper,0.02838407829347539,0.010352756595139768,0.006559361289168522,0.0079931361468672,0.04877502044008358,-0.006682381107841924,0.0634505376947927,0.4254,3.3871615814651435,1.0
survival_10,Gikuriro,Lower,lower,-0.029185987212220203,0.016094506536522408,0.07098179167831814,-0.060885964763948315,0.0025139903395079086,-0.08370068142536853,0.025328707000928125,0.9949,3.3871615814651435,1.0
survival_10,Gikuriro,Lower,upper,0.029528477917730313,0.009863851420469999,0.003036878761065944,0.010100490617037154,0.04895646521842347,-0.0038819806589660485,0.06293893649442667,0.2177,3.3871615814651435,1.0
survival_10,Gikuriro,Middle,lower,-0.008971103725115018,0.011612668422559012,0.4405407398461717,-0.03184358679723807,0.013901379347008032,-0.04830508806430033,0.030362880614070296,1.0,3.3871615814651435,1.0
survival_10,Gikuriro,Middle,upper,0.034751158966171605,0.00832852519666497,4.175018591122232e-05,0.01834717284990464,0.05115514508243857,0.006541098389763588,0.06296121954257962,0.0007,3.3871615814651435,0.06809455322120361
survival_10,Gikuriro,Upper,lower,0.0020152252730921572,0.008491950248769996,0.8126129671203887,-0.014710645237167459,0.01874109578335177,-0.026748382361254937,0.030778832907439255,1.0,3.3871615814651435,1.0
survival_10,Gikuriro,Upper,upper,0.02554833105380152,0.010653701526493307,0.01722457509299676,0.004564643329901783,0.04653201877770126,-0.010537477457133161,0.0616341395647362,0.7601,3.3871615814651435,1.0
survival_10,Gikuriro,Control+Large,lower,-0.020074261056171834,0.008727466052601095,0.022275420608724665,-0.03726400696873604,-0.0028845151436076334,-0.04963559877308352,0.009487076660739845,0.8357,3.3871615814651435,1.0
survival_10,Gikuriro,Control+Large,upper,0.029218282364822518,0.009574625948977797,0.002524433816279967,0.010359957820355238,0.0480766069092898,-0.0032125228064543154,0.06164908753609935,0.1809,3.3871615814651435,1.0
survival_10,Gikuriro,Lower+Large,lower,-0.02646746059455098,0.013984824289623563,0.05958242117774506,-0.05401217686403893,0.00107725567493697,-0.07383632015190447,0.020901398962802516,0.9896,3.3871615814651435,1.0
survival_10,Gikuriro,Lower+Large,upper,0.029883595455930036,0.009466293162692105,0.0017930612645213682,0.011238644765801168,0.04852854614605891,-0.0021802690636268315,0.0619474599754869,0.123,3.3871615814651435,1.0
survival_10,Gikuriro,Middle+Large,lower,-0.009136221184642624,0.011008416047749955,0.407379431201933,-0.030818559863487225,0.012546117494201977,-0.04642350509436563,0.02815106272508038,1.0,3.3871615814651435,1.0
survival_10,Gikuriro,Middle+Large,upper,0.034554269498532644,0.008330919248744453,4.621390240709584e-05,0.018145568021965253,0.05096297097510004,0.006336099880896978,0.06277243911616831,0.0007,3.3871615814651435,0.07519001921634492
survival_10,Gikuriro,Upper+Large,lower,0.0019052652824099394,0.008449728972592883,0.8217904557265837,-0.014737445579308568,0.018547976144128446,-0.026715332067349613,0.03052586263216949,1.0,3.3871615814651435,1.0
survival_10,Gikuriro,Upper+Large,upper,0.025599984574045175,0.010619863669784372,0.016658659182553975,0.004682944392003133,0.04651702475608722,-0.010371209648645883,0.06157117879673624,0.7497,3.3871615814651435,1.0
survival_10,Control,Lower,lower,-0.03403695972498623,0.01639732243561207,0.03895069960347527,-0.06633336793966543,-0.0017405515103070326,-0.08957734031778788,0.021503420867815426,0.9499,3.3871615814651435,1.0
survival_10,Control,Lower,upper,0.028816769556079126,0.010189394620337277,0.005066395113861034,0.008747587565477798,0.048885951546680455,-0.005696356440314909,0.06332989555247316,0.3433,3.3871615814651435,1.0
survival_10,Control,Middle,lower,-0.013822076237881044,0.012028844927737809,0.25163547044485574,-0.037514266695364853,0.00987011421960277,-0.05456571764651641,0.026921565170754322,1.0,3.3871615814651435,1.0
survival_10,Control,Middle,upper,0.03403945060452042,0.008711631869824018,0.00012053103871494003,0.01688089193199022,0.05119800927705062,0.004531745823185156,0.06354715538585567,0.0024,3.3871615814651435,0.19272913090518912
survival_10,Control,Upper,lower,-0.0028357472396738697,0.00905274883286006,0.7543572916170778,-0.020666174915843164,0.014994680436495423,-0.03349887029299088,0.02782737581364314,1.0,3.3871615814651435,1.0
survival_10,Control,Upper,upper,0.024836622692150333,0.010955800020968619,0.02425628987709286,0.003257917316013371,0.0464153280682873,-0.012272442233089584,0.06194568761739025,0.8582,3.3871615814651435,1.0
survival_10,Control,Control+Large,lower,-0.0039104490537719095,0.0025716389643478813,0.12963786562897917,-0.008975587102955717,0.0011546889954118988,-0.012621005755209865,0.0048001076476660446,0.9999,3.3871615814651435,1.0
survival_10,Control,Control+Large,upper,0.007491789488005383,0.0022121265506744006,0.0008229451985492796,0.003134752393464414,0.011848826582546351,-1.0405777779529807e-06,0.014984619553788719,0.0501,3.3871615814651435,1.0
survival_10,Control,Lower+Large,lower,-0.03131843310731701,0.014332283586885571,0.02981654794735851,-0.05954751033551782,-0.0030893558791161985,-0.07986419344747925,0.017227327232845237,0.9036,3.3871615814651435,1.0
survival_10,Control,Lower+Large,upper,0.02917188709427885,0.009805044830386118,0.0032184294428003937,0.009859726121116914,0.048484048067440784,-0.0040393840597484215,0.06238315824830612,0.2279,3.3871615814651435,1.0
survival_10,Control,Middle+Large,lower,-0.01398719369740865,0.01144658317069435,0.2228900417730948,-0.03653255280684073,0.008558165412023432,-0.05275862045223002,0.024784233057412727,1.0,3.3871615814651435,1.0
survival_10,Control,Middle+Large,upper,0.03384256113688146,0.008713920668272751,0.00013211818913769314,0.016679494413154992,0.05100562786060792,0.004327103825372925,0.06335801844839,0.0031,3.3871615814651435,0.21072851167462056
survival_10,Control,Upper+Large,lower,-0.0029457072303560876,0.00901315494782709,0.7440784684384576,-0.020698150206349412,0.014806735745637237,-0.03347471939742848,0.0275833049367163,1.0,3.3871615814651435,1.0
survival_10,Control,Upper+Large,upper,0.02488827621239399,0.010922898070047904,0.023548694095472854,0.003374375004264782,0.046402177420523195,-0.012109344488732032,0.061885896913520005,0.8493,3.3871615814651435,1.0
survival_10,Lower,Middle,lower,-0.014966475862135967,0.01161073236374268,0.19859674280079614,-0.03783514564424747,0.007902193919975535,-0.05429390245727915,0.024360950733007217,1.0,3.3871615814651435,1.0
survival_10,Lower,Middle,upper,0.040404040397682445,0.015200557420394174,0.008372172671307219,0.010464798215463547,0.07034328257990134,-0.011082703713531608,0.0918907845088965,0.5104,3.3871615814651435,1.0
survival_10,Lower,Upper,lower,-0.003980146863928792,0.008489302513030577,0.6395956597006377,-0.020700802354808222,0.01274050862695064,-0.03273478618950146,0.02477449246164387,1.0,3.3871615814651435,1.0
survival_10,Lower,Upper,upper,0.03120121248531236,0.016588971341069427,0.061170041957456914,-0.0014726702413703704,0.06387509521199508,-0.024988313917184306,0.08739073888780902,0.9903,3.3871615814651435,1.0
survival_10,Lower,Control+Large,lower,-0.026069633193192783,0.008724889788958197,0.003091501509441252,-0.04325430485887269,-0.008884961527512877,-0.05562224468886951,0.0034829783024839453,0.2205,3.3871615814651435,1.0
survival_10,Lower,Control+Large,upper,0.03487116379633336,0.015917477061458452,0.02940502910834259,0.0035198661107935653,0.06622246148187315,-0.0190439029800914,0.08878623057275811,0.9003,3.3871615814651435,1.0
survival_10,Lower,Lower+Large,lower,-0.0026596924775064996,0.0015617732312421901,0.08982685812068558,-0.005735784078011369,0.0004163991229983702,-0.007949670765330723,0.002630285810317724,0.9981,3.3871615814651435,1.0
survival_10,Lower,Lower+Large,upper,0.005733336633375446,0.0023668289553651113,0.0161399897114142,0.0010715953998933197,0.010395077866857573,-0.0022834954741365373,0.01375016874088743,0.7403,3.3871615814651435,1.0
survival_10,Lower,Middle+Large,lower,-0.015131593321663573,0.011006373699385334,0.1704384558323867,-0.036809909361033996,0.006546722717706847,-0.05241195946746996,0.022148772824142817,1.0,3.3871615814651435,1.0
survival_10,Lower,Middle+Large,upper,0.040207150930043484,0.01520186927546471,0.00869582932088285,0.010265324898720996,0.07014897696136597,-0.01128403664626594,0.09169833850635291,0.5223,3.3871615814651435,1.0
survival_10,Lower,Upper+Large,lower,-0.00409010685461101,0.008447068002593447,0.6286699168483584,-0.02072757663055553,0.012547362921333509,-0.03270169106901904,0.02452147735979702,1.0,3.3871615814651435,1.0
survival_10,Lower,Upper+Large,upper,0.03125286600555601,0.016567260434484123,0.06041099513805881,-0.0013782545991678982,0.06388398661027991,-0.02486312204825613,0.08736885405936815,0.9899,3.3871615814651435,1.0
survival_10,Middle,Upper,lower,-0.009202827912370084,0.006643570144442107,0.1672339226758151,-0.022288101695958303,0.003882445871218134,-0.03170567346939322,0.013300017644653056,1.0,3.3871615814651435,1.0
survival_10,Middle,Upper,upper,0.010986328998207175,0.012288811878817231,0.37218645642962384,-0.013217896201982675,0.03519055419839703,-0.03063786247957504,0.05261052047598939,1.0,3.3871615814651435,1.0
survival_10,Middle,Control+Large,lower,-0.031292314241634075,0.0069420795829378285,1.0129003585418003e-05,-0.04496553661984494,-0.01761909186342321,-0.054806259500434655,-0.007778368982833496,0.0004,3.3871615814651435,0.016743242926695958
survival_10,Middle,Control+Large,upper,0.014656280309228173,0.011366046068892762,0.19843768257718156,-0.007730451736155804,0.03704301235461215,-0.023842354268488318,0.05315491488694466,1.0,3.3871615814651435,1.0
survival_10,Middle,Lower+Large,lower,-0.037685513780013224,0.012946007710803469,0.003932191953371647,-0.06318416158792811,-0.012186865972098334,-0.08153573373139825,0.006164706171371798,0.2753,3.3871615814651435,1.0
survival_10,Middle,Lower+Large,upper,0.01532159340033569,0.011274938909785053,0.17541562678636974,-0.006885692640166915,0.0375288794408383,-0.02286844650825473,0.05351163330892611,1.0,3.3871615814651435,1.0
survival_10,Middle,Middle+Large,lower,-0.001535961550408534,0.0005936528162529632,0.010245413227130731,-0.0027052288967564725,-0.00036669420406059555,-0.003546759562349157,0.00047483646153208877,0.5805,3.3871615814651435,1.0
survival_10,Middle,Middle+Large,upper,0.0011739546232419624,0.0007298182203053442,0.1089905083484013,-0.0002635061120730374,0.0026114153585569625,-0.0012980576140295638,0.0036459668605134886,0.9996,3.3871615814651435,1.0
survival_10,Middle,Upper+Large,lower,-0.009312787903052303,0.006589516290807186,0.15883431979306187,-0.022291596418946662,0.0036660206128420574,-0.0316325443237131,0.013006968517608491,1.0,3.3871615814651435,1.0
survival_10,Middle,Upper+Large,upper,0.011037982518450827,0.012259487980423965,0.3688043970834756,-0.013108485898784153,0.035184450935685806,-0.03048688417727493,0.05256284921417658,1.0,3.3871615814651435,1.0
survival_10,Upper,Control+Large,lower,-0.02208948632926399,0.009608823715729454,0.022347462607980238,-0.04101516729971965,-0.003163805358808329,-0.05463612486225394,0.010457152203725964,0.8362,3.3871615814651435,1.0
survival_10,Upper,Control+Large,upper,0.0036699513110209983,0.008151451059503345,0.652946274113782,-0.012385266971931083,0.01972516959397308,-0.02394033055092207,0.031280233172964064,1.0,3.3871615814651435,1.0
survival_10,Upper,Lower+Large,lower,-0.028482685867643135,0.014551155964812741,0.051424585820832334,-0.05714285736091135,0.00017748562562508105,-0.07776980231756421,0.020804430582277943,0.9813,3.3871615814651435,1.0
survival_10,Upper,Lower+Large,upper,0.004335264402128517,0.008023926629442131,0.589482411623893,-0.01146877988172866,0.020139308685985693,-0.02284307160961297,0.031513600413870003,1.0,3.3871615814651435,1.0
survival_10,Upper,Middle+Large,lower,-0.011151446457734781,0.011719473255271288,0.342264871317792,-0.03423429390429281,0.011931400988823249,-0.050847196022997934,0.028544303107528368,1.0,3.3871615814651435,1.0
survival_10,Upper,Middle+Large,upper,0.00900593844473112,0.0066465711341819,0.1766634167928984,-0.004085246132528747,0.02209712302199099,-0.01350707194944502,0.03151894883890726,1.0,3.3871615814651435,1.0
survival_10,Upper,Upper+Large,lower,-0.00010995999068221723,8.998649512048426e-05,0.2228872411977593,-0.0002871987192387503,6.727873787431582e-05,-0.0004147587898050221,0.00019483880844058766,1.0,3.3871615814651435,1.0
survival_10,Upper,Upper+Large,upper,5.165352024365335e-05,5.954020333777528e-05,0.3864881382211091,-6.561774277704097e-05,0.00016892478326434768,-0.00015001876905468178,0.00025332580954198845,1.0,3.3871615814651435,1.0
survival_10,Control+Large,Lower+Large,lower,-0.02913782716295791,0.013699915702697988,0.034423060586258665,-0.05612138327575883,-0.0021542710501569855,-0.07554165530044758,0.017266000974531764,0.931,3.3871615814651435,1.0
survival_10,Control+Large,Lower+Large,upper,0.023409940715686285,0.008024978829292671,0.0038579445408313405,0.007603824003478081,0.03921605742789449,-0.0037719592669649762,0.05059184069833755,0.2709,3.3871615814651435,1.0
survival_10,Control+Large,Middle+Large,lower,-0.013482325685986209,0.01072021385060573,0.20970444972041313,-0.034597017064859306,0.007632365692886885,-0.049793422185848445,0.022828770813876027,1.0,3.3871615814651435,1.0
survival_10,Control+Large,Middle+Large,upper,0.02975635269122554,0.006785827118144569,1.7170654355791215e-05,0.016390887473205232,0.043121817909245845,0.0067716597781819245,0.05274104560426915,0.0004,3.3871615814651435,0.02828006772398813
survival_10,Control+Large,Upper+Large,lower,-0.0036182977907773454,0.008105071944188382,0.6556822035977026,-0.01958216708387273,0.012345571502318037,-0.031071486095143232,0.02383489051358854,1.0,3.3871615814651435,1.0
survival_10,Control+Large,Upper+Large,upper,0.021979526338581773,0.009555771858681845,0.022275067804166777,0.0031583370885569576,0.04080071558860659,-0.010387416982391137,0.05434646965955468,0.8357,3.3871615814651435,1.0
survival_10,Lower+Large,Middle+Large,lower,-0.014147638777093728,0.01062841823451524,0.1843787559155399,-0.03508152815605386,0.006786250601866399,-0.050147808692787336,0.021852531138599883,1.0,3.3871615814651435,1.0
survival_10,Lower+Large,Middle+Large,upper,0.036149552229604684,0.012898241502463846,0.00547012413158494,0.010744985450434674,0.061554119008774694,-0.007538875856000105,0.07983798031520947,0.3667,3.3871615814651435,1.0
survival_10,Lower+Large,Upper+Large,lower,-0.004283610881884864,0.007977585597683046,0.5917814861233238,-0.01999638118581893,0.011429159422049202,-0.03130498233120652,0.022737760567436795,1.0,3.3871615814651435,1.0
survival_10,Lower+Large,Upper+Large,upper,0.02837272587696092,0.01451996266893082,0.05182390737116297,-0.00022600684047546782,0.056971458594397305,-0.020808733839549644,0.07755418559347148,0.9821,3.3871615814651435,1.0
survival_10,Middle+Large,Upper+Large,lower,-0.008954284924487467,0.0065914663648757275,0.1755551531347013,-0.021936934335040927,0.004028364486065993,-0.031280646561114234,0.0133720767121393,1.0,3.3871615814651435,1.0
survival_10,Middle+Large,Upper+Large,upper,0.011041486467052563,0.011685276443660082,0.34563031722112425,-0.011974006434775811,0.03405697936888094,-0.028538432971712508,0.05062140590581764,1.0,3.3871615814651435,1.0
survival_11,Gikuriro,Control,lower,-0.02561690498729938,0.0076455307180055415,0.0009327229851426837,-0.04067565510069003,-0.010558154873908732,-0.05151355290523936,0.00027974293064060227,0.0572,3.3871615814651435,1.0
survival_11,Gikuriro,Control,upper,0.025588570725234187,0.007116474384056676,0.00039062055711958695,0.011571857773512391,0.03960528367695598,0.0014839220960765932,0.04969321935439178,0.0182,3.3871615814651435,0.6081962074351969
survival_11,Gikuriro,Lower,lower,-0.03312589440471633,0.015083116263064177,0.029005920348703973,-0.06283382275059227,-0.003417966058840396,-0.08421484633973941,0.017963057530306747,0.8975,3.3871615814651435,1.0
survival_11,Gikuriro,Lower,upper,0.025588570725234187,0.007116474384056676,0.00039062055711958695,0.011571857773512391,0.03960528367695598,0.0014839220960765932,0.04969321935439178,0.0182,3.3871615814651435,0.6081962074351969
survival_11,Gikuriro,Middle,lower,-0.01813369196605244,0.010540558641668776,0.08661709124391412,-0.03889453179455778,0.002627147862452897,-0.053836267244293336,0.017568883312188456,0.9979,3.3871615814651435,1.0
survival_11,Gikuriro,Middle,upper,0.025588570725234187,0.007116474384056676,0.00039062055711958695,0.011571857773512391,0.03960528367695598,0.0014839220960765932,0.04969321935439178,0.0182,3.3871615814651435,0.6081962074351969
survival_11,Gikuriro,Upper,lower,0.00205546494452482,0.002055602916329261,0.3183215717518463,-0.001993280890275051,0.00610421077932469,-0.004907194280413361,0.009018124169463,1.0,3.3871615814651435,1.0
survival_11,Gikuriro,Upper,upper,0.025588570725234187,0.007116474384056676,0.00039062055711958695,0.011571857773512391,0.03960528367695598,0.0014839220960765932,0.04969321935439178,0.0182,3.3871615814651435,0.6081962074351969
survival_11,Gikuriro,Control+Large,lower,-0.023049947853275573,0.006250696646159255,0.00027838803396850473,-0.035361412197725414,-0.01073848350882573,-0.04422206739053922,-0.001877828316011923,0.0112,3.3871615814651435,0.43706921333055243
survival_11,Gikuriro,Control+Large,upper,0.025588570725234187,0.007116474384056676,0.00039062055711958695,0.011571857773512391,0.03960528367695598,0.0014839220960765932,0.04969321935439178,0.0182,3.3871615814651435,0.6081962074351969
survival_11,Gikuriro,Lower+Large,lower,-0.030346910025294056,0.012880047127187625,0.019249046649650797,-0.055715640894458685,-0.0049781791561294315,-0.07397371082196447,0.013279890771376361,0.7952,3.3871615814651435,1.0
survival_11,Gikuriro,Lower+Large,upper,0.025588570725234187,0.007116474384056676,0.00039062055711958695,0.011571857773512391,0.03960528367695598,0.0014839220960765932,0.04969321935439178,0.0182,3.3871615814651435,0.6081962074351969
survival_11,Gikuriro,Middle+Large,lower,-0.01791733609376515,0.009867451030890822,0.07061321979557138,-0.03735241324025608,0.0015177410527257747,-0.05133998713258717,0.015505314945056869,0.9948,3.3871615814651435,1.0
survival_11,Gikuriro,Middle+Large,upper,0.025588570725234187,0.007116474384056676,0.00039062055711958695,0.011571857773512391,0.03960528367695598,0.0014839220960765932,0.04969321935439178,0.0182,3.3871615814651435,0.6081962074351969
survival_11,Gikuriro,Upper+Large,lower,0.0019161289843996777,0.002056610602037793,0.35240515467901473,-0.002134601603040306,0.005966859571839661,-0.005049943434856634,0.00888220140365599,1.0,3.3871615814651435,1.0
survival_11,Gikuriro,Upper+Large,upper,0.025588570725234187,0.007116474384056676,0.00039062055711958695,0.011571857773512391,0.03960528367695598,0.0014839220960765932,0.04969321935439178,0.0182,3.3871615814651435,0.6081962074351969
survival_11,Control,Lower,lower,-0.03518135934924115,0.014942385781912128,0.019332807642601764,-0.06461210286293598,-0.005750615835546334,-0.08579363440516491,0.015430915706682605,0.7962,3.3871615814651435,1.0
survival_11,Control,Lower,upper,0.0276723699318242,0.0073640095471383645,0.0002139503789957478,0.013168108070470013,0.04217663179317839,0.0027292797082146027,0.052615460155433794,0.0073,3.3871615814651435,0.3395392514662518
survival_11,Control,Middle,lower,-0.02018915691057726,0.010338175522249415,0.05196386539504711,-0.04055137996087421,0.00017306613971969018,-0.05520622786198382,0.014827914040829303,0.9825,3.3871615814651435,1.0
survival_11,Control,Middle,upper,0.0276723699318242,0.0073640095471383645,0.0002139503789957478,0.013168108070470013,0.04217663179317839,0.0027292797082146027,0.052615460155433794,0.0073,3.3871615814651435,0.3395392514662518
survival_11,Control,Upper,lower,0.0,0.0,1.0,0.0,0.0,0.0,0.0,1.0,3.3871615814651435,1.0
survival_11,Control,Upper,upper,0.0276723699318242,0.0073640095471383645,0.0002139503789957478,0.013168108070470013,0.04217663179317839,0.0027292797082146027,0.052615460155433794,0.0073,3.3871615814651435,0.3395392514662518
survival_11,Control,Control+Large,lower,-0.004090628282634447,0.0018898493256982456,0.03138239889314081,-0.007812903399602864,-0.00036835316566603046,-0.010491853313397352,0.0023105967481284575,0.9158,3.3871615814651435,1.0
survival_11,Control,Control+Large,upper,0.006657585416658253,0.0017716777670270406,0.0002139503789957478,0.003168062745291647,0.010147108088024858,0.0006566265494483085,0.012658544283868197,0.0073,3.3871615814651435,0.3395392514662518
survival_11,Control,Lower+Large,lower,-0.032402374969818876,0.012714956179592316,0.011429187487229547,-0.057445940272652596,-0.007358809666985159,-0.07546998605134678,0.010665236111709032,0.6171,3.3871615814651435,1.0
survival_11,Control,Lower+Large,upper,0.0276723699318242,0.0073640095471383645,0.0002139503789957478,0.013168108070470013,0.04217663179317839,0.0027292797082146027,0.052615460155433794,0.0073,3.3871615814651435,0.3395392514662518
survival_11,Control,Middle+Large,lower,-0.01997280103828997,0.009650962982905228,0.039537910003707405,-0.03898148013114765,-0.0009641219454322933,-0.0526621720781288,0.012716570001548858,0.9517,3.3871615814651435,1.0
survival_11,Control,Middle+Large,upper,0.0276723699318242,0.0073640095471383645,0.0002139503789957478,0.013168108070470013,0.04217663179317839,0.0027292797082146027,0.052615460155433794,0.0073,3.3871615814651435,0.3395392514662518
survival_11,Control,Upper+Large,lower,-0.00013933596012514216,6.437250028458504e-05,0.03138239889314081,-0.0002661249865137,-1.254693373658428e-05,-0.00035737601999194263,7.870409974165829e-05,0.9158,3.3871615814651435,1.0
survival_11,Control,Upper+Large,upper,0.0276723699318242,0.0073640095471383645,0.0002139503789957478,0.013168108070470013,0.04217663179317839,0.0027292797082146027,0.052615460155433794,0.0073,3.3871615814651435,0.3395392514662518
survival_11,Lower,Middle,lower,-0.02018915691057726,0.010338175522249415,0.05196386539504711,-0.04055137996087421,0.00017306613971969018,-0.05520622786198382,0.014827914040829303,0.9825,3.3871615814651435,1.0
survival_11,Lower,Middle,upper,0.03518135934924115,0.014942385781912128,0.019332807642601764,0.005750615835546334,0.06461210286293598,-0.015430915706682605,0.08579363440516491,0.7962,3.3871615814651435,1.0
survival_11,Lower,Upper,lower,0.0,0.0,1.0,0.0,0.0,0.0,0.0,1.0,3.3871615814651435,1.0
survival_11,Lower,Upper,upper,0.03518135934924115,0.014942385781912128,0.019332807642601764,0.005750615835546334,0.06461210286293598,-0.015430915706682605,0.08579363440516491,0.7962,3.3871615814651435,1.0
survival_11,Lower,Control+Large,lower,-0.025105412797800392,0.005903025089958977,2.9948809119928483e-05,-0.03673209811520064,-0.013478727480400146,-0.04509991259693426,-0.005110912998666523,0.0005,3.3871615814651435,0.04917594457492257
survival_11,Lower,Control+Large,upper,0.03518135934924115,0.014942385781912128,0.019332807642601764,0.005750615835546334,0.06461210286293598,-0.015430915706682605,0.08579363440516491,0.7962,3.3871615814651435,1.0
survival_11,Lower,Lower+Large,lower,-0.0025992347157534463,0.0012008331325902314,0.03138239889314081,-0.004964413372216113,-0.00023405605929077916,-0.0066666505682135176,0.0014681811367066246,0.9158,3.3871615814651435,1.0
survival_11,Lower,Lower+Large,upper,0.00537821909517572,0.0022842614960383954,0.019332807642601764,0.0008791039478814877,0.009877334242469952,-0.0023589436862256263,0.013115381876577067,0.7962,3.3871615814651435,1.0
survival_11,Lower,Middle+Large,lower,-0.01997280103828997,0.009650962982905228,0.039537910003707405,-0.03898148013114765,-0.0009641219454322933,-0.0526621720781288,0.012716570001548858,0.9517,3.3871615814651435,1.0
survival_11,Lower,Middle+Large,upper,0.03518135934924115,0.014942385781912128,0.019332807642601764,0.005750615835546334,0.06461210286293598,-0.015430915706682605,0.08579363440516491,0.7962,3.3871615814651435,1.0
survival_11,Lower,Upper+Large,lower,-0.00013933596012514216,6.437250028458504e-05,0.03138239889314081,-0.0002661249865137,-1.254693373658428e-05,-0.00035737601999194263,7.870409974165829e-05,0.9158,3.3871615814651435,1.0
survival_11,Lower,Upper+Large,upper,0.03518135934924115,0.014942385781912128,0.019332807642601764,0.005750615835546334,0.06461210286293598,-0.015430915706682605,0.08579363440516491,0.7962,3.3871615814651435,1.0
survival_11,Middle,Upper,lower,0.0,0.0,1.0,0.0,0.0,0.0,0.0,1.0,3.3871615814651435,1.0
survival_11,Middle,Upper,upper,0.02018915691057726,0.010338175522249415,0.05196386539504711,-0.00017306613971969018,0.04055137996087421,-0.014827914040829303,0.05520622786198382,0.9825,3.3871615814651435,1.0
survival_11,Middle,Control+Large,lower,-0.025105412797800392,0.005903025089958977,2.9948809119928483e-05,-0.03673209811520064,-0.013478727480400146,-0.04509991259693426,-0.005110912998666523,0.0005,3.3871615814651435,0.04917594457492257
survival_11,Middle,Control+Large,upper,0.02018915691057726,0.010338175522249415,0.05196386539504711,-0.00017306613971969018,0.04055137996087421,-0.014827914040829303,0.05520622786198382,0.9825,3.3871615814651435,1.0
survival_11,Middle,Lower+Large,lower,-0.032402374969818876,0.012714956179592316,0.011429187487229547,-0.057445940272652596,-0.007358809666985159,-0.07546998605134678,0.010665236111709032,0.6171,3.3871615814651435,1.0
survival_11,Middle,Lower+Large,upper,0.02018915691057726,0.010338175522249415,0.05196386539504711,-0.00017306613971969018,0.04055137996087421,-0.014827914040829303,0.05520622786198382,0.9825,3.3871615814651435,1.0
survival_11,Middle,Middle+Large,lower,-0.0011544882185936388,0.0005333676468961947,0.031382398893140755,-0.0022050170058577636,-0.00010395943132951403,-0.0029610906209568957,0.0006521141837696181,0.9158,3.3871615814651435,1.0
survival_11,Middle,Middle+Large,upper,0.001370844090880926,0.0007019622903490638,0.05196386539504707,-1.1751193772832147e-05,0.002753439375534684,-0.0010068156106267032,0.003748503792388555,0.9825,3.3871615814651435,1.0
survival_11,Middle,Upper+Large,lower,-0.00013933596012514216,6.437250028458504e-05,0.03138239889314081,-0.0002661249865137,-1.254693373658428e-05,-0.00035737601999194263,7.870409974165829e-05,0.9158,3.3871615814651435,1.0
survival_11,Middle,Upper+Large,upper,0.02018915691057726,0.010338175522249415,0.05196386539504711,-0.00017306613971969018,0.04055137996087421,-0.014827914040829303,0.05520622786198382,0.9825,3.3871615814651435,1.0
survival_11,Upper,Control+Large,lower,-0.025105412797800392,0.005903025089958977,2.9948809119928483e-05,-0.03673209811520064,-0.013478727480400146,-0.04509991259693426,-0.005110912998666523,0.0005,3.3871615814651435,0.04917594457492257
survival_11,Upper,Control+Large,upper,0.0,0.0,1.0,0.0,0.0,0.0,0.0,1.0,3.3871615814651435,1.0
survival_11,Upper,Lower+Large,lower,-0.032402374969818876,0.012714956179592316,0.011429187487229547,-0.057445940272652596,-0.007358809666985159,-0.07546998605134678,0.010665236111709032,0.6171,3.3871615814651435,1.0
survival_11,Upper,Lower+Large,upper,0.0,0.0,1.0,0.0,0.0,0.0,0.0,1.0,3.3871615814651435,1.0
survival_11,Upper,Middle+Large,lower,-0.01997280103828997,0.009650962982905228,0.039537910003707405,-0.03898148013114765,-0.0009641219454322933,-0.0526621720781288,0.012716570001548858,0.9517,3.3871615814651435,1.0
survival_11,Upper,Middle+Large,upper,0.0,0.0,1.0,0.0,0.0,0.0,0.0,1.0,3.3871615814651435,1.0
survival_11,Upper,Upper+Large,lower,-0.00013933596012514216,6.437250028458504e-05,0.03138239889314081,-0.0002661249865137,-1.254693373658428e-05,-0.00035737601999194263,7.870409974165829e-05,0.9158,3.3871615814651435,1.0
survival_11,Upper,Upper+Large,upper,0.0,0.0,1.0,0.0,0.0,0.0,0.0,1.0,3.3871615814651435,1.0
survival_11,Control+Large,Lower+Large,lower,-0.02980314025406543,0.012658124285873732,0.019332807642601764,-0.054734768620466015,-0.004871511887664843,-0.07267825252858784,0.013071972020456981,0.7962,3.3871615814651435,1.0
survival_11,Control+Large,Lower+Large,upper,0.022506178082046947,0.005634617826721537,8.566388094264771e-05,0.011408151670717522,0.03360420449337637,0.0034208170531371367,0.041591539110956754,0.0014,3.3871615814651435,0.13834716772237604
survival_11,Control+Large,Middle+Large,lower,-0.018818312819696332,0.009636213231900349,0.05196386539504708,-0.037797940585339515,0.00016131494594685478,-0.051457724069595256,0.013821098430202596,0.9825,3.3871615814651435,1.0
survival_11,Control+Large,Middle+Large,upper,0.023950924579206754,0.005754495397840606,4.357107003707263e-05,0.01261678553498568,0.03528506362342783,0.004459518846923076,0.04344233031149043,0.0007,3.3871615814651435,0.07102084416042839
survival_11,Control+Large,Upper+Large,lower,0.0,0.0,1.0,0.0,0.0,0.0,0.0,1.0,3.3871615814651435,1.0
survival_11,Control+Large,Upper+Large,upper,0.024966076837675252,0.005882732390561839,3.109263585026635e-05,0.013379360320430108,0.0365527933549204,0.005040311690323589,0.044891841985026916,0.0005,3.3871615814651435,0.05083645961518548
survival_11,Lower+Large,Middle+Large,lower,-0.018818312819696332,0.009636213231900349,0.05196386539504708,-0.037797940585339515,0.00016131494594685478,-0.051457724069595256,0.013821098430202596,0.9825,3.3871615814651435,1.0
survival_11,Lower+Large,Middle+Large,upper,0.031247886751225237,0.012675709866166042,0.014375517011761707,0.006281621566402457,0.05621415193604802,-0.011686790725251056,0.07418256422770153,0.701,3.3871615814651435,1.0
survival_11,Lower+Large,Upper+Large,lower,0.0,0.0,1.0,0.0,0.0,0.0,0.0,1.0,3.3871615814651435,1.0
survival_11,Lower+Large,Upper+Large,upper,0.03226303900969373,0.012709038248640489,0.01174497204203912,0.00723112975098289,0.057294948268404575,-0.010784527083472384,0.07531060510285985,0.6263,3.3871615814651435,1.0
survival_11,Middle+Large,Upper+Large,lower,0.0,0.0,1.0,0.0,0.0,0.0,0.0,1.0,3.3871615814651435,1.0
survival_11,Middle+Large,Upper+Large,upper,0.01983346507816483,0.009647619493854256,0.040854140967803036,0.0008313713706757445,0.038835558785653916,-0.012844581024012494,0.052511511180342155,0.9556,3.3871615814651435,1.0
survival_12,Gikuriro,Control,lower,-0.0276723699318242,0.0073640095471383645,0.0002139503789957478,-0.04217663179317839,-0.013168108070470013,-0.052615460155433794,-0.0027292797082146027,0.0073,3.3871615814651435,0.3395392514662518
survival_12,Gikuriro,Control,upper,0.023533105780709367,0.0068880684913152105,0.0007415501513639975,0.009966264445501968,0.03709994711591677,0.00020210481642591455,0.04686410674499282,0.0432,3.3871615814651435,1.0
survival_12,Gikuriro,Lower,lower,-0.03518135934924115,0.014942385781912128,0.019332807642601764,-0.06461210286293598,-0.005750615835546334,-0.08579363440516491,0.015430915706682605,0.7962,3.3871615814651435,1.0
survival_12,Gikuriro,Lower,upper,0.023533105780709367,0.0068880684913152105,0.0007415501513639975,0.009966264445501968,0.03709994711591677,0.00020210481642591455,0.04686410674499282,0.0432,3.3871615814651435,1.0
survival_12,Gikuriro,Middle,lower,-0.02018915691057726,0.010338175522249415,0.05196386539504711,-0.04055137996087421,0.00017306613971969018,-0.05520622786198382,0.014827914040829303,0.9825,3.3871615814651435,1.0
survival_12,Gikuriro,Middle,upper,0.023533105780709367,0.0068880684913152105,0.0007415501513639975,0.009966264445501968,0.03709994711591677,0.00020210481642591455,0.04686410674499282,0.0432,3.3871615814651435,1.0
survival_12,Gikuriro,Upper,lower,0.0,0.0,1.0,0.0,0.0,0.0,0.0,1.0,3.3871615814651435,1.0
survival_12,Gikuriro,Upper,upper,0.023533105780709367,0.0068880684913152105,0.0007415501513639975,0.009966264445501968,0.03709994711591677,0.00020210481642591455,0.04686410674499282,0.0432,3.3871615814651435,1.0
survival_12,Gikuriro,Control+Large,lower,-0.025105412797800392,0.005903025089958977,2.9948809119928483e-05,-0.03673209811520064,-0.013478727480400146,-0.04509991259693426,-0.005110912998666523,0.0005,3.3871615814651435,0.04917594457492257
survival_12,Gikuriro,Control+Large,upper,0.023533105780709367,0.0068880684913152105,0.0007415501513639975,0.009966264445501968,0.03709994711591677,0.00020210481642591455,0.04686410674499282,0.0432,3.3871615814651435,1.0
survival_12,Gikuriro,Lower+Large,lower,-0.032402374969818876,0.012714956179592316,0.011429187487229547,-0.057445940272652596,-0.007358809666985159,-0.07546998605134678,0.010665236111709032,0.6171,3.3871615814651435,1.0
survival_12,Gikuriro,Lower+Large,upper,0.023533105780709367,0.0068880684913152105,0.0007415501513639975,0.009966264445501968,0.03709994711591677,0.00020210481642591455,0.04686410674499282,0.0432,3.3871615814651435,1.0
survival_12,Gikuriro,Middle+Large,lower,-0.01997280103828997,0.009650962982905228,0.039537910003707405,-0.03898148013114765,-0.0009641219454322933,-0.0526621720781288,0.012716570001548858,0.9517,3.3871615814651435,1.0
survival_12,Gikuriro,Middle+Large,upper,0.023533105780709367,0.0068880684913152105,0.0007415501513639975,0.009966264445501968,0.03709994711591677,0.00020210481642591455,0.04686410674499282,0.0432,3.3871615814651435,1.0
survival_12,Gikuriro,Upper+Large,lower,-0.00013933596012514216,6.437250028458504e-05,0.03138239889314081,-0.0002661249865137,-1.254693373658428e-05,-0.00035737601999194263,7.870409974165829e-05,0.9158,3.3871615814651435,1.0
survival_12,Gikuriro,Upper+Large,upper,0.023533105780709367,0.0068880684913152105,0.0007415501513639975,0.009966264445501968,0.03709994711591677,0.00020210481642591455,0.04686410674499282,0.0432,3.3871615814651435,1.0
survival_12,Control,Lower,lower,-0.03518135934924115,0.014942385781912128,0.019332807642601764,-0.06461210286293598,-0.005750615835546334,-0.08579363440516491,0.015430915706682605,0.7962,3.3871615814651435,1.0
survival_12,Control,Lower,upper,0.0276723699318242,0.0073640095471383645,0.0002139503789957478,0.013168108070470013,0.04217663179317839,0.0027292797082146027,0.052615460155433794,0.0073,3.3871615814651435,0.3395392514662518
survival_12,Control,Middle,lower,-0.02018915691057726,0.010338175522249415,0.05196386539504711,-0.04055137996087421,0.00017306613971969018,-0.05520622786198382,0.014827914040829303,0.9825,3.3871615814651435,1.0
survival_12,Control,Middle,upper,0.0276723699318242,0.0073640095471383645,0.0002139503789957478,0.013168108070470013,0.04217663179317839,0.0027292797082146027,0.052615460155433794,0.0073,3.3871615814651435,0.3395392514662518
survival_12,Control,Upper,lower,0.0,0.0,1.0,0.0,0.0,0.0,0.0,1.0,3.3871615814651435,1.0
survival_12,Control,Upper,upper,0.0276723699318242,0.0073640095471383645,0.0002139503789957478,0.013168108070470013,0.04217663179317839,0.0027292797082146027,0.052615460155433794,0.0073,3.3871615814651435,0.3395392514662518
survival_12,Control,Control+Large,lower,-0.004090628282634447,0.0018898493256982456,0.03138239889314081,-0.007812903399602864,-0.00036835316566603046,-0.010491853313397352,0.0023105967481284575,0.9158,3.3871615814651435,1.0
survival_12,Control,Control+Large,upper,0.006657585416658253,0.0017716777670270406,0.0002139503789957478,0.003168062745291647,0.010147108088024858,0.0006566265494483085,0.012658544283868197,0.0073,3.3871615814651435,0.3395392514662518
survival_12,Control,Lower+Large,lower,-0.032402374969818876,0.012714956179592316,0.011429187487229547,-0.057445940272652596,-0.007358809666985159,-0.07546998605134678,0.010665236111709032,0.6171,3.3871615814651435,1.0
survival_12,Control,Lower+Large,upper,0.0276723699318242,0.0073640095471383645,0.0002139503789957478,0.013168108070470013,0.04217663179317839,0.0027292797082146027,0.052615460155433794,0.0073,3.3871615814651435,0.3395392514662518
survival_12,Control,Middle+Large,lower,-0.01997280103828997,0.009650962982905228,0.039537910003707405,-0.03898148013114765,-0.0009641219454322933,-0.0526621720781288,0.012716570001548858,0.9517,3.3871615814651435,1.0
survival_12,Control,Middle+Large,upper,0.0276723699318242,0.0073640095471383645,0.0002139503789957478,0.013168108070470013,0.04217663179317839,0.0027292797082146027,0.052615460155433794,0.0073,3.3871615814651435,0.3395392514662518
survival_12,Control,Upper+Large,lower,-0.00013933596012514216,6.437250028458504e-05,0.03138239889314081,-0.0002661249865137,-1.254693373658428e-05,-0.00035737601999194263,7.870409974165829e-05,0.9158,3.3871615814651435,1.0
survival_12,Control,Upper+Large,upper,0.0276723699318242,0.0073640095471383645,0.0002139503789957478,0.013168108070470013,0.04217663179317839,0.0027292797082146027,0.052615460155433794,0.0073,3.3871615814651435,0.3395392514662518
survival_12,Lower,Middle,lower,-0.02018915691057726,0.010338175522249415,0.05196386539504711,-0.04055137996087421,0.00017306613971969018,-0.05520622786198382,0.014827914040829303,0.9825,3.3871615814651435,1.0
survival_12,Lower,Middle,upper,0.03518135934924115,0.014942385781912128,0.019332807642601764,0.005750615835546334,0.06461210286293598,-0.015430915706682605,0.08579363440516491,0.7962,3.3871615814651435,1.0
survival_12,Lower,Upper,lower,0.0,0.0,1.0,0.0,0.0,0.0,0.0,1.0,3.3871615814651435,1.0
survival_12,Lower,Upper,upper,0.03518135934924115,0.014942385781912128,0.019332807642601764,0.005750615835546334,0.06461210286293598,-0.015430915706682605,0.08579363440516491,0.7962,3.3871615814651435,1.0
survival_12,Lower,Control+Large,lower,-0.025105412797800392,0.005903025089958977,2.9948809119928483e-05,-0.03673209811520064,-0.013478727480400146,-0.04509991259693426,-0.005110912998666523,0.0005,3.3871615814651435,0.04917594457492257
survival_12,Lower,Control+Large,upper,0.03518135934924115,0.014942385781912128,0.019332807642601764,0.005750615835546334,0.06461210286293598,-0.015430915706682605,0.08579363440516491,0.7962,3.3871615814651435,1.0
survival_12,Lower,Lower+Large,lower,-0.0025992347157534463,0.0012008331325902314,0.03138239889314081,-0.004964413372216113,-0.00023405605929077916,-0.0066666505682135176,0.0014681811367066246,0.9158,3.3871615814651435,1.0
survival_12,Lower,Lower+Large,upper,0.00537821909517572,0.0022842614960383954,0.019332807642601764,0.0008791039478814877,0.009877334242469952,-0.0023589436862256263,0.013115381876577067,0.7962,3.3871615814651435,1.0
survival_12,Lower,Middle+Large,lower,-0.01997280103828997,0.009650962982905228,0.039537910003707405,-0.03898148013114765,-0.0009641219454322933,-0.0526621720781288,0.012716570001548858,0.9517,3.3871615814651435,1.0
survival_12,Lower,Middle+Large,upper,0.03518135934924115,0.014942385781912128,0.019332807642601764,0.005750615835546334,0.06461210286293598,-0.015430915706682605,0.08579363440516491,0.7962,3.3871615814651435,1.0
survival_12,Lower,Upper+Large,lower,-0.00013933596012514216,6.437250028458504e-05,0.03138239889314081,-0.0002661249865137,-1.254693373658428e-05,-0.00035737601999194263,7.870409974165829e-05,0.9158,3.3871615814651435,1.0
survival_12,Lower,Upper+Large,upper,0.03518135934924115,0.014942385781912128,0.019332807642601764,0.005750615835546334,0.06461210286293598,-0.015430915706682605,0.08579363440516491,0.7962,3.3871615814651435,1.0
survival_12,Middle,Upper,lower,0.0,0.0,1.0,0.0,0.0,0.0,0.0,1.0,3.3871615814651435,1.0
survival_12,Middle,Upper,upper,0.02018915691057726,0.010338175522249415,0.05196386539504711,-0.00017306613971969018,0.04055137996087421,-0.014827914040829303,0.05520622786198382,0.9825,3.3871615814651435,1.0
survival_12,Middle,Control+Large,lower,-0.025105412797800392,0.005903025089958977,2.9948809119928483e-05,-0.03673209811520064,-0.013478727480400146,-0.04509991259693426,-0.005110912998666523,0.0005,3.3871615814651435,0.04917594457492257
survival_12,Middle,Control+Large,upper,0.02018915691057726,0.010338175522249415,0.05196386539504711,-0.00017306613971969018,0.04055137996087421,-0.014827914040829303,0.05520622786198382,0.9825,3.3871615814651435,1.0
survival_12,Middle,Lower+Large,lower,-0.032402374969818876,0.012714956179592316,0.011429187487229547,-0.057445940272652596,-0.007358809666985159,-0.07546998605134678,0.010665236111709032,0.6171,3.3871615814651435,1.0
survival_12,Middle,Lower+Large,upper,0.02018915691057726,0.010338175522249415,0.05196386539504711,-0.00017306613971969018,0.04055137996087421,-0.014827914040829303,0.05520622786198382,0.9825,3.3871615814651435,1.0
survival_12,Middle,Middle+Large,lower,-0.0011544882185936388,0.0005333676468961947,0.031382398893140755,-0.0022050170058577636,-0.00010395943132951403,-0.0029610906209568957,0.0006521141837696181,0.9158,3.3871615814651435,1.0
survival_12,Middle,Middle+Large,upper,0.001370844090880926,0.0007019622903490638,0.05196386539504707,-1.1751193772832147e-05,0.002753439375534684,-0.0010068156106267032,0.003748503792388555,0.9825,3.3871615814651435,1.0
survival_12,Middle,Upper+Large,lower,-0.00013933596012514216,6.437250028458504e-05,0.03138239889314081,-0.0002661249865137,-1.254693373658428e-05,-0.00035737601999194263,7.870409974165829e-05,0.9158,3.3871615814651435,1.0
survival_12,Middle,Upper+Large,upper,0.02018915691057726,0.010338175522249415,0.05196386539504711,-0.00017306613971969018,0.04055137996087421,-0.014827914040829303,0.05520622786198382,0.9825,3.3871615814651435,1.0
survival_12,Upper,Control+Large,lower,-0.025105412797800392,0.005903025089958977,2.9948809119928483e-05,-0.03673209811520064,-0.013478727480400146,-0.04509991259693426,-0.005110912998666523,0.0005,3.3871615814651435,0.04917594457492257
survival_12,Upper,Control+Large,upper,0.0,0.0,1.0,0.0,0.0,0.0,0.0,1.0,3.3871615814651435,1.0
survival_12,Upper,Lower+Large,lower,-0.032402374969818876,0.012714956179592316,0.011429187487229547,-0.057445940272652596,-0.007358809666985159,-0.07546998605134678,0.010665236111709032,0.6171,3.3871615814651435,1.0
survival_12,Upper,Lower+Large,upper,0.0,0.0,1.0,0.0,0.0,0.0,0.0,1.0,3.3871615814651435,1.0
survival_12,Upper,Middle+Large,lower,-0.01997280103828997,0.009650962982905228,0.039537910003707405,-0.03898148013114765,-0.0009641219454322933,-0.0526621720781288,0.012716570001548858,0.9517,3.3871615814651435,1.0
survival_12,Upper,Middle+Large,upper,0.0,0.0,1.0,0.0,0.0,0.0,0.0,1.0,3.3871615814651435,1.0
survival_12,Upper,Upper+Large,lower,-0.00013933596012514216,6.437250028458504e-05,0.03138239889314081,-0.0002661249865137,-1.254693373658428e-05,-0.00035737601999194263,7.870409974165829e-05,0.9158,3.3871615814651435,1.0
survival_12,Upper,Upper+Large,upper,0.0,0.0,1.0,0.0,0.0,0.0,0.0,1.0,3.3871615814651435,1.0
survival_12,Control+Large,Lower+Large,lower,-0.02980314025406543,0.012658124285873732,0.019332807642601764,-0.054734768620466015,-0.004871511887664843,-0.07267825252858784,0.013071972020456981,0.7962,3.3871615814651435,1.0
survival_12,Control+Large,Lower+Large,upper,0.022506178082046947,0.005634617826721537,8.566388094264771e-05,0.011408151670717522,0.03360420449337637,0.0034208170531371367,0.041591539110956754,0.0014,3.3871615814651435,0.13834716772237604
survival_12,Control+Large,Middle+Large,lower,-0.018818312819696332,0.009636213231900349,0.05196386539504708,-0.037797940585339515,0.00016131494594685478,-0.051457724069595256,0.013821098430202596,0.9825,3.3871615814651435,1.0
survival_12,Control+Large,Middle+Large,upper,0.023950924579206754,0.005754495397840606,4.357107003707263e-05,0.01261678553498568,0.03528506362342783,0.004459518846923076,0.04344233031149043,0.0007,3.3871615814651435,0.07102084416042839
survival_12,Control+Large,Upper+Large,lower,0.0,0.0,1.0,0.0,0.0,0.0,0.0,1.0,3.3871615814651435,1.0
survival_12,Control+Large,Upper+Large,upper,0.024966076837675252,0.005882732390561839,3.109263585026635e-05,0.013379360320430108,0.0365527933549204,0.005040311690323589,0.044891841985026916,0.0005,3.3871615814651435,0.05083645961518548
survival_12,Lower+Large,Middle+Large,lower,-0.018818312819696332,0.009636213231900349,0.05196386539504708,-0.037797940585339515,0.00016131494594685478,-0.051457724069595256,0.013821098430202596,0.9825,3.3871615814651435,1.0
survival_12,Lower+Large,Middle+Large,upper,0.031247886751225237,0.012675709866166042,0.014375517011761707,0.006281621566402457,0.05621415193604802,-0.011686790725251056,0.07418256422770153,0.701,3.3871615814651435,1.0
survival_12,Lower+Large,Upper+Large,lower,0.0,0.0,1.0,0.0,0.0,0.0,0.0,1.0,3.3871615814651435,1.0
survival_12,Lower+Large,Upper+Large,upper,0.03226303900969373,0.012709038248640489,0.01174497204203912,0.00723112975098289,0.057294948268404575,-0.010784527083472384,0.07531060510285985,0.6263,3.3871615814651435,1.0
survival_12,Middle+Large,Upper+Large,lower,0.0,0.0,1.0,0.0,0.0,0.0,0.0,1.0,3.3871615814651435,1.0
survival_12,Middle+Large,Upper+Large,upper,0.01983346507816483,0.009647619493854256,0.040854140967803036,0.0008313713706757445,0.038835558785653916,-0.012844581024012494,0.052511511180342155,0.9556,3.3871615814651435,1.0
shortfall_1,Gikuriro,Control,lower,-0.02168086413047047,0.007134209573256846,0.002628719589054628,-0.03573250857252689,-0.007629219688414049,-0.045845584711126895,0.0024838564501859575,0.1881,3.3871615814651435,1.0
shortfall_1,Gikuriro,Control,upper,0.029524611582063102,0.007532253206816954,0.00011484007667004175,0.014688974526139932,0.04436024863798627,0.0040116528980650885,0.05503757026606111,0.0019,3.3871615814651435,0.18443316313206243
shortfall_1,Gikuriro,Lower,lower,-0.023533105780709367,0.0068880684913152105,0.0007415501513639975,-0.03709994711591677,-0.009966264445501968,-0.04686410674499282,-0.00020210481642591455,0.0432,3.3871615814651435,1.0
shortfall_1,Gikuriro,Lower,upper,0.03518135934924115,0.014942385781912128,0.019332807642601764,0.005750615835546334,0.06461210286293598,-0.015430915706682605,0.08579363440516491,0.7962,3.3871615814651435,1.0
shortfall_1,Gikuriro,Middle,lower,-0.023533105780709367,0.0068880684913152105,0.0007415501513639975,-0.03709994711591677,-0.009966264445501968,-0.04686410674499282,-0.00020210481642591455,0.0432,3.3871615814651435,1.0
shortfall_1,Gikuriro,Middle,upper,0.02018915691057726,0.010338175522249415,0.05196386539504711,-0.00017306613971969018,0.04055137996087421,-0.014827914040829303,0.05520622786198382,0.9825,3.3871615814651435,1.0
shortfall_1,Gikuriro,Upper,lower,-0.011831496779550055,0.013162995548295937,0.3696104558210643,-0.03775752703388542,0.01409453347478531,-0.056416689597734763,0.03275369603863466,1.0,3.3871615814651435,1.0
shortfall_1,Gikuriro,Upper,upper,0.011701609001159312,0.011216905289045157,0.29787010839633477,-0.010391373163637281,0.03379459116595591,-0.026291861656827613,0.049695079659146234,1.0,3.3871615814651435,1.0
shortfall_1,Gikuriro,Control+Large,lower,-0.022126487581918184,0.007031072241588514,0.0018523430181639105,-0.03597499121371042,-0.008277983950125942,-0.04594186535513281,0.001688890191296439,0.1275,3.3871615814651435,1.0
shortfall_1,Gikuriro,Control+Large,upper,0.02651203099659158,0.006024205823235764,1.6048272997639383e-05,0.014646666318885445,0.03837739567429771,0.006107072473288802,0.046916989519894356,0.0004,3.3871615814651435,0.026495698719104205
shortfall_1,Gikuriro,Lower+Large,lower,-0.023533105780709367,0.0068880684913152105,0.0007415501513639975,-0.03709994711591677,-0.009966264445501968,-0.04686410674499282,-0.00020210481642591455,0.0432,3.3871615814651435,1.0
shortfall_1,Gikuriro,Lower+Large,upper,0.032402374969818876,0.012714956179592316,0.011429187487229547,0.007358809666985159,0.057445940272652596,-0.010665236111709032,0.07546998605134678,0.6171,3.3871615814651435,1.0
shortfall_1,Gikuriro,Middle+Large,lower,-0.023533105780709367,0.0068880684913152105,0.0007415501513639975,-0.03709994711591677,-0.009966264445501968,-0.04686410674499282,-0.00020210481642591455,0.0432,3.3871615814651435,1.0
shortfall_1,Gikuriro,Middle+Large,upper,0.01997280103828997,0.009650962982905228,0.039537910003707405,0.0009641219454322933,0.03898148013114765,-0.012716570001548858,0.0526621720781288,0.9517,3.3871615814651435,1.0
shortfall_1,Gikuriro,Upper+Large,lower,-0.011927390280085451,0.013084752730269126,0.3628950694987703,-0.03769931232554809,0.013844531765377189,-0.05624756203102418,0.032392781470853275,1.0,3.3871615814651435,1.0
shortfall_1,Gikuriro,Upper+Large,upper,0.011745051460749058,0.01112517012409378,0.2921282061088959,-0.010167247769590134,0.03365735069108825,-0.025937697370845197,0.04942780029234331,1.0,3.3871615814651435,1.0
shortfall_1,Control,Lower,lower,-0.029524611582063102,0.007532253206816954,0.00011484007667004175,-0.04436024863798627,-0.014688974526139932,-0.05503757026606111,-0.0040116528980650885,0.0019,3.3871615814651435,0.18443316313206243
shortfall_1,Control,Lower,upper,0.03332911769900225,0.015057435091993256,0.027779862122122023,0.0036717713665979854,0.06298646403140651,-0.017672847960002375,0.08433108335800688,0.8884,3.3871615814651435,1.0
shortfall_1,Control,Middle,lower,-0.029524611582063102,0.007532253206816954,0.00011484007667004175,-0.04436024863798627,-0.014688974526139932,-0.05503757026606111,-0.0040116528980650885,0.0019,3.3871615814651435,0.18443316313206243
shortfall_1,Control,Middle,upper,0.01833691526033836,0.010503777026524181,0.08209867454479694,-0.0023514789562587117,0.03902530947693543,-0.01724107474418053,0.053914905264857246,0.9974,3.3871615814651435,1.0
shortfall_1,Control,Upper,lower,-0.017823002580903788,0.013511247264224483,0.18834943313097363,-0.04443495455344991,0.008788949391642334,-0.06358778023196099,0.027941775070153406,1.0,3.3871615814651435,1.0
shortfall_1,Control,Upper,upper,0.009849367350920414,0.011369715166067685,0.3871768192996702,-0.012544591402397493,0.03224332610423832,-0.028661695051785632,0.04836042975362646,1.0,3.3871615814651435,1.0
shortfall_1,Control,Control+Large,lower,-0.0071032088681059705,0.0018121548399297573,0.0001148400766700415,-0.010672455779508396,-0.0035339619567035453,-0.01324127012158216,-0.0009651476146297798,0.0019,3.3871615814651435,0.18443316313206243
shortfall_1,Control,Control+Large,upper,0.0036450048311867304,0.0019419852068448902,0.061704038648359306,-0.00017995788656259863,0.007469967548936059,-0.0029328128532119216,0.010222822515585383,0.9909,3.3871615814651435,1.0
shortfall_1,Control,Lower+Large,lower,-0.029524611582063102,0.007532253206816954,0.00011484007667004175,-0.04436024863798627,-0.014688974526139932,-0.05503757026606111,-0.0040116528980650885,0.0019,3.3871615814651435,0.18443316313206243
shortfall_1,Control,Lower+Large,upper,0.030550133319579977,0.01284996378761641,0.018194946328861077,0.005240655039920005,0.05585961159923995,-0.012974770345052646,0.0740750369842126,0.7785,3.3871615814651435,1.0
shortfall_1,Control,Middle+Large,lower,-0.029524611582063102,0.007532253206816954,0.00011484007667004175,-0.04436024863798627,-0.014688974526139932,-0.05503757026606111,-0.0040116528980650885,0.0019,3.3871615814651435,0.18443316313206243
shortfall_1,Control,Middle+Large,upper,0.018120559388051072,0.009828150649613955,0.06641876640820656,-0.0012371111475926073,0.03747822992369475,-0.01516897490917301,0.05141009368527515,0.9932,3.3871615814651435,1.0
shortfall_1,Control,Upper+Large,lower,-0.017918896081439185,0.013435032744390325,0.1835162794299586,-0.04438073481116074,0.00854294264828237,-0.0634255228389643,0.027587730676085935,1.0,3.3871615814651435,1.0
shortfall_1,Control,Upper+Large,upper,0.00989280981051016,0.011279222889194498,0.3812940540567149,-0.01232291401904819,0.03210853364006851,-0.02831174062855172,0.04809736024957204,1.0,3.3871615814651435,1.0
shortfall_1,Lower,Middle,lower,-0.03518135934924115,0.014942385781912128,0.019332807642601764,-0.06461210286293598,-0.005750615835546334,-0.08579363440516491,0.015430915706682605,0.7962,3.3871615814651435,1.0
shortfall_1,Lower,Middle,upper,0.02018915691057726,0.010338175522249415,0.05196386539504711,-0.00017306613971969018,0.04055137996087421,-0.014827914040829303,0.05520622786198382,0.9825,3.3871615814651435,1.0
shortfall_1,Lower,Upper,lower,-0.023479750348081842,0.018684053551595782,0.21005911203316838,-0.06028013790993926,0.013320637213775577,-0.08676565872408445,0.039806158027920764,1.0,3.3871615814651435,1.0
shortfall_1,Lower,Upper,upper,0.011701609001159312,0.011216905289045157,0.29787010839633477,-0.010391373163637281,0.03379459116595591,-0.026291861656827613,0.049695079659146234,1.0,3.3871615814651435,1.0
shortfall_1,Lower,Control+Large,lower,-0.03377474115044997,0.015008843465799648,0.025308963190404887,-0.06333638069892496,-0.004213101601974984,-0.0846121191200307,0.01706263681913075,0.8681,3.3871615814651435,1.0
shortfall_1,Lower,Control+Large,upper,0.02651203099659158,0.006024205823235764,1.6048272997639383e-05,0.014646666318885445,0.03837739567429771,0.006107072473288802,0.046916989519894356,0.0004,3.3871615814651435,0.026495698719104205
shortfall_1,Lower,Lower+Large,lower,-0.00537821909517572,0.0022842614960383954,0.019332807642601764,-0.009877334242469952,-0.0008791039478814877,-0.013115381876577067,0.0023589436862256263,0.7962,3.3871615814651435,1.0
shortfall_1,Lower,Lower+Large,upper,0.0025992347157534463,0.0012008331325902314,0.03138239889314081,0.00023405605929077916,0.004964413372216113,-0.0014681811367066246,0.0066666505682135176,0.9158,3.3871615814651435,1.0
shortfall_1,Lower,Middle+Large,lower,-0.03518135934924115,0.014942385781912128,0.019332807642601764,-0.06461210286293598,-0.005750615835546334,-0.08579363440516491,0.015430915706682605,0.7962,3.3871615814651435,1.0
shortfall_1,Lower,Middle+Large,upper,0.01997280103828997,0.009650962982905228,0.039537910003707405,0.0009641219454322933,0.03898148013114765,-0.012716570001548858,0.0526621720781288,0.9517,3.3871615814651435,1.0
shortfall_1,Lower,Upper+Large,lower,-0.023575643848617236,0.018629013911818454,0.20687256338441096,-0.06026762452384926,0.013116336826614786,-0.0866751240713084,0.03952383637407392,1.0,3.3871615814651435,1.0
shortfall_1,Lower,Upper+Large,upper,0.011745051460749058,0.01112517012409378,0.2921282061088959,-0.010167247769590134,0.03365735069108825,-0.025937697370845197,0.04942780029234331,1.0,3.3871615814651435,1.0
shortfall_1,Middle,Upper,lower,-0.008487547909417947,0.015254403868792978,0.5784412673661953,-0.038532846850917346,0.02155775103208145,-0.06015667864194678,0.04318158282311088,1.0,3.3871615814651435,1.0
shortfall_1,Middle,Upper,upper,0.011701609001159312,0.011216905289045157,0.29787010839633477,-0.010391373163637281,0.03379459116595591,-0.026291861656827613,0.049695079659146234,1.0,3.3871615814651435,1.0
shortfall_1,Middle,Control+Large,lower,-0.018782538711786076,0.010434000309288096,0.07306049826659503,-0.0393334996765467,0.0017684222529745532,-0.05412418370040214,0.016559106276829987,0.9954,3.3871615814651435,1.0
shortfall_1,Middle,Control+Large,upper,0.02651203099659158,0.006024205823235764,1.6048272997639383e-05,0.014646666318885445,0.03837739567429771,0.006107072473288802,0.046916989519894356,0.0004,3.3871615814651435,0.026495698719104205
shortfall_1,Middle,Lower+Large,lower,-0.02018915691057726,0.010338175522249415,0.05196386539504711,-0.04055137996087421,0.00017306613971969018,-0.05520622786198382,0.014827914040829303,0.9825,3.3871615814651435,1.0
shortfall_1,Middle,Lower+Large,upper,0.032402374969818876,0.012714956179592316,0.011429187487229547,0.007358809666985159,0.057445940272652596,-0.010665236111709032,0.07546998605134678,0.6171,3.3871615814651435,1.0
shortfall_1,Middle,Middle+Large,lower,-0.001370844090880926,0.0007019622903490638,0.05196386539504707,-0.002753439375534684,1.1751193772832147e-05,-0.003748503792388555,0.0010068156106267032,0.9825,3.3871615814651435,1.0
shortfall_1,Middle,Middle+Large,upper,0.0011544882185936388,0.0005333676468961947,0.031382398893140755,0.00010395943132951403,0.0022050170058577636,-0.0006521141837696181,0.0029610906209568957,0.9158,3.3871615814651435,1.0
shortfall_1,Middle,Upper+Large,lower,-0.008583441409953343,0.015186939770739623,0.572460440337152,-0.03849586206848172,0.021328979248575033,-0.060024060341427654,0.04285717752152096,1.0,3.3871615814651435,1.0
shortfall_1,Middle,Upper+Large,upper,0.011745051460749058,0.01112517012409378,0.2921282061088959,-0.010167247769590134,0.03365735069108825,-0.025937697370845197,0.04942780029234331,1.0,3.3871615814651435,1.0
shortfall_1,Upper,Control+Large,lower,-0.01029499080236813,0.011305284321448814,0.36337538352922044,-0.032562045613435786,0.011972064008699528,-0.04858781552351979,0.027997833918783525,1.0,3.3871615814651435,1.0
shortfall_1,Upper,Control+Large,upper,0.014810421995432269,0.012732243324101096,0.24586207160724313,-0.010267192322300923,0.03988803631316546,-0.028315743437829013,0.05793658742869355,1.0,3.3871615814651435,1.0
shortfall_1,Upper,Lower+Large,lower,-0.011701609001159312,0.011216905289045157,0.29787010839633477,-0.03379459116595591,0.010391373163637281,-0.049695079659146234,0.026291861656827613,1.0,3.3871615814651435,1.0
shortfall_1,Upper,Lower+Large,upper,0.02070076596865956,0.016955502791494038,0.2232926728043509,-0.012695042511018207,0.054096574448337334,-0.03673026168111404,0.07813179361843316,1.0,3.3871615814651435,1.0
shortfall_1,Upper,Middle+Large,lower,-0.011701609001159312,0.011216905289045157,0.29787010839633477,-0.03379459116595591,0.010391373163637281,-0.049695079659146234,0.026291861656827613,1.0,3.3871615814651435,1.0
shortfall_1,Upper,Middle+Large,upper,0.008271192037130658,0.014797298765680722,0.5766911118907674,-0.020873785948609266,0.037416170022870586,-0.041849649851444674,0.05839203392570599,1.0,3.3871615814651435,1.0
shortfall_1,Upper,Upper+Large,lower,-9.589350053539504e-05,9.192140270914553e-05,0.2978701083963349,-0.0002769432516284714,8.515625055768133e-05,-0.0004072461443061987,0.00021545914323540865,1.0,3.3871615814651435,1.0
shortfall_1,Upper,Upper+Large,upper,4.3442459589747114e-05,0.00011222015446837439,0.6990020696634964,-0.00017758801248010875,0.000264472931659603,-0.0003366653362916146,0.0004235502554711088,1.0,3.3871615814651435,1.0
shortfall_1,Control+Large,Lower+Large,lower,-0.023912796280838134,0.0057614467489711845,4.569415575035802e-05,-0.035260626808814456,-0.012564965752861812,-0.04342774736261058,-0.0043978451990656885,0.0007,3.3871615814651435,0.07439008556158648
shortfall_1,Control+Large,Lower+Large,upper,0.028396522055274247,0.012736506576059759,0.02667776724608127,0.0033105107735782076,0.053482533336970284,-0.014744083701233524,0.07153712781178202,0.8795,3.3871615814651435,1.0
shortfall_1,Control+Large,Middle+Large,lower,-0.02535754277799794,0.005878738629314218,2.325513093909091e-05,-0.03693639312416109,-0.01377869243183479,-0.04526978041068612,-0.005445305145309765,0.0004,3.3871615814651435,0.038277945525744705
shortfall_1,Control+Large,Middle+Large,upper,0.01741169462090515,0.009738947313546702,0.07502739651773041,-0.001770279707808898,0.0365936689496192,-0.015575693563453407,0.0503990828052637,0.996,3.3871615814651435,1.0
shortfall_1,Control+Large,Upper+Large,lower,-0.014766979535842521,0.012641881087805874,0.243892734446569,-0.03966661505965729,0.010132655987972248,-0.05758707347390936,0.028053114402224313,1.0,3.3871615814651435,1.0
shortfall_1,Control+Large,Upper+Large,upper,0.010199097301832735,0.01121408738135311,0.3639782843652186,-0.01188833467039486,0.03228652927406033,-0.027784828647479574,0.04818302325114505,1.0,3.3871615814651435,1.0
shortfall_1,Lower+Large,Middle+Large,lower,-0.031247886751225237,0.012675709866166042,0.014375517011761707,-0.05621415193604802,-0.006281621566402457,-0.07418256422770153,0.011686790725251056,0.701,3.3871615814651435,1.0
shortfall_1,Lower+Large,Middle+Large,upper,0.018818312819696332,0.009636213231900349,0.05196386539504708,-0.00016131494594685478,0.037797940585339515,-0.013821098430202596,0.051457724069595256,0.9825,3.3871615814651435,1.0
shortfall_1,Lower+Large,Upper+Large,lower,-0.02065732350906982,0.016890379500669687,0.22248658034678837,-0.053924864194233854,0.012610217176094216,-0.07786776805010459,0.03655312103196496,1.0,3.3871615814651435,1.0
shortfall_1,Lower+Large,Upper+Large,upper,0.011605715500623916,0.011124983886336013,0.2978701083963349,-0.010306216913079605,0.03351764791432744,-0.026076402513592212,0.04928783351484005,1.0,3.3871615814651435,1.0
shortfall_1,Middle+Large,Upper+Large,lower,-0.008227749577540912,0.014725550189022907,0.5768455624668594,-0.037231410508032206,0.020775911352950385,-0.05810556744373608,0.04165006828865426,1.0,3.3871615814651435,1.0
shortfall_1,Middle+Large,Upper+Large,upper,0.011605715500623916,0.011124983886336013,0.2978701083963349,-0.010306216913079605,0.03351764791432744,-0.026076402513592212,0.04928783351484005,1.0,3.3871615814651435,1.0
shortfall_2,Gikuriro,Control,lower,-0.01693763623357879,0.00882896339577475,0.05621088570069576,-0.03432729281086972,0.0004520203437121395,-0.046842761851909054,0.012967489384751476,0.9871,3.3871615814651435,1.0
shortfall_2,Gikuriro,Control,upper,0.03426783947895478,0.010203130503922275,0.0009073270064029069,0.014171603089368962,0.0543640758685406,-0.00029181217460583914,0.0688274911325154,0.0551,3.3871615814651435,1.0
shortfall_2,Gikuriro,Lower,lower,-0.029583770795855852,0.008346558977894696,0.0004704654298061624,-0.046023276513724634,-0.013144265077987074,-0.057854914703213745,-0.00131262688849796,0.0229,3.3871615814651435,0.7249872273312963
shortfall_2,Gikuriro,Lower,upper,0.02913069433409466,0.016092399832193387,0.07147776875603586,-0.0025651338217022035,0.060826522489891524,-0.025376864131086904,0.08363825279927622,0.9951,3.3871615814651435,1.0
shortfall_2,Gikuriro,Middle,lower,-0.01581463886177967,0.01182967236211766,0.18249768951854836,-0.03911453609519033,0.0074852583716309914,-0.05588365060806462,0.02425437288450528,1.0,3.3871615814651435,1.0
shortfall_2,Gikuriro,Middle,upper,0.027907623829506956,0.014807381005008766,0.060643062481353,-0.0012572122835787757,0.05707245994259269,-0.022247368232775462,0.07806261589178937,0.99,3.3871615814651435,1.0
shortfall_2,Gikuriro,Upper,lower,-0.015115602225517135,0.013627286075734808,0.2684158561222992,-0.04195610595338792,0.011724901502353651,-0.061273422080880977,0.031042217629846703,1.0,3.3871615814651435,1.0
shortfall_2,Gikuriro,Upper,upper,0.00841750355519223,0.012266982647925983,0.49323574745421905,-0.015743726469739913,0.03257873358012438,-0.03313274879036221,0.049967755900746674,1.0,3.3871615814651435,1.0
shortfall_2,Gikuriro,Control+Large,lower,-0.018007029717133454,0.008440047624546079,0.033867609240353,-0.03463067205288892,-0.001383387381377995,-0.04659483477673208,0.010580775342465171,0.9288,3.3871615814651435,1.0
shortfall_2,Gikuriro,Control+Large,upper,0.03063148886137631,0.008614029554354188,0.0004512003505038823,0.013665169149535538,0.047597808573217076,0.001454378893262491,0.05980859882949013,0.0219,3.3871615814651435,0.6962021408274903
shortfall_2,Gikuriro,Lower+Large,lower,-0.028330045702027302,0.008167734520802432,0.0006172444823035792,-0.04441733613061952,-0.012242755273435085,-0.05599548227849591,-0.000664609125558692,0.0339,3.3871615814651435,0.943149568959869
shortfall_2,Gikuriro,Lower+Large,upper,0.027605435048500937,0.013919078912227887,0.04844362017321468,0.00019021184441660177,0.05502065825258527,-0.019540734292379,0.07475160438938087,0.9764,3.3871615814651435,1.0
shortfall_2,Gikuriro,Middle+Large,lower,-0.01619270276252499,0.011358549286828161,0.1552474865274523,-0.03856466903533814,0.006179263510288156,-0.05466594452804764,0.02228053900299766,1.0,3.3871615814651435,1.0
shortfall_2,Gikuriro,Middle+Large,upper,0.027313204056474347,0.013911504116956392,0.050727035980190315,-8.709971907576095e-05,0.05471350783202446,-0.01980730822887452,0.07443371634182322,0.9806,3.3871615814651435,1.0
shortfall_2,Gikuriro,Upper+Large,lower,-0.015166959546582644,0.013548791353839433,0.26404299693157196,-0.0418528589120043,0.011518939818839006,-0.06105890509559468,0.03072498600242939,1.0,3.3871615814651435,1.0
shortfall_2,Gikuriro,Upper+Large,upper,0.008505482194251865,0.012179857415000717,0.48563175209477427,-0.015484144686361898,0.03249510907486563,-0.03274966290956192,0.04976062729806565,1.0,3.3871615814651435,1.0
shortfall_2,Control,Lower,lower,-0.040318504494101265,0.009970074544434642,7.0287498156093e-05,-0.059955710427096846,-0.020681298561105683,-0.07408875795535388,-0.006548251032848652,0.0013,3.3871615814651435,0.11393603451102674
shortfall_2,Control,Lower,upper,0.022535224786964087,0.016203376023938593,0.16554581563731685,-0.00937918371356818,0.05444963328749636,-0.03234822797135414,0.07741867754528232,1.0,3.3871615814651435,1.0
shortfall_2,Control,Middle,lower,-0.026549372560025087,0.013026069547072115,0.04259810170594802,-0.052205711341981764,-0.0008930337780684063,-0.07067077488736082,0.017572029767310638,0.9613,3.3871615814651435,1.0
shortfall_2,Control,Middle,upper,0.021312154282376383,0.01492791326480244,0.15464954146253954,-0.00809008394807455,0.05071439251282732,-0.029251100019606343,0.0718754085843591,1.0,3.3871615814651435,1.0
shortfall_2,Control,Upper,lower,-0.02585033592376255,0.014677883547706218,0.07944593700691134,-0.054760111934186464,0.0030594400866613657,-0.07556669917377236,0.023866027326247253,0.9968,3.3871615814651435,1.0
shortfall_2,Control,Upper,upper,0.0018220340080616557,0.012412208727639389,0.8834146016625383,-0.022625235446311436,0.026269303462434748,-0.04022012253532483,0.04386419055144814,1.0,3.3871615814651435,1.0
shortfall_2,Control,Control+Large,lower,-0.007726978900212918,0.0028245551331159057,0.006677449247262839,-0.013290264367226648,-0.002163693433199187,-0.017294203531833276,0.0018402457314074415,0.4317,3.3871615814651435,1.0
shortfall_2,Control,Control+Large,upper,0.0030212347990797826,0.002686960033665882,0.26193222357399826,-0.002271041329816273,0.008313510927975838,-0.006079932997885581,0.012122402596045146,1.0,3.3871615814651435,1.0
shortfall_2,Control,Lower+Large,lower,-0.03906477940027272,0.009820856727007925,9.145422946121097e-05,-0.058408083718328396,-0.01972147508221704,-0.07232960800306748,-0.005799950797477964,0.0015,3.3871615814651435,0.14733276366201087
shortfall_2,Control,Lower+Large,upper,0.021009965501370364,0.01404723531442388,0.13601741250052052,-0.006657676443450399,0.04867760744619112,-0.026570290281446637,0.06859022128418736,0.9999,3.3871615814651435,1.0
shortfall_2,Control,Middle+Large,lower,-0.026927436460770407,0.012599761170411668,0.03356926645860794,-0.05174411197379845,-0.002110760947742367,-0.0696048634328251,0.015749990511284284,0.9269,3.3871615814651435,1.0
shortfall_2,Control,Middle+Large,upper,0.020717734509343774,0.014039729662997963,0.1413113472729521,-0.006935124193681242,0.04837059321236879,-0.02683709841931949,0.06827256743800704,0.9999,3.3871615814651435,1.0
shortfall_2,Control,Upper+Large,lower,-0.02590169324482806,0.014605036350519063,0.07738189965122727,-0.05466798834079842,0.0028646018511422934,-0.07537131126720811,0.023567924777551996,0.9966,3.3871615814651435,1.0
shortfall_2,Control,Upper+Large,upper,0.001910012647121289,0.012326110045903298,0.8769820466088799,-0.02236767557330257,0.026187700867545148,-0.039840513749273915,0.043660539043516494,1.0,3.3871615814651435,1.0
shortfall_2,Lower,Middle,lower,-0.021412227415164967,0.018014992315409633,0.23574718537251502,-0.05689482209410898,0.014070367263779051,-0.08243191727631026,0.03960746244598033,1.0,3.3871615814651435,1.0
shortfall_2,Lower,Middle,upper,0.03395828884465345,0.014647765924160887,0.021248928901524407,0.005107832949955468,0.06280874473935143,-0.015656061147958582,0.08357263883726548,0.822,3.3871615814651435,1.0
shortfall_2,Lower,Upper,lower,-0.02071319077890243,0.019243225449989756,0.2828036601742709,-0.058614931562520456,0.017188550004715596,-0.08589310472658003,0.04446672316877516,1.0,3.3871615814651435,1.0
shortfall_2,Lower,Upper,upper,0.014468168570338717,0.01207383027982552,0.23194560438828046,-0.009312625700384165,0.0382489628410616,-0.026427845494616825,0.05536418263529426,1.0,3.3871615814651435,1.0
shortfall_2,Lower,Control+Large,lower,-0.02360461827051875,0.01599478677050193,0.1412794190998285,-0.0551081862997095,0.007898949758671999,-0.07778154552328982,0.030572308982252324,0.9999,3.3871615814651435,1.0
shortfall_2,Lower,Control+Large,upper,0.036682153876522794,0.008336667170086727,1.6104528561890335e-05,0.02026213120926803,0.05310217654377756,0.008444515120543294,0.06491979263250229,0.0004,3.3871615814651435,0.02654026306999527
shortfall_2,Lower,Lower+Large,lower,-0.00412449400134717,0.002615378604437364,0.116071691935401,-0.00927578229103763,0.0010267942883432895,-0.012983203931283332,0.004734215928588992,0.9997,3.3871615814651435,1.0
shortfall_2,Lower,Lower+Large,upper,0.003852959809581996,0.001649646954128195,0.020311826640155687,0.0006037908278879655,0.0071021287912760266,-0.0017346609764220173,0.00944058059558601,0.8105,3.3871615814651435,1.0
shortfall_2,Lower,Middle+Large,lower,-0.021790291315910287,0.017709190885823164,0.2196987916511391,-0.05667057498698466,0.013089992355164087,-0.08177418232320319,0.038193599691382606,1.0,3.3871615814651435,1.0
shortfall_2,Lower,Middle+Large,upper,0.03336386907162084,0.013741486860511458,0.01589894564659849,0.006298433793000453,0.06042930435024123,-0.01318076729451164,0.07990850543775332,0.7351,3.3871615814651435,1.0
shortfall_2,Lower,Upper+Large,lower,-0.02076454809996794,0.01918771865228099,0.28022831221297145,-0.05855696187580581,0.01702786567586993,-0.08575645155493625,0.04422735535500036,1.0,3.3871615814651435,1.0
shortfall_2,Lower,Upper+Large,upper,0.014556147209398351,0.011985301038825112,0.22571669650432413,-0.009050278561984954,0.038162572980781656,-0.02604000401160434,0.055152298430401044,1.0,3.3871615814651435,1.0
shortfall_2,Middle,Upper,lower,-0.019490120274314727,0.018182269538961578,0.28479769634202395,-0.05530218664097275,0.016321946092343293,-0.08107640512052933,0.04209616457189988,1.0,3.3871615814651435,1.0
shortfall_2,Middle,Upper,upper,0.0006990366362625358,0.014698757738312697,0.9621073086137308,-0.028251853487982412,0.029649926760507483,-0.04908803087021372,0.05048610414273879,1.0,3.3871615814651435,1.0
shortfall_2,Middle,Control+Large,lower,-0.022381547765931046,0.014701238169016246,0.1291815636476898,-0.05133732338308891,0.00657422785122682,-0.07217701689199184,0.02741392136012975,0.9999,3.3871615814651435,1.0
shortfall_2,Middle,Control+Large,upper,0.022913021942446616,0.011822695163471725,0.053756253722960494,-0.000373132897561166,0.0461991767824544,-0.017132356904638577,0.06295840078953181,0.9849,3.3871615814651435,1.0
shortfall_2,Middle,Lower+Large,lower,-0.032704563750824894,0.014546610842386688,0.02544201228558087,-0.06135578310389864,-0.004053344397751148,-0.0819762851366814,0.016567157635031603,0.8694,3.3871615814651435,1.0
shortfall_2,Middle,Lower+Large,upper,0.019886968129571244,0.016103272137361322,0.21801721325890366,-0.011830274278907236,0.05160421053804973,-0.03465741658997712,0.0744313528491196,1.0,3.3871615814651435,1.0
shortfall_2,Middle,Middle+Large,lower,-0.0017489079916262458,0.0010799936872683462,0.10664402457908877,-0.0038760794935747654,0.000378263510322274,-0.005407021117366469,0.0019092051341139773,0.9995,3.3871615814651435,1.0
shortfall_2,Middle,Middle+Large,upper,0.0007764243178483192,0.0009278323700174153,0.4035052792483863,-0.0010510480084746448,0.0026038966441712832,-0.002366293839914421,0.00391914247561106,1.0,3.3871615814651435,1.0
shortfall_2,Middle,Upper+Large,lower,-0.019541477595380236,0.018123513647949407,0.2819790147137546,-0.05523781749214675,0.016154862301386273,-0.08092874674487366,0.04184579155411319,1.0,3.3871615814651435,1.0
shortfall_2,Middle,Upper+Large,upper,0.0007870152753221692,0.014626125338408603,0.957130937928806,-0.0280208170023673,0.02959484755301164,-0.04875403455662932,0.05032806510727366,1.0,3.3871615814651435,1.0
shortfall_2,Upper,Control+Large,lower,-0.00289142749161632,0.01213864633141451,0.8119233420182241,-0.026799884413921598,0.02101702943068896,-0.04400698399637635,0.03822412901314371,1.0,3.3871615814651435,1.0
shortfall_2,Upper,Control+Large,upper,0.02221398530618408,0.013621229699378947,0.10419943930458984,-0.004614589693453262,0.04904256030582142,-0.023923320623864295,0.06835129123623246,0.9995,3.3871615814651435,1.0
shortfall_2,Upper,Lower+Large,lower,-0.013214443476510167,0.01195090867076076,0.2699204876219201,-0.03675312953228824,0.010324242579267898,-0.053694102189709686,0.027265215236689348,1.0,3.3871615814651435,1.0
shortfall_2,Upper,Lower+Large,upper,0.019187931493308708,0.017466457887184303,0.27303021956705315,-0.015214261682076683,0.0535901246686941,-0.0399737836264408,0.07834964661305822,1.0,3.3871615814651435,1.0
shortfall_2,Upper,Middle+Large,lower,-0.001077100537007856,0.014322324279105734,0.9401130270403576,-0.029286561765654088,0.027132360691638376,-0.049589127092480256,0.04743492601846454,1.0,3.3871615814651435,1.0
shortfall_2,Upper,Middle+Large,upper,0.018895700501282118,0.01746042210704112,0.2802182408727717,-0.015494604512474214,0.053286005515038454,-0.040245570455852225,0.07803697145841647,1.0,3.3871615814651435,1.0
shortfall_2,Upper,Upper+Large,lower,-5.135732106550813e-05,0.00011122441051157225,0.6446705653749536,-0.00027042656114566194,0.0001677119190146457,-0.00042809237127141355,0.00032537772914039727,1.0,3.3871615814651435,1.0
shortfall_2,Upper,Upper+Large,upper,8.797863905963405e-05,0.00012495148965117894,0.4820323020988029,-0.00015812765863945757,0.00033408493675872567,-0.0003352522462336787,0.0005112095243529468,1.0,3.3871615814651435,1.0
shortfall_2,Control+Large,Lower+Large,lower,-0.0328291940669408,0.007759074962156546,3.280076919432626e-05,-0.048111582598977395,-0.017546805534904203,-0.05911043468646556,-0.006547953447416037,0.0005,3.3871615814651435,0.053563656094334784
shortfall_2,Control+Large,Lower+Large,upper,0.019480124269171582,0.0136220289067964,0.15396759972520632,-0.007350024861187625,0.04631027339953079,-0.02665988870553681,0.06562013724387997,1.0,3.3871615814651435,1.0
shortfall_2,Control+Large,Middle+Large,lower,-0.022136597624598298,0.011214074949374039,0.04949588891644391,-0.04422400511061648,-4.919013858011717e-05,-0.06012048146478872,0.015847286215592123,0.9793,3.3871615814651435,1.0
shortfall_2,Control+Large,Middle+Large,upper,0.0206326397743048,0.013727118320800084,0.13410182416376276,-0.006404495016489629,0.04766977456509923,-0.02586332802613556,0.06712860757474516,0.9999,3.3871615814651435,1.0
shortfall_2,Control+Large,Upper+Large,lower,-0.022126006667124446,0.013528023685929121,0.10320361667607017,-0.0487710017273992,0.0045189883931503055,-0.06794760876925404,0.023695595435005153,0.9994,3.3871615814651435,1.0
shortfall_2,Control+Large,Upper+Large,upper,0.0028400701705508114,0.012041734792237278,0.8137427715585528,-0.02087750835424347,0.02655764869534509,-0.03794723129190745,0.04362737163300907,1.0,3.3871615814651435,1.0
shortfall_2,Lower+Large,Middle+Large,lower,-0.019110543811722926,0.015700467832579303,0.22469137794296995,-0.050034416918051404,0.011813329294605553,-0.07229056526526485,0.034069477641819,1.0,3.3871615814651435,1.0
shortfall_2,Lower+Large,Middle+Large,upper,0.030955655759198644,0.013584777508619486,0.02353901144845556,0.004198877532339891,0.057712433986057396,-0.015058180710749044,0.07696949222914633,0.8492,3.3871615814651435,1.0
shortfall_2,Lower+Large,Upper+Large,lower,-0.019099952854249078,0.017398066226066086,0.2733519378340467,-0.053367440804764535,0.01516753509626638,-0.07803001436696638,0.03983010865846823,1.0,3.3871615814651435,1.0
shortfall_2,Lower+Large,Upper+Large,upper,0.01316308615544466,0.01185569436760384,0.26796005183235344,-0.01018806440393104,0.03651423671482036,-0.026994066328095756,0.05332023863898508,1.0,3.3871615814651435,1.0
shortfall_2,Middle+Large,Upper+Large,lower,-0.018807721862222484,0.01739607314631136,0.2806859301971408,-0.05307128421344477,0.015455840488999808,-0.07773103249176579,0.04011558876732081,1.0,3.3871615814651435,1.0
shortfall_2,Middle+Large,Upper+Large,upper,0.0010257432159423473,0.014245577408868148,0.9426567335658256,-0.0270325562446698,0.029084042676554494,-0.04722632928916361,0.04927781572104831,1.0,3.3871615814651435,1.0
shortfall_3,Gikuriro,Control,lower,-0.01411097397405301,0.01189527976263512,0.23665681575764322,-0.03754009251157208,0.009318144563466059,-0.0544022085868305,0.02618026063872448,1.0,3.3871615814651435,1.0
shortfall_3,Gikuriro,Control,upper,0.037384514429066075,0.013224455180989227,0.005084675879968792,0.011337432375329862,0.06343159648280229,-0.007408852095788301,0.08217788095392045,0.3439,3.3871615814651435,1.0
shortfall_3,Gikuriro,Lower,lower,-0.037924059339685484,0.01223606115263703,0.0021639481839293207,-0.06202438593124418,-0.013823732748126791,-0.07936957558435573,0.00352145690498476,0.1546,3.3871615814651435,1.0
shortfall_3,Gikuriro,Lower,upper,0.021080418480850537,0.017479277057650913,0.2289623912765431,-0.013347023521835102,0.055507860483536176,-0.03812471724060973,0.0802855542023108,1.0,3.3871615814651435,1.0
shortfall_3,Gikuriro,Middle,lower,0.0032697232466265894,0.01731471160117821,0.8503726964244747,-0.030833588204796945,0.037373034698050124,-0.05537800268303307,0.06191744917628625,1.0,3.3871615814651435,1.0
shortfall_3,Gikuriro,Middle,upper,0.047281998628498724,0.017976899820487037,0.009070767475111033,0.011874431489615991,0.08268956576738146,-0.013608665797302605,0.10817266305430005,0.5398,3.3871615814651435,1.0
shortfall_3,Gikuriro,Upper,lower,-0.019283509194888193,0.01595403283204374,0.22793707255377688,-0.050706807665559864,0.012139789275783477,-0.07332239627302028,0.0347553778832439,1.0,3.3871615814651435,1.0
shortfall_3,Gikuriro,Upper,upper,0.004539609276406682,0.014932841970218543,0.7613825419606899,-0.02487233660495576,0.033951555157769125,-0.046040339347207825,0.05511955790002119,1.0,3.3871615814651435,1.0
shortfall_3,Gikuriro,Control+Large,lower,-0.01834340206039466,0.011187521840966809,0.10235497209003798,-0.04037851015229798,0.0036917060315086597,-0.05623734623191963,0.019550542111130307,0.9994,3.3871615814651435,1.0
shortfall_3,Gikuriro,Control+Large,upper,0.030585129208700615,0.011555490359139725,0.008647922033713026,0.007825264893960997,0.05334499352344023,-0.008555183790768313,0.06972544220816954,0.5204,3.3871615814651435,1.0
shortfall_3,Gikuriro,Lower+Large,lower,-0.036973058756785346,0.011618877292380222,0.0016491625482651104,-0.05985777091052126,-0.014088346603049428,-0.07632807354129338,0.0023819560277226898,0.1116,3.3871615814651435,1.0
shortfall_3,Gikuriro,Lower+Large,upper,0.019252434684328405,0.015456260627916232,0.21408878868093123,-0.01119044430837363,0.04969531367703044,-0.033100417507661774,0.07160528687631859,1.0,3.3871615814651435,1.0
shortfall_3,Gikuriro,Middle+Large,lower,0.0008950655780952418,0.016512254846810206,0.9568147472012904,-0.0316277152095286,0.033417846365719074,-0.0550346096623819,0.056824740818572375,1.0,3.3871615814651435,1.0
shortfall_3,Gikuriro,Middle+Large,upper,0.04469098508768009,0.01700049352740918,0.009105795255975043,0.011206562190697301,0.07817540798466288,-0.012892433454307128,0.1022744036296673,0.5409,3.3871615814651435,1.0
shortfall_3,Gikuriro,Upper+Large,lower,-0.019385286771662767,0.015869555354705925,0.22304646097329311,-0.05064219715648921,0.01187162361316368,-0.07313803498405712,0.03436746144073159,1.0,3.3871615814651435,1.0
shortfall_3,Gikuriro,Upper+Large,upper,0.0045771676597572515,0.014842649768055724,0.758053559619059,-0.02465713432942283,0.03381146964893733,-0.04569728540174362,0.05485162072125812,1.0,3.3871615814651435,1.0
shortfall_3,Control,Lower,lower,-0.051485455297456684,0.0133154865356286,0.00014118479139903326,-0.07771183405047492,-0.02525907654443844,-0.09658715972945428,-0.006383750865459087,0.0035,3.3871615814651435,0.225048557490059
shortfall_3,Control,Lower,upper,0.011368273983608672,0.01731235343345667,0.5120129610408912,-0.022730392785875318,0.04546694075309266,-0.04727146445094192,0.07000801241815927,1.0,3.3871615814651435,1.0
shortfall_3,Control,Middle,lower,-0.01029167271114461,0.01809365156571246,0.5700085470795349,-0.04592919581011673,0.02534585038782751,-0.07157779416294249,0.050994448740653266,1.0,3.3871615814651435,1.0
shortfall_3,Control,Middle,upper,0.03756985413125686,0.01781463954456065,0.03595742110439324,0.00248187722601885,0.07265783103649487,-0.022771208521728675,0.0979109167842424,0.9373,3.3871615814651435,1.0
shortfall_3,Control,Upper,lower,-0.03284490515265939,0.016796194591494916,0.05165198447038834,-0.06592693785099721,0.00023712754567841582,-0.0897363301877836,0.02404651988246482,0.9819,3.3871615814651435,1.0
shortfall_3,Control,Upper,upper,-0.005172535220835182,0.014737103658939153,0.7258971083003674,-0.03419895203614708,0.023853881594476718,-0.05508948655646328,0.04474441611479291,1.0,3.3871615814651435,1.0
shortfall_3,Control,Control+Large,lower,-0.010890013502999906,0.0035324136370331253,0.0022827162065100453,-0.017847507523910948,-0.003932519482088865,-0.022854869264202066,0.0010748422582022542,0.1649,3.3871615814651435,1.0
shortfall_3,Control,Control+Large,upper,-0.00014179980370720643,0.003344262271089924,0.9662133485920957,-0.0067287081180486315,0.006445108510634219,-0.011469356486686367,0.011185756879271954,1.0,3.3871615814651435,1.0
shortfall_3,Control,Lower+Large,lower,-0.050534454714556545,0.01275065875493585,9.681980691578088e-05,-0.07564834033658493,-0.025420569092528163,-0.09372299618764743,-0.0073459132414656556,0.0015,3.3871615814651435,0.15587892636105402
shortfall_3,Control,Lower+Large,upper,0.00954029018708654,0.015267234443240558,0.5326223208209967,-0.020530280043162288,0.03961086041733537,-0.042172299774279255,0.061252880148452336,1.0,3.3871615814651435,1.0
shortfall_3,Control,Middle+Large,lower,-0.012666330379675957,0.017327306463367026,0.4654695762525367,-0.04679444885750608,0.021461788098154164,-0.07135671714266542,0.0460240563833135,1.0,3.3871615814651435,1.0
shortfall_3,Control,Middle+Large,upper,0.03497884059043822,0.016828821560711815,0.03869516424158534,0.0018325453321138968,0.06812513584876255,-0.02202309726133711,0.09198077844221356,0.9491,3.3871615814651435,1.0
shortfall_3,Control,Upper+Large,lower,-0.03294668272943396,0.01671597368703089,0.04984378873453294,-0.06587071115066528,-2.2654308202647855e-05,-0.08956638659892724,0.023673021140059307,0.9797,3.3871615814651435,1.0
shortfall_3,Control,Upper+Large,upper,-0.005134976837484613,0.0146457060971454,0.726177437379642,-0.033981375666499766,0.023711421991530538,-0.05474234986316533,0.044472396188196095,1.0,3.3871615814651435,1.0
shortfall_3,Lower,Middle,lower,0.006012423237070928,0.02140138169851511,0.7789945056387607,-0.03614005393763361,0.048164900411775464,-0.0664775146424107,0.07850236111655254,1.0,3.3871615814651435,1.0
shortfall_3,Lower,Middle,upper,0.06138293949688933,0.018043971126177866,0.0007805596411269194,0.025843267724668537,0.09692261126911013,0.00026509372123333097,0.12250078527254533,0.0462,3.3871615814651435,1.0
shortfall_3,Lower,Upper,lower,-0.016540809204443854,0.02031627584916812,0.4163344134206068,-0.05655604588733888,0.023474427478451174,-0.08535531823919425,0.05227369983030654,1.0,3.3871615814651435,1.0
shortfall_3,Lower,Upper,upper,0.01864055014479729,0.015013518446854293,0.2155676685115862,-0.010930297315343125,0.04821139760493771,-0.0322126627410058,0.06949376303060038,1.0,3.3871615814651435,1.0
shortfall_3,Lower,Control+Large,lower,-0.01560070206995032,0.01683391058891759,0.3549648278812148,-0.04875702075331828,0.017555616613417643,-0.07261987728255125,0.0414184731426506,1.0,3.3871615814651435,1.0
shortfall_3,Lower,Control+Large,upper,0.044686070077091224,0.011659559352166138,0.0001609391594319941,0.021721229938129718,0.06765091021605273,0.005193258582621464,0.08417888157156098,0.0041,3.3871615814651435,0.2563760809751666
shortfall_3,Lower,Lower+Large,lower,-0.0044272185122755745,0.0028444568773070646,0.1208845102971974,-0.010029702748302095,0.0011752657237509463,-0.014061853567224376,0.005207416542673227,0.9999,3.3871615814651435,1.0
shortfall_3,Lower,Lower+Large,upper,0.0035502352986535894,0.002169732806038624,0.10305984444898143,-0.0007233024509252827,0.007823773048232462,-0.0037990003040049994,0.010899470901312179,0.9994,3.3871615814651435,1.0
shortfall_3,Lower,Middle+Large,lower,0.0036377655685395807,0.020757515768982795,0.8610263612405861,-0.03724654377099832,0.044522074908077476,-0.06667129437081584,0.073946825507895,1.0,3.3871615814651435,1.0
shortfall_3,Lower,Middle+Large,upper,0.0587919259560707,0.017071401436964548,0.0006734783956013367,0.025167841794168457,0.09241601011797293,0.0009683308670155391,0.11661552104512585,0.0382,3.3871615814651435,1.0
shortfall_3,Lower,Upper+Large,lower,-0.016642586781218428,0.020250004640237438,0.41195149610101844,-0.05652729471315976,0.0232421211507229,-0.08523262452312155,0.051947450960684705,1.0,3.3871615814651435,1.0
shortfall_3,Lower,Upper+Large,upper,0.01867810852814786,0.014923813821663629,0.21191276380539664,-0.010716055378608837,0.048072272434904556,-0.03187126029752968,0.06922747735382541,1.0,3.3871615814651435,1.0
shortfall_3,Middle,Upper,lower,-0.04274238935209204,0.020745960211019328,0.040419812865207294,-0.08360393869416072,-0.0018808400100233658,-0.11301230874946121,0.027527530045277124,0.9542,3.3871615814651435,1.0
shortfall_3,Middle,Upper,upper,-0.022553232441514783,0.019377403888419534,0.24559024762041717,-0.060719253057291554,0.01561278817426199,-0.08818763044090272,0.04308116555787315,1.0,3.3871615814651435,1.0
shortfall_3,Middle,Control+Large,lower,-0.041802282217598505,0.017350053210678545,0.016713567400645012,-0.07597520302456581,-0.00762936141063119,-0.10056971588918484,0.016965151453987824,0.7504,3.3871615814651435,1.0
shortfall_3,Middle,Control+Large,upper,0.0034922874907791484,0.01691222544751539,0.8365744995049258,-0.029818281293633127,0.03680285627519143,-0.053792152802122115,0.060776727783680415,1.0,3.3871615814651435,1.0
shortfall_3,Middle,Lower+Large,lower,-0.06043193891398919,0.017631279335506435,0.0007133685406594091,-0.09515876684596053,-0.025705110982017845,-0.12015193091129686,-0.0007119469166815065,0.0413,3.3871615814651435,1.0
shortfall_3,Middle,Lower+Large,upper,-0.00784040703359306,0.01978357916923754,0.6922193671852427,-0.04680643647565968,0.03112562240847356,-0.07485058633950856,0.05916977227232243,1.0,3.3871615814651435,1.0
shortfall_3,Middle,Middle+Large,lower,-0.0037455017594122766,0.001295200001607412,0.0041713921771058425,-0.006296546793491629,-0.001194456725332924,-0.008132553445170495,0.0006415499263459413,0.2891,3.3871615814651435,1.0
shortfall_3,Middle,Middle+Large,upper,-0.0012201694499377118,0.0012730574575380306,0.338770131072714,-0.003727602202500715,0.0012872633026252914,-0.0055322207611082225,0.0030918818612327985,1.0,3.3871615814651435,1.0
shortfall_3,Middle,Upper+Large,lower,-0.04284416692886661,0.020681065945142744,0.039335266865280466,-0.083577899567338,-0.002110434290395237,-0.11289427896200123,0.027205945104268006,0.951,3.3871615814651435,1.0
shortfall_3,Middle,Upper+Large,upper,-0.022515674058164212,0.01930798446976226,0.24468550312055967,-0.060544965162657366,0.015513617046328945,-0.08791493726966858,0.04288358915334016,1.0,3.3871615814651435,1.0
shortfall_3,Upper,Control+Large,lower,0.0009401071344935334,0.014171986048718454,0.9471643055731825,-0.026973245697313773,0.02885345996630084,-0.04706269954278561,0.04894291381177268,1.0,3.3871615814651435,1.0
shortfall_3,Upper,Control+Large,upper,0.026045519932293933,0.015516291288885415,0.09449625918083325,-0.004515596336016409,0.05660663620060427,-0.02651066580824102,0.07860170567282888,0.9983,3.3871615814651435,1.0
shortfall_3,Upper,Lower+Large,lower,-0.01768954956189715,0.014514918296647415,0.2241150477031022,-0.0462783468092535,0.010899247685459204,-0.06685392317440675,0.03147482405061246,1.0,3.3871615814651435,1.0
shortfall_3,Upper,Lower+Large,upper,0.014712825407921723,0.018604352461707552,0.4298035875396478,-0.02193058171128765,0.0513562325271311,-0.04830312249841057,0.07772877331425401,1.0,3.3871615814651435,1.0
shortfall_3,Upper,Middle+Large,lower,0.020178574772983435,0.01866384482760635,0.2806810628568689,-0.01658200938792097,0.056939158933887846,-0.04303888338951173,0.08339603293547859,1.0,3.3871615814651435,1.0
shortfall_3,Upper,Middle+Large,upper,0.040151375811273406,0.019905846329579955,0.0447707323132057,0.0009445271661220056,0.0793582244564248,-0.027272942122828762,0.10757569374537557,0.9678,3.3871615814651435,1.0
shortfall_3,Upper,Upper+Large,lower,-0.00010177757677456989,0.00013307074846084552,0.4450980806055006,-0.00036387568642633254,0.00016032053287719277,-0.0005525097035779577,0.0003489545500288179,1.0,3.3871615814651435,1.0
shortfall_3,Upper,Upper+Large,upper,3.755838335057219e-05,0.0001434123550962968,0.7936238619668473,-0.0002449087073226765,0.0003200254740238209,-0.00044820243613904125,0.0005233192028401856,1.0,3.3871615814651435,1.0
shortfall_3,Control+Large,Lower+Large,lower,-0.04113583477843764,0.010575201125650502,0.00012902656447439487,-0.06196490695454958,-0.020306762602325692,-0.07695574974750796,-0.0053159198093673185,0.0031,3.3871615814651435,0.2059263969011342
shortfall_3,Control+Large,Lower+Large,upper,0.011173483557674745,0.014439725419451804,0.4397880624967968,-0.01726721268927245,0.03961417980462194,-0.03773619962999806,0.06008316674534755,1.0,3.3871615814651435,1.0
shortfall_3,Control+Large,Middle+Large,lower,-0.004712456940716858,0.015951909648055363,0.7679239294685586,-0.03613157355687705,0.026706659675443337,-0.05874415245161314,0.049319238570179426,1.0,3.3871615814651435,1.0
shortfall_3,Control+Large,Middle+Large,upper,0.03805678045818624,0.016231308612369436,0.019837514143621702,0.006087355519330123,0.07002620539704235,-0.01692128449053583,0.0930348454069083,0.8028,3.3871615814651435,1.0
shortfall_3,Control+Large,Upper+Large,lower,-0.026007961548943363,0.015411463436490393,0.09275562474654823,-0.05636260733242229,0.004346684234535568,-0.07820907841517839,0.02619315531729167,0.9982,3.3871615814651435,1.0
shortfall_3,Control+Large,Upper+Large,upper,-0.001041884711268106,0.01406300553805065,0.9410011897720979,-0.0287405879212367,0.026656818498700486,-0.04867555678968482,0.046591787367148606,1.0,3.3871615814651435,1.0
shortfall_3,Lower+Large,Middle+Large,lower,0.006620237583655351,0.019013452540981465,0.7279962944496577,-0.030828939088038566,0.04406941425534927,-0.05778139839416788,0.07102187356147857,1.0,3.3871615814651435,1.0
shortfall_3,Lower+Large,Middle+Large,upper,0.05668643715457692,0.016567051891337548,0.0007283156502445344,0.024055727299511595,0.08931714700964224,0.0005711554700989357,0.1128017188390549,0.0422,3.3871615814651435,1.0
shortfall_3,Lower+Large,Upper+Large,lower,-0.014675267024571153,0.01852249335724831,0.42894934094051385,-0.05115744324379151,0.021806909194649202,-0.07741394491718595,0.04806341086804364,1.0,3.3871615814651435,1.0
shortfall_3,Lower+Large,Upper+Large,upper,0.017587771985122576,0.01441344858322047,0.22354010801079865,-0.01080116901746385,0.045976712987709,-0.031232907312385004,0.06640845128263015,1.0,3.3871615814651435,1.0
shortfall_3,Middle+Large,Upper+Large,lower,-0.04011381742792284,0.01983431674346575,0.04420815483132664,-0.07917978034483154,-0.0010478545110141346,-0.10729585309600087,0.027068218240155185,0.9667,3.3871615814651435,1.0
shortfall_3,Middle+Large,Upper+Large,upper,-0.02028035234975801,0.018588733926739237,0.27633496391765744,-0.05689299697203944,0.016332292272523426,-0.08324339775448686,0.042682693054970834,1.0,3.3871615814651435,1.0
shortfall_4,Gikuriro,Control,lower,-0.01618028340671518,0.015602507794490444,0.30073559437659936,-0.046911212976605526,0.014550646163175165,-0.06902849838272365,0.0366679315692933,1.0,3.3871615814651435,1.0
shortfall_4,Gikuriro,Control,upper,0.03524270182375752,0.016309382518392087,0.03166585653111534,0.003119501367604402,0.06736590227991064,-0.019999812059959383,0.09048521570747442,0.9166,3.3871615814651435,1.0
shortfall_4,Gikuriro,Lower,lower,-0.044824658986148465,0.01527087239705568,0.003646291195280345,-0.07490239458391024,-0.0147469233883867,-0.09654957128491198,0.006900253312615054,0.2586,3.3871615814651435,1.0
shortfall_4,Gikuriro,Lower,upper,0.014107315661741171,0.018973471936541086,0.4578684787104734,-0.023263114621525832,0.051477745945008174,-0.050158899548717856,0.0783735308722002,1.0,3.3871615814651435,1.0
shortfall_4,Gikuriro,Middle,lower,0.019855282849743486,0.023261690467146236,0.3941750149216106,-0.025961285924853736,0.06567185162434071,-0.05893582142050821,0.09864638711999518,1.0,3.3871615814651435,1.0
shortfall_4,Gikuriro,Middle,upper,0.06379505505896921,0.02207883446322204,0.004202447808227431,0.020308256922958207,0.10728185319498021,-0.010989524798385067,0.13857963491632347,0.2915,3.3871615814651435,1.0
shortfall_4,Gikuriro,Upper,lower,-0.03616514028491388,0.02178957008399242,0.09823470803301797,-0.0790821990314453,0.0067519184616175315,-0.10996993495005522,0.037639654380227455,0.9989,3.3871615814651435,1.0
shortfall_4,Gikuriro,Upper,upper,-0.012414524986265399,0.021096814696945833,0.5567646660172667,-0.05396712250073716,0.02913807252820636,-0.08387284521904953,0.05904379524651873,1.0,3.3871615814651435,1.0
shortfall_4,Gikuriro,Control+Large,lower,-0.02415421355520861,0.014364282649277542,0.09392064143837042,-0.05244631660884867,0.004137889498431458,-0.07280835989014785,0.02449993277973063,0.9982,3.3871615814651435,1.0
shortfall_4,Gikuriro,Control+Large,upper,0.024701814541240284,0.014434720975195683,0.08828524669644623,-0.0037290248784585603,0.05313265396093913,-0.0241909177851116,0.07359454686759218,0.9979,3.3871615814651435,1.0
shortfall_4,Gikuriro,Lower+Large,lower,-0.045512488621115,0.014483964759827777,0.0018811030410312577,-0.0740403193256263,-0.016984657916603717,-0.09457201760289866,0.003547040360668656,0.1295,3.3871615814651435,1.0
shortfall_4,Gikuriro,Lower+Large,upper,0.01064050164735236,0.01711812504213993,0.5347829929816332,-0.023075610016718668,0.04435661331142339,-0.04734135384210039,0.06862235713680512,1.0,3.3871615814651435,1.0
shortfall_4,Gikuriro,Middle+Large,lower,0.015158004100680885,0.02211781024306213,0.4937782249183362,-0.028405561306397938,0.058721569507759704,-0.059758593020755396,0.09007460122211716,1.0,3.3871615814651435,1.0
shortfall_4,Gikuriro,Middle+Large,upper,0.058881420437619306,0.020948306242094213,0.005338145587219112,0.017621327367092765,0.10014151350814585,-0.01207387766236867,0.12983671853760728,0.3585,3.3871615814651435,1.0
shortfall_4,Gikuriro,Upper+Large,lower,-0.036272976325211974,0.021664667390035374,0.09533895953074008,-0.07894402488276345,0.0063980722323395064,-0.10965470538396052,0.03710875273353657,0.9983,3.3871615814651435,1.0
shortfall_4,Gikuriro,Upper+Large,upper,-0.01238302506643835,0.020967829878313363,0.5553468130724124,-0.05368157217893696,0.028915522046060262,-0.08340445287695833,0.058638402744081636,1.0,3.3871615814651435,1.0
shortfall_4,Control,Lower,lower,-0.0563167455112575,0.015659061123833796,0.0003895514945989769,-0.08715906335307726,-0.025474427669437753,-0.10935651575172173,-0.003276975270793278,0.0182,3.3871615814651435,0.606921228585206
shortfall_4,Control,Lower,upper,0.0065369837698078664,0.018693356578887047,0.7268651620859788,-0.030281727171870297,0.04335569471148603,-0.05678043546282703,0.06985440300244276,1.0,3.3871615814651435,1.0
shortfall_4,Control,Middle,lower,0.008363196324634448,0.023518352299898224,0.7224414063742541,-0.03795889738284347,0.054685290032112366,-0.07129726304494322,0.08802365569421211,1.0,3.3871615814651435,1.0
shortfall_4,Control,Middle,upper,0.0562247231670359,0.02183858681584202,0.010620262908503326,0.013211120342202655,0.09923832599186916,-0.017746099089075387,0.1301955454231472,0.593,3.3871615814651435,1.0
shortfall_4,Control,Upper,lower,-0.04765722681002292,0.022063363659198098,0.03173381355462005,-0.09111355342215383,-0.004200900197892023,-0.12238940455435292,0.027074950934307077,0.9171,3.3871615814651435,1.0
shortfall_4,Control,Upper,upper,-0.019984856878198703,0.020845252054508174,0.3386349718709753,-0.061041972900272364,0.021072259143874957,-0.09059109379318614,0.05062138003678873,1.0,3.3871615814651435,1.0
shortfall_4,Control,Control+Large,lower,-0.014631515565151694,0.0038472510706192915,0.00018013620427091747,-0.02220911804073808,-0.007053913089565308,-0.027662776585804,-0.001600254544499389,0.0049,3.3871615814651435,0.2865967009950297
shortfall_4,Control,Control+Large,upper,-0.0038833018658589874,0.003656662778443615,0.2892821032850426,-0.01108551882901098,0.0033189150972930065,-0.016269009545376786,0.008502405813658813,1.0,3.3871615814651435,1.0
shortfall_4,Control,Lower+Large,lower,-0.057004575146224035,0.014892678962387487,0.0001639781177894076,-0.08633741537474988,-0.02767173491769818,-0.1074484851727171,-0.0065606651197309615,0.0041,3.3871615814651435,0.26105316352073693
shortfall_4,Control,Lower+Large,upper,0.0030701697554190548,0.016807115987493085,0.8552061509158803,-0.030033373885623948,0.036173713396462054,-0.053858247812646115,0.05999858732348423,1.0,3.3871615814651435,1.0
shortfall_4,Control,Middle+Large,lower,0.0036659175755718466,0.022387589898443958,0.8700636289389063,-0.04042900982139528,0.04776084497253897,-0.07216446683003466,0.07949630198117835,1.0,3.3871615814651435,1.0
shortfall_4,Control,Middle+Large,upper,0.051311088545686,0.020694938445699005,0.013828315324947247,0.010550032425427729,0.09207214466594427,-0.018786011888371645,0.12140818897974365,0.6853,3.3871615814651435,1.0
shortfall_4,Control,Upper+Large,lower,-0.04776506285032101,0.021940019704495894,0.030422198275110782,-0.0909784493893078,-0.004551676311334227,-0.12207945468997775,0.026549328989335715,0.9081,3.3871615814651435,1.0
shortfall_4,Control,Upper+Large,upper,-0.019953356958371655,0.020714700882817454,0.3363660573533609,-0.0607533374663768,0.020846623549633497,-0.09011739596019303,0.05021068204344972,1.0,3.3871615814651435,1.0
shortfall_4,Lower,Middle,lower,0.0294985824866508,0.025438348493909878,0.2473270496478398,-0.02060516405444819,0.07960232902774979,-0.05666521422784243,0.11566237920114403,1.0,3.3871615814651435,1.0
shortfall_4,Lower,Middle,upper,0.0848690987464692,0.021602897222435025,0.00011094033585070283,0.04231971362245351,0.12741848387048488,0.011696595226297221,0.15804160226664116,0.0019,3.3871615814651435,0.17828111971207944
shortfall_4,Lower,Upper,lower,-0.02652184064800657,0.02409955798668312,0.2721806804348395,-0.07398868565197245,0.020945004355959307,-0.1081509375907911,0.05510725629477796,1.0,3.3871615814651435,1.0
shortfall_4,Lower,Upper,upper,0.008659518701234582,0.020598199618073403,0.6745575117562805,-0.031910999196733174,0.04923003659920234,-0.06110991169245363,0.07842894909492279,1.0,3.3871615814651435,1.0
shortfall_4,Lower,Control+Large,lower,-0.014510913918301296,0.01767302879352095,0.41239428447317955,-0.04931997219879893,0.02029814436219634,-0.07437231807584274,0.04535049023924014,1.0,3.3871615814651435,1.0
shortfall_4,Lower,Control+Large,upper,0.045775858228740265,0.013695671096389684,0.0009595207486126313,0.01880066235515412,0.0727510541023264,-0.0006135927413334699,0.092165309198814,0.0596,3.3871615814651435,1.0
shortfall_4,Lower,Lower+Large,lower,-0.006066048730142262,0.002858791160756135,0.034842521445734395,-0.01169676598235505,-0.0004353314779294735,-0.015749236319287582,0.0036171388590030603,0.9329,3.3871615814651435,1.0
shortfall_4,Lower,Lower+Large,upper,0.0019114050807869046,0.002271413823952918,0.4008792993506357,-0.0025624051019980153,0.006385215263571825,-0.00578224055931525,0.009605050720889059,1.0,3.3871615814651435,1.0
shortfall_4,Lower,Middle+Large,lower,0.024801303737588196,0.024396738729928407,0.310346690597085,-0.02325087284322993,0.07285348031840633,-0.057834392401468024,0.10743699987664442,1.0,3.3871615814651435,1.0
shortfall_4,Lower,Middle+Large,upper,0.0799554641251193,0.020446069831664297,0.00011903856434543519,0.03968458329916579,0.12022634495107279,0.010701321899352495,0.1492096063508861,0.0023,3.3871615814651435,0.1904617029526963
shortfall_4,Lower,Upper+Large,lower,-0.02662967668830466,0.02398668680391577,0.26799863165906934,-0.07387420894525698,0.02061485556864765,-0.10787646069716508,0.05461710732055577,1.0,3.3871615814651435,1.0
shortfall_4,Lower,Upper+Large,upper,0.008691018621061631,0.020466072582560148,0.6714579087888404,-0.031619259918200596,0.04900129716032385,-0.06063087615406322,0.07801291339618648,1.0,3.3871615814651435,1.0
shortfall_4,Middle,Upper,lower,-0.0762095800452346,0.026613361100792043,0.004548698423494245,-0.12862764875437507,-0.023791511336094147,-0.1663533343194963,0.013934174229027096,0.3145,3.3871615814651435,1.0
shortfall_4,Middle,Upper,upper,-0.05602042313465737,0.027059056286725235,0.039463418318161116,-0.10931633965832599,-0.0027245066109887403,-0.14767381901975596,0.03563297275044121,0.9516,3.3871615814651435,1.0
shortfall_4,Middle,Control+Large,lower,-0.06419865331552933,0.020971843997709634,0.0024481934055854593,-0.10550510669681991,-0.022892199934238758,-0.1352336775970518,0.006836370965993113,0.1754,3.3871615814651435,1.0
shortfall_4,Middle,Control+Large,upper,-0.018904083607151685,0.022259337510416814,0.39655603240324167,-0.06274640320827306,0.024938235993969687,-0.09430005645130149,0.05649188923699811,1.0,3.3871615814651435,1.0
shortfall_4,Middle,Lower+Large,lower,-0.08555692838143572,0.021053998665333546,6.494029627019526e-05,-0.12702519480828553,-0.04408866195458591,-0.15687022379687193,-0.014243632965999523,0.001,3.3871615814651435,0.10546304114279711
shortfall_4,Middle,Lower+Large,upper,-0.03296539650103961,0.02408624382773771,0.17235532087700445,-0.08040601774109374,0.014475224739014532,-0.11454939623615472,0.048618603234075505,1.0,3.3871615814651435,1.0
shortfall_4,Middle,Middle+Large,lower,-0.006068122839943525,0.0014832639663410125,5.816299087708806e-05,-0.008989581433880444,-0.0031466642460066066,-0.01109217756190541,-0.0010440681179816396,0.0007,3.3871615814651435,0.0945148601752681
shortfall_4,Middle,Middle+Large,upper,-0.003542790530468962,0.001561223633402561,0.024116749615172996,-0.006617799634959481,-0.00046778142597844264,-0.008830907241605537,0.0017453261806676139,0.8562,3.3871615814651435,1.0
shortfall_4,Middle,Upper+Large,lower,-0.0763174160855327,0.026511194574307582,0.0043432749013483365,-0.12853425609662356,-0.02410057607444186,-0.1661151158263745,0.013480283655309094,0.3012,3.3871615814651435,1.0
shortfall_4,Middle,Upper+Large,upper,-0.055988923214830316,0.026958613216869768,0.03884960477508998,-0.10908700558605572,-0.0028908408436049207,-0.14730210219259005,0.0353242557629294,0.9498,3.3871615814651435,1.0
shortfall_4,Upper,Control+Large,lower,0.012010926729705274,0.019935368061994193,0.5473985068068823,-0.027254068355207786,0.05127592181461833,-0.05551338608224869,0.07953523954165924,1.0,3.3871615814651435,1.0
shortfall_4,Upper,Control+Large,upper,0.03711633952750568,0.020716110336125942,0.0744106397385429,-0.003686417060532611,0.07791909611554398,-0.033052473520413066,0.10728515257542443,0.9958,3.3871615814651435,1.0
shortfall_4,Upper,Lower+Large,lower,-0.009347348336201123,0.020021776117586952,0.6410122258450641,-0.04878253400237637,0.03008783732997413,-0.07716433919438799,0.05846964252198574,1.0,3.3871615814651435,1.0
shortfall_4,Upper,Lower+Large,upper,0.023055026633617758,0.022667736163656218,0.3101079492342192,-0.02159168098092092,0.06770173424815644,-0.05372425843870665,0.09983431170594217,1.0,3.3871615814651435,1.0
shortfall_4,Upper,Middle+Large,lower,0.051323144385594766,0.026082250932136713,0.05021652367645293,-4.8841898734282296e-05,0.1026951306699238,-0.03702165392987214,0.13966794270106167,0.9802,3.3871615814651435,1.0
shortfall_4,Upper,Middle+Large,upper,0.0712959454238847,0.02568321615840495,0.005925034970728722,0.02070990391772895,0.12188198693004046,-0.01569725763632933,0.15828914848409875,0.3915,3.3871615814651435,1.0
shortfall_4,Upper,Upper+Large,lower,-0.00010783604029809753,0.00017087828388329137,0.528578727828449,-0.0004444004295750236,0.00022872834897882856,-0.0006866283985742766,0.00047095631797808144,1.0,3.3871615814651435,1.0
shortfall_4,Upper,Upper+Large,upper,3.1499919827044655e-05,0.00017621055836429102,0.8582703757688013,-0.00031556699594634556,0.00037856683560043487,-0.0005653537137130033,0.0006283535533670926,1.0,3.3871615814651435,1.0
shortfall_4,Control+Large,Lower+Large,lower,-0.043864453147953356,0.012461192651180687,0.0005135356358622769,-0.06840820206090016,-0.019320704235006553,-0.08607252615526836,-0.001656380140638354,0.0259,3.3871615814651435,0.7887907366844573
shortfall_4,Control+Large,Lower+Large,upper,0.008444865188159036,0.015402494071994215,0.5839954811371382,-0.021892114402663605,0.03878184477898168,-0.04372587099124439,0.06061560136756246,1.0,3.3871615814651435,1.0
shortfall_4,Control+Large,Middle+Large,lower,0.015361293076682724,0.020963494055028634,0.4643972074275503,-0.025928714134298415,0.05665130028766387,-0.055645448599783195,0.08636803475314865,1.0,3.3871615814651435,1.0
shortfall_4,Control+Large,Middle+Large,upper,0.05813053047558579,0.019690602256931186,0.003459107024860053,0.019347629731889145,0.09691343121928245,-0.008564721005002371,0.12482578195617396,0.2444,3.3871615814651435,1.0
shortfall_4,Control+Large,Upper+Large,lower,-0.03708483960767864,0.020572340707858645,0.07266126335914547,-0.07760442541453444,0.0034347461991771702,-0.10676668169414888,0.032597002478791604,0.9954,3.3871615814651435,1.0
shortfall_4,Control+Large,Upper+Large,upper,-0.012118762770003367,0.019788625364234664,0.5408295450317995,-0.051094731272193855,0.026857205732187125,-0.0791460343537457,0.05490850881373897,1.0,3.3871615814651435,1.0
shortfall_4,Lower+Large,Middle+Large,lower,0.02942260597057065,0.022927684804767895,0.20059721666860791,-0.01573610032309143,0.07458131226423273,-0.04823716715208131,0.1070823790932226,1.0,3.3871615814651435,1.0
shortfall_4,Lower+Large,Middle+Large,upper,0.07948880554149218,0.019808729718221795,7.95827032788863e-05,0.04047323920704521,0.11850437187593915,0.012393437262304463,0.1465841738206799,0.0014,3.3871615814651435,0.12876481390523803
shortfall_4,Lower+Large,Upper+Large,lower,-0.02302352671379071,0.022540547813639806,0.30805149537237597,-0.06741972227744965,0.02137266884986823,-0.0993720042933296,0.05332495086574818,1.0,3.3871615814651435,1.0
shortfall_4,Lower+Large,Upper+Large,upper,0.00923951229590303,0.019879354903048544,0.642498972992587,-0.029915158444666252,0.04839418303647231,-0.05809507489601373,0.07657409948781979,1.0,3.3871615814651435,1.0
shortfall_4,Middle+Large,Upper+Large,lower,-0.07126444550405765,0.02557455501018012,0.005741107065262844,-0.12163646640935462,-0.020892424598760687,-0.15788959569760666,0.015360704689491356,0.3808,3.3871615814651435,1.0
shortfall_4,Middle+Large,Upper+Large,upper,-0.051430980425892864,0.025975813833966015,0.048818357794717195,-0.10259332663116602,-0.0002686342206197137,-0.13941525909159336,0.036553298239807616,0.9776,3.3871615814651435,1.0
shortfall_5,Gikuriro,Control,lower,-0.015165688254226123,0.017888934261412606,0.3973872421286483,-0.05039999713000791,0.020068620621555663,-0.07575839911783844,0.045427022609386185,1.0,3.3871615814651435,1.0
shortfall_5,Gikuriro,Control,upper,0.03621379507265873,0.018472489512693185,0.05107103624216979,-0.00016989283650996334,0.07259748298182743,-0.02635551171875339,0.09878310186407085,0.9809,3.3871615814651435,1.0
shortfall_5,Gikuriro,Lower,lower,-0.05872043597695291,0.017892572719899975,0.0011802729635910691,-0.09396191121425754,-0.02347896073964828,-0.11932547088736939,0.0018845989334635785,0.0747,3.3871615814651435,1.0
shortfall_5,Gikuriro,Lower,upper,0.00016803676734891693,0.023254121809596656,0.9942402839496963,-0.04563362466766172,0.045969698202359556,-0.07859743123682758,0.07893350477152541,1.0,3.3871615814651435,1.0
shortfall_5,Gikuriro,Middle,lower,0.032104663703724584,0.02858553290387417,0.262481736973387,-0.02419782368852283,0.088407151095972,-0.06471915513398574,0.1289284825414349,1.0,3.3871615814651435,1.0
shortfall_5,Gikuriro,Middle,upper,0.0760009340093625,0.027350350533090248,0.0058754548167740586,0.022131280039953356,0.12987058797877166,-0.016639122555925492,0.16864099057465048,0.3891,3.3871615814651435,1.0
shortfall_5,Gikuriro,Upper,lower,-0.05015646214384989,0.025218616769557247,0.04781929488526732,-0.09982742183848207,-0.00048550244921770347,-0.1355759920033868,0.03526306771568702,0.9746,3.3871615814651435,1.0
shortfall_5,Gikuriro,Upper,upper,-0.02586426829873127,0.024971080568313087,0.3013229491366146,-0.07504767703895095,0.023319140441488403,-0.11044535304739214,0.0587168164499296,1.0,3.3871615814651435,1.0
shortfall_5,Gikuriro,Control+Large,lower,-0.028338164555422683,0.01630067603890937,0.08337490687016333,-0.06044421660112094,0.003767887490275578,-0.08355118818632591,0.026874859075480543,0.9976,3.3871615814651435,1.0
shortfall_5,Gikuriro,Control+Large,upper,0.020727251259277456,0.016504832103899466,0.21036449601561624,-0.011780909584385456,0.05323541210294037,-0.03517728195158333,0.07663178447013824,1.0,3.3871615814651435,1.0
shortfall_5,Gikuriro,Lower+Large,lower,-0.060432117219951134,0.016789193124101147,0.0003852609770702644,-0.09350035972480225,-0.027363874715100024,-0.1172998271537053,-0.0035644072861969814,0.0175,3.3871615814651435,0.6009188002840083
shortfall_5,Gikuriro,Lower+Large,upper,-0.004161939728873434,0.020893944748217815,0.8422751939608929,-0.045314961598947226,0.03699108214120035,-0.07493310666529222,0.06660922720754535,1.0,3.3871615814651435,1.0
shortfall_5,Gikuriro,Middle+Large,lower,0.02517736959382655,0.027080102797610528,0.35341509015167605,-0.028160000448226877,0.07851473963587997,-0.06654731422436658,0.11690205341201967,1.0,3.3871615814651435,1.0
shortfall_5,Gikuriro,Middle+Large,upper,0.06892865645919628,0.025916022972779267,0.008332920654574775,0.017884075216341666,0.1199732377020509,-0.01885310089856973,0.1567104138169623,0.5082,3.3871615814651435,1.0
shortfall_5,Gikuriro,Upper+Large,lower,-0.05031840033807715,0.025068753118294138,0.04581619936970279,-0.09969418637391587,-0.0009426143022384231,-0.13523031779559758,0.034593517119443265,0.9701,3.3871615814651435,1.0
shortfall_5,Gikuriro,Upper+Large,upper,-0.025883051221002866,0.024819674888018194,0.29804010750309706,-0.07476824909929516,0.023002146657289425,-0.10995130046615328,0.058185198024147546,1.0,3.3871615814651435,1.0
shortfall_5,Control,Lower,lower,-0.07122711765455099,0.018068345602775482,0.00010522797375670343,-0.10681479775552832,-0.03563943755357366,-0.13242752372090677,-0.010026711588195215,0.0018,3.3871615814651435,0.1692065818007791
shortfall_5,Control,Lower,upper,-0.008373388373485613,0.022931555456021036,0.7153141595020144,-0.05353971835896805,0.036792941611996824,-0.08604627201735747,0.06929949527038624,1.0,3.3871615814651435,1.0
shortfall_5,Control,Middle,lower,0.019597982026126504,0.02869588203354098,0.495275653099288,-0.03692185064013429,0.07611781469238729,-0.07759960714413937,0.11679557119639238,1.0,3.3871615814651435,1.0
shortfall_5,Control,Middle,upper,0.06745950886852797,0.027076626983062704,0.013380174325195188,0.014128984842094225,0.12079003289496172,-0.024253401804164465,0.1591724195412204,0.6747,3.3871615814651435,1.0
shortfall_5,Control,Upper,lower,-0.06266314382144797,0.02534363008833228,0.014089962437496892,-0.11258033159333389,-0.012745956049562045,-0.14850611399151115,0.023179826348615193,0.6918,3.3871615814651435,1.0
shortfall_5,Control,Upper,upper,-0.0344056934395658,0.024670973212384487,0.1643949264733745,-0.08299800630340946,0.01418661942427786,-0.11797026608191023,0.04915887920277863,1.0,3.3871615814651435,1.0
shortfall_5,Control,Control+Large,lower,-0.01983006171785481,0.004247307227162894,4.973442404828164e-06,-0.028195620702271385,-0.011464502733438237,-0.03421637758238021,-0.005443745853329409,0.0002,3.3871615814651435,0.00823602062239544
shortfall_5,Control,Control+Large,upper,-0.008828958396723013,0.003982249119515198,0.02752875547538174,-0.016672455021335728,-0.0009854617721102975,-0.022317479622168287,0.00465956282872226,0.8863,3.3871615814651435,1.0
shortfall_5,Control,Lower+Large,lower,-0.07293879889754921,0.016976394200265043,2.497114456383191e-05,-0.10637575540419891,-0.03950184239089951,-0.13044058912449463,-0.015437008670603783,0.0004,3.3871615814651435,0.04107753280750349
shortfall_5,Control,Lower+Large,upper,-0.012703364869707964,0.020534336649587398,0.5367235412023236,-0.05314809732263588,0.02774136758321995,-0.08225648107006207,0.05684975133064614,1.0,3.3871615814651435,1.0
shortfall_5,Control,Middle+Large,lower,0.012670687916228468,0.02719656084532713,0.6417026412452775,-0.04089605961496741,0.06623743544742434,-0.07944845812704276,0.1047898339594997,1.0,3.3871615814651435,1.0
shortfall_5,Control,Middle+Large,upper,0.060387231318361746,0.025626983849501916,0.019235146910630038,0.009911945797539436,0.11086251683918405,-0.02641550382549885,0.14718996646222235,0.795,3.3871615814651435,1.0
shortfall_5,Control,Upper+Large,lower,-0.06282508201567523,0.025194510060535198,0.013300614247697469,-0.11244856078051868,-0.013201603250831778,-0.1481629585565571,0.022512794525206645,0.6724,3.3871615814651435,1.0
shortfall_5,Control,Upper+Large,upper,-0.034424476361837396,0.024517714331558936,0.16155545564868115,-0.08271492827264418,0.013865975548969386,-0.11746993641103118,0.04862098368735638,1.0,3.3871615814651435,1.0
shortfall_5,Lower,Middle,lower,0.05564374033143632,0.031983979708940215,0.08315069184525475,-0.007352378032774609,0.11863985869564725,-0.05269116696104667,0.1639786476239193,0.9976,3.3871615814651435,1.0
shortfall_5,Lower,Middle,upper,0.11101425659125476,0.027079030970617955,5.61813755313299e-05,0.05767899763546091,0.1643495155470486,0.019293203224272845,0.2027353099582367,0.0007,3.3871615814651435,0.09135091661394242
shortfall_5,Lower,Upper,lower,-0.026617385516138153,0.02901414996847608,0.3598314951855596,-0.08376408340314884,0.030529312370872523,-0.12489299960822843,0.07165822857595212,1.0,3.3871615814651435,1.0
shortfall_5,Lower,Upper,upper,0.009149054283160984,0.024673611587563742,0.711101927081224,-0.03944845516336545,0.05774656372968742,-0.0744244549622281,0.09272256352855007,1.0,3.3871615814651435,1.0
shortfall_5,Lower,Control+Large,lower,-0.004799087927710947,0.021715301194063612,0.8252747839014956,-0.0475698655727875,0.037971689717365614,-0.07835232186218737,0.06875414600676548,1.0,3.3871615814651435,1.0
shortfall_5,Lower,Control+Large,upper,0.05574057384116971,0.016051221972257657,0.0006082482345875823,0.024125850205889136,0.0873552974764503,0.001372491441169403,0.11010865624117003,0.0328,3.3871615814651435,0.9306197989190008
shortfall_5,Lower,Lower+Large,lower,-0.007089900338173943,0.003456328688213954,0.04129450006363549,-0.013897536321243381,-0.0002822643551045065,-0.018797044083808064,0.0046172434074601785,0.9569,3.3871615814651435,1.0
shortfall_5,Lower,Lower+Large,upper,0.0010482425989533709,0.002530970405471915,0.6791117613039707,-0.003936794056596295,0.006033279254503037,-0.007524563122286356,0.009621048320193098,1.0,3.3871615814651435,1.0
shortfall_5,Lower,Middle+Large,lower,0.048716446221538284,0.030645949718561178,0.11319201060172568,-0.011644268530744371,0.10907716097382095,-0.05508633729268467,0.15251922973576124,0.9996,3.3871615814651435,1.0
shortfall_5,Lower,Middle+Large,upper,0.10394197904108854,0.025629523810449525,6.709513249227684e-05,0.05346169077570623,0.15442226730647085,0.01713064063908777,0.19075331744308932,0.0012,3.3871615814651435,0.10882830490247304
shortfall_5,Lower,Upper+Large,lower,-0.02677932371036541,0.028883986039489228,0.3547620383499619,-0.08366964880225095,0.03011100138152013,-0.12461405154289887,0.07105540412216804,1.0,3.3871615814651435,1.0
shortfall_5,Lower,Upper+Large,upper,0.009130271360889392,0.0245203691972959,0.7099481616157332,-0.039165409612645946,0.057425952334424726,-0.07392418114753257,0.09218472386931137,1.0,3.3871615814651435,1.0
shortfall_5,Middle,Upper,lower,-0.10245028275815174,0.032389942752968415,0.0017568636829595364,-0.16624599192393974,-0.03865457359236375,-0.2121602524768617,0.007259686960558218,0.1197,3.3871615814651435,1.0
shortfall_5,Middle,Upper,upper,-0.08167604539751651,0.033253204982911407,0.014731298021796341,-0.14717204858899263,-0.016180042206040385,-0.1943100237762193,0.03095793298118628,0.7101,3.3871615814651435,1.0
shortfall_5,Middle,Control+Large,lower,-0.08063198516972453,0.026054592668016355,0.00219675712892018,-0.13194949532893935,-0.029314475010509697,-0.16888310047555294,0.00761913013610388,0.1567,3.3871615814651435,1.0
shortfall_5,Middle,Control+Large,upper,-0.03508452583950778,0.027470534389855816,0.20274169869402597,-0.08919089570653722,0.01902184402752166,-0.12813166454714442,0.05796261286812885,1.0,3.3871615814651435,1.0
shortfall_5,Middle,Lower+Large,lower,-0.11272593783425298,0.026362980968189897,2.721632881062257e-05,-0.1646508541398155,-0.060801021528690456,-0.20202161414260256,-0.023430261525903412,0.0004,3.3871615814651435,0.04474364456466351
shortfall_5,Middle,Lower+Large,upper,-0.059973716827658674,0.030311346126952514,0.048973159918340406,-0.11967539140877159,-0.0002720422465457631,-0.1626431439113645,0.042695710256047154,0.978,3.3871615814651435,1.0
shortfall_5,Middle,Middle+Large,lower,-0.008298138200778975,0.0018200152738692913,8.078301721664862e-06,-0.01188286713885085,-0.0047134092627071,-0.0144628240141088,-0.00213345238744915,0.0004,3.3871615814651435,0.013361511047633683
shortfall_5,Middle,Middle+Large,upper,-0.0057014334592852866,0.0018854906189463407,0.002758998498490657,-0.009415123603121633,-0.001987743315448939,-0.012087894845993267,0.0006850279274226928,0.1972,3.3871615814651435,1.0
shortfall_5,Middle,Upper+Large,lower,-0.102612220952379,0.032273396825818625,0.0016639121016913912,-0.16617837954039624,-0.039046062364361755,-0.21192743078417095,0.006702988879412952,0.1129,3.3871615814651435,1.0
shortfall_5,Middle,Upper+Large,upper,-0.0816948283197881,0.03313965960044342,0.014375925896954786,-0.14696719085057233,-0.01642246578900386,-0.19394421014124255,0.03055455350166636,0.701,3.3871615814651435,1.0
shortfall_5,Upper,Control+Large,lower,0.021233217138369242,0.023544744414890666,0.3680288713641438,-0.02514085886821828,0.06760729314495677,-0.05851663658916442,0.10098307086590291,1.0,3.3871615814651435,1.0
shortfall_5,Upper,Control+Large,upper,0.04717660000806669,0.023947363112367344,0.04995413410339572,9.520274216433255e-06,0.09434367974191696,-0.03393698830353952,0.1282901883196729,0.9801,3.3871615814651435,1.0
shortfall_5,Upper,Lower+Large,lower,-0.010860735526159206,0.023885559570489788,0.6497252987071387,-0.057906086092004844,0.036184615039686424,-0.0917649852551193,0.07004351420280087,1.0,3.3871615814651435,1.0
shortfall_5,Upper,Lower+Large,upper,0.022287409019915803,0.02715922761050543,0.4126539375752982,-0.03120580642111653,0.07578062446094813,-0.06970528332465556,0.11428010136448716,1.0,3.3871615814651435,1.0
shortfall_5,Upper,Middle+Large,lower,0.07474875128761847,0.031968342430695476,0.020174987557915042,0.011783432337369282,0.13771407023786766,-0.03353319001675527,0.18303069259199223,0.8077,3.3871615814651435,1.0
shortfall_5,Upper,Middle+Large,upper,0.09537800520798552,0.03118825041555368,0.002472271443366548,0.03394916700116027,0.15680684341481077,-0.010261638392692202,0.20101764880866324,0.1769,3.3871615814651435,1.0
shortfall_5,Upper,Upper+Large,lower,-0.00016673286925402244,0.00019972465256123465,0.4046293377506373,-0.0005601134919124822,0.00022664775340443727,-0.0008432325392809104,0.0005097668007728655,1.0,3.3871615814651435,1.0
shortfall_5,Upper,Upper+Large,upper,-1.3988247244829687e-05,0.00019904376549770617,0.9440298592702503,-0.00040602778469635026,0.0003780512902066909,-0.0006881816427688173,0.0006602051482791579,1.0,3.3871615814651435,1.0
shortfall_5,Control+Large,Lower+Large,lower,-0.05469233124221635,0.014487583917660841,0.00020036690824809126,-0.08322729029339698,-0.02615737219103572,-0.10376411889636943,-0.00562054358806327,0.0064,3.3871615814651435,0.31818265029796894
shortfall_5,Control+Large,Lower+Large,upper,-0.0022908124104629914,0.018914744909426382,0.9037003794591266,-0.03954557307459682,0.034963948253670836,-0.06635810969088542,0.06177648486995944,1.0,3.3871615814651435,1.0
shortfall_5,Control+Large,Middle+Large,lower,0.02938309238022251,0.025819361909759295,0.2562124873050282,-0.02147110380665627,0.08023728856710129,-0.05807125833845868,0.11683744309890369,1.0,3.3871615814651435,1.0
shortfall_5,Control+Large,Middle+Large,upper,0.07233384696894554,0.0244572786182356,0.00340155171837614,0.024162430130840427,0.12050526380705065,-0.010506907553930994,0.15517460149182208,0.2404,3.3871615814651435,1.0
shortfall_5,Control+Large,Upper+Large,lower,-0.04719058825531153,0.02377890162113235,0.048300317785293576,-0.09402586375034516,-0.0003553127602778927,-0.12773357027585025,0.03335239376522718,0.9761,3.3871615814651435,1.0
shortfall_5,Control+Large,Upper+Large,upper,-0.021399950007623257,0.023373011919655327,0.360778252444101,-0.06743577915765081,0.024635879142404303,-0.10056811802500665,0.057768218009760126,1.0,3.3871615814651435,1.0
shortfall_5,Lower+Large,Middle+Large,lower,0.0542722833683734,0.02884974814428472,0.06112030175722331,-0.002550606259930928,0.11109517299667773,-0.043446475180893125,0.15199104191763993,0.9903,3.3871615814651435,1.0
shortfall_5,Lower+Large,Middle+Large,upper,0.104427799633474,0.02481715437365581,3.610134674421704e-05,0.05554756619746051,0.15330803306948748,0.02036808777773738,0.1884875114892106,0.0005,3.3871615814651435,0.0589173978865622
shortfall_5,Lower+Large,Upper+Large,lower,-0.022301397267160638,0.02701420341486772,0.40985978171761084,-0.07550897091260636,0.03090617637828508,-0.11380286922788507,0.06920007469356379,1.0,3.3871615814651435,1.0
shortfall_5,Lower+Large,Upper+Large,upper,0.01069400265690519,0.023720283731144872,0.6525019062767645,-0.0360258181770914,0.05741382349090178,-0.06965043109868138,0.09103843641249176,1.0,3.3871615814651435,1.0
shortfall_5,Middle+Large,Upper+Large,lower,-0.09539199345523035,0.031064905331979364,0.002374057432544615,-0.15657788936546832,-0.034206097544992375,-0.20061384732756254,0.009829860417101849,0.171,3.3871615814651435,1.0
shortfall_5,Middle+Large,Upper+Large,upper,-0.07491548415687249,0.03184792162402677,0.01944389100960869,-0.13764362050947593,-0.012187347804269055,-0.18278954073128895,0.03295857241754396,0.7979,3.3871615814651435,1.0
shortfall_6,Gikuriro,Control,lower,-0.014737812325851446,0.01952712254344256,0.45112670749170064,-0.05319872101368776,0.023723096361984865,-0.080879331601562,0.0514037069498591,1.0,3.3871615814651435,1.0
shortfall_6,Gikuriro,Control,upper,0.03690383650653897,0.020094440386604982,0.06748253065685801,-0.0026744697760687983,0.07648214278914675,-0.03115927997201101,0.10496695298508896,0.9935,3.3871615814651435,1.0
shortfall_6,Gikuriro,Lower,lower,-0.06118582628226277,0.02182366094642904,0.005454155021914162,-0.10417003089446628,-0.01820162167005926,-0.13510609220692843,0.012734439642402909,0.3654,3.3871615814651435,1.0
shortfall_6,Gikuriro,Lower,upper,-0.0023263548070195372,0.025166715727650068,0.92642516938745,-0.051895089443701956,0.04724237982966288,-0.08757008745137045,0.08291737783733137,1.0,3.3871615814651435,1.0
shortfall_6,Gikuriro,Middle,lower,0.03948485819891173,0.03513267626731864,0.26215567680932195,-0.02971297936627612,0.10868269576409958,-0.0795151931078022,0.15848490950562566,1.0,3.3871615814651435,1.0
shortfall_6,Gikuriro,Middle,upper,0.0833521272354911,0.03468760615917351,0.017002373563739785,0.015030906322396898,0.1516733481485853,-0.034140399699855106,0.2008446541708373,0.7555,3.3871615814651435,1.0
shortfall_6,Gikuriro,Upper,lower,-0.04940609278528427,0.025751001428379095,0.056186529059225464,-0.10012564515936517,0.0013134595887966394,-0.13662889550774399,0.03781670993717544,0.9871,3.3871615814651435,1.0
shortfall_6,Gikuriro,Upper,upper,-0.02524041361756718,0.025780159609918595,0.3285065611896514,-0.07601739637624261,0.025536569141108238,-0.11256197981232287,0.062081152577188506,1.0,3.3871615814651435,1.0
shortfall_6,Gikuriro,Control+Large,lower,-0.02920090186372483,0.01774668879878284,0.1011534523768071,-0.06415504197745316,0.005753238250003498,-0.08931180436117986,0.0309100006337302,0.9994,3.3871615814651435,1.0
shortfall_6,Gikuriro,Control+Large,upper,0.020120181521345162,0.018095587015053854,0.26726937218083224,-0.01552115366720768,0.055761516709898006,-0.04117249561010476,0.08141285865279509,1.0,3.3871615814651435,1.0
shortfall_6,Gikuriro,Lower+Large,lower,-0.06327528151039805,0.020058456611137376,0.001806687606309487,-0.10278271361789762,-0.02376784940289848,-0.13121651512712806,0.004665952106331986,0.1242,3.3871615814651435,1.0
shortfall_6,Gikuriro,Lower+Large,upper,-0.00699372312030094,0.02269155448175441,0.7581836753651615,-0.051687343645609465,0.03769989740500759,-0.08385368468462268,0.06986623844402079,1.0,3.3871615814651435,1.0
shortfall_6,Gikuriro,Middle+Large,lower,0.03172125486106767,0.03315637326480342,0.3396457367718572,-0.0335840271496532,0.09702653687178855,-0.08058473884219247,0.14402724856432783,1.0,3.3871615814651435,1.0
shortfall_6,Gikuriro,Middle+Large,upper,0.07546147678956339,0.03274637551759852,0.02202921444681196,0.010963732391329181,0.13995922118779758,-0.035455788295877075,0.18637874187500386,0.8334,3.3871615814651435,1.0
shortfall_6,Gikuriro,Upper+Large,lower,-0.049614634957631625,0.025603733266401186,0.053788762198365654,-0.10004412578691213,0.0008148558716488744,-0.13633861661966676,0.037109346704403516,0.9849,3.3871615814651435,1.0
shortfall_6,Gikuriro,Upper+Large,upper,-0.02530283665745111,0.025632616819342827,0.32454276241024443,-0.07578921695878758,0.025183543643885364,-0.1121246515803464,0.061518978265444176,1.0,3.3871615814651435,1.0
shortfall_6,Control,Lower,lower,-0.07441155066279964,0.021952073211419485,0.0008142882173437481,-0.11764867796687484,-0.031174423358724453,-0.14876676967802988,-5.633164756940756e-05,0.0489,3.3871615814651435,1.0
shortfall_6,Control,Lower,upper,-0.01126665460717019,0.02482955702518632,0.6504001525874572,-0.06017131648864157,0.03763800727430119,-0.09536837624767926,0.07283506703333888,1.0,3.3871615814651435,1.0
shortfall_6,Control,Middle,lower,0.026259133818374858,0.035212586994980116,0.45653873673713913,-0.04309609709511247,0.09561436473186219,-0.09301158803502094,0.14552985567177065,1.0,3.3871615814651435,1.0
shortfall_6,Control,Middle,upper,0.07441182743534044,0.03444377073731275,0.031704912929495156,0.006570868366979538,0.14225278650370135,-0.04225478952687864,0.19107844439755953,0.917,3.3871615814651435,1.0
shortfall_6,Control,Upper,lower,-0.06263181716582114,0.025859919097692686,0.016157584313630576,-0.11356589538848227,-0.011697738943160015,-0.15022354163332258,0.02495990730168028,0.7405,3.3871615814651435,1.0
shortfall_6,Control,Upper,upper,-0.034180713417717834,0.02545112867955974,0.1805066617275949,-0.08430963200104677,0.0159482051656111,-0.12038779868604826,0.052026371850612596,1.0,3.3871615814651435,1.0
shortfall_6,Control,Control+Large,lower,-0.021190725610725145,0.00475889815588088,1.2840935441612316e-05,-0.030563921636962574,-0.011817529584487714,-0.03730988261443018,-0.005071568607020106,0.0004,3.3871615814651435,0.021213225349543546
shortfall_6,Control,Control+Large,upper,-0.010056018912342063,0.004564307388158149,0.028505292164988462,-0.019045946091250363,-0.0010660917334337633,-0.025516065543508857,0.005404027718824731,0.8941,3.3871615814651435,1.0
shortfall_6,Control,Lower+Large,lower,-0.07650100589093492,0.020198094533784853,0.0001911400180452664,-0.11628347091126409,-0.03671854087060574,-0.1449152157145721,-0.008086796067297744,0.0055,3.3871615814651435,0.30391262869197355
shortfall_6,Control,Lower+Large,upper,-0.015934022920451592,0.02231703309916125,0.47591070277815534,-0.059889980604472995,0.028021934763569806,-0.09152542004621657,0.05965737420531338,1.0,3.3871615814651435,1.0
shortfall_6,Control,Middle+Large,lower,0.0184955304805308,0.03324103532156903,0.5784366757297954,-0.04697650316639979,0.0839675641274614,-0.09409722728881365,0.13108828824987526,1.0,3.3871615814651435,1.0
shortfall_6,Control,Middle+Large,upper,0.06652117698941273,0.03248797363779719,0.04166070164987506,0.0025323847464023136,0.13050996923242314,-0.04352083917618629,0.17656319315501176,0.9581,3.3871615814651435,1.0
shortfall_6,Control,Upper+Large,lower,-0.0628403593381685,0.02571327474966671,0.01523046902714994,-0.11348560468919344,-0.012195113987143576,-0.14993537570389734,0.024254657027560328,0.7212,3.3871615814651435,1.0
shortfall_6,Control,Upper+Large,upper,-0.03424313645760176,0.025301667268341956,0.1771669067503528,-0.08407767364006563,0.015591400724862113,-0.11994397177594376,0.05145769886074023,1.0,3.3871615814651435,1.0
shortfall_6,Lower,Middle,lower,0.06548932513193337,0.03833410138433626,0.08882157923013444,-0.010014086581346712,0.14099273684521346,-0.0643544703370802,0.19533312060094693,0.9981,3.3871615814651435,1.0
shortfall_6,Lower,Middle,upper,0.12085984139175177,0.03579576797447753,0.000853009938292813,0.050355968616104085,0.19136371416739945,-0.00038620867043888396,0.2421058914539424,0.0521,3.3871615814651435,1.0
shortfall_6,Lower,Upper,lower,-0.02340162585226263,0.029971861166846792,0.4356757005002747,-0.0824346458467885,0.03563139414226325,-0.12492116252161313,0.07811791081708787,1.0,3.3871615814651435,1.0
shortfall_6,Lower,Upper,upper,0.012267300538693487,0.02725295604776806,0.6530134344913208,-0.041410523815351596,0.06594512489273857,-0.08004286516766461,0.10457746624505158,1.0,3.3871615814651435,1.0
shortfall_6,Lower,Control+Large,lower,-0.003196434930703193,0.02345513484423402,0.8917119795697555,-0.049394014604719746,0.04300114474331336,-0.08264276656317708,0.0762498967017707,1.0,3.3871615814651435,1.0
shortfall_6,Lower,Control+Large,upper,0.05762789567760583,0.020138452106556883,0.004576531422096128,0.0179629032619798,0.09729288809323186,-0.010584295607899433,0.1258400869631111,0.3155,3.3871615814651435,1.0
shortfall_6,Lower,Lower+Large,lower,-0.007467674323311,0.003809050773545437,0.05106043099819887,-0.014970036930128338,3.468828350633793e-05,-0.02036954476531419,0.00543419611869219,0.9809,3.3871615814651435,1.0
shortfall_6,Lower,Lower+Large,upper,0.0007108507818943156,0.003260447658084178,0.8275916328637825,-0.005710975033971016,0.0071326765977596475,-0.010332812263946412,0.011754513827735043,1.0,3.3871615814651435,1.0
shortfall_6,Lower,Middle+Large,lower,0.05772572179408931,0.0365314039603644,0.11534831290206356,-0.014227070473804941,0.12967851406198355,-0.06601204621744058,0.18146348980561922,0.9997,3.3871615814651435,1.0
shortfall_6,Lower,Middle+Large,upper,0.11296919094582406,0.033918020186447725,0.0009989567204689814,0.04616375791999264,0.17977462397165547,-0.0019166239490708836,0.227855005840719,0.0616,3.3871615814651435,1.0
shortfall_6,Lower,Upper+Large,lower,-0.02361016802460999,0.02984542752947887,0.4296553375544999,-0.08239416246142452,0.03517382641220454,-0.12470145353486298,0.07748111748564299,1.0,3.3871615814651435,1.0
shortfall_6,Lower,Upper+Large,upper,0.012204877498809559,0.027113428939106104,0.6530032921858531,-0.041198132203266874,0.06560788720088599,-0.07963268734551585,0.10404244234313498,1.0,3.3871615814651435,1.0
shortfall_6,Middle,Upper,lower,-0.10908010789477326,0.03831682270677361,0.00478742122261766,-0.1845494872697759,-0.03361072851977062,-0.2388653776909681,0.020705161901421576,0.3282,3.3871615814651435,1.0
shortfall_6,Middle,Upper,upper,-0.08840338394248101,0.038739597028635955,0.02334106616197051,-0.16470546585993634,-0.012101302025025698,-0.21962065867931796,0.042813890794355935,0.8469,3.3871615814651435,1.0
shortfall_6,Middle,Control+Large,lower,-0.08887491697321383,0.03346654734356061,0.008430978873616041,-0.15479112242613025,-0.02295871152029741,-0.20223152039960668,0.024481686453179025,0.5131,3.3871615814651435,1.0
shortfall_6,Middle,Control+Large,upper,-0.04304278880356867,0.03411143529445232,0.20820067967599667,-0.1102291750800013,0.02414359747286396,-0.1585837319215717,0.07249815431443436,1.0,3.3871615814651435,1.0
shortfall_6,Middle,Lower+Large,lower,-0.12294929661988704,0.03474775545842955,0.00048090983477507406,-0.19138898848030989,-0.05450960475946422,-0.24064555895082534,-0.005253034288948744,0.0238,3.3871615814651435,0.740120235718839
shortfall_6,Middle,Lower+Large,upper,-0.07015669344521477,0.036756582991712514,0.05746199052292699,-0.14255300165581014,0.002239614765380593,-0.19465717922067854,0.05434379233024898,0.9881,3.3871615814651435,1.0
shortfall_6,Middle,Middle+Large,lower,-0.009134447428724992,0.0023430026278027146,0.00012470561728408135,-0.013749259975878392,-0.004519634881571592,-0.017070575914890224,-0.0011983189425597614,0.003,3.3871615814651435,0.199279576419962
shortfall_6,Middle,Middle+Large,upper,-0.006519806355046769,0.0023647528942519697,0.006267459256683907,-0.011177458547927791,-0.0018621541621657483,-0.014529606508115547,0.001489993798022008,0.4089,3.3871615814651435,1.0
shortfall_6,Middle,Upper+Large,lower,-0.10928865006712063,0.038218006030599744,0.004604173580171528,-0.18456339865867305,-0.03401390147556821,-0.23873921181417124,0.020161911679929978,0.317,3.3871615814651435,1.0
shortfall_6,Middle,Upper+Large,upper,-0.08846580698236495,0.03864156820621386,0.022900685708281333,-0.16457480988474446,-0.012356804079985434,-0.2193510422580175,0.0424194282932876,0.8419,3.3871615814651435,1.0
shortfall_6,Upper,Control+Large,lower,0.01971762387984445,0.024112162896715212,0.41429038665955653,-0.02777404794090839,0.06720929570059729,-0.0619541679299386,0.1013894156896275,1.0,3.3871615814651435,1.0
shortfall_6,Upper,Control+Large,upper,0.04584816218062733,0.02433925123556136,0.06077852816546735,-0.002090786183046943,0.09378711054430161,-0.03659281452609414,0.1282891388873488,0.9901,3.3871615814651435,1.0
shortfall_6,Upper,Lower+Large,lower,-0.01435675576682877,0.025861034740662765,0.5792944092268623,-0.06529303137634528,0.036579519842687744,-0.10195225909733707,0.07323874756367954,1.0,3.3871615814651435,1.0
shortfall_6,Upper,Lower+Large,upper,0.01873425753898123,0.027925893469803578,0.5029389915882558,-0.036268994290820006,0.07373750936878246,-0.07585525595002579,0.11332377102798824,1.0,3.3871615814651435,1.0
shortfall_6,Upper,Middle+Large,lower,0.08063978060463695,0.03695668443342633,0.03005172624398556,0.007849349641908601,0.1534302115673653,-0.04453848108659564,0.20581804229586953,0.9052,3.3871615814651435,1.0
shortfall_6,Upper,Middle+Large,upper,0.10118945744884555,0.03656875703148748,0.006083645973161835,0.02916309402091588,0.17321582087677523,-0.022674831450142166,0.22505374634783326,0.3993,3.3871615814651435,1.0
shortfall_6,Upper,Upper+Large,lower,-0.00021253773486966387,0.0002092663347213977,0.3107981348019804,-0.0006247117955000497,0.00019963632576072194,-0.0009213566241320074,0.0004962811543926796,1.0,3.3871615814651435,1.0
shortfall_6,Upper,Upper+Large,upper,-5.8427477361614e-05,0.00020759605749672195,0.778602514599531,-0.00046731173532503186,0.00035045678060180387,-0.0007615888677781396,0.0006447339130549116,1.0,3.3871615814651435,1.0
shortfall_6,Control+Large,Lower+Large,lower,-0.05691704489571151,0.01784238509202331,0.001606826274076269,-0.09205966984062261,-0.021774419950800407,-0.11735208620111928,0.0035179964096962654,0.108,3.3871615814651435,1.0
shortfall_6,Control+Large,Lower+Large,upper,-0.004271239392607807,0.02044917016184681,0.834721063298159,-0.04454822667463472,0.03600574788941911,-0.07353588293765867,0.06499340415244306,1.0,3.3871615814651435,1.0
shortfall_6,Control+Large,Middle+Large,lower,0.03652298244852191,0.03198101673636987,0.25455129244496155,-0.026467300001195265,0.09951326489823908,-0.07180188877710388,0.1448478536741477,1.0,3.3871615814651435,1.0
shortfall_6,Control+Large,Middle+Large,upper,0.07974046954448882,0.031353607540048116,0.011593084317832772,0.01798594150538465,0.141494997583593,-0.026459265355498002,0.18594020444447565,0.6216,3.3871615814651435,1.0
shortfall_6,Control+Large,Upper+Large,lower,-0.045906589657988946,0.02416888992292125,0.058675813023615804,-0.09350999186657485,0.0016968125505969697,-0.12777052507156786,0.03595734575558996,0.9891,3.3871615814651435,1.0
shortfall_6,Control+Large,Upper+Large,upper,-0.01993016161471412,0.023938994963168772,0.4059086649212474,-0.0670807593184293,0.027220436089001057,-0.10101540565284697,0.06115508242341872,1.0,3.3871615814651435,1.0
shortfall_6,Lower+Large,Middle+Large,lower,0.06363688709016802,0.03481892545795976,0.06880815033716041,-0.004942982251455896,0.13221675643179193,-0.05430043952893192,0.18157421370926796,0.9941,3.3871615814651435,1.0
shortfall_6,Lower+Large,Middle+Large,upper,0.11381484919116204,0.03275161961486752,0.0006030380675879373,0.049306775941569195,0.17832292244075487,0.002879821500922558,0.22474987688140152,0.0323,3.3871615814651435,0.923251281477132
shortfall_6,Lower+Large,Upper+Large,lower,-0.018792685016342844,0.02778213397791892,0.49940022708667403,-0.07351278602973041,0.035927415997044715,-0.11289526187746719,0.0753098918447815,1.0,3.3871615814651435,1.0
shortfall_6,Lower+Large,Upper+Large,upper,0.014144218031959099,0.02570487333608605,0.5826421993515752,-0.03648447977091297,0.06477291583483118,-0.07292234138845932,0.10121077745237753,1.0,3.3871615814651435,1.0
shortfall_6,Middle+Large,Upper+Large,lower,-0.10124788492620716,0.036462484819179054,0.005911017775670279,-0.17306493303670817,-0.029430836815706143,-0.22475221267048648,0.022256442818072153,0.3912,3.3871615814651435,1.0
shortfall_6,Middle+Large,Upper+Large,upper,-0.08085231833950662,0.036851103681297154,0.029165420770168694,-0.153434795894978,-0.008269840784035254,-0.20567296096338505,0.04396832428437181,0.8989,3.3871615814651435,1.0
shortfall_7,Gikuriro,Control,lower,-0.00986453841239543,0.020199653924625853,0.62573390131861,-0.04965007483193414,0.029920998007143283,-0.07828403014477972,0.05855495331998886,1.0,3.3871615814651435,1.0
shortfall_7,Gikuriro,Control,upper,0.042807802961089825,0.02044834237123004,0.03732809617928919,0.0025324461076758967,0.08308315981450376,-0.02645403672338642,0.11206964264556607,0.9441,3.3871615814651435,1.0
shortfall_7,Gikuriro,Lower,lower,-0.05501599148994496,0.023211535535506023,0.01854729509714761,-0.10073377437113841,-0.00929820860875151,-0.13363721290262393,0.023605229922733992,0.7843,3.3871615814651435,1.0
shortfall_7,Gikuriro,Lower,upper,0.003822764793113609,0.02626073854732502,0.8843799033992414,-0.0479007733317078,0.05554630291793502,-0.08512659991528647,0.09277212950151369,1.0,3.3871615814651435,1.0
shortfall_7,Gikuriro,Middle,lower,0.041032776571217455,0.03662428346581729,0.26364397148761265,-0.031102952541070913,0.11316850568350582,-0.08301958933288793,0.16508514247532285,1.0,3.3871615814651435,1.0
shortfall_7,Gikuriro,Middle,upper,0.08487933041561213,0.036351382952308206,0.020346818368189065,0.013281110181428343,0.1564775506497959,-0.03824867735357319,0.20800733818479744,0.8111,3.3871615814651435,1.0
shortfall_7,Gikuriro,Upper,lower,-0.044107944291113366,0.026617001096601017,0.09876192946279289,-0.09653318238970798,0.008317293807481252,-0.13426402781933594,0.046048139237109195,0.9991,3.3871615814651435,1.0
shortfall_7,Gikuriro,Upper,upper,-0.02003263275011169,0.02673304430912992,0.454354262722521,-0.07268643127234212,0.03262116577211873,-0.11058177338960194,0.07051650788937856,1.0,3.3871615814651435,1.0
shortfall_7,Gikuriro,Control+Large,lower,-0.02415560882942977,0.01831279112495126,0.18837171845475248,-0.06022475243772299,0.01191353477886345,-0.08618399137726052,0.03787277371840098,1.0,3.3871615814651435,1.0
shortfall_7,Gikuriro,Control+Large,upper,0.025898007043113097,0.018484717915368012,0.1624543655165964,-0.010509766108396261,0.062305780194622455,-0.03671271932404188,0.08850873341026808,1.0,3.3871615814651435,1.0
shortfall_7,Gikuriro,Lower+Large,lower,-0.057194350595510104,0.0212124979774123,0.007494647723287785,-0.09897479960611663,-0.015413901584903585,-0.1290445087915081,0.014655807600487902,0.4682,3.3871615814651435,1.0
shortfall_7,Gikuriro,Lower+Large,upper,-0.000962231868208499,0.023641231453675946,0.9675668034692421,-0.04752635017007145,0.045601886433654454,-0.08103890278662501,0.07911443905020801,1.0,3.3871615814651435,1.0
shortfall_7,Gikuriro,Middle+Large,lower,0.03354351347436446,0.03454553916435077,0.33250111781157726,-0.03449789018950232,0.10158491713823124,-0.08346780959412393,0.15055483654285284,1.0,3.3871615814651435,1.0
shortfall_7,Gikuriro,Middle+Large,upper,0.07725026181578924,0.03430092219127863,0.025192649272525028,0.00969065935145362,0.14480986428012488,-0.03893250403933492,0.19343302767091342,0.867,3.3871615814651435,1.0
shortfall_7,Gikuriro,Upper+Large,lower,-0.044314108911128566,0.026462698703908268,0.09528079499170014,-0.09643543074031546,0.007807212918058332,-0.1339475453028941,0.04531932748063697,0.9983,3.3871615814651435,1.0
shortfall_7,Gikuriro,Upper+Large,upper,-0.02009364726228318,0.026578814432475045,0.45036815439263966,-0.07244367234376406,0.0322563778191977,-0.11012038638885394,0.06993309186428756,1.0,3.3871615814651435,1.0
shortfall_7,Control,Lower,lower,-0.07416639751721738,0.023260415479866608,0.0016146721817655058,-0.11998045505805596,-0.02835233997637878,-0.15295318319953866,0.004620388165103906,0.1085,3.3871615814651435,1.0
shortfall_7,Control,Lower,upper,-0.009970093728308371,0.026111094354211436,0.7029130678593967,-0.06139889044234577,0.041458702985729026,-0.09841258937490475,0.07847240191828801,1.0,3.3871615814651435,1.0
shortfall_7,Control,Middle,lower,0.02188237054394504,0.0366552818262866,0.5510693568240159,-0.050314413396510174,0.09407915448440025,-0.10227499181583041,0.1460397329037205,1.0,3.3871615814651435,1.0
shortfall_7,Control,Middle,upper,0.07108647189419015,0.036243425636505906,0.05096020264501169,-0.00029911401785945313,0.14247205780623975,-0.05167586700247152,0.1938488107908518,0.9809,3.3871615814651435,1.0
shortfall_7,Control,Upper,lower,-0.06325835031838578,0.026659637914953363,0.0184195855988878,-0.11576756652352124,-0.010749134113250312,-0.1535588516396873,0.02704215100291575,0.7823,3.3871615814651435,1.0
shortfall_7,Control,Upper,upper,-0.03382549127153367,0.02658605870296448,0.20446234012138645,-0.08618978477506109,0.018538802231993744,-0.12387676791279198,0.05622578536972464,1.0,3.3871615814651435,1.0
shortfall_7,Control,Control+Large,lower,-0.021271660494522796,0.004998800298367713,2.9653726594706133e-05,-0.03111737132040237,-0.01142594966864322,-0.03820340481857041,-0.004339916170475182,0.0004,3.3871615814651435,0.048721072795102176
shortfall_7,Control,Control+Large,upper,-0.009929205840488259,0.004828882360527914,0.04081297536715784,-0.019440243788828256,-0.0004181678921482638,-0.026285410653483124,0.006426998972506606,0.9555,3.3871615814651435,1.0
shortfall_7,Control,Lower+Large,lower,-0.07634475662278252,0.02126597321595417,0.00039880368248931965,-0.11823053125225805,-0.034458981993306985,-0.14837604409232924,-0.004313469153235799,0.0186,3.3871615814651435,0.6173481004934668
shortfall_7,Control,Lower+Large,upper,-0.01475509038963048,0.023474894759505247,0.5302260195240395,-0.06099158948432642,0.03148140870506546,-0.09426835204796408,0.06475817126870312,1.0,3.3871615814651435,1.0
shortfall_7,Control,Middle+Large,lower,0.014393107447092043,0.03457840109859986,0.6775917433960758,-0.05371302156735561,0.0824992364615397,-0.10272952430257751,0.1315157391967616,1.0,3.3871615814651435,1.0
shortfall_7,Control,Middle+Large,upper,0.06345740329436726,0.03418649035065929,0.06461407935060728,-0.0038768125282217375,0.13079161911695625,-0.052337763426514736,0.17925257001524925,0.9925,3.3871615814651435,1.0
shortfall_7,Control,Upper+Large,lower,-0.06346451493840098,0.026505583733881195,0.01739468756420883,-0.11567030375539904,-0.011258726121402926,-0.15324320985611078,0.02631417997930882,0.7632,3.3871615814651435,1.0
shortfall_7,Control,Upper+Large,upper,-0.03388650578370516,0.026430971150517978,0.20101812713124004,-0.08594533655558867,0.018172324988178355,-0.1234124758255532,0.05563946425814289,1.0,3.3871615814651435,1.0
shortfall_7,Lower,Middle,lower,0.060867408711921256,0.04018832379042969,0.131163833166517,-0.018288106811791882,0.1400229242356344,-0.07525693765450384,0.19699175507834635,0.9999,3.3871615814651435,1.0
shortfall_7,Lower,Middle,upper,0.11623792497173968,0.03800441112700392,0.0024691053152459345,0.04138387605394153,0.19109197388953783,-0.012489156323854417,0.24496500626733378,0.1767,3.3871615814651435,1.0
shortfall_7,Lower,Upper,lower,-0.024273312150409565,0.03134051654131341,0.43937436459710794,-0.08600205596524577,0.03745543166442664,-0.13042870572241919,0.08188208142160006,1.0,3.3871615814651435,1.0
shortfall_7,Lower,Upper,upper,0.01132596180601586,0.028940765031333915,0.6958761006952462,-0.045676196025991406,0.06832811963802313,-0.08670108564632824,0.10935300925835996,1.0,3.3871615814651435,1.0
shortfall_7,Lower,Control+Large,lower,-0.004320976688725969,0.024680387932242337,0.8611622938160283,-0.05293183292371757,0.044289879546265634,-0.08791743850847317,0.07927548513102123,1.0,3.3871615814651435,1.0
shortfall_7,Lower,Control+Large,upper,0.05725660159924065,0.021554512728793093,0.008413309042408812,0.014802515287824176,0.09971068791065713,-0.015752015822928733,0.13026521902141003,0.5122,3.3871615814651435,1.0
shortfall_7,Lower,Lower+Large,lower,-0.007556578200740856,0.0040538289550690445,0.06349972129503342,-0.01554105952563402,0.00042790312415230854,-0.02128755189518171,0.0061743954936999985,0.9919,3.3871615814651435,1.0
shortfall_7,Lower,Lower+Large,upper,0.0005932224338535963,0.0035313190739015778,0.8667294718763174,-0.006362115719363069,0.0075485605870702615,-0.011367925865160897,0.01255437073286809,1.0,3.3871615814651435,1.0
shortfall_7,Lower,Middle+Large,lower,0.05337814561506826,0.03830349208434621,0.16470368819934003,-0.02206497756930559,0.1288212687994421,-0.07636197120898347,0.18311826243912,1.0,3.3871615814651435,1.0
shortfall_7,Lower,Middle+Large,upper,0.10860885637191679,0.03604809961339331,0.002856880905029197,0.037607987477061025,0.17960972526677255,-0.013491881723397506,0.2307095944672311,0.2035,3.3871615814651435,1.0
shortfall_7,Lower,Upper+Large,lower,-0.024479476770424762,0.031209576293082034,0.433581724337773,-0.0859503187402971,0.03699136519944757,-0.13019135456415756,0.08123240102330803,1.0,3.3871615814651435,1.0
shortfall_7,Lower,Upper+Large,upper,0.01126494729384437,0.028798361050603558,0.6960115544791144,-0.045456729556519554,0.0679866241442083,-0.08627975486592215,0.10880964945361091,1.0,3.3871615814651435,1.0
shortfall_7,Middle,Upper,lower,-0.10532987777290809,0.04017492539595737,0.00929028642154928,-0.1844590036211728,-0.026200751924643398,-0.2414088416123232,0.03074908606650703,0.5472,3.3871615814651435,1.0
shortfall_7,Middle,Upper,upper,-0.08472280625514655,0.04049852636908359,0.037460048877175564,-0.1644893013548723,-0.004956311155420806,-0.22189785887845953,0.05245224636816642,0.9451,3.3871615814651435,1.0
shortfall_7,Middle,Control+Large,lower,-0.08537754231122449,0.03522666890269891,0.016084069252379117,-0.15476050915793588,-0.01599457546451309,-0.20469596186143912,0.03394087723899014,0.7393,3.3871615814651435,1.0
shortfall_7,Middle,Control+Large,upper,-0.03879216646192177,0.03559718776032992,0.276883684572434,-0.10890491271769685,0.03132057979385332,-0.15936559325191252,0.08178126032806897,1.0,3.3871615814651435,1.0
shortfall_7,Middle,Lower+Large,lower,-0.11841628407730483,0.036817522372316176,0.0014719345976225262,-0.1909326193911089,-0.04589994876350076,-0.2431231813815476,0.006290613226937927,0.0968,3.3871615814651435,1.0
shortfall_7,Middle,Lower+Large,upper,-0.06565240537324336,0.03852768880532197,0.08963275332841623,-0.14153710972731479,0.010232298980828058,-0.19615191271727467,0.06484710197078793,0.9981,3.3871615814651435,1.0
shortfall_7,Middle,Middle+Large,lower,-0.008860107187733945,0.0024809044035421926,0.0004268326357583026,-0.013746533107149796,-0.003973681268318095,-0.017263331270699758,-0.00045688310476813335,0.0198,3.3871615814651435,0.6603100875180941
shortfall_7,Middle,Middle+Large,upper,-0.006258224508941958,0.002481994588703723,0.012317424728840955,-0.01114679767313784,-0.0013696513447460758,-0.014665141225203588,0.0021486922073196725,0.646,3.3871615814651435,1.0
shortfall_7,Middle,Upper+Large,lower,-0.10553604239292329,0.040072862461871986,0.00898164745938825,-0.1844641435802561,-0.02660794120559047,-0.2412693025831128,0.03019721779726621,0.5351,3.3871615814651435,1.0
shortfall_7,Middle,Upper+Large,upper,-0.08478382076731805,0.04039688548229181,0.03685264101264495,-0.1643501224766888,-0.0052175190579473035,-0.22161459928378388,0.052046957749147776,0.9413,3.3871615814651435,1.0
shortfall_7,Upper,Control+Large,lower,0.01953442085449933,0.025182351309377658,0.43865717674107013,-0.030065109854659627,0.06913395156365829,-0.06576227203158312,0.10483111374058178,1.0,3.3871615814651435,1.0
shortfall_7,Upper,Control+Large,upper,0.04634855440040905,0.025185042871436695,0.0669208352738579,-0.003256277649095869,0.09595338644991397,-0.0389572552412739,0.13165436404209202,0.9933,3.3871615814651435,1.0
shortfall_7,Upper,Lower+Large,lower,-0.013504320911581005,0.027363526255300905,0.622087000153555,-0.06739992597786645,0.04039128415470444,-0.106189005776949,0.07918036395378698,1.0,3.3871615814651435,1.0
shortfall_7,Upper,Lower+Large,upper,0.019488315489087457,0.029180634206124684,0.5048522508250778,-0.037986292208901346,0.07696292318707626,-0.07935120761668568,0.1183278385948606,1.0,3.3871615814651435,1.0
shortfall_7,Upper,Middle+Large,lower,0.07723354315829356,0.038628833464635116,0.046663218571607795,0.001149622790830987,0.15331746352575615,-0.05360855748993357,0.2080756438065207,0.9719,3.3871615814651435,1.0
shortfall_7,Upper,Middle+Large,upper,0.0977008091730852,0.03832955584398974,0.011410027798596673,0.022206350423141896,0.1731952679230285,-0.03212758981629961,0.22752920816247002,0.6169,3.3871615814651435,1.0
shortfall_7,Upper,Upper+Large,lower,-0.0002095893878914421,0.00022114532666716886,0.34418556206528245,-0.000645160486334922,0.00022598171055203777,-0.0009586443422990355,0.0005394655665161513,1.0,3.3871615814651435,1.0
shortfall_7,Upper,Upper+Large,upper,-5.7589744295235504e-05,0.00021732666947841408,0.7912369319617223,-0.00048563955919475734,0.00037046007060428633,-0.0007937102897802931,0.0006785308011898221,1.0,3.3871615814651435,1.0
shortfall_7,Control+Large,Lower+Large,lower,-0.05666337916538706,0.018986757748467357,0.0031267941933788472,-0.09405997737985863,-0.019266780950915482,-0.1209745955675813,0.0076478372368071965,0.2229,3.3871615814651435,1.0
shortfall_7,Control+Large,Lower+Large,upper,-0.0032356015120148657,0.02150557052363513,0.880529143606083,-0.045593290534001005,0.03912208750997127,-0.07607844377716101,0.06960724075313128,1.0,3.3871615814651435,1.0
shortfall_7,Control+Large,Middle+Large,lower,0.032533941952979845,0.033354994111831474,0.3303238895633386,-0.033162546608734494,0.09823043051469418,-0.0804448126526118,0.1455126965585715,1.0,3.3871615814651435,1.0
shortfall_7,Control+Large,Middle+Large,upper,0.07651743512349055,0.03299768389526698,0.02121870736321699,0.011524710036499367,0.14151016021048174,-0.03525105204388884,0.18828592229086993,0.8214,3.3871615814651435,1.0
shortfall_7,Control+Large,Upper+Large,lower,-0.0464061441447043,0.025006069530727874,0.06467384612708238,-0.09565846766156469,0.002846179372156088,-0.13110574216263188,0.03829345387322326,0.9925,3.3871615814651435,1.0
shortfall_7,Control+Large,Upper+Large,upper,-0.019744010242390767,0.025000962407510142,0.4304429311530317,-0.06898627469400498,0.02949825420922344,-0.10442630960876342,0.06493828912398189,1.0,3.3871615814651435,1.0
shortfall_7,Lower+Large,Middle+Large,lower,0.05939418086430143,0.03649887862159579,0.10495093492945598,-0.012494549016436818,0.13128291074503967,-0.06423341856932728,0.18302178029793015,0.9995,3.3871615814651435,1.0
shortfall_7,Lower+Large,Middle+Large,upper,0.10955617688957088,0.034729284060557544,0.0018064946533730177,0.04115286656694561,0.17795948721219615,-0.008077519832139404,0.22718987361128118,0.1242,3.3871615814651435,1.0
shortfall_7,Lower+Large,Upper+Large,lower,-0.01954590523338271,0.02903127502512569,0.5014045877944899,-0.0767263328846538,0.03763452241788838,-0.11787952465943696,0.07878771419267153,1.0,3.3871615814651435,1.0
shortfall_7,Lower+Large,Upper+Large,upper,0.013294731523689568,0.027202599625256455,0.6254663780918893,-0.04028391007755842,0.06687337312493755,-0.0788448688429572,0.10543433189033634,1.0,3.3871615814651435,1.0
shortfall_7,Middle+Large,Upper+Large,lower,-0.09775839891738046,0.038219625011601394,0.011131522955363207,-0.17303633627780207,-0.022480461556958833,-0.22721444441468097,0.031697646579920066,0.6085,3.3871615814651435,1.0
shortfall_7,Middle+Large,Upper+Large,upper,-0.07744313254618498,0.03851904889937037,0.045463687543865205,-0.15331081961401072,-0.0015754454783592359,-0.20791337513270952,0.05302711004033955,0.9692,3.3871615814651435,1.0
shortfall_8,Gikuriro,Control,lower,-0.009445885103702478,0.019698038491736486,0.6319828890835192,-0.04824343236519465,0.02935166215778969,-0.0761663243131339,0.057274554105728945,1.0,3.3871615814651435,1.0
shortfall_8,Gikuriro,Control,upper,0.043043098062163776,0.019915557883146476,0.031635003171216876,0.0038171213978119983,0.08226907472651555,-0.024414114473075246,0.1105003105974028,0.9163,3.3871615814651435,1.0
shortfall_8,Gikuriro,Lower,lower,-0.055291697001116524,0.023753451084141907,0.020734779206506668,-0.10207684474296644,-0.008506549259266603,-0.13574847394053355,0.0251650799383005,0.8165,3.3871615814651435,1.0
shortfall_8,Gikuriro,Lower,upper,0.003531522887803562,0.027047464365817227,0.8962236394540909,-0.049741562017403734,0.05680460779301086,-0.08808260928814003,0.09514565506374716,1.0,3.3871615814651435,1.0
shortfall_8,Gikuriro,Middle,lower,0.03974403601975823,0.03445499262704344,0.24981778439667798,-0.028119025848197282,0.10760709788771375,-0.07696059129622809,0.15644866333574456,1.0,3.3871615814651435,1.0
shortfall_8,Gikuriro,Middle,upper,0.08357505347001443,0.0342269328842137,0.015317014647939057,0.016161181436599684,0.15098892550342918,-0.03235709864678016,0.199507205586809,0.7236,3.3871615814651435,1.0
shortfall_8,Gikuriro,Upper,lower,-0.03670324031460426,0.024892618659566504,0.14163043753560678,-0.08573210932163682,0.0123256286924283,-0.12101856190035028,0.04761208127114176,0.9999,3.3871615814651435,1.0
shortfall_8,Gikuriro,Upper,upper,-0.012192900981870536,0.024937606793142022,0.6253206578588401,-0.06131037928060159,0.03692457731686052,-0.09666060464528538,0.0722748026815443,1.0,3.3871615814651435,1.0
shortfall_8,Gikuriro,Control+Large,lower,-0.022483368077133373,0.017944535764854722,0.2114135738507569,-0.057827190494505125,0.01286045434023838,-0.08326441021707652,0.038297674062809775,1.0,3.3871615814651435,1.0
shortfall_8,Gikuriro,Control+Large,upper,0.027393360633655356,0.01811286084028435,0.1317179660931041,-0.008281997335949927,0.06306871860326063,-0.033957825734980254,0.08874454700229097,0.9999,3.3871615814651435,1.0
shortfall_8,Gikuriro,Lower+Large,lower,-0.056567363959196294,0.02160617174258866,0.009388020466638919,-0.09912319862642273,-0.01401152929196986,-0.1297509588082304,0.016616230889837803,0.5517,3.3871615814651435,1.0
shortfall_8,Gikuriro,Lower+Large,upper,-0.00037232497899136047,0.024250867342388516,0.9877629070010376,-0.04813719112255185,0.04739254116456913,-0.08251393115833744,0.08176928120035473,1.0,3.3871615814651435,1.0
shortfall_8,Gikuriro,Middle+Large,lower,0.0327245019749492,0.03253759147473454,0.31552276417305314,-0.031362018291813294,0.0968110222417117,-0.07748557782167942,0.1429345817715778,1.0,3.3871615814651435,1.0
shortfall_8,Gikuriro,Middle+Large,upper,0.07640614512607083,0.03233924669562891,0.018920963682044406,0.012710287662848346,0.1401020025892933,-0.033132108854887,0.18594439910702865,0.7903,3.3871615814651435,1.0
shortfall_8,Gikuriro,Upper+Large,lower,-0.0369239549165469,0.02475487241498992,0.13708445042947268,-0.08568151688779034,0.011833607054696535,-0.12077270771467202,0.04692479788157822,0.9999,3.3871615814651435,1.0
shortfall_8,Gikuriro,Upper+Large,upper,-0.01227331266828545,0.024801536938727938,0.621138155831237,-0.06112278577402688,0.036576160437455985,-0.09628012574843335,0.07173350041186245,1.0,3.3871615814651435,1.0
shortfall_8,Control,Lower,lower,-0.07469293452360137,0.02355348478444047,0.0017100430786049,-0.12108422569101995,-0.0283016433561828,-0.15447239329508194,0.005086524247879198,0.1162,3.3871615814651435,1.0
shortfall_8,Control,Lower,upper,-0.010664452548172887,0.026711211322762458,0.6900539476985379,-0.06327524849830424,0.041946343401958464,-0.10113964133503062,0.07981073623868484,1.0,3.3871615814651435,1.0
shortfall_8,Control,Middle,lower,0.020342798497273384,0.03431744052247726,0.5538686474930445,-0.04724933871592207,0.08793493571046884,-0.0958959176146767,0.13658151460922346,1.0,3.3871615814651435,1.0
shortfall_8,Control,Middle,upper,0.06937907803403798,0.03396183764712371,0.042128538859045474,0.0024873414911244784,0.13627081457695148,-0.04565515368025602,0.18441330974833198,0.9596,3.3871615814651435,1.0
shortfall_8,Control,Upper,lower,-0.056104477837089106,0.024701875856192476,0.023992123935715603,-0.10475765700415116,-0.007451298670027057,-0.13977372272730565,0.02756476705312745,0.8545,3.3871615814651435,1.0
shortfall_8,Control,Upper,upper,-0.026388876417846985,0.024572499145965675,0.2839069448506735,-0.07478723330746925,0.02200948047177529,-0.10961990148564697,0.056842148649953,1.0,3.3871615814651435,1.0
shortfall_8,Control,Control+Large,lower,-0.019977697468315556,0.004971721001733724,7.787567980789168e-05,-0.029770072511984845,-0.010185322424646268,-0.03681771983915143,-0.003137675097479687,0.0014,3.3871615814651435,0.12608072560897662
shortfall_8,Control,Control+Large,upper,-0.008709522933623773,0.004782363642659227,0.06978993224250381,-0.018128936928857392,0.0007098910616098481,-0.024908161332634803,0.0074891154653872576,0.9946,3.3871615814651435,1.0
shortfall_8,Control,Lower+Large,lower,-0.07596860148168114,0.021386137202739137,0.00045738379924906137,-0.11809105287256999,-0.03384615009079228,-0.14840690379074156,-0.003530299172620696,0.0222,3.3871615814651435,0.7052858184420526
shortfall_8,Control,Lower+Large,upper,-0.01456830041496781,0.023875260178001123,0.5423009447617354,-0.06159336514539835,0.03245676431546273,-0.09543766443737786,0.06630106360744223,1.0,3.3871615814651435,1.0
shortfall_8,Control,Middle+Large,lower,0.013323264452464352,0.032391898154644536,0.6811984336530029,-0.05047629610131723,0.07712282500624593,-0.09639332852767929,0.12303985743260801,1.0,3.3871615814651435,1.0
shortfall_8,Control,Middle+Large,upper,0.06221016969009438,0.032058545795931946,0.05345476451508922,-0.0009328151392917483,0.1253531545194805,-0.04637730498752719,0.17079764436771594,0.9845,3.3871615814651435,1.0
shortfall_8,Control,Upper+Large,lower,-0.05632519243903175,0.024563059975633638,0.02268392120146793,-0.10470495779949135,-0.007945427078572147,-0.13952424551172216,0.026873860633658653,0.8404,3.3871615814651435,1.0
shortfall_8,Control,Upper+Large,upper,-0.026469288104261898,0.024434396170812302,0.27974057475999914,-0.07459563533628738,0.021657059127763584,-0.10923253608033634,0.05629395987181254,1.0,3.3871615814651435,1.0
shortfall_8,Lower,Middle,lower,0.0598543736716336,0.038892449226513866,0.12509129944823788,-0.016748768190124233,0.13645751553339142,-0.0718806361574979,0.1915893835007651,0.9999,3.3871615814651435,1.0
shortfall_8,Lower,Middle,upper,0.11522488993145202,0.03646395664700116,0.0017746913725322168,0.04340494288715549,0.18704483697574856,-0.008284423131480853,0.23873420299438491,0.1215,3.3871615814651435,1.0
shortfall_8,Lower,Upper,lower,-0.016592902662728892,0.03074278051247056,0.5898672073820697,-0.07714433677545157,0.04395853144999379,-0.12072366772198447,0.08753786239652668,1.0,3.3871615814651435,1.0
shortfall_8,Lower,Upper,upper,0.01945693547956706,0.02792886378396504,0.4866703991071456,-0.03555216672483412,0.07446603768396824,-0.07514263894345254,0.11405650990258666,1.0,3.3871615814651435,1.0
shortfall_8,Lower,Control+Large,lower,-0.0023730304252580076,0.02544567652320314,0.9257736507633525,-0.05249121036097942,0.04774514951046341,-0.08856164835904123,0.08381558750852522,1.0,3.3871615814651435,1.0
shortfall_8,Lower,Control+Large,upper,0.05904319709509295,0.022050236450283638,0.007910828612868613,0.015612726027334344,0.10247366816285156,-0.01564451667153012,0.133730910861716,0.4894,3.3871615814651435,1.0
shortfall_8,Lower,Lower+Large,lower,-0.006653886053255502,0.0042198562059280595,0.11612050237579753,-0.014965377101203096,0.0016576049946920926,-0.02094722087328229,0.007639448766771284,0.9997,3.3871615814651435,1.0
shortfall_8,Lower,Lower+Large,upper,0.0014743712283807817,0.003654063794861611,0.6869382655847369,-0.005722726738359618,0.00867146919512118,-0.010902533273797196,0.013851275730558759,1.0,3.3871615814651435,1.0
shortfall_8,Lower,Middle+Large,lower,0.052834839626824566,0.037204447971768896,0.15683325541360135,-0.020443590056819706,0.12611326931046885,-0.07318263720276982,0.17885231645641894,1.0,3.3871615814651435,1.0
shortfall_8,Lower,Middle+Large,upper,0.10805598158750843,0.03469818549340378,0.0020622125652717126,0.03971392346161427,0.17639803971340257,-0.009472379262300032,0.2255843424373169,0.1461,3.3871615814651435,1.0
shortfall_8,Lower,Upper+Large,lower,-0.016813617264671538,0.03063135318900832,0.5835684069183924,-0.07714558247697241,0.043518347947629335,-0.12056695997477032,0.08693972544542725,1.0,3.3871615814651435,1.0
shortfall_8,Lower,Upper+Large,upper,0.019376523793152148,0.027807434873015475,0.48657640595828167,-0.03539341023653693,0.07414645782284122,-0.07481175128781993,0.11356479887412423,1.0,3.3871615814651435,1.0
shortfall_8,Middle,Upper,lower,-0.09663643324493976,0.03721607394229348,0.009978739432449625,-0.16993776161167257,-0.023335104878206933,-0.22269328911524225,0.029420422625362735,0.5724,3.3871615814651435,1.0
shortfall_8,Middle,Upper,upper,-0.0755787975413077,0.03745586083360212,0.044692460831034675,-0.14935241370726154,-0.001805181375353862,-0.20244785035758978,0.05129025527497438,0.9675,3.3871615814651435,1.0
shortfall_8,Middle,Control+Large,lower,-0.08241656100746887,0.03297574957091662,0.013093646771622475,-0.1473660839255746,-0.017467038089363146,-0.1941107530740933,0.02927763105915558,0.6675,3.3871615814651435,1.0
shortfall_8,Middle,Control+Large,upper,-0.035992535925781804,0.0333036485394065,0.2808675248733115,-0.10158789349043458,0.02960282163887097,-0.14879737478107724,0.07681230292951362,1.0,3.3871615814651435,1.0
shortfall_8,Middle,Lower+Large,lower,-0.11650055688953179,0.03510299635811585,0.0010403527658148124,-0.18563993646762134,-0.04736117731144225,-0.23540007754805264,0.002398963768989057,0.0648,3.3871615814651435,1.0
shortfall_8,Middle,Lower+Large,upper,-0.06375822153842853,0.03700218703097064,0.0861231587875841,-0.13663827508867932,0.009121832011822248,-0.18909060787992008,0.06157416480306302,0.9979,3.3871615814651435,1.0
shortfall_8,Middle,Middle+Large,lower,-0.008390378135689956,0.00235398456445263,0.0004377943527451833,-0.013026820867309517,-0.003753935404070395,-0.016363704215765863,-0.0004170520556140492,0.0207,3.3871615814651435,0.6768300693440534
shortfall_8,Middle,Middle+Large,upper,-0.005798064253062642,0.002346500995815375,0.014151582268162584,-0.01041976723747284,-0.0011763612686524448,-0.013746042276958182,0.0021499137708328973,0.6936,3.3871615814651435,1.0
shortfall_8,Middle,Upper+Large,lower,-0.0968571478468824,0.03712408119038216,0.009634340865537442,-0.16997728593208078,-0.02373700976168404,-0.22260240940213763,0.028888113708372826,0.56,3.3871615814651435,1.0
shortfall_8,Middle,Upper+Large,upper,-0.07565920922772261,0.03736540529339796,0.04395902482195781,-0.14925466282700228,-0.002063755628442951,-0.20222187451339452,0.050903456057949284,0.966,3.3871615814651435,1.0
shortfall_8,Upper,Control+Large,lower,0.01335139344441609,0.023190544574733515,0.5653247266821668,-0.032325045330714355,0.059027832219546536,-0.06519872819237618,0.09190151508120836,1.0,3.3871615814651435,1.0
shortfall_8,Upper,Control+Large,upper,0.040454740408580686,0.02327292316915289,0.08340854038849548,-0.00538395246162942,0.0862934332787908,-0.038374410838364,0.11928389165552537,0.9976,3.3871615814651435,1.0
shortfall_8,Upper,Lower+Large,lower,-0.02073260243764683,0.026127029131280663,0.42823026686486276,-0.07219278452372034,0.03072757964842668,-0.10922907174894131,0.06776386687364766,1.0,3.3871615814651435,1.0
shortfall_8,Upper,Lower+Large,upper,0.01268905479593397,0.028313561977891668,0.6544293373475752,-0.043077754647517445,0.06845586423938538,-0.08321355457001292,0.10859166416188087,1.0,3.3871615814651435,1.0
shortfall_8,Upper,Middle+Large,lower,0.06855926349649866,0.035699997938841245,0.05595534841129048,-0.001755979203855354,0.13887450619685265,-0.05236239798032921,0.18948092497332653,0.9869,3.3871615814651435,1.0
shortfall_8,Upper,Middle+Large,upper,0.08946752490099616,0.03548774579849406,0.012329965467705461,0.0195703371480892,0.15936471265390312,-0.030735204280463974,0.2096702540824563,0.6464,3.3871615814651435,1.0
shortfall_8,Upper,Upper+Large,lower,-0.00022783169768550438,0.00020929888024368343,0.2774146038774149,-0.0006400698604567993,0.00018440646508579054,-0.0009367608238905828,0.0004810974285195741,1.0,3.3871615814651435,1.0
shortfall_8,Upper,Upper+Large,upper,-7.329459067205099e-05,0.00020516133907825,0.7212071425270923,-0.00047738339131373007,0.0003307942099696281,-0.0007682091963998428,0.0006216200150557409,1.0,3.3871615814651435,1.0
shortfall_8,Control+Large,Lower+Large,lower,-0.057568825866712164,0.019310602729201785,0.0031580944651623667,-0.0956032739336303,-0.01953437779979402,-0.1229769575460004,0.007839305812576067,0.225,3.3871615814651435,1.0
shortfall_8,Control+Large,Lower+Large,upper,-0.0042808556279974805,0.02207495311275049,0.8463950472017615,-0.04776000899884968,0.03919829774285472,-0.07905228872415032,0.07049057746815537,1.0,3.3871615814651435,1.0
shortfall_8,Control+Large,Middle+Large,lower,0.03019447167271916,0.031205545389052288,0.3341908700792344,-0.03126843096909946,0.09165737431453777,-0.0755037527977455,0.13589269614318383,1.0,3.3871615814651435,1.0
shortfall_8,Control+Large,Middle+Large,upper,0.0740261828717789,0.030889243232778776,0.01729668518777642,0.01318627362405287,0.13486609211950493,-0.030600675086821544,0.17865304083037933,0.7614,3.3871615814651435,1.0
shortfall_8,Control+Large,Upper+Large,lower,-0.04052803499925274,0.023107848794571985,0.08069397816618153,-0.08604159494558564,0.004985524947080162,-0.1187980526665326,0.03774198266802711,0.9971,3.3871615814651435,1.0
shortfall_8,Control+Large,Upper+Large,upper,-0.013579225142101595,0.023023935323674468,0.5558723665610257,-0.0589275078779961,0.031769057593792914,-0.09156501432458998,0.06440656404038679,1.0,3.3871615814651435,1.0
shortfall_8,Lower+Large,Middle+Large,lower,0.057960157285365875,0.03516075118001136,0.10053510502024059,-0.011292977042112039,0.12721329161284378,-0.0611349882870238,0.17705530285775556,0.9994,3.3871615814651435,1.0
shortfall_8,Lower+Large,Middle+Large,upper,0.10811017875384181,0.03319316849156485,0.0012838182273615612,0.04273242432157129,0.17348793318611233,-0.004320446327885974,0.2205408038355696,0.0828,3.3871615814651435,1.0
shortfall_8,Lower+Large,Upper+Large,lower,-0.012762349386606024,0.02818330780828261,0.6510660529129964,-0.06827260829567129,0.04274790952245924,-0.10822376683342746,0.08269906806021543,1.0,3.3871615814651435,1.0
shortfall_8,Lower+Large,Upper+Large,upper,0.020504770739961327,0.02598581025875909,0.43082452957169404,-0.030677264571083343,0.071686806051006,-0.06751336743175027,0.1085229089116729,1.0,3.3871615814651435,1.0
shortfall_8,Middle+Large,Upper+Large,lower,-0.08954081949166821,0.03538798063621434,0.012020120023885635,-0.15924150830889577,-0.01984013067444064,-0.20940562794828585,0.030323988964949422,0.6369,3.3871615814651435,1.0
shortfall_8,Middle+Large,Upper+Large,upper,-0.06878709519418418,0.03560140912450021,0.054485205964527154,-0.13890815591111605,0.0013339655227477126,-0.18937482042671389,0.051800630038345535,0.9855,3.3871615814651435,1.0
shortfall_9,Gikuriro,Control,lower,-0.011671839548559604,0.018019679041509723,0.5177628873885671,-0.047163665272383866,0.02381998617526466,-0.07270740410829397,0.04936372501117477,1.0,3.3871615814651435,1.0
shortfall_9,Gikuriro,Control,upper,0.04094631571381474,0.01822229498951503,0.025520674587025657,0.005055414629163785,0.0768372167984657,-0.02077554180079534,0.10266817322842482,0.87,3.3871615814651435,1.0
shortfall_9,Gikuriro,Lower,lower,-0.05306000072510808,0.02188750020432535,0.016060194627944543,-0.0961699440816241,-0.009950057368592051,-0.12719650053150938,0.02107649908129322,0.7387,3.3871615814651435,1.0
shortfall_9,Gikuriro,Lower,upper,0.005920309359688292,0.024916669092040468,0.8123849336839201,-0.043155929734013526,0.05499654845339011,-0.07847647492695116,0.09031709364632774,1.0,3.3871615814651435,1.0
shortfall_9,Gikuriro,Middle,lower,0.03392882583520246,0.031170957690120283,0.27744612087570975,-0.027465952364451846,0.09532360403485676,-0.07165224451024843,0.13950989618065335,1.0,3.3871615814651435,1.0
shortfall_9,Gikuriro,Middle,upper,0.07791693348133494,0.030836757996384433,0.012137636154010426,0.017180399929640496,0.1386534670330294,-0.026532148500956462,0.18236601546362635,0.6404,3.3871615814651435,1.0
shortfall_9,Gikuriro,Upper,lower,-0.032765025765875644,0.02271163110443454,0.15038484351408596,-0.0774981895034492,0.011968137971697913,-0.10969299009522508,0.044162938563473794,1.0,3.3871615814651435,1.0
shortfall_9,Gikuriro,Upper,upper,-0.0076658962524138174,0.02285399106194216,0.7375860524136899,-0.05267945426284165,0.03734766175801402,-0.08507605676057207,0.06974426425574444,1.0,3.3871615814651435,1.0
shortfall_9,Gikuriro,Control+Large,lower,-0.022927532228140174,0.016433515252290445,0.16421803912188893,-0.05529522634858074,0.009440161892300389,-0.07859050373911983,0.032735439282839486,1.0,3.3871615814651435,1.0
shortfall_9,Gikuriro,Control+Large,upper,0.02713138451534229,0.016641732430466617,0.10430792506909195,-0.0056464172315166886,0.05990918626220127,-0.02923685222215678,0.08349962125284136,0.9995,3.3871615814651435,1.0
shortfall_9,Gikuriro,Lower+Large,lower,-0.053884943295494564,0.01989535595382783,0.007233190378553314,-0.09307112994177716,-0.01469875664921197,-0.121273728631874,0.013503842040884867,0.4555,3.3871615814651435,1.0
shortfall_9,Gikuriro,Lower+Large,upper,0.0024966049727250528,0.022357554346760296,0.911177995819582,-0.041539163958465866,0.04653237390391597,-0.07323204416614044,0.07822525411159055,1.0,3.3871615814651435,1.0
shortfall_9,Gikuriro,Middle+Large,lower,0.02765587272022913,0.029445322864169687,0.3485312310491343,-0.030340069664174768,0.08565181510463303,-0.0720801936391236,0.12739193907958188,1.0,3.3871615814651435,1.0
shortfall_9,Gikuriro,Middle+Large,upper,0.07150767298845184,0.029159928893881863,0.014889117020841376,0.014073846778967176,0.12894149919793652,-0.02726171787916018,0.17027706385606386,0.7135,3.3871615814651435,1.0
shortfall_9,Gikuriro,Upper+Large,lower,-0.03297556334070075,0.022586222565062063,0.14556469369805417,-0.07746172056870029,0.011510593887298796,-0.10947874868350008,0.04352762200209858,1.0,3.3871615814651435,1.0
shortfall_9,Gikuriro,Upper+Large,upper,-0.007738091593843931,0.022730920544982616,0.7338285552610614,-0.05250924809814021,0.03703306491045234,-0.08473139237514578,0.06925520918745791,1.0,3.3871615814651435,1.0
shortfall_9,Control,Lower,lower,-0.07020736570336755,0.021594177544897786,0.0013091160373803212,-0.11273957642184546,-0.02767515498488965,-0.14335033426678262,0.002935602860047515,0.0836,3.3871615814651435,1.0
shortfall_9,Control,Lower,upper,-0.006206801827307373,0.024510059880844648,0.8002973634452717,-0.05448217741904447,0.042068573764429726,-0.0892263350151145,0.07681273136049975,1.0,3.3871615814651435,1.0
shortfall_9,Control,Middle,lower,0.016781460856942987,0.03096569782784645,0.5883503749797542,-0.04420903448932989,0.07777195620321586,-0.08810436116879716,0.12166728288268314,1.0,3.3871615814651435,1.0
shortfall_9,Control,Middle,upper,0.06578982229433927,0.030509150765760835,0.03201834530159571,0.005698548777985792,0.12588109581069276,-0.037549601062573684,0.16912924565125223,0.9184,3.3871615814651435,1.0
shortfall_9,Control,Upper,lower,-0.049912390744135116,0.02242908883726987,0.02696176056803137,-0.0940890550633382,-0.005735726424932024,-0.12588333876100433,0.026058557272734095,0.8815,3.3871615814651435,1.0
shortfall_9,Control,Upper,upper,-0.019793007439409482,0.022409987598829183,0.3779748293335204,-0.06393204967753752,0.02434603479871856,-0.095699256475274,0.05611324159645503,1.0,3.3871615814651435,1.0
shortfall_9,Control,Control+Large,lower,-0.018189190469980854,0.0045894245867826545,9.681920891990932e-05,-0.027228588853908848,-0.00914979208605286,-0.0337343131113626,-0.002644067828599106,0.0015,3.3871615814651435,0.15587892636105402
shortfall_9,Control,Control+Large,upper,-0.006881433408072152,0.004391795028974623,0.11842201471341902,-0.015531577698881102,0.0017687108827367983,-0.02175715280388459,0.007994285987740286,0.9998,3.3871615814651435,1.0
shortfall_9,Control,Lower+Large,lower,-0.07103230827375404,0.01957220036622704,0.0003454355779959426,-0.1095820029064782,-0.032482613641029875,-0.13732651341897628,-0.00473810312853179,0.0151,3.3871615814651435,0.5402612439856542
shortfall_9,Control,Lower+Large,upper,-0.009630506214270612,0.021903489975085844,0.6605540076532126,-0.05277194325920851,0.033510930830667286,-0.0838211659578883,0.06456015352934708,1.0,3.3871615814651435,1.0
shortfall_9,Control,Middle+Large,lower,0.01050850774196966,0.029227946852651485,0.7195011208010346,-0.0470592876427251,0.06807630312666442,-0.0884912709424365,0.10950828642637583,1.0,3.3871615814651435,1.0
shortfall_9,Control,Middle+Large,upper,0.05938056180145618,0.028813262394539636,0.04036196146194681,0.0026295350442036916,0.11613158855870867,-0.03821461361800284,0.15697573722091518,0.9539,3.3871615814651435,1.0
shortfall_9,Control,Upper+Large,lower,-0.05012292831896022,0.022302091570181128,0.025494159359158223,-0.09404945694703737,-0.006196399690883071,-0.12566371607179538,0.02541785943387493,0.87,3.3871615814651435,1.0
shortfall_9,Control,Upper+Large,upper,-0.019865202780839596,0.022284465116817555,0.3735621780355988,-0.06375701408629031,0.024026608524611113,-0.09534628688802417,0.05561588132634497,1.0,3.3871615814651435,1.0
shortfall_9,Lower,Middle,lower,0.051807467211069436,0.035322270679032444,0.1437274449305378,-0.017763798304930217,0.12137873272706909,-0.06783477100306197,0.17144970542520083,0.9999,3.3871615814651435,1.0
shortfall_9,Lower,Middle,upper,0.10717798347088775,0.03294179887139199,0.0012988319175031063,0.04229533035151453,0.17206063659026097,-0.0044012120906430086,0.2187571790324185,0.0831,3.3871615814651435,1.0
shortfall_9,Lower,Upper,lower,-0.014886384390008667,0.028139871890743996,0.5972708560641377,-0.07031109127498497,0.04053832249496763,-0.11020067736568764,0.08042790858567031,1.0,3.3871615814651435,1.0
shortfall_9,Lower,Upper,upper,0.021595153737138995,0.02562345364339076,0.40016206070165294,-0.02887317863763795,0.07206348611191593,-0.06519562402820725,0.10838593150248524,1.0,3.3871615814651435,1.0
shortfall_9,Lower,Control+Large,lower,-0.005048890852273197,0.02336866761608005,0.8291240817975153,-0.0510761633978779,0.040978381693331505,-0.08420234401148818,0.07410456230694179,1.0,3.3871615814651435,1.0
shortfall_9,Lower,Control+Large,upper,0.0563924345048951,0.020278158877050634,0.005837833157158686,0.01645227357270558,0.09633259543708463,-0.01229296618629716,0.12507783519608737,0.3875,3.3871615814651435,1.0
shortfall_9,Lower,Lower+Large,lower,-0.006203161665562187,0.0039055035363172695,0.11349481193402197,-0.013895499057113118,0.0014891757259887436,-0.0194317332000523,0.007025409868927926,0.9996,3.3871615814651435,1.0
shortfall_9,Lower,Lower+Large,upper,0.001954514708212493,0.0033755944622330092,0.5631077204862489,-0.0046941059521165744,0.00860313536854156,-0.009479169168869647,0.013388198585294633,1.0,3.3871615814651435,1.0
shortfall_9,Lower,Middle+Large,lower,0.04553451409609611,0.03380918870926601,0.17927623779267368,-0.02105656284644982,0.11212559103864203,-0.06898267100043481,0.16005169919262704,1.0,3.3871615814651435,1.0
shortfall_9,Lower,Middle+Large,upper,0.10076872297800465,0.0313776659783979,0.0014958474639680292,0.038966809083740075,0.16257063687226925,-0.005512501740070619,0.20704994769607993,0.0999,3.3871615814651435,1.0
shortfall_9,Lower,Upper+Large,lower,-0.015096921964833773,0.028038752689128033,0.5907646987840411,-0.07032246297827491,0.040128619048607365,-0.11006870786565072,0.07987486393598318,1.0,3.3871615814651435,1.0
shortfall_9,Lower,Upper+Large,upper,0.02152295839570888,0.0255137456673452,0.3997187653567764,-0.028729291530687432,0.0717752083221052,-0.06489622072799554,0.1079421375194133,1.0,3.3871615814651435,1.0
shortfall_9,Middle,Upper,lower,-0.08688300851165531,0.03349503896270041,0.01005600818897278,-0.15285533147802854,-0.02091068554528208,-0.20033611765579223,0.026570100632481608,0.5752,3.3871615814651435,1.0
shortfall_9,Middle,Upper,upper,-0.06539367282317154,0.033898780431453904,0.05486583862024756,-0.13216121094368102,0.001373865297337934,-0.1802143195591146,0.049426973912771524,0.9859,3.3871615814651435,1.0
shortfall_9,Middle,Control+Large,lower,-0.07704551497391984,0.029599997824935106,0.00980329979466956,-0.13534610744330472,-0.01874492250453498,-0.17730549041799185,0.02321446047015216,0.5658,3.3871615814651435,1.0
shortfall_9,Middle,Control+Large,upper,-0.030596392055415436,0.030062762108093694,0.30979237579530955,-0.08980845188508126,0.028615667774250383,-0.13242382490067645,0.07123104078984559,1.0,3.3871615814651435,1.0
shortfall_9,Middle,Lower+Large,lower,-0.10800292604127423,0.03165319314411127,0.0007531562185078757,-0.17034752230658168,-0.04565832977596678,-0.21521740578970378,-0.0007884462928446773,0.0439,3.3871615814651435,1.0
shortfall_9,Middle,Lower+Large,upper,-0.055231171598032675,0.03356609366084964,0.10114991801283608,-0.12134344494630572,0.010881101750240374,-0.16892495448592326,0.05846261128985791,0.9994,3.3871615814651435,1.0
shortfall_9,Middle,Middle+Large,lower,-0.007643797205854258,0.002128585141843689,0.00039731408868268447,-0.01183628990889346,-0.0034513045028150566,-0.014853659021184733,-0.00043393539052378246,0.0184,3.3871615814651435,0.6154395233694783
shortfall_9,Middle,Middle+Large,upper,-0.005038416402002154,0.0021257685345366607,0.01854916517051375,-0.009225361473729876,-0.0008514713302744323,-0.01223873791327219,0.0021619051092678816,0.7843,3.3871615814651435,1.0
shortfall_9,Middle,Upper+Large,lower,-0.08709354608648041,0.03341013165863641,0.009695053156334467,-0.15289863437394635,-0.021288457799014462,-0.20025906047230596,0.026071968299345147,0.5626,3.3871615814651435,1.0
shortfall_9,Middle,Upper+Large,upper,-0.06546586816460166,0.03381593050771933,0.05401518034818459,-0.13207022385285772,0.0011384875236543912,-0.18000588882184365,0.04907415249264034,0.9851,3.3871615814651435,1.0
shortfall_9,Upper,Control+Large,lower,0.008537314759828912,0.021155593467636777,0.6868936594959357,-0.03313105428868727,0.05020568380834509,-0.06312009866684533,0.08019472818650315,1.0,3.3871615814651435,1.0
shortfall_9,Upper,Control+Large,upper,0.036097459545662666,0.021165047830621214,0.08935421830780427,-0.005589530955688517,0.07778445004701384,-0.03559197733608968,0.10778689642741501,0.9981,3.3871615814651435,1.0
shortfall_9,Upper,Lower+Large,lower,-0.022420096307525478,0.02394418300861747,0.3500084436624047,-0.06958091246210696,0.02474071984705601,-0.10352291309388503,0.05868272047883408,1.0,3.3871615814651435,1.0
shortfall_9,Upper,Lower+Large,upper,0.011462680003045428,0.025901201280125595,0.6584756616847397,-0.039552708215261724,0.06247806822135258,-0.07626887388679178,0.09919423389288264,1.0,3.3871615814651435,1.0
shortfall_9,Upper,Middle+Large,lower,0.05912071970819822,0.03231912359572653,0.0685632440463004,-0.004535503000536505,0.12277694241693293,-0.050349374081870284,0.1685908134982667,0.9941,3.3871615814651435,1.0
shortfall_9,Upper,Middle+Large,upper,0.08047374801877222,0.03195799500096158,0.012431813715858647,0.01752880951880513,0.1434186865187393,-0.027773144869139954,0.1887206409066844,0.6497,3.3871615814651435,1.0
shortfall_9,Upper,Upper+Large,lower,-0.000221192408217948,0.00019291069024726776,0.25265433615182636,-0.0006011521501615557,0.00015876733372565977,-0.0008746120868774158,0.00043222727044151985,1.0,3.3871615814651435,1.0
shortfall_9,Upper,Upper+Large,upper,-6.15405080372812e-05,0.00018765043639288164,0.7432250824931623,-0.0004311395763732804,0.000308058560298718,-0.0006971428569324185,0.0005740618408578561,1.0,3.3871615814651435,1.0
shortfall_9,Control+Large,Lower+Large,lower,-0.054437919796682624,0.017727374397492404,0.0023732341214899805,-0.08935401798064177,-0.01952182161272347,-0.1144834012961177,0.0056075617027524435,0.1709,3.3871615814651435,1.0
shortfall_9,Control+Large,Lower+Large,upper,-0.0011542708132890045,0.020260524614161734,0.954614023128821,-0.04105969904109577,0.03875115741451776,-0.06977994140670653,0.06747139978012852,1.0,3.3871615814651435,1.0
shortfall_9,Control+Large,Middle+Large,lower,0.025557975653413292,0.02816518995605804,0.36506319462833786,-0.02991659806657823,0.08103254937340482,-0.06984207370041443,0.12095802500724101,1.0,3.3871615814651435,1.0
shortfall_9,Control+Large,Middle+Large,upper,0.06940171776806557,0.027728356584567584,0.01296430923250958,0.014787537502118094,0.12401589803401306,-0.024518706372347793,0.16332214190847893,0.6634,3.3871615814651435,1.0
shortfall_9,Control+Large,Upper+Large,lower,-0.03615900005369993,0.021013909491938713,0.08655442028892352,-0.07754830625310818,0.0052303061457083175,-0.10733650696118045,0.03501850685378059,0.9979,3.3871615814651435,1.0
shortfall_9,Control+Large,Upper+Large,upper,-0.008758507168046867,0.02100295962552354,0.6770310990735842,-0.050126246348996505,0.03260923201290277,-0.07989892510868374,0.062381910772590005,1.0,3.3871615814651435,1.0
shortfall_9,Lower+Large,Middle+Large,lower,0.05019275519603053,0.03191051204963163,0.11701684169239021,-0.012658660182377435,0.1130441705744385,-0.057893305263362255,0.15827881565542332,0.9998,3.3871615814651435,1.0
shortfall_9,Lower+Large,Middle+Large,upper,0.10035912883541995,0.029952039288049993,0.0009324381776433378,0.0413651503058477,0.1593531073649922,-0.001093267927597577,0.20181152559843746,0.0572,3.3871615814651435,1.0
shortfall_9,Lower+Large,Upper+Large,lower,-0.011524220511082692,0.025782738387316238,0.6552853169373778,-0.06230628246777084,0.03925784144560546,-0.09885452144156683,0.07580608041940144,1.0,3.3871615814651435,1.0
shortfall_9,Lower+Large,Upper+Large,upper,0.022198903899307523,0.023815763255565888,0.35219003770237456,-0.024708974814806585,0.06910678261342162,-0.05846893443321448,0.10286674223182952,1.0,3.3871615814651435,1.0
shortfall_9,Middle+Large,Upper+Large,lower,-0.08053528852680947,0.03186589328623666,0.012118650984082975,-0.14329882213047668,-0.01777175492314227,-0.18847021802501834,0.027399640971399394,0.6396,3.3871615814651435,1.0
shortfall_9,Middle+Large,Upper+Large,upper,-0.05934191211641618,0.032228628588723066,0.06677975452825902,-0.12281989452408647,0.00413607029125411,-0.16850548469544813,0.04982166046261577,0.9932,3.3871615814651435,1.0
shortfall_10,Gikuriro,Control,lower,-0.012786795335609502,0.016400171192233665,0.43632891832293796,-0.045088814503364515,0.01951522383214551,-0.06833682512739478,0.04276323445617577,1.0,3.3871615814651435,1.0
shortfall_10,Gikuriro,Control,upper,0.03969009197178086,0.01662791452147372,0.017741784396538843,0.0069395061823600765,0.07244067776120164,-0.016631341275241282,0.096011525218803,0.7698,3.3871615814651435,1.0
shortfall_10,Gikuriro,Lower,lower,-0.050672599373819294,0.020047123069171793,0.012106720058371415,-0.09015770876983496,-0.011187489977803625,-0.11857544445262158,0.017230245704982994,0.6393,3.3871615814651435,1.0
shortfall_10,Gikuriro,Lower,upper,0.008281126215492485,0.022656043792377532,0.7150397519653766,-0.036342551932052616,0.052904804363037586,-0.06845855490604054,0.08502080733702551,1.0,3.3871615814651435,1.0
shortfall_10,Gikuriro,Middle,lower,0.029638832879170685,0.028379543666796014,0.29733381339501136,-0.026257935072318647,0.08553560083066002,-0.0664872671285132,0.12576493288685459,1.0,3.3871615814651435,1.0
shortfall_10,Gikuriro,Middle,upper,0.07360035602981863,0.027931735283694456,0.00894559785348675,0.01858559807718089,0.12861511398245637,-0.02100894462676564,0.1682096566864029,0.5322,3.3871615814651435,1.0
shortfall_10,Gikuriro,Upper,lower,-0.029287000661978868,0.020595391247703185,0.15628276375804545,-0.06985198715222743,0.011277985828269686,-0.09904691865144256,0.04047291732748483,1.0,3.3871615814651435,1.0
shortfall_10,Gikuriro,Upper,upper,-0.004344473521792236,0.020837508522235315,0.8350159158018414,-0.04538633776844403,0.03669739072485956,-0.0749244818417602,0.06623553479817573,1.0,3.3871615814651435,1.0
shortfall_10,Gikuriro,Control+Large,lower,-0.022642205110943406,0.014992444495505816,0.13226011916653158,-0.052171545005557846,0.006887134783671034,-0.07342403711836927,0.02813962689648246,0.9999,3.3871615814651435,1.0
shortfall_10,Gikuriro,Control+Large,upper,0.027340074300290368,0.015262458054146355,0.07446483993575652,-0.002721088283522022,0.05740123688410276,-0.024356337259437415,0.07903648586001816,0.9958,3.3871615814651435,1.0
shortfall_10,Gikuriro,Lower+Large,lower,-0.0511431950254002,0.018224739790214467,0.005411629948581362,-0.08703891142558226,-0.015247478625218143,-0.11287333347501376,0.01058694342421336,0.3624,3.3871615814651435,1.0
shortfall_10,Gikuriro,Lower+Large,upper,0.005235304021045564,0.020376369110583433,0.7974465701413682,-0.03489829323622015,0.04536890127831128,-0.06378275060007571,0.07425335864216684,1.0,3.3871615814651435,1.0
shortfall_10,Gikuriro,Middle+Large,lower,0.02397666332974198,0.02681302630322324,0.37207630563746974,-0.028834668908203617,0.07678799556768758,-0.06684338924735013,0.11479671590683409,1.0,3.3871615814651435,1.0
shortfall_10,Gikuriro,Middle+Large,upper,0.06781233263945999,0.026432888022096503,0.010895487864081106,0.015749726369031616,0.11987493890988836,-0.021720130156155454,0.15734479543507543,0.6018,3.3871615814651435,1.0
shortfall_10,Gikuriro,Upper+Large,lower,-0.029487480478389706,0.020482788349064317,0.15124041490379778,-0.06983068263800274,0.010855721681223326,-0.0988659942556222,0.0398910332988428,1.0,3.3871615814651435,1.0
shortfall_10,Gikuriro,Upper+Large,upper,-0.004404283977054946,0.020727716720341006,0.8319056169995028,-0.04522990067069755,0.03642133271658766,-0.07461240972368668,0.06580384176957679,1.0,3.3871615814651435,1.0
shortfall_10,Control,Lower,lower,-0.06659032510552942,0.019603381865035237,0.0007942336265492946,-0.10520143527839494,-0.027979214932663907,-0.13299014702556727,-0.0001905031854915612,0.0472,3.3871615814651435,1.0
shortfall_10,Control,Lower,upper,-0.0027044446889687435,0.022094791950121085,0.9026802574122664,-0.04622267292663175,0.04081378354869426,-0.07754307513288419,0.0721341857549467,1.0,3.3871615814651435,1.0
shortfall_10,Control,Middle,lower,0.013721107147460554,0.02806784523135779,0.6253781132664398,-0.04156173496642211,0.06900394926134322,-0.08134921989470419,0.1087914341896253,1.0,3.3871615814651435,1.0
shortfall_10,Control,Middle,upper,0.0626147851253574,0.0274784524119425,0.0235399159995969,0.008492819805194153,0.11673675044552065,-0.030459173202492446,0.15568874345320724,0.8492,3.3871615814651435,1.0
shortfall_10,Control,Upper,lower,-0.045204726393689,0.02016371934544422,0.02585712374482463,-0.08491948553585027,-0.0054899672515277345,-0.11350250190002314,0.023093049112645148,0.8724,3.3871615814651435,1.0
shortfall_10,Control,Upper,upper,-0.015330044426253464,0.0202258565309664,0.44920769264125604,-0.055167189885864776,0.024507101033357848,-0.08383828862016872,0.05317819976766179,1.0,3.3871615814651435,1.0
shortfall_10,Control,Control+Large,lower,-0.016761316328359963,0.004178965698835685,8.019904013705691e-05,-0.02499226883019149,-0.008530363826528435,-0.03091614839371683,-0.002606484263003094,0.0014,3.3871615814651435,0.12968184790162102
shortfall_10,Control,Control+Large,upper,-0.0054441111184643926,0.00396885756336453,0.1713992354727041,-0.013261231536487887,0.002373009299559102,-0.01888727297940009,0.007999050742471304,1.0,3.3871615814651435,1.0
shortfall_10,Control,Lower+Large,lower,-0.06706092075711033,0.01773546102070366,0.0001958131165332063,-0.10199294647346599,-0.032128895040754675,-0.12713379295601035,-0.006988048558210315,0.0059,3.3871615814651435,0.3111470421712648
shortfall_10,Control,Lower+Large,upper,-0.005750266883415664,0.01975044123881149,0.771183805969896,-0.0446510273687589,0.03315049360192757,-0.07264820266450277,0.06114766889767144,1.0,3.3871615814651435,1.0
shortfall_10,Control,Middle+Large,lower,0.008058937598031848,0.026482896683203177,0.7611500377768526,-0.04410216646919919,0.06022004166526289,-0.08164291261322462,0.09776078780928832,1.0,3.3871615814651435,1.0
shortfall_10,Control,Middle+Large,upper,0.05682676173499876,0.02595344062327189,0.029491735978818035,0.005708482135629585,0.10794504133436794,-0.031081735250984552,0.14473525872098209,0.901,3.3871615814651435,1.0
shortfall_10,Control,Upper+Large,lower,-0.04540520621009984,0.020048692120645608,0.02439539377825642,-0.08489340603304998,-0.005917006387149697,-0.11331336591977356,0.022502953499573895,0.8595,3.3871615814651435,1.0
shortfall_10,Control,Upper+Large,upper,-0.015389854881516174,0.02011272610651552,0.4448948855708268,-0.055004176987868886,0.024224467224836538,-0.08351490804803656,0.05273519828500421,1.0,3.3871615814651435,1.0
shortfall_10,Lower,Middle,lower,0.04513007290374893,0.032009572238943566,0.15982920169056192,-0.01791645288517907,0.10817659869267693,-0.0632915204231339,0.15355166623063177,1.0,3.3871615814651435,1.0
shortfall_10,Lower,Middle,upper,0.10050058916356719,0.029799108630483188,0.0008642429024354674,0.0418078251136584,0.15919335321347597,-0.00043380675151184767,0.2014349850786462,0.0531,3.3871615814651435,1.0
shortfall_10,Lower,Upper,lower,-0.013795760637400623,0.025365022310862125,0.5870083377476663,-0.06375508284642749,0.03616356157162624,-0.09971118972175902,0.07211966844695777,1.0,3.3871615814651435,1.0
shortfall_10,Lower,Upper,upper,0.022555759611956328,0.0232810395091625,0.33356937805083064,-0.02329891932129479,0.06841043854520745,-0.05630088299005101,0.10141240221396366,1.0,3.3871615814651435,1.0
shortfall_10,Lower,Control+Large,lower,-0.00715096508636516,0.021071013457719282,0.7346159829961669,-0.04865274409935429,0.03435081392662397,-0.07852189235288692,0.0642199621801566,1.0,3.3871615814651435,1.0
shortfall_10,Lower,Control+Large,upper,0.05424030743403893,0.01845935169683737,0.0036117071404888367,0.017882495960830726,0.09059811890724714,-0.008284499452242022,0.11676511432031988,0.2562,3.3871615814651435,1.0
shortfall_10,Lower,Lower+Large,lower,-0.005848814746756609,0.0035475481288177522,0.10048201175525648,-0.012836117885998852,0.0011384883924856334,-0.017864933477086654,0.006167303983573439,0.9993,3.3871615814651435,1.0
shortfall_10,Lower,Lower+Large,upper,0.0023323969007287976,0.0030767035618600447,0.4491239330020203,-0.003727523832035667,0.008392317633493261,-0.008088895201560512,0.012753689003018107,1.0,3.3871615814651435,1.0
shortfall_10,Lower,Middle+Large,lower,0.039467903354320225,0.030629276774385414,0.19875399172788114,-0.020859972121101494,0.09979577882974194,-0.06427840620394067,0.14321421291258113,1.0,3.3871615814651435,1.0
shortfall_10,Lower,Middle+Large,upper,0.09471256577320855,0.028398989566561145,0.0009839115960656789,0.03877749689061401,0.1506476346558031,-0.001479400639076811,0.1909045321854939,0.0607,3.3871615814651435,1.0
shortfall_10,Lower,Upper+Large,lower,-0.01399624045381146,0.025273678694189523,0.5802254424296898,-0.06377565092764817,0.03578317002002524,-0.09960227394906435,0.07160979304144141,1.0,3.3871615814651435,1.0
shortfall_10,Lower,Upper+Large,upper,0.022495949156693618,0.023182822943974273,0.33281063961816293,-0.023165280980559345,0.06815717929394657,-0.056028018069044686,0.10101991638243192,1.0,3.3871615814651435,1.0
shortfall_10,Middle,Upper,lower,-0.07911499045172676,0.03017067901898773,0.009277941316101818,-0.13853960502142326,-0.01969037588203025,-0.18130795531155847,0.02307797440810494,0.5466,3.3871615814651435,1.0
shortfall_10,Middle,Upper,upper,-0.05775567264103365,0.03074927895109489,0.06152123231939278,-0.11831990617435646,0.002808560892289161,-0.16190844896193707,0.04639710367986975,0.9906,3.3871615814651435,1.0
shortfall_10,Middle,Control+Large,lower,-0.0724701949006913,0.026662204030643084,0.007031217121025331,-0.12498446536515276,-0.01995592443622985,-0.16277938807047065,0.017838998269088052,0.4489,3.3871615814651435,1.0
shortfall_10,Middle,Control+Large,upper,-0.026071124818951047,0.027281111056051122,0.34018473405921257,-0.07980440369274275,0.02766215405484066,-0.11847665608769138,0.06633440644978929,1.0,3.3871615814651435,1.0
shortfall_10,Middle,Lower+Large,lower,-0.1009711848151481,0.028604909932419716,0.0004958223519263033,-0.15731183748873043,-0.04463053214156577,-0.19786063677951085,-0.004081732850785336,0.0249,3.3871615814651435,0.7625747772626545
shortfall_10,Middle,Lower+Large,upper,-0.04817589509819585,0.03043867297910269,0.11476487224723364,-0.10812835452603478,0.011776564329643087,-0.15127659880379365,0.054924808607401954,0.9997,3.3871615814651435,1.0
shortfall_10,Middle,Middle+Large,lower,-0.007033013640309678,0.0019269843418177907,0.0003203002328222488,-0.010828430432961118,-0.0032375968476582367,-0.013560020970999793,-0.0005060063096195616,0.0144,3.3871615814651435,0.5015901645996417
shortfall_10,Middle,Middle+Large,upper,-0.0044171792994777415,0.001930763620772223,0.0229955849640719,-0.008220039815721785,-0.0006143187832336971,-0.01095698765864795,0.002122629059692468,0.8432,3.3871615814651435,1.0
shortfall_10,Middle,Upper+Large,lower,-0.07931547026813761,0.030093925472981797,0.008930519646965914,-0.1385889099211082,-0.020042030615167017,-0.18124845846569682,0.022617517929421585,0.5311,3.3871615814651435,1.0
shortfall_10,Middle,Upper+Large,upper,-0.05781548309629636,0.030674983863675002,0.0606341080992976,-0.11823338392919933,0.0026024177366066117,-0.16171660995139953,0.04608564375880682,0.99,3.3871615814651435,1.0
shortfall_10,Upper,Control+Large,lower,0.00547463465091956,0.019102173939829145,0.7746608067208086,-0.03214928899704525,0.04309855829888437,-0.059227515040534376,0.0701767843423735,1.0,3.3871615814651435,1.0
shortfall_10,Upper,Control+Large,upper,0.032854708722198506,0.019053363544607595,0.08589537001029793,-0.004673077251131613,0.07038249469552862,-0.03168211227378487,0.09739152971818188,0.9979,3.3871615814651435,1.0
shortfall_10,Upper,Lower+Large,lower,-0.023026355263537232,0.021731562247056503,0.2903702047005804,-0.0658291609185234,0.019776450391448937,-0.09663466801198535,0.050581957484910886,1.0,3.3871615814651435,1.0
shortfall_10,Upper,Lower+Large,upper,0.010749938442953702,0.02335132661411645,0.6456652616045143,-0.03524317900931383,0.05674305589522123,-0.06834477794062607,0.08984465482653348,1.0,3.3871615814651435,1.0
shortfall_10,Upper,Middle+Large,lower,0.052093503091604945,0.029309691858052798,0.07674160122288991,-0.0056352984618907725,0.10982230464510066,-0.0471831591345732,0.15137016531778308,0.9964,3.3871615814651435,1.0
shortfall_10,Upper,Middle+Large,upper,0.07332696706136813,0.02878863674606871,0.011470312103692757,0.016624443344699938,0.13002949077803633,-0.024184797307671507,0.17083873143040776,0.6181,3.3871615814651435,1.0
shortfall_10,Upper,Upper+Large,lower,-0.0002100691664643781,0.00017565190836032986,0.2328667400328268,-0.0005560357569469833,0.00013589742401822705,-0.0008050305621735234,0.0003848922292447672,1.0,3.3871615814651435,1.0
shortfall_10,Upper,Upper+Large,upper,-5.022110520919122e-05,0.00016940724564344444,0.7671340859178746,-0.00038388811586347597,0.00028344590544509353,-0.0006240308192744945,0.0005235886088561121,1.0,3.3871615814651435,1.0
shortfall_10,Control+Large,Lower+Large,lower,-0.05190791053331014,0.016112862589352916,0.0014464646571521584,-0.08364404243754014,-0.020171778629080137,-0.10648477966339331,0.002668958596773026,0.0948,3.3871615814651435,1.0
shortfall_10,Control+Large,Lower+Large,upper,0.0013021503396085377,0.018263188515994528,0.9432173447627847,-0.03466929523818792,0.03727359591740499,-0.060558220156823536,0.06316252083604061,1.0,3.3871615814651435,1.0
shortfall_10,Control+Large,Middle+Large,lower,0.02165394551947336,0.025552952659585345,0.3975844248638959,-0.028675527077345497,0.07198341811629222,-0.06489803402207169,0.10820592506101841,1.0,3.3871615814651435,1.0
shortfall_10,Control+Large,Middle+Large,upper,0.06543718126038164,0.024973953447905817,0.009331832676172519,0.016248114054126267,0.11462624846663702,-0.019153634395663893,0.15002799691642718,0.5491,3.3871615814651435,1.0
shortfall_10,Control+Large,Upper+Large,lower,-0.0329049298274077,0.018916605461827322,0.08319727815117055,-0.07016335506300321,0.004353495408187816,-0.0969785290994429,0.03116866944462751,0.9976,3.3871615814651435,1.0
shortfall_10,Control+Large,Upper+Large,upper,-0.005684703817383924,0.01896378409605472,0.7646075137600019,-0.04303605278708312,0.03166664515231527,-0.06991810474674016,0.05854869711197232,1.0,3.3871615814651435,1.0
shortfall_10,Lower+Large,Middle+Large,lower,0.04375871579871817,0.028929452628833046,0.13165947905411143,-0.013221160958406815,0.10073859255584316,-0.054230014718480914,0.14174744631591726,0.9999,3.3871615814651435,1.0
shortfall_10,Lower+Large,Middle+Large,upper,0.09393817117483844,0.02707769111965939,0.0006157629031434536,0.04060555120926232,0.14727079114041455,0.002221656099548261,0.1856546862501286,0.0338,3.3871615814651435,0.9415014789063406
shortfall_10,Lower+Large,Upper+Large,lower,-0.010800159548162894,0.023244303786007225,0.6426008593287424,-0.05658248325904505,0.034982164162719265,-0.08953237232003135,0.06793205322370556,1.0,3.3871615814651435,1.0
shortfall_10,Lower+Large,Upper+Large,upper,0.02281628609707287,0.02161597930528459,0.29221493466223325,-0.019758865690351853,0.06539143788449758,-0.050400528551532695,0.09603310074567843,1.0,3.3871615814651435,1.0
shortfall_10,Middle+Large,Upper+Large,lower,-0.07337718816657732,0.028705370114521688,0.011181115595621077,-0.1299157086971361,-0.016838667636018552,-0.17060691500022285,0.023852538667068227,0.6099,3.3871615814651435,1.0
shortfall_10,Middle+Large,Upper+Large,upper,-0.0523035722580693,0.029228367139966512,0.07476265357056527,-0.10987219544686115,0.005265050930722548,-0.15130477452352212,0.04669763000738351,0.9959,3.3871615814651435,1.0
shortfall_11,Gikuriro,Control,lower,-0.013953168940308514,0.015096018620489577,0.3562350266313114,-0.04368650995974617,0.01578017207912914,-0.06508582324471324,0.03717948536409622,1.0,3.3871615814651435,1.0
shortfall_11,Gikuriro,Control,upper,0.038408135494821916,0.015310072091891511,0.012759787828513416,0.008253191599712814,0.06856307938993102,-0.013449552504294693,0.09026582349393852,0.6582,3.3871615814651435,1.0
shortfall_11,Gikuriro,Lower,lower,-0.0490774443766282,0.018571872231589,0.008753784489221907,-0.08565687795534432,-0.012498010797912074,-0.11198337649534579,0.01382848774208939,0.5254,3.3871615814651435,1.0
shortfall_11,Gikuriro,Lower,upper,0.009854530261832584,0.02073904631752178,0.6350871673733037,-0.03099340137358756,0.05070246189725273,-0.060391970661103356,0.08010103118476852,1.0,3.3871615814651435,1.0
shortfall_11,Gikuriro,Middle,lower,0.025295876075059454,0.026059638171879628,0.33265137535623485,-0.02603157178301182,0.07662332393313073,-0.06297232916761376,0.11356408131773267,1.0,3.3871615814651435,1.0
shortfall_11,Gikuriro,Middle,upper,0.0692356482748564,0.025508323818088412,0.007111014026206485,0.018994077302756637,0.11947721924695616,-0.017165166169344936,0.15563646271905773,0.4512,3.3871615814651435,1.0
shortfall_11,Gikuriro,Upper,lower,-0.02643768560684212,0.018737250488553448,0.1595119215678358,-0.06334285064066192,0.01046747942697767,-0.08990378060395934,0.0370284093902751,1.0,3.3871615814651435,1.0
shortfall_11,Gikuriro,Upper,upper,-0.0016232876811534958,0.01909818415724905,0.9323326568060185,-0.039239352994478574,0.03599277763217158,-0.06631192333433374,0.06306534797202674,1.0,3.3871615814651435,1.0
shortfall_11,Gikuriro,Control+Large,lower,-0.022679272632973493,0.013773950375201835,0.10092564372340024,-0.04980864852913315,0.004450103263186168,-0.06933386816886455,0.02397532290291756,0.9994,3.3871615814651435,1.0
shortfall_11,Gikuriro,Control+Large,upper,0.027180846702557854,0.014085835935623852,0.05479452615342205,-0.0005628235953376165,0.054924517000453324,-0.020530155621408384,0.0748918490265241,0.9857,3.3871615814651435,1.0
shortfall_11,Gikuriro,Lower+Large,lower,-0.04925262366175423,0.016852832367996406,0.0037941480474513703,-0.08244621096039015,-0.016059036363118312,-0.1063358899975039,0.007830642673995435,0.2676,3.3871615814651435,1.0
shortfall_11,Gikuriro,Lower+Large,upper,0.00708560099415359,0.018682444776543204,0.7048167890502198,-0.029711617900622503,0.04388281988892968,-0.0561948582007977,0.07036606018910488,1.0,3.3871615814651435,1.0
shortfall_11,Gikuriro,Middle+Large,lower,0.02016811792760486,0.024616873533596487,0.41341634805458344,-0.028317639410647286,0.068653875265857,-0.06321321036117925,0.10354944621638898,1.0,3.3871615814651435,1.0
shortfall_11,Gikuriro,Middle+Large,upper,0.06397380882907575,0.024152271420661637,0.008599214117081172,0.01640313866774941,0.11154447899040208,-0.017833837032107905,0.14578145469025938,0.5189,3.3871615814651435,1.0
shortfall_11,Gikuriro,Upper+Large,lower,-0.026632606890863383,0.018634977669236212,0.15421798942908563,-0.06333633387070176,0.010071120088974986,-0.08975228732356115,0.03648707354183438,1.0,3.3871615814651435,1.0
shortfall_11,Gikuriro,Upper+Large,upper,-0.001677660822301477,0.01899918769752402,0.9297084274561953,-0.039098741247841226,0.03574341960323828,-0.06603097947040003,0.06267565782579708,1.0,3.3871615814651435,1.0
shortfall_11,Control,Lower,lower,-0.06373496458223049,0.01816157362579372,0.0005337177682207784,-0.0995062679729411,-0.027963661191519877,-0.12525114902646958,-0.0022187801379913996,0.0274,3.3871615814651435,0.8184893942234253
shortfall_11,Control,Lower,upper,5.708391292147397e-05,0.02021207142452811,0.9977488583440111,-0.03975291019764721,0.039867078023490155,-0.06840446789806959,0.06851863572391254,1.0,3.3871615814651435,1.0
shortfall_11,Control,Middle,lower,0.010638355869457161,0.025768838934417383,0.6800834449322071,-0.040116329519712425,0.06139304125862675,-0.07664486536816459,0.09792157710707891,1.0,3.3871615814651435,1.0
shortfall_11,Control,Middle,upper,0.05943820192594529,0.025081753788727953,0.018567986593733578,0.010036809577792849,0.10883959427409773,-0.025517750903001832,0.14439415475489242,0.7844,3.3871615814651435,1.0
shortfall_11,Control,Upper,lower,-0.04109520581244441,0.018330653950403838,0.025857123744825104,-0.07719953230531829,-0.004990879319570533,-0.10318409263638456,0.020993681011495728,0.8724,3.3871615814651435,1.0
shortfall_11,Control,Upper,upper,-0.011420734030064605,0.01852458979880825,0.538120816367396,-0.0479070394315148,0.02506557137138559,-0.07416651290898903,0.051325044848859816,1.0,3.3871615814651435,1.0
shortfall_11,Control,Control+Large,lower,-0.01560943559693033,0.003864559004221395,7.1657696643083e-05,-0.02322112803392115,-0.007997743159939508,-0.02869932138533423,-0.0025195498085264292,0.0014,3.3871615814651435,0.11608546856179447
shortfall_11,Control,Control+Large,upper,-0.004343956887998712,0.003648520215302216,0.234950535515554,-0.011530136138642396,0.0028422223626449706,-0.016702084390469312,0.008014170614471888,1.0,3.3871615814651435,1.0
shortfall_11,Control,Lower+Large,lower,-0.06391014386735652,0.01639958161668909,0.00012545838261111914,-0.09621100179841965,-0.0316092859362934,-0.11945817667150782,-0.008362111063205217,0.0031,3.3871615814651435,0.20035703702995727
shortfall_11,Control,Lower+Large,upper,-0.0027118453547575194,0.0180956771616455,0.8809961833098673,-0.038353358097367396,0.03292966738785236,-0.06400482782727937,0.05858113711776433,1.0,3.3871615814651435,1.0
shortfall_11,Control,Middle+Large,lower,0.005510597722002568,0.02430882105219713,0.820851305815172,-0.04236841490351458,0.05338961034751972,-0.07682730703671065,0.08784850248071577,1.0,3.3871615814651435,1.0
shortfall_11,Control,Middle+Large,upper,0.05417636248016463,0.02370130806278888,0.023113790446675574,0.007493916402551468,0.10085880855777779,-0.02610379762058391,0.13445652258091317,0.8444,3.3871615814651435,1.0
shortfall_11,Control,Upper+Large,lower,-0.04129012709646568,0.01822609972296848,0.024352234107948834,-0.07718852204026609,-0.005391732152665266,-0.103024871858057,0.020444617665125647,0.859,3.3871615814651435,1.0
shortfall_11,Control,Upper+Large,upper,-0.011475107171212588,0.01842251129123443,0.5339347214186742,-0.04776035723795831,0.02481014289553313,-0.07387512965098966,0.050924915308564495,1.0,3.3871615814651435,1.0
shortfall_11,Lower,Middle,lower,0.03919196110244649,0.02932137095582919,0.18257179775139218,-0.018559843774356835,0.09694376597924982,-0.06012426011502603,0.13850818231991902,1.0,3.3871615814651435,1.0
shortfall_11,Lower,Middle,upper,0.09456247736226497,0.027315179536562956,0.0006319214859475409,0.04076209670657048,0.14836285801795945,0.0020415506451960663,0.18708340407933388,0.0352,3.3871615814651435,0.9643121875559474
shortfall_11,Lower,Upper,lower,-0.012541600579455081,0.023059111191692842,0.5870083377476673,-0.057959166224024965,0.0328759650651148,-0.09064653611069,0.06556333495177984,1.0,3.3871615814651435,1.0
shortfall_11,Lower,Upper,upper,0.02370354140625508,0.021451925023419447,0.2702516436370828,-0.01854848664695706,0.06595556945946722,-0.04895759488154201,0.09636467769405217,1.0,3.3871615814651435,1.0
shortfall_11,Lower,Control+Large,lower,-0.008783187605586454,0.019244733357949663,0.648507480745898,-0.04668789838697177,0.029121523175798865,-0.07396820908117424,0.05640183387000133,1.0,3.3871615814651435,1.0
shortfall_11,Lower,Control+Large,upper,0.05250767578996643,0.017142205899811233,0.0024334224530438062,0.018744134113308532,0.08627121746662433,-0.005555745455439298,0.11057109703537216,0.1748,3.3871615814651435,1.0
shortfall_11,Lower,Lower+Large,lower,-0.005553398380301777,0.0032563128583961037,0.08937230805890795,-0.011967080233691751,0.0008602834730881961,-0.016583056191492005,0.005476259430888451,0.9981,3.3871615814651435,1.0
shortfall_11,Lower,Lower+Large,upper,0.002609289827496697,0.002847701141192035,0.3604141068905887,-0.0029995843585473693,0.008218164013540762,-0.007036334073443409,0.012254913728436803,1.0,3.3871615814651435,1.0
shortfall_11,Lower,Middle+Large,lower,0.0340642029549919,0.028046898503206033,0.22569976178609313,-0.021177382174050248,0.08930578808403405,-0.06093517413431981,0.1290635800443036,1.0,3.3871615814651435,1.0
shortfall_11,Lower,Middle+Large,upper,0.08930063791648432,0.026053342662382493,0.000713202206351224,0.037985589786810006,0.14061568604615865,0.0010537565817155398,0.17754751925125312,0.0413,3.3871615814651435,1.0
shortfall_11,Lower,Upper+Large,lower,-0.012736521863476343,0.022976084214090746,0.579848942484315,-0.05799055634788286,0.03251751262093018,-0.09056023160595228,0.06508718787899959,1.0,3.3871615814651435,1.0
shortfall_11,Lower,Upper+Large,upper,0.023649168265107098,0.021363838191485136,0.2693829716897761,-0.018429362664189878,0.06572769919440408,-0.04871360368972913,0.09601194021994333,1.0,3.3871615814651435,1.0
shortfall_11,Middle,Upper,lower,-0.0719227185924789,0.027427890017261577,0.009277941316101818,-0.1259450954740212,-0.0179003417109366,-0.16482541391959865,0.020979976734640846,0.5466,3.3871615814651435,1.0
shortfall_11,Middle,Upper,upper,-0.05066977904543257,0.028184665878332293,0.0734333776610888,-0.10618271282930627,0.00484315473844113,-0.14613579649495123,0.0447962384040861,0.9954,3.3871615814651435,1.0
shortfall_11,Middle,Control+Large,lower,-0.06816430561861027,0.024308975788105997,0.0054470582976602,-0.11604362301425669,-0.020284988222963853,-0.15050273449284926,0.014174123255628723,0.365,3.3871615814651435,1.0
shortfall_11,Middle,Control+Large,upper,-0.021865644661721223,0.025060836509868185,0.3837816227439862,-0.07122583802879318,0.027494548705350737,-0.10675074728732575,0.06301945796388331,1.0,3.3871615814651435,1.0
shortfall_11,Middle,Lower+Large,lower,-0.094737656647391,0.026176755982206586,0.0003584777852204633,-0.146295781472777,-0.043179531822005,-0.183402558837709,-0.00607275445707299,0.0157,3.3871615814651435,0.5599423005143637
shortfall_11,Middle,Lower+Large,upper,-0.041960890370125487,0.027904632149476836,0.13392973689165025,-0.0969222655896965,0.013000484849445514,-0.13647838833175052,0.05255660759149956,0.9999,3.3871615814651435,1.0
shortfall_11,Middle,Middle+Large,lower,-0.006498602238335489,0.0017631788102808528,0.0002803112414852418,-0.009971385239091139,-0.0030258192375798394,-0.012470773765772214,-0.0005264307108987657,0.0114,3.3871615814651435,0.43980833789034435
shortfall_11,Middle,Middle+Large,upper,-0.0038909953548996734,0.001772172708008063,0.029050590000187004,-0.007381492869325446,-0.00040049784047390107,-0.00989363066718563,0.0021116399573862833,0.898,3.3871615814651435,1.0
shortfall_11,Middle,Upper+Large,lower,-0.07211763987650016,0.02735812471024162,0.008918708938345173,-0.12600260597993607,-0.018232673773064263,-0.16478402883596277,0.02054874908296246,0.5306,3.3871615814651435,1.0
shortfall_11,Middle,Upper+Large,upper,-0.05072415218658055,0.028117679238066184,0.07245035139094103,-0.10610514809538597,0.004656843722224871,-0.14596327506171844,0.04451497068855734,0.9953,3.3871615814651435,1.0
shortfall_11,Upper,Control+Large,lower,0.0026946303373996255,0.017464030404304314,0.8775023348919474,-0.03170278163188739,0.03709204230668664,-0.056458862505599124,0.061848123180398375,1.0,3.3871615814651435,1.0
shortfall_11,Upper,Control+Large,upper,0.02986791702018035,0.017321239586006912,0.08589537001029923,-0.0042482520464834014,0.06398408608684411,-0.02880192024889547,0.08853775428925617,0.9979,3.3871615814651435,1.0
shortfall_11,Upper,Lower+Large,lower,-0.02387872069138111,0.019982207281672618,0.23323350552868405,-0.06323597099449407,0.015478529611731844,-0.09156168550873564,0.04380424412597342,1.0,3.3871615814651435,1.0
shortfall_11,Upper,Lower+Large,upper,0.009772671311776088,0.021228478740105874,0.6456652616045148,-0.03203925364483078,0.05158459626838296,-0.062131616309660104,0.08167695893321228,1.0,3.3871615814651435,1.0
shortfall_11,Upper,Middle+Large,lower,0.04554202089797798,0.026856304876006785,0.09119014237430838,-0.007354553455505362,0.09843859525146131,-0.04542462319814721,0.13650866499410316,0.9981,3.3871615814651435,1.0
shortfall_11,Upper,Middle+Large,upper,0.06666087914669824,0.02617148795097156,0.011470312103692848,0.015113130313363518,0.11820862798003297,-0.021986179370610523,0.15530793766400702,0.6181,3.3871615814651435,1.0
shortfall_11,Upper,Upper+Large,lower,-0.00020363887497899542,0.00016149684514222618,0.20851786257682647,-0.0005217254440866715,0.00011444769412868075,-0.0007506547843725696,0.0003433770344145788,1.0,3.3871615814651435,1.0
shortfall_11,Upper,Upper+Large,upper,-4.565555019017675e-05,0.00015400658694858591,0.7671340859178603,-0.00034898919623952665,0.00025767809585917315,-0.0005673007447949981,0.0004759896444146446,1.0,3.3871615814651435,1.0
shortfall_11,Control+Large,Lower+Large,lower,-0.0498983859624697,0.014945010292426395,0.0009713601057746235,-0.07933429875079856,-0.020462473174140842,-0.10051955065957753,0.0007227787346381354,0.0602,3.3871615814651435,1.0
shortfall_11,Control+Large,Lower+Large,upper,0.0032297892252847113,0.016692778662793825,0.84673877826365,-0.02964855393396245,0.03610813238453187,-0.053311349349231624,0.059770927799801046,1.0,3.3871615814651435,1.0
shortfall_11,Control+Large,Middle+Large,lower,0.017974649306821536,0.023470975905977777,0.4445119122387519,-0.028254131156143295,0.06420342976978637,-0.061525338561400425,0.0974746371750435,1.0,3.3871615814651435,1.0
shortfall_11,Control+Large,Middle+Large,upper,0.06166570338027473,0.022773618171728745,0.007246930598622162,0.016810449000327965,0.1065209577602215,-0.015472221161961328,0.13880362792251077,0.4562,3.3871615814651435,1.0
shortfall_11,Control+Large,Upper+Large,lower,-0.029913572570370556,0.017196914056206665,0.08319727815117153,-0.06378486823909377,0.003957723098352656,-0.08816229918131169,0.02833515404057057,0.9976,3.3871615814651435,1.0
shortfall_11,Control+Large,Upper+Large,upper,-0.0028982692123786513,0.01733796624257195,0.8673784439570801,-0.037047383348617784,0.03125084492386048,-0.061624762369957925,0.05582822394520062,1.0,3.3871615814651435,1.0
shortfall_11,Lower+Large,Middle+Large,lower,0.03806989501522578,0.026512631619998374,0.15229165334220773,-0.01414977542226152,0.09028956545271308,-0.05173267223157068,0.12787246226202223,1.0,3.3871615814651435,1.0
shortfall_11,Lower+Large,Middle+Large,upper,0.08823905440905545,0.024795199338259178,0.0004467887702578147,0.03940206393470974,0.13707604488340117,0.004253707805734017,0.1722244010123769,0.0216,3.3871615814651435,0.6898418612780659
shortfall_11,Lower+Large,Upper+Large,lower,-0.009818326861966292,0.021131185260006572,0.6426008593287417,-0.051438621144586444,0.03180196742065386,-0.08139306574548308,0.061756412021550494,1.0,3.3871615814651435,1.0
shortfall_11,Lower+Large,Upper+Large,upper,0.02367508181640207,0.01987779591803743,0.2347844871707496,-0.01547651832428621,0.06282668195709035,-0.04365422484137897,0.09100438847418311,1.0,3.3871615814651435,1.0
shortfall_11,Middle+Large,Upper+Large,lower,-0.06670653469688845,0.02609579101320154,0.011181115595621115,-0.11810518972466916,-0.015307879669107738,-0.15509719545474804,0.021684126060971157,0.6099,3.3871615814651435,1.0
shortfall_11,Middle+Large,Upper+Large,upper,-0.04574565977295701,0.02678278682516849,0.08888815184233913,-0.09849743188873694,0.007006112342822911,-0.13646328635173852,0.04497196680582449,0.9981,3.3871615814651435,1.0
shortfall_12,Gikuriro,Control,lower,-0.015096435689601617,0.014018094677063025,0.2825644952561118,-0.042706681805100996,0.012513810425897762,-0.06257798742509052,0.03238511604588729,1.0,3.3871615814651435,1.0
shortfall_12,Gikuriro,Control,upper,0.03716854968531247,0.014219667978199646,0.009501759883087284,0.0091612818216434,0.06517581754898154,-0.010995763391635507,0.08533286276226044,0.5551,3.3871615814651435,1.0
shortfall_12,Gikuriro,Lower,lower,-0.04791943729101267,0.017413060291698375,0.006363878576351324,-0.08221645777443767,-0.013622416807587669,-0.10690028612678962,0.01106141154476429,0.4139,3.3871615814651435,1.0
shortfall_12,Gikuriro,Lower,upper,0.010994411555072303,0.019148093857473278,0.5663699597406272,-0.02671995664024119,0.048708779750385796,-0.05386327631724988,0.07585209942739449,1.0,3.3871615814651435,1.0
shortfall_12,Gikuriro,Middle,lower,0.021505456659589695,0.024145541939003458,0.3739785833607833,-0.026051959015367963,0.06906287233454736,-0.0602793953598582,0.10329030867903759,1.0,3.3871615814651435,1.0
shortfall_12,Gikuriro,Middle,upper,0.06542710306701072,0.023494396395968398,0.005771061210998068,0.019152193261386737,0.1117020128726347,-0.014152213785126572,0.145006419919148,0.3833,3.3871615814651435,1.0
shortfall_12,Gikuriro,Upper,lower,-0.024234545139605435,0.017175812947840652,0.1595119215678329,-0.058064279753940226,0.009595189474729357,-0.08241179888696287,0.033942708607752,1.0,3.3871615814651435,1.0
shortfall_12,Gikuriro,Upper,upper,0.0004730784406683508,0.017655671081984715,0.9786451145931044,-0.0343017918350713,0.035247948716408004,-0.0593295323432154,0.0602756892245521,1.0,3.3871615814651435,1.0
shortfall_12,Gikuriro,Control+Large,lower,-0.022881450980042545,0.012758654084444057,0.07413124189385865,-0.04801108432104284,0.0022481823609577546,-0.06609707392607479,0.020334171965989703,0.9957,3.3871615814651435,1.0
shortfall_12,Gikuriro,Control+Large,upper,0.026876868292403794,0.013113330346336109,0.04146132134414399,0.0010486593526676628,0.05270507723213992,-0.017540100461766878,0.07129383704657447,0.9574,3.3871615814651435,1.0
shortfall_12,Gikuriro,Lower+Large,lower,-0.04784843627075967,0.015762419049660484,0.0026574285447000024,-0.07889432940835281,-0.01680254313316654,-0.10123829650672397,0.005541423965204635,0.1895,3.3871615814651435,1.0
shortfall_12,Gikuriro,Lower+Large,upper,0.008456226393033228,0.017277863476056636,0.6249748643115909,-0.02557450844745001,0.04248696123351647,-0.050066688982865606,0.06697914176893206,1.0,3.3871615814651435,1.0
shortfall_12,Gikuriro,Middle+Large,lower,0.01682304134711357,0.022803191626820783,0.4613670311608152,-0.02809046134634422,0.06173654404057136,-0.060415053266041435,0.09406113596026858,1.0,3.3871615814651435,1.0
shortfall_12,Gikuriro,Middle+Large,upper,0.06060375024171188,0.022257591191390258,0.006933916870811552,0.016764870216312462,0.10444263026711129,-0.014786307537722192,0.13599380802114594,0.4448,3.3871615814651435,1.0
shortfall_12,Gikuriro,Upper+Large,lower,-0.024424834313301967,0.017082078872230146,0.15402332792853526,-0.058069948909250844,0.00922028028264691,-0.08228459560087734,0.03343492697427341,1.0,3.3871615814651435,1.0
shortfall_12,Gikuriro,Upper+Large,upper,0.000423236394616033,0.017565694110016614,0.9807966943598184,-0.03417441390950853,0.0350208866987406,-0.05907460784660079,0.05992108063583286,1.0,3.3871615814651435,1.0
shortfall_12,Control,Lower,lower,-0.061355497479481325,0.017045535180280156,0.00038520435915639814,-0.09492863508055663,-0.02778235987840602,-0.1190914793776388,-0.003619515581323854,0.0175,3.3871615814651435,0.6009188002840083
shortfall_12,Control,Lower,upper,0.0023583577478301088,0.018662612898501588,0.8995434064195252,-0.03439979998733222,0.039116515482992435,-0.06085492767173031,0.06557164316739053,1.0,3.3871615814651435,1.0
shortfall_12,Control,Middle,lower,0.008069396471121038,0.023881850773924965,0.7357344066138848,-0.03896864919428655,0.05510744213652863,-0.0728222909646012,0.08896108390684328,1.0,3.3871615814651435,1.0
shortfall_12,Control,Middle,upper,0.05679104925976852,0.0231004390398885,0.014641373955346936,0.0112920836755925,0.10229001484394454,-0.021453870371119343,0.1350359688906564,0.7077,3.3871615814651435,1.0
shortfall_12,Control,Upper,lower,-0.03767060532807409,0.01680309945453684,0.02585712374482486,-0.0707662379465418,-0.004574972709606384,-0.09458541825001918,0.019244207593871,0.8724,3.3871615814651435,1.0
shortfall_12,Control,Upper,upper,-0.008162975366573844,0.017127940424345928,0.6340766804433461,-0.041898419552265566,0.02557246881911788,-0.06617807714154215,0.04985212640839447,1.0,3.3871615814651435,1.0
shortfall_12,Control,Control+Large,lower,-0.014649534987405677,0.0036084326137645374,6.596106283739066e-05,-0.02175675710656084,-0.007542312868250513,-0.026871879306054766,-0.0024271906687565858,0.001,3.3871615814651435,0.10705480498507824
shortfall_12,Control,Control+Large,upper,-0.0034271616959439533,0.0033876060773348777,0.3126827200744786,-0.010099440610611243,0.003245117218723337,-0.014901530854230488,0.008047207462342582,1.0,3.3871615814651435,1.0
shortfall_12,Control,Lower+Large,lower,-0.06128449645922833,0.01535543731571802,8.675919660408317e-05,-0.09152879236855832,-0.031040200549898343,-0.11329584380162466,-0.009273149116832004,0.0014,3.3871615814651435,0.1399425841223905
shortfall_12,Control,Lower+Large,upper,-0.0001798274142089662,0.01673822535760478,0.9914367505815391,-0.0331476830541301,0.03278802822571217,-0.056874901287393545,0.05651524645897561,1.0,3.3871615814651435,1.0
shortfall_12,Control,Middle+Large,lower,0.003386981158644914,0.02252379073844709,0.8805926749017793,-0.04097620942246074,0.04775017173975057,-0.07290473749958348,0.07967869981687331,1.0,3.3871615814651435,1.0
shortfall_12,Control,Middle+Large,upper,0.05196769643446968,0.02184133666852295,0.018104592432744492,0.00894867745922149,0.09498671540971787,-0.02201244001699714,0.1259478328859365,0.777,3.3871615814651435,1.0
shortfall_12,Control,Upper+Large,lower,-0.037860894501770624,0.016707274447286046,0.02430915562588432,-0.07076778877204162,-0.004954000231499632,-0.09445113264061221,0.01872934363707096,0.8587,3.3871615814651435,1.0
shortfall_12,Control,Upper+Large,upper,-0.008212817412626161,0.017035176294696343,0.630155207115313,-0.04176555199980833,0.025339917174556012,-0.06591371209150736,0.04948807726625503,1.0,3.3871615814651435,1.0
shortfall_12,Lower,Middle,lower,0.0342435346013612,0.02710707172219807,0.20768349270255682,-0.019146953832491265,0.08763402303521367,-0.05757249732208827,0.12605956652481068,1.0,3.3871615814651435,1.0
shortfall_12,Lower,Middle,upper,0.08961405086117957,0.025304900201005037,0.0004756797140080988,0.03977314604683998,0.13945495567551916,0.003902265077525724,0.17532583664483342,0.0233,3.3871615814651435,0.7325467595724895
shortfall_12,Lower,Upper,lower,-0.011496467197833926,0.0211375185923851,0.5870083377476639,-0.053129235705356305,0.030136301309688453,-0.08309265810146592,0.06009972370579807,1.0,3.3871615814651435,1.0
shortfall_12,Lower,Upper,upper,0.024660026234837207,0.02000185075254696,0.21878995787346558,-0.014735914138352867,0.06405596660802729,-0.043089474192389524,0.09240952666206394,1.0,3.3871615814651435,1.0
shortfall_12,Lower,Control+Large,lower,-0.010143373038271036,0.017736104303671542,0.5679061957729061,-0.04507666577425199,0.024789919697709918,-0.07021842414052587,0.0499316780639838,1.0,3.3871615814651435,1.0
shortfall_12,Lower,Control+Large,upper,0.05106381608657265,0.016134148410872868,0.0017457362931319544,0.019285759314200755,0.08284187285894454,-0.003585151560392824,0.10571278373353812,0.119,3.3871615814651435,1.0
shortfall_12,Lower,Lower+Large,lower,-0.005307218074922751,0.0030166655136757976,0.07976473054780586,-0.011248886982111118,0.0006344508322656166,-0.015525151606976225,0.004910715457130723,0.9968,3.3871615814651435,1.0
shortfall_12,Lower,Lower+Large,upper,0.0028400339331366292,0.002669660368378361,0.2884498567385135,-0.002418168519749393,0.008098236386022651,-0.0062025371021946375,0.011882604968467896,1.0,3.3871615814651435,1.0
shortfall_12,Lower,Middle+Large,lower,0.02956111928888508,0.02591855879854674,0.2551666193658309,-0.02148845655381773,0.08061069513158789,-0.0582292273204978,0.11735146589826796,1.0,3.3871615814651435,1.0
shortfall_12,Lower,Middle+Large,upper,0.08479069803588074,0.024160953578345894,0.0005335654460387139,0.03720292736867266,0.13237846870308884,0.002953644303744743,0.16662775176801675,0.0274,3.3871615814651435,0.8184893942234253
shortfall_12,Lower,Upper+Large,lower,-0.011686756371530459,0.02106142351364947,0.5794725828429047,-0.05316964688917831,0.02979613414611739,-0.08302520094793056,0.059651688204869636,1.0,3.3871615814651435,1.0
shortfall_12,Lower,Upper+Large,upper,0.02461018418878489,0.019922472781725774,0.21789342400633221,-0.014629412161839266,0.06384978053940904,-0.042870450225261654,0.09209081860283144,1.0,3.3871615814651435,1.0
shortfall_12,Middle,Upper,lower,-0.06592915870977234,0.025142232515823107,0.009277941316101783,-0.1154496708511861,-0.01640864656835858,-0.1510899627596321,0.019231645340087408,0.5466,3.3871615814651435,1.0
shortfall_12,Middle,Upper,upper,-0.044764867715765155,0.02607425090645972,0.08726514761390691,-0.09612109703147895,0.006591361599948643,-0.13308256865160822,0.0435528332200779,0.9979,3.3871615814651435,1.0
shortfall_12,Middle,Control+Large,lower,-0.06457606455020945,0.0223585902844299,0.004218266336904248,-0.10861387387951987,-0.020538255220899027,-0.1403082225773502,0.01115609347693132,0.2926,3.3871615814651435,1.0
shortfall_12,Middle,Control+Large,upper,-0.018361077864029712,0.023240122025280408,0.43025088402210826,-0.06413516511728168,0.02741300938922226,-0.09707912633662141,0.06035697060856199,1.0,3.3871615814651435,1.0
shortfall_12,Middle,Lower+Large,lower,-0.08954304984092658,0.02419870161305358,0.0002654735961934572,-0.1372051695942741,-0.04188093008757907,-0.17150796226600026,-0.0075781374158528925,0.0106,3.3871615814651435,0.4170590196199253
shortfall_12,Middle,Lower+Large,upper,-0.03678171976340028,0.025819922642700457,0.15555010821086096,-0.08763702037815368,0.014073580851353136,-0.12423796977515722,0.050674530248356664,1.0,3.3871615814651435,1.0
shortfall_12,Middle,Middle+Large,lower,-0.006053259403356999,0.0016278214391823418,0.0002479122055994393,-0.009259440528774204,-0.002847078277939794,-0.011566953643640725,-0.0005395651630732724,0.0097,3.3871615814651435,0.38971798720227563
shortfall_12,Middle,Middle+Large,upper,-0.003452508734417957,0.001641952056582192,0.03650552020012104,-0.0066865217323657565,-0.0002184957364701574,-0.00901406565908084,0.0021090481902449254,0.9398,3.3871615814651435,1.0
shortfall_12,Middle,Upper+Large,lower,-0.06611944788346888,0.02507829188875498,0.008906915355311946,-0.11551402162235358,-0.01672487414458418,-0.15106367469782866,0.018824778930890906,0.5305,3.3871615814651435,1.0
shortfall_12,Middle,Upper+Large,upper,-0.04481470976181747,0.026013409014284467,0.08618460713812465,-0.09605110398896963,0.0064216844653346775,-0.13292632937794086,0.04329690985430592,0.9979,3.3871615814651435,1.0
shortfall_12,Upper,Control+Large,lower,0.00037796007613291605,0.01611342976685416,0.98130530231083,-0.03135928894927234,0.03211520910153817,-0.05420083017579233,0.05495675032805816,1.0,3.3871615814651435,1.0
shortfall_12,Upper,Control+Large,upper,0.027378923935165417,0.015877802953839656,0.08589537001029793,-0.003894231042609664,0.0586520789129405,-0.02640176022815404,0.08115960809848488,0.9979,3.3871615814651435,1.0
shortfall_12,Upper,Lower+Large,lower,-0.024589025214584212,0.018582605282950512,0.18698311566843054,-0.06118959876963011,0.012011548340461684,-0.0875313119125254,0.03835326148335698,1.0,3.3871615814651435,1.0
shortfall_12,Upper,Lower+Large,upper,0.008958282035794851,0.01945943884509704,0.6456652616045107,-0.029369315841094756,0.04728587991268446,-0.05695398161718829,0.07487054568877799,1.0,3.3871615814651435,1.0
shortfall_12,Upper,Middle+Large,lower,0.04008245240328903,0.02483636272030085,0.10783421961420402,-0.008835614075699202,0.08900051888227727,-0.04404232122624713,0.12420722603282519,0.9996,3.3871615814651435,1.0
shortfall_12,Upper,Middle+Large,upper,0.0611058058844735,0.02399053062172392,0.011470312103692665,0.013853702787250025,0.10835790898169698,-0.020153997756392837,0.14236560952533983,0.6181,3.3871615814651435,1.0
shortfall_12,Upper,Upper+Large,lower,-0.00019828029874117623,0.00014987462923499485,0.18706734322764956,-0.0004934755799100439,9.691498242769142e-05,-0.0007059298849222833,0.0003093692874399309,1.0,3.3871615814651435,1.0
shortfall_12,Upper,Upper+Large,upper,-4.185092100766289e-05,0.00014117270470287037,0.7671340859178555,-0.0003199067632195669,0.0002362049212042411,-0.000520025682728749,0.0004363238407134232,1.0,3.3871615814651435,1.0
shortfall_12,Control+Large,Lower+Large,lower,-0.048223782153436014,0.014045938676949284,0.0006990913395286056,-0.07588887022195469,-0.020558694084917336,-0.09579964601561397,-0.0006479182912580497,0.0403,3.3871615814651435,1.0
shortfall_12,Control+Large,Lower+Large,upper,0.00483615496334832,0.015397987863319583,0.7537276068502681,-0.02549194913237883,0.03516425905907547,-0.047319317959154325,0.056991627885850965,1.0,3.3871615814651435,1.0
shortfall_12,Control+Large,Middle+Large,lower,0.01490856912961172,0.021763399139558787,0.4939676822424326,-0.027956942938606136,0.05777408119782958,-0.058807580317993366,0.08862471857721681,1.0,3.3871615814651435,1.0
shortfall_12,Control+Large,Middle+Large,upper,0.0585228051468525,0.020950787745999472,0.005625302332171095,0.017257824469619112,0.09978778582408589,-0.012440898207827622,0.12948650850153262,0.3753,3.3871615814651435,1.0
shortfall_12,Control+Large,Upper+Large,lower,-0.027420774856173058,0.015763837884856097,0.08319727815117074,-0.05846946255250264,0.003627912840156528,-0.08081544091620238,0.025973891203856264,0.9976,3.3871615814651435,1.0
shortfall_12,Control+Large,Upper+Large,upper,-0.0005762403748741374,0.015997640912519616,0.9712952381610302,-0.032085429964296315,0.03093294921454804,-0.05476283506783556,0.053610354318087285,1.0,3.3871615814651435,1.0
shortfall_12,Lower+Large,Middle+Large,lower,0.03332921102898228,0.024523364998394373,0.17536092708537407,-0.01497237051860021,0.08163079257656478,-0.049735388741826154,0.11639381079979072,1.0,3.3871615814651435,1.0
shortfall_12,Lower+Large,Middle+Large,upper,0.08348979043756961,0.022940635023157588,0.0003327837828370398,0.03830557720268435,0.12867400367245488,0.005786152832716496,0.16119342804242273,0.0146,3.3871615814651435,0.5208066201399811
shortfall_12,Lower+Large,Upper+Large,lower,-0.009000132956802492,0.019370253155006015,0.6426008593287394,-0.04715206938253761,0.029151803468932626,-0.07461031026669285,0.05661004435308786,1.0,3.3871615814651435,1.0
shortfall_12,Lower+Large,Upper+Large,upper,0.02439074491584299,0.018487732728809898,0.18829268182590608,-0.012022966256705632,0.06080445608839161,-0.03823019311157763,0.08701168294326361,1.0,3.3871615814651435,1.0
shortfall_12,Middle+Large,Upper+Large,lower,-0.061147656805481135,0.023921141762101406,0.011181115595621014,-0.10826309058094677,-0.014032223030015493,-0.1421724291668524,0.019877115555890154,0.6099,3.3871615814651435,1.0
shortfall_12,Middle+Large,Upper+Large,upper,-0.040280732702030246,0.024769392616716936,0.10517581733267323,-0.08906689387684344,0.008505428472782954,-0.12417866776960024,0.04361720236553974,0.9995,3.3871615814651435,1.0
