childid,round,hhid,vid,block,eligible,samp_wgt,female,agemonths,anthro_shouldbe,anthro_present,anthro_baseline,anthro_panel,anthro_attrites,haz06,waz06,muacz,haz06_R1,waz06_R1,muacz_R1
3241,2,2265,203,21,1,2.5,1,18,1,1,1,1,,-1.96561837196,-1.65500068665,-0.547957956791,-0.712602138519,-0.485400021076,
3242,1,2266,203,21,1,2.5,0,12,1,1,1,1,0,-4.54449272156,-2.81728506088,-0.863788127899,-4.54449272156,-2.81728506088,-0.863788127899
3242,2,2266,203,21,1,2.5,0,25,1,1,1,1,,-4.47712230682,-3.44565272331,-1.21348524094,-4.54449272156,-2.81728506088,-0.863788127899
3243,1,2267,203,21,1,2.5,1,16,1,1,1,1,0,-1.5765324831,0.273798376322,0.518268942833,-1.5765324831,0.273798376322,0.518268942833
3243,2,2267,203,21,1,2.5,1,29,1,1,1,1,,-1.24942016602,0.543765366077,0.657573580742,-1.5765324831,0.273798376322,0.518268942833
3244,1,2268,203,21,1,2.5,1,23,1,1,1,1,0,-1.50306284428,-0.414239287376,0.323570787907,-1.50306284428,-0.414239287376,0.323570787907
3244,2,2268,203,21,1,2.5,1,37,1,1,1,1,,-1.61967015266,-0.0764594599605,0.373834848404,-1.50306284428,-0.414239287376,0.323570787907
3245,1,2269,203,21,1,2.5,0,36,1,0,0,,,,,,,,
3245,2,2269,203,21,1,2.5,0,50,1,1,0,,,-2.29567933083,-1.48895692825,-1.84013688564,,,
3246,1,2269,203,21,1,2.5,0,8,1,1,1,1,0,-1.58665370941,-1.87487375736,-1.37452602386,-1.58665370941,-1.87487375736,-1.37452602386
3246,2,2269,203,21,1,2.5,0,21,1,1,1,1,,-2.32583713531,-1.24286222458,-1.16466927528,-1.58665370941,-1.87487375736,-1.37452602386
3247,1,2270,203,21,0,22.75,1,52,1,1,1,1,0,-2.62295055389,-1.03435564041,-1.10643219948,-2.62295055389,-1.03435564041,-1.10643219948
3247,2,2270,203,21,0,22.75,1,65,1,1,1,1,,-2.21724653244,-1.15136039257,,-2.62295055389,-1.03435564041,-1.10643219948
3248,1,2271,203,21,0,22.75,1,20,1,1,1,1,0,-2.37432813644,-1.04587352276,-1.44228208065,-2.37432813644,-1.04587352276,-1.44228208065
3248,2,2271,203,21,0,22.75,1,33,1,1,1,1,,-2.43002200127,-1.2881538868,-1.05617916584,-2.37432813644,-1.04587352276,-1.44228208065
3249,1,2273,203,21,1,2.5,1,48,1,1,1,1,0,-1.89928293228,-1.4939841032,-1.45925760269,-1.89928293228,-1.4939841032,-1.45925760269
3249,2,2273,203,21,1,2.5,1,62,1,1,1,1,,-1.84685909748,-1.32706463337,,-1.89928293228,-1.4939841032,-1.45925760269
3250,2,2273,203,21,1,2.5,1,12,1,1,0,,,-1.94758617878,-1.47630465031,-0.709443390369,,,
3251,1,2274,203,21,0,22.75,1,31,1,1,1,1,0,-2.14998531342,-0.736522257328,-0.801926255226,-2.14998531342,-0.736522257328,-0.801926255226
3251,2,2274,203,21,0,22.75,1,44,1,1,1,1,,-2.09897494316,-1.19686555862,-1.06013000011,-2.14998531342,-0.736522257328,-0.801926255226
3252,2,2274,203,21,0,22.75,0,8,1,1,0,,,-1.26926696301,-0.955506742001,-0.0989247485995,,,
3253,1,2275,203,21,1,2.5,0,30,1,1,1,1,0,-1.99187278748,-1.22336935997,-2.26072525978,-1.99187278748,-1.22336935997,-2.26072525978
3253,2,2275,203,21,1,2.5,0,44,1,1,1,1,,-2.35868930817,-1.80466675758,-2.42872262001,-1.99187278748,-1.22336935997,-2.26072525978
3254,1,2275,203,21,1,2.5,1,55,1,1,1,1,0,-4.7622551918,-2.58489990234,-1.81312429905,-4.7622551918,-2.58489990234,-1.81312429905
3254,2,2275,203,21,1,2.5,1,70,1,1,1,1,,-4.40001821518,-2.9076051712,,-4.7622551918,-2.58489990234,-1.81312429905
3255,1,2276,204,19,1,1,1,42,1,0,0,,,,,,,,
3255,2,2276,204,19,1,1,1,55,1,1,0,,,-1.55892014503,-0.361591458321,-0.0678584873676,,,
3256,1,2276,204,19,1,1,0,18,1,1,1,1,0,-2.32038855553,-1.50525164604,-0.57967799902,-2.32038855553,-1.50525164604,-0.57967799902
3256,2,2276,204,19,1,1,0,31,1,1,1,1,,-2.44661068916,-1.20011615753,-0.108602508903,-2.32038855553,-1.50525164604,-0.57967799902
3257,1,2278,204,19,1,1,1,35,1,1,1,1,0,-1.2097761631,-0.340897768736,-0.386634737253,-1.2097761631,-0.340897768736,-0.386634737253
3257,2,2278,204,19,1,1,1,51,1,1,1,1,,-1.51011347771,-0.657958865166,-0.274450182915,-1.2097761631,-0.340897768736,-0.386634737253
3258,1,2278,204,19,1,1,0,1,1,1,1,1,0,0.0902120396495,-0.0853675752878,,0.0902120396495,-0.0853675752878,
3258,2,2278,204,19,1,1,0,14,1,1,1,1,,-2.0585744381,-2.31235218048,-2.09631800652,0.0902120396495,-0.0853675752878,
3259,1,2280,204,19,0,9.75,1,44,1,1,1,1,0,0.553132474422,0.0617359466851,-1.42615425587,0.553132474422,0.0617359466851,-1.42615425587
3259,2,2280,204,19,0,9.75,1,57,1,1,1,1,,0.371690064669,-0.145936250687,-1.32624304295,0.553132474422,0.0617359466851,-1.42615425587
3260,1,2280,204,19,0,9.75,1,5,1,1,1,1,0,-0.847897708416,-0.141219779849,,-0.847897708416,-0.141219779849,
3260,2,2280,204,19,0,9.75,1,18,1,1,1,1,,-1.98283779621,-0.385680705309,0.101704068482,-0.847897708416,-0.141219779849,
3261,1,2281,204,19,1,1,1,4,1,1,1,1,0,-0.226339995861,0.193831920624,,-0.226339995861,0.193831920624,
3261,2,2281,204,19,1,1,1,17,1,1,1,1,,-2.71004080772,-1.20995998383,-0.725766539574,-0.226339995861,0.193831920624,
3262,1,2282,204,19,1,1,0,66,1,0,0,,,,,,,,
3262,2,2282,204,19,1,1,0,72,1,0,0,,,,,,,,
3263,1,2282,204,19,1,1,0,40,1,1,1,1,0,-0.767683923244,0.39786067605,,-0.767683923244,0.39786067605,
3263,2,2282,204,19,1,1,0,53,1,1,1,1,,-0.928177237511,-0.152789354324,-0.369617074728,-0.767683923244,0.39786067605,
3264,1,2282,204,19,1,1,0,13,1,1,1,1,0,-0.832065105438,-0.774689614773,0.879951775074,-0.832065105438,-0.774689614773,0.879951775074
3264,2,2282,204,19,1,1,0,26,1,1,1,1,,-1.37181663513,-0.946158349514,-0.57824999094,-0.832065105438,-0.774689614773,0.879951775074
3265,1,2283,204,19,0,9.75,0,59,1,1,1,1,0,-1.47182178497,-0.875250220299,-0.804287970066,-1.47182178497,-0.875250220299,-0.804287970066
3265,2,2283,204,19,0,9.75,0,72,1,1,1,1,,-1.18757688999,-0.972248673439,,-1.47182178497,-0.875250220299,-0.804287970066
3266,1,2284,204,19,1,1,1,15,1,1,1,1,0,-2.12102293968,0.385754495859,1.18152248859,-2.12102293968,0.385754495859,1.18152248859
3266,2,2284,204,19,1,1,1,28,1,1,1,1,,-1.45731008053,-0.0692010447383,1.15596818924,-2.12102293968,0.385754495859,1.18152248859
3267,1,2285,205,20,1,1.125,0,48,1,0,0,,,,,,,,
3267,2,2285,205,20,1,1.125,0,60,1,1,0,,,-1.63228356838,-0.170314654708,-0.595720231533,,,
3268,1,2285,205,20,1,1.125,1,10,1,1,1,1,0,-1.2286670208,-0.667482852936,0.233996808529,-1.2286670208,-0.667482852936,0.233996808529
3268,2,2285,205,20,1,1.125,1,23,1,1,1,1,,-1.73938345909,-0.577187418938,-0.428558081388,-1.2286670208,-0.667482852936,0.233996808529
3269,1,2286,205,20,1,1.125,1,23,1,1,1,1,0,-3.28334522247,-2.42737627029,-2.31951951981,-3.28334522247,-2.42737627029,-2.31951951981
3269,2,2286,205,20,1,1.125,1,36,1,1,1,1,,-2.74478745461,-1.79061365128,-1.78219509125,-3.28334522247,-2.42737627029,-2.31951951981
3270,1,2288,205,20,1,1.125,0,10,1,1,1,1,0,-1.43603026867,-0.476971745491,-0.613779723644,-1.43603026867,-0.476971745491,-0.613779723644
3270,2,2288,205,20,1,1.125,0,23,1,1,1,1,,-1.31580889225,0.295648932457,1.45427548885,-1.43603026867,-0.476971745491,-0.613779723644
3271,1,2289,205,20,1,1.125,1,27,1,1,1,1,0,-2.80459165573,-1.09957051277,0.154167830944,-2.80459165573,-1.09957051277,0.154167830944
3271,2,2289,205,20,1,1.125,1,40,1,1,1,1,,-2.90086579323,-1.06757593155,0.816004276276,-2.80459165573,-1.09957051277,0.154167830944
3272,1,2289,205,20,1,1.125,1,12,1,1,1,1,0,-2.02525544167,-1.17812645435,-0.709443390369,-2.02525544167,-1.17812645435,-0.709443390369
3272,2,2289,205,20,1,1.125,1,25,1,1,1,1,,-2.34584093094,-0.92391371727,1.12393224239,-2.02525544167,-1.17812645435,-0.709443390369
3273,1,2290,205,20,1,1.125,1,13,1,1,1,1,0,-1.96515834332,-2.02122926712,-1.30838370323,-1.96515834332,-2.02122926712,-1.30838370323
3273,2,2290,205,20,1,1.125,1,26,1,1,1,1,,-1.51539635658,-1.33081138134,-1.33234846592,-1.96515834332,-2.02122926712,-1.30838370323
3274,1,2290,205,20,1,1.125,0,13,1,1,1,1,0,-2.87245202065,-1.83304607868,-1.96610915661,-2.87245202065,-1.83304607868,-1.96610915661
3274,2,2290,205,20,1,1.125,0,26,1,1,1,1,,-1.04118204117,-0.0878628790379,-0.57824999094,-2.87245202065,-1.83304607868,-1.96610915661
3275,1,2292,205,20,0,11.25,1,64,1,0,0,,,,,,,,
3275,2,2292,205,20,0,11.25,1,72,1,1,0,,,-1.68459010124,-0.760367751122,,,,
3276,2,2292,205,20,0,11.25,0,7,1,1,0,,,-1.91817426682,-0.402414411306,0.567424952984,,,
3277,1,2293,205,20,1,1.125,0,62,1,0,0,,,,,,,,
3277,2,2293,205,20,1,1.125,0,72,1,1,0,,,-2.75047135353,-2.04609656334,,,,
3278,1,2293,205,20,1,1.125,1,5,1,1,1,1,0,0.595257043839,0.935418903828,,0.595257043839,0.935418903828,
3278,2,2293,205,20,1,1.125,1,18,1,1,1,1,,-0.415962427855,-0.385680705309,-1.05119085312,0.595257043839,0.935418903828,
3279,1,2294,205,20,1,1.125,1,68,1,0,0,,,,,,,,
3279,2,2294,205,20,1,1.125,1,72,1,0,0,,,,,,,,
3280,1,2294,205,20,1,1.125,1,8,1,1,1,1,0,-1.18385314941,-0.347648829222,-0.16839812696,-1.18385314941,-0.347648829222,-0.16839812696
3280,2,2294,205,20,1,1.125,1,21,1,1,1,1,,-2.46657037735,-0.925400316715,-1.11901545525,-1.18385314941,-0.347648829222,-0.16839812696
3281,1,2295,205,20,1,1.125,0,20,1,1,1,1,0,-1.51019108295,-0.0166819691658,0.643528997898,-1.51019108295,-0.0166819691658,0.643528997898
3281,2,2295,205,20,1,1.125,0,33,1,1,1,1,,-1.81646311283,0.161123767495,0.0646628811955,-1.51019108295,-0.0166819691658,0.643528997898
3282,2,2300,206,21,0,30.5000019073,0,72,1,0,0,,,,,,,,
3283,2,2300,206,21,0,30.5000019073,0,41,1,1,0,,,-3.15884780884,-1.04179799557,-0.167108312249,,,
3284,1,2301,206,21,1,3.49999976158,1,8,1,1,1,1,0,-2.81176400185,-2.00466561317,-1.66356694698,-2.81176400185,-2.00466561317,-1.66356694698
3284,2,2301,206,21,1,3.49999976158,1,21,1,1,1,1,,-2.61328673363,-1.94980096817,-1.79346108437,-2.81176400185,-2.00466561317,-1.66356694698
3285,1,2302,206,21,1,3.49999976158,1,21,1,1,1,1,0,-2.17314004898,-0.395545631647,-1.02604687214,-2.17314004898,-0.395545631647,-1.02604687214
3285,2,2302,206,21,1,3.49999976158,1,34,1,1,1,1,,-1.96158707142,-0.136790156364,-0.189109668136,-2.17314004898,-0.395545631647,-1.02604687214
3286,1,2302,206,21,1,3.49999976158,0,4,1,1,1,1,0,-2.87682366371,-1.65542125702,,-2.87682366371,-1.65542125702,
3286,2,2302,206,21,1,3.49999976158,0,17,1,1,1,1,,-4.47712230682,-3.44565272331,-2.95972418785,-2.87682366371,-1.65542125702,
3287,1,2303,206,21,1,3.49999976158,0,17,1,1,1,1,0,-2.02557611465,0.0654549971223,0.84068775177,-2.02557611465,0.0654549971223,0.84068775177
3287,2,2303,206,21,1,3.49999976158,0,30,1,1,1,1,,-1.91845536232,0.101478621364,0.536590754986,-2.02557611465,0.0654549971223,0.84068775177
3288,1,2304,206,21,1,3.49999976158,0,51,1,1,1,1,0,-1.33655571938,-0.557138025761,-0.636097192764,-1.33655571938,-0.557138025761,-0.636097192764
3288,2,2304,206,21,1,3.49999976158,0,64,1,1,1,1,,-1.50811421871,-0.589967906475,,-1.33655571938,-0.557138025761,-0.636097192764
3289,1,2304,206,21,1,3.49999976158,0,23,1,1,1,1,0,-3.06866168976,-1.37746059895,-1.16301906109,-3.06866168976,-1.37746059895,-1.16301906109
3289,2,2304,206,21,1,3.49999976158,0,36,1,1,1,1,,-2.73368644714,-1.16718435287,-1.35113930702,-3.06866168976,-1.37746059895,-1.16301906109
3290,1,2305,206,21,1,3.49999976158,1,672,1,0,0,,,,,,,,
3290,2,2305,206,21,1,3.49999976158,1,70,1,1,0,,,-2.89752984047,-1.38741290569,,,,
3291,1,2305,206,21,1,3.49999976158,0,228,1,0,0,,,,,,,,
3291,2,2305,206,21,1,3.49999976158,0,31,1,1,0,,,-3.03924894333,-0.517403841019,0.651942610741,,,
3292,2,2305,206,21,1,3.49999976158,0,1,1,1,0,,,-3.45452737808,-2.40325307846,,,,
3293,1,2306,206,21,1,3.49999976158,1,96,1,0,0,,,,,,,,
3293,2,2306,206,21,1,3.49999976158,1,68,1,1,0,,,-1.32569301128,-1.27055048943,,,,
3294,1,2306,206,21,1,3.49999976158,0,240,1,0,0,,,,,,,,
3294,2,2306,206,21,1,3.49999976158,0,33,1,1,0,,,-2.25155282021,-0.597111821175,0.0646628811955,,,
3295,1,2307,206,21,1,3.49999976158,1,38,1,0,0,,,,,,,,
3295,2,2307,206,21,1,3.49999976158,1,52,1,1,0,,,-2.76867794991,-1.97816240788,-2.06075143814,,,
3296,1,2307,206,21,1,3.49999976158,0,13,1,1,1,1,0,-2.81062150002,-1.71074390411,-2.27387285233,-2.81062150002,-1.71074390411,-2.27387285233
3296,2,2307,206,21,1,3.49999976158,0,26,1,1,1,1,,-2.86754012108,-1.51279580593,-1.2615647316,-2.81062150002,-1.71074390411,-2.27387285233
3297,1,2308,206,21,1,3.49999976158,1,44,1,1,1,1,0,-2.47267985344,-0.734770417213,-0.478478193283,-2.47267985344,-0.734770417213,-0.478478193283
3297,2,2308,206,21,1,3.49999976158,1,57,1,1,1,1,,-2.27508926392,-0.945523500443,-0.6758005023,-2.47267985344,-0.734770417213,-0.478478193283
3298,1,2308,206,21,1,3.49999976158,0,1,1,1,1,1,0,-0.603324949741,-1.05986464024,,-0.603324949741,-1.05986464024,
3298,2,2308,206,21,1,3.49999976158,0,13,1,1,1,1,,-0.522918999195,0.613790869713,1.73034155369,-0.603324949741,-1.05986464024,
3299,1,2309,207,17,1,1.125,1,23,1,1,1,1,0,-2.99975991249,-1.04153847694,-0.603253126144,-2.99975991249,-1.04153847694,-0.603253126144
3299,2,2309,207,17,1,1.125,1,37,1,1,1,1,,-3.20302700996,-0.765304863453,-0.227274373174,-2.99975991249,-1.04153847694,-0.603253126144
3300,1,2309,207,17,1,1.125,0,7,1,1,1,1,0,-4.7622551918,-3.5581946373,-1.19725441933,-4.7622551918,-3.5581946373,-1.19725441933
3300,2,2309,207,17,1,1.125,0,19,1,1,1,1,,-3.37233304977,-2.32633733749,-1.81053352356,-4.7622551918,-3.5581946373,-1.19725441933
3301,1,2310,207,17,1,1.125,0,48,1,1,1,0,1,-2.4504442215,-1.49334836006,-0.571062505245,-2.4504442215,-1.49334836006,-0.571062505245
3301,2,2310,207,17,1,1.125,0,61,1,0,1,0,,,,,-2.4504442215,-1.49334836006,-0.571062505245
3302,1,2310,207,17,1,1.125,0,23,1,1,1,1,0,-2.48437738419,-1.8012239933,-0.792328715324,-2.48437738419,-1.8012239933,-0.792328715324
3302,2,2310,207,17,1,1.125,0,36,1,1,1,1,,-2.57182455063,-1.62160336971,-1.08236443996,-2.48437738419,-1.8012239933,-0.792328715324
3303,1,2311,207,17,1,1.125,1,21,1,1,1,1,0,-2.2220454216,-0.459447622299,0.278603643179,-2.2220454216,-0.459447622299,0.278603643179
3303,2,2311,207,17,1,1.125,1,34,1,1,1,1,,-2.04226303101,-1.09312343597,-1.13723707199,-2.2220454216,-0.459447622299,0.278603643179
3304,1,2312,207,17,1,1.125,1,564,1,0,0,,,,,,,,
3304,2,2312,207,17,1,1.125,1,60,1,0,0,,,,,,,,
3305,1,2312,207,17,1,1.125,1,240,1,0,0,,,,,,,,
3305,2,2312,207,17,1,1.125,1,33,1,1,0,,,-2.22579312325,-0.790615677834,-0.109189279377,,,
3306,1,2313,207,17,1,1.125,0,16,1,1,1,1,0,-1.72623813152,-0.755031526089,-0.695740282536,-1.72623813152,-0.755031526089,-0.695740282536
3306,2,2313,207,17,1,1.125,0,29,1,1,1,1,,-3.02466487885,-1.15491294861,1.23028945923,-1.72623813152,-0.755031526089,-0.695740282536
3307,1,2314,207,17,1,1.125,0,44,1,1,1,1,0,-2.5070745945,-1.36878108978,-0.806991875172,-2.5070745945,-1.36878108978,-0.806991875172
3307,2,2314,207,17,1,1.125,0,56,1,1,1,1,,-2.07630109787,-1.1049169302,-1.51685488224,-2.5070745945,-1.36878108978,-0.806991875172
3308,1,2314,207,17,1,1.125,1,4,1,1,1,1,0,0.0277670752257,-0.685856878757,,0.0277670752257,-0.685856878757,
3308,2,2314,207,17,1,1.125,1,18,1,1,1,1,,-2.00005459785,-2.09762644768,-1.77821588516,0.0277670752257,-0.685856878757,
3309,1,2315,207,17,1,1.125,0,156,1,0,0,,,,,,,,
3309,2,2315,207,17,1,1.125,0,26,1,1,0,,,-2.47392868996,-2.41760635376,-2.86471509933,,,
3310,1,2316,207,17,1,1.125,1,10,1,1,1,1,0,-0.762617409229,-1.42793834209,-1.57929396629,-0.762617409229,-1.42793834209,-1.57929396629
3310,2,2316,207,17,1,1.125,1,23,1,1,1,1,,-1.72362780571,-0.744395792484,-0.214177727699,-0.762617409229,-1.42793834209,-1.57929396629
3311,1,2317,207,17,0,20.25,0,72,1,0,0,,,,,,,,
3311,2,2317,207,17,0,20.25,0,72,1,0,0,,,,,,,,
3312,1,2317,207,17,0,20.25,0,13,1,1,1,1,0,-0.790845811367,0.605105161667,0.71223372221,-0.790845811367,0.605105161667,0.71223372221
3312,2,2317,207,17,0,20.25,0,26,1,1,1,1,,-0.867992043495,-0.249859064817,-0.534063637257,-0.790845811367,0.605105161667,0.71223372221
3313,1,2320,207,17,0,20.25,1,43,1,1,1,1,0,-4.7622551918,-1.41551733017,-0.220544338226,-4.7622551918,-1.41551733017,-0.220544338226
3313,2,2320,207,17,0,20.25,1,56,1,1,1,1,,-3.1293182373,-1.40981388092,-1.26086902618,-4.7622551918,-1.41551733017,-0.220544338226
3314,1,2321,208,17,1,1.125,0,29,1,1,1,1,0,-1.97990620136,0.20747590065,0.696957170963,-1.97990620136,0.20747590065,0.696957170963
3314,2,2321,208,17,1,1.125,0,42,1,1,1,1,,-1.56402170658,0.187108784914,-0.0361677818,-1.97990620136,0.20747590065,0.696957170963
3315,2,2321,208,17,1,1.125,1,10,1,1,0,,,-2.05944824219,-1.47528707981,-0.861555635929,,,
3316,1,2323,208,17,1,1.125,0,53,1,1,1,1,0,-2.24148583412,-0.812349081039,-0.369617074728,-2.24148583412,-0.812349081039,-0.369617074728
3316,2,2323,208,17,1,1.125,0,66,1,1,1,1,,-2.3729121685,-1.31936132908,,-2.24148583412,-0.812349081039,-0.369617074728
3317,1,2323,208,17,1,1.125,1,12,1,1,1,0,1,-1.36505782604,-0.0623212344944,0.653326451778,-1.36505782604,-0.0623212344944,0.653326451778
3317,2,2323,208,17,1,1.125,1,25,1,0,1,0,,,,,-1.36505782604,-0.0623212344944,0.653326451778
3318,1,2324,208,17,1,1.125,1,24,1,1,1,1,0,-4.09608602524,-2.27970075607,-2.07588028908,-4.09608602524,-2.27970075607,-2.07588028908
3318,2,2324,208,17,1,1.125,1,37,1,1,1,1,,-2.90452480316,-1.03984439373,-2.95972418785,-4.09608602524,-2.27970075607,-2.07588028908
3319,1,2326,208,17,0,24.25,0,53,1,1,1,0,1,,-1.07832825184,-1.50137650967,,-1.07832825184,-1.50137650967
3319,2,2326,208,17,0,24.25,0,66,1,0,1,0,,,,,,-1.07832825184,-1.50137650967
3320,1,2327,208,17,0,24.25,1,19,1,1,1,1,0,-1.86539304256,-0.881526648998,-0.202617183328,-1.86539304256,-0.881526648998,-0.202617183328
3320,2,2327,208,17,0,24.25,1,32,1,1,1,1,,-1.99693548679,-0.129656404257,-0.185954347253,-1.86539304256,-0.881526648998,-0.202617183328
3321,1,2328,208,17,1,1.125,0,47,1,1,1,1,0,-3.75594449043,-1.78879606724,-0.235066860914,-3.75594449043,-1.78879606724,-0.235066860914
3321,2,2328,208,17,1,1.125,0,61,1,1,1,1,,-3.18304610252,-1.49321746826,,-3.75594449043,-1.78879606724,-0.235066860914
3322,1,2328,208,17,1,1.125,0,8,1,1,1,1,0,-2.49346709251,-0.700969159603,1.33843481541,-2.49346709251,-0.700969159603,1.33843481541
3322,2,2328,208,17,1,1.125,0,20,1,1,1,1,,-3.16266989708,-0.674157321453,1.67297637463,-2.49346709251,-0.700969159603,1.33843481541
3323,2,2328,208,17,1,1.125,1,1,1,1,0,,,-1.4262496233,0.159851491451,,,,
3324,1,2329,208,17,1,1.125,1,51,1,1,1,1,0,-1.64578235149,-1.41556513309,-0.851025462151,-1.64578235149,-1.41556513309,-0.851025462151
3324,2,2329,208,17,1,1.125,1,62,1,1,1,1,,-1.87807106972,-1.13301718235,,-1.64578235149,-1.41556513309,-0.851025462151
3325,1,2329,208,17,1,1.125,0,1,1,1,1,1,0,-2.96648335457,-2.27455210686,,-2.96648335457,-2.27455210686,
3325,2,2329,208,17,1,1.125,0,13,1,1,1,1,,-1.67707121372,-0.430162757635,1.12798380852,-2.96648335457,-2.27455210686,
3326,1,2330,208,17,1,1.125,0,51,1,1,1,1,0,,-0.0585370883346,-0.479442179203,,-0.0585370883346,-0.479442179203
3326,2,2330,208,17,1,1.125,0,64,1,1,1,1,,-0.38721254468,0.113605238497,,,-0.0585370883346,-0.479442179203
3327,1,2330,208,17,1,1.125,0,12,1,1,1,1,0,-2.20886874199,-1.05911409855,-0.584044873714,-2.20886874199,-1.05911409855,-0.584044873714
3327,2,2330,208,17,1,1.125,0,25,1,1,1,1,,-2.51029706001,-0.993323504925,0.242098107934,-2.20886874199,-1.05911409855,-0.584044873714
3328,1,2331,208,17,1,1.125,0,14,1,1,1,1,0,-1.3117903471,-0.591242611408,0.684313118458,-1.3117903471,-0.591242611408,0.684313118458
3328,2,2331,208,17,1,1.125,0,27,1,1,1,1,,-2.13883185387,-0.509007155895,-0.106070026755,-1.3117903471,-0.591242611408,0.684313118458
3329,1,2332,208,17,1,1.125,0,23,1,1,1,1,0,-1.6830726862,0.408743321896,0.75014179945,-1.6830726862,0.408743321896,0.75014179945
3329,2,2332,208,17,1,1.125,0,36,1,1,1,1,,-1.74903619289,-0.247270420194,-0.480420023203,-1.6830726862,0.408743321896,0.75014179945
3330,2,2332,208,17,1,1.125,0,3,1,1,0,,,0.0835464149714,1.38264620304,,,,
3331,1,2333,209,22,1,3.125,1,9,1,1,1,1,0,-0.369866162539,0.979954600334,0.922815144062,-0.369866162539,0.979954600334,0.922815144062
3331,2,2333,209,22,1,3.125,1,22,1,1,1,1,,-1.15505468845,0.0286320839077,0.01437171828,-0.369866162539,0.979954600334,0.922815144062
3332,2,2334,209,22,0,29.5,1,1,1,0,0,,,,,,,,
3333,1,2335,209,22,1,3.125,0,45,1,1,1,1,0,-3.64336872101,-0.172332137823,1.575745821,-3.64336872101,-0.172332137823,1.575745821
3333,2,2335,209,22,1,3.125,0,58,1,1,1,1,,-2.90882110596,-0.0823505744338,1.30694198608,-3.64336872101,-0.172332137823,1.575745821
3334,1,2335,209,22,1,3.125,0,9,1,1,1,1,0,0.749490380287,0.981952309608,0.333817660809,0.749490380287,0.981952309608,0.333817660809
3334,2,2335,209,22,1,3.125,0,22,1,1,1,1,,-0.970511972904,0.623970031738,0.0933862552047,0.749490380287,0.981952309608,0.333817660809
3335,1,2336,209,22,1,3.125,1,4,1,1,1,1,0,-1.2196611166,-1.73605084419,,-1.2196611166,-1.73605084419,
3335,2,2336,209,22,1,3.125,1,17,1,1,1,1,,-3.27163124084,-2.82958889008,-1.82800614834,-1.2196611166,-1.73605084419,
3336,1,2337,209,22,0,29.5,0,50,1,1,1,1,0,-2.64715361595,-2.0391933918,-1.52935695648,-2.64715361595,-2.0391933918,-1.52935695648
3336,2,2337,209,22,0,29.5,0,62,1,1,1,1,,-2.54198789597,-1.93662798405,,-2.64715361595,-2.0391933918,-1.52935695648
3337,1,2337,209,22,0,29.5,1,28,1,1,1,1,0,-1.32616138458,-1.18935513496,-0.909652233124,-1.32616138458,-1.18935513496,-0.909652233124
3337,2,2337,209,22,0,29.5,1,41,1,1,1,1,,-2.10046267509,-1.26779401302,-0.883667886257,-1.32616138458,-1.18935513496,-0.909652233124
3338,1,2338,209,22,0,29.5,1,47,1,1,1,1,0,-4.20217847824,-2.33485865593,-0.576433598995,-4.20217847824,-2.33485865593,-0.576433598995
3338,2,2338,209,22,0,29.5,1,60,1,1,1,1,,-3.94676589966,-2.74907517433,-1.29585468769,-4.20217847824,-2.33485865593,-0.576433598995
3339,1,2338,209,22,0,29.5,0,29,1,1,1,1,0,-4.62165498734,-2.48314905167,-0.891414880753,-4.62165498734,-2.48314905167,-0.891414880753
3339,2,2338,209,22,0,29.5,0,42,1,1,1,1,,-4.2373418808,-2.2829554081,-0.635948956013,-4.62165498734,-2.48314905167,-0.891414880753
3340,1,2339,209,22,1,3.125,0,57,1,1,1,1,0,-1.88302886486,-1.52661538124,-1.75138664246,-1.88302886486,-1.52661538124,-1.75138664246
3340,2,2339,209,22,1,3.125,0,70,1,1,1,1,,-1.72680902481,-1.37853491306,,-1.88302886486,-1.52661538124,-1.75138664246
3341,1,2339,209,22,1,3.125,1,32,1,1,1,1,0,-1.63839864731,-1.80181801319,-2.10858607292,-1.63839864731,-1.80181801319,-2.10858607292
3341,2,2339,209,22,1,3.125,1,45,1,1,1,1,,-1.54567313194,-1.31705510616,-1.2512960434,-1.63839864731,-1.80181801319,-2.10858607292
3342,1,2340,209,22,0,29.5,0,66,1,0,0,,,,,,,,
3342,2,2340,209,22,0,29.5,0,72,1,0,0,,,,,,,,
3343,1,2340,209,22,0,29.5,0,44,1,1,1,1,0,-3.37265777588,-1.17503869534,-0.00948764849454,-3.37265777588,-1.17503869534,-0.00948764849454
3343,2,2340,209,22,0,29.5,0,57,1,1,1,1,,-3.49646115303,-1.6010607481,-0.270493716002,-3.37265777588,-1.17503869534,-0.00948764849454
3344,1,2341,209,22,1,3.125,0,15,1,1,1,0,1,-2.01391625404,-0.723772227764,-0.758420169353,-2.01391625404,-0.723772227764,-0.758420169353
3344,2,2341,209,22,1,3.125,0,28,1,0,1,0,,,,,-2.01391625404,-0.723772227764,-0.758420169353
3345,1,2342,209,22,1,3.125,1,84,1,0,0,,,,,,,,
3345,2,2342,209,22,1,3.125,1,72,1,0,0,,,,,,,,
3346,1,2342,209,22,1,3.125,0,34,1,1,1,1,0,-2.65869784355,-1.41871368885,-0.892657637596,-2.65869784355,-1.41871368885,-0.892657637596
3346,2,2342,209,22,1,3.125,0,47,1,1,1,1,,-2.37264990807,-1.90836179256,-1.25232958794,-2.65869784355,-1.41871368885,-0.892657637596
3347,1,2342,209,22,1,3.125,1,10,1,1,1,1,0,-1.39076852798,-0.489419966936,-0.542866408825,-1.39076852798,-0.489419966936,-0.542866408825
3347,2,2342,209,22,1,3.125,1,23,1,1,1,1,,-0.289950937033,-0.744395792484,-0.385331779718,-1.39076852798,-0.489419966936,-0.542866408825
3348,1,2343,209,22,1,3.125,1,3,1,1,1,0,1,0.0936322063208,1.74831914902,,0.0936322063208,1.74831914902,
3349,1,2344,209,22,1,3.125,0,12,1,1,1,1,0,-2.77699255943,-1.03798496723,-0.129240378737,-2.77699255943,-1.03798496723,-0.129240378737
3349,2,2344,209,22,1,3.125,0,25,1,1,1,1,,-2.67076086998,-0.286906629801,0.61019551754,-2.77699255943,-1.03798496723,-0.129240378737
3350,1,2346,210,17,1,1.16666662693,0,6,1,1,1,1,0,-1.62295758724,-0.855499923229,-0.410135746002,-1.62295758724,-0.855499923229,-0.410135746002
3350,2,2346,210,17,1,1.16666662693,0,19,1,1,1,1,,-0.995098471642,-0.995516359806,-0.124674491584,-1.62295758724,-0.855499923229,-0.410135746002
3351,1,2347,210,17,1,1.16666662693,1,15,1,1,1,1,0,-2.21229052544,-1.24523460865,-1.19671559334,-2.21229052544,-1.24523460865,-1.19671559334
3351,2,2347,210,17,1,1.16666662693,1,28,1,1,1,1,,-2.28790903091,-0.406857728958,-0.437280327082,-2.21229052544,-1.24523460865,-1.19671559334
3352,1,2348,210,17,0,27.2500019073,0,60,1,0,0,,,,,,,,
3352,2,2348,210,17,0,27.2500019073,0,72,1,0,0,,,,,,,,
3353,1,2348,210,17,0,27.2500019073,0,39,1,1,1,1,0,-0.470541119576,-0.357775211334,-0.85607278347,-0.470541119576,-0.357775211334,-0.85607278347
3353,2,2348,210,17,0,27.2500019073,0,52,1,1,1,1,,-0.554995894432,-0.0604691877961,-0.937709450722,-0.470541119576,-0.357775211334,-0.85607278347
3354,1,2348,210,17,0,27.2500019073,1,11,1,1,1,1,0,0.408205509186,-0.169894009829,-0.85625487566,0.408205509186,-0.169894009829,-0.85625487566
3354,2,2348,210,17,0,27.2500019073,1,24,1,1,1,1,,0.33620351553,0.823335170746,0.0581382885575,0.408205509186,-0.169894009829,-0.85625487566
3355,1,2351,210,17,1,1.16666662693,0,24,1,1,1,1,0,-2.34557151794,-1.44841599464,-0.39272326231,-2.34557151794,-1.44841599464,-0.39272326231
3355,2,2351,210,17,1,1.16666662693,0,37,1,1,1,1,,-1.71460175514,-1.50337934494,-0.847317099571,-2.34557151794,-1.44841599464,-0.39272326231
3356,1,2352,210,17,1,1.16666662693,1,21,1,1,1,1,0,-2.62958693504,,-1.2128008604,-2.62958693504,,-1.2128008604
3356,2,2352,210,17,1,1.16666662693,1,33,1,1,1,1,,-1.9943343401,-1.33942496777,-0.758705377579,-2.62958693504,,-1.2128008604
3357,1,2353,210,17,1,1.16666662693,1,24,1,1,1,1,0,-1.08956956863,-0.0123181734234,,-1.08956956863,-0.0123181734234,
3357,2,2353,210,17,1,1.16666662693,1,37,1,1,1,1,,-1.08755755424,-0.703210830688,-0.150155156851,-1.08956956863,-0.0123181734234,
3358,1,2354,210,17,1,1.16666662693,1,20,1,1,1,1,0,-3.55259919167,-2.04965877533,-0.0835626497865,-3.55259919167,-2.04965877533,-0.0835626497865
3358,2,2354,210,17,1,1.16666662693,1,33,1,1,1,1,,-3.36947345734,-2.40132260323,-0.885155260563,-3.55259919167,-2.04965877533,-0.0835626497865
3359,1,2355,211,18,1,1,1,12,1,1,1,1,0,-0.899036347866,-0.305654853582,-0.893148243427,-0.899036347866,-0.305654853582,-0.893148243427
3359,2,2355,211,18,1,1,1,25,1,1,1,1,,-1.21721231937,-0.129831552505,-0.728036046028,-0.899036347866,-0.305654853582,-0.893148243427
3360,1,2356,211,18,1,1,1,8,1,1,1,1,0,-0.718732953072,0.605364441872,0.825300872326,-0.718732953072,0.605364441872,0.825300872326
3360,2,2356,211,18,1,1,1,21,1,1,1,1,,-1.16243803501,0.486113876104,1.14163899422,-0.718732953072,0.605364441872,0.825300872326
3361,1,2357,211,18,0,17,0,58,1,1,1,1,0,-0.957753837109,-0.51195961237,-0.110758528113,-0.957753837109,-0.51195961237,-0.110758528113
3361,2,2357,211,18,0,17,0,71,1,1,1,1,,-0.797497272491,-0.366760730743,,-0.957753837109,-0.51195961237,-0.110758528113
3362,2,2357,211,18,0,17,0,8,1,1,0,,,-2.10807204247,-2.20103168488,-1.32547497749,,,
3363,1,2358,211,18,0,17,1,41,1,1,1,1,0,-3.60407614708,-1.02003276348,0.07200396806,-3.60407614708,-1.02003276348,0.07200396806
3363,2,2358,211,18,0,17,1,57,1,1,1,1,,-3.67379355431,-1.01092684269,0.564155995846,-3.60407614708,-1.02003276348,0.07200396806
3364,1,2359,211,18,1,1,1,56,1,1,1,1,0,-1.95816707611,-0.641037225723,-0.369178593159,-1.95816707611,-0.641037225723,-0.369178593159
3364,2,2359,211,18,1,1,1,69,1,1,1,1,,-1.83335673809,-0.544070839882,,-1.95816707611,-0.641037225723,-0.369178593159
3365,1,2359,211,18,1,1,0,10,1,1,1,1,0,-0.101182878017,0.598033368587,1.30890619755,-0.101182878017,0.598033368587,1.30890619755
3365,2,2359,211,18,1,1,0,23,1,1,1,1,,-2.31743907928,-1.09760856628,-0.169288262725,-0.101182878017,0.598033368587,1.30890619755
3366,1,2360,211,18,1,1,1,8,1,1,1,1,0,-1.81810438633,-0.523052036762,0.0892776846886,-1.81810438633,-0.523052036762,0.0892776846886
3366,2,2360,211,18,1,1,1,21,1,1,1,1,,-2.28725361824,-0.671621859074,0.440936356783,-1.81810438633,-0.523052036762,0.0892776846886
3367,1,2361,211,18,1,1,0,4,1,1,1,1,0,0.0307574905455,-0.493984043598,,0.0307574905455,-0.493984043598,
3367,2,2361,211,18,1,1,0,17,1,1,1,1,,-1.45751976967,-0.892682135105,-0.682182908058,0.0307574905455,-0.493984043598,
3368,1,2362,211,18,0,17,0,60,1,1,1,1,0,-4.7622551918,-2.94324183464,-0.902671098709,-4.7622551918,-2.94324183464,-0.902671098709
3368,2,2362,211,18,0,17,0,73,1,1,1,1,,-4.47712230682,-3.00177717209,,-4.7622551918,-2.94324183464,-0.902671098709
3369,1,2363,211,18,1,1,0,15,1,1,1,1,0,-0.828281998634,0.801536619663,1.39232778549,-0.828281998634,0.801536619663,1.39232778549
3369,2,2363,211,18,1,1,0,28,1,1,1,1,,-1.73469293118,0.157428517938,1.12675666809,-0.828281998634,0.801536619663,1.39232778549
3370,1,2365,212,20,1,2.125,1,38,1,1,1,1,0,-1.28807473183,-0.0903199762106,-0.342586040497,-1.28807473183,-0.0903199762106,-0.342586040497
3370,2,2365,212,20,1,2.125,1,51,1,1,1,1,,-1.13702940941,-0.496659785509,-0.925594568253,-1.28807473183,-0.0903199762106,-0.342586040497
3371,1,2365,212,20,1,2.125,0,5,1,1,1,1,0,-0.166988804936,-0.305433571339,,-0.166988804936,-0.305433571339,
3371,2,2365,212,20,1,2.125,0,18,1,1,1,1,,-1.8198788166,-1.27563142776,-0.809718728065,-0.166988804936,-0.305433571339,
3372,1,2366,212,20,1,2.125,1,59,1,1,1,1,0,-2.8169927597,-1.93904566765,-1.99377846718,-2.8169927597,-1.93904566765,-1.99377846718
3372,2,2366,212,20,1,2.125,1,71,1,1,1,1,,-2.38596701622,-2.01321125031,,-2.8169927597,-1.93904566765,-1.99377846718
3373,1,2366,212,20,1,2.125,0,31,1,1,1,1,0,-3.90652084351,-1.74103796482,-0.969630122185,-3.90652084351,-1.74103796482,-0.969630122185
3373,2,2366,212,20,1,2.125,0,45,1,1,1,1,,-3.60661268234,-2.16135144234,-1.47211575508,-3.90652084351,-1.74103796482,-0.969630122185
3374,1,2366,212,20,1,2.125,1,4,1,1,1,1,0,-1.84337604046,-2.94451260567,,-1.84337604046,-2.94451260567,
3374,2,2366,212,20,1,2.125,1,17,1,1,1,1,,-2.67493891716,-1.61133086681,-0.28015768528,-1.84337604046,-2.94451260567,
3375,1,2367,212,20,0,28.7500019073,0,55,1,0,0,,,,,,,,
3375,2,2367,212,20,0,28.7500019073,0,68,1,1,0,,,,-2.99577784538,,,,
3376,1,2368,212,20,0,28.7500019073,1,53,1,1,1,1,0,-0.0811001807451,-0.0143629666418,-0.271606296301,-0.0811001807451,-0.0143629666418,-0.271606296301
3376,2,2368,212,20,0,28.7500019073,1,66,1,1,1,1,,-0.0557896383107,-0.37634703517,,-0.0811001807451,-0.0143629666418,-0.271606296301
3377,1,2369,212,20,0,28.7500019073,0,31,1,1,1,1,0,-3.47288370132,-2.05784845352,-1.99975943565,-3.47288370132,-2.05784845352,-1.99975943565
3377,2,2369,212,20,0,28.7500019073,0,46,1,1,1,1,,-3.32409071922,-2.210927248,-1.4049423933,-3.47288370132,-2.05784845352,-1.99975943565
3378,1,2370,212,20,1,2.125,0,9,1,1,1,0,1,-0.119780652225,0.16243866086,-0.112218685448,-0.119780652225,0.16243866086,-0.112218685448
3378,2,2370,212,20,1,2.125,0,22,1,0,1,0,,,,,-0.119780652225,0.16243866086,-0.112218685448
3379,1,2371,212,20,0,28.7500019073,0,26,1,1,1,1,0,-2.15903949738,-1.44702601433,-0.846882998943,-2.15903949738,-1.44702601433,-0.846882998943
3379,2,2371,212,20,0,28.7500019073,0,39,1,1,1,1,,-1.70722842216,-1.30676698685,-1.70135176182,-2.15903949738,-1.44702601433,-0.846882998943
3380,1,2371,212,20,0,28.7500019073,0,26,1,1,1,1,0,-2.41094946861,-1.69633340836,-0.846882998943,-2.41094946861,-1.69633340836,-0.846882998943
3380,2,2371,212,20,0,28.7500019073,0,39,1,1,1,1,,-2.09776115417,-1.66723537445,-1.6551091671,-2.41094946861,-1.69633340836,-0.846882998943
3381,1,2372,212,20,1,2.125,1,9,1,1,1,1,0,-1.92218410969,-0.739972651005,0.765976011753,-1.92218410969,-0.739972651005,0.765976011753
3381,2,2372,212,20,1,2.125,1,22,1,1,1,1,,-3.19018554688,-1.72928786278,-0.325036287308,-1.92218410969,-0.739972651005,0.765976011753
3382,1,2373,212,20,1,2.125,0,8,1,1,1,1,0,-1.35995030403,-0.474980831146,0.0369354337454,-1.35995030403,-0.474980831146,0.0369354337454
3382,2,2373,212,20,1,2.125,0,21,1,1,1,1,,-3.5087928772,-1.4939237833,-0.428924053907,-1.35995030403,-0.474980831146,0.0369354337454
3383,1,2374,212,20,1,2.125,1,6,1,1,1,1,0,-1.55801618099,0.0926378592849,0.691875040531,-1.55801618099,0.0926378592849,0.691875040531
3383,2,2374,212,20,1,2.125,1,19,1,1,1,1,,-2.64289164543,-0.517563223839,0.546215713024,-1.55801618099,0.0926378592849,0.691875040531
3384,1,2375,212,20,1,2.125,0,24,1,1,1,1,0,-0.168926596642,0.0706536993384,-0.0457493551075,-0.168926596642,0.0706536993384,-0.0457493551075
3384,2,2375,212,20,1,2.125,0,37,1,1,1,1,,-0.581963181496,0.0669308155775,-0.592007637024,-0.168926596642,0.0706536993384,-0.0457493551075
3385,2,2375,212,20,1,2.125,1,12,1,1,0,,,-2.62720274925,-0.81991648674,0.0369140915573,,,
3386,1,2376,212,20,1,2.125,0,11,1,1,1,1,0,0.477044820786,0.426905930042,0.428711593151,0.477044820786,0.426905930042,0.428711593151
3386,2,2376,212,20,1,2.125,0,24,1,1,1,1,,-0.430777072906,,0.939274907112,0.477044820786,0.426905930042,0.428711593151
3387,1,2378,213,20,1,1,1,51,1,1,1,1,0,-2.2336742878,-0.804360330105,-1.00074613094,-2.2336742878,-0.804360330105,-1.00074613094
3387,2,2378,213,20,1,1,1,64,1,1,1,1,,-1.87016439438,-0.765849411488,,-2.2336742878,-0.804360330105,-1.00074613094
3388,1,2378,213,20,1,1,0,22,1,1,1,1,0,-2.72565722466,-1.18182814121,-0.296757102013,-2.72565722466,-1.18182814121,-0.296757102013
3388,2,2378,213,20,1,1,0,35,1,1,1,1,,-3.02520060539,-1.09965002537,-0.243888050318,-2.72565722466,-1.18182814121,-0.296757102013
3389,1,2379,213,20,1,1,0,51,1,1,1,1,0,-3.02057814598,-1.24083662033,-0.402114242315,-3.02057814598,-1.24083662033,-0.402114242315
3389,2,2379,213,20,1,1,0,64,1,1,1,1,,-3.37628364563,-2.08219361305,,-3.02057814598,-1.24083662033,-0.402114242315
3390,1,2379,213,20,1,1,1,11,1,1,1,1,0,-0.722395956516,-0.0793058425188,0.0282637905329,-0.722395956516,-0.0793058425188,0.0282637905329
3390,2,2379,213,20,1,1,1,24,1,1,1,1,,-1.26004314423,-0.397338628769,-0.107641123235,-0.722395956516,-0.0793058425188,0.0282637905329
3391,1,2380,213,20,1,1,0,66,1,0,0,,,,,,,,
3391,2,2380,213,20,1,1,0,72,1,0,0,,,,,,,,
3392,1,2380,213,20,1,1,0,36,1,1,1,1,0,-3.00345349312,-1.78637754917,-1.12669336796,-3.00345349312,-1.78637754917,-1.12669336796
3392,2,2380,213,20,1,1,0,49,1,1,1,1,,-2.23061990738,-1.16067492962,-0.712772071362,-3.00345349312,-1.78637754917,-1.12669336796
3393,1,2381,213,20,0,16,1,47,1,1,1,1,0,-1.97644877434,-0.480314612389,0.209228277206,-1.97644877434,-0.480314612389,0.209228277206
3393,2,2381,213,20,0,16,1,60,1,1,1,1,,-2.07569169998,-0.344598531723,0.310612082481,-1.97644877434,-0.480314612389,0.209228277206
3394,1,2381,213,20,0,16,0,21,1,1,1,1,0,-2.11707758904,-1.18997192383,-0.608890473843,-2.11707758904,-1.18997192383,-0.608890473843
3394,2,2381,213,20,0,16,0,34,1,1,1,1,,-1.30210518837,-0.0555639192462,0.656691908836,-2.11707758904,-1.18997192383,-0.608890473843
3395,1,2382,213,20,1,1,0,31,1,1,1,1,0,-2.4899725914,-1.25115346909,-1.24138355255,-2.4899725914,-1.25115346909,-1.24138355255
3395,2,2382,213,20,1,1,0,46,1,1,1,1,,-2.41376662254,-0.807398021221,-1.49293482304,-2.4899725914,-1.25115346909,-1.24138355255
3396,1,2382,213,20,1,1,0,3,1,1,1,1,0,-0.430060446262,0.577147960663,,-0.430060446262,0.577147960663,
3396,2,2382,213,20,1,1,0,16,1,1,1,1,,-1.49407422543,-1.71725535393,-1.407107234,-0.430060446262,0.577147960663,
3397,1,2383,213,20,0,16,0,32,1,1,1,1,0,-2.62690854073,-0.624980032444,-1.18534445763,-2.62690854073,-0.624980032444,-1.18534445763
3397,2,2383,213,20,0,16,0,45,1,1,1,1,,-2.2956609726,-0.239386305213,-1.2965887785,-2.62690854073,-0.624980032444,-1.18534445763
3398,1,2383,213,20,0,16,1,16,1,1,1,1,0,-1.61231744289,-0.0102793723345,0.0210710857064,-1.61231744289,-0.0102793723345,0.0210710857064
3398,2,2383,213,20,0,16,1,29,1,1,1,1,,-1.65161836147,0.134072214365,-0.00112005113624,-1.61231744289,-0.0102793723345,0.0210710857064
3399,1,2384,213,20,1,1,0,10,1,1,1,1,0,-1.41414618492,-1.75372576714,-0.895246684551,-1.41414618492,-1.75372576714,-0.895246684551
3399,2,2384,213,20,1,1,0,23,1,1,1,1,,-2.53445696831,-0.810281097889,0.130790352821,-1.41414618492,-1.75372576714,-0.895246684551
3400,2,2385,213,20,0,16,1,56,1,1,0,,,-3.41126298904,-0.900799274445,-0.0678763911128,,,
3401,2,2385,213,20,0,16,0,36,1,1,0,,,-1.84345436096,-0.211703538895,-0.151230379939,,,
3402,1,2386,213,20,1,1,1,7,1,1,1,1,0,-2.26198506355,-1.58867359161,-1.09109735489,-2.26198506355,-1.58867359161,-1.09109735489
3402,2,2386,213,20,1,1,1,20,1,1,1,1,,-2.47390127182,-1.63580131531,-1.0161036253,-2.26198506355,-1.58867359161,-1.09109735489
3403,1,2387,213,20,1,1,1,53,1,1,1,0,1,-1.83738422394,-0.972221314907,-1.06114351749,-1.83738422394,-0.972221314907,-1.06114351749
3404,1,2387,213,20,1,1,0,24,1,1,1,0,1,-2.23100924492,-1.67272245884,-0.840849041939,-2.23100924492,-1.67272245884,-0.840849041939
3405,1,2388,213,20,1,1,0,30,1,1,1,1,0,-4.25312995911,-2.04131889343,-1.20384013653,-4.25312995911,-2.04131889343,-1.20384013653
3405,2,2388,213,20,1,1,0,43,1,1,1,1,,-3.17155122757,-1.49280667305,-0.659736812115,-4.25312995911,-2.04131889343,-1.20384013653
3406,1,2388,213,20,1,1,1,6,1,1,1,1,0,-1.13885045052,-1.22368860245,-0.423727244139,-1.13885045052,-1.22368860245,-0.423727244139
3406,2,2388,213,20,1,1,1,19,1,1,1,1,,-2.22033977509,-2.0471265316,-1.43624556065,-1.13885045052,-1.22368860245,-0.423727244139
3407,1,2389,214,18,1,1,1,12,1,1,1,1,0,-2.76312541962,-2.65157270432,-2.59989023209,-2.76312541962,-2.65157270432,-2.59989023209
3407,2,2389,214,18,1,1,1,25,1,1,1,1,,-2.1628203392,-1.81183886528,-0.728036046028,-2.76312541962,-2.65157270432,-2.59989023209
3408,1,2390,214,18,1,1,0,17,1,1,1,1,0,-1.81729054451,-0.828082442284,-1.48914110661,-1.81729054451,-0.828082442284,-1.48914110661
3408,2,2390,214,18,1,1,0,30,1,1,1,1,,-1.53668618202,-0.776147484779,-0.842546224594,-1.81729054451,-0.828082442284,-1.48914110661
3409,1,2391,214,18,1,1,0,48,1,1,1,1,0,-1.85436236858,-0.805965781212,-0.181396603584,-1.85436236858,-0.805965781212,-0.181396603584
3409,2,2391,214,18,1,1,0,61,1,1,1,1,,-1.82181036472,-1.37914121151,,-1.85436236858,-0.805965781212,-0.181396603584
3410,1,2391,214,18,1,1,1,19,1,1,1,1,0,-1.88229358196,-0.593866765499,-1.10239708424,-1.88229358196,-0.593866765499,-1.10239708424
3410,2,2391,214,18,1,1,1,33,1,1,1,1,,-1.88541185856,-1.03090751171,-0.970315992832,-1.88229358196,-0.593866765499,-1.10239708424
3411,2,2391,214,18,1,1,0,9,1,1,0,,,-3.55227732658,-3.44565272331,-2.7633254528,,,
3412,1,2392,214,18,0,24.5,0,28,1,1,1,1,0,-3.4809243679,-1.40560042858,-1.21330809593,-3.4809243679,-1.40560042858,-1.21330809593
3412,2,2392,214,18,0,24.5,0,41,1,1,1,1,,-1.97388935089,-1.71690750122,-1.9809191227,-3.4809243679,-1.40560042858,-1.21330809593
3413,1,2393,214,18,1,1,1,51,1,1,1,1,0,-3.75993299484,-2.27797722816,-1.78620624542,-3.75993299484,-2.27797722816,-1.78620624542
3413,2,2393,214,18,1,1,1,63,1,1,1,1,,-2.88210749626,-1.78443133831,,-3.75993299484,-2.27797722816,-1.78620624542
3414,1,2393,214,18,1,1,1,20,1,1,1,1,0,-4.5317234993,-2.84329557419,-2.45467758179,-4.5317234993,-2.84329557419,-2.45467758179
3414,2,2393,214,18,1,1,1,33,1,1,1,1,,-3.79154706001,-1.67935943604,-0.551318407059,-4.5317234993,-2.84329557419,-2.45467758179
3415,1,2394,214,18,0,24.5,1,63,1,0,0,,,,,,,,
3415,2,2394,214,18,0,24.5,1,72,1,0,0,,,,,,,,
3416,1,2395,214,18,1,1,0,14,1,1,1,1,0,-1.1099575758,-0.983201503754,-0.823879361153,-1.1099575758,-0.983201503754,-0.823879361153
3416,2,2395,214,18,1,1,0,29,1,1,1,1,,-1.66648006439,-1.13996219635,-1.2558914423,-1.1099575758,-0.983201503754,-0.823879361153
3417,1,2396,214,18,0,24.5,1,25,1,1,1,1,0,-2.22382640839,-1.03660392761,-1.0862839222,-2.22382640839,-1.03660392761,-1.0862839222
3417,2,2396,214,18,0,24.5,1,38,1,1,1,1,,-2.59701538086,-1.70078349113,-1.06735265255,-2.22382640839,-1.03660392761,-1.0862839222
3418,2,2396,214,18,0,24.5,0,3,1,1,0,,,1.01293170452,0.777621626854,,,,
3419,1,2398,215,19,1,2.875,0,15,1,1,1,1,0,-2.29056596756,-1.96209132671,-1.72121870518,-2.29056596756,-1.96209132671,-1.72121870518
3419,2,2398,215,19,1,2.875,0,28,1,1,1,1,,-2.53947615623,-1.99937665462,-1.83146762848,-2.29056596756,-1.96209132671,-1.72121870518
3420,1,2399,215,19,0,32.5,1,46,1,1,1,1,0,-1.58086967468,0.602789819241,0.175658345222,-1.58086967468,0.602789819241,0.175658345222
3420,2,2399,215,19,0,32.5,1,59,1,1,1,1,,-1.47151184082,0.79835575819,0.526242911816,-1.58086967468,0.602789819241,0.175658345222
3421,2,2399,215,19,0,32.5,1,2,1,1,0,,,-0.69606345892,0.748876094818,,,,
3422,1,2400,215,19,1,2.875,0,56,1,1,1,1,0,-1.54161393642,-1.26789355278,-0.74195677042,-1.54161393642,-1.26789355278,-0.74195677042
3422,2,2400,215,19,1,2.875,0,71,1,1,1,1,,-1.35912954807,-1.49811637402,,-1.54161393642,-1.26789355278,-0.74195677042
3423,1,2400,215,19,1,2.875,1,18,1,1,1,1,0,-2.74044632912,-1.67543745041,-1.14531099796,-2.74044632912,-1.67543745041,-1.14531099796
3423,2,2400,215,19,1,2.875,1,31,1,1,1,1,,-2.23382806778,-1.03418529034,-0.30260848999,-2.74044632912,-1.67543745041,-1.14531099796
3424,2,2400,215,19,1,2.875,1,10,1,1,0,,,-2.0797123909,-1.18434596062,0.108541689813,,,
3425,1,2401,215,19,1,2.875,1,18,1,1,1,1,0,-1.79343438148,,0.350687086582,-1.79343438148,,0.350687086582
3425,2,2401,215,19,1,2.875,1,31,1,1,1,1,,-1.06004261971,0.0606848634779,-0.0616603940725,-1.79343438148,,0.350687086582
3426,1,2403,215,19,1,2.875,0,24,1,1,1,1,0,-2.70561742783,-1.04899656773,-0.217997461557,-2.70561742783,-1.04899656773,-0.217997461557
3426,2,2403,215,19,1,2.875,0,37,1,1,1,1,,-3.19369530678,-1.93498027325,-1.65257525444,-2.70561742783,-1.04899656773,-0.217997461557
3427,1,2403,215,19,1,2.875,0,24,1,1,1,1,0,-3.03293251991,-1.43140053749,-0.659613728523,-3.03293251991,-1.43140053749,-0.659613728523
3427,2,2403,215,19,1,2.875,0,37,1,1,1,1,,-3.18036937714,-1.79796135426,-1.24228870869,-3.03293251991,-1.43140053749,-0.659613728523
3428,2,2403,215,19,1,2.875,0,11,1,1,0,,,-1.47630155087,-1.14776968956,-0.417102992535,,,
3429,1,2404,215,19,1,2.875,1,23,1,0,0,,,,,,,,
3429,2,2404,215,19,1,2.875,1,36,1,1,0,,,-3.28316020966,-1.94249379635,-0.706772983074,,,
3430,2,2404,215,19,1,2.875,1,2,1,1,0,,,-0.745176553726,0.0176813583821,,,,
3431,1,2405,215,19,1,2.875,1,36,1,1,1,1,0,-2.12762761116,-0.381080925465,-1.08117175102,-2.12762761116,-0.381080925465,-1.08117175102
3431,2,2405,215,19,1,2.875,1,49,1,1,1,1,,-1.69589018822,-0.369730055332,-0.677187085152,-2.12762761116,-0.381080925465,-1.08117175102
3432,1,2405,215,19,1,2.875,1,10,1,1,1,1,0,-0.41814699769,-0.205590724945,-0.453589588404,-0.41814699769,-0.205590724945,-0.453589588404
3432,2,2405,215,19,1,2.875,1,23,1,1,1,1,,-1.28249788284,0.711791276932,1.13763213158,-0.41814699769,-0.205590724945,-0.453589588404
3433,1,2406,215,19,0,32.5,0,38,1,0,0,,,,,,,,
3433,2,2406,215,19,0,32.5,0,51,1,1,0,,,-1.94048249722,-0.198709577322,-0.675683736801,,,
3434,2,2406,215,19,0,32.5,0,4,1,1,0,,,0.583437144756,-0.981698393822,,,,
3435,1,2407,215,19,0,32.5,1,52,1,1,1,1,0,-2.66778898239,-1.0751324892,-1.41420018673,-2.66778898239,-1.0751324892,-1.41420018673
3435,2,2407,215,19,0,32.5,1,65,1,1,1,1,,-2.29884123802,-1.3297098875,,-2.66778898239,-1.0751324892,-1.41420018673
3436,1,2407,215,19,0,32.5,0,6,1,1,1,1,0,-1.99674069881,-0.880511403084,-0.128793820739,-1.99674069881,-0.880511403084,-0.128793820739
3436,2,2407,215,19,0,32.5,0,19,1,1,1,1,,-2.91866254807,-1.57895791531,-0.526121079922,-1.99674069881,-0.880511403084,-0.128793820739
3437,1,2408,215,19,1,2.875,0,54,1,1,1,1,0,-2.45004582405,-1.27385628223,-1.1834615469,-2.45004582405,-1.27385628223,-1.1834615469
3437,2,2408,215,19,1,2.875,0,67,1,1,1,1,,-2.08899879456,-1.33335042,,-2.45004582405,-1.27385628223,-1.1834615469
3438,1,2408,215,19,1,2.875,0,25,1,1,1,1,0,-3.24842905998,-1.30783486366,-1.26046621799,-3.24842905998,-1.30783486366,-1.26046621799
3438,2,2408,215,19,1,2.875,0,38,1,1,1,1,,-2.50812125206,-1.10106992722,-1.35744035244,-3.24842905998,-1.30783486366,-1.26046621799
3439,1,2408,215,19,1,2.875,0,1,1,1,1,1,0,-2.35000658035,-2.27455210686,,-2.35000658035,-2.27455210686,
3439,2,2408,215,19,1,2.875,0,13,1,1,1,1,,-3.84111905098,-2.09393405914,-1.08058607578,-2.35000658035,-2.27455210686,
3440,1,2409,215,19,1,2.875,0,44,1,1,1,1,0,-3.2490029335,-1.56774425507,-1.58489477634,-3.2490029335,-1.56774425507,-1.58489477634
3440,2,2409,215,19,1,2.875,0,57,1,1,1,1,,-3.03232359886,-1.63321828842,-1.70792448521,-3.2490029335,-1.56774425507,-1.58489477634
3441,1,2409,215,19,1,2.875,1,17,1,1,1,1,0,-3.20143318176,-2.46917796135,-1.48029720783,-3.20143318176,-2.46917796135,-1.48029720783
3441,2,2409,215,19,1,2.875,1,30,1,1,1,1,,-3.97424077988,-1.83927202225,-1.05849885941,-3.20143318176,-2.46917796135,-1.48029720783
3442,1,2410,216,19,1,1.5,1,13,1,1,1,1,0,-2.00318908691,-1.83315086365,-1.02302706242,-2.00318908691,-1.83315086365,-1.02302706242
3442,2,2410,216,19,1,1.5,1,26,1,1,1,1,,-3.0169198513,,-0.968125402927,-2.00318908691,-1.83315086365,-1.02302706242
3443,1,2411,216,19,0,19,0,58,1,1,1,1,0,-1.51676797867,0.112137362361,-0.0391811020672,-1.51676797867,0.112137362361,-0.0391811020672
3443,2,2411,216,19,0,19,0,71,1,1,1,1,,-1.52251410484,-0.207837894559,,-1.51676797867,0.112137362361,-0.0391811020672
3444,2,2411,216,19,0,19,0,45,1,1,0,,,-1.62180697918,-0.156946256757,-0.829518258572,,,
3445,1,2412,216,19,1,1.5,0,12,1,1,1,1,0,-0.146786808968,0.374243944883,0.570706605911,-0.146786808968,0.374243944883,0.570706605911
3445,2,2412,216,19,1,1.5,0,25,1,1,1,1,,-0.392173469067,0.864094555378,0.690475523472,-0.146786808968,0.374243944883,0.570706605911
3446,2,2412,216,19,1,1.5,0,70,1,1,0,,,-2.27127218246,-1.28516864777,,,,
3447,1,2413,216,19,1,1.5,0,38,1,1,1,1,0,-3.02160191536,-1.44342339039,-1.17886996269,-3.02160191536,-1.44342339039,-1.17886996269
3447,2,2413,216,19,1,1.5,0,51,1,1,1,1,,-2.75345873833,-1.35693049431,-1.08123612404,-3.02160191536,-1.44342339039,-1.17886996269
3448,1,2413,216,19,1,1.5,0,12,1,1,1,1,0,-4.29199075699,-3.24548721313,-2.55826306343,-4.29199075699,-3.24548721313,-2.55826306343
3448,2,2413,216,19,1,1.5,0,27,1,1,1,1,,-3.29793095589,-1.95654654503,-0.362767785788,-4.29199075699,-3.24548721313,-2.55826306343
3449,1,2414,216,19,1,1.5,1,46,1,1,1,1,0,-2.38505887985,-0.437694311142,0.649532139301,-2.38505887985,-0.437694311142,0.649532139301
3449,2,2414,216,19,1,1.5,1,59,1,1,1,1,,-2.49916267395,-1.2703962326,-0.131076142192,-2.38505887985,-0.437694311142,0.649532139301
3450,1,2414,216,19,1,1.5,1,20,1,1,1,1,0,-2.90538144112,-0.956886172295,0.251047819853,-2.90538144112,-0.956886172295,0.251047819853
3450,2,2414,216,19,1,1.5,1,33,1,1,1,1,,-3.27416706085,-1.48825728893,-0.0308001935482,-2.90538144112,-0.956886172295,0.251047819853
3451,1,2415,216,19,1,1.5,0,96,1,0,0,,,,,,,,
3451,2,2415,216,19,1,1.5,0,21,1,1,0,,,-1.71696162224,-0.86210757494,-0.0331224538386,,,
3452,1,2416,216,19,1,1.5,0,12,1,1,1,1,0,-0.146786808968,0.310111790895,0.90876019001,-0.146786808968,0.310111790895,0.90876019001
3452,2,2416,216,19,1,1.5,0,25,1,1,1,1,,-1.46728014946,-0.456259101629,0.61019551754,-0.146786808968,0.310111790895,0.90876019001
3453,1,2417,216,19,0,19,1,57,1,1,1,0,1,-0.919421553612,0.102860607207,-0.266013592482,-0.919421553612,0.102860607207,-0.266013592482
3453,2,2417,216,19,0,19,1,70,1,0,1,0,,,,,-0.919421553612,0.102860607207,-0.266013592482
3454,1,2417,216,19,0,19,0,29,1,1,1,1,0,-1.815731287,-0.235442012548,-1.16368377209,-1.815731287,-0.235442012548,-1.16368377209
3454,2,2417,216,19,0,19,0,42,1,1,1,1,,-2.08103108406,-0.492505401373,-0.513050913811,-1.815731287,-0.235442012548,-1.16368377209
3455,2,2417,216,19,0,19,0,12,1,1,0,,,-1.5776194334,-2.1790831089,-1.24522709846,,,
3456,1,2418,216,19,0,19,1,52,1,1,1,1,0,-2.10730075836,-1.32095968723,-1.65163826942,-2.10730075836,-1.32095968723,-1.65163826942
3456,2,2418,216,19,0,19,1,65,1,1,1,1,,-2.13565349579,-1.47015941143,,-2.10730075836,-1.32095968723,-1.65163826942
3457,1,2418,216,19,0,19,0,32,1,1,1,1,0,-2.61267232895,-1.17585909367,-0.653214693069,-2.61267232895,-1.17585909367,-0.653214693069
3457,2,2418,216,19,0,19,0,45,1,1,1,1,,-2.52844595909,-1.27950775623,-0.912792265415,-2.61267232895,-1.17585909367,-0.653214693069
3458,1,2419,216,19,1,1.5,1,62,1,0,0,,,,,,,,
3458,2,2419,216,19,1,1.5,1,72,1,0,0,,,,,,,,
3459,1,2419,216,19,1,1.5,1,32,1,1,1,1,0,-3.04496264458,-1.51846194267,-1.19076395035,-3.04496264458,-1.51846194267,-1.19076395035
3459,2,2419,216,19,1,1.5,1,44,1,1,1,1,,-3.09954333305,-1.40231812,-0.745680689812,-3.04496264458,-1.51846194267,-1.19076395035
3460,1,2419,216,19,1,1.5,1,2,1,1,1,1,0,-2.29220414162,-1.37875699997,,-2.29220414162,-1.37875699997,
3460,2,2419,216,19,1,1.5,1,15,1,1,1,1,,-1.86547219753,-2.19575500488,-1.14913213253,-2.29220414162,-1.37875699997,
3461,1,2420,216,19,0,19,1,37,1,1,1,1,0,-0.879905343056,-0.746608793736,,-0.879905343056,-0.746608793736,
3461,2,2420,216,19,0,19,1,50,1,1,1,1,,-0.787312150002,-0.688578188419,-1.7590534687,-0.879905343056,-0.746608793736,
3462,1,2421,216,19,1,1.5,1,50,1,1,1,1,0,-0.331177294254,0.342837095261,0.501886248589,-0.331177294254,0.342837095261,0.501886248589
3462,2,2421,216,19,1,1.5,1,63,1,1,1,1,,-0.133326873183,0.526042103767,,-0.331177294254,0.342837095261,0.501886248589
3463,1,2421,216,19,1,1.5,1,31,1,1,1,1,0,-3.68708610535,-2.18459606171,-1.23704433441,-3.68708610535,-2.18459606171,-1.23704433441
3463,2,2421,216,19,1,1.5,1,44,1,1,1,1,,-3.569688797,-1.38389837742,-0.291944235563,-3.68708610535,-2.18459606171,-1.23704433441
3464,1,2422,217,22,1,2.125,0,17,1,1,1,1,0,-0.965205907822,-1.42639303207,-1.10334336758,-0.965205907822,-1.42639303207,-1.10334336758
3464,2,2422,217,22,1,2.125,0,30,1,1,1,1,,-1.25770103931,-1.95170581341,-1.48253810406,-0.965205907822,-1.42639303207,-1.10334336758
3465,1,2423,217,22,1,2.125,1,54,1,1,1,1,0,-2.34243655205,-0.741732180119,-1.09093940258,-2.34243655205,-0.741732180119,-1.09093940258
3465,2,2423,217,22,1,2.125,1,67,1,1,1,1,,-2.03934407234,-0.768486320972,,-2.34243655205,-0.741732180119,-1.09093940258
3466,1,2423,217,22,1,2.125,0,8,1,1,1,1,0,-2.19875216484,-0.723846852779,-0.986173927784,-2.19875216484,-0.723846852779,-0.986173927784
3466,2,2423,217,22,1,2.125,0,21,1,1,1,1,,-2.84773039818,-0.998687207699,-0.930123627186,-2.19875216484,-0.723846852779,-0.986173927784
3467,1,2424,217,22,0,14.5,1,32,1,1,1,0,1,-2.56231784821,-1.51846194267,-1.10323309898,-2.56231784821,-1.51846194267,-1.10323309898
3468,1,2425,217,22,1,2.125,1,48,1,1,1,1,0,-2.18947315216,-0.366032093763,-0.986020624638,-2.18947315216,-0.366032093763,-0.986020624638
3468,2,2425,217,22,1,2.125,1,61,1,1,1,1,,-2.2106153965,-0.855856239796,,-2.18947315216,-0.366032093763,-0.986020624638
3469,1,2425,217,22,1,2.125,1,21,1,1,1,1,0,-1.61888480186,-0.890986025333,-0.933882772923,-1.61888480186,-0.890986025333,-0.933882772923
3469,2,2425,217,22,1,2.125,1,34,1,1,1,1,,-2.05570960045,-0.7158665061,-1.00853419304,-1.61888480186,-0.890986025333,-0.933882772923
3470,1,2426,217,22,1,2.125,0,64,1,0,0,,,,,,,,
3470,2,2426,217,22,1,2.125,0,72,1,0,0,,,,,,,,
3471,1,2426,217,22,1,2.125,1,41,1,1,1,1,0,-3.19399905205,-1.97130930424,-2.11900186539,-3.19399905205,-1.97130930424,-2.11900186539
3471,2,2426,217,22,1,2.125,1,55,1,1,1,1,,-2.84900069237,-2.1769387722,-1.57659769058,-3.19399905205,-1.97130930424,-2.11900186539
3472,1,2426,217,22,1,2.125,0,14,1,1,1,1,0,-0.262260138988,-0.687733232975,-0.545831859112,-0.262260138988,-0.687733232975,-0.545831859112
3472,2,2426,217,22,1,2.125,0,27,1,1,1,1,,-0.546999454498,-1.20557439327,-0.625221431255,-0.262260138988,-0.687733232975,-0.545831859112
3473,1,2427,217,22,1,2.125,0,4,1,1,1,1,0,-0.401776015759,-1.84991538525,,-0.401776015759,-1.84991538525,
3473,2,2427,217,22,1,2.125,0,17,1,1,1,1,,-2.3853468895,-1.58471739292,-1.78595638275,-0.401776015759,-1.84991538525,
3474,1,2428,217,22,1,2.125,0,40,1,1,1,1,0,-3.4202029705,-2.0030901432,-1.05283129215,-3.4202029705,-2.0030901432,-1.05283129215
3474,2,2428,217,22,1,2.125,0,53,1,1,1,1,,-2.83533096313,-2.57363009453,-1.50137650967,-3.4202029705,-2.0030901432,-1.05283129215
3475,1,2428,217,22,1,2.125,1,9,1,1,1,1,0,-1.44613933563,-0.394802927971,0.606663882732,-1.44613933563,-0.394802927971,0.606663882732
3475,2,2428,217,22,1,2.125,1,22,1,1,1,1,,-3.09403657913,-0.997127830982,0.701061248779,-1.44613933563,-0.394802927971,0.606663882732
3476,1,2429,217,22,0,14.5,0,48,1,1,1,1,0,-0.757572174072,0.13818629086,-2.2178504467,-0.757572174072,0.13818629086,-2.2178504467
3476,2,2429,217,22,0,14.5,0,61,1,1,1,1,,-0.536805093288,-0.668285548687,,-0.757572174072,0.13818629086,-2.2178504467
3477,1,2430,217,22,0,14.5,1,61,1,0,0,,,,,,,,
3477,2,2430,217,22,0,14.5,1,73,1,1,0,,,-2.20506954193,-1.09362542629,,,,
3478,1,2430,217,22,0,14.5,0,38,1,1,1,1,0,-2.61345291138,-1.51783776283,-1.00329518318,-2.61345291138,-1.51783776283,-1.00329518318
3478,2,2430,217,22,0,14.5,0,51,1,1,1,1,,-2.67215967178,-1.65292608738,-1.03986883163,-2.61345291138,-1.51783776283,-1.00329518318
3479,2,2430,217,22,0,14.5,0,10,1,1,0,,,-3.20853209496,-2.47281050682,-0.990216493607,,,
3480,1,2431,217,22,1,2.125,0,46,1,1,1,1,0,-2.41376662254,-1.97367405891,-2.17931222916,-2.41376662254,-1.97367405891,-2.17931222916
3480,2,2431,217,22,1,2.125,0,58,1,1,1,1,,-2.49230074883,-2.96553301811,-2.78191041946,-2.41376662254,-1.97367405891,-2.17931222916
3481,1,2431,217,22,1,2.125,0,1,1,1,1,1,0,-2.32432055473,-1.13480973244,,-2.32432055473,-1.13480973244,
3481,2,2431,217,22,1,2.125,0,14,1,1,1,1,,-3.26957154274,-2.0401456356,-1.69241893291,-2.32432055473,-1.13480973244,
3482,1,2433,217,22,1,2.125,0,2,1,0,0,,,,,,,,
3482,2,2433,217,22,1,2.125,0,15,1,0,0,,,,,,,,
3483,2,2433,217,22,1,2.125,0,2,1,1,0,,,0.987319409847,1.38264620304,,,,
3484,1,2434,218,17,1,1,1,240,1,0,0,,,,,,,,
3484,2,2434,218,17,1,1,1,32,1,1,0,,,-0.562792241573,0.0461906678975,-1.2348048687,,,
3485,1,2435,218,17,1,1,1,72,1,0,0,,,,,,,,
3485,2,2435,218,17,1,1,1,72,1,0,0,,,,,,,,
3486,1,2435,218,17,1,1,0,21,1,1,1,1,0,-2.51719641685,-2.55509662628,-0.976686775684,-2.51719641685,-2.55509662628,-0.976686775684
3486,2,2435,218,17,1,1,0,32,1,1,1,1,,-2.14283132553,-2.0243768692,-0.610001623631,-2.51719641685,-2.55509662628,-0.976686775684
3487,1,2437,218,17,1,1,1,36,1,1,1,1,0,-2.83670449257,-2.74387264252,-2.24556565285,-2.83670449257,-2.74387264252,-2.24556565285
3487,2,2437,218,17,1,1,1,49,1,1,1,1,,-2.93851733208,-2.55641889572,-2.45920872688,-2.83670449257,-2.74387264252,-2.24556565285
3488,1,2439,218,17,1,1,0,4,1,1,1,1,0,0.549795866013,0.845578372478,,0.549795866013,0.845578372478,
3488,2,2439,218,17,1,1,0,17,1,1,1,1,,-0.889463305473,-1.29005050659,0.675111114979,0.549795866013,0.845578372478,
3489,1,2440,218,17,1,1,0,49,1,1,1,1,0,-1.76977646351,-1.1829867363,-1.68617582321,-1.76977646351,-1.1829867363,-1.68617582321
3489,2,2440,218,17,1,1,0,62,1,1,1,1,,-1.74157333374,-0.936698615551,,-1.76977646351,-1.1829867363,-1.68617582321
3490,1,2440,218,17,1,1,0,1,1,1,1,1,0,-0.372145980597,0.343031913042,,-0.372145980597,0.343031913042,
3490,2,2440,218,17,1,1,0,14,1,1,1,1,,-2.4218711853,-1.14461374283,0.472286432981,-0.372145980597,0.343031913042,
3491,1,2441,218,17,0,21,1,33,1,1,1,1,0,-1.53141450882,0.452902764082,1.2518337965,-1.53141450882,0.452902764082,1.2518337965
3491,2,2441,218,17,0,21,1,46,1,1,1,1,,-1.92383182049,-0.447753250599,0.140904590487,-1.53141450882,0.452902764082,1.2518337965
3492,1,2441,218,17,0,21,1,21,1,1,1,1,0,-1.14939641953,-0.475523322821,1.06608080864,-1.14939641953,-0.475523322821,1.06608080864
3492,2,2441,218,17,0,21,1,34,1,1,1,1,,-1.69267010689,-1.03091335297,-0.0716278553009,-1.14939641953,-0.475523322821,1.06608080864
3493,1,2441,218,17,0,21,0,21,1,1,1,1,0,-0.220866531134,0.130831077695,0.26638007164,-0.220866531134,0.130831077695,0.26638007164
3493,2,2441,218,17,0,21,0,34,1,1,1,1,,-0.319269329309,-0.429673582315,0.230737447739,-0.220866531134,0.130831077695,0.26638007164
3494,1,2443,218,17,1,1,0,52,1,1,1,1,0,-1.46478414536,-0.161528065801,-1.65597760677,-1.46478414536,-0.161528065801,-1.65597760677
3494,2,2443,218,17,1,1,0,65,1,1,1,1,,-0.623471677303,-0.539068579674,,-1.46478414536,-0.161528065801,-1.65597760677
3495,1,2443,218,17,1,1,0,3,1,1,1,1,0,-2.99809646606,-1.64527761936,,-2.99809646606,-1.64527761936,
3495,2,2443,218,17,1,1,0,16,1,1,1,1,,-3.15789937973,-2.52720451355,-1.74724030495,-2.99809646606,-1.64527761936,
3496,1,2445,219,20,1,1.125,1,22,1,1,1,1,0,-3.84719419479,-0.870072305202,0.0560375824571,-3.84719419479,-0.870072305202,0.0560375824571
3496,2,2445,219,20,1,1.125,1,35,1,1,1,1,,-2.84378600121,-1.27820003033,-0.111257560551,-3.84719419479,-0.870072305202,0.0560375824571
3497,1,2446,219,20,1,1.125,0,16,1,1,1,1,0,-2.19055986404,-1.51266133785,-0.7884734869,-2.19055986404,-1.51266133785,-0.7884734869
3497,2,2446,219,20,1,1.125,0,29,1,1,1,1,,-2.63661074638,-1.00660741329,0.0135972099379,-2.19055986404,-1.51266133785,-0.7884734869
3498,2,2446,219,20,1,1.125,0,5,1,1,0,,,-0.687943577766,-0.619437098503,,,,
3499,1,2447,219,20,0,12.25,0,55,1,1,1,1,0,-0.0940759778023,1.74831914902,1.75709688663,-0.0940759778023,1.74831914902,1.75709688663
3499,2,2447,219,20,0,12.25,0,68,1,1,1,1,,-0.070953220129,1.38264620304,,-0.0940759778023,1.74831914902,1.75709688663
3500,2,2447,219,20,0,12.25,0,1,1,1,0,,,0.398449391127,1.38264620304,,,,
3501,2,2448,219,20,1,1.125,1,26,1,1,0,,,-3.24215078354,-2.39665055275,-1.56647920609,,,
3502,1,2449,219,20,1,1.125,0,15,1,1,1,1,0,-2.70553612709,-1.02334141731,-0.851747393608,-2.70553612709,-1.02334141731,-0.851747393608
3502,2,2449,219,20,1,1.125,0,28,1,1,1,1,,-2.03838539124,-0.187965407968,-0.714702010155,-2.70553612709,-1.02334141731,-0.851747393608
3503,2,2449,219,20,1,1.125,0,7,1,1,0,,,-2.17150640488,-2.12623643875,-1.5431252718,,,
3504,1,2451,219,20,1,1.125,0,3,1,0,0,,,,,,,,
3504,2,2451,219,20,1,1.125,0,16,1,1,0,,,-2.40337562561,-1.32236790657,0.0243090223521,,,
3505,1,2452,219,20,1,1.125,1,18,1,1,1,1,0,-2.53382611275,-2.16326403618,-1.05119085312,-2.53382611275,-2.16326403618,-1.05119085312
3505,2,2452,219,20,1,1.125,1,31,1,1,1,1,,-2.49932646751,-1.65126144886,-1.6446505785,-2.53382611275,-2.16326403618,-1.05119085312
3506,1,2453,219,20,1,1.125,0,59,1,1,1,1,0,-2.3744468689,-1.07466387749,-0.804287970066,-2.3744468689,-1.07466387749,-0.804287970066
3506,2,2453,219,20,1,1.125,0,72,1,1,1,1,,-2.36482167244,-0.80224364996,,-2.3744468689,-1.07466387749,-0.804287970066
3507,1,2453,219,20,1,1.125,1,16,1,1,1,1,0,-1.5944236517,-0.737762212753,-0.864154577255,-1.5944236517,-0.737762212753,-0.864154577255
3507,2,2453,219,20,1,1.125,1,29,1,1,1,1,,-2.28363919258,-0.880444526672,-1.32111752033,-1.5944236517,-0.737762212753,-0.864154577255
3508,2,2453,219,20,1,1.125,1,2,1,1,0,,,-0.69606345892,-0.57108181715,,,,
3509,1,2454,219,20,1,1.125,1,60,1,1,1,1,0,-1.51857590675,-0.879115462303,-1.40617084503,-1.51857590675,-0.879115462303,-1.40617084503
3509,2,2454,219,20,1,1.125,1,70,1,1,1,1,,-1.11826705933,-0.572701931,,-1.51857590675,-0.879115462303,-1.40617084503
3510,1,2454,219,20,1,1.125,0,16,1,1,1,1,0,-2.82900452614,-2.6865336895,-1.7522329092,-2.82900452614,-2.6865336895,-1.7522329092
3510,2,2454,219,20,1,1.125,0,30,1,1,1,1,,-2.15339207649,-1.61048829556,-0.842546224594,-2.82900452614,-2.6865336895,-1.7522329092
3511,1,2456,220,21,1,2.25,0,41,1,1,1,1,0,-0.228303447366,-0.233233988285,-1.42881786823,-0.228303447366,-0.233233988285,-1.42881786823
3511,2,2456,220,21,1,2.25,0,54,1,1,1,1,,-0.128382965922,0.119565397501,-1.26663577557,-0.228303447366,-0.233233988285,-1.42881786823
3512,1,2456,220,21,1,2.25,0,23,1,1,1,1,0,-2.61792850494,-2.40992665291,-1.93952763081,-2.61792850494,-2.40992665291,-1.93952763081
3512,2,2456,220,21,1,2.25,0,36,1,1,1,1,,-2.01880335808,-1.71431016922,-1.67347884178,-2.61792850494,-2.40992665291,-1.93952763081
3513,1,2457,220,21,1,2.25,0,59,1,1,1,1,0,-1.38482141495,-0.622922301292,-0.350972503424,-1.38482141495,-0.622922301292,-0.350972503424
3513,2,2457,220,21,1,2.25,0,72,1,1,1,1,,-1.12668418884,-0.3470903337,,-1.38482141495,-0.622922301292,-0.350972503424
3514,1,2457,220,21,1,2.25,1,14,1,0,0,,,,,,,,
3514,2,2457,220,21,1,2.25,1,27,1,1,0,,,-0.261145591736,0.290180206299,0.546249091625,,,
3515,2,2457,220,21,1,2.25,0,4,1,1,0,,,0.271051645279,-0.454360812902,,,,
3516,1,2459,220,21,1,2.25,0,65,1,0,0,,,,,,,,
3516,2,2459,220,21,1,2.25,0,72,1,0,0,,,,,,,,
3517,1,2459,220,21,1,2.25,0,37,1,1,1,1,0,-3.50017428398,-0.372074186802,-0.301811337471,-3.50017428398,-0.372074186802,-0.301811337471
3517,2,2459,220,21,1,2.25,0,50,1,1,1,1,,-2.62372231483,-0.482300966978,-1.01933062077,-3.50017428398,-0.372074186802,-0.301811337471
3518,1,2459,220,21,1,2.25,0,2,1,1,1,1,0,-1.98698413372,-0.717649936676,,-1.98698413372,-0.717649936676,
3518,2,2459,220,21,1,2.25,0,15,1,1,1,1,,-2.01391625404,-1.11212480068,-0.851747393608,-1.98698413372,-0.717649936676,
3519,1,2461,220,21,1,2.25,0,55,1,1,1,1,0,,-1.35238599777,-1.12123608589,,-1.35238599777,-1.12123608589
3519,2,2461,220,21,1,2.25,0,68,1,1,1,1,,-2.21409249306,-1.6711268425,,,-1.35238599777,-1.12123608589
3520,1,2461,220,21,1,2.25,0,6,1,1,1,1,0,-3.53858971596,-1.28918874264,0.421130537987,-3.53858971596,-1.28918874264,0.421130537987
3520,2,2461,220,21,1,2.25,0,19,1,1,1,1,,-3.35418510437,-1.99988853931,-1.36816549301,-3.53858971596,-1.28918874264,0.421130537987
3521,1,2462,220,21,1,2.25,0,65,1,0,0,,,,,,,,
3521,2,2462,220,21,1,2.25,0,72,1,0,0,,,,,,,,
3522,1,2462,220,21,1,2.25,1,17,1,1,1,1,0,-2.48189282417,-0.905273079872,-0.817196071148,-2.48189282417,-0.905273079872,-0.817196071148
3522,2,2462,220,21,1,2.25,1,30,1,1,1,1,,-2.91196417809,-1.31627094746,-0.670106828213,-2.48189282417,-0.905273079872,-0.817196071148
3523,2,2462,220,21,1,2.25,0,6,1,1,0,,,1.11032032967,0.845972120762,0.867109358311,,,
3524,1,2463,220,21,1,2.25,0,3,1,1,1,1,0,-3.7318212986,-3.8929309845,,-3.7318212986,-3.8929309845,
3524,2,2463,220,21,1,2.25,0,16,1,1,1,1,,-2.79031157494,-0.158674255013,1.11925017834,-3.7318212986,-3.8929309845,
3525,1,2463,220,21,1,2.25,1,3,1,1,1,1,0,-3.6829791069,-3.18148708344,,-3.6829791069,-3.18148708344,
3525,2,2463,220,21,1,2.25,1,16,1,1,1,1,,-3.54473686218,-2.18959474564,-1.14493203163,-3.6829791069,-3.18148708344,
3526,1,2464,220,21,1,2.25,1,19,1,1,1,1,0,-4.53593492508,-3.50512242317,-1.68125772476,-4.53593492508,-3.50512242317,-1.68125772476
3526,2,2464,220,21,1,2.25,1,33,1,1,1,1,,-4.1046962738,-2.67601251602,-1.1427539587,-4.53593492508,-3.50512242317,-1.68125772476
3527,2,2464,220,21,1,2.25,0,10,1,1,0,,,-3.09911847115,-3.44565272331,-2.70154571533,,,
3528,1,2465,220,21,1,2.25,1,936,1,0,0,,,,,,,,
3528,2,2465,220,21,1,2.25,1,36,1,0,0,,,,,,,,
3529,1,2465,220,21,1,2.25,1,5,1,0,0,,,,,,,,
3529,2,2465,220,21,1,2.25,1,72,1,0,0,,,,,,,,
3530,1,2465,220,21,1,2.25,0,23,1,1,1,1,0,-2.68470287323,-1.99328505993,-1.64259576797,-2.68470287323,-1.99328505993,-1.64259576797
3530,2,2465,220,21,1,2.25,0,36,1,1,1,1,,-1.50624549389,-1.18057262897,-1.35113930702,-2.68470287323,-1.99328505993,-1.64259576797
3531,1,2467,220,21,0,35.75,1,41,1,1,1,1,0,-2.05075526237,1.18787288666,1.75709688663,-2.05075526237,1.18787288666,1.75709688663
3531,2,2467,220,21,0,35.75,1,54,1,1,1,1,,-1.62591254711,0.933234274387,1.44166660309,-2.05075526237,1.18787288666,1.75709688663
3532,1,2468,221,19,1,1.375,0,21,1,1,1,1,0,-1.42121994495,-0.990089118481,-0.428924053907,-1.42121994495,-0.990089118481,-0.428924053907
3532,2,2468,221,19,1,1.375,0,34,1,1,1,1,,-1.32979249954,0.045600220561,-0.718671321869,-1.42121994495,-0.990089118481,-0.428924053907
3533,2,2470,221,19,0,13.5,1,42,1,1,0,,,-2.0278468132,0.295313388109,0.107419110835,,,
3534,1,2471,221,19,1,1.375,0,72,1,0,0,,,,,,,,
3534,2,2471,221,19,1,1.375,0,72,1,0,0,,,,,,,,
3535,1,2471,221,19,1,1.375,0,32,1,1,1,1,0,-2.79775857925,-0.51919901371,-0.0631044209003,-2.79775857925,-0.51919901371,-0.0631044209003
3535,2,2471,221,19,1,1.375,0,45,1,1,1,1,,-2.27115559578,-0.465717256069,0.0797596648335,-2.79775857925,-0.51919901371,-0.0631044209003
3536,1,2471,221,19,1,1.375,0,8,1,1,1,1,0,-0.249101802707,-0.746776163578,-0.235901072621,-0.249101802707,-0.746776163578,-0.235901072621
3536,2,2471,221,19,1,1.375,0,21,1,1,1,1,,-1.7691488266,-0.407976895571,-0.518587768078,-0.249101802707,-0.746776163578,-0.235901072621
3537,1,2472,221,19,1,1.375,0,42,1,1,1,1,0,-1.94232022762,-0.304346233606,0.0411166660488,-1.94232022762,-0.304346233606,0.0411166660488
3537,2,2472,221,19,1,1.375,0,55,1,1,1,1,,-2.40778660774,-0.315017879009,0.100413478911,-1.94232022762,-0.304346233606,0.0411166660488
3538,1,2472,221,19,1,1.375,1,9,1,1,1,1,0,0.147573173046,0.953883528709,1.15359008312,0.147573173046,0.953883528709,1.15359008312
3538,2,2472,221,19,1,1.375,1,22,1,1,1,1,,-0.994808256626,0.967061519623,1.23439848423,0.147573173046,0.953883528709,1.15359008312
3539,1,2474,221,19,1,1.375,0,23,1,1,1,1,0,-0.51450419426,-0.112142995,-0.432455420494,-0.51450419426,-0.112142995,-0.432455420494
3539,2,2474,221,19,1,1.375,0,36,1,1,1,1,,-1.0071747303,-0.235396802425,-1.3058706522,-0.51450419426,-0.112142995,-0.432455420494
3540,1,2475,221,19,1,1.375,1,63,1,0,0,,,,,,,,
3540,2,2475,221,19,1,1.375,1,72,1,0,0,,,,,,,,
3541,1,2475,221,19,1,1.375,0,9,1,1,1,1,0,-1.10049295425,-0.640833556652,-0.947613894939,-1.10049295425,-0.640833556652,-0.947613894939
3541,2,2475,221,19,1,1.375,0,22,1,1,1,1,,-2.21444940567,-0.543239235878,-0.745058774948,-1.10049295425,-0.640833556652,-0.947613894939
3542,1,2476,221,19,1,1.375,0,5,1,1,1,1,0,-3.57685780525,-0.60669362545,,-3.57685780525,-0.60669362545,
3542,2,2476,221,19,1,1.375,0,17,1,1,1,1,,-3.02914309502,-0.618943572044,0.165814638138,-3.57685780525,-0.60669362545,
3543,1,2477,221,19,1,1.375,1,48,1,1,1,1,0,-2.93236112595,-1.76383447647,-0.103292018175,-2.93236112595,-1.76383447647,-0.103292018175
3543,2,2477,221,19,1,1.375,1,61,1,1,1,1,,-2.65057754517,-2.19146132469,,-2.93236112595,-1.76383447647,-0.103292018175
3544,1,2477,221,19,1,1.375,0,1,1,0,0,,,,,,,,
3544,2,2477,221,19,1,1.375,0,14,1,0,0,,,,,,,,
3545,1,2478,221,19,1,1.375,0,66,1,0,0,,,,,,,,
3545,2,2478,221,19,1,1.375,0,72,1,0,0,,,,,,,,
3546,1,2478,221,19,1,1.375,0,11,1,1,1,1,0,-0.682084977627,-0.409948855639,-0.740964591503,-0.682084977627,-0.409948855639,-0.740964591503
3546,2,2478,221,19,1,1.375,0,24,1,1,1,1,,-1.85459911823,0.337932169437,-0.481036931276,-0.682084977627,-0.409948855639,-0.740964591503
3547,1,2479,221,19,0,13.5,1,48,1,1,1,1,0,-1.33051085472,0.21107211709,-0.173859506845,-1.33051085472,0.21107211709,-0.173859506845
3547,2,2479,221,19,0,13.5,1,61,1,1,1,1,,-0.911683261395,0.411464005709,,-1.33051085472,0.21107211709,-0.173859506845
3548,2,2479,221,19,0,13.5,0,11,1,1,0,,,-3.64429783821,-1.52720415592,-0.787801325321,,,
3549,2,2481,222,21,0,24.25,1,29,1,1,0,,,-1.95326375961,-1.25884258747,-0.790295183659,,,
3550,2,2481,222,21,0,24.25,0,4,1,1,0,,,-1.02654528618,0.197153449059,,,,
3551,1,2482,222,21,1,2.75,1,33,1,1,1,1,0,-1.87179577351,-1.83648049831,-2.05024552345,-1.87179577351,-1.83648049831,-2.05024552345
3551,2,2482,222,21,1,2.75,1,46,1,1,1,1,,-1.79374349117,-1.69840848446,-1.40211212635,-1.87179577351,-1.83648049831,-2.05024552345
3552,1,2482,222,21,1,2.75,1,4,1,1,1,1,0,0.3973749578,0.144671022892,,0.3973749578,0.144671022892,
3552,2,2482,222,21,1,2.75,1,17,1,1,1,1,,-1.13055849075,,0.0631840452552,0.3973749578,0.144671022892,
3553,1,2483,222,21,1,2.75,0,33,1,1,1,1,0,-2.44804692268,-0.0795780569315,0.691641151905,-2.44804692268,-0.0795780569315,0.691641151905
3553,2,2483,222,21,1,2.75,0,46,1,1,1,1,,-2.41376662254,-0.520333111286,1.15378093719,-2.44804692268,-0.0795780569315,0.691641151905
3554,1,2483,222,21,1,2.75,0,12,1,1,1,1,0,-1.00949561596,0.768037140369,0.740686416626,-1.00949561596,0.768037140369,0.740686416626
3554,2,2483,222,21,1,2.75,0,25,1,1,1,1,,-1.74006807804,0.854531764984,1.87292575836,-1.00949561596,0.768037140369,0.740686416626
3555,1,2485,222,21,1,2.75,1,17,1,1,1,1,0,-1.30605649948,0.630735516548,0.477056026459,-1.30605649948,0.630735516548,0.477056026459
3555,2,2485,222,21,1,2.75,1,30,1,1,1,1,,-1.87801635265,0.15708181262,1.32753992081,-1.30605649948,0.630735516548,0.477056026459
3556,2,2485,222,21,1,2.75,1,1,1,1,0,,,-0.351649612188,0.786546826363,,,,
3557,1,2486,222,21,1,2.75,1,47,1,1,1,1,0,-3.11274194717,-1.31606984138,-0.878607451916,-3.11274194717,-1.31606984138,-0.878607451916
3557,2,2486,222,21,1,2.75,1,60,1,1,1,1,,-3.35811328888,-1.57901632786,-0.42424929142,-3.11274194717,-1.31606984138,-0.878607451916
3558,1,2486,222,21,1,2.75,0,21,1,1,1,1,0,-2.81293535233,-2.56534838676,-2.25156760216,-2.81293535233,-2.56534838676,-2.25156760216
3558,2,2486,222,21,1,2.75,0,34,1,1,1,1,,-2.86633944511,-2.1410381794,-1.99923098087,-2.81293535233,-2.56534838676,-2.25156760216
3559,2,2486,222,21,1,2.75,0,11,1,1,0,,,-0.939665019512,-0.359304845333,0.600968837738,,,
3560,2,2487,222,21,0,24.25,0,11,1,1,0,,,-0.982598245144,0.0464570559561,1.67602753639,,,
3561,1,2488,222,21,1,2.75,0,13,1,1,1,1,0,0.466362386942,1.63484621048,1.12798380852,0.466362386942,1.63484621048,1.12798380852
3561,2,2488,222,21,1,2.75,0,26,1,1,1,1,,0.486032307148,1.38264620304,1.37576127052,0.466362386942,1.63484621048,1.12798380852
3562,1,2489,222,21,1,2.75,0,8,1,1,1,0,1,-1.88136875629,-1.79815196991,-2.28374123573,-1.88136875629,-1.79815196991,-2.28374123573
3563,1,2490,222,21,1,2.75,0,58,1,1,1,1,0,-0.990637302399,-0.0363096296787,0.031794898212,-0.990637302399,-0.0363096296787,0.031794898212
3563,2,2490,222,21,1,2.75,0,71,1,1,1,1,,-1.26722669601,-0.158345445991,,-0.990637302399,-0.0363096296787,0.031794898212
3564,1,2490,222,21,1,2.75,1,7,1,1,1,1,0,1.12842321396,-0.209437072277,-0.0880557447672,1.12842321396,-0.209437072277,-0.0880557447672
3564,2,2490,222,21,1,2.75,1,20,1,1,1,1,,-1.41179990768,1.38264620304,-2.95972418785,1.12842321396,-0.209437072277,-0.0880557447672
3565,1,2491,222,21,1,2.75,1,44,1,1,1,1,0,-1.65293908119,-0.828735470772,-0.70706474781,-1.65293908119,-0.828735470772,-0.70706474781
3565,2,2491,222,21,1,2.75,1,56,1,1,1,1,,-1.65453636646,-0.676736414433,-0.64541888237,-1.65293908119,-0.828735470772,-0.70706474781
3566,1,2491,222,21,1,2.75,1,21,1,1,1,1,0,-1.84710693359,-0.959996938705,-0.751918077469,-1.84710693359,-0.959996938705,-0.751918077469
3566,2,2491,222,21,1,2.75,1,34,1,1,1,1,,-1.80023932457,-1.61827921867,-1.53316104412,-1.84710693359,-0.959996938705,-0.751918077469
3567,1,2492,223,17,1,1,0,72,1,0,0,,,,,,,,
3567,2,2492,223,17,1,1,0,72,1,0,0,,,,,,,,
3568,1,2492,223,17,1,1,1,15,1,1,1,1,0,-1.9749943018,-1.1439640522,-0.639424264431,-1.9749943018,-1.1439640522,-0.639424264431
3568,2,2492,223,17,1,1,1,28,1,1,1,1,,-2.68135046959,-1.51984071732,-0.479356139898,-1.9749943018,-1.1439640522,-0.639424264431
3569,1,2493,223,17,1,1,1,72,1,0,0,,,,,,,,
3569,2,2493,223,17,1,1,1,70,1,0,0,,,,,,,,
3570,1,2493,223,17,1,1,1,10,1,1,1,1,0,-0.478933542967,-0.656883955002,-0.0184725224972,-0.478933542967,-0.656883955002,-0.0184725224972
3570,2,2493,223,17,1,1,1,23,1,1,1,1,,-2.07023334503,-1.69842875004,-0.736194074154,-0.478933542967,-0.656883955002,-0.0184725224972
3571,1,2494,223,17,1,1,0,23,1,1,1,1,0,-3.63625121117,-2.32307362556,-0.883962154388,-3.63625121117,-2.32307362556,-0.883962154388
3571,2,2494,223,17,1,1,0,36,1,1,1,1,,-3.51600933075,-1.59329783916,-0.151230379939,-3.63625121117,-2.32307362556,-0.883962154388
3572,1,2495,223,17,1,1,1,72,1,0,0,,,,,,,,
3572,2,2495,223,17,1,1,1,72,1,0,0,,,,,,,,
3573,1,2495,223,17,1,1,0,37,1,1,1,1,0,-3.27364706993,-1.6562911272,0.332574784756,-3.27364706993,-1.6562911272,0.332574784756
3573,2,2495,223,17,1,1,0,50,1,1,1,1,,-3.4438328743,-1.79472148418,-0.73419469595,-3.27364706993,-1.6562911272,0.332574784756
3574,1,2495,223,17,1,1,0,8,1,1,1,1,0,-2.47079539299,-1.63390731812,-0.420306712389,-2.47079539299,-1.63390731812,-0.420306712389
3574,2,2495,223,17,1,1,0,21,1,1,1,1,,-3.00429725647,-1.72423100471,-0.295609563589,-2.47079539299,-1.63390731812,-0.420306712389
3575,1,2496,223,17,0,20.5,0,44,1,0,0,,,,,,,,
3575,2,2496,223,17,0,20.5,0,57,1,1,0,,,-0.822143435478,-0.608597874641,-1.24329185486,,,
3576,2,2496,223,17,0,20.5,0,1,1,1,0,,,-2.91511106491,-2.06404805183,,,,
3577,2,2496,223,17,0,20.5,1,1,1,1,0,,,-2.42409348488,-3.13028907776,,,,
3578,1,2497,223,17,1,1,1,6,1,1,1,1,0,-1.53595519066,-1.50543117523,-1.27386057377,-1.53595519066,-1.50543117523,-1.27386057377
3578,2,2497,223,17,1,1,1,19,1,1,1,1,,-2.69359850883,-1.94190967083,-1.88137769699,-1.53595519066,-1.50543117523,-1.27386057377
3579,1,2498,223,17,0,20.5,1,96,1,0,0,,,,,,,,
3579,2,2498,223,17,0,20.5,1,72,1,0,0,,,,,,,,
3580,1,2498,223,17,0,20.5,1,72,1,0,0,,,,,,,,
3580,2,2498,223,17,0,20.5,1,56,1,0,0,,,,,,,,
3581,1,2498,223,17,0,20.5,1,60,1,0,0,,,,,,,,
3581,2,2498,223,17,0,20.5,1,56,1,0,0,,,,,,,,
3582,1,2499,223,17,0,20.5,1,28,1,1,1,1,0,-1.92361104488,-1.08802247047,-0.479356139898,-1.92361104488,-1.08802247047,-0.479356139898
3582,2,2499,223,17,0,20.5,1,41,1,1,1,1,,-2.08803534508,-1.05044412613,-1.20972299576,-1.92361104488,-1.08802247047,-0.479356139898
3583,1,2501,224,19,1,1,0,53,1,1,1,1,0,-0.825397253036,0.0535923019052,-0.218961179256,-0.825397253036,0.0535923019052,-0.218961179256
3583,2,2501,224,19,1,1,0,66,1,1,1,1,,-0.70822763443,0.141535505652,,-0.825397253036,0.0535923019052,-0.218961179256
3584,1,2501,224,19,1,1,0,22,1,1,1,1,0,-1.70324134827,-0.298660606146,-0.385137975216,-1.70324134827,-0.298660606146,-0.385137975216
3584,2,2501,224,19,1,1,0,35,1,1,1,1,,-1.8778012991,-0.0490539744496,-0.243888050318,-1.70324134827,-0.298660606146,-0.385137975216
3585,1,2505,224,19,1,1,0,57,1,1,1,1,0,-1.99353790283,-0.516996920109,-0.307380855083,-1.99353790283,-0.516996920109,-0.307380855083
3585,2,2505,224,19,1,1,0,70,1,1,1,1,,-2.09663367271,-0.648234367371,,-1.99353790283,-0.516996920109,-0.307380855083
3586,1,2505,224,19,1,1,1,25,1,1,1,1,0,-4.06928873062,-1.99726510048,-1.17776536942,-4.06928873062,-1.99726510048,-1.17776536942
3586,2,2505,224,19,1,1,1,38,1,1,1,1,,-3.49530816078,-1.38038992882,-0.779343903065,-4.06928873062,-1.99726510048,-1.17776536942
3587,1,2505,224,19,1,1,1,1,1,1,1,1,0,0.0321363769472,1.4613404274,,0.0321363769472,1.4613404274,
3587,2,2505,224,19,1,1,1,14,1,1,1,1,,0.0627053380013,0.762506723404,0.789331376553,0.0321363769472,1.4613404274,
3588,1,2506,224,19,0,13.5,0,1,1,1,1,1,0,-1.93902277946,-1.17250859737,,-1.93902277946,-1.17250859737,
3588,2,2506,224,19,0,13.5,0,14,1,1,1,1,,-2.36132383347,-1.68895888329,-0.823880255222,-1.93902277946,-1.17250859737,
3589,1,2507,224,19,1,1,1,60,1,0,0,,,,,,,,
3589,2,2507,224,19,1,1,1,72,1,0,0,,,,,,,,
3590,1,2507,224,19,1,1,0,22,1,1,1,1,0,-2.72565722466,-2.01091051102,-1.40099930763,-2.72565722466,-2.01091051102,-1.40099930763
3590,2,2507,224,19,1,1,0,35,1,1,1,1,,-2.16465210915,-1.17405927181,-0.493243962526,-2.72565722466,-2.01091051102,-1.40099930763
3591,1,2508,224,19,1,1,1,18,1,1,1,1,0,-4.7622551918,-3.85906267166,-2.03195929527,-4.7622551918,-3.85906267166,-2.03195929527
3591,2,2508,224,19,1,1,1,31,1,1,1,1,,-4.47712230682,-3.11545133591,-1.10460448265,-4.7622551918,-3.85906267166,-2.03195929527
3592,1,2509,224,19,1,1,0,35,1,1,1,0,1,-3.87209272385,-1.71561121941,-0.748561859131,-3.87209272385,-1.71561121941,-0.748561859131
3593,1,2509,224,19,1,1,0,14,1,1,1,0,1,-3.26957154274,-0.457773596048,-0.0941953361034,-3.26957154274,-0.457773596048,-0.0941953361034
3594,1,2510,225,18,1,1,1,6,1,1,1,1,0,-1.6683229208,-0.201396197081,0.691875040531,-1.6683229208,-0.201396197081,0.691875040531
3594,2,2510,225,18,1,1,1,19,1,1,1,1,,-3.91055464745,-1.42932987213,0.505992591381,-1.6683229208,-0.201396197081,0.691875040531
3595,2,2510,225,18,1,1,0,6,1,1,0,,,-2.11354756355,-1.42031037807,-0.268917292356,,,
3596,1,2511,225,18,1,1,0,12,1,1,1,0,1,-1.11470389366,-0.604549527168,-0.219093188643,-1.11470389366,-0.604549527168,-0.219093188643
3597,1,2512,225,18,1,1,0,23,1,1,1,1,0,-2.33413386345,-0.384733915329,0.75014179945,-2.33413386345,-0.384733915329,0.75014179945
3597,2,2512,225,18,1,1,0,36,1,1,1,1,,-1.82996511459,0.00408463878557,1.17827212811,-2.33413386345,-0.384733915329,0.75014179945
3598,1,2513,225,18,0,21.5,0,12,1,1,1,1,0,-2.46136808395,-1.67025256157,-0.863788127899,-2.46136808395,-1.67025256157,-0.863788127899
3598,2,2513,225,18,0,21.5,0,23,1,1,1,1,,-2.53445696831,-0.998027384281,-0.344105839729,-2.46136808395,-1.67025256157,-0.863788127899
3599,1,2514,225,18,1,1,0,57,1,1,1,1,0,-1.19787335396,-0.444615870714,0.734998047352,-1.19787335396,-0.444615870714,0.734998047352
3599,2,2514,225,18,1,1,0,70,1,1,1,1,,-1.35698616505,-0.925444066525,,-1.19787335396,-0.444615870714,0.734998047352
3600,1,2514,225,18,1,1,1,25,1,1,1,1,0,-0.851168930531,-0.650563597679,0.900252997875,-0.851168930531,-0.650563597679,0.900252997875
3600,2,2514,225,18,1,1,1,38,1,1,1,1,,-0.813263237476,-1.10180211067,-0.30379652977,-0.851168930531,-0.650563597679,0.900252997875
3601,1,2515,225,18,0,21.5,0,39,1,1,1,1,0,-1.32971215248,0.939608931541,0.796671271324,-1.32971215248,0.939608931541,0.796671271324
3601,2,2515,225,18,0,21.5,0,52,1,1,1,1,,-1.43023312092,0.78326010704,1.09050238132,-1.32971215248,0.939608931541,0.796671271324
3602,1,2516,225,18,1,1,1,47,1,1,1,1,0,-2.0115904808,-1.19613814354,-0.878607451916,-2.0115904808,-1.19613814354,-0.878607451916
3602,2,2516,225,18,1,1,1,60,1,1,1,1,,-1.94955384731,-0.923295199871,-1.22302985191,-2.0115904808,-1.19613814354,-0.878607451916
3603,1,2516,225,18,1,1,0,14,1,1,1,1,0,-2.72462034225,-1.51812291145,-0.273131400347,-2.72462034225,-1.51812291145,-0.273131400347
3603,2,2516,225,18,1,1,0,27,1,1,1,1,,-2.33974051476,-0.974503874779,-0.625221431255,-2.72462034225,-1.51812291145,-0.273131400347
3604,1,2517,225,18,0,21.5,0,51,1,1,1,0,1,-1.51076495647,0.367381602526,0.193794757128,-1.51076495647,0.367381602526,0.193794757128
3605,1,2517,225,18,0,21.5,1,24,1,1,1,0,1,-1.0740711689,1.17567229271,1.62055647373,-1.0740711689,1.17567229271,1.62055647373
3606,1,2518,225,18,1,1,0,41,1,0,0,,,,,,,,
3606,2,2518,225,18,1,1,0,53,1,1,0,,,-1.04237794876,-0.0130181359127,0.110931828618,,,
3607,1,2518,225,18,1,1,1,22,1,1,1,1,0,-1.7639913559,-0.377672463655,0.221063911915,-1.7639913559,-0.377672463655,0.221063911915
3607,2,2518,225,18,1,1,1,35,1,1,1,1,,-2.00685286522,-0.631229996681,0.232233077288,-1.7639913559,-0.377672463655,0.221063911915
3608,1,2519,225,18,0,21.5,0,44,1,1,1,1,0,-0.98612087965,0.26832780242,0.655827105045,-0.98612087965,0.26832780242,0.655827105045
3608,2,2519,225,18,0,21.5,0,56,1,1,1,1,,-0.973508358002,0.235998943448,0.287945687771,-0.98612087965,0.26832780242,0.655827105045
3609,1,2519,225,18,0,21.5,1,3,1,1,1,1,0,0.639935135841,0.915560781956,,0.639935135841,0.915560781956,
3609,2,2519,225,18,0,21.5,1,16,1,1,1,1,,-0.59243029356,0.329148858786,0.797644913197,0.639935135841,0.915560781956,
3610,1,2520,225,18,1,1,1,34,1,1,1,1,0,-3.14482450485,-1.38467955589,0.642628729343,-3.14482450485,-1.38467955589,0.642628729343
3610,2,2520,225,18,1,1,1,47,1,1,1,1,,-2.85502624512,-1.36242377758,0.00119266938418,-3.14482450485,-1.38467955589,0.642628729343
3611,1,2520,225,18,1,1,1,24,1,1,1,1,0,-3.78613591194,-1.21114838123,1.40614676476,-3.78613591194,-1.21114838123,1.40614676476
3611,2,2520,225,18,1,1,1,37,1,1,1,1,,-3.34578752518,-0.308834344149,1.14577460289,-3.78613591194,-1.21114838123,1.40614676476
3612,1,2521,225,18,1,1,1,42,1,0,0,,,,,,,,
3612,2,2521,225,18,1,1,1,55,1,1,0,,,-1.48239028454,-0.580112099648,-0.440264344215,,,
3613,1,2521,225,18,1,1,0,15,1,1,1,1,0,-1.8755928278,-1.27205622196,0.228895738721,-1.8755928278,-1.27205622196,0.228895738721
3613,2,2521,225,18,1,1,0,28,1,1,1,1,,-3.01020026207,-0.785450637341,-0.151814639568,-1.8755928278,-1.27205622196,0.228895738721
3614,2,2521,225,18,1,1,0,1,1,0,0,,,,,,,,
3615,1,2522,226,22,1,1.125,1,22,1,1,1,1,0,-1.57169616222,-0.424464643002,-0.111626289785,-1.57169616222,-0.424464643002,-0.111626289785
3615,2,2522,226,22,1,1.125,1,35,1,1,1,1,,-2.32568478584,-0.650245666504,0.0809974297881,-1.57169616222,-0.424464643002,-0.111626289785
3616,2,2522,226,22,1,1.125,0,1,1,1,0,,,-0.783129751682,1.14759624004,,,,
3617,1,2523,226,22,1,1.125,1,14,1,1,1,1,0,-2.61980676651,-1.91874027252,-1.74216246605,-2.61980676651,-1.91874027252,-1.74216246605
3617,2,2523,226,22,1,1.125,1,28,1,1,1,1,,-3.54109525681,-2.24508786201,-1.31251347065,-2.61980676651,-1.91874027252,-1.74216246605
3618,1,2524,226,22,1,1.125,0,18,1,1,1,1,0,-2.04232883453,-0.681177258492,0.556020438671,-2.04232883453,-0.681177258492,0.556020438671
3618,2,2524,226,22,1,1.125,0,32,1,1,1,1,,-2.78352236748,-0.711966514587,-0.0631044209003,-2.04232883453,-0.681177258492,0.556020438671
3619,2,2524,226,22,1,1.125,1,2,1,1,0,,,0.16339699924,-0.225257784128,,,,
3620,1,2525,226,22,1,1.125,0,53,1,1,1,1,0,-2.88101053238,-1.31708276272,-0.600481510162,-2.88101053238,-1.31708276272,-0.600481510162
3620,2,2525,226,22,1,1.125,0,66,1,1,1,1,,-2.8259575367,-1.78141748905,,-2.88101053238,-1.31708276272,-0.600481510162
3621,1,2525,226,22,1,1.125,1,1,1,1,1,1,0,-2.29616498947,-1.40855193138,,-2.29616498947,-1.40855193138,
3621,2,2525,226,22,1,1.125,1,14,1,1,1,1,,-3.51397752762,-2.77282547951,-0.967549145222,-2.29616498947,-1.40855193138,
3622,1,2526,226,22,1,1.125,1,40,1,1,1,1,0,-2.04687929153,-1.0800358057,-0.187418207526,-2.04687929153,-1.0800358057,-0.187418207526
3622,2,2526,226,22,1,1.125,1,53,1,1,1,1,,-2.05969691277,-1.29824745655,-1.44281125069,-2.04687929153,-1.0800358057,-0.187418207526
3623,1,2526,226,22,1,1.125,1,9,1,1,1,1,0,-1.40474486351,-1.86071121693,-1.93115782738,-1.40474486351,-1.86071121693,-1.93115782738
3623,2,2526,226,22,1,1.125,1,22,1,1,1,1,,-1.63579368591,-1.45773589611,-1.95266914368,-1.40474486351,-1.86071121693,-1.93115782738
3624,1,2527,226,22,0,12.25,0,44,1,1,1,1,0,-2.22266817093,-1.3749178648,-0.806991875172,-2.22266817093,-1.3749178648,-0.806991875172
3624,2,2527,226,22,0,12.25,0,57,1,1,1,1,,-1.90513205528,-1.4008718729,-1.75138664246,-2.22266817093,-1.3749178648,-0.806991875172
3625,2,2528,226,22,0,12.25,1,37,1,0,0,,,,,,,,
3626,1,2529,226,22,0,12.25,1,38,1,1,1,1,0,-1.98104465008,-1.72944498062,-1.93773925304,-1.98104465008,-1.72944498062,-1.93773925304
3626,2,2529,226,22,0,12.25,1,51,1,1,1,1,,-1.91711652279,-1.44878482819,-1.78620624542,-1.98104465008,-1.72944498062,-1.93773925304
3627,2,2529,226,22,0,12.25,1,2,1,1,0,,,0.900077402592,1.34608161449,,,,
3628,1,2530,226,22,1,1.125,0,18,1,1,1,1,0,-1.87549412251,0.228581920266,1.2888507843,-1.87549412251,0.228581920266,1.2888507843
3628,2,2530,226,22,1,1.125,0,32,1,1,1,1,,-2.27097034454,-0.292558014393,0.418657004833,-1.87549412251,0.228581920266,1.2888507843
3629,1,2530,226,22,1,1.125,1,1,1,1,1,1,0,-2.16823625565,-2.36151504517,,-2.16823625565,-2.36151504517,
3629,2,2530,226,22,1,1.125,1,13,1,1,1,1,,-0.824303627014,0.429852992296,0.4611107409,-2.16823625565,-2.36151504517,
3630,1,2531,226,22,0,12.25,1,37,1,1,1,1,0,-2.15178275108,-2.13013863564,-1.90586256981,-2.15178275108,-2.13013863564,-1.90586256981
3630,2,2531,226,22,0,12.25,1,50,1,1,1,1,,-2.70307707787,-2.07091140747,-2.30805850029,-2.15178275108,-2.13013863564,-1.90586256981
3631,1,2531,226,22,0,12.25,0,3,1,1,1,1,0,-2.16654157639,-1.07962691784,,-2.16654157639,-1.07962691784,
3631,2,2531,226,22,0,12.25,0,15,1,1,1,1,,-2.78458023071,-2.57856297493,-1.57246303558,-2.16654157639,-1.07962691784,
3632,1,2532,226,22,1,1.125,0,696,1,0,0,,,,,,,,
3632,2,2532,226,22,1,1.125,0,71,1,1,0,,,-1.31828415394,-0.331500440836,,,,
3633,1,2532,226,22,1,1.125,1,252,1,0,0,,,,,,,,
3633,2,2532,226,22,1,1.125,1,34,1,1,0,,,-1.4371997118,-2.43517661095,-1.53316104412,,,
3634,1,2533,226,22,1,1.125,1,6,1,1,1,1,0,-0.366703718901,0.931965589523,,-0.366703718901,0.931965589523,
3634,2,2533,226,22,1,1.125,1,20,1,1,1,1,,-1.39520359039,0.701589584351,0.535299658775,-0.366703718901,0.931965589523,
3635,1,2534,227,22,1,1,1,9,1,0,0,,,,,,,,
3635,2,2534,227,22,1,1,1,22,1,1,0,,,-0.385871589184,0.672021985054,0.622580885887,,,
3636,2,2536,227,22,0,10.5,0,7,1,1,0,,,-1.20424032211,1.08351838589,1.87292575836,,,
3637,1,2538,227,22,1,1,1,13,1,1,1,1,0,-2.2503721714,-0.800228774548,0.4611107409,-2.2503721714,-0.800228774548,0.4611107409
3637,2,2538,227,22,1,1,1,26,1,1,1,1,,-1.38025796413,-0.42268884182,0.912004172802,-2.2503721714,-0.800228774548,0.4611107409
3638,2,2538,227,22,1,1,0,1,1,1,0,,,-3.24903464317,-2.27455210686,,,,
3639,1,2539,227,22,1,1,0,18,1,1,1,0,1,-3.08041930199,-2.43233084679,-1.5248901844,-3.08041930199,-2.43233084679,-1.5248901844
3640,1,2540,227,22,1,1,0,72,1,0,0,,,,,,,,
3640,2,2540,227,22,1,1,0,72,1,0,0,,,,,,,,
3641,1,2540,227,22,1,1,0,55,1,1,1,1,0,-1.54295372963,-0.592830181122,-1.03973352909,-1.54295372963,-0.592830181122,-1.03973352909
3641,2,2540,227,22,1,1,0,69,1,1,1,1,,-1.38525378704,-0.494693785906,,-1.54295372963,-0.592830181122,-1.03973352909
3642,1,2540,227,22,1,1,1,18,1,0,0,,,,,,,,
3642,2,2540,227,22,1,1,1,31,1,1,0,,,-1.42335402966,-0.000368669716408,-0.0220413673669,,,
3643,1,2541,227,22,1,1,1,63,1,0,0,,,,,,,,
3643,2,2541,227,22,1,1,1,72,1,0,0,,,,,,,,
3644,1,2541,227,22,1,1,0,11,1,1,1,1,0,-3.04327130318,-1.32449579239,-0.462946981192,-3.04327130318,-1.32449579239,-0.462946981192
3644,2,2541,227,22,1,1,0,24,1,1,1,1,,-3.03293251991,-1.26305639744,-0.886582672596,-3.04327130318,-1.32449579239,-0.462946981192
3645,1,2542,227,22,1,1,1,45,1,1,1,1,0,-1.83218228817,-0.701194703579,-0.5869358778,-1.83218228817,-0.701194703579,-0.5869358778
3645,2,2542,227,22,1,1,1,58,1,1,1,1,,-1.46503269672,-1.02128601074,-0.916452884674,-1.83218228817,-0.701194703579,-0.5869358778
3646,1,2542,227,22,1,1,0,1,1,1,1,1,0,1.34884953499,0.518771290779,,1.34884953499,0.518771290779,
3646,2,2542,227,22,1,1,0,14,1,1,1,1,,-1.27142441273,-2.13001465797,-2.40705680847,1.34884953499,0.518771290779,
3647,1,2543,227,22,1,1,0,56,1,1,1,1,0,-2.32136559486,-0.398568928242,-0.664201200008,-2.32136559486,-0.398568928242,-0.664201200008
3647,2,2543,227,22,1,1,0,69,1,1,1,1,,-2.11923241615,-0.449708789587,,-2.32136559486,-0.398568928242,-0.664201200008
3648,1,2543,227,22,1,1,0,11,1,1,1,1,0,-2.65689468384,0.0755028873682,0.166639730334,-2.65689468384,0.0755028873682,0.166639730334
3648,2,2543,227,22,1,1,0,24,1,1,1,1,,-3.06566333771,-0.23471775651,1.28890144825,-2.65689468384,0.0755028873682,0.166639730334
3649,2,2544,227,22,0,10.5,1,27,1,1,0,,,-1.82861936092,-1.72920501232,-0.677133262157,,,
3650,2,2544,227,22,0,10.5,0,52,1,1,0,,,-1.56843030453,0.203393146396,1.5010073185,,,
3651,1,2545,228,20,1,2.5,0,5,1,1,1,1,0,-1.30361175537,-1.2910939455,,-1.30361175537,-1.2910939455,
3651,2,2545,228,20,1,2.5,0,18,1,1,1,1,,-2.72820878029,-1.65174460411,0.0439308509231,-1.30361175537,-1.2910939455,
3652,2,2546,228,20,0,13.9999990463,1,21,1,1,0,,,-1.8634096384,-1.10024189949,-1.74385452271,,,
3653,1,2547,228,20,1,2.5,1,744,1,0,0,,,,,,,,
3653,2,2547,228,20,1,2.5,1,72,1,0,0,,,,,,,,
3654,1,2547,228,20,1,2.5,1,384,1,0,0,,,,,,,,
3654,2,2547,228,20,1,2.5,1,45,1,1,0,,,-3.93325543404,-1.61044847965,-0.894033789635,,,
3655,1,2547,228,20,1,2.5,0,1,1,1,1,1,0,0.192956522107,-0.221083834767,,0.192956522107,-0.221083834767,
3655,2,2547,228,20,1,2.5,0,14,1,1,1,1,,-3.26957154274,-1.08376288414,-1.1074975729,0.192956522107,-0.221083834767,
3656,1,2548,228,20,1,2.5,1,49,1,1,1,1,0,-2.4552731514,-1.46704542637,-1.327876091,-2.4552731514,-1.46704542637,-1.327876091
3656,2,2548,228,20,1,2.5,1,62,1,1,1,1,,-2.01332211494,-2.04668354988,,-2.4552731514,-1.46704542637,-1.327876091
3657,1,2548,228,20,1,2.5,1,9,1,1,1,1,0,-0.204284951091,0.363851189613,1.15359008312,-0.204284951091,0.363851189613,1.15359008312
3657,2,2548,228,20,1,2.5,1,21,1,1,1,1,,-0.575577497482,-0.367787510157,0.155178651214,-0.204284951091,0.363851189613,1.15359008312
3658,1,2549,228,20,1,2.5,0,66,1,0,0,,,,,,,,
3658,2,2549,228,20,1,2.5,0,72,1,0,0,,,,,,,,
3659,1,2549,228,20,1,2.5,0,132,1,0,0,,,,,,,,
3659,2,2549,228,20,1,2.5,0,24,1,1,0,,,-1.80549883842,-0.674997270107,-0.659613728523,,,
3660,1,2550,228,20,1,2.5,0,41,1,1,1,1,0,-3.37545490265,-2.74776887894,-2.07588815689,-3.37545490265,-2.74776887894,-2.07588815689
3660,2,2550,228,20,1,2.5,0,55,1,1,1,1,,-3.17153596878,-2.70310664177,-1.80123233795,-3.37545490265,-2.74776887894,-2.07588815689
3661,1,2550,228,20,1,2.5,1,13,1,1,1,1,0,-2.74474358559,-1.60492622852,-1.40525102615,-2.74474358559,-1.60492622852,-1.40525102615
3661,2,2550,228,20,1,2.5,1,26,1,1,1,1,,-3.12202620506,-2.32842111588,-1.42538583279,-2.74474358559,-1.60492622852,-1.40525102615
3662,1,2551,228,20,1,2.5,1,16,1,1,1,1,0,-2.38170695305,-1.2878702879,-0.501048386097,-2.38170695305,-1.2878702879,-0.501048386097
3662,2,2551,228,20,1,2.5,1,28,1,1,1,1,,-2.20047664642,-1.82461118698,-0.649369478226,-2.38170695305,-1.2878702879,-0.501048386097
3663,1,2551,228,20,1,2.5,1,156,1,0,0,,,,,,,,
3663,2,2551,228,20,1,2.5,1,27,1,0,0,,,,,,,,
3664,1,2554,228,20,1,2.5,0,25,1,1,1,1,0,-1.88448691368,-0.644222557545,-0.180645793676,-1.88448691368,-0.644222557545,-0.180645793676
3664,2,2554,228,20,1,2.5,0,38,1,1,1,1,,-1.54699492455,-1.0369464159,-1.00329518318,-1.88448691368,-0.644222557545,-0.180645793676
3665,1,2554,228,20,1,2.5,1,9,1,1,1,1,0,-0.100797079504,-0.187204301357,0.19707532227,-0.100797079504,-0.187204301357,0.19707532227
3665,2,2554,228,20,1,2.5,1,22,1,1,1,1,,-1.49157297611,-1.29461622238,-0.368242025375,-0.100797079504,-0.187204301357,0.19707532227
3666,1,2556,228,20,1,2.5,1,180,1,0,0,,,,,,,,
3666,2,2556,228,20,1,2.5,1,29,1,1,0,,,-3.84932851791,-2.84961104393,-2.07292747498,,,
3667,1,2557,229,18,1,1.25,1,64,1,0,0,,,,,,,,
3667,2,2557,229,18,1,1.25,1,72,1,0,0,,,,,,,,
3668,1,2557,229,18,1,1.25,0,11,1,1,1,1,0,-1.84121143818,-1.16968739033,-0.555054306984,-1.84121143818,-1.16968739033,-0.555054306984
3668,2,2557,229,18,1,1.25,0,24,1,1,1,1,,-2.47649550438,-1.90299630165,-1.25876152515,-1.84121143818,-1.16968739033,-0.555054306984
3669,1,2558,229,18,1,1.25,1,63,1,0,0,,,,,,,,
3669,2,2558,229,18,1,1.25,1,72,1,0,0,,,,,,,,
3670,1,2558,229,18,1,1.25,0,23,1,1,1,1,0,-2.55115175247,,0.0883677378297,-2.55115175247,,0.0883677378297
3670,2,2558,229,18,1,1.25,0,36,1,1,1,1,,-1.77601253986,-0.71883136034,-0.480420023203,-2.55115175247,,0.0883677378297
3671,1,2559,229,18,1,1.25,1,22,1,1,1,1,0,-1.78001451492,-0.607070922852,0.0560375824571,-1.78001451492,-0.607070922852,0.0560375824571
3671,2,2559,229,18,1,1.25,1,35,1,1,1,1,,-2.20612215996,-0.830653846264,0.119017586112,-1.78001451492,-0.607070922852,0.0560375824571
3672,1,2560,229,18,1,1.25,1,59,1,1,1,1,0,-1.53507697582,-0.311738520861,-0.261812448502,-1.53507697582,-0.311738520861,-0.261812448502
3672,2,2560,229,18,1,1.25,1,73,1,1,1,1,,-1.54474794865,-0.857972025871,,-1.53507697582,-0.311738520861,-0.261812448502
3673,1,2560,229,18,1,1.25,1,7,1,1,1,1,0,0.199839636683,1.74831914902,1.13796782494,0.199839636683,1.74831914902,1.13796782494
3673,2,2560,229,18,1,1.25,1,20,1,1,1,1,,-1.62753748894,1.38264620304,1.87292575836,0.199839636683,1.74831914902,1.13796782494
3674,1,2561,229,18,1,1.25,1,30,1,1,1,1,0,-2.07630896568,-1.29313147068,-1.28063356876,-2.07630896568,-1.29313147068,-1.28063356876
3674,2,2561,229,18,1,1.25,1,43,1,1,1,1,,-2.62479496002,-1.72416734695,-1.73495674133,-2.07630896568,-1.29313147068,-1.28063356876
3675,1,2562,229,18,1,1.25,1,20,1,1,1,1,0,-1.34541702271,-1.13608086109,-0.786504030228,-1.34541702271,-1.13608086109,-0.786504030228
3675,2,2562,229,18,1,1.25,1,33,1,1,1,1,,-0.973188400269,-1.43576586246,-2.38724970818,-1.34541702271,-1.13608086109,-0.786504030228
3676,1,2564,229,18,1,1.25,0,20,1,1,1,1,0,-2.4341583252,-1.32412350178,0.477549314499,-2.4341583252,-1.32412350178,0.477549314499
3676,2,2564,229,18,1,1.25,0,33,1,1,1,1,,-2.33576488495,-1.50080442429,-0.472894459963,-2.4341583252,-1.32412350178,0.477549314499
3677,1,2565,229,18,1,1.25,0,21,1,1,1,1,0,-3.02169466019,-1.50302278996,-0.518587768078,-3.02169466019,-1.50302278996,-0.518587768078
3677,2,2565,229,18,1,1.25,0,35,1,1,1,1,,-2.60175657272,-1.07276618481,-0.878539681435,-3.02169466019,-1.50302278996,-0.518587768078
3678,1,2566,229,18,0,21.75,0,72,1,0,0,,,,,,,,
3678,2,2566,229,18,0,21.75,0,11,1,1,0,,,,,0.385343104601,,,
3679,1,2566,229,18,0,21.75,0,29,1,1,1,1,0,-1.38290131092,-0.57704937458,0.137218773365,-1.38290131092,-0.57704937458,0.137218773365
3679,2,2566,229,18,0,21.75,0,42,1,1,1,1,,1.15755546093,-0.12618727982,-0.271730393171,-1.38290131092,-0.57704937458,0.137218773365
3680,2,2566,229,18,0,21.75,1,10,1,1,0,,,-2.48497247696,-1.39262962341,-0.861555635929,,,
3681,1,2568,229,18,0,21.75,1,45,1,1,1,1,0,-3.50348973274,-2.96082282066,-2.31647539139,-3.50348973274,-2.96082282066,-2.31647539139
3681,2,2568,229,18,0,21.75,1,59,1,1,1,1,,-2.6368894577,-2.32109308243,-1.72034847736,-3.50348973274,-2.96082282066,-2.31647539139
3682,1,2568,229,18,0,21.75,1,9,1,1,1,1,0,-2.06706643105,-1.50852513313,-0.584345817566,-2.06706643105,-1.50852513313,-0.584345817566
3682,2,2568,229,18,0,21.75,1,22,1,1,1,1,,-3.09403657913,-2.23530387878,-1.31879484653,-2.06706643105,-1.50852513313,-0.584345817566
3683,1,2569,230,22,1,2,0,3,1,1,1,1,0,-0.552347898483,0.949945211411,,-0.552347898483,0.949945211411,
3683,2,2569,230,22,1,2,0,16,1,1,1,1,,-0.313921868801,-0.443077117205,0.0243090223521,-0.552347898483,0.949945211411,
3684,1,2570,230,22,1,2,1,20,1,1,1,1,0,-1.01350998878,0.796298086643,1.49129998684,-1.01350998878,0.796298086643,1.49129998684
3684,2,2570,230,22,1,2,0,33,1,1,1,1,,0.401098281145,0.520309269428,1.56839823723,-1.01350998878,0.796298086643,1.49129998684
3685,1,2571,230,22,0,20.75,1,60,1,0,0,,,,,,,,
3685,2,2571,230,22,0,20.75,1,72,1,0,0,,,,,,,,
3686,1,2572,230,22,1,2,1,30,1,1,1,1,0,-1.01403439045,0.0215345136821,-0.0133568989113,-1.01403439045,0.0215345136821,-0.0133568989113
3686,2,2572,230,22,1,2,1,43,1,1,1,1,,-0.725504815578,0.0501134321094,0.213454976678,-1.01403439045,0.0215345136821,-0.0133568989113
3687,1,2572,230,22,1,2,0,7,1,1,1,1,0,-2.332716465,-1.05494141579,-0.432124048471,-2.332716465,-1.05494141579,-0.432124048471
3687,2,2572,230,22,1,2,0,20,1,1,1,1,,-2.70068764687,-1.47105705738,-2.73244309425,-2.332716465,-1.05494141579,-0.432124048471
3688,1,2573,230,22,1,2,0,64,1,0,0,,,,,,,,
3688,2,2573,230,22,1,2,0,72,1,0,0,,,,,,,,
3689,1,2573,230,22,1,2,0,22,1,1,1,1,0,-1.82252526283,-1.25090670586,0.388605892658,-1.82252526283,-1.25090670586,0.388605892658
3689,2,2573,230,22,1,2,0,35,1,1,1,1,,-1.86414301395,-1.41561174393,-1.14330613613,-1.82252526283,-1.25090670586,0.388605892658
3690,2,2574,230,22,0,20.75,0,11,1,1,0,,,-1.47630155087,-1.16968739033,-0.555054306984,,,
3691,1,2575,230,22,1,2,0,41,1,1,1,1,0,-3.14610743523,-2.01732754707,-1.25121212006,-3.14610743523,-2.01732754707,-1.25121212006
3691,2,2575,230,22,1,2,0,54,1,1,1,1,,-3.14088106155,-2.11756825447,-1.26663506031,-3.14610743523,-2.01732754707,-1.25121212006
3692,1,2576,230,22,1,2,1,58,1,1,1,1,0,-0.269314140081,0.441908478737,0.157242879272,-0.269314140081,0.441908478737,0.157242879272
3692,2,2576,230,22,1,2,1,69,1,1,1,1,,0.205429881811,0.568483531475,,-0.269314140081,0.441908478737,0.157242879272
3693,1,2576,230,22,1,2,1,12,1,1,1,1,0,-0.297089219093,0.330567449331,0.653326451778,-0.297089219093,0.330567449331,0.653326451778
3693,2,2576,230,22,1,2,1,25,1,1,1,1,,-2.95591068268,0.454086899757,0.633029222488,-0.297089219093,0.330567449331,0.653326451778
3694,1,2577,230,22,1,2,0,50,1,1,1,1,0,-3.39697003365,-2.62181425095,-2.25521254539,-3.39697003365,-2.62181425095,-2.25521254539
3694,2,2577,230,22,1,2,0,63,1,1,1,1,,-3.18749237061,-2.59432625771,,-3.39697003365,-2.62181425095,-2.25521254539
3695,1,2577,230,22,1,2,1,6,1,1,1,1,0,-2.33016300201,-1.75538492203,-1.17588078976,-2.33016300201,-1.75538492203,-1.17588078976
3695,2,2577,230,22,1,2,1,19,1,1,1,1,,-2.77810955048,-2.0471265316,-1.48480176926,-2.33016300201,-1.75538492203,-1.17588078976
3696,1,2579,230,22,1,2,0,48,1,1,1,1,0,-1.38941931725,0.423741012812,0.481189906597,-1.38941931725,0.423741012812,0.481189906597
3696,2,2579,230,22,1,2,0,61,1,1,1,1,,-1.40799486637,-0.0399405956268,,-1.38941931725,0.423741012812,0.481189906597
3697,1,2581,231,22,1,2.375,0,42,1,1,1,1,0,-3.35464119911,-1.43541240692,-0.271730393171,-3.35464119911,-1.43541240692,-0.271730393171
3697,2,2581,231,22,1,2.375,0,52,1,1,1,1,,-2.14424610138,-0.212623119354,-0.159216985106,-3.35464119911,-1.43541240692,-0.271730393171
3698,1,2581,231,22,1,2.375,0,14,1,1,1,1,0,-1.97783946991,-1.11921155453,-0.454348653555,-1.97783946991,-1.11921155453,-0.454348653555
3698,2,2581,231,22,1,2.375,0,27,1,1,1,1,,-2.83429121971,-1.78750002384,-1.49726629257,-1.97783946991,-1.11921155453,-0.454348653555
3699,1,2582,231,22,1,2.375,0,61,1,0,0,,,,,,,,
3699,2,2582,231,22,1,2.375,0,72,1,0,0,,,,,,,,
3700,1,2582,231,22,1,2.375,1,108,1,0,0,,,,,,,,
3700,2,2582,231,22,1,2.375,1,22,1,1,0,,,-2.16460490227,-1.10058701038,-0.239153176546,,,
3701,1,2585,231,22,1,2.375,1,17,1,1,1,1,0,-2.71004080772,-1.39764082432,-0.367781460285,-2.71004080772,-1.39764082432,-0.367781460285
3701,2,2585,231,22,1,2.375,1,30,1,1,1,1,,-2.18961858749,-1.33949398994,-1.41619348526,-2.71004080772,-1.39764082432,-0.367781460285
3702,2,2585,231,22,1,2.375,0,11,1,1,0,,,-2.54956793785,-2.3581700325,-2.579246521,,,
3703,1,2588,231,22,1,2.375,1,60,1,0,0,,,,,,,,
3703,2,2588,231,22,1,2.375,1,72,1,0,0,,,,,,,,
3704,1,2588,231,22,1,2.375,0,24,1,1,1,1,0,-3.52390480042,-2.20437097549,-0.481036931276,-3.52390480042,-2.20437097549,-0.481036931276
3704,2,2588,231,22,1,2.375,0,36,1,1,1,1,,-4.47712230682,-1.65713012218,0.167959570885,-3.52390480042,-2.20437097549,-0.481036931276
3705,1,2589,231,22,1,2.375,0,10,1,0,0,,,,,,,,
3705,2,2589,231,22,1,2.375,0,23,1,1,0,,,-3.16882562637,-1.74711549282,-1.69159257412,,,
3706,1,2589,231,22,1,2.375,0,72,1,0,0,,,,,,,,
3706,2,2589,231,22,1,2.375,0,72,1,0,0,,,,,,,,
3707,1,2589,231,22,1,2.375,0,16,1,1,1,1,0,-1.57146322727,-0.551995873451,-1.16583764553,-1.57146322727,-0.551995873451,-1.16583764553
3707,2,2589,231,22,1,2.375,0,29,1,1,1,1,,-1.39782738686,0.23911973834,-0.757661879063,-1.57146322727,-0.551995873451,-1.16583764553
3708,1,2590,231,22,1,2.375,1,72,1,0,0,,,,,,,,
3708,2,2590,231,22,1,2.375,1,72,1,0,0,,,,,,,,
3709,1,2590,231,22,1,2.375,0,44,1,1,1,1,0,-1.85170400143,-1.07414841652,-0.89045470953,-1.85170400143,-1.07414841652,-0.89045470953
3709,2,2590,231,22,1,2.375,0,57,1,1,1,1,,-1.87197732925,-0.590176045895,-0.9598107934,-1.85170400143,-1.07414841652,-0.89045470953
3710,1,2590,231,22,1,2.375,0,11,1,1,1,1,0,-1.6694881916,-1.48179340363,-0.647724628448,-1.6694881916,-1.48179340363,-0.647724628448
3710,2,2590,231,22,1,2.375,0,24,1,1,1,1,,-2.37829995155,-0.482464283705,-0.0885827466846,-1.6694881916,-1.48179340363,-0.647724628448
3711,1,2591,231,22,1,2.375,0,72,1,0,0,,,,,,,,
3711,2,2591,231,22,1,2.375,0,72,1,0,0,,,,,,,,
3712,1,2591,231,22,1,2.375,0,5,1,1,1,1,0,0.093484967947,-0.012625255622,,0.093484967947,-0.012625255622,
3712,2,2591,231,22,1,2.375,0,18,1,1,1,1,,-1.91256821156,0.252610266209,-0.13126398623,0.093484967947,-0.012625255622,
3713,1,2592,231,22,1,2.375,0,8,1,0,0,,,,,,,,
3713,2,2592,231,22,1,2.375,0,21,1,1,0,,,-4.47712230682,-2.36252593994,-1.3554828167,,,
3714,1,2593,232,18,0,25,0,72,1,0,0,,,,,,,,
3714,2,2593,232,18,0,25,0,69,1,1,0,,,-1.90213978291,-1.6639752388,,,,
3715,2,2593,232,18,0,25,0,45,1,1,0,,,0.32624283433,0.746950387955,0.376769065857,,,
3716,1,2594,232,18,1,2.5,1,68,1,0,0,,,,,,,,
3716,2,2594,232,18,1,2.5,1,72,1,0,0,,,,,,,,
3717,1,2594,232,18,1,2.5,1,37,1,1,1,1,0,-2.73580789566,-1.8039509058,-0.621886968613,-2.73580789566,-1.8039509058,-0.621886968613
3717,2,2594,232,18,1,2.5,1,50,1,1,1,1,,-3.67236351967,-2.12770462036,-1.27819263935,-2.73580789566,-1.8039509058,-0.621886968613
3718,1,2594,232,18,1,2.5,0,3,1,1,1,1,0,-0.454517543316,0.111467637122,,-0.454517543316,0.111467637122,
3718,2,2594,232,18,1,2.5,0,17,1,1,1,1,,-2.76405119896,-1.86848890781,-1.19875752926,-0.454517543316,0.111467637122,
3719,1,2595,232,18,1,2.5,0,54,1,1,1,1,0,-2.05366444588,-0.734423279762,-0.938437461853,-2.05366444588,-0.734423279762,-0.938437461853
3719,2,2595,232,18,1,2.5,0,68,1,1,1,1,,-1.84996676445,-0.427903801203,,-2.05366444588,-0.734423279762,-0.938437461853
3720,1,2595,232,18,1,2.5,0,14,1,1,1,1,0,-2.52278757095,-2.10746741295,-1.1074975729,-2.52278757095,-2.10746741295,-1.1074975729
3720,2,2595,232,18,1,2.5,0,28,1,1,1,1,,-2.0991230011,-1.02199780941,-0.938693106174,-2.52278757095,-2.10746741295,-1.1074975729
3721,1,2596,232,18,1,2.5,1,20,1,1,1,1,0,-4.74746370316,,-0.254954814911,-4.74746370316,,-0.254954814911
3721,2,2596,232,18,1,2.5,1,34,1,1,1,1,,-3.64232063293,,-1.05125844479,-4.74746370316,,-0.254954814911
3722,1,2597,232,18,1,2.5,1,8,1,1,1,1,0,-2.15636992455,-0.910311579704,-0.0817824304104,-2.15636992455,-0.910311579704,-0.0817824304104
3722,2,2597,232,18,1,2.5,1,20,1,1,1,1,,-3.20409584045,,-1.68659698963,-2.15636992455,-0.910311579704,-0.0817824304104
3723,1,2598,232,18,1,2.5,0,34,1,1,1,1,0,-3.10166621208,-2.2746655941,-0.462820231915,-3.10166621208,-2.2746655941,-0.462820231915
3723,2,2598,232,18,1,2.5,0,46,1,1,1,1,,-2.70506954193,-1.58224439621,-1.3177382946,-3.10166621208,-2.2746655941,-0.462820231915
3724,1,2598,232,18,1,2.5,0,7,1,1,1,1,0,-1.96423363686,-1.91071486473,-0.432124048471,-1.96423363686,-1.91071486473,-0.432124048471
3724,2,2598,232,18,1,2.5,0,21,1,1,1,1,,-3.87411928177,-2.07640981674,-1.50050199032,-1.96423363686,-1.91071486473,-0.432124048471
3725,1,2599,232,18,0,25,0,28,1,1,1,1,0,-1.79543054104,-0.712888300419,-0.0675997436047,-1.79543054104,-0.712888300419,-0.0675997436047
3725,2,2599,232,18,0,25,0,41,1,1,1,1,,-1.98663163185,-0.484628260136,-0.0883773118258,-1.79543054104,-0.712888300419,-0.0675997436047
3726,1,2600,232,18,0,25,1,14,1,1,1,1,0,-1.11089360714,-0.0060684112832,-0.333649128675,-1.11089360714,-0.0060684112832,-0.333649128675
3726,2,2600,232,18,0,25,1,27,1,1,1,1,,-0.394234269857,0.717072308064,0.774574577808,-1.11089360714,-0.0060684112832,-0.333649128675
3727,1,2601,232,18,1,2.5,0,34,1,1,1,1,0,-1.32979249954,-0.0495767407119,-0.547433078289,-1.32979249954,-0.0495767407119,-0.547433078289
3727,2,2601,232,18,1,2.5,0,47,1,1,1,1,,-1.42238545418,-0.324898779392,-1.04000222683,-1.32979249954,-0.0495767407119,-0.547433078289
3728,1,2601,232,18,1,2.5,0,7,1,1,1,1,0,-1.34242224693,-0.969546735287,-0.338837862015,-1.34242224693,-0.969546735287,-0.338837862015
3728,2,2601,232,18,1,2.5,0,20,1,1,1,1,,-2.89614081383,-1.75320708752,-1.9018137455,-1.34242224693,-0.969546735287,-0.338837862015
3729,1,2602,232,18,1,2.5,0,16,1,1,1,1,0,-1.41668832302,-0.858227312565,0.455838501453,-1.41668832302,-0.858227312565,0.455838501453
3729,2,2602,232,18,1,2.5,0,28,1,1,1,1,,-1.55247557163,,0.140285909176,-1.41668832302,-0.858227312565,0.455838501453
3730,2,2604,232,18,1,2.5,1,11,1,1,0,,,-1.85299444199,-2.02151346207,-2.28904676437,,,
3731,1,2605,233,17,1,1,1,20,1,1,1,1,0,-1.42839384079,-0.00488016707823,0.57528179884,-1.42839384079,-0.00488016707823,0.57528179884
3731,2,2605,233,17,1,1,1,33,1,1,1,1,,-1.39526200294,0.241095811129,1.14802014828,-1.42839384079,-0.00488016707823,0.57528179884
3732,1,2606,233,17,1,1,1,19,1,1,1,1,0,-2.62599086761,-1.56620264053,-1.19672107697,-2.62599086761,-1.56620264053,-1.19672107697
3732,2,2606,233,17,1,1,1,32,1,1,1,1,,-1.36260163784,-1.62325417995,-0.346822440624,-2.62599086761,-1.56620264053,-1.19672107697
3733,1,2607,233,17,1,1,1,23,1,1,1,1,0,-1.66060996056,-0.833748281002,-0.428558081388,-1.66060996056,-0.833748281002,-0.428558081388
3733,2,2607,233,17,1,1,1,36,1,1,1,1,,-1.73369550705,-0.724568009377,0.154660493135,-1.66060996056,-0.833748281002,-0.428558081388
3734,1,2608,233,17,1,1,0,30,1,1,1,1,0,-3.06376743317,-1.51006138325,-1.11243534088,-3.06376743317,-1.51006138325,-1.11243534088
3734,2,2608,233,17,1,1,0,43,1,1,1,1,,-2.40978884697,-1.67199468613,-1.3406111002,-3.06376743317,-1.51006138325,-1.11243534088
3735,2,2608,233,17,1,1,0,12,1,1,0,,,-2.20886874199,-2.80460357666,-1.39085459709,,,
3736,1,2609,233,17,1,1,0,26,1,1,1,1,0,-0.238213732839,-0.0948422625661,-1.12172687054,-0.238213732839,-0.0948422625661,-1.12172687054
3736,2,2609,233,17,1,1,0,39,1,1,1,1,,-0.39243376255,0.303070634604,-0.770985305309,-0.238213732839,-0.0948422625661,-1.12172687054
3737,1,2609,233,17,1,1,1,10,1,1,1,1,0,0.49368801713,0.547154903412,-0.277325361967,0.49368801713,0.547154903412,-0.277325361967
3737,2,2609,233,17,1,1,1,23,1,1,1,1,,0.0251432005316,0.198558151722,0.0788008570671,0.49368801713,0.547154903412,-0.277325361967
3738,1,2610,233,17,0,15.5,1,13,1,1,1,0,1,-1.64191675186,-0.760373950005,-0.654258370399,-1.64191675186,-0.760373950005,-0.654258370399
3738,2,2610,233,17,0,15.5,1,26,1,0,1,0,,,,,-1.64191675186,-0.760373950005,-0.654258370399
3739,2,2610,233,17,0,15.5,0,1,1,1,0,,,-2.96648335457,-2.80085062981,,,,
3740,1,2612,233,17,0,15.5,1,42,1,1,1,1,0,-2.12622904778,-0.0868980139494,-0.640998601913,-2.12622904778,-0.0868980139494,-0.640998601913
3740,2,2612,233,17,0,15.5,1,55,1,1,1,1,,-1.93063747883,-0.575652122498,-0.544449806213,-2.12622904778,-0.0868980139494,-0.640998601913
3741,1,2613,233,17,0,15.5,1,32,1,0,0,,,,,,,,
3741,2,2613,233,17,0,15.5,1,45,1,1,0,,,-0.304129272699,-0.0446050576866,-0.816359937191,,,
3742,2,2613,233,17,0,15.5,0,4,1,1,0,,,0.775674700737,0.574249744415,,,,
3743,1,2614,233,17,0,15.5,0,61,1,0,0,,,,,,,,
3743,2,2614,233,17,0,15.5,0,73,1,1,0,,,-0.795483052731,-0.111075088382,,,,
3744,1,2615,233,17,1,1,1,4,1,1,1,0,1,-1.49686825275,-0.36425280571,,-1.49686825275,-0.36425280571,
3744,2,2615,233,17,1,1,1,17,1,0,1,0,,,,,-1.49686825275,-0.36425280571,
3745,1,2616,234,21,1,1,0,2,1,1,1,1,0,-2.011977911,-0.186631277204,,-2.011977911,-0.186631277204,
3745,2,2616,234,21,1,1,0,15,1,1,1,1,,-2.96242713928,-1.517162323,-0.256019979715,-2.011977911,-0.186631277204,
3746,1,2617,234,21,1,1,0,12,1,1,1,1,0,-2.79803562164,-1.22982859612,-0.676705896854,-2.79803562164,-1.22982859612,-0.676705896854
3746,2,2617,234,21,1,1,0,25,1,1,1,1,,-1.61169910431,-0.993323504925,-0.223752751946,-2.79803562164,-1.22982859612,-0.676705896854
3747,1,2619,234,21,1,1,0,12,1,1,1,1,0,-1.40928566456,0.0963900908828,1.23936975002,-1.40928566456,0.0963900908828,1.23936975002
3747,2,2619,234,21,1,1,0,25,1,1,1,1,,-0.424268186092,-0.0922883674502,0.690475523472,-1.40928566456,0.0963900908828,1.23936975002
3748,1,2620,234,21,0,14.75,1,59,1,1,1,1,0,-2.31905913353,-1.35752308369,-1.3800765276,-2.31905913353,-1.35752308369,-1.3800765276
3748,2,2620,234,21,0,14.75,1,72,1,1,1,1,,-2.3389415741,-1.47920656204,,-2.31905913353,-1.35752308369,-1.3800765276
3749,1,2620,234,21,0,14.75,1,34,1,1,1,1,0,-2.25739741325,-1.9002045393,-1.8056858778,-2.25739741325,-1.9002045393,-1.8056858778
3749,2,2620,234,21,0,14.75,1,47,1,1,1,1,,-1.98816394806,-1.70388638973,-1.47153007984,-2.25739741325,-1.9002045393,-1.8056858778
3750,2,2620,234,21,0,14.75,0,6,1,1,0,,,-2.5574119091,-2.80352640152,-2.72945046425,,,
3751,1,2621,234,21,1,1,0,45,1,1,1,1,0,-3.17779660225,-2.03440713882,-1.60584592819,-3.17779660225,-2.03440713882,-1.60584592819
3751,2,2621,234,21,1,1,0,58,1,1,1,1,,-2.60191130638,-2.38427233696,-1.64073061943,-3.17779660225,-2.03440713882,-1.60584592819
3752,1,2621,234,21,1,1,1,15,1,1,1,1,0,-2.50434494019,-2.30195355415,-1.68469083309,-2.50434494019,-2.30195355415,-1.68469083309
3752,2,2621,234,21,1,1,1,28,1,1,1,1,,-2.21504950523,-2.12608265877,-1.45027494431,-2.50434494019,-2.30195355415,-1.68469083309
3753,1,2622,234,21,1,1,0,18,1,1,1,1,0,-2.33892679214,-1.48589479923,-1.3303604126,-2.33892679214,-1.48589479923,-1.3303604126
3753,2,2622,234,21,1,1,0,31,1,1,1,1,,-1.95515394211,-1.39876711369,-1.70938384533,-2.33892679214,-1.48589479923,-1.3303604126
3754,1,2623,234,21,0,14.75,0,32,1,1,1,1,0,-2.22825717926,-0.427772253752,0.804509997368,-2.22825717926,-0.427772253752,0.804509997368
3754,2,2623,234,21,0,14.75,0,45,1,1,1,1,,-2.16088938713,-0.644337296486,0.376769065857,-2.22825717926,-0.427772253752,0.804509997368
3755,1,2624,234,21,1,1,0,21,1,1,1,1,0,-3.5087928772,-1.42146670818,-0.251481503248,-3.5087928772,-1.42146670818,-0.251481503248
3755,2,2624,234,21,1,1,0,35,1,1,1,1,,-3.21643733978,-1.47188067436,-0.285043746233,-3.5087928772,-1.42146670818,-0.251481503248
3756,1,2625,234,21,1,1,0,24,1,1,1,1,0,-1.39635765553,-0.346449524164,0.124086745083,-1.39635765553,-0.346449524164,0.124086745083
3756,2,2625,234,21,1,1,0,37,1,1,1,1,,-0.555315315723,0.304605722427,0.138470709324,-1.39635765553,-0.346449524164,0.124086745083
3757,1,2625,234,21,1,1,1,5,1,0,0,,,,,,,,
3757,2,2625,234,21,1,1,1,18,1,1,0,,,-1.03582584858,-1.02246618271,-0.503376305103,,,
3758,2,2626,234,21,0,14.75,0,35,1,1,0,,,-2.15099167824,-1.81820201874,-2.32196474075,,,
3759,1,2627,235,19,1,1.25,0,22,1,1,1,1,0,-2.93014264107,-0.910801410675,0.636196374893,-2.93014264107,-0.910801410675,0.636196374893
3759,2,2627,235,19,1,1.25,0,34,1,1,1,1,,-2.97708201408,-1.16651105881,-1.29461812973,-2.93014264107,-0.910801410675,0.636196374893
3760,1,2628,235,19,1,1.25,1,19,1,1,1,1,0,-2.55838060379,-1.46815216541,-0.916221857071,-2.55838060379,-1.46815216541,-0.916221857071
3760,2,2628,235,19,1,1.25,1,32,1,1,1,1,,-3.22423100471,-1.76170527935,-1.01642751694,-2.55838060379,-1.46815216541,-0.916221857071
3761,2,2628,235,19,1,1.25,1,7,1,1,0,,,-2.19719958305,-0.490962922573,0.0842277109623,,,
3762,1,2631,235,19,1,1.25,1,10,1,1,1,1,0,-0.762617409229,0.171536058187,0.720912754536,-0.762617409229,0.171536058187,0.720912754536
3762,2,2631,235,19,1,1.25,1,24,1,1,1,1,,-1.46150898933,0.475308656693,1.18716824055,-0.762617409229,0.171536058187,0.720912754536
3763,1,2632,235,19,1,1.25,1,4,1,1,1,1,0,-2.00507903099,-1.15021777153,,-2.00507903099,-1.15021777153,
3763,2,2632,235,19,1,1.25,1,17,1,1,1,1,,-3.21898388863,-1.20995998383,0.147285476327,-2.00507903099,-1.15021777153,
3764,1,2634,235,19,0,11,1,49,1,1,1,1,0,-2.0180516243,-1.48429751396,-2.15323328972,-2.0180516243,-1.48429751396,-2.15323328972
3764,2,2634,235,19,0,11,1,62,1,1,1,1,,-1.6908005476,-1.08563435078,,-2.0180516243,-1.48429751396,-2.15323328972
3765,2,2634,235,19,0,11,0,8,1,1,0,,,-2.5388071537,-1.09708976746,-1.22781312466,,,
3766,1,2635,235,19,1,1.25,0,37,1,1,1,1,0,-3.0071439743,-1.50337934494,0.177584439516,-3.0071439743,-1.50337934494,0.177584439516
3766,2,2635,235,19,1,1.25,0,50,1,1,1,1,,-2.63543891907,-1.46023833752,-0.496597319841,-3.0071439743,-1.50337934494,0.177584439516
3767,1,2635,235,19,1,1.25,0,15,1,1,1,1,0,-2.40912771225,-0.714265882969,0.655582249165,-2.40912771225,-0.714265882969,0.655582249165
3767,2,2635,235,19,1,1.25,0,28,1,1,1,1,,-2.70650792122,-1.38991224766,-0.848577976227,-2.40912771225,-0.714265882969,0.655582249165
3768,1,2636,235,19,1,1.25,0,8,1,1,1,1,0,-1.01989531517,-1.88771831989,-0.890504539013,-1.01989531517,-1.88771831989,-0.890504539013
3768,2,2636,235,19,1,1.25,0,21,1,1,1,1,,-1.82133865356,-1.73356854916,-1.25971639156,-1.01989531517,-1.88771831989,-0.890504539013
3769,1,2637,235,19,1,1.25,0,21,1,1,1,1,0,-2.84773039818,-1.26056182384,-0.608890473843,-2.84773039818,-1.26056182384,-0.608890473843
3769,2,2637,235,19,1,1.25,0,33,1,1,1,1,,-1.98488497734,-1.06723546982,-1.96906161308,-2.84773039818,-1.26056182384,-0.608890473843
3770,2,2638,235,19,1,1.25,0,18,1,0,0,,,,,,,,
3771,2,2639,236,22,0,11.25,1,50,1,1,0,,,-2.18992519379,-1.10218214989,-0.526134848595,,,
3772,1,2640,236,22,1,1,1,20,1,1,1,1,0,-2.19178080559,-1.32027328014,0.251047819853,-2.19178080559,-1.32027328014,0.251047819853
3772,2,2640,236,22,1,1,1,33,1,1,1,1,,-2.37556171417,-1.84443902969,-0.885155260563,-2.19178080559,-1.32027328014,0.251047819853
3773,1,2642,236,22,1,1,1,9,1,1,1,1,0,-2.00497317314,-1.58258390427,-0.951664507389,-2.00497317314,-1.58258390427,-0.951664507389
3773,2,2642,236,22,1,1,1,22,1,1,1,1,,-2.10050725937,-1.35757398605,-1.17769098282,-2.00497317314,-1.58258390427,-0.951664507389
3774,1,2643,236,22,1,1,1,156,1,0,0,,,,,,,,
3774,2,2643,236,22,1,1,1,37,1,1,0,,,-2.37241411209,-0.974877715111,-0.784104883671,,,
3775,1,2645,236,22,1,1,1,37,1,1,1,1,0,-3.16409158707,-2.18486952782,-1.28674030304,-3.16409158707,-2.18486952782,-1.28674030304
3775,2,2645,236,22,1,1,1,50,1,1,1,1,,-3.04517817497,-2.07091140747,-1.35670888424,-3.16409158707,-2.18486952782,-1.28674030304
3776,1,2645,236,22,1,1,1,7,1,1,1,1,0,-2.13241577148,-1.05069339275,-0.263293981552,-2.13241577148,-1.05069339275,-0.263293981552
3776,2,2645,236,22,1,1,1,20,1,1,1,1,,-3.30366873741,-2.09142208099,-1.06262469292,-2.13241577148,-1.05069339275,-0.263293981552
3777,1,2646,236,22,1,1,0,480,1,0,0,,,,,,,,
3777,2,2646,236,22,1,1,0,53,1,1,0,,,-3.42917442322,-1.5420217514,-0.998942196369,,,
3778,1,2646,236,22,1,1,1,4,1,1,1,0,1,-1.31206345558,-0.879587769508,,-1.31206345558,-0.879587769508,
3778,2,2646,236,22,1,1,1,17,1,0,1,0,,,,,-1.31206345558,-0.879587769508,
3779,1,2648,236,22,1,1,0,13,1,1,1,1,0,-3.14037895203,-0.905860602856,-0.611184477806,-3.14037895203,-0.905860602856,-0.611184477806
3779,2,2648,236,22,1,1,0,26,1,1,1,1,,-3.4343392849,-0.613097369671,-0.0585788153112,-3.14037895203,-0.905860602856,-0.611184477806
3780,1,2648,236,22,1,1,0,13,1,1,1,1,0,-2.46025300026,-1.22606444359,-0.985476672649,-2.46025300026,-1.22606444359,-0.985476672649
3780,2,2648,236,22,1,1,0,26,1,1,1,1,,-2.72584104538,-0.214378267527,0.357690691948,-2.46025300026,-1.22606444359,-0.985476672649
