childid,round,hhid,vid,block,eligible,samp_wgt,female,agemonths,anthro_shouldbe,anthro_present,anthro_baseline,anthro_panel,anthro_attrites,haz06,waz06,muacz,haz06_R1,waz06_R1,muacz_R1
1632,1,1109,103,8,0,31.4999980927,0,300,1,0,0,,,,,,,,
1632,2,1109,103,8,0,31.4999980927,0,39,1,1,0,,,0.11525811255,1.16383051872,1.56478393078,,,
1633,2,1109,103,8,0,31.4999980927,0,4,1,1,0,,,0.967912256718,-0.362489432096,-1.50836217403,,,
1634,1,1110,103,8,1,2.375,0,46,1,1,1,1,0,-2.12246346474,-1.29298233986,-1.62642717361,-2.12246346474,-1.29298233986,-1.62642717361
1634,2,1110,103,8,1,2.375,0,59,1,1,1,1,,-2.16782259941,-1.6377594471,-1.53238987923,-2.12246346474,-1.29298233986,-1.62642717361
1635,1,1110,103,8,1,2.375,1,12,1,1,1,1,0,-4.7622551918,-3.8929309845,-1.66206026077,-4.7622551918,-3.8929309845,-1.66206026077
1635,2,1110,103,8,1,2.375,1,25,1,1,1,1,,-4.19130086899,-3.04262661934,-1.0862839222,-4.7622551918,-3.8929309845,-1.66206026077
1636,1,1111,103,8,1,2.375,1,132,1,0,0,,,,,,,,
1636,2,1111,103,8,1,2.375,1,23,1,1,0,,,-2.03872179985,0.430463671684,0.719183564186,,,
1637,1,1112,103,8,1,2.375,1,24,1,1,1,1,0,-2.56183338165,-2.05375623703,-0.842857420444,-2.56183338165,-2.05375623703,-0.842857420444
1637,2,1112,103,8,1,2.375,1,38,1,1,1,1,,-2.86650395393,-1.54547262192,-0.90178334713,-2.56183338165,-2.05375623703,-0.842857420444
1638,1,1113,104,8,1,2.375,1,15,1,1,1,1,0,-3.4352748394,-2.33771419525,-1.00765633583,-3.4352748394,-2.33771419525,-1.00765633583
1638,2,1113,104,8,1,2.375,1,28,1,1,1,1,,-3.46823573112,-1.50332033634,-0.735417544842,-3.4352748394,-2.33771419525,-1.00765633583
1639,1,1114,104,8,1,2.375,1,40,1,1,1,1,0,-3.25250577927,-0.746567368507,-0.618799090385,-3.25250577927,-0.746567368507,-0.618799090385
1639,2,1114,104,8,1,2.375,1,53,1,1,1,1,,-3.36023759842,-1.26685023308,-0.839238345623,-3.25250577927,-0.746567368507,-0.618799090385
1640,1,1115,104,8,1,2.375,0,34,1,0,0,,,,,,,,
1640,2,1115,104,8,1,2.375,0,47,1,0,0,,,,,,,,
1641,1,1117,104,8,1,2.375,1,24,1,1,1,1,0,-2.68581151962,0.202360540628,0.811551630497,-2.68581151962,0.202360540628,0.811551630497
1641,2,1117,104,8,1,2.375,1,37,1,1,1,1,,-2.26858711243,0.279191851616,0.373834848404,-2.68581151962,0.202360540628,0.811551630497
1642,1,1118,104,8,1,2.375,0,48,1,1,1,0,1,-1.6636172533,-0.383647948503,0.0448001138866,-1.6636172533,-0.383647948503,0.0448001138866
1642,2,1118,104,8,1,2.375,0,58,1,0,1,0,,,,,-1.6636172533,-0.383647948503,0.0448001138866
1643,1,1118,104,8,1,2.375,1,43,1,1,1,1,0,-1.16380167007,0.117709569633,-0.00115728378296,-1.16380167007,0.117709569633,-0.00115728378296
1643,2,1118,104,8,1,2.375,1,56,1,1,1,1,,-1.86057174206,-0.557207584381,-1.00256419182,-1.16380167007,0.117709569633,-0.00115728378296
1644,1,1119,104,8,1,2.375,0,32,1,1,1,1,0,-3.43417620659,-2.3309803009,-2.95271396637,-3.43417620659,-2.3309803009,-2.95271396637
1644,2,1119,104,8,1,2.375,0,46,1,1,1,1,,-3.23912572861,-1.90910863876,-1.4049423933,-3.43417620659,-2.3309803009,-2.95271396637
1645,1,1121,104,8,0,23.25,1,58,1,1,1,1,0,-2.84117698669,-1.64090514183,-1.9296104908,-2.84117698669,-1.64090514183,-1.9296104908
1645,2,1121,104,8,0,23.25,1,71,1,1,1,1,,-2.19928908348,-1.43814587593,,-2.84117698669,-1.64090514183,-1.9296104908
1646,1,1122,104,8,1,2.375,1,57,1,1,1,1,0,-1.36055195332,-1.78262269497,-2.7351732254,-1.36055195332,-1.78262269497,-2.7351732254
1646,2,1122,104,8,1,2.375,1,67,1,1,1,1,,-0.539041280746,-1.17691648006,,-1.36055195332,-1.78262269497,-2.7351732254
1647,1,1122,104,8,1,2.375,1,34,1,1,1,1,0,-1.6388875246,-2.03588938713,-1.24135684967,-1.6388875246,-2.03588938713,-1.24135684967
1647,2,1122,104,8,1,2.375,1,47,1,1,1,1,,-0.96901267767,-1.53963899612,-1.03326129913,-1.6388875246,-2.03588938713,-1.24135684967
1648,2,1122,104,8,1,2.375,1,8,1,1,0,,,-1.43754982948,-1.44366121292,-0.522378385067,,,
1649,2,1123,104,8,1,2.375,1,60,1,0,0,,,,,,,,
1650,2,1123,104,8,1,2.375,0,24,1,0,0,,,,,,,,
1651,1,1125,105,9,1,2.375,1,41,1,1,1,1,0,-1.21817564964,-1.27412199974,-0.375352412462,-1.21817564964,-1.27412199974,-0.375352412462
1651,2,1125,105,9,1,2.375,1,53,1,1,1,1,,-0.525728940964,-0.730391085148,-0.694118976593,-1.21817564964,-1.27412199974,-0.375352412462
1652,1,1126,105,9,1,2.375,1,60,1,0,0,,,,,,,,
1652,2,1126,105,9,1,2.375,1,61,1,0,0,,,,,,,,
1653,1,1126,105,9,1,2.375,0,19,1,0,0,,,,,,,,
1653,2,1126,105,9,1,2.375,0,31,1,0,0,,,,,,,,
1654,1,1127,105,9,1,2.375,1,42,1,1,1,1,0,0.49318921566,1.26107192039,1.51540327072,0.49318921566,1.26107192039,1.51540327072
1654,2,1127,105,9,1,2.375,1,55,1,1,1,1,,0.0482133887708,1.17540323734,0.997100412846,0.49318921566,1.26107192039,1.51540327072
1655,1,1127,105,9,1,2.375,1,13,1,1,1,1,0,,-0.860449373722,0.297167867422,,-0.860449373722,0.297167867422
1655,2,1127,105,9,1,2.375,1,27,1,1,1,1,,-2.22788095474,-1.08380258083,-0.17048189044,,-0.860449373722,0.297167867422
1656,1,1127,105,9,1,2.375,0,11,1,1,1,1,0,0.326788157225,0.864996433258,1.75709688663,0.326788157225,0.864996433258,1.75709688663
1656,2,1127,105,9,1,2.375,0,24,1,1,1,1,,,,1.77665328979,0.326788157225,0.864996433258,1.75709688663
1657,1,1128,105,9,0,28.25,1,23,1,1,1,1,0,-2.2277803421,-0.376048862934,-0.171820059419,-2.2277803421,-0.376048862934,-0.171820059419
1657,2,1128,105,9,0,28.25,1,35,1,1,1,1,,-1.59502911568,-0.0352944433689,0.232233077288,-2.2277803421,-0.376048862934,-0.171820059419
1658,1,1129,105,9,1,2.375,1,45,1,1,1,1,0,-3.26473164558,-2.76056838036,-0.894033789635,-3.26473164558,-2.76056838036,-0.894033789635
1658,2,1129,105,9,1,2.375,1,58,1,1,1,1,,-3.51483607292,-2.32193851471,-0.533172011375,-3.26473164558,-2.76056838036,-0.894033789635
1659,1,1130,105,9,1,2.375,1,22,1,1,1,1,0,-1.9082120657,-0.920596659184,-0.111626289785,-1.9082120657,-0.920596659184,-0.111626289785
1659,2,1130,105,9,1,2.375,1,36,1,1,1,1,,-1.51046574116,-0.471172392368,0.595474183559,-1.9082120657,-0.920596659184,-0.111626289785
1660,1,1131,105,9,0,28.25,0,660,1,0,0,,,,,,,,
1660,2,1131,105,9,0,28.25,0,67,1,1,0,,,0.213965371251,0.104810863733,,,,
1661,1,1132,105,9,1,2.375,0,36,1,1,1,1,0,,-2.21030426025,-1.21590650082,,-2.21030426025,-1.21590650082
1661,2,1132,105,9,1,2.375,0,49,1,1,1,1,,,-1.82562708855,-0.242425844073,,-2.21030426025,-1.21590650082
1662,1,1133,105,9,1,2.375,1,31,1,1,1,1,0,-2.73687791824,-1.85440659523,-1.69092619419,-2.73687791824,-1.85440659523,-1.69092619419
1662,2,1133,105,9,1,2.375,1,44,1,1,1,1,,-2.53295516968,-1.67283856869,-1.46766245365,-2.73687791824,-1.85440659523,-1.69092619419
1663,1,1135,105,9,1,2.375,0,41,1,1,1,1,0,-1.34955632687,-0.703715920448,-0.570358335972,-1.34955632687,-0.703715920448,-0.570358335972
1663,2,1135,105,9,1,2.375,0,52,1,1,1,1,,-0.5895434618,-0.420895934105,-0.424120724201,-1.34955632687,-0.703715920448,-0.570358335972
1664,1,1136,105,9,0,28.25,0,33,1,1,1,1,0,-2.60243272781,-1.23502314091,-0.346466511488,-2.60243272781,-1.23502314091,-0.346466511488
1664,2,1136,105,9,0,28.25,0,46,1,1,1,1,,-2.32880330086,-0.907546341419,-0.28937074542,-2.60243272781,-1.23502314091,-0.346466511488
1665,1,1137,106,9,1,4.75,1,65,1,0,0,,,,,,,,
1665,2,1137,106,9,1,4.75,1,72,1,0,0,,,,,,,,
1666,1,1137,106,9,1,4.75,1,26,1,1,1,1,0,-0.959833145142,-0.524761736393,-0.878988385201,-0.959833145142,-0.524761736393,-0.878988385201
1666,2,1137,106,9,1,4.75,1,39,1,1,1,1,,-0.149408191442,0.179900303483,-0.226024851203,-0.959833145142,-0.524761736393,-0.878988385201
1667,1,1140,106,9,1,4.75,1,30,1,1,1,1,0,-1.49559795856,-0.539312303066,-0.418952912092,-1.49559795856,-0.539312303066,-0.418952912092
1667,2,1140,106,9,1,4.75,1,43,1,1,1,1,,-1.11510264874,-0.3317912817,0.142437025905,-1.49559795856,-0.539312303066,-0.418952912092
1668,1,1140,106,9,1,4.75,0,12,1,1,1,1,0,-0.462411522865,0.546231031418,-0.0399274900556,-0.462411522865,0.546231031418,-0.0399274900556
1668,2,1140,106,9,1,4.75,0,24,1,1,1,1,,-0.168926596642,0.34485539794,0.0394655913115,-0.462411522865,0.546231031418,-0.0399274900556
1669,1,1141,106,9,1,4.75,0,59,1,1,1,1,0,-0.938947558403,-0.16244584322,0.286399960518,-0.938947558403,-0.16244584322,0.286399960518
1669,2,1141,106,9,1,4.75,0,72,1,1,1,1,,-1.08609008789,-0.00499674025923,,-0.938947558403,-0.16244584322,0.286399960518
1670,1,1141,106,9,1,4.75,0,22,1,1,1,1,0,-0.476342707872,0.920267999172,0.878955423832,-0.476342707872,0.920267999172,0.878955423832
1670,2,1141,106,9,1,4.75,0,36,1,1,1,1,,-0.777875185013,1.00071752071,0.962122738361,-0.476342707872,0.920267999172,0.878955423832
1671,1,1142,106,9,1,4.75,1,40,1,1,1,1,0,-2.17246556282,-0.717163562775,-0.339367300272,-2.17246556282,-0.717163562775,-0.339367300272
1671,2,1142,106,9,1,4.75,1,53,1,1,1,1,,-2.11527729034,-0.571918129921,-0.694118976593,-2.17246556282,-0.717163562775,-0.339367300272
1672,2,1142,106,9,1,4.75,1,5,1,1,0,,,-1.32143473625,-0.510573267937,,,,
1673,1,1143,106,9,1,4.75,1,40,1,1,1,1,0,-1.43150568008,-0.342266947031,-0.263105213642,-1.43150568008,-0.342266947031,-0.263105213642
1673,2,1143,106,9,1,4.75,1,54,1,1,1,1,,-1.22906959057,0.00198714970611,-0.101073235273,-1.43150568008,-0.342266947031,-0.263105213642
1674,1,1144,106,9,1,4.75,0,40,1,1,1,1,0,-1.25698375702,-0.350783735514,-0.220685556531,-1.25698375702,-0.350783735514,-0.220685556531
1674,2,1144,106,9,1,4.75,0,54,1,1,1,1,,-1.19294965267,-0.503513872623,-0.938437461853,-1.25698375702,-0.350783735514,-0.220685556531
1675,1,1146,106,9,1,4.75,0,13,1,1,1,1,0,-1.34731388092,-1.47072899342,-0.519105434418,-1.34731388092,-1.47072899342,-0.519105434418
1675,2,1146,106,9,1,4.75,0,26,1,1,1,1,,-1.41904807091,-1.34931647778,0.025857521221,-1.34731388092,-1.47072899342,-0.519105434418
1676,1,1147,106,9,0,33.25,1,50,1,1,1,0,1,-0.331177294254,-0.382449299097,-0.894858002663,-0.331177294254,-0.382449299097,-0.894858002663
1676,2,1147,106,9,0,33.25,1,62,1,0,1,0,,,,,-0.331177294254,-0.382449299097,-0.894858002663
1677,1,1147,106,9,0,33.25,0,18,1,1,1,1,0,-0.281284242868,-0.45378240943,-0.763389110565,-0.281284242868,-0.45378240943,-0.763389110565
1677,2,1147,106,9,0,33.25,0,32,1,1,1,1,,-0.220766872168,-0.453788012266,-0.56695753336,-0.281284242868,-0.45378240943,-0.763389110565
1678,1,1147,106,9,0,33.25,0,192,1,0,0,,,,,,,,
1678,2,1147,106,9,0,33.25,0,32,1,0,0,,,,,,,,
1679,1,1148,106,9,1,4.75,1,38,1,1,1,1,0,-1.28807473183,-0.439517885447,-0.188312381506,-1.28807473183,-0.439517885447,-0.188312381506
1679,2,1148,106,9,1,4.75,1,52,1,1,1,1,,-1.13205170631,-0.281458705664,-0.169404819608,-1.28807473183,-0.439517885447,-0.188312381506
1680,2,1148,106,9,1,4.75,0,4,1,0,0,,,,,,,,
1681,1,1149,107,8,1,1,1,32,1,1,1,0,1,-2.0520939827,-1.18845081329,-0.346822440624,-2.0520939827,-1.18845081329,-0.346822440624
1682,1,1150,107,8,1,1,0,9,1,1,1,1,0,-2.21494030952,-1.04492580891,-1.40189909935,-2.21494030952,-1.04492580891,-1.40189909935
1682,2,1150,107,8,1,1,0,25,1,1,1,1,,-3.03982567787,0.311370164156,1.35185599327,-2.21494030952,-1.04492580891,-1.40189909935
1683,1,1150,107,8,1,1,0,72,1,0,0,,,,,,,,
1683,2,1150,107,8,1,1,0,19,1,1,0,,,-3.19086480141,-2.3993434906,-1.03420209885,,,
1684,1,1150,107,8,1,1,1,36,1,1,1,1,0,-1.20845270157,-0.210679545999,-1.29519510269,-1.20845270157,-0.210679545999,-1.29519510269
1684,2,1150,107,8,1,1,1,49,1,1,1,1,,-1.87998402119,-0.670329153538,-0.677187085152,-1.20845270157,-0.210679545999,-1.29519510269
1685,1,1150,107,8,1,1,1,31,1,1,1,1,0,-3.18403410912,-1.61934483051,-2.05897378922,-3.18403410912,-1.61934483051,-2.05897378922
1685,2,1150,107,8,1,1,1,43,1,1,1,1,,-2.85611987114,-0.431444942951,0.962464213371,-3.18403410912,-1.61934483051,-2.05897378922
1686,1,1152,107,8,0,37.5,0,24,1,1,1,1,0,-2.90200591087,-1.57711350918,-0.987804353237,-2.90200591087,-1.57711350918,-0.987804353237
1686,2,1152,107,8,0,37.5,0,37,1,1,1,1,,-2.51411128044,-0.952202737331,0.0992085039616,-2.90200591087,-1.57711350918,-0.987804353237
1687,1,1153,107,8,0,37.5,1,55,1,1,1,1,0,-0.914973378181,-0.268250852823,-0.398911178112,-0.914973378181,-0.268250852823,-0.398911178112
1687,2,1153,107,8,0,37.5,1,67,1,1,1,1,,-0.659870743752,-0.39177107811,,-0.914973378181,-0.268250852823,-0.398911178112
1688,1,1153,107,8,0,37.5,0,35,1,1,1,1,0,-1.41337823868,-0.0314154736698,-0.510077238083,-1.41337823868,-0.0314154736698,-0.510077238083
1688,2,1153,107,8,0,37.5,0,47,1,1,1,1,,-1.30209898949,0.0953563302755,1.02569448948,-1.41337823868,-0.0314154736698,-0.510077238083
1689,2,1153,107,8,0,37.5,0,4,1,0,0,,,,,,,,
1690,1,1155,107,8,1,1,0,40,1,1,1,1,0,1.41551947594,0.709006726742,-1.52300632,1.41551947594,0.709006726742,-1.52300632
1690,2,1155,107,8,1,1,0,53,1,1,1,1,,1.15755546093,0.781708598137,-0.639544188976,1.41551947594,0.709006726742,-1.52300632
1691,1,1157,108,10,1,2.125,0,62,1,0,0,,,,,,,,
1691,2,1157,108,10,1,2.125,0,72,1,0,0,,,,,,,,
1692,1,1157,108,10,1,2.125,0,40,1,1,1,1,0,-3.26568770409,-1.51200127602,-0.966486632824,-3.26568770409,-1.51200127602,-0.966486632824
1692,2,1157,108,10,1,2.125,0,55,1,1,1,1,,-3.30631494522,-1.1338801384,-0.263405710459,-3.26568770409,-1.51200127602,-0.966486632824
1693,1,1158,108,10,1,2.125,1,48,1,1,1,1,0,-0.901029646397,-0.332574635744,-0.608424723148,-0.901029646397,-0.332574635744,-0.608424723148
1693,2,1158,108,10,1,2.125,1,61,1,1,1,1,,-0.901207327843,-0.716367840767,,-0.901029646397,-0.332574635744,-0.608424723148
1694,1,1158,108,10,1,2.125,1,44,1,1,1,1,0,-2.37624120712,-1.84920299053,-1.34365010262,-2.37624120712,-1.84920299053,-1.34365010262
1694,2,1158,108,10,1,2.125,1,58,1,1,1,1,,-2.19100522995,-2.30430173874,-1.96930646896,-2.37624120712,-1.84920299053,-1.34365010262
1695,1,1159,108,10,1,2.125,1,66,1,0,0,,,,,,,,
1695,2,1159,108,10,1,2.125,1,72,1,0,0,,,,,,,,
1696,1,1159,108,10,1,2.125,0,28,1,1,1,1,0,-2.11430859566,-2.282299757,-2.38128805161,-2.11430859566,-2.282299757,-2.38128805161
1696,2,1159,108,10,1,2.125,0,41,1,1,1,1,,-1.92292404175,-1.72360467911,-1.2953234911,-2.11430859566,-2.282299757,-2.38128805161
1697,1,1161,108,10,1,2.125,0,60,1,0,0,,,,,,,,
1697,2,1161,108,10,1,2.125,0,72,1,0,0,,,,,,,,
1698,1,1161,108,10,1,2.125,0,39,1,1,1,1,0,-2.22793889046,-0.386606395245,-0.114578470588,-2.22793889046,-0.386606395245,-0.114578470588
1698,2,1161,108,10,1,2.125,0,52,1,1,1,1,,-1.18839144707,-0.339675754309,-0.122003860772,-2.22793889046,-0.386606395245,-0.114578470588
1699,1,1162,108,10,0,16.75,0,14,1,1,1,1,0,-0.807208240032,,0.684313118458,-0.807208240032,,0.684313118458
1699,2,1162,108,10,0,16.75,0,26,1,1,1,1,,-1.16713821888,1.1915358305,1.87292575836,-0.807208240032,,0.684313118458
1700,1,1164,108,10,1,2.125,0,40,1,1,1,1,0,-3.65197682381,-2.18849301338,-0.966486632824,-3.65197682381,-2.18849301338,-0.966486632824
1700,2,1164,108,10,1,2.125,0,52,1,1,1,1,,-2.96190524101,-2.11651420593,-1.65597760677,-3.65197682381,-2.18849301338,-0.966486632824
1701,1,1164,108,10,1,2.125,1,1,1,1,1,1,0,-4.59888076782,-3.33431959152,,-4.59888076782,-3.33431959152,
1701,2,1164,108,10,1,2.125,1,14,1,1,1,1,,-2.75020599365,-2.2480711937,-1.34775388241,-4.59888076782,-3.33431959152,
1702,1,1165,108,10,1,2.125,1,47,1,1,1,1,0,-2.76131105423,-2.98613595963,-2.18944597244,-2.76131105423,-2.98613595963,-2.18944597244
1702,2,1165,108,10,1,2.125,1,57,1,1,1,1,,-2.46875476837,-2.75593543053,-2.69190311432,-2.76131105423,-2.98613595963,-2.18944597244
1703,1,1165,108,10,1,2.125,0,47,1,0,0,,,,,,,,
1703,2,1165,108,10,1,2.125,0,57,1,1,0,,,,,-2.95972418785,,,
1704,1,1166,108,10,1,2.125,1,16,1,1,1,1,0,-0.789249122143,-0.916166186333,-0.864154577255,-0.789249122143,-0.916166186333,-0.864154577255
1704,2,1166,108,10,1,2.125,1,30,1,1,1,1,,-2.03381752968,-1.0960457325,-0.927432835102,-0.789249122143,-0.916166186333,-0.864154577255
1705,2,1167,108,10,1,2.125,1,12,1,0,0,,,,,,,,
1706,1,1168,109,9,0,29.8000011444,0,42,1,1,1,1,0,-1.96753978729,-0.0783358514309,-0.594813585281,-1.96753978729,-0.0783358514309,-0.594813585281
1706,2,1168,109,9,0,29.8000011444,0,56,1,1,1,1,,-1.61958873272,-0.26404696703,-0.211674705148,-1.96753978729,-0.0783358514309,-0.594813585281
1707,1,1168,109,9,0,29.8000011444,1,17,1,1,1,1,0,-0.937509596348,0.283451408148,0.395588636398,-0.937509596348,0.283451408148,0.395588636398
1707,2,1168,109,9,0,29.8000011444,1,30,1,1,1,1,,-0.617451429367,0.343046396971,1.18692588806,-0.937509596348,0.283451408148,0.395588636398
1708,1,1169,109,9,1,5,0,55,1,1,1,1,0,-2.49763989449,-1.64399075508,-1.54021453857,-2.49763989449,-1.64399075508,-1.54021453857
1708,2,1169,109,9,1,5,0,68,1,1,1,1,,-2.33893704414,-1.54181098938,,-2.49763989449,-1.64399075508,-1.54021453857
1709,1,1171,109,9,0,29.8000011444,0,72,1,0,0,,,,,,,,
1709,2,1171,109,9,0,29.8000011444,0,72,1,0,0,,,,,,,,
1710,1,1171,109,9,0,29.8000011444,1,21,1,1,1,1,0,-3.50987505913,-2.37554740906,-0.933882772923,-3.50987505913,-2.37554740906,-0.933882772923
1710,2,1171,109,9,0,29.8000011444,1,35,1,1,1,1,,-3.68071484566,-1.44932222366,0.418170392513,-3.50987505913,-2.37554740906,-0.933882772923
1711,1,1172,109,9,1,5,1,50,1,1,1,1,0,-1.23204290867,-0.485752284527,-0.241002038121,-1.23204290867,-0.485752284527,-0.241002038121
1711,2,1172,109,9,1,5,1,63,1,1,1,1,,-1.11503398418,-0.67503875494,,-1.23204290867,-0.485752284527,-0.241002038121
1712,2,1172,109,9,1,5,0,12,1,1,0,,,-1.4724111557,-1.11214077473,-0.630302846432,,,
1713,2,1173,109,9,0,29.8000011444,0,30,1,0,0,,,,,,,,
1714,1,1174,109,9,1,5,0,50,1,0,0,,,,,,,,
1714,2,1174,109,9,1,5,0,63,1,0,0,,,,,,,,
1715,1,1174,109,9,1,5,1,1,1,0,0,,,,,,,,
1715,2,1174,109,9,1,5,1,14,1,0,0,,,,,,,,
1716,1,1175,109,9,1,5,0,64,1,0,0,,,,,,,,
1716,2,1175,109,9,1,5,0,72,1,0,0,,,,,,,,
1717,1,1175,109,9,1,5,0,28,1,1,1,1,0,-0.580660700798,0.189893752337,-0.322111874819,-0.580660700798,0.189893752337,-0.322111874819
1717,2,1175,109,9,1,5,0,41,1,1,1,1,,-0.712481081486,0.281384974718,-0.326461076736,-0.580660700798,0.189893752337,-0.322111874819
1718,1,1175,109,9,1,5,0,4,1,1,1,1,0,0.655526697636,1.74831914902,1.1149559021,0.655526697636,1.74831914902,1.1149559021
1718,2,1175,109,9,1,5,0,18,1,1,1,1,,-1.9496421814,0.728049218655,1.75582993031,0.655526697636,1.74831914902,1.1149559021
1719,1,1176,109,9,1,5,0,14,1,1,1,1,0,-1.23105847836,-0.668356537819,-0.18338188529,-1.23105847836,-0.668356537819,-0.18338188529
1719,2,1176,109,9,1,5,0,28,1,1,1,1,,-0.778058946133,-0.373139441013,0.0990076586604,-1.23105847836,-0.668356537819,-0.18338188529
1720,1,1176,109,9,1,5,1,192,1,0,0,,,,,,,,
1720,2,1176,109,9,1,5,1,26,1,0,0,,,,,,,,
1721,1,1176,109,9,1,5,0,64,1,0,0,,,,,,,,
1721,2,1176,109,9,1,5,0,26,1,0,0,,,,,,,,
1722,2,1176,109,9,1,5,0,72,1,0,0,,,,,,,,
1723,1,1177,109,9,0,29.8000011444,0,35,1,1,1,1,0,-1.85048258305,-0.155733063817,-0.748561859131,-1.85048258305,-0.155733063817,-0.748561859131
1723,2,1177,109,9,0,29.8000011444,0,48,1,1,1,1,,-0.948317289352,-0.0186734385788,-0.0299863927066,-1.85048258305,-0.155733063817,-0.748561859131
1724,1,1177,109,9,0,29.8000011444,1,4,1,1,1,1,0,-0.665248334408,-0.879587769508,-0.617693066597,-0.665248334408,-0.879587769508,-0.617693066597
1724,2,1177,109,9,0,29.8000011444,1,17,1,1,1,1,,-2.56964182854,-1.61133086681,-0.545252144337,-0.665248334408,-0.879587769508,-0.617693066597
1725,1,1178,109,9,1,5,0,65,1,0,0,,,,,,,,
1725,2,1178,109,9,1,5,0,72,1,0,0,,,,,,,,
1726,1,1178,109,9,1,5,0,8,1,1,1,1,0,-2.04006052017,-1.55899775028,-0.890504539013,-2.04006052017,-1.55899775028,-0.890504539013
1726,2,1178,109,9,1,5,0,21,1,1,1,1,,-3.02169466019,-1.78980004787,-0.518587768078,-2.04006052017,-1.55899775028,-0.890504539013
1727,1,1179,109,9,1,5,0,56,1,1,1,1,0,-1.43022084236,-1.00501656532,-1.47434806824,-1.43022084236,-1.00501656532,-1.47434806824
1727,2,1179,109,9,1,5,0,71,1,1,1,1,,-1.52251410484,-1.12490022182,,-1.43022084236,-1.00501656532,-1.47434806824
1728,1,1179,109,9,1,5,1,22,1,1,1,1,0,-0.369848400354,-0.377672463655,-0.455187648535,-0.369848400354,-0.377672463655,-0.455187648535
1728,2,1179,109,9,1,5,1,35,1,1,1,1,,-0.439270317554,-0.493584543467,-0.793300151825,-0.369848400354,-0.377672463655,-0.455187648535
1729,1,1180,110,10,1,2.625,0,13,1,1,1,1,0,-1.98622357845,-1.40629935265,-0.519105434418,-1.98622357845,-1.40629935265,-0.519105434418
1729,2,1180,110,10,1,2.625,0,26,1,1,1,1,,-1.63947200775,-1.42249321938,-0.358942985535,-1.98622357845,-1.40629935265,-0.519105434418
1730,2,1181,110,10,0,28.5,1,2,1,0,0,,,,,,,,
1731,1,1182,110,10,1,2.625,0,53,1,1,1,1,0,-1.37356114388,-1.36583864689,-1.85226774216,-1.37356114388,-1.36583864689,-1.85226774216
1731,2,1182,110,10,1,2.625,0,66,1,1,1,1,,-0.845195531845,-1.06773078442,,-1.37356114388,-1.36583864689,-1.85226774216
1732,1,1184,110,10,0,28.5,1,28,1,1,1,1,0,-1.27078962326,-1.1112651825,-0.909652233124,-1.27078962326,-1.1112651825,-0.909652233124
1732,2,1184,110,10,0,28.5,1,42,1,1,1,1,,-1.25309085846,-0.640285849571,-0.837218225002,-1.27078962326,-1.1112651825,-0.909652233124
1733,1,1185,110,10,1,2.625,0,20,1,1,1,1,0,-3.14490294456,-1.80110514164,-0.933793962002,-3.14490294456,-1.80110514164,-0.933793962002
1733,2,1185,110,10,1,2.625,0,33,1,1,1,1,,-2.92524266243,-0.54510974884,0.460771977901,-3.14490294456,-1.80110514164,-0.933793962002
1734,1,1187,110,10,1,2.625,0,32,1,1,1,1,0,-2.29944491386,-1.31243169308,0.418657004833,-2.29944491386,-1.31243169308,0.418657004833
1734,2,1187,110,10,1,2.625,0,47,1,1,1,1,,-2.04787659645,-1.2303930521,0.752350330353,-2.29944491386,-1.31243169308,0.418657004833
1735,1,1188,110,10,1,2.625,0,25,1,1,1,1,0,-1.65983617306,-0.820873320103,-0.180645793676,-1.65983617306,-0.820873320103,-0.180645793676
1735,2,1188,110,10,1,2.625,0,38,1,1,1,1,,-1.90248024464,-0.798051834106,-0.535194694996,-1.65983617306,-0.820873320103,-0.180645793676
1736,1,1189,110,10,1,2.625,0,53,1,1,1,1,0,-0.654096186161,0.38135138154,0.498004347086,-0.654096186161,0.38135138154,0.498004347086
1736,2,1189,110,10,1,2.625,0,63,1,1,1,1,,-0.608928203583,-0.0842924788594,,-0.654096186161,0.38135138154,0.498004347086
1737,1,1189,110,10,1,2.625,1,39,1,1,1,1,0,-2.57395577431,-1.65012991428,-1.01901710033,-2.57395577431,-1.65012991428,-1.01901710033
1737,2,1189,110,10,1,2.625,1,52,1,1,1,1,,-2.6117401123,-1.74284005165,-1.06864356995,-2.57395577431,-1.65012991428,-1.01901710033
1738,2,1190,110,10,1,2.625,0,20,1,0,0,,,,,,,,
1739,1,1191,110,10,1,2.625,1,49,1,1,1,1,0,-0.23464949429,0.16863308847,0.273922145367,-0.23464949429,0.16863308847,0.273922145367
1739,2,1191,110,10,1,2.625,1,62,1,1,1,1,,-0.255061924458,0.0813714787364,,-0.23464949429,0.16863308847,0.273922145367
1740,1,1191,110,10,1,2.625,0,23,1,1,1,1,0,-0.601312816143,0.38060644269,-0.082801386714,-0.601312816143,0.38060644269,-0.082801386714
1740,2,1191,110,10,1,2.625,0,37,1,1,1,1,,-1.03501784801,0.249987974763,0.370960503817,-0.601312816143,0.38060644269,-0.082801386714
1741,2,1191,110,10,1,2.625,1,7,1,1,0,,,0.804498910904,-0.0454826503992,-0.175299242139,,,
1742,1,1193,111,9,1,2.375,1,43,1,1,1,1,0,-1.99169814587,-0.619704186916,-1.15003800392,-1.99169814587,-0.619704186916,-1.15003800392
1742,2,1193,111,9,1,2.375,1,55,1,1,1,1,,-1.15440380573,-0.310471743345,-0.68518358469,-1.99169814587,-0.619704186916,-1.15003800392
1743,2,1193,111,9,1,2.375,1,12,1,0,0,,,,,,,,
1744,1,1194,111,9,1,2.375,0,4,1,1,1,1,0,0.583437144756,0.0474705584347,,0.583437144756,0.0474705584347,
1744,2,1194,111,9,1,2.375,0,17,1,1,1,1,,-1.34391021729,-0.892682135105,-0.318592995405,0.583437144756,0.0474705584347,
1745,1,1195,111,9,1,2.375,1,55,1,1,1,1,0,-2.20395946503,-1.97760844231,-1.57659769058,-2.20395946503,-1.97760844231,-1.57659769058
1745,2,1195,111,9,1,2.375,1,70,1,1,1,1,,-2.04743695259,-2.19840073586,,-2.20395946503,-1.97760844231,-1.57659769058
1746,1,1195,111,9,1,2.375,0,13,1,1,1,1,0,-1.4297555685,-2.32673311234,-1.46742916107,-1.4297555685,-2.32673311234,-1.46742916107
1746,2,1195,111,9,1,2.375,0,25,1,1,1,1,,-1.9968111515,-1.91182982922,-1.12006998062,-1.4297555685,-2.32673311234,-1.46742916107
1747,1,1196,111,9,1,2.375,0,57,1,1,1,1,0,-2.41347241402,-1.19637346268,-0.532088637352,-2.41347241402,-1.19637346268,-0.532088637352
1747,2,1196,111,9,1,2.375,0,69,1,1,1,1,,-2.05720543861,-1.51653540134,,-2.41347241402,-1.19637346268,-0.532088637352
1748,1,1196,111,9,1,2.375,0,20,1,1,1,1,0,-2.89614081383,-0.292594850063,0.477549314499,-2.89614081383,-0.292594850063,0.477549314499
1748,2,1196,111,9,1,2.375,0,33,1,1,1,1,,-3.02348852158,-0.461325287819,0.7675101161,-2.89614081383,-0.292594850063,0.477549314499
1749,2,1196,111,9,1,2.375,0,8,1,1,0,,,,1.38264620304,0.216383069754,,,
1750,1,1197,111,9,1,2.375,0,56,1,1,1,1,0,-1.61958873272,0.643006920815,0.218333393335,-1.61958873272,0.643006920815,0.218333393335
1750,2,1197,111,9,1,2.375,0,70,1,1,1,1,,-1.75762808323,0.367007523775,,-1.61958873272,0.643006920815,0.218333393335
1751,1,1197,111,9,1,2.375,1,7,1,1,1,1,0,1.15001618862,0.811186373234,-0.175300076604,1.15001618862,0.811186373234,-0.175300076604
1751,2,1197,111,9,1,2.375,1,20,1,1,1,1,,-1.41179990768,0.123489908874,0.4951633811,1.15001618862,0.811186373234,-0.175300076604
1752,1,1198,111,9,1,2.375,1,288,1,0,0,,,,,,,,
1752,2,1198,111,9,1,2.375,1,51,1,1,0,,,-2.60676002502,-1.51019990444,-1.19122505188,,,
1753,1,1198,111,9,1,2.375,1,168,1,0,0,,,,,,,,
1753,2,1198,111,9,1,2.375,1,25,1,1,0,,,-0.713904082775,-0.506946027279,-1.08628308773,,,
1754,1,1198,111,9,1,2.375,0,432,1,0,0,,,,,,,,
1754,2,1198,111,9,1,2.375,0,71,1,1,0,,,-2.64577865601,-2.1704852581,,,,
1755,1,1199,111,9,1,2.375,1,4,1,1,1,1,0,-1.4737663269,-2.35115814209,,-1.4737663269,-2.35115814209,
1755,2,1199,111,9,1,2.375,1,17,1,1,1,1,,-3.79812788963,-2.46917796135,-2.72248935699,-1.4737663269,-2.35115814209,
1756,1,1199,111,9,1,2.375,0,732,1,0,0,,,,,,,,
1756,2,1199,111,9,1,2.375,0,72,1,0,0,,,,,,,,
1757,1,1199,111,9,1,2.375,1,444,1,0,0,,,,,,,,
1757,2,1199,111,9,1,2.375,1,72,1,0,0,,,,,,,,
1758,1,1199,111,9,1,2.375,1,324,1,0,0,,,,,,,,
1758,2,1199,111,9,1,2.375,1,39,1,1,0,,,-4.47712230682,-2.74444437027,-2.62253141403,,,
1759,1,1200,111,9,0,36.75,0,53,1,0,0,,,,,,,,
1759,2,1200,111,9,0,36.75,0,69,1,0,0,,,,,,,,
1760,1,1200,111,9,0,36.75,1,8,1,1,1,1,0,-2.41007137299,-3.28624773026,-1.96954321861,-2.41007137299,-3.28624773026,-1.96954321861
1760,2,1200,111,9,0,36.75,1,22,1,1,1,1,,-4.47712230682,,-2.95972418785,-2.41007137299,-3.28624773026,-1.96954321861
1761,1,1202,111,9,0,36.75,0,48,1,1,1,1,0,-3.17766475677,-1.85717487335,-1.31592309475,-3.17766475677,-1.85717487335,-1.31592309475
1761,2,1202,111,9,0,36.75,0,61,1,1,1,1,,-3.07414746284,-2.15223789215,,-3.17766475677,-1.85717487335,-1.31592309475
1762,1,1203,111,9,1,2.375,0,11,1,1,1,1,0,0.197994872928,0.775305092335,1.18911969662,0.197994872928,0.775305092335,1.18911969662
1762,2,1203,111,9,1,2.375,0,23,1,1,1,1,,0.0530852600932,0.80683362484,0.830408871174,0.197994872928,0.775305092335,1.18911969662
1763,1,1204,112,10,1,2.75,1,51,1,1,1,1,0,-1.54403066635,-1.48220157623,-1.62395143509,-1.54403066635,-1.48220157623,-1.62395143509
1763,2,1204,112,10,1,2.75,1,63,1,1,1,1,,-1.07369959354,-1.58038580418,,-1.54403066635,-1.48220157623,-1.62395143509
1764,1,1204,112,10,1,2.75,1,3,1,1,1,1,0,-0.927716076374,-0.605696976185,0.429005563259,-0.927716076374,-0.605696976185,0.429005563259
1764,2,1204,112,10,1,2.75,1,16,1,1,1,1,,-1.07553446293,-0.169848889112,0.953953146935,-0.927716076374,-0.605696976185,0.429005563259
1765,1,1205,112,10,1,2.75,0,300,1,0,0,,,,,,,,
1765,2,1205,112,10,1,2.75,0,38,1,1,0,,,-2.90310549736,-1.6067186594,-0.916604042053,,,
1766,2,1205,112,10,1,2.75,0,1,1,0,0,,,,,,,,
1767,1,1206,112,10,0,14.75,1,23,1,0,0,,,,,,,,
1767,2,1206,112,10,0,14.75,1,1,1,0,0,,,,,,,,
1768,2,1207,112,10,0,14.75,0,1,1,0,0,,,,,,,,
1769,1,1208,112,10,1,2.75,1,336,1,0,0,,,,,,,,
1769,2,1208,112,10,1,2.75,1,41,1,1,0,,,-2.57267069817,-2.12956809998,-1.00470888615,,,
1770,1,1209,112,10,1,2.75,0,28,1,0,0,,,,,,,,
1770,2,1209,112,10,1,2.75,0,41,1,1,0,,,-2.36887669563,-1.40223526955,-1.51879358292,,,
1771,2,1210,112,10,1,2.75,1,17,1,0,0,,,,,,,,
1772,1,1211,112,10,1,2.75,1,12,1,1,1,1,0,0.0330095849931,-0.420957773924,-0.618792951107,0.0330095849931,-0.420957773924,-0.618792951107
1772,2,1211,112,10,1,2.75,1,26,1,1,1,1,,-1.21509170532,-1.06135630608,-1.01297569275,0.0330095849931,-0.420957773924,-0.618792951107
1773,1,1212,112,10,1,2.75,1,38,1,1,1,1,0,-2.44302272797,-1.14082729816,-1.40673470497,-2.44302272797,-1.14082729816,-1.40673470497
1773,2,1212,112,10,1,2.75,1,52,1,1,1,1,,-2.46601295471,-0.953696906567,-0.554671883583,-2.44302272797,-1.14082729816,-1.40673470497
1774,1,1215,112,10,1,2.75,1,10,1,1,1,1,0,-1.30971777439,0,-0.632922589779,-1.30971777439,0,-0.632922589779
1774,2,1215,112,10,1,2.75,1,23,1,1,1,1,,-2.02296876907,0.615112602711,0.443839848042,-1.30971777439,0,-0.632922589779
1775,1,1216,113,10,0,15.7499990463,1,55,1,1,1,1,0,-0.673355937004,-0.724859118462,-1.12042915821,-0.673355937004,-0.724859118462,-1.12042915821
1775,2,1216,113,10,0,15.7499990463,1,67,1,1,1,1,,-0.297382265329,-0.516711831093,,-0.673355937004,-0.724859118462,-1.12042915821
1776,1,1216,113,10,0,15.7499990463,0,27,1,1,1,1,0,-0.809730470181,-0.0679849684238,0.55206567049,-0.809730470181,-0.0679849684238,0.55206567049
1776,2,1216,113,10,0,15.7499990463,0,39,1,1,1,1,,-0.600718736649,0.303070634604,-0.194357097149,-0.809730470181,-0.0679849684238,0.55206567049
1777,2,1217,113,10,1,2.75,0,11,1,1,0,,,-1.4548381567,-0.0509841814637,1.39385962486,,,
1778,1,1219,113,10,0,15.7499990463,0,63,1,0,0,,,,,,,,
1778,2,1219,113,10,0,15.7499990463,0,72,1,0,0,,,,,,,,
1779,1,1219,113,10,0,15.7499990463,0,38,1,1,1,1,0,-0.546367764473,-0.494664341211,0.148941010237,-0.546367764473,-0.494664341211,0.148941010237
1779,2,1219,113,10,0,15.7499990463,0,52,1,1,1,1,,-0.831386744976,0.0301242358983,-0.196584194899,-0.546367764473,-0.494664341211,0.148941010237
1780,1,1220,113,10,1,2.75,0,31,1,1,1,1,0,0.791214346886,1.28318679333,0.919454753399,0.791214346886,1.28318679333,0.919454753399
1780,2,1220,113,10,1,2.75,0,44,1,1,1,1,,1.15755546093,1.26506328583,-0.281217157841,0.791214346886,1.28318679333,0.919454753399
1781,1,1221,113,10,1,2.75,0,13,1,1,1,1,0,-1.90378189087,-1.06979513168,0.197212398052,-1.90378189087,-1.06979513168,0.197212398052
1781,2,1221,113,10,1,2.75,0,25,1,1,1,1,,-1.4993724823,-1.00917482376,0.324883759022,-1.90378189087,-1.06979513168,0.197212398052
1782,1,1222,113,10,1,2.75,0,13,1,1,1,1,0,-1.94500434399,-1.17369151115,1.53228199482,-1.94500434399,-1.17369151115,1.53228199482
1782,2,1222,113,10,1,2.75,0,26,1,1,1,1,,-2.31648421288,-1.30087971687,0.994568049908,-1.94500434399,-1.17369151115,1.53228199482
1783,1,1222,113,10,1,2.75,0,13,1,1,1,1,0,-1.28548336029,-0.967008650303,0.284321814775,-1.28548336029,-0.967008650303,0.284321814775
1783,2,1222,113,10,1,2.75,0,26,1,1,1,1,,-1.21437203884,-1.25271856785,0.109693981707,-1.28548336029,-0.967008650303,0.284321814775
1784,2,1223,113,10,0,15.7499990463,0,9,1,0,0,,,,,,,,
1785,1,1224,113,10,1,2.75,0,20,1,1,1,1,0,-3.30481934547,-2.84932541847,-1.60366952419,-3.30481934547,-2.84932541847,-1.60366952419
1785,2,1224,113,10,1,2.75,0,33,1,1,1,1,,-4.18841218948,-2.56962752342,-2.67028284073,-3.30481934547,-2.84932541847,-1.60366952419
1786,1,1225,113,10,1,2.75,0,13,1,1,1,1,0,-1.20304489136,-2.81011009216,-2.58841896057,-1.20304489136,-2.81011009216,-2.58841896057
1786,2,1225,113,10,1,2.75,0,28,1,1,1,1,,-1.53729236126,-2.0841050148,-2.43257141113,-1.20304489136,-2.81011009216,-2.58841896057
1787,1,1226,113,10,1,2.75,0,35,1,1,1,1,0,-2.84762835503,-2.28925466537,-1.46064662933,-2.84762835503,-2.28925466537,-1.46064662933
1787,2,1226,113,10,1,2.75,0,48,1,1,1,1,,-2.49813008308,-2.13612556458,-1.2302134037,-2.84762835503,-2.28925466537,-1.46064662933
1788,1,1227,113,10,1,2.75,1,60,1,0,0,,,,,,,,
1788,2,1227,113,10,1,2.75,1,72,1,0,0,,,,,,,,
1789,1,1227,113,10,1,2.75,0,26,1,0,0,,,,,,,,
1789,2,1227,113,10,1,2.75,0,39,1,1,0,,,-3.26935982704,-1.02512907982,-1.4721570015,,,
1790,1,1230,114,10,1,4.875,1,34,1,1,1,1,0,-1.81368398666,-2.20755410194,-2.18039894104,-1.81368398666,-2.20755410194,-2.18039894104
1790,2,1230,114,10,1,4.875,1,47,1,1,1,1,,-1.70701622963,-1.84121143818,-1.93011033535,-1.81368398666,-2.20755410194,-2.18039894104
1791,1,1231,114,10,1,4.875,0,46,1,1,1,1,0,-2.09818673134,-0.681417167187,-0.851648569107,-2.09818673134,-0.681417167187,-0.851648569107
1791,2,1231,114,10,1,4.875,0,59,1,1,1,1,,-2.20044612885,-1.05060589314,-0.96088796854,-2.09818673134,-0.681417167187,-0.851648569107
1792,1,1232,114,10,1,4.875,1,14,1,1,1,1,0,-4.48266124725,-2.90368676186,-1.34775388241,-4.48266124725,-2.90368676186,-1.34775388241
1792,2,1232,114,10,1,4.875,1,28,1,1,1,1,,-4.42998123169,-3.39008045197,-2.01985311508,-4.48266124725,-2.90368676186,-1.34775388241
1793,2,1233,114,10,0,29,0,14,1,0,0,,,,,,,,
1794,1,1234,114,10,1,4.875,1,39,1,1,1,1,0,-1.91386818886,-0.799380719662,-1.01901710033,-1.91386818886,-0.799380719662,-1.01901710033
1794,2,1234,114,10,1,4.875,1,52,1,1,1,1,,-2.25302815437,-0.820219516754,-0.735080659389,-1.91386818886,-0.799380719662,-1.01901710033
1795,2,1234,114,10,1,4.875,0,11,1,1,0,,,-0.48889502883,-0.491523981094,1.75571465492,,,
1796,1,1235,114,10,1,4.875,0,61,1,0,0,,,,,,,,
1796,2,1235,114,10,1,4.875,0,72,1,0,0,,,,,,,,
1797,1,1235,114,10,1,4.875,1,1,1,1,1,1,0,-4.7622551918,-3.8929309845,,-4.7622551918,-3.8929309845,
1797,2,1235,114,10,1,4.875,1,13,1,1,1,1,,-1.83205926418,-1.67261552811,-0.210927098989,-4.7622551918,-3.8929309845,
1798,1,1236,114,10,1,4.875,0,31,1,1,1,1,0,-0.740970909595,-0.107107408345,-0.191777735949,-0.740970909595,-0.107107408345,-0.191777735949
1798,2,1236,114,10,1,4.875,0,44,1,1,1,1,,-0.800638735294,-0.3027780056,-0.480090945959,-0.740970909595,-0.107107408345,-0.191777735949
1799,1,1236,114,10,1,4.875,0,13,1,1,1,1,0,-1.67707431316,-0.724711060524,-0.246329411864,-1.67707431316,-0.724711060524,-0.246329411864
1799,2,1236,114,10,1,4.875,0,26,1,1,1,1,,-1.67096042633,-0.214378267527,0.759762763977,-1.67707431316,-0.724711060524,-0.246329411864
1800,1,1237,114,10,1,4.875,0,49,1,1,1,1,0,-2.39604973793,-0.968379259109,-0.672653436661,-2.39604973793,-0.968379259109,-0.672653436661
1800,2,1237,114,10,1,4.875,0,62,1,1,1,1,,-2.4662733078,-1.6601139307,,-2.39604973793,-0.968379259109,-0.672653436661
1801,1,1239,114,10,1,4.875,1,23,1,1,1,1,0,-1.51881849766,-0.592925786972,-0.087613850832,-1.51881849766,-0.592925786972,-0.087613850832
1801,2,1239,114,10,1,4.875,1,36,1,1,1,1,,-1.82561254501,-0.107328109443,-0.111622363329,-1.51881849766,-0.592925786972,-0.087613850832
1802,1,1239,114,10,1,4.875,0,23,1,1,1,0,1,,-3.8929309845,-1.35262274742,,-3.8929309845,-1.35262274742
1802,2,1239,114,10,1,4.875,0,36,1,0,1,0,,,,,,-3.8929309845,-1.35262274742
1803,1,1240,115,9,1,3.625,0,36,1,0,0,,,,,,,,
1803,2,1240,115,9,1,3.625,0,49,1,0,0,,,,,,,,
1804,1,1240,115,9,1,3.625,0,17,1,0,0,,,,,,,,
1804,2,1240,115,9,1,3.625,0,30,1,0,0,,,,,,,,
1805,2,1240,115,9,1,3.625,0,11,1,1,0,,,-0.252778381109,0.123724609613,-0.0552382878959,,,
1806,1,1241,115,9,1,3.625,1,52,1,1,1,1,0,-2.4323849678,-2.13646221161,-2.22932958603,-2.4323849678,-2.13646221161,-2.22932958603
1806,2,1241,115,9,1,3.625,1,65,1,1,1,1,,-2.15605163574,-2.04870533943,,-2.4323849678,-2.13646221161,-2.22932958603
1807,1,1241,115,9,1,3.625,1,11,1,1,1,1,0,-1.89266395569,-0.919192612171,-0.142672911286,-1.89266395569,-0.919192612171,-0.142672911286
1807,2,1241,115,9,1,3.625,1,24,1,1,1,1,,-2.14339852333,-1.08482646942,-1.06918537617,-1.89266395569,-0.919192612171,-0.142672911286
1808,1,1243,115,9,1,3.625,1,34,1,0,0,,,,,,,,
1809,1,1243,115,9,1,3.625,1,11,1,0,0,,,,,,,,
1810,1,1246,115,9,1,3.625,1,20,1,1,1,1,0,-2.82240462303,-2.36929512024,-1.44228208065,-2.82240462303,-2.36929512024,-1.44228208065
1810,2,1246,115,9,1,3.625,1,34,1,1,1,1,,-2.66077303886,-2.9341480732,-2.95972418785,-2.82240462303,-2.36929512024,-1.44228208065
1811,1,1247,115,9,1,3.625,1,19,1,1,1,1,0,-2.00060844421,0.000544467417058,0.940093696117,-2.00060844421,0.000544467417058,0.940093696117
1811,2,1247,115,9,1,3.625,1,33,1,1,1,1,,-2.57979059219,,-0.59246557951,-2.00060844421,0.000544467417058,0.940093696117
1812,1,1248,115,9,0,36.75,1,62,1,0,0,,,,,,,,
1812,2,1248,115,9,0,36.75,1,72,1,0,0,,,,,,,,
1813,1,1248,115,9,0,36.75,1,32,1,1,1,1,0,-2.81053566933,-1.98962163925,-1.63970184326,-2.81053566933,-1.98962163925,-1.63970184326
1813,2,1248,115,9,0,36.75,1,45,1,1,1,1,,-2.51264286041,-1.70521342754,-1.57999813557,-2.81053566933,-1.98962163925,-1.63970184326
1814,2,1248,115,9,0,36.75,0,1,1,0,0,,,,,,,,
1815,1,1249,115,9,1,3.625,0,15,1,1,1,1,0,-2.38936877251,-1.517162323,-0.48213788867,-2.38936877251,-1.517162323,-0.48213788867
1815,2,1249,115,9,1,3.625,0,28,1,1,1,1,,-2.8735396862,-0.69124186039,0.222400173545,-2.38936877251,-1.517162323,-0.48213788867
1816,2,1249,115,9,1,3.625,1,8,1,1,0,,,-2.60034704208,-1.91042172909,-1.31756234169,,,
1817,1,1250,115,9,1,3.625,1,45,1,1,1,1,0,-2.5603954792,-1.71158540249,-0.894033789635,-2.5603954792,-1.71158540249,-0.894033789635
1817,2,1250,115,9,1,3.625,1,59,1,1,1,1,,-3.27254986763,-2.37954378128,-0.427886456251,-2.5603954792,-1.71158540249,-0.894033789635
1818,1,1250,115,9,1,3.625,0,23,1,1,1,1,0,-2.31743907928,-1.02281618118,-0.169288262725,-2.31743907928,-1.02281618118,-0.169288262725
1818,2,1250,115,9,1,3.625,0,35,1,1,1,1,,-1.89146161079,-0.744267225266,-0.190621301532,-2.31743907928,-1.02281618118,-0.169288262725
1819,2,1250,115,9,1,3.625,1,3,1,0,0,,,,,,,,
1820,1,1251,115,9,1,3.625,0,72,1,0,0,,,,,,,,
1820,2,1251,115,9,1,3.625,0,72,1,0,0,,,,,,,,
1821,1,1251,115,9,1,3.625,0,31,1,1,1,1,0,-1.5793364048,-1.1566234827,-1.80535280704,-1.5793364048,-1.1566234827,-1.80535280704
1821,2,1251,115,9,1,3.625,0,44,1,1,1,1,,-1.2581628561,-1.12145400047,-1.951207757,-1.5793364048,-1.1566234827,-1.80535280704
1822,1,1252,116,10,1,3.74999976158,1,36,1,1,1,1,0,-1.98318505287,-0.705660820007,-1.3385361433,-1.98318505287,-0.705660820007,-1.3385361433
1822,2,1252,116,10,1,3.74999976158,1,49,1,1,1,1,,-1.70739483833,-0.225417658687,-0.939870774746,-1.98318505287,-0.705660820007,-1.3385361433
1823,1,1253,116,10,1,3.74999976158,1,42,1,1,1,1,0,-1.62202298641,-1.23364055157,-1.70585680008,-1.62202298641,-1.23364055157,-1.70585680008
1823,2,1253,116,10,1,3.74999976158,1,56,1,1,1,1,,-1.35090219975,-0.717188298702,-0.751144886017,-1.62202298641,-1.23364055157,-1.70585680008
1824,1,1253,116,10,1,3.74999976158,1,16,1,1,1,1,0,-1.88070893288,-1.91966032982,-1.83050990105,-1.88070893288,-1.91966032982,-1.83050990105
1824,2,1253,116,10,1,3.74999976158,1,29,1,1,1,1,,-1.68034398556,-1.63620626926,-1.87994480133,-1.88070893288,-1.91966032982,-1.83050990105
1825,1,1254,116,10,0,34.5,0,60,1,0,0,,,,,,,,
1825,2,1254,116,10,0,34.5,0,72,1,0,0,,,,,,,,
1826,1,1255,116,10,0,34.5,1,60,1,1,1,1,0,-1.23476028442,-1.18713486195,-0.694323718548,-1.23476028442,-1.18713486195,-0.694323718548
1826,2,1255,116,10,0,34.5,1,73,1,1,1,1,,-0.952399015427,-1.11449372768,,-1.23476028442,-1.18713486195,-0.694323718548
1827,1,1255,116,10,0,34.5,0,11,1,1,1,1,0,-0.274241745472,1.18136000633,1.59592986107,-0.274241745472,1.18136000633,1.59592986107
1827,2,1255,116,10,0,34.5,0,24,1,1,1,1,,-1.05267596245,0.468529552221,0.619761526585,-0.274241745472,1.18136000633,1.59592986107
1828,1,1255,116,10,0,34.5,0,11,1,1,1,1,0,-0.338638365269,0.829216957092,1.18911969662,-0.338638365269,0.829216957092,1.18911969662
1828,2,1255,116,10,0,34.5,0,24,1,1,1,1,,-1.08540701866,0.522932052612,0.660165905952,-0.338638365269,0.829216957092,1.18911969662
1829,1,1257,116,10,1,3.74999976158,1,42,1,1,1,1,0,-0.453737974167,-0.282936543226,-1.1839556694,-0.453737974167,-0.282936543226,-1.1839556694
1829,2,1257,116,10,1,3.74999976158,1,52,1,1,1,1,,0.168281584978,-0.442956387997,-0.956161260605,-0.453737974167,-0.282936543226,-1.1839556694
1830,1,1257,116,10,1,3.74999976158,1,13,1,0,0,,,,,,,,
1830,2,1257,116,10,1,3.74999976158,1,26,1,0,0,,,,,,,,
1831,1,1257,116,10,1,3.74999976158,1,31,1,1,1,1,0,-4.7622551918,-3.8929309845,-2.26255655289,-4.7622551918,-3.8929309845,-2.26255655289
1831,2,1257,116,10,1,3.74999976158,1,46,1,1,1,1,,-3.98161005974,-3.25439286232,-2.52188873291,-4.7622551918,-3.8929309845,-2.26255655289
1832,2,1257,116,10,1,3.74999976158,1,45,1,1,0,,,-1.46210634708,-0.669142007828,-0.216051980853,,,
1833,1,1258,116,10,1,3.74999976158,0,37,1,1,1,1,0,0.230870351195,,-1.06491708755,0.230870351195,,-1.06491708755
1833,2,1258,116,10,1,3.74999976158,0,50,1,1,1,1,,0.12950630486,0.0781693309546,-0.418742507696,0.230870351195,,-1.06491708755
1834,1,1259,116,10,1,3.74999976158,0,52,1,0,0,,,,,,,,
1834,2,1259,116,10,1,3.74999976158,0,72,1,0,0,,,,,,,,
1835,1,1259,116,10,1,3.74999976158,0,26,1,1,1,1,0,-4.7622551918,-1.43066239357,-1.12172687054,-4.7622551918,-1.43066239357,-1.12172687054
1835,2,1259,116,10,1,3.74999976158,0,39,1,1,1,1,,-3.12616348267,-0.597494661808,0.68718034029,-4.7622551918,-1.43066239357,-1.12172687054
1836,1,1260,116,10,1,3.74999976158,1,27,1,1,1,1,0,-4.0615272522,-2.63178634644,-2.77392196655,-4.0615272522,-2.63178634644,-2.77392196655
1836,2,1260,116,10,1,3.74999976158,1,41,1,1,1,1,,-4.47712230682,-2.48953056335,-1.80682110786,-4.0615272522,-2.63178634644,-2.77392196655
1837,1,1260,116,10,1,3.74999976158,0,5,1,1,1,1,0,0.330281287432,-0.280717253685,-0.923204183578,0.330281287432,-0.280717253685,-0.923204183578
1837,2,1260,116,10,1,3.74999976158,0,18,1,1,1,1,,-0.0959111228585,-1.67145586014,-2.0751183033,0.330281287432,-0.280717253685,-0.923204183578
1838,1,1261,116,10,1,3.74999976158,1,51,1,1,1,1,0,-1.679697752,-1.91133499146,-1.78620624542,-1.679697752,-1.91133499146,-1.78620624542
1838,2,1261,116,10,1,3.74999976158,1,64,1,1,1,1,,-1.25427615643,-1.53956234455,,-1.679697752,-1.91133499146,-1.78620624542
1839,2,1261,116,10,1,3.74999976158,0,11,1,1,0,,,-3.94481444359,-2.33341598511,-1.41028821468,,,
1840,1,1262,116,10,0,34.5,1,33,1,1,1,1,0,-1.65395307541,-0.299138695002,0.0856751576066,-1.65395307541,-0.299138695002,0.0856751576066
1840,2,1262,116,10,0,34.5,1,46,1,1,1,1,,-1.58086788654,-0.811679065228,-0.249809071422,-1.65395307541,-0.299138695002,0.0856751576066
1841,2,1262,116,10,0,34.5,0,10,1,0,0,,,,,,,,
1842,2,1263,116,10,1,3.74999976158,0,10,1,1,0,,,-0.5607213974,-1.92253732681,-1.9228553772,,,
1843,1,1264,117,11,1,1.5,0,17,1,1,1,1,0,-2.91553068161,-2.09773993492,-2.19223093987,-2.91553068161,-2.09773993492,-2.19223093987
1843,2,1264,117,11,1,1.5,0,30,1,1,1,1,,-4.09161090851,-2.03313231468,-1.11243450642,-2.91553068161,-2.09773993492,-2.19223093987
1844,1,1265,117,11,1,1.5,0,37,1,1,1,1,0,-2.75396466255,-0.762269020081,-0.383904397488,-2.75396466255,-0.762269020081,-0.383904397488
1844,2,1265,117,11,1,1.5,0,50,1,1,1,1,,-2.07307696342,-0.956961989403,-0.457587003708,-2.75396466255,-0.762269020081,-0.383904397488
1845,1,1265,117,11,1,1.5,0,10,1,1,1,1,0,0.139525055885,-0.0854211375117,0.376883506775,0.139525055885,-0.0854211375117,0.376883506775
1845,2,1265,117,11,1,1.5,0,23,1,1,1,1,,-1.81662392616,0.0576567798853,1.26271188259,0.139525055885,-0.0854211375117,0.376883506775
1846,1,1266,117,11,1,1.5,0,35,1,1,1,1,0,-1.50899446011,-0.367437422276,0.393783837557,-1.50899446011,-0.367437422276,0.393783837557
1846,2,1266,117,11,1,1.5,0,48,1,1,1,1,,-1.24636006355,-0.511333048344,0.481189906597,-1.50899446011,-0.367437422276,0.393783837557
1847,1,1267,117,11,0,46.75,0,72,1,0,0,,,,,,,,
1847,2,1267,117,11,0,46.75,0,72,1,0,0,,,,,,,,
1848,1,1267,117,11,0,46.75,0,15,1,1,1,1,0,1.12801337242,1.53384172916,1.75709688663,1.12801337242,1.53384172916,1.75709688663
1848,2,1267,117,11,0,46.75,0,28,1,1,1,1,,-0.276968300343,0.0986688286066,1.08888840675,1.12801337242,1.53384172916,1.75709688663
1849,1,1268,117,11,0,46.75,1,72,1,0,0,,,,,,,,
1849,2,1268,117,11,0,46.75,1,54,1,1,0,,,0.722079694271,0.799920916557,-0.37346509099,,,
1850,1,1270,117,11,0,46.75,0,29,1,1,1,1,0,-3.41271901131,-0.875373661518,0.851928532124,-3.41271901131,-0.875373661518,0.851928532124
1850,2,1270,117,11,0,46.75,0,41,1,1,1,1,,-3.37545490265,-1.01430547237,0.774654388428,-3.41271901131,-0.875373661518,0.851928532124
1851,1,1271,117,11,1,1.5,0,67,1,0,0,,,,,,,,
1851,2,1271,117,11,1,1.5,0,72,1,0,0,,,,,,,,
1852,1,1271,117,11,1,1.5,1,20,1,1,1,1,0,-1.54456079006,-0.696950614452,-0.517388105392,-1.54456079006,-0.696950614452,-0.517388105392
1852,2,1271,117,11,1,1.5,1,33,1,1,1,1,,-2.0351805687,-0.75703972578,-0.59246557951,-1.54456079006,-0.696950614452,-0.517388105392
1853,1,1272,117,11,1,1.5,0,20,1,1,1,1,0,-2.55853819847,-1.6110240221,-1.40868413448,-2.55853819847,-1.6110240221,-1.40868413448
1853,2,1272,117,11,1,1.5,0,34,1,1,1,1,,-2.4648976326,-1.32671225071,-1.20400333405,-2.55853819847,-1.6110240221,-1.40868413448
1854,2,1272,117,11,1,1.5,0,9,1,1,0,,,-2.01434135437,-1.45407521725,-0.478142827749,,,
1855,1,1273,117,11,1,1.5,0,28,1,1,1,1,0,-4.31607866287,-2.5121486187,-1.9788826704,-4.31607866287,-2.5121486187,-1.9788826704
1855,2,1273,117,11,1,1.5,0,41,1,1,1,1,,-3.55383515358,-1.3829972744,-1.12001252174,-4.31607866287,-2.5121486187,-1.9788826704
1856,1,1274,117,11,1,1.5,1,54,1,1,1,1,0,-1.40544366837,-0.200589984655,-0.304623663425,-1.40544366837,-0.200589984655,-0.304623663425
1856,2,1274,117,11,1,1.5,1,67,1,1,1,1,,-1.22374379635,-0.414948046207,,-1.40544366837,-0.200589984655,-0.304623663425
1857,2,1274,117,11,1,1.5,0,12,1,1,0,,,-4.37615919113,-2.02593421936,-0.219093188643,,,
1858,1,1275,117,11,1,1.5,1,25,1,1,1,1,0,-2.51361107826,-1.23448824883,-1.27004027367,-2.51361107826,-1.23448824883,-1.27004027367
1858,2,1275,117,11,1,1.5,1,38,1,1,1,1,,-2.45585417747,-1.4075974226,-0.265155732632,-2.51361107826,-1.23448824883,-1.27004027367
1859,2,1275,117,11,1,1.5,1,8,1,1,0,,,-1.90266990662,-0.794280767441,-0.29971331358,,,
1860,1,1276,118,12,1,1.375,1,3,1,1,1,1,0,-1.40276145935,0.126720324159,,-1.40276145935,0.126720324159,
1860,2,1276,118,12,1,1.375,1,16,1,1,1,1,,-3.02584767342,-0.859311461449,-0.726517081261,-1.40276145935,0.126720324159,
1861,1,1277,118,12,1,1.375,0,46,1,0,0,,,,,,,,
1861,2,1277,118,12,1,1.375,0,57,1,1,0,,,-2.53503131866,0.307228595018,0.636383414268,,,
1862,1,1277,118,12,1,1.375,0,25,1,1,1,1,0,-4.37167549133,-2.05401968956,-0.798703014851,-4.37167549133,-2.05401968956,-0.798703014851
1862,2,1277,118,12,1,1.375,0,38,1,1,1,1,,-4.19338941574,-1.38975179195,-0.370083749294,-4.37167549133,-2.05401968956,-0.798703014851
1863,2,1278,118,12,0,21,0,57,1,0,0,,,,,,,,
1864,1,1279,118,12,0,21,0,72,1,0,0,,,,,,,,
1864,2,1279,118,12,0,21,0,72,1,0,0,,,,,,,,
1865,1,1280,118,12,1,1.375,0,696,1,0,0,,,,,,,,
1865,2,1280,118,12,1,1.375,0,47,1,1,0,,,-0.917184472084,0.294168144464,-0.548883378506,,,
1866,1,1280,118,12,1,1.375,0,192,1,0,0,,,,,,,,
1866,2,1280,118,12,1,1.375,0,27,1,1,0,,,-4.07066392899,-1.6629036665,-1.21484255791,,,
1867,1,1281,118,12,1,1.375,1,468,1,0,0,,,,,,,,
1867,2,1281,118,12,1,1.375,1,53,1,1,0,,,-2.50432562828,-2.12204360962,-1.52099871635,,,
1868,1,1281,118,12,1,1.375,1,10,1,1,1,1,0,-4.7622551918,-3.8929309845,-2.19118094444,-4.7622551918,-3.8929309845,-2.19118094444
1868,2,1281,118,12,1,1.375,1,23,1,1,1,1,,-4.401927948,-2.93457722664,-0.870822072029,-4.7622551918,-3.8929309845,-2.19118094444
1869,1,1281,118,12,1,1.375,1,10,1,1,1,1,0,-4.10601234436,-3.8929309845,-2.84071135521,-4.10601234436,-3.8929309845,-2.84071135521
1869,2,1281,118,12,1,1.375,1,23,1,1,1,1,,-3.67721033096,-1.30877375603,0.0374445356429,-4.10601234436,-3.8929309845,-2.84071135521
1870,1,1282,118,12,1,1.375,1,2,1,1,1,1,0,-0.376836389303,0.0475665964186,,-0.376836389303,0.0475665964186,
1870,2,1282,118,12,1,1.375,1,15,1,1,1,1,,-1.55516314507,-0.163603156805,0.636173129082,-0.376836389303,0.0475665964186,
1871,1,1283,118,12,0,21,0,38,1,1,1,1,0,-3.20592904091,-1.11395943165,-0.493669003248,-3.20592904091,-1.11395943165,-0.493669003248
1871,2,1283,118,12,0,21,0,51,1,1,1,1,,-3.14833235741,-1.22440755367,-0.59668058157,-3.20592904091,-1.11395943165,-0.493669003248
1872,2,1283,118,12,0,21,0,5,1,1,0,,,-2.15608000755,-0.812495648861,,,,
1873,1,1284,118,12,1,1.375,1,41,1,1,1,1,0,-2.18744826317,-1.41505360603,-1.58952951431,-2.18744826317,-1.41505360603,-1.58952951431
1873,2,1284,118,12,1,1.375,1,54,1,1,1,1,,-2.81644487381,-2.01907801628,-1.39380896091,-2.18744826317,-1.41505360603,-1.58952951431
1874,1,1284,118,12,1,1.375,0,17,1,1,1,1,0,-4.27886819839,-2.4636425972,-1.98755192757,-4.27886819839,-2.4636425972,-1.98755192757
1874,2,1284,118,12,1,1.375,0,30,1,1,1,1,,-3.56300473213,-2.67095184326,-1.81651747227,-4.27886819839,-2.4636425972,-1.98755192757
1875,1,1286,118,12,1,1.375,0,16,1,1,1,1,0,-1.14583444595,0.508593559265,0.198554128408,-1.14583444595,0.508593559265,0.198554128408
1875,2,1286,118,12,1,1.375,0,29,1,1,1,1,,-0.935147643089,0.506331384182,0.420542120934,-1.14583444595,0.508593559265,0.198554128408
1876,1,1287,118,12,1,1.375,1,9,1,1,1,1,0,0.12687432766,-0.228245228529,-0.494523376226,0.12687432766,-0.228245228529,-0.494523376226
1876,2,1287,118,12,1,1.375,1,22,1,1,1,1,,-1.45952177048,-1.87420642376,-2.00301170349,0.12687432766,-0.228245228529,-0.494523376226
1877,1,1288,119,11,0,25,1,45,1,1,1,1,0,-1.25916218758,-0.986798584461,-0.894033789635,-1.25916218758,-0.986798584461,-0.894033789635
1877,2,1288,119,11,0,25,1,58,1,1,1,1,,-1.11272394657,-0.75412517786,-1.02377736568,-1.25916218758,-0.986798584461,-0.894033789635
1878,1,1288,119,11,0,25,1,13,1,1,1,1,0,-1.92713046074,-1.64997947216,-1.21240127087,-1.92713046074,-1.64997947216,-1.21240127087
1878,2,1288,119,11,0,25,1,25,1,1,1,1,,-2.42210197449,-1.44724035263,-0.68409538269,-1.92713046074,-1.64997947216,-1.21240127087
1879,1,1289,119,11,0,25,0,25,1,1,1,1,0,-2.49424982071,-0.629032969475,-0.354010492563,-2.49424982071,-0.629032969475,-0.354010492563
1879,2,1289,119,11,0,25,0,38,1,1,1,1,,-2.50812125206,-0.151517882943,0.187798053026,-2.49424982071,-0.629032969475,-0.354010492563
1880,1,1291,119,11,0,25,0,62,1,0,0,,,,,,,,
1880,2,1291,119,11,0,25,0,72,1,0,0,,,,,,,,
1881,1,1291,119,11,0,25,1,32,1,1,1,1,0,-4.713534832,-3.43867707253,-2.5991230011,-4.713534832,-3.43867707253,-2.5991230011
1881,2,1291,119,11,0,25,1,44,1,1,1,1,,-4.43765068054,-2.5215408802,-1.22115540504,-4.713534832,-3.43867707253,-2.5991230011
1882,2,1291,119,11,0,25,1,7,1,1,0,,,-2.73707342148,-1.56216979027,-0.30757650733,,,
1883,1,1292,119,11,1,1,1,52,1,1,1,1,0,-1.97278392315,-0.27704167366,-0.735080659389,-1.97278392315,-0.27704167366,-0.735080659389
1883,2,1292,119,11,1,1,1,65,1,1,1,1,,-1.49309539795,0.0597729459405,,-1.97278392315,-0.27704167366,-0.735080659389
1884,1,1292,119,11,1,1,0,21,1,1,1,1,0,-1.22986066341,0.236285924911,0.26638007164,-1.22986066341,0.236285924911,0.26638007164
1884,2,1292,119,11,1,1,0,34,1,1,1,1,,-1.30210518837,0.267123937607,0.465184062719,-1.22986066341,0.236285924911,0.26638007164
1885,1,1293,120,12,0,51.6666679382,1,45,1,1,1,1,0,-2.72752571106,-0.67447167635,-7.06220889697e-05,-2.72752571106,-0.67447167635,-7.06220889697e-05
1885,2,1293,120,12,0,51.6666679382,1,58,1,1,1,1,,-2.51128697395,-0.84767383337,-0.775245428085,-2.72752571106,-0.67447167635,-7.06220889697e-05
1886,1,1294,120,12,1,2.55555558205,1,44,1,1,1,1,0,-4.18449640274,-2.60351395607,-2.02345919609,-4.18449640274,-2.60351395607,-2.02345919609
1886,2,1294,120,12,1,2.55555558205,1,58,1,1,1,1,,-4.39027261734,-2.2111582756,-2.56854319572,-4.18449640274,-2.60351395607,-2.02345919609
1887,1,1294,120,12,1,2.55555558205,0,20,1,1,1,1,0,-4.03333377838,-1.83960974216,-0.657069981098,-4.03333377838,-1.83960974216,-0.657069981098
1887,2,1294,120,12,1,2.55555558205,0,33,1,1,1,1,,-3.38840460777,-1.19274425507,-1.40125596523,-4.03333377838,-1.83960974216,-0.657069981098
1888,1,1295,120,12,0,51.6666679382,1,22,1,1,1,1,0,-4.31190776825,-1.38474047184,0.302612215281,-4.31190776825,-1.38474047184,0.302612215281
1888,2,1295,120,12,0,51.6666679382,1,35,1,1,1,1,,-3.91983819008,-1.49284565449,-0.150146767497,-4.31190776825,-1.38474047184,0.302612215281
1889,1,1296,120,12,1,2.55555558205,1,20,1,1,1,1,0,-2.5568780899,-1.2229334116,-0.969785034657,-2.5568780899,-1.2229334116,-0.969785034657
1889,2,1296,120,12,1,2.55555558205,1,33,1,1,1,1,,-3.5464720726,-1.6638584137,-0.842834234238,-2.5568780899,-1.2229334116,-0.969785034657
1890,1,1297,120,12,1,2.55555558205,1,9,1,1,1,1,0,-2.10846114159,-2.25771975517,-1.52826118469,-2.10846114159,-2.25771975517,-1.52826118469
1890,2,1297,120,12,1,2.55555558205,1,22,1,1,1,1,,-2.86969280243,-1.63439166546,-1.41391003132,-2.10846114159,-2.25771975517,-1.52826118469
1891,2,1297,120,12,1,2.55555558205,1,5,1,1,0,,,-1.81751894951,-1.2227230072,,,,
1892,1,1298,120,12,1,2.55555558205,1,19,1,1,1,1,0,-3.23446774483,-2.46237587929,-2.39856863022,-3.23446774483,-2.46237587929,-2.39856863022
1892,2,1298,120,12,1,2.55555558205,1,32,1,1,1,1,,-3.21044039726,-2.6793243885,-2.20490336418,-3.23446774483,-2.46237587929,-2.39856863022
1893,2,1298,120,12,1,2.55555558205,0,4,1,1,0,,,-2.97294235229,-1.97148752213,,,,
1894,1,1299,120,12,0,51.6666679382,1,39,1,0,0,,,,,,,,
1894,2,1299,120,12,0,51.6666679382,1,52,1,1,0,,,-3.37400436401,-2.23607563972,-1.57184326649,,,
1895,1,1300,120,12,1,2.55555558205,0,43,1,1,1,1,0,-3.93331360817,-2.22292780876,0.0155957378447,-3.93331360817,-2.22292780876,0.0155957378447
1895,2,1300,120,12,1,2.55555558205,0,57,1,1,1,1,,-3.75063037872,-1.90729343891,-0.841063380241,-3.93331360817,-2.22292780876,0.0155957378447
1896,1,1300,120,12,1,2.55555558205,0,18,1,1,1,1,0,-4.13704538345,-3.03050065041,-0.949689269066,-4.13704538345,-3.03050065041,-0.949689269066
1896,2,1300,120,12,1,2.55555558205,0,31,1,1,1,1,,-4.47712230682,-2.9531621933,-1.66170334816,-4.13704538345,-3.03050065041,-0.949689269066
1897,1,1301,120,12,1,2.55555558205,0,57,1,1,1,1,0,-1.52940034866,0.262929737568,0.734998047352,-1.52940034866,0.262929737568,0.734998047352
1897,2,1301,120,12,1,2.55555558205,0,69,1,1,1,1,,-1.29221487045,0.402281314135,,-1.52940034866,0.262929737568,0.734998047352
1898,1,1301,120,12,1,2.55555558205,0,19,1,1,1,1,0,-2.48313713074,0.109466686845,0.179225191474,-2.48313713074,0.109466686845,0.179225191474
1898,2,1301,120,12,1,2.55555558205,0,32,1,1,1,1,,-2.05740952492,0.908501088619,1.87292575836,-2.48313713074,0.109466686845,0.179225191474
1899,1,1302,120,12,1,2.55555558205,0,62,1,0,0,,,,,,,,
1899,2,1302,120,12,1,2.55555558205,0,72,1,0,0,,,,,,,,
1900,1,1302,120,12,1,2.55555558205,0,16,1,1,1,1,0,-3.29332923889,-1.25322723389,-0.512142300606,-3.29332923889,-1.25322723389,-0.512142300606
1900,2,1302,120,12,1,2.55555558205,0,29,1,1,1,1,,-3.36794304848,-1.61650753021,-1.07220959663,-3.29332923889,-1.25322723389,-0.512142300606
1901,1,1303,120,12,1,2.55555558205,0,42,1,1,1,1,0,-2.77458190918,-0.978913068771,-0.431955575943,-2.77458190918,-0.978913068771,-0.431955575943
1901,2,1303,120,12,1,2.55555558205,0,55,1,1,1,1,,-2.63241863251,-0.862873971462,-0.116043902934,-2.77458190918,-0.978913068771,-0.431955575943
1902,1,1303,120,12,1,2.55555558205,0,20,1,0,0,,,,,,,,
1902,2,1303,120,12,1,2.55555558205,0,34,1,1,0,,,-2.71407008171,-1.02979266644,-0.0900725498796,,,
1903,1,1304,120,12,1,2.55555558205,0,24,1,1,1,0,1,-4.7622551918,-1.95701694489,-1.02482175827,-4.7622551918,-1.95701694489,-1.02482175827
1904,1,1305,121,11,1,1.25,0,2,1,1,1,0,1,-0.562318682671,0.387648791075,,-0.562318682671,0.387648791075,
1905,1,1306,121,11,1,1.25,1,12,1,1,1,1,0,-0.568934619427,-0.343873590231,0.889840602875,-0.568934619427,-0.343873590231,0.889840602875
1905,2,1306,121,11,1,1.25,1,26,1,1,1,1,,-0.824696958065,-0.160666748881,1.0605148077,-0.568934619427,-0.343873590231,0.889840602875
1906,1,1307,121,11,1,1.25,0,61,1,0,0,,,,,,,,
1906,2,1307,121,11,1,1.25,0,72,1,0,0,,,,,,,,
1907,1,1307,121,11,1,1.25,1,7,1,1,1,1,0,-1.22542846203,0.209553644061,0.745574951172,-1.22542846203,0.209553644061,0.745574951172
1907,2,1307,121,11,1,1.25,1,19,1,1,1,1,,-0.44560867548,1.38264620304,1.01710391045,-1.22542846203,0.209553644061,0.745574951172
1908,1,1308,121,11,0,48,0,19,1,1,1,1,0,-4.58816957474,-2.69740319252,-2.06294941902,-4.58816957474,-2.69740319252,-2.06294941902
1908,2,1308,121,11,0,48,0,30,1,1,1,1,,-4.09161090851,-1.73580217361,-0.666120767593,-4.58816957474,-2.69740319252,-2.06294941902
1909,2,1309,121,11,0,48,0,11,1,0,0,,,,,,,,
1910,1,1310,121,11,0,48,0,48,1,1,1,1,0,-1.90205001831,0.119358733296,0.622150659561,-1.90205001831,0.119358733296,0.622150659561
1910,2,1310,121,11,0,48,0,61,1,1,1,1,,-1.64757347107,0.668548345566,,-1.90205001831,0.119358733296,0.622150659561
1911,1,1311,121,11,1,1.25,1,53,1,1,1,1,0,-1.82626783848,-1.17884683609,-1.67930161953,-1.82626783848,-1.17884683609,-1.67930161953
1911,2,1311,121,11,1,1.25,1,66,1,1,1,1,,-1.89991354942,-1.42222464085,,-1.82626783848,-1.17884683609,-1.67930161953
1912,1,1311,121,11,1,1.25,1,20,1,1,1,1,0,-3.03814220428,-1.50971746445,0.333055853844,-3.03814220428,-1.50971746445,0.333055853844
1912,2,1311,121,11,1,1.25,1,33,1,1,1,1,,-3.0835545063,-1.60222744942,-0.388346552849,-3.03814220428,-1.50971746445,0.333055853844
1913,1,1312,121,11,1,1.25,0,57,1,1,1,1,0,-2.15930151939,-0.180023282766,-0.0883997380733,-2.15930151939,-0.180023282766,-0.0883997380733
1913,2,1312,121,11,1,1.25,0,68,1,1,1,1,,-1.81875729561,-0.33827444911,,-2.15930151939,-0.180023282766,-0.0883997380733
1914,1,1312,121,11,1,1.25,0,19,1,1,1,1,0,-1.08583259583,,,-1.08583259583,,
1914,2,1312,121,11,1,1.25,0,34,1,1,1,1,,-2.61716914177,-0.492736250162,0.191157653928,-1.08583259583,,
1915,1,1313,121,11,1,1.25,1,72,1,0,0,,,,,,,,
1915,2,1313,121,11,1,1.25,1,60,1,1,0,,,0.163286849856,0.419021338224,-0.226778298616,,,
1916,1,1313,121,11,1,1.25,1,23,1,0,0,,,,,,,,
1916,2,1313,121,11,1,1.25,1,37,1,1,0,,,-2.11284732819,-0.942653238773,-0.150155156851,,,
1917,1,1314,121,11,1,1.25,0,46,1,1,1,1,0,-0.568843305111,0.191826403141,-0.0582051612437,-0.568843305111,0.191826403141,-0.0582051612437
1917,2,1314,121,11,1,1.25,0,59,1,1,1,1,,-0.36257237196,0.372648149729,-0.31426563859,-0.568843305111,0.191826403141,-0.0582051612437
1918,1,1315,121,11,1,1.25,0,23,1,1,1,1,0,-3.18551802635,-0.658174216747,-0.082801386714,-3.18551802635,-0.658174216747,-0.082801386714
1918,2,1315,121,11,1,1.25,0,36,1,1,1,1,,-2.47740650177,-1.10721826553,0.666701436043,-3.18551802635,-0.658174216747,-0.082801386714
1919,1,1317,122,12,1,1.62499988079,1,6,1,1,1,1,0,0.317195653915,1.74831914902,1.75709688663,0.317195653915,1.74831914902,1.75709688663
1919,2,1317,122,12,1,1.62499988079,1,19,1,1,1,1,,-0.41180485487,1.38264620304,1.64944374561,0.317195653915,1.74831914902,1.75709688663
1920,1,1318,122,12,1,1.62499988079,1,26,1,1,1,1,0,-0.989863157272,0.508984982967,0.761325180531,-0.989863157272,0.508984982967,0.761325180531
1920,2,1318,122,12,1,1.62499988079,1,39,1,1,1,1,,-1.29186487198,0.149106159806,0.221487820148,-0.989863157272,0.508984982967,0.761325180531
1921,2,1318,122,12,1,1.62499988079,0,11,1,1,0,,,-3.55843782425,-2.89316272736,-2.05970740318,,,
1922,1,1319,122,12,1,1.62499988079,1,17,1,1,1,1,0,-1.21830749512,-0.822029709816,-0.367781460285,-1.21830749512,-0.822029709816,-0.367781460285
1922,2,1319,122,12,1,1.62499988079,1,30,1,1,1,1,,-1.75054430962,-1.02184760571,-0.712558507919,-1.21830749512,-0.822029709816,-0.367781460285
1923,1,1321,122,12,0,15.2500009537,0,59,1,1,1,1,0,-1.84157264233,-0.489271253347,-0.727044463158,-1.84157264233,-0.489271253347,-0.727044463158
1923,2,1321,122,12,0,15.2500009537,0,71,1,1,1,1,,-1.20595705509,-0.591080963612,,-1.84157264233,-0.489271253347,-0.727044463158
1924,2,1321,122,12,0,15.2500009537,1,5,1,1,0,,,-0.464560061693,-1.40426039696,,,,
1925,1,1322,122,12,1,1.62499988079,1,17,1,1,1,1,0,-0.726912498474,0.527029812336,0.796666622162,-0.726912498474,0.527029812336,0.796666622162
1925,2,1322,122,12,1,1.62499988079,1,30,1,1,1,1,,-1.46727108955,-0.580418050289,-0.627826571465,-0.726912498474,0.527029812336,0.796666622162
1926,1,1324,122,12,1,1.62499988079,0,34,1,1,1,1,0,-2.45105624199,-0.902063012123,-0.980708479881,-2.45105624199,-0.902063012123,-0.980708479881
1926,2,1324,122,12,1,1.62499988079,0,47,1,1,1,1,,-1.99976277351,-0.329993844032,-0.548883378506,-2.45105624199,-0.902063012123,-0.980708479881
1927,2,1324,122,12,1,1.62499988079,0,5,1,1,0,,,-2.55863285065,-0.995989620686,,,,
1928,1,1325,122,12,1,1.62499988079,1,69,1,0,0,,,,,,,,
1928,2,1325,122,12,1,1.62499988079,1,72,1,0,0,,,,,,,,
1929,1,1325,122,12,1,1.62499988079,0,49,1,0,0,,,,,,,,
1929,2,1325,122,12,1,1.62499988079,0,62,1,1,0,,,-2.36892437935,-0.549074888229,,,,
1930,1,1325,122,12,1,1.62499988079,0,27,1,0,0,,,,,,,,
1930,2,1325,122,12,1,1.62499988079,0,37,1,1,0,,,-3.50017428398,-1.09451794624,0.0202352385968,,,
1931,1,1325,122,12,1,1.62499988079,0,1,1,0,0,,,,,,,,
1931,2,1325,122,12,1,1.62499988079,0,14,1,1,0,,,-2.24022269249,-0.457773596048,1.73895156384,,,
1932,1,1326,122,12,1,1.62499988079,0,33,1,0,0,,,,,,,,
1932,2,1326,122,12,1,1.62499988079,0,45,1,1,0,,,-2.33241701126,-1.00378370285,-1.2531927824,,,
1933,1,1326,122,12,1,1.62499988079,0,6,1,0,0,,,,,,,,
1933,2,1326,122,12,1,1.62499988079,0,19,1,1,0,,,0.093710757792,-0.279989987612,-0.435834974051,,,
1934,1,1328,122,12,1,1.62499988079,0,40,1,1,1,1,0,-2.33859229088,-0.283118218184,1.12272262573,-2.33859229088,-0.283118218184,1.12272262573
1934,2,1328,122,12,1,1.62499988079,0,53,1,1,1,1,,-2.32142758369,-0.488952994347,0.702099680901,-2.33859229088,-0.283118218184,1.12272262573
1935,1,1328,122,12,1,1.62499988079,1,10,1,1,1,1,0,-0.357357382774,0.246440142393,0.641363501549,-0.357357382774,0.246440142393,0.641363501549
1935,2,1328,122,12,1,1.62499988079,1,23,1,1,1,1,,-1.21948003769,-0.0858168229461,0.987417697906,-0.357357382774,0.246440142393,0.641363501549
1936,1,1329,123,11,1,1.87499988079,0,23,1,1,1,1,0,-2.66801071167,-0.96508449316,-0.521443426609,-2.66801071167,-0.96508449316,-0.521443426609
1936,2,1329,123,11,1,1.87499988079,0,36,1,1,1,1,,-2.24810481071,-0.904132604599,-0.151230379939,-2.66801071167,-0.96508449316,-0.521443426609
1937,1,1330,123,11,1,1.87499988079,1,7,1,1,1,1,0,-1.65732586384,-0.0888521447778,-0.175300076604,-1.65732586384,-0.0888521447778,-0.175300076604
1937,2,1330,123,11,1,1.87499988079,1,20,1,1,1,1,,-2.1751871109,0.0709457546473,0.733690321445,-1.65732586384,-0.0888521447778,-0.175300076604
1938,1,1331,123,11,1,1.87499988079,0,3,1,1,1,1,0,-2.21545577049,-0.859064042568,,-2.21545577049,-0.859064042568,
1938,2,1331,123,11,1,1.87499988079,0,16,1,1,1,1,,-3.27398133278,-1.20415234566,-0.286059379578,-2.21545577049,-0.859064042568,
1939,1,1332,123,11,0,42.75,1,64,1,0,0,,,,,,,,
1939,2,1332,123,11,0,42.75,1,72,1,0,0,,,,,,,,
1940,1,1332,123,11,0,42.75,1,27,1,1,1,1,0,-4.7622551918,-3.8929309845,-2.46271204948,-4.7622551918,-3.8929309845,-2.46271204948
1940,2,1332,123,11,0,42.75,1,41,1,1,1,1,,-4.47712230682,-3.44565272331,-1.46134352684,-4.7622551918,-3.8929309845,-2.46271204948
1941,1,1333,123,11,1,1.87499988079,0,4,1,1,1,1,0,-0.714159727097,-0.388655483723,,-0.714159727097,-0.388655483723,
1941,2,1333,123,11,1,1.87499988079,0,17,1,1,1,1,,-0.681177675724,-0.5830488801,0.294954776764,-0.714159727097,-0.388655483723,
1942,2,1334,123,11,0,42.75,0,31,1,1,0,,,-2.17197465897,-0.398035019636,0.177707761526,,,
1943,1,1335,123,11,1,1.87499988079,0,5,1,1,1,1,0,-2.20343852043,0.764105916023,,-2.20343852043,0.764105916023,
1943,2,1335,123,11,1,1.87499988079,0,18,1,1,1,1,,-2.19062495232,0.244607537985,0.173822373152,-2.20343852043,0.764105916023,
1944,2,1335,123,11,1,1.87499988079,0,1,1,1,0,,,-0.654697239399,0.597626805305,,,,
1945,1,1336,123,11,1,1.87499988079,1,9,1,1,1,1,0,-0.659630894661,-0.641209721565,-0.494523376226,-0.659630894661,-0.641209721565,-0.494523376226
1945,2,1336,123,11,1,1.87499988079,1,22,1,1,1,1,,-1.74796819687,-1.43026828766,-1.03842747211,-0.659630894661,-0.641209721565,-0.494523376226
1946,2,1336,123,11,1,1.87499988079,1,12,1,1,0,,,-2.91846680641,-1.61300611496,-0.0481447987258,,,
1947,1,1337,123,11,0,42.75,0,41,1,1,1,1,0,-1.96114706993,-1.11251699924,-0.0102656390518,-1.96114706993,-1.11251699924,-0.0102656390518
1947,2,1337,123,11,0,42.75,0,54,1,1,1,1,,-1.70258462429,-0.813168108463,-0.056935057044,-1.96114706993,-1.11251699924,-0.0102656390518
1948,1,1339,123,11,1,1.87499988079,0,67,1,0,0,,,,,,,,
1948,2,1339,123,11,1,1.87499988079,0,72,1,0,0,,,,,,,,
1949,2,1339,123,11,1,1.87499988079,1,12,1,1,0,,,-1.81166052818,-1.7406873703,-1.12742626667,,,
1950,1,1340,123,11,1,1.87499988079,0,25,1,1,1,1,0,-3.48912453651,-2.05401968956,-0.889650404453,-3.48912453651,-2.05401968956,-0.889650404453
1950,2,1340,123,11,1,1.87499988079,0,38,1,1,1,1,,-3.37708711624,-1.64808821678,-1.04691290855,-3.48912453651,-2.05401968956,-0.889650404453
1951,1,1340,123,11,1,1.87499988079,0,8,1,1,1,1,0,-1.04256355762,-0.978967249393,-0.795387744904,-1.04256355762,-0.978967249393,-0.795387744904
1951,2,1340,123,11,1,1.87499988079,0,21,1,1,1,1,,-3.21305394173,-1.9894541502,-1.40363872051,-1.04256355762,-0.978967249393,-0.795387744904
1952,1,1342,124,11,1,2.5,1,12,1,1,1,1,0,-2.95730137825,-1.03897547722,-0.263913869858,-2.95730137825,-1.03897547722,-0.263913869858
1952,2,1342,124,11,1,2.5,1,25,1,1,1,1,,-3.62698912621,-1.43859553337,-0.467088192701,-2.95730137825,-1.03897547722,-0.263913869858
1953,1,1343,124,11,0,40.75,0,19,1,1,1,0,1,-2.19278979301,-0.79152572155,-0.346170544624,-2.19278979301,-0.79152572155,-0.346170544624
1953,2,1343,124,11,0,40.75,0,32,1,0,1,0,,,,,-2.19278979301,-0.79152572155,-0.346170544624
1954,1,1344,124,11,1,2.5,0,36,1,1,1,1,0,-2.38298845291,0.236360833049,0.666701436043,-2.38298845291,0.236360833049,0.666701436043
1954,2,1344,124,11,1,2.5,0,49,1,1,1,1,,-2.33696722984,0.0400355868042,0.349494725466,-2.38298845291,0.236360833049,0.666701436043
1955,1,1345,124,11,0,40.75,1,47,1,1,1,1,0,-2.81988286972,-0.362114071846,0.140379160643,-2.81988286972,-0.362114071846,0.140379160643
1955,2,1345,124,11,0,40.75,1,60,1,1,1,1,,-2.727414608,-0.787540078163,-0.626059532166,-2.81988286972,-0.362114071846,0.140379160643
1956,1,1345,124,11,0,40.75,1,29,1,1,1,1,0,-2.87256717682,-1.12000799179,-0.367526322603,-2.87256717682,-1.12000799179,-0.367526322603
1956,2,1345,124,11,0,40.75,1,42,1,1,1,1,,-3.3560025692,-0.97956687212,-0.602212667465,-2.87256717682,-1.12000799179,-0.367526322603
1957,1,1346,124,11,1,2.5,0,10,1,1,1,1,0,-0.801432669163,0.560208022594,0.807336866856,-0.801432669163,0.560208022594,0.807336866856
1957,2,1346,124,11,1,2.5,0,22,1,1,1,1,,-1.44763731956,1.38264620304,-2.6227786541,-0.801432669163,0.560208022594,0.807336866856
1958,1,1347,124,11,1,2.5,0,24,1,1,1,1,0,-4.42402076721,-2.52624845505,-1.69149112701,-4.42402076721,-2.52624845505,-1.69149112701
1958,2,1347,124,11,1,2.5,0,37,1,1,1,1,,-3.28697109222,-2.30750203133,-1.46826529503,-4.42402076721,-2.52624845505,-1.69149112701
1959,2,1347,124,11,1,2.5,1,57,1,1,0,,,-2.04914426804,-1.22673082352,-1.40136933327,,,
1960,2,1347,124,11,1,2.5,1,6,1,1,0,,,-3.19055533409,-2.89329099655,-2.36222982407,,,
1961,1,1348,124,11,1,2.5,0,14,1,0,0,,,,,,,,
1961,2,1348,124,11,1,2.5,0,27,1,1,0,,,-3.15883755684,-0.764424562454,-0.669541060925,,,
1962,1,1348,124,11,1,2.5,0,1,1,1,1,1,0,1.41551947594,-1.38262164593,,1.41551947594,-1.38262164593,
1962,2,1348,124,11,1,2.5,0,13,1,1,1,1,,-2.27476167679,-0.468919992447,0.627647817135,1.41551947594,-1.38262164593,
1963,1,1349,124,11,1,2.5,0,18,1,1,1,1,0,-3.0248067379,-1.58308947086,-0.856211364269,-3.0248067379,-1.58308947086,-0.856211364269
1963,2,1349,124,11,1,2.5,0,30,1,1,1,1,,-2.56452989578,-1.19376683235,-1.02175891399,-3.0248067379,-1.58308947086,-0.856211364269
1964,1,1350,124,11,1,2.5,0,68,1,0,0,,,,,,,,
1964,2,1350,124,11,1,2.5,0,72,1,0,0,,,,,,,,
1965,1,1350,124,11,1,2.5,1,38,1,1,1,1,0,-1.77571976185,-0.134222522378,0.0387720279396,-1.77571976185,-0.134222522378,0.0387720279396
1965,2,1350,124,11,1,2.5,1,51,1,1,1,1,,-1.577947855,-0.0184754021466,-0.344650954008,-1.77571976185,-0.134222522378,0.0387720279396
1966,1,1350,124,11,1,2.5,1,1,1,1,1,1,0,0.287993699312,1.19135415554,,0.287993699312,1.19135415554,
1966,2,1350,124,11,1,2.5,1,14,1,1,1,1,,-2.1354663372,-0.719397008419,-0.645795404911,0.287993699312,1.19135415554,
1967,1,1351,124,11,0,40.75,0,70,1,0,0,,,,,,,,
1967,2,1351,124,11,0,40.75,0,72,1,0,0,,,,,,,,
1968,2,1351,124,11,0,40.75,1,43,1,1,0,,,-1.52904999256,-0.680171787739,-0.674454689026,,,
1969,1,1352,124,11,1,2.5,0,13,1,1,1,1,0,-1.18243360519,-0.926199793816,-0.336685538292,-1.18243360519,-0.926199793816,-0.336685538292
1969,2,1352,124,11,1,2.5,0,25,1,1,1,1,,-1.41914057732,0.559253573418,0.61019551754,-1.18243360519,-0.926199793816,-0.336685538292
1970,2,1353,125,12,0,49,0,13,1,0,0,,,,,,,,
1971,2,1353,125,12,0,49,0,60,1,1,0,,,-2.64655447006,-0.620608627796,-0.013418183662,,,
1972,1,1354,125,12,1,1.87499988079,1,8,1,1,1,1,0,0.52862662077,1.1538465023,-0.16839812696,0.52862662077,1.1538465023,-0.16839812696
1972,2,1354,125,12,1,1.87499988079,1,20,1,1,1,1,,0.197951003909,0.458308726549,0.00109688506927,0.52862662077,1.1538465023,-0.16839812696
1973,1,1356,125,12,1,1.87499988079,1,24,1,1,1,1,0,-2.93377280235,-1.44488334656,-0.31861358881,-2.93377280235,-1.44488334656,-0.31861358881
1973,2,1356,125,12,1,1.87499988079,1,37,1,1,1,1,,-3.44961667061,-1.99153661728,-0.383289903402,-2.93377280235,-1.44488334656,-0.31861358881
1974,1,1357,125,12,1,1.87499988079,0,59,1,1,1,1,0,-1.02594780922,-0.722693741322,-2.23445534706,-1.02594780922,-0.722693741322,-2.23445534706
1974,2,1357,125,12,1,1.87499988079,0,72,1,1,1,1,,-1.08609008789,-0.852731108665,,-1.02594780922,-0.722693741322,-2.23445534706
1975,1,1357,125,12,1,1.87499988079,1,2,1,1,1,0,1,-0.548727750778,0.282950252295,,-0.548727750778,0.282950252295,
1975,2,1357,125,12,1,1.87499988079,1,15,1,0,1,0,,,,,-0.548727750778,0.282950252295,
1976,1,1359,125,12,1,1.87499988079,1,57,1,1,1,1,0,-1.88775527477,-0.660792708397,0.0621819980443,-1.88775527477,-0.660792708397,0.0621819980443
1976,2,1359,125,12,1,1.87499988079,1,70,1,1,1,1,,-1.44446408749,-0.309851229191,,-1.88775527477,-0.660792708397,0.0621819980443
1977,1,1359,125,12,1,1.87499988079,1,22,1,1,1,1,0,-1.39542424679,0.243529096246,-0.0274601932615,-1.39542424679,0.243529096246,-0.0274601932615
1977,2,1359,125,12,1,1.87499988079,1,34,1,1,1,1,,-1.04727089405,0.314552694559,0.197370052338,-1.39542424679,0.243529096246,-0.0274601932615
1978,1,1360,125,12,0,49,1,40,1,1,1,1,0,-1.05474710464,0.351233780384,-0.650330841541,-1.05474710464,0.351233780384,-0.650330841541
1978,2,1360,125,12,0,49,1,54,1,1,1,1,,-1.30623340607,0.0983938723803,0.0981558635831,-1.05474710464,0.351233780384,-0.650330841541
1979,1,1360,125,12,0,49,0,1,1,1,1,1,0,-0.962936520576,-0.463297486305,,-0.962936520576,-0.463297486305,
1979,2,1360,125,12,0,49,0,14,1,1,1,1,,-1.4934387207,-0.765634000301,-0.637909829617,-0.962936520576,-0.463297486305,
1980,1,1361,125,12,1,1.87499988079,1,23,1,1,1,1,0,-2.16476011276,0.336022645235,0.323570787907,-2.16476011276,0.336022645235,0.323570787907
1980,2,1361,125,12,1,1.87499988079,1,36,1,1,1,1,,-1.89126598835,0.68936753273,1.18867111206,-2.16476011276,0.336022645235,0.323570787907
1981,1,1362,125,12,1,1.87499988079,1,52,1,1,1,1,0,-2.25302815437,-1.21501922607,-1.97754120827,-2.25302815437,-1.21501922607,-1.97754120827
1981,2,1362,125,12,1,1.87499988079,1,65,1,1,1,1,,-2.14585328102,-1.64494740963,,-2.25302815437,-1.21501922607,-1.97754120827
1982,1,1362,125,12,1,1.87499988079,0,14,1,0,0,,,,,,,,
1982,2,1362,125,12,1,1.87499988079,0,28,1,1,0,,,-3.84535455704,-2.16110062599,-1.49455332756,,,
1983,1,1363,125,12,1,1.87499988079,0,23,1,1,1,1,0,-3.40253829956,,0.506139278412,-3.40253829956,,0.506139278412
1983,2,1363,125,12,1,1.87499988079,0,36,1,1,1,1,,-3.08438444138,0.101244539022,1.45958316326,-3.40253829956,,0.506139278412
1984,1,1364,125,12,1,1.87499988079,0,22,1,1,1,1,0,-4.13999986649,-2.53650927544,-1.7918639183,-4.13999986649,-2.53650927544,-1.7918639183
1984,2,1364,125,12,1,1.87499988079,0,36,1,1,1,1,,-3.44856762886,-1.94729626179,-1.62683355808,-4.13999986649,-2.53650927544,-1.7918639183
1985,1,1364,125,12,1,1.87499988079,1,22,1,1,1,1,0,-3.75104522705,-0.81161916256,0.0560375824571,-3.75104522705,-0.81161916256,0.0560375824571
1985,2,1364,125,12,1,1.87499988079,1,36,1,1,1,1,,-2.92862176895,-1.12237250805,-0.91309005022,-3.75104522705,-0.81161916256,0.0560375824571
1986,1,1368,126,12,0,40.5,0,360,1,0,0,,,,,,,,
1986,2,1368,126,12,0,40.5,0,44,1,1,0,,,-2.55653762817,-1.06236970425,-0.241927325726,,,
1987,2,1368,126,12,0,40.5,0,1,1,1,0,,,-1.50235295296,-1.07854473591,,,,
1988,1,1369,126,12,1,1.5,0,10,1,1,1,1,0,-0.823313355446,-0.268978744745,0.55047494173,-0.823313355446,-0.268978744745,0.55047494173
1988,2,1369,126,12,1,1.5,0,23,1,1,1,1,,-1.63299071789,-0.650241374969,0.588014304638,-0.823313355446,-0.268978744745,0.55047494173
1989,1,1370,126,12,1,1.5,0,18,1,1,1,1,0,-2.91358184814,-1.28508508205,-0.13126398623,-2.91358184814,-1.28508508205,-0.13126398623
1989,2,1370,126,12,1,1.5,0,30,1,1,1,1,,-2.40301060677,-1.35038793087,-0.798181653023,-2.91358184814,-1.28508508205,-0.13126398623
1990,1,1371,126,12,1,1.5,0,25,1,1,1,1,0,-2.10913515091,0.222538903356,0.407099068165,-2.10913515091,0.222538903356,0.407099068165
1990,2,1371,126,12,1,1.5,0,38,1,1,1,1,,-2.11313915253,0.0560423694551,0.493444442749,-2.10913515091,0.222538903356,0.407099068165
1991,1,1372,126,12,1,1.5,1,18,1,1,1,1,0,-1.2596629858,0.524565696716,1.21571719646,-1.2596629858,0.524565696716,1.21571719646
1991,2,1372,126,12,1,1.5,1,30,1,1,1,1,,-1.84969162941,0.551989376545,0.789943873882,-1.2596629858,0.524565696716,1.21571719646
1992,1,1373,126,12,1,1.5,1,21,1,1,1,1,0,,,-1.11901545525,,,-1.11901545525
1992,2,1373,126,12,1,1.5,1,35,1,1,1,1,,-4.02611541748,-1.2922822237,0.269693613052,,,-1.11901545525
1993,2,1373,126,12,1,1.5,1,72,1,0,0,,,,,,,,
1994,1,1374,126,12,0,40.5,0,30,1,1,1,1,0,-4.66426563263,-2.38420701027,-1.02175807953,-4.66426563263,-2.38420701027,-1.02175807953
1994,2,1374,126,12,0,40.5,0,42,1,1,1,1,,-3.99775266647,-2.36887311935,-1.18672609329,-4.66426563263,-2.38420701027,-1.02175807953
1995,1,1374,126,12,0,40.5,0,1,1,1,1,1,0,,-1.42133951187,,,-1.42133951187,
1995,2,1374,126,12,0,40.5,0,13,1,1,1,1,,-2.79001355171,-1.49230146408,-0.382075935602,,-1.42133951187,
1996,1,1375,126,12,1,1.5,1,18,1,0,0,,,,,,,,
1996,2,1375,126,12,1,1.5,1,31,1,1,0,,,-3.01635289192,-1.54024076462,-0.930576741695,,,
1997,2,1376,126,12,0,40.5,0,66,1,1,0,,,-1.6670011282,0.223152205348,,,,
1998,1,1377,127,12,1,1.125,1,53,1,1,1,1,0,-4.07164287567,-1.66142976284,-1.44281125069,-4.07164287567,-1.66142976284,-1.44281125069
1998,2,1377,127,12,1,1.125,1,66,1,1,1,1,,-3.72377276421,-1.59837925434,,-4.07164287567,-1.66142976284,-1.44281125069
1999,1,1377,127,12,1,1.125,0,20,1,1,1,1,0,-4.33539962769,-3.45205235481,-2.51969814301,-4.33539962769,-3.45205235481,-2.51969814301
1999,2,1377,127,12,1,1.125,0,34,1,1,1,1,,-4.47712230682,-3.44565272331,-2.49532055855,-4.33539962769,-3.45205235481,-2.51969814301
2000,1,1378,127,12,0,51.5,1,38,1,1,1,1,0,-2.58418369293,-0.3932736516,-0.188312381506,-2.58418369293,-0.3932736516,-0.188312381506
2000,2,1378,127,12,0,51.5,1,50,1,1,1,1,,-1.85922825336,-0.0663302987814,0.501886248589,-2.58418369293,-0.3932736516,-0.188312381506
2001,1,1378,127,12,0,51.5,1,7,1,1,1,1,0,-1.11745369434,0.230416491628,-0.441583126783,-1.11745369434,0.230416491628,-0.441583126783
2001,2,1378,127,12,0,51.5,1,20,1,1,1,1,,-1.84328007698,-0.612557470798,-0.254954814911,-1.11745369434,0.230416491628,-0.441583126783
2002,1,1379,127,12,1,1.125,0,57,1,1,1,0,1,-2.18140459061,-0.910487890244,-0.0166348069906,-2.18140459061,-0.910487890244,-0.0166348069906
2002,2,1379,127,12,1,1.125,0,71,1,0,1,0,,,,,-2.18140459061,-0.910487890244,-0.0166348069906
2003,1,1379,127,12,1,1.125,0,13,1,1,1,1,0,-2.41903066635,-0.527349710464,0.796333312988,-2.41903066635,-0.527349710464,0.796333312988
2003,2,1379,127,12,1,1.125,0,26,1,1,1,1,,-3.22966074944,-0.793143391609,-0.0585788153112,-2.41903066635,-0.527349710464,0.796333312988
2004,1,1380,127,12,0,51.5,1,52,1,1,1,1,0,-2.12971997261,-0.923752427101,-0.307701915503,-2.12971997261,-0.923752427101,-0.307701915503
2004,2,1380,127,12,0,51.5,1,65,1,1,1,1,,-1.45229887962,-0.886429965496,,-2.12971997261,-0.923752427101,-0.307701915503
2005,1,1381,127,12,0,51.5,1,51,1,1,1,1,0,-2.78764891624,-1.96578752995,-1.70474088192,-2.78764891624,-1.96578752995,-1.70474088192
2005,2,1381,127,12,0,51.5,1,63,1,1,1,1,,-2.29308199883,-1.62677371502,,-2.78764891624,-1.96578752995,-1.70474088192
2006,1,1381,127,12,0,51.5,0,23,1,1,1,1,0,-1.9668674469,-1.02281618118,-0.883962154388,-1.9668674469,-1.02281618118,-0.883962154388
2006,2,1381,127,12,0,51.5,0,35,1,1,1,1,,-1.85048472881,-0.880564332008,-1.01010870934,-1.9668674469,-1.02281618118,-0.883962154388
2007,1,1382,127,12,1,1.125,0,14,1,1,1,1,0,-2.32095479965,-1.56054461002,-0.273131400347,-2.32095479965,-1.56054461002,-0.273131400347
2007,2,1382,127,12,1,1.125,0,27,1,1,1,1,,-3.00429105759,-1.32353496552,-0.0217418633401,-2.32095479965,-1.56054461002,-0.273131400347
2008,2,1382,127,12,1,1.125,1,60,1,0,0,,,,,,,,
2009,1,1383,127,12,0,51.5,1,65,1,0,0,,,,,,,,
2009,2,1383,127,12,0,51.5,1,72,1,0,0,,,,,,,,
2010,1,1384,127,12,1,1.125,1,7,1,1,1,1,0,-2.26198506355,-1.4180315733,0.169290393591,-2.26198506355,-1.4180315733,0.169290393591
2010,2,1384,127,12,1,1.125,1,20,1,1,1,1,,-3.8015294075,-1.61136984825,-0.0835626497865,-2.26198506355,-1.4180315733,0.169290393591
2011,1,1385,127,12,1,1.125,1,27,1,1,1,1,0,-2.77501702309,-0.128204286098,1.14423966408,-2.77501702309,-0.128204286098,1.14423966408
2011,2,1385,127,12,1,1.125,1,40,1,1,1,1,,-2.66225290298,-0.501209616661,0.46914806962,-2.77501702309,-0.128204286098,1.14423966408
2012,1,1386,127,12,1,1.125,1,14,1,0,0,,,,,,,,
2012,2,1386,127,12,1,1.125,1,24,1,1,0,,,-1.29103541374,-1.01019847393,-1.11503410339,,,
2013,1,1387,127,12,1,1.125,1,24,1,1,1,1,0,-0.888101458549,0.256576001644,0.180774956942,-0.888101458549,0.256576001644,0.180774956942
2013,2,1387,127,12,1,1.125,1,36,1,1,1,1,,-0.51250565052,0.538583338261,0.340673297644,-0.888101458549,0.256576001644,0.180774956942
2014,1,1388,127,12,1,1.125,0,22,1,1,1,1,0,-0.340020090342,1.04140150547,0.798560857773,-0.340020090342,1.04140150547,0.798560857773
2014,2,1388,127,12,1,1.125,0,35,1,1,1,1,,-1.19482493401,0.810973107815,0.393783837557,-0.340020090342,1.04140150547,0.798560857773
2015,1,1389,128,12,1,1.5,0,29,1,1,1,1,0,-2.15900945663,-1.17739009857,-0.625451803207,-2.15900945663,-1.17739009857,-0.625451803207
2015,2,1389,128,12,1,1.5,0,42,1,1,1,1,,-2.42150115967,-0.83666229248,-0.431955575943,-2.15900945663,-1.17739009857,-0.625451803207
2016,1,1390,128,12,0,36,1,4,1,1,1,1,0,-1.77407371998,-1.86169087887,,-1.77407371998,-1.86169087887,
2016,2,1390,128,12,0,36,1,17,1,1,1,1,,-2.92063522339,-2.04890465736,-1.19102489948,-1.77407371998,-1.86169087887,
2017,1,1391,128,12,1,1.5,0,4,1,1,1,1,0,-2.39623165131,-1.30584692955,,-2.39623165131,-1.30584692955,
2017,2,1391,128,12,1,1.5,0,17,1,1,1,1,,-3.80548810959,-1.64479625225,-0.184742167592,-2.39623165131,-1.30584692955,
2018,1,1392,128,12,1,1.5,1,67,1,0,0,,,,,,,,
2018,2,1392,128,12,1,1.5,1,72,1,0,0,,,,,,,,
2019,1,1392,128,12,1,1.5,1,15,1,1,1,1,0,-1.24485421181,,0.474891871214,-1.24485421181,,0.474891871214
2019,2,1392,128,12,1,1.5,1,28,1,1,1,1,,-1.90903830528,-1.22086012363,-0.735418379307,-1.24485421181,,0.474891871214
2020,1,1393,128,12,1,1.5,0,6,1,1,1,1,0,-3.11808466911,-2.57915449142,-2.09415173531,-3.11808466911,-2.57915449142,-2.09415173531
2020,2,1393,128,12,1,1.5,0,19,1,1,1,1,,-4.27967405319,-3.44565272331,-2.95972418785,-3.11808466911,-2.57915449142,-2.09415173531
2021,2,1393,128,12,1,1.5,0,11,1,1,0,,,-1.54069817066,-1.40282893181,-1.07191169262,,,
2022,1,1394,128,12,1,1.5,1,16,1,1,1,1,0,-2.22067046165,-1.44041669369,-0.864154577255,-2.22067046165,-1.44041669369,-0.864154577255
2022,2,1394,128,12,1,1.5,1,28,1,1,1,1,,-2.66677999496,-1.51157522202,-1.54311823845,-2.22067046165,-1.44041669369,-0.864154577255
2023,1,1395,128,12,1,1.5,1,1,1,1,1,1,0,-1.45183694363,-0.0476353913546,,-1.45183694363,-0.0476353913546,
2023,2,1395,128,12,1,1.5,1,13,1,1,1,1,,-2.30741834641,-0.992772877216,0.542109966278,-1.45183694363,-0.0476353913546,
2024,1,1395,128,12,1,1.5,1,24,1,0,0,,,,,,,,
2024,2,1395,128,12,1,1.5,1,36,1,1,0,,,-3.08619403839,-2.36346173286,-2.34075045586,,,
2025,1,1397,128,12,1,1.5,0,45,1,1,1,1,0,-2.24665403366,-0.688309013844,-0.344388663769,-2.24665403366,-0.688309013844,-0.344388663769
2025,2,1397,128,12,1,1.5,0,56,1,1,1,1,,-2.09857773781,-0.771129846573,-0.74195677042,-2.24665403366,-0.688309013844,-0.344388663769
2026,1,1397,128,12,1,1.5,0,11,1,1,1,1,0,-0.23131172359,0.575092315674,0.341851502657,-0.23131172359,0.575092315674,0.341851502657
2026,2,1397,128,12,1,1.5,0,24,1,1,1,1,,-1.28179788589,0.874933600426,0.780575096607,-0.23131172359,0.575092315674,0.341851502657
2027,1,1398,128,12,0,36,0,47,1,1,1,1,0,-1.92759025097,0.20964692533,0.43476742506,-1.92759025097,0.20964692533,0.43476742506
2027,2,1398,128,12,0,36,0,60,1,1,1,1,,-1.57833468914,0.23505730927,0.263139754534,-1.92759025097,0.20964692533,0.43476742506
2028,1,1399,128,12,1,1.5,0,16,1,1,1,1,0,-1.26191627979,0.0319641120732,1.43932747841,-1.26191627979,0.0319641120732,1.43932747841
2028,2,1399,128,12,1,1.5,0,28,1,1,1,1,,-1.61321544647,0.597670376301,1.60793244839,-1.26191627979,0.0319641120732,1.43932747841
2029,2,1399,128,12,1,1.5,1,4,1,1,0,,,-0.942455589771,-0.285825937986,,,,
2030,1,1400,128,12,0,36,1,14,1,1,1,1,0,-0.756952345371,-0.47308409214,1.21384084225,-0.756952345371,-0.47308409214,1.21384084225
2030,2,1400,128,12,0,36,1,26,1,1,1,1,,-1.80068719387,-0.583840250969,0.0548083931208,-0.756952345371,-0.47308409214,1.21384084225
2031,1,1402,129,11,1,1.14285719395,0,3,1,1,1,1,0,-0.209942683578,0.269025087357,,-0.209942683578,0.269025087357,
2031,2,1402,129,11,1,1.14285719395,0,16,1,1,1,1,,-0.700857639313,-0.551995873451,0.198554128408,-0.209942683578,0.269025087357,
2032,1,1404,129,11,1,1.14285719395,0,50,1,0,0,,,,,,,,
2032,2,1404,129,11,1,1.14285719395,0,63,1,1,0,,,-1.36100935936,-1.45132577419,,,,
2033,1,1404,129,11,1,1.14285719395,1,16,1,1,1,0,1,-4.43937492371,-3.83555650711,-3.11805677414,-4.43937492371,-3.83555650711,-3.11805677414
2033,2,1404,129,11,1,1.14285719395,1,29,1,0,1,0,,,,,-4.43937492371,-3.83555650711,-3.11805677414
2034,1,1404,129,11,1,1.14285719395,1,156,1,0,0,,,,,,,,
2034,2,1404,129,11,1,1.14285719395,1,30,1,0,0,,,,,,,,
2035,1,1405,129,11,1,1.14285719395,0,3,1,1,1,1,0,-1.70184898376,-0.801049590111,,-1.70184898376,-0.801049590111,
2035,2,1405,129,11,1,1.14285719395,0,15,1,1,1,1,,-2.76481842995,-1.90800559521,-1.32803690434,-1.70184898376,-0.801049590111,
2036,1,1406,129,11,1,1.14285719395,0,13,1,1,1,1,0,-1.20304489136,-0.0975107103586,0.284321814775,-1.20304489136,-0.0975107103586,0.284321814775
2036,2,1406,129,11,1,1.14285719395,0,26,1,1,1,1,,-2.74158406258,-0.598265171051,-0.0585788153112,-1.20304489136,-0.0975107103586,0.284321814775
2037,1,1407,129,11,1,1.14285719395,0,8,1,1,1,0,1,-2.92420220375,-1.60887563229,-0.513283669949,-2.92420220375,-1.60887563229,-0.513283669949
2038,1,1408,129,11,1,1.14285719395,1,51,1,1,1,1,0,-1.55533695221,-0.0142027894035,-0.415371030569,-1.55533695221,-0.0142027894035,-0.415371030569
2038,2,1408,129,11,1,1.14285719395,1,64,1,1,1,1,,-1.5622202158,0.0362786464393,,-1.55533695221,-0.0142027894035,-0.415371030569
2039,1,1408,129,11,1,1.14285719395,1,16,1,1,1,1,0,-1.21867716312,0.621582448483,0.437039911747,-1.21867716312,0.621582448483,0.437039911747
2039,2,1408,129,11,1,1.14285719395,1,29,1,1,1,1,,-1.09141600132,0.275788068771,0.0388074927032,-1.21867716312,0.621582448483,0.437039911747
2040,1,1409,129,11,1,1.14285719395,0,4,1,1,1,0,1,-0.401776015759,-1.03734195232,,-0.401776015759,-1.03734195232,
2041,1,1410,129,11,0,20.5,1,40,1,1,1,1,0,-2.29805159569,-1.03035283089,-1.30251228809,-2.29805159569,-1.03035283089,-1.30251228809
2041,2,1410,129,11,0,20.5,1,53,1,1,1,1,,-2.37093901634,-0.787454307079,-0.875866293907,-2.29805159569,-1.03035283089,-1.30251228809
2042,1,1412,130,11,1,1,1,30,1,1,1,1,0,-0.489979326725,-0.0348036102951,-0.0932206064463,-0.489979326725,-0.0348036102951,-0.0932206064463
2042,2,1412,130,11,1,1,1,46,1,1,1,1,,-1.06051111221,-0.288955539465,0.000637348217424,-0.489979326725,-0.0348036102951,-0.0932206064463
2043,1,1414,130,11,0,39.5,1,56,1,1,1,1,0,-3.15100765228,-1.34351360798,-1.6815598011,-3.15100765228,-1.34351360798,-1.6815598011
2043,2,1414,130,11,0,39.5,1,68,1,1,1,1,,-2.76666307449,-1.06493449211,,-3.15100765228,-1.34351360798,-1.6815598011
2044,1,1414,130,11,0,39.5,0,17,1,1,1,1,0,-3.93803405762,-1.71538484097,-1.39164566994,-3.93803405762,-1.71538484097,-1.39164566994
2044,2,1414,130,11,0,39.5,0,30,1,1,1,1,,-3.87135887146,-1.16427087784,-0.798181653023,-3.93803405762,-1.71538484097,-1.39164566994
2045,2,1414,130,11,0,39.5,0,6,1,1,0,,,-1.66967964172,-0.155277818441,-0.937654316425,,,
2046,1,1415,130,11,1,1,0,23,1,1,1,1,0,-0.931850075722,-0.834541857243,-1.25745761395,-0.931850075722,-0.834541857243,-1.25745761395
2046,2,1415,130,11,1,1,0,36,1,1,1,1,,-1.54670882225,-0.662211000919,-0.151230379939,-0.931850075722,-0.834541857243,-1.25745761395
2047,1,1416,130,11,1,1,1,16,1,1,1,1,0,-1.84492397308,-0.42115008831,0.6788367033,-1.84492397308,-0.42115008831,0.6788367033
2047,2,1416,130,11,1,1,1,28,1,1,1,1,,-2.81249928474,-0.372250944376,0.826645195484,-1.84492397308,-0.42115008831,0.6788367033
2048,1,1417,130,11,0,39.5,0,44,1,1,1,1,0,-2.89040493965,-0.802214860916,-1.14518272877,-2.89040493965,-0.802214860916,-1.14518272877
2048,2,1417,130,11,0,39.5,0,56,1,1,1,1,,-2.63326668739,-0.661878526211,-0.54884749651,-2.89040493965,-0.802214860916,-1.14518272877
2049,1,1417,130,11,0,39.5,1,29,1,1,1,1,0,-2.34109473228,-1.81220960617,-2.4696419239,-2.34109473228,-1.81220960617,-2.4696419239
2049,2,1417,130,11,0,39.5,1,42,1,1,1,1,,-2.26150298119,-1.55100536346,-1.49216520786,-2.34109473228,-1.81220960617,-2.4696419239
2050,1,1418,130,11,1,1,1,16,1,1,1,1,0,-1.5228536129,0.545909106731,-0.24543364346,-1.5228536129,0.545909106731,-0.24543364346
2050,2,1418,130,11,1,1,1,29,1,1,1,1,,-1.82398533821,0.152746096253,1.13433218002,-1.5228536129,0.545909106731,-0.24543364346
2051,1,1419,130,11,0,39.5,1,8,1,1,1,1,0,-1.56440126896,-1.19645941257,-1.56353139877,-1.56440126896,-1.19645941257,-1.56353139877
2051,2,1419,130,11,0,39.5,1,21,1,1,1,1,,-1.5047712326,-0.467480450869,-0.528765439987,-1.56440126896,-1.19645941257,-1.56353139877
2052,1,1420,131,11,1,2.25,1,20,1,1,1,1,0,-2.47390127182,-1.6064940691,-0.254954814911,-2.47390127182,-1.6064940691,-0.254954814911
2052,2,1420,131,11,1,2.25,1,33,1,1,1,1,,-3.19247674942,-1.41340255737,-0.716894984245,-2.47390127182,-1.6064940691,-0.254954814911
2053,1,1421,131,11,1,2.25,0,28,1,1,1,1,0,-2.88872289658,-2.97271418571,-2.69239091873,-2.88872289658,-2.97271418571,-2.69239091873
2053,2,1421,131,11,1,2.25,0,41,1,1,1,1,,-2.63644719124,-2.46189403534,-2.26848220825,-2.88872289658,-2.97271418571,-2.69239091873
2054,1,1422,131,11,0,40.75,1,31,1,1,1,1,0,-1.63296079636,-0.393280237913,0.25111758709,-1.63296079636,-0.393280237913,0.25111758709
2054,2,1422,131,11,0,40.75,1,44,1,1,1,1,,-1.61677360535,-0.286864459515,0.106403239071,-1.63296079636,-0.393280237913,0.25111758709
2055,2,1422,131,11,0,40.75,0,7,1,1,0,,,-1.27333128452,-0.564615666866,-0.432124048471,,,
2056,1,1423,131,11,1,2.25,1,24,1,1,1,1,0,,-1.65987539291,-0.932810544968,,-1.65987539291,-0.932810544968
2056,2,1423,131,11,1,2.25,1,37,1,1,1,1,,-2.12582445145,-1.50094437599,-1.28674030304,,-1.65987539291,-0.932810544968
2057,1,1424,131,11,1,2.25,1,10,1,1,1,1,0,-2.99154734612,-0.52051872015,-0.0184725224972,-2.99154734612,-0.52051872015,-0.0184725224972
2057,2,1424,131,11,1,2.25,1,20,1,1,1,1,,-1.87646770477,-0.595810055733,0.333055853844,-2.99154734612,-0.52051872015,-0.0184725224972
2058,1,1425,131,11,1,2.25,0,29,1,1,1,0,1,-3.38286924362,-1.9556671381,-0.713421881199,-3.38286924362,-1.9556671381,-0.713421881199
2059,1,1425,131,11,1,2.25,0,1,1,1,1,0,1,-2.27294826508,-2.66633701324,,-2.27294826508,-2.66633701324,
2060,1,1426,131,11,1,2.25,0,17,1,1,1,1,0,-1.51432597637,-0.388076215982,0.165814638138,-1.51432597637,-0.388076215982,0.165814638138
2060,2,1426,131,11,1,2.25,0,28,1,1,1,1,,-0.686954915524,0.861758828163,1.12675666809,-1.51432597637,-0.388076215982,0.165814638138
2061,1,1428,131,11,1,2.25,1,11,1,1,1,1,0,-1.13893067837,-0.504184901714,-0.764319300652,-1.13893067837,-0.504184901714,-0.764319300652
2061,2,1428,131,11,1,2.25,1,24,1,1,1,1,,-1.74046468735,-0.434906035662,-0.233715891838,-1.13893067837,-0.504184901714,-0.764319300652
2062,1,1429,131,11,1,2.25,1,16,1,1,1,1,0,-0.699785292149,0.576285779476,0.6788367033,-0.699785292149,0.576285779476,0.6788367033
2062,2,1429,131,11,1,2.25,1,27,1,1,1,1,,-0.897007644176,1.37928295135,1.21660554409,-0.699785292149,0.576285779476,0.6788367033
2063,1,1432,132,12,1,2.625,0,46,1,1,1,1,0,-1.38206589222,0.244514137506,0.531842410564,-1.38206589222,0.244514137506,0.531842410564
2063,2,1432,132,12,1,2.625,0,59,1,1,1,1,,-0.884570896626,0.380365550518,0.18349198997,-1.38206589222,0.244514137506,0.531842410564
2064,1,1432,132,12,1,2.625,0,28,1,1,1,1,0,-0.91472196579,0.432557463646,0.663833498955,-0.91472196579,0.432557463646,0.663833498955
2064,2,1432,132,12,1,2.625,0,41,1,1,1,1,,-0.737961709499,0.322275668383,0.482969611883,-0.91472196579,0.432557463646,0.663833498955
2065,1,1432,132,12,1,2.625,0,6,1,1,1,0,1,-4.30951356888,-3.8929309845,-2.9465482235,-4.30951356888,-3.8929309845,-2.9465482235
2065,2,1432,132,12,1,2.625,0,19,1,0,1,0,,,,,-4.30951356888,-3.8929309845,-2.9465482235
2066,1,1432,132,12,1,2.625,1,6,1,1,1,1,0,-1.29328083992,-0.800779938698,0.106367215514,-1.29328083992,-0.800779938698,0.106367215514
2066,2,1432,132,12,1,2.625,1,19,1,1,1,1,,-2.18653321266,-0.819444417953,0.136833429337,-1.29328083992,-0.800779938698,0.106367215514
2067,1,1435,132,12,1,2.625,0,21,1,1,1,1,0,-1.71696162224,-1.06777083874,-0.251481503248,-1.71696162224,-1.06777083874,-0.251481503248
2067,2,1435,132,12,1,2.625,0,33,1,1,1,1,,-1.91470897198,-0.391114711761,-0.221487164497,-1.71696162224,-1.06777083874,-0.251481503248
2068,2,1435,132,12,1,2.625,1,6,1,1,0,,,-1.24915719032,-0.775882124901,,,,
2069,1,1436,132,12,1,2.625,0,3,1,1,1,1,0,1.03738880157,1.08338940144,,1.03738880157,1.08338940144,
2069,2,1436,132,12,1,2.625,0,16,1,1,1,1,,-0.623471677303,0.201971977949,0.241771638393,1.03738880157,1.08338940144,
2070,1,1437,132,12,1,2.625,0,19,1,1,1,1,0,-0.196639478207,0.498159855604,-0.168673530221,-0.196639478207,0.498159855604,-0.168673530221
2070,2,1437,132,12,1,2.625,0,31,1,1,1,1,,-0.798788309097,1.01157593727,0.417367130518,-0.196639478207,0.498159855604,-0.168673530221
2071,1,1438,132,12,1,2.625,1,37,1,1,1,1,0,-2.98239564896,-1.40314209461,-0.948933184147,-2.98239564896,-1.40314209461,-0.948933184147
2071,2,1438,132,12,1,2.625,1,49,1,1,1,1,,-2.48979115486,-1.2861944437,-0.385450333357,-2.98239564896,-1.40314209461,-0.948933184147
2072,1,1438,132,12,1,2.625,0,19,1,1,1,1,0,-3.13642382622,-2.12093257904,-0.708591401577,-3.13642382622,-2.12093257904,-0.708591401577
2072,2,1438,132,12,1,2.625,0,32,1,1,1,1,,-3.25336122513,-0.685100913048,0.220491662621,-3.13642382622,-2.12093257904,-0.708591401577
2073,1,1439,132,12,1,2.625,1,19,1,1,1,1,0,-3.25137090683,-2.66814923286,-2.08529019356,-3.25137090683,-2.66814923286,-2.08529019356
2073,2,1439,132,12,1,2.625,1,32,1,1,1,1,,-2.82432627678,-1.85028600693,-2.44957876205,-3.25137090683,-2.66814923286,-2.08529019356
2074,1,1441,132,12,1,2.625,0,17,1,1,1,1,0,-2.59363269806,-1.67498230934,-0.184742167592,-2.59363269806,-1.67498230934,-0.184742167592
2074,2,1441,132,12,1,2.625,0,30,1,1,1,1,,-2.74073123932,-1.51774322987,-1.15804648399,-2.59363269806,-1.67498230934,-0.184742167592
2075,1,1442,132,12,1,2.625,0,72,1,0,0,,,,,,,,
2075,2,1442,132,12,1,2.625,0,72,1,0,0,,,,,,,,
2076,1,1442,132,12,1,2.625,0,8,1,1,1,1,0,-0.90654361248,-0.839015126228,-1.08240246773,-0.90654361248,-0.839015126228,-1.08240246773
2076,2,1442,132,12,1,2.625,0,21,1,1,1,1,,-2.33395457268,-1.44856965542,-1.5981118679,-0.90654361248,-0.839015126228,-1.08240246773
2077,1,1445,133,12,1,2.25,0,52,1,1,1,1,0,-1.29203939438,-0.483659982681,-0.579071938992,-1.29203939438,-0.483659982681,-0.579071938992
2077,2,1445,133,12,1,2.25,0,65,1,1,1,1,,-1.18553745747,0.0578642375767,,-1.29203939438,-0.483659982681,-0.579071938992
2078,1,1445,133,12,1,2.25,1,11,1,1,1,1,0,-1.85299444199,-1.69814276695,-1.23234224319,-1.85299444199,-1.69814276695,-1.23234224319
2078,2,1445,133,12,1,2.25,1,24,1,1,1,1,,-2.17439556122,-1.92933356762,-0.932810544968,-1.85299444199,-1.69814276695,-1.23234224319
2079,1,1446,133,12,1,2.25,1,21,1,1,1,1,0,0.190599694848,1.04739320278,0.278603643179,0.190599694848,1.04739320278,0.278603643179
2079,2,1446,133,12,1,2.25,1,34,1,1,1,1,,-0.697677910328,0.578013837337,0.310522288084,0.190599694848,1.04739320278,0.278603643179
2080,1,1447,133,12,1,2.25,0,28,1,1,1,1,0,-4.7622551918,-2.21282863617,-1.40004909039,-4.7622551918,-2.21282863617,-1.40004909039
2080,2,1447,133,12,1,2.25,0,41,1,1,1,1,,-4.19091033936,-1.357421875,-0.488398045301,-4.7622551918,-2.21282863617,-1.40004909039
2081,1,1447,133,12,1,2.25,1,10,1,1,1,1,0,-2.60654854774,-2.00488877296,-1.98323893547,-2.60654854774,-2.00488877296,-1.98323893547
2081,2,1447,133,12,1,2.25,1,21,1,1,1,1,,-2.62958693504,-1.57780992985,-2.04497814178,-2.60654854774,-2.00488877296,-1.98323893547
2082,1,1448,133,12,1,2.25,1,23,1,1,1,1,0,-2.36957168579,-1.97475731373,-2.63417696953,-2.36957168579,-1.97475731373,-2.63417696953
2082,2,1448,133,12,1,2.25,1,35,1,1,1,1,,-1.78101694584,-1.74534964561,-1.7485319376,-2.36957168579,-1.97475731373,-2.63417696953
2083,1,1449,133,12,1,2.25,0,72,1,0,0,,,,,,,,
2083,2,1449,133,12,1,2.25,0,72,1,0,0,,,,,,,,
2084,1,1449,133,12,1,2.25,0,18,1,1,1,1,0,-0.336896747351,0.590293169022,0.130666658282,-0.336896747351,0.590293169022,0.130666658282
2084,2,1449,133,12,1,2.25,0,31,1,1,1,1,,0.111849993467,0.827135145664,0.417367130518,-0.336896747351,0.590293169022,0.130666658282
2085,1,1450,133,12,1,2.25,1,57,1,1,1,1,0,-3.84594249725,-1.70196449757,-1.17776072025,-3.84594249725,-1.70196449757,-1.17776072025
2085,2,1450,133,12,1,2.25,1,69,1,1,1,1,,-3.48427724838,-2.13156294823,,-3.84594249725,-1.70196449757,-1.17776072025
2086,1,1450,133,12,1,2.25,0,21,1,1,1,1,0,-4.23944568634,-2.60647344589,-2.35515451431,-4.23944568634,-2.60647344589,-2.35515451431
2086,2,1450,133,12,1,2.25,0,33,1,1,1,1,,-3.29015636444,-2.21859478951,-1.17300510406,-4.23944568634,-2.60647344589,-2.35515451431
2087,1,1451,133,12,1,2.25,0,19,1,1,1,1,0,-3.40862607956,-2.72992777824,-1.46517801285,-3.40862607956,-2.72992777824,-1.46517801285
2087,2,1451,133,12,1,2.25,0,32,1,1,1,1,,-3.35302352905,-2.0085568428,-0.827772140503,-3.40862607956,-2.72992777824,-1.46517801285
2088,1,1452,133,12,0,35,0,2,1,1,1,1,0,1.01231312752,0.717212557793,,1.01231312752,0.717212557793,
2088,2,1452,133,12,0,35,0,15,1,1,1,1,,-0.255226641893,-0.341620028019,-0.211233317852,1.01231312752,0.717212557793,
2089,1,1454,133,12,0,35,1,37,1,1,1,1,0,-2.56708931923,-0.961967110634,-1.72516596317,-2.56708931923,-0.961967110634,-1.72516596317
2089,2,1454,133,12,0,35,1,50,1,1,1,1,,-2.01887464523,-0.713232457638,-0.857346057892,-2.56708931923,-0.961967110634,-1.72516596317
2090,1,1455,133,12,1,2.25,1,18,1,1,1,1,0,-1.56959462166,0.376589298248,0.909465193748,-1.56959462166,0.376589298248,0.909465193748
2090,2,1455,133,12,1,2.25,1,31,1,1,1,1,,-2.09409141541,-0.419520258904,-0.221668690443,-1.56959462166,0.376589298248,0.909465193748
2091,2,1455,133,12,1,2.25,1,5,1,1,0,,,-0.148869305849,0.893408536911,,,,
2092,1,1456,134,11,1,2.375,1,11,1,1,1,1,0,-2.38854074478,-0.897847294807,-0.764319300652,-2.38854074478,-0.897847294807,-0.764319300652
2092,2,1456,134,11,1,2.375,1,23,1,1,1,1,,-2.77919507027,-0.93265581131,-0.780880868435,-2.38854074478,-0.897847294807,-0.764319300652
2093,1,1457,134,11,0,30.2500019073,1,57,1,1,1,1,0,-2.38268208504,-2.13476586342,-0.537192285061,-2.38268208504,-2.13476586342,-0.537192285061
2093,2,1457,134,11,0,30.2500019073,1,71,1,1,1,1,,-2.00278544426,-1.64799785614,,-2.38268208504,-2.13476586342,-0.537192285061
2094,1,1458,134,11,0,30.2500019073,1,58,1,1,1,1,0,-2.31911754608,-1.58905518055,-0.636146903038,-2.31911754608,-1.58905518055,-0.636146903038
2094,2,1458,134,11,0,30.2500019073,1,71,1,1,1,1,,-2.19928908348,-1.42902040482,,-2.31911754608,-1.58905518055,-0.636146903038
2095,1,1458,134,11,0,30.2500019073,1,25,1,1,1,1,0,-3.3982129097,-2.81607174873,-1.74376273155,-3.3982129097,-2.81607174873,-1.74376273155
2095,2,1458,134,11,0,30.2500019073,1,38,1,1,1,1,,-3.86745715141,-2.27701330185,-1.668825984,-3.3982129097,-2.81607174873,-1.74376273155
2096,2,1458,134,11,0,30.2500019073,0,8,1,1,0,,,-0.997223556042,-1.02605080605,-1.27657079697,,,
2097,1,1459,134,11,1,2.375,0,1,1,1,1,0,1,-1.34823417664,-0.747850418091,,-1.34823417664,-0.747850418091,
2097,2,1459,134,11,1,2.375,0,14,1,0,1,0,,,,,-1.34823417664,-0.747850418091,
2098,1,1460,134,11,1,2.375,1,5,1,1,1,1,0,-2.58419585228,-1.47521364689,,-2.58419585228,-1.47521364689,
2098,2,1460,134,11,1,2.375,1,17,1,1,1,1,,-3.39448189735,-1.44791138172,-1.28657817841,-2.58419585228,-1.47521364689,
2099,1,1463,134,11,1,2.375,0,25,1,1,1,1,0,-2.17332220078,-1.20170962811,-0.180645793676,-2.17332220078,-1.20170962811,-0.180645793676
2099,2,1463,134,11,1,2.375,0,38,1,1,1,1,,-1.91564714909,-1.12687003613,-0.493669003248,-2.17332220078,-1.20170962811,-0.180645793676
2100,1,1464,134,11,1,2.375,1,23,1,1,1,1,0,-2.32230710983,-0.0858168229461,-0.087613850832,-2.32230710983,-0.0858168229461,-0.087613850832
2100,2,1464,134,11,1,2.375,1,35,1,1,1,1,,-2.00685286522,-0.778560221195,-0.834863603115,-2.32230710983,-0.0858168229461,-0.087613850832
2101,2,1464,134,11,1,2.375,0,1,1,1,0,,,-0.834503948689,-0.324141263962,,,,
2102,1,1465,134,11,1,2.375,1,40,1,1,1,1,0,-2.10967230797,-1.30885481834,-1.05300545692,-2.10967230797,-1.30885481834,-1.05300545692
2102,2,1465,134,11,1,2.375,1,54,1,1,1,1,,-1.60386610031,-1.21981954575,-1.12827682495,-2.10967230797,-1.30885481834,-1.05300545692
2103,1,1465,134,11,1,2.375,1,16,1,1,1,1,0,-1.84492397308,-1.86472761631,-1.24020564556,-1.84492397308,-1.86472761631,-1.24020564556
2103,2,1465,134,11,1,2.375,1,29,1,1,1,1,,-2.71456313133,-1.79524040222,-1.41223847866,-1.84492397308,-1.86472761631,-1.24020564556
2104,1,1466,134,11,1,2.375,1,55,1,1,1,1,0,-4.7622551918,-0.22636911273,-0.756347000599,-4.7622551918,-0.22636911273,-0.756347000599
2104,2,1466,134,11,1,2.375,1,68,1,1,1,1,,-0.284992694855,0.0787315145135,,-4.7622551918,-0.22636911273,-0.756347000599
2105,1,1466,134,11,1,2.375,1,3,1,0,0,,,,,,,,
2105,2,1466,134,11,1,2.375,1,16,1,1,0,,,-1.82703006268,-0.289968371391,-0.15008687973,,,
2106,1,1467,134,11,1,2.375,1,23,1,1,1,1,0,-3.53541898727,-2.07274889946,-1.71638739109,-3.53541898727,-2.07274889946,-1.71638739109
2106,2,1467,134,11,1,2.375,1,35,1,1,1,1,,-3.2157535553,-2.34062862396,-1.52360570431,-3.53541898727,-2.07274889946,-1.71638739109
2107,1,1468,135,11,1,1.25,1,11,1,1,1,1,0,-1.01992201805,-0.739795982838,-2.02766942978,-1.01992201805,-0.739795982838,-2.02766942978
2107,2,1468,135,11,1,1.25,1,24,1,1,1,1,,-1.97292494774,-0.162062332034,-0.361320465803,-1.01992201805,-0.739795982838,-2.02766942978
2108,1,1469,135,11,1,1.25,1,52,1,1,1,1,0,-2.04004311562,-1.04961144924,-0.956161260605,-2.04004311562,-1.04961144924,-0.956161260605
2108,2,1469,135,11,1,1.25,1,65,1,1,1,1,,-1.47269868851,-0.748451471329,,-2.04004311562,-1.04961144924,-0.956161260605
2109,1,1469,135,11,1,1.25,0,25,1,1,1,1,0,-2.55843424797,-0.192648425698,0.242098107934,-2.55843424797,-0.192648425698,0.242098107934
2109,2,1469,135,11,1,1.25,0,38,1,1,1,1,,-2.69245052338,-0.0162402447313,0.493444442749,-2.55843424797,-0.192648425698,0.242098107934
2110,1,1470,135,11,0,18,1,10,1,1,1,1,0,-0.600512742996,1.00428545475,1.62957119942,-0.600512742996,1.00428545475,1.62957119942
2110,2,1470,135,11,0,18,1,23,1,1,1,1,,-1.31400442123,0.98072630167,1.43165647984,-0.600512742996,1.00428545475,1.62957119942
2111,1,1471,135,11,1,1.25,0,26,1,1,1,1,0,-1.68670582771,-0.342812657356,-0.667121171951,-1.68670582771,-0.342812657356,-0.667121171951
2111,2,1471,135,11,1,1.25,0,38,1,1,1,1,,-1.4548304081,-0.935449838638,-1.26777434349,-1.68670582771,-0.342812657356,-0.667121171951
2112,2,1472,135,11,0,18,0,26,1,1,0,,,-2.15903949738,0.139279529452,0.56044280529,,,
2113,1,1473,135,11,1,1.25,0,23,1,1,1,1,0,-2.66801071167,-1.27465569973,-1.16301906109,-2.66801071167,-1.27465569973,-1.16301906109
2113,2,1473,135,11,1,1.25,0,36,1,1,1,1,,-2.828104496,-1.4117667675,-1.08236443996,-2.66801071167,-1.27465569973,-1.16301906109
2114,1,1474,135,11,1,1.25,1,43,1,1,1,1,0,-3.18484306335,-1.07460916042,-0.146872490644,-3.18484306335,-1.07460916042,-0.146872490644
2114,2,1474,135,11,1,1.25,1,54,1,1,1,1,,-2.19913315773,-1.22492039204,-0.906418144703,-3.18484306335,-1.07460916042,-0.146872490644
2115,1,1474,135,11,1,1.25,1,18,1,1,1,1,0,-4.01460695267,-0.556459665298,0.350687086582,-4.01460695267,-0.556459665298,0.350687086582
2115,2,1474,135,11,1,1.25,1,31,1,1,1,1,,-3.07224655151,-0.841208457947,0.517223417759,-4.01460695267,-0.556459665298,0.350687086582
2116,2,1474,135,11,1,1.25,1,12,1,1,0,,,-2.78254103661,-0.965184569359,0.204949140549,,,
2117,1,1475,135,11,0,18,1,54,1,1,1,1,0,-1.41646778584,-0.821697294712,-0.797401070595,-1.41646778584,-0.821697294712,-0.797401070595
2117,2,1475,135,11,0,18,1,67,1,1,1,1,,-1.06263673306,-0.42269924283,,-1.41646778584,-0.821697294712,-0.797401070595
2118,1,1476,135,11,1,1.25,0,39,1,1,1,1,0,-1.18651795387,0.350373387337,-0.194357097149,-1.18651795387,0.350373387337,-0.194357097149
2118,2,1476,135,11,1,1.25,0,52,1,1,1,1,,-1.15384221077,0.803363740444,-0.0849451348186,-1.18651795387,0.350373387337,-0.194357097149
2119,1,1476,135,11,1,1.25,1,14,1,1,1,1,0,-1.68837952614,-0.146310791373,-0.24615496397,-1.68837952614,-0.146310791373,-0.24615496397
2119,2,1476,135,11,1,1.25,1,27,1,1,1,1,,-1.97649419308,-0.555191516876,-0.0475526116788,-1.68837952614,-0.146310791373,-0.24615496397
2120,1,1477,135,11,1,1.25,1,56,1,1,1,1,0,-2.79315519333,-1.68331885338,-0.786653280258,-2.79315519333,-1.68331885338,-0.786653280258
2120,2,1477,135,11,1,1.25,1,69,1,1,1,1,,-2.80799508095,-1.75553095341,,-2.79315519333,-1.68331885338,-0.786653280258
2121,1,1477,135,11,1,1.25,1,23,1,1,1,1,0,-2.63740134239,-1.03309834003,0.161028712988,-2.63740134239,-1.03309834003,0.161028712988
2121,2,1477,135,11,1,1.25,1,36,1,1,1,1,,-2.53468966484,-0.680542826653,0.377470076084,-2.63740134239,-1.03309834003,0.161028712988
2122,1,1478,135,11,0,18,0,53,1,1,1,1,0,0.0425290390849,0.701921880245,,0.0425290390849,0.701921880245,
2122,2,1478,135,11,0,18,0,66,1,1,1,1,,0.24000929296,0.891213715076,,0.0425290390849,0.701921880245,
2123,1,1478,135,11,0,18,0,23,1,0,0,,,,,,,,
2123,2,1478,135,11,0,18,0,35,1,1,0,,,-0.29329547286,0.600001752377,0.585411310196,,,
2124,1,1479,135,11,1,1.25,0,9,1,1,1,1,0,-1.72458422184,0.172593131661,0.595668911934,-1.72458422184,0.172593131661,0.595668911934
2124,2,1479,135,11,1,1.25,0,22,1,1,1,1,,-2.18037199974,-0.345471471548,0.00773725332692,-1.72458422184,0.172593131661,0.595668911934
2125,1,1480,136,12,1,2.875,0,58,1,1,1,1,0,-1.82367610931,-0.467266589403,-0.329187214375,-1.82367610931,-0.467266589403,-0.329187214375
2125,2,1480,136,12,1,2.875,0,71,1,1,1,1,,-1.45103240013,-0.781981706619,,-1.82367610931,-0.467266589403,-0.329187214375
2126,1,1480,136,12,1,2.875,1,14,1,1,1,1,0,0.211731418967,0.98241853714,1.21384084225,0.211731418967,0.98241853714,1.21384084225
2126,2,1480,136,12,1,2.875,1,27,1,1,1,1,,-0.290720105171,0.470711648464,0.924035012722,0.211731418967,0.98241853714,1.21384084225
2127,2,1480,136,12,1,2.875,0,3,1,1,0,,,0.2792070508,0.900997638702,,,,
2128,1,1481,136,12,1,2.875,0,23,1,1,1,1,0,-3.93674063683,-2.59616613388,-1.06929802895,-3.93674063683,-2.59616613388,-1.06929802895
2128,2,1481,136,12,1,2.875,0,36,1,1,1,1,,-3.65089297295,-2.47450709343,-0.606562316418,-3.93674063683,-2.59616613388,-1.06929802895
2129,1,1482,136,12,1,2.875,0,46,1,1,1,1,0,,-0.659730255604,-1.01854681969,,-0.659730255604,-1.01854681969
2129,2,1482,136,12,1,2.875,0,58,1,1,1,1,,-1.38523411751,-0.145660459995,-0.255751788616,,-0.659730255604,-1.01854681969
2130,1,1482,136,12,1,2.875,0,15,1,1,1,1,0,-2.64625692368,-0.945118427277,-0.48213788867,-2.64625692368,-0.945118427277,-0.48213788867
2130,2,1482,136,12,1,2.875,0,28,1,1,1,1,,-3.60239958763,-1.20392465591,0.263238936663,-2.64625692368,-0.945118427277,-0.48213788867
2131,1,1483,136,12,0,29.2499980927,1,7,1,1,1,1,0,-0.383223384619,-0.209437072277,0.337310999632,-0.383223384619,-0.209437072277,0.337310999632
2131,2,1483,136,12,0,29.2499980927,1,20,1,1,1,1,,-1.7603007555,-0.52924823761,0.414424926043,-0.383223384619,-0.209437072277,0.337310999632
2132,1,1484,136,12,1,2.875,0,16,1,1,1,1,0,-2.28729391098,-0.416044712067,0.624719083309,-2.28729391098,-0.416044712067,0.624719083309
2132,2,1484,136,12,1,2.875,0,28,1,1,1,1,,-2.41800093651,-0.100259356201,0.584825515747,-2.28729391098,-0.416044712067,0.624719083309
2133,1,1485,136,12,1,2.875,0,44,1,1,1,0,1,-2.12374591827,-0.842082619667,-1.49538004398,-2.12374591827,-0.842082619667,-1.49538004398
2133,2,1485,136,12,1,2.875,0,57,1,0,1,0,,,,,-2.12374591827,-0.842082619667,-1.49538004398
2134,1,1485,136,12,1,2.875,1,21,1,1,1,1,0,-2.61328411102,-0.865293323994,-1.30741810799,-2.61328411102,-0.865293323994,-1.30741810799
2134,2,1485,136,12,1,2.875,1,35,1,1,1,1,,-2.83050060272,-1.0300577879,-0.307197719812,-2.61328411102,-0.865293323994,-1.30741810799
2135,1,1486,136,12,1,2.875,0,41,1,1,1,0,1,-0.801671206951,0.0629252865911,-0.0883773118258,-0.801671206951,0.0629252865911,-0.0883773118258
2136,1,1486,136,12,1,2.875,1,6,1,1,1,0,1,0.648115694523,0.771374940872,0.932804226875,0.648115694523,0.771374940872,0.932804226875
2137,1,1487,136,12,1,2.875,1,24,1,1,1,1,0,-2.51534032822,-2.02483677864,-1.68115544319,-2.51534032822,-2.02483677864,-1.68115544319
2137,2,1487,136,12,1,2.875,1,37,1,1,1,1,,-2.95643734932,-2.24800086021,-1.63598382473,-2.51534032822,-2.02483677864,-1.68115544319
2138,1,1488,136,12,0,29.2499980927,0,27,1,1,1,1,0,-1.89155638218,0.107467614114,0.471804529428,-1.89155638218,0.107467614114,0.471804529428
2138,2,1488,136,12,0,29.2499980927,0,40,1,1,1,1,,-1.29561305046,0.644836604595,-0.545401573181,-1.89155638218,0.107467614114,0.471804529428
2139,2,1488,136,12,0,29.2499980927,1,27,1,1,0,,,-1.99128031731,0.194654226303,1.87292575836,,,
2140,1,1489,136,12,1,2.875,1,14,1,1,1,1,0,-0.775579154491,0.622157692909,0.749850988388,-0.775579154491,0.622157692909,0.749850988388
2140,2,1489,136,12,1,2.875,1,27,1,1,1,1,,-0.571681320667,1.30513238907,1.87292575836,-0.775579154491,0.622157692909,0.749850988388
2141,1,1489,136,12,1,2.875,1,14,1,1,1,1,0,-1.53935062885,-0.89534175396,-0.24615496397,-1.53935062885,-0.89534175396,-0.24615496397
2141,2,1489,136,12,1,2.875,1,27,1,1,1,1,,-1.29626917839,-0.620732665062,1.28846335411,-1.53935062885,-0.89534175396,-0.24615496397
2142,1,1490,136,12,0,29.2499980927,0,52,1,1,1,1,0,-1.86785519123,-0.503087580204,-0.196584194899,-1.86785519123,-0.503087580204,-0.196584194899
2142,2,1490,136,12,0,29.2499980927,0,66,1,1,1,1,,-1.61432135105,-0.701711893082,,-1.86785519123,-0.503087580204,-0.196584194899
2143,1,1490,136,12,0,29.2499980927,0,18,1,1,1,1,0,-2.83943367004,-0.932538807392,1.44634449482,-2.83943367004,-0.932538807392,1.44634449482
2143,2,1490,136,12,0,29.2499980927,0,30,1,1,1,1,,-2.34427762032,-0.486525207758,0.17691154778,-2.83943367004,-0.932538807392,1.44634449482
2144,1,1492,137,12,1,1,1,72,1,0,0,,,,,,,,
2144,2,1492,137,12,1,1,1,72,1,0,0,,,,,,,,
2145,1,1492,137,12,1,1,0,17,1,1,1,1,0,-2.68830871582,-0.81889039278,-0.363507688046,-2.68830871582,-0.81889039278,-0.363507688046
2145,2,1492,137,12,1,1,0,30,1,1,1,1,,-2.52047681808,-0.94637721777,-0.194672808051,-2.68830871582,-0.81889039278,-0.363507688046
2146,1,1492,137,12,1,1,0,17,1,1,1,1,0,-3.08594942093,-0.892682135105,-0.273827850819,-3.08594942093,-0.892682135105,-0.273827850819
2146,2,1492,137,12,1,1,0,30,1,1,1,1,,-3.16655135155,-0.832497477531,0.0132767539471,-3.08594942093,-0.892682135105,-0.273827850819
2147,1,1494,137,12,0,29.5,0,51,1,1,1,1,0,-2.55602025986,-0.672425568104,0.193794757128,-2.55602025986,-0.672425568104,0.193794757128
2147,2,1494,137,12,0,29.5,0,64,1,1,1,1,,-2.44753694534,-1.18070995808,,-2.55602025986,-0.672425568104,0.193794757128
2148,1,1495,137,12,0,29.5,1,31,1,1,1,1,0,-2.73687791824,0.00576470186934,1.13609814644,-2.73687791824,0.00576470186934,1.13609814644
2148,2,1495,137,12,0,29.5,1,44,1,1,1,1,,-3.18392801285,-0.191423147917,1.02040481567,-2.73687791824,0.00576470186934,1.13609814644
2149,2,1495,137,12,0,29.5,0,4,1,0,0,,,,,,,,
2150,1,1496,137,12,1,1,1,16,1,1,1,1,0,-2.48906183243,-1.1485285759,0.598865151405,-2.48906183243,-1.1485285759,0.598865151405
2150,2,1496,137,12,1,1,1,28,1,1,1,1,,-2.04018688202,0.501264154911,0.0548669435084,-2.48906183243,-1.1485285759,0.598865151405
2151,1,1497,137,12,1,1,1,33,1,1,1,1,0,-2.32109951973,-1.2881538868,-1.23005306721,-2.32109951973,-1.2881538868,-1.23005306721
2151,2,1497,137,12,1,1,1,46,1,1,1,1,,-2.08940124512,-0.97511702776,-0.694670438766,-2.32109951973,-1.2881538868,-1.23005306721
2152,1,1497,137,12,1,1,0,10,1,1,1,1,0,-2.04874706268,-1.26397645473,-1.27867555618,-2.04874706268,-1.26397645473,-1.27867555618
2152,2,1497,137,12,1,1,0,23,1,1,1,1,,-3.25229501724,-2.1707675457,-1.54518139362,-2.04874706268,-1.26397645473,-1.27867555618
2153,1,1498,137,12,1,1,0,84,1,0,0,,,,,,,,
2153,2,1498,137,12,1,1,0,72,1,0,0,,,,,,,,
2154,1,1498,137,12,1,1,0,45,1,1,1,1,0,-2.57745480537,0.737910509109,1.63978600502,-2.57745480537,0.737910509109,1.63978600502
2154,2,1498,137,12,1,1,0,58,1,1,1,1,,-1.2427418232,0.253286749125,0.512491047382,-2.57745480537,0.737910509109,1.63978600502
2155,1,1498,137,12,1,1,1,1,1,1,1,1,0,-0.991292953491,-0.58892428875,,-0.991292953491,-0.58892428875,
2155,2,1498,137,12,1,1,1,13,1,1,1,1,,-1.1285327673,0.446478933096,0.46110996604,-0.991292953491,-0.58892428875,
2156,1,1500,137,12,1,1,1,11,1,1,1,1,0,-0.563714802265,-0.524359107018,0.0282637905329,-0.563714802265,-0.524359107018,0.0282637905329
2156,2,1500,137,12,1,1,1,24,1,1,1,1,,-1.78695762157,-1.16032528877,-1.25377810001,-0.563714802265,-0.524359107018,0.0282637905329
2157,1,1501,137,12,1,1,1,23,1,1,1,0,1,-2.51136302948,-1.54162192345,-1.14530444145,-2.51136302948,-1.54162192345,-1.14530444145
2158,1,1502,137,12,1,1,1,8,1,1,1,1,0,-2.51577997208,-0.511965692043,0.257513523102,-2.51577997208,-0.511965692043,0.257513523102
2158,2,1502,137,12,1,1,1,21,1,1,1,1,,-2.71109271049,-0.797272503376,0.155178651214,-2.51577997208,-0.511965692043,0.257513523102
2159,1,1503,137,12,1,1,1,58,1,1,1,1,0,-2.95968127251,-1.3715569973,-0.499099075794,-2.95968127251,-1.3715569973,-0.499099075794
2159,2,1503,137,12,1,1,1,71,1,1,1,1,,-2.77897453308,-1.09420144558,,-2.95968127251,-1.3715569973,-0.499099075794
2160,1,1503,137,12,1,1,1,14,1,1,1,1,0,-2.67569303513,-0.945036351681,-0.600627183914,-2.67569303513,-0.945036351681,-0.600627183914
2160,2,1503,137,12,1,1,1,26,1,1,1,1,,-2.49138903618,-1.22331655025,-0.572793900967,-2.67569303513,-0.945036351681,-0.600627183914
2161,1,1504,138,11,1,1.5,0,20,1,1,1,1,0,-3.67796134949,-2.53118395805,-0.657069981098,-3.67796134949,-2.53118395805,-0.657069981098
2161,2,1504,138,11,1,1.5,0,32,1,1,1,1,,-3.45268583298,-1.25464439392,0.690182626247,-3.67796134949,-2.53118395805,-0.657069981098
2162,1,1504,138,11,1,1.5,0,6,1,1,1,1,0,-0.992201685905,-0.880511403084,-0.222088694572,-0.992201685905,-0.880511403084,-0.222088694572
2162,2,1504,138,11,1,1.5,0,18,1,1,1,1,,-0.763255476952,0.0176599752158,0.302451014519,-0.992201685905,-0.880511403084,-0.222088694572
2163,1,1505,138,11,0,43.75,1,36,1,1,1,1,0,-4.7622551918,-3.23166513443,-2.1512362957,-4.7622551918,-3.23166513443,-2.1512362957
2163,2,1505,138,11,0,43.75,1,48,1,1,1,1,,-3.98865246773,-2.2766149044,-1.95638692379,-4.7622551918,-3.23166513443,-2.1512362957
2164,2,1506,138,11,1,1.5,1,42,1,1,0,,,-1.0317312479,0.342475473881,0.286020755768,,,
2165,1,1507,138,11,1,1.5,1,33,1,1,1,1,0,-2.47086811066,-1.46570765972,-2.14544463158,-2.47086811066,-1.46570765972,-2.14544463158
2165,2,1507,138,11,1,1.5,1,46,1,1,1,1,,-1.98296511173,-0.779548048973,-1.36145412922,-2.47086811066,-1.46570765972,-2.14544463158
2166,1,1508,138,11,1,1.5,0,70,1,0,0,,,,,,,,
2166,2,1508,138,11,1,1.5,0,72,1,0,0,,,,,,,,
2167,1,1508,138,11,1,1.5,0,11,1,1,1,1,0,-1.97000479698,0.666597902775,1.75709688663,-1.97000479698,0.666597902775,1.75709688663
2167,2,1508,138,11,1,1.5,0,25,1,1,1,1,,-2.54238700867,0.167410820723,1.35185599327,-1.97000479698,0.666597902775,1.75709688663
2168,1,1509,138,11,0,43.75,0,7,1,1,1,1,0,-2.05635619164,-0.345099776983,1.17502295971,-2.05635619164,-0.345099776983,1.17502295971
2168,2,1509,138,11,0,43.75,0,19,1,1,1,1,,-1.93873250484,-0.669564723969,1.09064269066,-2.05635619164,-0.345099776983,1.17502295971
2169,1,1510,138,11,1,1.5,0,13,1,1,1,1,0,-0.770234644413,-0.21973438561,0.0214157067239,-0.770234644413,-0.21973438561,0.0214157067239
2169,2,1510,138,11,1,1.5,0,26,1,1,1,1,,-1.63947200775,-0.157915741205,0.109693981707,-0.770234644413,-0.21973438561,0.0214157067239
2170,1,1511,138,11,1,1.5,1,5,1,1,1,1,0,0.369763880968,0.504743397236,,0.369763880968,0.504743397236,
2170,2,1511,138,11,1,1.5,1,18,1,1,1,1,,-1.60403096676,-0.496177792549,-0.819478988647,0.369763880968,0.504743397236,
2171,1,1512,138,11,1,1.5,0,16,1,1,1,1,0,-2.3453347683,-0.264316171408,1.36000263691,-2.3453347683,-0.264316171408,1.36000263691
2171,2,1512,138,11,1,1.5,0,28,1,1,1,1,,-2.82798528671,-0.669652283192,-1.97888171673,-2.3453347683,-0.264316171408,1.36000263691
2172,1,1513,138,11,1,1.5,0,21,1,1,1,1,0,-1.6125818491,-0.256328076124,0.0961060523987,-1.6125818491,-0.256328076124,0.0961060523987
2172,2,1513,138,11,1,1.5,0,35,1,1,1,1,,-1.76852667332,-0.269944906235,0.623320758343,-1.6125818491,-0.256328076124,0.0961060523987
