childid,round,hhid,vid,block,eligible,samp_wgt,female,agemonths,anthro_shouldbe,anthro_present,anthro_baseline,anthro_panel,anthro_attrites,haz06,waz06,muacz,haz06_R1,waz06_R1,muacz_R1
1092,2,740,69,6,1,1.125,1,34,1,1,1,1,,-1.67922544479,-0.881431519985,-1.6232175827,-1.43956565857,-1.0122371912,-1.79346108437
1093,1,741,69,6,0,50.25,1,28,1,1,1,1,0,-2.1859061718,-1.1423869133,-0.479356139898,-2.1859061718,-1.1423869133,-0.479356139898
1093,2,741,69,6,0,50.25,1,41,1,1,1,1,,-2.12531352043,-1.26147258282,-0.764062583447,-2.1859061718,-1.1423869133,-0.479356139898
1094,1,742,69,6,1,1.125,0,2,1,1,1,1,0,-0.0874295458198,0.0758513063192,,-0.0874295458198,0.0758513063192,
1094,2,742,69,6,1,1.125,0,15,1,1,1,1,,-1.50014019012,-0.554093241692,0.315281242132,-0.0874295458198,0.0758513063192,
1095,1,743,69,6,1,1.125,0,504,1,0,0,,,,,,,,
1095,2,743,69,6,1,1.125,0,55,1,1,0,,,-2.05960631371,-1.63296675682,-1.45484817028,,,
1096,1,744,69,6,1,1.125,1,49,1,1,1,1,0,0.260099381208,0.211144760251,0.407132208347,0.260099381208,0.211144760251,0.407132208347
1096,2,744,69,6,1,1.125,1,62,1,1,1,1,,0.306748062372,0.166071414948,,0.260099381208,0.211144760251,0.407132208347
1097,1,744,69,6,1,1.125,0,22,1,1,1,1,0,-1.61803996563,-0.894136190414,-0.474150180817,-1.61803996563,-0.894136190414,-0.474150180817
1097,2,744,69,6,1,1.125,0,35,1,1,1,1,,-1.8778012991,-1.01927304268,-0.000241196044954,-1.61803996563,-0.894136190414,-0.474150180817
1098,1,745,69,6,0,50.25,1,72,1,0,0,,,,,,,,
1098,2,745,69,6,0,50.25,1,72,1,0,0,,,,,,,,
1099,1,746,69,6,1,1.125,1,48,1,1,1,1,0,-1.73677718639,-2.34394836426,-1.70469737053,-1.73677718639,-2.34394836426,-1.70469737053
1099,2,746,69,6,1,1.125,1,61,1,1,1,1,,-1.26784157753,-2.11548757553,,-1.73677718639,-2.34394836426,-1.70469737053
1100,1,746,69,6,1,1.125,1,17,1,1,1,1,0,-1.88519787788,-1.97219109535,-1.57849371433,-1.88519787788,-1.97219109535,-1.57849371433
1100,2,746,69,6,1,1.125,1,30,1,1,1,1,,-1.38228821754,-1.59259808064,-1.28063356876,-1.88519787788,-1.97219109535,-1.57849371433
1101,1,748,70,7,0,29.2499980927,1,40,1,1,1,1,0,-2.17246556282,-1.03035283089,-0.263105213642,-2.17246556282,-1.03035283089,-0.263105213642
1101,2,748,70,7,0,29.2499980927,1,53,1,1,1,1,,-2.4598634243,-0.627317667007,-0.445370435715,-2.17246556282,-1.03035283089,-0.263105213642
1102,1,748,70,7,0,29.2499980927,0,19,1,1,1,1,0,-2.30166888237,-1.5217474699,-1.17628109455,-2.30166888237,-1.5217474699,-1.17628109455
1102,2,748,70,7,0,29.2499980927,0,32,1,1,1,1,,-2.22825717926,-0.644970774651,-0.228508487344,-2.30166888237,-1.5217474699,-1.17628109455
1103,1,749,70,7,1,1,0,59,1,1,1,1,0,-2.62457203865,-0.551302790642,-0.0616925060749,-2.62457203865,-0.551302790642,-0.0616925060749
1103,2,749,70,7,1,1,0,73,1,1,1,1,,-2.41945409775,-0.68283778429,,-2.62457203865,-0.551302790642,-0.0616925060749
1104,1,749,70,7,1,1,0,14,1,1,1,1,0,-1.79619109631,1.31742882729,1.34243631363,-1.79619109631,1.31742882729,1.34243631363
1104,2,749,70,7,1,1,0,27,1,1,1,1,,-2.43246936798,0.68164986372,1.54782772064,-1.79619109631,1.31742882729,1.34243631363
1105,2,750,70,7,0,29.2499980927,1,57,1,1,0,,,-2.9852013588,-1.31553244591,-0.781123161316,,,
1106,1,751,70,7,1,1,1,7,1,1,1,1,0,-0.966286420822,0.67512601614,0.825285673141,-0.966286420822,0.67512601614,0.825285673141
1106,2,751,70,7,1,1,1,20,1,1,1,1,,-1.41179990768,0.219929918647,-0.437970459461,-0.966286420822,0.67512601614,0.825285673141
1107,1,752,70,7,1,1,0,61,1,0,0,,,,,,,,
1107,2,752,70,7,1,1,0,72,1,0,0,,,,,,,,
1108,1,752,70,7,1,1,0,20,1,1,1,1,0,-3.695728302,-2.31500983238,-1.50580632687,-3.695728302,-2.31500983238,-1.50580632687
1108,2,752,70,7,1,1,0,33,1,1,1,1,,-3.82349658012,-2.22658705711,-1.17300510406,-3.695728302,-2.31500983238,-1.50580632687
1109,2,753,70,7,0,29.2499980927,0,7,1,1,0,,,-1.80302381516,-1.34066438675,-0.762666285038,,,
1110,1,754,70,7,0,29.2499980927,0,35,1,1,1,1,0,-2.38320541382,-0.789436459541,0.316145628691,-2.38320541382,-0.789436459541,0.316145628691
1110,2,754,70,7,0,29.2499980927,0,48,1,1,1,1,,-2.045109272,-0.521648108959,-0.0676083639264,-2.38320541382,-0.789436459541,0.316145628691
1111,1,755,71,6,1,1.5,1,33,1,1,1,1,0,-1.36803197861,-0.865134894848,-0.469512045383,-1.36803197861,-0.865134894848,-0.469512045383
1111,2,755,71,6,1,1.5,1,44,1,1,1,1,,-1.03813159466,-0.317344397306,-0.78444737196,-1.36803197861,-0.865134894848,-0.469512045383
1112,1,755,71,6,1,1.5,1,8,1,1,1,1,0,-0.8878672719,-0.86367982626,-0.982699513435,-0.8878672719,-0.86367982626,-0.982699513435
1112,2,755,71,6,1,1.5,1,19,1,1,1,1,,-0.242783084512,-0.433819293976,-0.464600563049,-0.8878672719,-0.86367982626,-0.982699513435
1113,1,757,71,6,0,33.75,0,72,1,0,0,,,,,,,,
1113,2,757,71,6,0,33.75,0,72,1,1,0,,,-0.994751155376,-1.04164636135,,,,
1114,2,758,71,6,0,33.75,1,9,1,1,0,,,-1.30125689507,-1.26694238186,-1.04556953907,,,
1115,1,760,71,6,1,1.5,1,21,1,1,1,1,0,-1.5047712326,-0.805736541748,0.278603643179,-1.5047712326,-0.805736541748,0.278603643179
1115,2,760,71,6,1,1.5,1,33,1,1,1,1,,-2.02156448364,0.126488819718,0.538773179054,-1.5047712326,-0.805736541748,0.278603643179
1116,1,761,72,7,1,2.5,0,30,1,1,1,1,0,-1.0961817503,0.245170742273,0.731524765491,-1.0961817503,0.245170742273,0.731524765491
1116,2,761,72,7,1,2.5,0,43,1,1,1,1,,-0.461678266525,0.205847680569,0.611009776592,-1.0961817503,0.245170742273,0.731524765491
1117,1,762,72,7,1,2.5,0,59,1,1,1,1,0,-1.19994676113,-0.704439878464,-0.499413281679,-1.19994676113,-0.704439878464,-0.499413281679
1117,2,762,72,7,1,2.5,0,72,1,1,1,1,,-1.20787382126,-1.01987147331,,-1.19994676113,-0.704439878464,-0.499413281679
1118,1,762,72,7,1,2.5,0,47,1,1,1,1,0,-1.74716043472,-0.309635818005,0.216804102063,-1.74716043472,-0.309635818005,0.216804102063
1118,2,762,72,7,1,2.5,0,60,1,1,1,1,,-1.67544496059,-0.37656468153,-0.29951184988,-1.74716043472,-0.309635818005,0.216804102063
1119,1,762,72,7,1,2.5,1,12,1,1,1,1,0,-2.95730137825,-1.93061900139,-0.893148243427,-2.95730137825,-1.93061900139,-0.893148243427
1119,2,762,72,7,1,2.5,1,24,1,1,1,1,,-2.94927120209,-1.80718934536,0.180774956942,-2.95730137825,-1.93061900139,-0.893148243427
1120,1,762,72,7,1,2.5,0,1,1,1,1,1,0,-2.5811855793,-2.53382658958,,-2.5811855793,-2.53382658958,
1120,2,762,72,7,1,2.5,0,13,1,1,1,1,,-3.14037895203,-2.14004182816,-0.985476672649,-2.5811855793,-2.53382658958,
1121,1,764,72,7,1,2.5,1,72,1,0,0,,,,,,,,
1121,2,764,72,7,1,2.5,1,71,1,1,0,,,-0.951489448547,-1.17578840256,,,,
1122,1,764,72,7,1,2.5,1,22,1,1,1,1,0,-2.40497684479,-1.14418327808,-0.455187648535,-2.40497684479,-1.14418327808,-0.455187648535
1122,2,764,72,7,1,2.5,1,35,1,1,1,1,,-2.03342366219,-1.11166894436,-0.0725157409906,-2.40497684479,-1.14418327808,-0.455187648535
1123,1,765,72,7,1,2.5,1,52,1,1,1,1,0,-2.15214085579,-1.0751324892,-0.101006731391,-2.15214085579,-1.0751324892,-0.101006731391
1123,2,765,72,7,1,2.5,1,65,1,1,1,1,,-2.07445693016,-1.13294792175,,-2.15214085579,-1.0751324892,-0.101006731391
1124,1,765,72,7,1,2.5,0,1,1,1,1,1,0,-1.34823417664,-0.119118109345,,-1.34823417664,-0.119118109345,
1124,2,765,72,7,1,2.5,0,14,1,1,1,1,,-1.45307588577,-0.726604104042,0.768251538277,-1.34823417664,-0.119118109345,
1125,1,767,72,7,1,2.5,0,40,1,1,1,1,0,-2.99528455734,-3.52533888817,-3.11805677414,-2.99528455734,-3.52533888817,-3.11805677414
1125,2,767,72,7,1,2.5,0,53,1,1,1,1,,-3.57763576508,-2.65811443329,-2.21692347527,-2.99528455734,-3.52533888817,-3.11805677414
1126,1,767,72,7,1,2.5,0,72,1,0,0,,,,,,,,
1126,2,767,72,7,1,2.5,0,72,1,0,0,,,,,,,,
1127,1,768,72,7,1,2.5,1,7,1,1,1,1,0,-2.28357982635,-1.98374378681,-1.48140406609,-2.28357982635,-1.98374378681,-1.48140406609
1127,2,768,72,7,1,2.5,1,20,1,1,1,1,,-2.22497105598,-1.18622457981,-0.606335699558,-2.28357982635,-1.98374378681,-1.48140406609
1128,1,768,72,7,1,2.5,0,59,1,1,1,1,0,-2.65719747543,-2.04324173927,-1.28285908699,-2.65719747543,-2.04324173927,-1.28285908699
1128,2,768,72,7,1,2.5,0,72,1,1,1,1,,-2.77076840401,-2.33071827888,,-2.65719747543,-2.04324173927,-1.28285908699
1129,1,769,72,7,0,43.75,0,25,1,1,1,0,1,-2.57448172569,-1.44862699509,-1.16668760777,-2.57448172569,-1.44862699509,-1.16668760777
1130,1,770,72,7,0,43.75,1,72,1,0,0,,,,,,,,
1130,2,770,72,7,0,43.75,1,72,1,0,0,,,,,,,,
1131,1,771,72,7,1,2.5,0,24,1,1,1,1,0,-4.7622551918,-3.8929309845,-3.11805677414,-4.7622551918,-3.8929309845,-3.11805677414
1131,2,771,72,7,1,2.5,0,37,1,1,1,1,,-4.47712230682,-3.32459616661,-2.47341585159,-4.7622551918,-3.8929309845,-3.11805677414
1132,1,772,72,7,1,2.5,1,20,1,1,1,1,0,-2.83899855614,0.116010740399,1.0434319973,-2.83899855614,0.116010740399,1.0434319973
1132,2,772,72,7,1,2.5,1,33,1,1,1,1,,-2.87932348251,-0.810850322247,0.00817180611193,-2.83899855614,0.116010740399,1.0434319973
1133,1,774,73,6,0,44.5,0,32,1,1,1,1,0,-2.27097034454,,-1.46126425266,-2.27097034454,,-1.46126425266
1133,2,774,73,6,0,44.5,0,44,1,1,1,1,,-1.76514613628,-2.16460466385,-1.76637470722,-2.27097034454,,-1.46126425266
1134,1,775,73,6,1,1,0,4,1,1,1,1,0,0.679557800293,0.845578372478,,0.679557800293,0.845578372478,
1134,2,775,73,6,1,1,0,17,1,1,1,1,,0.303455770016,0.457912236452,1.67812931538,0.679557800293,0.845578372478,
1135,1,776,73,6,0,44.5,0,26,1,1,1,1,0,-1.5764926672,-0.15088416636,0.357690691948,-1.5764926672,-0.15088416636,0.357690691948
1135,2,776,73,6,0,44.5,0,39,1,1,1,1,,-1.51196205616,-3.18876791,-0.0354205593467,-1.5764926672,-0.15088416636,0.357690691948
1136,1,776,73,6,0,44.5,0,1,1,1,1,1,0,1.41551947594,1.74831914902,,1.41551947594,1.74831914902,
1136,2,776,73,6,0,44.5,0,15,1,1,1,1,,-1.6384665966,-0.187585905194,0.90548825264,1.41551947594,1.74831914902,
1137,1,777,73,6,1,1,1,27,1,1,1,1,0,-3.21864151955,-2.14202213287,-0.763999044895,-3.21864151955,-2.14202213287,-0.763999044895
1137,2,777,73,6,1,1,1,40,1,1,1,1,,-2.67481040955,-1.5601900816,-0.930513381958,-3.21864151955,-2.14202213287,-0.763999044895
1138,1,779,74,6,1,1.125,1,66,1,0,0,,,,,,,,
1138,2,779,74,6,1,1.125,1,72,1,0,0,,,,,,,,
1139,1,779,74,6,1,1.125,1,15,1,1,1,1,0,-1.22659957409,-0.366366744041,0.228147372603,-1.22659957409,-0.366366744041,0.228147372603
1139,2,779,74,6,1,1.125,1,28,1,1,1,1,,-2.65220713615,-1.71290433407,-0.572522997856,-1.22659957409,-0.366366744041,0.228147372603
1140,1,780,74,6,0,51.75,1,48,1,1,1,1,0,-1.40015721321,-0.878049552441,-0.833222806454,-1.40015721321,-0.878049552441,-0.833222806454
1140,2,780,74,6,0,51.75,1,61,1,1,1,1,,-1.21546530724,-1.0181261301,,-1.40015721321,-0.878049552441,-0.833222806454
1141,1,780,74,6,0,51.75,0,7,1,1,1,1,0,-1.31939065456,-1.29039430618,-0.715054094791,-1.31939065456,-1.29039430618,-0.715054094791
1141,2,780,74,6,0,51.75,0,21,1,1,1,1,,-2.48240399361,-1.82748568058,-0.428924053907,-1.31939065456,-1.29039430618,-0.715054094791
1142,1,781,74,6,1,1.125,1,240,1,0,0,,,,,,,,
1142,2,781,74,6,1,1.125,1,32,1,1,0,,,-1.56944942474,-0.497476786375,-0.346822440624,,,
1143,1,782,74,6,1,1.125,1,12,1,0,0,,,,,,,,
1143,2,782,74,6,1,1.125,1,25,1,0,0,,,,,,,,
1144,1,784,74,6,1,1.125,1,60,1,1,1,1,0,-2.24387860298,-1.6650198698,-0.626059532166,-2.24387860298,-1.6650198698,-0.626059532166
1144,2,784,74,6,1,1.125,1,72,1,1,1,1,,,-1.62247133255,,-2.24387860298,-1.6650198698,-0.626059532166
1145,1,784,74,6,1,1.125,1,19,1,1,1,1,0,-2.18653321266,-2.02595329285,-0.824343383312,-2.18653321266,-2.02595329285,-0.824343383312
1145,2,784,74,6,1,1.125,1,32,1,1,1,1,,-2.86569428444,-2.28627181053,-0.676243245602,-2.18653321266,-2.02595329285,-0.824343383312
1146,1,785,74,6,1,1.125,1,18,1,1,1,1,0,-1.62125039101,-0.573786079884,-0.682846844196,-1.62125039101,-0.573786079884,-0.682846844196
1146,2,785,74,6,1,1.125,1,31,1,1,1,1,,-0.962225437164,-0.702015817165,-0.801926255226,-1.62125039101,-0.573786079884,-0.682846844196
1147,2,785,74,6,1,1.125,1,2,1,1,0,,,-0.0330518484116,-0.349384516478,,,,
1148,1,786,74,6,1,1.125,1,21,1,1,1,1,0,-0.803802132607,-1.92970144749,-2.09599304199,-0.803802132607,-1.92970144749,-2.09599304199
1148,2,786,74,6,1,1.125,1,34,1,1,1,1,,0.256976276636,-1.62205719948,-2.18039894104,-0.803802132607,-1.92970144749,-2.09599304199
1149,1,786,74,6,1,1.125,1,56,1,1,1,1,0,0.0696613416076,-0.313474595547,-0.930042266846,0.0696613416076,-0.313474595547,-0.930042266846
1149,2,786,74,6,1,1.125,1,72,1,1,1,1,,-0.102430000901,-0.226590290666,,0.0696613416076,-0.313474595547,-0.930042266846
1150,1,786,74,6,1,1.125,0,43,1,1,1,1,0,-1.72295463085,-1.26858389378,-0.70094704628,-1.72295463085,-1.26858389378,-0.70094704628
1150,2,786,74,6,1,1.125,0,56,1,1,1,1,,-1.61958873272,-1.07980275154,-1.30630731583,-1.72295463085,-1.26858389378,-0.70094704628
1151,2,786,74,6,1,1.125,1,6,1,1,0,,,0.780485093594,-0.411805510521,0.610271215439,,,
1152,1,787,74,6,1,1.125,0,20,1,0,0,,,,,,,,
1152,2,787,74,6,1,1.125,0,33,1,1,0,,,-3.10770058632,-0.943671762943,0.304065167904,,,
1153,2,787,74,6,1,1.125,1,4,1,1,0,,,-0.0415351726115,-1.40034377575,,,,
1154,1,788,74,6,0,51.75,1,16,1,1,1,1,0,-1.5049598217,-0.0602502115071,1.73760592937,-1.5049598217,-0.0602502115071,1.73760592937
1154,2,788,74,6,0,51.75,1,28,1,1,1,1,,-0.816144168377,-0.511846959591,0.486444741488,-1.5049598217,-0.0602502115071,1.73760592937
1155,1,791,75,6,1,1,1,39,1,1,1,1,0,-1.44419205189,-0.233911529183,-0.0746283978224,-1.44419205189,-0.233911529183,-0.0746283978224
1155,2,791,75,6,1,1,1,53,1,1,1,1,,-1.17043936253,-0.440357327461,-0.271606296301,-1.44419205189,-0.233911529183,-0.0746283978224
1156,1,791,75,6,1,1,1,6,1,1,1,1,0,0.140707671642,0.502918958664,0.277125924826,0.140707671642,0.502918958664,0.277125924826
1156,2,791,75,6,1,1,1,19,1,1,1,1,,-0.344197183847,-0.0737741887569,0.784332931042,0.140707671642,0.502918958664,0.277125924826
1157,1,792,75,6,1,1,1,35,1,1,1,1,0,-3.08290743828,-1.55135214329,0.00452986266464,-3.08290743828,-1.55135214329,0.00452986266464
1157,2,792,75,6,1,1,1,48,1,1,1,1,,-3.071652174,-1.52924561501,0.343204438686,-3.08290743828,-1.55135214329,0.00452986266464
1158,1,794,75,6,0,43.5,0,48,1,1,1,1,0,-1.22251713276,0.00052757532103,0.265587061644,-1.22251713276,0.00052757532103,0.265587061644
1158,2,794,75,6,0,43.5,0,61,1,1,1,1,,-0.93973171711,-0.196743920445,,-1.22251713276,0.00052757532103,0.265587061644
1159,1,794,75,6,0,43.5,0,19,1,1,1,1,0,-0.995098471642,0.513367772102,0.929602086544,-0.995098471642,0.513367772102,0.929602086544
1159,2,794,75,6,0,43.5,0,32,1,1,1,1,,-0.121104598045,0.29801300168,0.766533255577,-0.995098471642,0.513367772102,0.929602086544
1160,1,795,75,6,1,1,0,39,1,0,0,,,,,,,,
1160,2,795,75,6,1,1,0,43,1,0,0,,,,,,,,
1161,1,795,75,6,1,1,0,29,1,1,1,1,0,-1.68140375614,-0.129057496786,-0.713421881199,-1.68140375614,-0.129057496786,-0.713421881199
1161,2,795,75,6,1,1,0,42,1,1,1,1,,-1.71533954144,0.192219212651,0.565655350685,-1.68140375614,-0.129057496786,-0.713421881199
1162,1,796,75,6,0,43.5,1,56,1,1,1,1,0,-1.16655445099,-0.19371753931,-0.506279826164,-1.16655445099,-0.19371753931,-0.506279826164
1162,2,796,75,6,0,43.5,1,70,1,1,1,1,,-1.22700035572,-0.638824105263,,-1.16655445099,-0.19371753931,-0.506279826164
1163,1,798,75,6,1,1,1,61,1,0,0,,,,,,,,
1163,2,798,75,6,1,1,1,72,1,0,0,,,,,,,,
1164,1,798,75,6,1,1,1,8,1,1,1,1,0,-0.317041754723,0.921302676201,0.666300535202,-0.317041754723,0.921302676201,0.666300535202
1164,2,798,75,6,1,1,1,21,1,1,1,1,,-1.21134352684,0.181563287973,0.0302813556045,-0.317041754723,0.921302676201,0.666300535202
1165,2,798,75,6,1,1,0,4,1,1,0,,,0.00672825844958,-0.310353398323,,,,
1166,1,799,75,6,1,1,1,44,1,1,1,1,0,-2.26774477959,-1.56440937519,-1.34365010262,-2.26774477959,-1.56440937519,-1.34365010262
1166,2,799,75,6,1,1,1,57,1,1,1,1,,-2.12446022034,-1.47196042538,-1.03158259392,-2.26774477959,-1.56440937519,-1.34365010262
1167,1,799,75,6,1,1,1,16,1,1,1,1,0,-1.64810240269,-2.67641711235,-3.11805677414,-1.64810240269,-2.67641711235,-3.11805677414
1167,2,799,75,6,1,1,1,29,1,1,1,1,,-1.52233994007,-1.01408183575,-0.833524048328,-1.64810240269,-2.67641711235,-3.11805677414
1168,1,800,75,6,1,1,0,66,1,0,0,,,,,,,,
1168,2,800,75,6,1,1,0,72,1,0,0,,,,,,,,
1169,1,800,75,6,1,1,1,21,1,1,1,1,0,-1.08092975616,-1.65442740917,-1.49920010567,-1.08092975616,-1.65442740917,-1.49920010567
1169,2,800,75,6,1,1,1,35,1,1,1,1,,-1.40904533863,-1.44932222366,-1.25994598866,-1.08092975616,-1.65442740917,-1.49920010567
1170,1,801,75,6,1,1,1,42,1,1,1,1,0,-1.46215200424,-1.66285383701,-0.797666311264,-1.46215200424,-1.66285383701,-0.797666311264
1170,2,801,75,6,1,1,1,55,1,1,1,1,,-1.2855963707,-1.81857049465,-0.900302946568,-1.46215200424,-1.66285383701,-0.797666311264
1171,1,801,75,6,1,1,0,2,1,1,1,1,0,0.737378001213,0.45719268918,,0.737378001213,0.45719268918,
1171,2,801,75,6,1,1,0,15,1,1,1,1,,1.15755546093,-1.03316521645,-1.18342530727,0.737378001213,0.45719268918,
1172,1,803,76,5,0,49.75,1,49,1,0,0,,,,,,,,
1172,2,803,76,5,0,49.75,1,62,1,0,0,,,,,,,,
1173,1,804,76,5,1,1,0,19,1,1,1,1,0,-0.777337133884,0.188545778394,0.518072426319,-0.777337133884,0.188545778394,0.518072426319
1173,2,804,76,5,1,1,0,32,1,1,1,1,,-0.776031851768,0.303940743208,0.339820951223,-0.777337133884,0.188545778394,0.518072426319
1174,2,804,76,5,1,1,0,2,1,1,0,,,-1.76203644276,-0.609150886536,,,,
1175,1,807,76,5,1,1,0,38,1,1,1,1,0,-3.70624065399,-2.44094085693,-2.49740195274,-3.70624065399,-2.44094085693,-2.49740195274
1175,2,807,76,5,1,1,0,51,1,1,1,1,,-3.42706632614,-2.41313529015,-1.81416630745,-3.70624065399,-2.44094085693,-2.49740195274
1176,1,807,76,5,1,1,1,10,1,1,1,1,0,-2.54576206207,-2.03048729897,-1.57929396629,-2.54576206207,-2.03048729897,-1.57929396629
1176,2,807,76,5,1,1,1,23,1,1,1,1,,-3.04702210426,-1.6241748333,-0.515545189381,-2.54576206207,-2.03048729897,-1.57929396629
1177,1,808,77,6,1,1,1,32,1,0,0,,,,,,,,
1177,2,808,77,6,1,1,1,47,1,0,0,,,,,,,,
1178,1,808,77,6,1,1,1,6,1,0,0,,,,,,,,
1178,2,808,77,6,1,1,1,47,1,0,0,,,,,,,,
1179,2,808,77,6,1,1,1,1,1,0,0,,,,,,,,
1180,1,810,77,6,1,1,1,59,1,1,1,1,0,-1.54567193985,-1.39670455456,-2.23460912704,-1.54567193985,-1.39670455456,-2.23460912704
1180,2,810,77,6,1,1,1,72,1,1,1,1,,-2.21197628975,-1.8184581995,,-1.54567193985,-1.39670455456,-2.23460912704
1181,2,810,77,6,1,1,0,7,1,1,0,,,-3.89876079559,-3.44565272331,-2.95972418785,,,
1182,1,811,77,6,1,1,1,1,1,1,1,1,0,-2.0658929348,-1.57399272919,,-2.0658929348,-1.57399272919,
1182,2,811,77,6,1,1,1,14,1,1,1,1,,-4.37088871002,-3.44565272331,-1.69205081463,-2.0658929348,-1.57399272919,
1183,1,812,77,6,1,1,1,53,1,1,1,1,0,-2.48209643364,-1.63349831104,-1.84024238586,-2.48209643364,-1.63349831104,-1.84024238586
1183,2,812,77,6,1,1,1,66,1,1,1,1,,-1.96070945263,-1.62333071232,,-2.48209643364,-1.63349831104,-1.84024238586
1184,1,812,77,6,1,1,1,44,1,1,1,1,0,-2.13514041901,-1.30473852158,-0.0365892462432,-2.13514041901,-1.30473852158,-0.0365892462432
1184,2,812,77,6,1,1,1,57,1,1,1,1,,-1.57573723793,-1.44133150578,-1.28890252113,-2.13514041901,-1.30473852158,-0.0365892462432
1185,1,812,77,6,1,1,0,27,1,1,1,0,1,-4.37975692749,-1.85471236706,-0.0217418633401,-4.37975692749,-1.85471236706,-0.0217418633401
1185,2,812,77,6,1,1,0,40,1,0,1,0,,,,,-4.37975692749,-1.85471236706,-0.0217418633401
1186,1,812,77,6,1,1,0,20,1,1,1,1,0,-1.51019108295,-0.547947466373,0.477549314499,-1.51019108295,-0.547947466373,0.477549314499
1186,2,812,77,6,1,1,0,33,1,1,1,1,,-1.14277327061,-0.848873198032,-0.730226457119,-1.51019108295,-0.547947466373,0.477549314499
1187,1,812,77,6,1,1,1,9,1,1,1,0,1,-2.85357499123,-2.20353841782,-1.42991602421,-2.85357499123,-2.20353841782,-1.42991602421
1187,2,812,77,6,1,1,1,22,1,0,1,0,,,,,-2.85357499123,-2.20353841782,-1.42991602421
1188,1,813,77,6,1,1,0,27,1,1,1,1,0,-4.75066757202,-3.8929309845,-2.64699578285,-4.75066757202,-3.8929309845,-2.64699578285
1188,2,813,77,6,1,1,0,37,1,1,1,1,,-4.19308233261,-1.86977601051,-1.02103579044,-4.75066757202,-3.8929309845,-2.64699578285
1189,1,814,77,6,0,46.5,1,20,1,0,0,,,,,,,,
1189,2,814,77,6,0,46.5,1,35,1,0,0,,,,,,,,
1190,1,815,77,6,0,46.5,1,63,1,0,0,,,,,,,,
1190,2,815,77,6,0,46.5,1,72,1,0,0,,,,,,,,
1191,2,815,77,6,0,46.5,0,12,1,1,0,,,-0.462411522865,0.419796973467,1.1573959589,,,
1192,1,816,77,6,0,46.5,1,33,1,1,1,1,0,-2.08964061737,-2.09616279602,-1.76968789101,-2.08964061737,-2.09616279602,-1.76968789101
1192,2,816,77,6,0,46.5,1,46,1,1,1,1,,-1.64000117779,-1.86347210407,-1.69147026539,-2.08964061737,-2.09616279602,-1.76968789101
1193,1,817,78,5,0,48,1,19,1,1,1,1,0,-1.1047950983,0.0393157862127,0.465614914894,-1.1047950983,0.0393157862127,0.465614914894
1193,2,817,78,5,0,48,1,33,1,1,1,1,,-1.46333825588,-0.115594081581,1.11317801476,-1.1047950983,0.0393157862127,0.465614914894
1194,1,818,78,5,1,1.25,0,20,1,1,1,1,0,-2.52300143242,-0.958218276501,-1.31229007244,-2.52300143242,-0.958218276501,-1.31229007244
1194,2,818,78,5,1,1.25,0,33,1,1,1,1,,-2.34980082512,-0.788521707058,-0.221487164497,-2.52300143242,-0.958218276501,-1.31229007244
1195,1,820,78,5,1,1.25,0,47,1,1,1,1,0,-1.84338998795,-0.947108924389,-1.82729279995,-1.84338998795,-0.947108924389,-1.82729279995
1195,2,820,78,5,1,1.25,0,60,1,1,1,1,,-2.44154310226,-0.602869391441,-0.558120012283,-1.84338998795,-0.947108924389,-1.82729279995
1196,2,820,78,5,1,1.25,1,27,1,1,0,,,-2.43490457535,-1.02891993523,-0.211780533195,,,
1197,1,821,78,5,0,48,1,84,1,0,0,,,,,,,,
1197,2,821,78,5,0,48,1,72,1,0,0,,,,,,,,
1198,1,822,78,5,1,1.25,1,48,1,1,1,1,0,-2.36358737946,-0.040354963392,0.897336006165,-2.36358737946,-0.040354963392,0.897336006165
1198,2,822,78,5,1,1.25,1,62,1,1,1,1,,-2.09655213356,-0.407368332148,,-2.36358737946,-0.040354963392,0.897336006165
1199,1,822,78,5,1,1.25,0,26,1,1,1,1,0,-0.97820520401,-1.521053195,-1.59437465668,-0.97820520401,-1.521053195,-1.59437465668
1199,2,822,78,5,1,1.25,0,39,1,1,1,1,,-1.21255111694,-1.44493806362,-1.02838587761,-0.97820520401,-1.521053195,-1.59437465668
1200,1,823,78,5,1,1.25,1,16,1,1,1,1,0,-1.41549599171,0.500072002411,0.6788367033,-1.41549599171,0.500072002411,0.6788367033
1200,2,823,78,5,1,1.25,1,29,1,1,1,1,,-1.80962252617,0.290993839502,1.34710729122,-1.41549599171,0.500072002411,0.6788367033
1201,1,824,78,5,0,48,0,636,1,0,0,,,,,,,,
1201,2,824,78,5,0,48,0,66,1,1,0,,,-1.1718095541,-0.92509752512,,,,
1202,1,824,78,5,0,48,0,144,1,0,0,,,,,,,,
1202,2,824,78,5,0,48,0,27,1,1,0,,,,,-0.758685767651,,,
1203,1,825,79,5,1,1.74999988079,0,72,1,0,0,,,,,,,,
1203,2,825,79,5,1,1.74999988079,0,72,1,0,0,,,,,,,,
1204,1,825,79,5,1,1.74999988079,0,22,1,1,1,1,0,-4.34448242188,-1.76859664917,-0.474150180817,-4.34448242188,-1.76859664917,-0.474150180817
1204,2,825,79,5,1,1.74999988079,0,35,1,1,1,1,,-4.44579458237,-2.07304143906,-0.705583631992,-4.34448242188,-1.76859664917,-0.474150180817
1205,2,825,79,5,1,1.74999988079,1,3,1,1,0,,,-1.68778800964,-1.95867109299,,,,
1206,1,826,79,5,1,1.74999988079,0,5,1,1,1,1,0,-1.32729291916,-1.42808258533,,-1.32729291916,-1.42808258533,
1206,2,826,79,5,1,1.74999988079,0,18,1,1,1,1,,-2.39453649521,-1.29454851151,-1.47598814964,-1.32729291916,-1.42808258533,
1207,1,828,79,5,0,44,0,62,1,0,0,,,,,,,,
1207,2,828,79,5,0,44,0,72,1,0,0,,,,,,,,
1208,1,828,79,5,0,44,1,1,1,1,1,1,0,-4.29185295105,-3.18081855774,,-4.29185295105,-3.18081855774,
1208,2,828,79,5,0,44,1,13,1,1,1,1,,-2.32643079758,-1.44949269295,-0.699648737907,-4.29185295105,-3.18081855774,
1209,1,829,79,5,1,1.74999988079,0,16,1,1,1,1,0,-3.81569194794,-2.29321956635,-1.85246956348,-3.81569194794,-2.29321956635,-1.85246956348
1209,2,829,79,5,1,1.74999988079,0,29,1,1,1,1,,-3.87539863586,-1.84106338024,-2.07088208199,-3.81569194794,-2.29321956635,-1.85246956348
1210,1,830,79,5,0,44,0,33,1,0,0,,,,,,,,
1210,2,830,79,5,0,44,0,46,1,1,0,,,-3.62753200531,-1.16415023804,-0.566374003887,,,
1211,2,830,79,5,0,44,1,2,1,1,0,,,-1.7274171114,-0.287094056606,,,,
1212,2,830,79,5,0,44,0,6,1,1,0,,,-2.74430346489,-1.27616810799,-0.840576767921,,,
1213,1,832,79,5,1,1.74999988079,0,192,1,0,0,,,,,,,,
1213,2,832,79,5,1,1.74999988079,0,29,1,1,0,,,0.214086323977,-0.343221008778,-0.237745851278,,,
1214,1,833,79,5,1,1.74999988079,0,58,1,1,1,1,0,-2.71152186394,-2.61335301399,-2.30804944038,-2.71152186394,-2.61335301399,-2.30804944038
1214,2,833,79,5,1,1.74999988079,0,71,1,1,1,1,,-2.8397963047,-2.87054085732,,-2.71152186394,-2.61335301399,-2.30804944038
1215,1,833,79,5,1,1.74999988079,1,27,1,0,0,,,,,,,,
1215,2,833,79,5,1,1.74999988079,1,40,1,1,0,,,-3.679500103,-2.27551293373,-1.34469795227,,,
1216,2,833,79,5,1,1.74999988079,0,4,1,1,0,,,-2.39623165131,-1.7297860384,,,,
1217,1,834,79,5,1,1.74999988079,1,26,1,1,1,1,0,-2.50640273094,-1.35587286949,-0.191748067737,-2.50640273094,-1.35587286949,-0.191748067737
1217,2,834,79,5,1,1.74999988079,1,39,1,1,1,1,,-2.23121738434,-1.33759975433,-0.418526142836,-2.50640273094,-1.35587286949,-0.191748067737
1218,1,835,79,5,1,1.74999988079,1,51,1,1,1,1,0,-2.36934137344,-1.3224915266,-0.925594568253,-2.36934137344,-1.3224915266,-0.925594568253
1218,2,835,79,5,1,1.74999988079,1,64,1,1,1,1,,-2.20890307426,-1.55973553658,,-2.36934137344,-1.3224915266,-0.925594568253
1219,1,835,79,5,1,1.74999988079,1,1,1,1,1,1,0,-0.914534926414,-1.20617699623,,-0.914534926414,-1.20617699623,
1219,2,835,79,5,1,1.74999988079,1,13,1,1,1,1,,0.0503528192639,0.388105332851,0.379466056824,-0.914534926414,-1.20617699623,
1220,2,836,79,5,0,44,1,48,1,1,0,,,-2.25911951065,-0.773867964745,-1.02459561825,,,
1221,1,838,80,5,1,1,0,48,1,1,1,1,0,-2.62926864624,-1.61259508133,-1.75636219978,-2.62926864624,-1.61259508133,-1.75636219978
1221,2,838,80,5,1,1,0,61,1,1,1,1,,-3.030585289,-2.02081823349,,-2.62926864624,-1.61259508133,-1.75636219978
1222,1,838,80,5,1,1,1,26,1,1,1,1,0,-4.53345966339,-3.07613420486,-2.82040214539,-4.53345966339,-3.07613420486,-2.82040214539
1222,2,838,80,5,1,1,1,39,1,1,1,1,,-4.09723138809,-2.93813443184,-1.61330914497,-4.53345966339,-3.07613420486,-2.82040214539
1223,1,839,80,5,0,54.7500038147,1,47,1,1,1,1,0,-2.71445250511,-1.75345182419,-1.35005927086,-2.71445250511,-1.75345182419,-1.35005927086
1223,2,839,80,5,0,54.7500038147,1,60,1,1,1,1,,-2.23336625099,-1.69570302963,-1.86093425751,-2.71445250511,-1.75345182419,-1.35005927086
1224,1,839,80,5,0,54.7500038147,0,21,1,1,1,1,0,-2.81293535233,-1.69627773762,-0.251481503248,-2.81293535233,-1.69627773762,-0.251481503248
1224,2,839,80,5,0,54.7500038147,0,34,1,1,1,1,,-2.68638300896,-2.04804396629,-0.718670487404,-2.81293535233,-1.69627773762,-0.251481503248
1225,1,840,80,5,1,1,0,49,1,1,1,0,1,-1.74614393711,-1.23344600201,-2.72026872635,-1.74614393711,-1.23344600201,-2.72026872635
1226,1,840,80,5,1,1,1,5,1,1,1,1,0,-1.45673024654,-2.09787678719,-2.15789270401,-1.45673024654,-2.09787678719,-2.15789270401
1226,2,840,80,5,1,1,1,18,1,1,1,1,,-2.9126303196,-2.48962378502,-1.62880027294,-1.45673024654,-2.09787678719,-2.15789270401
1227,2,840,80,5,1,1,0,62,1,1,0,,,-1.65504324436,-1.34893858433,,,,
1228,1,842,80,5,0,54.7500038147,0,35,1,1,1,1,0,-1.98707783222,-1.05266368389,-0.326359897852,-1.98707783222,-1.05266368389,-0.326359897852
1228,2,842,80,5,0,54.7500038147,0,48,1,1,1,1,,-1.66361546516,-0.816717684269,-0.812887430191,-1.98707783222,-1.05266368389,-0.326359897852
1229,1,844,81,6,1,1,1,16,1,1,1,1,0,-2.93638110161,,-0.324096947908,-2.93638110161,,-0.324096947908
1229,2,844,81,6,1,1,1,29,1,1,1,1,,-2.98748064041,-1.73619532585,-0.833524048328,-2.93638110161,,-0.324096947908
1230,2,844,81,6,1,1,0,1,1,1,0,,,-3.45452737808,-1.89909219742,,,,
1231,1,845,81,6,1,1,0,38,1,1,1,1,0,-2.98210310936,-2.4870300293,-2.20072793961,-2.98210310936,-2.4870300293,-2.20072793961
1231,2,845,81,6,1,1,0,52,1,1,1,1,,-2.39760637283,-2.10426497459,-2.33927464485,-2.98210310936,-2.4870300293,-2.20072793961
1232,1,845,81,6,1,1,0,17,1,1,1,1,0,-2.72617840767,-2.25737929344,-1.88637423515,-2.72617840767,-2.25737929344,-1.88637423515
1232,2,845,81,6,1,1,0,32,1,1,1,1,,-2.54148459435,-2.0243768692,-2.43336319923,-2.72617840767,-2.25737929344,-1.88637423515
1233,1,846,81,6,0,47.4999961853,0,62,1,0,0,,,,,,,,
1233,2,846,81,6,0,47.4999961853,0,72,1,0,0,,,,,,,,
1234,1,846,81,6,0,47.4999961853,0,26,1,1,1,1,0,-0.867992043495,-0.793143391609,-0.846882998943,-0.867992043495,-0.793143391609,-0.846882998943
1234,2,846,81,6,0,47.4999961853,0,39,1,1,1,1,,-1.68119132519,-0.218070015311,-0.72870361805,-0.867992043495,-0.793143391609,-0.846882998943
1235,2,846,81,6,0,47.4999961853,1,2,1,1,0,,,1.15755546093,0.844536781311,,,,
1236,1,847,81,6,1,1,1,30,1,1,1,1,0,-3.9317471981,-2.64054965973,-2.02450656891,-3.9317471981,-2.64054965973,-2.02450656891
1236,2,847,81,6,1,1,1,43,1,1,1,1,,-3.84228920937,-2.96347022057,-2.21951174736,-3.9317471981,-2.64054965973,-2.02450656891
1237,1,849,81,6,0,47.4999961853,0,40,1,1,1,1,0,-2.23558354378,-1.91204869747,-1.67847859859,-2.23558354378,-1.91204869747,-1.67847859859
1237,2,849,81,6,0,47.4999961853,0,53,1,1,1,1,,-1.81894505024,-1.82656574249,-1.67515861988,-2.23558354378,-1.91204869747,-1.67847859859
1238,1,850,82,10,1,5.75,1,51,1,1,1,1,0,-2.4823975563,-1.20428943634,-0.630724787712,-2.4823975563,-1.20428943634,-0.630724787712
1238,2,850,82,10,1,5.75,1,62,1,1,1,1,,-2.53351712227,-0.932337343693,,-2.4823975563,-1.20428943634,-0.630724787712
1239,1,850,82,10,1,5.75,1,1,1,1,1,1,0,0.876466333866,1.43173551559,,0.876466333866,1.43173551559,
1239,2,850,82,10,1,5.75,1,15,1,1,1,1,,-2.30355811119,-1.04418170452,-0.0246204547584,0.876466333866,1.43173551559,
1240,1,851,82,10,0,22.75,1,17,1,1,1,1,0,-2.02559685707,-1.44791138172,-0.45614272356,-2.02559685707,-1.44791138172,-0.45614272356
1240,2,851,82,10,0,22.75,1,30,1,1,1,1,,-1.87801635265,-1.23183572292,-0.797980427742,-2.02559685707,-1.44791138172,-0.45614272356
1241,1,852,82,10,1,5.75,0,63,1,0,0,,,,,,,,
1241,2,852,82,10,1,5.75,0,62,1,0,0,,,,,,,,
1242,1,852,82,10,1,5.75,0,27,1,1,1,1,0,-4.58066558838,-2.93298172951,-2.03325486183,-4.58066558838,-2.93298172951,-2.03325486183
1242,2,852,82,10,1,5.75,0,39,1,1,1,1,,-4.28474330902,-2.56524419785,-1.84132051468,-4.58066558838,-2.93298172951,-2.03325486183
1243,1,853,82,10,1,5.75,1,48,1,1,1,1,0,-1.22604310513,-2.07259321213,-2.12779974937,-1.22604310513,-2.07259321213,-2.12779974937
1243,2,853,82,10,1,5.75,1,62,1,1,1,1,,-0.608795523643,-1.5596203804,,-1.22604310513,-2.07259321213,-2.12779974937
1244,1,855,82,10,1,5.75,0,36,1,1,1,1,0,-3.27322053909,-3.42210555077,-3.11805677414,-3.27322053909,-3.42210555077,-3.11805677414
1244,2,855,82,10,1,5.75,0,51,1,1,1,1,,-3.76387023926,-3.23487091064,-2.95972418785,-3.27322053909,-3.42210555077,-3.11805677414
1245,1,856,82,10,0,22.75,1,62,1,0,0,,,,,,,,
1245,2,856,82,10,0,22.75,1,72,1,0,0,,,,,,,,
1246,1,856,82,10,0,22.75,1,11,1,1,1,1,0,-0.682723402977,-1.13628673553,-0.673192083836,-0.682723402977,-1.13628673553,-0.673192083836
1246,2,856,82,10,0,22.75,1,24,1,1,1,1,,-1.12056410313,-0.315468162298,-0.233715891838,-0.682723402977,-1.13628673553,-0.673192083836
1247,1,857,82,10,1,5.75,0,2,1,1,1,1,0,-0.16241273284,1.74831914902,,-0.16241273284,1.74831914902,
1247,2,857,82,10,1,5.75,0,15,1,1,1,1,,-1.4408608675,-0.369065314531,0.0545063093305,-0.16241273284,1.74831914902,
1248,1,857,82,10,1,5.75,1,40,1,1,1,1,0,-2.98877596855,-2.49931669235,,-2.98877596855,-2.49931669235,
1248,2,857,82,10,1,5.75,1,54,1,1,1,1,,-2.43062615395,-2.0841550827,-1.58808994293,-2.98877596855,-2.49931669235,
1249,1,859,82,10,1,5.75,0,28,1,1,1,1,0,-2.43318414688,-2.38760018349,-2.79794311523,-2.43318414688,-2.38760018349,-2.79794311523
1249,2,859,82,10,1,5.75,0,42,1,1,1,1,,-2.35845088959,-2.48496699333,-2.95972418785,-2.43318414688,-2.38760018349,-2.79794311523
1250,1,860,82,10,1,5.75,1,42,1,1,1,1,0,-0.0971025004983,0.617292821407,0.735782146454,-0.0971025004983,0.617292821407,0.735782146454
1250,2,860,82,10,1,5.75,1,55,1,1,1,1,,0.0482133887708,0.174787297845,0.193949654698,-0.0971025004983,0.617292821407,0.735782146454
1251,1,861,82,10,1,5.75,0,45,1,1,1,1,0,-3.71688079834,-1.34556782246,-0.829518258572,-3.71688079834,-1.34556782246,-0.829518258572
1251,2,861,82,10,1,5.75,0,59,1,1,1,1,,-3.2118229866,-1.56990432739,-1.04026663303,-3.71688079834,-1.34556782246,-0.829518258572
1252,1,861,82,10,1,5.75,1,15,1,0,0,,,,,,,,
1252,2,861,82,10,1,5.75,1,27,1,1,0,,,-4.47712230682,-3.084856987,-2.36093306541,,,
1253,2,861,82,10,1,5.75,0,3,1,0,0,,,,,,,,
1254,1,862,83,10,1,5.875,0,42,1,1,1,1,0,-3.37986278534,-2.29720783234,-2.48593640327,-3.37986278534,-2.29720783234,-2.48593640327
1254,2,862,83,10,1,5.875,0,57,1,1,1,1,,-3.2864947319,-2.28682255745,-1.92736411095,-3.37986278534,-2.29720783234,-2.48593640327
1255,1,862,83,10,1,5.875,0,4,1,1,1,1,0,-1.65131449699,-1.00948286057,-1.19938254356,-1.65131449699,-1.00948286057,-1.19938254356
1255,2,862,83,10,1,5.875,0,17,1,1,1,1,,-3.18062543869,-1.72551345825,-1.19875752926,-1.65131449699,-1.00948286057,-1.19938254356
1256,1,863,83,10,1,5.875,1,65,1,0,0,,,,,,,,
1256,2,863,83,10,1,5.875,1,72,1,0,0,,,,,,,,
1257,1,863,83,10,1,5.875,0,11,1,1,1,1,0,-2.2705180645,-2.08928656578,-1.11978816986,-2.2705180645,-2.08928656578,-1.11978816986
1257,2,863,83,10,1,5.875,0,25,1,1,1,1,,-3.42493772507,-1.54097533226,-1.16668760777,-2.2705180645,-2.08928656578,-1.11978816986
1258,1,864,83,10,1,5.875,0,36,1,1,1,0,1,-2.77414989471,-2.13425636292,-1.48810112476,-2.77414989471,-2.13425636292,-1.48810112476
1259,1,866,83,10,0,12.75,1,26,1,1,1,1,0,-0.284147560596,0.0707504302263,0.608420610428,-0.284147560596,0.0707504302263,0.608420610428
1259,2,866,83,10,0,12.75,1,39,1,1,1,1,,0.332962781191,0.26121327281,-0.37973088026,-0.284147560596,0.0707504302263,0.608420610428
1260,1,867,83,10,1,5.875,0,49,1,1,1,1,0,-3.02232289314,-2.06806230545,-1.77573609352,-3.02232289314,-2.06806230545,-1.77573609352
1260,2,867,83,10,1,5.875,0,62,1,1,1,1,,-2.98546171188,-2.14467120171,,-3.02232289314,-2.06806230545,-1.77573609352
1261,1,867,83,10,1,5.875,0,26,1,1,1,1,0,-1.9858494997,-0.17199575901,0.192940250039,-1.9858494997,-0.17199575901,0.192940250039
1261,2,867,83,10,1,5.875,0,39,1,1,1,1,,-1.82438743114,-0.790004730225,0.501992762089,-1.9858494997,-0.17199575901,0.192940250039
1262,1,867,83,10,1,5.875,0,2,1,1,1,1,0,0.337470144033,0.232951745391,,0.337470144033,0.232951745391,
1262,2,867,83,10,1,5.875,0,15,1,1,1,1,,-0.452832341194,-2.00558519363,-1.13555443287,0.337470144033,0.232951745391,
1263,1,868,83,10,1,5.875,0,18,1,1,1,1,0,-4.08143281937,-3.8929309845,-3.11805677414,-4.08143281937,-3.8929309845,-3.11805677414
1263,2,868,83,10,1,5.875,0,32,1,1,1,1,,-4.47712230682,-2.86631464958,-1.27656114101,-4.08143281937,-3.8929309845,-3.11805677414
1264,1,868,83,10,1,5.875,1,60,1,1,1,1,0,-2.50666952133,-1.48448824883,-0.694323718548,-2.50666952133,-1.48448824883,-0.694323718548
1264,2,868,83,10,1,5.875,1,72,1,1,1,1,,-2.21197628975,-1.11914098263,,-2.50666952133,-1.48448824883,-0.694323718548
1265,1,868,83,10,1,5.875,1,18,1,1,1,1,0,-3.22256207466,-3.8929309845,-3.11805677414,-3.22256207466,-3.8929309845,-3.11805677414
1265,2,868,83,10,1,5.875,1,32,1,1,1,1,,-3.44486951828,-2.11510634422,-1.0164283514,-3.22256207466,-3.8929309845,-3.11805677414
1266,1,870,83,10,1,5.875,1,65,1,0,0,,,,,,,,
1266,2,870,83,10,1,5.875,1,72,1,0,0,,,,,,,,
1267,1,870,83,10,1,5.875,0,45,1,1,1,1,0,-1.25425028801,-0.992278158665,-3.11805677414,-1.25425028801,-0.992278158665,-3.11805677414
1267,2,870,83,10,1,5.875,0,58,1,1,1,1,,-1.06736433506,-0.918872237206,-1.945987463,-1.25425028801,-0.992278158665,-3.11805677414
1268,2,870,83,10,1,5.875,0,1,1,0,0,,,,,,,,
1269,1,871,83,10,1,5.875,1,50,1,1,1,0,1,,0.114737711847,0.43669885397,,0.114737711847,0.43669885397
1269,2,871,83,10,1,5.875,1,63,1,0,1,0,,,,,,0.114737711847,0.43669885397
1270,1,871,83,10,1,5.875,0,20,1,1,1,1,0,-2.52300143242,0.499843209982,1.28675854206,-2.52300143242,0.499843209982,1.28675854206
1270,2,871,83,10,1,5.875,0,32,1,1,1,1,,-2.55572080612,0.24446579814,0.880066215992,-2.52300143242,0.499843209982,1.28675854206
1271,2,871,83,10,1,5.875,0,6,1,0,0,,,,,,,,
1272,2,871,83,10,1,5.875,0,6,1,0,0,,,,,,,,
1273,1,872,83,10,1,5.875,0,31,1,1,1,1,0,-3.86315655708,-3.8929309845,-3.11805677414,-3.86315655708,-3.8929309845,-3.11805677414
1273,2,872,83,10,1,5.875,0,43,1,1,1,1,,-4.18307161331,-3.2842605114,-2.11871576309,-3.86315655708,-3.8929309845,-3.11805677414
1274,1,872,83,10,1,5.875,1,3,1,1,1,1,0,0.164889737964,-0.0759910196066,0.429005563259,0.164889737964,-0.0759910196066,0.429005563259
1274,2,872,83,10,1,5.875,1,16,1,1,1,1,,-2.56063461304,-1.50240695477,-0.956920206547,0.164889737964,-0.0759910196066,0.429005563259
1275,1,875,84,8,1,4.25,1,26,1,1,1,1,0,-3.57248306274,-2.34784507751,-1.80585134029,-3.57248306274,-2.34784507751,-1.80585134029
1275,2,875,84,8,1,4.25,1,39,1,1,1,1,,-3.55139064789,-2.30373740196,-1.10183084011,-3.57248306274,-2.34784507751,-1.80585134029
1276,1,875,84,8,1,4.25,0,120,1,0,0,,,,,,,,
1276,2,875,84,8,1,4.25,0,39,1,0,0,,,,,,,,
1277,1,879,84,8,1,4.25,0,55,1,1,1,1,0,-2.64365100861,-0.602291166782,0.718895971775,-2.64365100861,-0.602291166782,0.718895971775
1277,2,879,84,8,1,4.25,0,68,1,1,1,1,,-2.40135765076,-0.713685274124,,-2.64365100861,-0.602291166782,0.718895971775
1278,1,879,84,8,1,4.25,1,35,1,1,1,1,0,-2.93677568436,-0.413702607155,1.23201465607,-2.93677568436,-0.413702607155,1.23201465607
1278,2,879,84,8,1,4.25,1,47,1,1,1,1,,-2.49188017845,-0.745374500751,0.209228277206,-2.93677568436,-0.413702607155,1.23201465607
1279,1,879,84,8,1,4.25,1,3,1,1,1,1,0,-1.94906258583,-0.89522767067,0.158179447055,-1.94906258583,-0.89522767067,0.158179447055
1279,2,879,84,8,1,4.25,1,16,1,1,1,1,,-1.64810240269,-0.784250378609,-0.0641564056277,-1.94906258583,-0.89522767067,0.158179447055
1280,1,880,84,8,1,4.25,1,52,1,1,1,1,0,-3.22827720642,-2.605437994,-3.11805677414,-3.22827720642,-2.605437994,-3.11805677414
1280,2,880,84,8,1,4.25,1,65,1,1,1,1,,-2.16624999046,-2.5998339653,,-3.22827720642,-2.605437994,-3.11805677414
1281,1,881,84,8,1,4.25,1,34,1,0,0,,,,,,,,
1281,2,881,84,8,1,4.25,1,11,1,0,0,,,,,,,,
1282,1,882,84,8,1,4.25,0,28,1,1,1,1,0,-2.03838539124,-1.2192658186,-1.21330809593,-2.03838539124,-1.2192658186,-1.21330809593
1282,2,882,84,8,1,4.25,0,40,1,1,1,1,,-1.86216962337,-0.939664363861,-0.381739556789,-2.03838539124,-1.2192658186,-1.21330809593
1283,2,882,84,8,1,4.25,0,11,1,1,0,,,-2.87154459953,-2.8409178257,-1.6071254015,,,
1284,1,883,84,8,1,4.25,0,62,1,0,0,,,,,,,,
1284,2,883,84,8,1,4.25,0,72,1,0,0,,,,,,,,
1285,1,883,84,8,1,4.25,0,5,1,1,1,1,0,0.093484967947,-0.133634567261,,0.093484967947,-0.133634567261,
1285,2,883,84,8,1,4.25,0,18,1,1,1,1,,-1.65304410458,-0.896205484867,0.597814142704,0.093484967947,-0.133634567261,
1286,1,884,84,8,1,4.25,0,38,1,1,1,1,0,-4.40404605865,-2.30429244041,-2.00743865967,-4.40404605865,-2.30429244041,-2.00743865967
1286,2,884,84,8,1,4.25,0,51,1,1,1,1,,-3.82193994522,-1.77607476711,-0.0250741299242,-4.40404605865,-2.30429244041,-2.00743865967
1287,1,885,84,8,1,4.25,1,54,1,1,1,1,0,-3.75343775749,-3.18121743202,-2.36431717873,-3.75343775749,-3.18121743202,-2.36431717873
1287,2,885,84,8,1,4.25,1,67,1,1,1,1,,-3.41881895065,-2.52674484253,,-3.75343775749,-3.18121743202,-2.36431717873
1288,1,885,84,8,1,4.25,0,8,1,0,0,,,,,,,,
1288,2,885,84,8,1,4.25,0,67,1,0,0,,,,,,,,
1289,2,885,84,8,1,4.25,1,39,1,0,0,,,,,,,,
1290,1,886,85,8,1,6.42857122421,1,60,0,1,1,0,1,-1.68676114082,-2.21157026291,-2.33882164955,-1.68676114082,-2.21157026291,-2.33882164955
1290,2,886,85,8,1,6.42857122421,1,75,0,0,1,0,,,,,-1.68676114082,-2.21157026291,-2.33882164955
1291,1,886,85,8,1,6.42857122421,1,15,1,1,1,1,0,-1.64643073082,-2.27821421623,-1.78503549099,-1.64643073082,-2.27821421623,-1.78503549099
1291,2,886,85,8,1,6.42857122421,1,28,1,1,1,1,,-2.05475759506,-1.53640258312,-1.04224288464,-1.64643073082,-2.27821421623,-1.78503549099
1292,2,888,85,8,0,21.75,0,72,1,0,0,,,,,,,,
1293,1,889,85,8,1,6.42857122421,1,15,1,1,1,1,0,-0.77026194334,0.100179955363,1.62686896324,-0.77026194334,0.100179955363,1.62686896324
1293,2,889,85,8,1,6.42857122421,1,28,1,1,1,1,,-1.0201523304,0.0415101721883,1.15596818924,-0.77026194334,0.100179955363,1.62686896324
1294,2,890,85,8,0,21.75,1,7,1,0,0,,,,,,,,
1295,1,891,85,8,1,6.42857122421,1,20,1,1,1,1,0,-3.22069215775,-1.20914423466,-0.517388105392,-3.22069215775,-1.20914423466,-0.517388105392
1295,2,891,85,8,1,6.42857122421,1,33,1,1,1,1,,-3.21970701218,-1.58691227436,-1.23005306721,-3.22069215775,-1.20914423466,-0.517388105392
1296,1,892,85,8,1,6.42857122421,0,6,1,1,1,1,0,-1.6930423975,-1.55313456059,-1.58195018768,-1.6930423975,-1.55313456059,-1.58195018768
1296,2,892,85,8,1,6.42857122421,0,19,1,1,1,1,,-2.62831234932,-1.83113050461,-1.96139454842,-1.6930423975,-1.55313456059,-1.58195018768
1297,1,892,85,8,1,6.42857122421,1,36,1,1,1,1,0,0.117786109447,1.19213724136,0.702734053135,0.117786109447,1.19213724136,0.702734053135
1297,2,892,85,8,1,6.42857122421,1,49,1,1,1,1,,0.156547695398,0.455229520798,-0.640235602856,0.117786109447,1.19213724136,0.702734053135
1298,1,893,85,8,0,21.75,1,20,1,1,1,1,0,-1.82668375969,-0.91284006834,-0.429182827473,-1.82668375969,-0.91284006834,-0.429182827473
1298,2,893,85,8,0,21.75,1,33,1,1,1,1,,-1.76287543774,-1.14393281937,-0.510334014893,-1.82668375969,-0.91284006834,-0.429182827473
1299,1,894,85,8,1,6.42857122421,1,39,1,1,1,1,0,-1.49496901035,-1.4310362339,-1.10183084011,-1.49496901035,-1.4310362339,-1.10183084011
1299,2,894,85,8,1,6.42857122421,1,53,1,1,1,1,,-1.45944869518,-1.39352047443,-1.79975521564,-1.49496901035,-1.4310362339,-1.10183084011
1300,1,895,85,8,1,6.42857122421,0,40,1,1,1,1,0,-1.32136523724,-0.545880198479,-0.381739556789,-1.32136523724,-0.545880198479,-0.381739556789
1300,2,895,85,8,1,6.42857122421,0,54,1,1,1,1,,-1.04572188854,-0.503513872623,-0.467609465122,-1.32136523724,-0.545880198479,-0.381739556789
1301,1,895,85,8,1,6.42857122421,0,19,1,1,1,1,0,-1.75726437569,-0.712934494019,0.518072426319,-1.75726437569,-0.712934494019,0.518072426319
1301,2,895,85,8,1,6.42857122421,0,33,1,1,1,1,,-1.69014501572,-0.889363288879,-0.262987792492,-1.75726437569,-0.712934494019,0.518072426319
1302,1,896,85,8,1,6.42857122421,0,25,1,1,1,1,0,-4.46795225143,-3.45222640038,-1.54625725746,-4.46795225143,-3.45222640038,-1.54625725746
1302,2,896,85,8,1,6.42857122421,0,38,1,1,1,1,,-4.32505083084,-3.29823875427,-2.24960422516,-4.46795225143,-3.45222640038,-1.54625725746
1303,1,897,86,8,0,40.75,1,336,1,0,0,,,,,,,,
1303,2,897,86,8,0,40.75,1,22,1,1,0,,,-4.08756113052,-1.3938202858,0.503740310669,,,
1304,1,897,86,8,0,40.75,0,276,1,0,0,,,,,,,,
1304,2,897,86,8,0,40.75,0,37,1,1,0,,,-2.96716809273,-0.583007574081,-0.50826895237,,,
1305,1,897,86,8,0,40.75,1,9,1,0,0,,,,,,,,
1305,2,897,86,8,0,40.75,1,21,1,0,0,,,,,,,,
1306,2,898,86,8,0,40.75,1,25,1,1,0,,,-2.42210197449,-1.42996203899,-1.59943187237,,,
1307,1,899,86,8,0,40.75,0,48,1,1,1,1,0,0.148471087217,-0.66765165329,-0.812887430191,0.148471087217,-0.66765165329,-0.812887430191
1307,2,899,86,8,0,40.75,0,61,1,1,1,1,,0.116587236524,0.0762239098549,,0.148471087217,-0.66765165329,-0.812887430191
1308,2,899,86,8,0,40.75,1,7,1,0,0,,,,,,,,
1309,1,900,86,8,1,2,0,29,1,0,0,,,,,,,,
1309,2,900,86,8,1,2,0,43,1,1,0,,,-2.19749689102,-1.84232831001,-1.93016314507,,,
1310,1,901,86,8,1,2,1,50,1,1,1,1,0,-2.68027067184,-1.85516548157,-1.7590534687,-2.68027067184,-1.85516548157,-1.7590534687
1310,2,901,86,8,1,2,1,63,1,1,1,1,,-1.41471242905,-1.71553230286,,-2.68027067184,-1.85516548157,-1.7590534687
1311,1,901,86,8,1,2,0,24,1,1,1,1,0,-3.11476111412,-1.46973347664,-1.59399676323,-3.11476111412,-1.46973347664,-1.59399676323
1311,2,901,86,8,1,2,0,38,1,1,1,1,,-1.92881214619,-0.841502606869,-1.04691374302,-3.11476111412,-1.46973347664,-1.59399676323
1312,1,901,86,8,1,2,0,3,1,1,1,1,0,1.06184589863,-0.946713685989,,1.06184589863,-0.946713685989,
1312,2,901,86,8,1,2,0,17,1,1,1,1,,-1.05988192558,-1.64479625225,-0.774639368057,1.06184589863,-0.946713685989,
1313,1,902,86,8,1,2,1,62,1,0,0,,,,,,,,
1313,2,902,86,8,1,2,1,72,1,0,0,,,,,,,,
1314,1,902,86,8,1,2,1,40,1,0,0,,,,,,,,
1314,2,902,86,8,1,2,1,54,1,1,0,,,-2.24322605133,0.193029791117,0.452728390694,,,
1315,1,902,86,8,1,2,0,10,1,1,1,1,0,-0.516956627369,-0.743225634098,-1.4740228653,-0.516956627369,-0.743225634098,-1.4740228653
1315,2,902,86,8,1,2,0,23,1,1,1,1,,-1.59960603714,-0.31578296423,-0.082801386714,-0.516956627369,-0.743225634098,-1.4740228653
1316,1,904,86,8,1,2,0,51,1,1,1,1,0,-0.837155580521,-0.184563055634,-0.174007326365,-0.837155580521,-0.184563055634,-0.174007326365
1316,2,904,86,8,1,2,0,63,1,1,1,1,,-0.684135973454,-0.0884074345231,,-0.837155580521,-0.184563055634,-0.174007326365
1317,1,904,86,8,1,2,0,14,1,0,0,,,,,,,,
1317,2,904,86,8,1,2,0,28,1,1,0,,,,,0.781331062317,,,
1318,1,905,86,8,1,2,0,55,1,1,1,1,0,-1.90236461163,-0.697636246681,-0.643043875694,-1.90236461163,-0.697636246681,-0.643043875694
1318,2,905,86,8,1,2,0,68,1,1,1,1,,-1.30898177624,-0.700788199902,,-1.90236461163,-0.697636246681,-0.643043875694
1319,1,905,86,8,1,2,1,22,1,1,1,1,0,0.174990713596,1.0971455574,1.38185942173,0.174990713596,1.0971455574,1.38185942173
1319,2,905,86,8,1,2,1,36,1,1,1,1,,0.682420492172,0.936869680882,1.12067890167,0.174990713596,1.0971455574,1.38185942173
1320,1,906,86,8,1,2,0,30,1,1,1,1,0,,0.0951730087399,0.0953924357891,,0.0951730087399,0.0953924357891
1320,2,906,86,8,1,2,0,43,1,1,1,1,,-2.16003084183,-0.112321205437,0.280617326498,,0.0951730087399,0.0953924357891
1321,1,906,86,8,1,2,1,3,1,1,1,1,0,0.616181433201,0.842422008514,,0.616181433201,0.842422008514,
1321,2,906,86,8,1,2,1,16,1,1,1,1,,-0.109323449433,1.38264620304,1.87292575836,0.616181433201,0.842422008514,
1322,1,907,86,8,1,2,1,19,1,1,1,1,0,-1.56115329266,-1.8692125082,-1.38790881634,-1.56115329266,-1.8692125082,-1.38790881634
1322,2,907,86,8,1,2,1,32,1,1,1,1,,-2.3141002655,-3.44565272331,-2.40019226074,-1.56115329266,-1.8692125082,-1.38790881634
1323,1,908,86,8,1,2,1,33,1,1,1,1,0,-2.17133307457,-0.355309605598,-0.388346552849,-2.17133307457,-0.355309605598,-0.388346552849
1323,2,908,86,8,1,2,1,47,1,1,1,1,,-1.74216151237,-0.241622298956,0.209228277206,-2.17133307457,-0.355309605598,-0.388346552849
1324,1,909,87,8,1,3,1,9,1,1,1,1,0,-2.19125318527,-3.4729886055,-2.89833426476,-2.19125318527,-3.4729886055,-2.89833426476
1324,2,909,87,8,1,3,1,23,1,1,1,1,,-2.33806276321,-1.72649002075,-1.2383929491,-2.19125318527,-3.4729886055,-2.89833426476
1325,1,909,87,8,1,3,1,31,1,1,1,1,0,-3.95258450508,-2.41885352135,-0.887517154217,-3.95258450508,-2.41885352135,-0.887517154217
1325,2,909,87,8,1,3,1,44,1,1,1,1,,-3.35269784927,-2.30336785316,-1.14031767845,-3.95258450508,-2.41885352135,-0.887517154217
1326,1,911,87,8,1,3,1,67,1,0,0,,,,,,,,
1326,2,911,87,8,1,3,1,72,1,0,0,,,,,,,,
1327,1,911,87,8,1,3,1,20,1,0,0,,,,,,,,
1327,2,911,87,8,1,3,1,32,1,1,0,,,-2.30030965805,-0.203949287534,-0.1064485237,,,
1328,1,912,87,8,0,30.2500019073,0,43,1,1,1,1,0,-3.2589662075,-1.67199468613,-0.618697404861,-3.2589662075,-1.67199468613,-0.618697404861
1328,2,912,87,8,0,30.2500019073,0,56,1,1,1,1,,-2.85605287552,-1.60066998005,-1.55956351757,-3.2589662075,-1.67199468613,-0.618697404861
1329,1,913,87,8,1,3,0,540,1,0,0,,,,,,,,
1329,2,913,87,8,1,3,0,58,1,1,0,,,-0.311052560806,-0.51195961237,-1.55540168285,,,
1330,1,914,87,8,0,30.2500019073,1,53,1,1,1,1,0,-2.47097992897,-1.78027534485,-2.68754529953,-2.47097992897,-1.78027534485,-2.68754529953
1330,2,914,87,8,0,30.2500019073,1,66,1,1,1,1,,-2.0417702198,-1.5488370657,,-2.47097992897,-1.78027534485,-2.68754529953
1331,1,914,87,8,0,30.2500019073,0,9,1,1,1,1,0,0.147689446807,0.223217308521,0.333817660809,0.147689446807,0.223217308521,0.333817660809
1331,2,914,87,8,0,30.2500019073,0,22,1,1,1,1,,-1.14091467857,-0.129115089774,-0.385137975216,0.147689446807,0.223217308521,0.333817660809
1332,1,915,87,8,0,30.2500019073,0,29,1,1,1,1,0,-0.621721446514,-0.626026511192,-0.0279102455825,-0.621721446514,-0.626026511192,-0.0279102455825
1332,2,915,87,8,0,30.2500019073,0,42,1,1,1,1,,-0.845249533653,-0.594087481499,-0.192582443357,-0.621721446514,-0.626026511192,-0.0279102455825
1333,1,916,87,8,1,3,0,27,1,1,1,1,0,-1.86064755917,0.134137049317,0.55206567049,-1.86064755917,0.134137049317,0.55206567049
1333,2,916,87,8,1,3,0,41,1,1,1,1,,-1.48971176147,-0.0756078884006,0.445892423391,-1.86064755917,0.134137049317,0.55206567049
1334,1,917,87,8,1,3,0,38,1,1,1,1,0,1.41551947594,0.843713521957,-0.247962012887,1.41551947594,0.843713521957,-0.247962012887
1334,2,917,87,8,1,3,0,51,1,1,1,1,,1.15755546093,0.534842252731,-0.174007326365,1.41551947594,0.843713521957,-0.247962012887
1335,1,917,87,8,1,3,1,19,1,1,1,1,0,-0.935773313046,,-0.916221857071,-0.935773313046,,-0.916221857071
1335,2,917,87,8,1,3,1,32,1,1,1,1,,-1.26607322693,-1.72184157372,-1.45782220364,-0.935773313046,,-0.916221857071
1336,1,918,87,8,1,3,0,672,1,0,0,,,,,,,,
1336,2,918,87,8,1,3,0,60,1,1,0,,,-0.510113120079,-0.397985517979,-1.22105205059,,,
1337,1,918,87,8,1,3,0,504,1,0,0,,,,,,,,
1337,2,918,87,8,1,3,0,48,1,1,0,,,-1.43710505962,-0.449757069349,-0.0299863927066,,,
1338,1,919,87,8,1,3,1,52,1,1,1,1,0,-1.77100789547,-1.41805708408,-1.03100287914,-1.77100789547,-1.41805708408,-1.03100287914
1338,2,919,87,8,1,3,1,65,1,1,1,1,,-1.54409348965,-1.46525144577,,-1.77100789547,-1.41805708408,-1.03100287914
1339,1,920,87,8,1,3,1,8,1,1,1,1,0,-1.50097882748,-0.886958837509,-0.343860864639,-1.50097882748,-0.886958837509,-0.343860864639
1339,2,920,87,8,1,3,1,22,1,1,1,1,,-2.2767791748,-0.193868815899,0.221063911915,-1.50097882748,-0.886958837509,-0.343860864639
1340,1,921,88,10,1,6.49999952316,0,456,1,0,0,,,,,,,,
1340,2,921,88,10,1,6.49999952316,0,38,1,1,0,,,-2.00780963898,-0.482775568962,-0.207574144006,,,
1341,1,922,88,10,1,6.49999952316,0,56,1,1,1,1,0,-4.14821195602,-3.16181302071,-2.36482977867,-4.14821195602,-3.16181302071,-2.36482977867
1341,2,922,88,10,1,6.49999952316,0,68,1,1,1,1,,-3.90988016129,-3.39686918259,,-4.14821195602,-3.16181302071,-2.36482977867
1342,1,922,88,10,1,6.49999952316,0,33,1,1,1,1,0,-2.84103274345,-3.04213047028,-2.87895894051,-2.84103274345,-3.04213047028,-2.87895894051
1342,2,922,88,10,1,6.49999952316,0,46,1,1,1,1,,-2.99637246132,-3.18303084373,-2.95972418785,-2.84103274345,-3.04213047028,-2.87895894051
1343,1,923,88,10,1,6.49999952316,0,32,1,1,1,1,0,-4.1076130867,-3.7957265377,-3.11805677414,-4.1076130867,-3.7957265377,-3.11805677414
1343,2,923,88,10,1,6.49999952316,0,45,1,1,1,1,,-3.64336872101,-2.46395277977,-1.0390547514,-4.1076130867,-3.7957265377,-3.11805677414
1344,1,923,88,10,1,6.49999952316,1,33,1,1,1,1,0,-3.77793097496,-2.96261405945,-2.14544463158,-3.77793097496,-2.96261405945,-2.14544463158
1344,2,923,88,10,1,6.49999952316,1,46,1,1,1,1,,-4.3127450943,-2.66836833954,-0.80911052227,-3.77793097496,-2.96261405945,-2.14544463158
1345,1,924,88,10,1,6.49999952316,0,60,1,0,0,,,,,,,,
1345,2,924,88,10,1,6.49999952316,0,72,1,0,0,,,,,,,,
1346,1,924,88,10,1,6.49999952316,0,144,1,0,0,,,,,,,,
1346,2,924,88,10,1,6.49999952316,0,25,1,1,0,,,-1.16239762306,-1.56633543968,-1.59455370903,,,
1347,1,926,88,10,0,27.9999980927,1,40,1,1,1,1,0,1.41551947594,1.40394818783,0.326935738325,1.41551947594,1.40394818783,0.326935738325
1347,2,926,88,10,0,27.9999980927,1,53,1,1,1,1,,1.15755546093,1.32616460323,0.457037091255,1.41551947594,1.40394818783,0.326935738325
1348,1,926,88,10,0,27.9999980927,1,28,1,1,1,1,0,-0.816144168377,-0.386070787907,0.0948506146669,-0.816144168377,-0.386070787907,0.0948506146669
1348,2,926,88,10,0,27.9999980927,1,41,1,1,1,1,,-1.18089747429,-0.50348007679,-0.00117530592252,-0.816144168377,-0.386070787907,0.0948506146669
1349,1,928,88,10,1,6.49999952316,1,55,1,1,1,1,0,-3.08952379227,-1.92029213905,-1.42210149765,-3.08952379227,-1.92029213905,-1.42210149765
1349,2,928,88,10,1,6.49999952316,1,68,1,1,1,1,,-2.70662498474,-1.33947968483,,-3.08952379227,-1.92029213905,-1.42210149765
1350,1,930,88,10,1,6.49999952316,0,5,1,1,1,1,0,-2.06136107445,-1.2910939455,-0.340054363012,-2.06136107445,-1.2910939455,-0.340054363012
1350,2,930,88,10,1,6.49999952316,0,19,1,1,1,1,,-2.64646029472,-2.31595540047,-1.12874948978,-2.06136107445,-1.2910939455,-0.340054363012
1351,1,930,88,10,1,6.49999952316,0,52,1,0,0,,,,,,,,
1351,2,930,88,10,1,6.49999952316,0,65,1,1,0,,,-2.19301629066,-1.30101275444,,,,
1352,1,931,88,10,1,6.49999952316,1,57,1,1,1,1,0,-0.166273102164,0.401130318642,-0.468652844429,-0.166273102164,0.401130318642,-0.468652844429
1352,2,931,88,10,1,6.49999952316,1,69,1,1,1,1,,-0.222216829658,0.302120268345,,-0.166273102164,0.401130318642,-0.468652844429
1353,1,931,88,10,1,6.49999952316,0,31,1,1,1,1,0,-1.68051791191,0.498220324516,-0.275579661131,-1.68051791191,0.498220324516,-0.275579661131
1353,2,931,88,10,1,6.49999952316,0,44,1,1,1,1,,-1.35708510876,0.584923863411,0.104662694037,-1.68051791191,0.498220324516,-0.275579661131
1354,1,931,88,10,1,6.49999952316,1,4,1,1,1,1,0,0.1663698107,0.411402672529,-0.149775728583,0.1663698107,0.411402672529,-0.149775728583
1354,2,931,88,10,1,6.49999952316,1,17,1,1,1,1,,-0.797110676765,0.166003003716,0.952840983868,0.1663698107,0.411402672529,-0.149775728583
1355,1,932,88,10,1,6.49999952316,1,57,1,1,1,1,0,-4.01808977127,-0.973455488682,-0.537192285061,-4.01808977127,-0.973455488682,-0.537192285061
1355,2,932,88,10,1,6.49999952316,1,70,1,1,1,1,,-1.68170154095,-1.3919839859,,-4.01808977127,-0.973455488682,-0.537192285061
1356,1,932,88,10,1,6.49999952316,0,23,1,1,1,1,0,-1.3992780447,-0.0231398586184,0.75014179945,-1.3992780447,-0.0231398586184,0.75014179945
1356,2,932,88,10,1,6.49999952316,0,37,1,1,1,1,,-2.48746132851,-0.540355861187,0.560773670673,-1.3992780447,-0.0231398586184,0.75014179945
1357,1,933,89,9,0,40.75,1,552,1,0,0,,,,,,,,
1357,2,933,89,9,0,40.75,1,58,1,1,0,,,-1.12339901924,-1.11499381065,-1.05982792377,,,
1358,1,934,89,9,1,2.11111116409,0,36,1,1,1,1,0,-2.23461580276,-0.421520769596,-0.191820725799,-2.23461580276,-0.421520769596,-0.191820725799
1358,2,934,89,9,1,2.11111116409,0,50,1,1,1,1,,-1.88562226295,-0.27587351203,0.289506226778,-2.23461580276,-0.421520769596,-0.191820725799
1359,1,935,89,9,1,2.11111116409,0,39,1,1,1,1,0,-2.03267240524,-0.645166277885,-1.29236459732,-2.03267240524,-0.645166277885,-1.29236459732
1359,2,935,89,9,1,2.11111116409,0,52,1,1,1,1,,-1.53388094902,-0.416091501713,0.134221091866,-2.03267240524,-0.645166277885,-1.29236459732
1360,1,935,89,9,1,2.11111116409,1,7,1,1,1,1,0,-1.22542846203,-2.23967671394,-0.0880557447672,-1.22542846203,-2.23967671394,-0.0880557447672
1360,2,935,89,9,1,2.11111116409,1,20,1,1,1,1,,-1.69392037392,-0.930422544479,-0.168910011649,-1.22542846203,-2.23967671394,-0.0880557447672
1361,1,936,89,9,1,2.11111116409,0,72,1,0,0,,,,,,,,
1361,2,936,89,9,1,2.11111116409,0,72,1,0,0,,,,,,,,
1362,1,936,89,9,1,2.11111116409,0,52,1,1,1,1,0,-1.7066257,-0.28762948513,-1.14321649075,-1.7066257,-0.28762948513,-1.14321649075
1362,2,936,89,9,1,2.11111116409,0,65,1,1,1,1,,-1.36582446098,-0.314123094082,,-1.7066257,-0.28762948513,-1.14321649075
1363,1,936,89,9,1,2.11111116409,0,16,1,1,1,1,0,-2.46141672134,-0.896037042141,-0.421259701252,-2.46141672134,-0.896037042141,-0.421259701252
1363,2,936,89,9,1,2.11111116409,0,29,1,1,1,1,,-2.4276599884,-1.05081963539,-0.53815227747,-2.46141672134,-0.896037042141,-0.421259701252
1364,1,937,89,9,1,2.11111116409,0,144,1,0,0,,,,,,,,
1364,2,937,89,9,1,2.11111116409,0,27,1,1,0,,,-3.0351998806,,-1.40237140656,,,
1365,1,938,89,9,1,2.11111116409,1,14,1,1,1,1,0,-2.24723601341,-2.74693846703,-0.600627183914,-2.24723601341,-2.74693846703,-0.600627183914
1365,2,938,89,9,1,2.11111116409,1,28,1,1,1,1,,-4.32797813416,-3.44565272331,-2.93522381783,-2.24723601341,-2.74693846703,-0.600627183914
1366,1,939,89,9,1,2.11111116409,1,84,1,0,0,,,,,,,,
1366,2,939,89,9,1,2.11111116409,1,72,1,0,0,,,,,,,,
1367,1,939,89,9,1,2.11111116409,1,13,1,1,1,1,0,-0.444018721581,-1.69532513618,-1.60169756413,-0.444018721581,-1.69532513618,-1.60169756413
1367,2,939,89,9,1,2.11111116409,1,26,1,1,1,1,,-2.44634056091,-1.97889578342,-2.15020298958,-0.444018721581,-1.69532513618,-1.60169756413
1368,2,939,89,9,1,2.11111116409,1,5,1,0,0,,,,,,,,
1369,1,941,89,9,1,2.11111116409,0,53,1,1,1,1,0,-2.24148583412,-1.14645814896,-1.41569900513,-2.24148583412,-1.14645814896,-1.41569900513
1369,2,941,89,9,1,2.11111116409,0,66,1,1,1,1,,-1.9830801487,-1.43176341057,,-2.24148583412,-1.14645814896,-1.41569900513
1370,1,941,89,9,1,2.11111116409,0,636,1,0,0,,,,,,,,
1370,2,941,89,9,1,2.11111116409,0,66,1,1,0,,,-2.62577462196,-1.7710082531,,,,
1371,1,941,89,9,1,2.11111116409,0,324,1,0,0,,,,,,,,
1371,2,941,89,9,1,2.11111116409,0,39,1,1,0,,,-2.25397205353,-2.03831887245,-2.27278470993,,,
1372,1,942,89,9,1,2.11111116409,1,45,1,1,1,1,0,-1.9038105011,-1.59792745113,-0.894033789635,-1.9038105011,-1.59792745113,-0.894033789635
1372,2,942,89,9,1,2.11111116409,1,58,1,1,1,1,,-1.61449694633,-1.05857145786,-0.330588877201,-1.9038105011,-1.59792745113,-0.894033789635
1373,1,943,89,9,0,40.75,0,48,1,1,1,1,0,-3.54723620415,-1.85717487335,-1.66664528847,-3.54723620415,-1.85717487335,-1.66664528847
1373,2,943,89,9,0,40.75,0,61,1,1,1,1,,-0.449687451124,-0.0273928381503,,-3.54723620415,-1.85717487335,-1.66664528847
1374,1,943,89,9,0,40.75,0,27,1,1,1,1,0,1.41551947594,1.74831914902,-1.35520863533,1.41551947594,1.74831914902,-1.35520863533
1374,2,943,89,9,0,40.75,0,43,1,1,1,1,,-1.17348790169,-0.522180855274,-0.100238695741,1.41551947594,1.74831914902,-1.35520863533
1375,1,944,89,9,0,40.75,1,720,1,0,0,,,,,,,,
1375,2,944,89,9,0,40.75,1,48,1,1,0,,,1.15755546093,1.38264620304,1.02316236496,,,
1376,1,944,89,9,0,40.75,1,360,1,0,0,,,,,,,,
1376,2,944,89,9,0,40.75,1,47,1,1,0,,,-1.58987259865,-1.4267745018,-1.03326201439,,,
1377,1,945,89,9,1,2.11111116409,0,58,1,1,1,1,0,-2.07578063011,-1.53288674355,-1.945987463,-2.07578063011,-1.53288674355,-1.945987463
1377,2,945,89,9,1,2.11111116409,0,71,1,1,1,1,,-1.8186467886,-1.00546777248,,-2.07578063011,-1.53288674355,-1.945987463
1378,1,945,89,9,1,2.11111116409,0,5,1,1,1,1,0,-2.08504033089,-2.23111963272,,-2.08504033089,-2.23111963272,
1378,2,945,89,9,1,2.11111116409,0,18,1,1,1,1,,-1.78280758858,-3.44565272331,-1.42726755142,-2.08504033089,-2.23111963272,
1379,1,946,90,8,1,2.125,1,54,1,1,1,1,0,-2.45267081261,-1.29683971405,-0.869939625263,-2.45267081261,-1.29683971405,-0.869939625263
1379,2,946,90,8,1,2.125,1,65,1,1,1,1,,-1.82967436314,-0.917134344578,,-2.45267081261,-1.29683971405,-0.869939625263
1380,1,946,90,8,1,2.125,0,4,1,1,1,1,0,-0.065361276269,0.669415533543,0.182356521487,-0.065361276269,0.669415533543,0.182356521487
1380,2,946,90,8,1,2.125,0,18,1,1,1,1,,-1.07838630676,-0.645824432373,-0.131263151765,-0.065361276269,0.669415533543,0.182356521487
1381,2,946,90,8,1,2.125,0,2,1,0,0,,,,,,,,
1382,1,947,90,8,1,2.125,1,47,1,1,1,1,0,-2.7730243206,-0.82952105999,-1.76089429855,-2.7730243206,-0.82952105999,-1.76089429855
1382,2,947,90,8,1,2.125,1,61,1,1,1,1,,,-0.654626607895,,-2.7730243206,-0.82952105999,-1.76089429855
1383,1,948,90,8,1,2.125,1,64,1,0,0,,,,,,,,
1383,2,948,90,8,1,2.125,1,69,1,0,0,,,,,,,,
1384,2,948,90,8,1,2.125,1,5,1,1,0,,,-0.0135737676173,0.76599830389,,,,
1385,1,949,90,8,1,2.125,1,8,1,1,1,1,0,-3.02318120003,-3.71523046494,-3.05884599686,-3.02318120003,-3.71523046494,-3.05884599686
1385,2,949,90,8,1,2.125,1,22,1,1,1,1,,-2.2767791748,-0.988580465317,-0.0274601932615,-3.02318120003,-3.71523046494,-3.05884599686
1386,1,949,90,8,1,2.125,1,8,1,1,1,1,0,-3.889991045,-3.64765286446,-2.07355117798,-3.889991045,-3.64765286446,-2.07355117798
1386,2,949,90,8,1,2.125,1,22,1,1,1,1,,-3.91129159927,-1.9725881815,-0.810295283794,-3.889991045,-3.64765286446,-2.07355117798
1387,1,949,90,8,1,2.125,1,156,1,0,0,,,,,,,,
1387,2,949,90,8,1,2.125,1,21,1,0,0,,,,,,,,
1388,1,950,90,8,0,31,0,60,1,1,1,0,1,-1.35174179077,-1.53917062283,-0.9811668396,-1.35174179077,-1.53917062283,-0.9811668396
1388,2,950,90,8,0,31,0,73,1,0,1,0,,,,,-1.35174179077,-1.53917062283,-0.9811668396
1389,1,950,90,8,0,31,1,6,1,1,1,0,1,-0.565257787704,-0.259263962507,0.277125924826,-0.565257787704,-0.259263962507,0.277125924826
1389,2,950,90,8,0,31,1,19,1,0,1,0,,,,,-0.565257787704,-0.259263962507,0.277125924826
1390,1,951,90,8,1,2.125,0,53,1,1,1,1,0,-1.5905418396,-1.29552316666,-1.94210541248,-1.5905418396,-1.29552316666,-1.94210541248
1390,2,951,90,8,1,2.125,0,64,1,1,1,1,,-1.25190877914,-1.1181499958,,-1.5905418396,-1.29552316666,-1.94210541248
1391,1,951,90,8,1,2.125,1,15,1,1,1,1,0,-2.74164104462,-2.51929855347,-0.821928560734,-2.74164104462,-2.51929855347,-0.821928560734
1391,2,951,90,8,1,2.125,1,28,1,1,1,1,,-2.14218997955,-1.69588649273,-0.521602153778,-2.74164104462,-2.51929855347,-0.821928560734
1392,1,952,90,8,0,31,1,59,1,1,1,1,0,-1.52448356152,-1.06091094017,-1.08765041828,-1.52448356152,-1.06091094017,-1.08765041828
1392,2,952,90,8,0,31,1,73,1,1,1,1,,-1.36995482445,-1.10613524914,,-1.52448356152,-1.06091094017,-1.08765041828
1393,1,954,90,8,1,2.125,1,96,1,0,0,,,,,,,,
1393,2,954,90,8,1,2.125,1,28,1,0,0,,,,,,,,
1394,1,954,90,8,1,2.125,1,15,1,1,1,1,0,-1.55516314507,-0.520323097706,-0.460043013096,-1.55516314507,-0.520323097706,-0.460043013096
1394,2,954,90,8,1,2.125,1,29,1,1,1,1,,-1.59415841103,-1.02910578251,-0.920518100262,-1.55516314507,-0.520323097706,-0.460043013096
1395,2,954,90,8,1,2.125,1,8,1,1,0,,,-0.718732953072,-0.0921917557716,0.299141585827,,,
1396,1,955,90,8,1,2.125,1,58,1,1,1,1,0,-1.47570943832,-1.34189021587,-1.96930646896,-1.47570943832,-1.34189021587,-1.96930646896
1396,2,955,90,8,1,2.125,1,72,1,1,1,1,,-1.54786074162,-1.47010445595,,-1.47570943832,-1.34189021587,-1.96930646896
1397,1,955,90,8,1,2.125,0,19,1,0,0,,,,,,,,
1397,2,955,90,8,1,2.125,0,32,1,0,0,,,,,,,,
1398,2,955,90,8,1,2.125,1,12,1,0,0,,,,,,,,
1399,1,956,90,8,1,2.125,1,61,1,0,0,,,,,,,,
1399,2,956,90,8,1,2.125,1,62,1,0,0,,,,,,,,
1400,2,956,90,8,1,2.125,0,2,1,0,0,,,,,,,,
1401,1,957,90,8,0,31,1,50,1,1,1,1,0,-1.68817770481,-1.42397415638,-1.59612298012,-1.68817770481,-1.42397415638,-1.59612298012
1401,2,957,90,8,0,31,1,64,1,1,1,1,,-1.96254849434,-1.69280576706,,-1.68817770481,-1.42397415638,-1.59612298012
1402,1,957,90,8,0,31,1,1,1,1,1,1,0,0.108894355595,0.881594479084,,0.108894355595,0.881594479084,
1402,2,957,90,8,0,31,1,14,1,1,1,1,,-1.18540942669,-0.435977786779,-0.736721277237,0.108894355595,0.881594479084,
1403,1,959,91,8,0,35.75,0,16,1,1,1,1,0,-1.24256837368,-0.515548944473,0.624719083309,-1.24256837368,-0.515548944473,0.624719083309
1403,2,959,91,8,0,35.75,0,29,1,1,1,1,,-1.12917470932,-0.262254625559,0.0961606949568,-1.24256837368,-0.515548944473,0.624719083309
1404,2,959,91,8,0,35.75,0,3,1,0,0,,,,,,,,
1405,1,960,91,8,0,35.75,0,53,1,1,1,1,0,-1.73900318146,-1.60925960541,-2.40471291542,-1.73900318146,-1.60925960541,-2.40471291542
1405,2,960,91,8,0,35.75,0,66,1,1,1,1,,-1.11913132668,-1.47133302689,,-1.73900318146,-1.60925960541,-2.40471291542
1406,2,960,91,8,0,35.75,0,12,1,0,0,,,,,,,,
1407,1,961,91,8,1,1.375,1,29,1,1,1,1,0,-0.531213700771,-1.16595065594,-0.619137108326,-0.531213700771,-1.16595065594,-0.619137108326
1407,2,961,91,8,1,1.375,1,42,1,1,1,1,,-0.994837641716,-1.25221312046,-1.44996201992,-0.531213700771,-1.16595065594,-0.619137108326
1408,1,962,91,8,1,1.375,0,40,1,1,1,1,0,-2.64762473106,-1.34217464924,-0.300891160965,-2.64762473106,-1.34217464924,-0.300891160965
1408,2,962,91,8,1,1.375,0,53,1,1,1,1,,-2.0130841732,-0.8930991292,-1.08078420162,-2.64762473106,-1.34217464924,-0.300891160965
1409,1,963,91,8,0,35.75,1,44,1,1,1,1,0,-2.557066679,-1.40231812,-1.18065476418,-2.557066679,-1.40231812,-1.18065476418
1409,2,963,91,8,0,35.75,1,57,1,1,1,1,,-1.83395886421,-0.517576098442,-1.03158318996,-2.557066679,-1.40231812,-1.18065476418
1410,1,963,91,8,0,35.75,1,264,1,0,0,,,,,,,,
1410,2,963,91,8,0,35.75,1,60,1,0,0,,,,,,,,
1411,2,963,91,8,0,35.75,0,46,1,0,0,,,,,,,,
1412,2,963,91,8,0,35.75,0,46,1,0,0,,,,,,,,
1413,1,964,91,8,1,1.375,0,48,1,0,0,,,,,,,,
1413,2,964,91,8,1,1.375,0,72,1,0,0,,,,,,,,
1414,1,964,91,8,1,1.375,0,216,1,0,0,,,,,,,,
1414,2,964,91,8,1,1.375,0,30,1,1,0,,,-2.13870978355,-1.19376683235,-1.29598510265,,,
1415,2,964,91,8,1,1.375,1,10,1,1,0,,,-1.59339857101,-0.255442410707,-0.104033231735,,,
1416,1,965,91,8,1,1.375,0,50,1,1,1,1,0,-1.97934961319,-0.746628463268,0.217507317662,-1.97934961319,-0.746628463268,0.217507317662
1416,2,965,91,8,1,1.375,0,64,1,1,1,1,,-1.74297118187,-0.976074457169,,-1.97934961319,-0.746628463268,0.217507317662
1417,1,965,91,8,1,1.375,1,35,1,1,1,1,0,-1.14335310459,0.665651381016,1.75709688663,-1.14335310459,0.665651381016,1.75709688663
1417,2,965,91,8,1,1.375,1,47,1,1,1,1,,-1.29701530933,0.567307591438,0.807653665543,-1.14335310459,0.665651381016,1.75709688663
1418,2,965,91,8,1,1.375,1,11,1,1,0,,,-2.40837693214,-1.90390503407,-1.32852220535,,,
1419,1,966,91,8,1,1.375,0,360,1,0,0,,,,,,,,
1419,2,966,91,8,1,1.375,0,42,1,1,0,,,-1.90448975563,-0.901523828506,-0.802210152149,,,
1420,1,966,91,8,1,1.375,1,3,1,1,1,1,0,-0.618935883045,-1.45812726021,-0.502866625786,-0.618935883045,-1.45812726021,-0.502866625786
1420,2,966,91,8,1,1.375,1,16,1,1,1,1,,-2.25645542145,-2.18959474564,-0.818075358868,-0.618935883045,-1.45812726021,-0.502866625786
1421,1,967,91,8,1,1.375,1,26,1,1,1,1,0,-0.554422259331,-1.31415677071,-0.444239348173,-0.554422259331,-1.31415677071,-0.444239348173
1421,2,967,91,8,1,1.375,1,39,1,1,1,1,,-1.01259803772,-1.10374188423,-2.1515712738,-0.554422259331,-1.31415677071,-0.444239348173
1422,1,968,91,8,1,1.375,0,348,1,0,0,,,,,,,,
1422,2,968,91,8,1,1.375,0,41,1,1,0,,,-0.776188611984,-0.255239903927,-0.167108312249,,,
1423,1,969,91,8,1,1.375,0,408,1,0,0,,,,,,,,
1423,2,969,91,8,1,1.375,0,47,1,1,0,,,-2.51699328423,-1.30007004738,-1.04000222683,,,
1424,1,970,92,10,1,3.875,1,30,1,1,1,1,0,-0.40499651432,-0.985072910786,-1.92862510681,-0.40499651432,-0.985072910786,-1.92862510681
1424,2,970,92,10,1,3.875,1,40,1,1,1,1,,-0.0374999456108,-0.86566978693,-1.90956687927,-0.40499651432,-0.985072910786,-1.92862510681
1425,1,971,92,10,1,3.875,1,40,1,1,1,1,0,-0.364022940397,-0.37536919117,0.109734535217,-0.364022940397,-0.37536919117,0.109734535217
1425,2,971,92,10,1,3.875,1,54,1,1,1,1,,-0.0605838634074,0.157745137811,-0.304623663425,-0.364022940397,-0.37536919117,0.109734535217
1426,1,972,92,10,1,3.875,0,50,1,1,1,1,0,-1.67473638058,-0.925008058548,-0.614630997181,-1.67473638058,-0.925008058548,-0.614630997181
1426,2,972,92,10,1,3.875,0,64,1,1,1,1,,-1.84972369671,-1.28799188137,,-1.67473638058,-0.925008058548,-0.614630997181
1427,2,972,92,10,1,3.875,1,1,1,1,0,,,-1.86120820045,-2.00234436989,,,,
1428,1,973,92,10,0,39.3333358765,1,58,1,1,1,1,0,-1.17677938938,-1.43138277531,-2.37565135956,-1.17677938938,-1.43138277531,-2.37565135956
1428,2,973,92,10,0,39.3333358765,1,70,1,1,1,1,,-1.11826705933,-1.61171042919,,-1.17677938938,-1.43138277531,-2.37565135956
1429,1,974,92,10,1,3.875,1,27,1,1,1,1,0,-1.29626917839,-0.299674421549,-0.17048189044,-1.29626917839,-0.299674421549,-0.17048189044
1429,2,974,92,10,1,3.875,1,40,1,1,1,1,,-1.53197693825,-0.430961966515,0.182662576437,-1.29626917839,-0.299674421549,-0.17048189044
1430,2,974,92,10,1,3.875,1,3,1,1,0,,,-1.28400015831,-0.686332643032,,,,
1431,1,975,92,10,1,3.875,0,53,1,1,1,1,0,-2.65260910988,-1.67715346813,-0.757760167122,-2.65260910988,-1.67715346813,-0.757760167122
1431,2,975,92,10,1,3.875,0,65,1,1,1,1,,-2.53237891197,-1.26695692539,,-2.65260910988,-1.67715346813,-0.757760167122
1432,1,975,92,10,1,3.875,1,17,1,1,1,1,0,-3.00838685036,-0.525456607342,-0.45614272356,-3.00838685036,-0.525456607342,-0.45614272356
1432,2,975,92,10,1,3.875,1,31,1,1,1,1,,-3.64516472816,-0.0496600903571,-0.0616603940725,-3.00838685036,-0.525456607342,-0.45614272356
1433,2,975,92,10,1,3.875,0,2,1,1,0,,,-2.46187329292,-1.92717254162,,,,
1434,1,976,92,10,1,3.875,1,17,1,1,1,1,0,-1.85009884834,-0.507903575897,0.147285476327,-1.85009884834,-0.507903575897,0.147285476327
1434,2,976,92,10,1,3.875,1,31,1,1,1,1,,-1.39540922642,-0.69513720274,-0.632816255093,-1.85009884834,-0.507903575897,0.147285476327
1435,1,977,92,10,1,3.875,1,32,1,1,1,1,0,-1.26607322693,-1.04397678375,-1.36804640293,-1.26607322693,-1.04397678375,-1.36804640293
1435,2,977,92,10,1,3.875,1,45,1,1,1,1,,-1.16365849972,-1.12933552265,-1.70610380173,-1.26607322693,-1.04397678375,-1.36804640293
1436,1,978,92,10,0,39.3333358765,0,49,1,1,1,1,0,-2.32515001297,-1.35831773281,-1.50953662395,-2.32515001297,-1.35831773281,-1.50953662395
1436,2,978,92,10,0,39.3333358765,0,62,1,1,1,1,,-2.09851551056,-1.24840140343,,-2.32515001297,-1.35831773281,-1.50953662395
1437,1,979,92,10,1,3.875,1,57,1,1,1,1,0,-2.88836693764,-2.13476586342,-1.32624304295,-2.88836693764,-2.13476586342,-1.32624304295
1437,2,979,92,10,1,3.875,1,70,1,1,1,1,,-2.70971941948,-2.38368988037,,-2.88836693764,-2.13476586342,-1.32624304295
1438,1,979,92,10,1,3.875,0,7,1,1,1,1,0,-0.996971011162,-1.57000684738,-0.0619646273553,-0.996971011162,-1.57000684738,-0.0619646273553
1438,2,979,92,10,1,3.875,0,22,1,1,1,1,,-3.15166401863,-3.37770080566,-1.7918639183,-0.996971011162,-1.57000684738,-0.0619646273553
1439,1,980,92,10,0,39.3333358765,1,16,1,1,1,1,0,-1.27235329151,0.591420590878,0.836944520473,-1.27235329151,0.591420590878,0.836944520473
1439,2,980,92,10,0,39.3333358765,1,30,1,1,1,1,,-1.12734413147,1.02313303947,1.67079305649,-1.27235329151,0.591420590878,0.836944520473
1440,1,981,93,10,1,4,0,57,1,1,1,1,0,-2.4355738163,-0.843271911144,0.264510452747,-2.4355738163,-0.843271911144,0.264510452747
1440,2,981,93,10,1,4,0,70,1,1,1,1,,-2.38427472115,-1.08467674255,,-2.4355738163,-0.843271911144,0.264510452747
1441,1,981,93,10,1,4,1,35,1,1,1,1,0,-1.79430031776,-0.936194002628,0.232233077288,-1.79430031776,-0.936194002628,0.232233077288
1441,2,981,93,10,1,4,1,48,1,1,1,1,,-1.98053765297,-0.351668417454,0.575286030769,-1.79430031776,-0.936194002628,0.232233077288
1442,1,982,93,10,0,16.5,1,41,1,1,1,1,0,-0.857805907726,0.206147506833,-0.52903431654,-0.857805907726,0.206147506833,-0.52903431654
1442,2,982,93,10,0,16.5,1,54,1,1,1,1,,-0.58970952034,0.0141370976344,-0.833600699902,-0.857805907726,0.206147506833,-0.52903431654
1443,1,983,93,10,1,4,1,16,1,1,1,1,0,-1.75546014309,-1.34847736359,-0.864154577255,-1.75546014309,-1.34847736359,-0.864154577255
1443,2,983,93,10,1,4,1,28,1,1,1,1,,-1.04929578304,-1.36457824707,-1.40415549278,-1.75546014309,-1.34847736359,-0.864154577255
1444,1,983,93,10,1,4,1,29,1,1,1,1,0,-2.03944730759,1.09925413132,-1.05237007141,-2.03944730759,1.09925413132,-1.05237007141
1444,2,983,93,10,1,4,1,41,1,1,1,1,,-2.03832983971,-1.26147258282,-1.41897130013,-2.03944730759,1.09925413132,-1.05237007141
1445,1,984,93,10,1,4,1,17,1,1,1,1,0,-2.11334586143,-1.19050478935,0.313477963209,-2.11334586143,-1.19050478935,0.313477963209
1445,2,984,93,10,1,4,1,30,1,1,1,1,,-1.94883465767,-1.37059020996,0.222606942058,-2.11334586143,-1.19050478935,0.313477963209
1446,1,984,93,10,1,4,0,62,1,0,0,,,,,,,,
1446,2,984,93,10,1,4,0,72,1,0,0,,,,,,,,
1447,1,984,93,10,1,4,1,33,1,1,1,1,0,-3.38308954239,-2.40132260323,-2.4362783432,-3.38308954239,-2.40132260323,-2.4362783432
1447,2,984,93,10,1,4,1,47,1,1,1,1,,-3.33531403542,-1.86652779579,-1.51235437393,-3.38308954239,-2.40132260323,-2.4362783432
1448,1,985,93,10,1,4,0,60,1,0,0,,,,,,,,
1448,2,985,93,10,1,4,0,72,1,0,0,,,,,,,,
1449,1,985,93,10,1,4,1,36,1,1,1,1,0,-2.36398530006,-2.16143059731,-2.05774879456,-2.36398530006,-2.16143059731,-2.05774879456
1449,2,985,93,10,1,4,1,51,1,1,1,1,,-2.18845081329,-1.92339146137,-1.74538934231,-2.36398530006,-2.16143059731,-2.05774879456
1450,2,986,93,10,0,16.5,1,72,1,0,0,,,,,,,,
1451,1,987,93,10,1,4,0,47,1,1,1,1,0,-2.70945239067,-2.02347326279,-2.88453388214,-2.70945239067,-2.02347326279,-2.88453388214
1451,2,987,93,10,1,4,0,60,1,1,1,1,,-2.63576388359,-1.50351715088,-2.81710481644,-2.70945239067,-2.02347326279,-2.88453388214
1452,1,988,93,10,1,4,1,50,1,1,1,1,0,-1.10660505295,-0.336136609316,-0.311495155096,-1.10660505295,-0.336136609316,-0.311495155096
1452,2,988,93,10,1,4,1,63,1,1,1,1,,-0.74301803112,-0.39558172226,,-1.10660505295,-0.336136609316,-0.311495155096
1453,1,988,93,10,1,4,0,19,1,1,1,1,0,-3.00939655304,-2.37842488289,-2.06294941902,-3.00939655304,-2.37842488289,-2.06294941902
1453,2,988,93,10,1,4,0,33,1,1,1,1,,-2.9392786026,-2.21061062813,-1.49389374256,-3.00939655304,-2.37842488289,-2.06294941902
1454,2,988,93,10,1,4,0,13,1,1,0,,,-1.90378189087,-1.34229946136,-0.519105434418,,,
1455,1,989,93,10,1,4,1,46,1,1,1,1,0,-2.16035795212,-1.21207547188,-0.395861297846,-2.16035795212,-1.21207547188,-0.395861297846
1455,2,989,93,10,1,4,1,59,1,1,1,1,,-1.66220867634,-1.15639233589,-1.3800765276,-2.16035795212,-1.21207547188,-0.395861297846
1456,1,991,93,10,0,16.5,1,15,1,0,0,,,,,,,,
1456,2,991,93,10,0,16.5,1,29,1,0,0,,,,,,,,
1457,1,992,93,10,1,4,1,48,1,0,0,,,,,,,,
1457,2,992,93,10,1,4,1,61,1,1,0,,,-1.48782277107,-1.08451378345,,,,
1458,1,992,93,10,1,4,1,3,1,0,0,,,,,,,,
1458,2,992,93,10,1,4,1,18,1,1,0,,,-1.2941018343,-0.573786079884,0.185359954834,,,
1459,1,993,94,10,1,6,0,44,1,1,1,1,0,-1.49310600758,-0.431218802929,-0.806991875172,-1.49310600758,-0.431218802929,-0.806991875172
1459,2,993,94,10,1,6,0,58,1,1,1,1,,-0.409701347351,-0.634166181087,0.031794898212,-1.49310600758,-0.431218802929,-0.806991875172
1460,1,993,94,10,1,6,0,21,1,0,0,,,,,,,,
1460,2,993,94,10,1,6,0,35,1,1,0,,,-0.662104308605,-0.913368523121,-0.409475982189,,,
1461,1,994,94,10,1,6,1,5,1,1,1,1,0,-1.81751894951,-0.286875993013,-0.00538647780195,-1.81751894951,-0.286875993013,-0.00538647780195
1461,2,994,94,10,1,6,1,19,1,1,1,1,,-2.55838060379,-0.989335119724,0.384385347366,-1.81751894951,-0.286875993013,-0.00538647780195
1462,1,994,94,10,1,6,0,46,1,1,1,1,0,-2.77789616585,-1.88344061375,-1.27442729473,-2.77789616585,-1.88344061375,-1.27442729473
1462,2,994,94,10,1,6,0,59,1,1,1,1,,-2.59194684029,-2.20111346245,-0.727044463158,-2.77789616585,-1.88344061375,-1.27442729473
1463,1,995,94,10,1,6,0,46,1,1,1,1,0,0.244379207492,0.679513096809,-0.446670681238,0.244379207492,0.679513096809,-0.446670681238
1463,2,995,94,10,1,6,0,59,1,1,1,1,,0.616177380085,1.115432024,0.00909793935716,0.244379207492,0.679513096809,-0.446670681238
1464,2,995,94,10,1,6,0,11,1,1,0,,,-1.75535142422,-0.761409401894,-0.100003890693,,,
1465,1,996,94,10,1,6,0,25,1,0,0,,,,,,,,
1465,2,996,94,10,1,6,0,39,1,1,0,,,-0.22320446372,-0.814415156841,-1.20362257957,,,
1466,2,996,94,10,1,6,1,1,1,1,0,,,0.850879073143,1.02230679989,,,,
1467,1,997,94,10,1,6,0,32,1,1,1,1,0,-1.70146906376,-2.2981543541,-3.11805677414,-1.70146906376,-2.2981543541,-3.11805677414
1467,2,997,94,10,1,6,0,46,1,1,1,1,,-1.64909386635,-1.30480802059,-1.85303711891,-1.70146906376,-2.2981543541,-3.11805677414
1468,2,997,94,10,1,6,1,5,1,0,0,,,,,,,,
1469,1,998,94,10,0,29.2499980927,1,51,1,1,1,1,0,0.298785716295,0.27656519413,-0.0668991357088,0.298785716295,0.27656519413,-0.0668991357088
1469,2,998,94,10,0,29.2499980927,1,64,1,1,1,1,,1.15755546093,0.461866885424,,0.298785716295,0.27656519413,-0.0668991357088
1470,1,998,94,10,0,29.2499980927,1,23,1,1,1,1,0,-0.794101059437,-0.577187418938,-0.171820059419,-0.794101059437,-0.577187418938,-0.171820059419
1470,2,998,94,10,0,29.2499980927,1,36,1,1,1,1,,0.616767168045,-0.930008590221,0.266677290201,-0.794101059437,-0.577187418938,-0.171820059419
1471,1,999,94,10,1,6,0,37,1,1,1,0,1,-0.635265052319,-0.425764322281,-0.550054132938,-0.635265052319,-0.425764322281,-0.550054132938
1472,1,999,94,10,1,6,0,8,1,1,1,1,0,-0.49847689271,0.605658531189,0.305392175913,-0.49847689271,0.605658531189,0.305392175913
1472,2,999,94,10,1,6,0,22,1,1,1,1,,-0.220738738775,0.273717343807,0.220767065883,-0.49847689271,0.605658531189,0.305392175913
1473,2,999,94,10,1,6,0,50,1,1,0,,,-0.0110837351531,-0.309856265783,-0.151347011328,,,
1474,2,1000,94,10,0,29.2499980927,0,8,1,1,0,,,-2.87886214256,-1.76001036167,-0.606784343719,,,
1475,1,1001,94,10,1,6,0,50,1,1,1,1,0,-2.70573282242,-2.33107066154,-1.52935695648,-2.70573282242,-2.33107066154,-1.52935695648
1475,2,1001,94,10,1,6,0,63,1,1,1,1,,-2.5643389225,-1.88294911385,,-2.70573282242,-2.33107066154,-1.52935695648
1476,1,1002,94,10,0,29.2499980927,0,35,1,1,1,1,0,-1.5909525156,-1.65035736561,-0.493243962526,-1.5909525156,-1.65035736561,-0.493243962526
1476,2,1002,94,10,0,29.2499980927,0,49,1,1,1,1,,-2.10063791275,-1.95515310764,-1.77573609352,-1.5909525156,-1.65035736561,-0.493243962526
1477,1,1002,94,10,0,29.2499980927,0,14,1,1,1,1,0,-0.726476311684,-0.610463261604,-0.00556526426226,-0.726476311684,-0.610463261604,-0.00556526426226
1477,2,1002,94,10,0,29.2499980927,0,28,1,1,1,1,,-2.11430859566,-1.25774347782,-1.68588590622,-0.726476311684,-0.610463261604,-0.00556526426226
1478,1,1003,94,10,1,6,1,59,1,1,1,1,0,-0.57099288702,-0.162095740438,-1.23271977901,-0.57099288702,-0.162095740438,-1.23271977901
1478,2,1003,94,10,1,6,1,72,1,1,1,1,,-0.200094223022,-0.0853162258863,,-0.57099288702,-0.162095740438,-1.23271977901
1479,1,1003,94,10,1,6,0,18,1,1,1,1,0,-2.32038855553,-1.50525164604,-2.22924947739,-2.32038855553,-1.50525164604,-2.22924947739
1479,2,1003,94,10,1,6,0,31,1,1,1,1,,-1.79615497589,-1.0631827116,-2.09822487831,-2.32038855553,-1.50525164604,-2.22924947739
1480,1,1005,95,9,1,5,0,44,1,1,1,1,0,-0.270160764456,-0.583979427814,-1.14518272877,-0.270160764456,-0.583979427814,-1.14518272877
1480,2,1005,95,9,1,5,0,57,1,1,1,1,,0.249793589115,-0.636325836182,-1.16136264801,-0.270160764456,-0.583979427814,-1.14518272877
1481,1,1007,95,9,1,5,1,18,1,1,1,1,0,-1.62125039101,-0.504755735397,-0.414773106575,-1.62125039101,-0.504755735397,-0.414773106575
1481,2,1007,95,9,1,5,1,31,1,1,1,1,,-1.85653781891,-0.187318459153,0.479627877474,-1.62125039101,-0.504755735397,-0.414773106575
1482,1,1008,95,9,1,5,1,18,1,1,1,1,0,-0.932514429092,0.6261267066,-0.153356075287,-0.932514429092,0.6261267066,-0.153356075287
1482,2,1008,95,9,1,5,1,31,1,1,1,1,,-1.2277238369,-0.20633482933,-1.06082606316,-0.932514429092,0.6261267066,-0.153356075287
1483,1,1008,95,9,1,5,0,59,1,1,1,1,0,-0.525697290897,-1.19628226757,-2.60725522041,-0.525697290897,-1.19628226757,-2.60725522041
1483,2,1008,95,9,1,5,0,71,1,1,1,1,,-0.593267381191,-1.11151134968,,-0.525697290897,-1.19628226757,-2.60725522041
1484,1,1008,95,9,1,5,0,44,1,1,1,1,0,-1.81460916996,-0.5729611516,-1.49538004398,-1.81460916996,-0.5729611516,-1.49538004398
1484,2,1008,95,9,1,5,0,59,1,1,1,1,,-2.05907249451,-1.40575814247,-1.9646500349,-1.81460916996,-0.5729611516,-1.49538004398
1485,1,1009,95,9,1,5,0,57,1,1,1,1,0,-1.83882594109,-1.06670808792,-1.08018696308,-1.83882594109,-1.06670808792,-1.08018696308
1485,2,1009,95,9,1,5,0,70,1,1,1,1,,-2.09663367271,-1.27591085434,,-1.83882594109,-1.06670808792,-1.08018696308
1486,2,1009,95,9,1,5,0,2,1,1,0,,,0.512430310249,1.24397373199,,,,
1487,1,1010,95,9,0,40.5,1,57,1,1,1,1,0,-2.23205304146,-1.96990764141,-1.40137004852,-2.23205304146,-1.96990764141,-1.40137004852
1487,2,1010,95,9,0,40.5,1,70,1,1,1,1,,-2.37363696098,-1.86647701263,,-2.23205304146,-1.96990764141,-1.40137004852
1488,1,1010,95,9,0,40.5,1,39,1,1,1,1,0,-0.79680109024,-0.829736948013,-0.37973088026,-0.79680109024,-0.829736948013,-0.37973088026
1488,2,1010,95,9,0,40.5,1,52,1,1,1,1,,-0.806969225407,-0.581360697746,-0.448041647673,-0.79680109024,-0.829736948013,-0.37973088026
1489,1,1011,95,9,1,5,1,48,1,0,0,,,,,,,,
1490,1,1011,95,9,1,5,1,1,1,1,1,0,1,-1.06805086136,-0.815242409706,,-1.06805086136,-0.815242409706,
1491,1,1012,95,9,0,40.5,1,26,1,0,0,,,,,,,,
1491,2,1012,95,9,0,40.5,1,40,1,0,0,,,,,,,,
1492,1,1014,95,9,1,5,0,68,1,0,0,,,,,,,,
1492,2,1014,95,9,1,5,0,72,1,0,0,,,,,,,,
1493,2,1014,95,9,1,5,1,3,1,1,0,,,-0.381413191557,-0.686332643032,,,,
1494,2,1015,95,9,1,5,0,13,1,1,0,,,0.239651679993,0.98846924305,1.53228199482,,,
1495,1,1016,95,9,1,5,1,56,1,1,1,1,0,-1.09064674377,-1.19352221489,-1.99962449074,-1.09064674377,-1.19352221489,-1.99962449074
1495,2,1016,95,9,1,5,1,68,1,1,1,1,,-0.665247619152,-1.33023393154,,-1.09064674377,-1.19352221489,-1.99962449074
1496,1,1017,96,9,0,20.75,1,43,1,0,0,,,,,,,,
1496,2,1017,96,9,0,20.75,1,58,1,0,0,,,,,,,,
1497,1,1017,96,9,0,20.75,1,24,1,0,0,,,,,,,,
1497,2,1017,96,9,0,20.75,1,36,1,0,0,,,,,,,,
1498,1,1018,96,9,1,3.24999976158,1,25,1,1,1,1,0,-0.988436043262,-1.18444752693,-0.212441474199,-0.988436043262,-1.18444752693,-0.212441474199
1498,2,1018,96,9,1,3.24999976158,1,38,1,1,1,1,,-1.63455867767,-0.445323526859,0.187369063497,-0.988436043262,-1.18444752693,-0.212441474199
1499,1,1019,96,9,1,3.24999976158,1,48,1,1,1,1,0,-2.99039912224,-1.89417660236,-2.12779974937,-2.99039912224,-1.89417660236,-2.12779974937
1499,2,1019,96,9,1,3.24999976158,1,61,1,1,1,1,,-2.83913111687,-1.9441177845,,-2.99039912224,-1.89417660236,-2.12779974937
1500,1,1019,96,9,1,3.24999976158,1,17,1,1,1,1,0,-2.06069588661,-1.69453918934,-1.67760074139,-2.06069588661,-1.69453918934,-1.67760074139
1500,2,1019,96,9,1,3.24999976158,1,30,1,1,1,1,,-1.80719804764,,-1.46176815033,-2.06069588661,-1.69453918934,-1.67760074139
1501,1,1020,96,9,1,3.24999976158,0,20,1,1,1,1,0,-1.88333034515,-0.506267845631,-0.386187106371,-1.88333034515,-0.506267845631,-0.386187106371
1501,2,1020,96,9,1,3.24999976158,0,34,1,1,1,1,,-2.29878687859,-0.53081703186,-0.17179723084,-1.88333034515,-0.506267845631,-0.386187106371
1502,2,1020,96,9,1,3.24999976158,1,11,1,1,0,,,-2.24969577789,-1.48654854298,-1.6224796772,,,
1503,1,1021,96,9,0,20.75,0,43,1,1,1,1,0,-0.811339735985,-1.16500854492,-1.74505853653,-0.811339735985,-1.16500854492,-1.74505853653
1503,2,1021,96,9,0,20.75,0,56,1,1,1,1,,-1.05148327351,-1.26789402962,-2.13392710686,-0.811339735985,-1.16500854492,-1.74505853653
1504,1,1022,96,9,1,3.24999976158,1,62,1,0,0,,,,,,,,
1504,2,1022,96,9,1,3.24999976158,1,72,1,0,0,,,,,,,,
1505,1,1022,96,9,1,3.24999976158,0,30,1,1,1,1,0,-2.59389638901,-3.02320504189,-3.09531784058,-2.59389638901,-3.02320504189,-3.09531784058
1505,2,1022,96,9,1,3.24999976158,0,43,1,1,1,1,,-2.99672150612,-2.69774889946,-2.95972418785,-2.59389638901,-3.02320504189,-3.09531784058
1506,1,1022,96,9,1,3.24999976158,0,25,1,1,1,1,0,-1.41914057732,-1.33251285553,-0.981289446354,-1.41914057732,-1.33251285553,-0.981289446354
1506,2,1022,96,9,1,3.24999976158,0,38,1,1,1,1,,-1.71815311909,-1.30993902683,-0.873527050018,-1.41914057732,-1.33251285553,-0.981289446354
1507,2,1022,96,9,1,3.24999976158,1,3,1,0,0,,,,,,,,
1508,1,1023,96,9,1,3.24999976158,0,48,1,1,1,1,0,-3.869120121,-2.74239015579,-1.2302134037,-3.869120121,-2.74239015579,-1.2302134037
1508,2,1023,96,9,1,3.24999976158,0,61,1,1,1,1,,-3.37906241417,-2.24519085884,,-3.869120121,-2.74239015579,-1.2302134037
1509,1,1023,96,9,1,3.24999976158,0,58,1,1,1,1,0,-4.23510694504,-2.68731570244,-1.945987463,-4.23510694504,-2.68731570244,-1.945987463
1509,2,1023,96,9,1,3.24999976158,0,71,1,1,1,1,,-3.85073518753,-2.78818273544,,-4.23510694504,-2.68731570244,-1.945987463
1510,1,1024,96,9,0,20.75,0,51,1,1,1,1,0,-1.17396116257,-0.908894062042,-0.479442179203,-1.17396116257,-0.908894062042,-0.479442179203
1510,2,1024,96,9,0,20.75,0,65,1,1,1,1,,-0.877991974354,-0.973037600517,,-1.17396116257,-0.908894062042,-0.479442179203
1511,1,1025,96,9,0,20.75,0,61,1,0,0,,,,,,,,
1511,2,1025,96,9,0,20.75,0,72,1,0,0,,,,,,,,
1512,1,1026,96,9,1,3.24999976158,1,8,1,1,1,1,0,-0.8878672719,1.241309762,1.75709688663,-0.8878672719,1.241309762,1.75709688663
1512,2,1026,96,9,1,3.24999976158,1,21,1,1,1,1,,-0.510371923447,1.38264620304,1.87292575836,-0.8878672719,1.241309762,1.75709688663
1513,1,1026,96,9,1,3.24999976158,1,8,1,1,1,1,0,-0.951293051243,0.215019181371,0.340599000454,-0.951293051243,0.215019181371,0.340599000454
1513,2,1026,96,9,1,3.24999976158,1,21,1,1,1,1,,-0.510371923447,0.159752294421,1.10392820835,-0.951293051243,0.215019181371,0.340599000454
1514,1,1027,96,9,1,3.24999976158,1,22,1,1,1,1,0,-0.610217928886,-0.745455980301,0.701061248779,-0.610217928886,-0.745455980301,0.701061248779
1514,2,1027,96,9,1,3.24999976158,1,36,1,1,1,1,,-1.37915503979,-0.107328109443,0.808862745762,-0.610217928886,-0.745455980301,0.701061248779
1515,2,1027,96,9,1,3.24999976158,1,1,1,0,0,,,,,,,,
1516,1,1028,96,9,1,3.24999976158,1,50,1,1,1,1,0,-2.55483460426,-1.56029295921,-0.745673775673,-2.55483460426,-1.56029295921,-0.745673775673
1516,2,1028,96,9,1,3.24999976158,1,63,1,1,1,1,,-2.32408356667,-1.87048316002,,-2.55483460426,-1.56029295921,-0.745673775673
1517,1,1029,97,8,1,2.875,0,11,1,1,1,1,0,-1.58362817764,-0.0216503217816,1.35312831402,-1.58362817764,-0.0216503217816,1.35312831402
1517,2,1029,97,8,1,2.875,0,24,1,1,1,1,,-2.16554737091,-0.467245012522,1.09591722488,-1.58362817764,-0.0216503217816,1.35312831402
1518,1,1030,97,8,1,2.875,1,32,1,0,0,,,,,,,,
1518,2,1030,97,8,1,2.875,1,48,1,0,0,,,,,,,,
1519,1,1031,97,8,1,2.875,0,38,1,1,1,1,0,-4.2987165451,-1.91537427902,-0.660779774189,-4.2987165451,-1.91537427902,-0.660779774189
1519,2,1031,97,8,1,2.875,0,51,1,1,1,1,,-3.71741509438,-2.03512477875,-0.795482814312,-4.2987165451,-1.91537427902,-0.660779774189
1520,1,1033,97,8,0,34.75,1,44,1,1,1,1,0,-0.616205453873,-0.0439668782055,-0.478478193283,-0.616205453873,-0.0439668782055,-0.478478193283
1520,2,1033,97,8,0,34.75,1,57,1,1,1,1,,-0.263107448816,-0.0277958214283,-0.133335724473,-0.616205453873,-0.0439668782055,-0.478478193283
1521,2,1033,97,8,0,34.75,1,66,1,0,0,,,,,,,,
1522,1,1034,97,8,1,2.875,1,44,1,1,1,1,0,-2.61734175682,-1.0560656786,-1.84915745258,-2.61734175682,-1.0560656786,-1.84915745258
1522,2,1034,97,8,1,2.875,1,58,1,1,1,1,,-2.46858167648,-0.285752743483,-0.601694703102,-2.61734175682,-1.0560656786,-1.84915745258
1523,1,1034,97,8,1,2.875,1,3,1,1,1,1,0,1.41551947594,1.64696979523,,1.41551947594,1.64696979523,
1523,2,1034,97,8,1,2.875,1,16,1,1,1,1,,-0.467178761959,0.681482255459,0.189463153481,1.41551947594,1.64696979523,
1524,1,1035,97,8,1,2.875,1,39,1,1,1,1,0,-1.97733807564,-0.11415541172,-0.457470923662,-1.97733807564,-0.11415541172,-0.457470923662
1524,2,1035,97,8,1,2.875,1,52,1,1,1,1,,-1.04237318039,-0.193810343742,-0.698725163937,-1.97733807564,-0.11415541172,-0.457470923662
1525,1,1035,97,8,1,2.875,0,11,1,1,1,1,0,-1.90560805798,-1.09318983555,-0.189931601286,-1.90560805798,-1.09318983555,-0.189931601286
1525,2,1035,97,8,1,2.875,0,24,1,1,1,1,,-1.96915888786,-0.911845266819,-0.840848207474,-1.90560805798,-1.09318983555,-0.189931601286
1526,1,1036,97,8,1,2.875,1,36,1,1,1,1,0,0.144047856331,0.903533101082,0.631354093552,0.144047856331,0.903533101082,0.631354093552
1526,2,1036,97,8,1,2.875,1,48,1,1,1,1,,0.271339535713,1.0644711256,0.309586316347,0.144047856331,0.903533101082,0.631354093552
1527,1,1037,97,8,1,2.875,1,56,1,1,1,0,1,-1.34005916119,-0.703669667244,-1.14930152893,-1.34005916119,-0.703669667244,-1.14930152893
1527,2,1037,97,8,1,2.875,1,70,1,0,1,0,,,,,-1.34005916119,-0.703669667244,-1.14930152893
1528,1,1037,97,8,1,2.875,1,37,1,1,1,1,0,-1.34712433815,0.247747600079,-0.073617503047,-1.34712433815,0.247747600079,-0.073617503047
1528,2,1037,97,8,1,2.875,1,52,1,1,1,1,,-1.80463755131,-1.15760135651,-1.06864356995,-1.34712433815,0.247747600079,-0.073617503047
1529,1,1037,97,8,1,2.875,1,16,1,1,1,0,1,-0.234575003386,1.02949535847,1.44611501694,-0.234575003386,1.02949535847,1.44611501694
1529,2,1037,97,8,1,2.875,1,29,1,0,1,0,,,,,-0.234575003386,1.02949535847,1.44611501694
1530,1,1038,97,8,0,34.75,1,13,1,1,1,1,0,-0.405990809202,0.650842547417,1.31861543655,-0.405990809202,0.650842547417,1.31861543655
1530,2,1038,97,8,0,34.75,1,26,1,1,1,1,,-0.74962079525,0.0774275287986,0.83693921566,-0.405990809202,0.650842547417,1.31861543655
1531,1,1039,97,8,0,34.75,1,31,1,1,1,0,1,-1.03209364414,-0.613186717033,-0.632816255093,-1.03209364414,-0.613186717033,-0.632816255093
1531,2,1039,97,8,0,34.75,1,46,1,0,1,0,,,,,-1.03209364414,-0.613186717033,-0.632816255093
1532,1,1040,97,8,1,2.875,0,27,1,1,1,1,0,-4.22521018982,-2.79985570908,-1.16842269897,-4.22521018982,-2.79985570908,-1.16842269897
1532,2,1040,97,8,1,2.875,0,40,1,1,1,1,,-3.98676133156,-2.58092689514,-1.54117584229,-4.22521018982,-2.79985570908,-1.16842269897
1533,1,1041,98,8,1,2.125,1,17,1,1,1,1,0,-1.92029964924,-1.07494735718,-0.107078239322,-1.92029964924,-1.07494735718,-0.107078239322
1533,2,1041,98,8,1,2.125,1,30,1,1,1,1,,-1.70805501938,-1.04401552677,-0.797980427742,-1.92029964924,-1.07494735718,-0.107078239322
1534,1,1043,98,8,1,2.125,0,63,1,0,0,,,,,,,,
1534,2,1043,98,8,1,2.125,0,72,1,0,0,,,,,,,,
1535,1,1043,98,8,1,2.125,0,29,1,1,1,1,0,-3.09929037094,-0.275694131851,,-3.09929037094,-0.275694131851,
1535,2,1043,98,8,1,2.125,0,42,1,1,1,1,,-2.49716186523,-0.0466059632599,0.381541877985,-3.09929037094,-0.275694131851,
1536,2,1043,98,8,1,2.125,0,12,1,1,0,,,-2.81907534599,-0.160604551435,,,,
1537,1,1044,98,8,1,2.125,1,72,1,0,0,,,,,,,,
1537,2,1044,98,8,1,2.125,1,72,1,0,0,,,,,,,,
1538,1,1044,98,8,1,2.125,0,40,1,1,1,1,0,-2.89227366447,-1.35510385036,-0.711749732494,-2.89227366447,-1.35510385036,-0.711749732494
1538,2,1044,98,8,1,2.125,0,53,1,1,1,1,,-1.88746273518,-0.877886176109,-0.958296239376,-2.89227366447,-1.35510385036,-0.711749732494
1539,1,1044,98,8,1,2.125,1,10,1,1,1,1,0,,-1.59503746033,-1.98323893547,,-1.59503746033,-1.98323893547
1539,2,1044,98,8,1,2.125,1,22,1,1,1,1,,-1.66784250736,,-0.72039693594,,-1.59503746033,-1.98323893547
1540,1,1045,98,8,1,2.125,1,50,1,1,1,1,0,-3.39526247978,-2.36053752899,-1.7590534687,-3.39526247978,-2.36053752899,-1.7590534687
1540,2,1045,98,8,1,2.125,1,63,1,1,1,1,,-3.07844829559,-2.28754425049,,-3.39526247978,-2.36053752899,-1.7590534687
1541,1,1045,98,8,1,2.125,0,2,1,1,1,1,0,-1.71204888821,-1.11520028114,,-1.71204888821,-1.11520028114,
1541,2,1045,98,8,1,2.125,0,16,1,1,1,1,,-3.25463342667,-2.61791467667,-1.55394732952,-1.71204888821,-1.11520028114,
1542,1,1048,98,8,1,2.125,1,54,1,1,1,1,0,-3.67627382278,-2.29011058807,-1.78638350964,-3.67627382278,-2.29011058807,-1.78638350964
1542,2,1048,98,8,1,2.125,1,68,1,1,1,1,,-3.14692091942,-2.38271307945,,-3.67627382278,-2.29011058807,-1.78638350964
1543,1,1048,98,8,1,2.125,0,24,1,1,1,1,0,-2.85290813446,,-1.49727261066,-2.85290813446,,-1.49727261066
1543,2,1048,98,8,1,2.125,0,37,1,1,1,1,,-2.47413754463,-2.0892791748,-2.1277821064,-2.85290813446,,-1.49727261066
1544,1,1050,98,8,1,2.125,1,51,1,1,1,1,0,-3.49651169777,-0.964951872826,-1.00074613094,-3.49651169777,-0.964951872826,-1.00074613094
1544,2,1050,98,8,1,2.125,1,64,1,1,1,1,,-1.12083494663,-0.923825979233,,-3.49651169777,-0.964951872826,-1.00074613094
1545,1,1051,98,8,1,2.125,1,58,1,1,1,1,0,-2.05221605301,-1.08670771122,-0.775245428085,-2.05221605301,-1.08670771122,-0.775245428085
1545,2,1051,98,8,1,2.125,1,71,1,1,1,1,,-1.46240031719,-1.66230463982,,-2.05221605301,-1.08670771122,-0.775245428085
1546,1,1052,98,8,1,2.125,1,17,1,1,1,1,0,-3.28918218613,-1.73652756214,-1.28657817841,-3.28918218613,-1.73652756214,-1.28657817841
1546,2,1052,98,8,1,2.125,1,31,1,1,1,1,,-3.58927106857,-2.21942520142,-0.717029154301,-3.28918218613,-1.73652756214,-1.28657817841
1547,1,1053,99,9,1,1,0,84,1,0,0,,,,,,,,
1547,2,1053,99,9,1,1,0,72,1,0,0,,,,,,,,
1548,1,1053,99,9,1,1,1,48,1,1,1,1,0,-1.81802999973,-0.561224043369,-1.54039442539,-1.81802999973,-0.561224043369,-1.54039442539
1548,2,1053,99,9,1,1,1,61,1,1,1,1,,-1.79160475731,-0.698649704456,,-1.81802999973,-0.561224043369,-1.54039442539
1549,1,1053,99,9,1,1,1,20,1,1,1,1,0,0.0983778908849,0.379849642515,-0.517388105392,0.0983778908849,0.379849642515,-0.517388105392
1549,2,1053,99,9,1,1,1,33,1,1,1,1,,-0.646423220634,-0.393048226833,-2.38724970818,0.0983778908849,0.379849642515,-0.517388105392
1550,1,1053,99,9,1,1,1,3,1,1,1,1,0,-0.381413191557,0.153376415372,-0.214372128248,-0.381413191557,0.153376415372,-0.214372128248
1550,2,1053,99,9,1,1,1,17,1,1,1,1,,-2.37659287453,-0.16638211906,0.0631840452552,-0.381413191557,0.153376415372,-0.214372128248
1551,2,1054,99,9,0,8.14285755157,0,8,1,1,0,,,-1.7680170536,-0.666748762131,0.12690000236,,,
1552,1,1055,99,9,1,1,0,63,1,0,0,,,,,,,,
1552,2,1055,99,9,1,1,0,72,1,0,0,,,,,,,,
1553,1,1055,99,9,1,1,0,21,1,1,1,1,0,-2.13447523117,-2.03765749931,-0.608890473843,-2.13447523117,-2.03765749931,-0.608890473843
1553,2,1055,99,9,1,1,0,33,1,1,1,1,,-2.22348499298,-1.52274632454,-0.30464720726,-2.13447523117,-2.03765749931,-0.608890473843
1554,1,1057,99,9,1,1,1,24,1,1,1,1,0,-1.67847323418,-1.64168894291,-1.20732927322,-1.67847323418,-1.64168894291,-1.20732927322
1554,2,1057,99,9,1,1,1,38,1,1,1,1,,-2.19919919968,-1.64385402203,-1.19330954552,-1.67847323418,-1.64168894291,-1.20732927322
1555,1,1058,99,9,1,1,0,18,1,1,1,0,1,-2.32038855553,-2.26236701012,-2.1262948513,-2.32038855553,-2.26236701012,-2.1262948513
1556,1,1059,99,9,0,8.14285755157,0,15,1,1,1,1,0,-0.0181003883481,0.199833512306,0.228895738721,-0.0181003883481,0.199833512306,0.228895738721
1556,2,1059,99,9,0,8.14285755157,0,28,1,1,1,1,,-2.11430859566,0.267294973135,0.545115590096,-0.0181003883481,0.199833512306,0.228895738721
1557,2,1059,99,9,0,8.14285755157,1,1,1,0,0,,,,,,,,
1558,1,1060,99,9,1,1,0,40,1,1,1,1,0,-3.38157367706,-2.29021835327,-2.34437441826,-3.38157367706,-2.29021835327,-2.34437441826
1558,2,1060,99,9,1,1,0,54,1,1,1,1,,-1.91776251793,-1.75628840923,-2.28177762032,-3.38157367706,-2.29021835327,-2.34437441826
1559,1,1060,99,9,1,1,0,8,1,1,1,1,0,-1.17858695984,-0.564774155617,-0.795387744904,-1.17858695984,-0.564774155617,-0.795387744904
1559,2,1060,99,9,1,1,0,21,1,1,1,1,,-1.35163521767,-0.224728390574,-0.428924053907,-1.17858695984,-0.564774155617,-0.795387744904
1560,1,1062,99,9,0,8.14285755157,0,43,1,1,1,1,0,-1.36080634594,0.0227942634374,0.317892879248,-1.36080634594,0.0227942634374,0.317892879248
1560,2,1062,99,9,0,8.14285755157,0,56,1,1,1,1,,-0.984648346901,0.090331569314,-0.322617292404,-1.36080634594,0.0227942634374,0.317892879248
1561,1,1062,99,9,0,8.14285755157,0,8,1,1,1,1,0,-1.17858695984,-0.885451197624,-0.144458577037,-1.17858695984,-0.885451197624,-0.144458577037
1561,2,1062,99,9,0,8.14285755157,0,22,1,1,1,1,,-1.80548393726,-2.5867972374,-1.35298800468,-1.17858695984,-0.885451197624,-0.144458577037
1562,1,1063,99,9,0,8.14285755157,1,64,1,0,0,,,,,,,,
1562,2,1063,99,9,0,8.14285755157,1,72,1,0,0,,,,,,,,
1563,1,1064,99,9,0,8.14285755157,0,59,1,1,1,1,0,-1.98294627666,1.13259243965,1.75709688663,-1.98294627666,1.13259243965,1.75709688663
1563,2,1064,99,9,0,8.14285755157,0,72,1,1,1,1,,-0.822224080563,0.583422839642,,-1.98294627666,1.13259243965,1.75709688663
1564,1,1064,99,9,0,8.14285755157,1,18,1,1,1,0,1,-1.50072216988,-0.318602889776,-0.0676444843411,-1.50072216988,-0.318602889776,-0.0676444843411
1564,2,1064,99,9,0,8.14285755157,1,31,1,0,1,0,,,,,-1.50072216988,-0.318602889776,-0.0676444843411
1565,2,1064,99,9,0,8.14285755157,0,10,1,0,0,,,,,,,,
1566,1,1066,100,9,0,46.25,1,56,1,1,1,1,0,-1.09064674377,-1.25302302837,-1.76008868217,-1.09064674377,-1.25302302837,-1.76008868217
1566,2,1066,100,9,0,46.25,1,69,1,1,1,1,,-0.828880786896,-1.09514915943,,-1.09064674377,-1.25302302837,-1.76008868217
1567,1,1066,100,9,0,46.25,0,39,1,1,1,1,0,-2.93089723587,-1.75660920143,-1.20362257957,-2.93089723587,-1.75660920143,-1.20362257957
1567,2,1066,100,9,0,46.25,0,52,1,1,1,1,,-2.17720508575,-1.63098955154,-0.776566624641,-2.93089723587,-1.75660920143,-1.20362257957
1568,2,1066,100,9,0,46.25,0,12,1,0,0,,,,,,,,
1569,2,1067,100,9,0,46.25,1,5,1,0,0,,,,,,,,
1570,1,1068,100,9,0,46.25,0,8,1,1,1,0,1,-3.08289551735,-2.524497509,-1.77233910561,-3.08289551735,-2.524497509,-1.77233910561
1570,2,1068,100,9,0,46.25,0,21,1,0,1,0,,,,,-3.08289551735,-2.524497509,-1.77233910561
1571,1,1069,100,9,1,1.375,1,51,1,1,1,1,0,-1.679697752,-0.745328605175,-1.07648777962,-1.679697752,-0.745328605175,-1.07648777962
1571,2,1069,100,9,1,1.375,1,65,1,1,1,1,,-1.28910934925,-0.697693347931,,-1.679697752,-0.745328605175,-1.07648777962
1572,1,1069,100,9,1,1.375,1,15,1,1,1,1,0,-1.31786704063,0.0331147499382,-0.28368639946,-1.31786704063,0.0331147499382,-0.28368639946
1572,2,1069,100,9,1,1.375,1,29,1,1,1,1,,-1.72343683243,-0.999092638493,-0.619137108326,-1.31786704063,0.0331147499382,-0.28368639946
1573,1,1070,100,9,1,1.375,0,8,1,1,1,1,0,-1.06523525715,-0.193934321404,0.499568194151,-1.06523525715,-0.193934321404,0.499568194151
1573,2,1070,100,9,1,1.375,0,22,1,1,1,1,,-1.05571329594,-1.08772051334,-0.385137975216,-1.06523525715,-0.193934321404,0.499568194151
1574,1,1071,100,9,1,1.375,0,40,1,1,1,1,0,-2.02956199646,0.777499675751,1.1922672987,-2.02956199646,0.777499675751,1.1922672987
1574,2,1071,100,9,1,1.375,0,53,1,1,1,1,,-1.77326369286,0.543550431728,1.34942650795,-2.02956199646,0.777499675751,1.1922672987
1575,1,1071,100,9,1,1.375,0,4,1,1,1,1,0,-1.38698923588,0.283492833376,1.2965682745,-1.38698923588,0.283492833376,1.2965682745
1575,2,1071,100,9,1,1.375,0,17,1,1,1,1,,-1.47645616531,0.671597480774,1.87292575836,-1.38698923588,0.283492833376,1.2965682745
1576,1,1072,100,9,1,1.375,0,51,1,1,1,1,0,-3.89162445068,-1.1050889492,-0.0250741299242,-3.89162445068,-1.1050889492,-0.0250741299242
1576,2,1072,100,9,1,1.375,0,64,1,1,1,1,,-2.98129963875,-1.3522387743,,-3.89162445068,-1.1050889492,-0.0250741299242
1577,1,1073,100,9,1,1.375,0,23,1,1,1,1,0,-2.36752104759,-0.555607736111,0.340732604265,-2.36752104759,-0.555607736111,0.340732604265
1577,2,1073,100,9,1,1.375,0,36,1,1,1,1,,-2.63926625252,-1.35674905777,-0.273474425077,-2.36752104759,-0.555607736111,0.340732604265
1578,1,1074,100,9,1,1.375,0,612,1,0,0,,,,,,,,
1578,2,1074,100,9,1,1.375,0,66,1,1,0,,,0.250544279814,1.21876335144,,,,
1579,1,1075,100,9,1,1.375,1,720,1,0,0,,,,,,,,
1579,2,1075,100,9,1,1.375,1,72,1,0,0,,,,,,,,
1580,1,1075,100,9,1,1.375,0,84,1,0,0,,,,,,,,
1580,2,1075,100,9,1,1.375,0,32,1,1,0,,,-1.53061914444,-2.37220072746,-0.653214693069,,,
1581,1,1075,100,9,1,1.375,1,192,1,0,0,,,,,,,,
1581,2,1075,100,9,1,1.375,1,32,1,0,0,,,,,,,,
1582,2,1075,100,9,1,1.375,0,2,1,0,0,,,,,,,,
1583,1,1076,100,9,1,1.375,0,72,1,0,0,,,,,,,,
1583,2,1076,100,9,1,1.375,0,72,1,0,0,,,,,,,,
1584,1,1076,100,9,1,1.375,0,20,1,1,1,1,0,-2.52833175659,0.451374083757,1.28675854206,-2.52833175659,0.451374083757,1.28675854206
1584,2,1076,100,9,1,1.375,0,32,1,1,1,1,,-1.53061914444,-0.0597448982298,1.17713582516,-2.52833175659,0.451374083757,1.28675854206
1585,1,1077,101,9,1,4,0,1,1,1,1,1,0,-1.16842746735,-1.15364015102,,-1.16842746735,-1.15364015102,
1585,2,1077,101,9,1,4,0,15,1,1,1,1,,-1.79655170441,-2.1816034317,-0.665714561939,-1.16842746735,-1.15364015102,
1586,1,1078,101,9,0,27.5,1,6,1,0,0,,,,,,,,
1586,2,1078,101,9,0,27.5,1,20,1,0,0,,,,,,,,
1587,1,1079,101,9,1,4,1,32,1,1,1,1,0,-1.52807939053,-1.35130405426,-1.91853439808,-1.52807939053,-1.35130405426,-1.91853439808
1587,2,1079,101,9,1,4,1,42,1,1,1,1,,-1.24079239368,-0.617985069752,-1.70585680008,-1.52807939053,-1.35130405426,-1.91853439808
1588,1,1079,101,9,1,4,1,32,1,1,1,1,0,-3.19665169716,-1.67433047295,-1.27903139591,-3.19665169716,-1.67433047295,-1.27903139591
1588,2,1079,101,9,1,4,1,42,1,1,1,1,,-2.22461128235,-0.816088080406,-0.719026088715,-3.19665169716,-1.67433047295,-1.27903139591
1589,1,1080,101,9,0,27.5,0,55,1,0,0,,,,,,,,
1589,2,1080,101,9,0,27.5,0,57,1,0,0,,,,,,,,
1590,1,1081,101,9,0,27.5,0,20,1,1,1,1,0,-3.14490294456,,0.0529500618577,-3.14490294456,,0.0529500618577
1590,2,1081,101,9,0,27.5,0,32,1,1,1,1,,-2.99708294868,-1.39989626408,-1.09486758709,-3.14490294456,,0.0529500618577
1591,1,1082,101,9,1,4,1,35,1,1,1,1,0,-2.89692354202,-1.46379613876,-1.65797924995,-2.89692354202,-1.46379613876,-1.65797924995
1591,2,1082,101,9,1,4,1,48,1,1,1,1,,-2.78146195412,-1.41831541061,-1.21978628635,-2.89692354202,-1.46379613876,-1.65797924995
1592,1,1083,101,9,1,4,1,31,1,1,1,1,0,-1.10196185112,0.971313297749,0.703164815903,-1.10196185112,0.971313297749,0.703164815903
1592,2,1083,101,9,1,4,1,44,1,1,1,1,,-1.13457226753,0.890303075314,0.557200312614,-1.10196185112,0.971313297749,0.703164815903
1593,1,1084,101,9,0,27.5,0,63,1,0,0,,,,,,,,
1593,2,1084,101,9,0,27.5,0,72,1,0,0,,,,,,,,
1594,1,1084,101,9,0,27.5,0,4,1,1,1,1,0,-0.401776015759,0.0474705584347,,-0.401776015759,0.0474705584347,
1594,2,1084,101,9,0,27.5,0,17,1,1,1,1,,-1.19242787361,-0.81889039278,-0.682182908058,-0.401776015759,0.0474705584347,
1595,1,1085,101,9,1,4,1,31,1,1,1,1,0,-0.654805660248,0.391552180052,-0.30260848999,-0.654805660248,0.391552180052,-0.30260848999
1595,2,1085,101,9,1,4,1,44,1,1,1,1,,-0.6403170228,0.137362003326,-0.478478193283,-0.654805660248,0.391552180052,-0.30260848999
1596,1,1086,101,9,1,4,1,55,1,1,1,1,0,-1.69011437893,-1.20416843891,-1.04648387432,-1.69011437893,-1.20416843891,-1.04648387432
1596,2,1086,101,9,1,4,1,68,1,1,1,1,,-1.50581622124,-1.26598966122,,-1.69011437893,-1.20416843891,-1.04648387432
1597,2,1086,101,9,1,4,1,10,1,0,0,,,,,,,,
1598,1,1087,101,9,1,4,0,50,1,1,1,1,0,-3.514128685,-1.91591095924,-1.61711609364,-3.514128685,-1.91591095924,-1.61711609364
1598,2,1087,101,9,1,4,0,63,1,1,1,1,,-3.42386031151,-1.68995082378,,-3.514128685,-1.91591095924,-1.61711609364
1599,2,1087,101,9,1,4,0,6,1,1,0,,,-2.88447117805,-2.07425951958,-1.6325006485,,,
1600,1,1088,101,9,1,4,0,49,1,1,1,1,0,-0.540864527225,-0.702420294285,-0.83417236805,-0.540864527225,-0.702420294285,-0.83417236805
1600,2,1088,101,9,1,4,0,62,1,1,1,1,,-0.454419761896,-0.424883902073,,-0.540864527225,-0.702420294285,-0.83417236805
1601,1,1088,101,9,1,4,1,7,1,1,1,1,0,-0.383223384619,-0.0238922964782,-0.00155086338054,-0.383223384619,-0.0238922964782,-0.00155086338054
1601,2,1088,101,9,1,4,1,19,1,1,1,1,,-1.74707567692,0.123792529106,1.39375925064,-0.383223384619,-0.0238922964782,-0.00155086338054
1602,1,1089,102,9,1,3.125,0,64,1,0,0,,,,,,,,
1602,2,1089,102,9,1,3.125,0,72,1,0,0,,,,,,,,
1603,1,1089,102,9,1,3.125,0,4,1,1,1,1,0,-2.49235033989,-2.53748726845,,-2.49235033989,-2.53748726845,
1603,2,1089,102,9,1,3.125,0,17,1,1,1,1,,-3.06701588631,,0.294954776764,-2.49235033989,-2.53748726845,
1604,1,1090,102,9,1,3.125,1,72,1,0,0,,,,,,,,
1604,2,1090,102,9,1,3.125,1,44,1,0,0,,,,,,,,
1605,1,1090,102,9,1,3.125,1,39,1,1,1,1,0,-2.19313693047,-0.481084287167,0.43796557188,-2.19313693047,-0.481084287167,0.43796557188
1605,2,1090,102,9,1,3.125,1,52,1,1,1,1,,-2.12971997261,-0.752272546291,-0.203789874911,-2.19313693047,-0.481084287167,0.43796557188
1606,1,1090,102,9,1,3.125,0,8,1,1,1,1,0,-2.49346709251,-2.0170750618,-0.795387744904,-2.49346709251,-2.0170750618,-0.795387744904
1606,2,1090,102,9,1,3.125,0,22,1,1,1,1,,-3.21982645988,-1.22493898869,0.918959319592,-2.49346709251,-2.0170750618,-0.795387744904
1607,1,1091,102,9,1,3.125,1,14,1,1,1,1,0,-1.94917809963,-0.73872256279,-0.782482147217,-1.94917809963,-0.73872256279,-0.782482147217
1607,2,1091,102,9,1,3.125,1,27,1,1,1,1,,-2.05042934418,-1.30000329018,-1.25494718552,-1.94917809963,-0.73872256279,-0.782482147217
1608,1,1092,102,9,0,27.9999980927,1,52,1,1,1,1,0,-2.34270644188,-0.825105071068,0.364405572414,-2.34270644188,-0.825105071068,0.364405572414
1608,2,1092,102,9,0,27.9999980927,1,65,1,1,1,1,,-2.22744655609,-0.51193189621,,-2.34270644188,-0.825105071068,0.364405572414
1609,2,1092,102,9,0,27.9999980927,0,9,1,0,0,,,,,,,,
1610,1,1093,102,9,1,3.125,1,47,1,1,1,1,0,-1.50787425041,0.459551423788,0.209228277206,-1.50787425041,0.459551423788,0.209228277206
1610,2,1093,102,9,1,3.125,1,61,1,1,1,1,,-0.97453546524,0.374459385872,,-1.50787425041,0.459551423788,0.209228277206
1611,1,1093,102,9,1,3.125,0,1,1,1,1,1,0,-3.50589966774,-3.8929309845,,-3.50589966774,-3.8929309845,
1611,2,1093,102,9,1,3.125,0,13,1,1,1,1,,0.0747714489698,0.819947957993,1.87292575836,-3.50589966774,-3.8929309845,
1612,1,1093,102,9,1,3.125,0,1,1,1,1,1,0,-3.96825766563,-3.8929309845,,-3.96825766563,-3.8929309845,
1612,2,1093,102,9,1,3.125,0,13,1,1,1,1,,-0.56413513422,-0.353112012148,0.796333312988,-3.96825766563,-3.8929309845,
1613,1,1094,102,9,0,27.9999980927,1,3,1,1,1,1,0,1.28124570847,1.38734614849,,1.28124570847,1.38734614849,
1613,2,1094,102,9,0,27.9999980927,1,16,1,1,1,1,,1.15755546093,1.38264620304,1.87292575836,1.28124570847,1.38734614849,
1614,1,1094,102,9,0,27.9999980927,0,28,1,1,1,1,0,-0.8236156106,-0.167642682791,-0.236649394035,-0.8236156106,-0.167642682791,-0.236649394035
1614,2,1094,102,9,0,27.9999980927,0,41,1,1,1,1,,-0.457650929689,0.167756900191,0.629897177219,-0.8236156106,-0.167642682791,-0.236649394035
1615,1,1095,102,9,1,3.125,0,53,1,0,0,,,,,,,,
1615,2,1095,102,9,1,3.125,0,72,1,0,0,,,,,,,,
1616,2,1095,102,9,1,3.125,0,11,1,1,0,,,-2.78568458557,-3.22625780106,-1.95794129372,,,
1617,1,1096,102,9,0,27.9999980927,0,432,1,0,0,,,,,,,,
1617,2,1096,102,9,0,27.9999980927,0,72,1,1,0,,,-2.34452462196,-1.72983944416,,,,
1618,1,1097,102,9,1,3.125,1,26,1,1,1,1,0,-1.45533633232,-0.681037008762,-0.529768407345,-1.45533633232,-0.681037008762,-0.529768407345
1618,2,1097,102,9,1,3.125,1,38,1,1,1,1,,-0.915923714638,-0.0848558545113,-0.112048514187,-1.45533633232,-0.681037008762,-0.529768407345
1619,1,1098,102,9,1,3.125,1,564,1,0,0,,,,,,,,
1619,2,1098,102,9,1,3.125,1,61,1,1,0,,,-3.25814151764,-2.42591428757,,,,
1620,1,1098,102,9,1,3.125,1,252,1,0,0,,,,,,,,
1620,2,1098,102,9,1,3.125,1,34,1,1,0,,,-3.19860696793,-1.41021049023,0.00595283741131,,,
1621,1,1099,102,9,0,27.9999980927,1,72,1,0,0,,,,,,,,
1621,2,1099,102,9,0,27.9999980927,1,72,1,0,0,,,,,,,,
1622,1,1100,102,9,1,3.125,0,26,1,1,1,1,0,-2.77307248116,-1.56245994568,0.025857521221,-2.77307248116,-1.56245994568,0.025857521221
1622,2,1100,102,9,1,3.125,0,40,1,1,1,1,,-2.75063562393,-1.37453937531,-0.0621675811708,-2.77307248116,-1.56245994568,0.025857521221
1623,2,1100,102,9,1,3.125,1,13,1,1,0,,,-1.54684555531,-1.34055697918,-0.385996341705,,,
1624,1,1101,103,8,1,2.375,1,16,1,0,0,,,,,,,,
1624,2,1101,103,8,1,2.375,1,29,1,1,0,,,0.287541210651,-0.133569687605,-0.409043848515,,,
1625,1,1103,103,8,1,2.375,1,38,1,1,1,1,0,-1.89121377468,-1.47614824772,-1.75768911839,-1.89121377468,-1.47614824772,-1.75768911839
1625,2,1103,103,8,1,2.375,1,51,1,1,1,1,,-1.46489167213,-0.929419875145,-1.07648777962,-1.89121377468,-1.47614824772,-1.75768911839
1626,1,1104,103,8,1,2.375,0,61,1,0,0,,,,,,,,
1626,2,1104,103,8,1,2.375,0,72,1,0,0,,,,,,,,
1627,1,1104,103,8,1,2.375,0,3,1,0,0,,,,,,,,
1627,2,1104,103,8,1,2.375,0,16,1,1,0,,,-0.294576823711,,0.455838501453,,,
1628,1,1105,103,8,1,2.375,0,1,1,1,1,1,0,-0.860190093517,-1.30566704273,,-0.860190093517,-1.30566704273,
1628,2,1105,103,8,1,2.375,0,14,1,1,1,1,,-3.14847064018,-1.74298214912,-0.273131400347,-0.860190093517,-1.30566704273,
1629,1,1106,103,8,1,2.375,1,37,1,1,1,1,0,-1.60669112206,-0.372771322727,-0.621886968613,-1.60669112206,-0.372771322727,-0.621886968613
1629,2,1106,103,8,1,2.375,1,50,1,1,1,1,,-0.787312150002,-0.22658200562,-0.526134848595,-1.60669112206,-0.372771322727,-0.621886968613
1630,2,1106,103,8,1,2.375,1,12,1,1,0,,,-2.25826931,-1.60151219368,-0.618792951107,,,
1631,1,1107,103,8,0,31.4999980927,0,48,1,1,1,1,0,-1.77091133595,-1.59458184242,-1.06107413769,-1.77091133595,-1.59458184242,-1.06107413769
1631,2,1107,103,8,0,31.4999980927,0,61,1,1,1,1,,-1.83269929886,-1.47233021259,,-1.77091133595,-1.59458184242,-1.06107413769
