childid,round,hhid,vid,block,eligible,samp_wgt,female,agemonths,anthro_shouldbe,anthro_present,anthro_baseline,anthro_panel,anthro_attrites,haz06,waz06,muacz,haz06_R1,waz06_R1,muacz_R1
550,2,364,32,3,1,3.625,0,55,1,1,1,1,,-0.857825279236,-0.224908962846,0.415245205164,-1.13528013229,-0.131523489952,0.782076358795
551,1,365,32,3,1,3.625,1,44,1,1,1,1,0,1.03533387184,0.95123398304,0.247337952256,1.03533387184,0.95123398304,0.247337952256
551,2,365,32,3,1,3.625,1,57,1,1,1,1,,0.672948122025,0.475638121367,-0.606238782406,1.03533387184,0.95123398304,0.247337952256
552,1,365,32,3,1,3.625,0,32,1,1,1,1,0,-0.491279065609,0.560486257076,0.180424138904,-0.491279065609,0.560486257076,0.180424138904
552,2,365,32,3,1,3.625,0,45,1,1,1,1,,-0.506884217262,0.342758178711,0.0419698990881,-0.491279065609,0.560486257076,0.180424138904
553,1,366,32,3,0,59.2500038147,1,29,1,1,1,0,1,-4.52444219589,-3.8929309845,-2.4696419239,-4.52444219589,-3.8929309845,-2.4696419239
554,2,367,32,3,0,59.2500038147,0,1,1,1,0,,,-0.937248468399,-1.85831570625,,,,
555,1,369,32,3,1,3.625,1,37,1,1,1,1,0,-1.50286591053,-1.1986540556,-0.150155156851,-1.50286591053,-1.1986540556,-0.150155156851
555,2,369,32,3,1,3.625,1,50,1,1,1,1,,-1.14081561565,-1.18226635456,-0.819978356361,-1.50286591053,-1.1986540556,-0.150155156851
556,1,369,32,3,1,3.625,1,20,1,1,1,1,0,-1.72711062431,-1.04587352276,-0.517388105392,-1.72711062431,-1.04587352276,-0.517388105392
556,2,369,32,3,1,3.625,1,34,1,1,1,1,,-1.51787567139,-0.955719649792,-0.509121179581,-1.72711062431,-1.04587352276,-0.517388105392
557,1,370,32,3,1,3.625,1,8,1,1,1,1,0,-1.83924424648,-2.35124444962,-1.56353139877,-1.83924424648,-2.35124444962,-1.56353139877
557,2,370,32,3,1,3.625,1,21,1,1,1,1,,-1.55367672443,-1.37154424191,-0.662092685699,-1.83924424648,-2.35124444962,-1.56353139877
558,1,371,32,3,1,3.625,0,504,1,0,0,,,,,,,,
558,2,371,32,3,1,3.625,0,55,1,1,0,,,-0.498414337635,-0.328638613224,-0.760200500488,,,
559,1,371,32,3,1,3.625,0,132,1,0,0,,,,,,,,
559,2,371,32,3,1,3.625,0,24,1,1,0,,,-0.889018476009,0.0777945891023,-0.704669594765,,,
560,1,372,32,3,1,3.625,0,63,1,0,0,,,,,,,,
560,2,372,32,3,1,3.625,0,72,1,0,0,,,,,,,,
561,1,372,32,3,1,3.625,0,44,1,1,1,1,0,-4.31243419647,-2.80599069595,-1.23157739639,-4.31243419647,-2.80599069595,-1.23157739639
561,2,372,32,3,1,3.625,0,57,1,1,1,1,,-4.3473815918,-2.86637473106,-2.33627772331,-4.31243419647,-2.80599069595,-1.23157739639
562,2,372,32,3,1,3.625,0,9,1,1,0,,,-1.32338249683,-0.976436257362,-0.900040745735,,,
563,1,374,32,3,1,3.625,0,53,1,1,1,1,0,-1.73900318146,-1.01602983475,-0.600481510162,-1.73900318146,-1.01602983475,-0.600481510162
563,2,374,32,3,1,3.625,0,66,1,1,1,1,,-1.37199378014,-0.99830776453,,-1.73900318146,-1.01602983475,-0.600481510162
564,1,374,32,3,1,3.625,0,2,1,1,1,0,1,-2.46187329292,-0.578368246555,,-2.46187329292,-0.578368246555,
564,2,374,32,3,1,3.625,0,15,1,0,1,0,,,,,-2.46187329292,-0.578368246555,
565,1,375,33,3,1,2.625,0,16,1,1,1,1,0,-1.49407720566,-1.06809926033,0.284853339195,-1.49407720566,-1.06809926033,0.284853339195
565,2,375,33,3,1,2.625,0,29,1,1,1,1,,-0.74112290144,-1.15491294861,0.0549538470805,-1.49407720566,-1.06809926033,0.284853339195
566,1,375,33,3,1,2.625,1,240,1,0,0,,,,,,,,
566,2,375,33,3,1,2.625,1,29,1,0,0,,,,,,,,
567,1,376,33,3,1,2.625,0,48,1,1,1,1,0,1.3525570631,0.974588811398,1.03235554695,1.3525570631,0.974588811398,1.03235554695
567,2,376,33,3,1,2.625,0,61,1,1,1,1,,1.15112507343,0.979020893574,,1.3525570631,0.974588811398,1.03235554695
568,1,376,33,3,1,2.625,0,2,1,1,1,1,0,1.41551947594,1.74831914902,,1.41551947594,1.74831914902,
568,2,376,33,3,1,2.625,0,16,1,1,1,1,,0.0923589542508,1.38264620304,1.87292575836,1.41551947594,1.74831914902,
569,1,377,33,3,1,2.625,0,48,1,1,1,1,0,0.255766898394,1.74831914902,1.75709688663,0.255766898394,1.74831914902,1.75709688663
569,2,377,33,3,1,2.625,0,60,1,1,1,1,,0.558108448982,1.38264620304,1.04072332382,0.255766898394,1.74831914902,1.75709688663
570,1,377,33,3,1,2.625,0,11,1,1,1,1,0,-1.97000479698,-0.584110856056,-0.280392795801,-1.97000479698,-0.584110856056,-0.280392795801
570,2,377,33,3,1,2.625,0,24,1,1,1,1,,-1.2490644455,0.644097805023,1.87292575836,-1.97000479698,-0.584110856056,-0.280392795801
571,1,378,33,3,1,2.625,1,23,1,1,1,1,0,-2.8579685688,-1.28242993355,-0.342282652855,-2.8579685688,-1.28242993355,-0.342282652855
571,2,378,33,3,1,2.625,1,36,1,1,1,1,,-2.3902490139,-1.60577559471,-1.3385361433,-2.8579685688,-1.28242993355,-0.342282652855
572,1,379,33,3,1,2.625,1,24,1,1,1,1,0,-1.94193279743,-0.587439775467,-0.149498522282,-1.94193279743,-0.587439775467,-0.149498522282
572,2,379,33,3,1,2.625,1,38,1,1,1,1,,-1.69872248173,-0.652213573456,-0.265155732632,-1.94193279743,-0.587439775467,-0.149498522282
573,1,381,33,3,1,2.625,0,9,1,1,1,1,0,0.281421095133,0.658150553703,0.421570956707,0.281421095133,0.658150553703,0.421570956707
573,2,381,33,3,1,2.625,0,23,1,1,1,1,,-0.664750218391,,1.45427548885,0.281421095133,0.658150553703,0.421570956707
574,1,382,33,3,1,2.625,1,16,1,1,1,1,0,-0.825034081936,0.153571054339,-0.15008687973,-0.825034081936,0.153571054339,-0.15008687973
574,2,382,33,3,1,2.625,1,29,1,1,1,1,,-0.847226321697,-0.251960158348,0.880369484425,-0.825034081936,0.153571054339,-0.15008687973
575,2,382,33,3,1,2.625,0,13,1,1,0,,,-0.790845811367,0.561560511589,1.20973837376,,,
576,1,383,33,3,0,35,1,31,1,1,1,1,0,-0.920304059982,-0.231782227755,0.173807218671,-0.920304059982,-0.231782227755,0.173807218671
576,2,383,33,3,0,35,1,45,1,1,1,1,,-1.05621802807,-0.378437906504,0.486035376787,-0.920304059982,-0.231782227755,0.173807218671
577,1,385,33,3,0,35,0,61,1,0,0,,,,,,,,
577,2,385,33,3,0,35,0,73,1,1,0,,,-0.533226370811,-0.522590756416,,,,
578,1,385,33,3,0,35,1,38,1,1,1,1,0,-0.595106840134,0.140118390322,0.0387720279396,-0.595106840134,0.140118390322,0.0387720279396
578,2,385,33,3,0,35,1,51,1,1,1,1,,-0.956138789654,-0.814260840416,-1.1528275013,-0.595106840134,0.140118390322,0.0387720279396
579,1,386,33,3,1,2.625,1,30,1,0,0,,,,,,,,
579,2,386,33,3,1,2.625,1,42,1,1,0,,,-0.52752327919,-0.606867134571,-1.61983978748,,,
580,1,386,33,3,1,2.625,0,9,1,1,1,1,0,-0.677004337311,-1.81865179539,-1.33340895176,-0.677004337311,-1.81865179539,-1.33340895176
580,2,386,33,3,1,2.625,0,23,1,1,1,1,,-2.05033659935,-0.842644035816,-0.521443426609,-0.677004337311,-1.81865179539,-1.33340895176
581,1,387,34,4,1,2.5,0,37,1,1,1,1,0,-1.7945535183,-0.731062889099,-0.634130001068,-1.7945535183,-0.731062889099,-0.634130001068
581,2,387,34,4,1,2.5,0,50,1,1,1,1,,-1.2881141901,-0.935643076897,-1.27087724209,-1.7945535183,-0.731062889099,-0.634130001068
582,1,387,34,4,1,2.5,0,4,1,1,1,1,0,0.727616250515,-0.00290277902968,0.182356521487,0.727616250515,-0.00290277902968,0.182356521487
582,2,387,34,4,1,2.5,0,17,1,1,1,1,,-0.529692530632,0.0821424126625,0.337728023529,0.727616250515,-0.00290277902968,0.182356521487
583,2,387,34,4,1,2.5,0,17,1,0,0,,,,,,,,
584,1,388,34,4,1,2.5,0,15,1,1,1,1,0,-3.53548264503,-2.1816034317,-0.211233317852,-3.53548264503,-2.1816034317,-0.211233317852
584,2,388,34,4,1,2.5,0,28,1,1,1,1,,-2.8735396862,-1.27318477631,-0.938693106174,-3.53548264503,-2.1816034317,-0.211233317852
585,2,389,34,4,0,27.75,1,25,1,1,0,,,-2.43735218048,-1.14303946495,-1.27004027367,,,
586,1,390,34,4,1,2.5,0,50,1,1,1,1,0,-2.5182800293,-1.22903943062,,-2.5182800293,-1.22903943062,
586,2,390,34,4,1,2.5,0,63,1,1,1,1,,-1.98416268826,-1.39048361778,,-2.5182800293,-1.22903943062,
587,1,390,34,4,1,2.5,1,21,1,1,1,1,0,-1.84710693359,-0.805736541748,-0.573021531105,-1.84710693359,-0.805736541748,-0.573021531105
587,2,390,34,4,1,2.5,1,34,1,1,1,1,,-1.81368398666,-0.599376916885,-0.347871750593,-1.84710693359,-0.805736541748,-0.573021531105
588,1,391,34,4,1,2.5,0,25,1,1,1,0,1,-0.793332874775,-1.44862699509,-0.618846356869,-0.793332874775,-1.44862699509,-0.618846356869
588,2,391,34,4,1,2.5,0,38,1,0,1,0,,,,,-0.793332874775,-1.44862699509,-0.618846356869
589,1,392,34,4,1,2.5,0,25,1,1,1,1,0,-1.01798117161,-1.02505540848,-1.07363200188,-1.01798117161,-1.02505540848,-1.07363200188
589,2,392,34,4,1,2.5,0,38,1,1,1,1,,-0.994017601013,-1.06253170967,-1.26777434349,-1.01798117161,-1.02505540848,-1.07363200188
590,2,392,34,4,1,2.5,0,2,1,1,0,,,-1.26215350628,-0.0108830332756,,,,
591,1,393,34,4,0,27.75,0,36,1,1,1,1,0,-1.56019806862,-0.0536448806524,0.207182973623,-1.56019806862,-0.0536448806524,0.207182973623
591,2,393,34,4,0,27.75,0,49,1,1,1,1,,-1.10805535316,-0.160055965185,-0.280721157789,-1.56019806862,-0.0536448806524,0.207182973623
592,1,394,34,4,0,27.75,1,56,1,1,1,1,0,-1.05811440945,-1.00454425812,-1.52641820908,-1.05811440945,-1.00454425812,-1.52641820908
592,2,394,34,4,0,27.75,1,68,1,1,1,1,,-0.59520226717,-0.780047118664,,-1.05811440945,-1.00454425812,-1.52641820908
593,1,394,34,4,0,27.75,1,28,1,1,1,1,0,-3.14765167236,-1.37265777588,-0.564018905163,-3.14765167236,-1.37265777588,-0.564018905163
593,2,394,34,4,0,27.75,1,41,1,1,1,1,,-3.25613188744,-1.70720005035,-0.00117530592252,-3.14765167236,-1.37265777588,-0.564018905163
594,1,394,34,4,0,27.75,0,168,1,0,0,,,,,,,,
594,2,394,34,4,0,27.75,0,41,1,0,0,,,,,,,,
595,2,394,34,4,0,27.75,0,11,1,1,0,,,-2.31345129013,-1.6416631937,-0.280392795801,,,
596,1,395,34,4,1,2.5,1,35,1,1,1,1,0,-1.9537153244,-0.739780783653,-0.0725157409906,-1.9537153244,-0.739780783653,-0.0725157409906
596,2,395,34,4,1,2.5,1,48,1,1,1,1,,-1.95732104778,-0.968151032925,-0.608424723148,-1.9537153244,-0.739780783653,-0.0725157409906
597,1,395,34,4,1,2.5,0,8,1,1,1,1,0,-0.702508509159,0.863850176334,1.50466918945,-0.702508509159,0.863850176334,1.50466918945
597,2,395,34,4,1,2.5,0,21,1,1,1,1,,-1.12548100948,0.28110191226,0.844891250134,-0.702508509159,0.863850176334,1.50466918945
598,1,396,34,4,0,27.75,1,63,1,0,0,,,,,,,,
598,2,396,34,4,0,27.75,1,72,1,0,0,,,,,,,,
599,2,396,34,4,0,27.75,0,56,1,1,0,,,-0.750722169876,-2.12361884117,-2.84469246864,,,
600,1,397,34,4,1,2.5,0,39,1,1,1,1,0,-2.86580824852,-0.203958690166,1.56478393078,-2.86580824852,-0.203958690166,1.56478393078
600,2,397,34,4,1,2.5,0,52,1,1,1,1,,-2.05211520195,-0.339675754309,0.6594851017,-2.86580824852,-0.203958690166,1.56478393078
601,1,397,34,4,1,2.5,1,13,1,1,1,1,0,-1.299659729,-0.0444500260055,1.39310097694,-1.299659729,-0.0444500260055,1.39310097694
601,2,397,34,4,1,2.5,1,24,1,1,1,1,,-0.903597533703,-0.176512509584,1.18716824055,-1.299659729,-0.0444500260055,1.39310097694
602,1,398,34,4,1,2.5,1,53,1,1,1,1,0,-1.4149864912,-1.56702363491,-2.25468707085,-1.4149864912,-1.56702363491,-2.25468707085
602,2,398,34,4,1,2.5,1,66,1,1,1,1,,-1.06904470921,-1.31749594212,,-1.4149864912,-1.56702363491,-2.25468707085
603,1,398,34,4,1,2.5,1,12,1,1,1,1,0,-0.763110697269,-0.469579994678,0.24653197825,-0.763110697269,-0.469579994678,0.24653197825
603,2,398,34,4,1,2.5,1,25,1,1,1,1,,-1.06469476223,-0.3083127141,0.198707506061,-0.763110697269,-0.469579994678,0.24653197825
604,1,400,35,3,1,1.74999988079,1,52,1,1,1,1,0,0.426104784012,0.195627018809,-0.881899654865,0.426104784012,0.195627018809,-0.881899654865
604,2,400,35,3,1,1.74999988079,1,65,1,1,1,1,,0.536565244198,0.00199839798734,,0.426104784012,0.195627018809,-0.881899654865
605,2,400,35,3,1,1.74999988079,0,7,1,1,0,,,-0.00668032607064,0.0474294126034,0.567424952984,,,
606,1,401,35,3,1,1.74999988079,1,28,1,1,1,1,0,-1.63217270374,-0.698114216328,-1.17651605606,-1.63217270374,-0.698114216328,-1.17651605606
606,2,401,35,3,1,1.74999988079,1,41,1,1,1,1,,-1.69038558006,-0.57051974535,-0.223993867636,-1.63217270374,-0.698114216328,-1.17651605606
607,1,401,35,3,1,1.74999988079,0,28,1,1,1,1,0,-1.40062940121,-1.30415272713,-1.49455332756,-1.40062940121,-1.30415272713,-1.49455332756
607,2,401,35,3,1,1.74999988079,0,41,1,1,1,1,,-1.27310657501,-1.40223526955,-0.652993381023,-1.40062940121,-1.30415272713,-1.49455332756
608,1,402,35,3,1,1.74999988079,1,19,1,1,1,1,0,-0.563923418522,1.74831914902,0.384385347366,-0.563923418522,1.74831914902,0.384385347366
608,2,402,35,3,1,1.74999988079,1,31,1,1,1,1,,-0.319436877966,1.34919917583,1.0652064085,-0.563923418522,1.74831914902,0.384385347366
609,2,402,35,3,1,1.74999988079,0,61,1,1,0,,,-0.961509466171,0.0556339323521,,,,
610,1,403,35,3,1,1.74999988079,1,19,1,1,1,1,0,-2.583735466,0.629445970058,0.400682300329,-2.583735466,0.629445970058,0.400682300329
610,2,403,35,3,1,1.74999988079,1,31,1,1,1,1,,0.155666187406,1.07452964783,1.1713603735,-2.583735466,0.629445970058,0.400682300329
611,1,405,35,3,1,1.74999988079,1,19,1,1,1,1,0,-1.93300068378,-2.0896718502,-1.38790881634,-1.93300068378,-2.0896718502,-1.38790881634
611,2,405,35,3,1,1.74999988079,1,32,1,1,1,1,,-1.55565869808,-2.00621366501,-1.32344424725,-1.93300068378,-2.0896718502,-1.38790881634
612,1,407,35,3,1,1.74999988079,1,41,1,1,1,1,0,-0.34458810091,-0.0139053296298,-1.43589925766,-0.34458810091,-0.0139053296298,-1.43589925766
612,2,407,35,3,1,1.74999988079,1,55,1,1,1,1,,-0.22510869801,-0.135400637984,-0.544450461864,-0.34458810091,-0.0139053296298,-1.43589925766
613,1,407,35,3,1,1.74999988079,0,14,1,1,1,1,0,-1.63270699978,-1.41288948059,-1.58334982395,-1.63270699978,-1.41288948059,-1.58334982395
613,2,407,35,3,1,1.74999988079,0,25,1,1,1,1,,-0.26380443573,0.270485639572,0.0747872516513,-1.63270699978,-1.41288948059,-1.58334982395
614,1,408,35,3,0,53.5,1,27,1,1,1,1,0,-1.53878378868,-0.628057479858,-0.0720228254795,-1.53878378868,-0.628057479858,-0.0720228254795
614,2,408,35,3,0,53.5,1,40,1,1,1,1,,-1.83338308334,-0.430961966515,,-1.53878378868,-0.628057479858,-0.0720228254795
615,1,409,35,3,1,1.74999988079,1,13,1,1,1,1,0,-3.08700060844,-1.67261552811,-1.11728680134,-3.08700060844,-1.67261552811,-1.11728680134
615,2,409,35,3,1,1.74999988079,1,26,1,1,1,1,,-3.42233085632,-1.63810992241,-0.108916521072,-3.08700060844,-1.67261552811,-1.11728680134
616,2,409,35,3,1,1.74999988079,0,57,1,1,0,,,-3.13178277016,-1.41646277905,-0.0524424351752,,,
617,1,410,35,3,1,1.74999988079,0,25,1,1,1,1,0,-0.939355492592,-0.382215470076,-1.01814138889,-0.939355492592,-0.382215470076,-1.01814138889
617,2,410,35,3,1,1.74999988079,0,38,1,1,1,1,,-1.4548304081,-0.663075745106,-0.207574144006,-0.939355492592,-0.382215470076,-1.01814138889
618,1,411,36,3,1,3.875,1,2,1,1,1,0,1,1.41551947594,0.166070088744,,1.41551947594,0.166070088744,
618,2,411,36,3,1,3.875,1,15,1,0,1,0,,,,,1.41551947594,0.166070088744,
619,1,412,36,3,1,3.875,1,19,1,1,1,1,0,0.247378990054,0.348633319139,0.465614914894,0.247378990054,0.348633319139,0.465614914894
619,2,412,36,3,1,3.875,1,33,1,1,1,1,,-0.782575726509,-0.336528122425,-0.59246557951,0.247378990054,0.348633319139,0.465614914894
620,1,413,36,3,0,63.2499961853,1,52,1,1,1,1,0,-2.12971997261,-1.21501922607,0.23375788331,-2.12971997261,-1.21501922607,0.23375788331
620,2,413,36,3,0,63.2499961853,1,64,1,1,1,1,,-2.32181501389,-1.35174953938,,-2.12971997261,-1.21501922607,0.23375788331
621,1,413,36,3,0,63.2499961853,1,38,1,1,1,1,0,-2.14786887169,-0.580463171005,0.113344326615,-2.14786887169,-0.580463171005,0.113344326615
621,2,413,36,3,0,63.2499961853,1,50,1,1,1,1,,-2.00747251511,-0.807938575745,0.0017110487679,-2.14786887169,-0.580463171005,0.113344326615
622,2,413,36,3,0,63.2499961853,0,8,1,1,0,,,-2.06272864342,-1.60887563229,-1.13072955608,,,
623,1,414,36,3,0,63.2499961853,0,708,1,0,0,,,,,,,,
623,2,414,36,3,0,63.2499961853,0,72,1,1,0,,,-2.1314034462,-1.49001920223,,,,
624,1,414,36,3,0,63.2499961853,0,408,1,0,0,,,,,,,,
624,2,414,36,3,0,63.2499961853,0,46,1,1,0,,,-1.75833392143,-0.483259737492,-0.367695122957,,,
625,1,415,36,3,0,63.2499961853,1,59,1,1,1,1,0,0.244772672653,-0.111899778247,0.312351673841,0.244772672653,-0.111899778247,0.312351673841
625,2,415,36,3,0,63.2499961853,1,72,1,1,1,1,,-1.4892616272,-0.216102167964,,0.244772672653,-0.111899778247,0.312351673841
626,1,416,36,3,1,3.875,0,65,1,0,0,,,,,,,,
626,2,416,36,3,1,3.875,0,72,1,0,0,,,,,,,,
627,1,416,36,3,1,3.875,0,33,1,1,1,1,0,-0.932245314121,-0.715375125408,-1.12791621685,-0.932245314121,-0.715375125408,-1.12791621685
627,2,416,36,3,1,3.875,0,46,1,1,1,1,,-0.18043872714,-0.530960977077,-1.58172750473,-0.932245314121,-0.715375125408,-1.12791621685
628,1,417,36,3,1,3.875,1,33,1,1,1,1,0,1.41551947594,0.512815713882,-1.95589625835,1.41551947594,0.512815713882,-1.95589625835
628,2,417,36,3,1,3.875,1,49,1,1,1,1,,1.15755546093,-0.257670223713,-2.11028289795,1.41551947594,0.512815713882,-1.95589625835
629,1,417,36,3,1,3.875,0,47,1,1,1,1,0,1.41551947594,1.07118618488,-0.791274726391,1.41551947594,1.07118618488,-0.791274726391
629,2,417,36,3,1,3.875,0,61,1,1,1,1,,0.846206665039,0.761471390724,,1.41551947594,1.07118618488,-0.791274726391
630,1,418,36,3,1,3.875,1,38,1,1,1,1,0,-0.530943036079,-0.823071599007,-1.1511515379,-0.530943036079,-0.823071599007,-1.1511515379
630,2,418,36,3,1,3.875,1,51,1,1,1,1,,-0.34563601017,-0.995590686798,-1.82719540596,-0.530943036079,-0.823071599007,-1.1511515379
631,1,418,36,3,1,3.875,0,14,1,1,1,1,0,-0.585193932056,-0.746098637581,-1.1074975729,-0.585193932056,-0.746098637581,-1.1074975729
631,2,418,36,3,1,3.875,0,28,1,1,1,1,,-0.76287573576,-0.42880833149,-0.194154903293,-0.585193932056,-0.746098637581,-1.1074975729
632,1,419,36,3,1,3.875,1,21,1,1,1,1,0,0.402521699667,-0.146133691072,0.0302813556045,0.402521699667,-0.146133691072,0.0302813556045
632,2,419,36,3,1,3.875,1,36,1,1,1,1,,-0.157967150211,-0.286461442709,-1.03889369965,0.402521699667,-0.146133691072,0.0302813556045
633,2,419,36,3,1,3.875,0,72,1,0,0,,,,,,,,
634,1,420,36,3,1,3.875,1,41,1,1,1,1,0,-2.5602452755,-1.38918244839,-0.223993867636,-2.5602452755,-1.38918244839,-0.223993867636
634,2,420,36,3,1,3.875,1,55,1,1,1,1,,-2.88179802895,-1.72967267036,-0.900302946568,-2.5602452755,-1.38918244839,-0.223993867636
635,1,420,36,3,1,3.875,1,20,1,1,1,1,0,-3.32026529312,-2.45710992813,-0.341709345579,-3.32026529312,-2.45710992813,-0.341709345579
635,2,420,36,3,1,3.875,1,32,1,1,1,1,,-3.06840515137,-2.24305868149,-0.718164682388,-3.32026529312,-2.45710992813,-0.341709345579
636,1,421,36,3,1,3.875,1,29,1,1,1,1,0,-1.1919645071,0.0587959289551,0.582223236561,-1.1919645071,0.0587959289551,0.582223236561
636,2,421,36,3,1,3.875,1,42,1,1,1,1,,-1.37606823444,0.767121374607,-0.222418650985,-1.1919645071,0.0587959289551,0.582223236561
637,1,422,36,3,0,63.2499961853,1,37,1,1,1,1,0,-2.26858711243,-1.21207690239,-0.541732847691,-2.26858711243,-1.21207690239,-0.541732847691
637,2,422,36,3,0,63.2499961853,1,50,1,1,1,1,,-1.99607014656,-1.19842112064,-0.671937584877,-2.26858711243,-1.21207690239,-0.541732847691
638,1,423,37,1,1,2.25,0,66,1,0,0,,,,,,,,
638,2,423,37,1,1,2.25,0,72,1,0,0,,,,,,,,
639,1,423,37,1,1,2.25,0,36,1,1,1,1,0,-3.03042984009,-1.15381896496,-0.110796190798,-3.03042984009,-1.15381896496,-0.110796190798
639,2,423,37,1,1,2.25,0,49,1,1,1,1,,-2.53784871101,-1.46213769913,0.168605744839,-3.03042984009,-1.15381896496,-0.110796190798
640,1,423,37,1,1,2.25,1,12,1,1,1,1,0,-1.7339912653,-0.758580744267,0.0791813135147,-1.7339912653,-0.758580744267,0.0791813135147
640,2,423,37,1,1,2.25,1,25,1,1,1,1,,-2.07130885124,-1.31875705719,-0.510133624077,-1.7339912653,-0.758580744267,0.0791813135147
641,1,424,37,1,1,2.25,1,8,1,1,1,0,1,0.422918051481,0.755773186684,0.825300872326,0.422918051481,0.755773186684,0.825300872326
642,1,425,37,1,1,2.25,1,44,1,1,1,1,0,-2.83433103561,-1.13778531551,-0.554088592529,-2.83433103561,-1.13778531551,-0.554088592529
642,2,425,37,1,1,2.25,1,57,1,1,1,1,,-2.78077435493,-0.899293541908,-0.468652844429,-2.83433103561,-1.13778531551,-0.554088592529
643,1,425,37,1,1,2.25,0,22,1,1,1,1,0,-2.60637593269,-1.49703431129,-0.836682856083,-2.60637593269,-1.49703431129,-0.836682856083
643,2,425,37,1,1,2.25,0,35,1,1,1,1,,-2.41052412987,-1.07276618481,-0.493243962526,-2.60637593269,-1.49703431129,-0.836682856083
644,1,426,37,1,1,2.25,1,38,1,1,1,1,0,-1.22391092777,0.0979364216328,0.549521923065,-1.22391092777,0.0979364216328,0.549521923065
644,2,426,37,1,1,2.25,1,51,1,1,1,1,,-0.752638995647,0.112388908863,-0.667092502117,-1.22391092777,0.0979364216328,0.549521923065
645,2,426,37,1,1,2.25,1,4,1,1,0,,,-2.28228449821,-1.55120027065,,,,
646,1,427,37,1,0,77,1,14,1,1,1,1,0,-0.663809597492,0.190464869142,0.0966288372874,-0.663809597492,0.190464869142,0.0966288372874
646,2,427,37,1,0,77,1,27,1,1,1,1,,-2.81938004494,-0.094472579658,0.774574577808,-0.663809597492,0.190464869142,0.0966288372874
647,2,427,37,1,0,77,0,4,1,1,0,,,-1.314899683,-0.926355063915,,,,
648,1,428,37,1,1,2.25,1,27,1,1,1,1,0,-4.12067890167,-1.83442997932,-1.02896475792,-4.12067890167,-1.83442997932,-1.02896475792
648,2,428,37,1,1,2.25,1,40,1,1,1,1,,-4.068816185,-2.20764756203,-1.26050055027,-4.12067890167,-1.83442997932,-1.02896475792
649,1,428,37,1,1,2.25,0,4,1,1,1,1,0,-0.810278475285,-0.181145966053,0.372273117304,-0.810278475285,-0.181145966053,0.372273117304
649,2,428,37,1,1,2.25,0,17,1,1,1,1,,-2.68830871582,-1.35797047615,-0.544681489468,-0.810278475285,-0.181145966053,0.372273117304
650,1,429,37,1,1,2.25,1,42,1,1,1,1,0,-2.6550321579,-1.6694984436,-0.956820249557,-2.6550321579,-1.6694984436,-0.956820249557
650,2,429,37,1,1,2.25,1,56,1,1,1,1,,-2.67387199402,-1.86416852474,-1.18634486198,-2.6550321579,-1.6694984436,-0.956820249557
651,1,429,37,1,1,2.25,1,16,1,1,1,1,0,-3.54473686218,-2.00847387314,-1.24020564556,-3.54473686218,-2.00847387314,-1.24020564556
651,2,429,37,1,1,2.25,1,29,1,1,1,1,,-3.28912830353,-1.88912045956,-0.964285254478,-3.54473686218,-2.00847387314,-1.24020564556
652,1,430,37,1,1,2.25,1,55,1,1,1,1,0,-2.11649608612,-1.87485516071,-0.68518358469,-2.11649608612,-1.87485516071,-0.68518358469
652,2,430,37,1,1,2.25,1,68,1,1,1,1,,-2.12623238564,-1.71391892433,,-2.11649608612,-1.87485516071,-0.68518358469
653,1,430,37,1,1,2.25,1,240,1,0,0,,,,,,,,
653,2,430,37,1,1,2.25,1,33,1,1,0,,,-2.40279197693,-1.64067614079,-0.842834234238,,,
654,1,431,37,1,0,77,1,32,1,1,1,1,0,0.430078417063,0.377436846495,0.0507487952709,0.430078417063,0.377436846495,0.0507487952709
654,2,431,37,1,0,77,1,47,1,1,1,1,,-0.418436080217,-0.0449731610715,-0.61369818449,0.430078417063,0.377436846495,0.0507487952709
655,1,432,37,1,1,2.25,1,14,1,1,1,1,0,-1.48346447945,-1.0354115963,0.590392351151,-1.48346447945,-1.0354115963,0.590392351151
655,2,432,37,1,1,2.25,1,27,1,1,1,1,,-2.00606870651,-1.55750095844,-1.34670317173,-1.48346447945,-1.0354115963,0.590392351151
656,1,433,37,1,0,77,0,25,1,1,1,1,0,-1.86843955517,-0.243273422122,0.967274129391,-1.86843955517,-0.243273422122,0.967274129391
656,2,433,37,1,0,77,0,38,1,1,1,1,,-2.28429937363,-0.488717645407,0.455735862255,-1.86843955517,-0.243273422122,0.967274129391
657,2,433,37,1,0,77,1,9,1,1,0,,,-0.494052857161,0.92771500349,1.78000247478,,,
658,1,434,37,1,0,77,1,55,1,1,1,1,0,0.0700804889202,-0.160052359104,-1.12042915821,0.0700804889202,-0.160052359104,-1.12042915821
658,2,434,37,1,0,77,1,68,1,1,1,1,,-0.184925287962,-0.241681963205,,0.0700804889202,-0.160052359104,-1.12042915821
659,1,436,38,4,1,2.625,0,29,1,1,1,1,0,-3.2634677887,-2.53602027893,-2.12065529823,-3.2634677887,-2.53602027893,-2.12065529823
659,2,436,38,4,1,2.625,0,42,1,1,1,1,,-2.95112323761,-2.6251783371,-2.95972418785,-3.2634677887,-2.53602027893,-2.12065529823
660,1,436,38,4,1,2.625,1,3,1,0,0,,,,,,,,
660,2,436,38,4,1,2.625,1,16,1,1,0,,,-2.47117090225,-2.96503067017,-2.08644199371,,,
661,1,437,38,4,1,2.625,0,52,1,1,1,1,0,-0.900483608246,-0.542107999325,-0.424121469259,-0.900483608246,-0.542107999325,-0.424121469259
661,2,437,38,4,1,2.625,0,65,1,1,1,1,,-0.899203360081,-0.604239881039,,-0.900483608246,-0.542107999325,-0.424121469259
662,1,437,38,4,1,2.625,1,156,1,0,0,,,,,,,,
662,2,437,38,4,1,2.625,1,26,1,1,0,,,-1.15503168106,-0.279692292213,0.608420610428,,,
663,2,437,38,4,1,2.625,1,1,1,1,0,,,-0.888951539993,-0.930666029453,,,,
664,1,440,38,4,0,31,1,40,1,0,0,,,,,,,,
664,2,440,38,4,0,31,1,53,1,1,0,,,0.774809896946,-0.311969727278,-1.0237994194,,,
665,1,441,38,4,1,2.625,1,60,1,0,0,,,,,,,,
665,2,441,38,4,1,2.625,1,72,1,0,0,,,,,,,,
666,1,441,38,4,1,2.625,0,18,1,1,1,1,0,-1.91256821156,-0.367801070213,0.38751500845,-1.91256821156,-0.367801070213,0.38751500845
666,2,441,38,4,1,2.625,0,31,1,1,1,1,,-1.60824513435,-0.775343894958,-0.402474731207,-1.91256821156,-0.367801070213,0.38751500845
667,1,442,38,4,0,31,1,39,1,1,1,1,0,-1.54574406147,-0.655794262886,-0.37973088026,-1.54574406147,-0.655794262886,-0.37973088026
667,2,442,38,4,0,31,1,52,1,1,1,1,,-1.53560388088,-0.752272546291,-0.203789874911,-1.54574406147,-0.655794262886,-0.37973088026
668,1,444,38,4,1,2.625,0,22,1,1,1,1,0,-2.09516787529,-0.977780818939,0.220767065883,-2.09516787529,-0.977780818939,0.220767065883
668,2,444,38,4,1,2.625,0,36,1,1,1,1,,-2.93601179123,-1.26139140129,0.128588467836,-2.09516787529,-0.977780818939,0.220767065883
669,1,445,38,4,1,2.625,0,57,1,1,1,1,0,-3.08757805824,-2.66356492043,-3.11805677414,-3.08757805824,-2.66356492043,-3.11805677414
669,2,445,38,4,1,2.625,0,72,1,1,1,1,,-2.97374176979,-2.65161681175,,-3.08757805824,-2.66356492043,-3.11805677414
670,1,445,38,4,1,2.625,0,16,1,1,1,1,0,-2.19055986404,0.0832902938128,0.198554128408,-2.19055986404,0.0832902938128,0.198554128408
670,2,445,38,4,1,2.625,0,29,1,1,1,1,,-2.02468204498,-0.0829439163208,-0.237745851278,-2.19055986404,0.0832902938128,0.198554128408
671,1,446,38,4,1,2.625,1,64,1,0,0,,,,,,,,
671,2,446,38,4,1,2.625,1,72,1,0,0,,,,,,,,
672,1,446,38,4,1,2.625,1,37,1,1,1,1,0,-2.68389344215,-0.746608793736,0.66146838665,-2.68389344215,-0.746608793736,0.66146838665
672,2,446,38,4,1,2.625,1,50,1,1,1,1,,-2.72588515282,-0.919667124748,-0.346936404705,-2.68389344215,-0.746608793736,0.66146838665
673,2,446,38,4,1,2.625,1,4,1,1,0,,,-2.28228449821,-0.456730514765,,,,
674,1,447,39,3,0,40.5,0,64,1,0,0,,,,,,,,
674,2,447,39,3,0,40.5,0,72,1,0,0,,,,,,,,
675,1,447,39,3,0,40.5,0,38,1,1,1,1,0,-1.5733268261,-0.810440957546,-0.411114752293,-1.5733268261,-0.810440957546,-0.411114752293
675,2,447,39,3,0,40.5,0,52,1,1,1,1,,-1.84482121468,-1.08108496666,-1.26876544952,-1.5733268261,-0.810440957546,-0.411114752293
676,1,449,39,3,1,2,0,168,1,0,0,,,,,,,,
676,2,449,39,3,1,2,0,46,1,1,0,,,-0.908698022366,-0.17309436202,-0.0202217306942,,,
677,1,449,39,3,1,2,0,54,1,1,1,1,0,-0.264284849167,0.626021504402,0.54204916954,-0.264284849167,0.626021504402,0.54204916954
677,2,449,39,3,1,2,0,67,1,1,1,1,,-0.330371290445,0.666140317917,,-0.264284849167,0.626021504402,0.54204916954
678,1,449,39,3,1,2,0,33,1,0,0,,,,,,,,
678,2,449,39,3,1,2,0,46,1,0,0,,,,,,,,
679,2,449,39,3,1,2,1,72,1,1,0,,,-1.59669291973,-0.839570939541,,,,
680,1,450,39,3,1,2,0,23,1,1,1,1,0,-0.447729825974,-0.156987756491,0.257185518742,-0.447729825974,-0.156987756491,0.257185518742
680,2,450,39,3,1,2,0,36,1,1,1,1,,-1.04764223099,0.216803327203,0.591510593891,-0.447729825974,-0.156987756491,0.257185518742
681,1,451,39,3,1,2,1,41,1,1,1,1,0,-4.0638589859,-2.01407003403,-0.843641221523,-4.0638589859,-2.01407003403,-0.843641221523
681,2,451,39,3,1,2,1,54,1,1,1,1,,-3.907766819,-2.24098157883,-1.09093940258,-4.0638589859,-2.01407003403,-0.843641221523
682,1,451,39,3,1,2,1,20,1,1,1,1,0,-1.90966045856,-0.0739057585597,0.168392241001,-1.90966045856,-0.0739057585597,0.168392241001
682,2,451,39,3,1,2,1,34,1,1,1,1,,-2.33807349205,-0.416276186705,-0.46857175231,-1.90966045856,-0.0739057585597,0.168392241001
683,2,451,39,3,1,2,0,1,1,1,0,,,-3.91688537598,-2.73333907127,,,,
684,1,452,39,3,0,40.5,0,46,1,1,1,1,0,-2.17101335526,-0.924373269081,-2.27454376221,-2.17101335526,-0.924373269081,-2.27454376221
684,2,452,39,3,0,40.5,0,60,1,1,1,1,,-1.99914813042,-0.851112782955,-2.62499976158,-2.17101335526,-0.924373269081,-2.27454376221
685,1,453,39,3,1,2,1,11,1,1,1,1,0,-0.841404616833,-0.524359107018,-0.229219585657,-0.841404616833,-0.524359107018,-0.229219585657
685,2,453,39,3,1,2,1,24,1,1,1,1,,-1.69397163391,-0.823309242725,-1.58469760418,-0.841404616833,-0.524359107018,-0.229219585657
686,1,454,39,3,1,2,1,65,1,0,0,,,,,,,,
686,2,454,39,3,1,2,1,72,1,0,0,,,,,,,,
687,1,454,39,3,1,2,0,39,1,1,1,1,0,-0.756931483746,0.397380203009,1.08290827274,-0.756931483746,0.397380203009,1.08290827274
687,2,454,39,3,1,2,0,52,1,1,1,1,,-0.819869756699,0.0615497678518,0.134221091866,-0.756931483746,0.397380203009,1.08290827274
688,1,454,39,3,1,2,1,4,1,1,1,1,0,-0.133937582374,-0.523444056511,0.810230910778,-0.133937582374,-0.523444056511,0.810230910778
688,2,454,39,3,1,2,1,17,1,1,1,1,,-1.90274870396,-2.02689957619,-0.107079058886,-0.133937582374,-0.523444056511,0.810230910778
689,1,455,39,3,1,2,0,38,1,1,1,1,0,-2.08680725098,-0.699652075768,-0.329216063023,-2.08680725098,-0.699652075768,-0.329216063023
689,2,455,39,3,1,2,0,52,1,1,1,1,,-1.83330416679,-0.416091501713,-0.618228375912,-2.08680725098,-0.699652075768,-0.329216063023
690,1,455,39,3,1,2,1,23,1,1,1,1,0,-1.17221307755,-0.0785476416349,-0.256706506014,-1.17221307755,-0.0785476416349,-0.256706506014
690,2,455,39,3,1,2,1,36,1,1,1,1,,-1.02461850643,0.664512097836,0.377470076084,-1.17221307755,-0.0785476416349,-0.256706506014
691,1,456,39,3,1,2,1,53,1,1,1,1,0,-3.12680673599,-0.773132026196,-1.44281125069,-3.12680673599,-0.773132026196,-1.44281125069
691,2,456,39,3,1,2,1,67,1,1,1,1,,-2.76432418823,-0.890905797482,,-3.12680673599,-0.773132026196,-1.44281125069
692,1,456,39,3,1,2,1,14,1,1,1,1,0,-4.20323324203,-3.26941204071,-0.782482147217,-4.20323324203,-3.26941204071,-0.782482147217
692,2,456,39,3,1,2,1,27,1,1,1,1,,-3.60311698914,-1.34904897213,0.430170297623,-4.20323324203,-3.26941204071,-0.782482147217
693,1,457,39,3,1,2,1,17,1,1,1,1,0,-2.5871899128,-0.334912896156,-0.28015768528,-2.5871899128,-0.334912896156,-0.28015768528
693,2,457,39,3,1,2,1,30,1,1,1,1,,-0.900724649429,-0.129876822233,0.0263456217945,-2.5871899128,-0.334912896156,-0.28015768528
694,1,459,40,4,1,2.5,1,47,1,1,1,1,0,-2.30444955826,-1.94956421852,-1.35005927086,-2.30444955826,-1.94956421852,-1.35005927086
694,2,459,40,4,1,2.5,1,61,1,1,1,1,,-1.98016142845,-1.75084805489,,-2.30444955826,-1.94956421852,-1.35005927086
695,1,459,40,4,1,2.5,0,12,1,1,1,1,0,-1.8722012043,-1.7721722126,-1.53794109821,-1.8722012043,-1.7721722126,-1.53794109821
695,2,459,40,4,1,2.5,0,26,1,1,1,1,,-2.09606266022,-1.31699490547,-0.186373904347,-1.8722012043,-1.7721722126,-1.53794109821
696,1,460,40,4,1,2.5,1,19,1,1,1,1,0,-1.47664248943,-0.819444417953,-0.116719909012,-1.47664248943,-0.819444417953,-0.116719909012
696,2,460,40,4,1,2.5,1,32,1,1,1,1,,-1.69355714321,-1.00837314129,-1.19076395035,-1.47664248943,-0.819444417953,-0.116719909012
697,2,460,40,4,1,2.5,1,1,1,1,0,,,-2.65436553955,-1.9149119854,,,,
698,1,461,40,4,1,2.5,0,12,1,1,1,1,0,-1.36720299721,-1.21907126904,-1.43971908092,-1.36720299721,-1.21907126904,-1.43971908092
698,2,461,40,4,1,2.5,0,26,1,1,1,1,,-2.53690552711,-0.992606043816,-1.21477007866,-1.36720299721,-1.21907126904,-1.43971908092
699,1,462,40,4,0,28.7500019073,0,47,1,0,0,,,,,,,,
699,2,462,40,4,0,28.7500019073,0,50,1,1,0,,,-1.96763300896,-0.417751938105,0.217507317662,,,
700,1,463,40,4,1,2.5,1,55,1,1,1,1,0,-1.19813466072,0.120475113392,-0.47486487031,-1.19813466072,0.120475113392,-0.47486487031
700,2,463,40,4,1,2.5,1,68,1,1,1,1,,-1.06551718712,0.247475832701,,-1.19813466072,0.120475113392,-0.47486487031
701,1,463,40,4,1,2.5,0,32,1,1,1,1,0,-0.434329837561,0.71954202652,-0.145495951176,-0.434329837561,0.71954202652,-0.145495951176
701,2,463,40,4,1,2.5,0,46,1,1,1,1,,-0.277538478374,0.706394910812,-0.687596738338,-0.434329837561,0.71954202652,-0.145495951176
702,1,463,40,4,1,2.5,1,7,1,1,1,1,0,0.95566290617,1.36735391617,1.06070387363,0.95566290617,1.36735391617,1.06070387363
702,2,463,40,4,1,2.5,1,20,1,1,1,1,,-0.183742552996,0.755885660648,1.11944079399,0.95566290617,1.36735391617,1.06070387363
703,1,464,40,4,1,2.5,0,11,1,1,1,1,0,-0.531825006008,-0.471067279577,0.0782747343183,-0.531825006008,-0.471067279577,0.0782747343183
703,2,464,40,4,1,2.5,0,24,1,1,1,1,,-1.36362671852,-0.776835680008,-1.02482175827,-0.531825006008,-0.471067279577,0.0782747343183
704,1,465,40,4,1,2.5,0,21,1,1,1,1,0,-1.75175392628,,-0.251481503248,-1.75175392628,,-0.251481503248
704,2,465,40,4,1,2.5,0,34,1,1,1,1,,-2.1049888134,-1.01625013351,-0.718670487404,-1.75175392628,,-0.251481503248
705,2,465,40,4,1,2.5,0,7,1,1,0,,,-2.12544345856,-2.57164144516,-2.84011030197,,,
706,1,466,40,4,0,28.7500019073,1,4,1,1,1,1,0,-1.12725865841,-3.14625525475,,-1.12725865841,-3.14625525475,
706,2,466,40,4,0,28.7500019073,1,17,1,1,1,1,,-1.62195086479,-1.97219109535,-1.77763593197,-1.12725865841,-3.14625525475,
707,1,467,40,4,1,2.5,1,59,0,1,1,0,1,-0.475642859936,-0.532224774361,-0.804116249084,-0.475642859936,-0.532224774361,-0.804116249084
707,2,467,40,4,1,2.5,1,74,0,0,1,0,,,,,-0.475642859936,-0.532224774361,-0.804116249084
708,1,467,40,4,1,2.5,0,37,1,0,0,,,,,,,,
708,2,467,40,4,1,2.5,0,50,1,1,0,,,-2.69401812553,-1.65785479546,-1.35625064373,,,
709,1,467,40,4,1,2.5,0,1,1,1,1,1,0,-0.0639086067677,0.722499608994,,-0.0639086067677,0.722499608994,
709,2,467,40,4,1,2.5,0,14,1,1,1,1,,-1.79619109631,-1.04341101646,-0.637909829617,-0.0639086067677,0.722499608994,
710,1,468,40,4,0,28.7500019073,0,39,1,1,1,1,0,-1.13444578648,0.308341324329,0.94081813097,-1.13444578648,0.308341324329,0.94081813097
710,2,468,40,4,0,28.7500019073,0,52,1,1,1,1,,-1.45326709747,0.281900286674,0.522454559803,-1.13444578648,0.308341324329,0.94081813097
711,1,468,40,4,0,28.7500019073,0,2,1,1,1,1,0,1.26225459576,0.824745535851,,1.26225459576,0.824745535851,
711,2,468,40,4,0,28.7500019073,0,15,1,1,1,1,,-1.2827757597,-0.974375844002,0.228895738721,1.26225459576,0.824745535851,
712,2,468,40,4,0,28.7500019073,0,1,1,1,0,,,,1.38264620304,,,,
713,1,469,40,4,1,2.5,1,19,1,1,1,1,0,-1.12169575691,0.289451211691,-0.202617183328,-1.12169575691,0.289451211691,-0.202617183328
713,2,469,40,4,1,2.5,1,32,1,1,1,1,,-1.63839864731,-0.757868945599,-0.718164682388,-1.12169575691,0.289451211691,-0.202617183328
714,2,469,40,4,1,2.5,0,72,1,0,0,,,,,,,,
715,1,470,40,4,0,28.7500019073,1,7,1,1,1,1,0,-1.18223595619,-0.479495674372,-0.00155086338054,-1.18223595619,-0.479495674372,-0.00155086338054
715,2,470,40,4,0,28.7500019073,1,20,1,1,1,1,,-2.5568780899,-0.612557470798,-1.15627992153,-1.18223595619,-0.479495674372,-0.00155086338054
716,1,471,41,4,1,3.125,0,72,1,0,0,,,,,,,,
716,2,471,41,4,1,3.125,0,72,1,0,0,,,,,,,,
717,1,471,41,4,1,3.125,1,46,1,1,1,1,0,-2.08940124512,-0.437694311142,0.0358944796026,-2.08940124512,-0.437694311142,0.0358944796026
717,2,471,41,4,1,3.125,1,59,1,1,1,1,,-2.11776566505,-0.823974013329,0.187837168574,-2.08940124512,-0.437694311142,0.0358944796026
718,1,471,41,4,1,3.125,1,19,1,1,1,1,0,-1.91609752178,0.664555728436,1.16942203045,-1.91609752178,0.664555728436,1.16942203045
718,2,471,41,4,1,3.125,1,32,1,1,1,1,,-2.79674482346,0.152798861265,1.63713121414,-1.91609752178,0.664555728436,1.16942203045
719,2,471,41,4,1,3.125,0,5,1,1,0,,,-0.735302090645,-0.864591002464,,,,
720,1,472,41,4,1,3.125,1,57,1,1,1,1,0,-1.02701413631,-0.560562670231,-0.40061417222,-1.02701413631,-0.560562670231,-0.40061417222
720,2,472,41,4,1,3.125,1,70,1,1,1,1,,-0.950224339962,-0.273485481739,,-1.02701413631,-0.560562670231,-0.40061417222
721,1,472,41,4,1,3.125,0,31,1,1,1,1,0,-2.54779219627,-1.76437592506,-1.33344554901,-2.54779219627,-1.76437592506,-1.33344554901
721,2,472,41,4,1,3.125,0,44,1,1,1,1,,-2.39578413963,-1.19298708439,-2.23499774933,-2.54779219627,-1.76437592506,-1.33344554901
722,1,472,41,4,1,3.125,1,29,1,1,1,0,1,-4.7622551918,-2.86950278282,-1.41223847866,-4.7622551918,-2.86950278282,-1.41223847866
722,2,472,41,4,1,3.125,1,42,1,0,1,0,,,,,-4.7622551918,-2.86950278282,-1.41223847866
723,1,474,41,4,1,3.125,1,48,1,1,1,1,0,-3.50113320351,-1.46476280689,-1.14124321938,-3.50113320351,-1.46476280689,-1.14124321938
723,2,474,41,4,1,3.125,1,60,1,1,1,1,,-2.87457704544,-1.33853852749,-0.558296561241,-3.50113320351,-1.46476280689,-1.14124321938
724,1,475,41,4,1,3.125,1,20,1,1,1,1,0,-0.681603074074,-0.520975708961,0.00109688506927,-0.681603074074,-0.520975708961,0.00109688506927
724,2,475,41,4,1,3.125,1,33,1,1,1,1,,-1.408878088,-0.677196741104,-0.388346552849,-0.681603074074,-0.520975708961,0.00109688506927
725,2,475,41,4,1,3.125,1,6,1,1,0,,,1.04522037506,-0.155415609479,0.0199041329324,,,
726,1,476,41,4,1,3.125,1,44,1,1,1,1,0,-1.39978265762,-0.350551307201,0.317051827908,-1.39978265762,-0.350551307201,0.317051827908
726,2,476,41,4,1,3.125,1,57,1,1,1,1,,-1.19916307926,-0.647609710693,0.190266028047,-1.39978265762,-0.350551307201,0.317051827908
727,2,476,41,4,1,3.125,1,2,1,1,0,,,-0.671507775784,0.803669154644,,,,
728,1,478,41,4,1,3.125,1,44,1,1,1,1,0,-1.8940397501,-1.80955982208,-0.78444737196,-1.8940397501,-1.80955982208,-0.78444737196
728,2,478,41,4,1,3.125,1,58,1,1,1,1,,-1.81734144688,-0.956659257412,-0.845581889153,-1.8940397501,-1.80955982208,-0.78444737196
729,1,478,41,4,1,3.125,1,6,1,1,1,1,0,-0.741745769978,-0.364544600248,-0.155249431729,-0.741745769978,-0.364544600248,-0.155249431729
729,2,478,41,4,1,3.125,1,19,1,1,1,1,,-2.60908770561,-1.38111627102,0.220004051924,-0.741745769978,-0.364544600248,-0.155249431729
730,1,480,41,4,1,3.125,0,64,1,0,0,,,,,,,,
730,2,480,41,4,1,3.125,0,72,1,0,0,,,,,,,,
731,1,480,41,4,1,3.125,1,19,1,1,1,1,0,-2.91332745552,-1.46815216541,-0.824343383312,-2.91332745552,-1.46815216541,-0.824343383312
731,2,480,41,4,1,3.125,1,31,1,1,1,1,,-3.26787686348,-1.42339003086,-0.632816255093,-2.91332745552,-1.46815216541,-0.824343383312
732,2,480,41,4,1,3.125,0,6,1,1,0,,,-0.291361033916,-1.57990777493,-1.18269133568,,,
733,1,481,41,4,1,3.125,1,68,1,0,0,,,,,,,,
733,2,481,41,4,1,3.125,1,72,1,0,0,,,,,,,,
734,1,481,41,4,1,3.125,0,2,1,0,0,,,,,,,,
734,2,481,41,4,1,3.125,0,15,1,1,0,,,-3.00194478035,-1.00372517109,1.23191666603,,,
735,1,483,42,2,0,31.75,0,13,1,0,0,,,,,,,,
735,2,483,42,2,0,31.75,0,26,1,1,0,,,-1.11990439892,0.830152571201,0.720168828964,,,
736,1,484,42,2,0,31.75,1,360,1,0,0,,,,,,,,
736,2,484,42,2,0,31.75,1,43,1,1,0,,,-2.01604771614,-0.290349960327,0.561042129993,,,
737,2,484,42,2,0,31.75,0,4,1,1,0,,,-1.45907878876,-1.34889423847,,,,
738,1,485,42,2,1,1.25,0,64,1,0,0,,,,,,,,
738,2,485,42,2,1,1.25,0,72,1,0,0,,,,,,,,
739,1,485,42,2,1,1.25,1,28,1,1,1,1,0,-3.16222453117,-1.52811586857,-1.9227899313,-3.16222453117,-1.52811586857,-1.9227899313
739,2,485,42,2,1,1.25,1,41,1,1,1,1,,-2.9827477932,-1.51966369152,-0.375352412462,-3.16222453117,-1.52811586857,-1.9227899313
740,2,486,42,2,0,31.75,0,52,1,1,0,,,-1.18839144707,-0.320704400539,-0.271791160107,,,
741,1,487,42,2,1,1.25,0,46,1,0,0,,,,,,,,
742,1,487,42,2,1,1.25,1,17,1,1,1,0,1,-1.72725069523,-0.961352586746,-1.09632468224,-1.72725069523,-0.961352586746,-1.09632468224
743,1,488,42,2,0,31.75,0,56,1,1,1,1,0,-1.76440012455,-1.00997674465,-1.64559233189,-1.76440012455,-1.00997674465,-1.64559233189
743,2,488,42,2,0,31.75,0,69,1,1,1,1,,-1.98484027386,-1.34884595871,,-1.76440012455,-1.00997674465,-1.64559233189
744,1,488,42,2,0,31.75,0,23,1,1,1,1,0,-2.36752104759,-0.802208900452,-0.976282179356,-2.36752104759,-0.802208900452,-0.976282179356
744,2,488,42,2,0,31.75,0,36,1,1,1,1,,-2.32903575897,-0.433683484793,-0.355766266584,-2.36752104759,-0.802208900452,-0.976282179356
745,1,489,42,2,1,1.25,0,55,1,1,1,1,0,-1.00383639336,-0.211496248841,-1.20348608494,-1.00383639336,-0.211496248841,-1.20348608494
745,2,489,42,2,1,1.25,0,68,1,1,1,1,,-0.830415844917,-0.628220081329,,-1.00383639336,-0.211496248841,-1.20348608494
746,1,489,42,2,1,1.25,1,55,1,1,1,1,0,-3.82202672958,-0.218033671379,0.322142183781,-3.82202672958,-0.218033671379,0.322142183781
746,2,489,42,2,1,1.25,1,68,1,1,1,1,,-1.70595109463,-0.197652116418,,-3.82202672958,-0.218033671379,0.322142183781
747,1,489,42,2,1,1.25,0,108,1,0,0,,,,,,,,
747,2,489,42,2,1,1.25,0,22,1,1,0,,,-0.766026735306,-0.306444704533,-0.165347635746,,,
748,1,490,42,2,1,1.25,0,11,1,1,1,1,0,-1.84121143818,-0.803595244884,-0.462946981192,-1.84121143818,-0.803595244884,-0.462946981192
748,2,490,42,2,1,1.25,0,24,1,1,1,1,,-1.72367012501,-1.08158612251,-0.481036931276,-1.84121143818,-0.803595244884,-0.462946981192
749,1,493,43,6,0,35.25,0,65,1,0,0,,,,,,,,
749,2,493,43,6,0,35.25,0,72,1,0,0,,,,,,,,
750,1,494,43,6,1,1,0,36,1,1,1,1,0,-1.62763977051,-0.696762800217,-0.43870472908,-1.62763977051,-0.696762800217,-0.43870472908
750,2,494,43,6,1,1,0,49,1,1,1,1,,-1.09623813629,-0.446117073298,-1.46588373184,-1.62763977051,-0.696762800217,-0.43870472908
751,1,496,43,6,1,1,1,14,1,1,1,1,0,-0.21672283113,0.422070145607,0.749850988388,-0.21672283113,0.422070145607,0.749850988388
751,2,496,43,6,1,1,1,27,1,1,1,1,,-0.77870965004,-0.0609241463244,0.312779426575,-0.21672283113,0.422070145607,0.749850988388
752,2,496,43,6,1,1,1,3,1,1,0,,,1.15755546093,1.10750293732,,,,
753,1,497,43,6,1,1,1,66,1,0,0,,,,,,,,
753,2,497,43,6,1,1,1,72,1,0,0,,,,,,,,
754,1,497,43,6,1,1,1,66,1,0,0,,,,,,,,
754,2,497,43,6,1,1,1,72,1,0,0,,,,,,,,
755,2,497,43,6,1,1,0,40,1,1,0,,,-1.37286973,-1.10687077045,-1.3163214922,,,
756,1,498,43,6,1,1,1,11,1,1,1,1,0,-0.34552782774,0.45363470912,0.763987839222,-0.34552782774,0.45363470912,0.763987839222
756,2,498,43,6,1,1,1,24,1,1,1,1,,-0.919095993042,-0.183749392629,1.22399020195,-0.34552782774,0.45363470912,0.763987839222
757,1,499,43,6,1,1,1,56,1,1,1,1,0,1.01308941841,0.176327869296,-0.506279826164,1.01308941841,0.176327869296,-0.506279826164
757,2,499,43,6,1,1,1,69,1,1,1,1,,0.79220199585,0.00845565088093,,1.01308941841,0.176327869296,-0.506279826164
758,1,499,43,6,1,1,1,1,1,1,1,1,0,1.2346650362,0.690479695797,,1.2346650362,0.690479695797,
758,2,499,43,6,1,1,1,14,1,1,1,1,,-1.16677975655,-0.935068130493,-0.736721277237,1.2346650362,0.690479695797,
759,1,501,44,6,1,1,0,52,1,1,1,1,0,1.11487162113,1.1285995245,0.383248716593,1.11487162113,1.1285995245,0.383248716593
759,2,501,44,6,1,1,0,68,1,1,1,1,,0.501246035099,0.689229369164,,1.11487162113,1.1285995245,0.383248716593
760,1,501,44,6,1,1,1,30,1,0,0,,,,,,,,
760,2,501,44,6,1,1,1,44,1,1,0,,,-0.580039978027,0.12326092273,-1.10014295578,,,
761,1,502,44,6,1,1,0,68,1,0,0,,,,,,,,
761,2,502,44,6,1,1,0,72,1,0,0,,,,,,,,
762,1,502,44,6,1,1,1,55,1,1,1,1,0,-0.979476988316,-1.05098199844,-0.614554107189,-0.979476988316,-1.05098199844,-0.614554107189
762,2,502,44,6,1,1,1,67,1,1,1,1,,-0.357796221972,-0.495002418756,,-0.979476988316,-1.05098199844,-0.614554107189
763,1,502,44,6,1,1,1,41,1,1,1,1,0,-0.870231389999,-0.548087000847,-0.685107290745,-0.870231389999,-0.548087000847,-0.685107290745
763,2,502,44,6,1,1,1,54,1,1,1,1,,-0.468450963497,-0.358936369419,-0.618445575237,-0.870231389999,-0.548087000847,-0.685107290745
764,1,502,44,6,1,1,0,19,1,1,1,1,0,-1.81170535088,-0.879653990269,-0.617036640644,-1.81170535088,-0.879653990269,-0.617036640644
764,2,502,44,6,1,1,0,32,1,1,1,1,,-1.48790836334,-0.382446497679,0.260412335396,-1.81170535088,-0.879653990269,-0.617036640644
765,2,502,44,6,1,1,1,11,1,1,0,,,-0.0281684882939,0.711592078209,1.66862988472,,,
766,1,503,44,6,1,1,0,44,1,1,1,1,0,-1.12214183807,-1.10959935188,-2.0449180603,-1.12214183807,-1.10959935188,-2.0449180603
766,2,503,44,6,1,1,0,57,1,1,1,1,,-1.24207794666,-1.5054949522,-2.52406740189,-1.12214183807,-1.10959935188,-2.0449180603
767,1,503,44,6,1,1,1,20,1,0,0,,,,,,,,
767,2,503,44,6,1,1,1,33,1,1,0,,,-3.16524481773,-1.6561216116,-1.36238193512,,,
768,2,503,44,6,1,1,0,6,1,1,0,,,-3.32833719254,-3.44565272331,-2.95972418785,,,
769,2,507,44,6,0,38,0,44,1,1,0,,,-1.97535872459,-0.145347967744,-0.520358502865,,,
770,2,507,44,6,0,38,0,55,1,1,0,,,0.332723528147,0.435023933649,-0.720976233482,,,
771,2,507,44,6,0,38,0,8,1,1,0,,,0.13629321754,0.0371590219438,-0.606784343719,,,
772,1,508,44,6,0,38,0,48,1,1,1,0,1,-2.90346670151,-1.65480220318,-1.14526832104,-2.90346670151,-1.65480220318,-1.14526832104
772,2,508,44,6,0,38,0,61,1,0,1,0,,,,,-2.90346670151,-1.65480220318,-1.14526832104
773,1,509,44,6,1,1,0,35,1,1,1,1,0,1.41551947594,1.74831914902,1.75709688663,1.41551947594,1.74831914902,1.75709688663
773,2,509,44,6,1,1,0,48,1,1,1,1,,1.15755546093,1.38264620304,1.58319723606,1.41551947594,1.74831914902,1.75709688663
774,1,509,44,6,1,1,0,22,1,1,1,1,0,-2.43597340584,-1.64082598686,-1.02197337151,-2.43597340584,-1.64082598686,-1.02197337151
774,2,509,44,6,1,1,0,35,1,1,1,1,,-1.45435726643,-0.466163188219,-0.326359897852,-2.43597340584,-1.64082598686,-1.02197337151
775,1,510,45,7,1,1.74999988079,1,44,1,1,1,1,0,-2.47267985344,-1.34723043442,-0.862437665462,-2.47267985344,-1.34723043442,-0.862437665462
775,2,510,45,7,1,1.74999988079,1,57,1,1,1,1,,-2.41496014595,-1.15865826607,-0.266013592482,-2.47267985344,-1.34723043442,-0.862437665462
776,1,510,45,7,1,1.74999988079,0,14,1,1,1,1,0,-3.43103551865,-2.31235218048,-0.823879361153,-3.43103551865,-2.31235218048,-0.823879361153
776,2,510,45,7,1,1.74999988079,0,27,1,1,1,1,,-4.13248157501,-2.02512598038,-0.191010653973,-3.43103551865,-2.31235218048,-0.823879361153
777,1,511,45,7,1,1.74999988079,1,38,1,1,1,1,0,-1.33940696716,-0.841670751572,-1.668825984,-1.33940696716,-0.841670751572,-1.668825984
777,2,511,45,7,1,1.74999988079,1,51,1,1,1,1,,-1.19355750084,-0.884070575237,-1.38553011417,-1.33940696716,-0.841670751572,-1.668825984
778,1,511,45,7,1,1.74999988079,1,1,1,1,1,0,1,1.41551947594,1.74831914902,,1.41551947594,1.74831914902,
778,2,511,45,7,1,1.74999988079,1,14,1,0,1,0,,,,,1.41551947594,1.74831914902,
779,1,512,45,7,0,48.25,1,19,1,1,1,1,0,-3.20066380501,-2.0896718502,-1.38790881634,-3.20066380501,-2.0896718502,-1.38790881634
779,2,512,45,7,0,48.25,1,32,1,1,1,1,,-2.9208548069,-1.79377532005,-0.760255455971,-3.20066380501,-2.0896718502,-1.38790881634
780,2,512,45,7,0,48.25,0,9,1,1,0,,,-1.1450701952,-2.06935095787,-1.13934016228,,,
781,1,513,45,7,1,1.74999988079,0,66,1,0,0,,,,,,,,
781,2,513,45,7,1,1.74999988079,0,72,1,0,0,,,,,,,,
782,1,513,45,7,1,1.74999988079,1,15,1,1,1,1,0,-1.22659957409,-0.74390655756,-0.371492952108,-1.22659957409,-0.74390655756,-0.371492952108
782,2,513,45,7,1,1.74999988079,1,28,1,1,1,1,,-1.32616138458,-1.59470546246,-0.188309669495,-1.22659957409,-0.74390655756,-0.371492952108
783,1,514,45,7,0,48.25,1,16,1,1,1,1,0,-0.449287652969,-0.582089543343,-1.53126728535,-0.449287652969,-0.582089543343,-1.53126728535
783,2,514,45,7,0,48.25,1,29,1,1,1,1,,-0.933411955833,-0.635509729385,-1.09668970108,-0.449287652969,-0.582089543343,-1.53126728535
784,1,515,45,7,0,48.25,0,58,1,1,1,1,0,-1.27562355995,-2.41397953033,-2.03514957428,-1.27562355995,-2.41397953033,-2.03514957428
784,2,515,45,7,0,48.25,0,72,1,1,1,1,,-1.28906357288,-2.62895202637,,-1.27562355995,-2.41397953033,-2.03514957428
785,1,516,45,7,1,1.74999988079,0,64,1,0,0,,,,,,,,
785,2,516,45,7,1,1.74999988079,0,72,1,0,0,,,,,,,,
786,1,516,45,7,1,1.74999988079,0,23,1,1,1,1,0,-3.46931266785,-2.18966174126,-1.93952763081,-3.46931266785,-2.18966174126,-1.93952763081
786,2,516,45,7,1,1.74999988079,0,36,1,1,1,1,,-3.05740618706,-2.05893778801,-1.26079440117,-3.46931266785,-2.18966174126,-1.93952763081
787,1,517,45,7,1,1.74999988079,1,45,1,1,1,1,0,-2.94240832329,-1.93900930882,-2.44310903549,-2.94240832329,-1.93900930882,-2.44310903549
787,2,517,45,7,1,1.74999988079,1,58,1,1,1,1,,-3.57889318466,-2.80720758438,-2.37565135956,-2.94240832329,-1.93900930882,-2.44310903549
788,1,517,45,7,1,1.74999988079,1,8,1,1,1,1,0,-0.338184773922,0.528964400291,0.0382599234581,-0.338184773922,0.528964400291,0.0382599234581
788,2,517,45,7,1,1.74999988079,1,21,1,1,1,1,,-1.5047712326,-0.738332688808,0.400588929653,-0.338184773922,0.528964400291,0.0382599234581
789,1,518,45,7,1,1.74999988079,1,14,1,1,1,1,0,-1.59523689747,-0.885446071625,-0.421884149313,-1.59523689747,-0.885446071625,-0.421884149313
789,2,518,45,7,1,1.74999988079,1,27,1,1,1,1,,-1.68074452877,-0.791389226913,-0.25324422121,-1.59523689747,-0.885446071625,-0.421884149313
790,1,519,45,7,1,1.74999988079,1,10,1,1,1,1,0,-2.72812771797,-3.09080910683,-1.48069286346,-2.72812771797,-3.09080910683,-1.48069286346
790,2,519,45,7,1,1.74999988079,1,23,1,1,1,1,,-3.31485414505,-3.44565272331,-1.52262270451,-2.72812771797,-3.09080910683,-1.48069286346
791,1,520,45,7,1,1.74999988079,1,14,1,1,1,1,0,-1.62876689434,-0.321327388287,0.346466571093,-1.62876689434,-0.321327388287,0.346466571093
791,2,520,45,7,1,1.74999988079,1,27,1,1,1,1,,-1.44414401054,-0.650082528591,0.0336035639048,-1.62876689434,-0.321327388287,0.346466571093
792,1,524,46,7,1,1,1,58,1,1,1,0,1,-2.11627316475,-1.46658849716,-1.42816853523,-2.11627316475,-1.46658849716,-1.42816853523
792,2,524,46,7,1,1,1,71,1,0,1,0,,,,,-2.11627316475,-1.46658849716,-1.42816853523
793,1,524,46,7,1,1,0,22,1,0,0,,,,,,,,
793,2,524,46,7,1,1,0,34,1,1,0,,,-1.55127561092,-0.158047944307,-0.805314838886,,,
794,2,524,46,7,1,1,1,9,1,1,0,,,-1.07358241081,-0.885056912899,-1.04556953907,,,
795,1,525,46,7,0,27.9999980927,0,35,1,1,1,1,0,-1.57729208469,-0.744267225266,-0.922216832638,-1.57729208469,-0.744267225266,-0.922216832638
795,2,525,46,7,0,27.9999980927,0,48,1,1,1,1,,-1.25828051567,-0.174190610647,-1.40240859985,-1.57729208469,-0.744267225266,-0.922216832638
796,1,526,46,7,0,27.9999980927,1,45,1,1,1,1,0,0.256952166557,0.631232738495,-0.143527850509,0.256952166557,0.631232738495,-0.143527850509
796,2,526,46,7,0,27.9999980927,1,59,1,1,1,1,,-0.136624261737,0.409405231476,0.465641438961,0.256952166557,0.631232738495,-0.143527850509
797,1,527,46,7,1,1,0,42,1,1,1,1,0,-2.35845088959,-0.978913068771,-0.594813585281,-2.35845088959,-0.978913068771,-0.594813585281
797,2,527,46,7,1,1,0,53,1,1,1,1,,-2.21864581108,-1.05230224133,-0.797513067722,-2.35845088959,-0.978913068771,-0.594813585281
798,1,527,46,7,1,1,1,14,1,1,1,1,0,-0.887351572514,0.265803396702,0.180581584573,-0.887351572514,0.265803396702,0.180581584573
798,2,527,46,7,1,1,1,28,1,1,1,1,,-0.670424938202,0.483289688826,0.524802923203,-0.887351572514,0.265803396702,0.180581584573
799,1,529,47,7,1,1,1,5,1,1,1,1,0,-1.32143473625,0.370754033327,-0.094100356102,-1.32143473625,0.370754033327,-0.094100356102
799,2,529,47,7,1,1,1,18,1,1,1,1,,-1.87952637672,-0.318602889776,0.185359954834,-1.32143473625,0.370754033327,-0.094100356102
800,1,530,47,7,1,1,0,59,1,1,1,1,0,-1.60232138634,-1.97669768333,-1.12038064003,-1.60232138634,-1.97669768333,-1.12038064003
800,2,530,47,7,1,1,0,72,1,1,1,1,,-1.74575209618,-2.09782671928,,-1.60232138634,-1.97669768333,-1.12038064003
801,1,530,47,7,1,1,1,32,1,1,1,1,0,-2.65884637833,-1.80181801319,-0.676243245602,-2.65884637833,-1.80181801319,-0.676243245602
801,2,530,47,7,1,1,1,46,1,1,1,1,,-2.38505887985,-1.39938569069,-0.359143644571,-2.65884637833,-1.80181801319,-0.676243245602
802,1,531,47,7,1,1,0,72,1,0,0,,,,,,,,
802,2,531,47,7,1,1,0,71,1,1,0,,,-2.66620111465,-2.53044509888,,,,
803,1,531,47,7,1,1,0,17,1,1,1,1,0,-1.87409389019,-0.458501845598,-0.914527893066,-1.87409389019,-0.458501845598,-0.914527893066
803,2,531,47,7,1,1,0,30,1,1,1,1,,-0.934662640095,-0.967907130718,-1.67218804359,-1.87409389019,-0.458501845598,-0.914527893066
804,1,534,47,7,1,1,0,25,1,1,1,1,0,-3.10401010513,-2.39214396477,-1.74061059952,-3.10401010513,-2.39214396477,-1.74061059952
804,2,534,47,7,1,1,0,38,1,1,1,1,,-2.27113246918,-1.53144478798,-0.0873543173075,-3.10401010513,-2.39214396477,-1.74061059952
805,1,536,47,7,1,1,1,60,1,0,0,,,,,,,,
805,2,536,47,7,1,1,1,73,1,1,0,,,-2.42841410637,-1.24593091011,,,,
806,1,536,47,7,1,1,1,25,1,1,1,1,0,-1.61375641823,-0.158048436046,-1.17776536942,-1.61375641823,-0.158048436046,-1.17776536942
806,2,536,47,7,1,1,1,38,1,1,1,1,,-1.82705008984,0.244239240885,-0.578489303589,-1.61375641823,-0.158048436046,-1.17776536942
807,1,537,47,7,1,1,0,50,1,1,1,1,0,-1.88562226295,-1.12987828255,-1.97650313377,-1.88562226295,-1.12987828255,-1.97650313377
807,2,537,47,7,1,1,0,63,1,1,1,1,,-1.64035451412,-1.0800909996,,-1.88562226295,-1.12987828255,-1.97650313377
808,1,537,47,7,1,1,1,26,1,1,1,1,0,-2.29618811607,-1.05336415768,-0.878988385201,-2.29618811607,-1.05336415768,-0.878988385201
808,2,537,47,7,1,1,1,39,1,1,1,1,,-2.39624118805,-0.983880221844,0.148274317384,-2.29618811607,-1.05336415768,-0.878988385201
809,2,537,47,7,1,1,1,2,1,1,0,,,0.752739787102,1.35889446735,,,,
810,1,538,47,7,1,1,0,19,1,1,1,1,0,-2.26537585258,-1.91015458107,-1.76063239574,-2.26537585258,-1.91015458107,-1.76063239574
810,2,538,47,7,1,1,0,32,1,1,1,1,,-2.39910936356,-2.08796715736,-2.23211169243,-2.26537585258,-1.91015458107,-1.76063239574
811,2,539,47,7,0,53,1,40,1,1,0,,,-1.02963209152,-0.817740321159,-0.729594111443,,,
812,1,540,48,5,0,44.75,0,18,1,1,1,1,0,-1.57889604568,1.03433668613,0.556020438671,-1.57889604568,1.03433668613,0.556020438671
812,2,540,48,5,0,44.75,0,30,1,1,1,1,,-1.63946783543,0.120365574956,0.731524765491,-1.57889604568,1.03433668613,0.556020438671
813,1,540,48,5,0,44.75,0,48,1,1,1,1,0,-1.75899076462,-1.19226014614,-0.491817891598,-1.75899076462,-1.19226014614,-0.491817891598
813,2,540,48,5,0,44.75,0,61,1,1,1,1,,-1.49511420727,-0.893608689308,,-1.75899076462,-1.19226014614,-0.491817891598
814,1,541,48,5,0,44.75,1,50,1,1,1,1,0,-3.01096940041,-1.67643225193,-0.970322489738,-3.01096940041,-1.67643225193,-0.970322489738
814,2,541,48,5,0,44.75,1,63,1,1,1,1,,-2.84077143669,-1.49892425537,,-3.01096940041,-1.67643225193,-0.970322489738
815,1,541,48,5,0,44.75,1,22,1,1,1,1,0,-2.42100000381,-0.988579630852,-0.631253361702,-2.42100000381,-0.988579630852,-0.631253361702
815,2,541,48,5,0,44.75,1,35,1,1,1,1,,-1.86072134972,-0.512170314789,-0.267708450556,-2.42100000381,-0.988579630852,-0.631253361702
816,1,542,48,5,1,1,1,7,1,0,0,,,,,,,,
817,1,542,48,5,1,1,0,48,1,1,1,0,1,-1.99742352962,-1.20929169655,-2.70223093033,-1.99742352962,-1.20929169655,-2.70223093033
818,1,543,48,5,1,1,0,432,1,0,0,,,,,,,,
818,2,543,48,5,1,1,0,60,1,1,0,,,-2.61418223381,-2.07053494453,-2.43688988686,,,
819,1,544,48,5,0,44.75,1,48,1,1,1,1,0,-2.59573936462,-1.8628783226,-0.757712483406,-2.59573936462,-1.8628783226,-0.757712483406
819,2,544,48,5,0,44.75,1,61,1,1,1,1,,-2.34679412842,-1.36907875538,,-2.59573936462,-1.8628783226,-0.757712483406
820,1,544,48,5,0,44.75,0,9,1,1,1,1,0,-0.476401776075,-0.337401747704,0.93838840723,-0.476401776075,-0.337401747704,0.93838840723
820,2,544,48,5,0,44.75,0,22,1,1,1,1,,-1.97588658333,-1.03680872917,-0.518895506859,-0.476401776075,-0.337401747704,0.93838840723
821,2,544,48,5,0,44.75,0,1,1,0,0,,,,,,,,
822,1,545,48,5,1,1,1,19,1,1,1,0,1,-2.60908770561,-1.37151491642,-0.289222985506,-2.60908770561,-1.37151491642,-0.289222985506
822,2,545,48,5,1,1,1,32,1,0,1,0,,,,,-2.60908770561,-1.37151491642,-0.289222985506
823,1,546,48,5,0,44.75,1,768,1,0,0,,,,,,,,
823,2,546,48,5,0,44.75,1,72,1,0,0,,,,,,,,
824,1,546,48,5,0,44.75,0,252,1,0,0,,,,,,,,
824,2,546,48,5,0,44.75,0,33,1,1,0,,,-2.53225684166,-1.50811195374,-0.68691521883,,,
825,1,547,48,5,1,1,0,20,1,1,1,1,0,-0.977132737637,-0.036393456161,-0.120904989541,-0.977132737637,-0.036393456161,-0.120904989541
825,2,547,48,5,1,1,0,33,1,1,1,1,,-1.66207718849,-0.0187130291015,0.185026198626,-0.977132737637,-0.036393456161,-0.120904989541
826,2,547,48,5,1,1,1,3,1,1,0,,,1.15755546093,0.963964164257,,,,
827,1,549,49,5,1,1,0,66,1,0,0,,,,,,,,
827,2,549,49,5,1,1,0,72,1,0,0,,,,,,,,
828,1,549,49,5,1,1,0,37,1,1,1,1,0,-0.621939063072,-0.958615243435,-1.06491708755,-0.621939063072,-0.958615243435,-1.06491708755
828,2,549,49,5,1,1,0,50,1,1,1,1,,-0.596877038479,-0.592915892601,-1.22848081589,-0.621939063072,-0.958615243435,-1.06491708755
829,1,550,49,5,1,1,1,20,1,1,1,1,0,-2.15859079361,-0.36578014493,1.11944079399,-2.15859079361,-0.36578014493,1.11944079399
829,2,550,49,5,1,1,1,33,1,1,1,1,,-2.5253303051,-0.0975444093347,0.538773179054,-2.15859079361,-0.36578014493,1.11944079399
830,2,550,49,5,1,1,1,9,1,1,0,,,-1.98427438736,-2.85179114342,-1.87994015217,,,
831,2,550,49,5,1,1,1,72,1,0,0,,,,,,,,
832,1,551,49,5,0,54.25,1,20,1,1,1,0,1,-1.776897192,-0.679983794689,-1.06262469292,-1.776897192,-0.679983794689,-1.06262469292
832,2,551,49,5,0,54.25,1,36,1,0,1,0,,,,,-1.776897192,-0.679983794689,-1.06262469292
833,1,552,49,5,1,1,1,16,1,1,1,1,0,0.534814476967,0.273798376322,-0.324096947908,0.534814476967,0.273798376322,-0.324096947908
833,2,552,49,5,1,1,1,29,1,1,1,1,,-0.200840488076,-0.218844264746,-0.790296018124,0.534814476967,0.273798376322,-0.324096947908
834,1,553,49,5,0,54.25,0,6,1,1,1,0,1,-0.0811102688313,0.54458129406,-0.0359779857099,-0.0811102688313,0.54458129406,-0.0359779857099
834,2,553,49,5,0,54.25,0,19,1,0,1,0,,,,,-0.0811102688313,0.54458129406,-0.0359779857099
835,1,554,49,5,0,54.25,0,41,1,1,1,1,0,-2.31790947914,-2.08027029037,-1.25121212006,-2.31790947914,-2.08027029037,-1.25121212006
835,2,554,49,5,0,54.25,0,53,1,1,1,1,,-2.29858613014,-1.55318284035,-0.718181848526,-2.31790947914,-2.08027029037,-1.25121212006
836,1,556,50,5,0,50.25,1,29,1,1,1,1,0,-0.933409750462,-0.37267306447,0.196999639273,-0.933409750462,-0.37267306447,0.196999639273
836,2,556,50,5,0,50.25,1,42,1,1,1,1,,-1.01943278313,-0.475093126297,-0.185223832726,-0.933409750462,-0.37267306447,0.196999639273
837,1,556,50,5,0,50.25,1,8,1,1,1,1,0,0.676617920399,1.74831914902,1.75709688663,0.676617920399,1.74831914902,1.75709688663
837,2,556,50,5,0,50.25,1,21,1,1,1,1,,-1.04832696915,0.409607172012,1.79782223701,0.676617920399,1.74831914902,1.75709688663
838,1,557,50,5,1,1,0,36,1,1,1,1,0,-1.84345436096,-0.884756982327,-0.606562316418,-1.84345436096,-0.884756982327,-0.606562316418
838,2,557,50,5,1,1,0,50,1,1,1,1,,-1.59272742271,-0.81953060627,-0.936965882778,-1.84345436096,-0.884756982327,-0.606562316418
839,1,557,50,5,1,1,0,24,1,1,1,1,0,-3.91668176651,-1.55121994019,-0.932487785816,-3.91668176651,-1.55121994019,-0.932487785816
839,2,557,50,5,1,1,0,37,1,1,1,1,,-2.32755994797,-0.33057320118,0.409203737974,-3.91668176651,-1.55121994019,-0.932487785816
840,1,560,50,5,1,1,0,30,1,1,1,1,0,-4.22376155853,-2.43560600281,-3.11805677414,-4.22376155853,-2.43560600281,-3.11805677414
840,2,560,50,5,1,1,0,43,1,1,1,1,,-4.37038993835,-2.36367607117,-1.74505853653,-4.22376155853,-2.43560600281,-3.11805677414
841,1,561,50,5,1,1,1,14,1,1,1,1,0,-1.62131667137,-1.91874027252,-2.0478951931,-1.62131667137,-1.91874027252,-2.0478951931
841,2,561,50,5,1,1,1,29,1,1,1,1,,-4.00733470917,-3.44565272331,-2.95972418785,-1.62131667137,-1.91874027252,-2.0478951931
842,1,562,50,5,1,1,0,108,1,0,0,,,,,,,,
842,2,562,50,5,1,1,0,34,1,0,0,,,,,,,,
843,1,562,50,5,1,1,1,53,1,1,1,1,0,-3.83821368217,-3.55193161964,-2.25468707085,-3.83821368217,-3.55193161964,-2.25468707085
843,2,562,50,5,1,1,1,67,1,1,1,1,,-4.15386581421,-3.44565272331,,-3.83821368217,-3.55193161964,-2.25468707085
844,2,562,50,5,1,1,0,34,1,1,0,,,-2.75559687614,-3.38687968254,-2.95972418785,,,
845,1,563,50,5,1,1,1,29,1,1,1,0,1,,,-1.69038927555,,,-1.69038927555
845,2,563,50,5,1,1,1,42,1,0,1,0,,,,,,,-1.69038927555
846,1,564,51,6,1,1,0,48,1,0,0,,,,,,,,
846,2,564,51,6,1,1,0,61,1,0,0,,,,,,,,
847,1,564,51,6,1,1,0,19,1,1,1,1,0,-2.55572605133,-1.97987031937,-1.36816549301,-2.55572605133,-1.97987031937,-1.36816549301
847,2,564,51,6,1,1,0,33,1,1,1,1,,-2.72874855995,-1.89758837223,-1.49389374256,-2.55572605133,-1.97987031937,-1.36816549301
848,1,564,51,6,1,1,1,19,1,1,1,1,0,-2.69359850883,-1.8588912487,-1.19672107697,-2.69359850883,-1.8588912487,-1.19672107697
848,2,564,51,6,1,1,1,33,1,1,1,1,,-2.81124949455,-1.90042495728,-1.1427539587,-2.69359850883,-1.8588912487,-1.19672107697
849,1,565,51,6,0,60.2499961853,1,84,1,0,0,,,,,,,,
849,2,565,51,6,0,60.2499961853,1,60,1,0,0,,,,,,,,
850,1,565,51,6,0,60.2499961853,1,52,1,1,1,0,1,-2.82472658157,-0.790995359421,0.557031750679,-2.82472658157,-0.790995359421,0.557031750679
850,2,565,51,6,0,60.2499961853,1,65,1,0,1,0,,,,,-2.82472658157,-0.790995359421,0.557031750679
851,1,565,51,6,0,60.2499961853,0,31,1,1,1,1,0,-3.51624774933,-2.07401657104,-1.51985228062,-3.51624774933,-2.07401657104,-1.51985228062
851,2,565,51,6,0,60.2499961853,0,44,1,1,1,1,,-3.40975451469,-1.75279486179,0.142412289977,-3.51624774933,-2.07401657104,-1.51985228062
852,2,565,51,6,0,60.2499961853,0,16,1,1,0,,,-4.02850484848,-2.26026821136,-0.241287663579,,,
853,1,566,51,6,1,1,1,54,1,1,1,1,0,-0.247982084751,-0.553647518158,-1.09093940258,-0.247982084751,-0.553647518158,-1.09093940258
853,2,566,51,6,1,1,1,67,1,1,1,1,,-0.277242720127,-0.869578778744,,-0.247982084751,-0.553647518158,-1.09093940258
854,1,567,51,6,1,1,0,54,1,1,1,1,0,-2.49534583092,-2.7690050602,-2.90870451927,-2.49534583092,-2.7690050602,-2.90870451927
854,2,567,51,6,1,1,0,68,1,1,1,1,,-2.13086509705,-3.02053141594,,-2.49534583092,-2.7690050602,-2.90870451927
855,1,567,51,6,1,1,1,24,1,1,1,1,0,-2.59282779694,-2.32983779907,-1.20732927322,-2.59282779694,-2.32983779907,-1.20732927322
855,2,567,51,6,1,1,1,37,1,1,1,1,,-3.16409158707,-2.91600060463,-1.20124423504,-2.59282779694,-2.32983779907,-1.20732927322
856,1,568,51,6,0,60.2499961853,1,52,1,0,0,,,,,,,,
856,2,568,51,6,0,60.2499961853,1,65,1,0,0,,,,,,,,
857,1,568,51,6,0,60.2499961853,0,30,1,1,1,1,0,-2.8435151577,-1.26797509193,0.17691154778,-2.8435151577,-1.26797509193,0.17691154778
857,2,568,51,6,0,60.2499961853,0,43,1,1,1,1,,-2.62208461761,-1.82247531414,-0.0614742711186,-2.8435151577,-1.26797509193,0.17691154778
858,2,568,51,6,0,60.2499961853,0,11,1,1,0,,,-2.95741128922,-1.95758259296,0.515081524849,,,
859,1,569,51,6,0,60.2499961853,0,47,1,1,1,1,0,-2.91393899918,-1.83261871338,-1.29536402225,-2.91393899918,-1.83261871338,-1.29536402225
859,2,569,51,6,0,60.2499961853,0,60,1,1,1,1,,-2.60339307785,-1.91743671894,-1.22105205059,-2.91393899918,-1.83261871338,-1.29536402225
860,2,569,51,6,0,60.2499961853,0,29,1,1,0,,,-4.47712230682,-2.76909947395,-1.2558914423,,,
861,1,571,52,7,0,50.5,0,11,1,1,1,1,0,0.197994872928,0.501275062561,0.515081524849,0.197994872928,0.501275062561,0.515081524849
861,2,571,52,7,0,50.5,0,24,1,1,1,1,,-0.74172526598,0.0276852827519,0.374460965395,0.197994872928,0.501275062561,0.515081524849
862,1,572,52,7,0,50.5,0,47,1,1,1,1,0,-1.61484456062,-0.31980779767,-0.082001850009,-1.61484456062,-0.31980779767,-0.082001850009
862,2,572,52,7,0,50.5,0,60,1,1,1,1,,-1.48122274876,-0.737102746964,-2.53045415878,-1.61484456062,-0.31980779767,-0.082001850009
863,2,572,52,7,0,50.5,1,3,1,1,0,,,0.37865871191,0.866873323917,,,,
864,1,573,52,7,1,1,0,168,1,0,0,,,,,,,,
864,2,573,52,7,1,1,0,28,1,1,0,,,-2.20541715622,-0.569634497166,-0.194154903293,,,
865,1,574,52,7,1,1,1,23,1,1,1,1,0,-2.05447769165,-2.19225335121,-1.33229923248,-2.05447769165,-2.19225335121,-1.33229923248
865,2,574,52,7,1,1,1,37,1,1,1,1,,-2.5541100502,-2.29576277733,-2.08975076675,-2.05447769165,-2.19225335121,-1.33229923248
866,1,574,52,7,1,1,0,23,1,1,1,1,0,-0.848380923271,-0.650241374969,-0.701370298862,-0.848380923271,-0.650241374969,-0.701370298862
866,2,574,52,7,1,1,0,37,1,1,1,1,,-1.7012758255,-0.77478659153,-1.15323066711,-0.848380923271,-0.650241374969,-0.701370298862
867,1,575,52,7,1,1,0,32,1,0,0,,,,,,,,
867,2,575,52,7,1,1,0,44,1,1,0,,,-2.85330820084,-1.75279486179,-2.0449180603,,,
868,1,575,52,7,1,1,1,6,1,1,1,1,0,0.0965823084116,0.114792637527,1.24533522129,0.0965823084116,0.114792637527,1.24533522129
868,2,575,52,7,1,1,1,19,1,1,1,1,,-1.59495711327,-0.679708600044,-0.289222985506,0.0965823084116,0.114792637527,1.24533522129
869,1,576,52,7,0,50.5,1,59,1,1,1,1,0,-1.57745528221,-0.859396696091,-0.665530145168,-1.57745528221,-0.859396696091,-0.665530145168
869,2,576,52,7,0,50.5,1,72,1,1,1,1,,-1.00094056129,-1.0560580492,,-1.57745528221,-0.859396696091,-0.665530145168
870,1,577,52,7,1,1,0,13,1,1,1,1,0,0.0129409711808,1.52477574348,1.75709688663,0.0129409711808,1.52477574348,1.75709688663
870,2,577,52,7,1,1,0,26,1,1,1,1,,-1.29309439659,-0.0114686163142,0.56044280529,0.0129409711808,1.52477574348,1.75709688663
871,2,577,52,7,1,1,0,2,1,1,0,,,0.337470144033,1.34617626667,,,,
872,1,578,52,7,0,50.5,1,72,1,0,0,,,,,,,,
872,2,578,52,7,0,50.5,1,72,1,0,0,,,,,,,,
873,1,578,52,7,0,50.5,1,36,1,1,1,1,0,-1.83874249458,-1.27934777737,-0.111622363329,-1.83874249458,-1.27934777737,-0.111622363329
873,2,578,52,7,0,50.5,1,50,1,1,1,1,,-2.24694228172,-1.44646835327,-1.04637956619,-1.83874249458,-1.27934777737,-0.111622363329
874,1,579,52,7,1,1,1,64,1,0,0,,,,,,,,
874,2,579,52,7,1,1,1,72,1,0,0,,,,,,,,
875,1,579,52,7,1,1,1,13,1,1,1,1,0,-1.24261939526,-1.0443533659,0.214204847813,-1.24261939526,-1.0443533659,0.214204847813
875,2,579,52,7,1,1,1,26,1,1,1,1,,-1.87576341629,-1.33081138134,-0.275239706039,-1.24261939526,-1.0443533659,0.214204847813
876,1,581,53,5,0,51.75,0,44,1,1,1,1,0,-0.800638735294,1.34571361542,1.41022872925,-0.800638735294,1.34571361542,1.41022872925
876,2,581,53,5,0,51.75,0,57,1,1,1,1,,-0.0817334279418,1.15632748604,1.05548548698,-0.800638735294,1.34571361542,1.41022872925
877,2,581,53,5,0,51.75,1,6,1,1,0,,,1.15755546093,1.38264620304,1.51103496552,,,
878,1,582,53,5,0,51.75,0,58,1,1,1,1,0,-1.60445511341,-0.899823606014,-0.706126451492,-1.60445511341,-0.899823606014,-0.706126451492
878,2,582,53,5,0,51.75,0,70,1,1,1,1,,-1.41862249374,-1.16135573387,,-1.60445511341,-0.899823606014,-0.706126451492
879,1,582,53,5,0,51.75,1,12,1,1,1,1,0,-1.22913515568,-0.840483903885,-0.709443390369,-1.22913515568,-0.840483903885,-0.709443390369
879,2,582,53,5,0,51.75,1,25,1,1,1,1,,-1.70526778698,-1.11010301113,-1.0862839222,-1.22913515568,-0.840483903885,-0.709443390369
880,1,583,53,5,1,1.375,0,62,1,0,0,,,,,,,,
880,2,583,53,5,1,1.375,0,72,1,0,0,,,,,,,,
881,1,585,53,5,1,1.375,0,20,1,1,1,1,0,-0.284155189991,-0.640327751637,-1.31229007244,-0.284155189991,-0.640327751637,-1.31229007244
881,2,585,53,5,1,1.375,0,34,1,1,1,1,,-0.333110839128,-0.962309658527,-1.47813272476,-0.284155189991,-0.640327751637,-1.31229007244
882,1,586,53,5,0,51.75,1,15,1,1,1,0,1,-0.332178920507,-0.348486959934,0.39329662919,-0.332178920507,-0.348486959934,0.39329662919
883,1,587,53,5,1,1.375,1,72,1,0,0,,,,,,,,
883,2,587,53,5,1,1.375,1,72,1,0,0,,,,,,,,
884,1,587,53,5,1,1.375,0,25,1,1,1,1,0,-3.39284539223,-1.60026538372,-1.45023965836,-3.39284539223,-1.60026538372,-1.45023965836
884,2,587,53,5,1,1.375,0,38,1,1,1,1,,-3.27175974846,-1.55190169811,-1.1346988678,-3.39284539223,-1.60026538372,-1.45023965836
885,1,588,53,5,1,1.375,0,59,1,1,1,1,0,-1.11294651031,-1.45662128925,-1.44842076302,-1.11294651031,-1.45662128925,-1.44842076302
885,2,588,53,5,1,1.375,0,72,1,1,1,1,,-0.893264472485,-1.7005559206,,-1.11294651031,-1.45662128925,-1.44842076302
886,1,589,53,5,1,1.375,1,54,1,1,1,1,0,-1.89047622681,-0.774514913559,-0.37346509099,-1.89047622681,-0.774514913559,-0.37346509099
886,2,589,53,5,1,1.375,1,67,1,1,1,1,,-1.81782460213,-0.73939293623,,-1.89047622681,-0.774514913559,-0.37346509099
887,1,589,53,5,1,1.375,0,34,1,1,1,1,0,-2.76944041252,-1.7234544754,-1.3402081728,-2.76944041252,-1.7234544754,-1.3402081728
887,2,589,53,5,1,1.375,0,47,1,1,1,1,,-2.88988208771,-1.05908894539,-0.914828717709,-2.76944041252,-1.7234544754,-1.3402081728
888,1,590,53,5,0,51.75,1,48,1,1,1,1,0,-2.20108151436,-1.69063913822,-2.30221843719,-2.20108151436,-1.69063913822,-2.30221843719
888,2,590,53,5,0,51.75,1,60,1,1,1,1,,-2.07569169998,-1.43051052094,-1.00791430473,-2.20108151436,-1.69063913822,-2.30221843719
889,1,591,53,5,1,1.375,0,47,1,0,0,,,,,,,,
889,2,591,53,5,1,1.375,0,60,1,1,0,,,-0.607225060463,-1.20555353165,-0.941829025745,,,
890,2,591,53,5,1,1.375,0,1,1,1,0,,,-2.14451575279,-1.49926412106,,,,
891,1,593,54,5,1,1,1,31,1,1,1,1,0,-1.67488217354,-0.0496600903571,1.13609814644,-1.67488217354,-0.0496600903571,1.13609814644
891,2,593,54,5,1,1,1,44,1,1,1,1,,-1.65293908119,-0.342871040106,0.317051827908,-1.67488217354,-0.0496600903571,1.13609814644
892,1,595,54,5,0,40,1,108,1,0,0,,,,,,,,
892,2,595,54,5,0,40,1,72,1,0,0,,,,,,,,
893,1,596,54,5,1,1,0,21,1,1,1,1,0,-0.794949650764,0.421548366547,-0.69984292984,-0.794949650764,0.421548366547,-0.69984292984
893,2,596,54,5,1,1,0,34,1,1,1,1,,-0.070098914206,0.82179415226,-0.0900725498796,-0.794949650764,0.421548366547,-0.69984292984
894,2,596,54,5,1,1,0,68,1,1,0,,,-0.840818524361,-0.581723988056,,,,
895,1,599,54,5,1,1,1,12,1,0,0,,,,,,,,
895,2,599,54,5,1,1,1,26,1,1,0,,,0.346491873264,0.969736397266,1.17051053047,,,
896,1,602,55,7,1,1.125,1,15,1,1,1,1,0,,-2.24275588989,-1.48679876328,,-2.24275588989,-1.48679876328
896,2,602,55,7,1,1.125,1,28,1,1,1,1,,-3.04565095901,-1.34040141106,0.174359232187,,-2.24275588989,-1.48679876328
897,1,603,55,7,1,1.125,0,23,1,1,1,1,0,-3.18551802635,-3.48161745071,-1.74078416824,-3.18551802635,-3.48161745071,-1.74078416824
897,2,603,55,7,1,1.125,0,36,1,1,1,1,,-3.15182423592,-2.45083451271,-0.522299945354,-3.18551802635,-3.48161745071,-1.74078416824
898,1,604,55,7,1,1.125,1,18,1,1,1,1,0,-0.605365872383,0.413908749819,0.831460535526,-0.605365872383,0.413908749819,0.831460535526
898,2,604,55,7,1,1.125,1,31,1,1,1,1,,-0.92030620575,-0.174673840404,0.921927273273,-0.605365872383,0.413908749819,0.831460535526
899,1,605,55,7,1,1.125,0,23,1,1,1,1,0,-1.29911398888,-1.21524059772,-1.25745761395,-1.29911398888,-1.21524059772,-1.25745761395
899,2,605,55,7,1,1.125,0,36,1,1,1,1,,-1.03415310383,-0.98865377903,-0.110796190798,-1.29911398888,-1.21524059772,-1.25745761395
900,1,606,55,7,1,1.125,1,36,1,1,1,1,0,0.485456466675,-0.54423648119,-0.996788918972,0.485456466675,-0.54423648119,-0.996788918972
900,2,606,55,7,1,1.125,1,49,1,1,1,1,,-0.154110863805,-0.374449342489,-1.56829345226,0.485456466675,-0.54423648119,-0.996788918972
901,1,606,55,7,1,1.125,0,9,1,1,1,0,1,-1.30109214783,-0.90841126442,0.0676747784019,-1.30109214783,-0.90841126442,0.0676747784019
901,2,606,55,7,1,1.125,0,22,1,0,1,0,,,,,-1.30109214783,-0.90841126442,0.0676747784019
902,1,607,55,7,1,1.125,1,47,1,1,1,1,0,-0.301294207573,0.202233448625,-0.576433598995,-0.301294207573,0.202233448625,-0.576433598995
902,2,607,55,7,1,1.125,1,57,1,1,1,1,,0.221061035991,0.482676327229,0.126446321607,-0.301294207573,0.202233448625,-0.576433598995
903,1,607,55,7,1,1.125,0,23,1,1,1,1,0,-0.781606554985,-0.0379111543298,-1.06929802895,-0.781606554985,-0.0379111543298,-1.06929802895
903,2,607,55,7,1,1.125,0,35,1,1,1,1,,-0.00644667260349,0.335653632879,0.470852822065,-0.781606554985,-0.0379111543298,-1.06929802895
904,1,608,55,7,1,1.125,0,19,1,1,1,1,0,-4.09820604324,-2.9497988224,-1.36816549301,-4.09820604324,-2.9497988224,-1.36816549301
904,2,608,55,7,1,1.125,0,32,1,1,1,1,,-2.79775857925,-1.87532413006,-0.228508487344,-4.09820604324,-2.9497988224,-1.36816549301
905,1,609,55,7,1,1.125,0,16,1,1,1,1,0,-0.874980509281,0.285834431648,0.624719083309,-0.874980509281,0.285834431648,0.624719083309
905,2,609,55,7,1,1.125,0,29,1,1,1,1,,-1.41275346279,-0.889852821827,0.0549538470805,-0.874980509281,0.285834431648,0.624719083309
906,1,610,55,7,0,37.5,1,33,1,1,1,1,0,-0.224351659417,0.501968204975,0.538773179054,-0.224351659417,0.501968204975,0.538773179054
906,2,610,55,7,0,37.5,1,46,1,1,1,1,,-0.481022924185,0.356438964605,-0.10591006279,-0.224351659417,0.501968204975,0.538773179054
907,1,613,56,5,0,32,1,42,1,1,1,1,0,1.41551947594,1.74831914902,1.75709688663,1.41551947594,1.74831914902,1.75709688663
907,2,613,56,5,0,32,1,54,1,1,1,1,,1.15755546093,1.38264620304,1.87292575836,1.41551947594,1.74831914902,1.75709688663
908,1,614,56,5,1,1,1,31,1,1,1,1,0,-1.95435500145,-0.37367323041,0.479627877474,-1.95435500145,-0.37367323041,0.479627877474
908,2,614,56,5,1,1,1,45,1,1,1,1,,-1.33078849316,-0.398711740971,-0.777750551701,-1.95435500145,-0.37367323041,0.479627877474
909,1,615,56,5,0,32,1,23,1,1,1,0,1,0.986181259155,0.673303246498,0.403903931379,0.986181259155,0.673303246498,0.403903931379
909,2,615,56,5,0,32,1,33,1,0,1,0,,,,,0.986181259155,0.673303246498,0.403903931379
910,1,615,56,5,0,32,0,58,1,1,1,1,0,-0.146636813879,-0.356844544411,-0.629403471947,-0.146636813879,-0.356844544411,-0.629403471947
910,2,615,56,5,0,32,0,71,1,1,1,1,,-0.654536962509,-0.777765214443,,-0.146636813879,-0.356844544411,-0.629403471947
911,1,615,56,5,0,32,1,39,1,1,1,1,0,-1.53304934502,-1.06563198566,-1.10183084011,-1.53304934502,-1.06563198566,-1.10183084011
911,2,615,56,5,0,32,1,52,1,1,1,1,,-2.1409304142,-1.6854954958,-2.18691158295,-1.53304934502,-1.06563198566,-1.10183084011
912,1,617,57,7,1,1.125,1,34,1,1,1,1,0,-1.2355120182,-0.287068098783,0.347962737083,-1.2355120182,-0.287068098783,0.347962737083
912,2,617,57,7,1,1.125,1,47,1,1,1,1,,-1.01586937904,-0.208352729678,-0.175654560328,-1.2355120182,-0.287068098783,0.347962737083
913,1,617,57,7,1,1.125,1,20,1,0,0,,,,,,,,
913,2,617,57,7,1,1.125,1,33,1,1,0,,,-1.96710419655,-1.05897212029,-0.14860996604,,,
914,1,618,57,7,0,38.25,1,60,1,0,0,,,,,,,,
914,2,618,57,7,0,38.25,1,72,1,0,0,,,,,,,,
915,1,619,57,7,0,38.25,1,72,1,0,0,,,,,,,,
915,2,619,57,7,0,38.25,1,72,1,0,0,,,,,,,,
916,1,620,57,7,1,1.125,0,64,1,0,0,,,,,,,,
916,2,620,57,7,1,1.125,0,72,1,0,0,,,,,,,,
917,1,620,57,7,1,1.125,1,17,1,1,1,1,0,-1.67460083961,-0.560702860355,-0.367781460285,-1.67460083961,-0.560702860355,-0.367781460285
917,2,620,57,7,1,1.125,1,30,1,1,1,1,,-1.84969162941,-0.91941511631,-0.755182862282,-1.67460083961,-0.560702860355,-0.367781460285
918,1,621,57,7,0,38.25,0,36,1,1,1,1,0,-1.38485109806,0.606797754765,1.24932563305,-1.38485109806,0.606797754765,1.24932563305
918,2,621,57,7,0,38.25,0,49,1,1,1,1,,-1.27348518372,0.280077248812,0.735166847706,-1.38485109806,0.606797754765,1.24932563305
919,2,621,57,7,0,38.25,0,7,1,1,0,,,,,1.87292575836,,,
920,1,622,57,7,1,1.125,1,20,1,1,1,1,0,-0.416078954935,0.175602331758,0.333055853844,-0.416078954935,0.175602331758,0.333055853844
920,2,622,57,7,1,1.125,1,35,1,1,1,1,,-1.09021556377,-0.0928556993604,-0.267708450556,-0.416078954935,0.175602331758,0.333055853844
921,2,622,57,7,1,1.125,0,6,1,1,0,,,-0.174554273486,0.0298626888543,0.239659771323,,,
922,1,625,57,7,1,1.125,0,41,1,0,0,,,,,,,,
922,2,625,57,7,1,1.125,0,60,1,0,0,,,,,,,,
923,1,625,57,7,1,1.125,1,16,1,0,0,,,,,,,,
923,2,625,57,7,1,1.125,1,29,1,1,0,,,-2.15436077118,-1.29010939598,-0.661665201187,,,
924,2,625,57,7,1,1.125,0,7,1,1,0,,,-0.812729656696,-1.16579377651,-1.19725441933,,,
925,1,626,57,7,1,1.125,1,20,1,1,1,1,0,-0.714793264866,-0.562443673611,0.414424926043,-0.714793264866,-0.562443673611,0.414424926043
925,2,626,57,7,1,1.125,1,32,1,1,1,1,,-0.838589191437,-0.438923686743,-0.88755607605,-0.714793264866,-0.562443673611,0.414424926043
926,1,627,57,7,1,1.125,0,47,1,1,1,1,0,-1.47050118446,-0.521112561226,-0.873465895653,-1.47050118446,-0.521112561226,-0.873465895653
926,2,627,57,7,1,1.125,0,59,1,1,1,1,,-1.56969773769,-0.917477428913,-1.16071677208,-1.47050118446,-0.521112561226,-0.873465895653
927,1,627,57,7,1,1.125,1,3,1,1,1,1,0,-0.4526707232,0.706634759903,,-0.4526707232,0.706634759903,
927,2,627,57,7,1,1.125,1,16,1,1,1,1,,-1.84492397308,-0.821675419807,-0.150086060166,-0.4526707232,0.706634759903,
928,1,628,57,7,1,1.125,0,41,1,1,1,1,0,-2.6491894722,-1.12488389015,-1.16355776787,-2.6491894722,-1.12488389015,-1.16355776787
928,2,628,57,7,1,1.125,0,54,1,1,1,1,,-2.24619221687,-1.4780548811,-1.65062606335,-2.6491894722,-1.12488389015,-1.16355776787
929,1,628,57,7,1,1.125,0,18,1,1,1,1,0,-2.0237903595,-2.00296878815,-1.7223290205,-2.0237903595,-2.00296878815,-1.7223290205
929,2,628,57,7,1,1.125,0,31,1,1,1,1,,-2.20088124275,-1.83479452133,-1.85364341736,-2.0237903595,-2.00296878815,-1.7223290205
930,1,630,58,5,1,1,1,37,1,1,1,1,0,-1.4769077301,0.0879072621465,0.22687497735,-1.4769077301,0.0879072621465,0.22687497735
930,2,630,58,5,1,1,1,50,1,1,1,1,,-1.06099236012,-0.354614019394,-0.970322489738,-1.4769077301,0.0879072621465,0.22687497735
931,1,630,58,5,1,1,1,19,1,1,1,1,0,-2.45696926117,-1.73623776436,-0.116719909012,-2.45696926117,-1.73623776436,-0.116719909012
931,2,630,58,5,1,1,1,32,1,1,1,1,,-1.83145558834,-1.32138001919,-0.346822440624,-2.45696926117,-1.73623776436,-0.116719909012
932,2,633,58,5,0,15.7499990463,0,12,1,1,0,,,-0.672827959061,-1.86367917061,-2.19297218323,,,
933,1,636,59,6,1,1,0,55,1,1,1,1,0,-0.756741523743,-1.07779181004,-1.54021453857,-0.756741523743,-1.07779181004,-1.54021453857
933,2,636,59,6,1,1,0,68,1,1,1,1,,-0.788802146912,-0.84857827425,,-0.756741523743,-1.07779181004,-1.54021453857
934,1,636,59,6,1,1,1,19,1,1,1,1,0,-0.361097812653,0.515754342079,0.626196026802,-0.361097812653,0.515754342079,0.626196026802
934,2,636,59,6,1,1,1,32,1,1,1,1,,-0.369731009007,0.533613145351,-0.0275508221239,-0.361097812653,0.515754342079,0.626196026802
935,1,637,59,6,0,16,1,56,1,1,1,1,0,-0.505071222782,-0.840428173542,-0.575590670109,-0.505071222782,-0.840428173542,-0.575590670109
935,2,637,59,6,0,16,1,69,1,1,1,1,,-0.341561645269,-0.98745661974,,-0.505071222782,-0.840428173542,-0.575590670109
936,2,638,59,6,0,16,1,8,1,1,0,,,8.38751875563e-05,0.255015492439,0.340599000454,,,
937,1,639,60,6,1,1.25,0,40,1,1,1,1,0,-1.4243761301,-1.12567985058,-0.628234505653,-1.4243761301,-1.12567985058,-0.628234505653
937,2,639,60,6,1,1.25,0,53,1,1,1,1,,-1.17942023277,-1.13067615032,-1.71911990643,-1.4243761301,-1.12567985058,-0.628234505653
938,1,639,60,6,1,1.25,1,2,1,1,1,1,0,-0.229500696063,-0.39640507102,,-0.229500696063,-0.39640507102,
938,2,639,60,6,1,1.25,1,15,1,1,1,1,,-1.24485421181,-1.45240843296,-2.04010725021,-0.229500696063,-0.39640507102,
939,1,640,60,6,1,1.25,1,27,1,1,1,1,0,-1.08924531937,0.346784383059,-0.00689531164244,-1.08924531937,0.346784383059,-0.00689531164244
939,2,640,60,6,1,1.25,1,40,1,1,1,1,,-1.38127195835,-0.115716278553,-0.454855918884,-1.08924531937,0.346784383059,-0.00689531164244
940,1,642,60,6,0,65,0,10,1,1,1,1,0,0.336471557617,1.05021739006,1.63472187519,0.336471557617,1.05021739006,1.63472187519
940,2,642,60,6,0,65,0,23,1,1,1,1,,-0.51450419426,0.939996659756,1.82862246037,0.336471557617,1.05021739006,1.63472187519
941,1,643,60,6,0,65,1,17,1,1,1,1,0,-1.4289046526,-1.03686726093,-0.909423708916,-1.4289046526,-1.03686726093,-0.909423708916
941,2,643,60,6,0,65,1,30,1,1,1,1,,-1.65139698982,-0.804359614849,-0.173702403903,-1.4289046526,-1.03686726093,-0.909423708916
942,1,644,60,6,1,1.25,1,50,1,0,0,,,,,,,,
942,2,644,60,6,1,1.25,1,63,1,1,0,,,-0.246998861432,-0.0666199997067,,,,
943,1,645,60,6,1,1.25,0,29,1,1,1,1,0,-1.95005643368,-1.45976066589,-1.72831761837,-1.95005643368,-1.45976066589,-1.72831761837
943,2,645,60,6,1,1.25,0,42,1,1,1,1,,-1.81622195244,-1.35946583748,-2.24148964882,-1.95005643368,-1.45976066589,-1.72831761837
944,1,645,60,6,1,1.25,1,8,1,1,1,1,0,0.697760939598,1.44694232941,1.28777110577,0.697760939598,1.44694232941,1.28777110577
944,2,645,60,6,1,1.25,1,21,1,1,1,1,,-0.820104777813,0.196061328053,0.237623244524,0.697760939598,1.44694232941,1.28777110577
945,1,646,60,6,1,1.25,0,55,1,1,1,1,0,-2.23931264877,-1.43750047684,-1.28649699688,-2.23931264877,-1.43750047684,-1.28649699688
945,2,646,60,6,1,1.25,0,68,1,1,1,1,,-2.46377968788,-1.51724660397,,-2.23931264877,-1.43750047684,-1.28649699688
946,1,646,60,6,1,1.25,1,36,1,1,1,1,0,-1.60238480568,-0.605811178684,-0.666001677513,-1.60238480568,-0.605811178684,-0.666001677513
946,2,646,60,6,1,1.25,1,48,1,1,1,1,,-1.37694060802,-0.242780849338,-0.424982368946,-1.60238480568,-0.605811178684,-0.666001677513
947,1,647,60,6,1,1.25,1,13,1,1,1,1,0,-0.444018721581,-0.666640460491,-0.210927098989,-0.444018721581,-0.666640460491,-0.210927098989
947,2,647,60,6,1,1.25,1,26,1,1,1,1,,-0.569436132908,-0.216395586729,-0.150250092149,-0.444018721581,-0.666640460491,-0.210927098989
948,1,648,60,6,0,65,1,42,1,1,1,1,0,-0.711989343166,-1.25221312046,-1.44996201992,-0.711989343166,-1.25221312046,-1.44996201992
948,2,648,60,6,0,65,1,55,1,1,1,1,,-0.826417267323,-1.65847015381,-1.89328205585,-0.711989343166,-1.25221312046,-1.44996201992
949,2,648,60,6,0,65,1,72,1,0,0,,,,,,,,
950,1,649,60,6,1,1.25,0,45,1,1,1,1,0,-0.457877367735,-0.162071406841,-1.16697359085,-0.457877367735,-0.162071406841,-1.16697359085
950,2,649,60,6,1,1.25,0,57,1,1,1,1,,-0.192242443562,-0.453620612621,-1.97190010548,-0.457877367735,-0.162071406841,-1.16697359085
951,1,649,60,6,1,1.25,1,22,1,0,0,,,,,,,,
951,2,649,60,6,1,1.25,1,36,1,1,0,,,-1.45794224739,-0.668022692204,-1.20905411243,,,
952,1,650,60,6,1,1.25,0,37,1,1,1,1,0,-1.11496961117,-1.14035463333,-0.890478909016,-1.11496961117,-1.14035463333,-0.890478909016
952,2,650,60,6,1,1.25,0,50,1,1,1,1,,-1.34669351578,-1.47745585442,-1.44240665436,-1.11496961117,-1.14035463333,-0.890478909016
953,1,650,60,6,1,1.25,0,5,1,1,1,1,0,0.496037960052,0.752922475338,0.410649299622,0.496037960052,0.752922475338,0.410649299622
953,2,650,60,6,1,1.25,0,18,1,1,1,1,,-0.930090129375,0.466087758541,0.6394764781,0.496037960052,0.752922475338,0.410649299622
954,1,650,60,6,1,1.25,1,1,1,1,1,1,0,-1.24715030193,-1.6579400301,,-1.24715030193,-1.6579400301,
954,2,650,60,6,1,1.25,1,13,1,1,1,1,,-0.748247802258,-0.564518451691,-0.609064757824,-1.24715030193,-1.6579400301,
955,1,652,61,7,1,1.74999988079,0,228,1,0,0,,,,,,,,
955,2,652,61,7,1,1.74999988079,0,32,1,1,0,,,-1.64451992512,-1.76722741127,-1.93681252003,,,
956,1,653,61,7,1,1.74999988079,0,22,1,1,1,1,0,-2.89605998993,-2.7702486515,-1.49757802486,-2.89605998993,-2.7702486515,-1.49757802486
956,2,653,61,7,1,1.74999988079,0,35,1,1,1,1,,-2.69737291336,-2.89077162743,-2.42199516296,-2.89605998993,-2.7702486515,-1.49757802486
957,1,655,61,7,1,1.74999988079,1,65,1,0,0,,,,,,,,
957,2,655,61,7,1,1.74999988079,1,72,1,0,0,,,,,,,,
958,1,655,61,7,1,1.74999988079,1,33,1,1,1,1,0,-0.551116883755,0.463842004538,0.389959067106,-0.551116883755,0.463842004538,0.389959067106
958,2,655,61,7,1,1.74999988079,1,47,1,1,1,1,,-0.418436080217,0.728908956051,0.677859127522,-0.551116883755,0.463842004538,0.389959067106
959,1,655,61,7,1,1.74999988079,0,11,1,1,1,1,0,-1.7982814312,-1.66471683979,-0.555054306984,-1.7982814312,-1.66471683979,-0.555054306984
959,2,655,61,7,1,1.74999988079,0,24,1,1,1,1,,-1.03631174564,0.268394708633,0.497732877731,-1.7982814312,-1.66471683979,-0.555054306984
960,1,656,61,7,0,49.5,1,288,1,0,0,,,,,,,,
960,2,656,61,7,0,49.5,1,37,1,1,0,,,-1.50286591053,0.514706373215,1.17948448658,,,
961,1,656,61,7,0,49.5,1,4,1,1,1,1,0,-1.40446591377,1.74831914902,,-1.40446591377,1.74831914902,
961,2,656,61,7,0,49.5,1,16,1,1,1,1,,-2.05963659286,1.07168209553,1.77346301079,-1.40446591377,1.74831914902,
962,1,657,61,7,1,1.74999988079,1,6,1,1,1,1,0,-1.53595519066,-0.31757414341,-0.243963718414,-1.53595519066,-0.31757414341,-0.243963718414
962,2,657,61,7,1,1.74999988079,1,19,1,1,1,1,,-1.37523090839,-0.890443861485,0.136832639575,-1.53595519066,-0.31757414341,-0.243963718414
963,1,658,61,7,0,49.5,1,48,1,1,1,1,0,-1.14478838444,-0.433564573526,-0.909322917461,-1.14478838444,-0.433564573526,-0.909322917461
963,2,658,61,7,0,49.5,1,61,1,1,1,1,,-1.65542757511,-0.906296372414,,-1.14478838444,-0.433564573526,-0.909322917461
964,1,658,61,7,0,49.5,1,24,1,1,1,1,0,-3.95660948753,-2.45170259476,-2.27879714966,-3.95660948753,-2.45170259476,-2.27879714966
964,2,658,61,7,0,49.5,1,36,1,1,1,1,,-3.59830498695,-1.1089104414,-0.584942579269,-3.95660948753,-2.45170259476,-2.27879714966
965,1,659,61,7,1,1.74999988079,1,23,1,1,1,1,0,-1.58183634281,0.226295605302,1.75709688663,-1.58183634281,0.226295605302,1.75709688663
965,2,659,61,7,1,1.74999988079,1,36,1,1,1,1,,-1.83874249458,0.181417316198,1.25620496273,-1.58183634281,0.226295605302,1.75709688663
966,1,660,61,7,1,1.74999988079,1,9,1,1,1,1,0,-2.68799376488,-2.76397514343,-1.82897138596,-2.68799376488,-2.76397514343,-1.82897138596
966,2,660,61,7,1,1.74999988079,1,23,1,1,1,1,,-3.18881607056,-2.45865249634,-1.09906303883,-2.68799376488,-2.76397514343,-1.82897138596
967,1,661,61,7,1,1.74999988079,0,24,1,1,1,1,0,-1.15087151527,0.488971203566,0.780575096607,-1.15087151527,0.488971203566,0.780575096607
967,2,661,61,7,1,1.74999988079,0,37,1,1,1,1,,-0.768514573574,0.896043121815,1.46034228802,-1.15087151527,0.488971203566,0.780575096607
968,1,662,61,7,1,1.74999988079,1,58,1,1,1,1,0,-1.36894881725,-0.749711632729,-1.05982792377,-1.36894881725,-0.749711632729,-1.05982792377
968,2,662,61,7,1,1.74999988079,1,71,1,1,1,1,,-1.19711911678,-0.616296112537,,-1.36894881725,-0.749711632729,-1.05982792377
969,1,662,61,7,1,1.74999988079,0,22,1,1,1,1,0,-2.35077190399,-1.65896642208,-1.69299864769,-2.35077190399,-1.65896642208,-1.69299864769
969,2,662,61,7,1,1.74999988079,0,35,1,1,1,1,,-2.26027059555,-1.55704522133,-2.37186598778,-2.35077190399,-1.65896642208,-1.69299864769
970,2,662,61,7,1,1.74999988079,1,4,1,1,0,,,-0.480445295572,-1.25226914883,,,,
971,1,663,62,7,1,1.25,0,59,1,1,1,1,0,-3.94044566154,-2.93539023399,-2.89724636078,-3.94044566154,-2.93539023399,-2.89724636078
971,2,663,62,7,1,1.25,0,72,1,1,1,1,,-3.99875807762,-2.61765003204,,-3.94044566154,-2.93539023399,-2.89724636078
972,1,663,62,7,1,1.25,0,38,1,1,1,1,0,-4.7622551918,-3.8929309845,-2.49740195274,-4.7622551918,-3.8929309845,-2.49740195274
972,2,663,62,7,1,1.25,0,51,1,1,1,1,,-4.47712230682,-3.44565272331,-2.51185035706,-4.7622551918,-3.8929309845,-2.49740195274
973,1,663,62,7,1,1.25,0,15,1,1,1,1,0,-0.610917508602,-3.11498832703,-1.62187075615,-0.610917508602,-3.11498832703,-1.62187075615
973,2,663,62,7,1,1.25,0,29,1,1,1,1,,,-2.6966843605,-1.68019616604,-0.610917508602,-3.11498832703,-1.62187075615
974,1,665,62,7,1,1.25,1,20,1,1,1,1,0,-1.09648680687,-0.512713730335,-0.517388105392,-1.09648680687,-0.512713730335,-0.517388105392
974,2,665,62,7,1,1.25,1,33,1,1,1,1,,-1.46333825588,-0.469237864017,-0.758705377579,-1.09648680687,-0.512713730335,-0.517388105392
975,2,665,62,7,1,1.25,1,7,1,1,0,,,-1.31180691719,0.18863196671,0.211555913091,,,
976,1,666,62,7,0,30.7500019073,1,37,1,1,1,1,0,-0.633315742016,-1.12535274029,-1.45988845825,-0.633315742016,-1.12535274029,-1.45988845825
976,2,666,62,7,0,30.7500019073,1,50,1,1,1,1,,-0.604857504368,-1.24172914028,-1.92473816872,-0.633315742016,-1.12535274029,-1.45988845825
977,1,666,62,7,0,30.7500019073,0,10,1,1,1,1,0,-1.93933355808,-0.80820119381,0.376883506775,-1.93933355808,-0.80820119381,0.376883506775
977,2,666,62,7,0,30.7500019073,0,23,1,1,1,1,,-1.66638040543,-0.915901601315,-0.566179692745,-1.93933355808,-0.80820119381,0.376883506775
978,1,667,62,7,1,1.25,1,1,1,1,1,1,0,-0.607506930828,-0.551772654057,,-0.607506930828,-0.551772654057,
978,2,667,62,7,1,1.25,1,14,1,1,1,1,,-2.3590054512,-0.925115406513,-0.116280168295,-0.607506930828,-0.551772654057,
979,1,668,62,7,0,30.7500019073,0,35,1,1,1,1,0,-0.607467055321,-2.11887860298,-2.42199516296,-0.607467055321,-2.11887860298,-2.42199516296
979,2,668,62,7,0,30.7500019073,0,48,1,1,1,1,,-1.37749695778,-2.33266115189,-2.45705485344,-0.607467055321,-2.11887860298,-2.42199516296
980,1,668,62,7,0,30.7500019073,1,5,1,1,1,1,0,-0.464560061693,-2.64057135582,-0.549540817738,-0.464560061693,-2.64057135582,-0.549540817738
980,2,668,62,7,0,30.7500019073,1,18,1,1,1,1,,-1.94839894772,-1.85168492794,-1.33608543873,-0.464560061693,-2.64057135582,-0.549540817738
981,1,669,62,7,1,1.25,0,14,1,1,1,1,0,-1.5943582058,-0.883691430092,0.257064282894,-1.5943582058,-0.883691430092,0.257064282894
981,2,669,62,7,1,1.25,0,27,1,1,1,1,,-3.28247523308,-2.2166466713,-1.40237140656,-1.5943582058,-0.883691430092,0.257064282894
982,2,669,62,7,1,1.25,1,5,1,1,0,,,-1.36653256416,-0.714924991131,-0.880756556988,,,
983,1,671,62,7,1,1.25,0,15,1,0,0,,,,,,,,
983,2,671,62,7,1,1.25,0,40,1,1,0,,,-2.36434650421,-1.38102924824,-0.180821657181,,,
984,2,671,62,7,1,1.25,0,1,1,0,0,,,,,,,,
985,1,672,62,7,1,1.25,0,23,1,0,0,,,,,,,,
985,2,672,62,7,1,1.25,0,36,1,1,0,,,-3.25973153114,-1.33621704578,-0.151230379939,,,
986,1,672,62,7,1,1.25,0,30,1,1,1,0,1,-3.16655135155,-2.29924964905,-1.20384013653,-3.16655135155,-2.29924964905,-1.20384013653
986,2,672,62,7,1,1.25,0,43,1,0,1,0,,,,,-3.16655135155,-2.29924964905,-1.20384013653
987,2,672,62,7,1,1.25,0,1,1,0,0,,,,,,,,
988,1,673,62,7,1,1.25,0,46,1,1,1,1,0,-2.42590498924,-1.48454272747,-1.53723037243,-2.42590498924,-1.48454272747,-1.53723037243
988,2,673,62,7,1,1.25,0,58,1,1,1,1,,-2.47037911415,-1.12224829197,-1.26306653023,-2.42590498924,-1.48454272747,-1.53723037243
989,1,674,62,7,1,1.25,0,50,1,1,1,1,0,-1.22953486443,-0.845751881599,-0.936965882778,-1.22953486443,-0.845751881599,-0.936965882778
989,2,674,62,7,1,1.25,0,63,1,1,1,1,,-1.3395216465,-0.975117087364,,-1.22953486443,-0.845751881599,-0.936965882778
990,1,674,62,7,1,1.25,0,28,1,1,1,1,0,-4.07312393188,-2.4763739109,-1.21330809593,-4.07312393188,-2.4763739109,-1.21330809593
990,2,674,62,7,1,1.25,0,40,1,1,1,1,,-3.62622261047,-1.17606604099,-0.0229245685041,-4.07312393188,-2.4763739109,-1.21330809593
991,2,674,62,7,1,1.25,0,13,1,1,0,,,-4.31514883041,-3.44565272331,-2.58841896057,,,
992,1,675,63,7,1,2,0,468,1,0,0,,,,,,,,
992,2,675,63,7,1,2,0,13,1,1,0,,,-1.88317382336,-0.967008650303,0.240832179785,,,
993,1,675,63,7,1,2,1,39,1,1,1,1,0,-1.10145545006,-1.31776249409,-1.01901710033,-1.10145545006,-1.31776249409,-1.01901710033
993,2,675,63,7,1,2,1,52,1,1,1,1,,-1.28898763657,-2.16740751266,-1.53219079971,-1.10145545006,-1.31776249409,-1.01901710033
994,1,675,63,7,1,2,0,20,1,1,1,1,0,-1.81225693226,-2.12381052971,-1.9018137455,-1.81225693226,-2.12381052971,-1.9018137455
994,2,675,63,7,1,2,0,33,1,1,1,1,,-1.9006729126,-1.89758837223,-1.63431954384,-1.81225693226,-2.12381052971,-1.9018137455
995,1,675,63,7,1,2,0,1,1,0,0,,,,,,,,
995,2,675,63,7,1,2,0,13,1,0,0,,,,,,,,
996,1,676,63,7,0,42,1,11,1,1,1,1,0,-1.75381910801,-2.76350641251,-1.82312607765,-1.75381910801,-2.76350641251,-1.82312607765
996,2,676,63,7,0,42,1,24,1,1,1,1,,-2.25188302994,-2.91815114021,-2.48558998108,-1.75381910801,-2.76350641251,-1.82312607765
997,1,677,63,7,1,2,1,26,1,1,1,1,0,,,0.374753504992,,,0.374753504992
997,2,677,63,7,1,2,1,39,1,1,1,1,,-1.57113158703,-0.283624351025,0.184947267175,,,0.374753504992
998,1,678,63,7,1,2,1,44,1,1,1,1,0,1.41551947594,1.37778973579,0.247337952256,1.41551947594,1.37778973579,0.247337952256
998,2,678,63,7,1,2,1,58,1,1,1,1,,1.08654534817,0.88226044178,-0.810347318649,1.41551947594,1.37778973579,0.247337952256
999,1,678,63,7,1,2,0,19,1,1,1,1,0,-1.63023710251,-0.704243779182,-0.0808235928416,-1.63023710251,-0.704243779182,-0.0808235928416
999,2,678,63,7,1,2,0,32,1,1,1,1,,-1.3028178215,-0.745675563812,-1.04990339279,-1.63023710251,-0.704243779182,-0.0808235928416
1000,1,679,63,7,1,2,0,34,1,1,1,1,0,-2.10498666763,-0.255739361048,0.580501616001,-2.10498666763,-0.255739361048,0.580501616001
1000,2,679,63,7,1,2,0,47,1,1,1,1,,-1.37427163124,0.19072586298,0.958123266697,-2.10498666763,-0.255739361048,0.580501616001
1001,1,679,63,7,1,2,1,18,1,1,1,1,0,-1.20800983906,-0.318602889776,-0.592729687691,-1.20800983906,-0.318602889776,-0.592729687691
1001,2,679,63,7,1,2,1,31,1,1,1,1,,-1.14388108253,0.391552180052,0.739951014519,-1.20800983906,-0.318602889776,-0.592729687691
1002,2,679,63,7,1,2,1,11,1,1,0,,,0.150345936418,0.203720018268,-0.0568485483527,,,
1003,1,680,63,7,1,2,0,45,1,1,1,1,0,-0.788678050041,-0.540958821774,-1.34017753601,-0.788678050041,-0.540958821774,-1.34017753601
1003,2,680,63,7,1,2,0,58,1,1,1,1,,-0.464506596327,-0.26550334692,-0.515586912632,-0.788678050041,-0.540958821774,-1.34017753601
1004,1,680,63,7,1,2,0,18,1,1,1,1,0,-0.614956378937,-0.841973662376,-1.3303604126,-0.614956378937,-0.841973662376,-1.3303604126
1004,2,680,63,7,1,2,0,31,1,1,1,1,,-1.72388207912,-0.977873563766,-0.233599901199,-0.614956378937,-0.841973662376,-1.3303604126
1005,1,681,63,7,1,2,0,59,1,1,1,1,0,-0.699697911739,0.232131108642,0.421651750803,-0.699697911739,0.232131108642,0.421651750803
1005,2,681,63,7,1,2,0,72,1,1,1,1,,-0.893264472485,0.121290884912,,-0.699697911739,0.232131108642,0.421651750803
1006,1,681,63,7,1,2,0,39,1,1,1,1,0,-1.49894344807,-0.375060528517,0.723810195923,-1.49894344807,-0.375060528517,0.723810195923
1006,2,681,63,7,1,2,0,52,1,1,1,1,,-1.1192946434,-0.00144667725544,0.0980656817555,-1.49894344807,-0.375060528517,0.723810195923
1007,1,681,63,7,1,2,0,17,1,1,1,1,0,-4.7622551918,,-0.0962434709072,-4.7622551918,,-0.0962434709072
1007,2,681,63,7,1,2,0,30,1,1,1,1,,-1.87440443039,-1.04733908176,-0.97668915987,-4.7622551918,,-0.0962434709072
1008,1,682,63,7,1,2,0,72,1,0,0,,,,,,,,
1008,2,682,63,7,1,2,0,72,1,0,0,,,,,,,,
1009,1,682,63,7,1,2,1,46,1,1,1,1,0,-3.11828947067,-1.20056724548,-0.847555160522,-3.11828947067,-1.20056724548,-0.847555160522
1009,2,682,63,7,1,2,1,59,1,1,1,1,,-3.07125639915,-1.470946908,-1.12370705605,-3.11828947067,-1.20056724548,-0.847555160522
1010,1,682,63,7,1,2,1,26,1,0,0,,,,,,,,
1010,2,682,63,7,1,2,1,39,1,1,0,,,-2.75167059898,-0.591130316257,-0.535812616348,,,
1011,1,683,63,7,0,42,1,46,1,1,1,1,0,-0.220844566822,0.986966252327,1.10117304325,-0.220844566822,0.986966252327,1.10117304325
1011,2,683,63,7,0,42,1,59,1,1,1,1,,-0.412077784538,0.846035599709,0.939467728138,-0.220844566822,0.986966252327,1.10117304325
1012,1,683,63,7,0,42,1,32,1,1,1,1,0,-2.09346389771,0.680378139019,1.75709688663,-2.09346389771,0.680378139019,1.75709688663
1012,2,683,63,7,0,42,1,46,1,1,1,1,,-2.07757425308,0.282035112381,1.53244113922,-2.09346389771,0.680378139019,1.75709688663
1013,1,684,63,7,0,42,0,23,1,1,1,1,0,-2.4176030159,-1.62215185165,-0.792328715324,-2.4176030159,-1.62215185165,-0.792328715324
1013,2,684,63,7,0,42,0,36,1,1,1,1,,-2.43694114685,-1.38421010971,-0.777124881744,-2.4176030159,-1.62215185165,-0.792328715324
1014,2,684,63,7,0,42,0,10,1,1,0,,,,1.38264620304,0.201357901096,,,
1015,1,685,63,7,1,2,1,11,1,1,1,1,0,0.586719930172,-0.00862100999802,-0.229219585657,0.586719930172,-0.00862100999802,-0.229219585657
1015,2,685,63,7,1,2,1,24,1,1,1,1,,0.599658429623,0.376847833395,0.696157574654,0.586719930172,-0.00862100999802,-0.229219585657
1016,1,686,63,7,0,42,0,55,1,1,1,1,0,-0.487182050943,-0.144834443927,-0.643043875694,-0.487182050943,-0.144834443927,-0.643043875694
1016,2,686,63,7,0,42,0,68,1,1,1,1,,-0.414272129536,-0.131612852216,,-0.487182050943,-0.144834443927,-0.643043875694
1017,2,686,63,7,0,42,1,10,1,1,0,,,-1.47182238102,-0.468762636185,-0.587796330452,,,
1018,1,687,64,6,1,1.25,0,46,1,1,1,1,0,-3.17843914032,-2.23104786873,-1.71644484997,-3.17843914032,-2.23104786873,-1.71644484997
1018,2,687,64,6,1,1.25,0,59,1,1,1,1,,-3.87519669533,-3.44565272331,-2.23445534706,-3.17843914032,-2.23104786873,-1.71644484997
1019,1,687,64,6,1,1.25,1,22,1,1,1,1,0,-3.07801103592,-3.25531435013,-3.11805677414,-3.07801103592,-3.25531435013,-3.11805677414
1019,2,687,64,6,1,1.25,1,35,1,1,1,1,,-4.47712230682,-3.44565272331,-2.95972418785,-3.07801103592,-3.25531435013,-3.11805677414
1020,2,689,64,6,0,37,1,1,1,1,0,,,-0.377234965563,-0.117899812758,,,,
1021,1,690,64,6,1,1.25,0,15,1,1,1,1,0,-1.46062266827,-0.332490116358,-0.211233317852,-1.46062266827,-0.332490116358,-0.211233317852
1021,2,690,64,6,1,1.25,0,28,1,1,1,1,,-0.76287573576,-0.00683197984472,0.974522829056,-1.46062266827,-0.332490116358,-0.211233317852
1022,1,692,64,6,1,1.25,1,52,1,1,1,1,0,-2.98166275024,-1.24131596088,-0.881899654865,-2.98166275024,-1.24131596088,-0.881899654865
1022,2,692,64,6,1,1.25,1,65,1,1,1,1,,-2.96179747581,-1.05318081379,,-2.98166275024,-1.24131596088,-0.881899654865
1023,1,692,64,6,1,1.25,0,13,1,1,1,1,0,-4.7622551918,-3.8929309845,-3.11805677414,-4.7622551918,-3.8929309845,-3.11805677414
1023,2,692,64,6,1,1.25,0,26,1,1,1,1,,-4.23730754852,-3.44565272331,-2.13683223724,-4.7622551918,-3.8929309845,-3.11805677414
1024,1,693,64,6,1,1.25,0,20,1,1,1,1,0,-1.93663668633,1.01997625828,0.0529500618577,-1.93663668633,1.01997625828,0.0529500618577
1024,2,693,64,6,1,1.25,0,33,1,1,1,1,,-1.521723032,0.0477022044361,0.576823771,-1.93663668633,1.01997625828,0.0529500618577
1025,1,694,64,6,1,1.25,1,38,1,1,1,1,0,-1.32657337189,-0.973505139351,-1.23564147949,-1.32657337189,-0.973505139351,-1.23564147949
1025,2,694,64,6,1,1.25,1,51,1,1,1,1,,-1.09180760384,-0.934481978416,-0.777029752731,-1.32657337189,-0.973505139351,-1.23564147949
1026,1,694,64,6,1,1.25,0,12,1,1,1,1,0,-1.4934540987,-0.574315428734,-0.863788127899,-1.4934540987,-0.574315428734,-0.863788127899
1026,2,694,64,6,1,1.25,0,25,1,1,1,1,,-1.43518793583,-0.644223332405,-0.137693300843,-1.4934540987,-0.574315428734,-0.863788127899
1027,1,695,64,6,1,1.25,1,35,1,1,1,1,0,-1.54189145565,-1.7000477314,-2.30890727043,-1.54189145565,-1.7000477314,-2.30890727043
1027,2,695,64,6,1,1.25,1,48,1,1,1,1,,-1.81802999973,-2.6353058815,-2.75207805634,-1.54189145565,-1.7000477314,-2.30890727043
1028,1,695,64,6,1,1.25,0,14,1,1,1,1,0,-2.2604072094,-1.08376288414,-0.545831859112,-2.2604072094,-1.08376288414,-0.545831859112
1028,2,695,64,6,1,1.25,0,27,1,1,1,1,,-2.81883573532,-1.50768327713,0.227645292878,-2.2604072094,-1.08376288414,-0.545831859112
1029,1,695,64,6,1,1.25,1,51,1,1,1,1,0,-1.04658412933,-0.844070911407,-1.86835730076,-1.04658412933,-0.844070911407,-1.86835730076
1029,2,695,64,6,1,1.25,1,64,1,1,1,1,,-1.10030400753,-1.34205210209,,-1.04658412933,-0.844070911407,-1.86835730076
1030,1,696,64,6,1,1.25,1,9,1,1,1,1,0,-2.64659929276,-2.42267823219,-1.93115782738,-2.64659929276,-2.42267823219,-1.93115782738
1030,2,696,64,6,1,1.25,1,21,1,1,1,1,,-2.90671443939,-1.13577663898,-0.573021531105,-2.64659929276,-2.42267823219,-1.93115782738
1031,1,697,64,6,1,1.25,0,23,1,1,1,1,0,-2.63462090492,-2.18966174126,-2.34684038162,-2.63462090492,-2.18966174126,-2.34684038162
1031,2,697,64,6,1,1.25,0,37,1,1,1,1,,-2.8339164257,-2.08186173439,-1.42268276215,-2.63462090492,-2.18966174126,-2.34684038162
1032,1,697,64,6,1,1.25,0,38,1,1,1,1,0,-2.11313915253,-1.33645176888,-1.53910171986,-2.11313915253,-1.33645176888,-1.53910171986
1032,2,697,64,6,1,1.25,0,51,1,1,1,1,,-1.99855041504,-0.94559186697,-0.55743342638,-2.11313915253,-1.33645176888,-1.53910171986
1033,1,699,65,5,0,58.75,0,48,1,1,1,1,0,-2.43852376938,-0.495888471603,-0.413238555193,-2.43852376938,-0.495888471603,-0.413238555193
1033,2,699,65,5,0,58.75,0,61,1,1,1,1,,-2.12672710419,-0.779975891113,,-2.43852376938,-0.495888471603,-0.413238555193
1034,1,699,65,5,0,58.75,0,15,1,1,1,1,0,-1.20373463631,0.471973150969,0.0545063093305,-1.20373463631,0.471973150969,0.0545063093305
1034,2,699,65,5,0,58.75,0,28,1,1,1,1,,-1.20323121548,0.343979775906,0.0990076586604,-1.20373463631,0.471973150969,0.0545063093305
1035,1,700,65,5,0,58.75,1,61,1,0,0,,,,,,,,
1035,2,700,65,5,0,58.75,1,72,1,0,0,,,,,,,,
1036,1,700,65,5,0,58.75,1,43,1,1,1,1,0,-0.226331412792,0.343406260014,0.561042129993,-0.226331412792,0.343406260014,0.561042129993
1036,2,700,65,5,0,58.75,1,56,1,1,1,1,,0.0588183328509,0.285265356302,0.444753646851,-0.226331412792,0.343406260014,0.561042129993
1037,1,701,65,5,1,1,0,45,1,1,1,1,0,-2.08737921715,-2.76476359367,-1.8788599968,-2.08737921715,-2.76476359367,-1.8788599968
1037,2,701,65,5,1,1,0,58,1,1,1,1,,-2.03193712234,-3.06955361366,-2.95972418785,-2.08737921715,-2.76476359367,-1.8788599968
1038,1,701,65,5,1,1,1,23,1,1,1,1,0,-1.4715539217,-0.561487734318,-0.515545189381,-1.4715539217,-0.561487734318,-0.515545189381
1038,2,701,65,5,1,1,1,35,1,1,1,1,,-1.55517697334,-0.936194002628,-0.876595020294,-1.4715539217,-0.561487734318,-0.515545189381
1039,1,703,65,5,1,1,1,828,1,0,0,,,,,,,,
1039,2,703,65,5,1,1,1,72,1,0,0,,,,,,,,
1040,1,703,65,5,1,1,1,396,1,0,0,,,,,,,,
1040,2,703,65,5,1,1,1,46,1,1,0,,,-0.764853537083,0.0248242691159,-0.141686335206,,,
1041,2,703,65,5,1,1,0,8,1,1,0,,,-1.94937694073,-2.57944488525,-1.82275772095,,,
1042,1,705,66,7,1,1.5,0,11,1,1,1,1,0,-3.00248670578,-2.55850839615,-1.21599924564,-3.00248670578,-2.55850839615,-1.21599924564
1042,2,705,66,7,1,1.5,0,23,1,1,1,1,,-3.1020488739,-2.28474760056,-1.16301989555,-3.00248670578,-2.55850839615,-1.21599924564
1043,1,706,66,7,1,1.5,0,51,1,1,1,1,0,-0.755858302116,-0.399859398603,-2.17989373207,-0.755858302116,-0.399859398603,-2.17989373207
1043,2,706,66,7,1,1.5,0,64,1,1,1,1,,-0.750170528889,-0.037799499929,,-0.755858302116,-0.399859398603,-2.17989373207
1044,1,706,66,7,1,1.5,0,2,1,0,0,,,,,,,,
1044,2,706,66,7,1,1.5,0,18,1,1,0,,,-0.726178586483,-0.231885001063,-0.809718728065,,,
1045,1,708,66,7,1,1.5,0,57,1,1,1,1,0,-3.01022219658,-2.39408922195,-1.24329102039,-3.01022219658,-2.39408922195,-1.24329102039
1045,2,708,66,7,1,1.5,0,70,1,1,1,1,,-2.75409770012,-2.22422242165,,-3.01022219658,-2.39408922195,-1.24329102039
1046,1,708,66,7,1,1.5,1,23,1,1,1,1,0,-4.00806045532,-2.31390881538,-1.14530444145,-4.00806045532,-2.31390881538,-1.14530444145
1046,2,708,66,7,1,1.5,1,36,1,1,1,1,,-3.61143684387,-2.64022898674,-1.64709961414,-4.00806045532,-2.31390881538,-1.14530444145
1047,1,710,66,7,0,37.75,0,33,1,1,1,1,0,-1.76032102108,-1.3274012804,-2.06658124924,-1.76032102108,-1.3274012804,-2.06658124924
1047,2,710,66,7,0,37.75,0,46,1,1,1,1,,-1.62481892109,-1.47242176533,-1.89899384975,-1.76032102108,-1.3274012804,-2.06658124924
1048,1,711,66,7,1,1.5,0,40,1,1,1,1,0,-2.37722158432,-0.860457837582,0.0938886031508,-2.37722158432,-0.860457837582,0.0938886031508
1048,2,711,66,7,1,1.5,0,53,1,1,1,1,,-2.37852787971,-0.180177256465,0.868573248386,-2.37722158432,-0.860457837582,0.0938886031508
1049,2,711,66,7,1,1.5,1,6,1,1,0,,,-0.41082572937,1.04042375088,1.28372681141,,,
1050,1,713,66,7,1,1.5,0,84,1,0,0,,,,,,,,
1050,2,713,66,7,1,1.5,0,72,1,0,0,,,,,,,,
1051,1,713,66,7,1,1.5,0,48,1,1,1,1,0,-2.41468071938,-0.952500224113,-0.491817891598,-2.41468071938,-0.952500224113,-0.491817891598
1051,2,713,66,7,1,1.5,0,61,1,1,1,1,,-2.81278777122,-1.32792985439,,-2.41468071938,-0.952500224113,-0.491817891598
1052,1,713,66,7,1,1.5,1,12,1,1,1,1,0,-2.21943163872,-1.95472192764,-1.86341035366,-2.21943163872,-1.95472192764,-1.86341035366
1052,2,713,66,7,1,1.5,1,25,1,1,1,1,,-2.77289032936,-2.40425848961,-1.22380292416,-2.21943163872,-1.95472192764,-1.86341035366
1053,1,714,66,7,1,1.5,0,48,1,1,1,1,0,-1.59208679199,-0.91421943903,0.481189906597,-1.59208679199,-0.91421943903,0.481189906597
1053,2,714,66,7,1,1.5,0,61,1,1,1,1,,-1.65846395493,-1.35348629951,,-1.59208679199,-0.91421943903,0.481189906597
1054,1,714,66,7,1,1.5,0,33,1,1,1,1,0,-4.23051643372,-1.94377100468,0.538278579712,-4.23051643372,-1.94377100468,0.538278579712
1054,2,714,66,7,1,1.5,0,46,1,1,1,1,,-3.40905570984,-0.234064400196,0.278256297112,-4.23051643372,-1.94377100468,0.538278579712
1055,2,714,66,7,1,1.5,1,3,1,1,0,,,-0.642687797546,1.38264620304,,,,
1056,2,714,66,7,1,1.5,1,20,1,1,0,,,-4.47712230682,-2.43505096436,-0.83202880621,,,
1057,1,715,66,7,1,1.5,1,39,1,1,1,1,0,-3.74180006981,-2.13569521904,-0.457470923662,-3.74180006981,-2.13569521904,-0.457470923662
1057,2,715,66,7,1,1.5,1,51,1,1,1,1,,-3.73732209206,-2.11354970932,-0.558400511742,-3.74180006981,-2.13569521904,-0.457470923662
1058,1,715,66,7,1,1.5,1,18,1,1,1,0,1,-3.03315854073,,-0.503376305103,-3.03315854073,,-0.503376305103
1058,2,715,66,7,1,1.5,1,31,1,0,1,0,,,,,-3.03315854073,,-0.503376305103
1059,1,716,66,7,1,1.5,1,30,1,1,1,1,0,-2.41623592377,-1.52039730549,-1.37081348896,-2.41623592377,-1.52039730549,-1.37081348896
1059,2,716,66,7,1,1.5,1,43,1,1,1,1,,-2.33259701729,-1.50390422344,-1.15003800392,-2.41623592377,-1.52039730549,-1.37081348896
1060,1,717,67,7,1,1,0,36,1,0,0,,,,,,,,
1060,2,717,67,7,1,1,0,54,1,1,0,,,0.324624419212,0.721277713776,0.194730952382,,,
1061,1,717,67,7,1,1,0,24,1,0,0,,,,,,,,
1061,2,717,67,7,1,1,0,36,1,1,0,,,-1.33089852333,-0.982119321823,-1.03821909428,,,
1062,1,718,67,7,1,1,0,4,1,1,1,1,0,-2.20399594307,0.915233314037,,-2.20399594307,0.915233314037,
1062,2,718,67,7,1,1,0,17,1,1,1,1,,-2.55576276779,-0.449669122696,0.122490942478,-2.20399594307,0.915233314037,
1063,1,719,67,7,1,1,1,16,1,1,1,1,0,-3.0795238018,-1.96392393112,-1.14493203163,-3.0795238018,-1.96392393112,-1.14493203163
1063,2,719,67,7,1,1,1,27,1,1,1,1,,-2.55320715904,,-0.294871032238,-3.0795238018,-1.96392393112,-1.14493203163
1064,1,720,67,7,0,30.7500019073,1,36,1,1,1,1,0,-1.57612109184,-1.41917002201,-1.51373398304,-1.57612109184,-1.41917002201,-1.51373398304
1064,2,720,67,7,0,30.7500019073,1,51,1,1,1,1,,-1.60055875778,-1.31706416607,-2.16144108772,-1.57612109184,-1.41917002201,-1.51373398304
1065,1,721,67,7,0,30.7500019073,1,57,1,0,0,,,,,,,,
1065,2,721,67,7,0,30.7500019073,1,72,1,0,0,,,,,,,,
1066,1,721,67,7,0,30.7500019073,0,28,1,1,1,1,0,-2.15986061096,-1.28091549873,-1.21330809593,-2.15986061096,-1.28091549873,-1.21330809593
1066,2,721,67,7,0,30.7500019073,0,43,1,1,1,1,,-2.42227745056,-1.42984116077,-1.07978391647,-2.15986061096,-1.28091549873,-1.21330809593
1067,2,721,67,7,0,30.7500019073,0,7,1,1,0,,,-1.89514267445,-0.987785995007,-0.199847906828,,,
1068,1,722,67,7,0,30.7500019073,1,63,1,0,0,,,,,,,,
1068,2,722,67,7,0,30.7500019073,1,72,1,0,0,,,,,,,,
1069,1,724,67,7,1,1,0,27,1,1,1,1,0,-1.02609467506,-0.473145276308,-0.0217418633401,-1.02609467506,-0.473145276308,-0.0217418633401
1069,2,724,67,7,1,1,0,40,1,1,1,1,,-1.35999262333,-0.758118450642,-0.753766059875,-1.02609467506,-0.473145276308,-0.0217418633401
1070,1,724,67,7,1,1,1,1,1,1,1,1,0,-0.86336427927,0.0220714248717,,-0.86336427927,0.0220714248717,
1070,2,724,67,7,1,1,1,14,1,1,1,1,,-1.89329183102,-0.0583131127059,0.346467345953,-0.86336427927,0.0220714248717,
1071,1,725,67,7,1,1,1,12,1,1,1,1,0,0.382527202368,0.365175068378,-0.709443390369,0.382527202368,0.365175068378,-0.709443390369
1071,2,725,67,7,1,1,1,25,1,1,1,1,,0.0944390818477,0.524114489555,-0.128911942244,0.382527202368,0.365175068378,-0.709443390369
1072,1,726,67,7,1,1,1,7,1,1,1,1,0,-0.534387409687,-0.537007153034,-0.71495360136,-0.534387409687,-0.537007153034,-0.71495360136
1072,2,726,67,7,1,1,1,20,1,1,1,1,,-1.67732656002,-1.04587352276,-1.25076508522,-0.534387409687,-0.537007153034,-0.71495360136
1073,1,727,68,5,1,1,0,6,1,1,1,1,0,-0.501611828804,-0.0507324561477,0.148243188858,-0.501611828804,-0.0507324561477,0.148243188858
1073,2,727,68,5,1,1,0,20,1,1,1,1,,-1.38580870628,-0.0838790163398,-0.0336833447218,-0.501611828804,-0.0507324561477,0.148243188858
1074,2,727,68,5,1,1,1,29,1,1,0,,,-0.919046938419,0.152746096253,-0.0412014909089,,,
1075,2,727,68,5,1,1,0,72,1,0,0,,,,,,,,
1076,1,728,68,5,1,1,0,38,1,1,1,1,0,-2.28429937363,-1.33645176888,-0.745356857777,-2.28429937363,-1.33645176888,-0.745356857777
1076,2,728,68,5,1,1,0,51,1,1,1,1,,-2.18437433243,-1.25730419159,-1.85911726952,-2.28429937363,-1.33645176888,-0.745356857777
1077,1,728,68,5,1,1,0,1,1,1,1,1,0,-3.40315532684,-2.89167428017,,-3.40315532684,-2.89167428017,
1077,2,728,68,5,1,1,0,14,1,1,1,1,,-3.85488557816,-3.15424895287,-2.51218628883,-3.40315532684,-2.89167428017,
1078,1,729,68,5,1,1,1,9,1,1,1,0,1,-0.0387037284672,0.696731567383,,-0.0387037284672,0.696731567383,
1078,2,729,68,5,1,1,1,22,1,0,1,0,,,,,-0.0387037284672,0.696731567383,
1079,1,730,68,5,0,49.25,0,31,1,1,1,1,0,-3.12597489357,-1.78778100014,-0.360015541315,-3.12597489357,-1.78778100014,-0.360015541315
1079,2,730,68,5,0,49.25,0,44,1,1,1,1,,-3.11298394203,-1.9293346405,-1.95120859146,-3.12597489357,-1.78778100014,-0.360015541315
1080,1,731,68,5,1,1,0,62,1,0,0,,,,,,,,
1080,2,731,68,5,1,1,0,73,1,1,0,,,0.495624154806,-1.2364038229,,,,
1081,1,732,68,5,1,1,1,40,1,1,1,1,0,-4.00602293015,-3.06584620476,-0.57168507576,-4.00602293015,-3.06584620476,-0.57168507576
1081,2,732,68,5,1,1,1,53,1,1,1,1,,-3.80486631393,-2.84529876709,-1.09863400459,-4.00602293015,-3.06584620476,-0.57168507576
1082,1,732,68,5,1,1,0,6,1,1,1,1,0,-1.90329492092,-1.90679168701,0.148243188858,-1.90329492092,-1.90679168701,0.148243188858
1082,2,732,68,5,1,1,0,19,1,1,1,1,,-2.2290828228,-1.342923522,-0.662733972073,-1.90329492092,-1.90679168701,0.148243188858
1083,1,734,68,5,0,49.25,1,27,1,1,1,1,0,-1.82861936092,-0.768866181374,0.0739466920495,-1.82861936092,-0.768866181374,0.0739466920495
1083,2,734,68,5,0,49.25,1,41,1,1,1,1,,-1.85193133354,-0.509037315845,-0.186510503292,-1.82861936092,-0.768866181374,0.0739466920495
1084,1,735,68,5,0,49.25,1,33,1,1,1,1,0,-2.5389444828,-0.899306952953,-0.307813465595,-2.5389444828,-0.899306952953,-0.307813465595
1084,2,735,68,5,0,49.25,1,45,1,1,1,1,,-1.91574728489,-0.444597691298,-0.216051980853,-2.5389444828,-0.899306952953,-0.307813465595
1085,1,736,69,6,1,1.125,0,68,1,0,0,,,,,,,,
1085,2,736,69,6,1,1.125,0,72,1,0,0,,,,,,,,
1086,1,736,69,6,1,1.125,0,68,1,0,0,,,,,,,,
1086,2,736,69,6,1,1.125,0,72,1,0,0,,,,,,,,
1087,1,736,69,6,1,1.125,1,21,1,1,1,1,0,-1.81450414658,-1.05609190464,0.0302813556045,-1.81450414658,-1.05609190464,0.0302813556045
1087,2,736,69,6,1,1.125,1,34,1,1,1,1,,-2.70111107826,-0.808031141758,-0.189109668136,-1.81450414658,-1.05609190464,0.0302813556045
1088,1,737,69,6,0,50.25,1,84,1,0,0,,,,,,,,
1088,2,737,69,6,0,50.25,1,72,1,0,0,,,,,,,,
1089,1,738,69,6,1,1.125,0,16,1,1,1,1,0,-1.9390540123,,0.198554128408,-1.9390540123,,0.198554128408
1089,2,738,69,6,1,1.125,0,29,1,1,1,1,,-1.59185218811,-0.661188423634,0.539833605289,-1.9390540123,,0.198554128408
1090,1,739,69,6,1,1.125,0,180,1,0,0,,,,,,,,
1090,2,739,69,6,1,1.125,0,28,1,1,0,,,-2.05357098579,-0.778166353703,0.344483882189,,,
1091,1,740,69,6,1,1.125,0,67,1,0,0,,,,,,,,
1091,2,740,69,6,1,1.125,0,72,1,0,0,,,,,,,,
1092,1,740,69,6,1,1.125,1,21,1,1,1,1,0,-1.43956565857,-1.0122371912,-1.79346108437,-1.43956565857,-1.0122371912,-1.79346108437
