childid,round,hhid,vid,block,eligible,samp_wgt,female,agemonths,anthro_shouldbe,anthro_present,anthro_baseline,anthro_panel,anthro_attrites,haz06,waz06,muacz,haz06_R1,waz06_R1,muacz_R1
2706,2,1901,172,16,1,1.87499988079,0,22,1,1,1,1,,-3.03238248825,-2.03930282593,-1.06872749329,-2.68300962448,-2.31353759766,-1.33340895176
2707,1,1902,172,16,1,1.87499988079,1,46,1,1,1,1,0,-2.43236327171,-1.05302047729,0.175658345222,-2.43236327171,-1.05302047729,0.175658345222
2707,2,1902,172,16,1,1.87499988079,1,59,1,1,1,1,,-2.57332277298,-1.08635985851,-0.394431650639,-2.43236327171,-1.05302047729,0.175658345222
2708,1,1902,172,16,1,1.87499988079,0,7,1,0,0,,,,,,,,
2708,2,1902,172,16,1,1.87499988079,0,19,1,1,0,,,-2.97310066223,-0.94185680151,0.00643694028258,,,
2709,1,1903,172,16,0,15.5,0,40,1,1,1,1,0,-2.46735548973,-1.64526927471,-0.628234505653,-2.46735548973,-1.64526927471,-0.628234505653
2709,2,1903,172,16,0,15.5,0,53,1,1,1,1,,-2.16154718399,-1.40399813652,-1.20494294167,-2.46735548973,-1.64526927471,-0.628234505653
2710,2,1903,172,16,0,15.5,0,8,1,1,0,,,-1.20125865936,0.932274758816,1.83237862587,,,
2711,1,1904,172,16,1,1.87499988079,0,19,1,1,1,1,0,-0.178491547704,-1.33360850811,-0.708591401577,-0.178491547704,-1.33360850811,-0.708591401577
2711,2,1904,172,16,1,1.87499988079,0,32,1,1,1,1,,-1.20315778255,-0.881944596767,-0.0221391133964,-0.178491547704,-1.33360850811,-0.708591401577
2712,1,1906,172,16,1,1.87499988079,1,44,1,1,1,1,0,-4.73902654648,-3.30956673622,-2.38133263588,-4.73902654648,-3.30956673622,-2.38133263588
2712,2,1906,172,16,1,1.87499988079,1,56,1,1,1,1,,-4.37638044357,-3.43780565262,-2.20391845703,-4.73902654648,-3.30956673622,-2.38133263588
2713,1,1906,172,16,1,1.87499988079,0,180,1,0,0,,,,,,,,
2713,2,1906,172,16,1,1.87499988079,0,28,1,1,0,,,-2.8735396862,-2.1783080101,-0.984014511108,,,
2714,2,1907,172,16,0,15.5,1,3,1,1,0,,,-2.6141269207,-2.38241171837,,,,
2715,2,1907,172,16,0,15.5,0,9,1,1,0,,,-2.21494030952,-1.74465942383,-1.6788636446,,,
2716,1,1908,172,16,1,1.87499988079,1,62,1,0,0,,,,,,,,
2716,2,1908,172,16,1,1.87499988079,1,72,1,0,0,,,,,,,,
2717,1,1908,172,16,1,1.87499988079,1,14,1,1,1,1,0,-0.794208884239,-1.89579916,-0.874607026577,-0.794208884239,-1.89579916,-0.874607026577
2717,2,1908,172,16,1,1.87499988079,1,27,1,1,1,1,,-1.42935788631,-1.473315835,-1.07377707958,-0.794208884239,-1.89579916,-0.874607026577
2718,2,1908,172,16,1,1.87499988079,1,4,1,1,0,,,0.0277670752257,-0.935809910297,,,,
2719,1,1909,172,16,1,1.87499988079,1,5,1,1,1,1,0,0.550159096718,-1.33394181728,,0.550159096718,-1.33394181728,
2719,2,1909,172,16,1,1.87499988079,1,18,1,1,1,1,,-1.70734238625,-1.21080875397,-0.326909393072,0.550159096718,-1.33394181728,
2720,1,1910,172,16,1,1.87499988079,0,41,1,1,1,1,0,0.459738999605,0.562982916832,-0.246466040611,0.459738999605,0.562982916832,-0.246466040611
2720,2,1910,172,16,1,1.87499988079,0,54,1,1,1,1,,0.49450391531,0.541538417339,-0.204064562917,0.459738999605,0.562982916832,-0.246466040611
2721,1,1910,172,16,1,1.87499988079,1,19,1,1,1,1,0,-0.614630460739,0.252179950476,0.0529955215752,-0.614630460739,0.252179950476,0.0529955215752
2721,2,1910,172,16,1,1.87499988079,1,32,1,1,1,1,,-1.22470319271,-1.00127661228,-0.346822440624,-0.614630460739,0.252179950476,0.0529955215752
2722,1,1911,172,16,1,1.87499988079,1,1,1,1,1,1,0,-1.14480698109,-0.815242409706,,-1.14480698109,-0.815242409706,
2722,2,1911,172,16,1,1.87499988079,1,14,1,1,1,1,,-3.02963423729,-1.75971579552,-0.920975208282,-1.14480698109,-0.815242409706,
2723,1,1912,173,14,1,2.625,1,13,1,1,1,1,0,-2.0222017765,-0.535620570183,0.542109966278,-2.0222017765,-0.535620570183,0.542109966278
2723,2,1912,173,14,1,2.625,1,25,1,1,1,1,,-2.1475675106,-0.876215875149,-0.424216985703,-2.0222017765,-0.535620570183,0.542109966278
2724,2,1912,173,14,1,2.625,0,6,1,1,0,,,-1.57623565197,-1.14686596394,0.102363198996,,,
2725,1,1915,173,14,1,2.625,0,45,1,1,1,1,0,-1.86684477329,-0.889539122581,-0.034061383456,-1.86684477329,-0.889539122581,-0.034061383456
2725,2,1915,173,14,1,2.625,0,59,1,1,1,1,,-1.77632200718,-0.87992888689,-1.32395672798,-1.86684477329,-0.889539122581,-0.034061383456
2726,1,1915,173,14,1,2.625,1,13,1,1,1,1,0,-1.67994463444,-0.497280091047,0.4611107409,-1.67994463444,-0.497280091047,0.4611107409
2726,2,1915,173,14,1,2.625,1,29,1,1,1,1,,-2.82947444916,-1.66936516762,-0.833524048328,-1.67994463444,-0.497280091047,0.4611107409
2727,1,1916,173,14,1,2.625,0,8,1,1,1,1,0,-2.94687390327,-2.14812612534,-0.890504539013,-2.94687390327,-2.14812612534,-0.890504539013
2727,2,1916,173,14,1,2.625,0,24,1,1,1,1,,-4.11307048798,-1.27974450588,0.57922244072,-2.94687390327,-2.14812612534,-0.890504539013
2728,1,1916,173,14,1,2.625,0,33,1,1,1,1,0,-2.25155282021,0.0717157870531,1.13900732994,-2.25155282021,0.0717157870531,1.13900732994
2728,2,1916,173,14,1,2.625,0,46,1,1,1,1,,-1.78260695934,0.620918691158,0.204519852996,-2.25155282021,0.0717157870531,1.13900732994
2729,1,1917,173,14,0,31.2499980927,1,21,1,1,1,1,0,-2.15683746338,0.289493501186,-0.138593524694,-2.15683746338,0.289493501186,-0.138593524694
2729,2,1917,173,14,0,31.2499980927,1,35,1,1,1,1,,-2.0201382637,0.233429327607,0.564501821995,-2.15683746338,0.289493501186,-0.138593524694
2730,1,1917,173,14,0,31.2499980927,1,11,1,1,1,1,0,-1.41662347317,0.167260155082,0.112676568329,-1.41662347317,0.167260155082,0.112676568329
2730,2,1917,173,14,0,31.2499980927,1,24,1,1,1,1,,-1.97292494774,0.188731789589,0.14005549252,-1.41662347317,0.167260155082,0.112676568329
2731,1,1918,173,14,1,2.625,0,63,1,0,0,,,,,,,,
2731,2,1918,173,14,1,2.625,0,72,1,0,0,,,,,,,,
2732,1,1918,173,14,1,2.625,1,24,1,1,1,1,0,-1.9264343977,-1.9864718914,-1.77848792076,-1.9264343977,-1.9864718914,-1.77848792076
2732,2,1918,173,14,1,2.625,1,37,1,1,1,1,,-2.35943698883,-2.24007487297,-2.51572918892,-1.9264343977,-1.9864718914,-1.77848792076
2733,2,1918,173,14,1,2.625,1,3,1,1,0,,,-0.642687797546,-0.790116846561,-0.454223364592,,,
2734,1,1919,173,14,1,2.625,0,53,1,1,1,1,0,-2.66402983665,-1.51419663429,-0.998942196369,-2.66402983665,-1.51419663429,-0.998942196369
2734,2,1919,173,14,1,2.625,0,67,1,1,1,1,,-2.70661115646,-1.55348336697,,-2.66402983665,-1.51419663429,-0.998942196369
2735,1,1919,173,14,1,2.625,0,28,1,1,1,1,0,-2.72169327736,-1.02949869633,-0.494954913855,-2.72169327736,-1.02949869633,-0.494954913855
2735,2,1919,173,14,1,2.625,0,40,1,1,1,1,,-2.26133370399,-0.698561489582,-1.00956821442,-2.72169327736,-1.02949869633,-0.494954913855
2736,1,1919,173,14,1,2.625,0,9,1,1,1,1,0,-0.877603530884,-0.829628527164,-0.202922224998,-0.877603530884,-0.829628527164,-0.202922224998
2736,2,1919,173,14,1,2.625,0,22,1,1,1,1,,-1.8395665884,-1.19043278694,-0.790787220001,-0.877603530884,-0.829628527164,-0.202922224998
2737,1,1920,173,14,0,31.2499980927,1,50,1,1,1,1,0,-2.37238001823,-1.66178560257,-1.2003057003,-2.37238001823,-1.66178560257,-1.2003057003
2737,2,1920,173,14,0,31.2499980927,1,62,1,1,1,1,,-4.36460447311,-1.78676688671,,-2.37238001823,-1.66178560257,-1.2003057003
2738,1,1920,173,14,0,31.2499980927,1,21,1,1,1,1,0,-1.35805737972,-0.646781623363,-0.573021531105,-1.35805737972,-0.646781623363,-0.573021531105
2738,2,1920,173,14,0,31.2499980927,1,34,1,1,1,1,,-1.93469786644,-0.976136267185,-0.965984880924,-1.35805737972,-0.646781623363,-0.573021531105
2739,2,1920,173,14,0,31.2499980927,1,3,1,1,0,,,0.0936322063208,-0.425318658352,0.112339742482,,,
2740,1,1921,173,14,1,2.625,0,6,1,1,1,1,0,-2.18363046646,-3.8929309845,-3.11805677414,-2.18363046646,-3.8929309845,-3.11805677414
2740,2,1921,173,14,1,2.625,0,19,1,1,1,1,,-2.95495557785,-2.63270282745,-1.51395714283,-2.18363046646,-3.8929309845,-3.11805677414
2741,1,1921,173,14,1,2.625,1,660,1,0,0,,,,,,,,
2741,2,1921,173,14,1,2.625,1,69,1,1,0,,,-0.719481885433,-0.791231811047,,,,
2742,1,1921,173,14,1,2.625,0,360,1,0,0,,,,,,,,
2742,2,1921,173,14,1,2.625,0,45,1,1,0,,,-3.32481884956,-2.5415699482,-2.1122481823,,,
2743,1,1922,173,14,1,2.625,0,648,1,0,0,,,,,,,,
2743,2,1922,173,14,1,2.625,0,68,1,1,0,,,-2.16207456589,-0.645217299461,,,,
2744,1,1922,173,14,1,2.625,0,444,1,0,0,,,,,,,,
2744,2,1922,173,14,1,2.625,0,50,1,1,0,,,-4.42796468735,-1.71109831333,0.325291544199,,,
2745,1,1922,173,14,1,2.625,1,168,1,0,0,,,,,,,,
2745,2,1922,173,14,1,2.625,1,27,1,1,0,,,-2.76023101807,-0.821544289589,0.352057516575,,,
2746,1,1923,173,14,1,2.625,1,21,1,1,1,1,0,-3.16754198074,-2.05120778084,-0.662092685699,-3.16754198074,-2.05120778084,-0.662092685699
2746,2,1923,173,14,1,2.625,1,35,1,1,1,1,,-2.56480836868,-1.0300577879,-1.30342745781,-3.16754198074,-2.05120778084,-0.662092685699
2747,1,1923,173,14,1,2.625,1,21,1,1,1,1,0,-3.2816529274,-0.655050575733,-0.0538163930178,-3.2816529274,-0.655050575733,-0.0538163930178
2747,2,1923,173,14,1,2.625,1,35,1,1,1,1,,-3.1360449791,-2.15212249756,-0.267708450556,-3.2816529274,-0.655050575733,-0.0538163930178
2748,1,1924,174,16,1,1.5,1,22,1,1,1,1,0,-2.78956699371,-1.45773589611,-1.08464682102,-2.78956699371,-1.45773589611,-1.08464682102
2748,2,1924,174,16,1,1.5,1,36,1,1,1,1,,-2.77104926109,-1.41210329533,-0.747706711292,-2.78956699371,-1.45773589611,-1.08464682102
2749,1,1927,174,16,1,1.5,0,44,1,1,1,1,0,-0.874832332134,-0.739999651909,-0.89045470953,-0.874832332134,-0.739999651909,-0.89045470953
2749,2,1927,174,16,1,1.5,0,55,1,1,1,1,,-0.251319438219,-0.517618179321,-1.03973352909,-0.874832332134,-0.739999651909,-0.89045470953
2750,1,1927,174,16,1,1.5,0,8,1,1,1,1,0,-1.58665370941,-1.31325316429,-0.890504539013,-1.58665370941,-1.31325316429,-0.890504539013
2750,2,1927,174,16,1,1.5,0,21,1,1,1,1,,-2.48240399361,-1.67769026756,-0.518587768078,-1.58665370941,-1.31325316429,-0.890504539013
2751,1,1928,174,16,1,1.5,1,20,1,1,1,1,0,-0.764579772949,-0.143686950207,0.333055853844,-0.764579772949,-0.143686950207,0.333055853844
2751,2,1928,174,16,1,1.5,1,33,1,1,1,1,,-0.741731643677,0.0683440640569,0.162597045302,-0.764579772949,-0.143686950207,0.333055853844
2752,1,1930,174,16,1,1.5,0,60,1,0,0,,,,,,,,
2752,2,1930,174,16,1,1.5,0,72,1,0,0,,,,,,,,
2753,1,1930,174,16,1,1.5,1,13,1,1,1,1,0,-2.45952987671,-1.9501093626,-0.564066410065,-2.45952987671,-1.9501093626,-0.564066410065
2753,2,1930,174,16,1,1.5,1,26,1,1,1,1,,-2.86676764488,-2.49533438683,-0.968125402927,-2.45952987671,-1.9501093626,-0.564066410065
2754,1,1931,174,16,0,16,0,61,1,0,0,,,,,,,,
2754,2,1931,174,16,0,16,0,72,1,0,0,,,,,,,,
2755,1,1931,174,16,0,16,1,24,1,0,0,,,,,,,,
2755,2,1931,174,16,0,16,1,37,1,1,0,,,-1.48988687992,-0.361095100641,0.22687497735,,,
2756,2,1931,174,16,0,16,0,4,1,1,0,,,1.15755546093,0.633828341961,,,,
2757,1,1932,174,16,1,1.5,0,16,1,1,1,1,0,-0.72020560503,-0.829969406128,0.791547715664,-0.72020560503,-0.829969406128,0.791547715664
2757,2,1932,174,16,1,1.5,0,30,1,1,1,1,,-2.38832640648,-0.734138965607,0.653958022594,-0.72020560503,-0.829969406128,0.791547715664
2758,1,1933,174,16,1,1.5,1,29,1,1,1,1,0,-1.91017103195,0.647681474686,1.45185530186,-1.91017103195,0.647681474686,1.45185530186
2758,2,1933,174,16,1,1.5,1,43,1,1,1,1,,-2.35694646835,0.088840380311,0.696694016457,-1.91017103195,0.647681474686,1.45185530186
2759,1,1933,174,16,1,1.5,1,1,1,1,1,1,0,-1.09363627434,-1.00848436356,,-1.09363627434,-1.00848436356,
2759,2,1933,174,16,1,1.5,1,13,1,1,1,1,,0.107393234968,0.454775482416,0.622474610806,-1.09363627434,-1.00848436356,
2760,1,1934,174,16,1,1.5,1,67,1,0,0,,,,,,,,
2760,2,1934,174,16,1,1.5,1,72,1,0,0,,,,,,,,
2761,1,1934,174,16,1,1.5,0,15,1,1,1,1,0,0.219025850296,0.379302769899,0.90548825264,0.219025850296,0.379302769899,0.90548825264
2761,2,1934,174,16,1,1.5,0,28,1,1,1,1,,-1.09693694115,0.729250848293,0.505269289017,0.219025850296,0.379302769899,0.90548825264
2762,1,1935,174,16,1,1.5,0,19,1,1,1,1,0,-2.88236665726,-1.04047453403,-0.0808235928416,-2.88236665726,-1.04047453403,-0.0808235928416
2762,2,1935,174,16,1,1.5,0,31,1,1,1,1,,-1.81060814857,-0.999117195606,0.377782970667,-2.88236665726,-1.04047453403,-0.0808235928416
2763,1,1936,175,13,0,22.75,1,27,1,1,1,1,0,-2.13915514946,-1.13916027546,-1.02896475792,-2.13915514946,-1.13916027546,-1.02896475792
2763,2,1936,175,13,0,22.75,1,40,1,1,1,1,,-2.34828543663,-1.32182621956,-0.493648856878,-2.13915514946,-1.13916027546,-1.02896475792
2764,1,1938,175,13,1,1,1,72,1,0,0,,,,,,,,
2764,2,1938,175,13,1,1,1,72,1,0,0,,,,,,,,
2765,1,1938,175,13,1,1,1,53,1,1,1,1,0,-3.46027827263,-1.95449626446,-1.06114351749,-3.46027827263,-1.95449626446,-1.06114351749
2765,2,1938,175,13,1,1,1,65,1,1,1,1,,-3.022990942,-1.93206644058,,-3.46027827263,-1.95449626446,-1.06114351749
2766,1,1938,175,13,1,1,1,18,1,0,0,,,,,,,,
2766,2,1938,175,13,1,1,1,32,1,1,0,,,-2.63126707077,-1.00837314129,-0.0669239163399,,,
2767,2,1938,175,13,1,1,1,4,1,0,0,,,,,,,,
2768,1,1939,175,13,0,22.75,1,45,1,1,1,1,0,-1.28303766251,-0.53750872612,-1.1307746172,-1.28303766251,-0.53750872612,-1.1307746172
2768,2,1939,175,13,0,22.75,1,57,1,1,1,1,,-1.07005059719,-0.647609710693,-1.40137004852,-1.28303766251,-0.53750872612,-1.1307746172
2769,2,1939,175,13,0,22.75,1,1,1,1,0,,,-1.9635515213,-1.14638864994,,,,
2770,1,1940,175,13,1,1,1,9,1,1,1,1,0,-2.10846114159,-0.784304738045,-0.0568290576339,-2.10846114159,-0.784304738045,-0.0568290576339
2770,2,1940,175,13,1,1,1,22,1,1,1,1,,-3.06198549271,-1.10058701038,0.01437171828,-2.10846114159,-0.784304738045,-0.0568290576339
2771,2,1940,175,13,1,1,0,6,1,1,0,,,0.222588062286,-0.955912053585,0.239659771323,,,
2772,1,1941,175,13,1,1,1,25,1,1,1,1,0,-1.53749763966,-1.01228952408,-0.640335679054,-1.53749763966,-1.01228952408,-0.640335679054
2772,2,1941,175,13,1,1,1,37,1,1,1,1,,-1.33414721489,-0.605179667473,-0.8250644207,-1.53749763966,-1.01228952408,-0.640335679054
2773,1,1942,175,13,1,1,0,38,1,1,1,1,0,-1.81031763554,-0.364898502827,-1.44787812233,-1.81031763554,-0.364898502827,-1.44787812233
2773,2,1942,175,13,1,1,0,50,1,1,1,1,,-1.34669351578,-0.256529420614,-0.814772069454,-1.81031763554,-0.364898502827,-1.44787812233
2774,1,1942,175,13,1,1,1,8,1,1,1,1,0,-1.14156711102,-1.80414712429,-1.76456820965,-1.14156711102,-1.80414712429,-1.76456820965
2774,2,1942,175,13,1,1,1,21,1,1,1,1,,-1.4884711504,-1.73193252087,-1.99420320988,-1.14156711102,-1.80414712429,-1.76456820965
2775,2,1943,175,13,0,22.75,0,52,1,0,0,,,,,,,,
2776,1,1944,175,13,1,1,0,10,1,1,1,1,0,-3.12099909782,-1.10597741604,-0.33731558919,-3.12099909782,-1.10597741604,-0.33731558919
2776,2,1944,175,13,1,1,0,23,1,1,1,1,,-2.33413386345,-0.761960208416,0.173067003489,-3.12099909782,-1.10597741604,-0.33731558919
2777,1,1945,175,13,1,1,1,35,1,1,1,1,0,-2.0998468399,-0.524593174458,0.528116643429,-2.0998468399,-0.524593174458,0.528116643429
2777,2,1945,175,13,1,1,1,48,1,1,1,1,,-1.46980178356,-0.497024983168,-0.0682001933455,-2.0998468399,-0.524593174458,0.528116643429
2778,1,1945,175,13,1,1,0,12,1,1,1,1,0,-2.7138671875,-1.52490580082,-1.14893686771,-2.7138671875,-1.52490580082,-1.14893686771
2778,2,1945,175,13,1,1,0,24,1,1,1,1,,-1.83823239803,-0.848047971725,-0.0885827466846,-2.7138671875,-1.52490580082,-1.14893686771
2779,1,1946,176,14,1,1.5,0,35,1,1,1,1,0,-3.48962569237,-1.90721023083,-1.18807387352,-3.48962569237,-1.90721023083,-1.18807387352
2779,2,1946,176,14,1,1.5,0,48,1,1,1,1,,-3.0465259552,-1.31810545921,-1.66664528847,-3.48962569237,-1.90721023083,-1.18807387352
2780,1,1946,176,14,1,1.5,1,3,1,1,1,1,0,-0.547678351402,-0.569303691387,,-0.547678351402,-0.569303691387,
2780,2,1946,176,14,1,1.5,1,16,1,1,1,1,,-2.41748929024,-0.916166186333,-1.14493203163,-0.547678351402,-0.569303691387,
2781,1,1947,176,14,1,1.5,0,22,1,1,1,1,0,-1.46467864513,-0.844327032566,-0.563801765442,-1.46467864513,-0.844327032566,-0.563801765442
2781,2,1947,176,14,1,1.5,0,35,1,1,1,1,,-1.49533617496,-0.373571455479,-0.0404628142715,-1.46467864513,-0.844327032566,-0.563801765442
2782,1,1948,176,14,1,1.5,0,12,1,0,0,,,,,,,,
2782,2,1948,176,14,1,1.5,0,25,1,1,0,,,-2.60657143593,-1.11292719841,-0.180645793676,,,
2783,1,1949,176,14,0,18.75,0,60,1,1,1,1,0,-2.67892360687,-1.30831921101,-2.43688988686,-2.67892360687,-1.30831921101,-2.43688988686
2783,2,1949,176,14,0,18.75,0,73,1,1,1,1,,-1.90502810478,-0.906455934048,,-2.67892360687,-1.30831921101,-2.43688988686
2784,1,1951,176,14,1,1.5,0,20,1,1,1,1,0,,,-1.80166101456,,,-1.80166101456
2784,2,1951,176,14,1,1.5,0,33,1,1,1,1,,-3.00945472717,-2.12330627441,-1.49389374256,,,-1.80166101456
2785,1,1952,176,14,1,1.5,1,45,1,1,1,1,0,-0.805521190166,-0.40379178524,-0.894033789635,-0.805521190166,-0.40379178524,-0.894033789635
2785,2,1952,176,14,1,1.5,1,58,1,1,1,1,,-0.696356594563,-0.379380941391,-0.601694703102,-0.805521190166,-0.40379178524,-0.894033789635
2786,1,1952,176,14,1,1.5,1,12,1,1,1,1,0,-0.763110697269,0.190329179168,0.24653197825,-0.763110697269,0.190329179168,0.24653197825
2786,2,1952,176,14,1,1.5,1,25,1,1,1,1,,-1.67476475239,-0.0320668071508,1.41481482983,-0.763110697269,0.190329179168,0.24653197825
2787,2,1952,176,14,1,1.5,1,1,1,1,0,,,-0.223720952868,0.125608041883,,,,
2788,1,1953,176,14,0,18.75,1,53,1,1,1,1,0,-2.0596985817,-1.61680591106,-1.36525392532,-2.0596985817,-1.61680591106,-1.36525392532
2788,2,1953,176,14,0,18.75,1,66,1,1,1,1,,-1.88978040218,-1.27526903152,,-2.0596985817,-1.61680591106,-1.36525392532
2789,1,1953,176,14,0,18.75,0,1,1,1,1,1,0,-1.42529261112,-1.15364015102,,-1.42529261112,-1.15364015102,
2789,2,1953,176,14,0,18.75,0,13,1,1,1,1,,-2.17171192169,-0.248160392046,1.16891717911,-1.42529261112,-1.15364015102,
2790,1,1954,176,14,1,1.5,0,20,1,1,1,1,0,-0.834983289242,-0.407018244267,0.22448015213,-0.834983289242,-0.407018244267,0.22448015213
2790,2,1954,176,14,1,1.5,0,33,1,1,1,1,,-1.12873721123,-0.252528756857,-0.68691521883,-0.834983289242,-0.407018244267,0.22448015213
2791,1,1955,176,14,1,1.5,1,28,1,1,1,1,0,-3.13308095932,-1.17366099358,-0.229395702481,-3.13308095932,-1.17366099358,-0.229395702481
2791,2,1955,176,14,1,1.5,1,41,1,1,1,1,,-2.72179102898,-0.834899187088,-0.337297439575,-3.13308095932,-1.17366099358,-0.229395702481
2792,1,1955,176,14,1,1.5,1,3,1,0,0,,,,,,,,
2792,2,1955,176,14,1,1.5,1,16,1,1,0,,,-1.84492397308,-0.992730557919,-1.19246172905,,,
2793,1,1956,176,14,1,1.5,0,2,1,1,1,0,1,-0.137417063117,-0.275675445795,,-0.137417063117,-0.275675445795,
2793,2,1956,176,14,1,1.5,0,15,1,0,1,0,,,,,-0.137417063117,-0.275675445795,
2794,2,1956,176,14,1,1.5,1,1,1,1,0,,,0.390337020159,1.38264620304,,,,
2795,1,1957,176,14,0,18.75,0,49,1,1,1,1,0,1.41551947594,1.25216209888,-0.915990889072,1.41551947594,1.25216209888,-0.915990889072
2795,2,1957,176,14,0,18.75,0,62,1,1,1,1,,1.15755546093,1.22553873062,,1.41551947594,1.25216209888,-0.915990889072
2796,1,1958,177,14,0,14.75,1,66,1,0,0,,,,,,,,
2796,2,1958,177,14,0,14.75,1,72,1,0,0,,,,,,,,
2797,1,1958,177,14,0,14.75,1,4,1,1,1,1,0,0.143269643188,-0.23396396637,,0.143269643188,-0.23396396637,
2797,2,1958,177,14,0,14.75,1,17,1,1,1,1,,-1.63950169086,-0.739817500114,0.0208777375519,0.143269643188,-0.23396396637,
2798,1,1961,177,14,1,1.125,0,11,1,1,1,1,0,1.41551947594,0.971570193768,0.254496008158,1.41551947594,0.971570193768,0.254496008158
2798,2,1961,177,14,1,1.125,0,24,1,1,1,1,,0.322045832872,-0.0952340438962,-0.659613728523,1.41551947594,0.971570193768,0.254496008158
2799,1,1962,177,14,1,1.125,0,56,1,1,1,1,0,-2.0317428112,-1.40852177143,-1.22345578671,-2.0317428112,-1.40852177143,-1.22345578671
2799,2,1962,177,14,1,1.125,0,70,1,1,1,1,,-2.06581449509,-1.56480336189,,-2.0317428112,-1.40852177143,-1.22345578671
2800,1,1962,177,14,1,1.125,0,1,1,1,1,1,0,-3.22334837914,-3.36042356491,,-3.22334837914,-3.36042356491,
2800,2,1962,177,14,1,1.125,0,13,1,1,1,1,,-1.98622357845,-0.89570659399,0.153462454677,-3.22334837914,-3.36042356491,
2801,1,1963,177,14,1,1.125,0,3,1,1,1,1,0,-1.70184898376,-1.10940229893,,-1.70184898376,-1.10940229893,
2801,2,1963,177,14,1,1.125,0,15,1,1,1,1,,-1.97439873219,-1.29224026203,-0.43661943078,-1.70184898376,-1.10940229893,
2802,1,1965,177,14,1,1.125,1,13,1,1,1,1,0,-0.691204488277,0.114521309733,0.379466056824,-0.691204488277,0.114521309733,0.379466056824
2802,2,1965,177,14,1,1.125,1,26,1,1,1,1,,-0.764634609222,-0.112310543656,0.608420610428,-0.691204488277,0.114521309733,0.379466056824
2803,1,1966,177,14,1,1.125,0,49,1,1,1,1,0,-1.36801731586,0.494536578655,-0.128487169743,-1.36801731586,0.494536578655,-0.128487169743
2803,2,1966,177,14,1,1.125,0,63,1,1,1,1,,-1.06017661095,0.651968181133,,-1.36801731586,0.494536578655,-0.128487169743
2804,1,1966,177,14,1,1.125,0,8,1,1,1,1,0,-0.997223556042,-0.632643759251,-0.890504539013,-0.997223556042,-0.632643759251,-0.890504539013
2804,2,1966,177,14,1,1.125,0,20,1,1,1,1,,-1.59903419018,-0.382376223803,-0.430939137936,-0.997223556042,-0.632643759251,-0.890504539013
2805,1,1967,177,14,1,1.125,0,15,1,1,1,1,0,-0.255226641893,0.13924819231,-0.211233317852,-0.255226641893,0.13924819231,-0.211233317852
2805,2,1967,177,14,1,1.125,0,28,1,1,1,1,,-1.03619933128,-0.527135848999,-0.279301613569,-0.255226641893,0.13924819231,-0.211233317852
2806,1,1968,177,14,1,1.125,0,20,1,1,1,1,0,-2.46969509125,-1.24251687527,-0.56613856554,-2.46969509125,-1.24251687527,-0.56613856554
2806,2,1968,177,14,1,1.125,0,32,1,1,1,1,,-2.04317116737,-0.665010750294,-0.312152385712,-2.46969509125,-1.24251687527,-0.56613856554
2807,2,1968,177,14,1,1.125,1,10,1,1,0,,,0.210007250309,0.15268394351,-0.0611635632813,,,
2808,1,1969,177,14,1,1.125,0,8,1,0,0,,,,,,,,
2808,2,1969,177,14,1,1.125,0,21,1,1,0,,,-2.48240399361,-1.32279121876,-0.339891254902,,,
2809,2,1969,177,14,1,1.125,1,4,1,1,0,,,-0.0415351726115,-0.131234318018,,,,
2810,1,1970,178,16,0,22,1,72,1,0,0,,,,,,,,
2810,2,1970,178,16,0,22,1,72,1,0,0,,,,,,,,
2811,1,1970,178,16,0,22,1,38,1,1,1,1,0,,-1.8454310894,-2.30748677254,,-1.8454310894,-2.30748677254
2811,2,1970,178,16,0,22,1,51,1,1,1,1,,-2.36934137344,-2.46036982536,-2.46354556084,,-1.8454310894,-2.30748677254
2812,1,1971,178,16,1,2.375,0,300,1,0,0,,,,,,,,
2812,2,1971,178,16,1,2.375,0,38,1,1,0,,,-2.20530176163,-0.089216388762,0.303492903709,,,
2813,1,1972,178,16,1,2.375,1,44,1,1,1,1,0,-1.67704880238,-1.10846781731,-1.18065476418,-1.67704880238,-1.10846781731,-1.18065476418
2813,2,1972,178,16,1,2.375,1,57,1,1,1,1,,-1.67256999016,-1.12974607944,-1.74702239037,-1.67704880238,-1.10846781731,-1.18065476418
2814,1,1972,178,16,1,2.375,0,9,1,1,1,1,0,-1.32338249683,-1.27667033672,-1.13934016228,-1.32338249683,-1.27667033672,-1.13934016228
2814,2,1972,178,16,1,2.375,0,22,1,1,1,1,,-2.28260946274,-1.33802247047,-0.975392580032,-1.32338249683,-1.27667033672,-1.13934016228
2815,1,1973,178,16,1,2.375,1,72,1,0,0,,,,,,,,
2815,2,1973,178,16,1,2.375,1,72,1,0,0,,,,,,,,
2816,1,1973,178,16,1,2.375,0,34,1,1,1,1,0,-2.43721461296,-1.21492624283,-1.06947815418,-2.43721461296,-1.21492624283,-1.06947815418
2816,2,1973,178,16,1,2.375,0,47,1,1,1,1,,-2.78162503242,-1.79504036903,-2.10456848145,-2.43721461296,-1.21492624283,-1.06947815418
2817,1,1973,178,16,1,2.375,0,1,1,1,1,1,0,-1.14274132252,-0.358741015196,,-1.14274132252,-0.358741015196,
2817,2,1973,178,16,1,2.375,0,14,1,1,1,1,,-3.63286828995,-2.08497333527,-1.89291751385,-1.14274132252,-0.358741015196,
2818,1,1974,178,16,1,2.375,0,48,1,1,1,1,0,-2.02126646042,-0.398849070072,0.622150659561,-2.02126646042,-0.398849070072,0.622150659561
2818,2,1974,178,16,1,2.375,0,61,1,1,1,1,,-1.51689362526,-0.40159791708,,-2.02126646042,-0.398849070072,0.622150659561
2819,1,1974,178,16,1,2.375,1,9,1,1,1,1,0,-2.02567195892,-0.762104690075,-0.142885938287,-2.02567195892,-0.762104690075,-0.142885938287
2819,2,1974,178,16,1,2.375,1,21,1,1,1,1,,-2.49917316437,-0.379669457674,0.440936356783,-2.02567195892,-0.762104690075,-0.142885938287
2820,1,1975,178,16,1,2.375,0,9,1,1,1,1,0,-1.96976065636,0.887778818607,0.595668911934,-1.96976065636,0.887778818607,0.595668911934
2820,2,1975,178,16,1,2.375,0,23,1,1,1,1,,-3.46931266785,-0.842644035816,1.18523812294,-1.96976065636,0.887778818607,0.595668911934
2821,1,1977,178,16,0,22,1,35,1,0,0,,,,,,,,
2821,2,1977,178,16,0,22,1,47,1,1,0,,,-0.687868654728,-0.401234358549,-0.651106119156,,,
2822,1,1978,178,16,1,2.375,1,55,1,1,1,1,0,-2.36795282364,-1.55067574978,-1.04648387432,-2.36795282364,-1.55067574978,-1.04648387432
2822,2,1978,178,16,1,2.375,1,69,1,1,1,1,,-1.76373839378,-1.73074996471,,-2.36795282364,-1.55067574978,-1.04648387432
2823,1,1978,178,16,1,2.375,0,26,1,1,1,1,0,,-3.88655257225,-2.08648991585,,-3.88655257225,-2.08648991585
2823,2,1978,178,16,1,2.375,0,39,1,1,1,1,,-4.47712230682,-1.94562530518,0.351344048977,,-3.88655257225,-2.08648991585
2824,1,1980,178,16,1,2.375,0,12,1,1,1,1,0,-2.41928529739,-1.7721722126,-1.53794109821,-2.41928529739,-1.7721722126,-1.53794109821
2824,2,1980,178,16,1,2.375,0,25,1,1,1,1,,-3.20028924942,-1.36552798748,-1.26046621799,-2.41928529739,-1.7721722126,-1.53794109821
2825,1,1981,178,16,1,2.375,0,13,1,1,1,1,0,-3.71745824814,-2.02518677711,-0.427608907223,-3.71745824814,-2.02518677711,-0.427608907223
2825,2,1981,178,16,1,2.375,0,26,1,1,1,1,,-3.93816137314,-1.36552321911,-0.229281142354,-3.71745824814,-2.02518677711,-0.427608907223
2826,1,1982,179,15,1,1.87499988079,0,20,1,1,1,1,0,-0.568454086781,0.828429460526,0.643528997898,-0.568454086781,0.828429460526,0.643528997898
2826,2,1982,179,15,1,1.87499988079,0,33,1,1,1,1,,-0.707681298256,1.16177678108,0.954867362976,-0.568454086781,0.828429460526,0.643528997898
2827,1,1983,179,15,1,1.87499988079,0,4,1,1,1,1,0,-1.62728524208,-0.654010891914,,-1.62728524208,-0.654010891914,
2827,2,1983,179,15,1,1.87499988079,0,17,1,1,1,1,,-3.4835870266,-1.81717121601,-0.544680655003,-1.62728524208,-0.654010891914,
2828,1,1984,179,15,1,1.87499988079,1,20,1,1,1,1,0,-2.68964147568,-1.45231735706,-1.25076603889,-2.68964147568,-1.45231735706,-1.25076603889
2828,2,1984,179,15,1,1.87499988079,1,33,1,1,1,1,,-1.84456777573,-0.527013480663,-0.109189279377,-2.68964147568,-1.45231735706,-1.25076603889
2829,2,1984,179,15,1,1.87499988079,1,54,1,1,0,,,-2.76132941246,-1.65458965302,-0.270390152931,,,
2830,2,1985,179,15,0,20.25,0,33,1,1,0,,,-2.05506086349,-0.442115426064,0.185026198626,,,
2831,1,1986,179,15,1,1.87499988079,1,38,1,1,1,0,1,-0.954424321651,-0.150771424174,-0.738854825497,-0.954424321651,-0.150771424174,-0.738854825497
2831,2,1986,179,15,1,1.87499988079,1,51,1,0,1,0,,,,,-0.954424321651,-0.150771424174,-0.738854825497
2832,1,1986,179,15,1,1.87499988079,0,9,1,1,1,0,1,-1.50169479847,-1.75695347786,-2.23751997948,-1.50169479847,-1.75695347786,-2.23751997948
2832,2,1986,179,15,1,1.87499988079,0,22,1,0,1,0,,,,,-1.50169479847,-1.75695347786,-2.23751997948
2833,1,1987,179,15,1,1.87499988079,1,21,1,1,1,1,0,-2.33615660667,0.181563287973,0.758211255074,-2.33615660667,0.181563287973,0.758211255074
2833,2,1987,179,15,1,1.87499988079,1,34,1,1,1,1,,-3.05070185661,,1.87292575836,-2.33615660667,0.181563287973,0.758211255074
2834,1,1988,179,15,1,1.87499988079,0,51,1,1,1,1,0,-4.32134008408,-1.53188848495,-0.325438320637,-4.32134008408,-1.53188848495,-0.325438320637
2834,2,1988,179,15,1,1.87499988079,0,64,1,1,1,1,,-4.21962976456,-2.00486493111,,-4.32134008408,-1.53188848495,-0.325438320637
2835,1,1988,179,15,1,1.87499988079,0,24,1,1,1,1,0,-3.75302433968,-1.36366963387,-1.02482175827,-3.75302433968,-1.36366963387,-1.02482175827
2835,2,1988,179,15,1,1.87499988079,0,36,1,1,1,1,,-2.88205718994,-0.699911594391,0.167959570885,-3.75302433968,-1.36366963387,-1.02482175827
2836,1,1988,179,15,1,1.87499988079,0,1,1,1,1,1,0,-2.47843909264,-1.38262164593,,-2.47843909264,-1.38262164593,
2836,2,1988,179,15,1,1.87499988079,0,14,1,1,1,1,,-4.07690286636,-1.84100580215,-0.500016927719,-2.47843909264,-1.38262164593,
2837,1,1989,179,15,1,1.87499988079,1,64,1,0,0,,,,,,,,
2837,2,1989,179,15,1,1.87499988079,1,72,1,0,0,,,,,,,,
2838,1,1989,179,15,1,1.87499988079,1,13,1,1,1,1,0,-1.41374635696,-0.198131933808,-0.210927098989,-1.41374635696,-0.198131933808,-0.210927098989
2838,2,1989,179,15,1,1.87499988079,1,26,1,1,1,1,,-1.84573113918,-0.26557046175,0.175940468907,-1.41374635696,-0.198131933808,-0.210927098989
2839,1,1991,179,15,0,20.25,0,30,1,1,1,1,0,-0.729094803333,0.608479499817,0.257843703032,-0.729094803333,0.608479499817,0.257843703032
2839,2,1991,179,15,0,20.25,0,44,1,1,1,1,,-0.91192728281,0.331795275211,0.180013850331,-0.729094803333,0.608479499817,0.257843703032
2840,1,1993,179,15,1,1.87499988079,1,8,1,1,1,1,0,-2.3043627739,-0.612353384495,-0.0817824304104,-2.3043627739,-0.612353384495,-0.0817824304104
2840,2,1993,179,15,1,1.87499988079,1,21,1,1,1,1,,-2.23834562302,-1.14469063282,-0.0116837304085,-2.3043627739,-0.612353384495,-0.0817824304104
2841,1,1994,180,14,1,1.62499988079,0,23,1,1,1,1,0,-2.33413386345,-1.78315031528,-0.521443426609,-2.33413386345,-1.78315031528,-0.521443426609
2841,2,1994,180,14,1,1.62499988079,0,35,1,1,1,1,,-2.24661016464,-1.74478697777,-2.1246008873,-2.33413386345,-1.78315031528,-0.521443426609
2842,1,1994,180,14,1,1.62499988079,1,8,1,1,1,1,0,-1.58554434776,-0.933738470078,0.257513523102,-1.58554434776,-0.933738470078,0.257513523102
2842,2,1994,180,14,1,1.62499988079,1,21,1,1,1,1,,-2.5480761528,-2.08192896843,-1.26000475883,-1.58554434776,-0.933738470078,0.257513523102
2843,1,1996,180,14,1,1.62499988079,1,45,1,1,1,1,0,-2.58427095413,-1.04908132553,-0.511632204056,-2.58427095413,-1.04908132553,-0.511632204056
2843,2,1996,180,14,1,1.62499988079,1,58,1,1,1,1,,-1.91342687607,-0.610413253307,-0.165093302727,-2.58427095413,-1.04908132553,-0.511632204056
2844,1,1996,180,14,1,1.62499988079,1,21,1,1,1,1,0,-2.67849230766,-0.908170104027,-1.02604687214,-2.67849230766,-0.908170104027,-1.02604687214
2844,2,1996,180,14,1,1.62499988079,1,35,1,1,1,1,,-2.04670929909,-0.15098194778,-0.150146767497,-2.67849230766,-0.908170104027,-1.02604687214
2845,2,1996,180,14,1,1.62499988079,1,11,1,1,0,,,-1.89266395569,-2.15377831459,-1.82312607765,,,
2846,1,1997,180,14,1,1.62499988079,0,11,1,1,1,1,0,-1.75535142422,-0.750890851021,-1.02418684959,-1.75535142422,-0.750890851021,-1.02418684959
2846,2,1997,180,14,1,1.62499988079,0,24,1,1,1,1,,-2.5910577774,-0.903844714165,-0.614723145962,-1.75535142422,-0.750890851021,-1.02418684959
2847,1,1998,180,14,0,22.5,1,35,1,0,0,,,,,,,,
2847,2,1998,180,14,0,22.5,1,48,1,1,0,,,-2.67699408531,-1.70277428627,-0.173859506845,,,
2848,1,1998,180,14,0,22.5,0,11,1,0,0,,,,,,,,
2848,2,1998,180,14,0,22.5,0,24,1,1,0,,,-2.00188994408,-0.551283121109,-0.840849041939,,,
2849,1,1999,180,14,1,1.62499988079,1,15,1,1,1,1,0,-0.84327763319,-0.447429031134,-0.730279862881,-0.84327763319,-0.447429031134,-0.730279862881
2849,2,1999,180,14,1,1.62499988079,1,28,1,1,1,1,,-1.28244745731,-0.202056929469,0.331576019526,-0.84327763319,-0.447429031134,-0.730279862881
2850,1,2000,180,14,1,1.62499988079,1,17,1,1,1,1,0,-0.76201158762,-2.22752451897,-1.38299763203,-0.76201158762,-2.22752451897,-1.38299763203
2850,2,2000,180,14,1,1.62499988079,1,30,1,1,1,1,,-2.0904712677,-1.24710476398,-1.1025531292,-0.76201158762,-2.22752451897,-1.38299763203
2851,2,2000,180,14,1,1.62499988079,1,5,1,1,0,,,-1.25378608704,-1.70665800571,,,,
2852,1,2001,180,14,1,1.62499988079,1,4,1,1,1,1,0,0.997987985611,1.74831914902,,0.997987985611,1.74831914902,
2852,2,2001,180,14,1,1.62499988079,1,17,1,1,1,1,,-0.639160811901,0.797507345676,0.59806907177,0.997987985611,1.74831914902,
2853,2,2002,180,14,0,22.5,0,72,1,0,0,,,,,,,,
2854,1,2003,180,14,1,1.62499988079,1,19,1,1,1,1,0,-2.22033715248,-0.863729298115,-0.733255088329,-2.22033715248,-0.863729298115,-0.733255088329
2854,2,2003,180,14,1,1.62499988079,1,32,1,1,1,1,,-2.07967543602,-1.25456488132,-0.185954347253,-2.22033715248,-0.863729298115,-0.733255088329
2855,1,2004,180,14,0,22.5,0,49,1,1,1,1,0,-1.33256757259,-1.44472920895,-1.77573609352,-1.33256757259,-1.44472920895,-1.77573609352
2855,2,2004,180,14,0,22.5,0,63,1,1,1,1,,-1.40398478508,-1.45132577419,,-1.33256757259,-1.44472920895,-1.77573609352
2856,2,2004,180,14,0,22.5,0,60,1,1,0,,,-0.920137465,-0.50179952383,-1.22105205059,,,
2857,1,2005,180,14,1,1.62499988079,1,53,1,1,1,1,0,-2.81556797028,-1.66703283787,-1.2883181572,-2.81556797028,-1.66703283787,-1.2883181572
2857,2,2005,180,14,1,1.62499988079,1,67,1,1,1,1,,-2.91536140442,-2.41057538986,,-2.81556797028,-1.66703283787,-1.2883181572
2858,1,2005,180,14,1,1.62499988079,1,16,1,1,1,1,0,-3.06162977219,-0.784250378609,0.105607770383,-3.06162977219,-0.784250378609,0.105607770383
2858,2,2005,180,14,1,1.62499988079,1,29,1,1,1,1,,-2.81511163712,-1.67768156528,-1.45809435844,-3.06162977219,-0.784250378609,0.105607770383
2859,1,2006,181,16,1,3,0,9,1,1,1,1,0,-2.99505352974,-3.29797911644,-3.11805677414,-2.99505352974,-3.29797911644,-3.11805677414
2859,2,2006,181,16,1,3,0,22,1,1,1,1,,-2.94718122482,-2.62723660469,-1.89151656628,-2.99505352974,-3.29797911644,-3.11805677414
2860,1,2008,181,16,1,3,0,21,1,1,1,1,0,-3.05648708344,-1.26056182384,-1.64720010757,-3.05648708344,-1.26056182384,-1.64720010757
2860,2,2008,181,16,1,3,0,34,1,1,1,1,,-3.12935352325,-1.00948727131,-1.06947815418,-3.05648708344,-1.26056182384,-1.64720010757
2861,2,2008,181,16,1,3,0,7,1,1,0,,,-3.09270787239,-1.30293893814,-1.24623429775,,,
2862,1,2009,181,16,1,3,1,51,1,1,1,1,0,-1.77014315128,-1.26307845116,-1.62395143509,-1.77014315128,-1.26307845116,-1.62395143509
2862,2,2009,181,16,1,3,1,64,1,1,1,1,,-2.17810845375,-1.54963886738,,-1.77014315128,-1.26307845116,-1.62395143509
2863,1,2009,181,16,1,3,1,9,1,1,1,1,0,-1.48753380775,-0.762104690075,-0.494523376226,-1.48753380775,-0.762104690075,-0.494523376226
2863,2,2009,181,16,1,3,1,22,1,1,1,1,,-1.63579368591,-0.745455980301,-0.239153176546,-1.48753380775,-0.762104690075,-0.494523376226
2864,1,2011,181,16,1,3,1,64,1,0,0,,,,,,,,
2864,2,2011,181,16,1,3,1,72,1,0,0,,,,,,,,
2865,1,2011,181,16,1,3,1,17,1,1,1,1,0,-2.13089680672,-1.86406457424,-1.77763593197,-2.13089680672,-1.86406457424,-1.77763593197
2865,2,2011,181,16,1,3,1,29,1,1,1,1,,-2.15436077118,-1.96694660187,-1.50414907932,-2.13089680672,-1.86406457424,-1.77763593197
2866,1,2012,181,16,1,3,1,10,1,1,1,1,0,-1.65418815613,-1.19576025009,-1.00119698048,-1.65418815613,-1.19576025009,-1.00119698048
2866,2,2012,181,16,1,3,1,23,1,1,1,1,,-2.21202468872,-1.61495196819,-1.19174718857,-1.65418815613,-1.19576025009,-1.00119698048
2867,1,2014,181,16,1,3,0,18,1,1,1,1,0,-3.54385209084,-2.36822390556,-1.62323999405,-3.54385209084,-2.36822390556,-1.62323999405
2867,2,2014,181,16,1,3,0,31,1,1,1,1,,-3.09706616402,-2.4380736351,-2.14777874947,-3.54385209084,-2.36822390556,-1.62323999405
2868,1,2015,181,16,1,3,0,72,1,0,0,,,,,,,,
2868,2,2015,181,16,1,3,0,72,1,0,0,,,,,,,,
2869,1,2015,181,16,1,3,0,22,1,1,1,1,0,-3.16870522499,-0.960988640785,-0.385137975216,-3.16870522499,-0.960988640785,-0.385137975216
2869,2,2015,181,16,1,3,0,36,1,1,1,1,,-2.57182455063,-0.737796723843,-0.151230379939,-3.16870522499,-0.960988640785,-0.385137975216
2870,1,2015,181,16,1,3,1,1,1,1,1,1,0,-0.223720952868,-0.47794380784,,-0.223720952868,-0.47794380784,
2870,2,2015,181,16,1,3,1,13,1,1,1,1,,-1.09050190449,-0.207282602787,0.297167867422,-0.223720952868,-0.47794380784,
2871,1,2017,181,16,1,3,1,29,1,1,1,1,0,-3.63386654854,-1.71105360985,-1.23077440262,-3.63386654854,-1.71105360985,-1.23077440262
2871,2,2017,181,16,1,3,1,42,1,1,1,1,,-3.38059782982,-1.53148150444,-1.11853539944,-3.63386654854,-1.71105360985,-1.23077440262
2872,1,2017,181,16,1,3,1,4,1,1,1,1,0,-1.01175606251,0.529772698879,,-1.01175606251,0.529772698879,
2872,2,2017,181,16,1,3,1,17,1,1,1,1,,-2.56964182854,-0.429492145777,0.59806907177,-1.01175606251,0.529772698879,
2873,1,2018,182,15,1,3.625,1,5,1,1,1,1,0,0.1442707479,-0.727875888348,,0.1442707479,-0.727875888348,
2873,2,2018,182,15,1,3.625,1,18,1,1,1,1,,-0.347089886665,-0.985429108143,-0.503376305103,0.1442707479,-0.727875888348,
2874,1,2019,182,15,1,3.625,0,64,1,0,0,,,,,,,,
2874,2,2019,182,15,1,3.625,0,72,1,0,0,,,,,,,,
2875,1,2019,182,15,1,3.625,1,29,1,1,1,1,0,-2.44164323807,-1.62794280052,-1.87994480133,-2.44164323807,-1.62794280052,-1.87994480133
2875,2,2019,182,15,1,3.625,1,42,1,1,1,1,,-2.37218379974,-1.75654625893,-1.74914038181,-2.44164323807,-1.62794280052,-1.87994480133
2876,1,2021,182,15,1,3.625,1,39,1,1,1,1,0,-3.22134685516,-0.62043517828,0.221487820148,-3.22134685516,-0.62043517828,0.221487820148
2876,2,2021,182,15,1,3.625,1,52,1,1,1,1,,-2.79109692574,-0.661397278309,-0.203789874911,-3.22134685516,-0.62043517828,0.221487820148
2877,1,2021,182,15,1,3.625,1,12,1,1,1,1,0,-0.763110697269,-0.637519299984,-0.177063688636,-0.763110697269,-0.637519299984,-0.177063688636
2877,2,2021,182,15,1,3.625,1,25,1,1,1,1,,-2.48310804367,-0.236308187246,0.516364037991,-0.763110697269,-0.637519299984,-0.177063688636
2878,1,2022,182,15,1,3.625,0,26,1,1,1,1,0,-1.45053887367,-0.0669598802924,0.109693981707,-1.45053887367,-0.0669598802924,0.109693981707
2878,2,2022,182,15,1,3.625,0,39,1,1,1,1,,-1.9285299778,-0.421348959208,-0.72870361805,-1.45053887367,-0.0669598802924,0.109693981707
2879,1,2024,182,15,1,3.625,1,18,1,1,1,1,0,-1.20800983906,-0.731815159321,-0.773738324642,-1.20800983906,-0.731815159321,-0.773738324642
2879,2,2024,182,15,1,3.625,1,31,1,1,1,1,,-1.25567281246,-0.308768451214,-0.26205971837,-1.20800983906,-0.731815159321,-0.773738324642
2880,1,2025,182,15,1,3.625,1,49,1,1,1,1,0,-2.1561229229,-0.715362787247,-0.0674621090293,-2.1561229229,-0.715362787247,-0.0674621090293
2880,2,2025,182,15,1,3.625,1,61,1,1,1,1,,-2.34679412842,-0.751994669437,,-2.1561229229,-0.715362787247,-0.0674621090293
2881,1,2025,182,15,1,3.625,1,7,1,1,1,1,0,-2.86664271355,-1.52258658409,-0.263293981552,-2.86664271355,-1.52258658409,-0.263293981552
2881,2,2025,182,15,1,3.625,1,20,1,1,1,1,,-2.90538144112,-1.68000388145,-0.877748787403,-2.86664271355,-1.52258658409,-0.263293981552
2882,1,2026,182,15,1,3.625,1,11,1,1,1,1,0,-2.70590305328,-2.07790112495,-1.7223238945,-2.70590305328,-2.07790112495,-1.7223238945
2882,2,2026,182,15,1,3.625,1,24,1,1,1,1,,-2.53083634377,-0.263915777206,-0.404201060534,-2.70590305328,-2.07790112495,-1.7223238945
2883,2,2026,182,15,1,3.625,1,10,1,1,0,,,-3.17391324043,-1.57092797756,-0.861555635929,,,
2884,1,2027,182,15,1,3.625,1,16,1,1,1,1,0,-1.97017276287,-1.7239215374,-1.05050873756,-1.97017276287,-1.7239215374,-1.05050873756
2884,2,2027,182,15,1,3.625,1,29,1,1,1,1,,-4.15097618103,-1.40873777866,-1.36658096313,-1.97017276287,-1.7239215374,-1.05050873756
2885,1,2030,183,13,1,1,0,19,1,1,1,1,0,-3.11827588081,-1.59810912609,-2.06294941902,-3.11827588081,-1.59810912609,-2.06294941902
2885,2,2030,183,13,1,1,0,31,1,1,1,1,,-2.75015735626,0.872239530087,-1.15006756783,-3.11827588081,-1.59810912609,-2.06294941902
2886,2,2030,183,13,1,1,1,10,1,1,0,,,-0.620777010918,-0.67809766531,-0.542866408825,,,
2887,1,2031,183,13,1,1,1,53,1,1,1,1,0,-1.90407752991,-0.645911991596,-1.06114351749,-1.90407752991,-0.645911991596,-1.06114351749
2887,2,2031,183,13,1,1,1,66,1,1,1,1,,-1.84925079346,-0.832895517349,,-1.90407752991,-0.645911991596,-1.06114351749
2888,1,2031,183,13,1,1,1,9,1,1,1,1,0,-0.845910966396,0.866270959377,0.444805502892,-0.845910966396,0.866270959377,0.444805502892
2888,2,2031,183,13,1,1,1,22,1,1,1,1,,-2.10050725937,-0.0816386267543,0.302612215281,-0.845910966396,0.866270959377,0.444805502892
2889,2,2032,183,13,0,36.5,0,8,1,1,0,,,-0.770520210266,-1.38634908199,-0.420306712389,,,
2890,1,2034,183,13,1,1,1,41,1,1,1,1,0,-4.0638589859,-2.39757609367,-0.764062583447,-4.0638589859,-2.39757609367,-0.764062583447
2890,2,2034,183,13,1,1,1,55,1,1,1,1,,-3.58150196075,-2.67201423645,-0.900303602219,-4.0638589859,-2.39757609367,-0.764062583447
2891,1,2034,183,13,1,1,0,20,1,1,1,1,0,-1.4746516943,0.00298718106933,1.04931473732,-1.4746516943,0.00298718106933,1.04931473732
2891,2,2034,183,13,1,1,0,35,1,1,1,1,,-2.61541485786,-0.692962110043,0.470852822065,-1.4746516943,0.00298718106933,1.04931473732
2892,1,2036,183,13,0,36.5,1,66,1,0,0,,,,,,,,
2892,2,2036,183,13,0,36.5,1,72,1,0,0,,,,,,,,
2893,1,2037,183,13,1,1,1,59,1,1,1,1,0,-1.10070991516,-1.65855455399,-2.31626391411,-1.10070991516,-1.65855455399,-2.31626391411
2893,2,2037,183,13,1,1,1,72,1,1,1,1,,-0.561451554298,-1.36215591431,,-1.10070991516,-1.65855455399,-2.31626391411
2894,1,2037,183,13,1,1,0,20,1,1,1,1,0,-3.10936617851,-2.36600971222,-1.9018137455,-3.10936617851,-2.36600971222,-1.9018137455
2894,2,2037,183,13,1,1,0,34,1,1,1,1,,,-1.91055512428,-1.3402081728,-3.10936617851,-2.36600971222,-1.9018137455
2895,1,2038,183,13,1,1,0,5,1,1,1,1,0,0.638117194176,1.74831914902,,0.638117194176,1.74831914902,
2895,2,2038,183,13,1,1,0,18,1,1,1,1,,0.293373554945,0.953156530857,-2.3330142498,0.638117194176,1.74831914902,
2896,1,2039,184,15,1,2.625,1,45,1,1,1,1,0,-2.34551286697,-1.61044847965,-0.972320973873,-2.34551286697,-1.61044847965,-0.972320973873
2896,2,2039,184,15,1,2.625,1,58,1,1,1,1,,-2.29776573181,-1.75141453743,-1.57964229584,-2.34551286697,-1.61044847965,-0.972320973873
2897,1,2039,184,15,1,2.625,0,22,1,1,1,1,0,-2.38485193253,-1.80544507504,-0.836682856083,-2.38485193253,-1.80544507504,-0.836682856083
2897,2,2039,184,15,1,2.625,0,35,1,1,1,1,,-2.23294973373,-2.16498279572,-2.02723836899,-2.38485193253,-1.80544507504,-0.836682856083
2898,1,2040,184,15,1,2.625,0,70,1,0,0,,,,,,,,
2898,2,2040,184,15,1,2.625,0,72,1,0,0,,,,,,,,
2899,1,2040,184,15,1,2.625,0,37,1,1,1,1,0,-2.9804918766,-1.7836779356,-1.15323066711,-2.9804918766,-1.7836779356,-1.15323066711
2899,2,2040,184,15,1,2.625,0,50,1,1,1,1,,-3.13921952248,-2.29876375198,-1.35625064373,-2.9804918766,-1.7836779356,-1.15323066711
2900,1,2040,184,15,1,2.625,0,1,1,1,1,1,0,-0.834503948689,0.753473222256,,-0.834503948689,0.753473222256,
2900,2,2040,184,15,1,2.625,0,14,1,1,1,1,,-3.26957154274,-2.1526157856,-1.1074975729,-0.834503948689,0.753473222256,
2901,1,2041,184,15,1,2.625,0,72,1,0,0,,,,,,,,
2901,2,2041,184,15,1,2.625,0,72,1,0,0,,,,,,,,
2902,1,2041,184,15,1,2.625,0,21,1,1,1,1,0,-1.6125818491,-0.628020644188,-0.251481503248,-1.6125818491,-0.628020644188,-0.251481503248
2902,2,2041,184,15,1,2.625,0,32,1,1,1,1,,-2.11435890198,-0.414795666933,-0.481367230415,-1.6125818491,-0.628020644188,-0.251481503248
2903,1,2043,184,15,1,2.625,1,15,1,1,1,1,0,-2.65037345886,-1.45240843296,-0.730279862881,-2.65037345886,-1.45240843296,-0.730279862881
2903,2,2043,184,15,1,2.625,1,27,1,1,1,1,,-2.7010819912,-1.08380258083,-1.11878049374,-2.65037345886,-1.45240843296,-0.730279862881
2904,1,2045,184,15,1,2.625,0,12,1,1,1,1,0,-0.693870902061,-0.614647448063,-0.400445997715,-0.693870902061,-0.614647448063,-0.400445997715
2904,2,2045,184,15,1,2.625,0,25,1,1,1,1,,-1.54751455784,-0.636624753475,-0.0097529143095,-0.693870902061,-0.614647448063,-0.400445997715
2905,1,2046,184,15,1,2.625,1,18,1,1,1,1,0,-2.30998635292,-2.06504201889,-1.24027061462,-2.30998635292,-2.06504201889,-1.24027061462
2905,2,2046,184,15,1,2.625,1,31,1,1,1,1,,-2.65303730965,-1.78053534031,-1.32627189159,-2.30998635292,-2.06504201889,-1.24027061462
2906,1,2049,184,15,1,2.625,0,2,1,1,1,1,0,-0.662295639515,-0.0691243931651,,-0.662295639515,-0.0691243931651,
2906,2,2049,184,15,1,2.625,0,15,1,1,1,1,,-2.42888951302,-1.25191617012,-1.82128477097,-0.662295639515,-0.0691243931651,
2907,1,2050,184,15,1,2.625,1,46,1,1,1,1,0,-0.871291339397,0.0202013477683,0.175658345222,-0.871291339397,0.0202013477683,0.175658345222
2907,2,2050,184,15,1,2.625,1,59,1,1,1,1,,-0.475644469261,-0.039422146976,-0.196211874485,-0.871291339397,0.0202013477683,0.175658345222
2908,1,2050,184,15,1,2.625,0,9,1,1,1,1,0,-1.45711755753,-1.64685320854,-1.04318869114,-1.45711755753,-1.64685320854,-1.04318869114
2908,2,2050,184,15,1,2.625,0,21,1,1,1,1,,-1.12548100948,-1.00729358196,0.0101006543264,-1.45711755753,-1.64685320854,-1.04318869114
2909,1,2051,185,16,1,2.125,0,72,1,0,0,,,,,,,,
2909,2,2051,185,16,1,2.125,0,72,1,0,0,,,,,,,,
2910,1,2051,185,16,1,2.125,0,40,1,1,1,1,0,-2.02956199646,-1.42661321163,-1.05283129215,-2.02956199646,-1.42661321163,-1.05283129215
2910,2,2051,185,16,1,2.125,0,53,1,1,1,1,,-1.77326202393,-1.1201748848,-1.41569900513,-2.02956199646,-1.42661321163,-1.05283129215
2911,1,2051,185,16,1,2.125,1,10,1,1,1,1,0,-1.06656241417,-0.479083746672,-0.104033231735,-1.06656241417,-0.479083746672,-0.104033231735
2911,2,2051,185,16,1,2.125,1,23,1,1,1,1,,-2.19626903534,-1.19537341595,-0.603253126144,-1.06656241417,-0.479083746672,-0.104033231735
2912,1,2052,185,16,1,2.125,1,16,1,1,1,1,0,-3.24055767059,-2.37556314468,-0.772196769714,-3.24055767059,-2.37556314468,-0.772196769714
2912,2,2052,185,16,1,2.125,1,29,1,1,1,1,,-4.38080310822,-2.54855680466,-0.833524048328,-3.24055767059,-2.37556314468,-0.772196769714
2913,1,2054,185,16,1,2.125,1,20,1,1,1,1,0,-0.53224593401,-0.390038311481,-0.254954814911,-0.53224593401,-0.390038311481,-0.254954814911
2913,2,2054,185,16,1,2.125,1,32,1,1,1,1,,-0.535210847855,0.326346904039,-0.634490728378,-0.53224593401,-0.390038311481,-0.254954814911
2914,1,2055,185,16,1,2.125,0,52,1,1,1,1,0,-3.66439938545,-2.62469649315,-1.83338475227,-3.66439938545,-2.62469649315,-1.83338475227
2914,2,2055,185,16,1,2.125,0,65,1,1,1,1,,-3.49743652344,-2.71903777122,,-3.66439938545,-2.62469649315,-1.83338475227
2915,1,2055,185,16,1,2.125,1,1,1,1,1,1,0,-2.16823625565,-0.58892428875,,-2.16823625565,-0.58892428875,
2915,2,2055,185,16,1,2.125,1,14,1,1,1,1,,-2.91786193848,-1.63726997375,-0.691159546375,-2.16823625565,-0.58892428875,
2916,1,2056,185,16,1,2.125,0,24,1,1,1,1,0,-3.39297842979,-2.37328577042,-1.88884317875,-3.39297842979,-2.37328577042,-1.88884317875
2916,2,2056,185,16,1,2.125,0,37,1,1,1,1,,-3.16704344749,-1.27283382416,-0.261005669832,-3.39297842979,-2.37328577042,-1.88884317875
2917,2,2056,185,16,1,2.125,1,5,1,1,0,,,-1.29888403416,,,,,
2918,1,2057,185,16,1,2.125,1,19,1,1,1,0,1,-3.04854536057,-0.517563223839,-0.116719909012,-3.04854536057,-0.517563223839,-0.116719909012
2919,1,2058,185,16,1,2.125,0,55,1,1,1,1,0,-2.18315458298,-0.72650384903,-1.28649699688,-2.18315458298,-0.72650384903,-1.28649699688
2919,2,2058,185,16,1,2.125,0,70,1,1,1,1,,-2.4664580822,-0.951691746712,,-2.18315458298,-0.72650384903,-1.28649699688
2920,1,2058,185,16,1,2.125,0,22,1,1,1,1,0,-3.74807333946,-2.06778693199,-0.654100954533,-3.74807333946,-2.06778693199,-0.654100954533
2920,2,2058,185,16,1,2.125,0,35,1,1,1,1,,-4.11796283722,-1.16726541519,-0.202890142798,-3.74807333946,-2.06778693199,-0.654100954533
2921,2,2058,185,16,1,2.125,1,3,1,1,0,,,-1.11773312092,-0.340120375156,,,,
2922,1,2060,185,16,1,2.125,1,40,1,0,0,,,,,,,,
2922,2,2060,185,16,1,2.125,1,54,1,1,0,,,-2.03378129005,-1.63257348537,-2.02985286713,,,
2923,1,2060,185,16,1,2.125,0,15,1,1,1,1,0,-0.808523237705,-0.151703998446,-0.48213788867,-0.808523237705,-0.151703998446,-0.48213788867
2923,2,2060,185,16,1,2.125,0,28,1,1,1,1,,-1.44618606567,-0.400927245617,-0.893547713757,-0.808523237705,-0.151703998446,-0.48213788867
2924,1,2062,185,16,0,23,1,30,1,1,1,1,0,-0.206706121564,0.884639561176,-0.0133568989113,-0.206706121564,0.884639561176,-0.0133568989113
2924,2,2062,185,16,0,23,1,43,1,1,1,1,,-0.00718391500413,0.953022420406,-0.00115728378296,-0.206706121564,0.884639561176,-0.0133568989113
2925,1,2063,186,13,1,2,1,18,1,1,1,1,0,-0.674238443375,0.109042465687,1.06372833252,-0.674238443375,0.109042465687,1.06372833252
2925,2,2063,186,13,1,2,1,31,1,1,1,1,,-1.82859098911,-0.212686255574,0.703164815903,-0.674238443375,0.109042465687,1.06372833252
2926,2,2063,186,13,1,2,0,4,1,1,0,,,-1.65131449699,-0.142693713307,,,,
2927,1,2064,186,13,1,2,1,1,1,1,1,1,0,-1.83562290668,-1.47021472454,,-1.83562290668,-1.47021472454,
2927,2,2064,186,13,1,2,1,13,1,1,1,1,,-1.7750159502,-0.392948299646,0.0462472438812,-1.83562290668,-1.47021472454,
2928,1,2065,186,13,1,2,1,22,1,1,1,1,0,-1.97231209278,-0.720818579197,-0.368242025375,-1.97231209278,-0.720818579197,-0.368242025375
2928,2,2065,186,13,1,2,1,35,1,1,1,1,,-2.07327604294,-0.643900454044,-0.628701508045,-1.97231209278,-0.720818579197,-0.368242025375
2929,1,2066,186,13,1,2,0,24,1,1,1,1,0,-3.22932100296,-2.14878940582,-1.98872566223,-3.22932100296,-2.14878940582,-1.98872566223
2929,2,2066,186,13,1,2,0,37,1,1,1,1,,-3.48685050011,-1.8553596735,-0.466649353504,-3.22932100296,-2.14878940582,-1.98872566223
2930,1,2068,186,13,1,2,1,7,1,1,1,1,0,0.502167642117,0.0191013608128,-0.0880557447672,0.502167642117,0.0191013608128,-0.0880557447672
2930,2,2068,186,13,1,2,1,21,1,1,1,1,,-1.35805737972,0.0717469006777,0.836039543152,0.502167642117,0.0191013608128,-0.0880557447672
2931,1,2069,186,13,1,2,0,25,1,1,1,1,0,-0.0391536876559,0.446254104376,0.569851636887,-0.0391536876559,0.446254104376,0.569851636887
2931,2,2069,186,13,1,2,0,38,1,1,1,1,,-0.00655534444377,1.07451820374,0.753546357155,-0.0391536876559,0.446254104376,0.569851636887
2932,1,2070,186,13,1,2,0,49,1,1,1,0,1,-1.9824732542,-1.30696892738,-0.998529851437,-1.9824732542,-1.30696892738,-0.998529851437
2933,1,2070,186,13,1,2,0,20,1,1,1,0,1,-2.86060404778,-1.29683828354,-1.02737653255,-2.86060404778,-1.29683828354,-1.02737653255
2934,1,2071,186,13,1,2,1,54,1,1,1,1,0,-2.93770337105,-1.64357078075,-0.725412368774,-2.93770337105,-1.64357078075,-0.725412368774
2934,2,2071,186,13,1,2,1,67,1,1,1,1,,-2.02927589417,-1.14981257915,,-2.93770337105,-1.64357078075,-0.725412368774
2935,1,2071,186,13,1,2,1,19,1,1,1,1,0,-3.60631513596,-1.63569819927,-0.733255088329,-3.60631513596,-1.63569819927,-0.733255088329
2935,2,2071,186,13,1,2,1,29,1,1,1,1,,-2.29800200462,-1.04416632652,-0.367526322603,-3.60631513596,-1.63569819927,-0.733255088329
2936,1,2072,186,13,0,30.5000019073,0,5,1,1,1,1,0,-3.57685780525,-3.38394570351,,-3.57685780525,-3.38394570351,
2936,2,2072,186,13,0,30.5000019073,0,16,1,1,1,1,,-3.93177103996,-2.11881661415,-0.512142300606,-3.57685780525,-3.38394570351,
2937,1,2073,186,13,0,30.5000019073,0,30,1,1,1,1,0,-2.53516101837,-1.12755048275,-0.406531572342,-2.53516101837,-1.12755048275,-0.406531572342
2937,2,2073,186,13,0,30.5000019073,0,43,1,1,1,1,,-2.04764056206,-1.30548787117,-1.47362446785,-2.53516101837,-1.12755048275,-0.406531572342
2938,2,2073,186,13,0,30.5000019073,1,8,1,1,0,,,-1.1711653471,-0.846268296242,,,,
2939,1,2074,186,13,0,30.5000019073,0,1,1,1,1,0,1,-3.22334837914,-3.09951376915,,-3.22334837914,-3.09951376915,
2939,2,2074,186,13,0,30.5000019073,0,14,1,0,1,0,,,,,-3.22334837914,-3.09951376915,
2940,1,2074,186,13,0,30.5000019073,0,96,1,0,0,,,,,,,,
2940,2,2074,186,13,0,30.5000019073,0,70,1,0,0,,,,,,,,
2941,1,2075,187,13,0,22.5,1,54,1,1,1,1,0,-1.01962316036,-0.499830842018,-0.653966605663,-1.01962316036,-0.499830842018,-0.653966605663
2941,2,2075,187,13,0,22.5,1,67,1,1,1,1,,-0.891461491585,-0.364873975515,,-1.01962316036,-0.499830842018,-0.653966605663
2942,2,2075,187,13,0,22.5,1,4,1,1,0,,,-0.157037749887,1.38264620304,,,,
2943,1,2076,187,13,1,2,1,41,1,0,0,,,,,,,,
2943,2,2076,187,13,1,2,1,54,1,1,0,,,-2.82746744156,-0.727743506432,0.0322159528732,,,
2944,1,2076,187,13,1,2,1,2,1,1,1,1,0,-1.43274378777,-0.380702286959,,-1.43274378777,-0.380702286959,
2944,2,2076,187,13,1,2,1,15,1,1,1,1,,-2.61386418343,-1.81964421272,-1.4378964901,-1.43274378777,-0.380702286959,
2945,1,2077,187,13,1,2,1,58,1,1,1,1,0,-0.749736905098,-0.273665070534,-0.636146903038,-0.749736905098,-0.273665070534,-0.636146903038
2945,2,2077,187,13,1,2,1,71,1,1,1,1,,-0.705859839916,-0.224797517061,,-0.749736905098,-0.273665070534,-0.636146903038
2946,1,2077,187,13,1,2,0,23,1,1,1,1,0,-1.46605229378,-0.532108962536,-0.61107891798,-1.46605229378,-0.532108962536,-0.61107891798
2946,2,2077,187,13,1,2,0,37,1,1,1,1,,-1.83452737331,-0.756017565727,-0.93381857872,-1.46605229378,-0.532108962536,-0.61107891798
2947,1,2078,187,13,1,2,0,28,1,1,1,1,0,-4.7622551918,-3.74580526352,-1.1210474968,-4.7622551918,-3.74580526352,-1.1210474968
2947,2,2078,187,13,1,2,0,40,1,1,1,1,,-4.47712230682,-2.96248674393,-1.05283129215,-4.7622551918,-3.74580526352,-1.1210474968
2948,1,2078,187,13,1,2,0,4,1,1,1,1,0,-1.14669322968,-2.00211048126,,-1.14669322968,-2.00211048126,
2948,2,2078,187,13,1,2,0,17,1,1,1,1,,-2.55576276779,-2.92512917519,-2.14076662064,-1.14669322968,-2.00211048126,
2949,1,2079,187,13,1,2,0,16,1,1,1,1,0,,-3.02553892136,-1.45587849617,,-3.02553892136,-1.45587849617
2949,2,2079,187,13,1,2,0,29,1,1,1,1,,,-2.08861327171,-0.280179679394,,-3.02553892136,-1.45587849617
2950,1,2080,187,13,1,2,1,41,1,1,1,1,0,-1.85193133354,-1.51307201385,-1.08621692657,-1.85193133354,-1.51307201385,-1.08621692657
2950,2,2080,187,13,1,2,1,57,1,1,1,1,,-1.98458957672,-1.8754774332,-1.43915879726,-1.85193133354,-1.51307201385,-1.08621692657
2951,1,2080,187,13,1,2,1,3,1,1,1,1,0,-0.286403745413,-0.865058720112,,-0.286403745413,-0.865058720112,
2951,2,2080,187,13,1,2,1,16,1,1,1,1,,-1.27235329151,-1.45070958138,-1.58056163788,-0.286403745413,-0.865058720112,
2952,1,2081,187,13,0,22.5,1,30,1,1,1,0,1,-2.48705434799,-0.733509123325,-0.0932206064463,-2.48705434799,-0.733509123325,-0.0932206064463
2952,2,2081,187,13,0,22.5,1,43,1,0,1,0,,,,,-2.48705434799,-0.733509123325,-0.0932206064463
2953,2,2081,187,13,0,22.5,0,43,1,0,0,,,,,,,,
2954,1,2082,187,13,0,22.5,0,20,1,1,1,1,0,-0.657297134399,-0.036393456161,-0.0336833447218,-0.657297134399,-0.036393456161,-0.0336833447218
2954,2,2082,187,13,0,22.5,0,33,1,1,1,1,,-1.88663685322,-0.0918070226908,-0.472894459963,-0.657297134399,-0.036393456161,-0.0336833447218
2955,1,2083,187,13,1,2,1,54,1,1,1,1,0,-2.29834342003,-1.70444309711,-1.62742292881,-2.29834342003,-1.70444309711,-1.62742292881
2955,2,2083,187,13,1,2,1,67,1,1,1,1,,-2.11989760399,-1.27757680416,,-2.29834342003,-1.70444309711,-1.62742292881
2956,1,2083,187,13,1,2,1,9,1,1,1,1,0,-1.94288301468,-1.63237535954,,-1.94288301468,-1.63237535954,
2956,2,2083,187,13,1,2,1,22,1,1,1,1,,-2.77354383469,-1.46691656113,-0.0274593941867,-1.94288301468,-1.63237535954,
2957,1,2084,187,13,1,2,1,23,1,1,1,1,0,-1.70787453651,0.00803018454462,0.562737047672,-1.70787453651,0.00803018454462,0.562737047672
2957,2,2084,187,13,1,2,1,36,1,1,1,1,,-1.9306615591,0.066517546773,0.450661420822,-1.70787453651,0.00803018454462,0.562737047672
2958,1,2085,187,13,0,22.5,1,56,1,1,1,1,0,-1.43765461445,-0.504942655563,-0.858075022697,-1.43765461445,-0.504942655563,-0.858075022697
2958,2,2085,187,13,0,22.5,1,70,1,1,1,1,,-1.12815248966,-0.929529428482,,-1.43765461445,-0.504942655563,-0.858075022697
2959,1,2086,187,13,1,2,0,48,1,1,1,1,0,-2.00934410095,-0.589062213898,-0.812887430191,-2.00934410095,-0.589062213898,-0.812887430191
2959,2,2086,187,13,1,2,0,61,1,1,1,1,,-1.85448038578,-0.622306704521,,-2.00934410095,-0.589062213898,-0.812887430191
2960,1,2086,187,13,1,2,1,15,1,1,1,1,0,-1.35437357426,0.264894455671,0.474891871214,-1.35437357426,0.264894455671,0.474891871214
2960,2,2086,187,13,1,2,1,28,1,1,1,1,,-1.9527567625,-0.310440808535,-2.36665606499,-1.35437357426,0.264894455671,0.474891871214
2961,1,2087,188,22,1,1.87499988079,0,10,1,1,1,1,0,-2.72710943222,-0.646550953388,-0.246239036322,-2.72710943222,-0.646550953388,-0.246239036322
2961,2,2087,188,22,1,1.87499988079,0,23,1,1,1,1,,-2.20058012009,0.0136779164895,1.37800955772,-2.72710943222,-0.646550953388,-0.246239036322
2962,1,2088,188,22,1,1.87499988079,1,67,1,0,0,,,,,,,,
2962,2,2088,188,22,1,1.87499988079,1,72,1,0,0,,,,,,,,
2963,1,2088,188,22,1,1.87499988079,1,22,1,1,1,1,0,-0.49804353714,1.17629539967,0.302612215281,-0.49804353714,1.17629539967,0.302612215281
2963,2,2088,188,22,1,1.87499988079,1,36,1,1,1,1,,-1.19532084465,0.787719011307,0.595474183559,-0.49804353714,1.17629539967,0.302612215281
2964,1,2089,188,22,1,1.87499988079,1,7,1,1,1,1,0,-1.80849146843,-0.84339171648,0.253647357225,-1.80849146843,-0.84339171648,0.253647357225
2964,2,2089,188,22,1,1.87499988079,1,20,1,1,1,1,,-2.34114050865,-1.8143812418,-0.473193407059,-1.80849146843,-0.84339171648,0.253647357225
2965,1,2091,188,22,0,22.5,1,64,1,0,0,,,,,,,,
2965,2,2091,188,22,0,22.5,1,72,1,0,0,,,,,,,,
2966,1,2091,188,22,0,22.5,0,41,1,1,1,1,0,-4.7622551918,-1.89984047413,-2.56424498558,-4.7622551918,-1.89984047413,-2.56424498558
2966,2,2091,188,22,0,22.5,0,54,1,1,1,1,,-4.30737543106,-1.7847366333,0.0157133806497,-4.7622551918,-1.89984047413,-2.56424498558
2967,1,2091,188,22,0,22.5,1,2,1,1,1,1,0,-0.155831903219,0.568342030048,,-0.155831903219,0.568342030048,
2967,2,2091,188,22,0,22.5,1,15,1,1,1,1,,-2.01150083542,-0.640502333641,1.0286462307,-0.155831903219,0.568342030048,
2968,1,2092,188,22,1,1.87499988079,1,648,1,0,0,,,,,,,,
2968,2,2092,188,22,1,1.87499988079,1,66,1,1,0,,,-1.95057630539,-1.37911951542,,,,
2969,1,2092,188,22,1,1.87499988079,1,84,1,0,0,,,,,,,,
2969,2,2092,188,22,1,1.87499988079,1,19,1,1,0,,,-3.26827144623,-2.24069929123,-1.05554652214,,,
2970,1,2093,188,22,1,1.87499988079,1,31,1,1,1,1,0,-2.75085234642,-0.976384103298,0.0959124341607,-2.75085234642,-0.976384103298,0.0959124341607
2970,2,2093,188,22,1,1.87499988079,1,44,1,1,1,1,,-2.66556119919,-0.795395255089,0.420699089766,-2.75085234642,-0.976384103298,0.0959124341607
2971,1,2093,188,22,1,1.87499988079,0,5,1,1,1,1,0,-1.32729291916,-0.890737354755,,-1.32729291916,-0.890737354755,
2971,2,2093,188,22,1,1.87499988079,0,18,1,1,1,1,,-2.11647701263,-1.03320407867,0.597814142704,-1.32729291916,-0.890737354755,
2972,2,2093,188,22,1,1.87499988079,1,72,1,0,0,,,,,,,,
2973,1,2095,188,22,0,22.5,0,576,1,0,0,,,,,,,,
2973,2,2095,188,22,0,22.5,0,54,1,1,0,,,-2.07631444931,-1.19489121437,-1.5208261013,,,
2974,1,2096,188,22,1,1.87499988079,0,43,1,1,1,1,0,-1.97271251678,0.798693358898,0.392013400793,-1.97271251678,0.798693358898,0.392013400793
2974,2,2096,188,22,1,1.87499988079,0,55,1,1,1,1,,-1.85743892193,0.567441880703,0.517669916153,-1.97271251678,0.798693358898,0.392013400793
2975,1,2096,188,22,1,1.87499988079,1,8,1,1,1,1,0,-0.274758994579,0.605364441872,-0.16839812696,-0.274758994579,0.605364441872,-0.16839812696
2975,2,2096,188,22,1,1.87499988079,1,21,1,1,1,1,,-2.31985402107,-0.055065754801,0.360085725784,-0.274758994579,0.605364441872,-0.16839812696
2976,1,2097,188,22,1,1.87499988079,0,46,1,1,1,1,0,-2.03749847412,-1.22242748737,-1.62642717361,-2.03749847412,-1.22242748737,-1.62642717361
2976,2,2097,188,22,1,1.87499988079,0,59,1,1,1,1,,-1.98294627666,-0.964716017246,-1.00048649311,-2.03749847412,-1.22242748737,-1.62642717361
2977,1,2097,188,22,1,1.87499988079,1,1,1,1,1,1,0,0.543851017952,0.57708054781,,0.543851017952,0.57708054781,
2977,2,2097,188,22,1,1.87499988079,1,14,1,1,1,1,,-1.24129283428,-0.671325385571,0.590392351151,0.543851017952,0.57708054781,
2978,1,2098,188,22,1,1.87499988079,1,32,1,1,1,1,0,-3.21044039726,-1.34380960464,-1.10323309898,-3.21044039726,-1.34380960464,-1.10323309898
2978,2,2098,188,22,1,1.87499988079,1,45,1,1,1,1,,-4.47712230682,-1.34095144272,-0.972321689129,-3.21044039726,-1.34380960464,-1.10323309898
2979,1,2098,188,22,1,1.87499988079,1,3,1,1,1,1,0,-1.30775201321,0.324576795101,,-1.30775201321,0.324576795101,
2979,2,2098,188,22,1,1.87499988079,1,16,1,1,1,1,,-2.68588352203,-1.01200854778,0.836944520473,-1.30775201321,0.324576795101,
2980,1,2100,189,20,1,1.74999988079,0,7,1,1,1,1,0,-0.927880048752,-0.518010795116,-0.0619646273553,-0.927880048752,-0.518010795116,-0.0619646273553
2980,2,2100,189,20,1,1.74999988079,0,20,1,1,1,1,,-3.50027251244,-2.55204558372,-1.55464470387,-0.927880048752,-0.518010795116,-0.0619646273553
2981,1,2101,189,20,1,1.74999988079,0,11,1,1,1,1,0,-3.10766458511,-2.16188383102,-0.740964591503,-3.10766458511,-2.16188383102,-0.740964591503
2981,2,2101,189,20,1,1.74999988079,0,24,1,1,1,1,,-3.32751631737,-1.1142988205,-0.261443257332,-3.10766458511,-2.16188383102,-0.740964591503
2982,1,2102,189,20,1,1.74999988079,0,50,1,1,1,1,0,-2.11993956566,-1.50047719479,-1.18627464771,-2.11993956566,-1.50047719479,-1.18627464771
2982,2,2102,189,20,1,1.74999988079,0,64,1,1,1,1,,-2.33011007309,-1.76231181622,,-2.11993956566,-1.50047719479,-1.18627464771
2983,1,2102,189,20,1,1.74999988079,1,19,1,1,1,1,0,-2.45696926117,-0.384086370468,1.01710391045,-2.45696926117,-0.384086370468,1.01710391045
2983,2,2102,189,20,1,1.74999988079,1,32,1,1,1,1,,-2.57610654831,-0.117362946272,0.433549791574,-2.45696926117,-0.384086370468,1.01710391045
2984,1,2103,189,20,1,1.74999988079,1,64,1,0,0,,,,,,,,
2984,2,2103,189,20,1,1.74999988079,1,72,1,0,0,,,,,,,,
2985,1,2103,189,20,1,1.74999988079,1,23,1,1,1,1,0,-2.55862760544,-1.65192353725,-0.69169485569,-2.55862760544,-1.65192353725,-0.69169485569
2985,2,2103,189,20,1,1.74999988079,1,36,1,1,1,1,,-2.41650867462,-0.897446513176,-0.871494174004,-2.55862760544,-1.65192353725,-0.69169485569
2986,1,2103,189,20,1,1.74999988079,1,1,1,1,1,1,0,-4.39419603348,-3.81312966347,,-4.39419603348,-3.81312966347,
2986,2,2103,189,20,1,1.74999988079,1,12,1,1,1,1,,1.15755546093,-0.923367917538,-0.8469170928,-4.39419603348,-3.81312966347,
2987,1,2104,189,20,1,1.74999988079,0,45,1,1,1,1,0,-1.03371584415,0.0051613044925,-0.344388663769,-1.03371584415,0.0051613044925,-0.344388663769
2987,2,2104,189,20,1,1.74999988079,0,58,1,1,1,1,,-1.29754698277,-0.339348316193,-1.34560716152,-1.03371584415,0.0051613044925,-0.344388663769
2988,2,2104,189,20,1,1.74999988079,1,10,1,1,0,,,-1.32998204231,-1.36918711662,-1.0953463316,,,
2989,2,2104,189,20,1,1.74999988079,0,48,1,0,0,,,,,,,,
2990,1,2105,189,20,1,1.74999988079,1,44,1,1,1,1,0,-2.65350556374,-0.6423214674,0.247337952256,-2.65350556374,-0.6423214674,0.247337952256
2990,2,2105,189,20,1,1.74999988079,1,57,1,1,1,1,,-2.81305241585,-0.60825997591,-0.100461557508,-2.65350556374,-0.6423214674,0.247337952256
2991,1,2105,189,20,1,1.74999988079,1,4,1,1,1,1,0,0.53597766161,1.03079533577,,0.53597766161,1.03079533577,
2991,2,2105,189,20,1,1.74999988079,1,16,1,1,1,1,,-1.98806393147,-0.333405256271,-0.193318799138,0.53597766161,1.03079533577,
2992,1,2106,189,20,1,1.74999988079,1,61,1,0,0,,,,,,,,
2992,2,2106,189,20,1,1.74999988079,1,72,1,0,0,,,,,,,,
2993,1,2106,189,20,1,1.74999988079,0,38,1,1,1,1,0,-3.44291782379,-2.22940254211,-0.576886892319,-3.44291782379,-2.22940254211,-0.576886892319
2993,2,2106,189,20,1,1.74999988079,0,51,1,1,1,1,,-3.0089635849,-1.64711546898,-1.5925744772,-3.44291782379,-2.22940254211,-0.576886892319
2994,2,2106,189,20,1,1.74999988079,1,2,1,1,0,,,-1.3836325407,0.0176813583821,,,,
2995,1,2108,189,20,0,20.5,1,23,1,1,1,0,1,-1.06193053722,0.114596456289,-0.780880868435,-1.06193053722,0.114596456289,-0.780880868435
2996,1,2109,189,20,1,1.74999988079,0,6,1,1,1,1,0,-2.09018468857,-0.572138786316,-0.222088694572,-2.09018468857,-0.572138786316,-0.222088694572
2996,2,2109,189,20,1,1.74999988079,0,19,1,1,1,1,,-2.59201908112,-0.346553266048,0.559815466404,-2.09018468857,-0.572138786316,-0.222088694572
2997,1,2111,190,19,1,2.5,0,61,1,0,0,,,,,,,,
2997,2,2111,190,19,1,2.5,0,72,1,0,0,,,,,,,,
2998,1,2111,190,19,1,2.5,1,20,1,1,1,1,0,-0.565436124802,0.591552376747,1.1948941946,-0.565436124802,0.591552376747,1.1948941946
2998,2,2111,190,19,1,2.5,1,33,1,1,1,1,,-0.660039305687,1.38264620304,0.6123726964,-0.565436124802,0.591552376747,1.1948941946
2999,2,2111,190,19,1,2.5,1,6,1,1,0,,,-0.0137243755162,-0.0756107792258,0.0199041329324,,,
3000,1,2113,190,19,1,2.5,0,47,1,1,1,1,0,-1.63890337944,0.0471866987646,-0.082001850009,-1.63890337944,0.0471866987646,-0.082001850009
3000,2,2113,190,19,1,2.5,0,60,1,1,1,1,,-0.801445662975,0.400152295828,1.10226082802,-1.63890337944,0.0471866987646,-0.082001850009
3001,1,2113,190,19,1,2.5,0,15,1,1,1,1,0,-2.48817181587,-0.22360432148,-0.122089415789,-2.48817181587,-0.22360432148,-0.122089415789
3001,2,2113,190,19,1,2.5,0,28,1,1,1,1,,-1.52210688591,-0.393971413374,-0.151815444231,-2.48817181587,-0.22360432148,-0.122089415789
3002,1,2114,190,19,1,2.5,1,8,1,1,1,1,0,-1.14156711102,-2.36544537544,-1.86655461788,-1.14156711102,-2.36544537544,-1.86655461788
3002,2,2114,190,19,1,2.5,1,21,1,1,1,1,,-1.78190135956,-1.81034374237,-1.40287923813,-1.14156711102,-2.36544537544,-1.86655461788
3003,1,2115,190,19,1,2.5,1,48,1,1,1,1,0,-1.34211909771,-0.140623793006,-0.909322917461,-1.34211909771,-0.140623793006,-0.909322917461
3003,2,2115,190,19,1,2.5,1,61,1,1,1,1,,-1.69732797146,-0.166824564338,,-1.34211909771,-0.140623793006,-0.909322917461
3004,1,2115,190,19,1,2.5,1,14,1,1,1,1,0,-2.75020599365,-1.71493971348,-1.64217483997,-2.75020599365,-1.71493971348,-1.64217483997
3004,2,2115,190,19,1,2.5,1,27,1,1,1,1,,-2.65671682358,-1.7728433609,-0.851584672928,-2.75020599365,-1.71493971348,-1.64217483997
3005,1,2116,190,19,1,2.5,0,40,1,1,1,1,0,-1.79778802395,-0.764100313187,-0.300891160965,-1.79778802395,-0.764100313187,-0.300891160965
3005,2,2116,190,19,1,2.5,0,56,1,1,1,1,,-1.78667843342,-1.10995101929,-0.664201200008,-1.79778802395,-0.764100313187,-0.300891160965
3006,1,2116,190,19,1,2.5,1,11,1,1,1,1,0,-1.45629298687,-0.78159558773,-0.142672911286,-1.45629298687,-0.78159558773,-0.142672911286
3006,2,2116,190,19,1,2.5,1,24,1,1,1,1,,-1.60098564625,-0.579725384712,0.261740595102,-1.45629298687,-0.78159558773,-0.142672911286
3007,1,2117,190,19,1,2.5,1,11,1,1,1,1,0,-1.07942485809,-0.256824731827,0.112676568329,-1.07942485809,-0.256824731827,0.112676568329
3007,2,2117,190,19,1,2.5,1,24,1,1,1,1,,-1.27553927898,-0.285958349705,0.500938534737,-1.07942485809,-0.256824731827,0.112676568329
3008,2,2119,190,19,0,13.25,0,58,1,0,0,,,,,,,,
3009,1,2120,190,19,0,13.25,1,72,1,0,0,,,,,,,,
3009,2,2120,190,19,0,13.25,1,72,1,0,0,,,,,,,,
3010,1,2120,190,19,0,13.25,1,58,1,1,1,1,0,-1.59314513206,-0.714537680149,-0.230936422944,-1.59314513206,-0.714537680149,-0.230936422944
3010,2,2120,190,19,0,13.25,1,71,1,1,1,1,,-1.38379848003,-0.453477978706,,-1.59314513206,-0.714537680149,-0.230936422944
3011,1,2120,190,19,0,13.25,0,38,1,1,1,1,0,-3.11376452446,-1.20479488373,-0.660779774189,-3.11376452446,-1.20479488373,-0.660779774189
3011,2,2120,190,19,0,13.25,0,51,1,1,1,1,,-2.30051374435,-0.825730919838,-0.636097192764,-3.11376452446,-1.20479488373,-0.660779774189
3012,1,2120,190,19,0,13.25,1,19,1,1,1,1,0,-2.60908770561,-1.30469095707,-1.38790881634,-2.60908770561,-1.30469095707,-1.38790881634
3012,2,2120,190,19,0,13.25,1,32,1,1,1,1,,-2.16241121292,-0.730649769306,-0.592904269695,-2.60908770561,-1.30469095707,-1.38790881634
3013,1,2121,190,19,1,2.5,0,58,1,1,1,1,0,-2.17443108559,-0.547933459282,-0.940466046333,-2.17443108559,-0.547933459282,-0.940466046333
3013,2,2121,190,19,1,2.5,0,69,1,1,1,1,,-1.78842425346,-0.190623879433,,-2.17443108559,-0.547933459282,-0.940466046333
3014,1,2121,190,19,1,2.5,0,13,1,1,1,1,0,-3.20220947266,-0.06952355057,0.71223372221,-3.20220947266,-0.06952355057,0.71223372221
3014,2,2121,190,19,1,2.5,0,26,1,1,1,1,,-2.61562776566,-0.672688543797,0.759762763977,-3.20220947266,-0.06952355057,0.71223372221
3015,1,2122,190,19,1,2.5,0,67,1,0,0,,,,,,,,
3015,2,2122,190,19,1,2.5,0,72,1,0,0,,,,,,,,
3016,1,2122,190,19,1,2.5,0,31,1,1,1,1,0,-3.73306632042,-1.85840308666,-0.445096045732,-3.73306632042,-1.85840308666,-0.445096045732
3016,2,2122,190,19,1,2.5,0,44,1,1,1,1,,-3.85491228104,-1.90291488171,-0.806991875172,-3.73306632042,-1.85840308666,-0.445096045732
3017,1,2123,191,21,1,1.74999988079,0,20,1,1,1,1,0,-1.4746516943,-1.35149097443,-0.840887844563,-1.4746516943,-1.35149097443,-0.840887844563
3017,2,2123,191,21,1,1.74999988079,0,33,1,1,1,1,,-1.83049702644,-0.977803647518,-0.949385762215,-1.4746516943,-1.35149097443,-0.840887844563
3018,1,2124,191,21,1,1.74999988079,0,36,1,1,1,1,0,-3.62391662598,-1.96949827671,-0.522299945354,-3.62391662598,-1.96949827671,-0.522299945354
3018,2,2124,191,21,1,1.74999988079,0,49,1,1,1,1,,-3.10503768921,-1.5911141634,-0.204289779067,-3.62391662598,-1.96949827671,-0.522299945354
3019,1,2124,191,21,1,1.74999988079,1,12,1,1,1,1,0,-2.78254413605,-1.90659761429,-1.08014822006,-2.78254413605,-1.90659761429,-1.08014822006
3019,2,2124,191,21,1,1.74999988079,1,25,1,1,1,1,,-2.89490461349,-2.18799686432,-0.424216985703,-2.78254413605,-1.90659761429,-1.08014822006
3020,1,2125,191,21,1,1.74999988079,1,84,1,0,0,,,,,,,,
3020,2,2125,191,21,1,1.74999988079,1,72,1,0,0,,,,,,,,
3021,1,2125,191,21,1,1.74999988079,1,51,1,1,1,1,0,-3.40945792198,-1.89329791069,-0.415371030569,-3.40945792198,-1.89329791069,-0.415371030569
3021,2,2125,191,21,1,1.74999988079,1,64,1,1,1,1,,-3.32776761055,-1.99142432213,,-3.40945792198,-1.89329791069,-0.415371030569
3022,1,2125,191,21,1,1.74999988079,1,21,1,1,1,1,0,-2.43396759033,-0.371745705605,0.758211255074,-2.43396759033,-0.371745705605,0.758211255074
3022,2,2125,191,21,1,1.74999988079,1,34,1,1,1,1,,-2.27084422112,-0.592970073223,0.272943854332,-2.43396759033,-0.371745705605,0.758211255074
3023,1,2126,191,21,0,25.25,1,24,1,0,0,,,,,,,,
3023,2,2126,191,21,0,25.25,1,37,1,1,0,,,-3.09919977188,-0.878714323044,0.66146838665,,,
3024,1,2127,191,21,1,1.74999988079,0,61,1,0,0,,,,,,,,
3024,2,2127,191,21,1,1.74999988079,0,72,1,0,0,,,,,,,,
3025,1,2127,191,21,1,1.74999988079,0,17,1,0,0,,,,,,,,
3025,2,2127,191,21,1,1.74999988079,0,30,1,1,0,,,-2.19744277,-0.80427390337,-0.449384838343,,,
3026,1,2128,191,21,1,1.74999988079,1,51,1,1,1,1,0,-1.81536662579,-0.894115805626,-1.30733954906,-1.81536662579,-0.894115805626,-1.30733954906
3026,2,2128,191,21,1,1.74999988079,1,64,1,1,1,1,,-1.70592689514,-1.01835036278,,-1.81536662579,-0.894115805626,-1.30733954906
3027,1,2128,191,21,1,1.74999988079,0,19,1,1,1,1,0,-2.79163265228,-1.94992661476,-1.08139002323,-2.79163265228,-1.94992661476,-1.08139002323
3027,2,2128,191,21,1,1.74999988079,0,32,1,1,1,1,,-2.78352236748,-1.65299320221,0.379309296608,-2.79163265228,-1.94992661476,-1.08139002323
3028,2,2128,191,21,1,1.74999988079,0,2,1,1,0,,,-0.437347948551,0.864781022072,,,,
3029,1,2130,191,21,0,25.25,1,11,1,1,1,1,0,-1.51579880714,-1.33755111694,-0.582858383656,-1.51579880714,-1.33755111694,-0.582858383656
3029,2,2130,191,21,0,25.25,1,24,1,1,1,1,,-1.66297471523,-0.533635675907,0.579466760159,-1.51579880714,-1.33755111694,-0.582858383656
3030,1,2132,191,21,1,1.74999988079,1,46,1,1,1,1,0,-3.26020479202,-1.55614757538,-0.322562664747,-3.26020479202,-1.55614757538,-0.322562664747
3030,2,2132,191,21,1,1.74999988079,1,61,1,1,1,1,,-4.01236200333,-2.38309168816,,-3.26020479202,-1.55614757538,-0.322562664747
3031,1,2132,191,21,1,1.74999988079,1,12,1,1,1,1,0,-0.355342656374,-0.508727312088,-0.618792951107,-0.355342656374,-0.508727312088,-0.618792951107
3031,2,2132,191,21,1,1.74999988079,1,24,1,1,1,1,,-0.795117795467,-0.518345892429,-0.978074789047,-0.355342656374,-0.508727312088,-0.618792951107
3032,1,2133,191,21,1,1.74999988079,1,16,1,1,1,0,1,-4.20676851273,-3.12040615082,-2.78186511993,-4.20676851273,-3.12040615082,-2.78186511993
3032,2,2133,191,21,1,1.74999988079,1,29,1,0,1,0,,,,,-4.20676851273,-3.12040615082,-2.78186511993
3033,2,2133,191,21,1,1.74999988079,0,10,1,1,0,,,-2.85840725899,-3.04225182533,-2.17801642418,,,
3034,1,2134,191,21,1,1.74999988079,0,1,1,1,1,1,0,-3.01785755157,-2.21088457108,,-3.01785755157,-2.21088457108,
3034,2,2134,191,21,1,1.74999988079,0,13,1,1,1,1,,-2.7487912178,-1.31045937538,-1.56578850746,-3.01785755157,-2.21088457108,
3035,1,2137,192,18,1,1.5,1,8,1,1,1,1,0,-0.253616005182,-0.218802824616,0.585851669312,-0.253616005182,-0.218802824616,0.585851669312
3035,2,2137,192,18,1,1.5,1,22,1,1,1,1,,-2.74149274826,-1.93306279182,-1.80303788185,-0.253616005182,-0.218802824616,0.585851669312
3036,1,2138,192,18,1,1.5,0,16,1,1,1,1,0,-1.55211818218,-1.1943680048,-0.421259701252,-1.55211818218,-1.1943680048,-0.421259701252
3036,2,2138,192,18,1,1.5,0,29,1,1,1,1,,-2.69631266594,-1.0952706337,-1.2096953392,-1.55211818218,-1.1943680048,-0.421259701252
3037,2,2138,192,18,1,1.5,0,1,1,1,0,,,-0.218027293682,0.0151831423864,,,,
3038,1,2140,192,18,1,1.5,0,9,1,1,1,1,0,-0.766158759594,-0.380193501711,-0.0220214948058,-0.766158759594,-0.380193501711,-0.0220214948058
3038,2,2140,192,18,1,1.5,0,22,1,1,1,1,,-1.15795600414,-0.283111572266,-0.429564714432,-0.766158759594,-0.380193501711,-0.0220214948058
3039,2,2140,192,18,1,1.5,0,1,1,1,0,,,-0.706071436405,-0.0517344772816,,,,
3040,1,2141,192,18,0,12,1,72,1,0,0,,,,,,,,
3040,2,2141,192,18,0,12,1,72,1,0,0,,,,,,,,
3041,1,2141,192,18,0,12,0,31,1,1,1,1,0,-1.42033529282,0.568593382835,0.456811606884,-1.42033529282,0.568593382835,0.456811606884
3041,2,2141,192,18,0,12,0,44,1,1,1,1,,-1.48073983192,0.659627258778,0.5481159091,-1.42033529282,0.568593382835,0.456811606884
3042,2,2141,192,18,0,12,0,13,1,1,0,,,-2.87245202065,-0.875431656837,-0.0228675156832,,,
3043,1,2142,192,18,1,1.5,1,72,1,0,0,,,,,,,,
3043,2,2142,192,18,1,1.5,1,72,1,0,0,,,,,,,,
3044,1,2142,192,18,1,1.5,0,38,1,1,1,1,0,-4.7622551918,-3.59439587593,-1.81760716438,-4.7622551918,-3.59439587593,-1.81760716438
3044,2,2142,192,18,1,1.5,0,54,1,1,1,1,,-4.47712230682,-3.44565272331,-2.95972418785,-4.7622551918,-3.59439587593,-1.81760716438
3045,1,2142,192,18,1,1.5,0,108,1,0,0,,,,,,,,
3045,2,2142,192,18,1,1.5,0,23,1,1,0,,,-4.47094297409,-3.44565272331,-2.95972418785,,,
3046,1,2143,192,18,1,1.5,1,41,1,1,1,1,0,-2.48568511009,-0.377118110657,0.707388758659,-2.48568511009,-0.377118110657,0.707388758659
3046,2,2143,192,18,1,1.5,1,55,1,1,1,1,,-2.46634984016,-0.509194135666,0.542300522327,-2.48568511009,-0.377118110657,0.707388758659
3047,1,2143,192,18,1,1.5,1,24,1,1,1,1,0,-2.28287768364,,-0.0659498795867,-2.28287768364,,-0.0659498795867
3047,2,2143,192,18,1,1.5,1,37,1,1,1,1,,-1.61967015266,-0.478908836842,0.189798042178,-2.28287768364,,-0.0659498795867
3048,1,2143,192,18,1,1.5,1,2,1,1,1,1,0,-1.43274378777,-0.539052844048,,-1.43274378777,-0.539052844048,
3048,2,2143,192,18,1,1.5,1,14,1,1,1,1,,-2.54529094696,,0.749851763248,-1.43274378777,-0.539052844048,
3049,1,2144,192,18,1,1.5,0,72,1,0,0,,,,,,,,
3049,2,2144,192,18,1,1.5,0,56,1,1,0,,,-2.5330119133,-1.1351776123,-1.34802305698,,,
3050,1,2144,192,18,1,1.5,1,19,1,1,1,1,0,-2.54485869408,-2.46237587929,-2.08529019356,-2.54485869408,-2.46237587929,-2.08529019356
3050,2,2144,192,18,1,1.5,1,33,1,1,1,1,,-3.24693703651,-2.51512145996,-2.00296616554,-2.54485869408,-2.46237587929,-2.08529019356
3051,1,2145,192,18,1,1.5,0,8,1,1,1,1,0,-4.35243415833,-1.48464262486,-0.986173927784,-4.35243415833,-1.48464262486,-0.986173927784
3051,2,2145,192,18,1,1.5,0,22,1,1,1,1,,-3.76511454582,-0.721022665501,0.388605892658,-4.35243415833,-1.48464262486,-0.986173927784
3052,1,2146,192,18,1,1.5,1,7,1,1,1,1,0,-1.3765925169,0.616036176682,1.13796782494,-1.3765925169,0.616036176682,1.13796782494
3052,2,2146,192,18,1,1.5,1,20,1,1,1,1,,-1.71051418781,0.227287918329,0.772918105125,-1.3765925169,0.616036176682,1.13796782494
3053,1,2147,193,21,0,20.25,0,46,1,1,1,1,0,-2.7414829731,-0.425384163857,0.092821650207,-2.7414829731,-0.425384163857,0.092821650207
3053,2,2147,193,21,0,20.25,0,59,1,1,1,1,,-2.16782259941,-0.423456221819,-1.00048649311,-2.7414829731,-0.425384163857,0.092821650207
3054,2,2147,193,21,0,20.25,1,29,1,1,0,,,-4.45262145996,-2.95974802971,-2.36908054352,,,
3055,1,2150,193,21,1,1.375,0,52,1,1,1,1,0,-2.29395842552,-0.630720198154,-0.196584194899,-2.29395842552,-0.630720198154,-0.196584194899
3055,2,2150,193,21,1,1.375,0,66,1,1,1,1,,-2.25701594353,-0.723691761494,,-2.29395842552,-0.630720198154,-0.196584194899
3056,1,2150,193,21,1,1.375,1,13,1,1,1,1,0,-3.10601305962,-1.16974556446,-0.564066410065,-3.10601305962,-1.16974556446,-0.564066410065
3056,2,2150,193,21,1,1.375,1,27,1,1,1,1,,-3.21864151955,-0.679569602013,0.312779426575,-3.10601305962,-1.16974556446,-0.564066410065
3057,1,2151,193,21,1,1.375,0,47,1,1,1,1,0,-3.07031178474,-1.66502630711,-1.91884732246,-3.07031178474,-1.66502630711,-1.91884732246
3057,2,2151,193,21,1,1.375,0,59,1,1,1,1,,-3.12482094765,-1.65877711773,-2.60725522041,-3.07031178474,-1.66502630711,-1.91884732246
3058,1,2151,193,21,1,1.375,1,11,1,1,1,1,0,-2.50755238533,-1.63873434067,-0.493306457996,-2.50755238533,-1.63873434067,-0.493306457996
3058,2,2151,193,21,1,1.375,1,23,1,1,1,1,,-3.09428906441,-2.02357411385,-0.961531221867,-2.50755238533,-1.63873434067,-0.493306457996
3059,1,2152,193,21,0,20.25,0,13,1,1,1,1,0,-2.62513017654,-1.35293674469,0.197212398052,-2.62513017654,-1.35293674469,0.197212398052
3059,2,2152,193,21,0,20.25,0,26,1,1,1,1,,-3.5602953434,-1.97057664394,-0.89225178957,-2.62513017654,-1.35293674469,0.197212398052
3060,2,2152,193,21,0,20.25,1,3,1,1,0,,,-2.30534672737,-1.28199708462,,,,
3061,1,2153,193,21,1,1.375,0,22,1,1,1,1,0,-1.29427599907,0.396816790104,0.13599139452,-1.29427599907,0.396816790104,0.13599139452
3061,2,2153,193,21,1,1.375,0,35,1,1,1,1,,-0.525509059429,0.76075565815,-0.000241196044954,-1.29427599907,0.396816790104,0.13599139452
3062,2,2153,193,21,1,1.375,1,9,1,1,0,,,1.15755546093,1.21870720387,0.280323714018,,,
3063,1,2154,193,21,1,1.375,0,37,1,1,1,1,0,-2.95384192467,-0.595237672329,-0.718886077404,-2.95384192467,-0.595237672329,-0.718886077404
3063,2,2154,193,21,1,1.375,0,50,1,1,1,1,,-2.28396272659,-0.919696331024,-1.18627464771,-2.95384192467,-0.595237672329,-0.718886077404
3064,1,2154,193,21,1,1.375,0,5,1,1,1,1,0,-1.25625324249,0.260512530804,,-1.25625324249,0.260512530804,
3064,2,2154,193,21,1,1.375,0,18,1,1,1,1,,-1.61597001553,-0.291100651026,-0.175427734852,-1.25625324249,0.260512530804,
3065,1,2155,193,21,1,1.375,0,72,1,0,0,,,,,,,,
3065,2,2155,193,21,1,1.375,0,72,1,0,0,,,,,,,,
3066,1,2155,193,21,1,1.375,0,32,1,1,1,1,0,-3.05403447151,-0.618328154087,0.339820951223,-3.05403447151,-0.618328154087,0.339820951223
3066,2,2155,193,21,1,1.375,0,45,1,1,1,1,,-2.28340816498,-0.172332137823,-0.110704131424,-3.05403447151,-0.618328154087,0.339820951223
3067,1,2155,193,21,1,1.375,1,10,1,1,1,1,0,-1.75550317764,-0.987492740154,0.0663783475757,-1.75550317764,-0.987492740154,0.0663783475757
3067,2,2155,193,21,1,1.375,1,23,1,1,1,1,,-1.89693057537,-2.03338050842,-2.1655497551,-1.75550317764,-0.987492740154,0.0663783475757
3068,1,2156,193,21,1,1.375,0,52,1,1,1,1,0,-2.34002304077,-0.806349158287,-0.424121469259,-2.34002304077,-0.806349158287,-0.424121469259
3068,2,2156,193,21,1,1.375,0,65,1,1,1,1,,-2.02333498001,-0.466022819281,,-2.34002304077,-0.806349158287,-0.424121469259
3069,1,2156,193,21,1,1.375,1,23,1,1,1,1,0,-3.06277775764,-1.23005700111,-0.870822072029,-3.06277775764,-1.23005700111,-0.870822072029
3069,2,2156,193,21,1,1.375,1,37,1,1,1,1,,-3.11217904091,-1.38238465786,-1.24390399456,-3.06277775764,-1.23005700111,-0.870822072029
3070,2,2156,193,21,1,1.375,0,1,1,1,0,,,-1.99039697647,-1.96060061455,,,,
3071,1,2157,193,21,1,1.375,0,59,1,1,1,1,0,-0.956347942352,1.13259243965,1.75709688663,-0.956347942352,1.13259243965,1.75709688663
3071,2,2157,193,21,1,1.375,0,72,1,1,1,1,,-1.41084730625,0.50068205595,,-0.956347942352,1.13259243965,1.75709688663
3072,1,2157,193,21,1,1.375,1,31,1,1,1,1,0,-1.99627423286,-0.834174215794,-0.801926255226,-1.99627423286,-0.834174215794,-0.801926255226
3072,2,2157,193,21,1,1.375,1,44,1,1,1,1,,-1.94225919247,-0.535441875458,-0.668599367142,-1.99627423286,-0.834174215794,-0.801926255226
3073,1,2157,193,21,1,1.375,0,4,1,1,1,1,0,-0.642072021961,0.258896827698,,-0.642072021961,0.258896827698,
3073,2,2157,193,21,1,1.375,0,17,1,1,1,1,,0.284519404173,-0.248809814453,0.337728023529,-0.642072021961,0.258896827698,
3074,1,2158,193,21,1,1.375,0,42,1,1,1,1,0,-3.22854113579,-1.60265183449,-0.271730393171,-3.22854113579,-1.60265183449,-0.271730393171
3074,2,2158,193,21,1,1.375,0,56,1,1,1,1,,-3.10111570358,-1.36654961109,-1.06003022194,-3.22854113579,-1.60265183449,-0.271730393171
3075,1,2158,193,21,1,1.375,1,9,1,1,1,1,0,-1.28055810928,-2.42267823219,-1.93115782738,-1.28055810928,-2.42267823219,-1.93115782738
3075,2,2158,193,21,1,1.375,1,22,1,1,1,1,,-1.86013770103,-1.5780967474,-1.36624670029,-1.28055810928,-2.42267823219,-1.93115782738
3076,1,2159,194,19,1,1.5,0,8,1,1,1,1,0,-1.54131376743,-0.741038858891,-0.986173927784,-1.54131376743,-0.741038858891,-0.986173927784
3076,2,2159,194,19,1,1.5,0,21,1,1,1,1,,-1.42121994495,-0.972917795181,-1.16466927528,-1.54131376743,-0.741038858891,-0.986173927784
3077,1,2160,194,19,1,1.5,0,57,1,1,1,1,0,-2.63449048996,-0.767272949219,-0.0166348069906,-2.63449048996,-0.767272949219,-0.0166348069906
3077,2,2160,194,19,1,1.5,0,68,1,1,1,1,,-2.39095497131,-0.986522197723,,-2.63449048996,-0.767272949219,-0.0166348069906
3078,1,2160,194,19,1,1.5,0,35,1,1,1,1,0,-4.75996208191,-1.63592994213,0.237931936979,-4.75996208191,-1.63592994213,0.237931936979
3078,2,2160,194,19,1,1.5,0,48,1,1,1,1,,-4.47712230682,-1.37604618073,0.0448001138866,-4.75996208191,-1.63592994213,0.237931936979
3079,1,2160,194,19,1,1.5,0,14,1,0,0,,,,,,,,
3079,2,2160,194,19,1,1.5,0,25,1,1,0,,,-1.7079782486,-0.651827871799,-0.798703849316,,,
3080,1,2161,194,19,0,16,0,33,1,1,1,1,0,-1.26908910275,-0.365736693144,-0.430588573217,-1.26908910275,-0.365736693144,-0.430588573217
3080,2,2161,194,19,0,16,0,46,1,1,1,1,,-2.07391357422,-0.613860309124,-0.28937074542,-1.26908910275,-0.365736693144,-0.430588573217
3081,2,2161,194,19,0,16,1,9,1,1,0,,,-1.05288672447,-0.151484906673,0.280323714018,,,
3082,1,2162,194,19,0,16,1,36,1,1,1,0,1,-4.20233488083,-2.27378320694,-1.08117175102,-4.20233488083,-2.27378320694,-1.08117175102
3083,1,2163,194,19,1,1.5,0,72,1,0,0,,,,,,,,
3083,2,2163,194,19,1,1.5,0,60,1,0,0,,,,,,,,
3084,1,2163,194,19,1,1.5,0,8,1,1,1,1,0,1.41551947594,-0.65536737442,,1.41551947594,-0.65536737442,
3084,2,2163,194,19,1,1.5,0,21,1,1,1,1,,-0.55139786005,-0.513246059418,-0.608890473843,1.41551947594,-0.65536737442,
3085,1,2164,194,19,1,1.5,1,16,1,1,1,1,0,-3.06162977219,-3.1993830204,-2.24298477173,-3.06162977219,-3.1993830204,-2.24298477173
3085,2,2164,194,19,1,1.5,1,30,1,1,1,1,,-3.77594614029,-3.1413936615,-2.21889138222,-3.06162977219,-3.1993830204,-2.24298477173
3086,1,2165,194,19,0,16,0,4,1,1,1,1,0,-1.38698923588,-1.32017612457,,-1.38698923588,-1.32017612457,
3086,2,2165,194,19,0,16,0,17,1,1,1,1,,-2.44215035439,-1.20345139503,-0.229211241007,-1.38698923588,-1.32017612457,
3087,1,2166,194,19,1,1.5,0,60,1,0,0,,,,,,,,
3087,2,2166,194,19,1,1.5,0,73,1,1,0,,,-2.79266428947,-1.41315352917,,,,
3088,1,2166,194,19,1,1.5,0,32,1,1,1,1,0,-3.52387332916,-0.881944596767,-0.0631044209003,-3.52387332916,-0.881944596767,-0.0631044209003
3088,2,2166,194,19,1,1.5,0,44,1,1,1,1,,-2.74201965332,-0.540006637573,-0.601398408413,-3.52387332916,-0.881944596767,-0.0631044209003
3089,1,2166,194,19,1,1.5,0,4,1,1,1,1,0,1.01597070694,1.74831914902,,1.01597070694,1.74831914902,
3089,2,2166,194,19,1,1.5,0,17,1,1,1,1,,-1.38178002834,0.671597480774,0.380365878344,1.01597070694,1.74831914902,
3090,2,2167,194,19,0,16,0,5,1,1,0,,,,,0.456608563662,,,
3091,1,2168,194,19,1,1.5,1,18,1,1,1,1,0,-1.62125039101,-0.626041054726,0.0173723772168,-1.62125039101,-0.626041054726,0.0173723772168
3091,2,2168,194,19,1,1.5,1,31,1,1,1,1,,-3.79887366295,-0.5861094594,-0.384183913469,-1.62125039101,-0.626041054726,0.0173723772168
3092,1,2169,194,19,1,1.5,1,66,1,0,0,,,,,,,,
3092,2,2169,194,19,1,1.5,1,72,1,0,0,,,,,,,,
3093,1,2169,194,19,1,1.5,0,16,1,1,1,1,0,-2.22925591469,-0.524646699429,-0.152181342244,-2.22925591469,-0.524646699429,-0.152181342244
3093,2,2169,194,19,1,1.5,0,29,1,1,1,1,,-2.56198740005,-0.452431410551,-0.451512873173,-2.22925591469,-0.524646699429,-0.152181342244
3094,1,2170,194,19,1,1.5,0,66,1,0,0,,,,,,,,
3094,2,2170,194,19,1,1.5,0,72,1,0,0,,,,,,,,
3095,1,2170,194,19,1,1.5,1,5,1,1,1,1,0,-1.18613743782,-1.33394181728,,-1.18613743782,-1.33394181728,
3095,2,2170,194,19,1,1.5,1,18,1,1,1,1,,-2.30998635292,-1.17271208763,-1.19268536568,-1.18613743782,-1.33394181728,
3096,1,2171,195,17,1,1.74999988079,0,58,1,1,1,1,0,-1.86752128601,0.257274210453,0.37794905901,-1.86752128601,0.257274210453,0.37794905901
3096,2,2171,195,17,1,1.74999988079,0,72,1,1,1,1,,-1.99947047234,-0.228241279721,,-1.86752128601,0.257274210453,0.37794905901
3097,1,2171,195,17,1,1.74999988079,0,2,1,1,1,1,0,0.987319409847,0.443322211504,,0.987319409847,0.443322211504,
3097,2,2171,195,17,1,1.74999988079,0,15,1,1,1,1,,-1.12469053268,-1.43474936485,-1.42529058456,0.987319409847,0.443322211504,
3098,1,2172,195,17,1,1.74999988079,0,43,1,1,1,1,0,-2.13505554199,-0.804840743542,-0.618697404861,-2.13505554199,-0.804840743542,-0.618697404861
3098,2,2172,195,17,1,1.74999988079,0,56,1,1,1,1,,-1.86465322971,-1.14023387432,-0.54884749651,-2.13505554199,-0.804840743542,-0.618697404861
3099,1,2173,195,17,1,1.74999988079,1,18,1,1,1,1,0,-0.0715944468975,0.124636910856,-0.326909393072,-0.0715944468975,0.124636910856,-0.326909393072
3099,2,2173,195,17,1,1.74999988079,1,31,1,1,1,1,,-1.4932243824,0.269613623619,0.479627877474,-0.0715944468975,0.124636910856,-0.326909393072
3100,2,2173,195,17,1,1.74999988079,1,4,1,1,0,,,-0.503545463085,0.218299850821,,,,
3101,1,2174,195,17,1,1.74999988079,0,28,1,1,1,1,0,-2.67613911629,-1.71756207943,-0.848577976227,-2.67613911629,-1.71756207943,-0.848577976227
3101,2,2174,195,17,1,1.74999988079,0,41,1,1,1,1,,-2.17775416374,-1.55138063431,-0.990488827229,-2.67613911629,-1.71756207943,-0.848577976227
3102,1,2174,195,17,1,1.74999988079,1,2,1,1,1,1,0,0.703628540039,0.803669810295,,0.703628540039,0.803669810295,
3102,2,2174,195,17,1,1.74999988079,1,15,1,1,1,1,,-1.28136062622,-0.529491424561,0.144573867321,0.703628540039,0.803669810295,
3103,1,2175,195,17,0,14.25,1,64,1,0,0,,,,,,,,
3103,2,2175,195,17,0,14.25,1,72,1,0,0,,,,,,,,
3104,1,2175,195,17,0,14.25,1,13,1,1,1,1,0,-1.66093218327,0.183978825808,1.39310097694,-1.66093218327,0.183978825808,1.39310097694
3104,2,2175,195,17,0,14.25,1,26,1,1,1,1,,-1.57545876503,0.471558839083,1.70347952843,-1.66093218327,0.183978825808,1.39310097694
3105,1,2176,195,17,0,14.25,1,54,1,1,1,1,0,-1.52670228481,-0.755757391453,-1.24117362499,-1.52670228481,-0.755757391453,-1.24117362499
3105,2,2176,195,17,0,14.25,1,67,1,1,1,1,,-1.09284448624,-0.524630844593,,-1.52670228481,-0.755757391453,-1.24117362499
3106,2,2176,195,17,0,14.25,0,3,1,0,0,,,,,,,,
3107,1,2177,195,17,1,1.74999988079,1,45,1,1,1,1,0,-2.52458143234,-0.836724638939,-0.143527850509,-2.52458143234,-0.836724638939,-0.143527850509
3107,2,2177,195,17,1,1.74999988079,1,58,1,1,1,1,,-1.87072336674,-0.767387986183,-0.230936422944,-2.52458143234,-0.836724638939,-0.143527850509
3108,1,2177,195,17,1,1.74999988079,0,21,1,1,1,1,0,-4.08287620544,-2.1544239521,-1.07032883167,-4.08287620544,-2.1544239521,-1.07032883167
3108,2,2177,195,17,1,1.74999988079,0,33,1,1,1,1,,-2.51822280884,-1.55209636688,0.0646628811955,-4.08287620544,-2.1544239521,-1.07032883167
3109,1,2177,195,17,1,1.74999988079,1,15,1,1,1,0,1,-2.88766956329,-0.649837255478,,-2.88766956329,-0.649837255478,
3109,2,2177,195,17,1,1.74999988079,1,30,1,0,1,0,,,,,-2.88766956329,-0.649837255478,
3110,1,2178,195,17,0,14.25,1,58,1,1,1,0,1,-1.89207518101,-0.619011580944,-0.165093302727,-1.89207518101,-0.619011580944,-0.165093302727
3110,2,2178,195,17,0,14.25,1,72,1,0,1,0,,,,,-1.89207518101,-0.619011580944,-0.165093302727
3111,1,2178,195,17,0,14.25,0,7,1,1,1,1,0,-0.144858703017,0.851825714111,0.120191000402,-0.144858703017,0.851825714111,0.120191000402
3111,2,2178,195,17,0,14.25,0,20,1,1,1,1,,-0.675064146519,1.38264620304,1.82426202297,-0.144858703017,0.851825714111,0.120191000402
3112,1,2179,195,17,1,1.74999988079,1,9,1,1,1,1,0,-1.75660288334,-2.17659544945,-0.951664507389,-1.75660288334,-2.17659544945,-0.951664507389
3112,2,2179,195,17,1,1.74999988079,1,22,1,1,1,1,,-2.53317427635,-1.5780967474,-0.196472302079,-1.75660288334,-2.17659544945,-0.951664507389
3113,1,2180,195,17,1,1.74999988079,1,22,1,1,1,1,0,-2.46907448769,-1.23225569725,-0.810295283794,-2.46907448769,-1.23225569725,-0.810295283794
3113,2,2180,195,17,1,1.74999988079,1,35,1,1,1,1,,-2.03342366219,-1.34182095528,-0.466692179441,-2.46907448769,-1.23225569725,-0.810295283794
3114,1,2182,195,17,1,1.74999988079,0,8,1,1,1,0,1,-1.81335711479,-0.232054740191,0.305392175913,-1.81335711479,-0.232054740191,0.305392175913
3115,1,2183,196,21,1,2.75,1,37,1,1,1,1,0,-2.5541100502,-0.796593546867,-0.227274373174,-2.5541100502,-0.796593546867,-0.227274373174
3115,2,2183,196,21,1,2.75,1,51,1,1,1,1,,-2.22236967087,-0.93954873085,0.0689947456121,-2.5541100502,-0.796593546867,-0.227274373174
3116,1,2183,196,21,1,2.75,1,7,1,1,1,1,0,-2.65069317818,-1.68217301369,-0.623021245003,-2.65069317818,-1.68217301369,-0.623021245003
3116,2,2183,196,21,1,2.75,1,20,1,1,1,1,,-3.25388216972,-2.34751486778,-1.15627992153,-2.65069317818,-1.68217301369,-0.623021245003
3117,1,2184,196,21,1,2.75,1,23,1,0,0,,,,,,,,
3117,2,2184,196,21,1,2.75,1,36,1,1,0,,,-0.656946182251,-0.0591461993754,-1.20905411243,,,
3118,1,2185,196,21,1,2.75,1,28,1,0,0,,,,,,,,
3118,2,2185,196,21,1,2.75,1,41,1,1,0,,,0.0741866230965,0.703233540058,0.108391962945,,,
3119,1,2185,196,21,1,2.75,0,4,1,1,1,1,0,1.06402921677,1.74831914902,,1.06402921677,1.74831914902,
3119,2,2185,196,21,1,2.75,0,16,1,1,1,1,,0.67276263237,1.07803487778,1.51819813251,1.06402921677,1.74831914902,
3120,1,2188,196,21,1,2.75,1,39,1,1,1,1,0,-1.25378251076,0.0347548313439,0.43796557188,-1.25378251076,0.0347548313439,0.43796557188
3120,2,2188,196,21,1,2.75,1,52,1,1,1,1,,-1.32261908054,-0.219952777028,0.000675181450788,-1.25378251076,0.0347548313439,0.43796557188
3121,1,2188,196,21,1,2.75,0,7,1,1,1,1,0,-1.02000248432,-0.0409855768085,-0.153764769435,-1.02000248432,-0.0409855768085,-0.153764769435
3121,2,2188,196,21,1,2.75,0,19,1,1,1,1,,-1.86614632607,,0.307327836752,-1.02000248432,-0.0409855768085,-0.153764769435
3122,1,2189,196,21,1,2.75,0,43,1,1,1,1,0,-3.94580030441,-2.13972806931,-1.47362446785,-3.94580030441,-2.13972806931,-1.47362446785
3122,2,2189,196,21,1,2.75,0,56,1,1,1,1,,-3.55782818794,-2.22367310524,-1.47434806824,-3.94580030441,-2.13972806931,-1.47362446785
3123,1,2189,196,21,1,2.75,1,17,1,1,1,1,0,-2.14844489098,-1.32788562775,0.477056026459,-2.14844489098,-1.32788562775,0.477056026459
3123,2,2189,196,21,1,2.75,1,29,1,1,1,1,,-2.13999795914,-1.44877374172,-0.203087627888,-2.14844489098,-1.32788562775,0.477056026459
3124,1,2190,196,21,1,2.75,1,56,1,1,1,1,0,-2.65218281746,-0.942997872829,-0.234062507749,-2.65218281746,-0.942997872829,-0.234062507749
3124,2,2190,196,21,1,2.75,1,72,1,1,1,1,,-3.21791958809,-2.53917860985,,-2.65218281746,-0.942997872829,-0.234062507749
3125,1,2190,196,21,1,2.75,0,4,1,1,1,1,0,-1.4350477457,-0.0535198487341,,-1.4350477457,-0.0535198487341,
3125,2,2190,196,21,1,2.75,0,17,1,1,1,1,,-2.19599485397,-0.791369616985,-0.00832311995327,-1.4350477457,-0.0535198487341,
3126,1,2191,196,21,1,2.75,0,24,1,1,1,1,0,-2.83654403687,-2.1580286026,-2.50072145462,-2.83654403687,-2.1580286026,-2.50072145462
3126,2,2191,196,21,1,2.75,0,37,1,1,1,1,,-2.32755994797,-1.33993244171,-2.77874803543,-2.83654403687,-2.1580286026,-2.50072145462
3127,1,2192,196,21,0,27.9999980927,1,54,1,1,1,1,0,-0.611756086349,-0.196375951171,0.0322159528732,-0.611756086349,-0.196375951171,0.0322159528732
3127,2,2192,196,21,0,27.9999980927,1,68,1,1,1,1,,-0.3350263834,-0.312257736921,,-0.611756086349,-0.196375951171,0.0322159528732
3128,1,2193,196,21,1,2.75,0,17,1,1,1,1,0,-1.96876990795,-1.86848890781,-2.61123394966,-1.96876990795,-1.86848890781,-2.61123394966
3128,2,2193,196,21,1,2.75,0,30,1,1,1,1,,-2.06529021263,-1.03283965588,-1.62448060513,-1.96876990795,-1.86848890781,-2.61123394966
3129,2,2193,196,21,1,2.75,1,6,1,1,0,,,-1.13885045052,-1.15809762478,-0.469164252281,,,
3130,1,2194,196,21,0,27.9999980927,1,14,1,0,0,,,,,,,,
3130,2,2194,196,21,0,27.9999980927,1,27,1,1,0,,,0.0198156200349,0.885406494141,0.66104131937,,,
3131,1,2195,197,17,1,1,0,16,1,1,1,1,0,-2.75161862373,-1.57356894016,-0.881840109825,-2.75161862373,-1.57356894016,-0.881840109825
3131,2,2195,197,17,1,1,0,29,1,1,1,1,,-3.97987174988,-1.46752798557,-2.17064356804,-2.75161862373,-1.57356894016,-0.881840109825
3132,2,2195,197,17,1,1,1,1,1,0,0,,,,,,,,
3133,1,2196,197,17,0,16.5,1,58,1,1,1,0,1,-2.53263878822,-2.22271752357,,-2.53263878822,-2.22271752357,
3133,2,2196,197,17,0,16.5,1,72,1,0,1,0,,,,,-2.53263878822,-2.22271752357,
3134,1,2196,197,17,0,16.5,0,1,1,1,1,0,1,-2.94079709053,-1.77730429173,,-2.94079709053,-1.77730429173,
3134,2,2196,197,17,0,16.5,0,13,1,0,1,0,,,,,-2.94079709053,-1.77730429173,
3135,1,2197,197,17,1,1,0,21,1,1,1,1,0,-2.708558321,,-0.79145270586,-2.708558321,,-0.79145270586
3135,2,2197,197,17,1,1,0,35,1,1,1,1,,-2.58809828758,-0.834868252277,-1.23302805424,-2.708558321,,-0.79145270586
3136,1,2199,197,17,1,1,0,66,1,0,0,,,,,,,,
3136,2,2199,197,17,1,1,0,72,1,0,0,,,,,,,,
3137,1,2199,197,17,1,1,1,33,1,1,1,1,0,-1.61310684681,-0.121622927487,-0.227904498577,-1.61310684681,-0.121622927487,-0.227904498577
3137,2,2199,197,17,1,1,1,46,1,1,1,1,,-2.43236327171,-0.700010418892,-0.432718008757,-1.61310684681,-0.121622927487,-0.227904498577
3138,2,2199,197,17,1,1,0,10,1,1,0,,,-0.976491749287,0.0948259308934,0.201357901096,,,
3139,1,2200,197,17,1,1,0,84,1,0,0,,,,,,,,
3139,2,2200,197,17,1,1,0,72,1,0,0,,,,,,,,
3140,1,2200,197,17,1,1,0,32,1,1,1,1,0,-1.04654407501,-0.0721579045057,-0.653214693069,-1.04654407501,-0.0721579045057,-0.653214693069
3140,2,2200,197,17,1,1,0,45,1,1,1,1,,-1.2419975996,0.0550814531744,-1.20998823643,-1.04654407501,-0.0721579045057,-0.653214693069
3141,1,2200,197,17,1,1,1,4,1,1,1,1,0,1.02108991146,0.692609608173,,1.02108991146,0.692609608173,
3141,2,2200,197,17,1,1,1,17,1,1,1,1,,-0.182870253921,0.421606093645,0.27217772603,1.02108991146,0.692609608173,
3142,1,2201,197,17,1,1,0,25,1,1,1,1,0,-3.40889263153,-0.441399306059,-0.0948942229152,-3.40889263153,-0.441399306059,-0.0948942229152
3142,2,2201,197,17,1,1,0,40,1,1,1,1,,-3.27856278419,-0.788074553013,0.547946035862,-3.40889263153,-0.441399306059,-0.0948942229152
3143,1,2201,197,17,1,1,0,6,1,1,1,1,0,-1.6930423975,-0.343769550323,0.690012335777,-1.6930423975,-0.343769550323,0.690012335777
3143,2,2201,197,17,1,1,0,20,1,1,1,1,,-2.86060667038,-1.14377188683,0.139002263546,-1.6930423975,-0.343769550323,0.690012335777
3144,1,2202,197,17,0,16.5,0,35,1,1,1,1,0,-2.42418217659,-0.37971034646,0.547363162041,-2.42418217659,-0.37971034646,0.547363162041
3144,2,2202,197,17,0,16.5,0,48,1,1,1,1,,-2.2835419178,-0.511333048344,-0.0676083639264,-2.42418217659,-0.37971034646,0.547363162041
3145,1,2202,197,17,0,16.5,1,1,1,1,1,1,0,-1.57976555824,0.0912303104997,,-1.57976555824,0.0912303104997,
3145,2,2202,197,17,0,16.5,1,14,1,1,1,1,,-2.32175183296,-0.0495768934488,0.550137519836,-1.57976555824,0.0912303104997,
3146,1,2203,197,17,1,1,0,27,1,1,1,1,0,-3.71520614624,-2.44873952866,-1.64105284214,-3.71520614624,-2.44873952866,-1.64105284214
3146,2,2203,197,17,1,1,0,40,1,1,1,1,,-2.6218726635,-1.10061204433,-0.180820897222,-3.71520614624,-2.44873952866,-1.64105284214
3147,1,2203,197,17,1,1,1,6,1,1,1,1,0,-1.20503520966,-1.58785450459,,-1.20503520966,-1.58785450459,
3147,2,2203,197,17,1,1,1,19,1,1,1,1,,-2.57528376579,-1.34279429913,-1.05554652214,-1.20503520966,-1.58785450459,
3148,1,2204,197,17,0,16.5,0,72,1,0,0,,,,,,,,
3148,2,2204,197,17,0,16.5,0,72,1,0,0,,,,,,,,
3149,1,2204,197,17,0,16.5,0,35,1,1,1,1,0,-3.35303044319,-1.54278731346,-1.46064662933,-3.35303044319,-1.54278731346,-1.46064662933
3149,2,2204,197,17,0,16.5,0,48,1,1,1,1,,-2.90346860886,-1.42859554291,-2.07708883286,-3.35303044319,-1.54278731346,-1.46064662933
3150,1,2205,197,17,1,1,0,56,1,1,1,0,1,-3.35732197762,-1.33523964882,-0.285478264093,-3.35732197762,-1.33523964882,-0.285478264093
3150,2,2205,197,17,1,1,0,69,1,0,1,0,,,,,-3.35732197762,-1.33523964882,-0.285478264093
3151,1,2205,197,17,1,1,1,35,1,1,1,1,0,-3.9862613678,-1.46379613876,0.00452986266464,-3.9862613678,-1.46379613876,0.00452986266464
3151,2,2205,197,17,1,1,1,48,1,1,1,1,,-3.77971696854,-1.4414921999,-0.388706296682,-3.9862613678,-1.46379613876,0.00452986266464
3152,1,2205,197,17,1,1,1,7,1,1,1,1,0,-3.1905670166,-1.4180315733,-0.0880557447672,-3.1905670166,-1.4180315733,-0.0880557447672
3152,2,2205,197,17,1,1,1,20,1,1,1,1,,-3.51940894127,-1.86483705044,-0.473193407059,-3.1905670166,-1.4180315733,-0.0880557447672
3153,1,2206,197,17,1,1,0,45,1,1,1,1,0,-2.14863848686,-1.07901263237,-0.829518258572,-2.14863848686,-1.07901263237,-0.829518258572
3153,2,2206,197,17,1,1,0,57,1,1,1,1,,-1.76146829128,-0.729595959187,-1.53615343571,-2.14863848686,-1.07901263237,-0.829518258572
3154,1,2206,197,17,1,1,1,28,1,1,1,1,0,-2.89992952347,-1.8680883646,-0.564018905163,-2.89992952347,-1.8680883646,-0.564018905163
3154,2,2206,197,17,1,1,1,39,1,1,1,1,,-2.77706003189,-1.7484960556,-1.48302698135,-2.89992952347,-1.8680883646,-0.564018905163
3155,1,2207,198,20,1,2.25,0,56,1,1,1,1,0,-1.90921151638,-0.872456252575,0.00602110615,-1.90921151638,-0.872456252575,0.00602110615
3155,2,2207,198,20,1,2.25,0,70,1,1,1,1,,-2.03499555588,-0.986868143082,,-1.90921151638,-0.872456252575,0.00602110615
3156,1,2207,198,20,1,2.25,0,16,1,1,1,1,0,-2.03578782082,-1.23356592655,-0.330978095531,-2.03578782082,-1.23356592655,-0.330978095531
3156,2,2207,198,20,1,2.25,0,29,1,1,1,1,,-2.65153670311,-1.42103385925,-1.58455061913,-2.03578782082,-1.23356592655,-0.330978095531
3157,1,2208,198,20,1,2.25,0,11,1,1,1,1,0,-2.35637807846,-0.32904317975,0.939797699451,-2.35637807846,-0.32904317975,0.939797699451
3157,2,2208,198,20,1,2.25,0,24,1,1,1,1,,-3.26205444336,-0.745372831821,-0.614723145962,-2.35637807846,-0.32904317975,0.939797699451
3158,1,2209,198,20,1,2.25,0,22,1,1,1,1,0,-2.31669187546,-0.680301308632,0.798560857773,-2.31669187546,-0.680301308632,0.798560857773
3158,2,2209,198,20,1,2.25,0,34,1,1,1,1,,-1.68970549107,-0.802661299706,-0.00896583404392,-2.31669187546,-0.680301308632,0.798560857773
3159,1,2210,198,20,1,2.25,0,240,1,0,0,,,,,,,,
3159,2,2210,198,20,1,2.25,0,32,1,1,0,,,-2.91166138649,-1.83655190468,-0.312152385712,,,
3160,1,2211,198,20,1,2.25,1,46,1,1,1,1,0,-2.17218494415,-1.56838178635,-0.469714015722,-2.17218494415,-1.56838178635,-0.469714015722
3160,2,2211,198,20,1,2.25,1,59,1,1,1,1,,-2.30846428871,-1.06783950329,-0.839088857174,-2.17218494415,-1.56838178635,-0.469714015722
3161,1,2211,198,20,1,2.25,1,15,1,1,1,1,0,-2.28530335426,-0.375325143337,0.636173129082,-2.28530335426,-0.375325143337,0.636173129082
3161,2,2211,198,20,1,2.25,1,28,1,1,1,1,,-2.3461959362,-0.135270267725,0.524802923203,-2.28530335426,-0.375325143337,0.636173129082
3162,1,2213,198,20,1,2.25,1,8,1,1,1,0,1,-1.56440126896,-0.933738470078,0.173742726445,-1.56440126896,-0.933738470078,0.173742726445
3163,1,2214,198,20,1,2.25,0,72,1,0,0,,,,,,,,
3163,2,2214,198,20,1,2.25,0,72,1,0,0,,,,,,,,
3164,1,2214,198,20,1,2.25,1,41,1,1,1,1,0,-2.82120203972,-1.70720005035,-0.451898366213,-2.82120203972,-1.70720005035,-0.451898366213
3164,2,2214,198,20,1,2.25,1,54,1,1,1,1,,-2.8495156765,-1.99559688568,-1.58808994293,-2.82120203972,-1.70720005035,-0.451898366213
3165,1,2214,198,20,1,2.25,0,15,1,1,1,0,1,,-3.8929309845,,,-3.8929309845,
3165,2,2214,198,20,1,2.25,0,28,1,0,1,0,,,,,,-3.8929309845,
3166,1,2215,198,20,0,33,1,10,1,1,1,1,0,-3.98443317413,-2.46634793282,-1.19035506248,-3.98443317413,-2.46634793282,-1.19035506248
3166,2,2215,198,20,0,33,1,23,1,1,1,1,,-3.80325102806,-2.24267816544,-0.736194074154,-3.98443317413,-2.46634793282,-1.19035506248
3167,1,2216,198,20,0,33,0,27,1,0,0,,,,,,,,
3167,2,2216,198,20,0,33,0,40,1,1,0,,,-1.21835446358,-0.0346744060516,0.0938886031508,,,
3168,1,2217,198,20,0,33,1,42,1,1,1,1,0,-0.318462133408,0.333074897528,-0.48674762249,-0.318462133408,0.333074897528,-0.48674762249
3168,2,2217,198,20,0,33,1,55,1,1,1,1,,-0.2688395679,0.255184680223,-0.509592592716,-0.318462133408,0.333074897528,-0.48674762249
3169,1,2218,198,20,1,2.25,0,63,1,0,0,,,,,,,,
3169,2,2218,198,20,1,2.25,0,72,1,0,0,,,,,,,,
3170,1,2218,198,20,1,2.25,1,12,1,1,1,1,0,-1.48156476021,0.0651832148433,0.49254566431,-1.48156476021,0.0651832148433,0.49254566431
3170,2,2218,198,20,1,2.25,1,25,1,1,1,1,,-1.46123886108,-0.0182245932519,0.47718256712,-1.48156476021,0.0651832148433,0.49254566431
3171,1,2219,199,18,1,1.125,0,51,1,1,1,1,0,-2.01016497612,0.363033205271,0.992735683918,-2.01016497612,0.363033205271,0.992735683918
3171,2,2219,199,18,1,1.125,0,64,1,1,1,1,,-1.68959486485,0.0184136312455,,-2.01016497612,0.363033205271,0.992735683918
3172,1,2219,199,18,1,1.125,1,21,1,1,1,1,0,-0.445163786411,-0.246285185218,0.278603643179,-0.445163786411,-0.246285185218,0.278603643179
3172,2,2219,199,18,1,1.125,1,35,1,1,1,1,,-0.811237871647,-0.352970331907,-0.307197719812,-0.445163786411,-0.246285185218,0.278603643179
3173,1,2220,199,18,0,18,0,41,1,1,1,1,0,-1.92292404175,-0.941480219364,-0.407101929188,-1.92292404175,-0.941480219364,-0.407101929188
3173,2,2220,199,18,0,18,0,54,1,1,1,1,,-1.71390879154,-1.08584523201,-0.858223676682,-1.92292404175,-0.941480219364,-0.407101929188
3174,1,2221,199,18,1,1.125,1,38,1,1,1,1,0,-2.2761964798,-0.929238557816,-0.265155732632,-2.2761964798,-0.929238557816,-0.265155732632
3174,2,2221,199,18,1,1.125,1,52,1,1,1,1,,-2.23060894012,-1.24131596088,-1.57184326649,-2.2761964798,-0.929238557816,-0.265155732632
3175,1,2221,199,18,1,1.125,1,5,1,1,1,1,0,-1.81751894951,0.142192199826,,-1.81751894951,0.142192199826,
3175,2,2221,199,18,1,1.125,1,18,1,1,1,1,,-2.49938988686,-0.10527087003,1.65864038467,-1.81751894951,0.142192199826,
3176,2,2222,199,18,0,18,1,24,1,1,0,,,-0.981085062027,0.841757357121,0.92567551136,,,
3177,1,2223,199,18,1,1.125,1,38,1,1,1,1,0,-1.39073717594,-0.724840223789,-0.578489303589,-1.39073717594,-0.724840223789,-0.578489303589
3177,2,2223,199,18,1,1.125,1,51,1,1,1,1,,-1.90581023693,-0.720918178558,-0.48661890626,-1.39073717594,-0.724840223789,-0.578489303589
3178,1,2223,199,18,1,1.125,1,10,1,1,1,1,0,-2.62681293488,-0.458456575871,0.480369746685,-2.62681293488,-0.458456575871,0.480369746685
3178,2,2223,199,18,1,1.125,1,22,1,1,1,1,,-2.72546958923,-1.09190237522,0.383528530598,-2.62681293488,-0.458456575871,0.480369746685
3179,1,2224,199,18,1,1.125,0,18,1,1,1,1,0,-0.726178586483,0.244607537985,-0.13126398623,-0.726178586483,0.244607537985,-0.13126398623
3179,2,2224,199,18,1,1.125,0,31,1,1,1,1,,-1.14569938183,0.533483624458,-1.05948698521,-0.726178586483,0.244607537985,-0.13126398623
3180,1,2225,199,18,1,1.125,0,35,1,1,1,1,0,,-1.00595629215,,,-1.00595629215,
3180,2,2225,199,18,1,1.125,0,48,1,1,1,1,,-2.39083600044,-1.1021053791,-0.812887430191,,-1.00595629215,
3181,2,2225,199,18,1,1.125,1,1,1,1,0,,,-1.2727355957,-1.49086892605,,,,
3182,1,2226,199,18,1,1.125,0,64,1,0,0,,,,,,,,
3182,2,2226,199,18,1,1.125,0,72,1,0,0,,,,,,,,
3183,1,2226,199,18,1,1.125,1,10,1,1,1,1,0,-2.1607632637,-0.795924186707,0.0663783475757,-2.1607632637,-0.795924186707,0.0663783475757
3183,2,2226,199,18,1,1.125,1,23,1,1,1,1,,-2.13325119019,-0.307879954576,-0.428558081388,-2.1607632637,-0.795924186707,0.0663783475757
3184,1,2228,199,18,1,1.125,0,19,1,1,1,1,0,-1.86614632607,-0.148308426142,0.684247255325,-1.86614632607,-0.148308426142,0.684247255325
3184,2,2228,199,18,1,1.125,0,32,1,1,1,1,,-1.68723285198,0.184543594718,0.880066215992,-1.86614632607,-0.148308426142,0.684247255325
3185,1,2229,199,18,1,1.125,1,8,1,1,1,0,1,-0.972436070442,-0.578738152981,0.340599000454,-0.972436070442,-0.578738152981,0.340599000454
3186,1,2231,200,21,1,1,1,55,1,0,0,,,,,,,,
3186,2,2231,200,21,1,1,1,69,1,1,0,,,-2.01237106323,-1.52246499062,,,,
3187,1,2231,200,21,1,1,0,1,1,1,1,0,1,-0.885876238346,-0.893394351006,,-0.885876238346,-0.893394351006,
3187,2,2231,200,21,1,1,0,14,1,0,1,0,,,,,-0.885876238346,-0.893394351006,
3188,1,2233,200,21,0,9.5,1,108,1,0,0,,,,,,,,
3188,2,2233,200,21,0,9.5,1,68,1,0,0,,,,,,,,
3189,1,2234,200,21,1,1,1,40,1,1,1,1,0,-1.92129313946,-1.38710296154,-0.416211932898,-1.92129313946,-1.38710296154,-0.416211932898
3189,2,2234,200,21,1,1,1,53,1,1,1,1,,-1.99300527573,-1.05695259571,-1.17405736446,-1.92129313946,-1.38710296154,-0.416211932898
3190,1,2234,200,21,1,1,1,13,1,1,1,1,0,-2.28840279579,-1.62741649151,-0.210927098989,-2.28840279579,-1.62741649151,-0.210927098989
3190,2,2234,200,21,1,1,1,26,1,1,1,1,,-3.00190615654,-1.85128712654,-1.37876570225,-2.28840279579,-1.62741649151,-0.210927098989
3191,1,2235,200,21,1,1,0,38,1,0,0,,,,,,,,
3191,2,2235,200,21,1,1,0,50,1,1,0,,,-2.3776884079,,-0.936965882778,,,
3192,1,2235,200,21,1,1,0,6,1,1,1,1,0,-0.244639053941,-0.320020467043,-0.504900991917,-0.244639053941,-0.320020467043,-0.504900991917
3192,2,2235,200,21,1,1,0,19,1,1,1,1,,-1.35803484917,-0.861960113049,-1.36816549301,-0.244639053941,-0.320020467043,-0.504900991917
3193,1,2236,200,21,0,9.5,1,64,1,0,0,,,,,,,,
3193,2,2236,200,21,0,9.5,1,72,1,0,0,,,,,,,,
3194,1,2237,200,21,1,1,0,31,1,1,1,1,0,-2.35988235474,-0.241570025682,0.377782970667,-2.35988235474,-0.241570025682,0.377782970667
3194,2,2237,200,21,1,1,0,45,1,1,1,1,,-1.6830663681,-0.156945765018,0.376769065857,-2.35988235474,-0.241570025682,0.377782970667
3195,1,2238,200,21,1,1,0,41,1,0,0,,,,,,,,
3195,2,2238,200,21,1,1,0,52,1,1,0,,,-1.68359339237,-0.610929846764,0.206089764833,,,
3196,1,2238,200,21,1,1,1,7,1,1,1,1,0,-1.41978168488,-1.65534067154,-1.28441882133,-1.41978168488,-1.65534067154,-1.28441882133
3196,2,2238,200,21,1,1,1,20,1,1,1,1,,-2.19178080559,-0.956886172295,0.4951633811,-1.41978168488,-1.65534067154,-1.28441882133
3197,1,2239,200,21,0,9.5,1,144,1,0,0,,,,,,,,
3197,2,2239,200,21,0,9.5,1,72,1,0,0,,,,,,,,
3198,1,2241,201,19,0,34.25,1,59,1,1,1,0,1,-1.36556851864,-1.03558373451,-0.52898722887,-1.36556851864,-1.03558373451,-0.52898722887
3198,2,2241,201,19,0,34.25,1,72,1,0,1,0,,,,,-1.36556851864,-1.03558373451,-0.52898722887
3199,1,2241,201,19,0,34.25,1,16,1,0,0,,,,,,,,
3199,2,2241,201,19,0,34.25,1,29,1,1,0,,,-1.83835029602,-1.13911032677,-1.36658096313,,,
3200,1,2242,201,19,0,34.25,1,52,1,1,1,1,0,-2.73504829407,-1.18362641335,-0.59048140049,-2.73504829407,-1.18362641335,-0.59048140049
3200,2,2242,201,19,0,34.25,1,65,1,1,1,1,,-1.56449174881,-0.829908251762,,-2.73504829407,-1.18362641335,-0.59048140049
3201,1,2242,201,19,0,34.25,1,15,1,1,1,1,0,-2.17578125,-1.57979381084,-1.68469083309,-2.17578125,-1.57979381084,-1.68469083309
3201,2,2242,201,19,0,34.25,1,29,1,1,1,1,,-2.41291546822,-0.5234836936,-0.876931190491,-2.17578125,-1.57979381084,-1.68469083309
3202,2,2242,201,19,0,34.25,0,1,1,0,0,,,,,,,,
3203,1,2243,201,19,1,1.87499988079,1,16,1,1,1,1,0,-2.34591913223,-1.70251321793,-0.956920206547,-2.34591913223,-1.70251321793,-0.956920206547
3203,2,2243,201,19,1,1.87499988079,1,29,1,1,1,1,,-2.21181845665,-1.21222794056,-0.964285254478,-2.34591913223,-1.70251321793,-0.956920206547
3204,1,2244,201,19,1,1.87499988079,0,55,1,1,1,1,0,-2.16069173813,-1.58357548714,-1.62639117241,-2.16069173813,-1.58357548714,-1.62639117241
3204,2,2244,201,19,1,1.87499988079,0,68,1,1,1,1,,-2.297321558,-1.40066325665,,-2.16069173813,-1.58357548714,-1.62639117241
3205,1,2244,201,19,1,1.87499988079,0,23,1,1,1,1,0,-2.06703138351,-0.998027384281,-0.792328715324,-2.06703138351,-0.998027384281,-0.792328715324
3205,2,2244,201,19,1,1.87499988079,0,36,1,1,1,1,,-1.87043261528,-0.637178421021,-0.994255840778,-2.06703138351,-0.998027384281,-0.792328715324
3206,1,2245,201,19,1,1.87499988079,0,49,1,1,1,1,0,-2.57329678535,-1.24470758438,-1.77573609352,-2.57329678535,-1.24470758438,-1.77573609352
3206,2,2245,201,19,1,1.87499988079,0,63,1,1,1,1,,-1.94118559361,-1.96506285667,,-2.57329678535,-1.24470758438,-1.77573609352
3207,1,2245,201,19,1,1.87499988079,0,10,1,1,1,1,0,-1.21720302105,-2.30699014664,-3.11805677414,-1.21720302105,-2.30699014664,-3.11805677414
3207,2,2245,201,19,1,1.87499988079,0,24,1,1,1,1,,-1.2981647253,-0.690587162971,-1.98872566223,-1.21720302105,-2.30699014664,-3.11805677414
3208,1,2246,201,19,1,1.87499988079,0,59,1,1,1,1,0,-1.49357140064,0.33392226696,0.750361025333,-1.49357140064,0.33392226696,0.750361025333
3208,2,2246,201,19,1,1.87499988079,0,72,1,1,1,1,,-1.71530735493,-0.372325152159,,-1.49357140064,0.33392226696,0.750361025333
3209,1,2246,201,19,1,1.87499988079,1,6,1,1,1,1,0,0.427502334118,-0.109710484743,-0.0672980472445,0.427502334118,-0.109710484743,-0.0672980472445
3209,2,2246,201,19,1,1.87499988079,1,19,1,1,1,1,,-0.242783084512,,0.465614914894,0.427502334118,-0.109710484743,-0.0672980472445
3210,1,2247,201,19,1,1.87499988079,0,40,1,1,1,1,0,-2.48023247719,-0.92742484808,-0.880864858627,-2.48023247719,-0.92742484808,-0.880864858627
3210,2,2247,201,19,1,1.87499988079,0,53,1,1,1,1,,-2.29858613014,-1.25795435905,-2.21692347527,-2.48023247719,-0.92742484808,-0.880864858627
3211,1,2247,201,19,1,1.87499988079,1,23,1,1,1,1,0,-1.45579826832,-0.801112890244,-0.515545189381,-1.45579826832,-0.801112890244,-0.515545189381
3211,2,2247,201,19,1,1.87499988079,1,36,1,1,1,1,,-1.44481039047,-0.636836230755,-1.42576575279,-1.45579826832,-0.801112890244,-0.515545189381
3212,1,2248,201,19,1,1.87499988079,0,22,1,1,1,1,0,-2.7086186409,-1.01146316528,-0.385137975216,-2.7086186409,-1.01146316528,-0.385137975216
3212,2,2248,201,19,1,1.87499988079,0,35,1,1,1,1,,-2.27392864227,-1.52855455875,-1.5530513525,-2.7086186409,-1.01146316528,-0.385137975216
3213,1,2249,201,19,1,1.87499988079,1,21,1,1,1,1,0,-2.49917316437,-0.589188396931,-0.573021531105,-2.49917316437,-0.589188396931,-0.573021531105
3213,2,2249,201,19,1,1.87499988079,1,33,1,1,1,1,,-1.51779842377,0.166853770614,0.42736569047,-2.49917316437,-0.589188396931,-0.573021531105
3214,1,2249,201,19,1,1.87499988079,1,21,1,1,1,1,0,-2.51547574997,-1.28897631168,-1.30741810799,-2.51547574997,-1.28897631168,-1.30741810799
3214,2,2249,201,19,1,1.87499988079,1,33,1,1,1,1,,-2.14410090446,-0.663989722729,-1.01315927505,-2.51547574997,-1.28897631168,-1.30741810799
3215,1,2250,201,19,1,1.87499988079,1,38,1,1,1,1,0,-2.96916627884,-2.05373835564,-1.40673470497,-2.96916627884,-2.05373835564,-1.40673470497
3215,2,2250,201,19,1,1.87499988079,1,50,1,1,1,1,,-3.4442961216,-1.45774924755,-0.894858002663,-2.96916627884,-2.05373835564,-1.40673470497
3216,1,2250,201,19,1,1.87499988079,0,3,1,1,1,1,0,-3.31604290009,-0.628967583179,,-3.31604290009,-0.628967583179,
3216,2,2250,201,19,1,1.87499988079,0,15,1,1,1,1,,-2.84386253357,-0.81937289238,-0.665714561939,-3.31604290009,-0.628967583179,
3217,1,2252,202,20,1,1.5,0,65,1,0,0,,,,,,,,
3217,2,2252,202,20,1,1.5,0,72,1,0,0,,,,,,,,
3218,1,2252,202,20,1,1.5,1,18,1,1,1,1,0,-2.17223858833,-0.85740506649,-0.682846844196,-2.17223858833,-0.85740506649,-0.682846844196
3218,2,2252,202,20,1,1.5,1,31,1,1,1,1,,-2.49932646751,,0.0959124341607,-2.17223858833,-0.85740506649,-0.682846844196
3219,1,2253,202,20,1,1.5,1,54,1,1,1,0,1,-1.81331253052,-0.859742820263,-0.9430372715,-1.81331253052,-0.859742820263,-0.9430372715
3220,1,2253,202,20,1,1.5,0,6,1,1,1,0,1,-2.60413551331,-1.21131336689,-0.792236328125,-2.60413551331,-1.21131336689,-0.792236328125
3221,1,2254,202,20,1,1.5,0,48,1,1,1,1,0,-2.47428894043,-1.07416331768,-0.812887430191,-2.47428894043,-1.07416331768,-0.812887430191
3221,2,2254,202,20,1,1.5,0,61,1,1,1,1,,-2.60588097572,-1.13686096668,,-2.47428894043,-1.07416331768,-0.812887430191
3222,1,2254,202,20,1,1.5,0,11,1,1,1,1,0,-0.145451709628,0.228992268443,-0.371396124363,-0.145451709628,0.228992268443,-0.371396124363
3222,2,2254,202,20,1,1.5,0,25,1,1,1,1,,-1.85239470005,-0.621447920799,-0.354010492563,-0.145451709628,0.228992268443,-0.371396124363
3223,1,2255,202,20,1,1.5,1,61,1,0,0,,,,,,,,
3223,2,2255,202,20,1,1.5,1,72,1,0,0,,,,,,,,
3224,1,2255,202,20,1,1.5,0,2,1,1,1,1,0,-2.21193170547,-0.42587056756,,-2.21193170547,-0.42587056756,
3224,2,2255,202,20,1,1.5,0,15,1,1,1,1,,-3.23907399178,-1.47586560249,0.228895738721,-2.21193170547,-0.42587056756,
3225,1,2256,202,20,1,1.5,1,57,1,1,1,0,1,-1.13460683823,-0.54332524538,-1.70798826218,-1.13460683823,-0.54332524538,-1.70798826218
3225,2,2256,202,20,1,1.5,1,70,1,0,1,0,,,,,-1.13460683823,-0.54332524538,-1.70798826218
3226,1,2256,202,20,1,1.5,0,15,1,1,1,0,1,-0.709720373154,0.0607791617513,-0.211233317852,-0.709720373154,0.0607791617513,-0.211233317852
3226,2,2256,202,20,1,1.5,0,28,1,0,1,0,,,,,-0.709720373154,0.0607791617513,-0.211233317852
3227,1,2257,202,20,0,15.5,1,35,1,0,0,,,,,,,,
3227,2,2257,202,20,0,15.5,1,48,1,1,0,,,-1.81802999973,-1.81933963299,-2.12779974937,,,
3228,1,2258,202,20,1,1.5,0,11,1,1,1,1,0,-1.28311157227,-1.20265507698,-0.740964591503,-1.28311157227,-1.20265507698,-0.740964591503
3228,2,2258,202,20,1,1.5,0,26,1,1,1,1,,-3.63901758194,0.0916050821543,-0.756662487984,-1.28311157227,-1.20265507698,-0.740964591503
3229,1,2259,202,20,0,15.5,1,42,1,1,1,1,0,-1.60972452164,-0.230687454343,0.0350643619895,-1.60972452164,-0.230687454343,0.0350643619895
3229,2,2259,202,20,0,15.5,1,55,1,1,1,1,,-1.43865942955,-0.259847342968,-0.00171333993785,-1.60972452164,-0.230687454343,0.0350643619895
3230,1,2259,202,20,0,15.5,0,18,1,1,1,1,0,-1.57889604568,0.574858546257,0.968139827251,-1.57889604568,0.574858546257,0.968139827251
3230,2,2259,202,20,0,15.5,0,31,1,1,1,1,,-2.09969949722,-0.477418273687,0.137255445123,-1.57889604568,0.574858546257,0.968139827251
3231,1,2260,202,20,0,15.5,0,26,1,1,1,1,0,-1.68670582771,-2.18222284317,-1.12172687054,-1.68670582771,-2.18222284317,-1.12172687054
3231,2,2260,202,20,0,15.5,0,39,1,1,1,1,,-1.96758365631,-1.99539875984,-2.12699007988,-1.68670582771,-2.18222284317,-1.12172687054
3232,2,2260,202,20,0,15.5,0,1,1,1,0,,,0.552568078041,1.38264620304,,,,
3233,1,2262,202,20,1,1.5,0,54,1,1,1,1,0,-1.29487729073,-0.902856945992,-1.01937460899,-1.29487729073,-0.902856945992,-1.01937460899
3233,2,2262,202,20,1,1.5,0,65,1,1,1,1,,-0.80375701189,-1.47407448292,,-1.29487729073,-0.902856945992,-1.01937460899
3234,1,2262,202,20,1,1.5,0,15,1,1,1,1,0,-2.40912771225,0.0957344025373,0.486466348171,-2.40912771225,0.0957344025373,0.486466348171
3234,2,2262,202,20,1,1.5,0,28,1,1,1,1,,-3.040569067,-0.181185632944,1.20211958885,-2.40912771225,0.0957344025373,0.486466348171
3235,2,2262,202,20,1,1.5,1,10,1,1,0,,,-1.16787743568,-0.285523623228,-0.104033231735,,,
3236,1,2263,202,20,1,1.5,1,19,1,1,1,1,0,-1.93300068378,-0.237142696977,0.626196026802,-1.93300068378,-0.237142696977,0.626196026802
3236,2,2263,202,20,1,1.5,1,32,1,1,1,1,,-2.16241121292,-0.25398978591,0.582759082317,-1.93300068378,-0.237142696977,0.626196026802
3237,1,2264,203,21,1,2.5,1,50,1,1,1,1,0,-0.53643655777,0.411379009485,0.03588725999,-0.53643655777,0.411379009485,0.03588725999
3237,2,2264,203,21,1,2.5,1,63,1,1,1,1,,-0.629347622395,-0.0893797874451,,-0.53643655777,0.411379009485,0.03588725999
3238,1,2264,203,21,1,2.5,1,31,1,1,1,1,0,-2.26177477837,-0.613186717033,0.0959124341607,-2.26177477837,-0.613186717033,0.0959124341607
3238,2,2264,203,21,1,2.5,1,45,1,1,1,1,,-2.08287906647,-1.25773882866,-0.436899393797,-2.26177477837,-0.613186717033,0.0959124341607
3239,2,2264,203,21,1,2.5,0,5,1,1,0,,,-0.83002281189,-0.890737354755,,,,
3240,1,2265,203,21,1,2.5,0,48,1,1,1,1,0,-2.85578083992,-1.10770702362,-1.66664528847,-2.85578083992,-1.10770702362,-1.66664528847
3240,2,2265,203,21,1,2.5,0,61,1,1,1,1,,-2.35541510582,-1.00924682617,,-2.85578083992,-1.10770702362,-1.66664528847
3241,1,2265,203,21,1,2.5,1,5,1,1,1,1,0,-0.712602138519,-0.485400021076,,-0.712602138519,-0.485400021076,
