childid,round,hhid,vid,block,eligible,samp_wgt,female,agemonths,anthro_shouldbe,anthro_present,anthro_baseline,anthro_panel,anthro_attrites,haz06,waz06,muacz,haz06_R1,waz06_R1,muacz_R1
2173,1,1514,138,11,0,43.75,1,21,1,1,1,1,0,-2.59698414803,-1.20742714405,-0.48469376564,-2.59698414803,-1.20742714405,-0.48469376564
2173,2,1514,138,11,0,43.75,1,34,1,1,1,1,,-2.98347258568,-1.63719463348,-1.09415817261,-2.59698414803,-1.20742714405,-0.48469376564
2174,2,1515,138,11,0,43.75,0,49,1,1,0,,,-2.76236081123,-0.578230977058,-0.280721873045,,,
2175,1,1516,139,12,1,2.625,0,9,1,1,1,1,0,-1.6800069809,-0.50967001915,0.682025551796,-1.6800069809,-0.50967001915,0.682025551796
2175,2,1516,139,12,1,2.625,0,22,1,1,1,1,,-2.0440466404,-0.778350055218,0.304968833923,-1.6800069809,-0.50967001915,0.682025551796
2176,1,1517,139,12,0,49.75,1,58,1,1,1,1,0,-1.646525383,0.307457000017,0.0936727672815,-1.646525383,0.307457000017,0.0936727672815
2176,2,1517,139,12,0,49.75,1,71,1,1,1,1,,-1.59995222092,0.135808005929,,-1.646525383,0.307457000017,0.0936727672815
2177,1,1518,139,12,1,2.625,0,20,1,1,1,1,0,-2.22093558311,-0.407018244267,-0.208724573255,-2.22093558311,-0.407018244267,-0.208724573255
2177,2,1518,139,12,1,2.625,0,32,1,1,1,1,,-2.24249577522,-0.408315271139,-0.481367230415,-2.22093558311,-0.407018244267,-0.208724573255
2178,1,1519,139,12,1,2.625,0,13,1,1,1,1,0,-2.00683164597,-0.333944559097,-0.703853189945,-2.00683164597,-0.333944559097,-0.703853189945
2178,2,1519,139,12,1,2.625,0,26,1,1,1,1,,-2.06457185745,-0.407768934965,-0.756662487984,-2.00683164597,-0.333944559097,-0.703853189945
2179,1,1520,139,12,0,49.75,0,41,1,1,1,1,0,-3.46464514732,-2.23636364937,-2.46472001076,-3.46464514732,-2.23636364937,-2.46472001076
2179,2,1520,139,12,0,49.75,0,54,1,1,1,1,,-2.97100329399,-2.25650715828,-1.96082186699,-3.46464514732,-2.23636364937,-2.46472001076
2180,1,1521,139,12,1,2.625,0,17,1,1,1,1,0,-3.86229133606,-2.08719468117,-1.29485523701,-3.86229133606,-2.08719468117,-1.29485523701
2180,2,1521,139,12,1,2.625,0,30,1,1,1,1,,,-1.2196637392,-0.492401212454,-3.86229133606,-2.08719468117,-1.29485523701
2181,1,1522,139,12,1,2.625,1,14,1,1,1,1,0,-1.8746650219,-0.89534175396,-0.159391015768,-1.8746650219,-0.89534175396,-0.159391015768
2181,2,1522,139,12,1,2.625,1,27,1,1,1,1,,-1.79904484749,-1.36548113823,-0.939903080463,-1.8746650219,-0.89534175396,-0.159391015768
2182,1,1524,139,12,1,2.625,0,35,1,1,1,1,0,-1.34508061409,-0.221651643515,-0.162049695849,-1.34508061409,-0.221651643515,-0.162049695849
2182,2,1524,139,12,1,2.625,0,48,1,1,1,1,,-1.46094977856,-0.368478894234,-0.491817891598,-1.34508061409,-0.221651643515,-0.162049695849
2183,1,1525,139,12,0,49.75,1,58,1,1,1,1,0,-2.37249779701,-0.807377696037,-0.230936422944,-2.37249779701,-0.807377696037,-0.230936422944
2183,2,1525,139,12,0,49.75,1,71,1,1,1,1,,-2.3564927578,-0.686167657375,,-2.37249779701,-0.807377696037,-0.230936422944
2184,2,1525,139,12,0,49.75,0,10,1,1,0,,,-1.80803918839,0.173905149102,-0.246239900589,,,
2185,1,1526,139,12,1,2.625,0,6,1,1,1,1,0,-2.58077454567,-1.85157704353,-0.695944368839,-2.58077454567,-1.85157704353,-0.695944368839
2185,2,1526,139,12,1,2.625,0,18,1,1,1,1,,-2.50576162338,-2.9734377861,-0.99667775631,-2.58077454567,-1.85157704353,-0.695944368839
2186,1,1527,139,12,1,2.625,0,13,1,1,1,1,0,-1.57402455807,-0.556697368622,-0.0672851502895,-1.57402455807,-0.556697368622,-0.0672851502895
2186,2,1527,139,12,1,2.625,0,26,1,1,1,1,,-2.15903949738,-0.680167138577,0.994568049908,-1.57402455807,-0.556697368622,-0.0672851502895
2187,2,1527,139,12,1,2.625,1,2,1,1,0,,,1.15755546093,0.707549870014,,,,
2188,1,1528,140,11,1,1,1,7,1,1,1,0,1,-0.426412642002,0.0618478953838,-0.0880557447672,-0.426412642002,0.0618478953838,-0.0880557447672
2189,1,1529,140,11,0,43.75,1,45,1,1,1,1,0,-2.09481596947,0.416637688875,1.01329255104,-2.09481596947,0.416637688875,1.01329255104
2189,2,1529,140,11,0,43.75,1,58,1,1,1,1,,-2.0628926754,0.209664553404,0.590292870998,-2.09481596947,0.416637688875,1.01329255104
2190,1,1530,140,11,1,1,0,11,1,1,1,1,0,-2.35637807846,-1.21366930008,0.166639730334,-2.35637807846,-1.21366930008,0.166639730334
2190,2,1530,140,11,1,1,0,24,1,1,1,1,,-2.80381059647,-1.62044072151,0.124086745083,-2.35637807846,-1.21366930008,0.166639730334
2191,1,1531,140,11,1,1,1,20,1,1,1,1,0,-0.781176149845,0.293124973774,0.811998188496,-0.781176149845,0.293124973774,0.811998188496
2191,2,1531,140,11,1,1,1,33,1,1,1,1,,-1.08211290836,0.463842004538,0.6123726964,-0.781176149845,0.293124973774,0.811998188496
2192,1,1534,140,11,1,1,1,69,1,0,0,,,,,,,,
2192,2,1534,140,11,1,1,1,72,1,0,0,,,,,,,,
2193,1,1534,140,11,1,1,1,4,1,1,1,1,0,-1.681671381,-1.10687601566,,-1.681671381,-1.10687601566,
2193,2,1534,140,11,1,1,1,17,1,1,1,1,,-4.28952312469,-1.88555431366,-0.545252144337,-1.681671381,-1.10687601566,
2194,1,1535,140,11,1,1,0,63,1,0,0,,,,,,,,
2194,2,1535,140,11,1,1,0,72,1,0,0,,,,,,,,
2195,1,1535,140,11,1,1,1,14,1,1,1,1,0,-2.3590054512,-1.07596635818,-0.421884149313,-2.3590054512,-1.07596635818,-0.421884149313
2195,2,1535,140,11,1,1,1,27,1,1,1,1,,-2.7010819912,-1.0055423975,-0.590978145599,-2.3590054512,-1.07596635818,-0.421884149313
2196,1,1537,140,11,1,1,0,63,1,0,0,,,,,,,,
2196,2,1537,140,11,1,1,0,72,1,0,0,,,,,,,,
2197,1,1537,140,11,1,1,1,12,1,0,0,,,,,,,,
2197,2,1537,140,11,1,1,1,28,1,1,0,,,-3.68681454659,-1.97362267971,-0.395371854305,,,
2198,1,1538,140,11,1,1,0,40,1,1,1,1,0,-2.68625402451,-0.384846806526,0.323501527309,-2.68625402451,-0.384846806526,0.323501527309
2198,2,1538,140,11,1,1,0,53,1,1,1,1,,-2.61835026741,-0.817368388176,-0.369617074728,-2.68625402451,-0.384846806526,0.323501527309
2199,1,1538,140,11,1,1,1,10,1,1,1,1,0,-1.28945350647,-0.15609139204,0.480369746685,-1.28945350647,-0.15609139204,0.480369746685
2199,2,1538,140,11,1,1,1,22,1,1,1,1,,-1.39542424679,0.208221793175,1.00918102264,-1.28945350647,-0.15609139204,0.480369746685
2200,1,1539,140,11,1,1,0,19,1,1,1,1,0,-1.68467819691,0.298113793135,1.56215417385,-1.68467819691,0.298113793135,1.56215417385
2200,2,1539,140,11,1,1,0,32,1,1,1,1,,-2.37063264847,-0.0659489929676,1.10362803936,-1.68467819691,0.298113793135,1.56215417385
2201,1,1540,141,12,1,2.25,0,46,1,1,1,1,0,-3.82173538208,-1.30480802059,0.314906597137,-3.82173538208,-1.30480802059,0.314906597137
2201,2,1540,141,12,1,2.25,0,58,1,1,1,1,,-3.67609453201,-1.43943357468,0.67765468359,-3.82173538208,-1.30480802059,0.314906597137
2202,1,1541,141,12,1,2.25,0,7,1,1,1,1,0,-1.45757257938,-2.81656432152,-1.79458868504,-1.45757257938,-2.81656432152,-1.79458868504
2202,2,1541,141,12,1,2.25,0,20,1,1,1,1,,-3.87341451645,-2.87094092369,-0.520913362503,-1.45757257938,-2.81656432152,-1.79458868504
2203,1,1542,141,12,1,2.25,0,3,1,1,1,1,0,-1.97088098526,-1.00557076931,,-1.97088098526,-1.00557076931,
2203,2,1542,141,12,1,2.25,0,16,1,1,1,1,,-3.73830294609,-1.46220648289,-0.241287663579,-1.97088098526,-1.00557076931,
2204,2,1544,141,12,0,27.75,1,12,1,1,0,,,-0.316508024931,-0.372678250074,-1.12742626667,,,
2205,1,1546,141,12,1,2.25,1,36,1,1,1,1,0,-2.90235996246,-1.6276704073,-1.51373398304,-2.90235996246,-1.6276704073,-1.51373398304
2205,2,1546,141,12,1,2.25,1,49,1,1,1,1,,-2.2826859951,-1.10015046597,-0.385450333357,-2.90235996246,-1.6276704073,-1.51373398304
2206,1,1546,141,12,1,2.25,0,8,1,1,1,1,0,-2.35744380951,-2.33453607559,-2.28374123573,-2.35744380951,-2.33453607559,-2.28374123573
2206,2,1546,141,12,1,2.25,0,21,1,1,1,1,,-2.36062669754,-1.81804907322,-0.69984292984,-2.35744380951,-2.33453607559,-2.28374123573
2207,1,1547,141,12,1,2.25,0,18,1,1,1,1,0,-1.61597001553,0.403349608183,0.722409307957,-1.61597001553,0.403349608183,0.722409307957
2207,2,1547,141,12,1,2.25,0,31,1,1,1,1,,-2.44661068916,0.468715310097,1.87292575836,-1.61597001553,0.403349608183,0.722409307957
2208,1,1548,141,12,1,2.25,1,10,1,0,0,,,,,,,,
2208,2,1548,141,12,1,2.25,1,23,1,1,0,,,-0.683816194534,0.315596342087,0.201901808381,,,
2209,1,1549,141,12,1,2.25,1,12,1,1,1,1,0,-2.25826931,-1.84689700603,-0.709443390369,-2.25826931,-1.84689700603,-0.709443390369
2209,2,1549,141,12,1,2.25,1,25,1,1,1,1,,-2.83389639854,-1.64927911758,-0.467088192701,-2.25826931,-1.84689700603,-0.709443390369
2210,2,1549,141,12,1,2.25,1,2,1,1,0,,,-0.401392042637,0.426835954189,,,,
2211,1,1550,141,12,0,27.75,0,516,1,0,0,,,,,,,,
2211,2,1550,141,12,0,27.75,0,56,1,1,0,,,-0.761860430241,1.10234248638,0.0417748354375,,,
2212,1,1552,142,11,1,1,0,14,1,1,1,1,0,-0.141162276268,0.716803729534,0.684313118458,-0.141162276268,0.716803729534,0.684313118458
2212,2,1552,142,11,1,1,0,27,1,1,1,1,,-0.887003719807,1.0237082243,1.28805983067,-0.141162276268,0.716803729534,0.684313118458
2213,1,1553,142,11,1,1,0,54,1,1,1,1,0,-2.81245136261,-1.63248383999,-1.35057890415,-2.81245136261,-1.63248383999,-1.35057890415
2213,2,1553,142,11,1,1,0,68,1,1,1,1,,-2.70306277275,-1.68118524551,,-2.81245136261,-1.63248383999,-1.35057890415
2214,1,1553,142,11,1,1,1,8,1,1,1,1,0,-3.06546401978,-1.05200111866,0.423011034727,-3.06546401978,-1.05200111866,0.423011034727
2214,2,1553,142,11,1,1,1,21,1,1,1,1,,-2.90671443939,-0.300871282816,0.719076871872,-3.06546401978,-1.05200111866,0.423011034727
2215,1,1554,142,11,0,29.9999980927,1,26,1,1,1,1,0,-1.74062490463,-0.357935845852,-0.0267338976264,-1.74062490463,-0.357935845852,-0.0267338976264
2215,2,1554,142,11,0,29.9999980927,1,39,1,1,1,1,,-1.87578785419,-0.124940231442,0.184947267175,-1.74062490463,-0.357935845852,-0.0267338976264
2216,2,1554,142,11,0,29.9999980927,1,27,1,0,0,,,,,,,,
2217,1,1555,142,11,0,29.9999980927,0,23,1,1,1,1,0,-3.4359254837,-1.51644337177,-0.521443426609,-3.4359254837,-1.51644337177,-0.521443426609
2217,2,1555,142,11,0,29.9999980927,0,35,1,1,1,1,,-2.75201010704,-0.933116853237,-0.162049695849,-3.4359254837,-1.51644337177,-0.521443426609
2218,1,1556,142,11,1,1,0,14,1,1,1,1,0,-2.72462034225,-1.95112192631,-0.637909829617,-2.72462034225,-1.95112192631,-0.637909829617
2218,2,1556,142,11,1,1,0,27,1,1,1,1,,-2.37065172195,-1.02021288872,-0.893683969975,-2.72462034225,-1.95112192631,-0.637909829617
2219,1,1557,142,11,1,1,0,57,1,1,1,1,0,-2.98811888695,-0.99791264534,0.264510452747,-2.98811888695,-0.99791264534,0.264510452747
2219,2,1557,142,11,1,1,0,70,1,1,1,1,,-2.75409770012,-1.1749881506,,-2.98811888695,-0.99791264534,0.264510452747
2220,1,1557,142,11,1,1,1,21,1,1,1,1,0,-4.29235506058,-2.79527306557,-1.49920010567,-4.29235506058,-2.79527306557,-1.49920010567
2220,2,1557,142,11,1,1,1,34,1,1,1,1,,-4.35495090485,-2.28254413605,-1.66853809357,-4.29235506058,-2.79527306557,-1.49920010567
2221,1,1558,142,11,1,1,1,3,1,1,1,1,0,-1.5452747345,-1.40971577168,,-1.5452747345,-1.40971577168,
2221,2,1558,142,11,1,1,1,16,1,1,1,1,,-2.27434921265,-1.76693975925,-1.09761548042,-1.5452747345,-1.40971577168,
2222,1,1559,142,11,0,29.9999980927,0,37,1,1,1,1,0,-1.07499575615,-0.806170523167,-1.06491708755,-1.07499575615,-0.806170523167,-1.06491708755
2222,2,1559,142,11,0,29.9999980927,0,50,1,1,1,1,,-1.10065960884,-0.432594954967,-1.66130292416,-1.07499575615,-0.806170523167,-1.06491708755
2223,1,1560,142,11,1,1,0,40,1,1,1,0,1,-2.42872810364,-1.2458987236,-0.711749732494,-2.42872810364,-1.2458987236,-0.711749732494
2224,1,1560,142,11,1,1,1,9,1,1,1,0,1,-2.08776545525,-1.45956552029,-0.0568290576339,-2.08776545525,-1.45956552029,-0.0568290576339
2225,1,1561,142,11,1,1,0,54,1,1,1,1,0,-2.72184944153,-0.117439590394,0.12356454134,-2.72184944153,-0.117439590394,0.12356454134
2225,2,1561,142,11,1,1,0,67,1,1,1,1,,-2.34023046494,0.0705237463117,,-2.72184944153,-0.117439590394,0.12356454134
2226,1,1561,142,11,1,1,0,8,1,1,1,1,0,-2.40278363228,-0.955506742001,0.482007712126,-2.40278363228,-0.955506742001,0.482007712126
2226,2,1561,142,11,1,1,0,21,1,1,1,1,,-3.80453467369,-0.619773030281,0.844891250134,-2.40278363228,-0.955506742001,0.482007712126
2227,1,1562,142,11,0,29.9999980927,0,45,1,1,1,1,0,-3.04302692413,-1.90960597992,-2.15958857536,-3.04302692413,-1.90960597992,-2.15958857536
2227,2,1562,142,11,0,29.9999980927,0,58,1,1,1,1,,-2.41557216644,-2.12828493118,-2.95972418785,-3.04302692413,-1.90960597992,-2.15958857536
2228,2,1562,142,11,0,29.9999980927,0,1,1,1,0,,,-1.57941126823,-0.640142560005,,,,
2229,1,1564,143,14,1,1,1,57,1,0,0,,,,,,,,
2229,2,1564,143,14,1,1,1,70,1,1,0,,,-2.51202344894,-1.76205360889,,,,
2230,1,1564,143,14,1,1,0,11,1,1,1,1,0,-1.49776482582,-0.984934329987,-0.100003890693,-1.49776482582,-0.984934329987,-0.100003890693
2230,2,1564,143,14,1,1,0,24,1,1,1,1,,-1.2981647253,-0.558963775635,0.740571081638,-1.49776482582,-0.984934329987,-0.100003890693
2231,1,1566,143,14,1,1,1,54,1,1,1,1,0,-2.67313981056,-1.30719077587,-0.583056807518,-2.67313981056,-1.30719077587,-0.583056807518
2231,2,1566,143,14,1,1,1,67,1,1,1,1,,-2.36155819893,-1.28219985962,,-2.67313981056,-1.30719077587,-0.583056807518
2232,1,1566,143,14,1,1,0,23,1,1,1,1,0,-2.51776456833,-1.03109514713,0.00308148795739,-2.51776456833,-1.03109514713,0.00308148795739
2232,2,1566,143,14,1,1,0,35,1,1,1,1,,-2.67005634308,-0.718572616577,-1.23302805424,-2.51776456833,-1.03109514713,0.00308148795739
2233,1,1567,143,14,0,22,0,1,1,1,1,1,0,-2.94079709053,-2.80085062981,,-2.94079709053,-2.80085062981,
2233,2,1567,143,14,0,22,0,13,1,1,1,1,,-0.729018509388,-1.08013367653,-0.565071761608,-2.94079709053,-2.80085062981,
2234,2,1568,143,14,0,22,1,48,1,0,0,,,,,,,,
2235,1,1569,143,14,1,1,0,33,1,1,1,1,0,-2.98138475418,-1.88225281239,-0.861195802689,-2.98138475418,-1.88225281239,-0.861195802689
2235,2,1569,143,14,1,1,0,45,1,1,1,1,,-4.19470405579,-2.05430698395,-0.42356723547,-2.98138475418,-1.88225281239,-0.861195802689
2236,1,1569,143,14,1,1,0,2,1,1,1,1,0,-2.26191926003,-0.922368824482,,-2.26191926003,-0.922368824482,
2236,2,1569,143,14,1,1,0,14,1,1,1,1,,-2.09893727303,-1.09387791157,-0.228185802698,-2.26191926003,-0.922368824482,
2237,1,1570,143,14,1,1,1,8,1,1,1,1,0,-1.90266990662,-1.19645941257,-0.522378385067,-1.90266990662,-1.19645941257,-0.522378385067
2237,2,1570,143,14,1,1,1,21,1,1,1,1,,-2.77630329132,-0.475523322821,-0.181239724159,-1.90266990662,-1.19645941257,-0.522378385067
2238,1,1572,144,16,0,33.75,1,16,1,1,1,1,0,-1.98806393147,-0.691596329212,-0.412199676037,-1.98806393147,-0.691596329212,-0.412199676037
2238,2,1572,144,16,0,33.75,1,29,1,1,1,1,,-2.34109473228,-0.558276057243,0.118204504251,-1.98806393147,-0.691596329212,-0.412199676037
2239,1,1573,144,16,1,3.49999976158,1,33,1,1,1,1,0,-3.21970701218,-2.73052668571,-1.67780208588,-3.21970701218,-2.73052668571,-1.67780208588
2239,2,1573,144,16,1,3.49999976158,1,46,1,1,1,1,,-3.16559576988,-2.53735899925,-1.73350203037,-3.21970701218,-2.73052668571,-1.67780208588
2240,1,1573,144,16,1,3.49999976158,1,9,1,1,1,1,0,-2.95706272125,-2.20353841782,-2.1385602951,-2.95706272125,-2.20353841782,-2.1385602951
2240,2,1573,144,16,1,3.49999976158,1,22,1,1,1,1,,-3.6388733387,-2.16356301308,-1.65545785427,-2.95706272125,-2.20353841782,-2.1385602951
2241,1,1574,144,16,1,3.49999976158,1,41,1,1,1,1,0,-1.45427966118,-0.0548510216177,-0.299386709929,-1.45427966118,-0.0548510216177,-0.299386709929
2241,2,1574,144,16,1,3.49999976158,1,54,1,1,1,1,,-1.06371629238,-0.183755010366,-0.37346509099,-1.45427966118,-0.0548510216177,-0.299386709929
2242,1,1575,144,16,1,3.49999976158,1,23,1,1,1,1,0,-2.27504253387,-0.34566116333,0.641254842281,-2.27504253387,-0.34566116333,0.641254842281
2242,2,1575,144,16,1,3.49999976158,1,36,1,1,1,1,,-2.25893831253,-0.32767188549,0.631354093552,-2.27504253387,-0.34566116333,0.641254842281
2243,1,1576,144,16,1,3.49999976158,0,9,1,1,1,1,0,-0.721581578255,-0.0221182666719,0.15687546134,-0.721581578255,-0.0221182666719,0.15687546134
2243,2,1576,144,16,1,3.49999976158,0,22,1,1,1,1,,-1.46467864513,-0.778350055218,0.388605892658,-0.721581578255,-0.0221182666719,0.15687546134
2244,1,1577,144,16,0,33.75,0,43,1,1,1,1,0,-1.58558893204,-1.03902816772,-1.56328999996,-1.58558893204,-1.03902816772,-1.56328999996
2244,2,1577,144,16,0,33.75,0,56,1,1,1,1,,-1.2074328661,-1.11498844624,-1.55956351757,-1.58558893204,-1.03902816772,-1.56328999996
2245,1,1578,144,16,1,3.49999976158,1,21,1,1,1,1,0,1.08719062805,0.945583879948,0.836039543152,1.08719062805,0.945583879948,0.836039543152
2245,2,1578,144,16,1,3.49999976158,1,34,1,1,1,1,,0.539337933064,1.00835859776,0.786817312241,1.08719062805,0.945583879948,0.836039543152
2246,1,1579,144,16,0,33.75,0,9,1,1,1,1,0,-1.30109214783,-0.729236245155,-0.852609157562,-1.30109214783,-0.729236245155,-0.852609157562
2246,2,1579,144,16,0,33.75,0,21,1,1,1,1,,-1.1428757906,0.0700055733323,0.350664019585,-1.30109214783,-0.729236245155,-0.852609157562
2247,1,1580,144,16,1,3.49999976158,0,10,1,1,1,1,0,-0.0574181042612,0.0749576762319,0.636560320854,-0.0574181042612,0.0749576762319,0.636560320854
2247,2,1580,144,16,1,3.49999976158,0,23,1,1,1,1,,-1.66638040543,-0.729894459248,0.173067003489,-0.0574181042612,0.0749576762319,0.636560320854
2248,1,1582,144,16,1,3.49999976158,0,12,1,1,1,1,0,1.41551947594,0.573114216328,0.740686416626,1.41551947594,0.573114216328,0.740686416626
2248,2,1582,144,16,1,3.49999976158,0,27,1,1,1,1,,,-0.268117696047,0.309601873159,1.41551947594,0.573114216328,0.740686416626
2249,1,1583,144,16,1,3.49999976158,0,20,1,1,1,1,0,0.284439891577,0.273927778006,0.0529500618577,0.284439891577,0.273927778006,0.0529500618577
2249,2,1583,144,16,1,3.49999976158,0,33,1,1,1,1,,0.148464336991,0.677315890789,-0.430588573217,0.284439891577,0.273927778006,0.0529500618577
2250,1,1584,145,16,0,28.5,1,48,1,1,1,0,1,-1.4581952095,-0.472530454397,,-1.4581952095,-0.472530454397,
2251,1,1585,145,16,1,3.24999976158,1,10,1,1,1,1,0,-1.61366283894,-0.116741299629,0.398906558752,-1.61366283894,-0.116741299629,0.398906558752
2251,2,1585,145,16,1,3.24999976158,1,23,1,1,1,1,,-2.77919507027,-1.43313002586,-0.961532115936,-1.61366283894,-0.116741299629,0.398906558752
2252,1,1586,145,16,0,28.5,0,53,1,1,1,1,0,-1.09947836399,0.0137045318261,-0.293970555067,-1.09947836399,0.0137045318261,-0.293970555067
2252,2,1586,145,16,0,28.5,0,66,1,1,1,1,,-1.16127455235,-0.220736727118,,-1.09947836399,0.0137045318261,-0.293970555067
2253,1,1587,145,16,1,3.24999976158,1,52,1,1,1,1,0,-0.392206609249,-0.442956387997,-0.448041647673,-0.392206609249,-0.442956387997,-0.448041647673
2253,2,1587,145,16,1,3.24999976158,1,66,1,1,1,1,,-0.44082686305,-0.384130418301,,-0.392206609249,-0.442956387997,-0.448041647673
2254,1,1587,145,16,1,3.24999976158,0,13,1,1,1,1,0,-1.45036363602,-0.946583092213,-1.36973953247,-1.45036363602,-0.946583092213,-1.36973953247
2254,2,1587,145,16,1,3.24999976158,0,27,1,1,1,1,,-1.92246520519,-1.36322593689,-1.16842269897,-1.45036363602,-0.946583092213,-1.36973953247
2255,1,1588,145,16,1,3.24999976158,0,34,1,0,0,,,,,,,,
2255,2,1588,145,16,1,3.24999976158,0,47,1,1,0,,,-2.1080198288,-0.453378260136,0.506293475628,,,
2256,1,1588,145,16,1,3.24999976158,1,3,1,1,1,1,0,0.141136020422,1.10750293732,,0.141136020422,1.10750293732,
2256,2,1588,145,16,1,3.24999976158,1,15,1,1,1,1,,0.324948370457,0.24860842526,1.18152248859,0.141136020422,1.10750293732,
2257,1,1589,145,16,1,3.24999976158,1,23,1,1,1,1,0,-1.29825115204,-0.0640344619751,0.0788008570671,-1.29825115204,-0.0640344619751,0.0788008570671
2257,2,1589,145,16,1,3.24999976158,1,36,1,1,1,1,,-1.36602318287,-0.0281786099076,0.266677290201,-1.29825115204,-0.0640344619751,0.0788008570671
2258,2,1589,145,16,1,3.24999976158,1,4,1,1,0,,,-0.82695299387,0.997611761093,,,,
2259,1,1590,145,16,1,3.24999976158,1,51,1,1,1,1,0,-3.53382062912,-2.30368924141,-0.777029037476,-3.53382062912,-2.30368924141,-0.777029037476
2259,2,1590,145,16,1,3.24999976158,1,64,1,1,1,1,,-3.10194087029,-2.49722719193,,-3.53382062912,-2.30368924141,-0.777029037476
2260,1,1590,145,16,1,3.24999976158,1,22,1,1,1,1,0,-1.57169616222,-1.49453783035,-0.810295283794,-1.57169616222,-1.49453783035,-0.810295283794
2260,2,1590,145,16,1,3.24999976158,1,34,1,1,1,1,,-1.50442898273,-0.478790462017,0.496363550425,-1.57169616222,-1.49453783035,-0.810295283794
2261,1,1592,145,16,1,3.24999976158,1,23,1,1,1,1,0,-1.88117480278,-0.577187418938,-0.342282652855,-1.88117480278,-0.577187418938,-0.342282652855
2261,2,1592,145,16,1,3.24999976158,1,36,1,1,1,1,,-1.98318505287,-0.581105589867,-0.111622363329,-1.88117480278,-0.577187418938,-0.342282652855
2262,2,1592,145,16,1,3.24999976158,1,4,1,1,0,,,-0.0877354964614,-0.285825937986,,,,
2263,1,1593,145,16,1,3.24999976158,0,11,1,0,0,,,,,,,,
2263,2,1593,145,16,1,3.24999976158,0,24,1,1,0,,,-3.27841877937,-2.32603430748,-0.481036931276,,,
2264,1,1594,145,16,1,3.24999976158,1,18,1,1,1,1,0,-2.80931901932,-1.21080875397,-0.773738324642,-2.80931901932,-1.21080875397,-0.773738324642
2264,2,1594,145,16,1,3.24999976158,1,31,1,1,1,1,,-2.68098211288,-1.06328749657,-0.46640342474,-2.80931901932,-1.21080875397,-0.773738324642
2265,1,1595,145,16,0,28.5,0,47,1,1,1,1,0,-1.60281705856,-1.4117846489,-1.29536402225,-1.60281705856,-1.4117846489,-1.29536402225
2265,2,1595,145,16,0,28.5,0,60,1,1,1,1,,-1.61070370674,-1.23475205898,-0.372592270374,-1.60281705856,-1.4117846489,-1.29536402225
2266,1,1595,145,16,0,28.5,1,47,1,1,1,1,0,-1.5664460659,-1.11198318005,-1.51235437393,-1.5664460659,-1.11198318005,-1.51235437393
2266,2,1595,145,16,0,28.5,1,60,1,1,1,1,,-1.70778417587,-1.10842430592,-1.40617084503,-1.5664460659,-1.11198318005,-1.51235437393
2267,1,1596,146,15,0,33,1,47,1,1,1,1,0,-1.74216151237,-0.170575454831,0.612295389175,-1.74216151237,-0.170575454831,0.612295389175
2267,2,1596,146,15,0,33,1,60,1,1,1,1,,-1.57113409042,-0.196102380753,0.0931572914124,-1.74216151237,-0.170575454831,0.612295389175
2268,1,1596,146,15,0,33,0,1,1,1,1,1,0,,-2.53382658958,,,-2.53382658958,
2268,2,1596,146,15,0,33,0,13,1,1,1,1,,-2.62513017654,-1.04914939404,-0.111839778721,,-2.53382658958,
2269,1,1597,146,15,1,1,1,39,1,1,1,1,0,-1.2283949852,-0.103390179574,-0.774541676044,-1.2283949852,-0.103390179574,-0.774541676044
2269,2,1597,146,15,1,1,1,52,1,1,1,1,,-0.706080317497,-0.525570333004,-1.49270093441,-1.2283949852,-0.103390179574,-0.774541676044
2270,1,1597,146,15,1,1,0,4,1,1,1,1,0,0.174934715033,1.03031945229,,0.174934715033,1.03031945229,
2270,2,1597,146,15,1,1,0,17,1,1,1,1,,-0.32140687108,-0.379310280085,-0.453789740801,0.174934715033,1.03031945229,
2271,1,1598,146,15,1,1,0,33,1,1,1,1,0,-0.00592152634636,0.161123767495,0.224851071835,-0.00592152634636,0.161123767495,0.224851071835
2271,2,1598,146,15,1,1,0,46,1,1,1,1,,-0.884421229362,-0.0676294118166,-0.134634912014,-0.00592152634636,0.161123767495,0.224851071835
2272,1,1598,146,15,1,1,1,20,1,1,1,1,0,-0.980319857597,-0.629348993301,0.57528179884,-0.980319857597,-0.629348993301,0.57528179884
2272,2,1598,146,15,1,1,1,34,1,1,1,1,,-1.58510494232,-0.366726577282,0.347962737083,-0.980319857597,-0.629348993301,0.57528179884
2273,2,1599,146,15,1,1,1,72,1,1,0,,,-1.56739330292,-1.32669186592,,,,
2274,1,1600,146,15,1,1,0,6,1,1,1,1,0,-2.09018468857,-1.79666054249,-1.18269133568,-2.09018468857,-1.79666054249,-1.18269133568
2274,2,1600,146,15,1,1,0,19,1,1,1,1,,-2.55572605133,-2.31595540047,1.56215417385,-2.09018468857,-1.79666054249,-1.18269133568
2275,1,1601,146,15,0,33,1,30,1,1,1,1,0,-0.631615936756,-0.0916687175632,-0.0133568989113,-0.631615936756,-0.0916687175632,-0.0133568989113
2275,2,1601,146,15,0,33,1,45,1,1,1,1,,-1.30691492558,-0.558365225792,-0.143527850509,-0.631615936756,-0.0916687175632,-0.0133568989113
2276,1,1602,146,15,0,33,1,35,1,1,1,1,0,-0.771385610104,0.845619499683,0.956330358982,-0.771385610104,0.845619499683,0.956330358982
2276,2,1602,146,15,0,33,1,48,1,1,1,1,,-0.993890881538,0.553157508373,0.897336006165,-0.771385610104,0.845619499683,0.956330358982
2277,1,1602,146,15,0,33,1,12,1,0,0,,,,,,,,
2277,2,1602,146,15,0,33,1,48,1,0,0,,,,,,,,
2278,1,1603,146,15,0,33,0,53,1,1,1,1,0,-1.62480247021,-0.595064043999,0.428891599178,-1.62480247021,-0.595064043999,0.428891599178
2278,2,1603,146,15,0,33,0,67,1,1,1,1,,-1.78542518616,-0.2190977633,,-1.62480247021,-0.595064043999,0.428891599178
2279,1,1603,146,15,0,33,1,33,1,1,1,0,1,-1.29995572567,-0.0140238674358,0.0856751576066,-1.29995572567,-0.0140238674358,0.0856751576066
2279,2,1603,146,15,0,33,1,43,1,0,1,0,,,,,-1.29995572567,-0.0140238674358,0.0856751576066
2280,1,1604,146,15,1,1,1,35,1,0,0,,,,,,,,
2280,2,1604,146,15,1,1,1,47,1,1,0,,,-1.91787695885,-0.75059658289,-0.502327144146,,,
2281,1,1604,146,15,1,1,0,16,1,0,0,,,,,,,,
2281,2,1604,146,15,1,1,0,30,1,1,0,,,-1.34579825401,-0.630052030087,-0.321309804916,,,
2282,1,1605,146,15,1,1,1,19,1,1,1,1,0,-2.81191325188,-1.40036046505,-1.00890243053,-2.81191325188,-1.40036046505,-1.00890243053
2282,2,1605,146,15,1,1,1,31,1,1,1,1,,-1.87051236629,-0.0682483837008,0.84952545166,-2.81191325188,-1.40036046505,-1.00890243053
2283,1,1605,146,15,1,1,1,2,1,1,1,1,0,-1.8010840416,-0.864947557449,,-1.8010840416,-0.864947557449,
2283,2,1605,146,15,1,1,1,15,1,1,1,1,,-2.28530335426,-1.51580560207,-0.639424264431,-1.8010840416,-0.864947557449,
2284,1,1606,147,15,1,1.375,0,62,1,0,0,,,,,,,,
2284,2,1606,147,15,1,1.375,0,72,1,0,0,,,,,,,,
2285,1,1606,147,15,1,1.375,0,8,1,1,1,1,0,-3.33226895332,-1.79815196991,-1.08240246773,-3.33226895332,-1.79815196991,-1.08240246773
2285,2,1606,147,15,1,1.375,0,20,1,1,1,1,,-2.87837386131,-1.72458934784,-0.520913362503,-3.33226895332,-1.79815196991,-1.08240246773
2286,1,1607,147,15,1,1.375,0,23,1,1,1,0,1,-3.58617162704,,-0.792328715324,-3.58617162704,,-0.792328715324
2287,1,1608,147,15,1,1.375,0,51,1,1,1,1,0,-2.6605451107,-2.58336949348,-2.46371746063,-2.6605451107,-2.58336949348,-2.46371746063
2287,2,1608,147,15,1,1.375,0,64,1,1,1,1,,-2.71441984177,-3.08809041977,,-2.6605451107,-2.58336949348,-2.46371746063
2288,1,1608,147,15,1,1.375,0,24,1,1,1,1,0,-4.14580392838,-3.30265593529,-2.50072145462,-4.14580392838,-3.30265593529,-2.50072145462
2288,2,1608,147,15,1,1.375,0,37,1,1,1,1,,-4.2597079277,-3.22961878777,-2.95972418785,-4.14580392838,-3.30265593529,-2.50072145462
2289,1,1609,147,15,0,20.75,0,51,1,1,1,1,0,-1.38301074505,0.23128336668,0.33678740263,-1.38301074505,0.23128336668,0.33678740263
2289,2,1609,147,15,0,20.75,0,65,1,1,1,1,,-1.49308466911,0.0696216225624,,-1.38301074505,0.23128336668,0.33678740263
2290,1,1610,147,15,1,1.375,0,50,1,1,1,1,0,-2.10822486877,-1.1958309412,-2.16140604019,-2.10822486877,-1.1958309412,-2.16140604019
2290,2,1610,147,15,1,1.375,0,63,1,1,1,1,,-1.90895485878,-1.29032742977,,-2.10822486877,-1.1958309412,-2.16140604019
2291,1,1610,147,15,1,1.375,0,12,1,1,1,1,0,-3.32407689095,-2.00258731842,-1.34215116501,-3.32407689095,-2.00258731842,-1.34215116501
2291,2,1610,147,15,1,1.375,0,25,1,1,1,1,,-2.99168848991,-1.64286756516,-0.354010492563,-3.32407689095,-2.00258731842,-1.34215116501
2292,1,1611,147,15,1,1.375,1,5,1,1,1,1,0,-2.33615374565,-2.50948905945,,-2.33615374565,-2.50948905945,
2292,2,1611,147,15,1,1.375,1,18,1,1,1,1,,-2.94706916809,-2.15228056908,-1.00444161892,-2.33615374565,-2.50948905945,
2293,1,1613,147,15,0,20.75,0,62,1,0,0,,,,,,,,
2293,2,1613,147,15,0,20.75,0,72,1,0,0,,,,,,,,
2294,2,1613,147,15,0,20.75,0,8,1,1,0,,,0.816403269768,0.10073017329,1.75103485584,,,
2295,1,1614,147,15,1,1.375,0,26,1,1,1,1,0,-1.95436108112,-0.561296820641,0.192940250039,-1.95436108112,-0.561296820641,0.192940250039
2295,2,1614,147,15,1,1.375,0,39,1,1,1,1,,-1.90249478817,-0.456252247095,-0.47860866785,-1.95436108112,-0.561296820641,0.192940250039
2296,1,1614,147,15,1,1.375,0,4,1,1,1,1,0,-0.137450799346,0.984434247017,,-0.137450799346,0.984434247017,
2296,2,1614,147,15,1,1.375,0,17,1,1,1,1,,-2.08238244057,-0.985757291317,-0.273827850819,-0.137450799346,0.984434247017,
2297,1,1615,147,15,1,1.375,0,12,1,1,1,1,0,-2.33511996269,-1.898219347,-1.24522614479,-2.33511996269,-1.898219347,-1.24522614479
2297,2,1615,147,15,1,1.375,0,25,1,1,1,1,,-2.43006277084,-1.41529083252,-0.574299395084,-2.33511996269,-1.898219347,-1.24522614479
2298,1,1616,147,15,1,1.375,0,50,1,1,1,1,0,-1.63959014416,-0.295272439718,-0.535773873329,-1.63959014416,-0.295272439718,-0.535773873329
2298,2,1616,147,15,1,1.375,0,63,1,1,1,1,,-1.24282455444,-0.331799179316,,-1.63959014416,-0.295272439718,-0.535773873329
2299,1,1616,147,15,1,1.375,0,14,1,1,1,1,0,-2.19985675812,-0.80482429266,0.257064282894,-2.19985675812,-0.80482429266,0.257064282894
2299,2,1616,147,15,1,1.375,0,27,1,1,1,1,,-2.29337835312,-0.095306918025,0.390985488892,-2.19985675812,-0.80482429266,0.257064282894
2300,1,1617,147,15,0,20.75,0,33,1,1,1,1,0,-2.13927292824,0.178884536028,0.145053505898,-2.13927292824,0.178884536028,0.145053505898
2300,2,1617,147,15,0,20.75,0,47,1,1,1,1,,-1.7832467556,0.303497612476,-0.235067605972,-2.13927292824,0.178884536028,0.145053505898
2301,1,1617,147,15,0,20.75,0,6,1,1,1,1,0,0.43284240365,0.478858888149,0.867109358311,0.43284240365,0.478858888149,0.867109358311
2301,2,1617,147,15,0,20.75,0,19,1,1,1,1,,-1.35803484917,0.251317381859,0.642901659012,0.43284240365,0.478858888149,0.867109358311
2302,1,1618,148,14,1,2.125,0,23,1,1,1,1,0,-3.28568196297,-2.55662703514,-1.93952763081,-3.28568196297,-2.55662703514,-1.93952763081
2302,2,1618,148,14,1,2.125,0,36,1,1,1,1,,-2.89554429054,-1.91043329239,-1.12669336796,-3.28568196297,-2.55662703514,-1.93952763081
2303,1,1619,148,14,1,2.125,0,56,1,1,1,1,0,-1.92034983635,-1.21654069424,-1.1413680315,-1.92034983635,-1.21654069424,-1.1413680315
2303,2,1619,148,14,1,2.125,0,69,1,1,1,1,,-1.82977604866,-1.61443829536,,-1.92034983635,-1.21654069424,-1.1413680315
2304,1,1621,148,14,0,54.7500038147,1,24,1,1,1,1,0,-3.21272850037,-2.37021636963,-0.842857420444,-3.21272850037,-2.37021636963,-0.842857420444
2304,2,1621,148,14,0,54.7500038147,1,37,1,1,1,1,,-3.06026649475,-2.18486952782,-1.32975590229,-3.21272850037,-2.37021636963,-0.842857420444
2305,2,1621,148,14,0,54.7500038147,1,7,1,1,0,,,1.15755546093,0.0511840246618,0.0414286069572,,,
2306,1,1622,148,14,1,2.125,0,24,1,1,1,1,0,-3.08203029633,-2.1580286026,-0.840849041939,-3.08203029633,-2.1580286026,-0.840849041939
2306,2,1622,148,14,1,2.125,0,37,1,1,1,1,,-3.26032114029,-2.41894197464,-1.56002140045,-3.08203029633,-2.1580286026,-0.840849041939
2307,1,1622,148,14,1,2.125,0,24,1,1,1,1,0,-3.08203029633,-1.36366963387,-0.569997608662,-3.08203029633,-1.36366963387,-0.569997608662
2307,2,1622,148,14,1,2.125,0,37,1,1,1,1,,-2.08770656586,-1.20299959183,-1.37729597092,-3.08203029633,-1.36366963387,-0.569997608662
2308,1,1623,148,14,1,2.125,0,57,1,1,1,1,0,-1.14261889458,-0.350799202919,-0.685204029083,-1.14261889458,-0.350799202919,-0.685204029083
2308,2,1623,148,14,1,2.125,0,70,1,1,1,1,,-0.966616153717,-0.319974124432,,-1.14261889458,-0.350799202919,-0.685204029083
2309,1,1623,148,14,1,2.125,0,14,1,1,1,1,0,-1.39252543449,0.384490400553,0.170057550073,-1.39252543449,0.384490400553,0.170057550073
2309,2,1623,148,14,1,2.125,0,27,1,1,1,1,,-0.361546397209,0.363939881325,0.750324487686,-1.39252543449,0.384490400553,0.170057550073
2310,1,1624,148,14,1,2.125,1,57,1,1,1,1,0,-3.13583040237,-2.43082880974,-1.10438764095,-3.13583040237,-2.43082880974,-1.10438764095
2310,2,1624,148,14,1,2.125,1,70,1,1,1,1,,-2.6504099369,-1.83143246174,,-3.13583040237,-2.43082880974,-1.10438764095
2311,1,1624,148,14,1,2.125,0,10,1,1,1,1,0,-2.98970484734,-1.99578177929,-0.990216493607,-2.98970484734,-1.99578177929,-0.990216493607
2311,2,1624,148,14,1,2.125,0,23,1,1,1,1,,-4.18714809418,-1.64877963066,-0.125968813896,-2.98970484734,-1.99578177929,-0.990216493607
2312,1,1625,148,14,1,2.125,1,18,1,1,1,1,0,-2.72322702408,-1.38498044014,-0.414773106575,-2.72322702408,-1.38498044014,-0.414773106575
2312,2,1625,148,14,1,2.125,1,31,1,1,1,1,,-3.88271641731,-0.820130169392,0.441893517971,-2.72322702408,-1.38498044014,-0.414773106575
2313,2,1625,148,14,1,2.125,0,11,1,1,0,,,-2.97887468338,-1.21366930008,-0.0106037249789,,,
2314,1,1626,148,14,1,2.125,1,43,1,1,1,1,0,-2.58826971054,-1.73076987267,-0.988984405994,-2.58826971054,-1.73076987267,-0.988984405994
2314,2,1626,148,14,1,2.125,1,56,1,1,1,1,,-2.30517649651,-1.60302174091,-0.966233491898,-2.58826971054,-1.73076987267,-0.988984405994
2315,1,1626,148,14,1,2.125,0,15,1,1,1,1,0,-3.17979168892,-2.73039698601,-2.22896385193,-3.17979168892,-2.73039698601,-2.22896385193
2315,2,1626,148,14,1,2.125,0,28,1,1,1,1,,-3.13167762756,-2.748483181,-2.33022713661,-3.17979168892,-2.73039698601,-2.22896385193
2316,1,1627,148,14,1,2.125,1,6,1,1,1,1,0,-2.06542754173,-3.31271076202,-2.19967150688,-2.06542754173,-3.31271076202,-2.19967150688
2316,2,1627,148,14,1,2.125,1,19,1,1,1,1,,-1.30761814117,,0.343531936407,-2.06542754173,-3.31271076202,-2.19967150688
2317,1,1630,149,15,0,26.5,1,50,1,1,1,1,0,-1.25484931469,-0.123647324741,-0.101554013789,-1.25484931469,-0.123647324741,-0.101554013789
2317,2,1630,149,15,0,26.5,1,62,1,1,1,1,,-0.660815000534,-0.395037889481,,-1.25484931469,-0.123647324741,-0.101554013789
2318,1,1632,149,15,1,2.125,0,22,1,1,1,1,0,-1.95884537697,-0.599419236183,0.13599139452,-1.95884537697,-0.599419236183,0.13599139452
2318,2,1632,149,15,1,2.125,0,35,1,1,1,1,,-2.28758692741,-0.294204115868,0.661093890667,-1.95884537697,-0.599419236183,0.13599139452
2319,1,1633,149,15,1,2.125,0,56,1,1,1,1,0,-1.79781842232,-0.857887268066,0.00602110615,-1.79781842232,-0.857887268066,0.00602110615
2319,2,1633,149,15,1,2.125,0,69,1,1,1,1,,-2.35699868202,-1.04007315636,,-1.79781842232,-0.857887268066,0.00602110615
2320,1,1633,149,15,1,2.125,0,56,1,1,1,1,0,0.151560977101,0.758059024811,0.493427962065,0.151560977101,0.758059024811,0.493427962065
2320,2,1633,149,15,1,2.125,0,69,1,1,1,1,,0.103377193213,0.295618414879,,0.151560977101,0.758059024811,0.493427962065
2321,1,1633,149,15,1,2.125,0,7,1,1,1,1,0,-1.48060405254,-0.541286766529,1.17502295971,-1.48060405254,-0.541286766529,1.17502295971
2321,2,1633,149,15,1,2.125,0,20,1,1,1,1,,-1.72341120243,-1.10813093185,0.0960483253002,-1.48060405254,-0.541286766529,1.17502295971
2322,1,1635,149,15,1,2.125,0,64,1,0,0,,,,,,,,
2322,2,1635,149,15,1,2.125,0,72,1,0,0,,,,,,,,
2323,1,1635,149,15,1,2.125,0,5,1,0,0,,,,,,,,
2323,2,1635,149,15,1,2.125,0,18,1,1,0,,,-2.32038855553,-1.24732875824,-1.23415911198,,,
2324,1,1636,149,15,1,2.125,1,25,1,1,1,1,0,-0.744407117367,-1.83014976978,-1.3631207943,-0.744407117367,-1.83014976978,-1.3631207943
2324,2,1636,149,15,1,2.125,1,37,1,1,1,1,,-0.464598983526,-0.90420871973,-1.68047940731,-0.744407117367,-1.83014976978,-1.3631207943
2325,1,1636,149,15,1,2.125,0,5,1,1,1,1,0,-0.332749098539,-0.330209136009,,-0.332749098539,-0.330209136009,
2325,2,1636,149,15,1,2.125,0,18,1,1,1,1,,-1.1525400877,-1.36106598377,-1.18631994724,-0.332749098539,-0.330209136009,
2326,1,1637,149,15,1,2.125,0,42,1,1,1,1,0,-0.0886487588286,0.738424897194,0.344296664,-0.0886487588286,0.738424897194,0.344296664
2326,2,1637,149,15,1,2.125,0,56,1,1,1,1,,-1.65300536156,0.0184032935649,0.148146688938,-0.0886487588286,0.738424897194,0.344296664
2327,1,1637,149,15,1,2.125,1,5,1,1,1,1,0,-0.847897708416,0.199963763356,,-0.847897708416,0.199963763356,
2327,2,1637,149,15,1,2.125,1,18,1,1,1,1,,-1.2596629858,-1.04106199741,-0.414773106575,-0.847897708416,0.199963763356,
2328,1,1638,149,15,1,2.125,1,11,1,1,1,0,1,-1.09926116467,0.0937533453107,0.60502076149,-1.09926116467,0.0937533453107,0.60502076149
2328,2,1638,149,15,1,2.125,1,23,1,0,1,0,,,,,-1.09926116467,0.0937533453107,0.60502076149
2329,2,1638,149,15,1,2.125,0,1,1,0,0,,,,,,,,
2330,2,1638,149,15,1,2.125,0,1,1,0,0,,,,,,,,
2331,1,1639,149,15,1,2.125,0,51,1,0,0,,,,,,,,
2331,2,1639,149,15,1,2.125,0,64,1,0,0,,,,,,,,
2332,1,1639,149,15,1,2.125,1,8,1,1,1,0,1,-0.930150032043,-0.45678254962,-0.522378385067,-0.930150032043,-0.45678254962,-0.522378385067
2332,2,1639,149,15,1,2.125,1,22,1,0,1,0,,,,,-0.930150032043,-0.45678254962,-0.522378385067
2333,1,1640,149,15,0,26.5,0,72,1,0,0,,,,,,,,
2333,2,1640,149,15,0,26.5,0,72,1,0,0,,,,,,,,
2334,1,1641,149,15,1,2.125,1,60,1,1,1,1,0,-1.74983167648,-2.2398045063,-1.63079249859,-1.74983167648,-2.2398045063,-1.63079249859
2334,2,1641,149,15,1,2.125,1,73,1,1,1,1,,-1.77780246735,-1.87784993649,,-1.74983167648,-2.2398045063,-1.63079249859
2335,1,1641,149,15,1,2.125,1,26,1,1,1,1,0,-3.51242303848,-1.85128712654,-1.61392760277,-3.51242303848,-1.85128712654,-1.61392760277
2335,2,1641,149,15,1,2.125,1,42,1,1,1,1,,-2.7042222023,-2.1106004715,-1.49216520786,-3.51242303848,-1.85128712654,-1.61392760277
2336,1,1641,149,15,1,2.125,1,9,1,1,1,1,0,-2.25334668159,-1.63237535954,-0.405478239059,-2.25334668159,-1.63237535954,-0.405478239059
2336,2,1641,149,15,1,2.125,1,21,1,1,1,1,,-2.80890345573,-1.05609190464,0.237623244524,-2.25334668159,-1.63237535954,-0.405478239059
2337,1,1642,150,16,1,4.25,0,59,1,1,1,1,0,-2.42882180214,-0.272419810295,-0.727044463158,-2.42882180214,-0.272419810295,-0.727044463158
2337,2,1642,150,16,1,4.25,0,71,1,1,1,1,,-2.06372213364,-0.370691865683,,-2.42882180214,-0.272419810295,-0.727044463158
2338,1,1642,150,16,1,4.25,1,48,1,1,1,1,0,-2.2359046936,-0.596103787422,-0.682782053947,-2.2359046936,-0.596103787422,-0.682782053947
2338,2,1642,150,16,1,4.25,1,61,1,1,1,1,,-1.71827816963,-0.311797052622,,-2.2359046936,-0.596103787422,-0.682782053947
2339,1,1642,150,16,1,4.25,0,7,1,1,1,1,0,-0.950911521912,0.222026482224,0.120191000402,-0.950911521912,0.222026482224,0.120191000402
2339,2,1642,150,16,1,4.25,0,20,1,1,1,1,,-2.43415570259,-0.147584974766,1.55832731724,-0.950911521912,0.222026482224,0.120191000402
2340,1,1643,150,16,1,4.25,0,444,1,0,0,,,,,,,,
2340,2,1643,150,16,1,4.25,0,50,1,1,0,,,-1.74503231049,-1.15179407597,-0.774395704269,,,
2341,1,1644,150,16,1,4.25,1,16,1,1,1,1,0,-2.52484679222,-1.95283162594,-1.05050873756,-2.52484679222,-1.95283162594,-1.05050873756
2341,2,1644,150,16,1,4.25,1,27,1,1,1,1,,-1.32584369183,-1.18699276447,-0.633967280388,-2.52484679222,-1.95283162594,-1.05050873756
2342,1,1645,150,16,1,4.25,1,57,1,1,1,1,0,-1.00549602509,-0.424236297607,-1.03158318996,-1.00549602509,-0.424236297607,-1.03158318996
2342,2,1645,150,16,1,4.25,1,72,1,1,1,1,,-0.903276324272,-0.332818359137,,-1.00549602509,-0.424236297607,-1.03158318996
2343,1,1645,150,16,1,4.25,0,15,1,1,1,1,0,-0.788761436939,-0.187585905194,-0.665714561939,-0.788761436939,-0.187585905194,-0.665714561939
2343,2,1645,150,16,1,4.25,0,29,1,1,1,1,,-0.800822496414,-0.760449528694,1.23028945923,-0.788761436939,-0.187585905194,-0.665714561939
2344,1,1648,150,16,1,4.25,1,31,1,1,1,1,0,-2.70893096924,-1.09252357483,-1.41626214981,-2.70893096924,-1.09252357483,-1.41626214981
2344,2,1648,150,16,1,4.25,1,45,1,1,1,1,,-2.47682881355,-1.08333969116,-1.21095979214,-2.70893096924,-1.09252357483,-1.41626214981
2345,1,1648,150,16,1,4.25,1,13,1,1,1,1,0,-3.52432894707,-1.58250808716,-1.9033895731,-3.52432894707,-1.58250808716,-1.9033895731
2345,2,1648,150,16,1,4.25,1,27,1,1,1,1,,-3.91365265846,-1.31631112099,-1.11878049374,-3.52432894707,-1.58250808716,-1.9033895731
2346,2,1648,150,16,1,4.25,0,9,1,1,0,,,-1.25651836395,-1.51391875744,-0.711155116558,,,
2347,1,1649,150,16,1,4.25,1,17,1,1,1,1,0,-2.37659287453,-1.05588066578,-1.28657817841,-2.37659287453,-1.05588066578,-1.28657817841
2347,2,1649,150,16,1,4.25,1,30,1,1,1,1,,-3.13858342171,-1.33949398994,-0.884104430676,-2.37659287453,-1.05588066578,-1.28657817841
2348,2,1649,150,16,1,4.25,1,11,1,1,0,,,-0.881074130535,-0.444009125233,0.154623642564,,,
2349,1,1651,150,16,1,4.25,0,72,1,0,0,,,,,,,,
2349,2,1651,150,16,1,4.25,0,68,1,1,0,,,-2.16207456589,-1.37185549736,,,,
2350,1,1651,150,16,1,4.25,0,24,1,1,1,1,0,-1.2490644455,-1.73411893845,-1.88884317875,-1.2490644455,-1.73411893845,-1.88884317875
2350,2,1651,150,16,1,4.25,0,37,1,1,1,1,,-1.88783121109,-1.7836779356,-1.88753890991,-1.2490644455,-1.73411893845,-1.88884317875
2351,2,1651,150,16,1,4.25,1,4,1,1,0,,,0.143269643188,0.0204344429076,,,,
2352,1,1652,150,16,1,4.25,1,13,1,1,1,1,0,-2.66868782043,-1.02367436886,0.379466056824,-2.66868782043,-1.02367436886,0.379466056824
2352,2,1652,150,16,1,4.25,1,25,1,1,1,1,,-2.46785521507,-1.20941960812,0.824603915215,-2.66868782043,-1.02367436886,0.379466056824
2353,1,1653,150,16,0,20,0,564,1,0,0,,,,,,,,
2353,2,1653,150,16,0,20,0,60,1,1,0,,,-1.97756659985,-2.12049722672,-2.43688988686,,,
2354,2,1653,150,16,0,20,1,7,1,1,0,,,-0.771933197975,-0.583336293697,-0.441583126783,,,
2355,1,1654,151,13,1,1.375,0,72,1,0,0,,,,,,,,
2355,2,1654,151,13,1,1.375,0,72,1,0,0,,,,,,,,
2356,1,1654,151,13,1,1.375,1,20,1,1,1,1,0,-3.70195627213,-1.9258865118,-0.696036458015,-3.70195627213,-1.9258865118,-0.696036458015
2356,2,1654,151,13,1,1.375,1,33,1,1,1,1,,-3.43754982948,-2.9343328476,-2.93938088417,-3.70195627213,-1.9258865118,-0.696036458015
2357,1,1655,151,13,1,1.375,0,31,1,0,0,,,,,,,,
2357,2,1655,151,13,1,1.375,0,44,1,1,0,,,-2.71728730202,-1.60565280914,-0.806991875172,,,
2358,2,1655,151,13,1,1.375,0,7,1,1,0,,,-1.89514267445,-1.55712914467,-0.810411214828,,,
2359,1,1656,151,13,1,1.375,1,13,1,1,1,1,0,-1.71797549725,-0.54523986578,-0.0387687906623,-1.71797549725,-0.54523986578,-0.0387687906623
2359,2,1656,151,13,1,1.375,1,26,1,1,1,1,,-2.62652516365,-1.41472864151,-2.10032987595,-1.71797549725,-0.54523986578,-0.0387687906623
2360,1,1657,151,13,1,1.375,0,54,1,1,1,1,0,-1.09102368355,-0.335346609354,0.473693996668,-1.09102368355,-0.335346609354,0.473693996668
2360,2,1657,151,13,1,1.375,0,66,1,1,1,1,,-1.03484320641,0.362903892994,,-1.09102368355,-0.335346609354,0.473693996668
2361,1,1657,151,13,1,1.375,0,10,1,1,1,1,0,-0.385658919811,-0.414116352797,0.289365023375,-0.385658919811,-0.414116352797,0.289365023375
2361,2,1657,151,13,1,1.375,0,23,1,1,1,1,,-1.53282916546,-0.13827483356,0.215198680758,-0.385658919811,-0.414116352797,0.289365023375
2362,1,1659,151,13,1,1.375,1,44,1,1,1,1,0,-1.14662623405,-0.166574850678,0.591030061245,-1.14662623405,-0.166574850678,0.591030061245
2362,2,1659,151,13,1,1.375,1,55,1,1,1,1,,-0.542161643505,-0.0621415115893,-0.440264344215,-1.14662623405,-0.166574850678,0.591030061245
2363,1,1659,151,13,1,1.375,0,15,1,0,0,,,,,,,,
2363,2,1659,151,13,1,1.375,0,28,1,1,0,,,-1.71950733662,0.356691539288,0.897637605667,,,
2364,1,1660,151,13,1,1.375,1,53,1,1,1,1,0,-2.57102060318,-2.64264822006,-2.08678174019,-2.57102060318,-2.64264822006,-2.08678174019
2364,2,1660,151,13,1,1.375,1,66,1,1,1,1,,-2.30521559715,-2.43313217163,,-2.57102060318,-2.64264822006,-2.08678174019
2365,1,1660,151,13,1,1.375,0,15,1,1,1,1,0,-2.40912771225,-2.59015583992,-1.82128477097,-2.40912771225,-2.59015583992,-1.82128477097
2365,2,1660,151,13,1,1.375,0,28,1,1,1,1,,-3.01020026207,-2.59320473671,-1.78273952007,-2.40912771225,-2.59015583992,-1.82128477097
2366,1,1662,151,13,1,1.375,1,53,1,1,1,1,0,-0.970357775688,-0.199453383684,-0.694118976593,-0.970357775688,-0.199453383684,-0.694118976593
2366,2,1662,151,13,1,1.375,1,67,1,1,1,1,,-0.831045985222,-0.0859698057175,,-0.970357775688,-0.199453383684,-0.694118976593
2367,1,1662,151,13,1,1.375,0,17,1,1,1,1,0,-1.62793838978,0.35324805975,0.165814638138,-1.62793838978,0.35324805975,0.165814638138
2367,2,1662,151,13,1,1.375,0,30,1,1,1,1,,-2.13870978355,-0.811320841312,-0.363840281963,-1.62793838978,0.35324805975,0.165814638138
2368,2,1662,151,13,1,1.375,0,1,1,0,0,,,,,,,,
2369,1,1663,151,13,0,19.25,0,43,1,0,0,,,,,,,,
2369,2,1663,151,13,0,19.25,0,60,1,1,0,,,-2.61418223381,-1.3330245018,-1.42617428303,,,
2370,1,1664,151,13,0,19.25,1,49,1,1,1,1,0,-2.11009860039,-1.12712860107,-0.278282940388,-2.11009860039,-1.12712860107,-0.278282940388
2370,2,1664,151,13,0,19.25,1,62,1,1,1,1,,-1.60756897926,-1.04804325104,,-2.11009860039,-1.12712860107,-0.278282940388
2371,1,1665,151,13,1,1.375,1,43,1,1,1,1,0,-0.384606033564,1.15503156185,1.09267544746,-0.384606033564,1.15503156185,1.09267544746
2371,2,1665,151,13,1,1.375,1,54,1,1,1,1,,0.281141906977,1.13801908493,0.293228119612,-0.384606033564,1.15503156185,1.09267544746
2372,1,1665,151,13,1,1.375,1,20,1,1,1,1,0,-0.864152908325,,,-0.864152908325,,
2372,2,1665,151,13,1,1.375,1,33,1,1,1,1,,-1.01403665543,0.24109634757,0.794080018997,-0.864152908325,,
2373,1,1666,152,13,1,1.375,0,21,1,1,1,1,0,-3.05648708344,-2.94250035286,-1.3554828167,-3.05648708344,-2.94250035286,-1.3554828167
2373,2,1666,152,13,1,1.375,0,34,1,1,1,1,,-3.87686252594,-2.44288468361,-1.75930130482,-3.05648708344,-2.94250035286,-1.3554828167
2374,2,1666,152,13,1,1.375,1,4,1,1,0,,,-2.09748125076,-0.964068949223,,,,
2375,1,1667,152,13,0,21,1,64,1,0,0,,,,,,,,
2375,2,1667,152,13,0,21,1,72,1,0,0,,,,,,,,
2376,1,1668,152,13,1,1.375,1,22,1,1,1,1,0,-2.16460728645,-1.38474047184,-0.992407858372,-2.16460728645,-1.38474047184,-0.992407858372
2376,2,1668,152,13,1,1.375,1,35,1,1,1,1,,-2.33896827698,-1.25013208389,-0.918495595455,-2.16460728645,-1.38474047184,-0.992407858372
2377,2,1668,152,13,1,1.375,0,6,1,1,0,,,-1.50615084171,-1.28918874264,-1.08427000046,,,
2378,1,1670,152,13,1,1.375,1,67,1,0,0,,,,,,,,
2378,2,1670,152,13,1,1.375,1,72,1,0,0,,,,,,,,
2379,1,1670,152,13,1,1.375,1,3,1,1,1,1,0,-0.761449158192,1.08375155926,,-0.761449158192,1.08375155926,
2379,2,1670,152,13,1,1.375,1,16,1,1,1,1,,-1.84492397308,-0.315996199846,0.437039911747,-0.761449158192,1.08375155926,
2380,1,1672,152,13,1,1.375,0,1,1,1,1,1,0,-1.37392032146,-0.324141263962,,-1.37392032146,-0.324141263962,
2380,2,1672,152,13,1,1.375,0,13,1,1,1,1,,-2.00683164597,-0.684914171696,-0.565071761608,-1.37392032146,-0.324141263962,
2381,1,1674,152,13,1,1.375,1,9,1,1,1,1,0,-1.28055810928,-0.862546443939,0.028509600088,-1.28055810928,-0.862546443939,0.028509600088
2381,2,1674,152,13,1,1.375,1,23,1,1,1,1,,-3.26759195328,-2.11234903336,-1.52262270451,-1.28055810928,-0.862546443939,0.028509600088
2382,1,1675,152,13,1,1.375,0,50,1,1,1,1,0,-3.39697003365,-2.30521321297,-1.35625064373,-3.39697003365,-2.30521321297,-1.35625064373
2382,2,1675,152,13,1,1.375,0,63,1,1,1,1,,-2.87591648102,-2.22914862633,,-3.39697003365,-2.30521321297,-1.35625064373
2383,1,1675,152,13,1,1.375,1,3,1,1,1,1,0,-0.832706689835,-0.760330438614,,-0.832706689835,-0.760330438614,
2383,2,1675,152,13,1,1.375,1,15,1,1,1,1,,-2.55910587311,-0.94584941864,-0.371492952108,-0.832706689835,-0.760330438614,
2384,1,1676,152,13,1,1.375,1,32,1,1,1,1,0,-2.70021653175,-1.96481382847,-0.930337190628,-2.70021653175,-1.96481382847,-0.930337190628
2384,2,1676,152,13,1,1.375,1,46,1,1,1,1,,-2.81080651283,-2.19438648224,-1.24047100544,-2.70021653175,-1.96481382847,-0.930337190628
2385,1,1676,152,13,1,1.375,1,3,1,1,1,1,0,1.41551947594,0.389490187168,,1.41551947594,0.389490187168,
2385,2,1676,152,13,1,1.375,1,18,1,1,1,1,,-2.00005459785,-1.05971086025,-0.637692153454,1.41551947594,0.389490187168,
2386,1,1677,152,13,1,1.375,1,23,1,0,0,,,,,,,,
2386,2,1677,152,13,1,1.375,1,36,1,1,0,,,-2.7053937912,-0.737205564976,0.340673297644,,,
2387,1,1677,152,13,1,1.375,1,5,1,1,1,1,0,-3.39597082138,-2.00585865974,,-3.39597082138,-2.00585865974,
2387,2,1677,152,13,1,1.375,1,18,1,1,1,1,,,-2.77181744576,-1.67837464809,-3.39597082138,-2.00585865974,
2388,1,1678,153,14,1,1.62499988079,0,18,1,1,1,1,0,-2.52430009842,-2.41091227531,-0.488770455122,-2.52430009842,-2.41091227531,-0.488770455122
2388,2,1678,153,14,1,1.62499988079,0,32,1,1,1,1,,-3.19641184807,-2.38874721527,-0.481367230415,-2.52430009842,-2.41091227531,-0.488770455122
2389,1,1680,153,14,1,1.62499988079,1,336,1,0,0,,,,,,,,
2389,2,1680,153,14,1,1.62499988079,1,41,1,1,0,,,-1.255453825,1.22466945648,1.87292575836,,,
2390,1,1681,153,14,1,1.62499988079,1,8,1,1,1,1,0,0.824609220028,-0.134151414037,-0.522378385067,0.824609220028,-0.134151414037,-0.522378385067
2390,2,1681,153,14,1,1.62499988079,1,20,1,1,1,1,,-0.432672798634,0.0407237932086,0.00109688506927,0.824609220028,-0.134151414037,-0.522378385067
2391,1,1682,153,14,1,1.62499988079,0,9,1,1,1,1,0,0.192266657948,0.433122187853,0.853379607201,0.192266657948,0.433122187853,0.853379607201
2391,2,1682,153,14,1,1.62499988079,0,20,1,1,1,1,,-1.01266670227,0.166528686881,0.0529500618577,0.192266657948,0.433122187853,0.853379607201
2392,1,1683,153,14,1,1.62499988079,0,53,1,1,1,1,0,-2.78964972496,-0.918529391289,-0.144580379128,-2.78964972496,-0.918529391289,-0.144580379128
2392,2,1683,153,14,1,1.62499988079,0,66,1,1,1,1,,-2.83649396896,-1.27110826969,,-2.78964972496,-0.918529391289,-0.144580379128
2393,1,1683,153,14,1,1.62499988079,1,17,1,1,1,1,0,-1.93784785271,-0.980151712894,-0.28015768528,-1.93784785271,-0.980151712894,-0.28015768528
2393,2,1683,153,14,1,1.62499988079,1,31,1,1,1,1,,-2.48535180092,-1.15140759945,-0.97381401062,-1.93784785271,-0.980151712894,-0.28015768528
2394,2,1684,153,14,0,20.25,1,2,1,1,0,,,-0.69606345892,-0.427896767855,,,,
2395,1,1685,153,14,1,1.62499988079,0,21,1,1,1,1,0,-2.79554033279,-1.38545787334,-0.608890473843,-2.79554033279,-1.38545787334,-0.608890473843
2395,2,1685,153,14,1,1.62499988079,0,33,1,1,1,1,,-2.79892683029,-1.40641140938,-0.68691521883,-2.79554033279,-1.38545787334,-0.608890473843
2396,1,1686,153,14,0,20.25,1,47,1,0,0,,,,,,,,
2396,2,1686,153,14,0,20.25,1,60,1,0,0,,,,,,,,
2397,1,1688,153,14,1,1.62499988079,0,25,1,1,1,1,0,-0.632869124413,-0.250530302525,0.650403439999,-0.632869124413,-0.250530302525,0.650403439999
2397,2,1688,153,14,1,1.62499988079,0,37,1,1,1,1,,-1.0616697073,-0.522148728371,-0.139540016651,-0.632869124413,-0.250530302525,0.650403439999
2398,1,1689,153,14,1,1.62499988079,1,33,1,1,1,1,0,-2.38917589188,-0.710338711739,-0.307813465595,-2.38917589188,-0.710338711739,-0.307813465595
2398,2,1689,153,14,1,1.62499988079,1,45,1,1,1,1,,-1.98737549782,-0.771267950535,-0.0715362355113,-2.38917589188,-0.710338711739,-0.307813465595
2399,2,1690,154,15,0,17.25,1,72,1,0,0,,,,,,,,
2400,1,1691,154,15,0,17.25,1,55,1,1,1,1,0,-1.32932889462,0.213229760528,-0.134475663304,-1.32932889462,0.213229760528,-0.134475663304
2400,2,1691,154,15,0,17.25,1,68,1,1,1,1,,-0.965449810028,0.230882138014,,-1.32932889462,0.213229760528,-0.134475663304
2401,1,1692,154,15,1,1.375,0,64,1,0,0,,,,,,,,
2401,2,1692,154,15,1,1.375,0,72,1,0,0,,,,,,,,
2402,1,1692,154,15,1,1.375,0,22,1,1,1,1,0,-2.99830269814,-1.73190164566,-1.2100507021,-2.99830269814,-1.73190164566,-1.2100507021
2402,2,1692,154,15,1,1.375,0,35,1,1,1,1,,-3.09350037575,-2.34424257278,-0.748562693596,-2.99830269814,-1.73190164566,-1.2100507021
2403,1,1693,154,15,1,1.375,0,6,1,1,1,1,0,-0.0343847088516,0.143930435181,-0.315867632627,-0.0343847088516,0.143930435181,-0.315867632627
2403,2,1693,154,15,1,1.375,0,19,1,1,1,1,,-1.37618279457,-0.205685093999,0.136242538691,-0.0343847088516,0.143930435181,-0.315867632627
2404,1,1694,154,15,1,1.375,1,47,1,1,1,1,0,-1.82416176796,-0.284696131945,-1.19038701057,-1.82416176796,-0.284696131945,-1.19038701057
2404,2,1694,154,15,1,1.375,1,60,1,1,1,1,,-1.12964379787,-0.0443767085671,-0.491028696299,-1.82416176796,-0.284696131945,-1.19038701057
2405,1,1694,154,15,1,1.375,1,15,1,1,1,1,0,-0.898035883904,0.264894455671,-0.196612626314,-0.898035883904,0.264894455671,-0.196612626314
2405,2,1694,154,15,1,1.375,1,28,1,1,1,1,,-3.86167502403,0.758866667747,0.563018620014,-0.898035883904,0.264894455671,-0.196612626314
2406,1,1694,154,15,1,1.375,1,72,1,0,0,,,,,,,,
2406,2,1694,154,15,1,1.375,1,61,1,0,0,,,,,,,,
2407,1,1695,154,15,1,1.375,0,17,1,1,1,1,0,-2.23386478424,-2.47462773323,-2.505245924,-2.23386478424,-2.47462773323,-2.505245924
2407,2,1695,154,15,1,1.375,0,30,1,1,1,1,,-2.75541329384,-1.7753585577,-1.96268713474,-2.23386478424,-2.47462773323,-2.505245924
2408,2,1695,154,15,1,1.375,0,4,1,1,0,,,-4.47712230682,-2.76653504372,,,,
2409,1,1696,154,15,1,1.375,1,22,1,1,1,1,0,-1.07493150234,-1.79652631283,-1.95266914368,-1.07493150234,-1.79652631283,-1.95266914368
2409,2,1696,154,15,1,1.375,1,35,1,1,1,1,,-1.70130848885,-1.34182095528,-1.70315766335,-1.07493150234,-1.79652631283,-1.95266914368
2410,2,1696,154,15,1,1.375,0,2,1,1,0,,,0.837353050709,0.457193344831,,,,
2411,1,1697,154,15,1,1.375,1,72,1,0,0,,,,,,,,
2411,2,1697,154,15,1,1.375,1,64,1,0,0,,,,,,,,
2412,1,1697,154,15,1,1.375,0,13,1,1,1,1,0,-1.24426412582,-1.76614201069,-1.76455140114,-1.24426412582,-1.76614201069,-1.76455140114
2412,2,1697,154,15,1,1.375,0,26,1,1,1,1,,-1.97010409832,-1.19687271118,-1.64268541336,-1.24426412582,-1.76614201069,-1.76455140114
2413,1,1698,154,15,1,1.375,1,50,1,1,1,1,0,-3.18201994896,-2.08348417282,-0.894858002663,-3.18201994896,-2.08348417282,-0.894858002663
2413,2,1698,154,15,1,1.375,1,62,1,1,1,1,,-2.97047901154,-2.15543055534,,-3.18201994896,-2.08348417282,-0.894858002663
2414,1,1698,154,15,1,1.375,1,1,1,1,1,1,0,-1.55417823792,-1.04766011238,,-1.55417823792,-1.04766011238,
2414,2,1698,154,15,1,1.375,1,14,1,1,1,1,,-1.80014920235,-0.748406052589,-0.202683240175,-1.55417823792,-1.04766011238,
2415,1,1700,154,15,1,1.375,0,23,1,1,1,1,0,-2.81825423241,-1.63101816177,-1.16301906109,-2.81825423241,-1.63101816177,-1.16301906109
2415,2,1700,154,15,1,1.375,0,36,1,1,1,1,,-2.55833745003,-1.65713012218,-1.86210584641,-2.81825423241,-1.63101816177,-1.16301906109
2416,2,1700,154,15,1,1.375,0,4,1,1,0,,,-1.12266397476,-1.58159685135,,,,
2417,1,1701,154,15,0,17.25,1,39,1,1,1,1,0,-2.12966704369,-1.59461760521,-1.269500494,-2.12966704369,-1.59461760521,-1.269500494
2417,2,1701,154,15,0,17.25,1,52,1,1,1,1,,-1.95036303997,-1.25715374947,-0.956161260605,-2.12966704369,-1.59461760521,-1.269500494
2418,1,1703,155,16,0,15.2500009537,1,42,1,1,1,1,0,-2.82719969749,-1.97628843784,-0.876927495003,-2.82719969749,-1.97628843784,-0.876927495003
2418,2,1703,155,16,0,15.2500009537,1,55,1,1,1,1,,-2.65220856667,-1.55601620674,-0.936637282372,-2.82719969749,-1.97628843784,-0.876927495003
2419,1,1704,155,16,1,2.125,1,42,1,1,1,1,0,-3.39289617538,-2.79764008522,-1.70585680008,-3.39289617538,-2.79764008522,-1.70585680008
2419,2,1704,155,16,1,2.125,1,54,1,1,1,1,,-3.45580506325,-2.62003731728,-1.66691768169,-3.39289617538,-2.79764008522,-1.70585680008
2420,1,1704,155,16,1,2.125,0,1,1,1,1,1,0,-1.37392032146,0.245829388499,,-1.37392032146,0.245829388499,
2420,2,1704,155,16,1,2.125,0,14,1,1,1,1,,-3.26957154274,-2.34693551064,-1.15532553196,-1.37392032146,0.245829388499,
2421,1,1705,155,16,0,15.2500009537,1,27,1,1,1,1,0,-2.73065423965,-1.99548923969,-0.939903080463,-2.73065423965,-1.99548923969,-0.939903080463
2421,2,1705,155,16,0,15.2500009537,1,40,1,1,1,1,,-2.91342520714,-1.82234108448,-0.339367300272,-2.73065423965,-1.99548923969,-0.939903080463
2422,1,1706,155,16,1,2.125,0,84,1,0,0,,,,,,,,
2422,2,1706,155,16,1,2.125,0,72,1,0,0,,,,,,,,
2423,1,1706,155,16,1,2.125,0,47,1,1,1,1,0,-2.78162503242,-0.913851857185,-0.158222213387,-2.78162503242,-0.913851857185,-0.158222213387
2423,2,1706,155,16,1,2.125,0,60,1,1,1,1,,-2.50628113747,-0.696541547775,-0.633488237858,-2.78162503242,-0.913851857185,-0.158222213387
2424,1,1706,155,16,1,2.125,1,4,1,1,1,1,0,-2.53639149666,0.2791454494,,-2.53639149666,0.2791454494,
2424,2,1706,155,16,1,2.125,1,17,1,1,1,1,,-1.83255064487,-0.420837163925,0.436402261257,-2.53639149666,0.2791454494,
2425,1,1707,155,16,1,2.125,1,5,1,0,0,,,,,,,,
2425,2,1707,155,16,1,2.125,1,18,1,1,0,,,-1.50071954727,-1.46386504173,-1.24027061462,,,
2426,1,1708,155,16,1,2.125,0,15,1,1,1,1,0,-2.60673332214,-1.70527434349,-1.62187075615,-2.60673332214,-1.70527434349,-1.62187075615
2426,2,1708,155,16,1,2.125,0,26,1,1,1,1,,-1.74968266487,-0.531837999821,-0.622602403164,-2.60673332214,-1.70527434349,-1.62187075615
2427,1,1709,155,16,1,2.125,0,3,1,1,1,1,0,0.0835464149714,1.74831914902,,0.0835464149714,1.74831914902,
2427,2,1709,155,16,1,2.125,0,16,1,1,1,1,,-1.12648642063,0.899848461151,1.87292575836,0.0835464149714,1.74831914902,
2428,1,1710,155,16,1,2.125,1,60,1,0,0,,,,,,,,
2428,2,1710,155,16,1,2.125,1,72,1,0,0,,,,,,,,
2429,1,1710,155,16,1,2.125,1,8,1,1,1,1,0,-0.295898765326,-0.0921917557716,-0.0817824304104,-0.295898765326,-0.0921917557716,-0.0817824304104
2429,2,1710,155,16,1,2.125,1,21,1,1,1,1,,-0.738594055176,-0.138494431973,0.600782096386,-0.295898765326,-0.0921917557716,-0.0817824304104
2430,1,1711,155,16,1,2.125,0,53,1,0,0,,,,,,,,
2430,2,1711,155,16,1,2.125,0,66,1,1,0,,,-4.47712230682,-3.00440883636,,,,
2431,1,1711,155,16,1,2.125,1,15,1,0,0,,,,,,,,
2431,2,1711,155,16,1,2.125,1,30,1,1,0,,,-3.74762129784,-2.43552732468,-1.55351185799,,,
2432,1,1712,155,16,0,15.2500009537,1,24,1,1,1,1,0,-4.00309991837,-3.11847829819,-3.11805677414,-4.00309991837,-3.11847829819,-3.11805677414
2432,2,1712,155,16,0,15.2500009537,1,36,1,1,1,1,,-3.75587940216,-1.85850822926,-2.24556565285,-4.00309991837,-3.11847829819,-3.11805677414
2433,1,1713,155,16,1,2.125,1,432,1,0,0,,,,,,,,
2433,2,1713,155,16,1,2.125,1,16,1,1,0,,,-3.74155831337,-3.44565272331,-1.14493203163,,,
2434,1,1714,156,15,1,2.375,1,52,1,1,1,1,0,-1.25535976887,-0.103315778077,-0.307701915503,-1.25535976887,-0.103315778077,-0.307701915503
2434,2,1714,156,15,1,2.375,1,65,1,1,1,1,,-1.11572313309,-0.463578104973,,-1.25535976887,-0.103315778077,-0.307701915503
2435,1,1714,156,15,1,2.375,1,25,1,1,1,1,0,-1.8730379343,-0.207736596465,0.0361795276403,-1.8730379343,-0.207736596465,0.0361795276403
2435,2,1714,156,15,1,2.375,1,38,1,1,1,1,,-1.53189826012,-0.161830022931,0.830094575882,-1.8730379343,-0.207736596465,0.0361795276403
2436,1,1714,156,15,1,2.375,1,1,1,1,1,1,0,-1.40066421032,-0.834372639656,,-1.40066421032,-0.834372639656,
2436,2,1714,156,15,1,2.375,1,13,1,1,1,1,,-2.34544324875,-1.81577396393,-0.654258370399,-1.40066421032,-0.834372639656,
2437,1,1715,156,15,1,2.375,0,38,1,1,1,1,0,-1.98147785664,-0.128803864121,0.148941010237,-1.98147785664,-0.128803864121,0.148941010237
2437,2,1715,156,15,1,2.375,0,51,1,1,1,1,,-1.42946588993,-0.132941052318,0.0850270316005,-1.98147785664,-0.128803864121,0.148941010237
2438,1,1715,156,15,1,2.375,0,8,1,1,1,1,0,-0.702508509159,-0.897093772888,-0.700817286968,-0.702508509159,-0.897093772888,-0.700817286968
2438,2,1715,156,15,1,2.375,0,21,1,1,1,1,,-1.82133865356,-0.416030615568,-0.120013654232,-0.702508509159,-0.897093772888,-0.700817286968
2439,1,1716,156,15,1,2.375,0,18,1,1,1,1,0,-0.818865120411,-0.0896448493004,-0.219738528132,-0.818865120411,-0.0896448493004,-0.219738528132
2439,2,1716,156,15,1,2.375,0,32,1,1,1,1,,-1.95774507523,0.0204713400453,0.339820951223,-0.818865120411,-0.0896448493004,-0.219738528132
2440,2,1716,156,15,1,2.375,1,4,1,1,0,,,0.582177996635,0.144671022892,,,,
2441,1,1717,156,15,0,22.25,1,7,1,1,1,1,0,-0.361630409956,1.05738484859,1.44120180607,-0.361630409956,1.05738484859,1.44120180607
2441,2,1717,156,15,0,22.25,1,20,1,1,1,1,,-1.82668375969,-0.44699677825,1.41799473763,-0.361630409956,1.05738484859,1.44120180607
2442,1,1718,156,15,1,2.375,1,53,1,1,1,1,0,-2.83779907227,-1.51767909527,-0.986600697041,-2.83779907227,-1.51767909527,-0.986600697041
2442,2,1718,156,15,1,2.375,1,66,1,1,1,1,,-2.53826618195,-1.67865180969,,-2.83779907227,-1.51767909527,-0.986600697041
2443,1,1718,156,15,1,2.375,0,34,1,1,1,1,0,-3.406208992,-1.54065597057,-0.718670487404,-3.406208992,-1.54065597057,-0.718670487404
2443,2,1718,156,15,1,2.375,0,47,1,1,1,1,,-3.51537322998,-1.53729939461,-0.390668660402,-3.406208992,-1.54065597057,-0.718670487404
2444,1,1718,156,15,1,2.375,0,8,1,1,1,1,0,-2.67483043671,-2.71815752983,-1.87333369255,-2.67483043671,-2.71815752983,-1.87333369255
2444,2,1718,156,15,1,2.375,0,21,1,1,1,1,,-3.12607431412,-2.76240706444,-1.64720010757,-2.67483043671,-2.71815752983,-1.87333369255
2445,1,1720,156,15,1,2.375,0,19,1,1,1,1,0,-2.68275332451,-1.1767026186,-0.987184643745,-2.68275332451,-1.1767026186,-0.987184643745
2445,2,1720,156,15,1,2.375,0,32,1,1,1,1,,-2.51300787926,-1.01357662678,-0.783874988556,-2.68275332451,-1.1767026186,-0.987184643745
2446,1,1721,156,15,1,2.375,1,17,1,1,1,1,0,-4.28952312469,-3.19643712044,-1.28657817841,-4.28952312469,-3.19643712044,-1.28657817841
2446,2,1721,156,15,1,2.375,1,30,1,1,1,1,,-4.21502065659,-2.44471096992,-1.37081348896,-4.28952312469,-3.19643712044,-1.28657817841
2447,1,1723,156,15,0,22.25,1,50,1,1,1,1,0,-1.88203465939,0.557510435581,1.66168630123,-1.88203465939,0.557510435581,1.66168630123
2447,2,1723,156,15,0,22.25,1,63,1,1,1,1,,-1.65239071846,0.575717151165,,-1.88203465939,0.557510435581,1.66168630123
2448,1,1724,156,15,1,2.375,0,72,1,0,0,,,,,,,,
2448,2,1724,156,15,1,2.375,0,72,1,0,0,,,,,,,,
2449,1,1724,156,15,1,2.375,0,8,1,1,1,1,0,-0.747851967812,-1.22863852978,-1.27657079697,-0.747851967812,-1.22863852978,-1.27657079697
2449,2,1724,156,15,1,2.375,0,21,1,1,1,1,,-1.7691488266,-1.40344440937,-2.20009040833,-0.747851967812,-1.22863852978,-1.27657079697
2450,1,1725,156,15,1,2.375,1,6,1,1,1,1,0,0.140707671642,0.278928339481,-0.0672980472445,0.140707671642,0.278928339481,-0.0672980472445
2450,2,1725,156,15,1,2.375,1,19,1,1,1,1,,,,1.86363089085,0.140707671642,0.278928339481,-0.0672980472445
2451,1,1726,157,13,0,33.25,0,27,1,1,1,1,0,-0.902459323406,,-0.803513288498,-0.902459323406,,-0.803513288498
2451,2,1726,157,13,0,33.25,0,40,1,1,1,1,,-1.21835446358,-0.193836286664,-0.880864858627,-0.902459323406,,-0.803513288498
2452,2,1726,157,13,0,33.25,0,38,1,1,0,,,0.796577811241,1.18970072269,0.265074461699,,,
2453,1,1728,157,13,1,1.5,1,53,1,1,1,1,0,-2.01523470879,-1.63907361031,-1.2883181572,-2.01523470879,-1.63907361031,-1.2883181572
2453,2,1728,157,13,1,1.5,1,65,1,1,1,1,,-1.96226406097,-1.7787156105,,-2.01523470879,-1.63907361031,-1.2883181572
2454,1,1728,157,13,1,1.5,0,7,1,1,1,1,0,-4.45148324966,-3.542491436,-1.79458868504,-4.45148324966,-3.542491436,-1.79458868504
2454,2,1728,157,13,1,1.5,0,20,1,1,1,1,,-4.47712230682,-3.28052568436,-1.7518761158,-4.45148324966,-3.542491436,-1.79458868504
2455,1,1728,157,13,1,1.5,1,7,1,1,1,1,0,-1.67892050743,-1.26385784149,-0.71495360136,-1.67892050743,-1.26385784149,-0.71495360136
2455,2,1728,157,13,1,1.5,1,20,1,1,1,1,,-2.49049782753,-1.684933424,-0.298242777586,-1.67892050743,-1.26385784149,-0.71495360136
2456,1,1729,157,13,1,1.5,1,13,1,1,1,1,0,0.506693542004,0.949797809124,1.39310097694,0.506693542004,0.949797809124,1.39310097694
2456,2,1729,157,13,1,1.5,1,26,1,1,1,1,,0.00114098924678,0.876865029335,1.63400065899,0.506693542004,0.949797809124,1.39310097694
2457,1,1730,157,13,1,1.5,0,52,1,1,1,1,0,-1.71814274788,-0.454620361328,-0.271791160107,-1.71814274788,-0.454620361328,-0.271791160107
2457,2,1730,157,13,1,1.5,0,66,1,1,1,1,,-1.96200859547,-0.132115855813,,-1.71814274788,-0.454620361328,-0.271791160107
2458,1,1730,157,13,1,1.5,0,6,1,1,1,1,0,-0.454889833927,-2.28756165504,-1.38119077682,-0.454889833927,-2.28756165504,-1.38119077682
2458,2,1730,157,13,1,1.5,0,19,1,1,1,1,,-3.20900988579,-2.65421795845,-0.526120185852,-0.454889833927,-2.28756165504,-1.38119077682
2459,1,1731,157,13,1,1.5,1,22,1,1,1,1,0,-2.93379020691,,0.0560375824571,-2.93379020691,,0.0560375824571
2459,2,1731,157,13,1,1.5,1,35,1,1,1,1,,-2.89692354202,-0.328848958015,0.119017586112,-2.93379020691,,0.0560375824571
2460,2,1731,157,13,1,1.5,0,12,1,1,0,,,-2.41928529739,-1.1654586792,-1.29360878468,,,
2461,1,1732,157,13,1,1.5,1,26,1,1,1,1,0,-3.49740695953,-1.82425999641,-1.51924049854,-3.49740695953,-1.82425999641,-1.51924049854
2461,2,1732,157,13,1,1.5,1,38,1,1,1,1,,-3.58513879776,-1.83081376553,-1.668825984,-3.49740695953,-1.82425999641,-1.51924049854
2462,1,1733,157,13,1,1.5,0,45,1,1,1,1,0,-2.47943925858,-0.743650615215,-0.912792265415,-2.47943925858,-0.743650615215,-0.912792265415
2462,2,1733,157,13,1,1.5,0,58,1,1,1,1,,-2.28404140472,-1.35235118866,-0.366143554449,-2.47943925858,-0.743650615215,-0.912792265415
2463,1,1733,157,13,1,1.5,1,8,1,1,1,1,0,-0.359324544668,-1.26975905895,-0.982699513435,-0.359324544668,-1.26975905895,-0.982699513435
2463,2,1733,157,13,1,1.5,1,21,1,1,1,1,,-1.92861521244,-1.31638431549,-0.797118008137,-0.359324544668,-1.26975905895,-0.982699513435
2464,1,1734,157,13,1,1.5,0,18,1,1,1,1,0,-1.72719502449,-1.01481842995,-1.23415911198,-1.72719502449,-1.01481842995,-1.23415911198
2464,2,1734,157,13,1,1.5,0,31,1,1,1,1,,-3.34279346466,-0.31290730834,-0.402474731207,-1.72719502449,-1.01481842995,-1.23415911198
2465,2,1734,157,13,1,1.5,0,8,1,1,0,,,-1.92670869827,-0.385972559452,-0.420306712389,,,
2466,1,1736,157,13,0,33.25,0,34,1,1,1,1,0,-2.47874116898,-1.11839067936,0.0313591435552,-2.47874116898,-1.11839067936,0.0313591435552
2466,2,1736,157,13,0,33.25,0,46,1,1,1,1,,-2.19529032707,-0.708617985249,0.0176107939333,-2.47874116898,-1.11839067936,0.0313591435552
2467,1,1736,157,13,0,33.25,0,6,1,1,1,1,0,-0.595059394836,-0.202081426978,-0.315867632627,-0.595059394836,-0.202081426978,-0.315867632627
2467,2,1736,157,13,0,33.25,0,19,1,1,1,1,,-1.92058742046,0.0616876408458,0.970048427582,-0.595059394836,-0.202081426978,-0.315867632627
2468,1,1737,157,13,1,1.5,0,11,1,1,1,1,0,-1.7982814312,-1.33564805984,-0.462946981192,-1.7982814312,-1.33564805984,-0.462946981192
2468,2,1737,157,13,1,1.5,0,24,1,1,1,1,,-2.52559328079,-1.26305639744,-0.840849041939,-1.7982814312,-1.33564805984,-0.462946981192
2469,1,1738,158,13,0,29.9999980927,0,25,1,0,0,,,,,,,,
2469,2,1738,158,13,0,29.9999980927,0,39,1,1,0,,,-1.90249478817,-1.57889163494,-0.941869914532,,,
2470,2,1738,158,13,0,29.9999980927,1,1,1,0,0,,,,,,,,
2471,1,1739,158,13,1,1,0,11,1,1,1,1,0,-3.40818119049,-1.82763683796,,-3.40818119049,-1.82763683796,
2471,2,1739,158,13,1,1,0,24,1,1,1,1,,-4.45675182343,-2.41127467155,-1.21161317825,-3.40818119049,-1.82763683796,
2472,2,1739,158,13,1,1,1,1,1,1,0,,,-0.914534926414,0.0220714248717,,,,
2473,1,1740,158,13,0,29.9999980927,0,26,1,1,1,1,0,-3.15093851089,-1.7470843792,-0.143621683121,-3.15093851089,-1.7470843792,-0.143621683121
2473,2,1740,158,13,0,29.9999980927,0,38,1,1,1,1,,-2.48179149628,-1.33645176888,0.226509362459,-3.15093851089,-1.7470843792,-0.143621683121
2474,2,1740,158,13,0,29.9999980927,0,11,1,1,0,,,-2.8071513176,-1.595718503,0.166639730334,,,
2475,1,1742,158,13,1,1,0,55,1,1,1,1,0,-1.082457304,-0.171419382095,0.58527636528,-1.082457304,-0.171419382095,0.58527636528
2475,2,1742,158,13,1,1,0,66,1,1,1,1,,-0.8557305336,-0.649276196957,,-1.082457304,-0.171419382095,0.58527636528
2476,2,1742,158,13,1,1,1,9,1,1,0,,,0.499434441328,1.38264620304,1.87292575836,,,
2477,1,1743,158,13,1,1,0,56,1,1,1,1,0,-4.7622551918,-3.8929309845,,-4.7622551918,-3.8929309845,
2477,2,1743,158,13,1,1,0,69,1,1,1,1,,-4.47712230682,-3.44565272331,,-4.7622551918,-3.8929309845,
2478,1,1743,158,13,1,1,1,23,1,1,1,1,0,-2.18051576614,-2.64938092232,,-2.18051576614,-2.64938092232,
2478,2,1743,158,13,1,1,1,36,1,1,1,1,,-2.06197214127,-1.84335696697,-1.60245406628,-2.18051576614,-2.64938092232,
2479,1,1744,158,13,1,1,1,51,1,1,1,1,0,-2.45978665352,-2.64857578278,-3.00396800041,-2.45978665352,-2.64857578278,-3.00396800041
2479,2,1744,158,13,1,1,1,64,1,1,1,1,,-2.19863939285,-2.0576634407,,-2.45978665352,-2.64857578278,-3.00396800041
2480,1,1744,158,13,1,1,0,13,1,1,1,1,0,-2.70757174492,-3.8929309845,-3.11805677414,-2.70757174492,-3.8929309845,-3.11805677414
2480,2,1744,158,13,1,1,0,23,1,1,1,1,,-2.83494901657,-2.45855379105,-1.74078416824,-2.70757174492,-3.8929309845,-3.11805677414
2481,1,1745,158,13,1,1,0,1,1,0,0,,,,,,,,
2481,2,1745,158,13,1,1,0,72,1,0,0,,,,,,,,
2482,1,1745,158,13,1,1,1,23,1,1,1,1,0,-3.18881607056,-2.74677300453,-1.61906790733,-3.18881607056,-2.74677300453,-1.61906790733
2482,2,1745,158,13,1,1,1,35,1,1,1,1,,-3.49473118782,-2.71728467941,-1.5682053566,-3.18881607056,-2.74677300453,-1.61906790733
2483,1,1746,158,13,1,1,1,43,1,1,1,1,0,-3.06309342384,-2.51967453957,-2.63386034966,-3.06309342384,-2.51967453957,-2.63386034966
2483,2,1746,158,13,1,1,1,56,1,1,1,1,,-2.13167190552,-1.83084762096,-2.95972418785,-3.06309342384,-2.51967453957,-2.63386034966
2484,1,1746,158,13,1,1,0,13,1,1,1,1,0,-1.40914440155,-1.09048438072,-1.17632722855,-1.40914440155,-1.09048438072,-1.17632722855
2484,2,1746,158,13,1,1,0,26,1,1,1,1,,-1.49777042866,-0.854018449783,-1.69119226933,-1.40914440155,-1.09048438072,-1.17632722855
2485,1,1749,159,16,1,1.125,0,12,1,1,1,1,0,-1.45136833191,0.273276031017,1.75709688663,-1.45136833191,0.273276031017,1.75709688663
2485,2,1749,159,16,1,1.125,0,25,1,1,1,1,,-1.61169910431,0.236265823245,1.04519212246,-1.45136833191,0.273276031017,1.75709688663
2486,1,1750,159,16,0,23.7499980927,1,39,1,1,1,1,0,-1.24108970165,-0.62043517828,-0.302585452795,-1.24108970165,-0.62043517828,-0.302585452795
2486,2,1750,159,16,0,23.7499980927,1,52,1,1,1,1,,-0.919066846371,-0.680402338505,0.0343267731369,-1.24108970165,-0.62043517828,-0.302585452795
2487,2,1750,159,16,0,23.7499980927,1,11,1,1,0,,,-0.325694561005,-0.544592916965,-0.404524624348,,,
2488,1,1752,159,16,1,1.125,1,42,1,1,1,1,0,-2.6796271801,-0.335669159889,0.667913973331,-2.6796271801,-0.335669159889,0.667913973331
2488,2,1752,159,16,1,1.125,1,55,1,1,1,1,,-2.59754228592,-0.285098552704,0.322142183781,-2.6796271801,-0.335669159889,0.667913973331
2489,1,1752,159,16,1,1.125,0,15,1,1,1,1,0,-1.51990199089,-0.610314786434,-0.391249328852,-1.51990199089,-0.610314786434,-0.391249328852
2489,2,1752,159,16,1,1.125,0,28,1,1,1,1,,-2.37244653702,-1.12763798237,0.0990076586604,-1.51990199089,-0.610314786434,-0.391249328852
2490,1,1754,159,16,1,1.125,0,4,1,1,1,1,0,-1.5551956892,0.984434247017,,-1.5551956892,0.984434247017,
2490,2,1754,159,16,1,1.125,0,17,1,1,1,1,,-3.71081185341,-0.911222755909,-0.728331625462,-1.5551956892,0.984434247017,
2491,1,1755,159,16,1,1.125,1,39,1,1,1,1,0,-2.21852445602,-1.74141740799,-0.774541676044,-2.21852445602,-1.74141740799,-0.774541676044
2491,2,1755,159,16,1,1.125,1,51,1,1,1,1,,-2.03017282486,-1.62359845638,-1.00074613094,-2.21852445602,-1.74141740799,-0.774541676044
2492,1,1755,159,16,1,1.125,0,13,1,1,1,1,0,-1.61524391174,-1.25762546062,-0.611184477806,-1.61524391174,-1.25762546062,-0.611184477806
2492,2,1755,159,16,1,1.125,0,26,1,1,1,1,,-2.67860484123,-0.698892652988,0.838552832603,-1.61524391174,-1.25762546062,-0.611184477806
2493,1,1756,159,16,1,1.125,0,7,1,1,1,1,0,-0.490309923887,0.0474294126034,-0.153764769435,-0.490309923887,0.0474294126034,-0.153764769435
2493,2,1756,159,16,1,1.125,0,20,1,1,1,1,,-0.65729445219,-0.657227039337,-0.933793962002,-0.490309923887,0.0474294126034,-0.153764769435
2494,1,1757,159,16,1,1.125,1,18,1,1,1,1,0,-1.98283779621,0.0777400061488,0.831460535526,-1.98283779621,0.0777400061488,0.831460535526
2494,2,1757,159,16,1,1.125,1,32,1,1,1,1,,-1.65218925476,-0.197723075747,-0.0275508221239,-1.98283779621,0.0777400061488,0.831460535526
2495,2,1757,159,16,1,1.125,1,4,1,0,0,,,,,,,,
2496,1,1758,159,16,1,1.125,0,60,1,0,0,,,,,,,,
2496,2,1758,159,16,1,1.125,0,73,1,1,0,,,-1.02747762203,-0.851830840111,,,,
2497,1,1758,159,16,1,1.125,0,20,1,1,1,1,0,0.266670167446,0.018690854311,0.393746346235,0.266670167446,0.018690854311,0.393746346235
2497,2,1758,159,16,1,1.125,0,33,1,1,1,1,,-0.819965422153,0.101630829275,0.0646628811955,0.266670167446,0.018690854311,0.393746346235
2498,1,1759,159,16,1,1.125,1,66,1,0,0,,,,,,,,
2498,2,1759,159,16,1,1.125,1,72,1,0,0,,,,,,,,
2499,1,1759,159,16,1,1.125,1,42,1,1,1,1,0,-3.20843029022,-2.08207893372,-0.719026088715,-3.20843029022,-2.08207893372,-0.719026088715
2499,2,1759,159,16,1,1.125,1,55,1,1,1,1,,-2.78340268135,-1.83539676666,-1.04648387432,-3.20843029022,-2.08207893372,-0.719026088715
2500,1,1759,159,16,1,1.125,0,8,1,1,1,1,0,-1.65466535091,-1.52175188065,-0.606784343719,-1.65466535091,-1.52175188065,-0.606784343719
2500,2,1759,159,16,1,1.125,0,21,1,1,1,1,,-2.60418128967,-0.619773030281,0.0961060523987,-1.65466535091,-1.52175188065,-0.606784343719
2501,1,1760,160,14,0,33,0,36,1,1,1,1,0,-2.03229045868,-1.02797484398,-0.691500902176,-2.03229045868,-1.02797484398,-0.691500902176
2501,2,1760,160,14,0,33,0,48,1,1,1,1,,-1.71130490303,-0.557868540287,-0.219637662172,-2.03229045868,-1.02797484398,-0.691500902176
2502,1,1760,160,14,0,33,1,8,1,1,1,1,0,-1.64897012711,-1.88371133804,-0.522378385067,-1.64897012711,-1.88371133804,-0.522378385067
2502,2,1760,160,14,0,33,1,21,1,1,1,1,,-2.48287057877,-1.94980096817,-1.35504257679,-1.64897012711,-1.88371133804,-0.522378385067
2503,1,1762,160,14,1,1.87499988079,1,68,1,0,0,,,,,,,,
2503,2,1762,160,14,1,1.87499988079,1,72,1,0,0,,,,,,,,
2504,1,1762,160,14,1,1.87499988079,1,43,1,1,1,1,0,-4.63366031647,-2.80415201187,-1.56434571743,-4.63366031647,-2.80415201187,-1.56434571743
2504,2,1762,160,14,1,1.87499988079,1,55,1,1,1,1,,-0.257906019688,-0.973579406738,-1.85311949253,-4.63366031647,-2.80415201187,-1.56434571743
2505,1,1762,160,14,1,1.87499988079,1,18,1,1,1,1,0,-1.89674580097,-0.966987431049,-0.592729687691,-1.89674580097,-0.966987431049,-0.592729687691
2505,2,1762,160,14,1,1.87499988079,1,31,1,1,1,1,,-3.63119244576,-2.04710292816,-0.930576741695,-1.89674580097,-0.966987431049,-0.592729687691
2506,2,1762,160,14,1,1.87499988079,0,2,1,1,0,,,-1.4371137619,-0.671004772186,,,,
2507,1,1763,160,14,1,1.87499988079,1,54,1,1,1,1,0,-2.95974993706,-1.46483373642,-1.01670074463,-2.95974993706,-1.46483373642,-1.01670074463
2507,2,1763,160,14,1,1.87499988079,1,68,1,1,1,1,,-2.79668521881,-1.45177280903,,-2.95974993706,-1.46483373642,-1.01670074463
2508,1,1763,160,14,1,1.87499988079,1,12,1,1,1,1,0,-1.67574083805,0.00173033180181,0.653326451778,-1.67574083805,0.00173033180181,0.653326451778
2508,2,1763,160,14,1,1.87499988079,1,25,1,1,1,1,,-3.4287135601,-0.939891576767,0.975352823734,-1.67574083805,0.00173033180181,0.653326451778
2509,1,1764,160,14,0,33,0,46,1,1,1,1,0,-2.60796976089,-1.17576861382,-0.0582051612437,-2.60796976089,-1.17576861382,-0.0582051612437
2509,2,1764,160,14,0,33,0,59,1,1,1,1,,-2.32007193565,-0.9837064147,0.0442690998316,-2.60796976089,-1.17576861382,-0.0582051612437
2510,1,1764,160,14,0,33,1,3,1,1,1,1,0,-0.832706689835,-0.627610146999,,-0.832706689835,-0.627610146999,
2510,2,1764,160,14,0,33,1,15,1,1,1,1,,-2.02975535393,-0.92635422945,0.676101267338,-0.832706689835,-0.627610146999,
2511,1,1765,160,14,1,1.87499988079,1,42,1,1,1,1,0,-2.86409330368,-2.21874952316,-1.70585680008,-2.86409330368,-2.21874952316,-1.70585680008
2511,2,1765,160,14,1,1.87499988079,1,55,1,1,1,1,,-2.79433631897,-1.63132536411,-0.82805109024,-2.86409330368,-2.21874952316,-1.70585680008
2512,1,1766,160,14,1,1.87499988079,1,62,1,0,0,,,,,,,,
2512,2,1766,160,14,1,1.87499988079,1,72,1,0,0,,,,,,,,
2513,1,1766,160,14,1,1.87499988079,1,13,1,1,1,1,0,-2.55460119247,-1.83315086365,-1.50301659107,-2.55460119247,-1.83315086365,-1.50301659107
2513,2,1766,160,14,1,1.87499988079,1,26,1,1,1,1,,-2.88178133965,-1.90567600727,-1.28613257408,-2.55460119247,-1.83315086365,-1.50301659107
2514,1,1767,160,14,1,1.87499988079,0,17,1,1,1,1,0,-2.63150238991,-1.90974938869,-0.728331625462,-2.63150238991,-1.90974938869,-0.728331625462
2514,2,1767,160,14,1,1.87499988079,0,30,1,1,1,1,,-2.87288379669,-1.26797509193,0.136225566268,-2.63150238991,-1.90974938869,-0.728331625462
2515,1,1768,160,14,1,1.87499988079,0,51,1,1,1,1,0,-2.01016497612,-1.0782520771,-0.249406307936,-2.01016497612,-1.0782520771,-0.249406307936
2515,2,1768,160,14,1,1.87499988079,0,64,1,1,1,1,,-1.86039960384,-1.19523453712,,-2.01016497612,-1.0782520771,-0.249406307936
2516,1,1768,160,14,1,1.87499988079,1,21,1,1,1,1,0,-3.34685850143,-2.63765025139,-1.02604687214,-3.34685850143,-2.63765025139,-1.02604687214
2516,2,1768,160,14,1,1.87499988079,1,34,1,1,1,1,,-3.54819989204,-2.4180393219,-1.05125844479,-3.34685850143,-2.63765025139,-1.02604687214
2517,1,1769,160,14,1,1.87499988079,1,42,1,0,0,,,,,,,,
2517,2,1769,160,14,1,1.87499988079,1,55,1,1,0,,,-2.02903437614,-1.14435732365,-0.649802982807,,,
2518,1,1769,160,14,1,1.87499988079,1,7,1,1,1,1,0,-1.35499620438,-1.4180315733,-0.35205116868,-1.35499620438,-1.4180315733,-0.35205116868
2518,2,1769,160,14,1,1.87499988079,1,20,1,1,1,1,,-3.05473852158,-1.94635951519,-0.83202880621,-1.35499620438,-1.4180315733,-0.35205116868
2519,1,1770,160,14,1,1.87499988079,0,28,1,1,1,1,0,-1.65876984596,-0.662467956543,-0.322111874819,-1.65876984596,-0.662467956543,-0.322111874819
2519,2,1770,160,14,1,1.87499988079,0,41,1,1,1,1,,-1.70631694794,-0.553122401237,-0.127664938569,-1.65876984596,-0.662467956543,-0.322111874819
2520,1,1771,160,14,0,33,0,27,1,1,1,1,0,-1.18064129353,0.0807129666209,0.471804529428,-1.18064129353,0.0807129666209,0.471804529428
2520,2,1771,160,14,0,33,0,40,1,1,1,1,,-1.66902697086,-0.482205301523,-0.923585951328,-1.18064129353,0.0807129666209,0.471804529428
2521,1,1773,161,16,1,1.28571426868,1,36,1,1,1,1,0,-2.41651082039,0.0109994709492,0.631354093552,-2.41651082039,0.0109994709492,0.631354093552
2521,2,1773,161,16,1,1.28571426868,1,50,1,1,1,1,,-2.28115272522,-0.336136609316,-0.101554013789,-2.41651082039,0.0109994709492,0.631354093552
2522,1,1773,161,16,1,1.28571426868,1,16,1,1,1,1,0,-2.20277929306,-0.591146588326,-0.324096947908,-2.20277929306,-0.591146588326,-0.324096947908
2522,2,1773,161,16,1,1.28571426868,1,30,1,1,1,1,,-2.00549054146,-0.607973873615,0.678952991962,-2.20277929306,-0.591146588326,-0.324096947908
2523,1,1774,161,16,1,1.28571426868,1,72,1,0,0,,,,,,,,
2523,2,1774,161,16,1,1.28571426868,1,72,1,0,0,,,,,,,,
2524,1,1774,161,16,1,1.28571426868,1,8,1,1,1,1,0,-0.295898765326,1.74831914902,-1.86655461788,-0.295898765326,1.74831914902,-1.86655461788
2524,2,1774,161,16,1,1.28571426868,1,21,1,1,1,1,,-0.705991268158,-0.755118608475,-0.0538163930178,-0.295898765326,1.74831914902,-1.86655461788
2525,1,1775,161,16,0,28.25,1,49,1,1,1,0,1,-2.50129747391,-2.18121147156,-0.864090144634,-2.50129747391,-2.18121147156,-0.864090144634
2526,1,1776,161,16,1,1.28571426868,0,72,1,0,0,,,,,,,,
2526,2,1776,161,16,1,1.28571426868,0,72,1,0,0,,,,,,,,
2527,1,1776,161,16,1,1.28571426868,1,56,1,1,1,1,0,-2.10998249054,-1.33338427544,-0.64541888237,-2.10998249054,-1.33338427544,-0.64541888237
2527,2,1776,161,16,1,1.28571426868,1,69,1,1,1,1,,-1.98253631592,-1.38206887245,,-2.10998249054,-1.33338427544,-0.64541888237
2528,1,1776,161,16,1,1.28571426868,1,11,1,1,1,1,0,-1.41662347317,-0.335024148226,0.279442369938,-1.41662347317,-0.335024148226,0.279442369938
2528,2,1776,161,16,1,1.28571426868,1,24,1,1,1,1,,-1.67847323418,-0.696430623531,0.657405793667,-1.41662347317,-0.335024148226,0.279442369938
2529,1,1778,161,16,1,1.28571426868,1,32,1,1,1,1,0,-0.507631599903,0.604736685753,-0.185954347253,-0.507631599903,0.604736685753,-0.185954347253
2529,2,1778,161,16,1,1.28571426868,1,48,1,1,1,1,,-0.982282578945,0.0135636208579,-0.316559106112,-0.507631599903,0.604736685753,-0.185954347253
2530,1,1778,161,16,1,1.28571426868,1,14,1,1,1,1,0,0.547045826912,0.606374263763,0.984480261803,0.547045826912,0.606374263763,0.984480261803
2530,2,1778,161,16,1,1.28571426868,1,26,1,1,1,1,,-0.344207584858,0.595423042774,1.27934396267,0.547045826912,0.606374263763,0.984480261803
2531,1,1779,161,16,1,1.28571426868,1,62,1,0,0,,,,,,,,
2531,2,1779,161,16,1,1.28571426868,1,72,1,0,0,,,,,,,,
2532,1,1779,161,16,1,1.28571426868,1,31,1,1,1,1,0,-1.1718300581,-0.848250687122,-0.632816255093,-1.1718300581,-0.848250687122,-0.632816255093
2532,2,1779,161,16,1,1.28571426868,1,45,1,1,1,1,,-1.10396897793,-0.858711242676,-1.29179644585,-1.1718300581,-0.848250687122,-0.632816255093
2533,1,1779,161,16,1,1.28571426868,1,1,1,1,1,1,0,-0.326064258814,0.261792302132,,-0.326064258814,0.261792302132,
2533,2,1779,161,16,1,1.28571426868,1,14,1,1,1,1,,-2.24723315239,-1.51695048809,0.509724378586,-0.326064258814,0.261792302132,
2534,1,1780,161,16,0,28.25,0,47,1,1,1,1,0,-1.77121734619,-1.35865175724,-1.46944773197,-1.77121734619,-1.35865175724,-1.46944773197
2534,2,1780,161,16,0,28.25,0,60,1,1,1,1,,-1.43806135654,-1.26898157597,-0.824890077114,-1.77121734619,-1.35865175724,-1.46944773197
2535,1,1781,161,16,1,1.28571426868,1,21,1,1,1,1,0,-2.80890345573,-0.169105917215,1.06608080864,-2.80890345573,-0.169105917215,1.06608080864
2535,2,1781,161,16,1,1.28571426868,1,34,1,1,1,1,,-2.67421960831,-0.379075556993,0.496363550425,-2.80890345573,-0.169105917215,1.06608080864
2536,1,1782,161,16,1,1.28571426868,1,30,1,1,1,0,1,-2.38790893555,-1.14098680019,-0.502002298832,-2.38790893555,-1.14098680019,-0.502002298832
2537,1,1783,162,15,1,3.375,0,11,1,1,1,1,0,-3.19352793694,-2.58384442329,-1.6071254015,-3.19352793694,-2.58384442329,-1.6071254015
2537,2,1783,162,15,1,3.375,0,24,1,1,1,1,,-4.14580392838,-3.09421539307,-1.59399676323,-3.19352793694,-2.58384442329,-1.6071254015
2538,1,1784,162,15,1,3.375,1,22,1,0,0,,,,,,,,
2538,2,1784,162,15,1,3.375,1,35,1,1,0,,,-1.56846237183,0.266170173883,0.67288172245,,,
2539,2,1784,162,15,1,3.375,1,6,1,1,0,,,-0.609376430511,-0.701669812202,-0.51480203867,,,
2540,1,1785,162,15,1,3.375,0,9,1,1,1,1,0,-1.74687111378,-0.773731052876,0.15687546134,-1.74687111378,-0.773731052876,0.15687546134
2540,2,1785,162,15,1,3.375,0,22,1,1,1,1,,-2.41893458366,-1.04527378082,0.26293951273,-1.74687111378,-0.773731052876,0.15687546134
2541,1,1786,162,15,1,3.375,1,18,1,0,0,,,,,,,,
2541,2,1786,162,15,1,3.375,1,31,1,0,0,,,,,,,,
2542,2,1786,162,15,1,3.375,1,9,1,1,0,,,-0.763118803501,0.306813061237,0.280323714018,,,
2543,1,1787,162,15,1,3.375,0,10,1,1,1,1,0,-0.0136533277109,0.193577304482,0.112854398787,-0.0136533277109,0.193577304482,0.112854398787
2543,2,1787,162,15,1,3.375,0,24,1,1,1,1,,-2.14918065071,-0.294128239155,0.978625714779,-0.0136533277109,0.193577304482,0.112854398787
2544,1,1788,162,15,0,35.75,0,27,1,1,1,0,1,-2.16974067688,-1.79587173462,-1.44972348213,-2.16974067688,-1.79587173462,-1.44972348213
2544,2,1788,162,15,0,35.75,0,40,1,0,1,0,,,,,-2.16974067688,-1.79587173462,-1.44972348213
2545,1,1789,162,15,0,35.75,1,35,1,1,1,1,0,-1.01050698757,-1.27117168903,-1.83987510204,-1.01050698757,-1.27117168903,-1.83987510204
2545,2,1789,162,15,0,35.75,1,48,1,1,1,1,,-1.08675038815,-1.34934079647,-1.74620378017,-1.01050698757,-1.27117168903,-1.83987510204
2546,1,1790,162,15,0,35.75,0,48,1,1,1,1,0,-2.97499728203,-1.44619750977,-1.06107413769,-2.97499728203,-1.44619750977,-1.06107413769
2546,2,1790,162,15,0,35.75,0,61,1,1,1,1,,-2.9216864109,-0.803486824036,,-2.97499728203,-1.44619750977,-1.06107413769
2547,1,1791,162,15,1,3.375,0,47,1,1,1,1,0,-1.57876014709,-0.289335787296,0.786969661713,-1.57876014709,-0.289335787296,0.786969661713
2547,2,1791,162,15,1,3.375,0,60,1,1,1,1,,-1.28700041771,-0.199378862977,-0.48341780901,-1.57876014709,-0.289335787296,0.786969661713
2548,1,1791,162,15,1,3.375,1,16,1,1,1,1,0,0.856884837151,1.51466083527,1.37192094326,0.856884837151,1.51466083527,1.37192094326
2548,2,1791,162,15,1,3.375,1,29,1,1,1,1,,0.718465089798,1.38264620304,1.34710729122,0.856884837151,1.51466083527,1.37192094326
2549,1,1792,162,15,1,3.375,0,49,1,1,1,1,0,-2.28970217705,-1.07762408257,-0.128487169743,-2.28970217705,-1.07762408257,-0.128487169743
2549,2,1792,162,15,1,3.375,0,62,1,1,1,1,,-1.54687905312,-0.790925979614,,-2.28970217705,-1.07762408257,-0.128487169743
2550,1,1794,162,15,1,3.375,0,18,1,1,1,1,0,-3.13602900505,-1.38972187042,-0.57967799902,-3.13602900505,-1.38972187042,-0.57967799902
2550,2,1794,162,15,1,3.375,0,31,1,1,1,1,,-2.80797481537,-0.470772981644,0.767387747765,-3.13602900505,-1.38972187042,-0.57967799902
2551,1,1797,163,13,1,2.5,0,54,1,1,1,1,0,-2.24619221687,-1.01410055161,-1.01937460899,-2.24619221687,-1.01410055161,-1.01937460899
2551,2,1797,163,13,1,2.5,0,67,1,1,1,1,,-1.9843184948,-1.09288048744,,-2.24619221687,-1.01410055161,-1.01937460899
2552,1,1797,163,13,1,2.5,1,30,1,1,1,1,0,-0.943216085434,-0.594180345535,-0.418952912092,-0.943216085434,-0.594180345535,-0.418952912092
2552,2,1797,163,13,1,2.5,1,43,1,1,1,1,,-1.15162777901,-0.410319149494,-0.752162992954,-0.943216085434,-0.594180345535,-0.418952912092
2553,1,1797,163,13,1,2.5,1,5,1,1,1,1,0,-0.239066913724,0.257310181856,,-0.239066913724,0.257310181856,
2553,2,1797,163,13,1,2.5,1,17,1,1,1,1,,0.133029416203,0.360571533442,0.638094902039,-0.239066913724,0.257310181856,
2554,1,1798,163,13,1,2.5,1,27,1,1,1,1,0,-3.76577782631,-1.89659762383,-1.39288008213,-3.76577782631,-1.89659762383,-1.39288008213
2554,2,1798,163,13,1,2.5,1,40,1,1,1,1,,-3.03901147842,-1.76621222496,-0.809483289719,-3.76577782631,-1.89659762383,-1.39288008213
2555,1,1798,163,13,1,2.5,1,5,1,1,1,1,0,-2.65184283257,-0.978089570999,,-2.65184283257,-0.978089570999,
2555,2,1798,163,13,1,2.5,1,18,1,1,1,1,,-1.27688241005,-1.87272274494,-1.14531099796,-2.65184283257,-0.978089570999,
2556,1,1800,163,13,1,2.5,1,13,1,1,1,1,0,-3.08700060844,-1.23330664635,-0.210927098989,-3.08700060844,-1.23330664635,-0.210927098989
2556,2,1800,163,13,1,2.5,1,25,1,1,1,1,,-2.89490461349,-1.16785216331,0.358745485544,-3.08700060844,-1.23330664635,-0.210927098989
2557,1,1802,163,13,1,2.5,0,41,1,1,1,1,0,-4.7622551918,-3.38692736626,-1.70115602016,-4.7622551918,-3.38692736626,-1.70115602016
2557,2,1802,163,13,1,2.5,0,51,1,1,1,1,,-3.60127568245,-2.20903635025,-0.957684278488,-4.7622551918,-3.38692736626,-1.70115602016
2558,1,1802,163,13,1,2.5,1,7,1,1,1,1,0,-1.22542846203,-2.12486863136,-1.68218362331,-1.22542846203,-2.12486863136,-1.68218362331
2558,2,1802,163,13,1,2.5,1,20,1,1,1,1,,-1.82668375969,-0.851668179035,0.414424926043,-1.22542846203,-2.12486863136,-1.68218362331
2559,1,1802,163,13,1,2.5,0,216,1,0,0,,,,,,,,
2559,2,1802,163,13,1,2.5,0,20,1,0,0,,,,,,,,
2560,1,1802,163,13,1,2.5,1,324,1,0,0,,,,,,,,
2560,2,1802,163,13,1,2.5,1,20,1,0,0,,,,,,,,
2561,1,1803,163,13,1,2.5,1,53,1,1,1,1,0,-3.63813042641,-2.38287305832,-1.44281125069,-3.63813042641,-2.38287305832,-1.44281125069
2561,2,1803,163,13,1,2.5,1,66,1,1,1,1,,-3.21714520454,-2.41566944122,,-3.63813042641,-2.38287305832,-1.44281125069
2562,1,1803,163,13,1,2.5,0,9,1,1,1,1,0,-2.08120536804,-2.03134012222,-1.43134236336,-2.08120536804,-2.03134012222,-1.43134236336
2562,2,1803,163,13,1,2.5,0,22,1,1,1,1,,-2.72565722466,-1.82392668724,-0.474150180817,-2.08120536804,-2.03134012222,-1.43134236336
2563,1,1804,163,13,1,2.5,0,63,1,0,0,,,,,,,,
2563,2,1804,163,13,1,2.5,0,60,1,0,0,,,,,,,,
2564,1,1804,163,13,1,2.5,1,23,1,1,1,1,0,-2.96825098991,-1.95532894135,-1.61906790733,-2.96825098991,-1.95532894135,-1.61906790733
2564,2,1804,163,13,1,2.5,1,36,1,1,1,1,,-2.36398530006,-0.730883777142,-0.42472115159,-2.96825098991,-1.95532894135,-1.61906790733
2565,1,1805,163,13,1,2.5,0,23,1,1,1,0,1,-2.51776456833,-1.1983383894,-0.082801386714,-2.51776456833,-1.1983383894,-0.082801386714
2566,1,1806,163,13,0,59.9999961853,1,60,1,0,0,,,,,,,,
2566,2,1806,163,13,0,59.9999961853,1,72,1,0,0,,,,,,,,
2567,1,1807,164,13,1,1,0,9,1,1,1,1,0,-1.76916146278,-2.00607991219,-0.478142827749,-1.76916146278,-2.00607991219,-0.478142827749
2567,2,1807,164,13,1,1,0,22,1,1,1,1,,-2.36781334877,-2.1250333786,-1.02197337151,-1.76916146278,-2.00607991219,-0.478142827749
2568,1,1809,164,13,1,1,1,29,1,1,1,1,0,-2.12563300133,-1.12000799179,-0.203087627888,-2.12563300133,-1.12000799179,-0.203087627888
2568,2,1809,164,13,1,1,1,42,1,1,1,1,,-2.06474232674,-0.908944487572,-0.297227650881,-2.12563300133,-1.12000799179,-0.203087627888
2569,1,1810,164,13,1,1,1,18,1,1,1,1,0,-2.06892991066,-1.44405651093,-0.592729687691,-2.06892991066,-1.44405651093,-0.592729687691
2569,2,1810,164,13,1,1,1,31,1,1,1,1,,-1.96832740307,-1.52453696728,-1.50702559948,-2.06892991066,-1.44405651093,-0.592729687691
2570,1,1811,164,13,0,40,0,30,1,1,1,1,0,-2.91693258286,-1.19376683235,0.338195264339,-2.91693258286,-1.19376683235,0.338195264339
2570,2,1811,164,13,0,40,0,43,1,1,1,1,,-2.55964517593,-0.718898952007,0.538564920425,-2.91693258286,-1.19376683235,0.338195264339
2571,1,1814,164,13,1,1,0,57,1,1,1,1,0,-0.932652413845,-0.498827069998,-0.0166348069906,-0.932652413845,-0.498827069998,-0.0166348069906
2571,2,1814,164,13,1,1,0,70,1,1,1,1,,-0.956342697144,-0.783099353313,,-0.932652413845,-0.498827069998,-0.0166348069906
2572,1,1814,164,13,1,1,1,19,1,1,1,1,0,-1.6794680357,-1.08973097801,0.220004051924,-1.6794680357,-1.08973097801,0.220004051924
2572,2,1814,164,13,1,1,1,32,1,1,1,1,,-2.17620182037,-1.04397678375,-0.1064485237,-1.6794680357,-1.08973097801,0.220004051924
2573,1,1814,164,13,1,1,0,19,1,1,1,1,0,-2.50128507614,-2.21278905869,-0.526120185852,-2.50128507614,-2.21278905869,-0.526120185852
2573,2,1814,164,13,1,1,0,32,1,1,1,1,,-2.5272462368,-1.7366065979,-0.0631044209003,-2.50128507614,-2.21278905869,-0.526120185852
2574,1,1815,164,13,0,40,1,50,1,1,1,1,0,-0.981169044971,-0.542937874794,-0.970322489738,-0.981169044971,-0.542937874794,-0.970322489738
2574,2,1815,164,13,0,40,1,63,1,1,1,1,,-0.567344486713,-0.166041970253,,-0.981169044971,-0.542937874794,-0.970322489738
2575,2,1815,164,13,0,40,1,1,1,0,0,,,,,,,,
2576,1,1816,165,15,0,35.5,1,58,1,1,1,1,0,-2.07356786728,-1.70378041267,-1.2054336071,-2.07356786728,-1.70378041267,-1.2054336071
2576,2,1816,165,15,0,35.5,1,70,1,1,1,1,,-1.74100780487,-1.51234424114,,-2.07356786728,-1.70378041267,-1.2054336071
2577,1,1816,165,15,0,35.5,1,3,1,1,1,1,0,0.853704094887,0.842422008514,,0.853704094887,0.842422008514,
2577,2,1816,165,15,0,35.5,1,16,1,1,1,1,,-0.968176782131,-0.298632323742,0.758194088936,0.853704094887,0.842422008514,
2578,1,1817,165,15,1,2.875,1,44,1,1,1,1,0,-2.5932302475,-0.577953219414,0.857503414154,-2.5932302475,-0.577953219414,0.857503414154
2578,2,1817,165,15,1,2.875,1,57,1,1,1,1,,-2.59786725044,-1.49247562885,-0.959338665009,-2.5932302475,-0.577953219414,0.857503414154
2579,1,1817,165,15,1,2.875,0,23,1,1,1,1,0,-2.81825423241,-2.25611329079,-0.883962154388,-2.81825423241,-2.25611329079,-0.883962154388
2579,2,1817,165,15,1,2.875,0,36,1,1,1,1,,-3.08438444138,-0.794972062111,0.401119023561,-2.81825423241,-2.25611329079,-0.883962154388
2580,2,1817,165,15,1,2.875,1,8,1,1,0,,,-0.873069763184,-0.578738152981,-0.935732722282,,,
2581,1,1819,165,15,1,2.875,1,47,1,1,1,1,0,-1.60158765316,0.587780475616,0.345469295979,-1.60158765316,0.587780475616,0.345469295979
2581,2,1819,165,15,1,2.875,1,57,1,1,1,1,,-1.22068285942,0.215408056974,-0.100461557508,-1.60158765316,0.587780475616,0.345469295979
2582,1,1819,165,15,1,2.875,0,24,1,1,1,1,0,-2.85290813446,-1.51681613922,-1.59399676323,-2.85290813446,-1.51681613922,-1.59399676323
2582,2,1819,165,15,1,2.875,0,37,1,1,1,1,,-2.71398878098,-1.01010620594,-0.0993655920029,-2.85290813446,-1.51681613922,-1.59399676323
2583,1,1821,165,15,1,2.875,1,69,1,0,0,,,,,,,,
2583,2,1821,165,15,1,2.875,1,72,1,0,0,,,,,,,,
2584,1,1821,165,15,1,2.875,1,19,1,1,1,1,0,-2.22033715248,-0.845979213715,-0.916221857071,-2.22033715248,-0.845979213715,-0.916221857071
2584,2,1821,165,15,1,2.875,1,32,1,1,1,1,,-1.5832400322,-0.523681342602,-0.634490728378,-2.22033715248,-0.845979213715,-0.916221857071
2585,1,1822,165,15,1,2.875,1,32,1,1,1,1,0,-1.88661634922,-0.616289556026,0.656554043293,-1.88661634922,-0.616289556026,0.656554043293
2585,2,1822,165,15,1,2.875,1,47,1,1,1,1,,-1.97644877434,-0.755823969841,-0.319489687681,-1.88661634922,-0.616289556026,0.656554043293
2586,1,1822,165,15,1,2.875,0,8,1,1,1,1,0,-1.31461036205,-2.69025945663,-2.07723259926,-1.31461036205,-2.69025945663,-2.07723259926
2586,2,1822,165,15,1,2.875,0,20,1,1,1,1,,-1.40357840061,-0.932019948959,-1.16904342175,-1.31461036205,-2.69025945663,-2.07723259926
2587,1,1824,165,15,1,2.875,1,40,1,1,1,1,0,-1.07986581326,-0.000518080254551,0.398296266794,-1.07986581326,-0.000518080254551,0.398296266794
2587,2,1824,165,15,1,2.875,1,53,1,1,1,1,,-0.870316982269,0.311992436647,0.801137983799,-1.07986581326,-0.000518080254551,0.398296266794
2588,1,1824,165,15,1,2.875,1,8,1,1,1,1,0,-0.613024413586,-0.00899090338498,-0.704048991203,-0.613024413586,-0.00899090338498,-0.704048991203
2588,2,1824,165,15,1,2.875,1,21,1,1,1,1,,-1.43956565857,0.402605116367,0.31942409277,-0.613024413586,-0.00899090338498,-0.704048991203
2589,1,1825,165,15,1,2.875,1,66,1,0,0,,,,,,,,
2589,2,1825,165,15,1,2.875,1,72,1,0,0,,,,,,,,
2590,1,1825,165,15,1,2.875,0,42,1,1,1,1,0,-2.52238154411,-1.30925905704,-1.81564211845,-2.52238154411,-1.30925905704,-1.81564211845
2590,2,1825,165,15,1,2.875,0,55,1,1,1,1,,-2.20561742783,-1.36826479435,-1.32829141617,-2.52238154411,-1.30925905704,-1.81564211845
2591,1,1825,165,15,1,2.875,0,19,1,1,1,1,0,-3.28159880638,-0.924041390419,-0.617036640644,-3.28159880638,-0.924041390419,-0.617036640644
2591,2,1825,165,15,1,2.875,0,33,1,1,1,1,,-3.03752470016,-1.39198744297,-0.730226457119,-3.28159880638,-0.924041390419,-0.617036640644
2592,1,1826,165,15,1,2.875,1,51,1,1,1,1,0,-2.78764891624,-1.87531661987,-1.46435594559,-2.78764891624,-1.87531661987,-1.46435594559
2592,2,1826,165,15,1,2.875,1,64,1,1,1,1,,-2.60923147202,-2.02996373177,,-2.78764891624,-1.87531661987,-1.46435594559
2593,1,1826,165,15,1,2.875,1,23,1,1,1,1,0,-2.25928926468,-0.833748281002,-1.2383929491,-2.25928926468,-0.833748281002,-1.2383929491
2593,2,1826,165,15,1,2.875,1,36,1,1,1,1,,-2.41650867462,-0.930008590221,-1.12362360954,-2.25928926468,-0.833748281002,-1.2383929491
2594,2,1826,165,15,1,2.875,1,5,1,0,0,,,,,,,,
2595,1,1827,165,15,1,2.875,1,7,1,1,1,1,0,-0.124084636569,-0.606608688831,0.0842277109623,-0.124084636569,-0.606608688831,0.0842277109623
2595,2,1827,165,15,1,2.875,1,19,1,1,1,1,,-1.20620918274,-0.749203562737,0.178501039743,-0.124084636569,-0.606608688831,0.0842277109623
2596,1,1828,166,15,1,1.74999988079,1,1,1,1,1,1,0,-0.453992933035,0.159851491451,,-0.453992933035,0.159851491451,
2596,2,1828,166,15,1,1.74999988079,1,14,1,1,1,1,,-1.48346447945,-0.58564889431,-0.333649128675,-0.453992933035,0.159851491451,
2597,1,1829,166,15,1,1.74999988079,1,55,1,0,0,,,,,,,,
2597,2,1829,166,15,1,1.74999988079,1,68,1,1,0,,,-2.32636713982,-1.47548508644,,,,
2598,1,1829,166,15,1,1.74999988079,0,11,1,1,1,1,0,-0.199115037918,0.625524282455,-0.51814442873,-0.199115037918,0.625524282455,-0.51814442873
2598,2,1829,166,15,1,1.74999988079,0,24,1,1,1,1,,-0.659899055958,0.317129760981,-0.749893724918,-0.199115037918,0.625524282455,-0.51814442873
2599,1,1830,166,15,1,1.74999988079,0,30,1,1,1,0,1,-4.50274896622,,-0.753989875317,-4.50274896622,,-0.753989875317
2599,2,1830,166,15,1,1.74999988079,0,41,1,0,1,0,,,,,-4.50274896622,,-0.753989875317
2600,1,1830,166,15,1,1.74999988079,1,4,1,1,1,1,0,-1.26586318016,-0.631353259087,,-1.26586318016,-0.631353259087,
2600,2,1830,166,15,1,1.74999988079,1,17,1,1,1,1,,-3.78057718277,-1.60100078583,0.477056026459,-1.26586318016,-0.631353259087,
2601,1,1832,166,15,1,1.74999988079,0,20,1,1,1,1,0,-2.04324960709,-1.46180284023,-1.70228326321,-2.04324960709,-1.46180284023,-1.70228326321
2601,2,1832,166,15,1,1.74999988079,0,33,1,1,1,1,,-2.81296062469,-1.50080442429,-2.01771426201,-2.04324960709,-1.46180284023,-1.70228326321
2602,2,1833,166,15,0,19.75,1,8,1,1,0,,,0.570909380913,0.848204731941,1.87292575836,,,
2603,1,1834,166,15,1,1.74999988079,0,28,1,1,1,1,0,-2.79761648178,,-2.1582608223,-2.79761648178,,-2.1582608223
2603,2,1834,166,15,1,1.74999988079,0,41,1,1,1,1,,-2.40709972382,-1.77739548683,-2.12370181084,-2.79761648178,,-2.1582608223
2604,1,1834,166,15,1,1.74999988079,1,28,1,1,1,1,0,-1.51559686661,,-0.997860848904,-1.51559686661,,-0.997860848904
2604,2,1834,166,15,1,1.74999988079,1,41,1,1,1,1,,-1.03177714348,-0.712718904018,-1.08621692657,-1.51559686661,,-0.997860848904
2605,1,1836,166,15,1,1.74999988079,1,51,1,1,1,1,0,-0.888304412365,-1.26845371723,-2.2040348053,-0.888304412365,-1.26845371723,-2.2040348053
2605,2,1836,166,15,1,1.74999988079,1,64,1,1,1,1,,-0.422827959061,-0.968614935875,,-0.888304412365,-1.26845371723,-2.2040348053
2606,1,1836,166,15,1,1.74999988079,0,13,1,1,1,1,0,-1.4297555685,0.0416233725846,0.370913803577,-1.4297555685,0.0416233725846,0.370913803577
2606,2,1836,166,15,1,1.74999988079,0,26,1,1,1,1,,-1.38755965233,-0.546554982662,-1.12172687054,-1.4297555685,0.0416233725846,0.370913803577
2607,1,1837,166,15,1,1.74999988079,0,45,1,1,1,1,0,-2.44268321991,-1.61592054367,-1.08150863647,-2.44268321991,-1.61592054367,-1.08150863647
2607,2,1837,166,15,1,1.74999988079,0,58,1,1,1,1,,-1.76887083054,-1.63296282291,-1.38716948032,-2.44268321991,-1.61592054367,-1.08150863647
2608,1,1837,166,15,1,1.74999988079,0,10,1,1,1,1,0,-2.11439585686,-2.49857234955,-2.80845761299,-2.11439585686,-2.49857234955,-2.80845761299
2608,2,1837,166,15,1,1.74999988079,0,23,1,1,1,1,,-1.61629843712,-1.30878973007,-0.746765673161,-2.11439585686,-2.49857234955,-2.80845761299
2609,1,1838,166,15,1,1.74999988079,1,55,1,1,1,1,0,-2.23675847054,-1.43447470665,-1.27006959915,-2.23675847054,-1.43447470665,-1.27006959915
2609,2,1838,166,15,1,1.74999988079,1,68,1,1,1,1,,-1.17559194565,-1.29800856113,,-2.23675847054,-1.43447470665,-1.27006959915
2610,1,1838,166,15,1,1.74999988079,0,18,1,1,1,1,0,-1.78280758858,-0.610607326031,-0.398484379053,-1.78280758858,-0.610607326031,-0.398484379053
2610,2,1838,166,15,1,1.74999988079,0,32,1,1,1,1,,-2.25673413277,-1.42191135883,-0.960517764091,-1.78280758858,-0.610607326031,-0.398484379053
2611,1,1840,167,14,0,18.5,1,68,1,0,0,,,,,,,,
2611,2,1840,167,14,0,18.5,1,72,1,0,0,,,,,,,,
2612,1,1840,167,14,0,18.5,0,24,1,1,1,1,0,-2.34557151794,-0.316512733698,0.619761526585,-2.34557151794,-0.316512733698,0.619761526585
2612,2,1840,167,14,0,18.5,0,37,1,1,1,1,,-1.95445501804,-0.407826095819,0.8573564291,-2.34557151794,-0.316512733698,0.619761526585
2613,2,1840,167,14,0,18.5,1,11,1,1,0,,,-0.603384315968,-0.687894582748,0.19639877975,,,
2614,1,1842,167,14,1,1.25,0,12,1,1,1,1,0,-1.5565764904,-1.26217544079,-0.584044873714,-1.5565764904,-1.26217544079,-0.584044873714
2614,2,1842,167,14,1,1.25,0,24,1,1,1,1,,-1.18360245228,-0.459645450115,0.456782102585,-1.5565764904,-1.26217544079,-0.584044873714
2615,1,1844,167,14,1,1.25,0,64,1,0,0,,,,,,,,
2615,2,1844,167,14,1,1.25,0,72,1,0,0,,,,,,,,
2616,1,1844,167,14,1,1.25,0,25,1,1,1,1,0,-1.45123529434,-0.411756187677,-0.0948942229152,-1.45123529434,-0.411756187677,-0.0948942229152
2616,2,1844,167,14,1,1.25,0,38,1,1,1,1,,-1.3890017271,-0.248816013336,0.303492903709,-1.45123529434,-0.411756187677,-0.0948942229152
2617,1,1845,167,14,0,18.5,1,2,1,0,0,,,,,,,,
2617,2,1845,167,14,0,18.5,1,15,1,1,0,,,-0.0948827937245,0.289246588945,0.873452186584,,,
2618,1,1846,167,14,1,1.25,1,60,1,0,0,,,,,,,,
2618,2,1846,167,14,1,1.25,1,72,1,0,0,,,,,,,,
2619,1,1846,167,14,1,1.25,1,96,1,0,0,,,,,,,,
2619,2,1846,167,14,1,1.25,1,21,1,1,0,,,-1.01572167873,0.325060725212,0.360085725784,,,
2620,1,1847,167,14,1,1.25,1,60,1,0,0,,,,,,,,
2620,2,1847,167,14,1,1.25,1,73,1,1,0,,,-1.08834719658,-0.521488428116,,,,
2621,1,1847,167,14,1,1.25,0,20,1,1,1,1,0,-2.39862179756,-0.640327751637,-0.56613856554,-2.39862179756,-0.640327751637,-0.56613856554
2621,2,1847,167,14,1,1.25,0,33,1,1,1,1,,-2.32172870636,-0.970965445042,-0.51536488533,-2.39862179756,-0.640327751637,-0.56613856554
2622,1,1848,167,14,1,1.25,1,3,1,1,1,1,0,-0.808954775333,1.74831914902,,-0.808954775333,1.74831914902,
2622,2,1848,167,14,1,1.25,1,16,1,1,1,1,,-1.91649389267,0.289661496878,0.0634252279997,-0.808954775333,1.74831914902,
2623,1,1849,167,14,1,1.25,0,25,1,1,1,1,0,-0.809380233288,-0.352776437998,-0.981289446354,-0.809380233288,-0.352776437998,-0.981289446354
2623,2,1849,167,14,1,1.25,0,38,1,1,1,1,,-1.3100041151,-0.382464230061,-0.493668228388,-0.809380233288,-0.352776437998,-0.981289446354
2624,1,1850,167,14,1,1.25,0,25,1,1,1,1,0,-1.4030957222,0.146645888686,-0.267015278339,-1.4030957222,0.146645888686,-0.267015278339
2624,2,1850,167,14,1,1.25,0,38,1,1,1,1,,-1.11251401901,0.3010661304,0.379898160696,-1.4030957222,0.146645888686,-0.267015278339
2625,2,1850,167,14,1,1.25,0,9,1,1,0,,,-0.766158759594,0.696782946587,0.98072707653,,,
2626,1,1851,167,14,1,1.25,1,15,1,1,1,1,0,-1.19009304047,-0.706120073795,-0.730279862881,-1.19009304047,-0.706120073795,-0.730279862881
2626,2,1851,167,14,1,1.25,1,27,1,1,1,1,,-0.823070287704,-0.635390162468,-1.30072581768,-1.19009304047,-0.706120073795,-0.730279862881
2627,1,1852,168,14,1,2.125,1,26,1,1,1,1,0,-1.17004549503,-2.01581096649,-2.10032987595,-1.17004549503,-2.01581096649,-2.10032987595
2627,2,1852,168,14,1,2.125,1,38,1,1,1,1,,-1.49339962006,-1.03731310368,-1.02570855618,-1.17004549503,-2.01581096649,-2.10032987595
2628,1,1853,168,14,1,2.125,0,672,1,0,0,,,,,,,,
2628,2,1853,168,14,1,2.125,0,69,1,1,0,,,-1.48863101006,0.186953112483,,,,
2629,1,1853,168,14,1,2.125,1,7,1,1,1,1,0,-1.29021072388,-1.6286034584,-1.09109735489,-1.29021072388,-1.6286034584,-1.09109735489
2629,2,1853,168,14,1,2.125,1,20,1,1,1,1,,-2.20837473869,-1.1633849144,-0.83202880621,-1.29021072388,-1.6286034584,-1.09109735489
2630,1,1854,168,14,1,2.125,0,420,1,0,0,,,,,,,,
2630,2,1854,168,14,1,2.125,0,48,1,1,0,,,-2.10471749306,-0.646609306335,-0.89489531517,,,
2631,1,1854,168,14,1,2.125,1,5,1,1,1,1,0,0.0540748648345,0.504743397236,,0.0540748648345,0.504743397236,
2631,2,1854,168,14,1,2.125,1,18,1,1,1,1,,0.152242645621,1.38264620304,1.29087841511,0.0540748648345,0.504743397236,
2632,1,1855,168,14,1,2.125,0,55,1,1,1,1,0,-0.374866038561,0.258409053087,0.0288599953055,-0.374866038561,0.258409053087,0.0288599953055
2632,2,1855,168,14,1,2.125,0,69,1,1,1,1,,-0.289454877377,0.349196046591,,-0.374866038561,0.258409053087,0.0288599953055
2633,1,1855,168,14,1,2.125,1,9,1,1,1,1,0,,-1.53312826157,-1.52826118469,,-1.53312826157,-1.52826118469
2633,2,1855,168,14,1,2.125,1,22,1,1,1,1,,,-1.5315451622,-1.31879484653,,-1.53312826157,-1.52826118469
2634,1,1856,168,14,0,33.25,0,1,1,0,0,,,,,,,,
2634,2,1856,168,14,0,33.25,0,13,1,0,0,,,,,,,,
2635,1,1856,168,14,0,33.25,1,60,1,0,0,,,,,,,,
2635,2,1856,168,14,0,33.25,1,73,1,0,0,,,,,,,,
2636,1,1856,168,14,0,33.25,0,372,1,0,0,,,,,,,,
2636,2,1856,168,14,0,33.25,0,43,1,1,0,,,-2.22247052193,-0.549964010715,0.64702808857,,,
2637,1,1856,168,14,0,33.25,0,6,1,0,0,,,,,,,,
2637,2,1856,168,14,0,33.25,0,19,1,1,0,,,-2.31981420517,-1.93001925945,-0.940336406231,,,
2638,1,1857,168,14,1,2.125,1,47,1,1,1,1,0,-2.3278799057,-1.58782458305,-1.26990008354,-2.3278799057,-1.58782458305,-1.26990008354
2638,2,1857,168,14,1,2.125,1,60,1,1,1,1,,-2.08620381355,-1.50425159931,-1.59297883511,-2.3278799057,-1.58782458305,-1.26990008354
2639,1,1857,168,14,1,2.125,0,26,1,1,1,1,0,-2.75732707977,-2.45440363884,-1.69119226933,-2.75732707977,-2.45440363884,-1.69119226933
2639,2,1857,168,14,1,2.125,0,38,1,1,1,1,,-3.53508234024,-2.55667948723,-2.15207481384,-2.75732707977,-2.45440363884,-1.69119226933
2640,2,1857,168,14,1,2.125,1,8,1,1,0,,,-2.02951979637,-1.93722772598,-1.81543731689,,,
2641,1,1859,168,14,1,2.125,0,48,1,1,1,1,0,-2.16432571411,-1.57661354542,-1.66664528847,-2.16432571411,-1.57661354542,-1.66664528847
2641,2,1859,168,14,1,2.125,0,61,1,1,1,1,,-2.49698209763,-1.8919107914,,-2.16432571411,-1.57661354542,-1.66664528847
2642,1,1859,168,14,1,2.125,1,19,1,0,0,,,,,,,,
2642,2,1859,168,14,1,2.125,1,31,1,1,0,,,1.15755546093,0.939986824989,-0.674837827682,,,
2643,1,1860,168,14,1,2.125,0,4,1,1,1,1,0,,-1.09328782558,,,-1.09328782558,
2643,2,1860,168,14,1,2.125,0,17,1,1,1,1,,,-0.782213926315,-0.590359389782,,-1.09328782558,
2644,1,1862,168,14,1,2.125,1,18,1,1,1,0,1,-0.932514429092,-1.1065621376,-0.865418195724,-0.932514429092,-1.1065621376,-0.865418195724
2644,2,1862,168,14,1,2.125,1,31,1,0,1,0,,,,,-0.932514429092,-1.1065621376,-0.865418195724
2645,1,1864,169,13,1,1.5,0,63,1,0,0,,,,,,,,
2645,2,1864,169,13,1,1.5,0,72,1,0,0,,,,,,,,
2646,1,1864,169,13,1,1.5,1,22,1,1,1,1,0,-2.74149274826,-1.10058701038,0.138875231147,-2.74149274826,-1.10058701038,0.138875231147
2646,2,1864,169,13,1,1.5,1,35,1,1,1,1,,-2.39210581779,-1.08434486389,-0.0339202694595,-2.74149274826,-1.10058701038,0.138875231147
2647,1,1865,169,13,1,1.5,0,19,1,1,1,1,0,-1.92058742046,-0.566314995289,-0.987184643745,-1.92058742046,-0.566314995289,-0.987184643745
2647,2,1865,169,13,1,1.5,0,32,1,1,1,1,,-2.94013381004,-1.43662130833,-1.27656114101,-1.92058742046,-0.566314995289,-0.987184643745
2648,1,1866,169,13,1,1.5,0,72,1,0,0,,,,,,,,
2648,2,1866,169,13,1,1.5,0,72,1,0,0,,,,,,,,
2649,1,1866,169,13,1,1.5,1,16,1,1,1,1,0,-1.5944236517,-0.264042377472,0.437039911747,-1.5944236517,-0.264042377472,0.437039911747
2649,2,1866,169,13,1,1.5,1,29,1,1,1,1,,-2.47037124634,-1.02910578251,-0.243955299258,-1.5944236517,-0.264042377472,0.437039911747
2650,1,1867,169,13,1,1.5,1,41,1,1,1,1,0,-2.5975253582,-0.764769971371,-0.606767237186,-2.5975253582,-0.764769971371,-0.606767237186
2650,2,1867,169,13,1,1.5,1,54,1,1,1,1,,-2.38652968407,-1.33315443993,-1.90735065937,-2.5975253582,-0.764769971371,-0.606767237186
2651,2,1867,169,13,1,1.5,0,11,1,1,0,,,-0.85380500555,0.998036324978,1.02335345745,,,
2652,2,1868,169,13,0,42.25,1,10,1,1,0,,,-1.06655931473,0.852416932583,1.1854954958,,,
2653,1,1870,169,13,0,42.25,1,18,1,1,1,1,0,-1.51793897152,-1.13483166695,-0.503376305103,-1.51793897152,-1.13483166695,-0.503376305103
2653,2,1870,169,13,0,42.25,1,31,1,1,1,1,,-2.80674600601,-1.48544430733,-1.01723027229,-1.51793897152,-1.13483166695,-0.503376305103
2654,2,1870,169,13,0,42.25,1,3,1,1,0,,,-1.14148509502,-1.42582094669,,,,
2655,1,1871,169,13,0,42.25,1,59,1,1,1,1,0,-3.78107690811,-1.86355054379,-1.15990293026,-3.78107690811,-1.86355054379,-1.15990293026
2655,2,1871,169,13,0,42.25,1,73,1,1,1,1,,-3.05960345268,-1.96647417545,,-3.78107690811,-1.86355054379,-1.15990293026
2656,1,1871,169,13,0,42.25,1,26,1,1,1,1,0,-3.40731692314,-1.81527519226,-1.14867722988,-3.40731692314,-1.81527519226,-1.14867722988
2656,2,1871,169,13,0,42.25,1,39,1,1,1,1,,-3.36097931862,-1.81256949902,-0.496566295624,-3.40731692314,-1.81527519226,-1.14867722988
2657,1,1872,169,13,1,1.5,1,1,1,1,1,1,0,0.46709305048,0.395912140608,,0.46709305048,0.395912140608,
2657,2,1872,169,13,1,1.5,1,14,1,1,1,1,,-1.80014920235,-1.12700021267,-0.159391015768,0.46709305048,0.395912140608,
2658,1,1873,169,13,1,1.5,1,14,1,1,1,1,0,-0.756952345371,-0.271496921778,0.509724378586,-0.756952345371,-0.271496921778,0.509724378586
2658,2,1873,169,13,1,1.5,1,27,1,1,1,1,,-1.78425645828,-0.341540873051,0.66104131937,-0.756952345371,-0.271496921778,0.509724378586
2659,1,1874,169,13,1,1.5,0,72,1,0,0,,,,,,,,
2659,2,1874,169,13,1,1.5,0,72,1,0,0,,,,,,,,
2660,1,1874,169,13,1,1.5,0,18,1,1,1,1,0,-2.54283571243,-1.78063046932,0.130666658282,-2.54283571243,-1.78063046932,0.130666658282
2660,2,1874,169,13,1,1.5,0,31,1,1,1,1,,-3.50179243088,-2.00953435898,-1.10468661785,-2.54283571243,-1.78063046932,0.130666658282
2661,1,1875,169,13,1,1.5,1,35,1,1,1,1,0,-1.70130848885,-0.116037748754,0.67288172245,-1.70130848885,-0.116037748754,0.67288172245
2661,2,1875,169,13,1,1.5,1,48,1,1,1,1,,-2.03857564926,0.0492116585374,0.173920437694,-1.70130848885,-0.116037748754,0.67288172245
2662,1,1875,169,13,1,1.5,1,9,1,1,1,1,0,-1.17707026005,-0.717908322811,-0.766372621059,-1.17707026005,-0.717908322811,-0.766372621059
2662,2,1875,169,13,1,1.5,1,22,1,1,1,1,,-2.42100000381,-1.15293765068,-1.08464682102,-1.17707026005,-0.717908322811,-0.766372621059
2663,1,1876,170,15,1,1.87499988079,0,38,1,1,1,1,0,-3.25859260559,-1.79465460777,-0.830627560616,-3.25859260559,-1.79465460777,-0.830627560616
2663,2,1876,170,15,1,1.87499988079,0,50,1,1,1,1,,-2.65887022018,-1.90369868279,-0.380061089993,-3.25859260559,-1.79465460777,-0.830627560616
2664,1,1876,170,15,1,1.87499988079,0,7,1,1,1,1,0,-4.7622551918,-2.77290463448,-0.246053218842,-4.7622551918,-2.77290463448,-0.246053218842
2664,2,1876,170,15,1,1.87499988079,0,22,1,1,1,1,,-4.47712230682,-3.44565272331,-1.49757802486,-4.7622551918,-2.77290463448,-0.246053218842
2665,1,1877,170,15,0,41,1,48,1,1,1,1,0,-1.17961156368,-0.872794091702,-0.909322917461,-1.17961156368,-0.872794091702,-0.909322917461
2665,2,1877,170,15,0,41,1,61,1,1,1,1,,-1.11071264744,-0.824017703533,,-1.17961156368,-0.872794091702,-0.909322917461
2666,1,1878,170,15,0,41,1,44,1,0,0,,,,,,,,
2666,2,1878,170,15,0,41,1,57,1,1,0,,,-2.00610780716,-1.3105609417,-1.03158318996,,,
2667,1,1878,170,15,0,41,0,12,1,1,1,1,0,-2.20886874199,-1.34896290302,0.224838465452,-2.20886874199,-1.34896290302,0.224838465452
2667,2,1878,170,15,0,41,0,26,1,1,1,1,,-2.67860484123,0.240543007851,0.357690691948,-2.20886874199,-1.34896290302,0.224838465452
2668,1,1879,170,15,0,41,1,11,1,1,1,1,0,-0.0876712799072,-1.52138054371,-2.13144731522,-0.0876712799072,-1.52138054371,-2.13144731522
2668,2,1879,170,15,0,41,1,27,1,1,1,1,,-2.4792675972,-1.95935702324,-1.39288008213,-0.0876712799072,-1.52138054371,-2.13144731522
2669,1,1880,170,15,1,1.87499988079,0,12,1,1,1,1,0,-3.30303382874,-3.59690546989,-2.98731803894,-3.30303382874,-3.59690546989,-2.98731803894
2669,2,1880,170,15,1,1.87499988079,0,26,1,1,1,1,,-3.21391773224,-1.66266679764,-1.49833536148,-3.30303382874,-3.59690546989,-2.98731803894
2670,2,1880,170,15,1,1.87499988079,1,13,1,1,0,,,-2.74474358559,-2.72184562683,-1.60169756413,,,
2671,1,1881,170,15,1,1.87499988079,0,27,1,1,1,0,1,-1.58246326447,-1.33938920498,-0.714028775692,-1.58246326447,-1.33938920498,-0.714028775692
2672,1,1881,170,15,1,1.87499988079,1,11,1,1,1,0,1,0.11067943275,-0.305596023798,-0.404524624348,0.11067943275,-0.305596023798,-0.404524624348
2673,1,1882,170,15,1,1.87499988079,0,17,1,1,1,1,0,,-3.8929309845,-2.29575753212,,-3.8929309845,-2.29575753212
2673,2,1882,170,15,1,1.87499988079,0,31,1,1,1,1,,-4.47712230682,-2.54024362564,-0.445096045732,,-3.8929309845,-2.29575753212
2674,1,1882,170,15,1,1.87499988079,1,7,1,1,1,1,0,-2.41314911842,-0.807395100594,-0.35205116868,-2.41314911842,-0.807395100594,-0.35205116868
2674,2,1882,170,15,1,1.87499988079,1,20,1,1,1,1,,-2.5568780899,-1.39540588856,0.966861009598,-2.41314911842,-0.807395100594,-0.35205116868
2675,1,1883,170,15,1,1.87499988079,0,52,1,1,1,0,1,-0.0252446588129,-0.512821733952,-1.39604628086,-0.0252446588129,-0.512821733952,-1.39604628086
2675,2,1883,170,15,1,1.87499988079,0,65,1,0,1,0,,,,,-0.0252446588129,-0.512821733952,-1.39604628086
2676,1,1883,170,15,1,1.87499988079,1,14,1,1,1,1,0,-1.9864345789,-2.09324193001,-1.74216246605,-1.9864345789,-2.09324193001,-1.74216246605
2676,2,1883,170,15,1,1.87499988079,1,26,1,1,1,1,,-1.81570112705,-2.33812594414,-0.702935636044,-1.9864345789,-2.09324193001,-1.74216246605
2677,1,1883,170,15,1,1.87499988079,1,14,1,1,1,1,0,-1.94917809963,-1.24063611031,-0.421884149313,-1.94917809963,-1.24063611031,-0.421884149313
2677,2,1883,170,15,1,1.87499988079,1,26,1,1,1,1,,-1.78567111492,-1.10146641731,-0.0267338976264,-1.94917809963,-1.24063611031,-0.421884149313
2678,1,1884,170,15,1,1.87499988079,1,29,1,1,1,1,0,-4.59626245499,-2.51067614555,-0.367526322603,-4.59626245499,-2.51067614555,-0.367526322603
2678,2,1884,170,15,1,1.87499988079,1,41,1,1,1,1,,-4.22540473938,-2.24726080894,-0.685107290745,-4.59626245499,-2.51067614555,-0.367526322603
2679,1,1885,170,15,1,1.87499988079,0,19,1,1,1,1,0,-1.77541232109,-0.652275145054,-0.526120185852,-1.77541232109,-0.652275145054,-0.526120185852
2679,2,1885,170,15,1,1.87499988079,0,34,1,1,1,1,,-1.81428968906,-0.672043144703,-0.13085719943,-1.77541232109,-0.652275145054,-0.526120185852
2680,1,1886,170,15,0,41,1,26,1,1,1,1,0,-1.99588346481,-0.665985822678,-0.191748067737,-1.99588346481,-0.665985822678,-0.191748067737
2680,2,1886,170,15,0,41,1,39,1,1,1,1,,-2.07889008522,-0.727152705193,-0.226024851203,-1.99588346481,-0.665985822678,-0.191748067737
2681,1,1887,170,15,1,1.87499988079,0,12,1,1,1,1,0,-0.462411522865,0.254806548357,0.224838465452,-0.462411522865,0.254806548357,0.224838465452
2681,2,1887,170,15,1,1.87499988079,0,26,1,1,1,1,,-1.67096042633,-0.371620237827,0.192940250039,-0.462411522865,0.254806548357,0.224838465452
2682,1,1888,171,14,1,2,0,50,1,1,1,1,0,-1.54586291313,-0.0989566072822,-0.774395704269,-1.54586291313,-0.0989566072822,-0.774395704269
2682,2,1888,171,14,1,2,0,63,1,1,1,1,,-1.47919416428,-0.366120308638,,-1.54586291313,-0.0989566072822,-0.774395704269
2683,1,1888,171,14,1,2,0,16,1,1,1,1,0,-0.430003762245,1.74831914902,1.75709688663,-0.430003762245,1.74831914902,1.75709688663
2683,2,1888,171,14,1,2,0,29,1,1,1,1,,-1.4873790741,1.15267801285,1.04269707203,-0.430003762245,1.74831914902,1.75709688663
2684,1,1889,171,14,1,2,0,72,1,0,0,,,,,,,,
2684,2,1889,171,14,1,2,0,72,1,0,0,,,,,,,,
2685,1,1889,171,14,1,2,0,37,1,1,1,1,0,-2.90054225922,-0.67520827055,-0.550054132938,-2.90054225922,-0.67520827055,-0.550054132938
2685,2,1889,171,14,1,2,0,50,1,1,1,1,,-2.31910896301,-0.882627129555,-0.896055400372,-2.90054225922,-0.67520827055,-0.550054132938
2686,1,1889,171,14,1,2,0,5,1,1,1,1,0,0.0698075070977,-0.256059288979,,0.0698075070977,-0.256059288979,
2686,2,1889,171,14,1,2,0,18,1,1,1,1,,-1.63450562954,-0.860015630722,-0.625367224216,0.0698075070977,-0.256059288979,
2687,1,1890,171,14,0,22.25,1,28,1,1,1,1,0,-2.28790903091,-0.669095158577,-0.312054425478,-2.28790903091,-0.669095158577,-0.312054425478
2687,2,1890,171,14,0,22.25,1,41,1,1,1,1,,-2.57267069817,-0.32841578126,0.741518378258,-2.28790903091,-0.669095158577,-0.312054425478
2688,1,1891,171,14,1,2,1,19,1,1,1,1,0,-0.124468371272,1.48937547207,1.75709688663,-0.124468371272,1.48937547207,1.75709688663
2688,2,1891,171,14,1,2,1,33,1,1,1,1,,-0.673655390739,0.353522717953,0.685445785522,-0.124468371272,1.48937547207,1.75709688663
2689,1,1892,171,14,1,2,0,24,1,1,1,1,0,-2.77107954025,-1.44841599464,-0.932487785816,-2.77107954025,-1.44841599464,-0.932487785816
2689,2,1892,171,14,1,2,0,37,1,1,1,1,,-3.11374354362,-1.62826418877,-1.46826529503,-2.77107954025,-1.44841599464,-0.932487785816
2690,2,1892,171,14,1,2,1,12,1,1,0,,,-1.34563910961,-0.0439593791962,0.121275499463,,,
2691,1,1893,171,14,0,22.25,0,43,1,1,1,1,0,-0.861290574074,-0.880141198635,-0.70094704628,-0.861290574074,-0.880141198635,-0.70094704628
2691,2,1893,171,14,0,22.25,0,56,1,1,1,1,,-0.873253583908,-0.600907027721,-0.0659347251058,-0.861290574074,-0.880141198635,-0.70094704628
2692,1,1894,171,14,1,2,0,47,1,0,0,,,,,,,,
2692,2,1894,171,14,1,2,0,60,1,0,0,,,,,,,,
2693,1,1894,171,14,1,2,0,17,1,1,1,1,0,-2.3853468895,-2.2896425724,-1.29485523701,-2.3853468895,-2.2896425724,-1.29485523701
2693,2,1894,171,14,1,2,0,30,1,1,1,1,,-2.62326288223,-1.96792697906,-1.3423384428,-2.3853468895,-2.2896425724,-1.29485523701
2694,1,1895,171,14,1,2,0,37,1,1,1,1,0,-4.7622551918,-2.66664671898,-0.550054132938,-4.7622551918,-2.66664671898,-0.550054132938
2694,2,1895,171,14,1,2,0,50,1,1,1,1,,-4.43968153,-2.20270466805,-1.39923000336,-4.7622551918,-2.66664671898,-0.550054132938
2695,1,1895,171,14,1,2,1,9,1,1,1,1,0,-1.71520841122,-2.20353841782,-1.52826118469,-1.71520841122,-2.20353841782,-1.52826118469
2695,2,1895,171,14,1,2,1,22,1,1,1,1,,-2.50112318993,-1.15293765068,-0.0274601932615,-1.71520841122,-2.20353841782,-1.52826118469
2696,1,1896,171,14,0,22.25,1,48,1,1,1,1,0,-2.86271476746,-1.78843855858,-0.986020624638,-2.86271476746,-1.78843855858,-0.986020624638
2696,2,1896,171,14,0,22.25,1,60,1,1,1,1,,-3.04276394844,-1.7368850708,-1.22302913666,-2.86271476746,-1.78843855858,-0.986020624638
2697,2,1896,171,14,0,22.25,0,3,1,1,0,,,-1.21269929409,-2.43048405647,,,,
2698,1,1897,171,14,0,22.25,1,30,1,0,0,,,,,,,,
2698,2,1897,171,14,0,22.25,1,43,1,1,0,,,-2.34477066994,-0.741281807423,0.0349372588098,,,
2699,2,1897,171,14,0,22.25,0,12,1,1,0,,,-1.38824594021,0.697602331638,1.56287682056,,,
2700,1,1898,171,14,1,2,0,54,1,1,1,1,0,-3.65051436424,-2.29321074486,-1.35057890415,-3.65051436424,-2.29321074486,-1.35057890415
2700,2,1898,171,14,1,2,0,67,1,1,1,1,,-3.36609506607,-2.49609661102,,-3.65051436424,-2.29321074486,-1.35057890415
2701,1,1898,171,14,1,2,0,36,1,1,1,1,0,-3.11135864258,-1.38420951366,-0.863446056843,-3.11135864258,-1.38420951366,-0.863446056843
2701,2,1898,171,14,1,2,0,49,1,1,1,1,,-2.85689115524,-1.0009765625,-0.592931807041,-3.11135864258,-1.38420951366,-0.863446056843
2702,1,1898,171,14,1,2,1,13,1,1,1,1,0,-1.43276178837,-0.701023936272,-0.298092275858,-1.43276178837,-0.701023936272,-0.298092275858
2702,2,1898,171,14,1,2,1,26,1,1,1,1,,-2.38628053665,,-1.75754702091,-1.43276178837,-0.701023936272,-0.298092275858
2703,1,1899,171,14,1,2,1,17,1,1,1,1,0,-0.288167446852,0.236729323864,0.395588636398,-0.288167446852,0.236729323864,0.395588636398
2703,2,1899,171,14,1,2,1,30,1,1,1,1,,-0.0933942347765,-0.0410953462124,-0.214178562164,-0.288167446852,0.236729323864,0.395588636398
2704,2,1900,172,16,0,15.5,0,1,1,0,0,,,,,,,,
2705,1,1901,172,16,1,1.87499988079,1,38,1,1,1,1,0,-2.9178340435,-1.6580375433,-1.23564147949,-2.9178340435,-1.6580375433,-1.23564147949
2705,2,1901,172,16,1,1.87499988079,1,51,1,1,1,1,,-2.60676002502,-1.84547317028,-1.03854262829,-2.9178340435,-1.6580375433,-1.23564147949
2706,1,1901,172,16,1,1.87499988079,0,9,1,1,1,1,0,-2.68300962448,-2.31353759766,-1.33340895176,-2.68300962448,-2.31353759766,-1.33340895176
