hhid,round,vid,block,eligible,samp_wgt,sample_panel,attrites,treat_GK,treat_GD_lower,treat_GD_mid,treat_GD_upper,treat_GD_huge,dietarydiversity,consumption,consumption_asinh,foodexpenditure,foodownconsumption,productiveassets_asinh,savingsstock_asinh,borrowingstock_asinh,health_knowledge,sanitation_practices,hhmember,hhfemale,hhage,hh_head_schooling,ubudehe,m9_cereals,m9_tubers,m9_vitaveg,m9_leafyveg,m9_otherveg,m9_vitaafruits,m9_otherfruits,m9_organmeat,m9_fleshmeat,m9_eggs,m9_fish,m9_legumes,m9_milk,m9_oils,m9_sweets,m9_spices,consumption_asinh_R1,dietarydiversity_R1,borrowingstock_asinh_R1,savingsstock_asinh_R1,health_knowledge_R1,sanitation_practices_R1,productiveassets_asinh_R1,diet_source
1009,2,95,9,1,5,1,,0,1,0,0,0,6,36979.8085938,11.211274147,950,6600,11.2104682922,9.10497951508,10.3089523315,3.78746032715,-3.31511259079,4,0,36,0,3,1,1,0,0,1,0,0,0,0,0,0,1,0,1,0,1,10.1552705765,6,7.60090255737,0,-1.15210008621,-1.25082182884,13.4853382111,6
1010,1,95,9,0,40.5,1,0,0,1,0,0,0,3,6007.52880859,9.39391613007,500,600,12.4576091766,0,0,5.66756534576,2.90144395828,4,0,27,0,2,1,0,0,1,1,0,0,0,0,0,0,1,0,0,0,0,9.39391613007,3,0,0,5.66756534576,2.90144395828,12.4576091766,3
1010,2,95,9,0,40.5,1,,0,1,0,0,0,4,43866.9804688,11.3820648193,5700,4000,13.2136659622,9.39266204834,0,3.673797369,-1.32368826866,4,0,27,0,2,1,0,0,0,1,0,0,0,0,0,0,1,0,0,1,0,9.39391613007,3,0,0,5.66756534576,2.90144395828,12.4576091766,4
1011,1,95,9,1,5,0,1,0,1,0,0,0,5,55629.7578125,11.6196203232,5900,1600,16.0942134857,10.7363967896,0,5.31499195099,2.90144395828,4,0,27,0,2,0,0,1,0,1,0,0,0,0,0,0,1,0,1,1,1,11.6196203232,5,0,10.7363967896,5.31499195099,2.90144395828,16.0942134857,5
1012,1,95,9,0,40.5,1,0,0,1,0,0,0,7,21304.3847656,10.6598157883,1100,2600,10.6213274002,8.8818359375,0,-4.20127868652,-3.37084650993,3,0,28,0,3,1,1,0,1,1,0,0,0,0,0,1,1,0,1,0,1,10.6598157883,7,0,8.8818359375,-4.20127868652,-3.37084650993,10.6213274002,7
1012,2,95,9,0,40.5,1,,0,1,0,0,0,5,3458.75,8.84180927277,150,600,10.6164369583,8.51719284058,7.37775945663,1.03756916523,-1.25082182884,3,0,28,0,3,1,0,0,0,1,0,0,0,0,0,1,1,0,0,0,1,10.6598157883,7,0,8.8818359375,-4.20127868652,-3.37084650993,10.6213274002,5
1013,1,95,9,0,40.5,1,0,0,1,0,0,0,5,53727.6445312,11.5848302841,7000,0,14.7363510132,10.085808754,0,0.251925110817,0.79633641243,4,0,68,0,1,1,0,0,0,1,0,0,0,0,0,0,1,1,1,0,0,11.5848302841,5,0,10.085808754,0.251925110817,0.79633641243,14.7363510132,5
1013,2,95,9,0,40.5,1,,0,1,0,0,0,5,35825.5,11.1795625687,6100,1800,13.2116556168,11.0020999908,0,5.99610853195,-1.32368826866,4,0,68,0,1,1,1,0,0,1,0,0,0,0,0,0,1,0,0,1,0,11.5848302841,5,0,10.085808754,0.251925110817,0.79633641243,14.7363510132,5
1014,1,95,9,1,5,1,0,0,1,0,0,0,5,329775.53125,13.3993148804,1500,65000,14.4953699112,10.5966348648,12.6760759354,0.504547297955,0.79633641243,6,0,46,0,2,0,1,0,1,1,1,0,0,0,0,0,0,0,1,1,0,13.3993148804,5,12.6760759354,10.5966348648,0.504547297955,0.79633641243,14.4953699112,5
1014,2,95,9,1,5,1,,0,1,0,0,0,6,129292.421875,12.4629793167,3200,10200,14.5269556046,12.3883943558,0,3.48783802986,-1.32368826866,6,0,46,0,2,1,0,0,1,1,0,0,0,0,0,0,1,0,1,1,1,13.3993148804,5,12.6760759354,10.5966348648,0.504547297955,0.79633641243,14.4953699112,6
1015,1,95,9,1,5,1,0,0,1,0,0,0,7,35907.8476562,11.1818580627,7450,0,14.7279539108,0,8.00636768341,3.42383885384,0.0796284079552,2,0,0,0,1,1,1,1,1,1,0,0,0,0,0,1,1,0,0,1,1,11.1818580627,7,8.00636768341,0,3.42383885384,0.0796284079552,14.7279539108,7
1015,2,95,9,1,5,1,,0,1,0,0,0,7,71198.765625,11.8663778305,9400,1000,12.8293333054,0,9.54681301117,2.99045300484,2.90144395828,2,0,0,0,1,1,1,0,1,1,0,0,0,0,0,1,1,0,0,1,1,11.1818580627,7,8.00636768341,0,3.42383885384,0.0796284079552,14.7279539108,7
1016,1,95,9,1,5,1,0,0,1,0,0,0,8,31944.9335938,11.064915657,1700,3400,13.3987789154,10.5966348648,0,3.54258489609,-1.32368826866,7,0,48,0,3,0,1,0,0,1,0,0,0,0,0,1,1,1,1,1,1,11.064915657,8,0,10.5966348648,3.54258489609,-1.32368826866,13.3987789154,8
1016,2,95,9,1,5,1,,0,1,0,0,0,4,16021.25,10.3748188019,400,2800,14.3006486893,9.10497951508,8.69951438904,2.62387037277,-3.31511259079,7,0,48,0,3,1,0,0,0,0,0,0,0,0,0,0,1,0,1,0,1,11.064915657,8,0,10.5966348648,3.54258489609,-1.32368826866,13.3987789154,4
1017,1,96,9,0,20.75,1,0,0,0,0,0,0,6,38483.9804688,11.2511444092,3300,5000,11.9063177109,11.2644643784,11.512925148,4.93913602829,-1.32368826866,4,0,28,0,3,0,1,0,1,0,0,0,0,0,0,1,1,0,1,1,0,11.2511444092,6,11.512925148,11.2644643784,4.93913602829,-1.32368826866,11.9063177109,6
1017,2,96,9,0,20.75,1,,0,0,0,0,0,7,30161.0957031,11.0074548721,5500,800,11.6767435074,9.79812717438,0,6.91770172119,-1.32368826866,4,0,28,0,3,1,1,0,1,1,1,0,0,0,0,0,1,0,0,1,1,11.2511444092,6,11.512925148,11.2644643784,4.93913602829,-1.32368826866,11.9063177109,7
1018,1,96,9,1,3.24999976158,1,0,0,0,0,0,0,9,41841.921875,11.3348016739,5350,3000,14.7155094147,12.283033371,11.9829292297,4.48189067841,2.90144395828,4,0,29,0,2,1,0,0,1,0,0,1,0,0,0,1,1,1,1,1,1,11.3348016739,9,11.9829292297,12.283033371,4.48189067841,2.90144395828,14.7155094147,9
1018,2,96,9,1,3.24999976158,1,,0,0,0,0,0,6,33662.25,11.1172790527,4210,700,12.0329093933,11.6613454819,8.9871969223,12.9062948227,-5.49308681488,4,0,29,0,2,1,0,0,1,1,1,0,0,0,0,0,1,0,1,0,1,11.3348016739,9,11.9829292297,12.283033371,4.48189067841,2.90144395828,14.7155094147,6
1019,1,96,9,1,3.24999976158,1,0,0,0,0,0,0,3,5531.25,9.31131649017,1250,0,11.9036149979,8.3428401947,8.294049263,6.26980686188,-3.31511259079,4,0,34,0,3,1,0,0,0,1,0,0,0,0,0,0,1,0,0,0,0,9.31131649017,3,8.294049263,8.3428401947,6.26980686188,-3.31511259079,11.9036149979,3
1019,2,96,9,1,3.24999976158,1,,0,0,0,0,0,6,30268.1054688,11.0109968185,5200,400,13.4559745789,9.95227813721,9.68034362793,0.390517711639,2.90144395828,4,0,34,0,3,1,1,1,0,1,0,0,0,0,0,1,1,0,0,0,1,9.31131649017,3,8.294049263,8.3428401947,6.26980686188,-3.31511259079,11.9036149979,6
1020,1,96,9,1,3.24999976158,1,0,0,0,0,0,0,2,4501.06738281,9.10521697998,700,0,14.5714445114,0,7.60090255737,-0.752392709255,-3.37084650993,3,0,25,0,1,0,0,0,0,1,0,0,0,0,0,0,1,0,0,0,0,9.10521697998,2,7.60090255737,0,-0.752392709255,-3.37084650993,14.5714445114,2
1020,2,96,9,1,3.24999976158,1,,0,0,0,0,0,8,118330.632812,12.3743848801,6850,19800,14.0436019897,10.2255706787,0,3.36259222031,2.90144395828,3,0,25,0,1,1,1,0,1,1,0,0,0,0,1,1,1,0,0,1,1,9.10521697998,2,7.60090255737,0,-0.752392709255,-3.37084650993,14.5714445114,8
1021,1,96,9,0,20.75,1,0,0,0,0,0,0,1,88616.4453125,12.0852203369,700,18800,12.7530374527,12.2060728073,9.21034049988,-2.34375190735,2.90144395828,6,1,72,0,3,0,0,0,0,0,0,0,0,0,0,0,1,0,0,0,0,12.0852203369,1,9.21034049988,12.2060728073,-2.34375190735,2.90144395828,12.7530374527,1
1021,2,96,9,0,20.75,1,,0,0,0,0,0,3,2413.74047852,8.48208045959,200,0,11.9143829346,0,0,-0.137473285198,-7.10227680206,6,1,72,0,3,0,1,0,0,0,0,0,0,0,0,0,1,0,0,0,1,12.0852203369,1,9.21034049988,12.2060728073,-2.34375190735,2.90144395828,12.7530374527,3
1022,1,96,9,1,3.24999976158,1,0,0,0,0,0,0,3,35439.40625,11.1687269211,5600,1980,13.9727020264,9.90348720551,0,-2.18789052963,2.90144395828,6,0,30,0,3,0,0,0,0,0,0,0,0,0,0,0,1,0,1,0,1,11.1687269211,3,0,9.90348720551,-2.18789052963,2.90144395828,13.9727020264,3
1022,2,96,9,1,3.24999976158,1,,0,0,0,0,0,7,54779.8945312,11.6042261124,10600,0,11.989159584,9.32366943359,0,1.93020308018,0.79633641243,6,0,30,0,3,1,1,0,1,1,0,0,0,0,0,0,1,0,1,1,1,11.1687269211,3,0,9.90348720551,-2.18789052963,2.90144395828,13.9727020264,7
1023,1,96,9,1,3.24999976158,1,0,0,0,0,0,0,5,5033070,15.180106163,9000,1148500,11.5415124893,8.85366535187,9.90348720551,0.473294258118,2.90144395828,9,0,49,0,3,1,0,0,0,1,0,0,0,0,0,1,1,0,0,0,1,15.180106163,5,9.90348720551,8.85366535187,0.473294258118,2.90144395828,11.5415124893,5
1023,2,96,9,1,3.24999976158,1,,0,0,0,0,0,5,52187.453125,11.5557441711,9750,500,13.1627368927,11.3337984085,8.43381118774,-0.821610927582,-1.32368826866,9,0,49,0,3,1,1,1,1,1,0,0,0,0,0,0,1,0,1,0,0,15.180106163,5,9.90348720551,8.85366535187,0.473294258118,2.90144395828,11.5415124893,5
1024,1,96,9,0,20.75,1,0,0,0,0,0,0,,28447.2441406,10.9489536285,1280,5150,11.6474561691,9.10497951508,0,-3.22715878487,-1.26573896408,4,0,68,0,1,1,0,0,0,1,0,0,0,0,0,0,1,0,1,0,888,10.9489536285,4,0,9.10497951508,-3.22715878487,-1.26573896408,11.6474561691,4
1024,2,96,9,0,20.75,1,,0,0,0,0,0,6,20642.5292969,10.6282558441,2100,2000,11.9671812057,8.9871969223,9.0118894577,5.46339321136,-1.25082182884,4,0,68,0,1,1,1,0,0,1,0,0,0,0,0,0,1,0,1,0,1,10.9489536285,4,0,9.10497951508,-3.22715878487,-1.26573896408,11.6474561691,6
1025,1,96,9,0,20.75,1,0,0,0,0,0,0,4,3609.69238281,8.88452529907,800,0,10.8704710007,0,0,3.68488359451,0.781419277191,3,1,43,0,3,0,0,0,1,0,0,0,0,0,0,0,1,0,1,0,1,8.88452529907,4,0,0,3.68488359451,0.781419277191,10.8704710007,4
1025,2,96,9,0,20.75,1,,0,0,0,0,0,6,3491.90380859,8.85134983063,600,0,11.0508899689,8.9871969223,8.294049263,3.59105110168,0.85428583622,3,1,43,0,3,1,1,0,1,1,0,0,0,0,0,0,1,0,1,0,1,8.88452529907,4,0,0,3.68488359451,0.781419277191,10.8704710007,6
1026,1,96,9,1,3.24999976158,1,0,0,0,0,0,0,6,51486.9023438,11.5422296524,10600,0,12.4379777908,11.1562509537,9.21034049988,3.20566534996,2.90144395828,5,0,26,0,3,1,0,0,0,1,0,0,0,0,0,0,1,1,0,1,1,11.5422296524,6,9.21034049988,11.1562509537,3.20566534996,2.90144395828,12.4379777908,6
1026,2,96,9,1,3.24999976158,1,,0,0,0,0,0,9,111179.804688,12.3120508194,10500,5000,13.2568941116,13.0080738068,11.5228757858,10.1303138733,0.79633641243,5,0,26,0,3,1,0,1,1,1,1,0,0,0,0,1,1,1,1,1,1,11.5422296524,6,9.21034049988,11.1562509537,3.20566534996,2.90144395828,12.4379777908,9
1027,1,96,9,1,3.24999976158,1,0,0,0,0,0,0,8,30595.7304688,11.0217628479,3400,900,9.47270488739,9.54681301117,8.69951438904,-3.48028254509,-1.96752977371,3,0,24,0,1,1,0,0,0,1,0,0,0,0,0,1,1,1,1,1,1,11.0217628479,8,8.69951438904,9.54681301117,-3.48028254509,-1.96752977371,9.47270488739,8
1027,2,96,9,1,3.24999976158,1,,0,0,0,0,0,3,5362.38476562,9.28031158447,950,0,8.0709066391,9.03598690033,7.60090255737,-4.1700258255,-6.19266223907,3,0,24,0,1,0,1,0,0,1,0,0,0,0,0,0,1,0,0,0,0,11.0217628479,8,8.69951438904,9.54681301117,-3.48028254509,-1.96752977371,9.47270488739,3
1028,1,96,9,1,3.24999976158,1,0,0,0,0,0,0,4,38186.2773438,11.2433786392,7800,0,12.2980136871,7.09007740021,8.51719284058,-1.22331786156,-3.37084650993,7,0,54,0,1,1,0,0,0,0,0,0,0,0,0,0,1,0,1,0,1,11.2433786392,4,8.51719284058,7.09007740021,-1.22331786156,-3.37084650993,12.2980136871,4
1028,2,96,9,1,3.24999976158,1,,0,0,0,0,0,7,80676.1796875,11.9913454056,14400,2000,13.9276781082,9.39266204834,0,-4.46908950806,0.0796284079552,7,0,54,0,1,0,1,0,1,1,0,0,0,0,0,1,1,0,1,1,1,11.2433786392,4,8.51719284058,7.09007740021,-1.22331786156,-3.37084650993,12.2980136871,7
1029,1,97,8,1,2.875,1,0,1,0,0,0,0,7,24212.0585938,10.7877531052,2550,2250,17.4067611694,10.3734912872,11.1562509537,-0.900429606438,-1.32368826866,5,1,40,0,2,1,0,0,0,1,1,0,0,0,0,1,1,0,1,1,0,10.7877531052,7,11.1562509537,10.3734912872,-0.900429606438,-1.32368826866,17.4067611694,7
1029,2,97,8,1,2.875,1,,1,0,0,0,0,5,22473.9238281,10.7132577896,1050,3300,12.395866394,11.1562509537,11.7752895355,3.60537266731,-1.32368826866,5,1,40,0,2,1,0,0,0,1,0,0,0,0,0,0,1,0,1,1,0,10.7877531052,7,11.1562509537,10.3734912872,-0.900429606438,-1.32368826866,17.4067611694,5
1030,1,97,8,1,2.875,1,0,1,0,0,0,0,9,392848.65625,13.5743265152,8800,80600,10.9316778183,9.39266204834,8.00636768341,0.764455914497,0.85428583622,8,0,0,0,2,1,0,0,1,1,1,0,0,0,1,0,1,1,1,1,1,13.5743265152,9,8.00636768341,9.39266204834,0.764455914497,0.85428583622,10.9316778183,9
1030,2,97,8,1,2.875,1,,1,0,0,0,0,4,17070.8359375,10.4382743835,2500,0,13.2216653824,10.49127388,0,4.97907209396,-3.37084650993,8,0,0,0,2,1,1,0,1,1,0,0,0,0,0,0,1,0,0,0,0,13.5743265152,9,8.00636768341,9.39266204834,0.764455914497,0.85428583622,10.9316778183,4
1031,1,97,8,1,2.875,1,0,1,0,0,0,0,7,31716.3457031,11.0577344894,2300,4200,17.4067611694,10.0690021515,0,-2.42067408562,-1.32368826866,6,0,50,0,2,1,1,0,1,0,1,0,0,0,0,0,1,0,1,0,1,11.0577344894,7,0,10.0690021515,-2.42067408562,-1.32368826866,17.4067611694,7
1031,2,97,8,1,2.875,1,,1,0,0,0,0,6,66719.46875,11.801399231,4500,10000,15.394654274,10.8197784424,0,1.67069911957,-1.32368826866,6,0,50,0,2,1,1,0,0,1,0,0,0,0,0,1,1,0,1,0,0,11.0577344894,7,0,10.0690021515,-2.42067408562,-1.32368826866,17.4067611694,6
1032,1,97,8,0,34.75,1,0,1,0,0,0,0,6,77320.25,11.9488582611,300,16000,13.5835781097,0,0,-3.72554683685,-1.26573896408,6,0,41,0,3,0,0,0,1,1,0,1,0,0,0,0,1,1,1,0,1,11.9488582611,6,0,0,-3.72554683685,-1.26573896408,13.5835781097,6
1032,2,97,8,0,34.75,1,,1,0,0,0,0,,75825.375,11.9293355942,1300,14500,13.9555854797,11.6154823303,9.90348720551,1.5738363266,0.85428583622,6,0,41,0,3,1,0,888,1,1,1,0,0,0,0,0,1,0,1,0,1,11.9488582611,6,0,0,-3.72554683685,-1.26573896408,13.5835781097,6
1033,1,97,8,0,34.75,1,0,1,0,0,0,0,9,203833.90625,12.9182081223,13200,30000,14.1681375504,8.9871969223,0,0.745933353901,-1.32368826866,6,0,36,0,3,1,0,1,0,1,1,0,1,0,0,0,1,1,1,1,1,12.9182081223,9,0,8.9871969223,0.745933353901,-1.32368826866,14.1681375504,9
1033,2,97,8,0,34.75,1,,1,0,0,0,0,9,57548.0976562,11.6535234451,6500,3300,12.0494184494,0,0,-1.21707117558,0.79633641243,6,0,36,0,3,1,0,1,1,1,1,0,0,1,0,0,1,1,1,1,1,12.9182081223,9,0,8.9871969223,0.745933353901,-1.32368826866,14.1681375504,9
1034,1,97,8,1,2.875,1,0,1,0,0,0,0,2,244506.515625,13.1001443863,1100,55000,14.9583311081,0,7.60090255737,2.04972672462,-3.37084650993,4,1,29,0,1,0,0,0,0,0,1,0,0,0,0,0,1,0,0,0,0,13.1001443863,2,7.60090255737,0,2.04972672462,-3.37084650993,14.9583311081,2
1034,2,97,8,1,2.875,1,,1,0,0,0,0,4,18249,10.5050125122,4200,0,9.68034362793,0,0,-0.530292093754,2.90144395828,4,1,29,0,1,1,0,0,0,1,0,0,0,0,0,0,1,0,0,0,1,13.1001443863,2,7.60090255737,0,2.04972672462,-3.37084650993,14.9583311081,4
1035,1,97,8,1,2.875,1,0,1,0,0,0,0,4,165449.890625,12.7095708847,100,37600,11.0345668793,9.10497951508,7.60090255737,-0.640520691872,-1.25082182884,4,0,0,0,1,1,1,0,1,1,0,0,0,0,0,0,1,0,0,0,0,12.7095708847,4,7.60090255737,9.10497951508,-0.640520691872,-1.25082182884,11.0345668793,4
1035,2,97,8,1,2.875,1,,1,0,0,0,0,3,13034.1923828,10.1684789658,1000,1600,12.226855278,8.9871969223,9.99879741669,-1.20419824123,-1.26573896408,4,0,0,0,1,1,1,0,0,0,0,0,0,0,0,0,1,0,0,0,0,12.7095708847,4,7.60090255737,9.10497951508,-0.640520691872,-1.25082182884,11.0345668793,3
1036,1,97,8,1,2.875,1,0,1,0,0,0,0,7,85370.21875,12.0479001999,15700,1500,13.0062789917,12.053853035,0,6.64455413818,-2.02547931671,5,1,73,0,2,1,1,0,0,1,0,0,0,0,1,0,1,0,0,1,1,12.0479001999,7,0,12.053853035,6.64455413818,-2.02547931671,13.0062789917,7
1036,2,97,8,1,2.875,1,,1,0,0,0,0,7,164227.1875,12.7021532059,5860,19200,15.6477012634,0,0,-12.6025447845,2.90144395828,5,1,73,0,2,1,0,0,0,1,0,0,0,0,0,1,1,0,1,1,1,12.0479001999,7,0,12.053853035,6.64455413818,-2.02547931671,13.0062789917,7
1037,1,97,8,1,2.875,1,0,1,0,0,0,0,1,70369.0546875,11.8546562195,1100,13000,15.7148981094,10.9818973541,0,1.91944301128,2.90144395828,5,1,64,0,2,0,0,0,0,0,0,0,0,0,0,0,1,0,0,0,0,11.8546562195,1,0,10.9818973541,1.91944301128,2.90144395828,15.7148981094,1
1037,2,97,8,1,2.875,1,,1,0,0,0,0,6,62066.6523438,11.7291116714,10900,3000,12.8987197876,11.5385932922,10.3089523315,-0.715934693813,2.90144395828,5,1,64,0,2,1,0,0,1,1,0,1,0,0,0,0,1,1,0,1,0,11.8546562195,1,0,10.9818973541,1.91944301128,2.90144395828,15.7148981094,6
1038,1,97,8,0,34.75,1,0,1,0,0,0,0,7,33857.328125,11.1230583191,4700,600,17.4067611694,12.3544921875,9.39266204834,-1.41369891167,2.90144395828,3,0,25,0,3,1,0,0,0,1,1,0,0,0,0,0,1,0,1,1,1,11.1230583191,7,9.39266204834,12.3544921875,-1.41369891167,2.90144395828,17.4067611694,7
1038,2,97,8,0,34.75,1,,1,0,0,0,0,8,142436.90625,12.5598020554,20200,6600,13.4487848282,12.6946525574,9.79812717438,-2.23827409744,-1.32368826866,3,0,25,0,3,1,1,0,0,1,0,1,0,1,0,0,1,1,0,1,0,11.1230583191,7,9.39266204834,12.3544921875,-1.41369891167,2.90144395828,17.4067611694,8
1039,1,97,8,0,34.75,1,0,1,0,0,0,0,2,171171.1875,12.7435665131,7000,30600,16.7812576294,7.78322410583,9.43348407745,0.578563332558,2.90144395828,6,1,56,0,3,0,0,0,1,1,0,0,0,0,0,0,1,0,0,0,0,12.7435665131,2,9.43348407745,7.78322410583,0.578563332558,2.90144395828,16.7812576294,2
1039,2,97,8,0,34.75,1,,1,0,0,0,0,6,104570.515625,12.2507638931,7300,13160,14.8487663269,8.59415435791,8.93590354919,-0.465321183205,-7.54024505615,6,1,56,0,3,1,0,0,0,1,1,0,1,0,0,0,1,0,1,0,0,12.7435665131,2,9.43348407745,7.78322410583,0.578563332558,2.90144395828,16.7812576294,6
1040,1,97,8,1,2.875,1,0,1,0,0,0,0,7,128401.21875,12.4560623169,2300,26100,12.9299917221,10.1345996857,9.39266204834,-5.53837823868,2.90144395828,6,0,48,0,3,1,0,0,0,1,1,0,0,0,0,1,1,0,1,1,0,12.4560623169,7,9.39266204834,10.1345996857,-5.53837823868,2.90144395828,12.9299917221,7
1040,2,97,8,1,2.875,1,,1,0,0,0,0,4,29026.8652344,10.9691238403,3300,2500,11.4008760452,9.21034049988,0,4.94469261169,2.90144395828,6,0,48,0,3,1,1,0,0,1,0,0,0,0,0,0,1,0,0,0,0,12.4560623169,7,9.39266204834,10.1345996857,-5.53837823868,2.90144395828,12.9299917221,4
1041,1,98,8,1,2.125,1,0,0,0,0,0,0,7,20724.359375,10.6322126389,2230,2100,11.4917020798,10.3089523315,0,-5.78347444534,0.0796284079552,7,0,43,0,3,1,0,0,0,1,0,0,1,1,0,0,1,0,1,1,1,10.6322126389,7,0,10.3089523315,-5.78347444534,0.0796284079552,11.4917020798,7
1041,2,98,8,1,2.125,1,,0,0,0,0,0,5,42018.203125,11.3390054703,3500,5500,10.214641571,10.4341154099,0,6.46557474136,0.0796284079552,7,0,43,0,3,1,0,0,0,1,0,0,0,0,0,0,1,0,0,1,1,10.6322126389,7,0,10.3089523315,-5.78347444534,0.0796284079552,11.4917020798,5
1042,1,98,8,0,43.5,1,0,0,0,0,0,0,6,297202.09375,13.2953147888,9700,3400,15.1988506317,0,13.5567398071,5.00695133209,2.90144395828,5,0,51,0,3,1,0,0,0,1,0,0,0,0,0,0,1,1,0,1,1,13.2953147888,6,13.5567398071,0,5.00695133209,2.90144395828,15.1988506317,6
1042,2,98,8,0,43.5,1,,0,0,0,0,0,8,295899.1875,13.2909212112,31300,600,14.6440620422,12.8992195129,0,4.35347890854,-1.26795446873,5,0,51,0,3,1,1,0,0,1,0,0,0,0,0,0,1,1,1,1,1,13.2953147888,6,13.5567398071,0,5.00695133209,2.90144395828,15.1988506317,8
1043,1,98,8,1,2.125,1,0,0,0,0,0,0,4,16066.7978516,10.3776569366,2400,0,11.5935649872,7.60090255737,11.5898866653,-1.99983882904,0.0796284079552,6,0,38,0,3,1,0,0,0,1,0,0,0,0,0,0,1,0,0,0,1,10.3776569366,4,11.5898866653,7.60090255737,-1.99983882904,0.0796284079552,11.5935649872,4
1043,2,98,8,1,2.125,1,,0,0,0,0,0,2,5434.22119141,9.29361915588,200,0,11.4595251083,9.39266204834,11.9829292297,-2.42223358154,-4.0875544548,6,0,38,0,3,1,0,0,0,0,0,0,0,0,0,0,1,0,0,0,0,10.3776569366,4,11.5898866653,7.60090255737,-1.99983882904,0.0796284079552,11.5935649872,2
1044,1,98,8,1,2.125,1,0,0,0,0,0,0,4,34864.046875,11.1523590088,7100,0,15.9030942917,9.39266204834,11.1562509537,0.48784995079,2.90144395828,5,0,37,0,2,1,0,0,0,1,0,0,0,0,0,0,1,0,0,0,1,11.1523590088,4,11.1562509537,9.39266204834,0.48784995079,2.90144395828,15.9030942917,4
1044,2,98,8,1,2.125,1,,0,0,0,0,0,6,55561.828125,11.6183986664,3300,8750,12.8713350296,9.62905025482,0,6.94093227386,-3.31511259079,5,0,37,0,2,1,0,0,1,1,1,0,0,0,0,0,1,0,1,0,1,11.1523590088,4,11.1562509537,9.39266204834,0.48784995079,2.90144395828,15.9030942917,6
1045,1,98,8,1,2.125,1,0,0,0,0,0,0,6,59924.203125,11.693983078,1508,11000,14.3110599518,10.5186729431,7.60090255737,4.27548503876,-3.37084650993,7,0,37,0,3,1,0,0,0,1,0,0,0,0,0,1,1,0,1,0,1,11.693983078,6,7.60090255737,10.5186729431,4.27548503876,-3.37084650993,14.3110599518,6
1045,2,98,8,1,2.125,1,,0,0,0,0,0,5,22194.9511719,10.7007675171,1000,0,12.1399326324,9.44145202637,9.90348720551,-3.39748907089,-1.25082182884,7,0,37,0,3,1,1,0,1,1,0,0,0,0,0,0,1,0,0,1,0,11.693983078,6,7.60090255737,10.5186729431,4.27548503876,-3.37084650993,14.3110599518,5
1046,1,98,8,0,43.5,1,0,0,0,0,0,0,4,39606.625,11.2798986435,3000,5000,13.1982126236,9.99879741669,0,-5.85323858261,2.90144395828,4,0,78,0,2,0,0,0,0,0,0,0,0,0,0,0,1,1,1,0,1,11.2798986435,4,0,9.99879741669,-5.85323858261,2.90144395828,13.1982126236,4
1046,2,98,8,0,43.5,1,,0,0,0,0,0,6,28392.1523438,10.9470148087,3360,2650,13.9711456299,9.54681301117,0,3.33898019791,2.90144395828,4,0,78,0,2,1,0,0,0,1,0,0,0,0,0,0,1,0,1,1,1,11.2798986435,4,0,9.99879741669,-5.85323858261,2.90144395828,13.1982126236,6
1047,1,98,8,0,43.5,1,0,0,0,0,0,0,5,275855.78125,13.2207803726,28300,32200,13.5808000565,13.2533912659,0,2.0092625618,2.90144395828,6,0,46,0,3,1,1,0,1,1,0,0,0,0,0,0,1,0,0,0,1,13.2207803726,5,0,13.2533912659,2.0092625618,2.90144395828,13.5808000565,5
1047,2,98,8,0,43.5,1,,0,0,0,0,0,6,54137.7304688,11.5924339294,2350,5700,13.7570333481,12.2904138565,0,-0.163709402084,2.90144395828,6,0,46,0,3,1,1,1,1,1,0,0,0,0,0,0,1,0,1,1,0,13.2207803726,5,0,13.2533912659,2.0092625618,2.90144395828,13.5808000565,6
1048,1,98,8,1,2.125,1,0,0,0,0,0,0,7,65286.328125,11.7796850204,7100,7000,13.6590909958,11.9728784561,10.3089523315,2.51213932037,-1.26573896408,7,0,46,0,3,1,0,0,0,1,0,0,0,0,0,1,1,0,1,1,1,11.7796850204,7,10.3089523315,11.9728784561,2.51213932037,-1.26573896408,13.6590909958,7
1048,2,98,8,1,2.125,1,,0,0,0,0,0,6,49811.7773438,11.5091543198,8300,2000,13.0869436264,12.0962581635,9.90348720551,8.23040485382,0.79633641243,7,0,46,0,3,1,0,0,0,1,0,0,0,0,0,0,1,0,1,1,1,11.7796850204,7,10.3089523315,11.9728784561,2.51213932037,-1.26573896408,13.6590909958,6
1049,1,98,8,0,43.5,1,0,0,0,0,0,0,5,26917.1738281,10.8936672211,5200,0,10.7851867676,0,0,8.60270595551,0.79633641243,7,1,40,0,3,1,0,0,1,1,0,0,0,0,0,0,1,0,0,1,1,10.8936672211,5,0,0,8.60270595551,0.79633641243,10.7851867676,5
1049,2,98,8,0,43.5,1,,0,0,0,0,0,5,111875.671875,12.3182907104,9000,15000,12.2520017624,10.7068338394,10.8197784424,4.36925554276,2.90144395828,7,1,40,0,3,1,0,0,0,1,0,0,0,0,0,0,1,0,1,0,1,10.8936672211,5,0,0,8.60270595551,0.79633641243,10.7851867676,5
1050,1,98,8,1,2.125,1,0,0,0,0,0,0,4,26426.0664062,10.8752536774,3000,2500,13.9350700378,8.93590354919,0,-2.57559919357,-4.0875544548,4,1,40,0,2,0,0,0,0,1,0,0,0,0,0,1,1,0,0,0,1,10.8752536774,4,0,8.93590354919,-2.57559919357,-4.0875544548,13.9350700378,4
1050,2,98,8,1,2.125,1,,0,0,0,0,0,2,514547.1875,13.8441896439,1900,116200,14.6524114609,8.47637081146,0,6.42819833755,-3.37084650993,4,1,40,0,2,0,0,1,1,1,0,0,0,0,0,0,0,0,1,0,0,10.8752536774,4,0,8.93590354919,-2.57559919357,-4.0875544548,13.9350700378,2
1051,1,98,8,1,2.125,1,0,0,0,0,0,0,3,23508.5585938,10.7582674026,3900,600,11.089805603,0,0,-1.17586696148,2.90144395828,6,0,48,0,2,1,0,0,0,1,0,0,0,0,0,0,1,0,0,0,0,10.7582674026,3,0,0,-1.17586696148,2.90144395828,11.089805603,3
1051,2,98,8,1,2.125,1,,0,0,0,0,0,7,105461.671875,12.2592496872,14400,9000,11.9556865692,8.69951438904,8.9871969223,1.7626708746,2.90144395828,6,0,48,0,2,1,0,0,0,1,0,0,0,1,0,0,1,0,1,1,1,10.7582674026,3,0,0,-1.17586696148,2.90144395828,11.089805603,7
1052,1,98,8,1,2.125,1,0,0,0,0,0,0,2,3684.625,8.90507125854,700,0,9.80917644501,0,0,-10.3809595108,0.85428583622,6,0,39,0,2,0,1,0,0,0,0,0,0,0,0,0,1,0,0,0,0,8.90507125854,2,0,0,-10.3809595108,0.85428583622,9.80917644501,2
1052,2,98,8,1,2.125,1,,0,0,0,0,0,2,274135,13.2145233154,4000,59000,10.3022632599,9.10497951508,0,-2.95302343369,2.90144395828,6,0,39,0,2,0,0,0,0,1,0,0,0,0,0,0,1,0,0,0,0,8.90507125854,2,0,0,-10.3809595108,0.85428583622,9.80917644501,2
1053,1,99,9,1,1,1,0,1,0,0,0,0,0,0,5.29834222794,0,0,9.10497951508,0,0,11.6377210617,-7.54024505615,7,0,0,0,3,0,0,0,0,0,0,0,0,0,0,0,0,0,0,0,0,5.29834222794,0,0,0,11.6377210617,-7.54024505615,9.10497951508,0
1053,2,99,9,1,1,1,,1,0,0,0,0,3,818.057678223,7.46049070358,0,0,7.60090255737,0,8.69951438904,8.26849269867,-6.19266223907,7,0,0,0,3,1,0,0,0,0,0,0,0,0,0,0,1,0,0,0,1,5.29834222794,0,0,0,11.6377210617,-7.54024505615,9.10497951508,3
1054,1,99,9,0,8.14285755157,1,0,1,0,0,0,0,3,2188.26928711,8.38401317596,0,0,12.6666574478,7.60090255737,0,12.9062948227,-5.49308681488,6,0,0,0,3,1,0,1,1,0,0,0,0,0,0,0,0,0,0,0,1,8.38401317596,3,0,7.60090255737,12.9062948227,-5.49308681488,12.6666574478,3
1054,2,99,9,0,8.14285755157,1,,1,0,0,0,0,5,23402.3554688,10.753739357,800,3600,12.7971868515,11.5327281952,8.69951438904,4.42104387283,-4.1455039978,6,0,0,0,3,0,1,0,1,1,0,0,0,0,0,0,1,0,1,0,1,8.38401317596,3,0,7.60090255737,12.9062948227,-5.49308681488,12.6666574478,5
1055,1,99,9,1,1,1,0,1,0,0,0,0,4,17219.0859375,10.4469213486,1500,2000,13.5948638916,11.0666379929,9.86266517639,1.61658132076,2.90144395828,4,0,31,0,3,1,0,0,0,0,0,0,0,0,0,0,1,0,1,1,0,10.4469213486,4,9.86266517639,11.0666379929,1.61658132076,2.90144395828,13.5948638916,4
1055,2,99,9,1,1,1,,1,0,0,0,0,8,12849.1542969,10.1541805267,1400,0,12.7849302292,12.0782394409,9.90348720551,2.26138448715,2.90144395828,4,0,31,0,3,1,1,0,1,1,0,0,0,0,0,1,1,0,1,1,1,10.4469213486,4,9.86266517639,11.0666379929,1.61658132076,2.90144395828,13.5948638916,8
1056,1,99,9,0,8.14285755157,1,0,1,0,0,0,0,3,4093.25,9.01024150848,850,0,12.9664106369,8.00636768341,0,-4.22924900055,0.79633641243,6,0,43,0,3,1,0,0,0,0,0,0,0,0,0,0,1,0,1,0,0,9.01024150848,3,0,8.00636768341,-4.22924900055,0.79633641243,12.9664106369,3
1056,2,99,9,0,8.14285755157,1,,1,0,0,0,0,3,1052.55773926,7.65212583542,200,0,11.686879158,10.085808754,9.90348720551,-1.97623288631,0.79633641243,6,0,43,0,3,0,1,0,1,1,0,0,0,0,0,0,0,0,0,0,1,9.01024150848,3,0,8.00636768341,-4.22924900055,0.79633641243,12.9664106369,3
1057,1,99,9,1,1,1,0,1,0,0,0,0,4,18414.5,10.514040947,2150,1700,12.3397293091,11.7117767334,10.3089523315,-1.63876414299,0.85428583622,3,0,41,0,3,1,0,1,1,0,0,0,0,0,0,0,1,0,1,0,0,10.514040947,4,10.3089523315,11.7117767334,-1.63876414299,0.85428583622,12.3397293091,4
1057,2,99,9,1,1,1,,1,0,0,0,0,4,24314.75,10.7919855118,1600,3250,14.9337787628,11.4721031189,10.165851593,1.82490956783,-3.37084650993,3,0,41,0,3,0,0,1,0,1,0,0,0,0,0,0,1,0,1,0,1,10.514040947,4,10.3089523315,11.7117767334,-1.63876414299,0.85428583622,12.3397293091,4
1058,1,99,9,1,1,0,1,1,0,0,0,0,4,11345,10.0296792984,700,300,12.3484401703,10.3089523315,11.6952466965,5.37196779251,2.90144395828,7,0,46,0,3,1,0,0,0,1,0,0,0,0,0,0,1,0,1,0,0,10.0296792984,4,11.6952466965,10.3089523315,5.37196779251,2.90144395828,12.3484401703,4
1059,1,99,9,0,8.14285755157,1,0,1,0,0,0,0,6,12239.7207031,10.105588913,500,700,13.5116987228,0,0,1.02611684799,2.90144395828,8,0,44,0,3,1,1,0,0,1,0,0,0,0,0,0,1,0,0,1,1,10.105588913,6,0,0,1.02611684799,2.90144395828,13.5116987228,6
1059,2,99,9,0,8.14285755157,1,,1,0,0,0,0,4,39276.1640625,11.2715206146,3400,4300,12.9612550735,11.2172107697,11.8493976593,7.4693903923,-1.32368826866,8,0,44,0,3,1,0,0,1,1,0,0,0,0,0,0,1,0,1,0,0,10.105588913,6,0,0,1.02611684799,2.90144395828,13.5116987228,4
1060,1,99,9,1,1,1,0,1,0,0,0,0,4,6517.02685547,9.47532081604,50,360,12.8495044708,0,7.60090255737,0.545885324478,2.90144395828,4,0,0,0,3,0,1,0,0,1,0,0,0,0,0,1,0,0,0,0,1,9.47532081604,4,7.60090255737,0,0.545885324478,2.90144395828,12.8495044708,4
1060,2,99,9,1,1,1,,1,0,0,0,0,7,75924.71875,11.930644989,1000,13700,13.8442926407,10.4341154099,9.90348720551,8.01424121857,0.781419277191,4,0,0,0,3,1,1,0,1,1,1,0,0,0,0,1,1,0,0,1,0,9.47532081604,4,7.60090255737,0,0.545885324478,2.90144395828,12.8495044708,7
1061,1,99,9,0,8.14285755157,1,0,1,0,0,0,0,6,14990.25,10.3083028793,2200,1000,13.6062698364,0,11.512925148,-6.26161527634,-3.38797926903,3,0,74,0,3,1,0,1,1,0,0,0,0,0,0,0,1,0,1,1,1,10.3083028793,6,11.512925148,0,-6.26161527634,-3.38797926903,13.6062698364,6
1061,2,99,9,0,8.14285755157,1,,1,0,0,0,0,6,46875.328125,11.4483938217,3450,6500,15.1382789612,11.7440376282,0,-2.05618619919,2.90144395828,3,0,74,0,3,1,1,0,1,1,0,0,0,0,0,0,1,0,1,0,1,10.3083028793,6,11.512925148,0,-6.26161527634,-3.38797926903,13.6062698364,6
1062,1,99,9,0,8.14285755157,1,0,1,0,0,0,0,7,17429.1914062,10.4590492249,1200,1200,12.9226922989,11.0284175873,0,-8.96532440186,-7.54024505615,5,0,30,0,3,1,1,0,0,1,0,1,0,0,0,0,1,0,1,0,1,10.4590492249,7,0,11.0284175873,-8.96532440186,-7.54024505615,12.9226922989,7
1062,2,99,9,0,8.14285755157,1,,1,0,0,0,0,6,20651.1542969,10.6286735535,2500,1300,12.3140296936,11.6439533234,9.54681301117,-1.00541341305,2.90144395828,5,0,30,0,3,1,1,0,0,1,0,0,0,0,0,0,1,0,1,0,1,10.4590492249,7,0,11.0284175873,-8.96532440186,-7.54024505615,12.9226922989,6
1063,1,99,9,0,8.14285755157,1,0,1,0,0,0,0,6,56139.6640625,11.628745079,9450,2740,14.5394277573,10.3089523315,0,-1.22094881535,0.85428583622,4,0,34,0,3,0,1,0,0,1,0,0,0,1,0,0,1,0,1,0,1,11.628745079,6,0,10.3089523315,-1.22094881535,0.85428583622,14.5394277573,6
1063,2,99,9,0,8.14285755157,1,,1,0,0,0,0,5,30811.7792969,11.028799057,3600,900,12.7176980972,11.0020999908,0,3.68612337112,2.90144395828,4,0,34,0,3,0,1,0,0,1,0,0,0,0,0,1,1,0,1,0,0,11.628745079,6,0,10.3089523315,-1.22094881535,0.85428583622,14.5394277573,5
1064,1,99,9,0,8.14285755157,1,0,1,0,0,0,0,1,15190.25,10.3215560913,1700,1750,9.74096870422,0,0,-0.0534809976816,0.85428583622,5,0,30,0,3,1,0,0,0,0,0,0,0,0,0,0,0,0,0,0,0,10.3215560913,1,0,0,-0.0534809976816,0.85428583622,9.74096870422,1
1064,2,99,9,0,8.14285755157,1,,1,0,0,0,0,7,61597,11.7215156555,6600,4400,12.6909646988,11.2897815704,12.6115379333,7.84423017502,2.90144395828,5,0,30,0,3,1,1,0,0,1,0,1,0,0,0,0,1,0,1,1,0,10.3215560913,1,0,0,-0.0534809976816,0.85428583622,9.74096870422,7
1065,1,100,9,0,46.25,0,1,1,0,0,0,0,4,2054.1730957,8.32077598572,300,0,11.7768268585,0,12.7367010117,-3.36495494843,2.90144395828,1,1,46,0,3,0,0,0,0,1,0,0,0,0,0,0,1,0,1,0,1,8.32077598572,4,12.7367010117,0,-3.36495494843,2.90144395828,11.7768268585,4
1066,1,100,9,0,46.25,1,0,1,0,0,0,0,7,32057.7207031,11.0684404373,5900,600,11.999048233,9.54681301117,13.5567398071,2.51811695099,2.90144395828,4,0,28,0,3,1,0,0,0,1,1,0,0,0,0,0,1,0,1,1,1,11.0684404373,7,13.5567398071,9.54681301117,2.51811695099,2.90144395828,11.999048233,7
1066,2,100,9,0,46.25,1,,1,0,0,0,0,7,48376.4921875,11.4799165726,3400,0,11.4804019928,11.6952466965,0,5.16866970062,2.90144395828,4,0,28,0,3,1,1,0,0,1,0,0,0,0,0,0,1,0,1,1,1,11.0684404373,7,13.5567398071,9.54681301117,2.51811695099,2.90144395828,11.999048233,7
1067,1,100,9,0,46.25,1,0,1,0,0,0,0,3,15656.5576172,10.3517923355,3300,0,13.0710697174,0,0,-7.63384342194,2.90144395828,6,0,40,0,3,1,0,0,0,0,0,0,0,0,0,0,1,0,1,0,0,10.3517923355,3,0,0,-7.63384342194,2.90144395828,13.0710697174,3
1067,2,100,9,0,46.25,1,,1,0,0,0,0,5,37575.625,11.2272577286,2125,6000,13.1762828827,0,9.74096870422,-5.45170021057,2.90144395828,6,0,40,0,3,1,1,0,0,1,0,0,0,0,0,0,1,0,1,0,0,10.3517923355,3,0,0,-7.63384342194,2.90144395828,13.0710697174,5
1068,1,100,9,0,46.25,1,0,1,0,0,0,0,3,7652.40380859,9.63592243195,700,800,10.5584135056,10.3089523315,9.39266204834,1.84685194492,-2.04039621353,3,1,38,0,3,1,0,0,0,0,0,0,0,0,0,0,1,0,0,0,1,9.63592243195,3,9.39266204834,10.3089523315,1.84685194492,-2.04039621353,10.5584135056,3
1068,2,100,9,0,46.25,1,,1,0,0,0,0,6,4477.48095703,9.09996318817,600,0,8.8818359375,8.47637081146,9.05951786041,0.451210230589,-1.96752977371,3,1,38,0,3,0,1,1,1,1,0,1,0,0,0,0,1,0,1,0,1,9.63592243195,3,9.39266204834,10.3089523315,1.84685194492,-2.04039621353,10.5584135056,6
1069,1,100,9,1,1.375,1,0,1,0,0,0,0,2,11304.4130859,10.0260953903,2050,400,13.1703910828,0,0,-4.16482067108,0.85428583622,4,0,28,0,2,0,1,0,0,0,0,0,0,0,0,0,1,0,0,0,0,10.0260953903,2,0,0,-4.16482067108,0.85428583622,13.1703910828,2
1069,2,100,9,1,1.375,1,,1,0,0,0,0,3,1306456.25,14.775976181,300,300000,12.5838241577,0,9.90348720551,11.7427043915,-1.32368826866,4,0,28,0,2,1,1,0,0,0,0,0,0,0,0,0,1,0,0,0,0,10.0260953903,2,0,0,-4.16482067108,0.85428583622,13.1703910828,3
1070,1,100,9,1,1.375,1,0,1,0,0,0,0,9,53243.9101562,11.5757856369,6100,4800,14.8211526871,11.9953517914,0,-9.39149093628,-4.1455039978,7,0,51,0,3,1,1,0,0,1,1,0,0,0,0,1,1,0,1,1,1,11.5757856369,9,0,11.9953517914,-9.39149093628,-4.1455039978,14.8211526871,9
1070,2,100,9,1,1.375,1,,1,0,0,0,0,9,66224.328125,11.7939500809,9800,4100,15.4617815018,12.161075592,9.90348720551,2.75848197937,0.0796284079552,7,0,51,0,3,1,1,1,1,1,0,1,0,1,0,0,1,0,1,1,1,11.5757856369,9,0,11.9953517914,-9.39149093628,-4.1455039978,14.8211526871,9
1071,1,100,9,1,1.375,1,0,1,0,0,0,0,5,8037.98095703,9.68508052826,1100,450,12.1313495636,10.3981838226,7.60090255737,-1.7338950634,0.781419277191,5,0,45,0,2,1,0,0,1,1,0,0,0,0,0,0,1,0,1,0,1,9.68508052826,5,7.60090255737,10.3981838226,-1.7338950634,0.781419277191,12.1313495636,5
1071,2,100,9,1,1.375,1,,1,0,0,0,0,8,20102.0957031,10.601726532,2900,1200,12.0884141922,9.99879741669,8.294049263,-0.824252307415,-3.37084650993,5,0,45,0,2,1,1,0,1,1,0,0,0,1,0,0,1,0,1,1,1,9.68508052826,5,7.60090255737,10.3981838226,-1.7338950634,0.781419277191,12.1313495636,8
1072,1,100,9,1,1.375,1,0,1,0,0,0,0,5,9976.78808594,9.90116405487,600,1600,12.0771026611,0,0,-7.7036075592,0.85428583622,3,1,32,0,2,1,1,1,0,0,0,0,0,0,0,0,1,0,1,0,0,9.90116405487,5,0,0,-7.7036075592,0.85428583622,12.0771026611,5
1072,2,100,9,1,1.375,1,,1,0,0,0,0,8,23102.0859375,10.7408256531,4100,1000,13.6994256973,0,6.39693260193,-1.80311310291,-1.96752977371,3,1,32,0,2,1,1,0,0,1,1,1,0,0,0,1,1,0,0,1,1,9.90116405487,5,0,0,-7.7036075592,0.85428583622,12.0771026611,8
1073,1,100,9,1,1.375,1,0,1,0,0,0,0,4,55580.2890625,11.6187314987,3200,9000,11.6885576248,0,0,6.10063552856,-4.07263755798,4,0,45,0,2,1,0,0,1,1,0,0,0,0,0,1,0,0,0,0,1,11.6187314987,4,0,0,6.10063552856,-4.07263755798,11.6885576248,4
1073,2,100,9,1,1.375,1,,1,0,0,0,0,,551832,10.6090154648,3316.84912109,122159.351562,11.6641387939,5.66118001938,6.38053369522,-34.8434486389,-10.3620605469,4,0,45,0,2,,,,,,,,,,,,,,,,,11.6187314987,4,0,0,6.10063552856,-4.07263755798,11.6885576248,4.46262979507
1074,1,100,9,1,1.375,1,0,1,0,0,0,0,5,1447476.5,14.8784790039,2500,330000,11.4251861572,8.9871969223,9.39266204834,-1.62125980854,0.0796284079552,6,1,41,0,3,0,0,0,0,1,0,0,0,0,0,0,1,0,1,1,1,14.8784790039,5,9.39266204834,8.9871969223,-1.62125980854,0.0796284079552,11.4251861572,5
1074,2,100,9,1,1.375,1,,1,0,0,0,0,5,130804.585938,12.474606514,6150,23000,10.3049449921,12.4211835861,11.1562509537,9.57228660583,2.90144395828,6,1,41,0,3,1,0,0,0,1,0,0,0,0,0,0,1,0,0,1,1,14.8784790039,5,9.39266204834,8.9871969223,-1.62125980854,0.0796284079552,11.4251861572,5
1075,1,100,9,1,1.375,1,0,1,0,0,0,0,7,11978.4042969,10.0840082169,2050,0,13.8529987335,12.4371843338,0,-0.867154836655,2.90144395828,5,0,33,0,3,1,0,1,1,1,1,0,0,0,0,0,1,1,1,1,0,10.0840082169,7,0,12.4371843338,-0.867154836655,2.90144395828,13.8529987335,7
1075,2,100,9,1,1.375,1,,1,0,0,0,0,9,170461.015625,12.7394094467,10450,0,13.3609075546,12.6115379333,0,10.2993946075,2.90144395828,5,0,33,0,3,1,1,0,1,1,1,0,0,0,0,0,1,1,1,1,1,10.0840082169,7,0,12.4371843338,-0.867154836655,2.90144395828,13.8529987335,9
1076,1,100,9,1,1.375,1,0,1,0,0,0,0,8,20760.8320312,10.6339702606,3570,0,10.1961574554,12.0317192078,11.0020999908,-7.10856389999,-1.32368826866,4,0,32,0,3,1,1,1,0,1,0,0,0,0,0,1,1,0,1,1,1,10.6339702606,8,11.0020999908,12.0317192078,-7.10856389999,-1.32368826866,10.1961574554,8
1076,2,100,9,1,1.375,1,,1,0,0,0,0,8,26236.3164062,10.8680467606,3900,1000,10.529425621,12.3883943558,0,8.16730976105,2.90144395828,4,0,32,0,3,1,1,0,1,1,1,1,0,0,0,1,1,0,1,1,0,10.6339702606,8,11.0020999908,12.0317192078,-7.10856389999,-1.32368826866,10.1961574554,8
1077,1,101,9,1,4,1,0,0,0,0,1,0,6,40774,11.3089466095,7200,1500,12.3031997681,11.0020999908,10.3089523315,4.19880151749,-2.02547931671,3,0,23,0,2,1,0,0,0,1,0,0,0,0,0,1,1,0,0,1,1,11.3089466095,6,10.3089523315,11.0020999908,4.19880151749,-2.02547931671,12.3031997681,6
1077,2,101,9,1,4,1,,0,0,0,1,0,6,25263.1347656,10.8302488327,4700,0,12.6234664917,9.56099700928,0,3.57944822311,-2.02547931671,3,0,23,0,2,1,1,0,0,1,0,0,0,0,0,1,1,0,1,0,0,11.3089466095,6,10.3089523315,11.0020999908,4.19880151749,-2.02547931671,12.3031997681,6
1078,1,101,9,0,27.5,1,0,0,0,0,1,0,2,4946.34619141,9.19955158234,1000,0,9.44145202637,0,11.1562509537,-7.26076602936,-6.13692855835,3,1,38,0,2,1,0,0,0,0,0,0,0,0,0,0,1,0,0,0,0,9.19955158234,2,11.1562509537,0,-7.26076602936,-6.13692855835,9.44145202637,2
1078,2,101,9,0,27.5,1,,0,0,0,1,0,5,9232.04785156,9.82358360291,2000,0,9.64212322235,0,0,-0.123245313764,-6.13692855835,3,1,38,0,2,1,0,0,0,1,0,0,0,0,0,0,1,0,1,0,1,9.19955158234,2,11.1562509537,0,-7.26076602936,-6.13692855835,9.44145202637,5
1079,1,101,9,1,4,1,0,0,0,0,1,0,5,23072.3085938,10.7395353317,4600,0,12.3202934265,0,8.69951438904,0.26192176342,-6.19266223907,3,1,24,0,2,1,1,1,0,0,0,0,0,0,0,0,0,0,1,0,1,10.7395353317,5,8.69951438904,0,0.26192176342,-6.19266223907,12.3202934265,5
1079,2,101,9,1,4,1,,0,0,0,1,0,4,6918.30761719,9.53507328033,1300,0,14.662322998,8.0709066391,8.9871969223,0.84271466732,-2.02547931671,3,1,24,0,2,0,1,0,0,0,0,0,0,0,0,1,1,0,1,0,0,10.7395353317,5,8.69951438904,0,0.26192176342,-6.19266223907,12.3202934265,4
1080,1,101,9,0,27.5,1,0,0,0,0,1,0,5,39180.8828125,11.2690916061,6900,0,11.7574386597,7.78322410583,0,-3.16186928749,-1.34184372425,4,0,49,0,2,1,1,0,1,0,0,0,0,0,0,0,1,0,1,0,0,11.2690916061,5,0,7.78322410583,-3.16186928749,-1.34184372425,11.7574386597,5
1080,2,101,9,0,27.5,1,,0,0,0,1,0,8,12798.3457031,10.1502180099,2500,0,9.98506736755,8.51719284058,9.61580562592,-0.0534809976816,0.0796284079552,4,0,49,0,2,1,1,0,1,1,0,0,0,1,0,1,1,0,1,0,1,11.2690916061,5,0,7.78322410583,-3.16186928749,-1.34184372425,11.7574386597,8
1081,1,101,9,0,27.5,1,0,0,0,0,1,0,2,308075.1875,13.331246376,6500,64000,10.8742666245,11.6952466965,0,-4.40607881546,0.79633641243,4,0,0,0,3,1,0,0,0,1,0,0,0,0,0,0,0,0,0,0,0,13.331246376,2,0,11.6952466965,-4.40607881546,0.79633641243,10.8742666245,2
1081,2,101,9,0,27.5,1,,0,0,0,1,0,5,3576,8.87514686584,800,0,11.6315965652,0,7.09007740021,3.78746032715,-7.54024505615,4,0,0,0,3,1,0,0,0,1,0,0,0,0,0,1,1,0,1,0,0,13.331246376,2,0,11.6952466965,-4.40607881546,0.79633641243,10.8742666245,5
1082,1,101,9,1,4,1,0,0,0,0,1,0,5,2397094,15.180106163,600,551000,13.8612480164,11.3095846176,11.2897815704,-2.0140786171,0.0796284079552,3,0,0,0,3,0,1,0,1,1,0,0,0,0,0,0,1,0,1,0,1,15.180106163,5,11.2897815704,11.3095846176,-2.0140786171,0.0796284079552,13.8612480164,5
1082,2,101,9,1,4,1,,0,0,0,1,0,7,6149.57714844,9.41728591919,700,0,13.7315855026,12.5817651749,0,2.36636829376,0.0796284079552,3,0,0,0,3,0,1,0,0,1,0,0,0,0,0,1,1,0,1,1,1,15.180106163,5,11.2897815704,11.3095846176,-2.0140786171,0.0796284079552,13.8612480164,7
1083,1,101,9,1,4,1,0,0,0,0,1,0,6,42580.4609375,11.3522977829,7100,1900,11.1243171692,9.60238265991,8.294049263,0.791618824005,-1.32368826866,3,0,22,0,2,1,1,0,0,0,1,0,0,0,0,0,1,0,1,1,0,11.3522977829,6,8.294049263,9.60238265991,0.791618824005,-1.32368826866,11.1243171692,6
1083,2,101,9,1,4,1,,0,0,0,1,0,5,57492.3359375,11.652554512,7600,0,11.6860380173,11.3265962601,5.99147081375,-0.895704388618,-5.49308681488,3,0,22,0,2,1,0,1,0,1,0,0,0,1,0,1,0,0,1,0,0,11.3522977829,6,8.294049263,9.60238265991,0.791618824005,-1.32368826866,11.1243171692,5
1084,1,101,9,0,27.5,1,0,0,0,0,1,0,2,14218.1542969,10.2554216385,500,2100,13.0209951401,9.90348720551,0,1.50306940079,0.781419277191,4,0,29,0,3,1,0,0,0,0,0,0,0,0,0,0,0,0,1,0,0,10.2554216385,2,0,9.90348720551,1.50306940079,0.781419277191,13.0209951401,2
1084,2,101,9,0,27.5,1,,0,0,0,1,0,8,39154.0585938,11.268406868,2200,6000,13.9299097061,0,9.90348720551,6.75264644623,2.90144395828,4,0,29,0,3,1,0,1,1,1,1,0,0,0,1,0,1,0,1,1,1,10.2554216385,2,0,9.90348720551,1.50306940079,0.781419277191,13.0209951401,8
1085,1,101,9,1,4,1,0,0,0,0,1,0,5,99857.109375,12.2046422958,5900,16000,11.5492572784,0,8.294049263,5.29455137253,0.781419277191,6,0,38,0,2,1,1,1,0,0,0,0,0,0,0,0,1,0,0,0,1,12.2046422958,5,8.294049263,0,5.29455137253,0.781419277191,11.5492572784,5
1085,2,101,9,1,4,1,,0,0,0,1,0,5,70807.078125,11.8608617783,10700,3650,11.8550958633,0,9.54681301117,10.1492795944,0.781419277191,6,0,38,0,2,1,1,0,0,1,0,0,0,0,0,0,1,0,1,0,0,12.2046422958,5,8.294049263,0,5.29455137253,0.781419277191,11.5492572784,5
1086,1,101,9,1,4,1,0,0,0,0,1,0,6,103875.15625,12.2440919876,3200,20000,12.9775590897,9.21034049988,8.9871969223,-4.82326841354,-1.32368826866,3,0,57,0,2,0,0,0,1,1,1,0,0,0,0,1,1,0,1,0,1,12.2440919876,6,8.9871969223,9.21034049988,-4.82326841354,-1.32368826866,12.9775590897,6
1086,2,101,9,1,4,1,,0,0,0,1,0,8,139586.984375,12.5395908356,3000,28700,10.7274875641,9.39266204834,9.21034049988,5.78848266602,2.90144395828,3,0,57,0,2,1,1,0,0,1,0,1,0,0,0,0,1,0,1,1,1,12.2440919876,6,8.9871969223,9.21034049988,-4.82326841354,-1.32368826866,12.9775590897,8
1087,1,101,9,1,4,1,0,0,0,0,1,0,5,67825.9453125,11.8178472519,11600,2000,11.3930149078,8.55641365051,9.54681301117,-5.37309837341,-1.32368826866,3,0,29,0,2,0,1,1,0,1,1,0,0,0,0,0,0,0,1,0,1,11.8178472519,5,9.54681301117,8.55641365051,-5.37309837341,-1.32368826866,11.3930149078,5
1087,2,101,9,1,4,1,,0,0,0,1,0,5,6183.26904297,9.42274951935,1000,0,11.5898866653,8.93590354919,9.99879741669,1.73448598385,-1.25082182884,3,0,29,0,2,1,0,0,0,1,0,0,0,0,0,0,1,0,1,0,1,11.8178472519,5,9.54681301117,8.55641365051,-5.37309837341,-1.32368826866,11.3930149078,5
1088,1,101,9,1,4,1,0,0,0,0,1,0,7,54483.3945312,11.5987987518,7350,3000,13.6812934875,0,9.21034049988,0.184817939997,0.85428583622,5,0,37,0,3,1,1,0,0,1,0,0,0,0,0,0,1,0,1,1,1,11.5987987518,7,9.21034049988,0,0.184817939997,0.85428583622,13.6812934875,7
1088,2,101,9,1,4,1,,0,0,0,1,0,5,83043.140625,12.0202627182,4700,13200,12.5734901428,9.54681301117,9.39266204834,9.6527338028,-1.32368826866,5,0,37,0,3,1,1,1,1,1,0,0,0,0,0,0,1,0,1,0,0,11.5987987518,7,9.21034049988,0,0.184817939997,0.85428583622,13.6812934875,5
1089,1,102,9,1,3.125,1,0,1,0,0,0,0,4,1667.27307129,8.11209201813,100,180,11.8886184692,0,9.21034049988,-3.31270432472,-1.32368826866,4,0,28,0,1,1,0,0,0,1,0,0,0,0,0,0,1,0,0,0,1,8.11209201813,4,9.21034049988,0,-3.31270432472,-1.32368826866,11.8886184692,4
1089,2,102,9,1,3.125,1,,1,0,0,0,0,5,4036.16162109,8.99619674683,0,660,10.4688014984,7.74066448212,10.085808754,1.12768030167,0.781419277191,4,0,28,0,1,1,1,0,0,1,0,0,0,0,0,0,1,0,0,0,1,8.11209201813,4,9.21034049988,0,-3.31270432472,-1.32368826866,11.8886184692,5
1090,1,102,9,1,3.125,1,0,1,0,0,0,0,3,8915.33691406,9.78867530823,1700,300,11.6767435074,0,8.294049263,4.48189067841,0.79633641243,6,0,33,0,2,0,0,0,1,0,1,0,0,0,0,0,0,0,0,0,1,9.78867530823,3,8.294049263,0,4.48189067841,0.79633641243,11.6767435074,3
1090,2,102,9,1,3.125,1,,1,0,0,0,0,2,4861.98095703,9.18234825134,1000,0,11.0087442398,8.77955722809,0,5.08350467682,-1.32368826866,6,0,33,0,2,1,0,1,1,1,0,0,0,0,0,0,0,0,0,0,0,9.78867530823,3,8.294049263,0,4.48189067841,0.79633641243,11.6767435074,2
1091,1,102,9,1,3.125,1,0,1,0,0,0,0,5,1669.80773926,8.11361122131,0,0,11.494761467,0,0,-2.22450399399,-2.04039621353,4,1,20,0,2,1,1,0,0,0,0,1,0,0,0,0,1,0,1,0,0,8.11361122131,5,0,0,-2.22450399399,-2.04039621353,11.494761467,5
1091,2,102,9,1,3.125,1,,1,0,0,0,0,2,1870.75,8.22724151611,100,0,11.8747873306,9.68034362793,0,7.26322364807,-1.25082182884,4,1,20,0,2,1,0,0,0,0,0,0,0,0,0,0,1,0,0,0,0,8.11361122131,5,0,0,-2.22450399399,-2.04039621353,11.494761467,2
1092,1,102,9,0,27.9999980927,1,0,1,0,0,0,0,2,50116.828125,11.5152597427,1000,10200,10.3975734711,10.2035923004,10.896739006,-0.196771726012,0.85428583622,4,0,26,0,3,0,0,0,0,0,0,0,0,0,0,0,1,0,0,0,1,11.5152597427,2,10.896739006,10.2035923004,-0.196771726012,0.85428583622,10.3975734711,2
1092,2,102,9,0,27.9999980927,1,,1,0,0,0,0,6,28479.9707031,10.9501037598,3900,750,12.0400180817,11.620882988,11.6439533234,6.0825138092,-1.26573896408,4,0,26,0,3,1,0,0,0,1,1,0,0,0,0,0,1,0,1,0,1,11.5152597427,2,10.896739006,10.2035923004,-0.196771726012,0.85428583622,10.3975734711,6
1093,1,102,9,1,3.125,1,0,1,0,0,0,0,4,7677.74023438,9.63922786713,550,800,11.2822532654,7.78322410583,11.1562509537,5.34860086441,0.79633641243,6,0,34,0,3,1,1,1,0,0,0,0,0,0,0,0,0,0,0,1,0,9.63922786713,4,11.1562509537,7.78322410583,5.34860086441,0.79633641243,11.2822532654,4
1093,2,102,9,1,3.125,1,,1,0,0,0,0,7,11643.3652344,10.055639267,1900,0,12.673573494,10.9612779617,9.39266204834,3.60537266731,-3.37084650993,6,0,34,0,3,1,1,0,0,1,1,0,0,0,0,0,1,0,1,0,1,9.63922786713,4,11.1562509537,7.78322410583,5.34860086441,0.79633641243,11.2822532654,7
1094,1,102,9,0,27.9999980927,1,0,1,0,0,0,0,3,33915.5273438,11.1247749329,7200,0,12.4276151657,9.84161186218,0,4.69999361038,0.85428583622,5,0,30,0,3,1,1,0,0,0,0,0,0,0,0,0,0,0,0,0,1,11.1247749329,3,0,9.84161186218,4.69999361038,0.85428583622,12.4276151657,3
1094,2,102,9,0,27.9999980927,1,,1,0,0,0,0,4,34442.4804688,11.1401929855,200,7200,12.6866455078,0,11.9829292297,2.17492341995,0.79633641243,5,0,30,0,3,1,1,0,0,1,0,0,0,0,0,0,1,0,0,0,0,11.1247749329,3,0,9.84161186218,4.69999361038,0.85428583622,12.4276151657,4
1095,1,102,9,1,3.125,1,0,1,0,0,0,0,2,44049.7304688,11.3862218857,9400,0,14.5843219757,0,0,-2.21070623398,-1.32368826866,7,0,43,0,3,1,0,0,0,0,0,0,0,0,0,0,1,0,0,0,0,11.3862218857,2,0,0,-2.21070623398,-1.32368826866,14.5843219757,2
1095,2,102,9,1,3.125,1,,1,0,0,0,0,8,25063.8085938,10.8223276138,2200,2000,15.2104177475,0,0,4.08218383789,-1.96752977371,7,0,43,0,3,1,1,1,1,0,0,0,0,0,0,1,1,0,1,1,1,11.3862218857,2,0,0,-2.21070623398,-1.32368826866,14.5843219757,8
1096,1,102,9,0,27.9999980927,1,0,1,0,0,0,0,3,38630.6171875,11.2549476624,3500,4300,11.1447563171,0,10.5966348648,-2.77799248695,-4.07263755798,5,0,47,0,3,0,0,1,0,0,0,0,0,0,0,0,1,0,1,0,0,11.2549476624,3,10.5966348648,0,-2.77799248695,-4.07263755798,11.1447563171,3
1096,2,102,9,0,27.9999980927,1,,1,0,0,0,0,5,320148.59375,13.3696880341,3250,70000,11.0136985779,9.79812717438,9.21034049988,4.85727977753,-3.37084650993,5,0,47,0,3,1,1,0,1,0,0,0,0,0,0,1,0,0,0,0,1,11.2549476624,3,10.5966348648,0,-2.77799248695,-4.07263755798,11.1447563171,5
1097,1,102,9,1,3.125,1,0,1,0,0,0,0,,16103.0673828,10.3799123764,200,0,13.4571199417,0,0,1.80446255207,-3.37084650993,2,0,0,0,1,0,0,0,0,999,0,0,0,0,0,0,1,0,1,0,1,10.3799123764,3,0,0,1.80446255207,-3.37084650993,13.4571199417,3
1097,2,102,9,1,3.125,1,,1,0,0,0,0,4,10143.9042969,9.91777515411,700,1500,11.525841713,0,0,5.95988130569,-1.32368826866,2,0,0,0,1,1,0,0,1,1,0,0,0,0,0,0,1,0,0,1,0,10.3799123764,3,0,0,1.80446255207,-3.37084650993,13.4571199417,4
1098,1,102,9,1,3.125,1,0,1,0,0,0,0,3,5254.83642578,9.26005172729,1000,0,11.8115329742,11.1272630692,0,-6.77203321457,-1.25082182884,4,0,36,0,3,1,0,0,0,0,0,0,0,0,0,0,1,0,0,0,1,9.26005172729,3,0,11.1272630692,-6.77203321457,-1.25082182884,11.8115329742,3
1098,2,102,9,1,3.125,1,,1,0,0,0,0,5,30029.8261719,11.0030937195,5150,750,12.6891155243,11.161948204,11.2384881973,4.91713285446,0.85428583622,4,0,36,0,3,1,0,0,1,1,0,0,0,0,0,0,1,0,1,0,1,9.26005172729,3,0,11.1272630692,-6.77203321457,-1.25082182884,11.8115329742,5
1099,1,102,9,0,27.9999980927,1,0,1,0,0,0,0,2,3676,8.90272808075,0,800,14.5237436295,0,11.4075651169,1.93709146976,2.90144395828,4,1,45,0,2,0,0,0,0,0,0,0,0,0,0,0,1,0,0,0,1,8.90272808075,2,11.4075651169,0,1.93709146976,2.90144395828,14.5237436295,2
1099,2,102,9,0,27.9999980927,1,,1,0,0,0,0,4,5207.80761719,9.25106143951,0,400,10.8395805359,8.9871969223,11.6952466965,0.900064408779,-1.26573896408,4,1,45,0,2,1,0,0,0,0,0,0,0,0,0,0,1,0,1,0,1,8.90272808075,2,11.4075651169,0,1.93709146976,2.90144395828,14.5237436295,4
1100,1,102,9,1,3.125,1,0,1,0,0,0,0,3,180130.171875,12.7945823669,27400,13200,15.0028047562,11.1272630692,10.3089523315,4.04937124252,-1.32368826866,9,0,44,0,3,1,1,0,0,0,0,0,0,1,0,0,0,0,0,0,0,12.7945823669,3,10.3089523315,11.1272630692,4.04937124252,-1.32368826866,15.0028047562,3
1100,2,102,9,1,3.125,1,,1,0,0,0,0,8,136464.3125,12.5169658661,7100,20000,14.1201677322,10.7320394516,0,4.88159799576,0.85428583622,9,0,44,0,3,1,1,0,0,1,1,0,0,0,0,0,1,0,1,1,1,12.7945823669,3,10.3089523315,11.1272630692,4.04937124252,-1.32368826866,15.0028047562,8
1101,1,103,8,1,2.375,1,0,1,0,0,0,0,4,14421.5195312,10.2696237564,850,0,12.4987277985,0,0,1.53049588203,2.90144395828,3,0,28,0,1,1,0,1,0,1,0,0,0,0,0,0,0,0,1,0,1,10.2696237564,4,0,0,1.53049588203,2.90144395828,12.4987277985,4
1101,2,103,8,1,2.375,1,,1,0,0,0,0,7,92950.125,12.1329650879,600,19800,10.1385593414,9.28730106354,8.24275684357,1.4324003458,0.85428583622,3,0,28,0,1,1,1,0,0,1,0,0,0,0,0,0,1,0,1,1,1,10.2696237564,4,0,0,1.53049588203,2.90144395828,12.4987277985,7
1102,1,103,8,0,31.4999980927,1,0,1,0,0,0,0,4,3024.25,8.70756530762,650,0,10.3022632599,0,0,-6.26845788956,0.0796284079552,1,1,92,0,3,1,0,0,1,0,0,0,0,0,0,0,1,0,0,0,1,8.70756530762,4,0,0,-6.26845788956,0.0796284079552,10.3022632599,4
1102,2,103,8,0,31.4999980927,1,,1,0,0,0,0,5,5414,9.28989028931,1200,0,11.0728693008,7.49554204941,0,-0.93688762188,-1.96752977371,1,1,92,0,3,1,0,0,0,1,0,0,0,0,0,0,1,0,0,1,1,8.70756530762,4,0,0,-6.26845788956,0.0796284079552,10.3022632599,5
1103,1,103,8,1,2.375,1,0,1,0,0,0,0,5,22077.5664062,10.6954641342,4200,0,11.2145195007,0,0,0.528314054012,0.79633641243,5,0,66,0,1,1,0,0,0,1,0,0,0,0,0,0,1,0,0,1,1,10.6954641342,5,0,0,0.528314054012,0.79633641243,11.2145195007,5
1103,2,103,8,1,2.375,1,,1,0,0,0,0,5,50183.1328125,11.5165815353,1300,10000,10.3703613281,0,10.4631032944,2.11917924881,0.85428583622,5,0,66,0,1,1,0,0,1,1,0,0,0,0,0,0,1,0,1,0,1,10.6954641342,5,0,0,0.528314054012,0.79633641243,11.2145195007,5
1104,1,103,8,1,2.375,1,0,1,0,0,0,0,9,99355.1484375,12.1996030807,9470,5650,14.5736923218,12.5567293167,10.7789564133,-1.90864336491,2.90144395828,4,0,34,0,3,1,1,0,1,1,1,0,0,0,0,1,1,1,1,1,0,12.1996030807,9,10.7789564133,12.5567293167,-1.90864336491,2.90144395828,14.5736923218,9
1104,2,103,8,1,2.375,1,,1,0,0,0,0,8,21395.7597656,10.6640949249,1700,2100,14.091170311,7.49554204941,0,3.64966416359,-1.25082182884,4,0,34,0,3,1,1,1,0,1,0,1,0,0,0,0,1,0,1,1,1,12.1996030807,9,10.7789564133,12.5567293167,-1.90864336491,2.90144395828,14.5736923218,8
1105,1,103,8,1,2.375,1,0,1,0,0,0,0,1,7147.28857422,9.56763553619,1000,0,10.7995758057,0,0,5.75039386749,0.85428583622,3,0,21,0,1,1,0,0,0,0,0,0,0,0,0,0,0,0,0,0,0,9.56763553619,1,0,0,5.75039386749,0.85428583622,10.7995758057,1
1105,2,103,8,1,2.375,1,,1,0,0,0,0,7,20910.4804688,10.6411533356,1550,200,11.9601716995,10.5966348648,0,0.795392453671,-1.25082182884,3,0,21,0,1,1,0,0,0,1,0,0,0,0,0,1,1,0,1,1,1,9.56763553619,1,0,0,5.75039386749,0.85428583622,10.7995758057,7
1106,1,103,8,1,2.375,1,0,1,0,0,0,0,4,9275644,15.180106163,1700,2127100,13.0634622574,0,11.7440376282,-3.04079675674,-1.26573896408,4,0,33,0,3,0,0,0,0,1,0,0,0,0,0,0,0,0,1,1,1,15.180106163,4,11.7440376282,0,-3.04079675674,-1.26573896408,13.0634622574,4
1106,2,103,8,1,2.375,1,,1,0,0,0,0,6,58855.3671875,11.6759853363,1900,8700,13.0129947662,10.7009944916,12.3318243027,-0.336751818657,-1.96752977371,4,0,33,0,3,1,0,0,0,1,0,0,0,1,0,0,1,0,1,0,1,15.180106163,4,11.7440376282,0,-3.04079675674,-1.26573896408,13.0634622574,6
1107,1,103,8,0,31.4999980927,1,0,1,0,0,0,0,4,5273.35400391,9.26356887817,0,360,10.766377449,8.26873207092,10.49127388,-4.51773929596,-3.37084650993,6,0,45,0,3,1,0,0,0,0,0,0,0,0,0,0,1,0,1,0,1,9.26356887817,4,10.49127388,8.26873207092,-4.51773929596,-3.37084650993,10.766377449,4
1107,2,103,8,0,31.4999980927,1,,1,0,0,0,0,8,12899.8271484,10.1581163406,600,400,13.5173740387,11.5674133301,10.3089523315,4.91604280472,-1.32368826866,6,0,45,0,3,1,1,0,1,1,1,1,0,1,0,1,1,0,0,0,1,9.26356887817,4,10.49127388,8.26873207092,-4.51773929596,-3.37084650993,10.766377449,8
1108,1,103,8,0,31.4999980927,1,0,1,0,0,0,0,8,103373.304688,12.2392492294,16900,1100,14.5164718628,13.2533912659,10.2681303024,-7.52059745789,2.90144395828,6,0,48,0,3,1,0,0,0,1,1,1,0,0,0,0,1,1,1,1,1,12.2392492294,8,10.2681303024,13.2533912659,-7.52059745789,2.90144395828,14.5164718628,8
1108,2,103,8,0,31.4999980927,1,,1,0,0,0,0,6,72268.921875,11.8812971115,10300,2800,14.0360908508,9.68034362793,0,7.18200731277,0.85428583622,6,0,48,0,3,0,1,0,1,1,0,0,0,0,0,0,1,1,1,0,1,12.2392492294,8,10.2681303024,13.2533912659,-7.52059745789,2.90144395828,14.5164718628,6
1109,1,103,8,0,31.4999980927,1,0,1,0,0,0,0,6,47763.1679688,11.4671573639,7700,2720,12.6404495239,10.9681978226,0,2.62797808647,2.90144395828,3,0,31,0,3,1,0,0,1,1,0,0,0,0,0,0,1,0,1,1,1,11.4671573639,6,0,10.9681978226,2.62797808647,2.90144395828,12.6404495239,6
1109,2,103,8,0,31.4999980927,1,,1,0,0,0,0,6,86096.2109375,12.0563678741,4900,12920,13.6289396286,11.9316358566,9.90348720551,6.27892303467,2.90144395828,3,0,31,0,3,1,0,1,1,1,0,0,0,0,0,0,1,0,1,1,1,11.4671573639,6,0,10.9681978226,2.62797808647,2.90144395828,12.6404495239,6
1110,1,103,8,1,2.375,1,0,1,0,0,0,0,2,11062.2304688,10.0044393539,0,2300,9.55393028259,10.085808754,11.0020999908,-3.55277872086,2.90144395828,5,0,42,0,2,1,0,0,0,0,0,0,0,0,0,0,1,0,0,0,0,10.0044393539,2,11.0020999908,10.085808754,-3.55277872086,2.90144395828,9.55393028259,2
1110,2,103,8,1,2.375,1,,1,0,0,0,0,4,5698.09619141,9.34103488922,1100,0,10.6188850403,8.82467746735,11.0020999908,-4.70236206055,0.79633641243,5,0,42,0,2,1,0,0,1,1,0,0,0,0,0,0,1,0,0,0,1,10.0044393539,2,11.0020999908,10.085808754,-3.55277872086,2.90144395828,9.55393028259,4
1111,1,103,8,1,2.375,1,0,1,0,0,0,0,2,1088539,14.5934944153,3150,247100,10.1735143661,0,11.4295434952,1.75500357151,0.85428583622,6,0,40,0,2,0,0,0,0,0,0,0,0,0,0,0,0,0,1,0,1,14.5934944153,2,11.4295434952,0,1.75500357151,0.85428583622,10.1735143661,2
1111,2,103,8,1,2.375,1,,1,0,0,0,0,3,1344.47119141,7.89690351486,0,200,9.94270801544,9.68034362793,12.6115379333,7.09259128571,-3.37084650993,6,0,40,0,2,0,1,0,1,1,0,0,0,0,0,1,0,0,0,0,0,14.5934944153,2,11.4295434952,0,1.75500357151,0.85428583622,10.1735143661,3
1112,1,103,8,1,2.375,1,0,1,0,0,0,0,2,105426.921875,12.2589206696,18200,3300,10.8277463913,9.79812717438,0,1.77025175095,2.90144395828,3,0,25,0,2,0,0,0,0,0,1,0,0,0,0,0,0,0,1,0,0,12.2589206696,2,0,9.79812717438,1.77025175095,2.90144395828,10.8277463913,2
1112,2,103,8,1,2.375,1,,1,0,0,0,0,4,19674.7402344,10.5802383423,300,3550,10.6139831543,11.4042263031,0,4.35445737839,-3.37084650993,3,0,25,0,2,0,1,0,0,1,0,0,0,0,0,1,1,0,0,0,0,12.2589206696,2,0,9.79812717438,1.77025175095,2.90144395828,10.8277463913,4
1113,1,104,8,1,2.375,1,0,0,0,0,0,0,7,8544.99023438,9.74624729156,1700,0,12.2085695267,0,8.85366535187,8.09252357483,0.85428583622,4,0,30,0,3,1,0,0,0,1,1,0,0,0,0,0,1,0,1,1,1,9.74624729156,7,8.85366535187,0,8.09252357483,0.85428583622,12.2085695267,7
1113,2,104,8,1,2.375,1,,0,0,0,0,0,6,22122.8457031,10.6975135803,2100,2100,11.7203464508,11.3667430878,10.8473930359,-0.149341508746,-1.25082182884,4,0,30,0,3,0,1,0,0,1,1,0,0,0,0,0,1,0,1,0,1,9.74624729156,7,8.85366535187,0,8.09252357483,0.85428583622,12.2085695267,6
1114,1,104,8,1,2.375,1,0,0,0,0,0,0,5,21590.7695312,10.6731681824,2800,2000,11.4306306839,9.79812717438,6.39693260193,5.67304897308,-4.1455039978,2,1,25,0,1,1,1,0,0,1,0,0,0,0,0,0,1,0,0,0,1,10.6731681824,5,6.39693260193,9.79812717438,5.67304897308,-4.1455039978,11.4306306839,5
1114,2,104,8,1,2.375,1,,0,0,0,0,0,7,29236.5761719,10.9763231277,3800,1750,9.99879741669,10.2681303024,0,-2.28977942467,-5.49308681488,2,1,25,0,1,1,1,0,0,1,0,0,0,0,0,0,1,0,1,1,1,10.6731681824,5,6.39693260193,9.79812717438,5.67304897308,-4.1455039978,11.4306306839,7
1115,1,104,8,1,2.375,1,0,0,0,0,0,0,2,11087.0292969,10.0066785812,0,2200,12.3113327026,8.69951438904,12.2060728073,-6.54001760483,-1.32368826866,4,1,33,0,1,1,0,0,0,0,0,0,0,0,0,0,1,0,0,0,0,10.0066785812,2,12.2060728073,8.69951438904,-6.54001760483,-1.32368826866,12.3113327026,2
1115,2,104,8,1,2.375,1,,0,0,0,0,0,3,16455.0957031,10.4015378952,0,1400,15.1373233795,10.0519075394,11.8479681015,5.28075408936,-1.25082182884,4,1,33,0,1,1,0,0,0,0,0,0,0,0,0,0,1,0,0,0,1,10.0066785812,2,12.2060728073,8.69951438904,-6.54001760483,-1.32368826866,12.3113327026,3
1116,1,104,8,0,23.25,1,0,0,0,0,0,0,2,7192.97119141,9.5740070343,1300,0,11.8055953979,7.60090255737,0,-8.30405330658,-1.25082182884,3,1,52,0,1,0,0,0,0,0,1,0,0,0,0,0,1,0,0,0,0,9.5740070343,2,0,7.60090255737,-8.30405330658,-1.25082182884,11.8055953979,2
1116,2,104,8,0,23.25,1,,0,0,0,0,0,2,43840.703125,11.3814649582,300,9100,17.6023159027,11.4186143875,11.7392635345,-2.04861187935,-3.37084650993,3,1,52,0,1,1,0,0,0,0,0,0,0,0,0,0,1,0,0,0,0,9.5740070343,2,0,7.60090255737,-8.30405330658,-1.25082182884,11.8055953979,2
1117,1,104,8,1,2.375,1,0,0,0,0,0,0,5,12784.6523438,10.1491479874,700,1760,11.8508253098,9.19013786316,8.9871969223,6.04518795013,2.90144395828,5,1,47,0,1,1,0,0,1,0,0,0,0,0,0,0,1,0,1,0,1,10.1491479874,5,8.9871969223,9.19013786316,6.04518795013,2.90144395828,11.8508253098,5
1117,2,104,8,1,2.375,1,,0,0,0,0,0,6,43581948,16.1621856689,8650,10020000,10.6928539276,0,11.0020999908,0.545885324478,-1.32368826866,5,1,47,0,1,1,1,1,1,0,0,0,0,0,0,0,1,0,0,1,1,10.1491479874,5,8.9871969223,9.19013786316,6.04518795013,2.90144395828,11.8508253098,6
1118,1,104,8,1,2.375,1,0,0,0,0,0,0,2,10678.6728516,9.96915149689,1200,1200,11.3046703339,0,10.9331073761,-1.79725337029,-1.32368826866,7,1,52,0,1,1,0,0,0,1,0,0,0,0,0,0,0,0,0,0,0,9.96915149689,2,10.9331073761,0,-1.79725337029,-1.32368826866,11.3046703339,2
1118,2,104,8,1,2.375,1,,0,0,0,0,0,5,62842.6640625,11.7415370941,1200,12700,12.0015058517,9.05951786041,11.603679657,9.8327922821,-1.26573896408,7,1,52,0,1,1,1,0,1,1,0,0,0,0,0,0,1,0,1,0,0,9.96915149689,2,10.9331073761,0,-1.79725337029,-1.32368826866,11.3046703339,5
1119,1,104,8,1,2.375,1,0,0,0,0,0,0,4,147059.65625,12.5917406082,450,33000,13.2725057602,0,8.294049263,4.88484764099,0.79633641243,7,0,42,0,1,0,1,0,0,1,0,0,0,0,0,0,1,0,0,0,1,12.5917406082,4,8.294049263,0,4.88484764099,0.79633641243,13.2725057602,4
1119,2,104,8,1,2.375,1,,0,0,0,0,0,3,28137.6542969,10.9380111694,500,5300,12.8615179062,10.4042625427,10.5453414917,11.8864593506,2.90144395828,7,0,42,0,1,1,1,0,0,0,0,0,0,0,0,0,1,0,0,0,0,12.5917406082,4,8.294049263,0,4.88484764099,0.79633641243,13.2725057602,3
1120,1,104,8,0,23.25,1,0,0,0,0,0,0,1,5213.19238281,9.25209522247,0,1050,9.65502643585,0,0,-2.45589351654,-6.19266223907,1,1,81,0,1,1,0,0,0,0,0,0,0,0,0,0,0,0,0,0,0,9.25209522247,1,0,0,-2.45589351654,-6.19266223907,9.65502643585,1
1120,2,104,8,0,23.25,1,,0,0,0,0,0,3,7386.23095703,9.60052013397,300,1300,11.1301994324,10.4968147278,0,7.05425834656,0.85428583622,1,1,81,0,1,1,0,0,0,1,0,0,0,0,0,0,1,0,0,0,0,9.25209522247,1,0,0,-2.45589351654,-6.19266223907,9.65502643585,3
1121,1,104,8,0,23.25,1,0,0,0,0,0,0,5,11441.6152344,10.0381593704,1000,1100,12.0575723648,9.76422595978,10.7363967896,-1.90693747997,2.90144395828,4,0,33,0,3,1,1,0,0,0,0,0,0,0,0,0,1,0,1,0,1,10.0381593704,5,10.7363967896,9.76422595978,-1.90693747997,2.90144395828,12.0575723648,5
1121,2,104,8,0,23.25,1,,0,0,0,0,0,5,49139.2109375,11.4955596924,6000,3300,13.9588451385,12.8605203629,10.49127388,-3.26862478256,-3.37084650993,4,0,33,0,3,1,0,1,1,1,0,0,0,0,0,1,1,0,0,0,1,10.0381593704,5,10.7363967896,9.76422595978,-1.90693747997,2.90144395828,12.0575723648,5
1122,1,104,8,1,2.375,1,0,0,0,0,0,0,3,21012.6054688,10.646024704,1000,3500,9.76422595978,0,8.47637081146,5.64548110962,-3.37084650993,4,0,0,0,1,0,0,0,0,0,1,0,0,0,0,0,1,0,0,0,1,10.646024704,3,8.47637081146,0,5.64548110962,-3.37084650993,9.76422595978,3
1122,2,104,8,1,2.375,1,,0,0,0,0,0,8,32907.4609375,11.0946016312,3300,1750,9.74683380127,11.0348892212,11.6952466965,0.998159945011,-3.37084650993,4,0,0,0,1,1,1,0,0,1,0,1,0,0,0,1,1,1,1,0,0,10.646024704,3,8.47637081146,0,5.64548110962,-3.37084650993,9.76422595978,8
1123,1,104,8,1,2.375,1,0,0,0,0,0,0,,39830.6054688,11.2855377197,8600,0,10.8512773514,0,11.2897815704,-5.99831056595,0.0796284079552,1,0,71,0,1,1,1,0,0,0,0,0,0,0,0,1,1,0,1,999,1,11.2855377197,6,11.2897815704,0,-5.99831056595,0.0796284079552,10.8512773514,6
1123,2,104,8,1,2.375,1,,0,0,0,0,0,4,58270.4414062,11.6659975052,4200,8750,9.48036766052,0,9.21034049988,-3.82428383827,-1.25082182884,1,0,71,0,1,1,1,0,1,1,0,0,0,0,0,0,1,0,0,0,0,11.2855377197,6,11.2897815704,0,-5.99831056595,0.0796284079552,10.8512773514,4
1124,1,104,8,0,23.25,1,0,0,0,0,0,0,,15449.2792969,10.3384647369,400,3100,12.9071884155,0,0,-0.247701868415,2.90144395828,3,1,65,0,1,1,0,0,0,0,1,0,0,0,0,0,1,0,999,0,0,10.3384647369,3,0,0,-0.247701868415,2.90144395828,12.9071884155,3
1124,2,104,8,0,23.25,1,,0,0,0,0,0,6,19033.6347656,10.5471105576,500,3600,13.4453163147,8.47637081146,0,2.93360304832,-1.25082182884,3,1,65,0,1,1,0,0,1,1,0,0,0,0,0,0,1,0,1,1,1,10.3384647369,3,0,0,-0.247701868415,2.90144395828,12.9071884155,6
1125,1,105,9,1,2.375,1,0,0,0,1,0,0,6,10252,9.92837524414,1100,0,11.6314373016,0,0,0.184817939997,0.781419277191,8,1,43,0,1,1,1,0,0,0,0,0,0,0,0,1,1,1,1,0,0,9.92837524414,6,0,0,0.184817939997,0.781419277191,11.6314373016,6
1125,2,105,9,1,2.375,1,,0,0,1,0,0,4,747461.5625,14.2175855637,800,170000,11.7264223099,10.1345996857,0,2.95599675179,-1.96752977371,8,1,43,0,1,0,1,0,1,1,0,0,0,0,0,0,1,0,1,0,0,9.92837524414,6,0,0,0.184817939997,0.781419277191,11.6314373016,4
1126,1,105,9,1,2.375,1,0,0,0,1,0,0,3,9559,9.85838603973,0,2200,17.4067611694,0,0,-3.63420534134,-6.19266223907,8,0,47,0,1,1,1,0,0,0,0,0,0,0,0,0,1,0,0,0,0,9.85838603973,3,0,0,-3.63420534134,-6.19266223907,17.4067611694,3
1126,2,105,9,1,2.375,1,,0,0,1,0,0,4,61757.5,11.7241182327,3500,10000,10.4744672775,9.21034049988,10.3089523315,-1.15210008621,-1.96752977371,8,0,47,0,1,1,1,0,0,1,0,0,0,0,0,0,1,0,0,0,0,9.85838603973,3,0,0,-3.63420534134,-6.19266223907,17.4067611694,4
1127,1,105,9,1,2.375,1,0,0,0,1,0,0,6,112311.289062,12.3221769333,21050,0,11.4019489288,11.3314037323,12.5061769485,3.38820672035,0.0796284079552,6,0,0,0,3,1,0,0,1,1,0,0,0,0,0,0,1,1,1,1,0,12.3221769333,6,12.5061769485,11.3314037323,3.38820672035,0.0796284079552,11.4019489288,6
1127,2,105,9,1,2.375,1,,0,0,1,0,0,7,43643.296875,11.3769521713,6475,0,10.6666269302,9.50300979614,10.9077892303,5.95376253128,0.0796284079552,6,0,0,0,3,1,1,1,1,1,0,1,0,0,0,0,1,1,0,0,1,12.3221769333,6,12.5061769485,11.3314037323,3.38820672035,0.0796284079552,11.4019489288,7
1128,1,105,9,0,28.25,1,0,0,0,1,0,0,3,47574.5195312,11.4631996155,0,10200,11.7002344131,10.1811189651,10.7789564133,-3.01447892189,0.85428583622,7,0,43,0,2,1,0,1,1,1,0,0,0,0,0,0,1,0,0,0,0,11.4631996155,3,10.7789564133,10.1811189651,-3.01447892189,0.85428583622,11.7002344131,3
1128,2,105,9,0,28.25,1,,0,0,1,0,0,7,92345.953125,12.1264448166,600,18200,13.5312891006,12.0725412369,9.21034049988,0.22810703516,2.90144395828,7,0,43,0,2,1,0,0,1,1,0,1,0,0,0,0,1,1,1,0,1,11.4631996155,3,10.7789564133,10.1811189651,-3.01447892189,0.85428583622,11.7002344131,7
1129,1,105,9,1,2.375,1,0,0,0,1,0,0,5,42055.1328125,11.3398838043,5500,800,13.4117441177,11.7344675064,13.4057359695,0.486898869276,0.781419277191,4,0,40,0,3,1,0,0,0,0,0,0,0,0,0,0,1,0,1,1,1,11.3398838043,5,13.4057359695,11.7344675064,0.486898869276,0.781419277191,13.4117441177,5
1129,2,105,9,1,2.375,1,,0,0,1,0,0,5,48451.6171875,11.4814682007,5000,1000,13.7822637558,12.7483968735,13.2707834244,4.08218383789,2.90144395828,4,0,40,0,3,1,0,1,1,1,0,0,0,0,0,0,1,0,0,1,1,11.3398838043,5,13.4057359695,11.7344675064,0.486898869276,0.781419277191,13.4117441177,5
1130,1,105,9,1,2.375,1,0,0,0,1,0,0,4,27838.7304688,10.9273309708,600,5000,13.9760980606,0,0,0.0591544359922,2.90144395828,8,0,47,0,2,0,1,0,0,1,0,0,0,0,0,0,1,0,1,0,0,10.9273309708,4,0,0,0.0591544359922,2.90144395828,13.9760980606,4
1130,2,105,9,1,2.375,1,,0,0,1,0,0,9,119854.085938,12.3871774673,6100,16800,12.9949846268,11.9728784561,10.691945076,6.60121393204,-1.25082182884,8,0,47,0,2,1,1,1,1,1,0,1,0,0,1,0,1,1,1,1,0,10.9273309708,4,0,0,0.0591544359922,2.90144395828,13.9760980606,9
1131,1,105,9,0,28.25,1,0,0,0,1,0,0,2,91558.75,12.1178836823,1000,18250,13.6551074982,0,12.6378555298,3.02867507935,-1.96752977371,5,1,46,0,2,0,0,0,0,0,0,0,0,0,0,0,1,0,1,0,0,12.1178836823,2,12.6378555298,0,3.02867507935,-1.96752977371,13.6551074982,2
1131,2,105,9,0,28.25,1,,0,0,1,0,0,5,24856.125,10.8140068054,1050,3600,14.2623739243,11.7905569077,11.7950925827,6.67862987518,-6.19266223907,5,1,46,0,2,1,0,0,0,1,0,0,0,0,0,0,1,0,1,0,1,12.1178836823,2,12.6378555298,0,3.02867507935,-1.96752977371,13.6551074982,5
1132,1,105,9,1,2.375,1,0,0,0,1,0,0,2,12113.3076172,10.0952072144,50,2500,8.45531749725,0,0,2.18970704079,-6.19266223907,3,1,30,0,2,0,0,0,0,0,0,0,0,0,0,0,1,0,0,0,1,10.0952072144,2,0,0,2.18970704079,-6.19266223907,8.45531749725,2
1132,2,105,9,1,2.375,1,,0,0,1,0,0,5,17813.1542969,10.4808397293,1300,2500,9.87302875519,9.98044872284,0,0.298379957676,-7.10227680206,3,1,30,0,2,1,1,0,0,1,0,0,0,0,0,0,1,0,1,0,0,10.0952072144,2,0,0,2.18970704079,-6.19266223907,8.45531749725,5
1133,1,105,9,1,2.375,1,0,0,0,1,0,0,4,20370.5585938,10.6149930954,700,3800,8.69951438904,8.3428401947,0,-3.83659863472,-2.02547931671,4,1,46,0,2,0,0,0,0,0,0,0,0,0,0,1,1,0,1,0,1,10.6149930954,4,0,8.3428401947,-3.83659863472,-2.02547931671,8.69951438904,4
1133,2,105,9,1,2.375,1,,0,0,1,0,0,4,51403.8828125,11.5406160355,2200,9000,11.415312767,9.86266517639,11.512925148,-1.04711616039,0.0796284079552,4,1,46,0,2,0,1,0,0,0,1,1,0,0,0,0,1,0,0,0,1,10.6149930954,4,0,8.3428401947,-3.83659863472,-2.02547931671,8.69951438904,4
1134,1,105,9,0,28.25,1,0,0,0,1,0,0,4,32751.6914062,11.0898571014,1500,1200,17.4067611694,0,13.5567398071,7.74103689194,-1.25082182884,2,0,0,0,3,1,0,0,0,0,0,0,0,0,0,0,1,0,1,1,0,11.0898571014,4,13.5567398071,0,7.74103689194,-1.25082182884,17.4067611694,4
1134,2,105,9,0,28.25,1,,0,0,1,0,0,6,39945.7304688,11.2884244919,2200,2000,10.8780469894,4.43095827103,10.4341154099,8.00054073334,2.90144395828,2,0,0,0,3,1,1,0,1,1,0,0,0,0,0,0,1,0,1,0,1,11.0898571014,4,13.5567398071,0,7.74103689194,-1.25082182884,17.4067611694,6
1135,1,105,9,1,2.375,1,0,0,0,1,0,0,,11229.625,10.0194578171,200,0,14.681265831,8.51719284058,13.0898399353,0.626409769058,-1.25082182884,7,0,42,0,2,0,1,0,0,0,0,0,0,0,0,1,1,0,1,888,0,10.0194578171,4,13.0898399353,8.51719284058,0.626409769058,-1.25082182884,14.681265831,4
1135,2,105,9,1,2.375,1,,0,0,1,0,0,5,6638.25976562,9.49375247955,800,0,12.7307653427,8.0709066391,9.21034049988,4.76896286011,2.90144395828,7,0,42,0,2,1,1,1,0,0,0,0,0,0,0,0,1,0,0,0,1,10.0194578171,4,13.0898399353,8.51719284058,0.626409769058,-1.25082182884,14.681265831,5
1136,1,105,9,0,28.25,1,0,0,0,1,0,0,4,38334.5390625,11.247253418,1700,5000,14.5353965759,0,10.3734912872,-7.26016902924,-4.1455039978,4,0,24,0,3,1,1,0,0,0,0,0,0,0,0,0,1,0,0,1,0,11.247253418,4,10.3734912872,0,-7.26016902924,-4.1455039978,14.5353965759,4
1136,2,105,9,0,28.25,1,,0,0,1,0,0,6,39496.9140625,11.2771253586,5600,3000,9.34136867523,0,8.69951438904,6.94371318817,-7.54024505615,4,0,24,0,3,1,1,0,1,1,0,1,0,0,0,0,0,0,1,1,0,11.247253418,4,10.3734912872,0,-7.26016902924,-4.1455039978,14.5353965759,6
1137,1,106,9,1,4.75,1,0,0,0,0,0,0,4,145514.390625,12.5811777115,6200,25000,12.7367010117,10.0432491302,10.8197784424,2.51888656616,0.781419277191,9,0,51,0,2,1,0,0,0,0,0,0,0,0,0,0,1,0,1,0,1,12.5811777115,4,10.8197784424,10.0432491302,2.51888656616,0.781419277191,12.7367010117,4
1137,2,106,9,1,4.75,1,,0,0,0,0,0,5,49734.2226562,11.5075960159,4200,350,12.6234664917,10.085808754,10.5966348648,6.86396741867,-1.26795446873,9,0,51,0,2,1,0,0,0,1,0,0,0,0,0,0,1,0,1,0,1,12.5811777115,4,10.8197784424,10.0432491302,2.51888656616,0.781419277191,12.7367010117,5
1138,1,106,9,0,33.25,1,0,0,0,0,0,0,3,4345,9.06992816925,1000,0,10.1849002838,0,9.47270488739,1.00956141949,2.90144395828,2,1,53,0,3,1,0,0,0,0,0,0,0,0,0,1,0,0,0,0,1,9.06992816925,3,9.47270488739,0,1.00956141949,2.90144395828,10.1849002838,3
1138,2,106,9,0,33.25,1,,0,0,0,0,0,4,7269.25,9.58455562592,1250,400,10.513253212,0,10.6828126907,2.49743747711,0.85428583622,2,1,53,0,3,1,1,0,0,0,0,0,0,0,0,0,1,0,0,0,1,9.06992816925,3,9.47270488739,0,1.00956141949,2.90144395828,10.1849002838,4
1139,1,106,9,0,33.25,1,0,0,0,0,0,0,5,92061.234375,12.1233568192,3300,12800,13.9857597351,0,11.512925148,5.48407268524,2.90144395828,8,0,56,0,3,1,0,0,0,0,0,0,0,0,0,0,1,1,1,1,0,12.1233568192,5,11.512925148,0,5.48407268524,2.90144395828,13.9857597351,5
1139,2,106,9,0,33.25,1,,0,0,0,0,0,6,49920.6328125,11.5113372803,700,6750,14.6287937164,11.512925148,0,7.27855062485,-1.32368826866,8,0,56,0,3,1,0,0,1,1,0,1,0,0,0,0,1,1,1,0,0,12.1233568192,5,11.512925148,0,5.48407268524,2.90144395828,13.9857597351,6
1140,1,106,9,1,4.75,1,0,0,0,0,0,0,4,9225.86523438,9.82291316986,500,0,14.0684461594,10.5966348648,0,7.8158993721,-1.25082182884,6,0,65,0,2,0,0,0,1,1,0,0,0,0,0,0,1,1,1,0,0,9.82291316986,4,0,10.5966348648,7.8158993721,-1.25082182884,14.0684461594,4
1140,2,106,9,1,4.75,1,,0,0,0,0,0,8,96059.015625,12.1658649445,6100,14000,12.5623474121,11.918390274,0,9.40252017975,-3.37084650993,6,0,65,0,2,1,0,1,1,1,1,0,0,0,0,0,1,1,1,1,1,9.82291316986,4,0,10.5966348648,7.8158993721,-1.25082182884,14.0684461594,8
1141,1,106,9,1,4.75,1,0,0,0,0,0,0,2,8697.00976562,9.76388168335,200,1500,10.5452365875,0,0,-1.49277210236,0.781419277191,4,0,30,0,2,1,0,0,0,1,0,0,0,0,0,0,0,0,0,0,0,9.76388168335,2,0,0,-1.49277210236,0.781419277191,10.5452365875,2
1141,2,106,9,1,4.75,1,,0,0,0,0,0,4,77401.4453125,11.9499082565,600,12150,10.922334671,0,0,5.77178573608,-1.32368826866,4,0,30,0,2,1,1,1,0,1,0,0,0,0,0,0,0,0,0,0,1,9.76388168335,2,0,0,-1.49277210236,0.781419277191,10.5452365875,4
1142,1,106,9,1,4.75,1,0,0,0,0,0,0,4,1720.75,8.1436624527,100,0,9.19013786316,9.90348720551,8.69951438904,2.03207850456,0.85428583622,4,0,32,0,3,0,1,0,0,1,0,0,0,0,0,1,0,0,0,0,1,8.1436624527,4,8.69951438904,9.90348720551,2.03207850456,0.85428583622,9.19013786316,4
1142,2,106,9,1,4.75,1,,0,0,0,0,0,5,25159.2207031,10.8261270523,2400,1400,12.2981958389,10.9114456177,11.512925148,2.32991027832,-1.26573896408,4,0,32,0,3,1,0,0,1,1,0,0,0,0,0,0,1,1,1,0,0,8.1436624527,4,8.69951438904,9.90348720551,2.03207850456,0.85428583622,9.19013786316,5
1143,1,106,9,1,4.75,1,0,0,0,0,0,0,3,27981.8554688,10.9324588776,6000,0,11.5954265594,10.8742666245,0,2.51888656616,-1.32368826866,4,0,25,0,2,0,0,0,0,0,0,0,0,0,0,0,1,0,1,0,1,10.9324588776,3,0,10.8742666245,2.51888656616,-1.32368826866,11.5954265594,3
1143,2,106,9,1,4.75,1,,0,0,0,0,0,6,12630.1542969,10.1369895935,2200,0,10.8624544144,8.294049263,0,8.19672584534,-3.37084650993,4,0,25,0,2,1,1,0,0,1,1,1,0,0,0,0,1,0,1,0,0,10.9324588776,3,0,10.8742666245,2.51888656616,-1.32368826866,11.5954265594,6
1144,1,106,9,1,4.75,1,0,0,0,0,0,0,6,89113.1171875,12.0908088684,6600,9500,12.9153394699,9.47270488739,0,2.33679866791,-1.26573896408,4,0,31,0,2,1,0,0,1,1,0,0,1,0,0,0,1,0,1,0,1,12.0908088684,6,0,9.47270488739,2.33679866791,-1.26573896408,12.9153394699,6
1144,2,106,9,1,4.75,1,,0,0,0,0,0,7,266571.6875,13.186545372,7000,49500,14.3899307251,8.69951438904,10.5966348648,-1.30293500423,0.79633641243,4,0,31,0,2,1,1,1,1,1,0,1,0,0,0,0,1,0,1,0,1,12.0908088684,6,0,9.47270488739,2.33679866791,-1.26573896408,12.9153394699,7
1145,1,106,9,0,33.25,1,0,0,0,0,0,0,3,6458.75,9.46633815765,0,0,14.0200824738,0,0,2.21749329567,0.781419277191,3,0,40,0,3,0,1,0,0,0,0,0,0,0,0,0,1,0,0,0,1,9.46633815765,3,0,0,2.21749329567,0.781419277191,14.0200824738,3
1145,2,106,9,0,33.25,1,,0,0,0,0,0,1,10661.9619141,9.96758460999,0,300,13.021437645,11.0020999908,9.21034049988,7.83935117722,-7.54024505615,3,0,40,0,3,0,0,0,0,1,0,0,0,0,0,0,0,0,0,0,0,9.46633815765,3,0,0,2.21749329567,0.781419277191,14.0200824738,1
1146,1,106,9,1,4.75,1,0,0,0,0,0,0,10,110315.03125,12.3042430878,6900,16100,12.2414398193,11.1064596176,0,8.16762542725,2.90144395828,4,0,24,0,2,1,1,0,1,1,1,0,0,0,1,1,1,1,0,1,1,12.3042430878,10,0,11.1064596176,8.16762542725,2.90144395828,12.2414398193,10
1146,2,106,9,1,4.75,1,,0,0,0,0,0,4,25757.7402344,10.8496379852,300,4600,11.8981876373,10.0519075394,10.7363967896,5.2669839859,0.79633641243,4,0,24,0,2,1,0,0,0,1,0,0,0,0,0,0,1,0,1,0,0,12.3042430878,10,0,11.1064596176,8.16762542725,2.90144395828,12.2414398193,4
1147,1,106,9,0,33.25,1,0,0,0,0,0,0,9,43300.1445312,11.369058609,7200,300,15.7483930588,11.4721031189,0,0.086722239852,-3.37084650993,6,0,34,0,3,1,0,1,1,1,0,1,1,1,0,0,1,1,1,1,1,11.369058609,9,0,11.4721031189,0.086722239852,-3.37084650993,15.7483930588,9
1147,2,106,9,0,33.25,1,,0,0,0,0,0,8,56233.828125,11.6304206848,4800,3800,14.0590057373,0,9.68034362793,-7.18517065048,0.781419277191,6,0,34,0,3,1,0,0,1,1,1,0,0,0,0,1,1,0,1,1,1,11.369058609,9,0,11.4721031189,0.086722239852,-3.37084650993,15.7483930588,8
1148,1,106,9,1,4.75,1,0,0,0,0,0,0,7,36192.6171875,11.1897573471,3900,2500,10.6942148209,11.0790605545,0,-5.82212972641,-1.32368826866,3,0,25,0,2,1,0,1,0,1,1,0,0,0,0,0,1,0,1,1,1,11.1897573471,7,0,11.0790605545,-5.82212972641,-1.32368826866,10.6942148209,7
1148,2,106,9,1,4.75,1,,0,0,0,0,0,4,16239.8457031,10.3883705139,1400,1400,11.2450456619,9.21034049988,9.21034049988,2.96403980255,-1.32368826866,3,0,25,0,2,1,0,0,1,1,0,0,0,0,0,0,0,0,1,1,0,11.1897573471,7,0,11.0790605545,-5.82212972641,-1.32368826866,10.6942148209,4
1149,1,107,8,1,1,0,1,0,0,1,0,0,4,22217.75,10.7017936707,2950,0,10.7099637985,9.90348720551,10.3089523315,-1.44468712807,-2.02547931671,3,0,0,0,1,1,1,1,0,1,0,0,0,0,0,0,1,0,0,0,0,10.7017936707,4,10.3089523315,9.90348720551,-1.44468712807,-2.02547931671,10.7099637985,4
1150,1,107,8,1,1,1,0,0,0,1,0,0,5,11300.375,10.0257387161,1300,0,12.893201828,9.72913455963,0,5.98419952393,-3.37084650993,12,0,53,0,3,0,1,0,0,1,0,0,0,0,0,0,1,0,1,0,1,10.0257387161,5,0,9.72913455963,5.98419952393,-3.37084650993,12.893201828,5
1150,2,107,8,1,1,1,,0,0,1,0,0,5,15343.625,10.3316020966,1300,600,15.4396009445,0,0,6.4229221344,-7.54024505615,12,0,53,0,3,1,0,0,0,1,0,0,0,0,0,1,1,0,0,0,1,10.0257387161,5,0,9.72913455963,5.98419952393,-3.37084650993,12.893201828,5
1151,1,107,8,0,37.5,1,0,0,0,1,0,0,4,14499.4228516,10.2750110626,2500,0,12.6221475601,8.00636768341,0,-0.170597702265,2.90144395828,3,1,40,0,3,0,0,0,0,1,0,0,0,0,0,0,1,0,1,0,1,10.2750110626,4,0,8.00636768341,-0.170597702265,2.90144395828,12.6221475601,4
1151,2,107,8,0,37.5,1,,0,0,1,0,0,3,27620.9414062,10.9194765091,3450,0,8.93590354919,0,9.21034049988,-6.50843954086,0.79633641243,3,1,40,0,3,1,0,0,1,1,0,0,0,0,0,0,1,0,0,0,0,10.2750110626,4,0,8.00636768341,-0.170597702265,2.90144395828,12.6221475601,3
1152,1,107,8,0,37.5,1,0,0,0,1,0,0,1,6574.70019531,9.48413181305,0,1260,9.47270488739,7.60090255737,5.29834222794,2.88337421417,0.0796284079552,3,1,31,0,1,1,0,0,0,0,0,0,0,0,0,0,0,0,0,0,0,9.48413181305,1,5.29834222794,7.60090255737,2.88337421417,0.0796284079552,9.47270488739,1
1152,2,107,8,0,37.5,1,,0,0,1,0,0,4,24047.3652344,10.7809276581,200,5000,10.7428970337,0,9.90348720551,8.92483520508,2.90144395828,3,1,31,0,1,1,0,0,1,0,0,0,0,0,0,0,1,0,0,0,1,9.48413181305,1,5.29834222794,7.60090255737,2.88337421417,0.0796284079552,9.47270488739,4
1153,1,107,8,0,37.5,1,0,0,0,1,0,0,8,86130.734375,12.0567684174,200,18000,13.488117218,0,11.2897815704,6.41123580933,0.85428583622,8,0,37,0,2,1,1,0,1,0,0,0,0,0,0,0,1,1,1,1,1,12.0567684174,8,11.2897815704,0,6.41123580933,0.85428583622,13.488117218,8
1153,2,107,8,0,37.5,1,,0,0,1,0,0,7,71579.578125,11.8717126846,10700,4000,15.1723241806,9.79812717438,6.90775632858,-0.22613607347,-6.13692855835,8,0,37,0,2,1,1,1,1,1,0,0,0,0,0,1,1,0,1,0,1,12.0567684174,8,11.2897815704,0,6.41123580933,0.85428583622,13.488117218,7
1154,1,107,8,0,37.5,1,0,0,0,1,0,0,1,28783.4707031,10.9607038498,1600,4000,14.6646356583,0,0,4.46735095978,-2.02547931671,2,0,69,0,2,0,1,0,0,0,0,0,0,0,0,0,0,0,0,0,0,10.9607038498,1,0,0,4.46735095978,-2.02547931671,14.6646356583,1
1154,2,107,8,0,37.5,1,,0,0,1,0,0,3,47683.6835938,11.4654912949,200,9900,13.4021139145,0,8.294049263,2.801476717,-2.02547931671,2,0,69,0,2,0,1,1,1,1,0,0,0,0,0,0,1,0,0,0,0,10.9607038498,1,0,0,4.46735095978,-2.02547931671,14.6646356583,3
1155,1,107,8,1,1,1,0,0,0,1,0,0,7,109084.84375,12.2930288315,2700,21600,12.1291913986,7.86326694489,10.49127388,2.98950171471,2.90144395828,6,0,0,0,2,1,1,0,0,0,0,0,0,0,0,1,1,0,1,1,1,12.2930288315,7,10.49127388,7.86326694489,2.98950171471,2.90144395828,12.1291913986,7
1155,2,107,8,1,1,1,,0,0,1,0,0,4,42045.5585938,11.3396558762,5100,3500,12.2788581848,0,11.1272630692,-1.3544934988,-1.32368826866,6,0,0,0,2,1,1,0,0,1,0,0,0,0,0,0,1,0,0,0,0,12.2930288315,7,10.49127388,7.86326694489,2.98950171471,2.90144395828,12.1291913986,4
1156,1,108,10,0,16.75,1,0,1,0,0,0,0,4,434.5,6.76734447479,0,100,10.49127388,8.294049263,10.2750511169,7.2223367691,0.781419277191,4,1,64,0,3,1,0,0,0,0,0,1,0,0,0,0,1,0,0,0,1,6.76734447479,4,10.2750511169,8.294049263,7.2223367691,0.781419277191,10.49127388,4
1156,2,108,10,0,16.75,1,,1,0,0,0,0,1,22250.3945312,10.7032623291,700,0,10.896739006,8.47637081146,0,8.57709121704,-3.37084650993,4,1,64,0,3,1,0,0,0,0,0,0,0,0,0,0,0,0,0,0,0,6.76734447479,4,10.2750511169,8.294049263,7.2223367691,0.781419277191,10.49127388,1
1157,1,108,10,1,2.125,1,0,1,0,0,0,0,4,13644.9707031,10.2142734528,2300,0,11.1927204132,0,10.3981838226,4.86203193665,-3.31511259079,4,0,31,0,3,1,0,0,1,0,0,0,0,0,0,0,1,0,0,1,0,10.2142734528,4,10.3981838226,0,4.86203193665,-3.31511259079,11.1927204132,4
1157,2,108,10,1,2.125,1,,1,0,0,0,0,2,2600.31542969,8.55653572083,560,0,11.0790605545,8.9871969223,0,8.26562404633,-5.42022037506,4,0,31,0,3,1,0,0,0,0,0,0,0,0,0,0,1,0,0,0,0,10.2142734528,4,10.3981838226,0,4.86203193665,-3.31511259079,11.1927204132,2
1158,1,108,10,1,2.125,1,0,1,0,0,0,0,3,2882.33642578,8.65950393677,100,0,11.9447078705,5.99147081375,0,-2.60827732086,-1.32368826866,7,0,58,0,3,1,0,0,0,0,0,0,0,0,0,0,1,0,0,0,1,8.65950393677,3,0,5.99147081375,-2.60827732086,-1.32368826866,11.9447078705,3
1158,2,108,10,1,2.125,1,,1,0,0,0,0,3,13929.0673828,10.2348804474,1600,1000,13.2817573547,10.7789564133,5.29834222794,9.01649951935,-5.42022037506,7,0,58,0,3,0,1,0,0,0,0,0,0,0,0,0,1,0,1,0,0,8.65950393677,3,0,5.99147081375,-2.60827732086,-1.32368826866,11.9447078705,3
1159,1,108,10,1,2.125,1,0,1,0,0,0,0,1,0,5.29834222794,0,0,12.6326465607,7.37775945663,10.8197784424,-4.07674455643,-6.13692855835,4,0,29,0,3,1,0,0,0,0,0,0,0,0,0,0,0,0,0,0,0,5.29834222794,1,10.8197784424,7.37775945663,-4.07674455643,-6.13692855835,12.6326465607,1
1159,2,108,10,1,2.125,1,,1,0,0,0,0,5,63501.9609375,11.7519731522,1800,12000,12.7170982361,9.21034049988,9.54681301117,7.25655412674,-1.32368826866,4,0,29,0,3,1,0,0,0,0,0,0,0,0,0,0,1,0,1,1,1,5.29834222794,1,10.8197784424,7.37775945663,-4.07674455643,-6.13692855835,12.6326465607,5
1160,1,108,10,0,16.75,1,0,1,0,0,0,0,2,1428.56726074,7.95757484436,100,0,10.8036489487,0,7.09007740021,-8.52774047852,2.90144395828,2,0,76,0,2,1,0,0,0,1,0,0,0,0,0,0,0,0,0,0,0,7.95757484436,2,7.09007740021,0,-8.52774047852,2.90144395828,10.8036489487,2
1160,2,108,10,0,16.75,1,,1,0,0,0,0,4,25040.7597656,10.8214073181,3200,2000,8.51719284058,9.39266204834,9.10497951508,3.7989127636,-1.26795446873,2,0,76,0,2,0,0,0,0,1,0,0,0,0,0,0,1,0,1,0,1,7.95757484436,2,7.09007740021,0,-8.52774047852,2.90144395828,10.8036489487,4
1161,1,108,10,1,2.125,1,0,1,0,0,0,0,2,5397.01904297,9.28674888611,300,700,12.9294090271,8.00636768341,10.9681978226,10.9527330399,0.85428583622,8,0,47,0,3,1,0,0,0,0,0,0,0,0,0,0,1,0,0,0,0,9.28674888611,2,10.9681978226,8.00636768341,10.9527330399,0.85428583622,12.9294090271,2
1161,2,108,10,1,2.125,1,,1,0,0,0,0,3,18138.2207031,10.4989242554,1000,2000,12.8415908813,7.37775945663,11.7597856522,1.64313113689,-1.25082182884,8,0,47,0,3,1,1,0,0,0,0,0,0,0,0,0,1,0,0,0,0,9.28674888611,2,10.9681978226,8.00636768341,10.9527330399,0.85428583622,12.9294090271,3
1162,1,108,10,0,16.75,1,0,1,0,0,0,0,5,8219.38476562,9.70739746094,1500,0,10.9903650284,8.0709066391,10.3089523315,4.58687496185,0.781419277191,4,0,30,0,3,1,0,0,0,1,0,0,0,0,0,0,1,0,1,0,1,9.70739746094,5,10.3089523315,8.0709066391,4.58687496185,0.781419277191,10.9903650284,5
1162,2,108,10,0,16.75,1,,1,0,0,0,0,3,16593.6113281,10.4099206924,1000,870,10.2611618042,9.21034049988,9.21034049988,7.55215120316,-3.37084650993,4,0,30,0,3,0,1,1,0,0,0,0,0,0,0,0,0,0,1,0,0,9.70739746094,5,10.3089523315,8.0709066391,4.58687496185,0.781419277191,10.9903650284,3
1163,1,108,10,0,16.75,1,0,1,0,0,0,0,1,250.673080444,6.21730089188,0,0,11.7199392319,0,0,-15.3838777542,0.85428583622,1,1,99,0,2,1,0,0,0,0,0,0,0,0,0,0,0,0,0,0,0,6.21730089188,1,0,0,-15.3838777542,0.85428583622,11.7199392319,1
1163,2,108,10,0,16.75,1,,1,0,0,0,0,5,27570,10.9176311493,300,5700,12.150560379,0,0,-0.141663193703,-1.32368826866,1,1,99,0,2,1,0,0,0,1,0,1,0,0,0,0,1,0,0,0,1,6.21730089188,1,0,0,-15.3838777542,0.85428583622,11.7199392319,5
1164,1,108,10,1,2.125,1,0,1,0,0,0,0,8,20800.0761719,10.6358594894,1800,2300,10.6525421143,0,11.3621025085,3.98408818245,2.90144395828,4,0,28,0,1,1,1,0,1,0,0,0,0,0,0,1,1,1,1,1,0,10.6358594894,8,11.3621025085,0,3.98408818245,2.90144395828,10.6525421143,8
1164,2,108,10,1,2.125,1,,1,0,0,0,0,7,10976.9228516,9.99669742584,2100,0,10.3481731415,11.3404750824,10.8197784424,4.524538517,-0.582103490829,4,0,28,0,1,1,0,0,1,1,1,1,0,0,0,1,1,0,1,0,1,10.6358594894,8,11.3621025085,0,3.98408818245,2.90144395828,10.6525421143,7
1165,1,108,10,1,2.125,1,0,1,0,0,0,0,4,49796.0195312,11.5088376999,0,11200,11.2332115173,0,0,0.504921317101,2.90144395828,8,0,48,0,2,1,0,1,1,1,0,0,0,0,0,0,1,0,0,1,0,11.5088376999,4,0,0,0.504921317101,2.90144395828,11.2332115173,4
1165,2,108,10,1,2.125,1,,1,0,0,0,0,5,9724.23046875,9.8755235672,1500,0,12.0895385742,6.39693260193,11.1562509537,2.1051697731,0.79633641243,8,0,48,0,2,1,0,0,0,1,0,0,0,0,0,0,1,0,0,1,1,11.5088376999,4,0,0,0.504921317101,2.90144395828,11.2332115173,5
1166,1,108,10,1,2.125,1,0,1,0,0,0,0,2,1570.88464355,8.05254173279,300,0,10.4829063416,8.0709066391,7.2442278862,5.25722646713,2.90144395828,5,1,38,0,1,1,0,1,0,0,0,0,0,0,0,0,0,0,0,0,0,8.05254173279,2,7.2442278862,8.0709066391,5.25722646713,2.90144395828,10.4829063416,2
1166,2,108,10,1,2.125,1,,1,0,0,0,0,3,3551.2019043,8.86818885803,500,0,10.4923849106,10.4573726654,10.085808754,1.46028017998,-3.37306213379,5,1,38,0,1,1,0,0,1,0,0,0,0,0,0,0,1,0,0,0,0,8.05254173279,2,7.2442278862,8.0709066391,5.25722646713,2.90144395828,10.4829063416,3
1167,1,108,10,1,2.125,1,0,1,0,0,0,0,6,47864.2773438,11.4692716599,6200,3500,13.2963171005,12.2160234451,8.69951438904,2.13761663437,2.90144395828,7,0,52,0,2,0,1,1,1,1,1,0,0,0,0,0,1,0,1,0,1,11.4692716599,6,8.69951438904,12.2160234451,2.13761663437,2.90144395828,13.2963171005,6
1167,2,108,10,1,2.125,1,,1,0,0,0,0,8,59177.453125,11.6814432144,2600,7400,17.6023159027,11.4295434952,0,10.9991807938,2.90144395828,7,0,52,0,2,1,1,1,1,1,1,0,0,0,1,0,1,0,0,1,1,11.4692716599,6,8.69951438904,12.2160234451,2.13761663437,2.90144395828,13.2963171005,8
1168,1,109,9,0,29.8000011444,1,0,0,0,0,0,1,3,31924.4335938,11.0642738342,0,5000,13.3342437744,0,11.512925148,7.51505804062,-3.37084650993,8,0,44,0,3,1,1,0,0,0,0,0,0,0,0,0,0,1,0,0,0,11.0642738342,3,11.512925148,0,7.51505804062,-3.37084650993,13.3342437744,3
1168,2,109,9,0,29.8000011444,1,,0,0,0,0,1,5,61710.7304688,11.7233600616,1100,11500,13.7058296204,0,12.1007118225,8.73243808746,-3.37084650993,8,0,44,0,3,1,0,0,1,1,0,0,0,0,0,0,1,0,1,0,1,11.0642738342,3,11.512925148,0,7.51505804062,-3.37084650993,13.3342437744,5
1169,1,109,9,1,5,1,0,0,0,0,0,1,3,2172.5,8.37678146362,500,0,11.2772035599,0,0,-9.20419692993,-3.37084650993,4,1,61,0,1,1,0,0,1,0,0,0,0,0,0,0,0,0,0,0,1,8.37678146362,3,0,0,-9.20419692993,-3.37084650993,11.2772035599,3
1169,2,109,9,1,5,1,,0,0,0,0,1,3,10808.0576172,9.98119449615,2100,0,12.0951414108,0,0,0.366905748844,-1.32368826866,4,1,61,0,1,1,0,0,0,0,0,0,0,0,0,0,1,0,0,0,1,8.37678146362,3,0,0,-9.20419692993,-3.37084650993,11.2772035599,3
1170,1,109,9,0,29.8000011444,1,0,0,0,0,0,1,4,43547.8476562,11.3747625351,2200,7500,12.7390451431,0,11.2897815704,-0.849179029465,2.90144395828,4,0,0,0,3,1,0,0,0,0,0,0,0,0,0,0,1,0,0,1,1,11.3747625351,4,11.2897815704,0,-0.849179029465,2.90144395828,12.7390451431,4
1170,2,109,9,0,29.8000011444,1,,0,0,0,0,1,3,47086.6523438,11.4528923035,7000,1400,15.6318321228,9.74096870422,10.5966348648,5.94611120224,2.90144395828,4,0,0,0,3,1,0,0,0,1,0,0,0,0,0,0,0,0,1,0,0,11.3747625351,4,11.2897815704,0,-0.849179029465,2.90144395828,12.7390451431,3
1171,1,109,9,0,29.8000011444,1,0,0,0,0,0,1,5,6274.64404297,9.43741893768,1300,0,10.0078477859,9.39266204834,0,0.168262258172,0.85428583622,9,0,53,0,3,1,0,0,1,0,0,0,0,0,0,0,1,0,0,1,1,9.43741893768,5,0,9.39266204834,0.168262258172,0.85428583622,10.0078477859,5
1171,2,109,9,0,29.8000011444,1,,0,0,0,0,1,4,893933.625,14.3965339661,3200,202400,9.08250713348,10.118598938,0,6.62622022629,2.90144395828,9,0,53,0,3,1,1,1,1,1,0,0,0,0,0,0,1,0,0,0,0,9.43741893768,5,0,9.39266204834,0.168262258172,0.85428583622,10.0078477859,4
1172,1,109,9,1,5,1,0,0,0,0,0,1,4,27196.0097656,10.9039726257,5000,900,10.9077892303,0,10.49127388,6.6663184166,-4.1455039978,3,0,26,0,2,1,1,0,0,0,0,0,0,0,0,0,1,0,0,1,0,10.9039726257,4,10.49127388,0,6.6663184166,-4.1455039978,10.9077892303,4
1172,2,109,9,1,5,1,,0,0,0,0,1,4,35155.9609375,11.1606969833,2100,3900,13.0467777252,8.69951438904,10.5966348648,1.83210742474,2.90144395828,3,0,26,0,2,1,0,0,0,0,0,0,0,0,0,0,1,0,1,0,1,10.9039726257,4,10.49127388,0,6.6663184166,-4.1455039978,10.9077892303,4
1173,1,109,9,0,29.8000011444,1,0,0,0,0,0,1,4,17947.1152344,10.4883317947,2800,1200,12.1361865997,0,0,-5.20308637619,2.90144395828,3,0,59,0,3,0,1,0,0,1,0,0,0,0,0,0,1,0,0,0,1,10.4883317947,4,0,0,-5.20308637619,2.90144395828,12.1361865997,4
1173,2,109,9,0,29.8000011444,1,,0,0,0,0,1,2,19206.1640625,10.5561332703,1208,0,12.5186910629,0,0,1.11010909081,-1.32368826866,3,0,59,0,3,1,0,0,0,0,0,0,0,0,0,0,1,0,0,0,0,10.4883317947,4,0,0,-5.20308637619,2.90144395828,12.1361865997,2
1174,1,109,9,1,5,1,0,0,0,0,0,1,5,37116.328125,11.2149591446,1300,6700,14.9446392059,7.80384349823,7.2442278862,-3.30970025063,-1.26573896408,6,0,32,0,3,1,0,1,0,0,0,0,0,0,0,0,1,1,0,0,1,11.2149591446,5,7.2442278862,7.80384349823,-3.30970025063,-1.26573896408,14.9446392059,5
1174,2,109,9,1,5,1,,0,0,0,0,1,6,77538.71875,11.9516801834,1400,5000,14.5657939911,9.39266204834,0,2.51888656616,0.85428583622,6,0,32,0,3,1,0,0,0,1,0,0,0,0,0,0,1,0,1,1,1,11.2149591446,5,7.2442278862,7.80384349823,-3.30970025063,-1.26573896408,14.9446392059,6
1175,1,109,9,1,5,1,0,0,0,0,0,1,5,14777.1269531,10.2939825058,1740,1000,11.9916410446,11.4721031189,8.294049263,3.51415896416,0.79633641243,5,0,31,0,3,1,0,0,0,1,0,0,0,0,0,0,1,0,0,1,1,10.2939825058,5,8.294049263,11.4721031189,3.51415896416,0.79633641243,11.9916410446,5
1175,2,109,9,1,5,1,,0,0,0,0,1,6,64950.625,11.7745294571,7550,2200,15.9447650909,11.3022041321,9.03598690033,3.90009593964,-3.37084650993,5,0,31,0,3,1,0,0,1,1,0,0,0,0,0,0,1,0,1,1,1,10.2939825058,5,8.294049263,11.4721031189,3.51415896416,0.79633641243,11.9916410446,6
1176,1,109,9,1,5,1,0,0,0,0,0,1,6,39668.078125,11.2814493179,5800,1600,11.5109233856,7.7275352478,0,-3.28002619743,0.79633641243,7,0,0,0,2,1,0,0,0,1,0,0,0,0,0,0,1,0,1,1,1,11.2814493179,6,0,7.7275352478,-3.28002619743,0.79633641243,11.5109233856,6
1176,2,109,9,1,5,1,,0,0,0,0,1,8,143330.640625,12.5660562515,20400,3300,13.3053512573,11.7051973343,0,5.46564054489,0.79633641243,7,0,0,0,2,1,1,0,0,1,1,0,0,0,0,0,1,0,1,1,1,11.2814493179,6,0,7.7275352478,-3.28002619743,0.79633641243,11.5109233856,8
1177,1,109,9,0,29.8000011444,1,0,0,0,0,0,1,7,20737.6738281,10.6328544617,4600,0,12.3493070602,0,0,4.47609519958,-1.32368826866,7,0,40,0,3,1,0,0,0,1,0,1,0,0,0,0,1,0,1,1,1,10.6328544617,7,0,0,4.47609519958,-1.32368826866,12.3493070602,7
1177,2,109,9,0,29.8000011444,1,,0,0,0,0,1,5,60189.0390625,11.698392868,5100,6150,15.4438877106,11.0020999908,0,5.06368589401,-1.25082182884,7,0,40,0,3,1,0,0,1,1,0,0,0,0,0,0,1,0,1,0,1,10.6328544617,7,0,0,4.47609519958,-1.32368826866,12.3493070602,5
1178,1,109,9,1,5,1,0,0,0,0,0,1,8,44843.8476562,11.404088974,3900,2100,13.5808000565,13.2533912659,10.3089523315,-0.895704388618,2.90144395828,5,0,0,0,2,1,1,0,0,1,1,0,0,0,0,0,1,0,1,1,1,11.404088974,8,10.3089523315,13.2533912659,-0.895704388618,2.90144395828,13.5808000565,8
1178,2,109,9,1,5,1,,0,0,0,0,1,7,41389.3671875,11.3239269257,2400,6100,12.161075592,10.3089523315,6.90775632858,1.20317852497,2.90144395828,5,0,0,0,2,1,0,0,0,1,1,0,0,0,0,0,1,0,1,1,1,11.404088974,8,10.3089523315,13.2533912659,-0.895704388618,2.90144395828,13.5808000565,7
1179,1,109,9,1,5,1,0,0,0,0,0,1,2,3960.36547852,8.97723865509,600,0,12.9886035919,0,0,3.30220127106,0.85428583622,5,0,36,0,2,1,0,0,0,0,0,0,0,0,0,0,1,0,0,0,0,8.97723865509,2,0,0,3.30220127106,0.85428583622,12.9886035919,2
1179,2,109,9,1,5,1,,0,0,0,0,1,5,48542.9921875,11.4833526611,4200,3250,12.3265190125,9.48797225952,10.4341154099,4.93340206146,2.90144395828,5,0,36,0,2,1,0,0,0,1,1,0,0,0,0,0,1,0,1,0,0,8.97723865509,2,0,0,3.30220127106,0.85428583622,12.9886035919,5
1180,1,110,10,1,2.625,1,0,1,0,0,0,0,7,10761.1542969,9.97684574127,2100,0,11.1533603668,9.39266204834,0,-1.54847812653,-2.02547931671,3,0,26,0,3,1,0,0,0,1,1,0,0,0,1,0,1,1,0,0,1,9.97684574127,7,0,9.39266204834,-1.54847812653,-2.02547931671,11.1533603668,7
1180,2,110,10,1,2.625,1,,1,0,0,0,0,8,12615.8652344,10.1358575821,1400,600,11.9716157913,10.5865840912,0,8.5261297226,-1.96752977371,3,0,26,0,3,1,0,0,0,1,1,0,0,0,0,1,1,0,1,1,1,9.97684574127,7,0,9.39266204834,-1.54847812653,-2.02547931671,11.1533603668,8
1181,1,110,10,0,28.5,1,0,1,0,0,0,0,3,16858.9804688,10.4257860184,1150,2150,13.1638889313,0,0,-3.10228562355,2.90144395828,2,0,19,0,3,1,0,0,0,0,0,0,0,0,0,0,1,0,0,0,1,10.4257860184,3,0,0,-3.10228562355,2.90144395828,13.1638889313,3
1181,2,110,10,0,28.5,1,,1,0,0,0,0,5,27709.6542969,10.9226837158,800,2250,12.4829463959,11.512925148,9.39266204834,9.1782283783,0.0796284079552,2,0,19,0,3,1,0,0,1,1,0,0,0,0,0,1,1,0,1,0,0,10.4257860184,3,0,0,-3.10228562355,2.90144395828,13.1638889313,5
1182,1,110,10,1,2.625,1,0,1,0,0,0,0,4,735.307678223,7.29343652725,150,0,8.93590354919,0,8.9871969223,4.61344051361,0.85428583622,6,1,41,0,1,1,0,0,1,0,0,0,0,0,0,1,0,0,0,0,1,7.29343652725,4,8.9871969223,0,4.61344051361,0.85428583622,8.93590354919,4
1182,2,110,10,1,2.625,1,,1,0,0,0,0,3,1569,8.05134105682,200,0,10.7144174576,9.86266517639,0,11.7427043915,-3.37084650993,6,1,41,0,1,0,1,0,1,0,0,0,0,0,0,0,0,0,1,0,0,7.29343652725,4,8.9871969223,0,4.61344051361,0.85428583622,8.93590354919,3
1183,1,110,10,0,28.5,1,0,1,0,0,0,0,2,60767,11.7079496384,3600,5000,14.0252799988,7.78322410583,0,-2.86267089844,-1.32368826866,8,0,60,0,3,1,0,0,1,0,0,0,0,0,0,0,0,0,0,0,0,11.7079496384,2,0,7.78322410583,-2.86267089844,-1.32368826866,14.0252799988,2
1183,2,110,10,0,28.5,1,,1,0,0,0,0,,121717.75,12.4026069641,850,21100,13.9608221054,0,0,2.49233436584,-1.32368826866,8,0,60,0,3,0,1,999,1,1,0,0,0,0,0,0,1,1,0,0,1,11.7079496384,2,0,7.78322410583,-2.86267089844,-1.32368826866,14.0252799988,5
1184,1,110,10,0,28.5,1,0,1,0,0,0,0,5,27540.6152344,10.9165639877,4500,1550,11.33020401,0,0,2.22492623329,2.90144395828,3,0,0,0,3,1,1,0,0,0,0,0,0,0,0,1,1,0,0,0,1,10.9165639877,5,0,0,2.22492623329,2.90144395828,11.33020401,5
1184,2,110,10,0,28.5,1,,1,0,0,0,0,4,41995.9726562,11.338476181,5500,3000,11.8465366364,0,9.54681301117,12.0317792892,2.90144395828,3,0,0,0,3,1,1,1,1,1,0,0,0,0,0,0,1,0,0,0,0,10.9165639877,5,0,0,2.22492623329,2.90144395828,11.33020401,4
1185,1,110,10,1,2.625,1,0,1,0,0,0,0,7,35143.8671875,11.1603527069,300,4600,11.2618970871,0,0,4.61064195633,0.85428583622,3,0,30,0,3,1,0,0,0,1,0,0,0,0,0,1,1,0,1,1,1,11.1603527069,7,0,0,4.61064195633,0.85428583622,11.2618970871,7
1185,2,110,10,1,2.625,1,,1,0,0,0,0,5,4574.65380859,9.12143325806,150,0,11.8565149307,8.51719284058,0,1.90952348709,-3.37084650993,3,0,30,0,3,1,0,0,0,1,0,0,0,0,0,1,0,0,1,0,1,11.1603527069,7,0,0,4.61064195633,0.85428583622,11.2618970871,5
1186,1,110,10,0,28.5,1,0,1,0,0,0,0,4,8088.38476562,9.6913318634,200,1400,9.29651832581,9.95227813721,10.085808754,-3.84709954262,-4.1455039978,2,1,30,0,1,1,0,0,0,1,0,0,0,0,0,0,1,0,0,0,1,9.6913318634,4,10.085808754,9.95227813721,-3.84709954262,-4.1455039978,9.29651832581,4
1186,2,110,10,0,28.5,1,,1,0,0,0,0,4,16575.6914062,10.4088401794,3500,0,11.097410202,9.03598690033,8.69951438904,2.47011351585,-1.26573896408,2,1,30,0,1,1,0,0,0,0,0,0,0,0,0,0,1,0,1,0,1,9.6913318634,4,10.085808754,9.95227813721,-3.84709954262,-4.1455039978,9.29651832581,4
1187,1,110,10,1,2.625,1,0,1,0,0,0,0,4,17760.8652344,10.4778995514,2100,650,14.0298147202,0,0,-0.796684384346,2.90144395828,3,0,42,0,1,0,0,0,0,1,0,0,0,0,0,0,1,0,0,1,1,10.4778995514,4,0,0,-0.796684384346,2.90144395828,14.0298147202,4
1187,2,110,10,1,2.625,1,,1,0,0,0,0,3,26302.6152344,10.8705711365,1650,3300,12.6014871597,0,0,8.86585617065,-4.1455039978,3,0,42,0,1,1,0,0,0,1,0,0,0,0,0,0,1,0,0,0,0,10.4778995514,4,0,0,-0.796684384346,2.90144395828,14.0298147202,3
1188,1,110,10,1,2.625,1,0,1,0,0,0,0,5,13142.2792969,10.1767368317,2300,0,12.7437353134,0,11.9829292297,-0.898657798767,2.90144395828,3,0,27,0,3,0,0,0,0,1,1,0,0,1,0,0,1,0,1,0,0,10.1767368317,5,11.9829292297,0,-0.898657798767,2.90144395828,12.7437353134,5
1188,2,110,10,1,2.625,1,,1,0,0,0,0,5,10897533,16.1621856689,4600,2502500,12.6128702164,10.7621488571,0,6.67831802368,2.90144395828,3,0,27,0,3,1,1,1,1,1,0,0,0,0,0,0,1,0,0,0,1,10.1767368317,5,11.9829292297,0,-0.898657798767,2.90144395828,12.7437353134,5
1189,1,110,10,1,2.625,1,0,1,0,0,0,0,2,60019.4921875,11.6955718994,1000,12800,12.0650854111,0,10.2399597168,-0.248965024948,-3.37084650993,5,1,42,0,1,1,0,0,0,0,0,0,0,0,0,0,1,0,0,0,0,11.6955718994,2,10.2399597168,0,-0.248965024948,-3.37084650993,12.0650854111,2
1189,2,110,10,1,2.625,1,,1,0,0,0,0,5,49716.2890625,11.507235527,2300,9000,12.6501169205,9.21034049988,0,7.04660654068,-4.07263755798,5,1,42,0,1,1,1,0,1,0,0,0,0,0,0,0,1,0,0,0,1,11.6955718994,2,10.2399597168,0,-0.248965024948,-3.37084650993,12.0650854111,5
1190,1,110,10,1,2.625,1,0,1,0,0,0,0,5,22925,10.733130455,4400,600,13.4895029068,10.2399597168,0,5.64851236343,2.90144395828,3,0,42,0,3,0,0,0,0,1,0,0,0,0,0,0,1,0,1,1,1,10.733130455,5,0,10.2399597168,5.64851236343,2.90144395828,13.4895029068,5
1190,2,110,10,1,2.625,1,,1,0,0,0,0,11,61558.0390625,11.7208833694,6800,5400,12.210064888,13.0433197021,0,9.10368156433,2.90144395828,3,0,42,0,3,1,1,0,1,1,1,1,1,1,1,0,1,1,1,1,1,10.733130455,5,0,10.2399597168,5.64851236343,2.90144395828,13.4895029068,11
1191,1,110,10,1,2.625,1,0,1,0,0,0,0,4,19384.8457031,10.5653944016,750,1300,13.052365303,10.3734912872,10.1961574554,-1.32729959488,0.781419277191,4,0,32,0,2,1,0,0,0,0,0,0,0,0,0,0,1,0,1,0,1,10.5653944016,4,10.1961574554,10.3734912872,-1.32729959488,0.781419277191,13.052365303,4
1191,2,110,10,1,2.625,1,,1,0,0,0,0,7,27985.6347656,10.9325933456,3450,1200,11.7973518372,9.87302875519,8.9871969223,0.626409769058,-1.32368826866,4,0,32,0,2,1,1,0,0,1,0,0,0,0,0,1,1,0,1,0,1,10.5653944016,4,10.1961574554,10.3734912872,-1.32729959488,0.781419277191,13.052365303,7
1192,1,111,9,0,36.75,1,0,1,0,0,0,0,5,11397,10.0342521667,2600,0,11.1676139832,0,0,-5.67989730835,-3.37084650993,2,0,42,0,3,0,1,0,1,0,0,0,0,0,0,0,1,0,1,0,1,10.0342521667,5,0,0,-5.67989730835,-3.37084650993,11.1676139832,5
1192,2,111,9,0,36.75,1,,1,0,0,0,0,3,18228.5195312,10.5038900375,3700,0,10.9437646866,0,0,0.658520638943,0.85428583622,2,0,42,0,3,1,1,0,0,0,0,0,0,0,0,0,1,0,0,0,0,10.0342521667,5,0,0,-5.67989730835,-3.37084650993,11.1676139832,3
1193,1,111,9,1,2.375,1,0,1,0,0,0,0,4,3342.03857422,8.8074836731,600,0,10.3920679092,0,0,-2.0140786171,-1.96752977371,3,0,64,0,1,0,1,0,0,1,0,0,0,0,0,0,1,0,0,0,1,8.8074836731,4,0,0,-2.0140786171,-1.96752977371,10.3920679092,4
1193,2,111,9,1,2.375,1,,1,0,0,0,0,3,10477.8652344,9.95016765594,2350,0,9.71715831757,0,0,-2.9672498703,-4.07263755798,3,0,64,0,1,1,0,0,0,1,0,0,0,0,0,0,1,0,0,0,0,8.8074836731,4,0,0,-2.0140786171,-1.96752977371,10.3920679092,3
1194,1,111,9,1,2.375,1,0,1,0,0,0,0,3,2473.30761719,8.50645923615,500,0,14.9324541092,0,8.294049263,3.0473446846,2.90144395828,5,1,44,0,2,1,0,0,0,0,1,0,0,0,0,0,1,0,0,0,0,8.50645923615,3,8.294049263,0,3.0473446846,2.90144395828,14.9324541092,3
1194,2,111,9,1,2.375,1,,1,0,0,0,0,6,23652.8945312,10.7643880844,900,3750,11.7829523087,0,9.90348720551,-0.240767002106,2.90144395828,5,1,44,0,2,1,0,0,0,1,1,1,0,0,0,0,1,0,0,1,1,8.50645923615,3,8.294049263,0,3.0473446846,2.90144395828,14.9324541092,6
1195,1,111,9,1,2.375,1,0,1,0,0,0,0,1,13937.4228516,10.2354803085,2900,0,9.8521938324,0,9.68034362793,8.28071117401,-1.32368826866,6,0,32,0,3,1,0,0,0,0,0,0,0,0,0,0,0,0,0,0,0,10.2354803085,1,9.68034362793,0,8.28071117401,-1.32368826866,9.8521938324,1
1195,2,111,9,1,2.375,1,,1,0,0,0,0,4,4257.40380859,9.04956245422,500,0,13.4227638245,7.78322410583,0,3.90009593964,0.781419277191,6,0,32,0,3,1,0,0,1,0,0,0,0,0,0,0,1,0,1,0,0,10.2354803085,1,9.68034362793,0,8.28071117401,-1.32368826866,9.8521938324,4
1196,1,111,9,1,2.375,1,0,1,0,0,0,0,1,1756783.375,15.072142601,4000,400000,9.35876083374,0,0,1.33075964451,0.781419277191,9,0,46,0,2,0,1,0,0,0,0,0,0,0,0,0,0,0,0,0,0,15.072142601,1,0,0,1.33075964451,0.781419277191,9.35876083374,1
1196,2,111,9,1,2.375,1,,1,0,0,0,0,5,511438.3125,13.8381290436,6800,110500,12.6035051346,8.69951438904,0,-1.66386127472,0.781419277191,9,0,46,0,2,1,0,0,1,1,0,0,0,0,1,0,1,0,1,0,0,15.072142601,1,0,0,1.33075964451,0.781419277191,9.35876083374,5
1197,1,111,9,1,2.375,1,0,1,0,0,0,0,4,49395.5390625,11.5007629395,5200,5500,11.1844215393,8.85366535187,9.21034049988,-2.96076631546,0.85428583622,7,0,44,0,2,0,0,1,0,1,0,0,0,0,0,0,1,0,1,0,1,11.5007629395,4,9.21034049988,8.85366535187,-2.96076631546,0.85428583622,11.1844215393,4
1197,2,111,9,1,2.375,1,,1,0,0,0,0,5,26436.4414062,10.8756456375,3000,2500,11.9447078705,9.86266517639,9.21034049988,1.48760902882,-3.37084650993,7,0,44,0,2,1,0,0,0,1,0,0,0,0,0,0,1,0,1,0,1,11.5007629395,4,9.21034049988,8.85366535187,-2.96076631546,0.85428583622,11.1844215393,5
1198,1,111,9,1,2.375,1,0,1,0,0,0,0,5,20805.8652344,10.6361370087,4600,0,9.77565383911,8.85366535187,0,-1.19329679012,0.781419277191,6,0,29,0,2,1,0,0,0,0,0,0,0,0,0,0,1,1,1,1,0,10.6361370087,5,0,8.85366535187,-1.19329679012,0.781419277191,9.77565383911,5
1198,2,111,9,1,2.375,1,,1,0,0,0,0,6,76283.0546875,11.9353532791,13600,2800,12.1787014008,11.0666379929,12.8992195129,0.187616378069,-5.49308681488,6,0,29,0,2,1,0,0,0,1,0,0,0,0,0,0,1,0,1,1,1,10.6361370087,5,0,8.85366535187,-1.19329679012,0.781419277191,9.77565383911,6
1199,1,111,9,1,2.375,1,0,1,0,0,0,0,1,50034.3476562,11.5136117935,1000,10500,17.4067611694,0,0,-3.45057678223,2.90144395828,10,0,57,0,3,1,0,0,0,0,0,0,0,0,0,0,0,0,0,0,0,11.5136117935,1,0,0,-3.45057678223,2.90144395828,17.4067611694,1
1199,2,111,9,1,2.375,1,,1,0,0,0,0,6,69500.328125,11.8422336578,3150,12400,11.2063999176,8.90923500061,7.49554204941,5.87921571732,0.85428583622,10,0,57,0,3,1,1,1,1,1,0,1,0,0,0,0,1,0,0,0,1,11.5136117935,1,0,0,-3.45057678223,2.90144395828,17.4067611694,6
1200,1,111,9,0,36.75,1,0,1,0,0,0,0,2,4486.77880859,9.10203742981,100,900,9.68034362793,0,6.90775632858,4.26202964783,0.0796284079552,3,1,32,0,3,1,0,0,0,0,0,0,0,0,0,0,1,0,0,0,0,9.10203742981,2,6.90775632858,0,4.26202964783,0.0796284079552,9.68034362793,2
1200,2,111,9,0,36.75,1,,1,0,0,0,0,5,18254.5292969,10.5053157806,1300,2400,9.53242397308,8.76405334473,0,3.80766820908,-6.19266223907,3,1,32,0,3,0,0,0,0,1,0,0,0,0,0,1,1,0,1,0,1,9.10203742981,2,6.90775632858,0,4.26202964783,0.0796284079552,9.68034362793,5
1201,1,111,9,0,36.75,1,0,1,0,0,0,0,,17630.6738281,10.4705429077,0,4000,9.51782512665,7.60090255737,0,-7.24311733246,-4.07263755798,2,1,88,0,1,888,0,0,0,1,0,0,0,0,0,0,1,0,1,1,1,10.4705429077,5,0,7.60090255737,-7.24311733246,-4.07263755798,9.51782512665,5
1201,2,111,9,0,36.75,1,,1,0,0,0,0,4,10742.8271484,9.97514057159,300,1400,12.4057426453,8.294049263,0,4.309030056,0.85428583622,2,1,88,0,1,1,0,0,0,0,0,0,0,0,0,0,1,0,0,1,1,10.4705429077,5,0,7.60090255737,-7.24311733246,-4.07263755798,9.51782512665,4
1202,1,111,9,0,36.75,1,0,1,0,0,0,0,3,10285.6826172,9.93165493011,1500,450,10.4458122253,0,0,6.23171186447,0.85428583622,4,0,35,0,3,0,1,0,0,0,0,0,0,0,0,0,1,0,0,0,1,9.93165493011,3,0,0,6.23171186447,0.85428583622,10.4458122253,3
1202,2,111,9,0,36.75,1,,1,0,0,0,0,5,24303.9707031,10.7915420532,2600,2500,10.0078477859,9.86266517639,10.3089523315,4.82206058502,-1.25082182884,4,0,35,0,3,1,0,0,0,1,0,0,0,0,0,0,1,0,1,0,1,9.93165493011,3,0,0,6.23171186447,0.85428583622,10.4458122253,5
1203,1,111,9,1,2.375,1,0,1,0,0,0,0,3,46838.9414062,11.4476175308,10000,0,11.4008760452,0,9.68034362793,7.12402248383,0.0796284079552,3,0,23,0,2,1,0,0,0,0,0,0,1,0,0,0,1,0,0,0,0,11.4476175308,3,9.68034362793,0,7.12402248383,0.0796284079552,11.4008760452,3
1203,2,111,9,1,2.375,1,,1,0,0,0,0,6,24446.34375,10.7973833084,4460,0,9.72913455963,7.60090255737,0,6.13585090637,-2.02547931671,3,0,23,0,2,1,1,0,0,1,0,0,0,0,0,0,1,0,1,1,0,11.4476175308,3,9.68034362793,0,7.12402248383,0.0796284079552,11.4008760452,6
1204,1,112,10,1,2.75,1,0,0,0,0,0,1,8,40138.421875,11.2932367325,7300,1400,13.4151821136,11.3144741058,0,0.793256044388,2.90144395828,4,0,27,0,3,1,0,0,1,1,1,0,0,0,0,0,1,1,1,1,1,11.2932367325,8,0,11.3144741058,0.793256044388,2.90144395828,13.4151821136,8
1204,2,112,10,1,2.75,1,,0,0,0,0,1,6,45659.1640625,11.4221067429,5000,3600,13.168674469,11.6118650436,11.8493976593,8.35915565491,0.781419277191,4,0,27,0,3,1,0,0,1,1,0,0,0,0,0,0,1,0,1,1,1,11.2932367325,8,0,11.3144741058,0.793256044388,2.90144395828,13.4151821136,6
1205,1,112,10,1,2.75,1,0,0,0,0,0,1,6,31701.5195312,11.057267189,7100,0,12.4776248932,11.8493976593,0,0.46047437191,0.79633641243,3,0,22,0,3,1,0,0,0,1,1,0,0,0,0,0,1,0,0,1,1,11.057267189,6,0,11.8493976593,0.46047437191,0.79633641243,12.4776248932,6
1205,2,112,10,1,2.75,1,,0,0,0,0,1,3,239065.84375,13.0776414871,49500,5000,12.0872888565,13.0731735229,0,7.01138687134,2.90144395828,3,0,22,0,3,1,0,0,1,0,0,0,0,0,0,0,0,0,0,1,0,11.057267189,6,0,11.8493976593,0.46047437191,0.79633641243,12.4776248932,3
1206,1,112,10,0,14.75,1,0,0,0,0,0,1,6,60850.5195312,11.7093229294,6700,4100,11.049238205,12.2060728073,10.5966348648,0.704841136932,-1.32368826866,3,0,27,0,3,1,0,0,0,0,1,0,0,0,0,0,1,1,1,1,0,11.7093229294,6,10.5966348648,12.2060728073,0.704841136932,-1.32368826866,11.049238205,6
1206,2,112,10,0,14.75,1,,0,0,0,0,1,4,291366.84375,13.2754859924,7200,50900,12.404923439,13.0731735229,0,4.79739665985,2.90144395828,3,0,27,0,3,0,0,0,0,0,0,0,0,1,0,0,0,0,1,1,1,11.7093229294,6,10.5966348648,12.2060728073,0.704841136932,-1.32368826866,11.049238205,4
1207,1,112,10,0,14.75,1,0,0,0,0,0,1,2,17814.5,10.4809150696,100,4000,13.4450263977,0,0,-4.16436958313,-1.32368826866,3,0,35,0,1,1,1,0,0,0,0,0,0,0,0,0,0,0,0,0,0,10.4809150696,2,0,0,-4.16436958313,-1.32368826866,13.4450263977,2
1207,2,112,10,0,14.75,1,,0,0,0,0,1,2,30150.8652344,11.0071163177,2000,3750,11.7101354599,0,9.68034362793,6.6193318367,-1.25082182884,3,0,35,0,1,1,0,0,0,0,0,0,0,0,0,0,0,0,0,1,0,10.4809150696,2,0,0,-4.16436958313,-1.32368826866,13.4450263977,2
1208,1,112,10,1,2.75,1,0,0,0,0,0,1,4,18105.0664062,10.4970941544,1100,2700,12.4576091766,8.69951438904,0,-2.81258392334,-1.32368826866,3,0,30,0,3,1,0,0,0,1,0,0,0,0,0,0,1,0,0,0,1,10.4970941544,4,0,8.69951438904,-2.81258392334,-1.32368826866,12.4576091766,4
1208,2,112,10,1,2.75,1,,0,0,0,0,1,4,24186.7207031,10.7867059708,2700,2000,12.2239122391,0,0,3.43149065971,-1.26573896408,3,0,30,0,3,1,0,0,0,0,0,0,0,0,0,0,1,0,1,0,1,10.4970941544,4,0,8.69951438904,-2.81258392334,-1.32368826866,12.4576091766,4
1209,1,112,10,1,2.75,1,0,0,0,0,0,1,4,9341.21191406,9.83533859253,1900,0,11.0728693008,9.39266204834,6.68461322784,-2.93645429611,-1.32368826866,3,0,39,0,3,1,1,0,1,0,0,0,0,0,0,1,0,0,0,0,0,9.83533859253,4,6.68461322784,9.39266204834,-2.93645429611,-1.32368826866,11.0728693008,4
1209,2,112,10,1,2.75,1,,0,0,0,0,1,5,117618.289062,12.368347168,1000,25300,12.9858560562,8.69951438904,9.68034362793,6.04518795013,2.90144395828,3,0,39,0,3,0,1,1,0,1,0,0,0,0,0,0,1,0,1,0,1,9.83533859253,4,6.68461322784,9.39266204834,-2.93645429611,-1.32368826866,11.0728693008,5
1210,1,112,10,1,2.75,1,0,0,0,0,0,1,2,25339.2792969,10.8332586288,500,4750,12.0736837387,10.118598938,8.69951438904,-0.737852990627,-1.32368826866,3,0,60,0,3,0,0,1,0,0,0,0,0,0,0,0,1,0,0,0,0,10.8332586288,2,8.69951438904,10.118598938,-0.737852990627,-1.32368826866,12.0736837387,2
1210,2,112,10,1,2.75,1,,0,0,0,0,1,6,26731.875,10.8867588043,1100,3400,12.1270294189,9.30565071106,8.294049263,5.76703357697,-1.32368826866,3,0,60,0,3,1,1,0,1,0,0,0,0,0,0,0,1,0,1,0,1,10.8332586288,2,8.69951438904,10.118598938,-0.737852990627,-1.32368826866,12.0736837387,6
1211,1,112,10,1,2.75,1,0,0,0,0,0,1,5,10759.1347656,9.97665786743,450,1500,13.4933748245,7.09007740021,0,-2.71850562096,-5.42022037506,4,0,30,0,3,1,0,0,0,1,0,0,0,0,0,0,1,1,0,0,1,9.97665786743,5,0,7.09007740021,-2.71850562096,-5.42022037506,13.4933748245,5
1211,2,112,10,1,2.75,1,,0,0,0,0,1,8,138251.0625,12.5299739838,9100,17500,12.9355516434,9.72913455963,0,3.37630462646,0.85428583622,4,0,30,0,3,1,1,0,0,1,0,0,0,0,0,1,1,1,1,1,0,9.97665786743,5,0,7.09007740021,-2.71850562096,-5.42022037506,13.4933748245,8
1212,1,112,10,1,2.75,1,0,0,0,0,0,1,7,9674.90429688,9.87043762207,900,600,13.4571199417,9.16951847076,7.09007740021,-0.33047825098,-1.25082182884,6,0,38,0,3,1,1,1,0,1,0,0,0,0,0,0,1,1,1,0,1,9.87043762207,7,7.09007740021,9.16951847076,-0.33047825098,-1.25082182884,13.4571199417,7
1212,2,112,10,1,2.75,1,,0,0,0,0,1,5,88634.09375,12.0854187012,200,19000,13.8710403442,9.68034362793,0,4.87085866928,0.85428583622,6,0,38,0,3,1,1,0,1,1,0,0,0,0,0,0,1,0,1,0,0,9.87043762207,7,7.09007740021,9.16951847076,-0.33047825098,-1.25082182884,13.4571199417,5
1213,1,112,10,0,14.75,1,0,0,0,0,0,1,3,15791.0576172,10.3603458405,2000,0,11.5805845261,0,11.9316358566,1.73564934731,-2.04039621353,3,0,48,0,1,0,0,0,0,1,0,0,0,0,0,0,1,0,0,1,0,10.3603458405,3,11.9316358566,0,1.73564934731,-2.04039621353,11.5805845261,3
1213,2,112,10,0,14.75,1,,0,0,0,0,1,3,24674.5957031,10.8066768646,850,4000,13.3561697006,10.9612779617,0,8.39070892334,0.781419277191,3,0,48,0,1,1,0,0,1,1,0,0,0,0,0,0,0,0,1,0,0,10.3603458405,3,11.9316358566,0,1.73564934731,-2.04039621353,11.5805845261,3
1214,1,112,10,0,14.75,1,0,0,0,0,0,1,4,4301.33642578,9.05982780457,800,0,11.2252435684,0,7.60090255737,-0.213484764099,0.85428583622,2,0,18,1,1,1,0,0,0,1,0,0,0,0,0,0,1,0,1,0,0,9.05982780457,4,7.60090255737,0,-0.213484764099,0.85428583622,11.2252435684,4
1214,2,112,10,0,14.75,1,,0,0,0,0,1,5,3224.25,8.77160263062,650,0,10.9612779617,0,7.2442278862,-0.319873273373,-1.25082182884,2,0,18,1,1,1,1,0,1,0,0,0,0,0,0,0,1,0,0,0,1,9.05982780457,4,7.60090255737,0,-0.213484764099,0.85428583622,11.2252435684,5
1215,1,112,10,1,2.75,1,0,0,0,0,0,1,5,3273.5769043,8.78678607941,400,0,10.3703613281,9.08250713348,9.39266204834,-0.990005612373,2.90144395828,5,0,37,0,3,1,1,0,1,0,0,0,0,0,0,0,1,0,1,0,0,8.78678607941,5,9.39266204834,9.08250713348,-0.990005612373,2.90144395828,10.3703613281,5
1215,2,112,10,1,2.75,1,,0,0,0,0,1,7,32689.2597656,11.0879487991,2800,2500,12.665394783,10.1886663437,7.60090255737,1.11768364906,-1.32368826866,5,0,37,0,3,1,0,0,1,1,0,0,0,0,0,1,1,0,1,1,1,8.78678607941,5,9.39266204834,9.08250713348,-0.990005612373,2.90144395828,10.3703613281,7
1216,1,113,10,0,15.7499990463,1,0,0,1,0,0,0,7,57161.0390625,11.6467752457,5700,4800,13.3152952194,11.1124477386,0,-2.97925949097,2.90144395828,6,0,50,0,3,1,0,0,1,1,0,0,0,0,0,0,1,1,1,1,1,11.6467752457,7,0,11.1124477386,-2.97925949097,2.90144395828,13.3152952194,7
1216,2,113,10,0,15.7499990463,1,,0,1,0,0,0,5,133996.234375,12.498714447,7100,22000,12.6779499054,0,0,8.82072544098,2.90144395828,6,0,50,0,3,1,0,1,1,0,0,0,0,0,0,0,0,1,1,1,0,11.6467752457,7,0,11.1124477386,-2.97925949097,2.90144395828,13.3152952194,5
1217,1,113,10,1,2.75,1,0,0,1,0,0,0,2,9222.34570312,9.82253170013,1200,600,11.8393478394,10.5966348648,6.90775632858,-0.332652807236,0.85428583622,2,0,26,0,2,1,0,0,0,0,0,0,0,0,0,0,1,0,0,0,0,9.82253170013,2,6.90775632858,10.5966348648,-0.332652807236,0.85428583622,11.8393478394,2
1217,2,113,10,1,2.75,1,,0,1,0,0,0,3,24890.7695312,10.8153991699,3950,800,9.05951786041,8.00636768341,9.54681301117,7.48053121567,-3.37084650993,2,0,26,0,2,1,0,0,0,1,0,0,0,0,0,0,1,0,0,0,0,9.82253170013,2,6.90775632858,10.5966348648,-0.332652807236,0.85428583622,11.8393478394,3
1218,1,113,10,0,15.7499990463,1,0,0,1,0,0,0,8,61609.7890625,11.7217235565,7200,3150,13.2089080811,10.896739006,10.49127388,-2.31177258492,2.90144395828,4,0,64,0,3,1,0,1,0,1,0,1,0,0,0,1,1,1,1,0,1,11.7217235565,8,10.49127388,10.896739006,-2.31177258492,2.90144395828,13.2089080811,8
1218,2,113,10,0,15.7499990463,1,,0,1,0,0,0,5,75854.25,11.9297161102,3400,10100,12.1420669556,11.7117767334,0,2.8843896389,2.90144395828,4,0,64,0,3,1,0,0,1,1,0,0,0,0,0,0,1,0,1,0,1,11.7217235565,8,10.49127388,10.896739006,-2.31177258492,2.90144395828,13.2089080811,5
1219,1,113,10,0,15.7499990463,1,0,0,1,0,0,0,8,124539.867188,12.4255285263,9600,10100,14.7341985703,13.1615839005,13.5567398071,9.3497800827,2.90144395828,6,0,36,0,3,1,0,1,1,1,1,1,0,0,0,1,1,0,1,1,1,12.4255285263,8,13.5567398071,13.1615839005,9.3497800827,2.90144395828,14.7341985703,8
1219,2,113,10,0,15.7499990463,1,,0,1,0,0,0,5,330259776,16.1621856689,3600,76003000,14.978723526,13.0731735229,0,8.20020008087,2.90144395828,6,0,36,0,3,1,0,0,0,1,0,1,0,0,0,0,1,0,1,0,0,12.4255285263,8,13.5567398071,13.1615839005,9.3497800827,2.90144395828,14.7341985703,5
1220,1,113,10,1,2.75,1,0,0,1,0,0,0,5,14995.1054688,10.3086261749,900,2000,11.4186143875,10.4341154099,9.21034049988,2.40865778923,2.90144395828,3,0,30,0,2,1,0,0,0,1,0,0,0,0,0,0,1,0,1,1,0,10.3086261749,5,9.21034049988,10.4341154099,2.40865778923,2.90144395828,11.4186143875,5
1220,2,113,10,1,2.75,1,,0,1,0,0,0,3,434.5,7.46049070358,100,0,9.89343738556,0,0,11.2380132675,-6.19266223907,3,0,30,0,2,1,0,1,1,0,0,0,0,0,0,0,0,0,1,0,0,10.3086261749,5,9.21034049988,10.4341154099,2.40865778923,2.90144395828,11.4186143875,3
1221,1,113,10,1,2.75,1,0,0,1,0,0,0,5,46689.3476562,11.4444189072,5100,5300,14.5638084412,10.8395805359,0,6.0484380722,-1.26573896408,6,0,45,0,3,1,0,0,0,1,0,0,1,1,0,1,1,0,0,0,0,11.4444189072,5,0,10.8395805359,6.0484380722,-1.26573896408,14.5638084412,5
1221,2,113,10,1,2.75,1,,0,1,0,0,0,5,63668.0273438,11.7545852661,1300,10000,13.787317276,12.1589813232,8.69951438904,12.5024719238,0.85428583622,6,0,45,0,3,1,0,0,0,1,0,0,0,0,0,0,1,0,1,0,1,11.4444189072,5,0,10.8395805359,6.0484380722,-1.26573896408,14.5638084412,5
1222,1,113,10,1,2.75,1,0,0,1,0,0,0,4,27804.9042969,10.926115036,5500,0,13.8440980911,9.90348720551,0,8.49756813049,-3.37084650993,7,0,39,0,3,0,0,0,0,1,0,0,0,0,0,0,1,0,1,0,1,10.926115036,4,0,9.90348720551,8.49756813049,-3.37084650993,13.8440980911,4
1222,2,113,10,1,2.75,1,,0,1,0,0,0,8,60067.5,11.6963710785,5300,5200,14.5104560852,11.6262540817,0,12.8945274353,-1.32368826866,7,0,39,0,3,1,1,0,1,0,1,1,0,0,0,0,1,1,1,1,0,10.926115036,4,0,9.90348720551,8.49756813049,-3.37084650993,13.8440980911,8
1223,1,113,10,0,15.7499990463,1,0,0,1,0,0,0,1,500,6.90775632858,0,0,10.8893041611,0,0,2.46910810471,-3.37084650993,6,1,44,0,1,0,0,0,0,0,0,0,0,0,0,0,1,0,0,0,0,6.90775632858,1,0,0,2.46910810471,-3.37084650993,10.8893041611,1
1223,2,113,10,0,15.7499990463,1,,0,1,0,0,0,4,20334.1601562,10.6132049561,12,2250,10.4744672775,0,0,7.92576980591,2.90144395828,6,1,44,0,1,0,1,0,0,1,0,0,0,0,0,0,1,0,0,0,1,6.90775632858,1,0,0,2.46910810471,-3.37084650993,10.8893041611,4
1224,1,113,10,1,2.75,1,0,0,1,0,0,0,8,39520.5,11.2777223587,7600,1300,11.4230003357,0,0,-3.03011417389,0.781419277191,7,0,51,0,3,1,1,1,0,0,1,0,0,1,0,1,1,0,1,0,0,11.2777223587,8,0,0,-3.03011417389,0.781419277191,11.4230003357,8
1224,2,113,10,1,2.75,1,,0,1,0,0,0,8,68967.484375,11.8345375061,9100,2500,12.8320112228,11.2897815704,0,3.14186477661,-5.49308681488,7,0,51,0,3,1,1,1,1,1,1,0,0,0,0,1,1,0,1,1,0,11.2777223587,8,0,0,-3.03011417389,0.781419277191,11.4230003357,8
1225,1,113,10,1,2.75,1,0,0,1,0,0,0,8,354187.3125,13.4707279205,10500,68400,12.395866394,11.7440376282,0,0.626409769058,-1.32368826866,6,0,90,0,1,1,1,1,1,1,0,0,0,0,0,1,1,0,1,1,1,13.4707279205,8,0,11.7440376282,0.626409769058,-1.32368826866,12.395866394,8
1225,2,113,10,1,2.75,1,,0,1,0,0,0,5,43447.5976562,11.3724584579,3000,5000,11.2618970871,10.7789564133,10.49127388,5.16242265701,-5.49308681488,6,0,90,0,1,1,1,1,0,1,0,0,0,0,0,0,1,0,1,0,0,13.4707279205,8,0,11.7440376282,0.626409769058,-1.32368826866,12.395866394,5
1226,1,113,10,1,2.75,1,0,0,1,0,0,0,7,6307.39404297,9.44262504578,1000,0,11.939499855,10.5453414917,0,-3.1954126358,0.781419277191,8,1,57,0,1,1,1,1,0,1,0,0,0,0,0,0,1,1,1,1,0,9.44262504578,7,0,10.5453414917,-3.1954126358,0.781419277191,11.939499855,7
1226,2,113,10,1,2.75,1,,0,1,0,0,0,6,31083.0957031,11.037566185,600,2800,13.5192584991,10.6310358047,0,4.97512960434,2.90144395828,8,1,57,0,1,1,1,1,0,1,0,0,0,0,0,0,1,1,1,0,0,9.44262504578,7,0,10.5453414917,-3.1954126358,0.781419277191,11.939499855,6
1227,1,113,10,1,2.75,1,0,0,1,0,0,0,3,33498.0195312,11.1123886108,1200,5600,9.91343784332,0,8.294049263,-5.04793834686,2.90144395828,6,0,39,0,1,1,0,1,0,1,0,0,0,0,0,0,0,0,0,0,1,11.1123886108,3,8.294049263,0,-5.04793834686,2.90144395828,9.91343784332,3
1227,2,113,10,1,2.75,1,,0,1,0,0,0,7,3519121.5,15.766869545,6000,802000,11.0572195053,9.92329025269,8.00636768341,7.19957828522,-1.25082182884,6,0,39,0,1,1,1,1,1,1,0,0,0,0,0,0,1,0,1,1,1,11.1123886108,3,8.294049263,0,-5.04793834686,2.90144395828,9.91343784332,7
1228,1,114,10,0,29,1,0,0,0,0,0,0,3,17627.1738281,10.4703445435,700,3000,11.7051973343,7.86326694489,9.54681301117,4.69085645676,2.90144395828,4,1,60,0,3,0,0,0,1,0,0,0,0,0,0,0,0,0,1,0,1,10.4703445435,3,9.54681301117,7.86326694489,4.69085645676,2.90144395828,11.7051973343,3
1228,2,114,10,0,29,1,,0,0,0,0,0,3,15523.1347656,10.3432340622,3000,200,10.9114456177,10.0345153809,8.24275684357,10.2324991226,-1.32368826866,4,1,60,0,3,0,0,0,0,1,0,0,0,0,0,0,1,0,1,0,0,10.4703445435,3,9.54681301117,7.86326694489,4.69085645676,2.90144395828,11.7051973343,3
1229,1,114,10,0,29,1,0,0,0,0,0,0,3,77230.625,11.9476985931,5350,12150,13.7041320801,0,8.51719284058,-10.5777549744,2.90144395828,4,1,54,0,2,1,0,0,0,1,0,0,0,0,0,0,0,0,0,1,0,11.9476985931,3,8.51719284058,0,-10.5777549744,2.90144395828,13.7041320801,3
1229,2,114,10,0,29,1,,0,0,0,0,0,6,66411.796875,11.7967767715,5700,8300,12.9418001175,10.1266307831,10.7363967896,7.26367473602,0.85428583622,4,1,54,0,2,1,1,0,0,1,0,0,0,0,0,0,1,0,1,0,1,11.9476985931,3,8.51719284058,0,-10.5777549744,2.90144395828,13.7041320801,6
1230,1,114,10,1,4.875,1,0,0,0,0,0,0,7,61936.203125,11.7270069122,8850,4550,12.7536039352,10.5966348648,0,1.40863335133,2.90144395828,6,0,49,0,3,1,1,0,1,1,1,0,0,0,0,0,1,0,1,0,1,11.7270069122,7,0,10.5966348648,1.40863335133,2.90144395828,12.7536039352,7
1230,2,114,10,1,4.875,1,,0,0,0,0,0,6,99013.9921875,12.1961631775,3300,6200,13.3629541397,11.2897815704,4.60527038574,7.55794715881,-1.32368826866,6,0,49,0,3,1,0,0,0,1,0,0,0,0,0,0,1,0,1,1,1,11.7270069122,7,0,10.5966348648,1.40863335133,2.90144395828,12.7536039352,6
1231,1,114,10,1,4.875,1,0,0,0,0,0,0,4,2101.61547852,8.3436088562,100,0,9.79812717438,0,10.3089523315,-2.21070623398,-3.31511259079,2,1,24,0,1,1,0,0,0,0,0,0,0,0,0,0,1,0,1,0,1,8.3436088562,4,10.3089523315,0,-2.21070623398,-3.31511259079,9.79812717438,4
1231,2,114,10,1,4.875,1,,0,0,0,0,0,6,20708.2988281,10.6314373016,650,3500,11.7280368805,0,9.79812717438,5.46951198578,-1.26573896408,2,1,24,0,1,1,1,1,0,0,0,0,0,0,0,0,1,0,1,1,0,8.3436088562,4,10.3089523315,0,-2.21070623398,-3.31511259079,9.79812717438,6
1232,1,114,10,1,4.875,1,0,0,0,0,0,0,6,9592.97070312,9.86193275452,300,0,11.1647853851,0,12.1007118225,3.36383223534,-2.04039621353,4,0,23,0,3,1,0,0,1,1,0,1,0,0,0,0,1,0,1,0,1,9.86193275452,6,12.1007118225,0,3.36383223534,-2.04039621353,11.1647853851,6
1232,2,114,10,1,4.875,1,,0,0,0,0,0,4,14054.6826172,10.2438583374,400,1500,10.3545627594,0,9.90348720551,1.19318187237,-1.32368826866,4,0,23,0,3,1,0,1,0,1,0,0,0,0,0,0,1,0,0,0,1,9.86193275452,6,12.1007118225,0,3.36383223534,-2.04039621353,11.1647853851,4
1233,1,114,10,0,29,1,0,0,0,0,0,0,1,116532.765625,12.3590745926,2850,15000,14.7717065811,0,0,6.73808574677,2.90144395828,7,0,55,0,3,0,0,0,0,0,0,0,0,0,0,0,0,1,0,0,0,12.3590745926,1,0,0,6.73808574677,2.90144395828,14.7717065811,1
1233,2,114,10,0,29,1,,0,0,0,0,0,8,114273.578125,12.3394975662,4400,3000,14.5428657532,13.0731735229,13.8155107498,3.75981521606,0.79633641243,7,0,55,0,3,1,0,1,1,1,1,0,0,0,0,0,1,1,1,1,1,12.3590745926,1,0,0,6.73808574677,2.90144395828,14.7717065811,8
1234,1,114,10,1,4.875,1,0,0,0,0,0,0,2,1957070.5,15.180106163,0,450000,10.1581296921,0,9.79812717438,1.16632008553,0.79633641243,5,0,0,0,3,0,0,0,1,0,0,0,0,0,0,0,1,0,0,0,0,15.180106163,2,9.79812717438,0,1.16632008553,0.79633641243,10.1581296921,2
1234,2,114,10,1,4.875,1,,0,0,0,0,0,4,2821.4230957,8.63814353943,100,0,11.7935829163,6.90775632858,0,3.68488359451,0.85428583622,5,0,0,0,3,1,0,0,0,1,0,0,0,0,0,0,1,0,0,0,1,15.180106163,2,9.79812717438,0,1.16632008553,0.79633641243,10.1581296921,4
1235,1,114,10,1,4.875,1,0,0,0,0,0,0,3,10616.9521484,9.96335411072,950,400,11.2631559372,9.21034049988,11.0020999908,7.8245716095,2.90144395828,4,0,29,0,2,0,0,0,0,0,1,0,0,0,0,0,1,0,1,0,0,9.96335411072,3,11.0020999908,9.21034049988,7.8245716095,2.90144395828,11.2631559372,3
1235,2,114,10,1,4.875,1,,0,0,0,0,0,5,16342.6728516,10.3946819305,1100,2000,12.008231163,8.63052177429,0,-4.22924900055,0.781419277191,4,0,29,0,2,1,0,0,0,0,1,0,0,0,0,0,1,0,1,1,0,9.96335411072,3,11.0020999908,9.21034049988,7.8245716095,2.90144395828,11.2631559372,5
1236,1,114,10,1,4.875,1,0,0,0,0,0,0,7,121934.945312,12.4043903351,8200,18100,12.9858560562,0,9.90348720551,4.71562576294,-7.54024505615,6,0,32,0,3,1,0,0,0,1,1,0,0,0,0,1,1,0,1,0,1,12.4043903351,7,9.90348720551,0,4.71562576294,-7.54024505615,12.9858560562,7
1236,2,114,10,1,4.875,1,,0,0,0,0,0,8,73779.5859375,11.9019842148,7100,5300,13.626285553,12.6115379333,11.512925148,0.303104996681,2.90144395828,6,0,32,0,3,1,1,0,0,1,1,0,0,0,0,0,1,0,1,1,1,12.4043903351,7,9.90348720551,0,4.71562576294,-7.54024505615,12.9858560562,8
1237,1,114,10,1,4.875,1,0,0,0,0,0,0,2,6630.71142578,9.49261474609,800,0,11.8872442245,0,9.68034362793,4.58587265015,-1.26795446873,6,0,0,0,2,1,0,0,0,0,0,0,0,0,0,0,0,0,1,0,0,9.49261474609,2,9.68034362793,0,4.58587265015,-1.26795446873,11.8872442245,2
1237,2,114,10,1,4.875,1,,0,0,0,0,0,5,79834.8046875,11.9808616638,12500,3000,13.7983646393,10.4341154099,9.39266204834,1.79929506779,0.79633641243,6,0,0,0,2,1,1,0,1,0,0,0,0,0,0,0,1,0,0,0,1,9.49261474609,2,9.68034362793,0,4.58587265015,-1.26795446873,11.8872442245,5
1238,1,114,10,0,29,1,0,0,0,0,0,0,4,6564.40380859,9.48256397247,700,400,11.5598087311,0,0,5.70324659348,-1.32368826866,2,1,56,0,3,1,0,0,1,0,0,0,0,0,0,0,1,0,1,0,0,9.48256397247,4,0,0,5.70324659348,-1.32368826866,11.5598087311,4
1238,2,114,10,0,29,1,,0,0,0,0,0,3,44100.5390625,11.3873748779,1300,8400,11.7775945663,9.98044872284,10.691945076,4.32636880875,0.79633641243,2,1,56,0,3,0,0,0,0,1,0,0,0,0,0,0,1,0,1,0,0,9.48256397247,4,0,0,5.70324659348,-1.32368826866,11.5598087311,3
1239,1,114,10,1,4.875,1,0,0,0,0,0,0,7,23603.4414062,10.7622947693,2600,1750,14.4424085617,11.9829292297,8.294049263,1.18764090538,-10.3620605469,4,0,28,0,3,1,0,0,0,1,1,0,0,0,0,0,1,0,1,1,1,10.7622947693,7,8.294049263,11.9829292297,1.18764090538,-10.3620605469,14.4424085617,7
1239,2,114,10,1,4.875,1,,0,0,0,0,0,4,28682.4140625,10.9571866989,3700,500,12.9945573807,11.0020999908,11.512925148,7.11039352417,-1.26573896408,4,0,28,0,3,1,0,0,1,1,0,0,0,0,0,0,1,0,1,0,0,10.7622947693,7,8.294049263,11.9829292297,1.18764090538,-10.3620605469,14.4424085617,4
1240,1,115,9,1,3.625,1,0,0,0,0,0,0,4,3256.59619141,8.78158473969,200,0,13.0174474716,0,7.2442278862,3.5575261116,-3.31511259079,8,0,40,0,3,0,1,0,0,1,0,0,0,0,0,0,1,0,0,0,1,8.78158473969,4,7.2442278862,0,3.5575261116,-3.31511259079,13.0174474716,4
1240,2,115,9,1,3.625,1,,0,0,0,0,0,4,71834.421875,11.8752660751,5250,0,11.63514328,0,0,0.389566481113,-1.26573896408,8,0,40,0,3,1,0,0,0,0,0,0,0,0,0,0,1,0,1,0,1,8.78158473969,4,7.2442278862,0,3.5575261116,-3.31511259079,13.0174474716,4
1241,1,115,9,1,3.625,1,0,0,0,0,0,0,2,1553.36535645,8.04132652283,100,0,10.2681999207,0,7.2442278862,0.140059277415,2.90144395828,5,0,28,0,3,1,0,0,0,0,0,0,0,0,0,0,1,0,0,0,0,8.04132652283,2,7.2442278862,0,0.140059277415,2.90144395828,10.2681999207,2
1241,2,115,9,1,3.625,1,,0,0,0,0,0,9,150949.671875,12.61784935,8800,24500,12.9064388275,11.7935829163,11.9829292297,6.95183372498,-1.32368826866,5,0,28,0,3,1,1,1,0,1,0,0,0,1,0,1,1,0,1,1,1,8.04132652283,2,7.2442278862,0,0.140059277415,2.90144395828,10.2681999207,9
1242,1,115,9,0,36.75,1,0,0,0,0,0,0,2,20722.3085938,10.6321134567,3300,1400,12.2433586121,11.3144741058,0,4.74295425415,0.0796284079552,4,1,69,0,1,1,0,0,0,0,0,0,0,0,0,0,0,1,0,0,0,10.6321134567,2,0,11.3144741058,4.74295425415,0.0796284079552,12.2433586121,2
1242,2,115,9,0,36.75,1,,0,0,0,0,0,4,62759.671875,11.7402153015,12000,0,10.5661754608,0,9.21034049988,2.08254623413,-1.32368826866,4,1,69,0,1,1,0,0,0,0,0,0,0,0,0,0,1,0,1,0,1,10.6321134567,2,0,11.3144741058,4.74295425415,0.0796284079552,12.2433586121,4
1243,1,115,9,1,3.625,0,1,0,0,0,0,0,4,3240.96142578,8.77677249908,0,0,9.68034362793,0,0,-3.30463838577,-4.08977031708,3,0,0,0,1,0,0,0,0,1,0,0,0,0,0,0,1,1,0,0,1,8.77677249908,4,0,0,-3.30463838577,-4.08977031708,9.68034362793,4
1244,1,115,9,0,36.75,1,0,0,0,0,0,0,5,86939968,15.180106163,3150,20000000,15.1136837006,12.9761810303,12.8373441696,2.1936686039,-1.26795446873,5,0,66,0,3,1,0,0,1,1,0,0,0,0,0,0,1,1,0,0,1,15.180106163,5,12.8373441696,12.9761810303,2.1936686039,-1.26795446873,15.1136837006,5
1244,2,115,9,0,36.75,1,,0,0,0,0,0,4,137740.578125,12.5262746811,9500,5000,15.0798063278,12.6760759354,11.2897815704,2.05297660828,2.90144395828,5,0,66,0,3,0,0,0,0,1,0,0,0,0,0,0,1,0,1,0,1,15.180106163,5,12.8373441696,12.9761810303,2.1936686039,-1.26795446873,15.1136837006,4
1245,1,115,9,0,36.75,1,0,0,0,0,0,0,2,1838.26928711,8.20972728729,300,100,13.871887207,0,0,0.56120455265,2.90144395828,3,1,57,0,1,1,0,0,0,0,0,0,0,0,0,0,1,0,0,0,0,8.20972728729,2,0,0,0.56120455265,2.90144395828,13.871887207,2
1245,2,115,9,0,36.75,1,,0,0,0,0,0,3,12565.7304688,10.1318759918,500,2200,12.4482345581,9.30565071106,9.24956130981,-0.348666369915,2.90144395828,3,1,57,0,1,0,0,0,0,1,0,0,0,0,0,0,1,0,0,0,1,8.20972728729,2,0,0,0.56120455265,2.90144395828,13.871887207,3
1246,1,115,9,1,3.625,1,0,0,0,0,0,0,6,29509.75,10.9856233597,1750,4800,12.1248626709,7.60090255737,8.294049263,6.33226013184,0.781419277191,6,0,60,0,3,1,0,0,0,1,0,0,0,0,0,1,1,0,0,1,1,10.9856233597,6,8.294049263,7.60090255737,6.33226013184,0.781419277191,12.1248626709,6
1246,2,115,9,1,3.625,1,,0,0,0,0,0,8,65220.2890625,11.778673172,1750,12000,11.9531135559,10.0168161392,11.0186290741,1.13443422318,-1.32368826866,6,0,60,0,3,1,1,0,0,1,1,0,0,0,0,0,1,0,1,1,1,10.9856233597,6,8.294049263,7.60090255737,6.33226013184,0.781419277191,12.1248626709,8
1247,1,115,9,1,3.625,1,0,0,0,0,0,0,6,24544.4042969,10.8013868332,2100,1500,11.7158660889,10.8197784424,0,6.24075746536,2.90144395828,3,0,36,0,2,1,0,0,1,1,0,1,0,0,0,0,1,0,0,1,1,10.8013868332,6,0,10.8197784424,6.24075746536,2.90144395828,11.7158660889,6
1247,2,115,9,1,3.625,1,,0,0,0,0,0,7,38072.125,11.2403850555,4300,3000,12.0517549515,0,0,4.62721061707,2.90144395828,3,0,36,0,2,1,1,0,1,1,0,0,0,0,0,0,1,0,1,1,1,10.8013868332,6,0,10.8197784424,6.24075746536,2.90144395828,11.7158660889,7
1248,1,115,9,0,36.75,1,0,0,0,0,0,0,3,11297,10.0254392624,2600,0,12.2209615707,7.93737459183,10.691945076,-6.70553636551,0.79633641243,6,0,45,0,3,0,0,1,0,0,0,0,0,1,1,0,0,0,0,0,0,10.0254392624,3,10.691945076,7.93737459183,-6.70553636551,0.79633641243,12.2209615707,3
1248,2,115,9,0,36.75,1,,0,0,0,0,0,4,241565.28125,13.0880422592,10000,45000,13.6473283768,10.5966348648,8.9871969223,7.9681019783,-6.19266223907,6,0,45,0,3,1,1,0,1,0,0,0,0,0,0,0,1,0,0,0,0,10.0254392624,3,10.691945076,7.93737459183,-6.70553636551,0.79633641243,12.2209615707,4
1249,1,115,9,1,3.625,1,0,0,0,0,0,0,9,39709.8554688,11.2825021744,8300,0,10.1345996857,0,10.5453414917,6.1425204277,0.781419277191,5,0,43,0,2,1,1,0,0,1,0,0,0,0,0,1,1,1,1,1,1,11.2825021744,9,10.5453414917,0,6.1425204277,0.781419277191,10.1345996857,9
1249,2,115,9,1,3.625,1,,0,0,0,0,0,6,54381.6757812,11.5969295502,10780,0,11.9665460587,9.94270801544,11.1562509537,9.96434211731,0.781419277191,5,0,43,0,2,1,0,1,0,1,1,0,0,0,0,0,1,0,1,1,0,11.2825021744,9,10.5453414917,0,6.1425204277,0.781419277191,10.1345996857,6
1250,1,115,9,1,3.625,1,0,0,0,0,0,0,,1695.41345215,8.12882900238,300,0,11.5326890945,8.9871969223,0,0.556972742081,2.90144395828,6,0,50,0,1,1,1,0,0,1,888,0,0,0,0,0,1,0,0,0,0,8.12882900238,4,0,8.9871969223,0.556972742081,2.90144395828,11.5326890945,4
1250,2,115,9,1,3.625,1,,0,0,0,0,0,4,6323.97119141,9.4452495575,100,1200,11.0020999908,0,0,4.90816354752,2.90144395828,6,0,50,0,1,0,1,0,1,1,0,0,0,0,0,0,1,0,0,0,1,8.12882900238,4,0,8.9871969223,0.556972742081,2.90144395828,11.5326890945,4
1251,1,115,9,1,3.625,1,0,0,0,0,0,0,6,13201.3076172,10.1812181473,1300,1400,14.2070798874,7.60090255737,7.60090255737,4.92496538162,0.85428583622,6,0,42,0,1,0,1,0,0,1,0,0,0,0,0,1,1,1,0,0,1,10.1812181473,6,7.60090255737,7.60090255737,4.92496538162,0.85428583622,14.2070798874,6
1251,2,115,9,1,3.625,1,,0,0,0,0,0,3,20435.7890625,10.6181898117,900,3000,13.3934583664,10.0941076279,9.21034049988,0.880175054073,-3.37084650993,6,0,42,0,1,0,1,0,0,0,0,0,0,0,0,0,1,0,0,0,1,10.1812181473,6,7.60090255737,7.60090255737,4.92496538162,0.85428583622,14.2070798874,3
1252,1,116,10,1,3.74999976158,1,0,1,0,0,0,0,2,46661.5859375,11.4438238144,9850,0,10.5453414917,8.9871969223,8.69951438904,3.84675884247,0.79633641243,6,0,59,0,1,1,0,0,0,0,0,0,0,0,0,0,1,0,0,0,0,11.4438238144,2,8.69951438904,8.9871969223,3.84675884247,0.79633641243,10.5453414917,2
1252,2,116,10,1,3.74999976158,1,,1,0,0,0,0,7,147378.015625,12.5939035416,23700,7000,11.9524698257,9.39266204834,9.99879741669,9.99987697601,0.85428583622,6,0,59,0,1,1,1,1,0,1,0,0,0,0,0,0,1,0,1,1,1,11.4438238144,2,8.69951438904,8.9871969223,3.84675884247,0.79633641243,10.5453414917,7
1253,1,116,10,1,3.74999976158,1,0,1,0,0,0,0,3,7436.36523438,9.6072845459,1400,0,17.4067611694,11.6439533234,10.2399597168,0.281494855881,0.85428583622,5,0,47,0,2,1,0,0,0,0,0,0,0,0,0,0,1,0,0,0,1,9.6072845459,3,10.2399597168,11.6439533234,0.281494855881,0.85428583622,17.4067611694,3
1253,2,116,10,1,3.74999976158,1,,1,0,0,0,0,5,8454.42285156,9.73559188843,600,1000,14.5138444901,11.5861759186,0,8.11737728119,0.85428583622,5,0,47,0,2,1,0,0,0,1,0,0,0,0,0,0,1,0,1,0,1,9.6072845459,3,10.2399597168,11.6439533234,0.281494855881,0.85428583622,17.4067611694,5
1254,1,116,10,0,34.5,1,0,1,0,0,0,0,4,12898.0771484,10.1579809189,2000,400,14.4851875305,9.0118894577,0,-4.67682933807,2.90144395828,4,1,54,0,3,1,1,0,1,0,0,0,0,0,0,0,1,0,0,0,0,10.1579809189,4,0,9.0118894577,-4.67682933807,2.90144395828,14.4851875305,4
1254,2,116,10,0,34.5,1,,1,0,0,0,0,4,12122.0673828,10.0959300995,1800,600,9.78695392609,7.86326694489,0,4.49845981598,0.85428583622,4,1,54,0,3,1,1,0,0,0,0,0,0,0,0,0,1,0,0,0,1,10.1579809189,4,0,9.0118894577,-4.67682933807,2.90144395828,14.4851875305,4
1255,1,116,10,0,34.5,1,0,1,0,0,0,0,5,58614.4609375,11.6718835831,4800,1500,11.5307655334,7.78322410583,8.294049263,-1.35486745834,0.85428583622,6,0,35,0,3,1,0,0,0,0,0,0,0,0,0,0,1,0,1,1,1,11.6718835831,5,8.294049263,7.78322410583,-1.35486745834,0.85428583622,11.5307655334,5
1255,2,116,10,0,34.5,1,,1,0,0,0,0,6,45185.0390625,11.4116687775,5400,3900,12.8389387131,12.483704567,8.69951438904,-0.949041366577,0.85428583622,6,0,35,0,3,1,1,0,1,1,1,0,0,0,0,0,1,0,0,0,1,11.6718835831,5,8.294049263,7.78322410583,-1.35486745834,0.85428583622,11.5307655334,6
1256,1,116,10,0,34.5,1,0,1,0,0,0,0,6,29382.5292969,10.9813022614,4775,700,15.5491466522,0,8.69951438904,-4.35879039764,-3.37306213379,3,1,61,0,2,0,0,0,1,1,0,0,0,0,0,1,1,1,1,1,0,10.9813022614,6,8.69951438904,0,-4.35879039764,-3.37306213379,15.5491466522,6
1256,2,116,10,0,34.5,1,,1,0,0,0,0,5,43581.8085938,11.3755426407,800,8400,13.1145324707,6.39693260193,0,3.78055119514,0.79633641243,3,1,61,0,2,1,0,0,0,1,0,0,0,0,0,0,1,0,1,0,1,10.9813022614,6,8.69951438904,0,-4.35879039764,-3.37306213379,15.5491466522,5
1257,1,116,10,1,3.74999976158,1,0,1,0,0,0,0,2,35822.5585938,11.1794805527,6200,0,12.1537265778,0,0,-3.33475708961,0.85428583622,8,0,40,0,2,1,0,0,0,1,0,0,0,0,0,0,0,0,0,0,0,11.1794805527,2,0,0,-3.33475708961,0.85428583622,12.1537265778,2
1257,2,116,10,1,3.74999976158,1,,1,0,0,0,0,6,4902477,16.0983982086,3050,1125000,11.6630678177,9.10497951508,0,-0.600056648254,-3.37084650993,8,0,40,0,2,1,1,0,0,1,0,0,0,0,0,0,1,0,1,1,0,11.1794805527,2,0,0,-3.33475708961,0.85428583622,12.1537265778,6
1258,1,116,10,1,3.74999976158,1,0,1,0,0,0,0,6,79101.375,11.9716329575,3400,13200,11.7844781876,9.21034049988,8.294049263,9.0549030304,2.90144395828,3,0,34,0,3,0,1,0,0,1,0,0,0,0,0,0,1,0,1,1,1,11.9716329575,6,8.294049263,9.21034049988,9.0549030304,2.90144395828,11.7844781876,6
1258,2,116,10,1,3.74999976158,1,,1,0,0,0,0,8,168265.25,12.7264442444,5100,31600,13.0579319,12.6507587433,11.7829523087,-0.558852434158,-1.32368826866,3,0,34,0,3,1,1,0,0,1,0,1,0,0,0,0,1,0,1,1,1,11.9716329575,6,8.294049263,9.21034049988,9.0549030304,2.90144395828,11.7844781876,8
1259,1,116,10,1,3.74999976158,1,0,1,0,0,0,0,3,6868.03857422,9.52778148651,300,900,15.4453783035,0,0,-1.56523776054,0.79633641243,5,0,29,0,2,1,0,0,0,0,0,0,0,0,0,0,1,0,0,1,0,9.52778148651,3,0,0,-1.56523776054,0.79633641243,15.4453783035,3
1259,2,116,10,1,3.74999976158,1,,1,0,0,0,0,4,13181.0957031,10.1796865463,100,2000,12.6878814697,10.8780469894,7.60090255737,2.00799942017,-3.37084650993,5,0,29,0,2,1,0,0,1,0,0,0,0,0,0,0,1,0,1,0,0,9.52778148651,3,0,0,-1.56523776054,0.79633641243,15.4453783035,4
1260,1,116,10,1,3.74999976158,1,0,1,0,0,0,0,3,12014.25,10.0869960785,2100,250,10.3215398788,10.6454248428,11.1034526825,-1.87504947186,2.90144395828,7,0,37,0,3,1,0,0,0,0,0,0,0,0,0,0,1,0,1,0,0,10.0869960785,3,11.1034526825,10.6454248428,-1.87504947186,2.90144395828,10.3215398788,3
1260,2,116,10,1,3.74999976158,1,,1,0,0,0,0,7,29593.7109375,10.9884643555,3450,3000,10.7747812271,9.72913455963,8.69951438904,-3.20320725441,-3.37084650993,7,0,37,0,3,1,1,0,0,1,0,0,0,0,0,1,1,0,1,0,1,10.0869960785,3,11.1034526825,10.6454248428,-1.87504947186,2.90144395828,10.3215398788,7
1261,1,116,10,1,3.74999976158,1,0,1,0,0,0,0,6,67842.921875,11.8180971146,7300,7000,11.7456235886,0,0,5.26722145081,-1.32368826866,4,0,30,0,2,1,0,1,1,1,0,0,0,0,0,0,1,0,1,1,1,11.8180971146,6,0,0,5.26722145081,-1.32368826866,11.7456235886,6
1261,2,116,10,1,3.74999976158,1,,1,0,0,0,0,8,86786.015625,12.0643482208,12700,3500,15.1946296692,9.90348720551,11.5327281952,5.48685073853,-1.25082182884,4,0,30,0,2,1,0,0,0,1,0,1,0,0,0,0,1,1,1,1,1,11.8180971146,6,0,0,5.26722145081,-1.32368826866,11.7456235886,8
1262,1,116,10,0,34.5,1,0,1,0,0,0,0,6,43347.8476562,11.3701591492,8200,0,13.7491569519,11.5521459579,13.5567398071,5.62403202057,2.90144395828,4,0,33,0,3,1,0,0,0,0,0,0,0,1,0,0,1,0,1,1,1,11.3701591492,6,13.5567398071,11.5521459579,5.62403202057,2.90144395828,13.7491569519,6
1262,2,116,10,0,34.5,1,,1,0,0,0,0,7,45011.5976562,11.4078226089,7800,900,10.7802886963,9.45720005035,0,10.1747398376,0.79633641243,4,0,33,0,3,1,0,1,1,1,1,0,0,0,0,0,1,0,1,1,1,11.3701591492,6,13.5567398071,11.5521459579,5.62403202057,2.90144395828,13.7491569519,7
1263,1,116,10,1,3.74999976158,1,0,1,0,0,0,0,7,42534.6445312,11.3512210846,9050,0,9.82010555267,8.73230457306,9.97114658356,-4.88805770874,0.0796284079552,5,1,33,0,2,1,0,0,0,1,0,0,0,0,0,1,1,0,1,1,1,11.3512210846,7,9.97114658356,8.73230457306,-4.88805770874,0.0796284079552,9.82010555267,7
1263,2,116,10,1,3.74999976158,1,,1,0,0,0,0,5,34229.546875,11.1339912415,7000,0,9.39266204834,8.9871969223,10.4341154099,10.4224834442,-1.32368826866,5,1,33,0,2,1,1,0,1,0,0,1,0,0,0,0,1,0,0,0,0,11.3512210846,7,9.97114658356,8.73230457306,-4.88805770874,0.0796284079552,9.82010555267,5
1264,1,117,11,1,1.5,1,0,0,0,0,0,1,6,51277.7421875,11.5381593704,6400,4600,11.2145195007,9.90348720551,0,2.48366713524,-5.49308681488,4,0,74,0,3,1,1,0,1,1,0,0,0,0,0,0,1,0,0,1,1,11.5381593704,6,0,9.90348720551,2.48366713524,-5.49308681488,11.2145195007,6
1264,2,117,11,1,1.5,1,,0,0,0,0,1,6,38802.3085938,11.2593822479,2250,6000,11.2225732803,9.16951847076,0,2.40865778923,0.79633641243,4,0,74,0,3,1,1,0,1,0,0,0,0,0,0,0,1,0,0,1,1,11.5381593704,6,0,9.90348720551,2.48366713524,-5.49308681488,11.2145195007,6
1265,1,117,11,1,1.5,1,0,0,0,0,0,1,2,101379.742188,12.2197761536,2850,20000,11.0186290741,0,0,8.17907714844,-1.25082182884,6,0,36,0,3,1,0,0,0,0,0,0,0,0,0,0,1,0,0,0,0,12.2197761536,2,0,0,8.17907714844,-1.25082182884,11.0186290741,2
1265,2,117,11,1,1.5,1,,0,0,0,0,1,4,57581.7695312,11.6541080475,4100,8000,11.8579330444,10.7789564133,0,5.05603408813,-1.32368826866,6,0,36,0,3,1,1,0,0,0,0,0,0,0,0,0,1,0,0,0,1,12.2197761536,2,0,0,8.17907714844,-1.25082182884,11.0186290741,4
1266,1,117,11,1,1.5,1,0,0,0,0,0,1,7,50694.4609375,11.5267190933,600,8400,12.4614896774,12.0645093918,0,-3.71674919128,-4.0875544548,3,0,27,0,3,1,1,0,1,1,0,0,0,0,0,0,1,0,1,1,1,11.5267190933,7,0,12.0645093918,-3.71674919128,-4.0875544548,12.4614896774,7
1266,2,117,11,1,1.5,1,,0,0,0,0,1,5,15908.3076172,10.3677434921,100,2200,11.6235723495,0,6.39693260193,-3.4740357399,0.85428583622,3,0,27,0,3,1,1,0,1,0,0,0,0,0,0,0,1,0,0,0,1,11.5267190933,7,0,12.0645093918,-3.71674919128,-4.0875544548,12.4614896774,5
1267,1,117,11,0,46.75,1,0,0,0,0,0,1,7,13464.1152344,10.2009305954,1700,400,10.3449630737,0,0,2.91094183922,2.90144395828,4,0,26,0,3,1,1,1,1,0,0,0,0,0,1,0,1,0,0,1,1,10.2009305954,7,0,0,2.91094183922,2.90144395828,10.3449630737,7
1267,2,117,11,0,46.75,1,,0,0,0,0,1,5,6749.84619141,9.51042175293,950,200,10.6213274002,0,0,4.48189067841,0.85428583622,4,0,26,0,3,0,1,0,1,1,0,0,0,0,1,0,1,0,0,0,1,10.2009305954,7,0,0,2.91094183922,2.90144395828,10.3449630737,5
1268,1,117,11,0,46.75,1,0,0,0,0,0,1,6,17520.1640625,10.4642553329,900,2000,10.4857034683,0,12.2060728073,-4.20127868652,-7.54024505615,3,0,32,0,3,1,1,0,1,1,0,0,0,0,0,0,1,0,1,0,1,10.4642553329,6,12.2060728073,0,-4.20127868652,-7.54024505615,10.4857034683,6
1268,2,117,11,0,46.75,1,,0,0,0,0,1,6,2620.75,8.56436347961,100,0,9.09380626678,0,13.1223630905,-0.590984463692,2.90144395828,3,0,32,0,3,1,1,0,1,1,1,0,0,0,0,0,0,0,1,0,1,10.4642553329,6,12.2060728073,0,-4.20127868652,-7.54024505615,10.4857034683,6
1269,1,117,11,0,46.75,1,0,0,0,0,0,1,4,100987.828125,12.2159023285,3100,20000,11.2746686935,11.0020999908,7.2442278862,6.77696990967,0.79633641243,2,1,71,0,3,1,1,0,1,0,0,0,0,0,0,0,1,0,0,0,0,12.2159023285,4,7.2442278862,11.0020999908,6.77696990967,0.79633641243,11.2746686935,4
1269,2,117,11,0,46.75,1,,0,0,0,0,1,4,4592.84619141,9.12540245056,550,0,11.3193407059,7.60090255737,0,6.03753662109,0.0796284079552,2,1,71,0,3,1,0,1,1,1,0,0,0,0,0,0,1,0,0,0,1,12.2159023285,4,7.2442278862,11.0020999908,6.77696990967,0.79633641243,11.2746686935,4
1270,1,117,11,0,46.75,1,0,0,0,0,0,1,7,33866.2109375,11.1233205795,6700,0,9.85744380951,0,9.90348720551,-3.3394818306,-3.31511259079,6,0,32,0,3,1,1,0,1,1,0,0,0,0,0,1,1,0,1,0,1,11.1233205795,7,9.90348720551,0,-3.3394818306,-3.31511259079,9.85744380951,7
1270,2,117,11,0,46.75,1,,0,0,0,0,1,4,500,7.46049070358,0,0,9.03598690033,0,0,-3.09102535248,2.90144395828,6,0,32,0,3,1,1,0,0,0,0,0,0,0,0,0,1,0,0,0,1,11.1233205795,7,9.90348720551,0,-3.3394818306,-3.31511259079,9.85744380951,4
1271,1,117,11,1,1.5,1,0,0,0,0,0,1,4,12402.5292969,10.1188030243,1700,400,10.9348907471,0,10.9331073761,5.16866970062,0.0796284079552,4,0,25,0,2,1,0,0,0,1,0,0,0,0,0,0,1,0,0,0,1,10.1188030243,4,10.9331073761,0,5.16866970062,0.0796284079552,10.9348907471,4
1271,2,117,11,1,1.5,1,,0,0,0,0,1,4,10410.75,9.9437417984,1600,0,9.85744380951,0,0,5.326836586,2.90144395828,4,0,25,0,2,1,1,0,1,0,0,0,0,0,0,0,0,0,0,0,1,10.1188030243,4,10.9331073761,0,5.16866970062,0.0796284079552,10.9348907471,4
1272,1,117,11,1,1.5,1,0,0,0,0,0,1,,82570.3671875,12.0145530701,18100,0,10.3859138489,0,0,9.61293125153,-3.37084650993,6,0,35,0,2,0,1,0,0,0,0,0,888,0,0,0,1,0,0,0,888,12.0145530701,2,0,0,9.61293125153,-3.37084650993,10.3859138489,2
1272,2,117,11,1,1.5,1,,0,0,0,0,1,7,50373.4335938,11.5203666687,6000,3200,13.4464740753,0,9.90348720551,1.32007694244,0.781419277191,6,0,35,0,2,1,1,1,0,1,0,0,0,0,0,0,1,0,1,1,1,12.0145530701,2,0,0,9.61293125153,-3.37084650993,10.3859138489,7
1273,1,117,11,1,1.5,1,0,0,0,0,0,1,4,87139.625,12.0684137344,12200,6000,12.5987901688,0,0,12.9062948227,2.90144395828,7,0,40,0,3,1,1,1,0,0,0,0,0,0,0,0,1,0,0,0,0,12.0684137344,4,0,0,12.9062948227,2.90144395828,12.5987901688,4
1273,2,117,11,1,1.5,1,,0,0,0,0,1,7,62473.9414062,11.7356519699,2500,10000,13.2976531982,10.7789564133,0,5.45574140549,-1.32368826866,7,0,40,0,3,1,1,0,1,1,0,0,0,0,0,0,1,0,1,1,1,12.0684137344,4,0,0,12.9062948227,2.90144395828,12.5987901688,7
1274,1,117,11,1,1.5,1,0,0,0,0,0,1,9,73996.421875,11.9049196243,3600,0,14.7639198303,13.0815410614,13.5567398071,9.28281497955,0.0796284079552,3,0,29,0,2,1,1,1,1,1,0,1,0,0,0,0,1,1,1,1,1,11.9049196243,9,13.5567398071,13.0815410614,9.28281497955,0.0796284079552,14.7639198303,9
1274,2,117,11,1,1.5,1,,0,0,0,0,1,7,40824.1328125,11.3101758957,5800,2700,11.8393478394,0,12.8992195129,8.03119659424,0.0796284079552,3,0,29,0,2,1,1,0,1,1,0,0,0,0,0,0,1,0,1,1,1,11.9049196243,9,13.5567398071,13.0815410614,9.28281497955,0.0796284079552,14.7639198303,7
1275,1,117,11,1,1.5,1,0,0,0,0,0,1,2,7818.57714844,9.6574048996,1400,0,11.3144741058,9.45720005035,0,10.3159637451,-1.25082182884,3,0,25,0,3,0,0,0,0,0,0,0,0,1,0,0,1,0,0,0,0,9.6574048996,2,0,9.45720005035,10.3159637451,-1.25082182884,11.3144741058,2
1275,2,117,11,1,1.5,1,,0,0,0,0,1,7,30143.8457031,11.0068836212,5000,1000,13.0545129776,0,9.21034049988,-1.76929628849,0.781419277191,3,0,25,0,3,1,1,0,1,0,0,0,0,0,0,0,1,0,1,1,1,9.6574048996,2,0,9.45720005035,10.3159637451,-1.25082182884,11.3144741058,7
1276,1,118,12,1,1.375,1,0,0,0,0,0,0,6,37775.0976562,11.2325525284,450,6000,12.6001396179,11.4510498047,0,-3.06582736969,-1.32368826866,5,0,32,0,2,1,1,0,1,1,0,0,0,0,0,0,1,0,1,0,1,11.2325525284,6,0,11.4510498047,-3.06582736969,-1.32368826866,12.6001396179,6
1276,2,118,12,1,1.375,1,,0,0,0,0,0,7,71580.9140625,11.8717308044,12200,3000,10.2399597168,0,9.21034049988,4.08218383789,2.90144395828,5,0,32,0,2,1,1,0,1,1,0,0,0,0,0,0,1,0,1,1,1,11.2325525284,6,0,11.4510498047,-3.06582736969,-1.32368826866,12.6001396179,7
1277,1,118,12,1,1.375,1,0,0,0,0,0,0,8,36575172,15.180106163,14700,8400000,16.3111591339,13.0731735229,0,3.78722143173,-1.26795446873,4,0,26,0,2,1,1,0,1,1,0,0,0,0,0,0,1,1,1,1,1,15.180106163,8,0,13.0731735229,3.78722143173,-1.26795446873,16.3111591339,8
1277,2,118,12,1,1.375,1,,0,0,0,0,0,7,108120.15625,12.2841453552,23700,0,11.2411165237,0,8.69951438904,5.79180335999,0.0796284079552,4,0,26,0,2,1,0,0,1,1,1,1,0,0,0,0,1,0,1,1,1,15.180106163,8,0,13.0731735229,3.78722143173,-1.26795446873,16.3111591339,7
1278,1,118,12,0,21,1,0,0,0,0,0,0,7,139195.9375,12.5367851257,22500,6000,14.19627285,10.524064064,0,-0.170597702265,2.90144395828,2,0,70,0,3,1,1,0,1,1,0,0,0,0,0,0,1,0,1,1,1,12.5367851257,7,0,10.524064064,-0.170597702265,2.90144395828,14.19627285,7
1278,2,118,12,0,21,1,,0,0,0,0,0,9,5320969,16.1621856689,20000,1200000,13.7675800323,10.5966348648,9.21034049988,0.321217149496,-4.1455039978,2,0,70,0,3,1,1,0,1,1,1,0,0,0,0,1,1,0,1,1,1,12.5367851257,7,0,10.524064064,-0.170597702265,2.90144395828,14.19627285,9
1279,1,118,12,0,21,1,0,0,0,0,0,0,5,58480.1445312,11.6695899963,4750,8000,13.8485584259,10.49127388,8.69951438904,2.11013388634,-1.32368826866,6,0,35,0,3,0,1,1,0,1,0,0,0,0,0,0,1,1,0,1,0,11.6695899963,5,8.69951438904,10.49127388,2.11013388634,-1.32368826866,13.8485584259,5
1279,2,118,12,0,21,1,,0,0,0,0,0,3,15748.7402344,10.3576631546,2750,0,8.8818359375,0,9.21034049988,1.3734139204,2.90144395828,6,0,35,0,3,0,1,0,0,0,0,0,0,0,0,0,1,0,0,0,1,11.6695899963,5,8.69951438904,10.49127388,2.11013388634,-1.32368826866,13.8485584259,3
1280,1,118,12,1,1.375,1,0,0,0,0,0,0,4,37731.203125,11.2313899994,150,4000,9.19013786316,0,9.21034049988,-3.50734186172,0.79633641243,5,0,28,0,2,1,1,0,1,0,0,0,0,0,0,0,0,0,0,0,1,11.2313899994,4,9.21034049988,0,-3.50734186172,0.79633641243,9.19013786316,4
1280,2,118,12,1,1.375,1,,0,0,0,0,0,5,8637.03808594,9.75696182251,1300,0,9.0118894577,8.66561317444,11.2897815704,3.16200900078,-1.32368826866,5,0,28,0,2,0,1,0,1,1,0,0,0,0,0,0,1,0,1,0,1,11.2313899994,4,9.21034049988,0,-3.50734186172,0.79633641243,9.19013786316,5
1281,1,118,12,1,1.375,1,0,0,0,0,0,0,5,146522.515625,12.5880813599,26200,2000,9.40096092224,7.60090255737,9.21034049988,-0.0534809976816,0.79633641243,8,1,33,0,2,1,0,0,1,1,0,0,0,0,0,0,1,0,0,1,1,12.5880813599,5,9.21034049988,7.60090255737,-0.0534809976816,0.79633641243,9.40096092224,5
1281,2,118,12,1,1.375,1,,0,0,0,0,0,4,31805.5664062,11.060544014,6300,0,8.03915786743,0,11.2897815704,0.907285451889,-1.32368826866,8,1,33,0,2,1,1,0,0,0,0,0,0,0,0,0,0,1,0,0,1,12.5880813599,5,9.21034049988,7.60090255737,-0.0534809976816,0.79633641243,9.40096092224,4
1282,1,118,12,1,1.375,1,0,0,0,0,0,0,7,27037.6542969,10.8981332779,2950,3000,9.99879741669,0,10.3287553787,5.41385698318,2.90144395828,3,0,20,0,1,1,1,0,1,0,0,0,0,0,0,0,1,0,1,1,1,10.8981332779,7,10.3287553787,0,5.41385698318,2.90144395828,9.99879741669,7
1282,2,118,12,1,1.375,1,,0,0,0,0,0,5,27162.4511719,10.9027376175,3000,3000,12.9168138504,0,12.2452936172,-1.55723381042,0.79633641243,3,0,20,0,1,1,1,0,1,0,0,0,0,0,0,0,1,0,0,0,1,10.8981332779,7,10.3287553787,0,5.41385698318,2.90144395828,9.99879741669,5
1283,1,118,12,0,21,1,0,0,0,0,0,0,2,7662.25,9.63720798492,1050,0,10.1886663437,5.01067972183,9.99879741669,4.09194135666,0.0796284079552,4,1,31,0,1,0,1,0,0,0,0,0,0,0,0,0,1,0,0,0,0,9.63720798492,2,9.99879741669,5.01067972183,4.09194135666,0.0796284079552,10.1886663437,2
1283,2,118,12,0,21,1,,0,0,0,0,0,3,18455.4707031,10.5162630081,3500,0,7.60090255737,0,11.2897815704,5.35075759888,2.90144395828,4,1,31,0,1,0,1,0,0,0,0,0,0,0,0,0,1,0,0,0,1,9.63720798492,2,9.99879741669,5.01067972183,4.09194135666,0.0796284079552,10.1886663437,3
1284,1,118,12,1,1.375,1,0,0,0,0,0,0,6,12515.0576172,10.1278352737,2200,0,9.8308095932,0,0,-3.75260639191,-4.1455039978,4,0,22,0,1,1,1,0,1,1,0,0,0,0,0,0,1,0,1,0,1,10.1278352737,6,0,0,-3.75260639191,-4.1455039978,9.8308095932,6
1284,2,118,12,1,1.375,1,,0,0,0,0,0,6,11462.6347656,10.0399951935,2300,0,8.51719284058,0,8.9871969223,-2.32732415199,0.0796284079552,4,0,22,0,1,1,0,0,1,0,0,0,0,0,0,1,1,0,1,0,1,10.1278352737,6,0,0,-3.75260639191,-4.1455039978,9.8308095932,6
1285,1,118,12,0,21,0,1,0,0,0,0,0,3,9366.81738281,9.83807563782,1800,0,11.5366420746,6.68461322784,0,-3.70125794411,-1.32368826866,3,0,73,0,3,0,1,1,0,0,0,0,0,0,0,0,0,0,0,1,0,9.83807563782,3,0,6.68461322784,-3.70125794411,-1.32368826866,11.5366420746,3
1286,1,118,12,1,1.375,1,0,0,0,0,0,0,7,46603.6328125,11.4425811768,9900,0,12.9263439178,0,7.60090255737,-0.845320820808,-4.1455039978,6,0,0,0,3,1,1,0,1,1,0,1,0,0,0,0,1,0,1,0,1,11.4425811768,7,7.60090255737,0,-0.845320820808,-4.1455039978,12.9263439178,7
1286,2,118,12,1,1.375,1,,0,0,0,0,0,7,176616.71875,12.7748842239,37650,0,12.9945297241,9.90348720551,10.085808754,2.47175240517,0.79633641243,6,0,0,0,3,1,0,1,1,1,0,1,0,0,0,0,1,0,1,1,1,11.4425811768,7,7.60090255737,0,-0.845320820808,-4.1455039978,12.9263439178,7
1287,1,118,12,1,1.375,1,0,0,0,0,0,0,3,22014.3554688,10.6925973892,1100,3000,9.72316360474,9.68034362793,8.69951438904,7.31740903854,0.0796284079552,3,0,24,0,2,0,1,0,0,0,0,0,0,0,0,0,1,0,0,0,1,10.6925973892,3,8.69951438904,9.68034362793,7.31740903854,0.0796284079552,9.72316360474,3
1287,2,118,12,1,1.375,1,,0,0,0,0,0,7,6690.54785156,9.50159835815,900,0,12.9297494888,0,9.68034362793,3.01212501526,0.0796284079552,3,0,24,0,2,1,1,0,1,0,0,0,0,0,0,0,1,0,1,1,1,10.6925973892,3,8.69951438904,9.68034362793,7.31740903854,0.0796284079552,9.72316360474,7
1288,1,119,11,0,25,1,0,0,0,0,0,1,4,14819.0957031,10.2968187332,2700,0,15.3321752548,10.6261940002,11.5327281952,-2.35090947151,0.781419277191,5,0,33,0,3,1,1,0,1,1,0,0,0,0,0,0,0,0,0,0,1,10.2968187332,4,11.5327281952,10.6261940002,-2.35090947151,0.781419277191,15.3321752548,4
1288,2,119,11,0,25,1,,0,0,0,0,1,4,8688.11523438,9.76285839081,1550,0,9.95227813721,0,9.90348720551,1.63547968864,2.90144395828,5,0,33,0,3,0,1,0,1,0,0,0,0,0,0,0,0,0,1,0,1,10.2968187332,4,11.5327281952,10.6261940002,-2.35090947151,0.781419277191,15.3321752548,4
1289,1,119,11,0,25,1,0,0,0,0,0,1,7,8609.08886719,9.75372123718,740,600,11.2077579498,0,11.512925148,5.26134204865,-1.96752977371,3,0,24,0,3,1,1,1,0,0,1,0,0,0,0,0,1,0,1,0,1,9.75372123718,7,11.512925148,0,5.26134204865,-1.96752977371,11.2077579498,7
1289,2,119,11,0,25,1,,0,0,0,0,1,5,56752.3828125,11.6395998001,12000,850,9.39266204834,0,8.00636768341,12.9062948227,-6.19266223907,3,0,24,0,3,1,1,1,0,1,0,0,0,0,0,0,1,0,1,0,0,9.75372123718,7,11.512925148,0,5.26134204865,-1.96752977371,11.2077579498,5
1290,1,119,11,0,25,1,0,0,0,0,0,1,4,45664.1445312,11.4222154617,10000,0,11.8291950226,0,0,-2.10047769547,2.90144395828,3,1,70,0,3,1,1,0,1,0,0,0,0,0,0,0,0,0,0,0,1,11.4222154617,4,0,0,-2.10047769547,2.90144395828,11.8291950226,4
1290,2,119,11,0,25,1,,0,0,0,0,1,5,9909.94238281,9.89444065094,1800,0,10.6782150269,0,0,-1.04811835289,-1.26795446873,3,1,70,0,3,1,0,0,1,1,0,0,0,0,0,0,1,0,1,0,1,11.4222154617,4,0,0,-2.10047769547,2.90144395828,11.8291950226,5
1291,1,119,11,0,25,1,0,0,0,0,0,1,6,29648.7011719,10.9903211594,6000,0,10.7493562698,12.9886035919,13.5567398071,-3.02678728104,2.90144395828,7,0,35,0,3,0,1,0,1,0,0,0,0,0,0,0,1,0,1,1,1,10.9903211594,6,13.5567398071,12.9886035919,-3.02678728104,2.90144395828,10.7493562698,6
1291,2,119,11,0,25,1,,0,0,0,0,1,3,4879.36523438,9.18591785431,800,0,9.37585449219,0,13.4588356018,2.37248730659,0.79633641243,7,0,35,0,3,1,0,0,1,1,0,0,0,0,0,0,0,0,0,0,1,10.9903211594,6,13.5567398071,12.9886035919,-3.02678728104,2.90144395828,10.7493562698,3
1292,1,119,11,1,1,1,0,0,0,0,0,1,8,39958.7773438,11.2887506485,2200,5400,12.9251308441,11.3385725021,10.3089523315,7.81025028229,2.90144395828,6,0,30,0,3,1,1,0,1,0,0,0,0,0,0,0,1,1,1,1,1,11.2887506485,8,10.3089523315,11.3385725021,7.81025028229,2.90144395828,12.9251308441,8
1292,2,119,11,1,1,1,,0,0,0,0,1,6,12132.5771484,10.0967969894,650,1700,8.90923500061,9.90348720551,13.8155107498,10.4224834442,-1.32368826866,6,0,30,0,3,1,1,1,1,1,1,1,0,0,0,0,1,0,1,0,0,11.2887506485,8,10.3089523315,11.3385725021,7.81025028229,2.90144395828,12.9251308441,6
1293,1,120,12,0,51.6666679382,1,0,1,0,0,0,0,4,65139.9609375,11.7774410248,14200,0,10.3155975342,0,11.512925148,0.366905748844,-2.04039621353,5,0,29,0,2,1,1,0,0,0,0,0,0,0,0,0,1,0,0,0,1,11.7774410248,4,11.512925148,0,0.366905748844,-2.04039621353,10.3155975342,4
1293,2,120,12,0,51.6666679382,1,,1,0,0,0,0,5,11503.0673828,10.0435161591,2100,0,8.26873207092,0,11.6952466965,5.84112739563,-3.37084650993,5,0,29,0,2,1,1,0,0,0,0,0,0,0,0,0,1,0,1,0,1,11.7774410248,4,11.512925148,0,0.366905748844,-2.04039621353,10.3155975342,5
1294,1,120,12,1,2.55555558205,1,0,1,0,0,0,0,4,31267.0195312,11.043466568,7150,0,14.1912031174,0,12.2060728073,-0.163709402084,0.85428583622,6,0,31,0,2,1,0,0,1,0,0,0,0,0,0,0,1,0,0,0,1,11.043466568,4,12.2060728073,0,-0.163709402084,0.85428583622,14.1912031174,4
1294,2,120,12,1,2.55555558205,1,,1,0,0,0,0,3,16150.3554688,10.3828449249,3150,0,8.294049263,8.47637081146,11.9829292297,7.01138687134,-6.19266223907,6,0,31,0,2,0,1,0,1,0,0,0,0,0,0,0,0,0,0,0,1,11.043466568,4,12.2060728073,0,-0.163709402084,0.85428583622,14.1912031174,3
1295,1,120,12,0,51.6666679382,1,0,1,0,0,0,0,6,4501.06738281,9.10521697998,200,0,10.6759080887,7.78322410583,0,-0.764154970646,0.0796284079552,3,0,25,0,3,1,1,0,1,0,0,1,0,0,0,0,1,0,0,0,1,9.10521697998,6,0,7.78322410583,-0.764154970646,0.0796284079552,10.6759080887,6
1295,2,120,12,0,51.6666679382,1,,1,0,0,0,0,6,11557.3847656,10.0482273102,1850,0,8.63052177429,0,9.90348720551,6.15017175674,2.90144395828,3,0,25,0,3,1,1,0,1,1,1,1,0,0,0,0,1,1,0,0,0,9.10521697998,6,0,7.78322410583,-0.764154970646,0.0796284079552,10.6759080887,6
1296,1,120,12,1,2.55555558205,1,0,1,0,0,0,0,4,58420.3085938,11.6685657501,12300,0,14.0601806641,0,9.90348720551,-7.67577981949,2.90144395828,5,0,36,0,2,0,1,0,0,1,0,0,0,0,0,0,0,0,1,0,1,11.6685657501,4,9.90348720551,0,-7.67577981949,2.90144395828,14.0601806641,4
1296,2,120,12,1,2.55555558205,1,,1,0,0,0,0,3,14396.9902344,10.2679214478,3000,0,10.8317070007,5.99147081375,0,-1.33970308304,-1.32368826866,5,0,36,0,2,1,0,0,0,0,0,0,0,0,0,0,1,0,0,0,1,11.6685657501,4,9.90348720551,0,-7.67577981949,2.90144395828,14.0601806641,3
1297,1,120,12,1,2.55555558205,1,0,1,0,0,0,0,8,40288.828125,11.2969770432,3500,4600,15.8360109329,9.94270801544,8.294049263,-4.20713949203,0.0796284079552,3,0,22,0,2,1,1,0,1,0,1,0,0,0,0,0,1,1,1,0,1,11.2969770432,8,8.294049263,9.94270801544,-4.20713949203,0.0796284079552,15.8360109329,8
1297,2,120,12,1,2.55555558205,1,,1,0,0,0,0,6,42511.5976562,11.3506793976,6450,2250,9.44935703278,9.84161186218,10.5966348648,10.2181777954,0.0796284079552,3,0,22,0,2,1,1,0,1,1,0,0,0,0,0,0,1,1,1,0,0,11.2969770432,8,8.294049263,9.94270801544,-4.20713949203,0.0796284079552,15.8360109329,6
1298,1,120,12,1,2.55555558205,1,0,1,0,0,0,0,7,8053.21142578,9.68697357178,1200,0,11.9511804581,7.60090255737,9.39266204834,2.27206707001,2.90144395828,3,0,25,0,2,1,1,0,1,0,0,0,0,0,0,0,1,0,1,1,1,9.68697357178,7,9.39266204834,7.60090255737,2.27206707001,2.90144395828,11.9511804581,7
1298,2,120,12,1,2.55555558205,1,,1,0,0,0,0,5,11512.0957031,10.044301033,2000,0,9.35876083374,10.118598938,9.21034049988,3.08303308487,2.90144395828,3,0,25,0,2,1,0,0,0,1,0,0,0,0,0,0,1,0,0,1,1,9.68697357178,7,9.39266204834,7.60090255737,2.27206707001,2.90144395828,11.9511804581,5
1299,1,120,12,0,51.6666679382,1,0,1,0,0,0,0,3,41468.3476562,11.3258333206,7650,700,10.1105012894,0,0,3.95235347748,-6.19266223907,4,0,25,0,2,1,0,0,0,0,0,0,0,0,0,0,1,0,1,0,0,11.3258333206,3,0,0,3.95235347748,-6.19266223907,10.1105012894,3
1299,2,120,12,0,51.6666679382,1,,1,0,0,0,0,4,11311.6923828,10.0267391205,2200,0,7.78322410583,0,8.69951438904,6.70899629593,-3.37084650993,4,0,25,0,2,1,1,0,1,0,0,0,0,0,0,0,0,0,0,0,1,11.3258333206,3,0,0,3.95235347748,-6.19266223907,10.1105012894,4
1300,1,120,12,1,2.55555558205,1,0,1,0,0,0,0,6,72369.046875,11.8826808929,2350,13500,12.0782394409,8.69951438904,9.39266204834,-0.303445756435,2.90144395828,6,0,28,0,2,1,1,0,1,1,0,0,0,0,0,0,1,0,1,0,1,11.8826808929,6,9.39266204834,8.69951438904,-0.303445756435,2.90144395828,12.0782394409,6
1300,2,120,12,1,2.55555558205,1,,1,0,0,0,0,6,39160.796875,11.2685785294,8200,0,16.7097911835,8.55641365051,10.3089523315,10.2181777954,2.90144395828,6,0,28,0,2,1,1,1,1,1,0,0,0,0,0,1,1,0,1,0,0,11.8826808929,6,9.39266204834,8.69951438904,-0.303445756435,2.90144395828,12.0782394409,6
1301,1,120,12,1,2.55555558205,1,0,1,0,0,0,0,7,40609.046875,11.3048934937,3900,3600,12.648191452,12.037653923,0,1.07729673386,2.90144395828,4,0,30,0,2,1,1,0,1,1,0,0,0,0,0,0,1,0,1,1,1,11.3048934937,7,0,12.037653923,1.07729673386,2.90144395828,12.648191452,7
1301,2,120,12,1,2.55555558205,1,,1,0,0,0,0,5,26092.6542969,10.8625564575,2500,2200,9.69276618958,11.3621025085,0,3.78746032715,-1.32368826866,4,0,30,0,2,1,1,1,1,0,0,0,0,0,0,0,1,0,0,0,1,11.3048934937,7,0,12.037653923,1.07729673386,2.90144395828,12.648191452,5
1302,1,120,12,1,2.55555558205,1,0,1,0,0,0,0,5,57961.828125,11.6606874466,6150,4600,14.1256389618,9.24956130981,11.0020999908,-4.88288974762,2.90144395828,4,0,26,0,2,1,1,0,0,0,0,0,0,0,0,0,1,0,0,1,1,11.6606874466,5,11.0020999908,9.24956130981,-4.88288974762,2.90144395828,14.1256389618,5
1302,2,120,12,1,2.55555558205,1,,1,0,0,0,0,8,28504.6445312,10.950969696,2350,1500,13.8629665375,12.8125724792,0,8.40349769592,0.781419277191,4,0,26,0,2,1,1,0,1,1,1,0,0,0,0,1,1,1,1,0,0,11.6606874466,5,11.0020999908,9.24956130981,-4.88288974762,2.90144395828,14.1256389618,8
1303,1,120,12,1,2.55555558205,1,0,1,0,0,0,0,4,134052.15625,12.4991312027,20300,8750,12.2539100647,10.5966348648,0,-2.8974852562,0.85428583622,6,0,33,0,2,0,1,0,1,0,0,0,0,0,0,0,1,0,0,0,1,12.4991312027,4,0,10.5966348648,-2.8974852562,0.85428583622,12.2539100647,4
1303,2,120,12,1,2.55555558205,1,,1,0,0,0,0,4,88906.796875,12.0884914398,18600,660,10.0432491302,12.075963974,9.8521938324,2.51888656616,-1.32368826866,6,0,33,0,2,1,0,0,0,1,0,0,0,0,0,0,0,0,0,1,1,12.4991312027,4,0,10.5966348648,-2.8974852562,0.85428583622,12.2539100647,4
1304,1,120,12,1,2.55555558205,0,1,1,0,0,0,0,6,43477.5,11.3731460571,5100,3400,11.1718425751,9.68034362793,0,-6.08504962921,2.90144395828,3,0,22,0,2,1,1,0,1,0,0,0,0,0,0,0,1,0,1,0,1,11.3731460571,6,0,9.68034362793,-6.08504962921,2.90144395828,11.1718425751,6
1305,1,121,11,1,1.25,0,1,0,0,0,0,0,6,1611771.25,14.985991478,1800,367500,12.0956993103,0,0,-5.45453357697,0.781419277191,6,1,61,0,2,1,1,0,1,0,0,0,0,0,0,0,1,0,1,0,1,14.985991478,6,0,0,-5.45453357697,0.781419277191,12.0956993103,6
1306,1,121,11,1,1.25,1,0,0,0,0,0,0,3,43037.875,11.3629827499,9300,0,10.2035923004,8.294049263,9.21034049988,2.19350767136,0.85428583622,4,0,26,0,2,1,0,0,0,1,0,0,0,0,0,0,1,0,0,0,0,11.3629827499,3,9.21034049988,8.294049263,2.19350767136,0.85428583622,10.2035923004,3
1306,2,121,11,1,1.25,1,,0,0,0,0,0,2,23212.3261719,10.7455854416,5150,0,15.4066009521,0,0,4.40339517593,-3.37084650993,4,0,26,0,2,1,0,1,1,0,0,0,0,0,0,0,0,0,0,0,0,11.3629827499,3,9.21034049988,8.294049263,2.19350767136,0.85428583622,10.2035923004,2
1307,1,121,11,1,1.25,1,0,0,0,0,0,0,4,9792213,15.180106163,2800,2250000,9.79255580902,0,0,2.51888656616,2.90144395828,7,0,32,0,2,1,1,0,0,0,0,0,0,0,0,0,1,0,0,0,1,15.180106163,4,0,0,2.51888656616,2.90144395828,9.79255580902,4
1307,2,121,11,1,1.25,1,,0,0,0,0,0,4,12365.1923828,10.1157875061,2700,0,10.4252529144,0,8.51719284058,5.60106134415,-3.37084650993,7,0,32,0,2,1,0,0,0,1,0,0,0,0,0,0,1,0,0,0,1,15.180106163,4,0,0,2.51888656616,2.90144395828,9.79255580902,4
1308,1,121,11,0,48,1,0,0,0,0,0,0,7,53789.8085938,11.5859861374,4000,1500,11.8433799744,0,0,-1.75629532337,2.90144395828,3,0,32,0,3,1,1,0,0,1,0,0,0,0,0,0,1,0,1,1,1,11.5859861374,7,0,0,-1.75629532337,2.90144395828,11.8433799744,7
1308,2,121,11,0,48,1,,0,0,0,0,0,5,59942.2695312,11.6942844391,11800,1400,17.6023159027,9.21034049988,11.6952466965,8.145860672,0.781419277191,3,0,32,0,3,1,1,0,0,0,0,0,0,0,0,0,1,0,1,0,1,11.5859861374,7,0,0,-1.75629532337,2.90144395828,11.8433799744,5
1309,1,121,11,0,48,1,0,0,0,0,0,0,6,50432.7304688,11.5215425491,10800,0,14.780667305,11.2118206024,11.0020999908,-11.1030349731,0.85428583622,5,0,69,0,2,1,1,0,0,1,0,0,0,0,0,0,1,0,1,0,1,11.5215425491,6,11.0020999908,11.2118206024,-11.1030349731,0.85428583622,14.780667305,6
1309,2,121,11,0,48,1,,0,0,0,0,0,3,20921906,16.1621856689,14500,4800000,12.2472143173,9.90348720551,9.90348720551,2.68884110451,0.85428583622,5,0,69,0,2,1,0,0,1,1,0,0,0,0,0,0,0,0,0,0,1,11.5215425491,6,11.0020999908,11.2118206024,-11.1030349731,0.85428583622,14.780667305,3
1310,1,121,11,0,48,1,0,0,0,0,0,0,8,81873.390625,12.0060768127,2200,8400,13.8681030273,12.7378768921,0,-6.40632486343,2.90144395828,5,0,62,0,3,1,1,1,0,0,1,0,0,0,0,0,1,0,1,1,1,12.0060768127,8,0,12.7378768921,-6.40632486343,2.90144395828,13.8681030273,8
1310,2,121,11,0,48,1,,0,0,0,0,0,4,40659.2890625,11.3061294556,450,0,13.6300239563,0,0,2.83552789688,-3.37084650993,5,0,62,0,3,1,1,1,1,1,0,0,0,0,0,0,1,0,0,0,0,12.0060768127,8,0,12.7378768921,-6.40632486343,2.90144395828,13.8681030273,4
1311,1,121,11,1,1.25,1,0,0,0,0,0,0,1,2155.78857422,8.36905956268,400,0,10.165851593,0,0,-0.934480726719,2.90144395828,6,0,33,0,2,1,0,0,0,0,0,0,0,0,0,0,0,0,0,0,0,8.36905956268,1,0,0,-0.934480726719,2.90144395828,10.165851593,1
1311,2,121,11,1,1.25,1,,0,0,0,0,0,4,3776,8.92956733704,800,0,9.79812717438,0,8.85366535187,7.56884813309,-1.32368826866,6,0,33,0,2,1,0,0,0,1,0,0,0,0,0,0,0,0,1,0,1,8.36905956268,1,0,0,-0.934480726719,2.90144395828,10.165851593,4
1312,1,121,11,1,1.25,1,0,0,0,0,0,0,4,6380.44238281,9.45413970947,1100,0,9.71715831757,0,0,-9.87332820892,-1.25082182884,4,1,28,0,1,1,0,0,0,1,0,0,0,0,0,0,1,0,0,0,1,9.45413970947,4,0,0,-9.87332820892,-1.25082182884,9.71715831757,4
1312,2,121,11,1,1.25,1,,0,0,0,0,0,3,10023.9619141,9.90588092804,1950,0,8.3428401947,8.69951438904,12.2060728073,1.28320276737,-4.1455039978,4,1,28,0,1,0,1,0,0,0,0,0,0,0,0,0,1,0,0,0,1,9.45413970947,4,0,0,-9.87332820892,-1.25082182884,9.71715831757,3
1313,1,121,11,1,1.25,1,0,0,0,0,0,0,6,19052.2402344,10.5480871201,3400,0,10.9402246475,0,0,5.84112739563,0.0796284079552,4,0,26,0,2,1,1,0,1,1,0,0,0,0,0,0,1,0,0,1,1,10.5480871201,6,0,0,5.84112739563,0.0796284079552,10.9402246475,6
1313,2,121,11,1,1.25,1,,0,0,0,0,0,3,4695,9.14740085602,1000,0,12.404923439,0,0,6.48236227036,-3.37084650993,4,0,26,0,2,0,1,0,0,0,0,0,0,0,0,0,1,0,0,0,1,10.5480871201,6,0,0,5.84112739563,0.0796284079552,10.9402246475,3
1314,1,121,11,1,1.25,1,0,0,0,0,0,0,5,13693.9501953,10.2178564072,2200,460,10.6065855026,0,0,0.15648676455,0.781419277191,4,0,27,0,2,0,1,0,1,1,0,0,0,0,0,0,1,0,1,0,1,10.2178564072,5,0,0,0.15648676455,0.781419277191,10.6065855026,5
1314,2,121,11,1,1.25,1,,0,0,0,0,0,,5639.33642578,9.3306684494,1200,0,8.66561317444,0,11.9829292297,4.68155002594,0.0796284079552,4,0,27,0,2,1,0,0,1,888,0,0,0,0,0,0,0,0,1,0,1,10.2178564072,5,0,0,0.15648676455,0.781419277191,10.6065855026,4
1315,1,121,11,1,1.25,1,0,0,0,0,0,0,8,39664.6054688,11.2813615799,5300,0,10.7851867676,8.18868923187,8.9871969223,-4.32098436356,0.0796284079552,3,0,23,0,2,1,1,0,1,1,0,0,0,0,0,0,1,1,1,1,1,11.2813615799,8,8.9871969223,8.18868923187,-4.32098436356,0.0796284079552,10.7851867676,8
1315,2,121,11,1,1.25,1,,0,0,0,0,0,3,7468.17285156,9.61155319214,1200,0,8.66561317444,0,10.5966348648,-0.57030493021,0.0796284079552,3,0,23,0,2,1,0,0,0,0,0,0,0,0,0,0,1,0,0,0,1,11.2813615799,8,8.9871969223,8.18868923187,-4.32098436356,0.0796284079552,10.7851867676,3
1316,1,121,11,0,48,1,0,0,0,0,0,0,5,34976.3632812,11.1555747986,5910,0,12.5175933838,8.69951438904,0,3.20566534996,2.90144395828,2,1,64,0,3,1,1,0,0,1,0,0,0,0,0,0,0,0,0,1,1,11.1555747986,5,0,8.69951438904,3.20566534996,2.90144395828,12.5175933838,5
1316,2,121,11,0,48,1,,0,0,0,0,0,8,147025.421875,12.5915079117,32000,1200,13.1472511292,11.904967308,0,1.51593518257,2.90144395828,2,1,64,0,3,1,1,0,0,1,0,1,0,0,0,1,1,0,1,0,1,11.1555747986,5,0,8.69951438904,3.20566534996,2.90144395828,12.5175933838,8
1317,1,122,12,1,1.62499988079,1,0,1,0,0,0,0,5,168825.640625,12.7297687531,22850,13000,13.9720010757,11.8913621902,0,1.57089591026,0.85428583622,3,0,23,0,2,1,1,0,0,0,1,0,0,0,0,0,1,0,0,0,1,12.7297687531,5,0,11.8913621902,1.57089591026,0.85428583622,13.9720010757,5
1317,2,122,12,1,1.62499988079,1,,1,0,0,0,0,4,24713.1347656,10.8082370758,3800,0,10.4042625427,8.9871969223,9.30565071106,-2.0833735466,-8.25695323944,3,0,23,0,2,1,1,0,0,0,1,0,0,0,0,0,0,0,0,0,1,12.7297687531,5,0,11.8913621902,1.57089591026,0.85428583622,13.9720010757,4
1318,1,122,12,1,1.62499988079,1,0,1,0,0,0,0,4,6283,9.43875026703,1200,200,10.7810373306,0,9.90348720551,-0.6595941782,-1.96752977371,4,0,34,0,2,1,1,0,1,0,0,0,0,0,0,0,1,0,0,0,0,9.43875026703,4,9.90348720551,0,-0.6595941782,-1.96752977371,10.7810373306,4
1318,2,122,12,1,1.62499988079,1,,1,0,0,0,0,5,19932.6914062,10.5932636261,3800,0,10.5347595215,8.9871969223,9.21034049988,-0.113064751029,2.90144395828,4,0,34,0,2,1,1,0,1,1,0,0,0,0,0,0,1,0,0,0,1,9.43875026703,4,9.90348720551,0,-0.6595941782,-1.96752977371,10.7810373306,5
1319,1,122,12,1,1.62499988079,1,0,1,0,0,0,0,5,47196.9492188,11.4552316666,2750,7560,11.7791280746,0,12.8992195129,2.39989328384,2.90144395828,7,0,35,0,3,1,0,0,1,0,0,0,0,0,0,0,1,0,1,1,0,11.4552316666,5,12.8992195129,0,2.39989328384,2.90144395828,11.7791280746,5
1319,2,122,12,1,1.62499988079,1,,1,0,0,0,0,5,4091.90380859,9.00991249084,100,0,10.8077058792,9.39266204834,10.5966348648,3.20566534996,-2.02547931671,7,0,35,0,3,1,1,0,1,1,0,0,0,0,0,0,1,0,0,0,1,11.4552316666,5,12.8992195129,0,2.39989328384,2.90144395828,11.7791280746,5
1320,1,122,12,0,15.2500009537,1,0,1,0,0,0,0,4,26534.9609375,10.879365921,1200,4000,12.3068227768,10.5966348648,9.90348720551,-9.20419692993,2.90144395828,3,1,45,0,3,1,1,0,0,0,0,0,0,0,0,0,1,0,0,0,1,10.879365921,4,9.90348720551,10.5966348648,-9.20419692993,2.90144395828,12.3068227768,4
1320,2,122,12,0,15.2500009537,1,,1,0,0,0,0,5,41065.9140625,11.3160810471,1500,6000,13.8671541214,9.21034049988,11.512925148,0.523069441319,-1.32368826866,3,1,45,0,3,0,1,0,1,0,0,0,0,0,0,0,1,0,1,0,1,10.879365921,4,9.90348720551,10.5966348648,-9.20419692993,2.90144395828,12.3068227768,5
1321,1,122,12,0,15.2500009537,1,0,1,0,0,0,0,7,64617.8671875,11.7693929672,4600,7500,14.501531601,10.9987611771,13.5567398071,3.78746032715,2.90144395828,3,0,32,0,3,1,1,0,0,1,0,0,0,0,0,0,1,0,1,1,1,11.7693929672,7,13.5567398071,10.9987611771,3.78746032715,2.90144395828,14.501531601,7
1321,2,122,12,0,15.2500009537,1,,1,0,0,0,0,7,176175.15625,12.7723808289,14200,7000,13.8886680603,10.513253212,0,3.07691454887,2.90144395828,3,0,32,0,3,1,1,0,1,0,0,0,0,0,0,0,1,0,1,1,1,11.7693929672,7,13.5567398071,10.9987611771,3.78746032715,2.90144395828,14.501531601,7
1322,1,122,12,1,1.62499988079,1,0,1,0,0,0,0,3,8188.38476562,9.7036190033,1400,0,14.3370389938,0,12.6760759354,-3.51449966431,-1.26573896408,6,0,37,0,2,1,0,0,1,1,0,0,0,0,0,0,0,0,1,0,0,9.7036190033,3,12.6760759354,0,-3.51449966431,-1.26573896408,14.3370389938,3
1322,2,122,12,1,1.62499988079,1,,1,0,0,0,0,6,227492.15625,13.0280179977,11800,40000,9.55393028259,7.60090255737,0,-4.75986433029,2.90144395828,6,0,37,0,2,1,1,0,1,0,0,0,0,0,0,0,1,0,1,0,1,9.7036190033,3,12.6760759354,0,-3.51449966431,-1.26573896408,14.3370389938,6
1323,1,122,12,0,15.2500009537,1,0,1,0,0,0,0,5,6474.64404297,9.46879577637,600,0,10.8551454544,0,0,-5.67989730835,0.0796284079552,2,1,66,0,2,1,0,0,1,0,0,0,0,0,0,0,1,0,1,0,1,9.46879577637,5,0,0,-5.67989730835,0.0796284079552,10.8551454544,5
1323,2,122,12,0,15.2500009537,1,,1,0,0,0,0,5,53744.3164062,11.5851402283,10700,0,11.5048933029,0,0,-0.374128341675,2.90144395828,2,1,66,0,2,1,1,1,1,0,0,0,0,0,0,0,1,0,0,0,1,9.46879577637,5,0,0,-5.67989730835,0.0796284079552,10.8551454544,5
1324,1,122,12,1,1.62499988079,1,0,1,0,0,0,0,5,11736.8945312,10.0636396408,2250,0,11.6526870728,8.63052177429,12.3883943558,-6.26161527634,0.85428583622,3,0,25,0,2,1,1,0,0,1,0,0,0,0,0,0,1,0,0,0,1,10.0636396408,5,12.3883943558,8.63052177429,-6.26161527634,0.85428583622,11.6526870728,5
1324,2,122,12,1,1.62499988079,1,,1,0,0,0,0,7,20451.1542969,10.6189422607,3000,0,11.8981876373,0,9.50300979614,-3.35194754601,-7.54024505615,3,0,25,0,2,1,1,0,1,1,0,0,0,0,0,0,1,0,1,1,1,10.0636396408,5,12.3883943558,8.63052177429,-6.26161527634,0.85428583622,11.6526870728,7
1325,1,122,12,1,1.62499988079,1,0,1,0,0,0,0,6,55789.046875,11.6224803925,3800,7800,15.0087966919,0,0,-0.224886000156,0.781419277191,6,0,30,0,2,1,1,0,0,0,0,0,0,0,0,0,1,0,1,1,1,11.6224803925,6,0,0,-0.224886000156,0.781419277191,15.0087966919,6
1325,2,122,12,1,1.62499988079,1,,1,0,0,0,0,9,215712.28125,12.9748477936,36000,12000,13.7098169327,9.54681301117,12.3458347321,1.85611605644,-3.37084650993,6,0,30,0,2,1,1,0,1,1,1,0,0,0,0,0,1,1,1,1,1,11.6224803925,6,0,0,-0.224886000156,0.781419277191,15.0087966919,9
1326,1,122,12,1,1.62499988079,1,0,1,0,0,0,0,3,11129.2119141,10.0104761124,2350,0,9.19013786316,0,8.9871969223,-4.20127868652,0.0796284079552,4,0,27,0,2,1,0,0,1,0,0,0,0,0,0,0,0,0,0,0,1,10.0104761124,3,8.9871969223,0,-4.20127868652,0.0796284079552,9.19013786316,3
1326,2,122,12,1,1.62499988079,1,,1,0,0,0,0,7,14826.0273438,10.2972869873,2060,0,16.1386146545,0,9.49551963806,6.92250299454,2.90144395828,4,0,27,0,2,1,1,0,1,1,1,1,0,0,0,0,1,0,0,1,1,10.0104761124,3,8.9871969223,0,-4.20127868652,0.0796284079552,9.19013786316,7
1327,1,122,12,0,15.2500009537,1,0,1,0,0,0,0,7,185669.78125,12.8248720169,36600,3000,12.7628269196,12.5425453186,0,-0.441023588181,2.90144395828,3,1,86,0,3,1,1,0,1,1,0,0,0,0,0,0,1,0,1,1,1,12.8248720169,7,0,12.5425453186,-0.441023588181,2.90144395828,12.7628269196,7
1327,2,122,12,0,15.2500009537,1,,1,0,0,0,0,7,46281,11.4356336594,6000,2300,12.9263486862,11.4075651169,0,5.62327384949,0.781419277191,3,1,86,0,3,1,1,0,1,1,0,0,0,0,0,0,1,0,1,1,1,12.8248720169,7,0,12.5425453186,-0.441023588181,2.90144395828,12.7628269196,7
1328,1,122,12,1,1.62499988079,1,0,1,0,0,0,0,4,49527.75,11.5034351349,7700,2500,13.0796642303,10.5453414917,0,4.18049764633,2.90144395828,4,0,25,0,2,1,1,0,0,0,0,0,0,0,0,0,1,0,1,0,0,11.5034351349,4,0,10.5453414917,4.18049764633,2.90144395828,13.0796642303,4
1328,2,122,12,1,1.62499988079,1,,1,0,0,0,0,5,4378980.5,15.9854736328,550,1000000,13.1520776749,0,9.90348720551,6.01554775238,0.85428583622,4,0,25,0,2,1,1,0,0,0,1,1,0,0,0,0,1,0,0,0,1,11.5034351349,4,0,10.5453414917,4.18049764633,2.90144395828,13.0796642303,5
1329,1,123,11,1,1.87499988079,1,0,1,0,0,0,0,8,88479.015625,12.0836677551,9200,5400,17.4067611694,13.2533912659,13.5567398071,-1.21707117558,2.90144395828,6,0,0,0,3,1,1,0,1,1,1,0,0,0,0,0,1,0,1,1,1,12.0836677551,8,13.5567398071,13.2533912659,-1.21707117558,2.90144395828,17.4067611694,8
1329,2,123,11,1,1.87499988079,1,,1,0,0,0,0,10,191368.6875,12.8551044464,28050,12500,14.2124729156,13.0731735229,0,10.2514133453,2.90144395828,6,0,0,0,3,1,1,1,1,1,1,0,0,0,0,1,1,1,1,1,1,12.0836677551,8,13.5567398071,13.2533912659,-1.21707117558,2.90144395828,17.4067611694,10
1330,1,123,11,1,1.87499988079,1,0,1,0,0,0,0,8,77877.390625,11.956038475,7700,8100,12.5954084396,11.918390274,9.90348720551,2.79596161842,0.781419277191,5,0,32,0,2,1,1,0,1,1,0,1,0,0,0,0,1,0,1,1,1,11.956038475,8,9.90348720551,11.918390274,2.79596161842,0.781419277191,12.5954084396,8
1330,2,123,11,1,1.87499988079,1,,1,0,0,0,0,7,33498.9609375,11.1124172211,1600,3300,14.1253452301,12.4776248932,11.3144741058,5.75046491623,0.79633641243,5,0,32,0,2,1,1,0,0,1,1,0,0,0,0,0,1,0,1,0,1,11.956038475,8,9.90348720551,11.918390274,2.79596161842,0.781419277191,12.5954084396,7
1331,1,123,11,1,1.87499988079,1,0,1,0,0,0,0,7,36092.8320312,11.18699646,6100,0,10.5865840912,0,10.3089523315,2.51888656616,0.0796284079552,4,0,24,0,2,1,1,0,0,0,1,0,0,0,0,0,1,0,1,1,1,11.18699646,7,10.3089523315,0,2.51888656616,0.0796284079552,10.5865840912,7
1331,2,123,11,1,1.87499988079,1,,1,0,0,0,0,10,28982.6738281,10.9676008224,5250,0,10.3920679092,9.39266204834,9.95227813721,-0.0811195969582,-2.02547931671,4,0,24,0,2,1,1,0,1,1,1,0,1,1,0,0,1,1,1,1,1,11.18699646,7,10.3089523315,0,2.51888656616,0.0796284079552,10.5865840912,10
1332,1,123,11,0,42.75,1,0,1,0,0,0,0,6,79903.234375,11.981719017,13070,4000,10.4344100952,11.0020999908,10.1266307831,-1.30448389053,-3.37084650993,6,1,40,0,2,1,1,1,0,1,0,0,0,0,0,0,0,0,1,1,1,11.981719017,6,10.1266307831,11.0020999908,-1.30448389053,-3.37084650993,10.4344100952,6
1332,2,123,11,0,42.75,1,,1,0,0,0,0,5,8422.34570312,9.7317905426,1050,0,12.9350690842,8.85366535187,8.51719284058,9.88536643982,2.90144395828,6,1,40,0,2,1,0,1,0,0,0,0,0,0,0,0,1,0,1,0,1,11.981719017,6,10.1266307831,11.0020999908,-1.30448389053,-3.37084650993,10.4344100952,5
1333,1,123,11,1,1.87499988079,1,0,1,0,0,0,0,5,18882.9609375,10.5391626358,3750,0,12.3265190125,10.3089523315,10.4631032944,11.1041650772,0.781419277191,6,1,36,0,1,1,1,0,0,0,0,0,0,0,0,0,1,0,0,1,1,10.5391626358,5,10.4631032944,10.3089523315,11.1041650772,0.781419277191,12.3265190125,5
1333,2,123,11,1,1.87499988079,1,,1,0,0,0,0,6,7719.38476562,9.64463710785,850,600,14.6360826492,8.9871969223,10.896739006,2.77784395218,-5.49308681488,6,1,36,0,1,1,1,0,0,1,0,0,0,0,0,0,1,1,1,0,0,10.5391626358,5,10.4631032944,10.3089523315,11.1041650772,0.781419277191,12.3265190125,6
1334,1,123,11,0,42.75,1,0,1,0,0,0,0,4,96246.6640625,12.1678171158,2110,19000,13.6541671753,8.47637081146,11.9829292297,2.77839040756,-1.26573896408,3,0,66,0,3,1,1,0,0,0,0,0,0,0,0,0,1,0,0,0,1,12.1678171158,4,11.9829292297,8.47637081146,2.77839040756,-1.26573896408,13.6541671753,4
1334,2,123,11,0,42.75,1,,1,0,0,0,0,4,20195.3554688,10.6063547134,2195,1080,14.0567293167,0,10.364071846,3.64201235771,0.85428583622,3,0,66,0,3,1,0,0,0,0,0,0,0,0,0,0,1,1,0,0,1,12.1678171158,4,11.9829292297,8.47637081146,2.77839040756,-1.26573896408,13.6541671753,4
1335,1,123,11,1,1.87499988079,1,0,1,0,0,0,0,7,171801.09375,12.7472400665,27500,9000,14.6910629272,13.2533912659,0,-6.56241798401,2.90144395828,6,0,0,0,2,1,1,1,0,1,0,0,0,0,0,1,1,0,1,0,1,12.7472400665,7,0,13.2533912659,-6.56241798401,2.90144395828,14.6910629272,7
1335,2,123,11,1,1.87499988079,1,,1,0,0,0,0,5,83097.859375,12.0209217072,14200,4250,13.2321138382,8.85366535187,9.54681301117,2.10609507561,-1.26573896408,6,0,0,0,2,1,1,0,0,1,0,0,0,0,0,0,1,0,1,0,0,12.7472400665,7,0,13.2533912659,-6.56241798401,2.90144395828,14.6910629272,5
1336,1,123,11,1,1.87499988079,1,0,1,0,0,0,0,7,37591.8085938,11.2276887894,2500,4800,13.4609766006,11.1447563171,0,5.95012378693,0.85428583622,5,1,49,0,2,1,1,0,1,1,1,0,0,0,0,0,1,0,1,0,1,11.2276887894,7,0,11.1447563171,5.95012378693,0.85428583622,13.4609766006,7
1336,2,123,11,1,1.87499988079,1,,1,0,0,0,0,7,26194,10.8664331436,4200,0,13.0013246536,8.85366535187,9.94270801544,3.90009593964,0.79633641243,5,1,49,0,2,1,1,0,1,1,0,0,0,0,0,0,1,0,1,1,1,11.2276887894,7,0,11.1447563171,5.95012378693,0.85428583622,13.4609766006,7
1337,1,123,11,0,42.75,1,0,1,0,0,0,0,8,41514.4335938,11.3269433975,6000,2600,12.1980400085,11.4616317749,10.5453414917,5.06671714783,-1.26573896408,4,0,41,0,2,1,1,0,1,1,1,0,0,0,0,1,1,0,0,1,1,11.3269433975,8,10.5453414917,11.4616317749,5.06671714783,-1.26573896408,12.1980400085,8
1337,2,123,11,0,42.75,1,,1,0,0,0,0,10,95211.6796875,12.1570053101,17800,3120,11.54829216,12.3883943558,11.1562509537,1.3423794508,0.85428583622,4,0,41,0,2,1,1,0,1,1,1,0,0,0,0,1,1,1,1,1,1,11.3269433975,8,10.5453414917,11.4616317749,5.06671714783,-1.26573896408,12.1980400085,10
1338,1,123,11,0,42.75,1,0,1,0,0,0,0,4,48464.3242188,11.4817304611,1200,7560,13.6819286346,9.90348720551,0,4.07598781586,0.781419277191,3,1,62,0,3,1,1,0,0,0,0,0,0,0,0,0,1,0,0,0,1,11.4817304611,4,0,9.90348720551,4.07598781586,0.781419277191,13.6819286346,4
1338,2,123,11,0,42.75,1,,1,0,0,0,0,6,31320.9335938,11.0451889038,3000,3300,12.4638109207,0,0,1.05368459225,0.781419277191,3,1,62,0,3,1,1,0,1,1,0,0,0,0,0,0,1,0,1,0,1,11.4817304611,4,0,9.90348720551,4.07598781586,0.781419277191,13.6819286346,6
1339,1,123,11,1,1.87499988079,1,0,1,0,0,0,0,8,61884.1835938,11.7261667252,5800,5200,11.8954353333,12.9336214066,0,-1.74560642242,0.781419277191,3,0,26,0,2,1,1,0,1,1,1,0,0,0,0,0,1,0,1,1,1,11.7261667252,8,0,12.9336214066,-1.74560642242,0.781419277191,11.8954353333,8
1339,2,123,11,1,1.87499988079,1,,1,0,0,0,0,9,124034.664062,12.4214639664,3500,23000,11.5945053101,10.5453414917,9.90348720551,1.93709146976,0.79633641243,3,0,26,0,2,1,1,0,1,1,0,0,0,0,1,0,1,1,1,1,1,11.7261667252,8,0,12.9336214066,-1.74560642242,0.781419277191,11.8954353333,9
1340,1,123,11,1,1.87499988079,1,0,1,0,0,0,0,8,68549.265625,11.8284549713,5800,2500,15.880777359,13.2533912659,13.0389814377,8.88697910309,2.90144395828,4,0,28,0,3,1,1,0,0,1,1,1,0,0,0,0,1,0,1,1,1,11.8284549713,8,13.0389814377,13.2533912659,8.88697910309,2.90144395828,15.880777359,8
1340,2,123,11,1,1.87499988079,1,,1,0,0,0,0,7,32887.2421875,11.0939874649,2200,3450,10.8628377914,12.4684371948,10.085808754,8.54269886017,0.781419277191,4,0,28,0,3,1,1,0,1,1,0,1,0,0,0,0,1,0,1,0,1,11.8284549713,8,13.0389814377,13.2533912659,8.88697910309,2.90144395828,15.880777359,7
1341,1,124,11,0,40.75,1,0,0,0,0,1,0,6,15694.8457031,10.3542346954,1900,0,11.5540676117,0,10.3089523315,-3.48256087303,2.90144395828,4,1,64,0,3,1,0,0,1,1,0,0,0,0,0,0,1,0,1,1,1,10.3542346954,6,10.3089523315,0,-3.48256087303,2.90144395828,11.5540676117,6
1341,2,124,11,0,40.75,1,,0,0,0,1,0,7,17374.0761719,10.4558820724,2200,0,10.1619977951,8.43381118774,6.90775632858,-1.85652720928,0.79633641243,4,1,64,0,3,1,1,1,1,1,0,0,0,0,0,0,1,0,1,1,1,10.3542346954,6,10.3089523315,0,-3.48256087303,2.90144395828,11.5540676117,7
1342,1,124,11,1,2.5,1,0,0,0,0,1,0,5,30701.9550781,11.0252285004,1680,5000,11.2644643784,0,10.3089523315,-0.530292093754,0.79633641243,3,0,23,0,2,1,1,0,1,1,0,0,0,0,0,0,1,0,0,0,1,11.0252285004,5,10.3089523315,0,-0.530292093754,0.79633641243,11.2644643784,5
1342,2,124,11,1,2.5,1,,0,0,0,1,0,5,9438.78808594,9.84572982788,1350,0,10.6782150269,0,11.1562509537,1.46028017998,2.90144395828,3,0,23,0,2,1,1,0,0,0,0,0,0,0,0,0,1,0,1,0,1,11.0252285004,5,10.3089523315,0,-0.530292093754,0.79633641243,11.2644643784,5
1343,1,124,11,0,40.75,1,0,0,0,0,1,0,7,623628.25,14.0364570618,40500,100000,17.362739563,12.8992195129,12.8992195129,-3.03252100945,0.79633641243,7,0,64,0,4,1,1,0,0,1,0,0,0,0,0,0,1,0,1,1,1,14.0364570618,7,12.8992195129,12.8992195129,-3.03252100945,0.79633641243,17.362739563,7
1343,2,124,11,0,40.75,1,,0,0,0,1,0,5,8336.36523438,9.72152996063,1400,0,17.6023159027,0,0,-3.51449966431,2.90144395828,7,0,64,0,4,1,1,1,1,1,0,0,0,0,0,0,1,0,0,0,1,14.0364570618,7,12.8992195129,12.8992195129,-3.03252100945,0.79633641243,17.362739563,5
1344,1,124,11,1,2.5,1,0,0,0,0,1,0,4,13885.1347656,10.2317209244,2800,0,10.0432491302,9.32366943359,9.39266204834,4.17685890198,0.0796284079552,5,0,38,0,1,1,0,0,0,0,0,0,0,0,0,0,1,0,1,0,1,10.2317209244,4,9.39266204834,9.32366943359,4.17685890198,0.0796284079552,10.0432491302,4
1344,2,124,11,1,2.5,1,,0,0,0,1,0,7,9613.18261719,9.86403751373,1200,0,9.68657493591,8.79482460022,11.1562509537,-5.5876159668,0.0796284079552,5,0,38,0,1,1,1,0,1,1,0,0,0,0,0,0,1,0,1,1,1,10.2317209244,4,9.39266204834,9.32366943359,4.17685890198,0.0796284079552,10.0432491302,7
1345,1,124,11,0,40.75,1,0,0,0,0,1,0,,135755.65625,12.5117588043,29600,0,11.6045923233,10.7188520432,11.161948204,2.91170525551,2.90144395828,5,0,51,0,3,1,1,0,0,1,0,0,0,0,0,0,1,0,1,1,888,12.5117588043,6,11.161948204,10.7188520432,2.91170525551,2.90144395828,11.6045923233,6
1345,2,124,11,0,40.75,1,,0,0,0,1,0,7,65838.6171875,11.7881088257,11700,0,12.2802524567,11.2897815704,0,0.256677180529,2.90144395828,5,0,51,0,3,1,1,1,1,1,0,0,0,0,0,0,1,0,1,1,1,12.5117588043,6,11.161948204,10.7188520432,2.91170525551,2.90144395828,11.6045923233,7
1346,1,124,11,1,2.5,1,0,0,0,0,1,0,,22268.6738281,10.7040834427,4400,0,9.58877658844,10.085808754,0,9.99723243713,0.0796284079552,5,0,34,0,1,1,1,0,1,0,0,0,0,0,0,0,1,0,888,1,1,10.7040834427,6,0,10.085808754,9.99723243713,0.0796284079552,9.58877658844,6
1346,2,124,11,1,2.5,1,,0,0,0,1,0,4,14653.3271484,10.2855701447,2800,0,8.86785030365,0,0,-0.0711291879416,0.0796284079552,5,0,34,0,1,1,1,0,0,0,0,0,0,0,0,0,1,0,0,0,1,10.7040834427,6,0,10.085808754,9.99723243713,0.0796284079552,9.58877658844,4
1347,1,124,11,1,2.5,1,0,0,0,0,1,0,6,25982.8085938,10.8583374023,4900,0,14.7670135498,8.47637081146,0,-0.885707736015,2.90144395828,4,0,30,0,2,1,0,0,1,1,0,0,0,0,0,0,1,0,1,1,1,10.8583374023,6,0,8.47637081146,-0.885707736015,2.90144395828,14.7670135498,6
1347,2,124,11,1,2.5,1,,0,0,0,1,0,6,35190.1914062,11.1616697311,6550,0,13.1044034958,11.0540599823,0,11.345000267,-1.96752977371,4,0,30,0,2,1,1,0,1,1,0,0,0,0,0,0,1,0,1,0,1,10.8583374023,6,0,8.47637081146,-0.885707736015,2.90144395828,14.7670135498,6
1348,1,124,11,1,2.5,1,0,0,0,0,1,0,5,79560.953125,11.9774255753,16550,0,11.6439533234,0,10.5966348648,0.112414374948,-2.02547931671,4,0,34,0,2,1,0,0,0,0,0,0,0,0,0,0,1,0,1,1,1,11.9774255753,5,10.5966348648,0,0.112414374948,-2.02547931671,11.6439533234,5
1348,2,124,11,1,2.5,1,,0,0,0,1,0,6,50072.9023438,11.5143823624,10150,0,9.35876083374,0,10.5966348648,6.15017175674,0.0796284079552,4,0,34,0,2,1,1,0,0,1,0,0,0,0,0,0,1,0,0,1,1,11.9774255753,5,10.5966348648,0,0.112414374948,-2.02547931671,11.6439533234,6
1349,1,124,11,1,2.5,1,0,0,0,0,1,0,7,29746.2792969,10.9936065674,5050,0,10.1345996857,9.21034049988,0,2.39625430107,-1.96752977371,2,1,22,0,2,1,1,0,1,1,0,0,0,0,0,0,1,0,1,1,1,10.9936065674,7,0,9.21034049988,2.39625430107,-1.96752977371,10.1345996857,7
1349,2,124,11,1,2.5,1,,0,0,0,1,0,7,29913.6542969,10.9992170334,6500,0,8.51719284058,8.69951438904,10.165851593,3.06786894798,-4.07263755798,2,1,22,0,2,1,1,0,0,1,0,0,0,0,0,0,1,0,1,1,1,10.9936065674,7,0,9.21034049988,2.39625430107,-1.96752977371,10.1345996857,7
1350,1,124,11,1,2.5,1,0,0,0,0,1,0,7,55376.25,11.6150531769,1400,9100,11.0508899689,10.691945076,12.4607152939,1.77923977375,-1.32368826866,7,0,34,0,2,1,1,0,1,0,0,0,0,0,0,0,1,0,1,1,1,11.6150531769,7,12.4607152939,10.691945076,1.77923977375,-1.32368826866,11.0508899689,7
1350,2,124,11,1,2.5,1,,0,0,0,1,0,5,10594.9580078,9.96128082275,870,0,12.3929672241,0,11.5069074631,7.71671915054,0.85428583622,7,0,34,0,2,1,1,0,1,0,0,0,0,0,0,0,1,0,0,0,1,11.6150531769,7,12.4607152939,10.691945076,1.77923977375,-1.32368826866,11.0508899689,5
1351,1,124,11,0,40.75,1,0,0,0,0,1,0,10,208023.625,12.9385538101,44950,0,16.8135795593,11.8858671188,13.5567398071,3.14513015747,0.79633641243,7,0,41,0,3,1,1,0,1,1,0,0,0,1,0,1,1,1,1,1,1,12.9385538101,10,13.5567398071,11.8858671188,3.14513015747,0.79633641243,16.8135795593,10
1351,2,124,11,0,40.75,1,,0,0,0,1,0,8,389068.09375,13.5646572113,20200,66000,12.1919736862,7.60090255737,13.8155107498,8.14299201965,2.90144395828,7,0,41,0,3,1,1,0,1,1,0,0,0,0,0,1,1,0,1,1,1,12.9385538101,10,13.5567398071,11.8858671188,3.14513015747,0.79633641243,16.8135795593,8
1352,1,124,11,1,2.5,1,0,0,0,0,1,0,6,64229.453125,11.7633647919,500,14000,13.3804101944,8.294049263,0,-1.8234026432,-6.19266223907,4,0,32,0,2,1,1,0,1,0,0,0,0,0,0,0,1,0,0,1,1,11.7633647919,6,0,8.294049263,-1.8234026432,-6.19266223907,13.3804101944,6
1352,2,124,11,1,2.5,1,,0,0,0,1,0,5,4534.89404297,9.11270427704,300,0,12.9248876572,8.69951438904,0,-0.640520691872,0.0796284079552,4,0,32,0,2,1,1,0,1,1,0,0,0,0,0,0,1,0,0,0,1,11.7633647919,6,0,8.294049263,-1.8234026432,-6.19266223907,13.3804101944,5
1353,1,125,12,0,49,1,0,0,1,0,0,0,4,9680.97070312,9.8710641861,1700,0,11.544424057,0,10.3089523315,-0.0687222927809,-2.02547931671,2,1,58,0,3,1,1,1,0,1,0,0,0,0,0,0,0,0,0,1,0,9.8710641861,4,10.3089523315,0,-0.0687222927809,-2.02547931671,11.544424057,4
1353,2,125,12,0,49,1,,0,1,0,0,0,3,18466.25,10.5168476105,4000,0,10.5865840912,8.9871969223,10.896739006,3.10068154335,-4.07263755798,2,1,58,0,3,1,0,0,1,0,0,0,0,0,0,0,0,0,0,0,1,9.8710641861,4,10.3089523315,0,-0.0687222927809,-2.02547931671,11.544424057,3
1354,1,125,12,1,1.87499988079,1,0,0,1,0,0,0,6,60368.2773438,11.7013664246,6900,0,10.922334671,9.21034049988,10.3089523315,5.75046491623,-2.04039621353,4,0,28,0,2,1,0,0,1,1,1,0,0,0,0,0,1,0,1,1,0,11.7013664246,6,10.3089523315,9.21034049988,5.75046491623,-2.04039621353,10.922334671,6
1354,2,125,12,1,1.87499988079,1,,0,1,0,0,0,6,46010.375,11.429769516,9600,0,9.83091640472,8.294049263,11.512925148,3.89244413376,-4.07263755798,4,0,28,0,2,1,1,0,0,1,0,0,0,0,0,0,1,0,1,0,1,11.7013664246,6,10.3089523315,9.21034049988,5.75046491623,-2.04039621353,10.922334671,6
1355,1,125,12,0,49,1,0,0,1,0,0,0,5,13243.7695312,10.1844301224,1400,0,9.5749835968,0,13.304684639,-2.32809376717,3.58507943153,6,0,45,0,3,1,1,0,0,0,0,0,0,0,0,0,1,0,0,1,1,10.1844301224,5,13.304684639,0,-2.32809376717,3.58507943153,9.5749835968,5
1355,2,125,12,0,49,1,,0,1,0,0,0,5,12899.4228516,10.1580848694,2300,0,9.78695392609,9.68034362793,11.0020999908,0.661629021168,2.90144395828,6,0,45,0,3,1,1,0,1,0,0,0,0,0,0,0,1,0,0,0,1,10.1844301224,5,13.304684639,0,-2.32809376717,3.58507943153,9.5749835968,5
1356,1,125,12,1,1.87499988079,1,0,0,1,0,0,0,1,2021.01928711,8.30450439453,200,0,9.8521938324,0,0,-6.58995914459,-1.96752977371,3,0,20,0,2,1,0,0,0,0,0,0,0,0,0,0,0,0,0,0,0,8.30450439453,1,0,0,-6.58995914459,-1.96752977371,9.8521938324,1
1356,2,125,12,1,1.87499988079,1,,0,1,0,0,0,5,9449.16308594,9.84682846069,1750,0,10.0519075394,0,10.691945076,6.89393472672,-8.24203586578,3,0,20,0,2,1,1,0,1,0,0,0,0,0,0,0,1,0,0,0,1,8.30450439453,1,0,0,-6.58995914459,-1.96752977371,9.8521938324,5
1357,1,125,12,1,1.87499988079,1,0,0,1,0,0,0,3,15657.3652344,10.3518438339,3300,0,10.2955293655,0,10.5966348648,-7.96351671219,0.85428583622,5,0,27,0,1,1,0,0,1,0,0,0,0,0,0,0,0,0,0,0,1,10.3518438339,3,10.5966348648,0,-7.96351671219,0.85428583622,10.2955293655,3
1357,2,125,12,1,1.87499988079,1,,0,1,0,0,0,5,23428.2304688,10.7548437119,5200,0,10.9437646866,9.16951847076,11.2897815704,7.38910531998,-3.37306213379,5,0,27,0,1,0,1,0,1,0,0,0,0,0,0,0,1,0,1,0,1,10.3518438339,3,10.5966348648,0,-7.96351671219,0.85428583622,10.2955293655,5
1358,1,125,12,0,49,1,0,0,1,0,0,0,4,6099.44238281,9.40909957886,1250,0,10.0604915619,0,10.8197784424,-1.41369891167,0.85428583622,4,0,62,0,2,1,0,0,1,0,0,0,0,0,0,0,0,0,1,0,1,9.40909957886,4,10.8197784424,0,-1.41369891167,0.85428583622,10.0604915619,4
1358,2,125,12,0,49,1,,0,1,0,0,0,5,21772.7109375,10.6815595627,4650,0,9.58671951294,0,8.00636768341,6.54925775528,-4.07263755798,4,0,62,0,2,0,1,1,1,1,0,0,0,0,0,0,1,0,1,0,1,9.40909957886,4,10.8197784424,0,-1.41369891167,0.85428583622,10.0604915619,5
1359,1,125,12,1,1.87499988079,1,0,0,1,0,0,0,2,467.25,6.84001255035,50,0,9.28730106354,0,0,-5.05623149872,0.85428583622,4,0,29,0,2,0,1,0,0,1,0,0,0,0,0,0,0,0,0,0,0,6.84001255035,2,0,0,-5.05623149872,0.85428583622,9.28730106354,2
1359,2,125,12,1,1.87499988079,1,,0,1,0,0,0,3,7016.69238281,9.54919433594,1200,0,8.24275684357,0,0,4.48189067841,0.79633641243,4,0,29,0,2,0,1,0,1,1,0,0,0,0,0,0,0,0,0,0,1,6.84001255035,2,0,0,-5.05623149872,0.85428583622,9.28730106354,3
1360,1,125,12,0,49,1,0,0,1,0,0,0,4,19249.1347656,10.5583686829,4000,0,9.68034362793,0,10.9681978226,4.1871676445,0.0796284079552,4,0,42,0,3,1,0,0,1,1,0,0,0,0,0,0,0,0,1,0,1,10.5583686829,4,10.9681978226,0,4.1871676445,0.0796284079552,9.68034362793,4
1360,2,125,12,0,49,1,,0,1,0,0,0,6,15448.4707031,10.3384122849,2700,0,9.75266456604,0,9.68034362793,5.16866970062,-4.07263755798,4,0,42,0,3,1,1,0,1,1,0,1,0,0,0,0,1,0,0,0,1,10.5583686829,4,10.9681978226,0,4.1871676445,0.0796284079552,9.68034362793,6
1361,1,125,12,1,1.87499988079,1,0,0,1,0,0,0,7,16772.4609375,10.4206409454,3200,0,12.283033371,0,11.0020999908,3.78746032715,0.0796284079552,6,1,43,0,3,1,1,0,0,0,0,0,0,0,1,0,1,0,1,1,1,10.4206409454,7,11.0020999908,0,3.78746032715,0.0796284079552,12.283033371,7
1361,2,125,12,1,1.87499988079,1,,0,1,0,0,0,4,9541.75,9.85657978058,2150,0,12.2539100647,0,11.0020999908,-8.11051273346,-0.827770709991,6,1,43,0,3,1,1,0,1,0,0,0,0,0,0,0,0,0,1,0,0,10.4206409454,7,11.0020999908,0,3.78746032715,0.0796284079552,12.283033371,4
1362,1,125,12,1,1.87499988079,1,0,0,1,0,0,0,3,6299.57714844,9.44138526917,900,0,10.085808754,7.78322410583,0,3.06786894798,-1.25082182884,5,0,29,0,3,1,1,0,0,0,0,0,0,0,0,0,1,0,0,0,0,9.44138526917,3,0,7.78322410583,3.06786894798,-1.25082182884,10.085808754,3
1362,2,125,12,1,1.87499988079,1,,0,1,0,0,0,3,71017.5859375,11.8638296127,4100,10000,10.5023241043,0,0,-10.3958082199,-1.26573896408,5,0,29,0,3,1,1,0,0,0,0,0,0,0,0,0,1,0,0,0,0,9.44138526917,3,0,7.78322410583,3.06786894798,-1.25082182884,10.085808754,3
1363,1,125,12,1,1.87499988079,1,0,0,1,0,0,0,6,6498.36523438,9.47245311737,1000,0,10.0774412155,0,10.5966348648,2.51888656616,3.33941221237,3,0,20,0,3,1,1,0,1,1,0,0,0,0,0,0,1,0,0,1,1,9.47245311737,6,10.5966348648,0,2.51888656616,3.33941221237,10.0774412155,6
1363,2,125,12,1,1.87499988079,1,,0,1,0,0,0,6,29385.8945312,10.9814176559,6400,0,10.1811189651,0,11.8493976593,1.73223423958,-2.02547931671,3,0,20,0,3,1,1,0,1,1,0,0,0,0,0,0,1,0,1,0,1,9.47245311737,6,10.5966348648,0,2.51888656616,3.33941221237,10.0774412155,6
1364,1,125,12,1,1.87499988079,1,0,0,1,0,0,0,9,43480.0664062,11.3732051849,8650,0,10.7031545639,11.512925148,8.9871969223,-4.61541843414,0.0796284079552,4,0,25,0,3,1,1,0,1,1,0,1,0,0,0,1,1,0,1,1,1,11.3732051849,9,8.9871969223,11.512925148,-4.61541843414,0.0796284079552,10.7031545639,9
1364,2,125,12,1,1.87499988079,1,,0,1,0,0,0,7,11326.6542969,10.0280609131,1900,0,10.1735143661,0,12.2356309891,7.43964385986,-4.08977031708,4,0,25,0,3,1,1,0,1,1,0,0,0,0,0,0,1,0,1,1,1,11.3732051849,9,8.9871969223,11.512925148,-4.61541843414,0.0796284079552,10.7031545639,7
1365,1,126,12,1,1.5,1,0,0,0,0,1,0,5,29067.5664062,10.9705257416,6400,0,14.6745958328,0,9.21034049988,-3.72446751595,2.90144395828,1,1,68,0,2,1,1,1,0,1,0,0,0,0,0,0,1,0,0,0,1,10.9705257416,5,9.21034049988,0,-3.72446751595,2.90144395828,14.6745958328,5
1365,2,126,12,1,1.5,1,,0,0,0,1,0,5,6474.91357422,9.46883773804,1200,0,9.39266204834,0,9.99879741669,7.55839824677,-8.3149023056,1,1,68,0,2,1,0,1,1,1,0,0,0,0,0,0,1,0,1,0,1,10.9705257416,5,9.21034049988,0,-3.72446751595,2.90144395828,14.6745958328,5
1366,1,126,12,0,40.5,0,1,0,0,0,1,0,8,84802.4453125,12.041226387,15700,2500,13.3585414886,0,9.90348720551,-2.14460110664,0.0796284079552,7,0,46,0,3,1,1,0,1,1,1,0,0,0,0,0,1,1,1,0,1,12.041226387,8,9.90348720551,0,-2.14460110664,0.0796284079552,13.3585414886,8
1367,1,126,12,1,1.5,1,0,0,0,0,1,0,4,38270.7890625,11.2455892563,5400,0,11.761346817,0,11.0666379929,8.41636371613,0.79633641243,4,1,46,0,3,1,0,0,0,1,0,0,0,0,0,0,0,0,1,0,1,11.2455892563,4,11.0666379929,0,8.41636371613,0.79633641243,11.761346817,4
1367,2,126,12,1,1.5,1,,0,0,0,1,0,5,20881.8847656,10.6397848129,4000,0,9.89343738556,0,11.4510498047,7.8155837059,-6.20979499817,4,1,46,0,3,1,1,0,1,1,0,0,0,0,0,0,1,0,0,0,1,11.2455892563,4,11.0666379929,0,8.41636371613,0.79633641243,11.761346817,5
1368,1,126,12,0,40.5,1,0,0,0,0,1,0,5,24921.8945312,10.816649437,350,5000,13.102148056,8.294049263,6.90775632858,-4.20127868652,-2.04039621353,3,0,28,0,1,1,0,0,1,1,0,0,0,0,0,0,1,0,0,1,1,10.816649437,5,6.90775632858,8.294049263,-4.20127868652,-2.04039621353,13.102148056,5
1368,2,126,12,0,40.5,1,,0,0,0,1,0,7,6106.72119141,9.41029262543,1200,0,8.79482460022,0,9.47270488739,6.27605390549,-6.19487762451,3,0,28,0,1,1,0,0,1,1,1,0,0,0,0,0,1,0,1,1,1,10.816649437,5,6.90775632858,8.294049263,-4.20127868652,-2.04039621353,13.102148056,7
1369,1,126,12,1,1.5,1,0,0,0,0,1,0,5,60105.7695312,11.6970081329,6500,5000,11.3385725021,8.55641365051,9.54681301117,1.21509313583,2.90144395828,6,0,39,0,1,1,1,0,0,1,0,1,0,0,0,0,0,0,0,0,1,11.6970081329,5,9.54681301117,8.55641365051,1.21509313583,2.90144395828,11.3385725021,5
1369,2,126,12,1,1.5,1,,0,0,0,1,0,5,23327.4238281,10.7505321503,4650,0,12.7019872665,8.9871969223,10.5966348648,-5.36317873001,0.85428583622,6,0,39,0,1,1,1,0,1,0,0,0,0,0,0,0,1,0,0,0,1,11.6970081329,5,9.54681301117,8.55641365051,1.21509313583,2.90144395828,11.3385725021,5
1370,1,126,12,1,1.5,1,0,0,0,0,1,0,4,19031.0761719,10.5469760895,3800,0,8.90923500061,0,9.47270488739,7.02515745163,2.90144395828,6,0,39,0,2,1,1,1,0,0,0,0,0,0,0,0,0,0,0,0,1,10.5469760895,4,9.47270488739,0,7.02515745163,2.90144395828,8.90923500061,4
1370,2,126,12,1,1.5,1,,0,0,0,1,0,,11709.4267578,10.061296463,1880,0,11.196844101,7.69621276855,10.085808754,5.49707984924,0.85428583622,6,0,39,0,2,1,1,1,1,1,0,1,0,0,0,1,1,0,888,1,1,10.5469760895,4,9.47270488739,0,7.02515745163,2.90144395828,8.90923500061,8
1371,1,126,12,1,1.5,1,0,0,0,0,1,0,7,97608.1953125,12.1818637848,18400,0,11.7150497437,10.3481731415,11.6082353592,8.27561378479,-1.32368826866,7,0,38,0,2,1,0,0,0,1,1,0,0,0,0,0,1,0,1,1,1,12.1818637848,7,11.6082353592,10.3481731415,8.27561378479,-1.32368826866,11.7150497437,7
1371,2,126,12,1,1.5,1,,0,0,0,1,0,6,67738.203125,11.8165531158,12200,2400,12.1776733398,11.8747873306,13.8155107498,7.28699111938,2.90144395828,7,0,38,0,2,1,1,1,0,0,0,0,0,0,0,0,1,0,1,0,1,12.1818637848,7,11.6082353592,10.3481731415,8.27561378479,-1.32368826866,11.7150497437,6
1372,1,126,12,1,1.5,1,0,0,0,0,1,0,5,24295.3457031,10.7911872864,2700,2000,11.0556402206,0,11.6262540817,3.01212501526,2.90144395828,3,0,29,0,2,1,0,0,0,1,0,0,0,0,0,0,1,0,1,0,1,10.7911872864,5,11.6262540817,0,3.01212501526,2.90144395828,11.0556402206,5
1372,2,126,12,1,1.5,1,,0,0,0,1,0,5,23520.4140625,10.7587709427,1100,3750,13.0121021271,0,10.5966348648,-5.271443367,-1.96752977371,3,0,29,0,2,1,1,0,0,1,0,0,0,0,0,0,1,0,0,0,1,10.7911872864,5,11.6262540817,0,3.01212501526,2.90144395828,11.0556402206,5
1373,1,126,12,1,1.5,1,0,0,0,0,1,0,4,13088040,15.180106163,11100,3000000,11.4762201309,9.94270801544,10.5966348648,-2.9042506218,2.90144395828,5,1,37,0,2,1,1,0,0,0,0,0,0,0,0,0,1,0,0,0,1,15.180106163,4,10.5966348648,9.94270801544,-2.9042506218,2.90144395828,11.4762201309,4
1373,2,126,12,1,1.5,1,,0,0,0,1,0,5,38256.4921875,11.245215416,1900,6000,11.3314037323,10.7363967896,11.0020999908,4.47423934937,0.85428583622,5,1,37,0,2,1,1,1,0,1,0,0,0,0,0,0,1,1,0,0,0,15.180106163,4,10.5966348648,9.94270801544,-2.9042506218,2.90144395828,11.4762201309,5
1374,1,126,12,0,40.5,1,0,0,0,0,1,0,7,7583.26904297,9.62684726715,1000,0,10.0519075394,0,0,-1.44700527191,2.90144395828,4,0,30,0,3,1,1,0,0,1,0,0,0,0,0,0,1,0,1,1,1,9.62684726715,7,0,0,-1.44700527191,2.90144395828,10.0519075394,7
1374,2,126,12,0,40.5,1,,0,0,0,1,0,3,7969.51904297,9.67652702332,1500,0,9.91343784332,0,9.68034362793,-8.93749523163,0.781419277191,4,0,30,0,3,1,0,0,1,0,0,0,0,0,0,0,0,0,0,0,1,9.62684726715,7,0,0,-1.44700527191,2.90144395828,10.0519075394,3
1375,1,126,12,1,1.5,1,0,0,0,0,1,0,5,19993.2011719,10.5962944031,4000,0,13.3261203766,11.3713617325,10.49127388,-0.457669615746,2.90144395828,6,1,34,0,2,1,1,0,1,0,0,0,0,0,0,0,1,0,0,0,1,10.5962944031,5,10.49127388,11.3713617325,-0.457669615746,2.90144395828,13.3261203766,5
1375,2,126,12,1,1.5,1,,0,0,0,1,0,3,5754.71142578,9.35092163086,200,0,12.6475477219,0,0,-6.89893484116,-4.08977031708,6,1,34,0,2,1,0,0,1,0,0,0,0,0,0,0,0,0,0,0,1,10.5962944031,5,10.49127388,11.3713617325,-0.457669615746,2.90144395828,13.3261203766,3
1376,1,126,12,0,40.5,1,0,0,0,0,1,0,7,73996.296875,11.904917717,14200,0,12.0239515305,0,0,-11.2645339966,2.90144395828,5,1,55,0,3,1,1,0,1,0,0,0,0,0,0,1,1,0,0,1,1,11.904917717,7,0,0,-11.2645339966,2.90144395828,12.0239515305,7
1376,2,126,12,0,40.5,1,,0,0,0,1,0,6,89936.515625,12.1000061035,19100,0,13.0781936646,9.90348720551,10.8197784424,2.00799942017,2.90144395828,5,1,55,0,3,1,1,0,1,1,0,0,0,0,0,0,1,0,0,1,1,11.904917717,7,0,0,-11.2645339966,2.90144395828,12.0239515305,6
1377,1,127,12,1,1.125,1,0,0,0,1,0,0,3,24890.6894531,10.8153963089,5602,0,8.51719284058,0,0,2.10918259621,-6.19266223907,4,0,30,0,3,1,0,0,0,0,0,0,0,0,0,0,1,0,0,0,1,10.8153963089,3,0,0,2.10918259621,-6.19266223907,8.51719284058,3
1377,2,127,12,1,1.125,1,,0,0,1,0,0,5,20694.5488281,10.6307725906,4350,0,9.08250713348,9.21034049988,7.60090255737,3.80603933334,-6.19266223907,4,0,30,0,3,1,1,0,1,0,0,0,0,0,0,0,1,0,0,0,1,10.8153963089,3,0,0,2.10918259621,-6.19266223907,8.51719284058,5
1378,1,127,12,0,51.5,1,0,0,0,1,0,0,8,120655.710938,12.3938436508,22300,0,12.2395458221,12.2548627853,0,-3.31270432472,0.79633641243,6,0,34,0,3,1,1,0,1,0,0,1,0,0,0,1,1,0,1,1,0,12.3938436508,8,0,12.2548627853,-3.31270432472,0.79633641243,12.2395458221,8
1378,2,127,12,0,51.5,1,,0,0,1,0,0,7,46834.6328125,11.4475250244,9400,0,10.7872552872,10.8197784424,10.4341154099,0.925699949265,-1.32368826866,6,0,34,0,3,1,1,1,1,1,0,0,0,0,0,0,1,1,0,1,1,12.3938436508,8,0,12.2548627853,-3.31270432472,0.79633641243,12.2395458221,7
1379,1,127,12,1,1.125,1,0,0,0,1,0,0,3,31918.5,11.0640878677,7300,0,13.1843986511,0,10.8197784424,-2.66735887527,2.90144395828,5,0,35,0,2,1,0,0,1,1,0,0,0,0,0,0,1,0,0,0,0,11.0640878677,3,10.8197784424,0,-2.66735887527,2.90144395828,13.1843986511,3
1379,2,127,12,1,1.125,1,,0,0,1,0,0,4,25528.7792969,10.8407087326,4500,0,10.7747812271,10.7789564133,11.5711946487,-0.355092585087,2.90144395828,5,0,35,0,2,1,0,0,0,0,0,0,0,0,0,0,1,0,1,0,1,11.0640878677,3,10.8197784424,0,-2.66735887527,2.90144395828,13.1843986511,4
1380,1,127,12,0,51.5,1,0,0,0,1,0,0,5,16747.6640625,10.4191608429,3250,0,9.62905025482,7.60090255737,10.5966348648,-3.93451213837,0.0796284079552,9,0,61,0,1,1,1,0,1,1,0,0,0,0,0,0,0,0,0,1,1,10.4191608429,5,10.5966348648,7.60090255737,-3.93451213837,0.0796284079552,9.62905025482,5
1380,2,127,12,0,51.5,1,,0,0,1,0,0,3,19013.5664062,10.5460548401,3200,0,11.0508899689,0,11.9829292297,1.06257486343,-1.96752977371,9,0,61,0,1,0,1,0,1,1,0,0,0,0,0,0,0,0,0,0,1,10.4191608429,5,10.5966348648,7.60090255737,-3.93451213837,0.0796284079552,9.62905025482,3
1381,1,127,12,0,51.5,1,0,0,0,1,0,0,4,13575.7021484,10.2091836929,2100,0,11.2716178894,0,11.6952466965,0.77350127697,-3.38797926903,6,0,33,0,3,1,0,0,1,0,0,0,0,0,0,0,1,0,0,0,1,10.2091836929,4,11.6952466965,0,0.77350127697,-3.38797926903,11.2716178894,4
1381,2,127,12,0,51.5,1,,0,0,1,0,0,4,20009.375,10.5971031189,4000,0,12.2055721283,0,11.6952466965,0.985158801079,2.90144395828,6,0,33,0,3,1,0,0,1,0,0,0,0,0,0,0,1,0,0,0,1,10.2091836929,4,11.6952466965,0,0.77350127697,-3.38797926903,11.2716178894,4
1382,1,127,12,1,1.125,1,0,0,0,1,0,0,6,19409.6542969,10.5666732788,800,0,11.9791469574,0,11.2897815704,0.518317401409,0.79633641243,5,0,26,0,3,1,1,0,1,0,0,0,0,0,0,0,1,0,1,1,0,10.5666732788,6,11.2897815704,0,0.518317401409,0.79633641243,11.9791469574,6
1382,2,127,12,1,1.125,1,,0,0,1,0,0,8,12849.0195312,10.1541700363,2100,0,11.3120326996,10.5966348648,0,6.85972356796,-1.32368826866,5,0,26,0,3,1,1,0,1,1,0,1,0,0,0,0,1,1,0,1,1,10.5666732788,6,11.2897815704,0,0.518317401409,0.79633641243,11.9791469574,8
1383,1,127,12,0,51.5,1,0,0,0,1,0,0,3,13733.9228516,10.2207717896,100,2500,10.5713167191,0,11.512925148,2.62387037277,-1.32368826866,4,0,35,0,3,0,1,0,0,0,0,0,0,0,0,0,1,0,0,0,1,10.2207717896,3,11.512925148,0,2.62387037277,-1.32368826866,10.5713167191,3
1383,2,127,12,0,51.5,1,,0,0,1,0,0,5,18213.8261719,10.5030832291,3600,0,9.54681301117,6.68461322784,12.2060728073,3.5003888607,2.90144395828,4,0,35,0,3,1,1,1,0,0,0,0,0,0,0,0,1,0,0,0,1,10.2207717896,3,11.512925148,0,2.62387037277,-1.32368826866,10.5713167191,5
1384,1,127,12,1,1.125,1,0,0,0,1,0,0,8,111627.960938,12.3160743713,4350,20000,11.2252435684,0,0,11.1092624664,0.781419277191,4,0,28,0,2,1,1,1,1,0,0,1,0,0,0,0,1,0,1,1,1,12.3160743713,8,0,0,11.1092624664,0.781419277191,11.2252435684,8
1384,2,127,12,1,1.125,1,,0,0,1,0,0,7,64801.1523438,11.7722253799,10000,4000,11.1124477386,11.2897815704,11.8493976593,2.09541225433,0.0796284079552,4,0,28,0,2,1,1,0,1,1,1,1,0,0,0,0,1,0,1,0,1,12.3160743713,8,0,0,11.1092624664,0.781419277191,11.2252435684,7
1385,1,127,12,1,1.125,1,0,0,0,1,0,0,7,21268.9414062,10.6581506729,3950,300,13.6185216904,9.99879741669,7.78322410583,2.51888656616,2.90144395828,4,0,27,0,2,1,1,0,1,1,0,0,0,0,0,0,1,1,0,1,1,10.6581506729,7,7.78322410583,9.99879741669,2.51888656616,2.90144395828,13.6185216904,7
1385,2,127,12,1,1.125,1,,0,0,1,0,0,7,22527.6699219,10.7156467438,2150,2520,12.7946920395,10.1345996857,0,-2.44684791565,2.90144395828,4,0,27,0,2,1,1,0,1,1,0,1,0,0,0,0,1,0,1,0,1,10.6581506729,7,7.78322410583,9.99879741669,2.51888656616,2.90144395828,13.6185216904,7
1386,1,127,12,1,1.125,1,0,0,0,1,0,0,7,83989.5,12.0315942764,8500,10000,12.3925523758,0,0,9.84068870544,0.781419277191,7,0,47,0,2,1,1,0,1,0,0,0,0,0,0,0,1,0,1,1,1,12.0315942764,7,0,0,9.84068870544,0.781419277191,12.3925523758,7
1386,2,127,12,1,1.125,1,,0,0,1,0,0,3,43188.0078125,11.3664655685,2650,4200,12.6128702164,0,12.3883943558,0.442164719105,2.90144395828,7,0,47,0,2,0,1,0,0,0,0,0,0,0,0,0,1,0,0,0,1,12.0315942764,7,0,0,9.84068870544,0.781419277191,12.3925523758,3
1387,1,127,12,1,1.125,1,0,0,0,1,0,0,5,8872.6484375,9.78387546539,1330,0,10.1735143661,0,0,3.20566534996,0.0796284079552,3,0,26,0,2,1,1,0,0,0,0,0,0,0,0,0,1,0,0,1,1,9.78387546539,5,0,0,3.20566534996,0.0796284079552,10.1735143661,5
1387,2,127,12,1,1.125,1,,0,0,1,0,0,7,25876.75,10.8542470932,3800,1100,9.50300979614,7.49554204941,9.90348720551,5.03991889954,0.0796284079552,3,0,26,0,2,1,1,0,1,1,0,0,0,0,0,0,1,0,1,1,1,9.78387546539,5,0,0,3.20566534996,0.0796284079552,10.1735143661,7
1388,1,127,12,1,1.125,1,0,0,0,1,0,0,5,7778.95214844,9.65232372284,1700,0,7.86326694489,0,9.26860904694,4.97226047516,-1.96752977371,3,1,21,0,1,1,1,0,0,0,0,0,0,0,0,0,1,0,1,0,1,9.65232372284,5,9.26860904694,0,4.97226047516,-1.96752977371,7.86326694489,5
1388,2,127,12,1,1.125,1,,0,0,1,0,0,6,12047.6728516,10.0897741318,2500,0,10.7872552872,7.37775945663,8.69951438904,-2.8974852562,-1.96752977371,3,1,21,0,1,1,1,0,1,1,1,1,0,0,0,0,0,0,1,0,1,9.65232372284,5,9.26860904694,0,4.97226047516,-1.96752977371,7.86326694489,6
1389,1,128,12,1,1.5,1,0,0,0,0,0,0,5,175278.484375,12.7672786713,21500,13230,13.0504379272,0,13.5567398071,2.23150515556,0.781419277191,6,0,40,0,3,1,0,0,0,1,0,0,0,0,0,0,1,0,0,1,1,12.7672786713,5,13.5567398071,0,2.23150515556,0.781419277191,13.0504379272,5
1389,2,128,12,1,1.5,1,,0,0,0,0,0,4,48416.0585938,11.4807338715,7000,0,11.8055953979,11.512925148,13.8155107498,8.44393157959,2.90144395828,6,0,40,0,3,1,0,0,1,0,0,0,0,0,0,0,1,0,0,0,1,12.7672786713,5,13.5567398071,0,2.23150515556,0.781419277191,13.0504379272,4
1390,1,128,12,0,36,1,0,0,0,0,0,0,6,49036.5078125,11.4934673309,10100,0,12.155831337,0,13.3502950668,1.11010909081,-1.25082182884,7,0,0,0,3,1,1,0,1,0,0,0,0,0,0,0,1,1,0,0,1,11.4934673309,6,13.3502950668,0,1.11010909081,-1.25082182884,12.155831337,6
1390,2,128,12,0,36,1,,0,0,0,0,0,6,30279.5585938,11.0113754272,4000,2000,11.1874723434,10.4573726654,13.2463493347,-0.238437965512,0.781419277191,7,0,0,0,3,1,1,1,1,1,0,0,0,0,0,0,1,0,1,0,1,11.4934673309,6,13.3502950668,0,1.11010909081,-1.25082182884,12.155831337,6
1391,1,128,12,1,1.5,1,0,0,0,0,0,0,6,29757.0585938,10.9939689636,3050,0,10.7954854965,10.49127388,11.3621025085,-3.63420534134,-2.02547931671,3,0,22,0,2,1,0,1,0,1,0,0,0,0,0,0,1,0,1,1,1,10.9939689636,6,11.3621025085,10.49127388,-3.63420534134,-2.02547931671,10.7954854965,6
1391,2,128,12,1,1.5,1,,0,0,0,0,0,5,3065.75952148,8.72119808197,450,0,8.85366535187,0,11.4075651169,4.17996931076,-1.96752977371,3,0,22,0,2,1,1,0,1,0,0,0,0,0,0,0,0,0,1,0,1,10.9939689636,6,11.3621025085,10.49127388,-3.63420534134,-2.02547931671,10.7954854965,5
1392,1,128,12,1,1.5,1,0,0,0,0,0,0,3,5447.15380859,9.29599571228,1150,0,7.78322410583,0,9.90348720551,-3.61259508133,-1.25082182884,5,1,29,0,2,1,0,0,1,0,0,0,0,0,0,0,0,0,0,0,1,9.29599571228,3,9.90348720551,0,-3.61259508133,-1.25082182884,7.78322410583,3
1392,2,128,12,1,1.5,1,,0,0,0,0,0,7,27578.0859375,10.9179239273,5750,0,7.60090255737,0,9.39266204834,1.93709146976,-1.32368826866,5,1,29,0,2,1,1,0,1,1,0,1,0,0,0,0,1,0,1,0,1,9.29599571228,3,9.90348720551,0,-3.61259508133,-1.25082182884,7.78322410583,7
1393,1,128,12,1,1.5,1,0,0,0,0,0,0,2,7668.57714844,9.63803386688,1500,0,11.1774530411,0,11.0020999908,4.13861274719,2.90144395828,6,1,43,0,3,1,0,0,0,0,0,0,0,0,0,0,1,0,0,0,0,9.63803386688,2,11.0020999908,0,4.13861274719,2.90144395828,11.1774530411,2
1393,2,128,12,1,1.5,1,,0,0,0,0,0,5,6314.13476562,9.44369316101,1200,0,8.63052177429,0,0,4.1871676445,0.781419277191,6,1,43,0,3,1,1,0,1,0,0,0,0,0,0,0,1,0,0,0,1,9.63803386688,2,11.0020999908,0,4.13861274719,2.90144395828,11.1774530411,5
1394,1,128,12,1,1.5,1,0,0,0,0,0,0,7,27455.7109375,10.913476944,5300,0,14.0420084,0,0,0.440901339054,-2.02547931671,3,0,0,0,3,1,1,0,1,0,0,0,0,1,0,0,1,0,0,1,1,10.913476944,7,0,0,0.440901339054,-2.02547931671,14.0420084,7
1394,2,128,12,1,1.5,1,,0,0,0,0,0,3,28388.0585938,10.9468708038,4850,0,16.4564094543,0,12.8992195129,11.7881450653,0.0796284079552,3,0,0,0,3,0,1,0,0,0,0,0,0,0,0,0,1,0,0,0,1,10.913476944,7,0,0,0.440901339054,-2.02547931671,14.0420084,3
1395,1,128,12,1,1.5,1,0,0,0,0,0,0,4,15204.0097656,10.3224620819,2400,0,10.6310358047,0,10.5966348648,-0.530292093754,-4.08977031708,7,1,41,0,2,1,0,0,1,1,0,0,0,0,0,0,0,0,1,0,1,10.3224620819,4,10.5966348648,0,-0.530292093754,-4.08977031708,10.6310358047,4
1395,2,128,12,1,1.5,1,,0,0,0,0,0,8,9174.36523438,9.8173160553,2050,0,10.0941076279,0,11.0020999908,2.5254585743,0.0796284079552,7,1,41,0,2,1,1,0,1,0,1,0,0,0,0,0,1,0,1,1,1,10.3224620819,4,10.5966348648,0,-0.530292093754,-4.08977031708,10.6310358047,8
1396,1,128,12,0,36,1,0,0,0,0,0,0,0,3490.01928711,8.85081005096,550,0,9.0118894577,0,0,3.40896320343,2.90144395828,5,1,45,0,1,0,0,0,0,0,0,0,0,0,0,0,0,0,0,0,0,8.85081005096,0,0,0,3.40896320343,2.90144395828,9.0118894577,0
1396,2,128,12,0,36,1,,0,0,0,0,0,9,64296.7304688,11.7644109726,12500,0,10.2182979584,0,0,5.95012378693,2.90144395828,5,1,45,0,1,1,1,0,0,1,0,1,0,0,1,0,1,0,1,1,1,8.85081005096,0,0,0,3.40896320343,2.90144395828,9.0118894577,9
1397,1,128,12,1,1.5,1,0,0,0,0,0,0,4,7932.59619141,9.67188262939,1000,0,9.51782512665,9.90348720551,0,-1.20358967781,0.781419277191,5,0,28,0,2,1,0,0,0,1,0,0,0,0,0,0,1,0,0,0,1,9.67188262939,4,0,9.90348720551,-1.20358967781,0.781419277191,9.51782512665,4
1397,2,128,12,1,1.5,1,,0,0,0,0,0,6,53990.8164062,11.5897159576,7000,0,10.8317070007,0,12.7938594818,1.52049922943,2.90144395828,5,0,28,0,2,1,1,1,1,1,0,0,0,0,0,0,1,0,1,0,1,9.67188262939,4,0,9.90348720551,-1.20358967781,0.781419277191,9.51782512665,6
1398,1,128,12,0,36,1,0,0,0,0,0,0,2,12022.4707031,10.087679863,2500,0,8.74830532074,0,10.3089523315,-0.724371552467,2.90144395828,5,1,46,0,2,1,0,0,0,0,0,0,0,0,0,0,0,0,0,0,1,10.087679863,2,10.3089523315,0,-0.724371552467,2.90144395828,8.74830532074,2
1398,2,128,12,0,36,1,,0,0,0,0,0,6,8471.94238281,9.73766231537,1550,0,9.79255580902,0,10.5966348648,1.05677211285,0.0796284079552,5,1,46,0,2,1,1,1,1,1,0,1,0,0,0,0,0,0,0,1,1,10.087679863,2,10.3089523315,0,-0.724371552467,2.90144395828,8.74830532074,6
1399,1,128,12,1,1.5,1,0,0,0,0,0,0,8,81473.078125,12.0011749268,15000,1000,13.579788208,11.5327281952,11.0020999908,1.46028017998,2.90144395828,7,0,38,0,3,1,0,1,1,1,0,0,0,0,1,0,1,1,1,1,1,12.0011749268,8,11.0020999908,11.5327281952,1.46028017998,2.90144395828,13.579788208,8
1399,2,128,12,1,1.5,1,,0,0,0,0,0,7,121720.65625,12.402630806,26350,0,11.4403543472,10.5966348648,10.9681978226,0.430904626846,-3.31511259079,7,0,38,0,3,1,1,1,1,1,0,0,0,0,0,0,1,0,1,1,1,12.0011749268,8,11.0020999908,11.5327281952,1.46028017998,2.90144395828,13.579788208,7
1400,1,128,12,0,36,1,0,0,0,0,0,0,9,86198.9296875,12.057559967,7200,9600,13.5675621033,11.7440376282,13.3999948502,3.89244413376,2.90144395828,6,0,36,0,3,1,1,1,0,1,0,1,0,0,0,0,1,1,1,1,1,12.057559967,9,13.3999948502,11.7440376282,3.89244413376,2.90144395828,13.5675621033,9
1400,2,128,12,0,36,1,,0,0,0,0,0,5,55177.8671875,11.6114645004,3900,7700,11.4327993393,9.95227813721,13.8155107498,-5.05639982224,2.90144395828,6,0,36,0,3,1,1,0,1,1,0,0,0,0,0,0,1,0,0,0,1,12.057559967,9,13.3999948502,11.7440376282,3.89244413376,2.90144395828,13.5675621033,5
1401,1,129,11,0,20.5,1,0,1,0,0,0,0,2,10428,9.94539737701,2400,0,9.66776561737,0,9.10497951508,-7.08102321625,-0.827770709991,3,1,71,0,2,1,0,0,0,0,0,0,0,0,0,0,0,0,0,0,1,9.94539737701,2,9.10497951508,0,-7.08102321625,-0.827770709991,9.66776561737,2
1401,2,129,11,0,20.5,1,,1,0,0,0,0,4,6952,9.53993225098,1600,0,7.78322410583,0,9.21034049988,5.5706243515,-1.96752977371,3,1,71,0,2,0,1,0,1,0,0,0,0,0,0,0,1,0,0,0,1,9.94539737701,2,9.10497951508,0,-7.08102321625,-0.827770709991,9.66776561737,4
1402,1,129,11,1,1.14285719395,1,0,1,0,0,0,0,4,7328.00976562,9.59260654449,1350,0,9.56099700928,0,6.90775632858,-5.23831939697,-4.1455039978,2,1,19,0,1,1,1,0,0,0,0,0,0,0,0,0,0,0,0,1,1,9.59260654449,4,6.90775632858,0,-5.23831939697,-4.1455039978,9.56099700928,4
1402,2,129,11,1,1.14285719395,1,,1,0,0,0,0,6,9171.13476562,9.8169631958,1600,0,9.68657493591,10.085808754,8.51719284058,8.56646633148,2.90144395828,2,1,19,0,1,1,1,0,1,0,0,0,0,0,0,0,1,0,1,0,1,9.59260654449,4,6.90775632858,0,-5.23831939697,-4.1455039978,9.56099700928,6
1403,1,129,11,0,20.5,0,1,1,0,0,0,0,3,9291.07714844,9.82995700836,1900,0,9.40919113159,0,0,-6.86230897903,0.0796284079552,2,0,90,0,1,1,1,0,0,0,0,0,0,0,0,0,0,1,0,0,0,9.82995700836,3,0,0,-6.86230897903,0.0796284079552,9.40919113159,3
1404,1,129,11,1,1.14285719395,1,0,1,0,0,0,0,4,70636.578125,11.8584508896,15300,0,10.338511467,0,8.00636768341,4.93950510025,1.2922539711,5,0,26,0,3,1,0,0,1,1,0,0,0,0,0,0,1,0,0,0,1,11.8584508896,4,8.00636768341,0,4.93950510025,1.2922539711,10.338511467,4
1404,2,129,11,1,1.14285719395,1,,1,0,0,0,0,3,5313.73095703,9.27119636536,1100,0,8.18868923187,0,0,1.41615688801,-4.07263755798,5,0,26,0,3,1,1,0,0,0,0,0,0,0,0,0,1,0,0,0,0,11.8584508896,4,8.00636768341,0,4.93950510025,1.2922539711,10.338511467,3
1405,1,129,11,1,1.14285719395,1,0,1,0,0,0,0,6,96696.8828125,12.1724834442,16000,4200,11.4927225113,7.60090255737,11.512925148,7.63661050797,0.85428583622,5,0,34,0,2,1,1,0,1,1,0,0,0,0,0,0,1,0,1,0,1,12.1724834442,6,11.512925148,7.60090255737,7.63661050797,0.85428583622,11.4927225113,6
1405,2,129,11,1,1.14285719395,1,,1,0,0,0,0,7,20164.6347656,10.6048326492,3150,0,9.14846515656,9.35876083374,10.8197784424,4.76896286011,-3.37084650993,5,0,34,0,2,1,0,0,1,0,1,0,0,0,0,0,1,0,1,1,1,12.1724834442,6,11.512925148,7.60090255737,7.63661050797,0.85428583622,11.4927225113,7
1406,1,129,11,1,1.14285719395,1,0,1,0,0,0,0,7,40606.078125,11.3048200607,7400,0,13.0375022888,0,12.3013830185,1.93042135239,0.0796284079552,3,0,24,0,2,1,0,0,1,0,1,0,1,0,0,0,0,0,1,1,1,11.3048200607,7,12.3013830185,0,1.93042135239,0.0796284079552,13.0375022888,7
1406,2,129,11,1,1.14285719395,1,,1,0,0,0,0,7,47545.2460938,11.4625844955,9400,720,10.3089523315,7.60090255737,12.2060728073,0.548993706703,2.90144395828,3,0,24,0,2,1,1,0,1,1,0,0,0,0,0,0,1,0,1,1,1,11.3048200607,7,12.3013830185,0,1.93042135239,0.0796284079552,13.0375022888,7
1407,1,129,11,1,1.14285719395,0,1,1,0,0,0,0,6,14859.0136719,10.2995090485,1730,0,10.0345153809,0,8.294049263,5.07344341278,-1.96752977371,2,1,25,0,2,1,1,1,1,1,0,0,0,0,0,0,1,0,0,1,1,10.2995090485,6,8.294049263,0,5.07344341278,-1.96752977371,10.0345153809,6
1408,1,129,11,1,1.14285719395,1,0,1,0,0,0,0,4,13477.5380859,10.2019271851,1800,0,9.68657493591,0,10.5966348648,-3.01054143906,-1.25082182884,7,0,37,0,2,0,0,0,1,0,0,0,0,0,0,0,1,0,1,0,1,10.2019271851,4,10.5966348648,0,-3.01054143906,-1.25082182884,9.68657493591,4
1408,2,129,11,1,1.14285719395,1,,1,0,0,0,0,5,6366.01904297,9.45187664032,1250,0,11.4552965164,8.63052177429,11.0020999908,6.8721704483,0.781419277191,7,0,37,0,2,1,1,0,1,0,0,0,0,0,0,0,1,0,0,0,1,10.2019271851,4,10.5966348648,0,-3.01054143906,-1.25082182884,9.68657493591,5
1409,1,129,11,1,1.14285719395,0,1,1,0,0,0,0,3,30208.2695312,11.0090179443,5000,0,12.9687461853,8.294049263,11.8493976593,-0.752392709255,2.90144395828,6,0,38,0,2,0,1,0,0,0,0,0,0,0,0,0,1,0,0,0,1,11.0090179443,3,11.8493976593,8.294049263,-0.752392709255,2.90144395828,12.9687461853,3
1410,1,129,11,0,20.5,1,0,1,0,0,0,0,3,6240.54785156,9.43197059631,1300,0,9.53242397308,7.60090255737,0,1.10486447811,-1.32368826866,3,1,54,0,1,0,1,0,1,0,0,0,0,0,0,0,1,0,0,0,0,9.43197059631,3,0,7.60090255737,1.10486447811,-1.32368826866,9.53242397308,3
1410,2,129,11,0,20.5,1,,1,0,0,0,0,6,35767.1523438,11.1779327393,5750,1250,10.165851593,0,9.21034049988,-1.86720991135,2.90144395828,3,1,54,0,1,1,1,0,1,1,0,0,0,0,0,0,1,0,1,0,1,9.43197059631,3,0,7.60090255737,1.10486447811,-1.32368826866,9.53242397308,6
1411,1,129,11,0,20.5,1,0,1,0,0,0,0,7,19154.6640625,10.5534486771,2500,1250,10.3189029694,7.86326694489,0,-4.1611905098,0.0796284079552,2,1,25,0,3,1,1,0,0,1,0,0,0,0,0,0,1,0,1,1,1,10.5534486771,7,0,7.86326694489,-4.1611905098,0.0796284079552,10.3189029694,7
1411,2,129,11,0,20.5,1,,1,0,0,0,0,7,113562.195312,12.3332529068,11800,13300,12.0057907104,8.00636768341,0,6.68087768555,-1.32368826866,2,1,25,0,3,1,1,0,1,0,0,0,0,0,0,0,1,1,0,1,1,10.5534486771,7,0,7.86326694489,-4.1611905098,0.0796284079552,10.3189029694,7
1412,1,130,11,1,1,1,0,0,0,0,0,0,6,8697.81738281,9.76397418976,1950,0,8.73230457306,7.60090255737,10.3089523315,-0.042798012495,0.85428583622,6,0,35,0,2,1,0,0,1,1,0,0,0,0,0,0,1,0,1,1,1,9.76397418976,6,10.3089523315,7.60090255737,-0.042798012495,0.85428583622,8.73230457306,6
1412,2,130,11,1,1,1,,0,0,0,0,0,2,5029.09619141,9.21614265442,1050,0,9.37585449219,0,11.0020999908,2.9185936451,2.90144395828,6,0,35,0,2,0,1,0,0,0,0,0,0,0,0,0,0,0,0,0,1,9.76397418976,6,10.3089523315,7.60090255737,-0.042798012495,0.85428583622,8.73230457306,2
1413,1,130,11,0,39.5,1,0,0,0,0,0,0,5,7510.75976562,9.61723899841,1550,0,12.1495027542,9.86266517639,9.68034362793,-0.857376754284,0.85428583622,2,0,82,0,3,1,1,0,1,0,0,0,0,0,0,0,1,0,0,0,1,9.61723899841,5,9.68034362793,9.86266517639,-0.857376754284,0.85428583622,12.1495027542,5
1413,2,130,11,0,39.5,1,,0,0,0,0,0,5,16131.0869141,10.3816509247,1350,2000,12.9248876572,10.5966348648,9.39266204834,-7.22679662704,-1.25082182884,2,0,82,0,3,1,1,0,1,0,0,0,0,0,0,0,1,0,0,1,0,9.61723899841,5,9.68034362793,9.86266517639,-0.857376754284,0.85428583622,12.1495027542,5
1414,1,130,11,0,39.5,1,0,0,0,0,0,0,7,17741.1914062,10.4767913818,2950,0,10.118598938,10.4042625427,9.90348720551,4.48189067841,0.85428583622,6,0,29,0,3,1,1,0,1,0,0,0,0,0,0,0,1,0,1,1,1,10.4767913818,7,9.90348720551,10.4042625427,4.48189067841,0.85428583622,10.118598938,7
1414,2,130,11,0,39.5,1,,0,0,0,0,0,5,44500.9414062,11.3964128494,9500,0,10.556854248,0,9.90348720551,0.633298039436,2.90144395828,6,0,29,0,3,1,1,0,1,0,0,0,0,0,0,0,1,0,0,0,1,10.4767913818,7,9.90348720551,10.4042625427,4.48189067841,0.85428583622,10.118598938,5
1415,1,130,11,1,1,1,0,0,0,0,0,0,6,7068.30761719,9.55652332306,1550,0,10.4042625427,9.68034362793,0,-2.87466955185,0.85428583622,6,0,75,0,2,1,1,0,1,0,0,0,0,0,0,0,1,0,1,0,1,9.55652332306,6,0,9.68034362793,-2.87466955185,0.85428583622,10.4042625427,6
1415,2,130,11,1,1,1,,0,0,0,0,0,6,11863.8457031,10.0743980408,2500,0,11.2772035599,8.8818359375,0,-0.355092585087,-5.42022037506,6,0,75,0,2,1,1,0,1,1,0,0,0,0,0,0,0,1,1,0,1,9.55652332306,6,0,9.68034362793,-2.87466955185,0.85428583622,10.4042625427,6
1416,1,130,11,1,1,1,0,0,0,0,0,0,5,3574.78857422,8.87480831146,200,400,10.5186729431,7.60090255737,11.6439533234,5.75046491623,-1.96752977371,3,0,29,0,1,1,0,0,0,0,0,0,0,1,1,0,1,0,0,0,1,8.87480831146,5,11.6439533234,7.60090255737,5.75046491623,-1.96752977371,10.5186729431,5
1416,2,130,11,1,1,1,,0,0,0,0,0,6,7918.71142578,9.67013072968,1500,0,9.62905025482,8.9871969223,10.691945076,9.54851913452,0.0796284079552,3,0,29,0,1,1,1,1,0,0,0,0,0,0,0,0,1,0,1,0,1,8.87480831146,5,11.6439533234,7.60090255737,5.75046491623,-1.96752977371,10.5186729431,6
1417,1,130,11,0,39.5,1,0,0,0,0,0,0,7,47677.0859375,11.4653530121,1400,8000,12.1771583557,9.54681301117,11.6082353592,5.16866970062,0.85428583622,5,0,27,0,3,1,1,0,0,1,0,0,0,0,0,0,1,0,1,1,1,11.4653530121,7,11.6082353592,9.54681301117,5.16866970062,0.85428583622,12.1771583557,7
1417,2,130,11,0,39.5,1,,0,0,0,0,0,5,29442.9042969,10.9833555222,1900,4000,10.0257053375,0,9.21034049988,-7.81299114227,-3.37306213379,5,0,27,0,3,0,1,0,1,1,0,0,0,0,0,0,1,0,1,0,1,11.4653530121,7,11.6082353592,9.54681301117,5.16866970062,0.85428583622,12.1771583557,5
1418,1,130,11,1,1,1,0,0,0,0,0,0,2,7769.51904297,9.65111064911,1500,0,9.90348720551,0,11.2897815704,6.3591375351,-1.96752977371,3,0,20,0,2,1,1,0,0,0,0,0,0,0,0,0,0,0,0,0,0,9.65111064911,2,11.2897815704,0,6.3591375351,-1.96752977371,9.90348720551,2
1418,2,130,11,1,1,1,,0,0,0,0,0,3,22780.7421875,10.7268180847,4300,540,9.8521938324,0,11.7905569077,-3.72446751595,0.85428583622,3,0,20,0,2,1,1,0,1,0,0,0,0,0,0,0,0,0,0,0,0,9.65111064911,2,11.2897815704,0,6.3591375351,-1.96752977371,9.90348720551,3
1419,1,130,11,0,39.5,1,0,0,0,0,0,0,4,16190.7880859,10.3853445053,3400,0,10.4103050232,9.86266517639,10.8197784424,3.2339963913,0.0796284079552,6,1,34,0,3,0,1,0,1,0,0,0,0,0,0,0,1,0,0,0,1,10.3853445053,4,10.8197784424,9.86266517639,3.2339963913,0.0796284079552,10.4103050232,4
1419,2,130,11,0,39.5,1,,0,0,0,0,0,5,11853.0673828,10.0734891891,2300,0,9.60238265991,9.69276618958,9.99879741669,2.17894697189,0.0796284079552,6,1,34,0,3,1,1,0,1,0,0,0,0,0,0,0,1,0,0,0,1,10.3853445053,4,10.8197784424,9.86266517639,3.2339963913,0.0796284079552,10.4103050232,5
1420,1,131,11,1,2.25,1,0,0,0,0,0,0,7,159152.46875,12.6707649231,25700,0,14.5337896347,13.2533912659,13.5567398071,6.99991893768,0.781419277191,3,0,29,0,3,1,1,0,1,1,0,0,0,0,0,0,1,0,1,1,1,12.6707649231,7,13.5567398071,13.2533912659,6.99991893768,0.781419277191,14.5337896347,7
1420,2,131,11,1,2.25,1,,0,0,0,0,0,7,88079.734375,12.0791444778,11400,1250,12.341460228,13.0731735229,13.8155107498,7.59728240967,0.0796284079552,3,0,29,0,3,1,1,1,1,1,0,0,0,0,0,0,1,0,1,1,1,12.6707649231,7,13.5567398071,13.2533912659,6.99991893768,0.781419277191,14.5337896347,7
1421,1,131,11,1,2.25,1,0,0,0,0,0,0,8,20314.5,10.6122369766,3600,0,10.896739006,0,13.5567398071,-4.91602802277,2.90144395828,4,0,26,0,3,1,0,0,0,1,1,0,0,0,1,0,1,1,0,1,1,10.6122369766,8,13.5567398071,0,-4.91602802277,2.90144395828,10.896739006,8
1421,2,131,11,1,2.25,1,,0,0,0,0,0,6,32482.4238281,11.0816011429,1800,1500,10.7954854965,13.0731735229,0,7.94333267212,0.85428583622,4,0,26,0,3,1,1,1,1,1,0,0,0,0,0,0,1,0,1,0,1,10.6122369766,8,13.5567398071,0,-4.91602802277,2.90144395828,10.896739006,6
1422,1,131,11,0,40.75,1,0,0,0,0,0,0,6,79917.015625,11.9818916321,4400,8100,13.1050138474,13.2533912659,0,1.43271231651,2.90144395828,4,0,37,0,3,1,1,0,1,1,0,0,0,0,0,0,1,0,0,1,1,11.9818916321,6,0,13.2533912659,1.43271231651,2.90144395828,13.1050138474,6
1422,2,131,11,0,40.75,1,,0,0,0,0,0,7,85293.6796875,12.0470027924,12200,2400,13.0865287781,13.0731735229,0,9.38112831116,2.90144395828,4,0,37,0,3,1,1,1,1,1,0,0,0,0,0,0,1,0,1,1,1,11.9818916321,6,0,13.2533912659,1.43271231651,2.90144395828,13.1050138474,7
1423,1,131,11,1,2.25,1,0,0,0,0,0,0,7,23120.6914062,10.7416305542,4300,0,9.72913455963,0,0,-6.06365776062,-8.25695323944,3,0,25,0,2,1,1,0,1,1,0,1,0,0,0,0,1,0,1,0,1,10.7416305542,7,0,0,-6.06365776062,-8.25695323944,9.72913455963,7
1423,2,131,11,1,2.25,1,,0,0,0,0,0,5,66251.15625,11.7943553925,9500,3000,11.4616317749,0,13.8155107498,-6.13062334061,-1.26573896408,3,0,25,0,2,1,1,0,0,1,0,0,0,0,0,0,1,0,1,0,0,10.7416305542,7,0,0,-6.06365776062,-8.25695323944,9.72913455963,5
1424,1,131,11,1,2.25,1,0,0,0,0,0,0,5,16753.5957031,10.4195156097,1800,0,10.0941076279,0,0,2.67720723152,2.90144395828,3,0,26,0,3,0,1,0,0,1,0,0,0,0,0,0,1,0,1,0,1,10.4195156097,5,0,0,2.67720723152,2.90144395828,10.0941076279,5
1424,2,131,11,1,2.25,1,,0,0,0,0,0,8,34805.1523438,11.1506681442,7200,0,11.9804258347,11.3621025085,0,9.39499664307,-4.08977031708,3,0,26,0,3,1,1,0,1,1,1,0,0,0,0,1,1,0,1,0,1,10.4195156097,5,0,0,2.67720723152,2.90144395828,10.0941076279,8
1425,1,131,11,1,2.25,0,1,0,0,0,0,0,3,869,7.46049070358,200,0,8.69951438904,0,0,-4.11345529556,-6.19266223907,4,0,22,0,2,1,0,0,0,0,0,0,0,0,0,0,1,0,0,0,1,7.46049070358,3,0,0,-4.11345529556,-6.19266223907,8.69951438904,3
1426,1,131,11,1,2.25,1,0,0,0,0,0,0,4,26771.0761719,10.8882246017,5900,0,12.4203767776,9.39266204834,12.5892925262,3.15829205513,-3.37084650993,4,0,34,0,2,1,1,0,0,0,0,0,0,0,0,0,1,0,0,0,1,10.8882246017,4,12.5892925262,9.39266204834,3.15829205513,-3.37084650993,12.4203767776,4
1426,2,131,11,1,2.25,1,,0,0,0,0,0,5,31789.9335938,11.060051918,6350,0,10.5400648117,10.2399597168,11.512925148,2.91170525551,-2.02547931671,4,0,34,0,2,0,1,0,1,0,0,0,0,0,0,0,1,0,1,0,1,10.8882246017,4,12.5892925262,9.39266204834,3.15829205513,-3.37084650993,12.4203767776,5
1427,1,131,11,0,40.75,1,0,0,0,0,0,0,5,83443.953125,12.0250778198,16200,0,11.7981042862,0,11.0020999908,1.32007694244,2.90144395828,7,0,42,0,2,1,1,0,0,1,0,0,0,0,0,0,1,0,0,0,1,12.0250778198,5,11.0020999908,0,1.32007694244,2.90144395828,11.7981042862,5
1427,2,131,11,0,40.75,1,,0,0,0,0,0,6,118602.90625,12.3766832352,21900,0,10.6213274002,11.6082353592,12.2060728073,8.26282501221,-5.49308681488,7,0,42,0,2,1,1,0,1,0,0,0,0,0,0,0,1,0,1,0,1,12.0250778198,5,11.0020999908,0,1.32007694244,2.90144395828,11.7981042862,6
1428,1,131,11,1,2.25,1,0,0,0,0,0,0,,68862.1953125,11.8330097198,3300,10000,13.1715345383,0,0,-0.530292093754,2.90144395828,5,0,32,0,3,1,1,999,1,1,0,0,0,0,0,0,1,0,0,0,1,11.8330097198,5,0,0,-0.530292093754,2.90144395828,13.1715345383,5
1428,2,131,11,1,2.25,1,,0,0,0,0,0,6,54982.078125,11.6079101562,2050,6900,14.9581394196,7.60090255737,13.8155107498,1.93709146976,-2.02547931671,5,0,32,0,3,1,1,0,1,0,1,0,0,0,0,0,1,0,0,0,1,11.8330097198,5,0,0,-0.530292093754,2.90144395828,13.1715345383,6
1429,1,131,11,1,2.25,1,0,0,0,0,0,0,6,70150.1953125,11.8515415192,15500,0,9.39266204834,0,0,-9.88989639282,-1.96752977371,4,0,29,0,2,1,1,0,0,0,0,0,0,0,0,0,1,0,1,1,1,11.8515415192,6,0,0,-9.88989639282,-1.96752977371,9.39266204834,6
1429,2,131,11,1,2.25,1,,0,0,0,0,0,3,29723.0957031,10.9928264618,5900,0,9.1377696991,0,0,1.83210742474,-2.02547931671,4,0,29,0,2,0,1,0,0,0,0,0,0,0,0,0,1,0,0,0,1,11.8515415192,6,0,0,-9.88989639282,-1.96752977371,9.39266204834,3
1430,1,131,11,0,40.75,1,0,0,0,0,0,0,6,33031.7109375,11.0983705521,100,6000,11.7360687256,0,12.8992195129,-4.85159921646,-1.32368826866,6,0,42,0,3,1,1,0,1,1,0,0,0,0,0,0,1,0,1,0,1,11.0983705521,6,12.8992195129,0,-4.85159921646,-1.32368826866,11.7360687256,6
1430,2,131,11,0,40.75,1,,0,0,0,0,0,3,10874.6347656,9.98733520508,1650,0,10.9784898758,0,12.2060728073,-6.80517101288,0.781419277191,6,0,42,0,3,1,0,0,0,1,0,0,0,0,0,0,0,0,1,0,0,11.0983705521,6,12.8992195129,0,-4.85159921646,-1.32368826866,11.7360687256,3
1431,1,131,11,0,40.75,1,0,0,0,0,0,0,4,119834.945312,12.3870182037,20800,6000,15.1706752777,13.2533912659,0,-15.3838777542,2.90144395828,2,0,83,0,3,1,1,0,0,0,0,0,0,0,0,0,1,0,0,0,1,12.3870182037,4,0,13.2533912659,-15.3838777542,2.90144395828,15.1706752777,4
1431,2,131,11,0,40.75,1,,0,0,0,0,0,3,271678.9375,13.2055234909,49900,7600,14.5070562363,13.0731735229,0,7.64961147308,-5.49308681488,2,0,83,0,3,0,1,0,0,0,0,0,0,0,0,0,1,0,0,0,1,12.3870182037,4,0,13.2533912659,-15.3838777542,2.90144395828,15.1706752777,3
1432,1,132,12,1,2.625,1,0,0,0,0,0,0,9,89628.578125,12.0965766907,9900,7500,17.4067611694,10.8237705231,10.3089523315,5.67304897308,2.90144395828,7,0,27,0,3,1,1,0,1,1,1,1,0,0,0,1,1,1,1,0,1,12.0965766907,9,10.3089523315,10.8237705231,5.67304897308,2.90144395828,17.4067611694,9
1432,2,132,12,1,2.625,1,,0,0,0,0,0,7,111368.539062,12.313747406,6500,3600,14.1374492645,13.0731735229,13.8155107498,11.1629123688,2.90144395828,7,0,27,0,3,1,1,0,1,1,0,0,0,0,0,0,1,0,1,1,1,12.0965766907,9,10.3089523315,10.8237705231,5.67304897308,2.90144395828,17.4067611694,7
1433,1,132,12,0,41,1,0,0,0,0,0,0,7,46203.0976562,11.4339494705,5850,1000,12.3821249008,10.0432491302,0,5.19075393677,2.90144395828,6,0,42,0,2,1,1,0,1,1,0,0,0,0,0,0,1,0,1,1,1,11.4339494705,7,0,10.0432491302,5.19075393677,2.90144395828,12.3821249008,7
1433,2,132,12,0,41,1,,0,0,0,0,0,6,72315.4140625,11.881939888,7800,7500,12.262925148,0,0,2.56222677231,2.90144395828,6,0,42,0,2,1,0,0,1,1,0,0,0,0,0,0,1,0,1,1,1,11.4339494705,7,0,10.0432491302,5.19075393677,2.90144395828,12.3821249008,6
1434,1,132,12,0,41,1,0,0,0,0,0,0,5,10936.3554688,9.99299526215,1850,0,11.7035455704,8.294049263,7.60090255737,8.65100955963,2.90144395828,7,0,43,0,3,1,0,1,0,0,0,0,0,0,0,0,1,0,1,0,1,9.99299526215,5,7.60090255737,8.294049263,8.65100955963,2.90144395828,11.7035455704,5
1434,2,132,12,0,41,1,,0,0,0,0,0,5,18977.5761719,10.5441608429,3100,0,10.9402246475,0,7.90100717545,10.6344537735,2.90144395828,7,0,43,0,3,1,1,0,1,1,0,0,0,0,0,0,0,0,1,0,1,9.99299526215,5,7.60090255737,8.294049263,8.65100955963,2.90144395828,11.7035455704,5
1435,1,132,12,1,2.625,1,0,0,0,0,0,0,7,4519.79785156,9.10936927795,700,0,9.83627891541,9.79812717438,9.54681301117,-0.530292093754,-3.37084650993,3,0,25,0,2,1,0,0,0,1,0,0,0,0,0,1,1,0,1,1,1,9.10936927795,7,9.54681301117,9.79812717438,-0.530292093754,-3.37084650993,9.83627891541,7
1435,2,132,12,1,2.625,1,,0,0,0,0,0,5,8363.31738281,9.72475719452,1500,0,8.90923500061,5.99147081375,8.00636768341,4.67753696442,-1.96752977371,3,0,25,0,2,1,0,0,1,0,0,0,0,1,0,0,1,0,0,0,1,9.10936927795,7,9.54681301117,9.79812717438,-0.530292093754,-3.37084650993,9.83627891541,5
1436,1,132,12,1,2.625,1,0,0,0,0,0,0,5,59674.5078125,11.6898069382,6800,0,12.1018228531,10.085808754,0,4.9515042305,2.90144395828,9,0,37,0,2,1,0,1,1,1,0,0,0,0,0,0,0,0,1,1,1,11.6898069382,5,0,10.085808754,4.9515042305,2.90144395828,12.1018228531,5
1436,2,132,12,1,2.625,1,,0,0,0,0,0,7,44255.6640625,11.3908853531,5500,3500,11.7507610321,0,11.0666379929,3.43342256546,-2.02547931671,9,0,37,0,2,1,1,0,1,1,0,0,0,0,0,0,1,0,1,1,1,11.6898069382,5,0,10.085808754,4.9515042305,2.90144395828,12.1018228531,7
1437,1,132,12,1,2.625,1,0,0,0,0,0,0,8,50106.328125,11.5150499344,6200,2400,14.9945964813,8.69951438904,10.5966348648,-5.32279205322,2.90144395828,6,0,34,0,3,1,1,0,1,1,1,0,0,0,0,0,1,0,1,1,1,11.5150499344,8,10.5966348648,8.69951438904,-5.32279205322,2.90144395828,14.9945964813,8
1437,2,132,12,1,2.625,1,,0,0,0,0,0,8,79420.7890625,11.9756622314,12900,0,11.9987411499,8.47637081146,13.3261203766,-2.18789052963,2.90144395828,6,0,34,0,3,1,1,0,1,1,1,0,0,0,0,0,1,0,1,1,1,11.5150499344,8,10.5966348648,8.69951438904,-5.32279205322,2.90144395828,14.9945964813,8
1438,1,132,12,1,2.625,1,0,0,0,0,0,0,6,26524.3398438,10.8789653778,5330,0,9.33220386505,0,0,-2.27398753166,-6.19266223907,4,0,27,0,2,1,0,0,0,1,0,0,0,0,0,1,1,0,1,0,1,10.8789653778,6,0,0,-2.27398753166,-6.19266223907,9.33220386505,6
1438,2,132,12,1,2.625,1,,0,0,0,0,0,4,55727.5976562,11.6213779449,9500,0,10.2072887421,12.5281562805,0,5.84112739563,0.0796284079552,4,0,27,0,2,1,0,1,1,1,0,0,0,0,0,0,1,0,1,0,0,10.8789653778,6,0,0,-2.27398753166,-6.19266223907,9.33220386505,4
1439,1,132,12,1,2.625,1,0,0,0,0,0,0,6,6999.98095703,9.54681015015,950,0,10.1811189651,0,0,6.98917961121,2.90144395828,6,0,32,0,3,0,1,0,1,1,0,0,0,0,0,1,1,0,1,0,1,9.54681015015,6,0,0,6.98917961121,2.90144395828,10.1811189651,6
1439,2,132,12,1,2.625,1,,0,0,0,0,0,5,2358028.25,15.3664836884,2000,540000,9.80366706848,10.118598938,0,4.06764364243,0.0796284079552,6,0,32,0,3,1,0,0,1,1,0,0,0,0,0,0,1,0,1,0,1,9.54681015015,6,0,0,6.98917961121,2.90144395828,10.1811189651,5
1440,1,132,12,0,41,1,0,0,0,0,0,0,7,100403.328125,12.2100982666,16300,6000,11.4019937515,0,0,0.418085634708,2.90144395828,2,0,81,0,1,1,1,0,0,1,0,0,1,0,0,0,1,0,1,0,1,12.2100982666,7,0,0,0.418085634708,2.90144395828,11.4019937515,7
1440,2,132,12,0,41,1,,0,0,0,0,0,4,12749.2880859,10.1463775635,2700,0,13.045050621,0,0,-1.9715077877,2.90144395828,2,0,81,0,1,1,0,0,1,0,0,0,0,0,0,0,1,0,0,0,1,12.2100982666,7,0,0,0.418085634708,2.90144395828,11.4019937515,4
1441,1,132,12,1,2.625,1,0,0,0,0,0,0,8,67816.40625,11.8177070618,9150,2300,13.045050621,11.6082353592,10.7995758057,6.15220069885,-2.04039621353,3,0,25,0,3,1,0,1,1,1,1,1,0,0,0,1,1,0,1,1,1,11.8177070618,8,10.7995758057,11.6082353592,6.15220069885,-2.04039621353,13.045050621,8
1441,2,132,12,1,2.625,1,,0,0,0,0,0,6,37629.1328125,11.2286806107,6000,1500,11.5149230957,8.51719284058,10.8197784424,9.52420139313,2.90144395828,3,0,25,0,3,1,1,0,1,1,0,0,0,0,0,0,1,0,1,0,1,11.8177070618,8,10.7995758057,11.6082353592,6.15220069885,-2.04039621353,13.045050621,6
1442,1,132,12,1,2.625,1,0,0,0,0,0,0,9,71143.484375,11.8656015396,10400,2000,12.1863803864,9.74096870422,10.5966348648,3.59848403931,2.90144395828,6,0,37,0,3,1,1,0,1,1,1,0,1,0,1,0,1,0,1,0,1,11.8656015396,9,10.5966348648,9.74096870422,3.59848403931,2.90144395828,12.1863803864,9
1442,2,132,12,1,2.625,1,,0,0,0,0,0,7,56925.1835938,11.6426401138,5500,4000,10.5213718414,11.512925148,9.90348720551,3.29034376144,2.90144395828,6,0,37,0,3,1,1,0,1,1,0,0,0,0,0,0,1,0,1,1,1,11.8656015396,9,10.5966348648,9.74096870422,3.59848403931,2.90144395828,12.1863803864,7
1443,1,132,12,0,41,1,0,0,0,0,0,0,6,41300.4140625,11.3217754364,7450,1000,12.5439720154,0,0,0.77350127697,2.90144395828,4,0,38,0,3,1,0,0,1,1,1,0,0,0,0,0,1,0,1,0,1,11.3217754364,6,0,0,0.77350127697,2.90144395828,12.5439720154,6
1443,2,132,12,0,41,1,,0,0,0,0,0,7,14920.4423828,10.3036346436,2200,0,10.8628377914,8.69951438904,0,3.9534330368,2.90144395828,4,0,38,0,3,1,1,1,1,1,0,0,0,0,0,0,1,0,1,1,1,11.3217754364,6,0,0,0.77350127697,2.90144395828,12.5439720154,7
1444,1,133,12,0,35,1,0,0,0,0,0,1,2,7114,9.56296730042,900,0,9.32901191711,0,11.512925148,6.74661827087,2.90144395828,4,0,72,0,2,1,1,0,0,0,0,0,0,0,0,0,0,0,0,0,0,9.56296730042,2,11.512925148,0,6.74661827087,2.90144395828,9.32901191711,2
1444,2,133,12,0,35,1,,0,0,0,0,1,4,11823.4130859,10.0709838867,2000,0,10.0345153809,7.60090255737,11.2897815704,-1.7338950634,0.85428583622,4,0,72,0,2,1,1,0,1,0,0,0,0,0,0,0,0,0,0,0,1,9.56296730042,2,11.512925148,0,6.74661827087,2.90144395828,9.32901191711,4
1445,1,133,12,1,2.25,1,0,0,0,0,0,1,8,145857.265625,12.5835313797,9950,5000,11.8159885406,13.2533912659,0,-2.97401499748,-1.96752977371,5,0,28,0,2,1,1,0,1,1,0,0,0,0,0,1,1,0,1,1,1,12.5835313797,8,0,13.2533912659,-2.97401499748,-1.96752977371,11.8159885406,8
1445,2,133,12,1,2.25,1,,0,0,0,0,1,8,69208.421875,11.8380250931,7300,4400,14.6714992523,12.0435533524,13.304684639,9.13836193085,-2.04039621353,5,0,28,0,2,1,1,0,1,1,0,0,0,1,0,0,1,0,1,1,1,12.5835313797,8,0,13.2533912659,-2.97401499748,-1.96752977371,11.8159885406,8
1446,1,133,12,1,2.25,1,0,0,0,0,0,1,6,51308.8046875,11.5387649536,2550,5060,13.4058866501,12.0435533524,9.90348720551,2.24537301064,-1.25082182884,3,0,36,0,3,1,1,0,0,0,0,1,0,0,0,0,0,0,1,1,1,11.5387649536,6,9.90348720551,12.0435533524,2.24537301064,-1.25082182884,13.4058866501,6
1446,2,133,12,1,2.25,1,,0,0,0,0,1,5,86506.203125,12.0611181259,5400,6900,12.1117620468,0,10.3089523315,-0.93688762188,0.85428583622,3,0,36,0,3,1,1,0,1,0,1,0,0,0,0,0,0,0,0,0,1,11.5387649536,6,9.90348720551,12.0435533524,2.24537301064,-1.25082182884,13.4058866501,5
1447,1,133,12,1,2.25,1,0,0,0,0,0,1,3,1135.5769043,7.72804355621,0,0,7.78322410583,0,0,2.1051697731,-1.96752977371,4,0,23,0,2,1,0,1,1,0,0,0,0,0,0,0,0,0,0,0,1,7.72804355621,3,0,0,2.1051697731,-1.96752977371,7.78322410583,3
1447,2,133,12,1,2.25,1,,0,0,0,0,1,4,13134.1923828,10.1761217117,2700,0,8.51719284058,0,9.90348720551,4.50257062912,-10.3620605469,4,0,23,0,2,1,0,0,1,0,0,0,0,0,0,0,0,0,1,0,1,7.72804355621,3,0,0,2.1051697731,-1.96752977371,7.78322410583,4
1448,1,133,12,1,2.25,1,0,0,0,0,0,1,4,12455.0869141,10.1230316162,2050,0,12.6918878555,0,9.21034049988,-0.319873273373,-1.32368826866,4,0,73,0,2,1,0,1,1,0,0,0,0,0,0,0,1,0,0,0,1,10.1230316162,4,9.21034049988,0,-0.319873273373,-1.32368826866,12.6918878555,4
1448,2,133,12,1,2.25,1,,0,0,0,0,1,9,8654.96191406,9.75903511047,1200,0,11.4814348221,8.76405334473,9.08250713348,3.11825251579,2.90144395828,4,0,73,0,2,1,1,1,1,1,0,1,0,0,0,0,1,1,1,1,1,10.1230316162,4,9.21034049988,0,-0.319873273373,-1.32368826866,12.6918878555,9
1449,1,133,12,1,2.25,1,0,0,0,0,0,1,8,37410.671875,11.222858429,5500,0,14.0323143005,9.39266204834,11.4510498047,1.34840810299,0.79633641243,4,0,28,0,2,1,1,1,0,1,0,0,0,1,0,0,1,1,0,1,1,11.222858429,8,11.4510498047,9.39266204834,1.34840810299,0.79633641243,14.0323143005,8
1449,2,133,12,1,2.25,1,,0,0,0,0,1,6,81657.0703125,12.0034313202,13250,0,17.6023159027,11.3759593964,12.4684371948,4.28184270859,2.90144395828,4,0,28,0,2,1,1,0,0,1,0,1,0,0,0,0,1,0,0,0,1,11.222858429,8,11.4510498047,9.39266204834,1.34840810299,0.79633641243,14.0323143005,6
1450,1,133,12,1,2.25,1,0,0,0,0,0,1,5,18196.9804688,10.502158165,4000,0,9.37585449219,0,8.69951438904,3.92077541351,-1.96752977371,8,0,36,0,2,1,0,0,1,0,0,0,0,0,0,0,1,0,1,0,1,10.502158165,5,8.69951438904,0,3.92077541351,-1.96752977371,9.37585449219,5
1450,2,133,12,1,2.25,1,,0,0,0,0,1,5,26285.2304688,10.8699092865,2100,1200,12.4024610519,0,8.294049263,3.20566534996,-1.96752977371,8,0,36,0,2,1,1,0,1,0,0,0,0,0,0,0,0,0,1,0,1,10.502158165,5,8.69951438904,0,3.92077541351,-1.96752977371,9.37585449219,5
1451,1,133,12,1,2.25,1,0,0,0,0,0,1,7,11953.0673828,10.0818901062,2000,0,9.32366943359,7.37775945663,6.90775632858,1.93709146976,-1.96752977371,5,0,31,0,2,1,1,0,1,1,0,0,0,0,0,0,1,0,1,1,1,10.0818901062,7,6.90775632858,7.37775945663,1.93709146976,-1.96752977371,9.32366943359,7
1451,2,133,12,1,2.25,1,,0,0,0,0,1,7,91374.3828125,12.1158676147,17700,2000,9.85744380951,9.90348720551,0,2.43147373199,2.90144395828,5,0,31,0,2,1,1,1,1,1,0,0,0,0,0,1,1,0,1,0,1,10.0818901062,7,6.90775632858,7.37775945663,1.93709146976,-1.96752977371,9.32366943359,7
1452,1,133,12,0,35,1,0,0,0,0,0,1,6,63376.6328125,11.7499980927,12500,0,13.8523244858,11.0020999908,13.5567398071,0.5389970541,2.90144395828,6,0,35,0,3,1,0,0,1,1,0,0,0,0,0,0,1,0,1,1,1,11.7499980927,6,13.5567398071,11.0020999908,0.5389970541,2.90144395828,13.8523244858,6
1452,2,133,12,0,35,1,,0,0,0,0,1,5,155127.28125,12.6451482773,34600,0,13.3822631836,10.7789564133,10.5966348648,-5.31153154373,-1.96752977371,6,0,35,0,3,1,0,0,1,0,0,0,0,0,0,0,1,0,1,0,1,11.7499980927,6,13.5567398071,11.0020999908,0.5389970541,2.90144395828,13.8523244858,5
1453,1,133,12,0,35,1,0,0,0,0,0,1,3,24510.9804688,10.8000240326,1100,3750,12.1205148697,11.4251861572,0,-4.17041778564,-1.32368826866,4,0,86,0,3,0,0,1,1,0,0,0,0,0,0,0,1,0,0,0,1,10.8000240326,3,0,11.4251861572,-4.17041778564,-1.32368826866,12.1205148697,3
1453,2,133,12,0,35,1,,0,0,0,0,1,2,9992.01953125,9.9026889801,0,2000,10.7789564133,0,9.21034049988,-9.13615226746,-1.26795446873,4,0,86,0,3,0,0,0,1,0,0,0,0,0,0,0,0,0,1,0,0,10.8000240326,3,0,11.4251861572,-4.17041778564,-1.32368826866,12.1205148697,2
1454,1,133,12,0,35,1,0,0,0,0,0,1,4,5931.78857422,9.38122844696,1200,0,9.0118894577,10.085808754,8.294049263,-5.67989730835,-0.827770709991,4,0,30,0,2,1,0,0,1,1,0,0,0,0,0,0,1,0,0,0,1,9.38122844696,4,8.294049263,10.085808754,-5.67989730835,-0.827770709991,9.0118894577,4
1454,2,133,12,0,35,1,,0,0,0,0,1,4,4561.71142578,9.11859989166,850,0,13.327750206,0,0,-5.8047709465,-1.96752977371,4,0,30,0,2,1,0,0,1,0,0,0,0,0,0,0,1,0,0,0,1,9.38122844696,4,8.294049263,10.085808754,-5.67989730835,-0.827770709991,9.0118894577,4
1455,1,133,12,1,2.25,1,0,0,0,0,0,1,8,21252.0957031,10.6573581696,2600,1250,10.9259386063,9.68034362793,0,0.500457108021,2.90144395828,3,1,26,0,1,1,1,0,1,0,0,1,1,0,0,0,0,1,1,0,1,10.6573581696,8,0,9.68034362793,0.500457108021,2.90144395828,10.9259386063,8
1455,2,133,12,1,2.25,1,,0,0,0,0,1,4,16389.4414062,10.3975400925,1900,0,9.78695392609,8.69951438904,0,2.51888656616,0.85428583622,3,1,26,0,1,1,0,0,0,0,0,0,0,0,0,0,1,0,1,0,1,10.6573581696,8,0,9.68034362793,0.500457108021,2.90144395828,10.9259386063,4
1456,1,134,11,1,2.375,1,0,0,0,1,0,0,5,14217.8847656,10.2554035187,2750,0,13.06727314,0,9.47270488739,7.28412151337,-1.32368826866,3,0,32,0,1,1,0,0,1,1,0,0,0,0,0,0,1,0,0,1,1,10.2554035187,5,9.47270488739,0,7.28412151337,-1.32368826866,13.06727314,5
1456,2,134,11,1,2.375,1,,0,0,1,0,0,5,16297.7978516,10.3919324875,3300,0,12.8987197876,0,8.9871969223,0.605659425259,-4.0875544548,3,0,32,0,1,1,1,0,1,0,0,0,0,0,0,0,1,0,0,0,1,10.2554035187,5,9.47270488739,0,7.28412151337,-1.32368826866,13.06727314,5
1457,1,134,11,0,30.2500019073,1,0,0,0,1,0,0,7,5896.75,9.37530422211,1150,0,10.9663000107,0,10.896739006,-1.30448389053,-1.96752977371,5,0,0,0,3,1,0,0,1,1,0,0,0,0,0,1,1,1,1,0,1,9.37530422211,7,10.896739006,0,-1.30448389053,-1.96752977371,10.9663000107,7
1457,2,134,11,0,30.2500019073,1,,0,0,1,0,0,7,18706.9511719,10.529797554,3600,0,11.7798948288,0,0,4.50945854187,0.0796284079552,5,0,0,0,3,1,1,0,1,0,0,1,0,0,0,0,1,0,1,0,1,9.37530422211,7,10.896739006,0,-1.30448389053,-1.96752977371,10.9663000107,7
1458,1,134,11,0,30.2500019073,1,0,0,0,1,0,0,6,32986.6914062,11.0970067978,6850,0,11.1545343399,0,0,7.86591672897,0.0796284079552,7,0,50,0,3,1,1,0,1,1,0,0,0,0,0,0,1,0,1,0,1,11.0970067978,6,0,0,7.86591672897,0.0796284079552,11.1545343399,6
1458,2,134,11,0,30.2500019073,1,,0,0,1,0,0,6,63173.6640625,11.7467899323,13200,0,10.9543094635,0,0,1.87423336506,-2.02547931671,7,0,50,0,3,1,1,0,1,0,0,0,0,0,0,0,1,0,1,0,1,11.0970067978,6,0,0,7.86591672897,0.0796284079552,11.1545343399,6
1459,1,134,11,1,2.375,1,0,0,0,1,0,0,8,177506.75,12.7799110413,28300,10000,13.2118387222,10.085808754,9.21034049988,-1.2076382637,-4.1455039978,8,1,40,0,2,1,1,1,1,1,0,0,0,0,0,0,1,1,1,1,1,12.7799110413,8,9.21034049988,10.085808754,-1.2076382637,-4.1455039978,13.2118387222,8
1459,2,134,11,1,2.375,1,,0,0,1,0,0,4,12706.7021484,10.143032074,2250,0,8.73230457306,8.47637081146,10.8197784424,7.04660654068,-1.96752977371,8,1,40,0,2,1,1,0,0,0,0,0,0,0,0,0,1,0,0,0,1,12.7799110413,8,9.21034049988,10.085808754,-1.2076382637,-4.1455039978,13.2118387222,4
1460,1,134,11,1,2.375,1,0,0,0,1,0,0,1,617.923095703,7.11951208115,50,0,8.76405334473,0,10.5966348648,-4.20127868652,-1.96752977371,3,0,23,0,1,1,0,0,0,0,0,0,0,0,0,0,0,0,0,0,0,7.11951208115,1,10.5966348648,0,-4.20127868652,-1.96752977371,8.76405334473,1
1460,2,134,11,1,2.375,1,,0,0,1,0,0,5,18376.5,10.5119752884,3700,0,10.4772882462,0,0,0.77350127697,-4.07263755798,3,0,23,0,1,1,1,0,0,1,0,0,0,0,0,0,0,0,1,0,1,7.11951208115,1,10.5966348648,0,-4.20127868652,-1.96752977371,8.76405334473,5
1461,1,134,11,0,30.2500019073,1,0,0,0,1,0,0,6,17512.3457031,10.4638090134,3050,0,11.8649902344,9.56099700928,9.79812717438,-0.263525784016,-3.37084650993,4,0,44,0,1,1,0,0,1,1,0,0,0,0,0,1,1,0,1,0,1,10.4638090134,6,9.79812717438,9.56099700928,-0.263525784016,-3.37084650993,11.8649902344,6
1461,2,134,11,0,30.2500019073,1,,0,0,1,0,0,4,15595.2402344,10.3478679657,3000,0,11.4957790375,8.69951438904,8.294049263,4.58687496185,-1.25082182884,4,0,44,0,1,1,1,0,0,0,0,0,0,0,0,0,1,0,0,0,1,10.4638090134,6,9.79812717438,9.56099700928,-0.263525784016,-3.37084650993,11.8649902344,4
1462,1,134,11,0,30.2500019073,1,0,0,0,1,0,0,5,56993.46875,11.6438388824,5300,6720,12.8125724792,13.0389814377,0,-1.17099833488,2.90144395828,3,0,60,0,3,1,1,1,1,1,0,0,0,0,0,0,0,0,1,0,1,11.6438388824,5,0,13.0389814377,-1.17099833488,2.90144395828,12.8125724792,5
1462,2,134,11,0,30.2500019073,1,,0,0,1,0,0,4,58771.5195312,11.6745595932,13000,0,11.8350086212,6.68461322784,10.691945076,8.55936527252,2.90144395828,3,0,60,0,3,1,0,0,1,0,0,0,0,0,0,0,1,0,0,0,1,11.6438388824,5,0,13.0389814377,-1.17099833488,2.90144395828,12.8125724792,4
1463,1,134,11,1,2.375,1,0,0,0,1,0,0,3,14724.8945312,10.2904424667,2100,0,16.1868572235,0,10.2399597168,4.26667881012,2.90144395828,4,0,25,0,2,0,1,1,0,0,0,0,0,0,0,0,0,0,0,0,1,10.2904424667,3,10.2399597168,0,4.26667881012,2.90144395828,16.1868572235,3
1463,2,134,11,1,2.375,1,,0,0,1,0,0,4,27580.25,10.9180021286,3700,0,12.7257585526,0,9.21034049988,1.46028017998,-1.25082182884,4,0,25,0,2,1,1,0,0,0,0,0,0,0,0,0,1,0,0,0,1,10.2904424667,3,10.2399597168,0,4.26667881012,2.90144395828,16.1868572235,4
1464,1,134,11,1,2.375,1,0,0,0,1,0,0,8,61714.1054688,11.7234153748,5100,4050,13.8720798492,10.5966348648,13.5567398071,0.523069441319,0.0796284079552,3,0,26,0,2,1,1,0,1,1,1,0,0,0,0,0,1,0,1,1,1,11.7234153748,8,13.5567398071,10.5966348648,0.523069441319,0.0796284079552,13.8720798492,8
1464,2,134,11,1,2.375,1,,0,0,1,0,0,7,22601.0097656,10.7188968658,4700,0,10.6501750946,0,12.2060728073,2.68696475029,0.0796284079552,3,0,26,0,2,1,1,0,0,1,0,0,0,0,0,0,1,0,1,1,1,11.7234153748,8,13.5567398071,10.5966348648,0.523069441319,0.0796284079552,13.8720798492,7
1465,1,134,11,1,2.375,1,0,0,0,1,0,0,4,3358.21142578,8.81231117249,600,0,10.751499176,0,0,-3.84417319298,-6.19266223907,4,0,31,0,2,1,0,0,0,1,0,0,0,0,0,0,0,0,1,0,1,8.81231117249,4,0,0,-3.84417319298,-6.19266223907,10.751499176,4
1465,2,134,11,1,2.375,1,,0,0,1,0,0,4,12616.1347656,10.1358785629,2250,0,12.6704349518,7.60090255737,6.68461322784,5.49019145966,-6.20979499817,4,0,31,0,2,1,1,0,1,0,0,0,0,0,0,0,0,0,1,0,0,8.81231117249,4,0,0,-3.84417319298,-6.19266223907,10.751499176,4
1466,1,134,11,1,2.375,1,0,0,0,1,0,0,4,30782.125,11.0278367996,6200,0,10.2182979584,0,8.00636768341,0.77350127697,2.90144395828,5,0,31,0,2,1,0,0,0,0,0,0,0,0,0,0,1,0,1,0,1,11.0278367996,4,8.00636768341,0,0.77350127697,2.90144395828,10.2182979584,4
1466,2,134,11,1,2.375,1,,0,0,1,0,0,5,50224.9140625,11.517414093,6000,4700,13.4314641953,8.47637081146,10.3734912872,4.22850561142,-6.20979499817,5,0,31,0,2,1,1,1,0,0,0,0,0,0,0,0,1,1,0,0,0,11.0278367996,4,8.00636768341,0,0.77350127697,2.90144395828,10.2182979584,5
1467,1,134,11,1,2.375,1,0,0,0,1,0,0,4,47843.5195312,11.468837738,10200,0,11.7683429718,0,9.90348720551,0.948700785637,-2.02547931671,4,0,25,0,2,0,1,1,0,0,0,0,0,0,0,0,0,0,1,0,1,11.468837738,4,9.90348720551,0,0.948700785637,-2.02547931671,11.7683429718,4
1467,2,134,11,1,2.375,1,,0,0,1,0,0,6,4675.19238281,9.14317321777,500,0,12.8394699097,0,5.29834222794,3.21331691742,-2.02547931671,4,0,25,0,2,1,1,0,1,0,0,0,0,0,0,0,1,0,1,0,1,11.468837738,4,9.90348720551,0,0.948700785637,-2.02547931671,11.7683429718,6
1468,1,135,11,1,1.25,1,0,1,0,0,0,0,5,94597.828125,12.1505365372,17800,0,10.8646373749,8.82467746735,9.21034049988,5.08598852158,0.0796284079552,7,1,36,0,1,1,0,0,1,0,1,0,0,0,0,0,1,0,1,0,0,12.1505365372,5,9.21034049988,8.82467746735,5.08598852158,0.0796284079552,10.8646373749,5
1468,2,135,11,1,1.25,1,,1,0,0,0,0,6,53926.7890625,11.5885295868,12000,0,13.2516355515,0,9.77565383911,7.26422595978,-4.1455039978,7,1,36,0,1,1,1,0,1,0,0,0,0,0,0,0,1,0,1,0,1,12.1505365372,5,9.21034049988,8.82467746735,5.08598852158,0.0796284079552,10.8646373749,6
1469,1,135,11,1,1.25,1,0,1,0,0,0,0,5,13883.7880859,10.2316246033,1450,1350,9.14846515656,6.68461322784,5.99147081375,-2.15837144852,1.21938753128,3,1,28,0,1,1,1,0,0,0,0,0,0,0,0,0,1,0,1,0,1,10.2316246033,5,5.99147081375,6.68461322784,-2.15837144852,1.21938753128,9.14846515656,5
1469,2,135,11,1,1.25,1,,1,0,0,0,0,3,4318.58642578,9.06383037567,800,0,11.7737503052,0,8.13153076172,5.85257959366,-5.49308681488,3,1,28,0,1,0,0,0,1,0,0,0,0,0,0,0,1,0,0,0,1,10.2316246033,5,5.99147081375,6.68461322784,-2.15837144852,1.21938753128,9.14846515656,3
1470,1,135,11,0,18,1,0,1,0,0,0,0,5,22090.5,10.6960496902,4800,0,12.7319841385,0,9.21034049988,-0.250108748674,0.85428583622,6,0,36,0,3,1,1,0,1,0,0,0,0,0,0,0,0,0,0,1,1,10.6960496902,5,9.21034049988,0,-0.250108748674,0.85428583622,12.7319841385,5
1470,2,135,11,0,18,1,,1,0,0,0,0,6,40061.875,11.2913274765,8000,0,12.9831008911,0,10.5966348648,2.83460116386,0.79633641243,6,0,36,0,3,1,0,0,1,0,0,0,0,0,0,0,1,1,0,1,1,10.6960496902,5,9.21034049988,0,-0.250108748674,0.85428583622,12.7319841385,6
1471,1,135,11,1,1.25,1,0,1,0,0,0,0,5,150,5.7037935257,0,0,8.85366535187,0,0,2.34912037849,2.90144395828,4,0,40,0,1,1,0,0,1,0,0,0,0,0,0,0,1,1,1,0,0,5.7037935257,5,0,0,2.34912037849,2.90144395828,8.85366535187,5
1471,2,135,11,1,1.25,1,,1,0,0,0,0,3,3442.30761719,8.83704471588,750,0,10.9331073761,0,0,3.14544010162,-3.37084650993,4,0,40,0,1,1,0,0,1,0,0,0,0,0,0,0,0,0,0,0,1,5.7037935257,5,0,0,2.34912037849,2.90144395828,8.85366535187,3
1472,1,135,11,0,18,1,0,1,0,0,0,0,3,3476,8.84678459167,800,0,9.03598690033,0,11.0020999908,0.532750070095,-2.04039621353,4,1,66,0,1,1,0,0,1,0,0,0,0,0,0,0,0,0,1,0,0,8.84678459167,3,11.0020999908,0,0.532750070095,-2.04039621353,9.03598690033,3
1472,2,135,11,0,18,1,,1,0,0,0,0,5,10978,9.9967956543,2400,0,9.10497951508,0,9.90348720551,0.366905748844,-4.1455039978,4,1,66,0,1,1,1,0,1,0,0,0,0,0,0,0,1,0,0,0,1,8.84678459167,3,11.0020999908,0,0.532750070095,-2.04039621353,9.03598690033,5
1473,1,135,11,1,1.25,1,0,1,0,0,0,0,4,6558.74023438,9.48170089722,1300,0,8.93590354919,0,7.2442278862,1.79929506779,-1.32368826866,5,0,31,0,1,0,1,0,1,0,0,0,0,0,0,0,1,0,1,0,0,9.48170089722,4,7.2442278862,0,1.79929506779,-1.32368826866,8.93590354919,4
1473,2,135,11,1,1.25,1,,1,0,0,0,0,4,26885.6347656,10.8924942017,4750,0,8.00636768341,0,9.03598690033,0.633298039436,-1.25082182884,5,0,31,0,1,1,0,0,1,0,0,0,0,0,0,0,1,0,0,0,1,9.48170089722,4,7.2442278862,0,1.79929506779,-1.32368826866,8.93590354919,4
1474,1,135,11,1,1.25,1,0,1,0,0,0,0,7,68324.5859375,11.8251724243,9650,5400,10.49127388,8.85366535187,11.2897815704,-3.16364097595,1.2922539711,5,0,32,0,1,0,1,0,1,1,0,0,0,0,0,1,1,0,1,1,1,11.8251724243,7,11.2897815704,8.85366535187,-3.16364097595,1.2922539711,10.49127388,7
1474,2,135,11,1,1.25,1,,1,0,0,0,0,4,5669.79785156,9.33605575562,700,0,9.45720005035,8.00636768341,9.10497951508,5.16580057144,2.90144395828,5,0,32,0,1,0,1,0,1,1,0,0,0,0,0,0,0,0,1,0,1,11.8251724243,7,11.2897815704,8.85366535187,-3.16364097595,1.2922539711,10.49127388,4
1475,1,135,11,0,18,1,0,1,0,0,0,0,5,55143.0976562,11.6108341217,1650,10000,10.3221979141,0,0,-6.76995182037,1.2922539711,5,1,55,0,1,1,0,0,1,1,0,0,0,0,0,0,1,0,1,0,1,11.6108341217,5,0,0,-6.76995182037,1.2922539711,10.3221979141,5
1475,2,135,11,0,18,1,,1,0,0,0,0,5,38576.296875,11.2535400391,8250,0,11.3963918686,0,9.90348720551,1.43271231651,-1.32368826866,5,1,55,0,1,1,1,0,0,0,0,0,0,0,0,0,1,0,0,1,1,11.6108341217,5,0,0,-6.76995182037,1.2922539711,10.3221979141,5
1476,1,135,11,1,1.25,1,0,1,0,0,0,0,4,7875.31738281,9.66463565826,1450,0,8.79482460022,9.54681301117,9.39266204834,0.633298039436,0.85428583622,7,1,23,0,1,1,0,1,0,0,0,0,0,0,0,0,1,0,1,0,0,9.66463565826,4,9.39266204834,9.54681301117,0.633298039436,0.85428583622,8.79482460022,4
1476,2,135,11,1,1.25,1,,1,0,0,0,0,2,10425.4423828,9.94515132904,2100,0,9.62244987488,5.99147081375,0,2.51168847084,-6.19266223907,7,1,23,0,1,1,0,0,0,0,0,0,0,0,0,0,0,0,0,0,1,9.66463565826,4,9.39266204834,9.54681301117,0.633298039436,0.85428583622,8.79482460022,2
1477,1,135,11,1,1.25,1,0,1,0,0,0,0,,7731.78857422,9.6462430954,1000,0,9.61580562592,0,9.90348720551,-0.163709402084,-1.96752977371,4,0,48,0,2,1,0,888,1,0,0,0,0,0,0,0,0,0,0,0,0,9.6462430954,2,9.90348720551,0,-0.163709402084,-1.96752977371,9.61580562592,2
1477,2,135,11,1,1.25,1,,1,0,0,0,0,3,10647.6923828,9.96624565125,1000,0,7.93737459183,0,12.3883943558,4.86727666855,2.90144395828,4,0,48,0,2,1,0,0,1,0,0,0,0,0,0,0,0,0,0,0,1,9.6462430954,2,9.90348720551,0,-0.163709402084,-1.96752977371,9.61580562592,3
1478,1,135,11,0,18,1,0,1,0,0,0,0,5,37309.8671875,11.2201604843,7200,0,13.8789548874,9.30565071106,0,7.83378982544,2.90144395828,8,0,37,0,3,1,1,0,0,0,0,0,0,0,0,0,1,0,1,0,1,11.2201604843,5,0,9.30565071106,7.83378982544,2.90144395828,13.8789548874,5
1478,2,135,11,0,18,1,,1,0,0,0,0,4,23692.3847656,10.7660560608,1500,2000,13.0717010498,0,13.5923671722,3.88577437401,2.90144395828,8,0,37,0,3,0,1,0,1,0,0,0,0,0,0,0,1,0,0,0,1,11.2201604843,5,0,9.30565071106,7.83378982544,2.90144395828,13.8789548874,4
1479,1,135,11,1,1.25,1,0,1,0,0,0,0,6,156783.484375,12.6557683945,27500,7500,10.6347494125,9.39266204834,9.90348720551,2.94887566566,-1.26573896408,8,1,38,0,2,1,1,0,1,0,0,0,0,0,0,0,0,1,0,1,1,12.6557683945,6,9.90348720551,9.39266204834,2.94887566566,-1.26573896408,10.6347494125,6
1479,2,135,11,1,1.25,1,,1,0,0,0,0,6,28923.6347656,10.9655618668,2150,3200,11.0235347748,0,11.2118206024,0.633298039436,-1.25082182884,8,1,38,0,2,1,0,0,1,1,0,0,0,0,0,0,1,0,1,1,1,12.6557683945,6,9.90348720551,9.39266204834,2.94887566566,-1.26573896408,10.6347494125,6
1480,1,136,12,1,2.875,1,0,1,0,0,0,0,7,51536.25,11.5431880951,8500,0,12.7454853058,11.8493976593,11.0020999908,-0.442505300045,0.781419277191,4,0,27,0,2,1,1,0,1,1,0,0,0,0,0,0,1,0,1,1,1,11.5431880951,7,11.0020999908,11.8493976593,-0.442505300045,0.781419277191,12.7454853058,7
1480,2,136,12,1,2.875,1,,1,0,0,0,0,6,14653.3271484,10.2855701447,2650,0,13.0357151031,0,11.3621025085,-1.21707117558,0.781419277191,4,0,27,0,2,1,1,0,1,1,0,0,0,0,0,0,1,0,1,0,1,11.5431880951,7,11.0020999908,11.8493976593,-0.442505300045,0.781419277191,12.7454853058,6
1481,1,136,12,1,2.875,1,0,1,0,0,0,0,7,27537.7890625,10.9164619446,5700,0,10.9331073761,0,8.9871969223,-3.71929979324,0.781419277191,3,0,30,0,1,1,1,0,1,1,0,0,0,0,0,0,1,0,1,1,1,10.9164619446,7,8.9871969223,0,-3.71929979324,0.781419277191,10.9331073761,7
1481,2,136,12,1,2.875,1,,1,0,0,0,0,5,12982.4423828,10.1645002365,2300,0,9.69276618958,6.90775632858,9.10497951508,9.69104003906,2.90144395828,3,0,30,0,1,1,1,0,1,1,0,0,0,0,0,0,0,0,1,0,1,10.9164619446,7,8.9871969223,0,-3.71929979324,0.781419277191,10.9331073761,5
1482,1,136,12,1,2.875,1,0,1,0,0,0,0,5,7067.09619141,9.55635166168,1450,0,9.31470012665,5.99147081375,8.69951438904,-3.84417319298,0.0796284079552,4,0,0,0,1,1,0,1,1,0,0,0,0,0,0,0,1,0,1,0,1,9.55635166168,5,8.69951438904,5.99147081375,-3.84417319298,0.0796284079552,9.31470012665,5
1482,2,136,12,1,2.875,1,,1,0,0,0,0,6,7680.25195312,9.63955497742,400,690,9.94270801544,0,8.69951438904,8.45158290863,-4.1455039978,4,0,0,0,1,1,1,0,1,0,0,0,0,0,0,0,1,0,1,0,1,9.55635166168,5,8.69951438904,5.99147081375,-3.84417319298,0.0796284079552,9.31470012665,6
1483,1,136,12,0,29.2499980927,1,0,1,0,0,0,0,6,26879.1640625,10.8922538757,5800,0,10.3287553787,9.12695884705,11.4075651169,1.77312111855,2.90144395828,3,0,26,0,3,1,0,1,1,1,0,1,0,0,0,0,1,0,1,0,1,10.8922538757,6,11.4075651169,9.12695884705,1.77312111855,2.90144395828,10.3287553787,6
1483,2,136,12,0,29.2499980927,1,,1,0,0,0,0,6,36149.3007812,11.1885604858,5440,2000,10.8473930359,10.2819242477,11.512925148,4.80418205261,2.90144395828,3,0,26,0,3,1,1,0,1,0,1,1,0,0,0,0,1,0,0,0,1,10.8922538757,6,11.4075651169,9.12695884705,1.77312111855,2.90144395828,10.3287553787,6
1484,1,136,12,1,2.875,1,0,1,0,0,0,0,4,56024.9023438,11.626698494,11400,0,12.0459041595,0,11.512925148,1.45951044559,-1.96752977371,5,0,30,0,2,1,0,0,1,0,0,0,0,0,0,0,0,0,1,0,1,11.626698494,4,11.512925148,0,1.45951044559,-1.96752977371,12.0459041595,4
1484,2,136,12,1,2.875,1,,1,0,0,0,0,7,63736.1914062,11.7556552887,13800,0,12.8133897781,9.94270801544,11.512925148,3.59345793724,0.0796284079552,5,0,30,0,2,1,1,0,1,0,0,1,0,0,0,0,1,0,1,0,1,11.626698494,4,11.512925148,0,1.45951044559,-1.96752977371,12.0459041595,7
1485,1,136,12,1,2.875,1,0,1,0,0,0,0,7,142444.984375,12.5598583221,30100,1250,11.5540676117,0,9.21034049988,-1.41369891167,0.0796284079552,4,1,53,0,2,1,1,0,1,1,0,0,0,0,0,0,1,0,1,1,1,12.5598583221,7,9.21034049988,0,-1.41369891167,0.0796284079552,11.5540676117,7
1485,2,136,12,1,2.875,1,,1,0,0,0,0,3,818.596130371,7.46049070358,50,0,10.3920679092,0,0,1.93949830532,-1.96752977371,4,1,53,0,2,0,1,0,1,0,0,0,0,0,0,0,0,0,0,0,1,12.5598583221,7,9.21034049988,0,-1.41369891167,0.0796284079552,11.5540676117,3
1486,1,136,12,1,2.875,0,1,1,0,0,0,0,6,69465.828125,11.8417377472,15150,0,10.214641571,0,8.9871969223,-1.21707117558,-2.04039621353,4,0,0,0,2,1,0,0,1,1,0,0,0,0,0,0,1,0,1,1,1,11.8417377472,6,8.9871969223,0,-1.21707117558,-2.04039621353,10.214641571,6
1487,1,136,12,1,2.875,1,0,1,0,0,0,0,6,12005.4902344,10.0862665176,1950,0,9.92329025269,6.90775632858,10.691945076,1.2257758379,-6.19266223907,6,1,56,0,2,1,0,0,1,0,0,0,0,0,0,0,1,0,1,1,1,10.0862665176,6,10.691945076,6.90775632858,1.2257758379,-6.19266223907,9.92329025269,6
1487,2,136,12,1,2.875,1,,1,0,0,0,0,5,23567.234375,10.7607603073,4350,600,12.3274049759,0,9.98966503143,7.60083389282,-4.1455039978,6,1,56,0,2,1,1,0,1,0,0,0,0,0,0,0,1,0,0,0,1,10.0862665176,6,10.691945076,6.90775632858,1.2257758379,-6.19266223907,9.92329025269,5
1488,1,136,12,0,29.2499980927,1,0,1,0,0,0,0,8,89367.1171875,12.0936555862,9000,0,12.4427242279,0,12.2060728073,3.10068154335,2.90144395828,6,0,55,0,3,1,1,0,0,1,0,0,0,0,1,0,1,0,1,1,1,12.0936555862,8,12.2060728073,0,3.10068154335,2.90144395828,12.4427242279,8
1488,2,136,12,0,29.2499980927,1,,1,0,0,0,0,4,31711.5097656,11.0575819016,4900,0,11.1519556046,0,11.512925148,-4.64963579178,0.781419277191,6,0,55,0,3,1,1,0,0,0,0,0,0,0,0,0,1,0,0,0,1,12.0936555862,8,12.2060728073,0,3.10068154335,2.90144395828,12.4427242279,4
1489,1,136,12,1,2.875,1,0,1,0,0,0,0,8,1588220.625,14.9712724686,26000,330750,14.7432947159,12.9945297241,13.5410737991,0.826838314533,2.90144395828,7,0,34,0,3,1,1,1,1,0,0,0,0,0,1,0,1,0,1,1,1,14.9712724686,8,13.5410737991,12.9945297241,0.826838314533,2.90144395828,14.7432947159,8
1489,2,136,12,1,2.875,1,,1,0,0,0,0,8,137943.421875,12.5277462006,7600,6000,13.6163272858,13.0731735229,12.4292163849,7.30456209183,0.0796284079552,7,0,34,0,3,1,1,0,0,1,0,1,0,0,0,0,1,0,1,1,1,14.9712724686,8,13.5410737991,12.9945297241,0.826838314533,2.90144395828,14.7432947159,8
1490,1,136,12,0,29.2499980927,1,0,1,0,0,0,0,7,82515.921875,12.0138940811,15000,3000,10.9750709534,10.3481731415,0,0.416364848614,-1.26573896408,5,0,32,0,3,1,1,0,1,0,0,0,0,0,0,0,1,0,1,1,1,12.0138940811,7,0,10.3481731415,0.416364848614,-1.26573896408,10.9750709534,7
1490,2,136,12,0,29.2499980927,1,,1,0,0,0,0,5,16841.8652344,10.4247703552,3000,0,9.55393028259,7.60090255737,11.0666379929,1.43271231651,0.781419277191,5,0,32,0,3,1,1,0,1,0,0,0,0,0,0,0,1,0,0,0,1,12.0138940811,7,0,10.3481731415,0.416364848614,-1.26573896408,10.9750709534,5
1491,1,136,12,0,29.2499980927,1,0,1,0,0,0,0,7,236495.34375,13.0668306351,31700,12300,14.2777338028,0,0,2.00685572624,2.90144395828,6,0,61,0,3,1,0,0,0,1,0,1,0,0,0,0,1,1,0,1,1,13.0668306351,7,0,0,2.00685572624,2.90144395828,14.2777338028,7
1491,2,136,12,0,29.2499980927,1,,1,0,0,0,0,5,58402.8359375,11.6682672501,0,9000,13.9232883453,10.49127388,10.8197784424,2.97804951668,2.90144395828,6,0,61,0,3,1,1,0,1,0,0,0,0,0,0,0,1,0,0,0,1,13.0668306351,7,0,0,2.00685572624,2.90144395828,14.2777338028,5
1492,1,137,12,1,1,1,0,0,0,0,0,1,3,13716.9423828,10.2195339203,1050,1600,10.0345153809,8.00636768341,5.29834222794,3.19179749489,-3.37084650993,5,0,29,0,2,1,1,0,0,0,0,0,0,0,0,0,1,0,0,0,0,10.2195339203,3,5.29834222794,8.00636768341,3.19179749489,-3.37084650993,10.0345153809,3
1492,2,137,12,1,1,1,,0,0,0,0,1,7,42925.2109375,11.3603620529,5400,2000,12.3858909607,10.085808754,12.2690477371,11.1485910416,0.85428583622,5,0,29,0,2,1,1,0,1,1,0,0,0,0,0,1,1,0,0,1,1,10.2195339203,3,5.29834222794,8.00636768341,3.19179749489,-3.37084650993,10.0345153809,7
1493,1,137,12,0,29.5,1,0,0,0,0,0,1,3,471903.40625,13.7576770782,25100,81750,11.2463521957,11.0790605545,10.085808754,2.10918259621,-6.19266223907,4,0,28,0,3,1,1,0,0,0,0,0,0,0,0,0,1,0,0,0,0,13.7576770782,3,10.085808754,11.0790605545,2.10918259621,-6.19266223907,11.2463521957,3
1493,2,137,12,0,29.5,1,,0,0,0,0,1,6,14008.5869141,10.2405729294,400,2200,8.97461795807,6.68461322784,9.90348720551,3.78746032715,0.0796284079552,4,0,28,0,3,1,1,0,1,1,0,0,0,0,0,0,1,0,1,0,1,13.7576770782,3,10.085808754,11.0790605545,2.10918259621,-6.19266223907,11.2463521957,6
1494,1,137,12,0,29.5,1,0,0,0,0,0,1,2,10059.8076172,9.90945053101,1650,0,8.47637081146,0,7.60090255737,9.05559539795,-5.42022037506,4,0,33,0,2,1,0,0,1,0,0,0,0,0,0,0,0,0,0,0,0,9.90945053101,2,7.60090255737,0,9.05559539795,-5.42022037506,8.47637081146,2
1494,2,137,12,0,29.5,1,,0,0,0,0,1,4,20377.2988281,10.6153240204,4150,0,12.2737312317,0,8.69951438904,-2.9972243309,-2.02547931671,4,0,33,0,2,1,0,0,1,1,0,0,0,0,0,0,0,0,1,0,1,9.90945053101,2,7.60090255737,0,9.05559539795,-5.42022037506,8.47637081146,4
1495,1,137,12,0,29.5,1,0,0,0,0,0,1,3,7384.34619141,9.60026454926,900,0,12.8789148331,0,0,-1.32729959488,-10.3620605469,9,0,50,0,1,1,0,0,0,0,0,0,0,0,0,0,1,0,0,0,1,9.60026454926,3,0,0,-1.32729959488,-10.3620605469,12.8789148331,3
1495,2,137,12,0,29.5,1,,0,0,0,0,1,5,19843.3359375,10.5887708664,2400,0,13.512512207,0,8.294049263,-0.250108748674,0.79633641243,9,0,50,0,1,1,1,0,0,0,0,0,0,0,0,0,1,1,0,0,1,9.60026454926,3,0,0,-1.32729959488,-10.3620605469,12.8789148331,5
1496,1,137,12,1,1,1,0,0,0,0,0,1,7,68202.359375,11.823381424,13050,1300,10.7276630402,0,9.45720005035,-1.28683543205,-7.54024505615,3,0,24,0,2,1,1,0,0,1,0,0,0,0,0,0,1,0,1,1,1,11.823381424,7,9.45720005035,0,-1.28683543205,-7.54024505615,10.7276630402,7
1496,2,137,12,1,1,1,,0,0,0,0,1,4,97022.6171875,12.1758470535,1550,20000,12.4498023987,5.99147081375,9.79812717438,2.21511769295,0.79633641243,3,0,24,0,2,1,1,0,0,0,0,0,0,0,0,0,1,0,0,0,1,11.823381424,7,9.45720005035,0,-1.28683543205,-7.54024505615,10.7276630402,4
1497,1,137,12,1,1,1,0,0,0,0,0,1,6,16140.6728516,10.3822450638,2000,0,11.178850174,0,10.6689558029,-1.37948179245,2.90144395828,4,0,24,0,2,0,1,1,1,0,0,0,0,1,0,1,1,0,1,0,0,10.3822450638,6,10.6689558029,0,-1.37948179245,2.90144395828,11.178850174,6
1497,2,137,12,1,1,1,,0,0,0,0,1,6,70218.1171875,11.8525085449,15000,0,14.9819993973,11.2897815704,5.29834222794,11.5482978821,2.90144395828,4,0,24,0,2,1,1,0,1,1,0,0,0,0,0,0,1,0,1,0,1,10.3822450638,6,10.6689558029,0,-1.37948179245,2.90144395828,11.178850174,6
1498,1,137,12,1,1,1,0,0,0,0,0,1,4,5387.99023438,9.28507518768,950,0,9.52515125275,7.60090255737,0,5.75046491623,2.90144395828,6,0,29,0,2,1,0,0,1,0,0,0,0,0,0,0,1,0,0,0,1,9.28507518768,4,0,7.60090255737,5.75046491623,2.90144395828,9.52515125275,4
1498,2,137,12,1,1,1,,0,0,0,0,1,5,8578.41308594,9.75015163422,1250,0,11.2118206024,0,7.60090255737,3.86487650871,0.85428583622,6,0,29,0,2,1,1,0,1,0,0,0,0,0,0,0,1,0,0,0,1,9.28507518768,4,0,7.60090255737,5.75046491623,2.90144395828,9.52515125275,5
1499,1,137,12,0,29.5,1,0,0,0,0,0,1,4,63258.8476562,11.7481374741,13500,0,11.2384881973,0,9.21034049988,5.75046491623,2.90144395828,7,0,42,0,1,0,1,0,1,0,0,0,0,0,0,0,1,0,0,0,1,11.7481374741,4,9.21034049988,0,5.75046491623,2.90144395828,11.2384881973,4
1499,2,137,12,0,29.5,1,,0,0,0,0,1,5,42214.0273438,11.3436546326,8800,0,11.6851968765,8.9871969223,8.9871969223,-0.93688762188,2.90144395828,7,0,42,0,1,1,0,0,1,1,0,0,0,0,0,0,1,0,1,0,1,11.7481374741,4,9.21034049988,0,5.75046491623,2.90144395828,11.2384881973,5
1500,1,137,12,1,1,1,0,0,0,0,0,1,4,7941.32324219,9.67298221588,1100,520,9.77565383911,0,0,11.2142467499,2.90144395828,3,0,23,0,1,1,0,0,0,0,0,0,0,0,0,0,1,0,1,0,1,9.67298221588,4,0,0,11.2142467499,2.90144395828,9.77565383911,4
1500,2,137,12,1,1,1,,0,0,0,0,1,6,21951.5253906,10.6897392273,1700,2520,11.228969574,7.60090255737,7.2442278862,3.10099339485,0.0796284079552,3,0,23,0,1,1,1,0,0,1,0,0,0,0,0,0,1,0,1,0,1,9.67298221588,4,0,0,11.2142467499,2.90144395828,9.77565383911,6
1501,1,137,12,1,1,0,1,0,0,0,0,1,4,3704.94799805,8.910572052,820,0,7.78322410583,0,0,9.84068870544,-6.19266223907,4,1,36,0,1,1,0,0,1,1,0,0,0,0,0,0,0,0,1,0,1,8.910572052,4,0,0,9.84068870544,-6.19266223907,7.78322410583,4
1502,1,137,12,1,1,1,0,0,0,0,0,1,5,42349.203125,11.3468523026,9100,0,10.5453414917,6.39693260193,9.21034049988,0.745933353901,0.79633641243,4,0,38,0,1,1,1,0,0,0,0,0,0,0,1,0,1,0,1,0,0,11.3468523026,5,9.21034049988,6.39693260193,0.745933353901,0.79633641243,10.5453414917,5
1502,2,137,12,1,1,1,,0,0,0,0,1,5,35086.5234375,11.1587200165,4970,2400,13.2103738785,7.60090255737,11.6750440598,9.12449359894,0.85428583622,4,0,38,0,1,1,1,0,1,0,0,0,0,0,0,0,1,0,0,0,1,11.3468523026,5,9.21034049988,6.39693260193,0.745933353901,0.79633641243,10.5453414917,5
1503,1,137,12,1,1,1,0,0,0,0,0,1,3,4361.03857422,9.07361316681,850,0,10.364071846,0,8.294049263,5.27365350723,2.90144395828,4,0,25,0,1,1,0,0,0,0,0,0,0,0,0,0,1,0,0,0,1,9.07361316681,3,8.294049263,0,5.27365350723,2.90144395828,10.364071846,3
1503,2,137,12,1,1,1,,0,0,0,0,1,6,11528.8076172,10.0457515717,1950,0,9.15904712677,0,6.39693260193,3.78746032715,0.0796284079552,4,0,25,0,1,1,1,0,0,0,0,0,0,0,0,0,1,0,1,1,1,9.07361316681,3,8.294049263,0,5.27365350723,2.90144395828,10.364071846,6
1504,1,138,11,1,1.5,1,0,0,1,0,0,0,7,30353.7480469,11.0138225555,3350,852,11.0603685379,0,0,1.60403382778,2.90144395828,7,1,40,0,3,1,1,0,1,1,1,0,0,0,0,1,0,1,0,0,1,11.0138225555,7,0,0,1.60403382778,2.90144395828,11.0603685379,7
1504,2,138,11,1,1.5,1,,0,1,0,0,0,5,8390.57617188,9.72801208496,1620,0,13.1563777924,9.03598690033,0,7.98467111588,2.90144395828,7,1,40,0,3,1,0,0,1,0,0,0,0,0,0,0,1,0,1,0,1,11.0138225555,7,0,0,1.60403382778,2.90144395828,11.0603685379,5
1505,1,138,11,0,43.75,1,0,0,1,0,0,0,3,15207.5,10.3226909637,3500,0,9.51782512665,0,11.0020999908,1.81285333633,-3.37084650993,8,0,52,0,3,1,1,0,1,0,0,0,0,0,0,0,0,0,0,0,0,10.3226909637,3,11.0020999908,0,1.81285333633,-3.37084650993,9.51782512665,3
1505,2,138,11,0,43.75,1,,0,1,0,0,0,4,13460.3369141,10.2006502151,3000,0,9.34136867523,5.99147081375,11.2897815704,3.99840974808,2.90144395828,8,0,52,0,3,0,1,0,1,1,0,0,0,0,0,0,0,0,1,0,1,10.3226909637,3,11.0020999908,0,1.81285333633,-3.37084650993,9.51782512665,4
1506,1,138,11,1,1.5,1,0,0,1,0,0,0,4,9325.93945312,9.8337020874,1820,0,10.8454456329,0,0,2.39625430107,0.0796284079552,3,1,58,0,3,1,1,0,0,0,0,0,0,0,0,0,1,0,0,0,1,9.8337020874,4,0,0,2.39625430107,0.0796284079552,10.8454456329,4
1506,2,138,11,1,1.5,1,,0,1,0,0,0,4,18714.2304688,10.5301866531,3500,0,10.6016225815,0,0,11.3145637512,-1.32368826866,3,1,58,0,3,1,1,1,0,1,0,0,0,0,0,0,1,0,0,0,0,9.8337020874,4,0,0,2.39625430107,0.0796284079552,10.8454456329,4
1507,1,138,11,1,1.5,1,0,0,1,0,0,0,7,64671.5,11.7702226639,14700,0,14.5560178757,0,13.1102905273,-8.48212146759,-6.19266223907,6,0,35,0,2,1,1,1,0,0,0,0,0,0,0,0,1,0,1,1,1,11.7702226639,7,13.1102905273,0,-8.48212146759,-6.19266223907,14.5560178757,7
1507,2,138,11,1,1.5,1,,0,1,0,0,0,7,163655.484375,12.6986656189,23000,0,13.5144052505,0,12.8739023209,3.78746032715,0.85428583622,6,0,35,0,2,1,1,0,1,1,0,0,0,0,0,0,1,0,1,1,1,11.7702226639,7,13.1102905273,0,-8.48212146759,-6.19266223907,14.5560178757,7
1508,1,138,11,1,1.5,1,0,0,1,0,0,0,8,28078.5683594,10.9359092712,5050,690,9.77565383911,9.28730106354,10.8589992523,2.03418469429,0.79633641243,4,0,35,0,2,1,1,0,1,0,0,1,0,0,0,0,1,0,1,1,1,10.9359092712,8,10.8589992523,9.28730106354,2.03418469429,0.79633641243,9.77565383911,8
1508,2,138,11,1,1.5,1,,0,1,0,0,0,7,59676.9023438,11.6898479462,6150,7200,10.9004364014,9.95227813721,0,0.687637209892,2.90144395828,4,0,35,0,2,1,1,0,1,1,0,0,0,0,0,0,1,0,1,1,1,10.9359092712,8,10.8589992523,9.28730106354,2.03418469429,0.79633641243,9.77565383911,7
1509,1,138,11,0,43.75,1,0,0,1,0,0,0,8,6667.63476562,9.49816799164,800,0,14.3040904999,0,0,-0.657405793667,0.79633641243,4,0,30,0,3,1,1,0,0,1,0,0,0,0,1,0,1,0,1,1,1,9.49816799164,8,0,0,-0.657405793667,0.79633641243,14.3040904999,8
1509,2,138,11,0,43.75,1,,0,1,0,0,0,6,39438.421875,11.2756433487,4200,4000,11.4316940308,8.85366535187,13.8155107498,0.700263738632,2.90144395828,4,0,30,0,3,1,1,0,0,0,0,0,0,0,0,0,1,0,1,1,1,9.49816799164,8,0,0,-0.657405793667,0.79633641243,14.3040904999,6
1510,1,138,11,1,1.5,1,0,0,1,0,0,0,4,91880.0390625,12.121386528,11800,8750,11.0540599823,0,11.0020999908,1.11747157574,2.90144395828,5,0,32,0,3,1,1,0,1,1,0,0,0,0,0,0,1,0,0,0,0,12.121386528,4,11.0020999908,0,1.11747157574,2.90144395828,11.0540599823,4
1510,2,138,11,1,1.5,1,,0,1,0,0,0,5,21356.6503906,10.6622657776,4570,0,9.30565071106,0,11.8493976593,4.58687496185,0.781419277191,5,0,32,0,3,1,1,0,1,0,0,0,0,0,0,0,1,0,0,0,1,12.121386528,4,11.0020999908,0,1.11747157574,2.90144395828,11.0540599823,5
1511,1,138,11,1,1.5,1,0,0,1,0,0,0,6,16470.1601562,10.4024524689,1570,0,15.4896869659,0,9.21034049988,-3.03768849373,0.0796284079552,3,0,30,0,2,1,1,1,0,0,0,0,0,0,0,0,1,0,0,1,1,10.4024524689,6,9.21034049988,0,-3.03768849373,0.0796284079552,15.4896869659,6
1511,2,138,11,1,1.5,1,,0,1,0,0,0,8,39892.8828125,11.2871007919,7500,0,10.2506170273,0,12.6115379333,0.948700785637,-1.32368826866,3,0,30,0,2,1,1,0,0,1,0,1,0,0,1,0,1,0,1,0,1,10.4024524689,6,9.21034049988,0,-3.03768849373,0.0796284079552,15.4896869659,8
1512,1,138,11,1,1.5,1,0,0,1,0,0,0,6,11530.4326172,10.0458927155,1500,0,9.91343784332,8.69951438904,8.69951438904,-3.37972760201,-4.1455039978,3,0,35,0,2,1,0,0,1,0,0,0,0,0,0,0,1,0,1,1,1,10.0458927155,6,8.69951438904,8.69951438904,-3.37972760201,-4.1455039978,9.91343784332,6
1512,2,138,11,1,1.5,1,,0,1,0,0,0,7,14201.8457031,10.2542743683,2400,0,10.9681978226,10.085808754,9.99879741669,4.25026226044,0.0796284079552,3,0,35,0,2,1,1,1,1,0,0,0,0,0,0,0,1,0,1,1,1,10.0458927155,6,8.69951438904,8.69951438904,-3.37972760201,-4.1455039978,9.91343784332,7
1513,1,138,11,1,1.5,1,0,0,1,0,0,0,5,5537.99023438,9.31253433228,1050,0,9.98966503143,0,0,-2.10047769547,2.90144395828,3,0,24,0,2,1,1,0,1,0,0,0,0,0,0,0,1,0,0,0,1,9.31253433228,5,0,0,-2.10047769547,2.90144395828,9.98966503143,5
1513,2,138,11,1,1.5,1,,0,1,0,0,0,6,4302.68261719,9.06014156342,800,0,10.9886770248,0,10.6454248428,0.525918662548,2.90144395828,3,0,24,0,2,1,1,0,1,1,0,0,0,0,0,0,1,0,1,1,0,9.31253433228,5,0,0,-2.10047769547,2.90144395828,9.98966503143,6
1514,1,138,11,0,43.75,1,0,0,1,0,0,0,6,9304.42285156,9.83139228821,1450,0,12.6420669556,11.1844215393,11.097410202,6.30780029297,-2.02547931671,5,0,34,0,3,1,1,0,1,1,0,0,0,0,0,1,1,0,0,0,1,9.83139228821,6,11.097410202,11.1844215393,6.30780029297,-2.02547931671,12.6420669556,6
1514,2,138,11,0,43.75,1,,0,1,0,0,0,4,7327.74023438,9.5925693512,350,1000,12.3617935181,0,9.39266204834,7.85591983795,0.781419277191,5,0,34,0,3,1,0,0,1,0,0,0,0,0,0,1,0,0,0,0,1,9.83139228821,6,11.097410202,11.1844215393,6.30780029297,-2.02547931671,12.6420669556,4
1515,1,138,11,0,43.75,1,0,0,1,0,0,0,4,27880.6445312,10.9288349152,5900,0,13.3613805771,9.90348720551,0,-2.42067408562,-1.26573896408,4,1,63,0,3,1,1,0,0,1,0,0,0,0,0,0,1,0,0,0,0,10.9288349152,4,0,9.90348720551,-2.42067408562,-1.26573896408,13.3613805771,4
1515,2,138,11,0,43.75,1,,0,1,0,0,0,4,13803.4619141,10.2258214951,1000,2000,11.2239093781,10.165851593,0,7.98467111588,0.79633641243,4,1,63,0,3,1,1,0,0,0,0,0,0,0,0,1,0,0,0,0,1,10.9288349152,4,0,9.90348720551,-2.42067408562,-1.26573896408,13.3613805771,4
1516,1,139,12,1,2.625,1,0,0,0,0,0,0,6,43758.8945312,11.3795976639,1900,7500,12.9350690842,9.69276618958,0,-3.71929979324,2.90144395828,4,0,40,0,3,1,1,0,1,1,0,0,0,0,0,0,1,0,0,1,1,11.3795976639,6,0,9.69276618958,-3.71929979324,2.90144395828,12.9350690842,6
1516,2,139,12,1,2.625,1,,0,0,0,0,0,4,54536.625,11.5997753143,12050,0,7.60090255737,0,0,1.82211077213,-1.96752977371,4,0,40,0,3,1,0,0,1,1,0,0,0,0,0,0,0,0,1,0,1,11.3795976639,6,0,9.69276618958,-3.71929979324,2.90144395828,12.9350690842,4
