hhid,round,vid,block,eligible,samp_wgt,sample_panel,attrites,treat_GK,treat_GD_lower,treat_GD_mid,treat_GD_upper,treat_GD_huge,dietarydiversity,consumption,consumption_asinh,foodexpenditure,foodownconsumption,productiveassets_asinh,savingsstock_asinh,borrowingstock_asinh,health_knowledge,sanitation_practices,hhmember,hhfemale,hhage,hh_head_schooling,ubudehe,m9_cereals,m9_tubers,m9_vitaveg,m9_leafyveg,m9_otherveg,m9_vitaafruits,m9_otherfruits,m9_organmeat,m9_fleshmeat,m9_eggs,m9_fish,m9_legumes,m9_milk,m9_oils,m9_sweets,m9_spices,consumption_asinh_R1,dietarydiversity_R1,borrowingstock_asinh_R1,savingsstock_asinh_R1,health_knowledge_R1,sanitation_practices_R1,productiveassets_asinh_R1,diet_source
507,2,44,6,0,38,1,,0,0,1,0,0,5,58423.5390625,11.6686210632,1100,12000,13.8699989319,8.8818359375,8.00636768341,1.89907360077,0.781419277191,6,0,60,0,3,1,0,0,1,1,0,0,0,0,0,0,1,0,1,0,1,13.3405542374,5,0,0,0.244273558259,2.90144395828,11.2772035599,5
508,1,44,6,0,38,1,0,0,0,1,0,0,3,18622.3164062,10.5252628326,650,2800,14.8223800659,0,9.54681301117,-1.64959061146,0.85428583622,6,1,85,0,3,1,0,0,1,0,0,0,0,0,0,0,1,0,0,0,0,10.5252628326,3,9.54681301117,0,-1.64959061146,0.85428583622,14.8223800659,3
508,2,44,6,0,38,1,,0,0,1,0,0,5,56365.328125,11.6327562332,3300,8500,15.4660139084,7.60090255737,8.69951438904,4.20373630524,2.90144395828,6,1,85,0,3,1,1,0,0,0,0,0,0,0,0,0,1,0,0,1,1,10.5252628326,3,9.54681301117,0,-1.64959061146,0.85428583622,14.8223800659,5
509,1,44,6,1,1,1,0,0,0,1,0,0,6,80080.078125,11.9839296341,14350,1500,10.5050678253,0,0,-7.17940807343,0.781419277191,4,0,22,0,2,1,0,0,0,1,0,0,0,0,0,0,1,0,1,1,1,11.9839296341,6,0,0,-7.17940807343,0.781419277191,10.5050678253,6
509,2,44,6,1,1,1,,0,0,1,0,0,5,20587.8085938,10.6256017685,4150,0,12.6398010254,7.78322410583,10.085808754,3.1780974865,-3.37084650993,4,0,22,0,2,1,0,0,0,1,0,0,0,0,0,0,1,0,1,0,1,11.9839296341,6,0,0,-7.17940807343,0.781419277191,10.5050678253,5
510,1,45,7,1,1.74999988079,1,0,0,0,0,0,1,6,14070.5771484,10.2449884415,1200,1550,10.8117456436,8.294049263,11.512925148,-0.36508923769,0.85428583622,4,0,43,0,2,1,1,0,0,1,0,0,0,0,0,0,1,0,1,0,1,10.2449884415,6,11.512925148,8.294049263,-0.36508923769,0.85428583622,10.8117456436,6
510,2,45,7,1,1.74999988079,1,,0,0,0,0,1,5,44360.2421875,11.393245697,7600,1800,11.4637355804,0,9.39266204834,-6.05726909637,0.85428583622,4,0,43,0,2,0,1,0,0,1,0,0,0,0,0,0,1,0,0,1,1,10.2449884415,6,11.512925148,8.294049263,-0.36508923769,0.85428583622,10.8117456436,5
511,1,45,7,1,1.74999988079,1,0,0,0,0,0,1,2,26036.5761719,10.8604049683,5800,0,11.0493011475,0,0,6.28172159195,-1.96752977371,5,1,34,0,2,0,0,0,1,1,0,0,0,0,0,0,1,0,0,0,0,10.8604049683,2,0,0,6.28172159195,-1.96752977371,11.0493011475,2
511,2,45,7,1,1.74999988079,1,,0,0,0,0,1,6,43198.3828125,11.3667058945,5400,1000,11.3873624802,8.18868923187,9.21034049988,4.0495262146,2.90144395828,5,1,34,0,2,1,0,0,1,1,0,1,0,0,0,0,1,0,1,0,1,10.8604049683,2,0,0,6.28172159195,-1.96752977371,11.0493011475,6
512,1,45,7,0,48.25,1,0,0,0,0,0,1,5,54855.9023438,11.6056118011,6800,4400,14.4452915192,0,0,3.79836177826,0.781419277191,3,0,35,0,3,1,0,1,0,1,0,0,0,0,0,0,1,0,0,1,1,11.6056118011,5,0,0,3.79836177826,0.781419277191,14.4452915192,5
512,2,45,7,0,48.25,1,,0,0,0,0,1,10,37949.7578125,11.237165451,2900,3800,14.5504236221,9.68034362793,7.37775945663,-2.50440168381,2.90144395828,3,0,35,0,3,1,1,1,1,1,1,0,0,1,0,0,1,1,1,1,1,11.6056118011,5,0,0,3.79836177826,0.781419277191,14.4452915192,10
513,1,45,7,1,1.74999988079,1,0,0,0,0,0,1,7,15623.7285156,10.3496932983,1350,1460,12.0962581635,0,0,-2.07076692581,0.85428583622,5,0,32,0,3,1,0,0,1,0,0,0,0,0,0,1,1,0,1,1,1,10.3496932983,7,0,0,-2.07076692581,0.85428583622,12.0962581635,7
513,2,45,7,1,1.74999988079,1,,0,0,0,0,1,8,44264.828125,11.3910932541,3400,5500,12.0340976715,0,0,1.93709146976,-1.32368826866,5,0,32,0,3,1,0,0,1,1,1,0,0,0,0,0,1,1,1,1,1,10.3496932983,7,0,0,-2.07076692581,0.85428583622,12.0962581635,8
514,1,45,7,0,48.25,1,0,0,0,0,0,1,2,4758.61523438,9.16085910797,200,0,14.2299356461,8.69951438904,7.60090255737,7.01903867722,-1.96752977371,3,0,26,0,3,0,1,0,0,0,0,0,0,0,0,0,1,0,0,0,0,9.16085910797,2,7.60090255737,8.69951438904,7.01903867722,-1.96752977371,14.2299356461,2
514,2,45,7,0,48.25,1,,0,0,0,0,1,8,64999.9414062,11.7752885818,1950,11850,13.1577301025,11.4721031189,8.9871969223,5.84877872467,2.90144395828,3,0,26,0,3,1,1,0,1,1,0,0,0,0,0,1,1,0,1,1,1,9.16085910797,2,7.60090255737,8.69951438904,7.01903867722,-1.96752977371,14.2299356461,8
515,1,45,7,0,48.25,1,0,0,0,0,0,1,5,28803.3085938,10.9613924026,300,3500,13.1299343109,8.51719284058,12.1007118225,4.5863237381,2.90144395828,6,0,47,0,3,1,1,0,0,0,0,0,0,0,0,0,1,0,1,0,1,10.9613924026,5,12.1007118225,8.51719284058,4.5863237381,2.90144395828,13.1299343109,5
515,2,45,7,0,48.25,1,,0,0,0,0,1,7,153679.859375,12.6357736588,11700,19000,16.2112407684,10.6828126907,12.2060728073,0.978270590305,2.90144395828,6,0,47,0,3,1,1,1,1,1,1,1,0,0,0,0,1,0,1,0,1,10.9613924026,5,12.1007118225,8.51719284058,4.5863237381,2.90144395828,13.1299343109,7
516,1,45,7,1,1.74999988079,1,0,0,0,0,0,1,7,22499.6640625,10.7144031525,2900,1550,12.0088405609,5.99147081375,0,1.78475511074,2.90144395828,7,0,46,0,2,1,0,0,0,1,0,0,1,0,0,0,1,0,1,1,1,10.7144031525,7,0,5.99147081375,1.78475511074,2.90144395828,12.0088405609,7
516,2,45,7,1,1.74999988079,1,,0,0,0,0,1,5,30805.8359375,11.0286064148,500,5250,12.7149963379,0,7.93737459183,-3.66799163818,2.90144395828,7,0,46,0,2,0,1,0,1,1,0,0,0,0,0,0,1,0,1,0,1,10.7144031525,7,0,5.99147081375,1.78475511074,2.90144395828,12.0088405609,5
517,1,45,7,1,1.74999988079,1,0,0,0,0,0,1,5,26939,10.8944778442,0,6200,13.2983312607,0,7.60090255737,-3.84331941605,0.85428583622,7,0,80,0,2,1,1,0,0,0,1,0,0,0,0,0,1,0,0,0,1,10.8944778442,5,7.60090255737,0,-3.84331941605,0.85428583622,13.2983312607,5
517,2,45,7,1,1.74999988079,1,,0,0,0,0,1,3,5297.55761719,9.26814842224,700,0,10.9472913742,0,8.51719284058,3.60537266731,-3.31511259079,7,0,80,0,2,1,0,0,0,0,0,0,0,0,0,0,1,0,0,0,1,10.8944778442,5,7.60090255737,0,-3.84331941605,0.85428583622,13.2983312607,3
518,1,45,7,1,1.74999988079,1,0,0,0,0,0,1,5,16809.125,10.4228239059,2200,200,12.9458646774,11.7117767334,11.2897815704,4.48182010651,0.781419277191,6,0,39,0,3,1,1,0,0,0,0,0,0,0,0,0,1,0,0,1,1,10.4228239059,5,11.2897815704,11.7117767334,4.48182010651,0.781419277191,12.9458646774,5
518,2,45,7,1,1.74999988079,1,,0,0,0,0,1,8,53243.5195312,11.5757789612,1900,8300,13.4950294495,11.4721031189,0,4.39046525955,2.90144395828,6,0,39,0,3,1,1,1,0,1,1,0,0,0,0,0,1,1,1,0,1,10.4228239059,5,11.2897815704,11.7117767334,4.48182010651,0.781419277191,12.9458646774,8
519,1,45,7,1,1.74999988079,1,0,0,0,0,0,1,8,601429.9375,14.0002126694,1850,136250,11.8429479599,0,0,4.68155002594,2.90144395828,3,0,26,0,3,1,1,0,0,1,0,0,0,0,0,0,1,1,1,1,1,14.0002126694,8,0,0,4.68155002594,2.90144395828,11.8429479599,8
519,2,45,7,1,1.74999988079,1,,0,0,0,0,1,8,81953.125,12.0070495605,1650,16100,16.1113128662,10.6164369583,0,8.15685939789,0.85428583622,3,0,26,0,3,1,1,0,0,1,0,1,0,0,0,0,1,0,1,1,1,14.0002126694,8,0,0,4.68155002594,2.90144395828,11.8429479599,8
520,1,45,7,1,1.74999988079,1,0,0,0,0,0,1,3,218937.0625,12.9896869659,1200,49000,13.6430597305,0,0,-5.271443367,0.781419277191,6,0,58,0,3,0,1,0,0,1,0,0,0,0,0,0,1,0,0,0,0,12.9896869659,3,0,0,-5.271443367,0.781419277191,13.6430597305,3
520,2,45,7,1,1.74999988079,1,,0,0,0,0,1,8,70751.546875,11.8600769043,1850,7200,13.7559728622,11.7905569077,0,7.01229190826,2.90144395828,6,0,58,0,3,1,1,0,1,1,0,1,0,0,0,0,1,0,1,1,1,12.9896869659,3,0,0,-5.271443367,0.781419277191,13.6430597305,8
521,1,45,7,0,48.25,1,0,0,0,0,0,1,3,10653.0673828,9.96675014496,1800,0,11.6902341843,0,0,3.64201235771,-4.07263755798,3,1,55,0,1,1,1,0,0,0,0,0,0,0,0,0,1,0,0,0,0,9.96675014496,3,0,0,3.64201235771,-4.07263755798,11.6902341843,3
521,2,45,7,0,48.25,1,,0,0,0,0,1,3,162503,12.6915988922,400,37000,14.0972251892,0,9.61580562592,5.35455846786,0.0796284079552,3,1,55,0,1,0,1,0,1,1,0,0,0,0,0,0,0,0,0,0,1,9.96675014496,3,0,0,3.64201235771,-4.07263755798,11.6902341843,3
522,1,46,7,0,27.9999980927,1,0,0,0,0,0,0,8,18682.6914062,10.5284996033,100,4100,12.8150224686,11.3385725021,0,-0.529918074608,0.79633641243,3,1,52,0,3,1,1,0,0,0,1,0,0,0,1,1,1,0,1,0,1,10.5284996033,8,0,11.3385725021,-0.529918074608,0.79633641243,12.8150224686,8
522,2,46,7,0,27.9999980927,1,,0,0,0,0,0,4,42412.3242188,11.3483409882,1000,8360,12.8846139908,9.51782512665,9.68034362793,-1.76911449432,2.90144395828,3,1,52,0,3,0,1,1,1,1,0,0,0,0,0,0,1,0,0,0,1,10.5284996033,8,0,11.3385725021,-0.529918074608,0.79633641243,12.8150224686,4
523,1,46,7,0,27.9999980927,1,0,0,0,0,0,0,6,23104.2597656,10.7409191132,3100,0,11.7183122635,11.0445203781,11.0020999908,6.44887781143,2.90144395828,7,0,63,0,3,1,1,0,0,1,0,0,0,0,0,0,1,0,1,0,1,10.7409191132,6,11.0020999908,11.0445203781,6.44887781143,2.90144395828,11.7183122635,6
523,2,46,7,0,27.9999980927,1,,0,0,0,0,0,7,49346.9257812,11.4997777939,1400,8180,11.0219020844,8.9871969223,10.0432491302,-1.56731915474,-3.37084650993,7,0,63,0,3,1,1,0,0,1,1,1,0,0,0,0,1,0,1,0,1,10.7409191132,6,11.0020999908,11.0445203781,6.44887781143,2.90144395828,11.7183122635,7
524,1,46,7,1,1,1,0,0,0,0,0,0,3,11310.3457031,10.0266199112,2200,0,11.2489595413,10.2955293655,11.512925148,-1.62125980854,-2.04039621353,6,0,30,0,2,0,0,0,0,0,0,0,0,0,0,0,1,0,1,0,1,10.0266199112,3,11.512925148,10.2955293655,-1.62125980854,-2.04039621353,11.2489595413,3
524,2,46,7,1,1,1,,0,0,0,0,0,4,44844.3359375,11.4040994644,4600,5500,10.4798202515,0,11.8635826111,-3.50933241844,-1.32368826866,6,0,30,0,2,1,0,0,1,1,0,0,0,0,0,0,1,0,0,0,1,10.0266199112,3,11.512925148,10.2955293655,-1.62125980854,-2.04039621353,11.2489595413,4
525,1,46,7,0,27.9999980927,1,0,0,0,0,0,0,5,200,5.99147081375,0,0,11.4317150116,6.39693260193,8.69951438904,-4.88805770874,-3.37084650993,8,0,48,0,2,0,1,0,0,0,0,0,0,0,1,1,1,0,0,0,1,5.99147081375,5,8.69951438904,6.39693260193,-4.88805770874,-3.37084650993,11.4317150116,5
525,2,46,7,0,27.9999980927,1,,0,0,0,0,0,4,4327.48095703,9.06588840485,900,0,10.2182979584,9.91343784332,7.60090255737,-4.88805770874,2.90144395828,8,0,48,0,2,0,1,0,1,0,1,0,0,0,0,0,0,0,0,0,1,5.99147081375,5,8.69951438904,6.39693260193,-4.88805770874,-3.37084650993,11.4317150116,4
526,1,46,7,0,27.9999980927,1,0,0,0,0,0,0,7,70800.6328125,11.8607702255,12200,0,12.2940835953,11.2118206024,13.304684639,5.84877872467,2.90144395828,7,0,40,0,3,1,1,0,0,1,0,1,0,0,0,0,1,0,0,1,1,11.8607702255,7,13.304684639,11.2118206024,5.84877872467,2.90144395828,12.2940835953,7
526,2,46,7,0,27.9999980927,1,,0,0,0,0,0,6,101254.765625,12.218542099,9000,5200,12.55037117,10.8589992523,0,-2.35090947151,-1.25082182884,7,0,40,0,3,1,0,0,0,1,0,0,0,0,0,0,1,1,0,1,1,11.8607702255,7,13.304684639,11.2118206024,5.84877872467,2.90144395828,12.2940835953,6
527,1,46,7,1,1,1,0,0,0,0,0,0,5,11422.8847656,10.0365209579,1500,0,12.0257492065,0,0,3.97195529938,2.90144395828,8,0,41,0,2,1,1,0,0,1,0,0,0,0,0,0,1,0,0,0,1,10.0365209579,5,0,0,3.97195529938,2.90144395828,12.0257492065,5
527,2,46,7,1,1,1,,0,0,0,0,0,4,19499.1347656,10.57127285,200,3800,11.9841785431,7.86326694489,6.68461322784,3.25900244713,2.90144395828,8,0,41,0,2,1,1,0,0,0,0,0,0,0,0,0,1,0,0,0,1,10.0365209579,5,0,0,3.97195529938,2.90144395828,12.0257492065,4
528,1,47,7,0,53,1,0,1,0,0,0,0,3,2436365.75,15.180106163,3000,556000,12.487862587,0,0,3.85296177864,0.79633641243,4,0,46,0,3,0,1,1,1,0,0,0,0,0,0,0,0,0,1,0,0,15.180106163,3,0,0,3.85296177864,0.79633641243,12.487862587,3
528,2,47,7,0,53,1,,1,0,0,0,0,8,61973.7109375,11.7276124954,6200,3500,12.9165687561,11.2118206024,0,-1.36457884312,-3.31511259079,4,0,46,0,3,1,1,0,0,1,1,1,0,0,0,0,1,0,1,1,1,15.180106163,3,0,0,3.85296177864,0.79633641243,12.487862587,8
529,1,47,7,1,1,1,0,1,0,0,0,0,6,31817.1542969,11.0609083176,1300,5500,12.4395627975,9.39266204834,0,5.3868432045,-1.32368826866,5,1,49,0,2,1,1,0,0,0,1,0,0,0,0,0,1,0,1,0,1,11.0609083176,6,0,9.39266204834,5.3868432045,-1.32368826866,12.4395627975,6
529,2,47,7,1,1,1,,1,0,0,0,0,5,5798.36523438,9.35847854614,0,1000,12.1345767975,0,0,-2.01403212547,-3.31511259079,5,1,49,0,2,1,1,0,0,1,0,0,0,0,0,0,1,0,0,0,1,11.0609083176,6,0,9.39266204834,5.3868432045,-1.32368826866,12.4395627975,5
530,1,47,7,1,1,1,0,1,0,0,0,0,3,6707.52880859,9.50413322449,1000,0,11.0374670029,8.294049263,8.82467746735,0.948700785637,-1.32368826866,9,0,46,0,2,0,1,0,0,0,0,0,0,0,0,0,1,0,0,0,1,9.50413322449,3,8.82467746735,8.294049263,0.948700785637,-1.32368826866,11.0374670029,3
530,2,47,7,1,1,1,,1,0,0,0,0,8,31421.7402344,11.0484027863,700,5000,12.3467035294,11.1562509537,8.294049263,-2.3994178772,-1.26795446873,9,0,46,0,2,1,1,0,1,1,1,0,0,0,0,1,1,0,1,0,1,9.50413322449,3,8.82467746735,8.294049263,0.948700785637,-1.32368826866,11.0374670029,8
531,1,47,7,1,1,1,0,1,0,0,0,0,,12213.1728516,10.1034173965,2500,0,9.92329025269,9.28730106354,7.37775945663,1.92184984684,2.90144395828,5,0,44,0,2,1,1,0,0,1,0,0,0,0,0,0,1,0,0,0,888,10.1034173965,4,7.37775945663,9.28730106354,1.92184984684,2.90144395828,9.92329025269,4
531,2,47,7,1,1,1,,1,0,0,0,0,7,9358.46191406,9.83718299866,1500,0,10.2819242477,0,11.1562509537,6.33226013184,-3.31511259079,5,0,44,0,2,1,1,0,1,1,0,0,0,0,1,0,1,0,1,0,1,10.1034173965,4,7.37775945663,9.28730106354,1.92184984684,2.90144395828,9.92329025269,7
532,1,47,7,0,53,1,0,1,0,0,0,0,5,38622.203125,11.2547302246,600,7740,17.4067611694,11.0348892212,0,2.99523997307,0.85428583622,2,0,47,0,3,1,0,0,0,1,0,0,0,0,0,0,1,0,1,0,1,11.2547302246,5,0,11.0348892212,2.99523997307,0.85428583622,17.4067611694,5
532,2,47,7,0,53,1,,1,0,0,0,0,4,11674.0957031,10.0582752228,1700,300,11.9316358566,10.6828126907,10.5453414917,1.64313113689,2.90144395828,2,0,47,0,3,0,1,1,1,1,0,0,0,0,0,0,1,0,1,0,0,11.2547302246,5,0,11.0348892212,2.99523997307,0.85428583622,17.4067611694,4
533,1,47,7,1,1,1,0,1,0,0,0,0,3,37826.5664062,11.2339143753,2300,6400,11.0316581726,0,0,0.998929619789,-1.96752977371,2,0,54,0,3,0,0,0,0,1,0,0,0,0,0,0,1,0,0,0,1,11.2339143753,3,0,0,0.998929619789,-1.96752977371,11.0316581726,3
533,2,47,7,1,1,1,,1,0,0,0,0,2,24805.8554688,10.8119821548,1800,3600,11.0477104187,0,0,-7.84381103516,0.85428583622,2,0,54,0,3,0,0,0,1,1,0,0,0,0,0,0,1,0,0,0,0,11.2339143753,3,0,0,0.998929619789,-1.96752977371,11.0316581726,2
534,1,47,7,1,1,1,0,1,0,0,0,0,6,22947.1054688,10.7340946198,4400,0,13.3594884872,9.39266204834,9.39266204834,-2.17984509468,0.79633641243,3,0,25,0,3,1,0,0,1,0,0,0,0,0,0,0,1,0,1,1,1,10.7340946198,6,9.39266204834,9.39266204834,-2.17984509468,0.79633641243,13.3594884872,6
534,2,47,7,1,1,1,,1,0,0,0,0,4,48301.5,11.4783649445,2200,6000,12.1899433136,10.8628377914,8.69951438904,-1.32729959488,2.90144395828,3,0,25,0,3,1,0,0,0,1,0,0,0,0,0,0,1,0,1,0,0,10.7340946198,6,9.39266204834,9.39266204834,-2.17984509468,0.79633641243,13.3594884872,4
535,1,47,7,0,53,1,0,1,0,0,0,0,4,6932.32714844,9.53709793091,900,0,12.037653923,11.1871957779,10.5966348648,0.0957945883274,2.90144395828,7,0,51,0,3,1,1,0,0,0,0,0,0,0,0,0,1,0,0,0,1,9.53709793091,4,10.5966348648,11.1871957779,0.0957945883274,2.90144395828,12.037653923,4
535,2,47,7,0,53,1,,1,0,0,0,0,6,144086.890625,12.5713186264,1000,31200,11.9916410446,8.9871969223,0,-4.23660421371,0.781419277191,7,0,51,0,3,1,1,0,1,0,0,0,0,0,0,0,1,0,1,0,1,9.53709793091,4,10.5966348648,11.1871957779,0.0957945883274,2.90144395828,12.037653923,6
536,1,47,7,1,1,1,0,1,0,0,0,0,5,3836.9230957,8.94557285309,0,0,13.371720314,0,0,-7.7036075592,-1.32368826866,4,1,64,0,2,1,0,0,0,1,0,0,0,0,1,0,1,0,0,0,1,8.94557285309,5,0,0,-7.7036075592,-1.32368826866,13.371720314,5
536,2,47,7,1,1,1,,1,0,0,0,0,7,51412.5078125,11.5407838821,1400,10300,12.9621944427,8.00636768341,0,2.96288514137,0.79633641243,4,1,64,0,2,1,1,1,1,1,0,1,0,0,0,0,1,0,1,0,1,8.94557285309,5,0,0,-7.7036075592,-1.32368826866,13.371720314,7
537,1,47,7,1,1,1,0,1,0,0,0,0,3,19752.5,10.5841827393,0,4500,9.84161186218,0,8.69951438904,3.86602020264,3.33941221237,4,0,26,0,2,1,1,0,0,0,0,0,0,0,0,0,0,0,0,0,1,10.5841827393,3,8.69951438904,0,3.86602020264,3.33941221237,9.84161186218,3
537,2,47,7,1,1,1,,1,0,0,0,0,1,52167.5,11.5553617477,2000,9500,9.54681301117,9.28730106354,5.99147081375,-10.5411291122,0.85428583622,4,0,26,0,2,0,1,0,0,0,0,0,0,0,0,0,0,0,0,0,0,10.5841827393,3,8.69951438904,0,3.86602020264,3.33941221237,9.84161186218,1
538,1,47,7,1,1,1,0,1,0,0,0,0,5,4915.89404297,9.19337654114,200,0,11.0666379929,8.3428401947,9.21034049988,2.88546919823,-1.96752977371,3,0,29,0,3,1,1,0,0,0,1,0,0,0,0,0,1,0,0,0,1,9.19337654114,5,9.21034049988,8.3428401947,2.88546919823,-1.96752977371,11.0666379929,5
538,2,47,7,1,1,1,,1,0,0,0,0,5,10535.2792969,9.95563220978,1900,0,11.1760530472,9.5749835968,9.54681301117,1.64313113689,-1.32368826866,3,0,29,0,3,1,1,1,0,0,0,1,0,0,0,0,1,0,0,0,0,9.19337654114,5,9.21034049988,8.3428401947,2.88546919823,-1.96752977371,11.0666379929,5
539,1,47,7,0,53,1,0,1,0,0,0,0,2,0,5.29834222794,0,0,10.524064064,0,0,3.00492691994,2.90144395828,3,1,54,0,1,0,0,0,0,0,0,0,0,0,0,0,1,0,0,0,1,5.29834222794,2,0,0,3.00492691994,2.90144395828,10.524064064,2
539,2,47,7,0,53,1,,1,0,0,0,0,2,26481.3261719,10.8773422241,200,5000,9.97114658356,7.60090255737,0,3.79511189461,0.79633641243,3,1,54,0,1,0,0,0,1,1,0,0,0,0,0,0,1,0,0,0,0,5.29834222794,2,0,0,3.00492691994,2.90144395828,10.524064064,2
540,1,48,5,0,44.75,1,0,1,0,0,0,0,2,200,5.99147081375,0,0,11.3205537796,0,0,1.60791182518,-1.32368826866,10,0,66,0,3,1,0,0,0,0,0,0,0,0,0,0,1,0,0,0,0,5.99147081375,2,0,0,1.60791182518,-1.32368826866,11.3205537796,2
540,2,48,5,0,44.75,1,,1,0,0,0,0,7,9650.38476562,9.86789989471,500,0,11.7312574387,8.69951438904,7.60090255737,2.91170525551,2.90144395828,10,0,66,0,3,1,1,0,0,1,0,0,0,0,0,0,1,0,1,1,1,5.99147081375,2,0,0,1.60791182518,-1.32368826866,11.3205537796,7
541,1,48,5,0,44.75,1,0,1,0,0,0,0,3,6479.5,9.46954536438,1100,0,10.5966348648,0,0,-3.10228562355,2.90144395828,6,0,46,0,3,1,0,0,0,0,0,0,0,0,0,0,1,0,0,0,1,9.46954536438,3,0,0,-3.10228562355,2.90144395828,10.5966348648,3
541,2,48,5,0,44.75,1,,1,0,0,0,0,1,56616.5390625,11.6372032166,12500,0,13.17760849,8.18868923187,0,8.00945854187,2.90144395828,6,0,46,0,3,0,1,0,0,0,0,0,0,0,0,0,0,0,0,0,0,9.46954536438,3,0,0,-3.10228562355,2.90144395828,10.5966348648,1
542,1,48,5,1,1,0,1,1,0,0,0,0,3,0,5.29834222794,0,0,12.2804002762,0,0,-9.89097595215,2.90144395828,3,0,95,0,2,1,0,0,0,0,0,0,0,0,0,0,1,0,0,0,1,5.29834222794,3,0,0,-9.89097595215,2.90144395828,12.2804002762,3
543,1,48,5,1,1,1,0,1,0,0,0,0,1,250.673080444,6.21730089188,0,0,9.58877658844,0,0,-4.02524518967,0.781419277191,3,0,74,0,1,1,0,0,0,0,0,0,0,0,0,0,0,0,0,0,0,6.21730089188,1,0,0,-4.02524518967,0.781419277191,9.58877658844,1
543,2,48,5,1,1,1,,1,0,0,0,0,3,5264,9.26179409027,1000,200,11.881726265,0,0,0.282446444035,-5.42022037506,3,0,74,0,1,0,1,0,0,1,0,0,0,0,0,1,0,0,0,0,0,6.21730089188,1,0,0,-4.02524518967,0.781419277191,9.58877658844,3
544,1,48,5,0,44.75,1,0,1,0,0,0,0,3,5347.28857422,9.27749252319,1100,0,9.48797225952,0,0,-0.109905526042,-6.19266223907,5,1,34,0,3,1,0,0,0,0,0,0,0,0,0,0,1,0,0,0,1,9.27749252319,3,0,0,-0.109905526042,-6.19266223907,9.48797225952,3
544,2,48,5,0,44.75,1,,1,0,0,0,0,2,2220.48071289,8.39862632751,300,0,9.2202911377,7.78322410583,0,8.41916179657,2.90144395828,5,1,34,0,3,0,1,0,0,0,0,0,0,0,0,0,1,0,0,0,0,9.27749252319,3,0,0,-0.109905526042,-6.19266223907,9.48797225952,2
545,1,48,5,1,1,1,0,1,0,0,0,0,5,6525.58642578,9.4766330719,200,1200,12.9475193024,0,0,0.366905748844,2.90144395828,7,0,57,0,2,1,0,0,1,1,0,0,0,0,0,0,1,0,1,0,1,9.4766330719,5,0,0,0.366905748844,2.90144395828,12.9475193024,5
545,2,48,5,1,1,1,,1,0,0,0,0,3,12399.2880859,10.1185417175,2700,0,13.5564804077,0,7.60090255737,2.90216612816,0.85428583622,7,0,57,0,2,0,1,0,0,0,0,0,0,0,0,0,1,0,0,0,1,9.4766330719,5,0,0,0.366905748844,2.90144395828,12.9475193024,3
546,1,48,5,0,44.75,1,0,1,0,0,0,0,3,12265.7304688,10.107711792,200,2000,9.50300979614,8.51719284058,0,-0.185916826129,0.781419277191,4,0,25,0,3,0,1,0,0,0,0,0,0,0,0,0,1,1,0,0,0,10.107711792,3,0,8.51719284058,-0.185916826129,0.781419277191,9.50300979614,3
546,2,48,5,0,44.75,1,,1,0,0,0,0,7,20244.9511719,10.6088075638,4400,0,11.6647882462,8.0709066391,9.54681301117,-1.9334127903,-7.54024505615,4,0,25,0,3,1,1,0,1,1,0,0,0,0,0,0,1,0,1,1,1,10.107711792,3,0,8.51719284058,-0.185916826129,0.781419277191,9.50300979614,7
547,1,48,5,1,1,1,0,1,0,0,0,0,5,11747.6728516,10.0645580292,2400,0,9.10497951508,8.9871969223,9.99879741669,3.10068154335,-2.04039621353,3,0,32,0,2,1,0,0,0,1,0,0,0,0,0,0,1,0,1,0,1,10.0645580292,5,9.99879741669,8.9871969223,3.10068154335,-2.04039621353,9.10497951508,5
547,2,48,5,1,1,1,,1,0,0,0,0,4,29508,10.9855642319,2900,2500,11.2972536087,9.30565071106,9.21034049988,3.90009593964,0.79633641243,3,0,32,0,2,1,1,0,0,0,0,0,0,0,0,0,1,0,0,1,0,10.0645580292,5,9.99879741669,8.9871969223,3.10068154335,-2.04039621353,9.10497951508,4
548,1,49,5,0,54.25,1,0,0,0,0,0,0,,0,5.29834222794,0,0,10.3089523315,0,0,3.38187241554,-3.37084650993,5,1,75,0,3,0,0,0,0,0,0,0,0,0,0,0,1,0,0,0,999,5.29834222794,1,0,0,3.38187241554,-3.37084650993,10.3089523315,1
548,2,49,5,0,54.25,1,,0,0,0,0,0,6,16976.0957031,10.4327087402,2550,1000,11.9550437927,0,8.69951438904,-7.10856389999,0.781419277191,5,1,75,0,3,1,0,0,0,1,0,0,0,0,0,0,1,0,1,1,1,5.29834222794,1,0,0,3.38187241554,-3.37084650993,10.3089523315,6
549,1,49,5,1,1,1,0,0,0,0,0,0,5,5849.03857422,9.36717987061,1000,0,14.4696054459,8.63052177429,0,-1.76911449432,-1.25082182884,4,1,65,0,2,1,1,0,0,0,0,0,0,1,0,0,1,0,0,0,1,9.36717987061,5,0,8.63052177429,-1.76911449432,-1.25082182884,14.4696054459,5
549,2,49,5,1,1,1,,0,0,0,0,0,6,20048.3261719,10.5990476608,2100,1100,14.5411252975,9.76422595978,8.30003166199,1.49768328667,0.0796284079552,4,1,65,0,2,1,1,0,1,1,0,0,0,0,0,0,1,0,0,1,1,9.36717987061,5,0,8.63052177429,-1.76911449432,-1.25082182884,14.4696054459,6
550,1,49,5,1,1,1,0,0,0,0,0,0,6,13894.5673828,10.2323999405,2950,0,8.66561317444,8.0709066391,6.39693260193,-3.99948334694,-1.26573896408,3,1,35,0,2,1,0,0,1,1,0,0,0,0,0,1,1,0,1,0,1,10.2323999405,6,6.39693260193,8.0709066391,-3.99948334694,-1.26573896408,8.66561317444,6
550,2,49,5,1,1,1,,0,0,0,0,0,6,39927.6445312,11.2879714966,2400,5750,11.2145195007,9.21034049988,10.3545627594,5.87921571732,0.85428583622,3,1,35,0,2,1,0,0,1,1,0,0,0,0,0,0,1,0,1,1,1,10.2323999405,6,6.39693260193,8.0709066391,-3.99948334694,-1.26573896408,8.66561317444,6
551,1,49,5,0,54.25,1,0,0,0,0,0,0,,0,5.29834222794,0,0,11.2384881973,0,0,3.4902536869,-1.25082182884,6,0,70,0,3,1,0,0,0,1,888,0,888,0,0,0,0,0,0,1,1,5.29834222794,4,0,0,3.4902536869,-1.25082182884,11.2384881973,4
551,2,49,5,0,54.25,1,,0,0,0,0,0,5,9616.96191406,9.86443042755,800,0,11.518907547,9.45720005035,10.4968147278,4.48800992966,2.90144395828,6,0,70,0,3,1,0,0,0,1,0,0,0,0,0,0,1,1,0,0,1,5.29834222794,4,0,0,3.4902536869,-1.25082182884,11.2384881973,5
552,1,49,5,1,1,1,0,0,0,0,0,0,3,7668.17285156,9.63798046112,400,900,12.1150531769,0,0,1.46104323864,-1.25082182884,4,1,74,0,1,1,0,0,0,0,0,0,0,0,0,0,1,0,0,0,1,9.63798046112,3,0,0,1.46104323864,-1.25082182884,12.1150531769,3
552,2,49,5,1,1,1,,0,0,0,0,0,7,13368.1542969,10.193778038,2750,0,9.48797225952,9.54681301117,10.118598938,9.21290874481,-1.32368826866,4,1,74,0,1,1,1,0,1,1,0,0,0,0,0,0,1,1,1,0,1,9.63798046112,3,0,0,1.46104323864,-1.25082182884,12.1150531769,7
553,1,49,5,0,54.25,1,0,0,0,0,0,0,2,2789.48071289,8.62675762177,200,0,11.1704349518,8.294049263,0,11.3745698929,-1.25082182884,5,1,48,0,3,0,1,0,0,0,0,0,0,0,0,0,1,0,0,0,0,8.62675762177,2,0,8.294049263,11.3745698929,-1.25082182884,11.1704349518,2
553,2,49,5,0,54.25,1,,0,0,0,0,0,4,3054331.25,15.6252183914,2250,700000,12.9324131012,0,10.691945076,5.36841249466,-1.25082182884,5,1,48,0,3,1,1,0,1,0,0,0,0,0,0,1,0,0,0,0,0,8.62675762177,2,0,8.294049263,11.3745698929,-1.25082182884,11.1704349518,4
554,1,49,5,0,54.25,1,0,0,0,0,0,0,7,22276.7695312,10.7044467926,2650,0,10.232790947,6.80239582062,9.30565071106,-2.10047769547,0.0796284079552,6,0,0,0,3,1,1,0,0,1,0,1,0,0,0,1,1,0,0,0,1,10.7044467926,7,9.30565071106,6.80239582062,-2.10047769547,0.0796284079552,10.232790947,7
554,2,49,5,0,54.25,1,,0,0,0,0,0,8,52296.8828125,11.5578393936,5350,5000,11.2567424774,7.86326694489,7.2442278862,3.05332899094,-2.04039621353,6,0,0,0,3,1,1,1,1,1,0,1,0,0,0,0,1,0,1,1,1,10.7044467926,7,9.30565071106,6.80239582062,-2.10047769547,0.0796284079552,10.232790947,8
555,1,50,5,0,50.25,1,0,0,0,0,0,0,5,29077,10.9708499908,600,6000,12.0679359436,9.90348720551,10.6592340469,0.948700785637,-1.26573896408,5,1,41,0,3,1,0,0,0,1,0,0,0,0,0,0,1,0,1,0,1,10.9708499908,5,10.6592340469,9.90348720551,0.948700785637,-1.26573896408,12.0679359436,5
555,2,50,5,0,50.25,1,,0,0,0,0,0,4,25701,10.8474321365,4300,1500,12.1990480423,0,8.47637081146,4.76896286011,0.85428583622,5,1,41,0,3,1,0,0,1,1,0,0,0,0,0,0,1,0,0,0,1,10.9708499908,5,10.6592340469,9.90348720551,0.948700785637,-1.26573896408,12.0679359436,4
556,1,50,5,0,50.25,1,0,0,0,0,0,0,4,48446.4921875,11.4813623428,3500,6000,12.8552675247,12.3800258636,11.512925148,-1.81776452065,0.85428583622,4,0,28,0,3,1,0,0,1,0,0,0,0,0,0,0,1,0,0,0,1,11.4813623428,4,11.512925148,12.3800258636,-1.81776452065,0.85428583622,12.8552675247,4
556,2,50,5,0,50.25,1,,0,0,0,0,0,7,35687.7695312,11.1757106781,2200,4400,11.659620285,11.3265962601,11.512925148,4.57998609543,2.90144395828,4,0,28,0,3,1,1,0,0,1,1,0,0,0,0,0,1,0,1,0,1,11.4813623428,4,11.512925148,12.3800258636,-1.81776452065,0.85428583622,12.8552675247,7
557,1,50,5,1,1,1,0,0,0,0,0,0,2,14054.4042969,10.2438383102,3100,0,9.40919113159,0,0,-10.2893924713,-3.37084650993,4,1,35,0,2,0,1,0,0,0,0,0,0,0,0,0,1,0,0,0,0,10.2438383102,2,0,0,-10.2893924713,-3.37084650993,9.40919113159,2
557,2,50,5,1,1,1,,0,0,0,0,0,5,2865.75952148,8.6537361145,600,0,8.97461795807,8.82467746735,7.60090255737,-2.45589351654,-3.37084650993,4,1,35,0,2,1,1,0,1,1,0,0,0,0,0,0,1,0,0,0,1,10.2438383102,2,0,0,-10.2893924713,-3.37084650993,9.40919113159,5
558,1,50,5,0,50.25,1,0,0,0,0,0,0,5,194409.640625,12.8708696365,14400,13750,11.6526870728,11.5824518204,11.512925148,1.98061335087,0.85428583622,7,0,52,0,3,1,1,0,0,0,0,0,0,0,0,0,1,0,1,0,1,12.8708696365,5,11.512925148,11.5824518204,1.98061335087,0.85428583622,11.6526870728,5
558,2,50,5,0,50.25,1,,0,0,0,0,0,5,37755.5585938,11.2320356369,1100,5000,13.4271974564,11.512925148,0,3.0920021534,-3.37084650993,7,0,52,0,3,1,1,0,1,1,0,0,0,0,0,0,1,0,0,0,1,12.8708696365,5,11.512925148,11.5824518204,1.98061335087,0.85428583622,11.6526870728,5
559,1,50,5,0,50.25,1,0,0,0,0,0,0,8,98273.578125,12.1886577606,14400,4350,13.402718544,10.165851593,5.29834222794,2.59955215454,2.90144395828,2,1,68,0,3,1,1,0,0,1,0,0,0,0,0,0,1,1,1,1,1,12.1886577606,8,5.29834222794,10.165851593,2.59955215454,2.90144395828,13.402718544,8
559,2,50,5,0,50.25,1,,0,0,0,0,0,7,42681.0859375,11.3546581268,6610,600,13.1335010529,0,0,2.00685572624,0.85428583622,2,1,68,0,3,1,0,1,1,1,0,0,0,1,1,0,1,0,1,0,1,12.1886577606,8,5.29834222794,10.165851593,2.59955215454,2.90144395828,13.402718544,7
560,1,50,5,1,1,1,0,0,0,0,0,0,2,8028.27880859,9.6838722229,100,1500,9.95227813721,9.5749835968,0,1.20907866955,-2.93287825584,3,1,62,0,1,0,0,0,0,0,0,0,0,0,0,0,1,0,0,0,1,9.6838722229,2,0,9.5749835968,1.20907866955,-2.93287825584,9.95227813721,2
560,2,50,5,1,1,1,,0,0,0,0,0,4,72850.71875,11.8893146515,8300,8000,10.165851593,0,7.2442278862,-0.00872227549553,-2.93287825584,3,1,62,0,1,0,1,0,1,1,0,0,0,0,0,0,1,0,0,0,1,9.6838722229,2,0,9.5749835968,1.20907866955,-2.93287825584,9.95227813721,4
561,1,50,5,1,1,1,0,0,0,0,0,0,6,28523.3652344,10.951625824,5250,0,9.35876083374,8.9871969223,0,-6.21982145309,0.0796284079552,4,1,55,0,2,1,1,0,1,1,0,0,0,0,0,0,1,0,1,0,1,10.951625824,6,0,8.9871969223,-6.21982145309,0.0796284079552,9.35876083374,6
561,2,50,5,1,1,1,,0,0,0,0,0,5,935.846130371,7.53459835052,100,0,9.93207454681,8.51719284058,0,2.86292743683,-6.19266223907,4,1,55,0,2,0,1,0,1,0,0,0,0,0,0,1,1,0,0,0,1,10.951625824,6,0,8.9871969223,-6.21982145309,0.0796284079552,9.35876083374,5
562,1,50,5,1,1,1,0,0,0,0,0,0,3,15867.0673828,10.3651485443,2900,600,10.3417425156,8.76405334473,0,-2.37897133827,-3.37084650993,10,0,72,0.00382096064277,1,0,1,0,0,1,0,0,0,0,0,0,0,0,0,0,1,10.3651485443,3,0,8.76405334473,-2.37897133827,-3.37084650993,10.3417425156,3
562,2,50,5,1,1,1,,0,0,0,0,0,3,7753.61523438,9.64906215668,1600,0,10.4042625427,9.5749835968,0,-3.66488361359,-2.04039621353,10,0,72,0.00382096064277,1,1,1,0,0,0,0,0,0,0,0,0,0,0,0,0,1,10.3651485443,3,0,8.76405334473,-2.37897133827,-3.37084650993,10.3417425156,3
563,1,50,5,1,1,1,0,0,0,0,0,0,1,4879.23095703,9.18589019775,1000,0,8.24275684357,0,6.90775632858,0.688272297382,-6.19266223907,3,1,25,0,1,0,0,0,0,0,0,0,0,0,0,0,0,0,0,0,1,9.18589019775,1,6.90775632858,0,0.688272297382,-6.19266223907,8.24275684357,1
563,2,50,5,1,1,1,,0,0,0,0,0,3,2872.5,8.65608501434,500,0,7.60090255737,0,7.60090255737,3.7598927021,0.85428583622,3,1,25,0,1,1,0,0,0,0,0,0,0,0,0,0,1,0,0,0,1,9.18589019775,1,6.90775632858,0,0.688272297382,-6.19266223907,8.24275684357,3
564,1,51,6,1,1,1,0,0,0,0,0,0,3,21658.1542969,10.67628479,4400,0,14.6938085556,8.00636768341,0,-3.84709954262,-1.32368826866,7,0,32,0,1,0,0,0,0,1,0,0,0,0,0,0,1,0,0,0,1,10.67628479,3,0,8.00636768341,-3.84709954262,-1.32368826866,14.6938085556,3
564,2,51,6,1,1,1,,0,0,0,0,0,3,16674.6152344,10.4147901535,3250,0,9.86266517639,0,9.90348720551,1.39269948006,2.90144395828,7,0,32,0,1,0,1,0,0,0,0,0,0,0,0,0,1,0,0,0,1,10.67628479,3,0,8.00636768341,-3.84709954262,-1.32368826866,14.6938085556,3
565,1,51,6,0,60.2499961853,1,0,0,0,0,0,0,5,9858.73046875,9.88926029205,1100,1000,12.8479261398,0,0,-2.41550636292,-1.26573896408,4,1,52,0,1,1,0,0,0,1,0,0,0,0,0,1,1,0,0,0,1,9.88926029205,5,0,0,-2.41550636292,-1.26573896408,12.8479261398,5
565,2,51,6,0,60.2499961853,1,,0,0,0,0,0,5,5202.68261719,9.25007724762,900,0,12.614865303,0,8.294049263,-8.28015804291,-5.49308681488,4,1,52,0,1,1,0,0,0,1,0,0,0,0,0,0,1,0,0,1,1,9.88926029205,5,0,0,-2.41550636292,-1.26573896408,12.8479261398,5
566,1,51,6,1,1,1,0,0,0,0,0,0,4,24873.25,10.8146953583,3500,600,11.0348577499,0,0,-3.30959582329,2.90144395828,7,0,56,0,2,1,0,0,0,1,0,0,0,0,0,0,1,0,0,0,1,10.8146953583,4,0,0,-3.30959582329,2.90144395828,11.0348577499,4
566,2,51,6,1,1,1,,0,0,0,0,0,5,50445.6835938,11.5218000412,900,9300,10.6164369583,0,11.2897815704,9.23947429657,-3.37084650993,7,0,56,0,2,1,0,0,1,1,0,0,0,0,0,0,1,0,1,0,1,10.8146953583,4,0,0,-3.30959582329,2.90144395828,11.0348577499,5
567,1,51,6,1,1,1,0,0,0,0,0,0,5,14086.4804688,10.2461175919,1500,1200,13.4910259247,9.03598690033,9.90348720551,-1.59920692444,-1.32368826866,6,0,35,0,2,0,1,0,0,1,0,0,0,0,0,0,1,1,1,0,0,10.2461175919,5,9.90348720551,9.03598690033,-1.59920692444,-1.32368826866,13.4910259247,5
567,2,51,6,1,1,1,,0,0,0,0,0,7,14354.1347656,10.2649402618,1000,1800,12.9052019119,9.90348720551,11.4075651169,6.82262945175,-3.37084650993,6,0,35,0,2,1,1,0,0,1,1,0,0,0,0,0,1,0,1,0,1,10.2461175919,5,9.90348720551,9.03598690033,-1.59920692444,-1.32368826866,13.4910259247,7
568,1,51,6,0,60.2499961853,1,0,0,0,0,0,0,11,130921.570312,12.4755010605,21300,3120,16.9733276367,12.8871469498,0,-1.2375177145,-2.04039621353,4,0,26,0,3,1,1,1,1,1,1,0,0,0,1,1,1,1,1,1,1,12.4755010605,11,0,12.8871469498,-1.2375177145,-2.04039621353,16.9733276367,11
568,2,51,6,0,60.2499961853,1,,0,0,0,0,0,12,162538.359375,12.69181633,26750,3300,13.119146347,13.0731735229,0,6.73521661758,2.90144395828,4,0,26,0,3,1,1,1,1,1,1,1,1,1,1,1,1,1,1,1,1,12.4755010605,11,0,12.8871469498,-1.2375177145,-2.04039621353,16.9733276367,12
569,1,51,6,0,60.2499961853,1,0,0,0,0,0,0,5,49628.1523438,11.5054607391,550,10000,12.6065254211,9.39266204834,7.21524047852,7.17990112305,-1.26573896408,5,0,86,0,2,0,0,0,1,1,0,1,0,0,0,0,1,0,0,1,1,11.5054607391,5,7.21524047852,9.39266204834,7.17990112305,-1.26573896408,12.6065254211,5
569,2,51,6,0,60.2499961853,1,,0,0,0,0,0,4,15633.6542969,10.3503284454,2500,0,13.7942867279,0,7.43838405609,1.75500357151,-5.42022037506,5,0,86,0,2,1,1,0,1,0,0,0,0,0,0,0,0,0,0,0,1,11.5054607391,5,7.21524047852,9.39266204834,7.17990112305,-1.26573896408,12.6065254211,4
570,1,51,6,0,60.2499961853,1,0,0,0,0,0,0,8,89195.1640625,12.0917291641,11300,2600,12.3867263794,12.5061769485,0,2.81360983849,0.79633641243,4,0,38,0,3,0,0,1,0,1,0,1,0,1,0,0,1,1,1,1,1,12.0917291641,8,0,12.5061769485,2.81360983849,0.79633641243,12.3867263794,8
570,2,51,6,0,60.2499961853,1,,0,0,0,0,0,7,122888.867188,12.4121828079,16400,6250,12.9116420746,10.7363967896,0,-0.824252307415,2.90144395828,4,0,38,0,3,1,0,1,1,0,0,0,0,1,0,0,1,0,1,1,1,12.0917291641,8,0,12.5061769485,2.81360983849,0.79633641243,12.3867263794,7
571,1,52,7,0,50.5,1,0,1,0,0,0,0,3,74057.4609375,11.9057435989,1700,14500,10.9886770248,8.294049263,0,2.66816186905,-3.31511259079,4,0,60,0,2,0,1,0,0,0,0,0,0,0,0,0,1,0,0,0,1,11.9057435989,3,0,8.294049263,2.66816186905,-3.31511259079,10.9886770248,3
571,2,52,7,0,50.5,1,,1,0,0,0,0,6,21467.3261719,10.6674346924,3900,0,10.6454248428,8.9871969223,7.60090255737,4.48189067841,2.90144395828,4,0,60,0,2,0,1,0,1,0,0,1,0,0,0,0,0,0,1,1,1,11.9057435989,3,0,8.294049263,2.66816186905,-3.31511259079,10.9886770248,6
572,1,52,7,0,50.5,1,0,1,0,0,0,0,3,17872.4511719,10.4841632843,1500,2000,12.8463411331,0,10.5966348648,-4.91602802277,0.85428583622,3,0,31,0,3,0,1,0,0,0,0,0,0,0,0,0,1,0,0,0,1,10.4841632843,3,10.5966348648,0,-4.91602802277,0.85428583622,12.8463411331,3
572,2,52,7,0,50.5,1,,1,0,0,0,0,6,32251.3847656,11.0744638443,2400,3600,12.2229299545,8.69951438904,10.3089523315,5.66669082642,-3.37084650993,3,0,31,0,3,1,1,0,0,1,0,0,0,0,0,0,1,0,1,0,1,10.4841632843,3,10.5966348648,0,-4.91602802277,0.85428583622,12.8463411331,6
573,1,52,7,1,1,1,0,1,0,0,0,0,6,193980.53125,12.8686599731,2000,41200,12.4882392883,11.8913621902,7.86326694489,-5.03959608078,-7.54024505615,4,1,56,0,2,1,0,0,1,1,0,1,0,0,0,0,0,0,1,1,1,12.8686599731,6,7.86326694489,11.8913621902,-5.03959608078,-7.54024505615,12.4882392883,6
573,2,52,7,1,1,1,,1,0,0,0,0,7,34531.9726562,11.1427879333,4000,3500,17.6023159027,9.16951847076,0,0.663272678852,0.79633641243,4,1,56,0,2,1,1,1,1,1,0,0,0,0,0,0,1,0,1,1,1,12.8686599731,6,7.86326694489,11.8913621902,-5.03959608078,-7.54024505615,12.4882392883,7
574,1,52,7,1,1,1,0,1,0,0,0,0,4,7953.61523438,9.67452907562,1700,0,13.1077528,0,9.54681301117,5.19523525238,-3.37084650993,10,0,0,0,2,1,1,0,0,0,0,0,0,0,0,0,1,0,0,0,1,9.67452907562,4,9.54681301117,0,5.19523525238,-3.37084650993,13.1077528,4
574,2,52,7,1,1,1,,1,0,0,0,0,8,49204.9804688,11.4968976974,10050,0,12.5510797501,10.7995758057,11.4075651169,3.78986740112,-3.37084650993,10,0,0,0,2,1,1,0,1,1,1,1,0,0,0,0,1,0,1,1,1,9.67452907562,4,9.54681301117,0,5.19523525238,-3.37084650993,13.1077528,8
575,1,52,7,1,1,1,0,1,0,0,0,0,6,61729.4804688,11.7236642838,6200,5500,12.6234664917,10.165851593,9.90348720551,-4.41907978058,0.781419277191,8,0,43,0,2,1,0,0,0,1,0,0,0,0,0,0,1,0,1,1,1,11.7236642838,6,9.90348720551,10.165851593,-4.41907978058,0.781419277191,12.6234664917,6
575,2,52,7,1,1,1,,1,0,0,0,0,6,56667.4335938,11.6381025314,6200,5400,13.5392303467,10.8512773514,12.4292163849,3.37027072906,-1.32368826866,8,0,43,0,2,1,1,0,0,1,0,0,0,0,0,0,1,0,1,1,0,11.7236642838,6,9.90348720551,10.165851593,-4.41907978058,0.781419277191,12.6234664917,6
576,1,52,7,0,50.5,1,0,1,0,0,0,0,6,13565.7304688,10.2084493637,850,1000,12.8473997116,8.90923500061,9.21034049988,7.4432053566,2.90144395828,5,0,46,0,3,1,0,0,0,0,0,0,0,0,0,0,1,1,1,1,1,10.2084493637,6,9.21034049988,8.90923500061,7.4432053566,2.90144395828,12.8473997116,6
576,2,52,7,0,50.5,1,,1,0,0,0,0,6,38714.0390625,11.2571048737,3600,3900,12.4923791885,11.512925148,8.294049263,8.12642288208,0.79633641243,5,0,46,0,3,0,1,1,1,1,0,0,0,0,0,0,1,0,1,1,1,10.2084493637,6,9.21034049988,8.90923500061,7.4432053566,2.90144395828,12.8473997116,6
577,1,52,7,1,1,1,0,1,0,0,0,0,5,26551.8085938,10.8800001144,4400,600,13.1239624023,9.68034362793,8.294049263,2.08559727669,0.79633641243,4,0,0,0,2,0,1,0,0,1,0,0,0,1,0,0,1,0,0,0,1,10.8800001144,5,8.294049263,9.68034362793,2.08559727669,0.79633641243,13.1239624023,5
577,2,52,7,1,1,1,,1,0,0,0,0,5,20155.6054688,10.6043844223,3850,0,11.603679657,9.87302875519,7.31322097778,4.58687496185,0.85428583622,4,0,0,0,2,0,1,0,1,0,0,1,0,0,0,0,1,0,0,0,1,10.8800001144,5,8.294049263,9.68034362793,2.08559727669,0.79633641243,13.1239624023,5
578,1,52,7,0,50.5,1,0,1,0,0,0,0,4,5723.43261719,9.34547138214,650,600,10.3545627594,0,0,1.29575872421,0.0796284079552,4,0,25,0,3,0,0,0,0,0,0,0,0,0,0,1,1,0,0,1,1,9.34547138214,4,0,0,1.29575872421,0.0796284079552,10.3545627594,4
578,2,52,7,0,50.5,1,,1,0,0,0,0,7,5973.02880859,9.38815689087,1200,0,10.421090126,8.96187877655,0,3.90009593964,0.79633641243,4,0,25,0,3,1,1,0,1,1,0,0,0,0,0,1,1,0,0,1,1,9.34547138214,4,0,0,1.29575872421,0.0796284079552,10.3545627594,7
579,1,52,7,1,1,1,0,1,0,0,0,0,4,11012.6347656,9.99994564056,2300,200,12.9752540588,9.14846515656,7.37775945663,0.418085634708,-1.26573896408,7,0,45,0,2,0,0,0,0,1,0,0,0,0,0,1,1,0,0,0,1,9.99994564056,4,7.37775945663,9.14846515656,0.418085634708,-1.26573896408,12.9752540588,4
579,2,52,7,1,1,1,,1,0,0,0,0,7,51884.2109375,11.5499172211,11200,0,13.9060821533,8.93590354919,0,3.1780974865,-1.32368826866,7,0,45,0,2,1,1,0,1,1,0,0,0,0,0,1,1,0,1,0,1,9.99994564056,4,7.37775945663,9.14846515656,0.418085634708,-1.26573896408,12.9752540588,7
580,1,52,7,1,1,1,0,1,0,0,0,0,4,18828.2695312,10.5362615585,2400,0,11.2772035599,8.294049263,0,-6.49154949188,0.781419277191,4,1,53,0,2,0,1,0,0,1,0,0,0,0,0,0,1,0,0,0,1,10.5362615585,4,0,8.294049263,-6.49154949188,0.781419277191,11.2772035599,4
580,2,52,7,1,1,1,,1,0,0,0,0,5,13201.1728516,10.1812086105,2700,200,11.1476421356,11.0445203781,7.37775945663,0.557337760925,-3.31511259079,4,1,53,0,2,1,1,0,0,1,0,1,0,0,0,0,1,0,0,0,0,10.5362615585,4,0,8.294049263,-6.49154949188,0.781419277191,11.2772035599,5
581,1,53,5,0,51.75,1,0,1,0,0,0,0,7,5266115,15.180106163,6700,1200000,14.6724758148,10.085808754,9.30565071106,0.803252756596,0.85428583622,9,0,47,0,3,1,1,0,0,1,0,0,0,0,0,0,1,0,1,1,1,15.180106163,7,9.30565071106,10.085808754,0.803252756596,0.85428583622,14.6724758148,7
581,2,53,5,0,51.75,1,,1,0,0,0,0,7,28663.2792969,10.9565191269,2950,0,13.0147781372,10.2887496948,11.5898866653,12.712439537,0.85428583622,9,0,47,0,3,1,1,0,0,1,1,1,0,0,0,0,1,0,1,0,1,15.180106163,7,9.30565071106,10.085808754,0.803252756596,0.85428583622,14.6724758148,7
582,1,53,5,0,51.75,1,0,1,0,0,0,0,4,2620548,15.180106163,2200,600000,11.7503662109,0,11.9953517914,5.68043088913,-1.26795446873,8,0,38,0,3,1,0,0,0,0,0,0,0,0,0,0,1,0,1,0,1,15.180106163,4,11.9953517914,0,5.68043088913,-1.26795446873,11.7503662109,4
582,2,53,5,0,51.75,1,,1,0,0,0,0,7,368543.0625,13.5104598999,800,83000,13.2481145859,9.10497951508,10.8197784424,4.1871676445,2.90144395828,8,0,38,0,3,1,1,0,0,1,0,0,0,0,0,1,1,0,1,0,1,15.180106163,4,11.9953517914,0,5.68043088913,-1.26795446873,11.7503662109,7
583,1,53,5,1,1.375,1,0,1,0,0,0,0,4,139291.671875,12.5374727249,5204,22500,10.1503477097,0,0,-9.20419692993,0.781419277191,8,1,45,0,2,0,0,0,0,0,0,0,0,0,0,0,1,0,1,1,1,12.5374727249,4,0,0,-9.20419692993,0.781419277191,10.1503477097,4
583,2,53,5,1,1.375,1,,1,0,0,0,0,4,10353.0771484,9.93818664551,500,0,11.8614673615,8.00636768341,10.691945076,5.44382715225,-5.42022037506,8,1,45,0,2,1,1,0,0,0,0,0,0,0,0,0,1,0,0,0,1,12.5374727249,4,0,0,-9.20419692993,0.781419277191,10.1503477097,4
584,1,53,5,1,1.375,1,0,1,0,0,0,0,4,869,7.46049070358,200,0,11.6877183914,0,0,-6.91284704208,2.90144395828,5,0,43,0,2,0,0,0,0,1,0,0,0,0,0,0,1,0,1,0,1,7.46049070358,4,0,0,-6.91284704208,2.90144395828,11.6877183914,4
584,2,53,5,1,1.375,1,,1,0,0,0,0,4,10290.8076172,9.93215370178,1200,850,12.3004732132,9.32366943359,0,0.326441526413,-1.26795446873,5,0,43,0,2,0,1,1,0,1,0,0,0,0,0,0,1,0,0,0,1,7.46049070358,4,0,0,-6.91284704208,2.90144395828,11.6877183914,4
585,1,53,5,1,1.375,1,0,1,0,0,0,0,5,33433.8671875,11.1104717255,5450,1250,14.7684783936,0,0,-1.16441500187,2.90144395828,6,0,38,0,2,1,0,0,0,0,0,0,0,1,0,0,1,0,1,1,0,11.1104717255,5,0,0,-1.16441500187,2.90144395828,14.7684783936,5
585,2,53,5,1,1.375,1,,1,0,0,0,0,8,12623703,16.1621856689,11800,2891000,12.3467035294,0,13.8155107498,5.09125375748,-1.32368826866,6,0,38,0,2,1,1,0,0,1,1,0,0,0,0,0,1,0,1,1,1,11.1104717255,5,0,0,-1.16441500187,2.90144395828,14.7684783936,8
586,1,53,5,0,51.75,0,1,1,0,0,0,0,7,595825.625,13.9908504486,17200,0,15.9037628174,9.90348720551,13.5567398071,10.214799881,2.90144395828,6,0,31,0,3,1,0,1,0,0,0,1,0,0,0,0,1,0,1,1,1,13.9908504486,7,13.5567398071,9.90348720551,10.214799881,2.90144395828,15.9037628174,7
587,1,53,5,1,1.375,1,0,1,0,0,0,0,3,8855.36523438,9.78192615509,1750,0,9.68034362793,8.9871969223,12.5425453186,5.1761932373,-3.31511259079,7,0,39,0,2,1,0,0,0,0,0,0,0,0,0,0,1,0,0,0,1,9.78192615509,3,12.5425453186,8.9871969223,5.1761932373,-3.31511259079,9.68034362793,3
587,2,53,5,1,1.375,1,,1,0,0,0,0,4,36111.78125,11.1875219345,2780,4800,9.90348720551,9.30565071106,12.5913352966,3.78746032715,0.0796284079552,7,0,39,0,2,1,1,0,0,0,1,1,0,0,0,0,1,0,0,0,0,9.78192615509,3,12.5425453186,8.9871969223,5.1761932373,-3.31511259079,9.68034362793,4
588,1,53,5,1,1.375,1,0,1,0,0,0,0,4,20456.8164062,10.6192188263,3350,0,11.6682186127,7.78322410583,9.24956130981,-0.250108748674,-1.96752977371,5,1,43,0,2,1,0,1,0,1,0,0,0,0,0,1,0,0,0,0,1,10.6192188263,4,9.24956130981,7.78322410583,-0.250108748674,-1.96752977371,11.6682186127,4
588,2,53,5,1,1.375,1,,1,0,0,0,0,6,107399.40625,12.2774572372,2850,21000,10.8317070007,8.294049263,10.3089523315,4.61064195633,-1.32368826866,5,1,43,0,2,0,1,1,0,1,1,1,0,0,0,0,1,0,1,0,1,10.6192188263,4,9.24956130981,7.78322410583,-0.250108748674,-1.96752977371,11.6682186127,6
589,1,53,5,1,1.375,1,0,1,0,0,0,0,5,60345.921875,11.7009954453,6400,5850,12.3059177399,0,0,4.18027925491,0.85428583622,5,1,86,0,2,1,1,0,0,0,0,0,0,0,0,0,1,0,1,1,0,11.7009954453,5,0,0,4.18027925491,0.85428583622,12.3059177399,5
589,2,53,5,1,1.375,1,,1,0,0,0,0,6,17960.8652344,10.4890975952,3200,0,11.3144741058,9.39266204834,0,2.55457520485,2.90144395828,5,1,86,0,2,1,1,0,0,1,0,0,0,0,0,0,1,0,1,0,1,11.7009954453,5,0,0,4.18027925491,0.85428583622,12.3059177399,6
590,1,53,5,0,51.75,1,0,1,0,0,0,0,3,17380,10.4562225342,0,4000,11.9223823547,7.78322410583,8.45531749725,1.73666286469,-1.25082182884,5,1,38,0,1,1,0,0,0,0,0,0,0,0,0,0,1,0,0,0,1,10.4562225342,3,8.45531749725,7.78322410583,1.73666286469,-1.25082182884,11.9223823547,3
590,2,53,5,0,51.75,1,,1,0,0,0,0,3,8677.74023438,9.76166343689,1650,0,9.34136867523,7.60090255737,8.00636768341,10.3231620789,0.85428583622,5,1,38,0,1,0,1,0,1,1,0,0,0,0,0,0,1,0,0,0,0,10.4562225342,3,8.45531749725,7.78322410583,1.73666286469,-1.25082182884,11.9223823547,3
591,1,53,5,1,1.375,1,0,1,0,0,0,0,2,8990.26953125,9.7970457077,2000,0,13.0311250687,7.93737459183,0,0.116473928094,0.79633641243,5,1,56,0,2,0,1,0,0,1,0,0,0,0,0,0,0,0,0,0,0,9.7970457077,2,0,7.93737459183,0.116473928094,0.79633641243,13.0311250687,2
591,2,53,5,1,1.375,1,,1,0,0,0,0,5,23407.6152344,10.7539634705,4400,0,12.6679182053,8.294049263,8.69951438904,4.67854499817,2.90144395828,5,1,56,0,2,1,0,0,1,1,0,0,0,0,0,0,1,0,1,0,1,9.7970457077,2,0,7.93737459183,0.116473928094,0.79633641243,13.0311250687,5
592,1,53,5,1,1.375,1,0,1,0,0,0,0,7,87679.7890625,12.074593544,16900,2200,10.5713167191,9.90348720551,9.90348720551,-8.32079029083,0.79633641243,7,0,45,0,1,1,0,0,1,1,0,0,0,0,0,0,1,1,1,1,1,12.074593544,7,9.90348720551,9.90348720551,-8.32079029083,0.79633641243,10.5713167191,7
592,2,53,5,1,1.375,1,,1,0,0,0,0,7,61285.2695312,11.7164421082,11700,400,12.2718601227,8.85366535187,9.90348720551,6.56312561035,-1.32368826866,7,0,45,0,1,1,1,1,1,1,0,0,0,0,0,0,1,0,1,1,1,12.074593544,7,9.90348720551,9.90348720551,-8.32079029083,0.79633641243,10.5713167191,7
593,1,54,5,1,1,1,0,0,0,0,0,1,3,15756.5576172,10.3581590652,3300,0,9.24956130981,8.294049263,9.47270488739,0.828147530556,2.90144395828,3,0,25,0,2,0,1,0,0,0,0,0,0,0,0,0,1,0,1,0,0,10.3581590652,3,9.47270488739,8.294049263,0.828147530556,2.90144395828,9.24956130981,3
593,2,54,5,1,1,1,,0,0,0,0,1,5,38437.3554688,11.2499322891,6700,1000,14.7751674652,0,8.294049263,2.51888656616,0.79633641243,3,0,25,0,2,1,0,0,0,0,0,0,0,0,0,0,1,0,1,1,1,10.3581590652,3,9.47270488739,8.294049263,0.828147530556,2.90144395828,9.24956130981,5
594,1,54,5,0,40,1,0,0,0,0,0,1,5,69701.1328125,11.8451194763,1400,14200,15.3467702866,11.512925148,5.29834222794,1.29365265369,0.79633641243,3,1,45,0,3,1,0,0,0,1,0,0,0,0,0,0,1,0,1,0,1,11.8451194763,5,5.29834222794,11.512925148,1.29365265369,0.79633641243,15.3467702866,5
594,2,54,5,0,40,1,,0,0,0,0,1,2,8421,9.73163127899,1550,0,16.1515312195,9.79812717438,9.90348720551,-0.214889287949,0.79633641243,3,1,45,0,3,0,1,0,0,0,0,0,0,0,0,0,1,0,0,0,0,11.8451194763,5,5.29834222794,11.512925148,1.29365265369,0.79633641243,15.3467702866,2
595,1,54,5,0,40,1,0,0,0,0,0,1,6,77243.703125,11.9478673935,16500,0,16.0328636169,13.2533912659,11.0020999908,9.14601325989,2.90144395828,6,1,33,0,2,1,0,0,1,1,0,0,0,0,0,0,1,1,1,0,1,11.9478673935,6,11.0020999908,13.2533912659,9.14601325989,2.90144395828,16.0328636169,6
595,2,54,5,0,40,1,,0,0,0,0,1,6,44429.7890625,11.3948125839,8600,0,14.2183055878,10.8197784424,9.79812717438,-3.82952833176,2.90144395828,6,1,33,0,2,1,1,1,1,1,0,0,0,0,0,0,1,0,1,1,0,11.9478673935,6,11.0020999908,13.2533912659,9.14601325989,2.90144395828,16.0328636169,6
596,1,54,5,1,1,1,0,0,0,0,0,1,5,12338.7792969,10.1136493683,1950,0,10.9920492172,8.69951438904,0,-4.58484649658,-1.32368826866,3,1,46,0,1,1,0,0,0,1,0,0,0,0,0,0,1,1,0,0,1,10.1136493683,5,0,8.69951438904,-4.58484649658,-1.32368826866,10.9920492172,5
596,2,54,5,1,1,1,,0,0,0,0,1,7,39293.2773438,11.2719554901,4675,2200,12.1062526703,0,0,6.75233650208,-1.32368826866,3,1,46,0,1,1,1,0,0,0,0,0,0,0,0,0,1,1,1,1,1,10.1136493683,5,0,8.69951438904,-4.58484649658,-1.32368826866,10.9920492172,7
597,1,54,5,0,40,1,0,0,0,0,0,1,2,12260.7734375,10.1073074341,1700,880,11.2332115173,0,10.3089523315,1.55946838856,0.85428583622,3,1,85,0,2,0,0,0,0,0,0,0,0,0,0,0,1,0,0,0,1,10.1073074341,2,10.3089523315,0,1.55946838856,0.85428583622,11.2332115173,2
597,2,54,5,0,40,1,,0,0,0,0,1,3,25293.5,10.8314495087,2300,0,9.37585449219,0,9.21034049988,-11.1030349731,2.90144395828,3,1,85,0,2,0,1,1,0,0,0,0,0,0,0,0,1,0,0,0,0,10.1073074341,2,10.3089523315,0,1.55946838856,0.85428583622,11.2332115173,3
598,1,54,5,0,40,1,0,0,0,0,0,1,4,3826.40380859,8.94282817841,700,0,13.3867254257,0,0,-5.16645956039,0.79633641243,2,1,65,0,3,0,1,0,0,1,0,0,0,0,0,0,1,0,0,1,0,8.94282817841,4,0,0,-5.16645956039,0.79633641243,13.3867254257,4
598,2,54,5,0,40,1,,0,0,0,0,1,6,219355.65625,12.9915971756,100,50000,13.3778734207,11.2897815704,0,6.42959213257,0.0796284079552,2,1,65,0,3,1,1,0,0,1,0,0,0,0,0,0,1,0,1,0,1,8.94282817841,4,0,0,-5.16645956039,0.79633641243,13.3867254257,6
599,1,54,5,1,1,1,0,0,0,0,0,1,8,98056.3359375,12.1864442825,18400,0,12.7524585724,0,0,-3.46116256714,-1.32368826866,5,0,69,0,2,1,1,0,0,1,0,0,0,0,0,0,1,1,1,1,1,12.1864442825,8,0,0,-3.46116256714,-1.32368826866,12.7524585724,8
599,2,54,5,1,1,1,,0,0,0,0,1,7,105766.039062,12.262131691,15500,3600,13.7003240585,10.7789564133,0,7.98467111588,2.90144395828,5,0,69,0,2,1,0,1,0,1,0,0,0,0,0,0,1,1,1,1,1,12.1864442825,8,0,0,-3.46116256714,-1.32368826866,12.7524585724,7
600,1,55,7,0,37.5,1,0,0,0,0,0,1,4,110582.734375,12.3066663742,800,14000,15.9720058441,11.2897815704,0,-4.759100914,0.85428583622,6,1,65,0,3,0,1,0,1,0,0,0,0,0,0,0,0,0,1,0,1,12.3066663742,4,0,11.2897815704,-4.759100914,0.85428583622,15.9720058441,4
600,2,55,7,0,37.5,1,,0,0,0,0,1,2,57250.25,11.6483345032,1200,9500,11.7752895355,0,10.3089523315,8.26562404633,-3.37084650993,6,1,65,0,3,0,0,0,0,0,0,0,0,0,0,0,1,0,0,0,1,12.3066663742,4,0,11.2897815704,-4.759100914,0.85428583622,15.9720058441,2
601,1,55,7,0,37.5,1,0,0,0,0,0,1,2,58671.5390625,11.6728572845,1750,9500,11.7722082138,10.740735054,9.21034049988,5.79630804062,2.90144395828,9,0,55,0,3,0,1,0,0,0,0,0,0,0,0,0,0,0,0,0,1,11.6728572845,2,9.21034049988,10.740735054,5.79630804062,2.90144395828,11.7722082138,2
601,2,55,7,0,37.5,1,,0,0,0,0,1,3,33919.3085938,11.1248865128,900,6000,14.5092573166,7.37775945663,7.60090255737,-2.9972243309,2.90144395828,9,0,55,0,3,0,1,0,1,1,0,0,0,0,0,0,0,0,0,0,1,11.6728572845,2,9.21034049988,10.740735054,5.79630804062,2.90144395828,11.7722082138,3
602,1,55,7,1,1.125,1,0,0,0,0,0,1,6,8343.77929688,9.7224187851,1100,0,10.5185651779,8.69951438904,10.085808754,3.64201235771,0.85428583622,4,1,68,0,2,1,1,0,0,0,0,0,0,0,0,0,1,0,1,1,1,9.7224187851,6,10.085808754,8.69951438904,3.64201235771,0.85428583622,10.5185651779,6
602,2,55,7,1,1.125,1,,0,0,0,0,1,9,23254.7558594,10.7474117279,1400,3270,15.2596492767,10.691945076,9.47270488739,0.255674958229,-1.32368826866,4,1,68,0,2,1,1,0,1,1,0,0,0,1,0,1,1,0,1,1,1,9.7224187851,6,10.085808754,8.69951438904,3.64201235771,0.85428583622,10.5185651779,9
603,1,55,7,1,1.125,1,0,0,0,0,0,1,3,220155.109375,12.9952344894,0,50000,10.3320178986,0,8.9871969223,-5.20308637619,0.79633641243,6,0,67,0,2,0,0,0,0,0,0,0,0,0,0,0,1,0,1,0,1,12.9952344894,3,8.9871969223,0,-5.20308637619,0.79633641243,10.3320178986,3
603,2,55,7,1,1.125,1,,0,0,0,0,1,7,22566.9003906,10.7173862457,470,2800,12.5626974106,9.5749835968,8.294049263,9.89588737488,-1.26573896408,6,0,67,0,2,1,1,0,1,1,0,0,0,0,0,1,1,0,0,1,1,12.9952344894,3,8.9871969223,0,-5.20308637619,0.79633641243,10.3320178986,7
604,1,55,7,1,1.125,1,0,0,0,0,0,1,4,16584.0488281,10.4093437195,2950,0,9.95227813721,0,6.39693260193,4.45843887329,2.90144395828,4,0,34,0,2,0,0,1,0,0,0,0,0,0,0,0,1,0,1,0,1,10.4093437195,4,6.39693260193,0,4.45843887329,2.90144395828,9.95227813721,4
604,2,55,7,1,1.125,1,,0,0,0,0,1,5,36700.1640625,11.2036838531,3000,0,9.79812717438,11.0284175873,0,5.48407268524,-4.08977031708,4,0,34,0,2,1,0,0,0,1,0,0,0,0,0,0,1,0,1,0,1,10.4093437195,4,6.39693260193,0,4.45843887329,2.90144395828,9.95227813721,5
605,1,55,7,1,1.125,1,0,0,0,0,0,1,,33292.8945312,11.1062459946,2000,5200,17.4067611694,10.691945076,0,2.64732122421,2.90144395828,3,1,42,0,3,1,1,0,0,1,0,0,0,0,0,1,888,0,1,1,1,11.1062459946,7,0,10.691945076,2.64732122421,2.90144395828,17.4067611694,7
605,2,55,7,1,1.125,1,,0,0,0,0,1,7,41282.2226562,11.3213348389,2300,6400,11.7215642929,9.90348720551,8.51719284058,3.34486651421,2.90144395828,3,1,42,0,3,1,0,0,1,1,0,0,0,0,0,1,1,0,1,1,1,11.1062459946,7,0,10.691945076,2.64732122421,2.90144395828,17.4067611694,7
606,1,55,7,1,1.125,1,0,0,0,0,0,1,1,9474.63476562,9.84952068329,1500,600,10.6213274002,0,0,-0.789160788059,2.90144395828,5,1,60,0,1,1,0,0,0,0,0,0,0,0,0,0,0,0,0,0,0,9.84952068329,1,0,0,-0.789160788059,2.90144395828,10.6213274002,1
606,2,55,7,1,1.125,1,,0,0,0,0,1,8,42651.625,11.3539676666,2000,6900,11.8291950226,0,7.60090255737,-2.53299736977,-8.3149023056,5,1,60,0,1,1,1,0,1,0,0,0,0,0,0,1,1,1,0,1,1,9.84952068329,1,0,0,-0.789160788059,2.90144395828,10.6213274002,8
607,1,55,7,1,1.125,1,0,0,0,0,0,1,8,19976.2304688,10.5954456329,3100,0,10.413312912,9.5749835968,0,3.11664676666,0.0796284079552,3,0,0,0,3,1,1,0,0,0,0,0,1,0,0,0,1,1,1,1,1,10.5954456329,8,0,9.5749835968,3.11664676666,0.0796284079552,10.413312912,8
607,2,55,7,1,1.125,1,,0,0,0,0,1,8,39049.6171875,11.2657356262,4550,3200,11.999048233,10.9937314987,10.6454248428,1.5871617794,-1.32368826866,3,0,0,0,3,1,1,0,0,1,0,0,0,0,0,0,1,1,1,1,1,10.5954456329,8,0,9.5749835968,3.11664676666,0.0796284079552,10.413312912,8
608,1,55,7,1,1.125,1,0,0,0,0,0,1,5,129673.179688,12.4659194946,500,29300,12.9229364395,0,7.60090255737,7.25755596161,0.85428583622,5,1,38,0,2,1,1,0,0,1,0,0,0,0,0,0,1,0,0,0,1,12.4659194946,5,7.60090255737,0,7.25755596161,0.85428583622,12.9229364395,5
608,2,55,7,1,1.125,1,,0,0,0,0,1,3,42366.7304688,11.3472661972,500,6000,12.087852478,9.5749835968,0,-0.61105543375,0.85428583622,5,1,38,0,2,0,0,0,1,1,0,0,0,0,0,0,1,0,0,0,1,12.4659194946,5,7.60090255737,0,7.25755596161,0.85428583622,12.9229364395,3
609,1,55,7,1,1.125,1,0,0,0,0,0,1,1,4059.01928711,9.00184345245,100,0,11.3828163147,0,0,2.25845789909,-1.96752977371,3,0,23,0,1,0,1,0,0,0,0,0,0,0,0,0,0,0,0,0,0,9.00184345245,1,0,0,2.25845789909,-1.96752977371,11.3828163147,1
609,2,55,7,1,1.125,1,,0,0,0,0,1,6,4942.57714844,9.19878959656,600,0,8.21608829498,0,0,3.78986740112,-10.3620605469,3,0,23,0,1,1,1,0,0,1,0,0,0,0,0,1,0,0,1,0,1,9.00184345245,1,0,0,2.25845789909,-1.96752977371,11.3828163147,6
610,1,55,7,0,37.5,1,0,0,0,0,0,1,3,23144.1347656,10.74264431,1200,4000,11.2997322083,11.1562509537,7.60090255737,4.88771677017,2.90144395828,8,0,43,0,3,0,0,1,0,1,0,0,0,0,0,0,1,0,0,0,1,10.74264431,3,7.60090255737,11.1562509537,4.88771677017,2.90144395828,11.2997322083,3
610,2,55,7,0,37.5,1,,0,0,0,0,1,2,38833.3085938,11.2601804733,7550,0,12.3414773941,8.00636768341,0,-6.31715393066,-1.26573896408,8,0,43,0,3,1,1,0,0,0,0,0,0,0,0,0,0,0,0,0,0,10.74264431,3,7.60090255737,11.1562509537,4.88771677017,2.90144395828,11.2997322083,2
611,1,55,7,0,37.5,1,0,0,0,0,0,1,4,16762.625,10.4200544357,2600,0,12.2968273163,0,0,-1.12123906612,2.90144395828,6,1,80,0,3,1,0,0,0,0,0,0,0,0,1,0,1,0,0,0,1,10.4200544357,4,0,0,-1.12123906612,2.90144395828,12.2968273163,4
611,2,55,7,0,37.5,1,,0,0,0,0,1,5,58097.4023438,11.663022995,1000,10450,13.2523384094,9.39266204834,8.76405334473,6.55212688446,-3.37084650993,6,1,80,0,3,1,1,0,0,0,0,0,0,0,0,0,1,0,0,1,1,10.4200544357,4,0,0,-1.12123906612,2.90144395828,12.2968273163,5
612,1,56,5,0,32,1,0,0,0,1,0,0,2,57433.7890625,11.6515350342,11800,300,12.0656604767,9.21034049988,7.60090255737,3.06786894798,2.90144395828,3,1,56,0,3,1,0,0,0,0,0,0,0,0,0,0,0,0,0,1,0,11.6515350342,2,7.60090255737,9.21034049988,3.06786894798,2.90144395828,12.0656604767,2
612,2,56,5,0,32,1,,0,0,1,0,0,6,24161.9238281,10.7856807709,100,4900,11.3034381866,11.8775682449,0,5.34720611572,2.90144395828,3,1,56,0,3,1,1,0,0,1,0,0,0,0,0,0,1,0,0,1,1,11.6515350342,2,7.60090255737,9.21034049988,3.06786894798,2.90144395828,12.0656604767,6
613,1,56,5,0,32,1,0,0,0,1,0,0,11,90878.734375,12.1104288101,7800,2800,14.2657575607,0,9.21034049988,-4.83859825134,2.90144395828,2,1,63,0,3,1,1,1,0,1,1,0,0,0,1,1,1,1,1,1,1,12.1104288101,11,9.21034049988,0,-4.83859825134,2.90144395828,14.2657575607,11
613,2,56,5,0,32,1,,0,0,1,0,0,6,218739,12.988781929,43200,500,10.8077058792,8.294049263,0,-1.46040213108,2.90144395828,2,1,63,0,3,1,1,0,0,0,0,0,0,0,0,0,1,0,1,1,1,12.1104288101,11,9.21034049988,0,-4.83859825134,2.90144395828,14.2657575607,6
614,1,56,5,1,1,1,0,0,0,1,0,0,5,21467.0585938,10.6674222946,3550,0,11.5805845261,0,0,-3.72446751595,2.90144395828,6,1,85,0,1,1,0,0,0,1,0,0,0,0,0,0,1,0,1,0,1,10.6674222946,5,0,0,-3.72446751595,2.90144395828,11.5805845261,5
614,2,56,5,1,1,1,,0,0,1,0,0,5,81856.3671875,12.0058689117,5150,12500,11.1004362106,0,0,9.12449359894,-1.32368826866,6,1,85,0,1,1,1,0,0,0,1,0,0,0,0,0,1,0,0,0,1,10.6674222946,5,0,0,-3.72446751595,2.90144395828,11.5805845261,5
615,1,56,5,0,32,1,0,0,0,1,0,0,2,20569.75,10.6247243881,2200,2100,14.8173179626,0,0,1.05368459225,2.90144395828,10,1,61,0,2,1,0,0,0,1,0,0,0,0,0,0,0,0,0,0,0,10.6247243881,2,0,0,1.05368459225,2.90144395828,14.8173179626,2
615,2,56,5,0,32,1,,0,0,1,0,0,5,3375.73071289,8.81751441956,600,0,13.6541671753,8.69951438904,0,2.31343173981,2.90144395828,10,1,61,0,2,1,0,0,1,0,0,1,0,0,0,0,0,0,1,0,1,10.6247243881,2,0,0,1.05368459225,2.90144395828,14.8173179626,5
616,1,56,5,0,32,1,0,0,0,1,0,0,5,196664.4375,12.8824014664,21500,12900,15.0684165955,12.1547794342,0,-1.27004480362,0.781419277191,6,0,43,0,3,1,0,0,0,0,1,1,0,0,0,0,1,0,0,1,1,12.8824014664,5,0,12.1547794342,-1.27004480362,0.781419277191,15.0684165955,5
616,2,56,5,0,32,1,,0,0,1,0,0,7,177838.84375,12.7817802429,32500,1000,13.7050256729,12.7483968735,13.8155107498,-2.59582710266,-1.26795446873,6,0,43,0,3,1,0,1,1,1,1,0,0,0,0,0,1,0,1,1,1,12.8824014664,5,0,12.1547794342,-1.27004480362,0.781419277191,15.0684165955,7
617,1,57,7,1,1.125,1,0,0,0,0,0,0,3,8254.15429688,9.71161937714,200,1200,11.5463600159,8.294049263,9.54681301117,-0.635276019573,-1.25082182884,6,0,32,0,2,0,0,0,0,0,0,0,0,0,0,0,1,1,0,0,1,9.71161937714,3,9.54681301117,8.294049263,-0.635276019573,-1.25082182884,11.5463600159,3
617,2,57,7,1,1.125,1,,0,0,0,0,0,3,28408.5390625,10.9475917816,6100,0,11.4658336639,0,12.2060728073,-0.93688762188,-3.37084650993,6,0,32,0,2,0,1,0,0,0,0,0,0,0,0,0,1,0,0,0,1,9.71161937714,3,9.54681301117,8.294049263,-0.635276019573,-1.25082182884,11.5463600159,3
618,1,57,7,0,38.25,1,0,0,0,0,0,0,3,4728.55761719,9.15452289581,1000,0,12.941321373,6.90775632858,8.38935947418,-5.14555978775,0.85428583622,3,1,56,0,2,0,0,0,0,0,0,0,0,0,0,0,1,0,1,0,1,9.15452289581,3,8.38935947418,6.90775632858,-5.14555978775,0.85428583622,12.941321373,3
618,2,57,7,0,38.25,1,,0,0,0,0,0,5,67413.8046875,11.8117523193,7100,8000,13.7320203781,9.39266204834,8.69951438904,6.49623060226,-2.93287825584,3,1,56,0,2,0,1,0,1,1,0,0,0,0,0,0,0,1,1,0,1,9.15452289581,3,8.38935947418,6.90775632858,-5.14555978775,0.85428583622,12.941321373,5
619,1,57,7,0,38.25,1,0,0,0,0,0,0,3,29461.5,10.9839868546,700,6000,10.2750511169,10.7789564133,8.69951438904,8.73554706573,-6.19266223907,6,0,36,0,3,0,1,0,0,0,0,0,0,0,0,0,1,0,0,0,1,10.9839868546,3,8.69951438904,10.7789564133,8.73554706573,-6.19266223907,10.2750511169,3
619,2,57,7,0,38.25,1,,0,0,0,0,0,4,73553.140625,11.8989105225,1000,13400,13.8248662949,11.9263591766,11.0020999908,5.15675544739,-1.26795446873,6,0,36,0,3,0,0,0,0,1,0,0,0,0,0,0,1,0,1,0,1,10.9839868546,3,8.69951438904,10.7789564133,8.73554706573,-6.19266223907,10.2750511169,4
620,1,57,7,1,1.125,1,0,0,0,0,0,0,7,25614.75,10.8440704346,1800,3600,12.5762557983,11.097410202,11.512925148,-6.42178487778,-1.25082182884,7,0,55,0,2,1,1,0,0,1,0,0,0,0,0,1,1,0,1,0,1,10.8440704346,7,11.512925148,11.097410202,-6.42178487778,-1.25082182884,12.5762557983,7
620,2,57,7,1,1.125,1,,0,0,0,0,0,5,82727.2421875,12.0164518356,1200,17500,13.8267469406,11.0508899689,11.8493976593,2.46145963669,-6.19266223907,7,0,55,0,2,0,1,0,0,1,0,0,0,0,0,0,1,0,1,0,1,10.8440704346,7,11.512925148,11.097410202,-6.42178487778,-1.25082182884,12.5762557983,5
621,1,57,7,0,38.25,1,0,0,0,0,0,0,2,39320.6328125,11.2726516724,4200,4000,17.4067611694,8.47637081146,9.90348720551,3.31064915657,-1.25082182884,7,1,67,0,1,0,0,0,0,0,0,0,0,0,0,0,1,0,0,0,1,11.2726516724,2,9.90348720551,8.47637081146,3.31064915657,-1.25082182884,17.4067611694,2
621,2,57,7,0,38.25,1,,0,0,0,0,0,5,15227.9902344,10.3240375519,1300,1750,12.3613739014,6.90775632858,9.54681301117,4.48189067841,-1.32368826866,7,1,67,0,1,0,1,0,1,1,0,0,0,0,0,0,1,0,1,0,1,11.2726516724,2,9.90348720551,8.47637081146,3.31064915657,-1.25082182884,17.4067611694,5
622,1,57,7,1,1.125,1,0,0,0,0,0,0,7,30837.2402344,11.0296258926,6400,200,10.6406517029,0,0,-4.20127868652,-5.42022037506,3,0,25,0,2,1,0,0,0,1,0,0,0,0,0,1,1,0,1,1,1,11.0296258926,7,0,0,-4.20127868652,-5.42022037506,10.6406517029,7
622,2,57,7,1,1.125,1,,0,0,0,0,0,7,24511.25,10.800034523,2200,2400,11.9772882462,9.86786079407,9.21034049988,2.73853468895,-7.54024505615,3,0,25,0,2,1,0,0,1,1,0,0,0,0,0,1,1,0,1,1,1,11.0296258926,7,0,0,-4.20127868652,-5.42022037506,10.6406517029,7
623,1,57,7,1,1.125,1,0,0,0,0,0,0,4,8572.21191406,9.74942779541,1550,150,11.4616317749,8.9871969223,0,2.44689893723,2.90144395828,6,0,57,0,2,1,0,0,0,0,0,0,0,0,0,0,1,0,1,0,1,9.74942779541,4,0,8.9871969223,2.44689893723,2.90144395828,11.4616317749,4
623,2,57,7,1,1.125,1,,0,0,0,0,0,3,1520.48071289,8.01992893219,200,0,11.2345333099,0,7.60090255737,-1.16209661961,-1.25082182884,6,0,57,0,2,0,1,0,0,1,0,0,0,0,0,0,0,0,0,0,1,9.74942779541,4,0,8.9871969223,2.44689893723,2.90144395828,11.4616317749,3
624,1,57,7,0,38.25,1,0,0,0,0,0,0,3,50900.4023438,11.5307731628,600,7500,13.6995382309,9.68034362793,8.294049263,7.02994012833,0.781419277191,5,0,72,0,2,0,1,0,0,0,0,0,0,0,0,0,1,0,0,0,1,11.5307731628,3,8.294049263,9.68034362793,7.02994012833,0.781419277191,13.6995382309,3
624,2,57,7,0,38.25,1,,0,0,0,0,0,5,705011.5625,14.159116745,1800,156750,13.5100717545,10.3089523315,11.0020999908,4.42446422577,0.79633641243,5,0,72,0,2,1,1,0,0,0,0,0,0,0,0,0,1,0,0,1,1,11.5307731628,3,8.294049263,9.68034362793,7.02994012833,0.781419277191,13.6995382309,5
625,1,57,7,1,1.125,1,0,0,0,0,0,0,5,17991.8183594,10.490819931,1900,940,12.3858909607,10.5966348648,0,0.137132704258,0.85428583622,4,0,30,0,2,1,1,0,0,0,0,0,0,0,0,0,1,0,1,0,1,10.490819931,5,0,10.5966348648,0.137132704258,0.85428583622,12.3858909607,5
625,2,57,7,1,1.125,1,,0,0,0,0,0,8,29847.9785156,10.9970197678,2000,1460,11.7328634262,0,11.0020999908,1.0533747673,-3.37084650993,4,0,30,0,2,1,1,0,0,1,0,0,0,0,0,1,1,0,1,1,1,10.490819931,5,0,10.5966348648,0.137132704258,0.85428583622,12.3858909607,8
626,1,57,7,1,1.125,1,0,0,0,0,0,0,6,94076.5390625,12.1450109482,14500,5800,11.9355754852,8.9871969223,10.9630126953,-0.49288892746,0.85428583622,3,0,29,0,2,1,0,0,0,1,0,0,0,0,0,0,1,1,1,0,1,12.1450109482,6,10.9630126953,8.9871969223,-0.49288892746,0.85428583622,11.9355754852,6
626,2,57,7,1,1.125,1,,0,0,0,0,0,6,42641.2578125,11.3537244797,3950,4100,12.2977399826,8.76405334473,10.5966348648,6.17107009888,-1.26795446873,3,0,29,0,2,1,0,0,0,1,0,0,0,0,0,0,1,0,1,1,1,12.1450109482,6,10.9630126953,8.9871969223,-0.49288892746,0.85428583622,11.9355754852,6
627,1,57,7,1,1.125,1,0,0,0,0,0,0,3,19311.8085938,10.5616188049,3500,200,11.5559844971,0,8.294049263,0.51618117094,0.781419277191,5,0,33,0,2,1,0,0,0,0,0,0,0,0,0,0,1,0,0,0,1,10.5616188049,3,8.294049263,0,0.51618117094,0.781419277191,11.5559844971,3
627,2,57,7,1,1.125,1,,0,0,0,0,0,9,261063.078125,13.1656646729,6000,53000,13.1888999939,9.68034362793,0,7.18300914764,-3.37084650993,5,0,33,0,2,1,1,0,1,1,0,1,0,0,0,1,1,0,1,1,1,10.5616188049,3,8.294049263,0,0.51618117094,0.781419277191,11.5559844971,9
628,1,57,7,1,1.125,1,0,0,0,0,0,0,5,7336.09619141,9.593708992,1600,0,9.12695884705,0,0,-4.88805770874,-4.07263755798,5,0,36,0,1,0,1,0,0,1,0,0,0,0,0,0,1,0,1,0,1,9.593708992,5,0,0,-4.88805770874,-4.07263755798,9.12695884705,5
628,2,57,7,1,1.125,1,,0,0,0,0,0,1,23153.5664062,10.7430515289,1800,3500,9.68657493591,8.8818359375,6.68461322784,6.22891998291,-1.26795446873,5,0,36,0,1,0,1,0,0,0,0,0,0,0,0,0,0,0,0,0,0,9.593708992,5,0,0,-4.88805770874,-4.07263755798,9.12695884705,1
629,1,58,5,0,15.7499990463,1,0,0,0,0,0,0,5,17441.7304688,10.4597682953,2000,1000,11.6902341843,9.21034049988,0,0.44641661644,0.85428583622,4,0,61,0,3,1,1,0,1,1,0,0,0,0,0,0,1,0,0,1,0,10.4597682953,5,0,9.21034049988,0.44641661644,0.85428583622,11.6902341843,5
629,2,58,5,0,15.7499990463,1,,0,0,0,0,0,5,1308311.125,14.7773952484,900,300000,13.0906658173,10.2750511169,9.70503616333,6.07275629044,0.85428583622,4,0,61,0,3,0,1,0,1,1,0,0,0,0,0,0,1,0,1,0,1,10.4597682953,5,0,9.21034049988,0.44641661644,0.85428583622,11.6902341843,5
630,1,58,5,1,1,1,0,0,0,0,0,0,3,21095.3554688,10.6499557495,4500,0,14.5304679871,9.90348720551,8.69951438904,0.731393575668,-1.25082182884,4,0,28,0,3,1,1,0,0,0,0,0,0,0,0,0,1,0,0,0,0,10.6499557495,3,8.69951438904,9.90348720551,0.731393575668,-1.25082182884,14.5304679871,3
630,2,58,5,1,1,1,,0,0,0,0,0,4,13785.6728516,10.2245321274,850,2150,11.3748121262,8.294049263,7.17012023926,-3.46482205391,-3.37084650993,4,0,28,0,3,1,0,0,0,0,1,0,0,0,0,0,1,0,0,0,1,10.6499557495,3,8.69951438904,9.90348720551,0.731393575668,-1.25082182884,14.5304679871,4
631,1,58,5,0,15.7499990463,1,0,0,0,0,0,0,4,2305.38452148,8.43614959717,100,0,13.5286283493,5.28829240799,0,2.38109016418,0.85428583622,5,0,48,0,3,1,0,0,0,1,0,0,0,0,0,0,1,0,1,0,0,8.43614959717,4,0,5.28829240799,2.38109016418,0.85428583622,13.5286283493,4
631,2,58,5,0,15.7499990463,1,,0,0,0,0,0,5,2504.84619141,8.51912975311,100,0,10.6942148209,10.6406517029,8.294049263,4.88159799576,0.85428583622,5,0,48,0,3,1,1,0,1,0,0,0,0,0,0,0,1,0,0,0,1,8.43614959717,4,0,5.28829240799,2.38109016418,0.85428583622,13.5286283493,5
632,1,58,5,0,15.7499990463,1,0,0,0,0,0,0,2,19701.8261719,10.5816135406,1250,3000,8.76405334473,0,0,1.18764090538,-5.42022037506,2,1,36,0,3,0,1,0,0,0,0,0,0,0,0,0,1,0,0,0,0,10.5816135406,2,0,0,1.18764090538,-5.42022037506,8.76405334473,2
632,2,58,5,0,15.7499990463,1,,0,0,0,0,0,3,11208.5957031,10.017583847,600,1200,11.8656930923,0,7.60090255737,2.47011351585,-4.0875544548,2,1,36,0,3,1,0,0,1,0,0,0,0,0,0,0,0,0,0,0,1,10.5816135406,2,0,0,1.18764090538,-5.42022037506,8.76405334473,3
633,1,58,5,0,15.7499990463,1,0,0,0,0,0,0,6,23725,10.7674322128,4000,0,10.1542463303,11.4295434952,9.21034049988,-0.682409882545,2.90144395828,5,1,34,0,3,1,1,0,0,1,0,0,0,0,0,0,0,0,1,1,1,10.7674322128,6,9.21034049988,11.4295434952,-0.682409882545,2.90144395828,10.1542463303,6
633,2,58,5,0,15.7499990463,1,,0,0,0,0,0,7,15146.3173828,10.3186597824,1100,1000,11.8277359009,10.49127388,10.9331073761,4.24259471893,0.781419277191,5,1,34,0,3,1,1,1,1,1,0,0,0,0,0,0,1,0,1,1,1,10.7674322128,6,9.21034049988,11.4295434952,-0.682409882545,2.90144395828,10.1542463303,7
634,1,59,6,0,16,1,0,0,1,0,0,0,3,12572.3457031,10.13240242,600,1200,12.5630474091,9.21034049988,7.93737459183,-2.41550636292,-1.25082182884,5,0,52,0,2,0,0,1,0,0,0,0,0,0,0,0,1,0,0,0,1,10.13240242,3,7.93737459183,9.21034049988,-2.41550636292,-1.25082182884,12.5630474091,3
634,2,59,6,0,16,1,,0,1,0,0,0,4,1202.28845215,7.78512954712,100,0,10.5764322281,9.03598690033,9.47270488739,0.0114901661873,0.85428583622,5,0,52,0,2,1,0,0,0,1,0,0,0,0,0,0,1,0,0,0,1,10.13240242,3,7.93737459183,9.21034049988,-2.41550636292,-1.25082182884,12.5630474091,4
635,1,59,6,0,16,1,0,0,1,0,0,0,3,15042.4921875,10.3117818832,500,2340,13.5365896225,6.90775632858,0,-2.45684456825,0.79633641243,3,0,38,0,2,0,1,0,0,0,0,0,0,0,0,0,1,0,0,0,1,10.3117818832,3,0,6.90775632858,-2.45684456825,0.79633641243,13.5365896225,3
635,2,59,6,0,16,1,,0,1,0,0,0,4,76710.28125,11.9409379959,3800,13250,10.6828126907,0,0,2.90646052361,-1.25082182884,3,0,38,0,2,1,0,0,0,1,0,0,0,0,0,0,1,0,0,0,1,10.3117818832,3,0,6.90775632858,-2.45684456825,0.79633641243,13.5365896225,4
636,1,59,6,1,1,1,0,0,1,0,0,0,6,60717.7421875,11.7071380615,4100,8300,11.5375785828,0,0,-1.44368469715,0.781419277191,5,0,38,0,2,1,1,0,0,0,1,0,0,0,0,0,1,0,0,1,1,11.7071380615,6,0,0,-1.44368469715,0.781419277191,11.5375785828,6
636,2,59,6,1,1,1,,0,1,0,0,0,7,37641.6640625,11.2290143967,650,7300,10.6642932892,8.69951438904,0,1.06257486343,-3.37084650993,5,0,38,0,2,1,1,0,0,1,0,1,0,0,0,0,1,0,0,1,1,11.7071380615,6,0,0,-1.44368469715,0.781419277191,11.5375785828,7
637,1,59,6,0,16,1,0,0,1,0,0,0,8,137719.515625,12.5261211395,10300,17200,15.1938228607,9.39266204834,0,-1.11897540092,-3.37084650993,6,0,0,0,3,1,1,0,0,1,0,0,0,0,0,0,1,1,1,1,1,12.5261211395,8,0,9.39266204834,-1.11897540092,-3.37084650993,15.1938228607,8
637,2,59,6,0,16,1,,0,1,0,0,0,8,78419.984375,11.9629812241,6200,3400,13.7384138107,11.3963918686,0,0.507345438004,0.781419277191,6,0,0,0,3,1,1,0,0,1,0,0,0,0,0,1,1,0,1,1,1,12.5261211395,8,0,9.39266204834,-1.11897540092,-3.37084650993,15.1938228607,8
638,1,59,6,0,16,1,0,0,1,0,0,0,6,15591.3271484,10.3476171494,1500,1600,12.6513996124,10.49127388,0,3.61149120331,0.781419277191,3,0,28,0,3,1,0,0,0,1,0,0,0,0,0,1,1,0,1,1,0,10.3476171494,6,0,10.49127388,3.61149120331,0.781419277191,12.6513996124,6
638,2,59,6,0,16,1,,0,1,0,0,0,8,37847.7539062,11.2344741821,2800,5130,12.1704454422,9.90348720551,10.5966348648,-1.88094997406,0.85428583622,3,0,28,0,3,1,1,0,0,1,0,0,0,0,0,1,1,0,1,1,1,10.3476171494,6,0,10.49127388,3.61149120331,0.781419277191,12.6513996124,8
639,1,60,6,1,1.25,1,0,0,0,0,1,0,2,51103.078125,11.5347471237,500,11000,9.87302875519,0,0,-1.04187166691,0.79633641243,5,0,49,0,2,0,0,0,0,0,0,0,0,0,0,0,1,0,0,1,0,11.5347471237,2,0,0,-1.04187166691,0.79633641243,9.87302875519,2
639,2,60,6,1,1.25,1,,0,0,0,1,0,4,15904,10.3674726486,1200,2000,13.8728351593,0,0,3.65870952606,-2.93287825584,5,0,49,0,2,1,0,0,1,1,0,0,0,0,0,0,1,0,0,0,1,11.5347471237,2,0,0,-1.04187166691,0.79633641243,9.87302875519,4
640,1,60,6,1,1.25,1,0,0,0,0,1,0,2,4904.56738281,9.19106960297,1000,0,11.5598087311,0,9.21034049988,-0.796684384346,-1.25082182884,8,0,53,0,2,0,0,0,0,0,0,0,0,0,0,0,1,0,0,0,1,9.19106960297,2,9.21034049988,0,-0.796684384346,-1.25082182884,11.5598087311,2
640,2,60,6,1,1.25,1,,0,0,0,1,0,1,10577.0576172,9.95958995819,800,1500,11.5346870422,0,8.294049263,-0.796684384346,-1.25082182884,8,0,53,0,2,0,1,0,0,0,0,0,0,0,0,0,0,0,0,0,0,9.19106960297,2,9.21034049988,0,-0.796684384346,-1.25082182884,11.5598087311,1
641,1,60,6,0,65,1,0,0,0,0,1,0,9,210678.46875,12.9512357712,22250,8500,14.113984108,12.4211835861,0,-5.56966924667,2.90144395828,9,0,65,0,3,1,1,0,1,1,0,0,0,0,1,0,1,1,1,1,1,12.9512357712,9,0,12.4211835861,-5.56966924667,2.90144395828,14.113984108,9
641,2,60,6,0,65,1,,0,0,0,1,0,8,811731.1875,14.3000717163,13600,168500,14.8531694412,11.0666379929,0,6.6683216095,-1.32368826866,9,0,65,0,3,1,1,0,1,1,1,0,0,0,0,1,1,1,0,0,1,12.9512357712,9,0,12.4211835861,-5.56966924667,2.90144395828,14.113984108,8
642,1,60,6,0,65,1,0,0,0,0,1,0,5,12209.9423828,10.1031532288,1900,0,10.9508066177,11.7597856522,9.90348720551,1.93709146976,-2.02547931671,4,0,43,0,3,0,0,0,0,1,0,0,0,0,0,0,1,0,1,1,1,10.1031532288,5,9.90348720551,11.7597856522,1.93709146976,-2.02547931671,10.9508066177,5
642,2,60,6,0,65,1,,0,0,0,1,0,6,27437.25,10.9128036499,5800,0,10.0519075394,0,10.896739006,9.23667621613,-1.32368826866,4,0,43,0,3,1,1,0,0,1,0,0,0,0,0,0,1,1,0,0,1,10.1031532288,5,9.90348720551,11.7597856522,1.93709146976,-2.02547931671,10.9508066177,6
643,1,60,6,0,65,1,0,0,0,0,1,0,4,17562.4804688,10.4666671753,3900,0,10.9852924347,8.9871969223,8.9871969223,-5.00776338577,-3.38797926903,5,0,40,0,3,0,1,0,0,1,0,0,0,0,0,0,0,0,1,0,1,10.4666671753,4,8.9871969223,8.9871969223,-5.00776338577,-3.38797926903,10.9852924347,4
643,2,60,6,0,65,1,,0,0,0,1,0,4,8998.35546875,9.79794406891,1600,0,12.1062526703,0,9.21034049988,2.3436870575,-1.25082182884,5,0,40,0,3,0,1,0,1,0,0,0,0,0,0,0,1,0,0,0,1,10.4666671753,4,8.9871969223,8.9871969223,-5.00776338577,-3.38797926903,10.9852924347,4
644,1,60,6,1,1.25,1,0,0,0,0,1,0,9,38844.8945312,11.2604789734,6600,2000,13.0974559784,0,11.1562509537,1.30528688431,0.85428583622,3,1,64,0,2,1,0,0,0,1,1,0,0,0,0,1,1,1,1,1,1,11.2604789734,9,11.1562509537,0,1.30528688431,0.85428583622,13.0974559784,9
644,2,60,6,1,1.25,1,,0,0,0,1,0,5,16776.0957031,10.4208574295,700,2600,11.1123886108,0,8.76405334473,1.47995746136,-7.54024505615,3,1,64,0,2,1,0,0,0,1,0,0,1,0,0,0,1,0,0,0,1,11.2604789734,9,11.1562509537,0,1.30528688431,0.85428583622,13.0974559784,5
645,1,60,6,1,1.25,1,0,0,0,0,1,0,2,40457.0195312,11.3011426926,3000,6000,10.9402246475,0,10.085808754,3.20707011223,-5.49308681488,6,1,44,0,2,0,0,0,0,0,0,0,0,0,0,0,1,0,0,0,1,11.3011426926,2,10.085808754,0,3.20707011223,-5.49308681488,10.9402246475,2
645,2,60,6,1,1.25,1,,0,0,0,1,0,5,19091.0488281,10.550122261,3900,0,11.0186290741,0,9.21034049988,1.43474125862,-3.37084650993,6,1,44,0,2,1,0,0,1,1,0,0,0,0,0,0,1,1,0,0,1,11.3011426926,2,10.085808754,0,3.20707011223,-5.49308681488,10.9402246475,5
646,1,60,6,1,1.25,1,0,0,0,0,1,0,4,44865.921875,11.4045810699,500,6950,13.4376115799,8.69951438904,10.3089523315,-0.796684384346,-5.42022037506,8,0,51,0,2,0,1,0,0,1,0,0,0,0,0,0,1,0,0,0,1,11.4045810699,4,10.3089523315,8.69951438904,-0.796684384346,-5.42022037506,13.4376115799,4
646,2,60,6,1,1.25,1,,0,0,0,1,0,5,49919.9335938,11.5113229752,3500,6200,12.1500310898,5.480656147,11.7829523087,-1.3603618145,-1.32368826866,8,0,51,0,2,1,1,0,0,1,0,0,0,0,0,0,1,0,0,0,1,11.4045810699,4,10.3089523315,8.69951438904,-0.796684384346,-5.42022037506,13.4376115799,5
647,1,60,6,1,1.25,1,0,0,0,0,1,0,6,37730.6171875,11.2313747406,5700,1500,13.8946914673,0,11.0020999908,-4.26306390762,0.781419277191,5,1,46,0,3,0,1,0,0,1,0,0,0,0,0,0,1,1,1,0,1,11.2313747406,6,11.0020999908,0,-4.26306390762,0.781419277191,13.8946914673,6
647,2,60,6,1,1.25,1,,0,0,0,1,0,4,12580.0195312,10.1330118179,2000,0,12.8314762115,0,9.79812717438,3.70935416222,0.79633641243,5,1,46,0,3,1,0,0,0,1,0,0,0,0,0,0,1,0,0,0,1,11.2313747406,6,11.0020999908,0,-4.26306390762,0.781419277191,13.8946914673,4
648,1,60,6,0,65,1,0,0,0,0,1,0,5,19249,10.5583620071,4200,0,12.0227508545,0,0,7.43842315674,0.79633641243,5,1,68,0,3,1,0,0,0,0,0,0,0,0,0,0,1,1,1,0,1,10.5583620071,5,0,0,7.43842315674,0.79633641243,12.0227508545,5
648,2,60,6,0,65,1,,0,0,0,1,0,3,40103.6523438,11.2923698425,5700,3050,12.9503879547,10.085808754,0,6.02562189102,-1.26795446873,5,1,68,0,3,0,1,0,0,0,0,0,0,0,0,0,1,0,0,0,1,10.5583620071,5,0,0,7.43842315674,0.79633641243,12.0227508545,3
649,1,60,6,1,1.25,1,0,0,0,0,1,0,2,31365.6738281,11.0466165543,400,6600,13.3485422134,0,10.4042625427,-2.21070623398,-1.25082182884,6,0,48,0,2,0,0,0,0,0,0,0,0,0,0,0,1,0,0,0,1,11.0466165543,2,10.4042625427,0,-2.21070623398,-1.25082182884,13.3485422134,2
649,2,60,6,1,1.25,1,,0,0,0,1,0,3,131310.5625,12.4784679413,3250,12250,13.6602592468,9.48797225952,9.34136867523,2.08636689186,-1.26795446873,6,0,48,0,2,0,1,0,0,0,0,0,0,0,0,0,1,0,0,0,1,11.0466165543,2,10.4042625427,0,-2.21070623398,-1.25082182884,13.3485422134,3
650,1,60,6,1,1.25,1,0,0,0,0,1,0,8,37530.4804688,11.2260560989,3850,4200,11.5327281952,8.294049263,9.39266204834,9.70327854156,0.781419277191,8,1,64,0,1,1,1,1,1,1,0,0,0,0,0,0,1,1,1,1,1,11.2260560989,8,9.39266204834,8.294049263,9.70327854156,0.781419277191,11.5327281952,8
650,2,60,6,1,1.25,1,,0,0,0,1,0,6,40291.2578125,11.2970371246,2200,5200,10.085808754,10.5966348648,0,6.15437269211,-1.26795446873,8,1,64,0,1,1,1,0,0,1,0,0,0,0,0,0,1,0,1,0,1,11.2260560989,8,9.39266204834,8.294049263,9.70327854156,0.781419277191,11.5327281952,6
651,1,61,7,0,49.5,1,0,1,0,0,0,0,3,71380.921875,11.868932724,9300,2400,14.7904472351,9.54681301117,0,3.30397939682,2.90144395828,4,0,47,0,3,0,0,0,0,1,0,0,0,0,0,0,1,0,0,0,1,11.868932724,3,0,9.54681301117,3.30397939682,2.90144395828,14.7904472351,3
651,2,61,7,0,49.5,1,,1,0,0,0,0,6,36134.1796875,11.1881418228,4400,1560,17.6023159027,13.0731735229,0,1.76257324219,2.90144395828,4,0,47,0,3,1,1,0,0,1,0,0,0,0,0,0,1,0,1,0,1,11.868932724,3,0,9.54681301117,3.30397939682,2.90144395828,14.7904472351,6
652,1,61,7,1,1.74999988079,1,0,1,0,0,0,0,5,96966.0078125,12.1752634048,5000,16500,10.0345153809,0,0,4.59310150146,-2.04039621353,3,0,33,0,3,1,1,1,0,1,0,0,0,0,0,0,1,0,1,0,0,12.1752634048,5,0,0,4.59310150146,-2.04039621353,10.0345153809,5
652,2,61,7,1,1.74999988079,1,,1,0,0,0,0,6,37554.3359375,11.226691246,7850,0,11.981678009,9.58877658844,10.691945076,5.47231054306,-6.19266223907,3,0,33,0,3,1,1,0,0,1,0,1,0,0,0,0,0,0,1,0,1,12.1752634048,5,0,0,4.59310150146,-2.04039621353,10.0345153809,6
653,1,61,7,1,1.74999988079,1,0,1,0,0,0,0,3,35573.8828125,11.1725139618,4200,3100,16.4186153412,8.00636768341,0,1.79929506779,-1.32368826866,8,0,56,0,2,0,0,1,0,1,0,0,0,0,0,0,1,0,0,0,1,11.1725139618,3,0,8.00636768341,1.79929506779,-1.32368826866,16.4186153412,3
653,2,61,7,1,1.74999988079,1,,1,0,0,0,0,3,66558.71875,11.7989873886,7780,7000,11.8407897949,8.0709066391,10.4341154099,0.086722239852,2.90144395828,8,0,56,0,2,0,1,0,0,0,0,0,0,0,0,0,1,0,0,0,1,11.1725139618,3,0,8.00636768341,1.79929506779,-1.32368826866,16.4186153412,3
654,1,61,7,0,49.5,1,0,1,0,0,0,0,4,47430.046875,11.4601583481,1250,5700,11.9854259491,9.54681301117,11.6647882462,6.24484729767,0.781419277191,7,0,44,0,2,0,1,0,0,0,0,0,0,0,0,0,1,0,1,0,1,11.4601583481,4,11.6647882462,9.54681301117,6.24484729767,0.781419277191,11.9854259491,4
654,2,61,7,0,49.5,1,,1,0,0,0,0,5,18846.8457031,10.5372476578,600,2750,11.4008760452,0,12.7512998581,3.99075818062,2.90144395828,7,0,44,0,2,0,1,1,0,0,0,0,0,0,0,0,1,0,1,0,1,11.4601583481,4,11.6647882462,9.54681301117,6.24484729767,0.781419277191,11.9854259491,5
655,1,61,7,1,1.74999988079,1,0,1,0,0,0,0,3,5906.72119141,9.37699317932,800,0,12.6891155243,6.90775632858,11.0020999908,-0.21079261601,2.90144395828,9,0,57,0,3,0,0,0,0,0,0,0,0,0,0,0,1,0,1,0,1,9.37699317932,3,11.0020999908,6.90775632858,-0.21079261601,2.90144395828,12.6891155243,3
655,2,61,7,1,1.74999988079,1,,1,0,0,0,0,5,24028.5,10.7801427841,5300,0,10.165851593,8.69951438904,11.2384881973,3.20566534996,2.90144395828,9,0,57,0,3,0,1,0,1,0,0,1,0,0,0,0,1,0,0,0,1,9.37699317932,3,11.0020999908,6.90775632858,-0.21079261601,2.90144395828,12.6891155243,5
656,1,61,7,0,49.5,1,0,1,0,0,0,0,4,30323.3886719,11.0128221512,2000,3480,11.3574409485,0,0,2.47723984718,-1.26573896408,4,0,31,0,3,0,1,1,0,0,0,0,0,0,0,0,1,0,0,0,1,11.0128221512,4,0,0,2.47723984718,-1.26573896408,11.3574409485,4
656,2,61,7,0,49.5,1,,1,0,0,0,0,2,27607.4609375,10.9189882278,6200,0,10.4968147278,0,0,6.52722406387,-3.37084650993,4,0,31,0,3,1,1,0,0,0,0,0,0,0,0,0,0,0,0,0,0,11.0128221512,4,0,0,2.47723984718,-1.26573896408,11.3574409485,2
657,1,61,7,1,1.74999988079,1,0,1,0,0,0,0,3,330642.65625,13.4019403458,900,73600,13.3632678986,9.68034362793,0,7.05505371094,2.90144395828,3,0,29,0,2,0,1,0,0,0,1,0,0,0,0,0,0,0,1,0,0,13.4019403458,3,0,9.68034362793,7.05505371094,2.90144395828,13.3632678986,3
657,2,61,7,1,1.74999988079,1,,1,0,0,0,0,4,19157.0859375,10.5535755157,600,1300,17.148349762,9.30565071106,9.90348720551,1.09731388092,0.85428583622,3,0,29,0,2,0,1,0,0,1,0,0,0,0,0,0,1,0,1,0,0,13.4019403458,3,0,9.68034362793,7.05505371094,2.90144395828,13.3632678986,4
658,1,61,7,0,49.5,1,0,1,0,0,0,0,4,31155.9707031,11.0399084091,2900,3800,10.7143735886,0,9.90348720551,1.79240655899,-1.32368826866,5,0,43,0,3,0,1,0,0,1,0,0,0,0,0,0,1,0,0,0,1,11.0399084091,4,9.90348720551,0,1.79240655899,-1.32368826866,10.7143735886,4
658,2,61,7,0,49.5,1,,1,0,0,0,0,2,434.5,7.46049070358,0,100,10.4399805069,0,8.69951438904,3.12941503525,-3.37084650993,5,0,43,0,3,0,1,1,1,1,0,0,0,0,0,0,0,0,0,0,0,11.0399084091,4,9.90348720551,0,1.79240655899,-1.32368826866,10.7143735886,2
659,1,61,7,1,1.74999988079,1,0,1,0,0,0,0,1,0,5.29834222794,0,0,10.9577999115,0,8.294049263,-4.20127868652,2.90144395828,4,0,37,0,2,0,0,0,0,0,0,0,0,0,0,0,1,0,0,0,0,5.29834222794,1,8.294049263,0,-4.20127868652,2.90144395828,10.9577999115,1
659,2,61,7,1,1.74999988079,1,,1,0,0,0,0,2,0,7.46049070358,0,0,10.1886663437,0,0,2.30769777298,-3.37084650993,4,0,37,0,2,1,1,0,0,0,0,0,0,0,0,0,0,0,0,0,0,5.29834222794,1,8.294049263,0,-4.20127868652,2.90144395828,10.9577999115,2
660,1,61,7,1,1.74999988079,1,0,1,0,0,0,0,6,26916.9042969,10.8936567307,5600,0,10.8317070007,0,0,1.01846504211,0.781419277191,6,0,45,0,3,1,0,0,1,1,1,0,0,0,0,0,1,0,1,0,1,10.8936567307,6,0,0,1.01846504211,0.781419277191,10.8317070007,6
660,2,61,7,1,1.74999988079,1,,1,0,0,0,0,7,56966,11.6433572769,7000,5300,12.321185112,0,10.4341154099,3.17242980003,0.79633641243,6,0,45,0,3,1,1,0,1,0,1,1,0,0,1,1,1,0,0,0,0,10.8936567307,6,0,0,1.01846504211,0.781419277191,10.8317070007,7
661,1,61,7,1,1.74999988079,1,0,1,0,0,0,0,4,42884.1015625,11.3594036102,5300,4200,11.4075651169,9.79812717438,0,-3.90655517578,2.90144395828,4,1,47,0,2,1,0,0,0,0,1,0,0,0,0,0,1,0,0,0,1,11.3594036102,4,0,9.79812717438,-3.90655517578,2.90144395828,11.4075651169,4
661,2,61,7,1,1.74999988079,1,,1,0,0,0,0,6,3495516.75,15.7601385117,4150,800000,15.2049503326,8.63052177429,7.60090255737,4.986723423,2.90144395828,4,1,47,0,2,1,0,0,0,1,0,0,0,0,0,1,1,0,1,1,0,11.3594036102,4,0,9.79812717438,-3.90655517578,2.90144395828,11.4075651169,6
662,1,61,7,1,1.74999988079,1,0,1,0,0,0,0,3,6532.46142578,9.47768592834,400,800,15.0140886307,8.47637081146,0,-0.268693387508,0.85428583622,8,0,42,0,2,1,0,0,0,0,0,0,0,0,0,0,1,0,0,0,1,9.47768592834,3,0,8.47637081146,-0.268693387508,0.85428583622,15.0140886307,3
662,2,61,7,1,1.74999988079,1,,1,0,0,0,0,7,22212.3359375,10.7015504837,1300,3300,17.6023159027,10.7789564133,0,2.57879567146,-3.37084650993,8,0,42,0,2,1,1,0,1,1,0,1,0,0,0,0,1,0,1,0,1,9.47768592834,3,0,8.47637081146,-0.268693387508,0.85428583622,15.0140886307,7
663,1,62,7,1,1.25,1,0,0,0,0,1,0,6,46581.796875,11.442111969,4500,6000,14.5786504745,7.60090255737,8.69951438904,6.11651229858,2.90144395828,8,0,50,0,1,1,1,0,0,1,1,0,0,0,0,0,1,0,0,0,1,11.442111969,6,8.69951438904,7.60090255737,6.11651229858,2.90144395828,14.5786504745,6
663,2,62,7,1,1.25,1,,0,0,0,1,0,4,6473.56738281,9.46862983704,1100,0,9.61580562592,0,8.294049263,-1.15210008621,-1.25082182884,8,0,50,0,1,0,1,0,1,0,0,0,0,0,0,0,1,0,0,0,1,11.442111969,6,8.69951438904,7.60090255737,6.11651229858,2.90144395828,14.5786504745,4
664,1,62,7,0,30.7500019073,1,0,0,0,0,1,0,3,26904.5,10.893196106,2700,3000,12.006401062,0,8.69951438904,-4.29861068726,-1.96752977371,3,0,81,0,3,0,0,0,1,1,0,0,0,0,0,0,1,0,0,0,1,10.893196106,3,8.69951438904,0,-4.29861068726,-1.96752977371,12.006401062,3
664,2,62,7,0,30.7500019073,1,,0,0,0,1,0,4,7786.23095703,9.65325927734,1600,0,9.21034049988,10.2109718323,0,-6.54001760483,-5.49308681488,3,0,81,0,3,0,0,0,0,1,0,0,0,0,0,0,1,0,1,0,1,10.893196106,3,8.69951438904,0,-4.29861068726,-1.96752977371,12.006401062,4
665,1,62,7,1,1.25,1,0,0,0,0,1,0,5,79010.8046875,11.9704866409,1000,17000,10.6310358047,0,8.294049263,5.55383682251,2.90144395828,9,0,50,0,2,1,1,0,0,0,0,0,0,1,0,0,0,1,0,0,1,11.9704866409,5,8.294049263,0,5.55383682251,2.90144395828,10.6310358047,5
665,2,62,7,1,1.25,1,,0,0,0,1,0,4,40288.1523438,11.296959877,4400,0,11.5018644333,8.9871969223,7.60090255737,5.62396144867,2.90144395828,9,0,50,0,2,1,1,0,0,0,0,0,0,0,0,0,1,0,0,0,1,11.9704866409,5,8.294049263,0,5.55383682251,2.90144395828,10.6310358047,4
666,1,62,7,0,30.7500019073,1,0,0,0,0,1,0,8,254050.484375,13.1384353638,44900,7600,14.9280261993,13.1062335968,0,5.39953517914,0.79633641243,6,0,0,0,3,1,0,1,0,1,0,1,0,0,0,1,1,0,1,1,1,13.1384353638,8,0,13.1062335968,5.39953517914,0.79633641243,14.9280261993,8
666,2,62,7,0,30.7500019073,1,,0,0,0,1,0,9,75033.59375,11.918838501,10700,3420,14.6388959885,11.7280368805,0,8.91718387604,-1.26795446873,6,0,0,0,3,1,0,1,1,1,0,0,0,1,1,0,1,1,1,1,1,13.1384353638,8,0,13.1062335968,5.39953517914,0.79633641243,14.9280261993,9
667,1,62,7,1,1.25,1,0,0,0,0,1,0,3,5602.27880859,9.32407569885,850,0,9.96646213531,0,0,4.90916585922,0.85428583622,3,0,28,0,2,1,0,0,0,1,0,0,0,0,0,0,0,0,0,0,1,9.32407569885,3,0,0,4.90916585922,0.85428583622,9.96646213531,3
667,2,62,7,1,1.25,1,,0,0,0,1,0,5,15974.0771484,10.3718700409,2400,900,11.2746686935,6.90775632858,0,9.05458831787,0.85428583622,3,0,28,0,2,1,1,0,1,1,0,0,0,0,0,0,1,0,1,0,0,9.32407569885,3,0,0,4.90916585922,0.85428583622,9.96646213531,5
668,1,62,7,0,30.7500019073,1,0,0,0,0,1,0,5,12465.5957031,10.1238746643,1900,750,9.65502643585,0,0,-7.53591632843,-1.32368826866,4,0,27,0,1,1,1,1,0,0,0,0,0,0,0,0,1,0,0,0,1,10.1238746643,5,0,0,-7.53591632843,-1.32368826866,9.65502643585,5
668,2,62,7,0,30.7500019073,1,,0,0,0,1,0,7,27547.3554688,10.916809082,1450,2600,11.0540599823,0,8.00636768341,5.84513998032,2.90144395828,4,0,27,0,1,1,1,1,1,1,0,0,0,0,0,1,1,0,1,0,1,10.1238746643,5,0,0,-7.53591632843,-1.32368826866,9.65502643585,7
669,1,62,7,1,1.25,1,0,0,0,0,1,0,4,13035,10.1685409546,2800,150,14.9250297546,0,0,-9.23733520508,0.781419277191,4,1,31,0,2,0,1,0,0,0,0,0,0,0,0,1,0,0,1,0,1,10.1685409546,4,0,0,-9.23733520508,0.781419277191,14.9250297546,4
669,2,62,7,1,1.25,1,,0,0,0,1,0,1,11939.0478516,10.0807170868,2500,0,11.8940982819,0,7.60090255737,3.35398936272,2.90144395828,4,1,31,0,2,0,1,0,0,0,0,0,0,0,0,0,0,0,0,0,0,10.1685409546,4,0,0,-9.23733520508,0.781419277191,14.9250297546,1
670,1,62,7,0,30.7500019073,1,0,0,0,0,1,0,8,54796.0585938,11.6045207977,1300,9400,12.7790279388,10.4222812653,9.79812717438,2.5705332756,2.90144395828,4,0,78,0,2,1,0,0,0,1,0,0,0,1,0,1,1,0,1,1,1,11.6045207977,8,9.79812717438,10.4222812653,2.5705332756,2.90144395828,12.7790279388,8
670,2,62,7,0,30.7500019073,1,,0,0,0,1,0,4,25949.5195312,10.8570556641,2500,2500,12.2150325775,10.5966348648,0,9.3416595459,2.90144395828,4,0,78,0,2,1,1,1,1,1,0,0,0,0,0,0,0,0,1,0,0,11.6045207977,8,9.79812717438,10.4222812653,2.5705332756,2.90144395828,12.7790279388,4
671,1,62,7,1,1.25,1,0,0,0,0,1,0,4,53932.4609375,11.5886354446,8000,2200,12.2030677795,0,8.294049263,-4.51477432251,2.90144395828,3,0,23,0,2,0,0,0,0,1,0,0,0,0,0,0,1,0,1,0,1,11.5886354446,4,8.294049263,0,-4.51477432251,2.90144395828,12.2030677795,4
671,2,62,7,1,1.25,1,,0,0,0,1,0,5,100850.117188,12.2145376205,20400,0,12.5032100677,0,8.85366535187,1.20884609222,-1.32368826866,3,0,23,0,2,1,0,0,0,1,0,0,0,0,0,0,1,0,1,0,1,11.5886354446,4,8.294049263,0,-4.51477432251,2.90144395828,12.2030677795,5
672,1,62,7,1,1.25,1,0,0,0,0,1,0,8,31851.1152344,11.0619745255,3900,3300,11.8522367477,10.085808754,8.294049263,-2.42067408562,0.85428583622,8,0,0,0,1,1,0,0,0,1,0,1,0,0,0,1,1,0,1,1,1,11.0619745255,8,8.294049263,10.085808754,-2.42067408562,0.85428583622,11.8522367477,8
672,2,62,7,1,1.25,1,,0,0,0,1,0,7,22400.8847656,10.7100028992,3900,0,10.7144174576,0,9.90348720551,5.61562204361,-3.31511259079,8,0,0,0,1,1,1,1,1,1,0,0,0,0,0,0,1,0,1,1,1,11.0619745255,8,8.294049263,10.085808754,-2.42067408562,0.85428583622,11.8522367477,7
673,1,62,7,1,1.25,1,0,0,0,0,1,0,5,3592.98071289,8.87988471985,800,0,7.97246599197,0,0,-2.8974852562,-1.96752977371,3,1,39,0,1,1,0,0,0,1,0,0,0,0,0,1,0,0,1,0,1,8.87988471985,5,0,0,-2.8974852562,-1.96752977371,7.97246599197,5
673,2,62,7,1,1.25,1,,0,0,0,1,0,3,2965.49047852,8.68794536591,600,0,7.97246599197,0,5.99147081375,-3.51449966431,0.85428583622,3,1,39,0,1,0,1,0,0,0,0,1,0,0,0,0,0,0,0,0,1,8.87988471985,5,0,0,-2.8974852562,-1.96752977371,7.97246599197,3
674,1,62,7,1,1.25,1,0,0,0,0,1,0,5,18363.8261719,10.5112848282,1900,2000,10.9331073761,7.09007740021,0,3.89244413376,2.90144395828,5,0,26,0,2,1,0,0,0,1,0,0,0,0,0,0,1,0,1,0,1,10.5112848282,5,0,7.09007740021,3.89244413376,2.90144395828,10.9331073761,5
674,2,62,7,1,1.25,1,,0,0,0,1,0,5,70019.8671875,11.8496818542,850,15000,9.5749835968,0,9.74096870422,8.72478675842,-1.25082182884,5,0,26,0,2,0,1,0,1,1,1,0,0,0,0,0,1,0,0,0,1,10.5112848282,5,0,7.09007740021,3.89244413376,2.90144395828,10.9331073761,5
675,1,63,7,1,2,1,0,1,0,0,0,0,6,19714.5,10.5822572708,3400,0,11.5768384933,0,11.512925148,1.70947551727,0.85428583622,8,0,39,0,3,1,0,0,0,1,0,0,0,1,0,0,1,1,0,1,0,10.5822572708,6,11.512925148,0,1.70947551727,0.85428583622,11.5768384933,6
675,2,63,7,1,2,1,,1,0,0,0,0,5,80095.453125,11.9841213226,12900,3600,13.0553684235,11.0020999908,11.4075651169,4.1871676445,-1.26573896408,8,0,39,0,3,1,0,0,0,1,0,0,0,0,0,0,1,1,0,0,1,10.5822572708,6,11.512925148,0,1.70947551727,0.85428583622,11.5768384933,5
676,1,63,7,0,42,1,0,1,0,0,0,0,2,14151.7119141,10.2507381439,2600,0,11.5385732651,0,7.60090255737,-0.0603692978621,-4.07263755798,7,0,67,0,2,0,1,0,0,0,0,0,0,0,0,0,1,0,0,0,0,10.2507381439,2,7.60090255737,0,-0.0603692978621,-4.07263755798,11.5385732651,2
676,2,63,7,0,42,1,,1,0,0,0,0,8,1081567.25,14.5870685577,6900,240800,12.7098731995,11.1331281662,11.0666379929,8.76651382446,2.90144395828,7,0,67,0,2,1,1,0,0,1,1,0,0,0,0,0,1,0,1,1,1,10.2507381439,2,7.60090255737,0,-0.0603692978621,-4.07263755798,11.5385732651,8
677,1,63,7,1,2,1,0,1,0,0,0,0,5,10499.9707031,9.95227527618,1400,0,13.6649198532,10.6735954285,0,3.90009593964,2.90144395828,4,0,40,0,2,1,1,0,0,1,0,0,0,0,0,0,1,0,1,0,0,9.95227527618,5,0,10.6735954285,3.90009593964,2.90144395828,13.6649198532,5
677,2,63,7,1,2,1,,1,0,0,0,0,7,46620.3554688,11.4429397583,3400,5250,12.953707695,11.0666379929,0,6.56599473953,2.90144395828,4,0,40,0,2,1,1,0,1,1,1,0,0,0,0,0,1,0,1,0,1,9.95227527618,5,0,10.6735954285,3.90009593964,2.90144395828,13.6649198532,7
678,1,63,7,1,2,1,0,1,0,0,0,0,3,173809040,15.180106163,1700,40000000,12.4920034409,0,8.69951438904,-1.03421986103,2.90144395828,4,0,42,0,2,0,0,1,0,0,0,0,1,0,0,0,1,0,0,0,0,15.180106163,3,8.69951438904,0,-1.03421986103,2.90144395828,12.4920034409,3
678,2,63,7,1,2,1,,1,0,0,0,0,7,20550.3457031,10.6237802505,2850,1000,11.8493976593,8.76405334473,9.68034362793,0.393548965454,0.781419277191,4,0,42,0,2,1,1,1,0,1,0,0,0,0,0,1,1,0,1,0,1,15.180106163,3,8.69951438904,0,-1.03421986103,2.90144395828,12.4920034409,7
679,1,63,7,1,2,1,0,1,0,0,0,0,2,8389.19238281,9.7278470993,1700,0,11.1301994324,0,0,-1.80575442314,-1.25082182884,4,0,29,0,2,1,0,0,0,0,0,0,0,0,0,0,1,0,0,0,0,9.7278470993,2,0,0,-1.80575442314,-1.25082182884,11.1301994324,2
679,2,63,7,1,2,1,,1,0,0,0,0,4,9197.81738281,9.81986904144,1600,0,9.98966503143,0,0,5.75046491623,-3.37084650993,4,0,29,0,2,1,1,0,0,0,0,0,0,0,0,0,1,0,0,0,1,9.7278470993,2,0,0,-1.80575442314,-1.25082182884,11.1301994324,4
680,1,63,7,1,2,1,0,1,0,0,0,0,2,11175.9804688,10.0146694183,1300,750,10.0982313156,10.7363967896,11.6190853119,-2.05618619919,-1.25082182884,5,1,47,0,2,1,0,0,0,0,0,0,0,0,0,0,0,0,1,0,0,10.0146694183,2,11.6190853119,10.7363967896,-2.05618619919,-1.25082182884,10.0982313156,2
680,2,63,7,1,2,1,,1,0,0,0,0,3,15673.8076172,10.3528938293,2800,0,10.691945076,10.0432491302,11.4510498047,2.50984120369,-7.54024505615,5,1,47,0,2,1,0,1,1,1,0,0,0,0,0,0,1,0,0,0,0,10.0146694183,2,11.6190853119,10.7363967896,-2.05618619919,-1.25082182884,10.0982313156,3
681,1,63,7,1,2,1,0,1,0,0,0,0,6,30819.5859375,11.0290527344,1200,5000,13.4706230164,10.6525421143,0,-5.77963638306,-1.32368826866,5,0,37,0,3,1,0,0,0,1,0,0,0,0,0,0,1,0,1,1,1,11.0290527344,6,0,10.6525421143,-5.77963638306,-1.32368826866,13.4706230164,6
681,2,63,7,1,2,1,,1,0,0,0,0,7,38424.4140625,11.2495956421,700,7000,15.5481567383,10.3089523315,10.4341154099,3.36871123314,-3.37084650993,5,0,37,0,3,1,1,1,1,1,1,0,0,0,0,0,1,0,1,1,0,11.0290527344,6,0,10.6525421143,-5.77963638306,-1.32368826866,13.4706230164,7
682,1,63,7,1,2,1,0,1,0,0,0,0,3,10978.9423828,9.99688148499,1800,600,16.8120079041,0,0,4.83105945587,-3.31511259079,5,0,39,0,2,1,0,0,0,0,0,0,0,0,0,0,1,0,0,0,1,9.99688148499,3,0,0,4.83105945587,-3.31511259079,16.8120079041,3
682,2,63,7,1,2,1,,1,0,0,0,0,1,1651.61535645,8.10265636444,0,0,8.57546234131,6.90775632858,9.21034049988,4.05764722824,-3.37084650993,5,0,39,0,2,0,1,0,0,0,0,0,0,0,0,0,0,0,0,0,0,9.99688148499,3,0,0,4.83105945587,-3.31511259079,16.8120079041,1
683,1,63,7,0,42,1,0,1,0,0,0,0,7,14426.3847656,10.2699613571,1800,0,12.2913322449,10.085808754,11.2897815704,-2.3187520504,2.90144395828,4,0,36,0,3,1,0,1,0,0,0,0,0,0,0,1,1,1,1,1,0,10.2699613571,7,11.2897815704,10.085808754,-2.3187520504,2.90144395828,12.2913322449,7
683,2,63,7,0,42,1,,1,0,0,0,0,8,61894.1640625,11.7263278961,9100,3000,12.2278337479,10.165851593,10.5966348648,8.24417495728,2.90144395828,4,0,36,0,3,1,1,0,0,1,0,0,0,0,0,0,1,1,1,1,1,10.2699613571,7,11.2897815704,10.085808754,-2.3187520504,2.90144395828,12.2913322449,8
684,1,63,7,0,42,1,0,1,0,0,0,0,5,11071.9423828,10.0053167343,1400,0,13.5813064575,0,0,-0.886658787727,0.85428583622,6,1,59,0,2,1,0,0,0,1,0,0,0,0,0,0,1,0,1,1,0,10.0053167343,5,0,0,-0.886658787727,0.85428583622,13.5813064575,5
684,2,63,7,0,42,1,,1,0,0,0,0,8,24191.8457031,10.7869176865,1650,2500,13.947766304,0,11.2897815704,5.74141931534,-7.54024505615,6,1,59,0,2,1,1,1,0,1,0,0,0,0,1,1,1,1,1,0,0,10.0053167343,5,0,0,-0.886658787727,0.85428583622,13.5813064575,8
685,1,63,7,1,2,1,0,1,0,0,0,0,8,107095.117188,12.2746200562,19650,0,12.5845088959,0,0,1.35986042023,0.0796284079552,3,0,45,0,2,1,0,1,0,1,1,0,0,0,0,0,1,1,1,1,1,12.2746200562,8,0,0,1.35986042023,0.0796284079552,12.5845088959,8
685,2,63,7,1,2,1,,1,0,0,0,0,8,84152.8671875,12.0335378647,11950,2400,12.803809166,10.6454248428,0,7.33033084869,2.90144395828,3,0,45,0,2,1,0,1,1,1,1,1,0,0,0,0,1,1,1,1,1,12.2746200562,8,0,0,1.35986042023,0.0796284079552,12.5845088959,8
686,1,63,7,0,42,1,0,1,0,0,0,0,8,66773.921875,11.8022146225,3200,10900,13.489780426,11.512925148,12.5913352966,4.54878616333,2.90144395828,6,1,54,0,3,1,0,1,0,0,0,0,0,0,0,1,1,1,1,1,1,11.8022146225,8,12.5913352966,11.512925148,4.54878616333,2.90144395828,13.489780426,8
686,2,63,7,0,42,1,,1,0,0,0,0,10,95849.078125,12.1636772156,9700,5600,13.0761098862,12.9480104446,13.8155107498,3.83924865723,2.90144395828,6,1,54,0,3,1,1,0,1,1,1,1,0,0,0,1,1,1,1,1,1,11.8022146225,8,12.5913352966,11.512925148,4.54878616333,2.90144395828,13.489780426,10
687,1,64,6,1,1.25,1,0,1,0,0,0,0,3,3403.76928711,8.8257856369,0,0,9.14846515656,10.1503477097,3.4023065567,-3.51947498322,-3.37084650993,4,1,42,0,1,1,1,0,0,0,0,0,0,0,0,0,0,0,0,0,1,8.8257856369,3,3.4023065567,10.1503477097,-3.51947498322,-3.37084650993,9.14846515656,3
687,2,64,6,1,1.25,1,,1,0,0,0,0,6,5197.28857422,9.24903964996,250,750,9.92329025269,7.49554204941,0,6.34922599792,-1.25082182884,4,1,42,0,1,1,1,1,0,1,0,0,0,0,0,1,1,0,0,0,1,8.8257856369,3,3.4023065567,10.1503477097,-3.51947498322,-3.37084650993,9.14846515656,6
688,1,64,6,0,37,1,0,1,0,0,0,0,2,11989.9902344,10.0849742889,950,1600,11.0251655579,0,0,-12.6014652252,-1.32368826866,2,1,80,0,3,1,0,0,0,0,0,0,0,0,0,0,0,0,0,1,0,10.0849742889,2,0,0,-12.6014652252,-1.32368826866,11.0251655579,2
688,2,64,6,0,37,1,,1,0,0,0,0,5,28008.4648438,10.9334096909,4700,500,10.6164369583,9.68034362793,10.6689558029,2.81052231789,2.90144395828,2,1,80,0,3,0,0,0,0,1,0,0,0,0,0,0,1,0,1,1,1,10.0849742889,2,0,0,-12.6014652252,-1.32368826866,11.0251655579,5
689,1,64,6,0,37,1,0,1,0,0,0,0,5,30973.7597656,11.0340433121,6700,0,12.3766593933,0,10.085808754,1.70034480095,2.90144395828,1,0,48,0,3,0,0,1,1,0,1,0,0,0,0,0,1,0,1,0,1,11.0340433121,5,10.085808754,0,1.70034480095,2.90144395828,12.3766593933,5
689,2,64,6,0,37,1,,1,0,0,0,0,7,27743.7207031,10.9239120483,4800,0,14.3405942917,0,11.0020999908,4.34620046616,-1.32368826866,1,0,48,0,3,1,1,0,1,1,0,0,0,0,0,0,1,0,1,1,1,11.0340433121,5,10.085808754,0,1.70034480095,2.90144395828,12.3766593933,7
690,1,64,6,1,1.25,1,0,1,0,0,0,0,10,51531.7890625,11.5431013107,4000,200,13.3337583542,9.92817974091,12.2060728073,4.75896596909,2.90144395828,9,0,58,0,2,1,1,1,0,0,1,0,0,0,0,1,1,1,1,1,1,11.5431013107,10,12.2060728073,9.92817974091,4.75896596909,2.90144395828,13.3337583542,10
690,2,64,6,1,1.25,1,,1,0,0,0,0,5,156022.625,12.6509037018,11350,22460,13.8200998306,12.8415908813,11.1562509537,4.69719552994,-1.26795446873,9,0,58,0,2,1,0,0,1,1,0,0,0,0,0,0,0,0,1,1,1,11.5431013107,10,12.2060728073,9.92817974091,4.75896596909,2.90144395828,13.3337583542,5
691,1,64,6,0,37,1,0,1,0,0,0,0,5,254931.28125,13.1418962479,28200,27600,13.0147781372,13.1223630905,10.8197784424,4.34913492203,-1.96752977371,1,0,44,0,3,1,0,0,1,1,0,0,0,0,0,0,1,0,1,0,1,13.1418962479,5,10.8197784424,13.1223630905,4.34913492203,-1.96752977371,13.0147781372,5
691,2,64,6,0,37,1,,1,0,0,0,0,6,68851.0546875,11.8328475952,11000,0,14.7099647522,13.0731735229,11.904967308,3.49730110168,-2.04039621353,1,0,44,0,3,0,1,0,0,1,0,0,0,1,0,0,1,0,1,0,1,13.1418962479,5,10.8197784424,13.1223630905,4.34913492203,-1.96752977371,13.0147781372,6
692,1,64,6,1,1.25,1,0,1,0,0,0,0,6,27520.5390625,10.9158353806,600,5350,9.74683380127,0,0,4.76896286011,-3.37084650993,5,1,32,0,2,1,1,0,0,1,0,0,0,0,0,0,1,0,1,0,1,10.9158353806,6,0,0,4.76896286011,-3.37084650993,9.74683380127,6
692,2,64,6,1,1.25,1,,1,0,0,0,0,3,39254.8671875,11.2709779739,4150,4800,10.5966348648,10.2750511169,0,1.70947551727,-7.54024505615,5,1,32,0,2,1,0,0,0,0,0,0,0,0,0,0,1,0,0,0,1,10.9158353806,6,0,0,4.76896286011,-3.37084650993,9.74683380127,3
693,1,64,6,1,1.25,1,0,1,0,0,0,0,5,18792,10.5343341827,1600,2000,17.4067611694,0,7.60090255737,5.26334524155,-1.26573896408,5,1,55,0,2,0,1,0,0,0,0,0,0,0,0,0,1,1,0,1,1,10.5343341827,5,7.60090255737,0,5.26334524155,-1.26573896408,17.4067611694,5
693,2,64,6,1,1.25,1,,1,0,0,0,0,6,22605.5957031,10.7190999985,1050,3600,12.2204685211,10.4222812653,10.5966348648,4.27572393417,0.85428583622,5,1,55,0,2,1,0,0,0,1,0,0,0,0,0,0,1,0,1,1,1,10.5343341827,5,7.60090255737,0,5.26334524155,-1.26573896408,17.4067611694,6
694,1,64,6,1,1.25,1,0,1,0,0,0,0,6,29220.9414062,10.9757881165,3000,3000,11.3337984085,10.2399597168,8.00636768341,-2.19888949394,0.0796284079552,7,0,56,0,2,1,1,0,0,1,0,0,0,0,0,0,1,0,1,0,1,10.9757881165,6,8.00636768341,10.2399597168,-2.19888949394,0.0796284079552,11.3337984085,6
694,2,64,6,1,1.25,1,,1,0,0,0,0,5,29275.3847656,10.9776496887,4200,2000,12.2662267685,9.93304634094,0,0.366905748844,-1.96752977371,7,0,56,0,2,1,1,0,1,1,0,0,0,0,0,0,1,0,1,0,0,10.9757881165,6,8.00636768341,10.2399597168,-2.19888949394,0.0796284079552,11.3337984085,5
695,1,64,6,1,1.25,1,0,1,0,0,0,0,8,14352.6542969,10.264837265,2900,0,10.8628377914,10.085808754,9.21034049988,2.28966474533,2.90144395828,11,1,42,0,1,1,1,0,0,1,0,1,0,0,0,1,1,0,1,0,1,10.264837265,8,9.21034049988,10.085808754,2.28966474533,2.90144395828,10.8628377914,8
695,2,64,6,1,1.25,1,,1,0,0,0,0,7,12600.5,10.1346387863,500,2400,10.8434944153,8.294049263,8.69951438904,8.42114639282,-6.20979499817,11,1,42,0,1,1,1,0,1,1,0,0,0,0,0,1,1,0,1,0,1,10.264837265,8,9.21034049988,10.085808754,2.28966474533,2.90144395828,10.8628377914,7
696,1,64,6,1,1.25,1,0,1,0,0,0,0,4,20566.7890625,10.6245803833,1800,2400,12.5396766663,8.38935947418,0,-2.55987501144,-3.37084650993,6,0,52,0,2,1,1,0,1,0,0,0,0,0,0,1,0,0,0,0,0,10.6245803833,4,0,8.38935947418,-2.55987501144,-3.37084650993,12.5396766663,4
696,2,64,6,1,1.25,1,,1,0,0,0,0,4,6800.25,9.51786136627,850,600,10.8685684204,8.76405334473,0,2.46145963669,0.85428583622,6,0,52,0,2,0,1,0,1,0,0,0,0,0,0,0,1,0,0,0,1,10.6245803833,4,0,8.38935947418,-2.55987501144,-3.37084650993,12.5396766663,4
697,1,64,6,1,1.25,1,0,1,0,0,0,0,5,534.5,6.97447967529,100,0,13.0341873169,0,0,4.77648591995,0.85428583622,8,1,43,0,2,1,1,0,0,0,0,0,0,0,0,1,1,0,0,0,1,6.97447967529,5,0,0,4.77648591995,0.85428583622,13.0341873169,5
697,2,64,6,1,1.25,1,,1,0,0,0,0,5,20812.0664062,10.6364355087,500,4000,9.74096870422,8.8818359375,9.21034049988,3.34107279778,0.85428583622,8,1,43,0,2,0,1,1,1,1,0,0,0,0,0,0,1,0,1,0,1,6.97447967529,5,0,0,4.77648591995,0.85428583622,13.0341873169,5
698,1,64,6,0,37,1,0,1,0,0,0,0,4,30917.8046875,11.0322351456,1400,4920,12.1106624603,0,8.294049263,-6.3588809967,-1.32368826866,3,1,64,0,1,1,1,0,0,0,0,0,0,0,0,0,0,1,1,0,0,11.0322351456,4,8.294049263,0,-6.3588809967,-1.32368826866,12.1106624603,4
698,2,64,6,0,37,1,,1,0,0,0,0,6,22408.5585938,10.7103452682,2550,950,12.9879131317,10.0690021515,0,6.04518795013,-1.32368826866,3,1,64,0,1,0,0,0,0,1,0,0,0,0,0,0,1,1,1,1,1,11.0322351456,4,8.294049263,0,-6.3588809967,-1.32368826866,12.1106624603,6
699,1,65,5,0,58.75,1,0,0,0,0,0,0,3,4177.61523438,9.03064346313,500,300,10.4573726654,0,10.4341154099,0.599222362041,-4.0875544548,5,0,32,0,3,0,1,0,0,0,0,0,0,0,0,0,1,0,0,0,1,9.03064346313,3,10.4341154099,0,0.599222362041,-4.0875544548,10.4573726654,3
699,2,65,5,0,58.75,1,,0,0,0,0,0,4,6241.49023438,9.43212127686,1300,0,14.0150165558,7.93737459183,8.26873207092,0.635704934597,2.90144395828,5,0,32,0,3,0,1,0,0,1,0,0,0,0,0,0,1,0,0,0,1,9.03064346313,3,10.4341154099,0,0.599222362041,-4.0875544548,10.4573726654,4
700,1,65,5,0,58.75,1,0,0,0,0,0,0,5,16598.875,10.4102373123,1500,1600,12.5981149673,9.54681301117,0,-0.247701868415,-4.0875544548,5,0,39,0,3,1,0,0,0,1,0,0,0,0,0,0,1,0,1,0,1,10.4102373123,5,0,9.54681301117,-0.247701868415,-4.0875544548,12.5981149673,5
700,2,65,5,0,58.75,1,,0,0,0,0,0,8,82386.265625,12.0123214722,15700,2500,12.5157604218,11.512925148,0,-0.115266129375,2.90144395828,5,0,39,0,3,1,1,0,0,1,0,0,0,0,0,0,1,1,1,1,1,10.4102373123,5,0,9.54681301117,-0.247701868415,-4.0875544548,12.5981149673,8
701,1,65,5,1,1,1,0,0,0,0,0,0,7,62645,11.7383861542,8450,1800,11.3782501221,11.4762611389,11.9829292297,-1.49647557735,-1.32368826866,9,0,57,0,2,1,0,1,0,1,0,0,0,0,0,0,1,1,1,1,1,11.7383861542,7,11.9829292297,11.4762611389,-1.49647557735,-1.32368826866,11.3782501221,7
701,2,65,5,1,1,1,,0,0,0,0,0,4,8025.85595703,9.68357086182,900,0,11.1433095932,11.0284175873,9.54681301117,0.418085634708,-1.25082182884,9,0,57,0,2,1,0,0,0,1,0,0,0,0,0,0,1,0,0,0,1,11.7383861542,7,11.9829292297,11.4762611389,-1.49647557735,-1.32368826866,11.3782501221,4
702,1,65,5,0,58.75,1,0,0,0,0,0,0,6,14417.75,10.2693624496,2700,0,10.5610074997,0,9.54681301117,-8.32062244415,2.90144395828,4,1,63,0,3,1,1,0,0,1,0,0,0,0,0,0,1,0,1,0,1,10.2693624496,6,9.54681301117,0,-8.32062244415,2.90144395828,10.5610074997,6
702,2,65,5,0,58.75,1,,0,0,0,0,0,5,14515.8652344,10.2761449814,2200,300,12.5817651749,9.39266204834,11.3144741058,-5.11799144745,0.85428583622,4,1,63,0,3,0,1,0,1,1,0,0,0,0,0,0,1,0,1,0,1,10.2693624496,6,9.54681301117,0,-8.32062244415,2.90144395828,10.5610074997,5
703,1,65,5,1,1,1,0,0,0,0,0,0,3,1244.47119141,7.81961345673,0,0,14.5435419083,0,6.90775632858,2.86805510521,-5.42022037506,6,0,39,0,2,0,1,0,1,1,0,0,0,0,0,0,0,0,0,0,1,7.81961345673,3,6.90775632858,0,2.86805510521,-5.42022037506,14.5435419083,3
703,2,65,5,1,1,1,,0,0,0,0,0,5,16309.5195312,10.3926515579,3500,0,10.2750511169,0,0,-0.374128341675,-4.0875544548,6,0,39,0,2,1,0,1,1,0,0,0,0,0,0,0,1,0,1,0,1,7.81961345673,3,6.90775632858,0,2.86805510521,-5.42022037506,14.5435419083,5
704,1,65,5,0,58.75,1,0,0,0,0,0,0,6,68533.4921875,11.8282251358,4400,5050,14.6530170441,9.68034362793,0,-4.96186542511,-1.32368826866,7,0,73,0,3,1,0,0,0,1,0,0,0,0,0,0,1,0,1,1,1,11.8282251358,6,0,9.68034362793,-4.96186542511,-1.32368826866,14.6530170441,6
704,2,65,5,0,58.75,1,,0,0,0,0,0,7,90198.421875,12.1029148102,8200,0,14.7242927551,0,0,-5.05382442474,2.90144395828,7,0,73,0,3,1,1,0,0,1,0,0,0,0,0,0,1,0,1,1,1,11.8282251358,6,0,9.68034362793,-4.96186542511,-1.32368826866,14.6530170441,7
705,1,66,7,1,1.5,1,0,0,0,0,0,0,6,11261.1542969,10.0222616196,1800,0,11.8130302429,10.5558128357,8.82467746735,-1.83887910843,0.781419277191,6,0,35,0,2,1,0,0,0,1,0,0,0,0,0,1,1,0,1,0,1,10.0222616196,6,8.82467746735,10.5558128357,-1.83887910843,0.781419277191,11.8130302429,6
705,2,66,7,1,1.5,1,,0,0,0,0,0,5,18080,10.4957084656,1700,2000,12.4672050476,9.60238265991,9.21034049988,-3.51449966431,-1.32368826866,6,0,35,0,2,1,1,0,1,1,0,0,0,0,0,0,1,0,0,0,1,10.0222616196,6,8.82467746735,10.5558128357,-1.83887910843,0.781419277191,11.8130302429,5
706,1,66,7,1,1.5,1,0,0,0,0,0,0,2,6600.51904297,9.48805046082,1400,0,8.51719284058,0,6.90775632858,0.0114901661873,-3.37084650993,6,1,42,0,2,0,1,0,0,0,0,0,0,0,0,0,1,0,0,0,0,9.48805046082,2,6.90775632858,0,0.0114901661873,-3.37084650993,8.51719284058,2
706,2,66,7,1,1.5,1,,0,0,0,0,0,3,5263.05761719,9.2616147995,1100,0,10.8742666245,0,9.82010555267,5.25933218002,-1.96752977371,6,1,42,0,2,0,1,0,0,0,0,0,0,0,0,0,1,0,0,0,1,9.48805046082,2,6.90775632858,0,0.0114901661873,-3.37084650993,8.51719284058,3
707,1,66,7,0,37.75,1,0,0,0,0,0,0,4,32723.625,11.0889997482,4200,2300,11.5768384933,11.0348892212,0,-3.34979081154,-3.37084650993,4,0,33,0,3,0,0,0,0,1,0,0,0,0,0,0,1,0,1,0,1,11.0889997482,4,0,11.0348892212,-3.34979081154,-3.37084650993,11.5768384933,4
707,2,66,7,0,37.75,1,,0,0,0,0,0,7,44237.875,11.3904838562,3350,5500,13.1596593857,10.085808754,0,-2.08390879631,0.85428583622,4,0,33,0,3,1,1,1,0,1,0,0,0,0,0,0,1,0,1,1,1,11.0889997482,4,0,11.0348892212,-3.34979081154,-3.37084650993,11.5768384933,7
708,1,66,7,1,1.5,1,0,0,0,0,0,0,6,150420.03125,12.6143341064,100,33750,12.6992435455,8.61250305176,11.6082353592,-0.612376153469,-1.32368826866,4,0,31,0,2,1,0,0,0,1,0,0,0,0,0,1,1,0,1,0,1,12.6143341064,6,11.6082353592,8.61250305176,-0.612376153469,-1.32368826866,12.6992435455,6
708,2,66,7,1,1.5,1,,0,0,0,0,0,6,13215.6748047,10.1823062897,1950,840,10.6873893738,10.5558128357,10.3089523315,3.47561955452,-4.1455039978,4,0,31,0,2,1,1,1,1,0,0,0,0,0,0,0,1,0,1,0,1,12.6143341064,6,11.6082353592,8.61250305176,-0.612376153469,-1.32368826866,12.6992435455,6
709,1,66,7,0,37.75,1,0,0,0,0,0,0,6,45359.7304688,11.4155273438,2700,4200,11.3193407059,0,11.5521459579,-1.13640522957,-1.32368826866,6,0,62,0,3,1,1,0,0,1,0,0,0,0,0,0,1,0,0,1,1,11.4155273438,6,11.5521459579,0,-1.13640522957,-1.32368826866,11.3193407059,6
709,2,66,7,0,37.75,1,,0,0,0,0,0,4,19992.9335938,10.5962810516,1800,1950,10.3716144562,10.085808754,5.29834222794,-4.33002948761,0.79633641243,6,0,62,0,3,1,0,0,1,1,0,0,0,0,0,0,1,0,0,0,1,11.4155273438,6,11.5521459579,0,-1.13640522957,-1.32368826866,11.3193407059,4
710,1,66,7,0,37.75,1,0,0,0,0,0,0,6,42225.6367188,11.3439302444,1680,7600,12.2010602951,11.5405406952,9.54681301117,-4.29861068726,2.90144395828,6,0,48,0,3,1,0,1,1,1,0,1,0,0,0,1,1,0,0,0,1,11.3439302444,6,9.54681301117,11.5405406952,-4.29861068726,2.90144395828,12.2010602951,6
710,2,66,7,0,37.75,1,,0,0,0,0,0,6,84006.6171875,12.0317983627,6100,12500,17.6023159027,10.5865840912,10.9259386063,2.09541225433,-1.26573896408,6,0,48,0,3,0,1,0,1,1,0,0,0,0,0,1,1,0,1,0,1,11.3439302444,6,9.54681301117,11.5405406952,-4.29861068726,2.90144395828,12.2010602951,6
711,1,66,7,1,1.5,1,0,0,0,0,0,0,3,3642.84619141,8.89366817474,800,0,11.9703502655,0,0,-1.7338950634,0.79633641243,6,0,75,0,2,1,1,0,0,0,0,0,0,0,0,0,1,0,0,0,0,8.89366817474,3,0,0,-1.7338950634,0.79633641243,11.9703502655,3
711,2,66,7,1,1.5,1,,0,0,0,0,0,6,25601,10.8435335159,800,5000,12.0203456879,8.294049263,7.2442278862,-0.93688762188,0.79633641243,6,0,75,0,2,1,1,0,1,1,0,0,0,0,0,0,1,0,1,0,1,8.89366817474,3,0,0,-1.7338950634,0.79633641243,11.9703502655,6
712,1,66,7,0,37.75,1,0,0,0,0,0,0,1,12600.5,10.1346387863,2600,300,10.4744672775,0,5.99147081375,-2.47401118279,0.85428583622,1,0,37,0,2,0,0,0,0,0,0,0,0,0,0,0,0,0,0,0,1,10.1346387863,1,5.99147081375,0,-2.47401118279,0.85428583622,10.4744672775,1
712,2,66,7,0,37.75,1,,0,0,0,0,0,5,3826.6730957,8.94289779663,400,400,11.4338827133,0,7.60090255737,-9.00740146637,-1.96752977371,1,0,37,0,2,1,0,0,1,0,0,0,0,0,0,0,1,0,0,1,1,10.1346387863,1,5.99147081375,0,-2.47401118279,0.85428583622,10.4744672775,5
713,1,66,7,1,1.5,1,0,0,0,0,0,0,3,28677,10.9569978714,600,6000,9.34136867523,0,0,3.28308129311,-2.02547931671,5,1,42,0,3,1,0,0,0,0,0,0,0,0,0,0,1,0,0,0,1,10.9569978714,3,0,0,3.28308129311,-2.02547931671,9.34136867523,3
713,2,66,7,1,1.5,1,,0,0,0,0,0,4,26077.5488281,10.8619775772,3700,2200,9.84161186218,9.30565071106,0,0.810904443264,-1.96752977371,5,1,42,0,3,0,1,0,0,1,0,0,0,0,0,0,1,0,0,0,1,10.9569978714,3,0,0,3.28308129311,-2.02547931671,9.34136867523,4
714,1,66,7,1,1.5,1,0,0,0,0,0,0,4,5559.14892578,9.31634712219,1100,0,11.4075651169,10.49127388,10.9681978226,-1.20204138756,-1.26573896408,7,1,47,0,2,0,1,0,0,1,0,0,0,0,0,0,1,0,0,0,1,9.31634712219,4,10.9681978226,10.49127388,-1.20204138756,-1.26573896408,11.4075651169,4
714,2,66,7,1,1.5,1,,0,0,0,0,0,4,34607.9921875,11.1449871063,3200,3500,13.371969223,11.6100521088,10.6596097946,-1.74692296982,0.85428583622,7,1,47,0,2,1,0,0,1,1,0,0,0,0,0,0,1,0,0,0,1,9.31634712219,4,10.9681978226,10.49127388,-1.20204138756,-1.26573896408,11.4075651169,4
715,1,66,7,1,1.5,1,0,0,0,0,0,0,2,534.5,6.97447967529,100,0,8.13153076172,0,0,5.5364074707,-1.32368826866,4,1,39,0,2,0,1,0,0,0,0,0,0,0,0,0,1,0,0,0,0,6.97447967529,2,0,0,5.5364074707,-1.32368826866,8.13153076172,2
715,2,66,7,1,1.5,1,,0,0,0,0,0,5,5714.53857422,9.34391593933,200,1000,8.36637020111,10.1811189651,0,1.63547968864,-3.37084650993,4,1,39,0,2,0,1,1,0,0,0,0,0,0,0,0,1,0,1,0,1,6.97447967529,2,0,0,5.5364074707,-1.32368826866,8.13153076172,5
716,1,66,7,1,1.5,1,0,0,0,0,0,0,,62148.0585938,11.73042202,2100,12000,11.5008525848,0,6.39693260193,1.32308089733,-1.25082182884,6,0,38,0,2,1,0,0,888,1,0,0,0,0,0,0,1,0,1,0,1,11.73042202,5,6.39693260193,0,1.32308089733,-1.25082182884,11.5008525848,5
716,2,66,7,1,1.5,1,,0,0,0,0,0,5,11186.4902344,10.0156097412,2400,0,9.80917644501,0,8.29354953766,4.89771366119,-4.07263755798,6,0,38,0,2,0,1,0,1,1,0,0,0,1,0,0,1,0,0,0,1,11.73042202,5,6.39693260193,0,1.32308089733,-1.25082182884,11.5008525848,5
717,1,67,7,1,1,1,0,0,0,0,0,0,4,70403.5703125,11.8551464081,7200,7500,10.6501750946,11.1562509537,0,2.51888656616,0.0796284079552,6,0,35,0,2,1,0,0,0,0,0,0,0,0,0,0,1,0,1,0,1,11.8551464081,4,0,11.1562509537,2.51888656616,0.0796284079552,10.6501750946,4
717,2,67,7,1,1,1,,0,0,0,0,0,9,49317.6445312,11.4991846085,5100,4650,11.9754009247,9.99952507019,9.54681301117,2.01940083504,-4.1455039978,6,0,35,0,2,1,1,1,1,1,1,0,0,0,0,0,1,1,1,1,1,11.8551464081,4,0,11.1562509537,2.51888656616,0.0796284079552,10.6501750946,9
718,1,67,7,1,1,1,0,0,0,0,0,0,5,21412.0664062,10.6648569107,3000,1500,11.787522316,0,0,11.2380132675,0.79633641243,3,1,65,0,1,1,1,0,0,0,0,0,0,0,0,0,1,0,1,0,1,10.6648569107,5,0,0,11.2380132675,0.79633641243,11.787522316,5
718,2,67,7,1,1,1,,0,0,0,0,0,5,36789.7773438,11.2061223984,3000,4750,11.5169172287,9.90348720551,0,-0.430101692677,0.85428583622,3,1,65,0,1,1,1,0,1,1,0,0,0,0,0,0,1,0,0,0,1,10.6648569107,5,0,0,11.2380132675,0.79633641243,11.787522316,5
719,1,67,7,1,1,1,0,0,0,0,0,0,2,13268.4228516,10.1862897873,2000,1000,10.49127388,0,0,3.62212300301,-3.37084650993,7,0,46,0,2,0,0,0,0,0,0,0,0,0,0,0,1,0,0,0,1,10.1862897873,2,0,0,3.62212300301,-3.37084650993,10.49127388,2
719,2,67,7,1,1,1,,0,0,0,0,0,4,29734.4140625,10.9932079315,2300,4000,11.3193407059,0,0,2.801476717,2.90144395828,7,0,46,0,2,0,1,0,1,1,0,0,0,0,0,1,1,0,0,0,0,10.1862897873,2,0,0,3.62212300301,-3.37084650993,10.49127388,4
720,1,67,7,0,30.7500019073,1,0,0,0,0,0,0,3,21507.4804688,10.6693029404,0,4600,12.0940227509,0,0,10.1306295395,-1.32368826866,4,0,65,0,2,1,1,0,0,0,0,0,0,0,0,0,1,0,0,0,0,10.6693029404,3,0,0,10.1306295395,-1.32368826866,12.0940227509,3
720,2,67,7,0,30.7500019073,1,,0,0,0,0,0,4,24070.9511719,10.7819080353,600,2900,11.7829523087,6.08678007126,0,-1.32729959488,-3.37084650993,4,0,65,0,2,1,1,0,0,1,0,0,0,0,0,0,1,0,0,0,0,10.6693029404,3,0,0,10.1306295395,-1.32368826866,12.0940227509,4
721,1,67,7,0,30.7500019073,1,0,0,0,0,0,0,6,57637.1640625,11.6550703049,900,11350,13.6325483322,9.62244987488,0,1.20984828472,0.85428583622,5,0,49,0,3,1,0,0,0,0,0,0,0,0,0,0,1,1,1,1,1,11.6550703049,6,0,9.62244987488,1.20984828472,0.85428583622,13.6325483322,6
721,2,67,7,0,30.7500019073,1,,0,0,0,0,0,5,76263.7890625,11.9351005554,2700,13350,13.2839717865,0,10.5966348648,5.87612819672,-1.25082182884,5,0,49,0,3,1,1,0,0,0,0,1,0,0,1,0,1,0,0,0,0,11.6550703049,6,0,9.62244987488,1.20984828472,0.85428583622,13.6325483322,5
722,1,67,7,0,30.7500019073,1,0,0,0,0,0,0,6,35606.5078125,11.1734304428,600,5900,14.0218744278,11.7535161972,9.90348720551,2.49334764481,-3.38797926903,5,0,76,0,2,0,1,0,0,1,0,0,0,0,0,0,1,1,1,0,1,11.1734304428,6,9.90348720551,11.7535161972,2.49334764481,-3.38797926903,14.0218744278,6
722,2,67,7,0,30.7500019073,1,,0,0,0,0,0,6,70471.2109375,11.8561067581,400,13050,14.4315605164,9.10497951508,8.294049263,8.68887996674,0.85428583622,5,0,76,0,2,0,1,0,0,1,0,1,0,0,0,0,1,0,1,0,1,11.1734304428,6,9.90348720551,11.7535161972,2.49334764481,-3.38797926903,14.0218744278,6
723,1,67,7,0,30.7500019073,1,0,0,0,0,0,0,4,20868.8085938,10.6391582489,2400,1500,12.4032831192,10.416311264,0,-0.0469748675823,2.90144395828,1,0,57,0,3,0,0,0,0,1,0,0,0,0,0,0,1,0,1,0,1,10.6391582489,4,0,10.416311264,-0.0469748675823,2.90144395828,12.4032831192,4
723,2,67,7,0,30.7500019073,1,,0,0,0,0,0,5,32093.4335938,11.0695543289,1400,5000,12.7437286377,0,0,2.71205425262,0.85428583622,1,0,57,0,3,0,0,0,0,1,1,1,0,0,0,0,1,0,1,0,1,10.6391582489,4,0,10.416311264,-0.0469748675823,2.90144395828,12.4032831192,5
724,1,67,7,1,1,1,0,0,0,0,0,0,8,20241.4511719,10.6086349487,3800,150,10.4801006317,0,0,2.46145963669,-3.38797926903,5,0,43,0,1,1,1,0,0,1,0,0,0,0,0,0,1,1,1,1,1,10.6086349487,8,0,0,2.46145963669,-3.38797926903,10.4801006317,8
724,2,67,7,1,1,1,,0,0,0,0,0,4,65595.9765625,11.7844171524,4800,9840,10.8077058792,6.90775632858,9.79812717438,9.08093547821,-2.02547931671,5,0,43,0,1,1,0,1,0,1,0,0,0,0,0,0,1,0,0,0,1,10.6086349487,8,0,0,2.46145963669,-3.38797926903,10.4801006317,4
725,1,67,7,1,1,1,0,0,0,0,0,0,1,11846.3271484,10.0729207993,2100,0,11.6699295044,0,0,7.49618864059,-3.37084650993,6,1,45,0,2,0,0,0,0,0,0,0,0,0,0,0,0,0,0,0,1,10.0729207993,1,0,0,7.49618864059,-3.37084650993,11.6699295044,1
725,2,67,7,1,1,1,,0,0,0,0,0,4,133071.5625,12.4917898178,5100,25300,11.4967956543,9.54681301117,8.69951438904,5.77114439011,0.79633641243,6,1,45,0,2,0,1,0,0,0,0,0,0,0,0,1,1,0,0,0,1,10.0729207993,1,0,0,7.49618864059,-3.37084650993,11.6699295044,4
726,1,67,7,1,1,1,0,0,0,0,0,0,2,6131.78857422,9.41438865662,1200,0,10.3287553787,7.09007740021,0,8.92895126343,-4.1455039978,7,0,42,0,2,1,0,0,0,0,0,0,0,0,0,0,1,0,0,0,0,9.41438865662,2,0,7.09007740021,8.92895126343,-4.1455039978,10.3287553787,2
726,2,67,7,1,1,1,,0,0,0,0,0,5,14604.2695312,10.2822160721,3200,0,11.0852146149,9.98044872284,0,0.0745893567801,-3.37084650993,7,0,42,0,2,0,1,0,1,1,0,0,0,0,1,0,1,0,1,0,0,9.41438865662,2,0,7.09007740021,8.92895126343,-4.1455039978,10.3287553787,5
727,1,68,5,1,1,1,0,1,0,0,0,0,1,36675.0976562,11.2030000687,7750,0,15.0550861359,0,0,2.79906988144,-1.32368826866,9,0,0,0,1,0,0,0,0,0,0,0,0,0,0,0,1,0,0,0,0,11.2030000687,1,0,0,2.79906988144,-1.32368826866,15.0550861359,1
727,2,68,5,1,1,1,,1,0,0,0,0,6,66509.515625,11.7982473373,10600,900,12.4323310852,13.0731735229,11.3314037323,5.71802568436,0.781419277191,9,0,0,0,1,1,0,0,0,1,0,0,0,0,0,1,1,0,1,0,1,11.2030000687,1,0,0,2.79906988144,-1.32368826866,15.0550861359,6
728,1,68,5,1,1,1,0,1,0,0,0,0,1,2648.77880859,8.57500076294,0,600,11.7472066879,0,0,2.87928438187,-3.37084650993,7,0,48,0,2,1,0,0,0,0,0,0,0,0,0,0,0,0,0,0,0,8.57500076294,1,0,0,2.87928438187,-3.37084650993,11.7472066879,1
728,2,68,5,1,1,1,,1,0,0,0,0,1,5964.67285156,9.38675689697,1200,0,10.7705879211,10.3022632599,9.39266204834,-1.53038525581,-7.54024505615,7,0,48,0,2,0,1,0,0,0,0,0,0,0,0,0,0,0,0,0,0,8.57500076294,1,0,0,2.87928438187,-3.37084650993,11.7472066879,1
729,1,68,5,1,1,1,0,1,0,0,0,0,4,6915.34619141,9.53464508057,1100,0,10.5916223526,0,6.90775632858,-2.41542935371,-4.07263755798,3,1,52,0,2,0,1,0,0,1,0,0,0,0,0,0,0,0,1,0,1,9.53464508057,4,6.90775632858,0,-2.41542935371,-4.07263755798,10.5916223526,4
729,2,68,5,1,1,1,,1,0,0,0,0,6,10475.4423828,9.94993591309,2000,0,9.35876083374,7.90100717545,7.69621276855,0.611090600491,-4.0875544548,3,1,52,0,2,1,1,0,1,1,0,0,0,0,0,0,1,0,1,0,1,9.53464508057,4,6.90775632858,0,-2.41542935371,-4.07263755798,10.5916223526,6
730,1,68,5,0,49.25,1,0,1,0,0,0,0,5,50915.75,11.5310745239,3600,7000,13.6822080612,10.740735054,0,-6.42178487778,2.90144395828,7,0,39,0,3,0,1,0,0,1,0,0,0,0,0,0,1,0,1,0,1,11.5310745239,5,0,10.740735054,-6.42178487778,2.90144395828,13.6822080612,5
730,2,68,5,0,49.25,1,,1,0,0,0,0,4,13077087,16.1621856689,8950,3000000,12.6571483612,9.90348720551,8.9871969223,1.77497696877,0.79633641243,7,0,39,0,3,0,1,0,0,1,0,1,0,0,0,0,1,0,0,0,0,11.5310745239,5,0,10.740735054,-6.42178487778,2.90144395828,13.6822080612,4
731,1,68,5,1,1,1,0,1,0,0,0,0,5,13528,10.205663681,1800,600,12.3749713898,10.691945076,0,0.51618117094,2.90144395828,5,0,65,0,2,0,1,0,0,1,0,0,0,0,0,0,1,0,0,1,1,10.205663681,5,0,10.691945076,0.51618117094,2.90144395828,12.3749713898,5
731,2,68,5,1,1,1,,1,0,0,0,0,8,160390.109375,12.6785116196,16600,16100,11.9288692474,10.3981838226,10.8197784424,7.00371980667,-1.26795446873,5,0,65,0,2,1,1,1,0,1,1,1,0,0,0,1,1,0,1,0,1,10.205663681,5,0,10.691945076,0.51618117094,2.90144395828,12.3749713898,8
732,1,68,5,1,1,1,0,1,0,0,0,0,0,29443.5761719,10.9833784103,400,6100,13.9300880432,0,7.60090255737,0.939655423164,-3.37084650993,7,0,0,0,2,0,0,0,0,0,0,0,0,0,0,0,0,0,0,0,0,10.9833784103,0,7.60090255737,0,0.939655423164,-3.37084650993,13.9300880432,0
732,2,68,5,1,1,1,,1,0,0,0,0,6,41450.6835938,11.3254070282,2600,6500,13.8246688843,0,9.64212322235,2.27890491486,-7.54024505615,7,0,0,0,2,1,1,0,1,1,0,0,0,0,0,1,0,0,1,0,1,10.9833784103,0,7.60090255737,0,0.939655423164,-3.37084650993,13.9300880432,6
733,1,68,5,0,49.25,1,0,1,0,0,0,0,2,14703.1923828,10.2889671326,1400,1500,14.7452936172,10.8742666245,0,-5.20308637619,0.781419277191,5,0,42,0,3,0,0,0,0,1,0,0,0,0,0,0,0,0,0,0,1,10.2889671326,2,0,10.8742666245,-5.20308637619,0.781419277191,14.7452936172,2
733,2,68,5,0,49.25,1,,1,0,0,0,0,6,46868.5976562,11.4482507706,4100,5000,16.9954166412,8.8818359375,12.2060728073,6.1960234642,0.85428583622,5,0,42,0,3,0,1,0,0,1,1,1,0,0,0,0,1,0,1,0,1,10.2889671326,2,0,10.8742666245,-5.20308637619,0.781419277191,14.7452936172,6
734,1,68,5,0,49.25,1,0,1,0,0,0,0,8,52044.7226562,11.5530061722,3400,8000,12.2472143173,0,10.165851593,6.55312871933,-2.02547931671,3,0,26,0,3,1,1,0,0,1,0,0,0,0,0,0,1,1,1,1,1,11.5530061722,8,10.165851593,0,6.55312871933,-2.02547931671,12.2472143173,8
734,2,68,5,0,49.25,1,,1,0,0,0,0,8,69738.09375,11.8456487656,11100,800,12.9141082764,8.294049263,10.9681978226,3.97095322609,2.90144395828,3,0,26,0,3,1,1,0,1,1,0,0,0,0,1,0,1,1,1,1,0,11.5530061722,8,10.165851593,0,6.55312871933,-2.02547931671,12.2472143173,8
735,1,68,5,0,49.25,1,0,1,0,0,0,0,5,168535.171875,12.7280473709,5000,26020,15.0815172195,12.1589813232,0,-0.418426215649,-1.32368826866,7,0,43,0,3,1,1,0,0,0,0,0,0,0,0,0,1,0,1,1,0,12.7280473709,5,0,12.1589813232,-0.418426215649,-1.32368826866,15.0815172195,5
735,2,68,5,0,49.25,1,,1,0,0,0,0,6,36757.578125,11.2052469254,1500,6100,11.4208097458,0,11.5711946487,7.91756343842,0.85428583622,7,0,43,0,3,1,0,0,1,1,0,0,0,0,0,1,1,0,1,0,1,12.7280473709,5,0,12.1589813232,-0.418426215649,-1.32368826866,15.0815172195,6
736,1,69,6,1,1.125,1,0,0,0,0,0,0,4,37339.7773438,11.2209615707,4900,3400,11.7264223099,9.70503616333,8.00636768341,-0.617704808712,-1.26573896408,5,1,71,0,1,1,0,0,0,1,0,0,0,0,0,0,1,0,0,0,1,11.2209615707,4,8.00636768341,9.70503616333,-0.617704808712,-1.26573896408,11.7264223099,4
736,2,69,6,1,1.125,1,,0,0,0,0,0,6,37711.8945312,11.2308778763,1000,5300,12.1388635635,11.2279062271,10.085808754,8.21428871155,0.85428583622,5,1,71,0,1,1,1,1,1,1,0,1,0,0,0,0,1,0,0,0,1,11.2209615707,4,8.00636768341,9.70503616333,-0.617704808712,-1.26573896408,11.7264223099,6
737,1,69,6,0,50.25,1,0,0,0,0,0,0,6,26541.4335938,10.879609108,4150,0,9.94270801544,10.7954854965,8.9871969223,-7.84381103516,0.0796284079552,5,1,76,0,1,1,0,0,0,1,0,0,0,1,0,0,1,0,1,0,1,10.879609108,6,8.9871969223,10.7954854965,-7.84381103516,0.0796284079552,9.94270801544,6
737,2,69,6,0,50.25,1,,0,0,0,0,0,1,7911.83642578,9.66926193237,1600,0,8.00636768341,0,0,-1.12802100182,1.2922539711,5,1,76,0,1,0,1,0,0,0,0,0,0,0,0,0,0,0,0,0,0,10.879609108,6,8.9871969223,10.7954854965,-7.84381103516,0.0796284079552,9.94270801544,1
738,1,69,6,1,1.125,1,0,0,0,0,0,0,6,20316.3847656,10.6123304367,2450,1600,11.4574127197,11.1844215393,10.5966348648,3.36786770821,2.90144395828,3,1,53,0,2,1,1,0,0,1,0,0,0,0,0,0,1,0,0,1,1,10.6123304367,6,10.5966348648,11.1844215393,3.36786770821,2.90144395828,11.4574127197,6
738,2,69,6,1,1.125,1,,0,0,0,0,0,7,22115.7011719,10.6971902847,1800,2400,11.6127710342,10.8117456436,6.90775632858,1.40863335133,-2.02547931671,3,1,53,0,2,1,0,0,1,1,0,0,0,0,0,1,1,0,1,1,1,10.6123304367,6,10.5966348648,11.1844215393,3.36786770821,2.90144395828,11.4574127197,7
739,1,69,6,1,1.125,1,0,0,0,0,0,0,1,15692.1347656,10.3540620804,1600,2000,11.1496572495,0,8.13153076172,-7.66714954376,0.85428583622,6,0,70,0,2,0,0,1,0,1,0,0,0,0,0,0,0,0,0,0,0,10.3540620804,1,8.13153076172,0,-7.66714954376,0.85428583622,11.1496572495,1
739,2,69,6,1,1.125,1,,0,0,0,0,0,4,25710.1640625,10.8477888107,3700,2000,12.8943080902,0,0,1.49388241768,0.79633641243,6,0,70,0,2,0,1,0,1,1,0,0,0,0,0,0,1,0,0,0,1,10.3540620804,1,8.13153076172,0,-7.66714954376,0.85428583622,11.1496572495,4
740,1,69,6,1,1.125,1,0,0,0,0,0,0,6,34788.0351562,11.1501760483,600,7200,11.54829216,0,0,-4.88805770874,0.79633641243,5,1,50,0,2,0,1,0,0,1,0,0,0,0,0,1,1,0,1,0,1,11.1501760483,6,0,0,-4.88805770874,0.79633641243,11.54829216,6
740,2,69,6,1,1.125,1,,0,0,0,0,0,4,31247.2910156,11.0428352356,2800,3500,10.6851034164,9.45720005035,9.99879741669,3.29471516609,-1.25082182884,5,1,50,0,2,0,1,0,1,1,0,0,0,0,0,0,1,0,0,0,1,11.1501760483,6,0,0,-4.88805770874,0.79633641243,11.54829216,4
741,1,69,6,0,50.25,1,0,0,0,0,0,0,,81790.078125,12.0050582886,16200,0,12.2457742691,8.38935947418,10.3734912872,1.4426317215,-1.26573896408,6,0,44,0,2,1,0,0,0,1,0,0,0,999,0,0,1,0,0,0,1,12.0050582886,4,10.3734912872,8.38935947418,1.4426317215,-1.26573896408,12.2457742691,4
741,2,69,6,0,50.25,1,,0,0,0,0,0,6,22856.5390625,10.7301397324,3200,0,10.9077892303,8.82467746735,10.691945076,4.07065391541,-1.32368826866,6,0,44,0,2,1,1,0,0,1,0,0,0,0,0,1,1,0,0,0,1,12.0050582886,4,10.3734912872,8.38935947418,1.4426317215,-1.26573896408,12.2457742691,6
742,1,69,6,1,1.125,1,0,0,0,0,0,0,3,22918.7988281,10.7328596115,900,3850,17.4067611694,11.2897815704,11.2118206024,5.44854354858,0.79633641243,7,0,66,0,2,0,1,0,0,0,0,0,0,0,0,0,1,0,0,0,1,10.7328596115,3,11.2118206024,11.2897815704,5.44854354858,0.79633641243,17.4067611694,3
742,2,69,6,1,1.125,1,,0,0,0,0,0,6,35090.7304688,11.1588392258,2500,3950,12.2876529694,10.2611618042,11.2515611649,2.91294384003,0.85428583622,7,0,66,0,2,1,1,0,0,1,0,0,0,0,0,0,1,0,1,0,1,10.7328596115,3,11.2118206024,11.2897815704,5.44854354858,0.79633641243,17.4067611694,6
743,1,69,6,1,1.125,1,0,0,0,0,0,0,2,17939.8359375,10.4879264832,600,3500,10.2819242477,0,0,-12.6014652252,2.90144395828,4,1,72,0,1,0,1,1,0,0,0,0,0,0,0,0,0,0,0,0,0,10.4879264832,2,0,0,-12.6014652252,2.90144395828,10.2819242477,2
743,2,69,6,1,1.125,1,,0,0,0,0,0,4,13786.6152344,10.2246007919,300,1500,12.2060728073,10.3221979141,0,4.47423934937,2.90144395828,4,1,72,0,1,0,1,0,1,0,0,0,0,0,0,0,1,0,0,0,1,10.4879264832,2,0,0,-12.6014652252,2.90144395828,10.2819242477,4
744,1,69,6,1,1.125,1,0,0,0,0,0,0,4,29395.75,10.9817523956,3650,1200,9.8984746933,9.08250713348,8.294049263,-2.15423059464,-1.32368826866,6,0,40,0,2,0,1,0,1,1,0,0,0,0,0,0,1,0,0,0,1,10.9817523956,4,8.294049263,9.08250713348,-2.15423059464,-1.32368826866,9.8984746933,4
744,2,69,6,1,1.125,1,,0,0,0,0,0,5,45145.1445312,11.4107847214,10000,0,11.5521459579,6.90775632858,9.21034049988,1.53049588203,0.85428583622,6,0,40,0,2,1,1,0,0,1,0,0,0,0,0,0,1,0,0,0,1,10.9817523956,4,8.294049263,9.08250713348,-2.15423059464,-1.32368826866,9.8984746933,5
745,1,69,6,0,50.25,1,0,0,0,0,0,0,4,21196.9707031,10.6547603607,3200,1200,14.0349674225,10.3089523315,0,-4.26587581635,0.85428583622,6,0,73,0,3,1,0,0,0,0,0,0,0,0,0,0,1,0,1,0,1,10.6547603607,4,0,10.3089523315,-4.26587581635,0.85428583622,14.0349674225,4
745,2,69,6,0,50.25,1,,0,0,0,0,0,5,18042.5390625,10.4936351776,200,600,12.430814743,11.3850917816,0,-3.54857540131,-4.07263755798,6,0,73,0,3,1,0,0,0,1,0,0,0,0,0,0,1,0,1,0,1,10.6547603607,4,0,10.3089523315,-4.26587581635,0.85428583622,14.0349674225,5
746,1,69,6,1,1.125,1,0,0,0,0,0,0,7,44903.6328125,11.405421257,1600,7800,13.2033901215,12.037653923,0,9.36588001251,0.79633641243,5,0,36,0,3,1,1,0,1,1,1,0,0,0,0,0,1,0,0,1,1,11.405421257,7,0,12.037653923,9.36588001251,0.79633641243,13.2033901215,7
746,2,69,6,1,1.125,1,,0,0,0,0,0,7,38299.6171875,11.246342659,2800,4650,13.426607132,11.4053401947,10.9331073761,3.62394118309,-1.32368826866,5,0,36,0,3,1,1,0,1,1,0,0,0,0,0,1,1,0,0,1,1,11.405421257,7,0,12.037653923,9.36588001251,0.79633641243,13.2033901215,7
747,1,69,6,0,50.25,1,0,0,0,0,0,0,6,50949.171875,11.5317306519,8000,2600,15.457531929,9.8521938324,11.9829292297,-3.58426427841,2.90144395828,4,0,39,0,3,1,0,0,0,1,0,0,1,0,0,0,1,0,1,0,1,11.5317306519,6,11.9829292297,9.8521938324,-3.58426427841,2.90144395828,15.457531929,6
747,2,69,6,0,50.25,1,,0,0,0,0,0,5,25818.7890625,10.8520050049,1400,2200,12.9671125412,11.1562509537,7.97246599197,-8.52262401581,-1.96752977371,4,0,39,0,3,1,0,0,0,1,0,0,0,0,0,0,1,0,0,1,1,11.5317306519,6,11.9829292297,9.8521938324,-3.58426427841,2.90144395828,15.457531929,5
748,1,70,7,0,29.2499980927,1,0,0,0,1,0,0,2,618380.8125,14.0280065536,2800,0,13.1139278412,10.085808754,7.90100717545,4.58687496185,0.85428583622,4,0,25,0,3,0,0,0,0,0,0,0,0,0,0,0,1,0,0,0,1,14.0280065536,2,7.90100717545,10.085808754,4.58687496185,0.85428583622,13.1139278412,2
748,2,70,7,0,29.2499980927,1,,0,0,1,0,0,6,23312.0585938,10.7498731613,1300,4000,9.40919113159,8.9871969223,0,2.62286806107,-3.31511259079,4,0,25,0,3,1,0,1,1,1,1,0,0,0,0,0,1,0,1,0,1,14.0280065536,2,7.90100717545,10.085808754,4.58687496185,0.85428583622,13.1139278412,6
749,1,70,7,1,1,1,0,0,0,1,0,0,6,876018.875,14.3762903214,1500,200000,11.9804258347,10.5970344543,0,4.29724884033,-3.37084650993,9,0,37,0,3,1,0,0,0,1,0,0,0,0,0,0,1,0,1,1,1,14.3762903214,6,0,10.5970344543,4.29724884033,-3.37084650993,11.9804258347,6
749,2,70,7,1,1,1,,0,0,1,0,0,4,25348.4414062,10.8336200714,750,3850,12.7809991837,10.5966348648,10.7472076416,5.06368589401,0.85428583622,9,0,37,0,3,0,1,0,0,1,0,0,0,0,0,0,1,0,0,0,1,14.3762903214,6,0,10.5970344543,4.29724884033,-3.37084650993,11.9804258347,4
750,1,70,7,0,29.2499980927,1,0,0,0,1,0,0,4,13837.1542969,10.2282600403,100,2900,17.4067611694,0,0,-1.74629867077,-1.32368826866,5,0,55,0,3,0,1,0,0,1,0,0,0,0,0,0,1,0,0,0,1,10.2282600403,4,0,0,-1.74629867077,-1.32368826866,17.4067611694,4
750,2,70,7,0,29.2499980927,1,,0,0,1,0,0,4,39497.328125,11.277135849,3100,4800,12.0552501678,0,9.54681301117,12.9062948227,0.0796284079552,5,0,55,0,3,0,1,1,0,1,1,0,0,0,0,0,0,0,1,0,0,10.2282600403,4,0,0,-1.74629867077,-1.32368826866,17.4067611694,4
751,1,70,7,1,1,1,0,0,0,1,0,0,7,20868.6738281,10.6391515732,4400,0,11.4435329437,0,0,7.07578325272,-3.37084650993,3,0,26,0,2,1,0,0,0,1,0,0,0,1,0,0,1,0,1,1,1,10.6391515732,7,0,0,7.07578325272,-3.37084650993,11.4435329437,7
751,2,70,7,1,1,1,,0,0,1,0,0,9,35535.4804688,11.1714344025,6750,0,10.896739006,9.99879741669,0,3.21943593025,2.90144395828,3,0,26,0,2,1,1,0,0,1,1,0,0,0,0,1,1,0,1,1,1,10.6391515732,7,0,0,7.07578325272,-3.37084650993,11.4435329437,9
752,1,70,7,1,1,1,0,0,0,1,0,0,4,10962.5,9.99538326263,2500,0,10.6642932892,9.65502643585,0,4.14428091049,0.85428583622,8,0,40,0,2,1,1,0,0,0,0,0,0,0,0,0,1,0,0,0,1,9.99538326263,4,0,9.65502643585,4.14428091049,0.85428583622,10.6642932892,4
752,2,70,7,1,1,1,,0,0,1,0,0,3,10902.3945312,9.9898853302,2300,0,11.4317150116,10.4458122253,9.09380626678,6.58256340027,-1.25082182884,8,0,40,0,2,0,1,0,0,0,0,0,0,0,0,0,1,0,0,0,1,9.99538326263,4,0,9.65502643585,4.14428091049,0.85428583622,10.6642932892,3
753,1,70,7,0,29.2499980927,1,0,0,0,1,0,0,1,4762.51904297,9.16167926788,1000,0,11.3793945312,8.31874275208,0,12.3244991302,-3.37084650993,6,1,82,0,2,0,0,1,0,1,0,0,0,0,0,0,0,0,0,0,0,9.16167926788,1,0,8.31874275208,12.3244991302,-3.37084650993,11.3793945312,1
753,2,70,7,0,29.2499980927,1,,0,0,1,0,0,2,3643.11547852,8.89374160767,0,800,11.8981876373,0,8.63052177429,13.1339101791,0.781419277191,6,1,82,0,2,1,0,1,1,1,0,0,0,0,0,0,0,0,0,0,0,9.16167926788,1,0,8.31874275208,12.3244991302,-3.37084650993,11.3793945312,2
754,1,70,7,0,29.2499980927,1,0,0,0,1,0,0,7,51117.3671875,11.5350265503,900,10000,12.1084594727,0,0,3.31141233444,-5.43513727188,5,1,39,0,3,1,1,0,0,1,0,0,0,0,0,0,1,0,1,1,1,11.5350265503,7,0,0,3.31141233444,-5.43513727188,12.1084594727,7
754,2,70,7,0,29.2499980927,1,,0,0,1,0,0,4,6247.96142578,9.43315792084,1200,0,10.6964797974,10.4042625427,10.2955293655,7.61228609085,0.85428583622,5,1,39,0,3,0,0,0,0,1,0,0,0,0,0,0,1,0,1,0,1,11.5350265503,7,0,0,3.31141233444,-5.43513727188,12.1084594727,4
755,1,71,6,1,1.5,1,0,0,0,0,0,1,4,24312.7402344,10.7919025421,1850,2400,13.0354976654,8.9871969223,0,-4.97547054291,0.79633641243,9,0,43,0,2,0,0,0,1,1,0,0,0,0,0,0,1,1,0,0,1,10.7919025421,4,0,8.9871969223,-4.97547054291,0.79633641243,13.0354976654,4
755,2,71,6,1,1.5,1,,0,0,0,0,1,7,142104.765625,12.5574674606,20350,3900,12.7651166916,10.085808754,9.90348720551,2.10531115532,-1.32368826866,9,0,43,0,2,0,1,0,1,1,0,0,0,0,0,1,1,1,1,1,0,10.7919025421,4,0,8.9871969223,-4.97547054291,0.79633641243,13.0354976654,7
756,1,71,6,0,33.75,1,0,0,0,0,0,1,4,7183.80761719,9.57273197174,650,800,11.254155159,0,9.10497951508,-2.28047084808,-1.25082182884,5,1,42,0,3,0,1,0,0,0,0,0,0,1,0,0,1,0,0,0,1,9.57273197174,4,9.10497951508,0,-2.28047084808,-1.25082182884,11.254155159,4
756,2,71,6,0,33.75,1,,0,0,0,0,1,5,5079.76904297,9.22616863251,400,700,12.5602445602,0,10.8589992523,0.948700785637,0.85428583622,5,1,42,0,3,0,1,0,0,1,0,0,0,0,0,0,1,0,1,0,1,9.57273197174,4,9.10497951508,0,-2.28047084808,-1.25082182884,11.254155159,5
757,1,71,6,0,33.75,1,0,0,0,0,0,1,3,14988.6347656,10.3081951141,1250,1750,11.4679279327,10.0432491302,0,-5.51004743576,-3.38797926903,5,1,37,0,1,0,1,0,1,0,0,0,0,0,0,0,0,0,0,0,1,10.3081951141,3,0,10.0432491302,-5.51004743576,-3.38797926903,11.4679279327,3
757,2,71,6,0,33.75,1,,0,0,0,0,1,5,26226.28125,10.8676643372,2400,2640,12.7595558167,9.10497951508,9.47270488739,-3.03723526001,2.90144395828,5,1,37,0,1,1,1,0,0,1,0,0,0,0,0,0,1,0,1,0,0,10.3081951141,3,0,10.0432491302,-5.51004743576,-3.38797926903,11.4679279327,5
758,1,71,6,0,33.75,1,0,0,0,0,0,1,5,20704.7890625,10.6312675476,3600,1000,14.8012523651,8.9871969223,0,-0.465321183205,-1.25082182884,2,0,31,0,2,1,0,0,0,1,0,0,0,0,0,0,1,0,1,0,1,10.6312675476,5,0,8.9871969223,-0.465321183205,-1.25082182884,14.8012523651,5
758,2,71,6,0,33.75,1,,0,0,0,0,1,5,16758.1738281,10.4197883606,1250,2000,10.5505905151,8.9871969223,0,-1.84599995613,-1.25082182884,2,0,31,0,2,1,1,0,0,1,0,0,0,0,0,0,1,0,0,0,1,10.6312675476,5,0,8.9871969223,-0.465321183205,-1.25082182884,14.8012523651,5
759,1,71,6,0,33.75,1,0,0,0,0,0,1,4,16284.8554688,10.3911380768,1900,650,11.918390274,10.5966348648,0,1.17452585697,0.79633641243,3,0,51,0,3,1,0,0,0,1,0,0,0,0,0,0,1,0,0,0,1,10.3911380768,4,0,10.5966348648,1.17452585697,0.79633641243,11.918390274,4
759,2,71,6,0,33.75,1,,0,0,0,0,1,3,40820.9023438,11.3100967407,150,8400,13.4900569916,9.8521938324,0,-2.76271319389,-1.25082182884,3,0,51,0,3,0,0,0,0,1,0,0,0,0,0,0,1,0,0,0,1,10.3911380768,4,0,10.5966348648,1.17452585697,0.79633641243,11.918390274,3
760,1,71,6,1,1.5,1,0,0,0,0,0,1,6,63678.1171875,11.754743576,4500,8800,12.3501729965,0,9.30565071106,-0.395836293697,2.90144395828,5,0,0,0,2,1,0,0,0,1,0,0,0,0,0,0,1,0,1,1,1,11.754743576,6,9.30565071106,0,-0.395836293697,2.90144395828,12.3501729965,6
760,2,71,6,1,1.5,1,,0,0,0,0,1,7,13749.2880859,10.2218894958,1800,650,12.2452936172,11.3385725021,9.21034049988,5.97753000259,0.85428583622,5,0,0,0,2,1,1,0,0,1,1,0,0,0,0,0,1,0,1,0,1,11.754743576,6,9.30565071106,0,-0.395836293697,2.90144395828,12.3501729965,7
761,1,72,7,1,2.5,1,0,0,1,0,0,0,4,9580.2421875,9.86060523987,700,940,12.535736084,8.69951438904,0,2.9814696312,0.79633641243,4,0,0,0,2,0,1,0,0,0,0,0,0,0,0,0,1,0,1,0,1,9.86060523987,4,0,8.69951438904,2.9814696312,0.79633641243,12.535736084,4
761,2,72,7,1,2.5,1,,0,1,0,0,0,5,29417.1640625,10.9824810028,4500,1500,11.1899614334,10.3734912872,10.9331073761,1.64313113689,-1.26573896408,4,0,0,0,2,1,0,0,1,1,0,0,0,0,0,0,1,0,1,0,1,9.86060523987,4,0,8.69951438904,2.9814696312,0.79633641243,12.535736084,5
762,1,72,7,1,2.5,1,0,0,1,0,0,0,8,71951.8203125,11.8768987656,6150,8000,14.107583046,0,0,-3.57909655571,-1.25082182884,7,0,32,0,3,1,1,0,0,1,0,0,0,0,0,0,1,1,1,1,1,11.8768987656,8,0,0,-3.57909655571,-1.25082182884,14.107583046,8
762,2,72,7,1,2.5,1,,0,1,0,0,0,8,43499.3671875,11.3736486435,800,5000,15.1161384583,13.0731735229,10.5966348648,12.2077484131,-3.31511259079,7,0,32,0,3,1,1,0,0,1,0,0,0,0,0,1,1,0,1,1,1,11.8768987656,8,0,0,-3.57909655571,-1.25082182884,14.107583046,8
763,1,72,7,0,43.75,1,0,0,1,0,0,0,5,30464.5097656,11.0174646378,2100,1200,12.7091178894,11.8775682449,8.294049263,-1.48454272747,0.85428583622,4,1,50,0,3,0,1,0,0,1,0,0,0,1,0,0,1,0,0,0,1,11.0174646378,5,8.294049263,11.8775682449,-1.48454272747,0.85428583622,12.7091178894,5
763,2,72,7,0,43.75,1,,0,1,0,0,0,,27266.2304688,10.9065513611,3750,1600,15.0142097473,11.904967308,10.085808754,-3.38092017174,-3.37306213379,4,1,50,0,3,1,1,0,1,1,0,0,0,0,0,0,1,0,1,999,1,11.0174646378,5,8.294049263,11.8775682449,-1.48454272747,0.85428583622,12.7091178894,6
764,1,72,7,1,2.5,1,0,0,1,0,0,0,8,64246.453125,11.7636289597,3450,9500,11.9959688187,10.6454248428,6.90775632858,-0.93688762188,0.781419277191,4,0,25,0,2,1,1,0,0,1,0,0,0,1,0,0,1,0,1,1,1,11.7636289597,8,6.90775632858,10.6454248428,-0.93688762188,0.781419277191,11.9959688187,8
764,2,72,7,1,2.5,1,,0,1,0,0,0,8,37782.0976562,11.2327375412,7600,0,12.4355955124,10.691945076,0,3.87672901154,2.90144395828,4,0,25,0,2,1,1,0,1,1,0,0,1,1,0,1,1,0,1,1,0,11.7636289597,8,6.90775632858,10.6454248428,-0.93688762188,0.781419277191,11.9959688187,8
765,1,72,7,1,2.5,1,0,0,1,0,0,0,3,826.009643555,7.40975379944,0,0,9.15904712677,0,8.9871969223,-2.99791002274,-10.3620605469,3,1,39,0,2,0,1,0,0,0,0,0,0,0,0,0,1,0,0,0,1,7.40975379944,3,8.9871969223,0,-2.99791002274,-10.3620605469,9.15904712677,3
765,2,72,7,1,2.5,1,,0,1,0,0,0,5,22166.2402344,10.6994724274,4550,0,12.9126291275,8.69951438904,11.2644643784,5.56450557709,-4.07263755798,3,1,39,0,2,1,0,0,0,1,0,0,0,0,0,0,1,0,1,0,1,7.40975379944,3,8.9871969223,0,-2.99791002274,-10.3620605469,9.15904712677,5
766,1,72,7,0,43.75,1,0,0,1,0,0,0,5,263335.3125,13.1743307114,1400,58500,10.5661754608,10.49127388,0,0.235356211662,-6.19487762451,5,1,39,0,3,0,1,0,0,1,0,0,0,0,0,0,1,0,1,0,1,13.1743307114,5,0,10.49127388,0.235356211662,-6.19487762451,10.5661754608,5
766,2,72,7,0,43.75,1,,0,1,0,0,0,4,54487.3085938,11.5988702774,4750,6250,9.8521938324,10.2399597168,0,2.04972672462,-4.0875544548,5,1,39,0,3,1,0,0,1,1,0,0,0,0,0,0,1,0,1,0,0,13.1743307114,5,0,10.49127388,0.235356211662,-6.19487762451,10.5661754608,4
767,1,72,7,1,2.5,1,0,0,1,0,0,0,2,3576,8.87514686584,500,300,9.83627891541,9.68034362793,0,-6.26161527634,-1.25082182884,10,0,70,0,1,0,0,0,0,1,0,0,0,0,0,0,0,0,0,0,1,8.87514686584,2,0,9.68034362793,-6.26161527634,-1.25082182884,9.83627891541,2
767,2,72,7,1,2.5,1,,0,1,0,0,0,6,29293.9804688,10.9782848358,300,6250,12.5128221512,8.69951438904,0,-5.15674257278,2.90144395828,10,0,70,0,1,1,1,0,1,1,0,0,0,0,0,0,1,0,1,0,1,8.87514686584,2,0,9.68034362793,-6.26161527634,-1.25082182884,9.83627891541,6
768,1,72,7,1,2.5,1,0,0,1,0,0,0,6,81279,11.9987897873,18200,0,11.0728693008,0,0,6.85763025284,-1.32368826866,10,0,53,0,3,1,0,0,0,1,0,0,0,0,0,1,1,0,1,0,1,11.9987897873,6,0,0,6.85763025284,-1.32368826866,11.0728693008,6
768,2,72,7,1,2.5,1,,0,1,0,0,0,9,22651.515625,10.7211294174,4403,0,10.7893190384,0,9.68034362793,-1.57098507881,-3.37306213379,10,0,53,0,3,1,1,0,1,1,0,1,0,1,0,0,1,0,1,1,1,11.9987897873,6,0,0,6.85763025284,-1.32368826866,11.0728693008,9
769,1,72,7,0,43.75,0,1,0,1,0,0,0,5,23674.0585938,10.7652826309,950,3450,9.77565383911,0,0,-5.70655202866,2.90144395828,8,0,54,0,3,1,1,0,0,1,0,0,0,0,0,0,1,0,1,0,0,10.7652826309,5,0,0,-5.70655202866,2.90144395828,9.77565383911,5
770,1,72,7,0,43.75,1,0,0,1,0,0,0,4,217543.546875,12.9833011627,15100,4200,13.9881181717,11.6226758957,0,-3.58426427841,-1.25082182884,6,0,67,0,3,0,0,0,0,1,0,0,0,0,0,0,1,1,0,0,1,12.9833011627,4,0,11.6226758957,-3.58426427841,-1.25082182884,13.9881181717,4
770,2,72,7,0,43.75,1,,0,1,0,0,0,4,299226.3125,13.3021030426,11600,44600,13.4689273834,11.2897815704,0,5.80744886398,-5.49308681488,6,0,67,0,3,0,1,1,0,1,0,0,0,0,0,0,1,0,0,0,1,12.9833011627,4,0,11.6226758957,-3.58426427841,-1.25082182884,13.9881181717,4
771,1,72,7,1,2.5,1,0,0,1,0,0,0,3,1184.5,7.77022361755,100,0,12.8185520172,0,0,-8.70322132111,-1.25082182884,3,0,40,0,2,1,0,0,0,0,0,0,0,0,0,0,1,0,0,0,1,7.77022361755,3,0,0,-8.70322132111,-1.25082182884,12.8185520172,3
771,2,72,7,1,2.5,1,,0,1,0,0,0,3,39773.4609375,11.2841024399,100,9000,11.5385932922,0,0,2.81360983849,-5.49308681488,3,0,40,0,2,0,0,0,0,1,0,0,0,0,0,0,1,0,0,0,1,7.77022361755,3,0,0,-8.70322132111,-1.25082182884,12.8185520172,3
772,1,72,7,1,2.5,1,0,0,1,0,0,0,4,0,5.29834222794,0,0,8.43381118774,0,9.54681301117,-2.23827409744,-6.19266223907,4,0,0,0,2,0,0,0,1,1,0,0,0,1,0,1,0,0,0,0,1,5.29834222794,4,9.54681301117,0,-2.23827409744,-6.19266223907,8.43381118774,4
772,2,72,7,1,2.5,1,,0,1,0,0,0,8,54647.0195312,11.6017971039,9400,1600,9.91343784332,0,0,0.086722239852,-6.19266223907,4,0,0,0,2,1,0,0,1,1,1,0,0,0,0,1,1,0,1,1,1,5.29834222794,4,9.54681301117,0,-2.23827409744,-6.19266223907,8.43381118774,8
773,1,73,6,0,44.5,1,0,1,0,0,0,0,3,17688.3554688,10.4738092422,3800,0,14.0537395477,8.9871969223,0,-2.510181427,0.85428583622,3,1,48,0,3,0,0,0,0,1,0,0,0,0,0,0,1,0,0,0,1,10.4738092422,3,0,8.9871969223,-2.510181427,0.85428583622,14.0537395477,3
773,2,73,6,0,44.5,1,,1,0,0,0,0,6,20645.8144531,10.6284151077,3300,960,13.1546373367,10.1266307831,8.80986309052,1.78079950809,-1.32368826866,3,1,48,0,3,0,1,0,0,1,0,0,0,0,0,1,1,0,1,0,1,10.4738092422,3,0,8.9871969223,-2.510181427,0.85428583622,14.0537395477,6
774,1,73,6,0,44.5,1,0,1,0,0,0,0,9,224937.890625,13.0167264938,17250,21000,12.914601326,12.7367010117,12.2060728073,3.63494205475,2.90144395828,8,0,47,0,3,1,1,0,0,1,1,1,0,0,0,0,1,1,1,1,1,13.0167264938,9,12.2060728073,12.7367010117,3.63494205475,2.90144395828,12.914601326,9
774,2,73,6,0,44.5,1,,1,0,0,0,0,6,76884.1953125,11.9432029724,9700,2250,13.7145843506,12.6909646988,12.9042072296,3.20566534996,2.90144395828,8,0,47,0,3,1,0,0,1,1,0,0,0,0,0,0,1,0,1,1,1,13.0167264938,9,12.2060728073,12.7367010117,3.63494205475,2.90144395828,12.914601326,6
775,1,73,6,1,1,1,0,1,0,0,0,0,5,8941.1328125,9.79156494141,1910,0,10.2470769882,0,0,4.06453561783,-1.26573896408,3,1,41,0,2,1,1,0,0,0,0,0,0,0,0,0,1,0,0,1,1,9.79156494141,5,0,0,4.06453561783,-1.26573896408,10.2470769882,5
775,2,73,6,1,1,1,,1,0,0,0,0,7,7719.92285156,9.64470672607,900,750,12.8352146149,9.21034049988,0,3.20566534996,2.90144395828,3,1,41,0,2,0,1,1,0,1,1,0,0,0,0,0,1,0,1,1,1,9.79156494141,5,0,0,4.06453561783,-1.26573896408,10.2470769882,7
776,1,73,6,0,44.5,1,0,1,0,0,0,0,8,140194.859375,12.5439357758,14125,15000,12.5106115341,11.3480510712,9.21034049988,-3.3394818306,2.90144395828,6,0,0,0,3,1,0,0,0,1,0,0,0,0,0,1,1,1,1,1,1,12.5439357758,8,9.21034049988,11.3480510712,-3.3394818306,2.90144395828,12.5106115341,8
776,2,73,6,0,44.5,1,,1,0,0,0,0,10,205072.6875,12.9242668152,28000,15000,14.2663316727,13.0731735229,13.5923671722,1.74268388748,2.90144395828,6,0,0,0,3,1,1,1,1,1,1,0,0,0,0,1,1,1,1,1,1,12.5439357758,8,9.21034049988,11.3480510712,-3.3394818306,2.90144395828,12.5106115341,10
777,1,73,6,1,1,1,0,1,0,0,0,0,8,227219.109375,13.0268173218,20600,18000,11.5578985214,9.21034049988,9.39266204834,9.12427520752,0.0796284079552,5,1,70,0,2,1,1,1,1,1,1,0,0,0,0,1,1,0,0,1,1,13.0268173218,8,9.39266204834,9.21034049988,9.12427520752,0.0796284079552,11.5578985214,8
777,2,73,6,1,1,1,,1,0,0,0,0,9,11911.5576172,10.078412056,900,1500,12.3458347321,8.18868923187,8.9871969223,5.37877893448,0.85428583622,5,1,70,0,2,1,1,1,0,1,0,1,0,0,0,1,1,0,1,1,1,13.0268173218,8,9.39266204834,9.21034049988,9.12427520752,0.0796284079552,11.5578985214,9
778,1,73,6,0,44.5,1,0,1,0,0,0,0,5,5948.5,9.38404178619,500,600,10.360912323,8.85366535187,10.085808754,-4.9397816658,0.0796284079552,2,1,67,0,3,0,1,0,0,1,0,0,0,0,0,0,1,0,1,0,1,9.38404178619,5,10.085808754,8.85366535187,-4.9397816658,0.0796284079552,10.360912323,5
778,2,73,6,0,44.5,1,,1,0,0,0,0,4,17453.53125,10.4604444504,2500,1440,10.6261940002,9.21034049988,0,0.38067612052,-3.31511259079,2,1,67,0,3,1,1,0,0,1,0,0,0,0,0,0,1,0,0,0,0,9.38404178619,5,10.085808754,8.85366535187,-4.9397816658,0.0796284079552,10.360912323,4
779,1,74,6,1,1.125,1,0,0,0,0,0,0,2,11219.1054688,10.0185203552,2300,0,14.7009296417,9.68034362793,10.165851593,-0.355092585087,2.90144395828,5,0,34,0,1,0,1,0,0,0,0,0,0,0,0,0,1,0,0,0,0,10.0185203552,2,10.165851593,9.68034362793,-0.355092585087,2.90144395828,14.7009296417,2
779,2,74,6,1,1.125,1,,0,0,0,0,0,4,5121.00976562,9.23425388336,700,0,9.68034362793,6.90775632858,10.4341154099,3.77459478378,-1.25082182884,5,0,34,0,1,1,1,0,1,1,0,0,0,0,0,0,0,0,1,0,0,10.0185203552,2,10.165851593,9.68034362793,-0.355092585087,2.90144395828,14.7009296417,4
780,1,74,6,0,51.75,1,0,0,0,0,0,0,9,4599656.5,15.180106163,6400,1050000,17.4067611694,0,7.37775945663,1.62923264503,0.85428583622,5,0,32,0,3,1,1,1,0,1,0,1,0,0,0,0,1,1,1,1,1,15.180106163,9,7.37775945663,0,1.62923264503,0.85428583622,17.4067611694,9
780,2,74,6,0,51.75,1,,0,0,0,0,0,7,37552.7773438,11.226650238,5600,860,11.4230003357,10.7705879211,9.68034362793,-1.16041386127,-3.37084650993,5,0,32,0,3,1,1,0,0,1,1,1,1,1,0,0,0,0,1,0,1,15.180106163,9,7.37775945663,0,1.62923264503,0.85428583622,17.4067611694,7
781,1,74,6,1,1.125,1,0,0,0,0,0,0,3,11678.5380859,10.0586557388,2300,0,8.294049263,7.60090255737,0,2.84317946434,0.0796284079552,2,1,34,0,2,1,0,0,0,1,0,0,0,0,0,0,0,0,0,0,1,10.0586557388,3,0,7.60090255737,2.84317946434,0.0796284079552,8.294049263,3
781,2,74,6,1,1.125,1,,0,0,0,0,0,7,25631.4609375,10.8447227478,5500,0,7.60090255737,0,0,1.93020308018,0.85428583622,2,1,34,0,2,1,1,0,0,1,0,0,0,0,0,0,1,0,1,1,1,10.0586557388,3,0,7.60090255737,2.84317946434,0.0796284079552,8.294049263,7
782,1,74,6,1,1.125,1,0,0,0,0,0,0,4,1086.25,7.68363428116,50,200,11.7084922791,0,0,-12.6025447845,-1.96752977371,7,0,69,0,2,0,0,0,0,1,0,0,0,1,0,0,1,0,0,0,1,7.68363428116,4,0,0,-12.6025447845,-1.96752977371,11.7084922791,4
782,2,74,6,1,1.125,1,,0,0,0,0,0,3,23117.3164062,10.741484642,1000,4000,11.7935829163,9.54681301117,7.78322410583,2.8743288517,-4.0875544548,7,0,69,0,2,0,1,0,0,0,0,0,0,0,0,0,1,0,0,0,1,7.68363428116,4,0,0,-12.6025447845,-1.96752977371,11.7084922791,3
783,1,74,6,1,1.125,1,0,0,0,0,0,0,3,20863.2792969,10.6388931274,300,4000,14.7461223602,0,0,-4.26587581635,-1.25082182884,5,1,49,0,2,0,0,0,1,0,0,0,0,0,0,0,1,0,0,0,1,10.6388931274,3,0,0,-4.26587581635,-1.25082182884,14.7461223602,3
783,2,74,6,1,1.125,1,,0,0,0,0,0,2,4460968.5,16.0040245056,800,1025000,9.48797225952,0,7.78322410583,3.29965019226,-5.42022037506,5,1,49,0,2,1,0,0,0,0,0,0,0,0,0,0,1,0,0,0,0,10.6388931274,3,0,0,-4.26587581635,-1.25082182884,14.7461223602,2
784,1,74,6,1,1.125,1,0,0,0,0,0,0,3,14805.6152344,10.2959089279,700,2450,12.6866455078,0,0,4.02032804489,-1.25082182884,8,0,0,0,2,1,0,0,0,1,0,0,0,0,0,0,1,0,0,0,0,10.2959089279,3,0,0,4.02032804489,-1.25082182884,12.6866455078,3
784,2,74,6,1,1.125,1,,0,0,0,0,0,8,23251.6835938,10.7472801208,4900,0,11.3456897736,0,0,3.78746032715,2.90144395828,8,0,0,0,2,1,1,0,1,1,0,0,0,0,0,1,1,0,1,1,1,10.2959089279,3,0,0,4.02032804489,-1.25082182884,12.6866455078,8
785,1,74,6,1,1.125,1,0,0,0,0,0,0,3,26939,10.8944778442,6000,200,12.3185081482,0,9.90348720551,1.85178470612,2.90144395828,6,1,57,0,1,0,1,0,0,0,0,0,0,0,0,0,1,0,0,0,1,10.8944778442,3,9.90348720551,0,1.85178470612,2.90144395828,12.3185081482,3
785,2,74,6,1,1.125,1,,0,0,0,0,0,4,23942.7988281,10.7765703201,3600,0,11.8705997467,8.9871969223,9.74096870422,3.98936414719,2.90144395828,6,1,57,0,1,0,0,0,1,1,1,0,0,0,0,0,1,0,0,0,1,10.8944778442,3,9.90348720551,0,1.85178470612,2.90144395828,12.3185081482,4
786,1,74,6,1,1.125,1,0,0,0,0,0,0,3,43843.9414062,11.3815393448,9100,0,15.6007156372,0,0,1.06732666492,0.79633641243,10,0,38,0,2,0,0,0,0,0,0,0,0,0,0,0,1,0,1,0,1,11.3815393448,3,0,0,1.06732666492,0.79633641243,15.6007156372,3
786,2,74,6,1,1.125,1,,0,0,0,0,0,4,87816.171875,12.0761480331,14450,1000,13.0779180527,0,0,-1.46922361851,-4.07263755798,10,0,38,0,2,0,1,0,0,1,0,0,0,0,0,0,1,0,0,0,1,11.3815393448,3,0,0,1.06732666492,0.79633641243,15.6007156372,4
787,1,74,6,1,1.125,1,0,0,0,0,0,0,8,192915.03125,12.863152504,2700,40750,13.5390291214,8.9871969223,0,-8.48212146759,2.90144395828,8,0,49,0,2,1,1,0,0,1,0,1,0,0,0,1,1,0,1,0,1,12.863152504,8,0,8.9871969223,-8.48212146759,2.90144395828,13.5390291214,8
787,2,74,6,1,1.125,1,,0,0,0,0,0,,274042.28125,13.214184761,4800,56450,14.6871385574,11.3850917816,8.294049263,2.26209688187,2.90144395828,8,0,49,0,2,1,1,0,1,1,1,1,0,0,0,0,888,1,1,1,1,12.863152504,8,0,8.9871969223,-8.48212146759,2.90144395828,13.5390291214,8
788,1,74,6,0,51.75,1,0,0,0,0,0,0,6,16243.9960938,10.3886260986,2500,820,13.1907691956,9.68034362793,0,-4.32098436356,0.0796284079552,5,0,32,0,3,0,1,0,0,1,0,0,0,1,0,0,1,0,1,0,1,10.3886260986,6,0,9.68034362793,-4.32098436356,0.0796284079552,13.1907691956,6
788,2,74,6,0,51.75,1,,0,0,0,0,0,3,18824.2011719,10.5360460281,2300,1500,10.4516086578,9.79812717438,9.68034362793,0.0843932032585,-1.25082182884,5,0,32,0,3,1,0,0,1,1,0,0,0,0,0,0,0,0,1,0,0,10.3886260986,6,0,9.68034362793,-4.32098436356,0.0796284079552,13.1907691956,3
789,1,74,6,0,51.75,1,0,0,0,0,0,0,3,6701.60107422,9.5032491684,0,800,17.4067611694,8.9871969223,8.13153076172,-0.614596426487,0.79633641243,5,1,55,0,3,0,1,0,0,0,0,0,0,0,0,0,1,0,0,0,1,9.5032491684,3,8.13153076172,8.9871969223,-0.614596426487,0.79633641243,17.4067611694,3
789,2,74,6,0,51.75,1,,0,0,0,0,0,5,12899.2880859,10.158074379,1250,1200,12.604177475,11.5248537064,11.1562509537,2.62387037277,2.90144395828,5,1,55,0,3,1,0,0,0,1,0,0,1,0,0,0,1,0,0,0,1,9.5032491684,3,8.13153076172,8.9871969223,-0.614596426487,0.79633641243,17.4067611694,5
790,1,74,6,0,51.75,1,0,0,0,0,0,0,5,29765.3027344,10.9942455292,200,6030,11.7928276062,0,11.1844215393,2.93827080727,0.85428583622,5,0,47,0,3,0,1,0,0,1,0,0,0,0,0,0,1,1,0,0,1,10.9942455292,5,11.1844215393,0,2.93827080727,0.85428583622,11.7928276062,5
790,2,74,6,0,51.75,1,,0,0,0,0,0,3,10748.4902344,9.97566795349,300,500,12.8266487122,8.9871969223,10.5966348648,1.52351617813,0.85428583622,5,0,47,0,3,0,1,0,0,0,0,0,0,0,0,0,1,0,0,0,1,10.9942455292,5,11.1844215393,0,2.93827080727,0.85428583622,11.7928276062,3
791,1,75,6,1,1,1,0,0,0,0,0,1,3,11769.5097656,10.0664148331,1350,750,12.2045717239,11.0666379929,10.3734912872,7.45908212662,-1.32368826866,5,0,56,0,2,0,1,0,0,0,0,0,0,0,0,0,0,0,0,1,1,10.0664148331,3,10.3734912872,11.0666379929,7.45908212662,-1.32368826866,12.2045717239,3
791,2,75,6,1,1,1,,0,0,0,0,1,6,40925.2109375,11.3126487732,2750,6000,11.1802463531,0,8.9871969223,-3.95551729202,2.90144395828,5,0,56,0,2,1,0,0,1,1,0,1,0,0,0,0,1,0,0,1,1,10.0664148331,3,10.3734912872,11.0666379929,7.45908212662,-1.32368826866,12.2045717239,6
792,1,75,6,1,1,1,0,0,0,0,0,1,3,0,5.29834222794,0,0,10.9077892303,0,8.93590354919,0.488613247871,-1.25082182884,3,1,30,0,2,0,0,0,0,0,0,1,0,0,0,0,1,0,0,0,1,5.29834222794,3,8.93590354919,0,0.488613247871,-1.25082182884,10.9077892303,3
792,2,75,6,1,1,1,,0,0,0,0,1,5,49862.5195312,11.5101718903,4200,6600,11.8145103455,9.10497951508,0,-0.530292093754,2.90144395828,3,1,30,0,2,1,0,0,0,1,0,0,0,0,0,1,1,0,0,0,1,5.29834222794,3,8.93590354919,0,0.488613247871,-1.25082182884,10.9077892303,5
793,1,75,6,0,43.5,1,0,0,0,0,0,1,3,11698.0771484,10.0603265762,2300,200,11.8218793869,0,6.38053369522,-10.3809595108,0.85428583622,3,1,90,0,3,0,1,0,0,0,1,1,0,0,0,0,1,0,0,0,0,10.0603265762,3,,0,-10.3809595108,0.85428583622,11.8218793869,3
793,2,75,6,0,43.5,1,,0,0,0,0,1,3,11254.1445312,10.0216388702,1200,500,12.889169693,0,9.90348720551,3.94190335274,0.85428583622,3,1,90,0,3,1,0,0,0,0,0,0,0,0,0,0,1,0,0,0,1,10.0603265762,3,,0,-10.3809595108,0.85428583622,11.8218793869,3
794,1,75,6,0,43.5,1,0,0,0,0,0,1,,20135.6542969,10.6033945084,1600,2400,14.9072999954,0,0,0.0804754644632,0.85428583622,7,0,46,0,3,1,0,0,0,1,0,0,0,0,0,0,1,0,1,999,1,10.6033945084,5,0,0,0.0804754644632,0.85428583622,14.9072999954,5
794,2,75,6,0,43.5,1,,0,0,0,0,1,6,12667.625,10.1399517059,1200,400,12.7492685318,0,0,7.49577283859,2.90144395828,7,0,46,0,3,1,1,0,0,0,0,1,0,0,0,0,1,0,1,0,1,10.6033945084,5,0,0,0.0804754644632,0.85428583622,14.9072999954,6
795,1,75,6,1,1,1,0,0,0,0,0,1,5,6864.26904297,9.5272321701,500,600,14.5202875137,0,9.90348720551,-0.49288892746,-3.37084650993,7,1,48,0,2,0,1,0,0,1,0,0,0,0,0,1,1,0,0,0,1,9.5272321701,5,9.90348720551,0,-0.49288892746,-3.37084650993,14.5202875137,5
795,2,75,6,1,1,1,,0,0,0,0,1,6,13031.5,10.1682720184,200,2500,10.529425621,0,0,-7.27875328064,-1.25082182884,7,1,48,0,2,1,1,0,0,1,0,1,0,0,0,0,1,0,0,0,1,9.5272321701,5,9.90348720551,0,-0.49288892746,-3.37084650993,14.5202875137,6
796,1,75,6,0,43.5,1,0,0,0,0,0,1,3,46448.1054688,11.4392385483,1700,7200,12.3059177399,0,7.60090255737,-2.42067408562,2.90144395828,3,1,64,0,2,0,1,0,0,0,0,0,0,0,0,1,1,0,0,0,0,11.4392385483,3,7.60090255737,0,-2.42067408562,2.90144395828,12.3059177399,3
796,2,75,6,0,43.5,1,,0,0,0,0,1,4,63361.5273438,11.7497596741,200,13500,12.2995634079,10.2506170273,0,-2.4430744648,2.90144395828,3,1,64,0,2,0,1,0,0,0,0,1,0,0,0,0,1,0,0,0,1,11.4392385483,3,7.60090255737,0,-2.42067408562,2.90144395828,12.3059177399,4
797,1,75,6,0,43.5,1,0,0,0,0,0,1,4,15967.0673828,10.371430397,900,2600,16.1196842194,10.2399597168,9.68034362793,2.43147373199,2.90144395828,5,0,45,0,3,0,1,0,0,0,0,0,0,0,0,0,1,0,1,0,1,10.371430397,4,9.68034362793,10.2399597168,2.43147373199,2.90144395828,16.1196842194,4
797,2,75,6,0,43.5,1,,0,0,0,0,1,7,71006.9453125,11.8636798859,6150,7500,12.5937128067,12.1756134033,11.512925148,1.4183909893,2.90144395828,5,0,45,0,3,1,0,0,1,1,1,1,0,0,0,1,1,0,1,0,1,10.371430397,4,9.68034362793,10.2399597168,2.43147373199,2.90144395828,16.1196842194,7
798,1,75,6,1,1,1,0,0,0,0,0,1,4,96540.828125,12.1708688736,8200,8000,15.2647323608,13.0570783615,10.2399597168,8.57390594482,0.781419277191,8,0,37,0,2,0,0,0,0,1,0,0,0,0,0,1,1,0,1,0,0,12.1708688736,4,10.2399597168,13.0570783615,8.57390594482,0.781419277191,15.2647323608,4
798,2,75,6,1,1,1,,0,0,0,0,1,7,60510.1914062,11.7037143707,2200,5500,12.8510789871,11.4721031189,10.165851593,5.37196779251,0.85428583622,8,0,37,0,2,0,1,1,0,1,1,0,0,0,1,0,1,0,1,0,1,12.1708688736,4,10.2399597168,13.0570783615,8.57390594482,0.781419277191,15.2647323608,7
799,1,75,6,1,1,1,0,0,0,0,0,1,4,5464.13476562,9.29910850525,200,1000,12.6280670166,8.294049263,0,-5.11799144745,2.90144395828,4,1,28,0,2,1,1,0,0,0,0,0,0,0,0,0,1,0,0,0,1,9.29910850525,4,0,8.294049263,-5.11799144745,2.90144395828,12.6280670166,4
799,2,75,6,1,1,1,,0,0,0,0,1,7,51109.546875,11.5348739624,1900,8800,12.1899433136,9.39266204834,0,5.37196779251,-1.32368826866,4,1,28,0,2,1,0,0,0,1,0,0,0,0,0,1,1,0,1,1,1,9.29910850525,4,0,8.294049263,-5.11799144745,2.90144395828,12.6280670166,7
800,1,75,6,1,1,1,0,0,0,0,0,1,5,19140.1054688,10.5526885986,3800,300,11.7360687256,9.68034362793,6.90775632858,-4.0542178154,2.90144395828,5,0,44,0,2,1,0,1,1,1,0,1,0,0,0,0,1,0,0,0,1,10.5526885986,5,6.90775632858,9.68034362793,-4.0542178154,2.90144395828,11.7360687256,5
800,2,75,6,1,1,1,,0,0,0,0,1,5,68477,11.8274002075,8070,6000,11.2036790848,11.3385725021,10.3089523315,4.1871676445,2.90144395828,5,0,44,0,2,1,1,0,0,0,0,0,0,0,1,0,1,0,0,0,1,10.5526885986,5,6.90775632858,9.68034362793,-4.0542178154,2.90144395828,11.7360687256,5
801,1,75,6,1,1,1,0,0,0,0,0,1,5,82873.09375,12.0182132721,10300,5600,13.423948288,11.1272630692,11.512925148,3.14412951469,-1.25082182884,4,0,29,0,3,0,0,0,0,1,1,0,0,0,0,0,1,0,1,0,1,12.0182132721,5,11.512925148,11.1272630692,3.14412951469,-1.25082182884,13.423948288,5
801,2,75,6,1,1,1,,0,0,0,0,1,6,49673.4609375,11.5063734055,7500,0,12.7550611496,9.79812717438,12.2060728073,-6.95135879517,0.85428583622,4,0,29,0,3,1,0,1,0,1,1,0,0,0,0,0,0,0,1,1,1,12.0182132721,5,11.512925148,11.1272630692,3.14412951469,-1.25082182884,13.423948288,6
802,1,76,5,0,49.75,1,0,0,0,0,1,0,7,83519.6953125,12.0259847641,7950,5400,12.1542320251,10.513253212,0,3.89244413376,-3.37084650993,2,0,25,0,3,1,1,1,0,1,0,0,0,0,0,0,1,0,1,1,1,12.0259847641,7,0,10.513253212,3.89244413376,-3.37084650993,12.1542320251,7
802,2,76,5,0,49.75,1,,0,0,0,1,0,4,19706.9609375,10.5818748474,3300,0,12.179728508,9.08250713348,9.68034362793,-1.18138229847,-1.96752977371,2,0,25,0,3,1,0,0,1,1,0,0,0,0,0,0,1,0,0,0,1,12.0259847641,7,0,10.513253212,3.89244413376,-3.37084650993,12.1542320251,4
803,1,76,5,0,49.75,1,0,0,0,0,1,0,8,289250.15625,13.2681941986,6000,58232,12.9736309052,11.8130302429,11.4075651169,-0.109905526042,0.85428583622,4,1,60,0,3,1,1,0,1,1,0,0,0,0,0,1,1,0,1,1,1,13.2681941986,8,11.4075651169,11.8130302429,-0.109905526042,0.85428583622,12.9736309052,8
803,2,76,5,0,49.75,1,,0,0,0,1,0,6,66912.1953125,11.8042840958,100,15100,11.1447563171,11.1272630692,11.0020999908,-8.07629585266,2.90144395828,4,1,60,0,3,1,1,0,1,1,0,0,0,0,0,1,1,0,0,0,1,13.2681941986,8,11.4075651169,11.8130302429,-0.109905526042,0.85428583622,12.9736309052,6
804,1,76,5,1,1,1,0,0,0,0,1,0,5,50365.6171875,11.5202112198,3650,7500,10.4631032944,10.7789564133,10.9150886536,-2.78833603859,-3.37084650993,3,0,27,0,1,0,1,1,0,0,0,0,0,0,0,0,1,0,1,0,1,11.5202112198,5,10.9150886536,10.7789564133,-2.78833603859,-3.37084650993,10.4631032944,5
804,2,76,5,1,1,1,,0,0,0,1,0,5,6399.17285156,9.45707130432,1300,0,10.6188850403,0,8.69951438904,1.35999703407,-6.19266223907,3,0,27,0,1,1,1,0,1,1,0,0,0,0,0,0,1,0,0,0,1,11.5202112198,5,10.9150886536,10.7789564133,-2.78833603859,-3.37084650993,10.4631032944,5
805,1,76,5,0,49.75,1,0,0,0,0,1,0,4,397358.59375,13.5857419968,400,91000,13.0647344589,0,0,-10.5411291122,-1.96752977371,2,1,81,0,1,0,1,0,0,1,1,0,0,0,0,0,0,0,0,0,1,13.5857419968,4,0,0,-10.5411291122,-1.96752977371,13.0647344589,4
805,2,76,5,0,49.75,1,,0,0,0,1,0,4,6775.37304688,9.51419734955,960,300,7.60090255737,0,0,1.89512479305,-6.19266223907,2,1,81,0,1,1,1,0,0,0,0,0,0,0,0,0,1,0,0,0,1,13.5857419968,4,0,0,-10.5411291122,-1.96752977371,13.0647344589,4
806,1,76,5,0,49.75,1,0,0,0,0,1,0,4,12378.5380859,10.1168670654,2250,0,10.0957593918,0,0,-7.21036911011,-1.32368826866,2,0,0,0,1,0,1,0,0,1,0,0,0,0,0,0,1,0,0,0,1,10.1168670654,4,0,0,-7.21036911011,-1.32368826866,10.0957593918,4
806,2,76,5,0,49.75,1,,0,0,0,1,0,3,5630.17285156,9.32904243469,1100,0,9.81356239319,0,0,-6.29691171646,-1.26795446873,2,0,0,0,1,0,1,0,0,0,0,0,0,0,0,0,1,0,0,0,1,10.1168670654,4,0,0,-7.21036911011,-1.32368826866,10.0957593918,3
807,1,76,5,1,1,1,0,0,0,0,1,0,3,5162.25,9.24227523804,850,0,9.53242397308,0,0,-1.62125980854,-6.19266223907,6,0,44,0,2,1,1,0,0,0,0,0,0,0,0,0,1,0,0,0,0,9.24227523804,3,0,0,-1.62125980854,-6.19266223907,9.53242397308,3
807,2,76,5,1,1,1,,0,0,0,1,0,5,3409.15380859,8.82736682892,600,0,12.6267547607,0,5.29834222794,7.03273868561,-6.19266223907,6,0,44,0,2,1,1,0,1,0,0,0,0,0,0,0,1,0,0,0,1,9.24227523804,3,0,0,-1.62125980854,-6.19266223907,9.53242397308,5
808,1,77,6,1,1,1,0,0,0,0,0,0,3,15073,10.3138074875,1300,2100,12.881565094,8.69951438904,0,4.69199991226,-3.37084650993,8,1,52,0,2,1,0,0,0,0,0,0,0,0,0,0,1,0,0,0,1,10.3138074875,3,0,8.69951438904,4.69199991226,-3.37084650993,12.881565094,3
808,2,77,6,1,1,1,,0,0,0,0,0,3,1953.5,8.27052497864,300,0,10.7789564133,7.49554204941,0,3.12313818932,-3.37084650993,8,1,52,0,2,0,1,1,1,1,0,0,0,0,0,0,1,0,0,0,0,10.3138074875,3,0,8.69951438904,4.69199991226,-3.37084650993,12.881565094,3
809,1,77,6,0,46.5,1,0,0,0,0,0,0,3,39037.6171875,11.2654285431,1400,7500,9.48797225952,7.78322410583,0,-0.851439535618,0.781419277191,5,1,45,0,3,1,0,0,0,1,0,0,0,0,0,0,0,0,0,0,1,11.2654285431,3,0,7.78322410583,-0.851439535618,0.781419277191,9.48797225952,3
809,2,77,6,0,46.5,1,,0,0,0,0,0,2,19458.1640625,10.5691690445,4200,0,10.8237705231,9.30565071106,0,8.26849269867,2.90144395828,5,1,45,0,3,1,0,1,0,0,0,0,0,0,0,0,0,0,0,0,0,11.2654285431,3,0,7.78322410583,-0.851439535618,0.781419277191,9.48797225952,2
810,1,77,6,1,1,1,0,0,0,0,0,0,5,23486.9902344,10.7573490143,4250,1000,10.9886770248,8.69951438904,8.00636768341,4.309030056,2.90144395828,4,0,38,0,2,1,1,0,0,0,0,0,0,0,0,0,1,0,0,1,1,10.7573490143,5,8.00636768341,8.69951438904,4.309030056,2.90144395828,10.9886770248,5
810,2,77,6,1,1,1,,0,0,0,0,0,,39403.921875,11.2747678757,4000,4500,13.1505622864,0,6.68461322784,-2.37904834747,-1.32368826866,4,0,38,0,2,0,888,0,0,1,0,0,0,0,1,0,1,0,1,0,1,10.7573490143,5,8.00636768341,8.69951438904,4.309030056,2.90144395828,10.9886770248,5
811,1,77,6,1,1,1,0,0,0,0,0,0,2,918.865356445,7.51628684998,0,0,12.1725158691,9.21034049988,0,-7.4919500351,-1.32368826866,5,0,78,0,2,0,1,0,0,0,0,0,0,0,0,0,1,0,0,0,0,7.51628684998,2,0,9.21034049988,-7.4919500351,-1.32368826866,12.1725158691,2
811,2,77,6,1,1,1,,0,0,0,0,0,3,2607,8.55910301208,600,0,12.7242708206,8.69951438904,8.76405334473,-0.286341607571,-3.37084650993,5,0,78,0,2,0,1,0,0,0,0,0,0,0,0,0,1,0,0,0,1,7.51628684998,2,0,9.21034049988,-7.4919500351,-1.32368826866,12.1725158691,3
812,1,77,6,1,1,1,0,0,0,0,0,0,2,14086.0771484,10.2460889816,2900,0,12.8952121735,0,9.39266204834,-1.25677192211,0.781419277191,8,1,72,0,2,0,1,0,0,0,0,1,0,0,0,0,0,0,0,0,0,10.2460889816,2,9.39266204834,0,-1.25677192211,0.781419277191,12.8952121735,2
812,2,77,6,1,1,1,,0,0,0,0,0,4,89006.8671875,12.0896158218,8700,11200,12.6092014313,0,0,2.97867107391,2.90144395828,8,1,72,0,2,1,0,1,1,1,0,0,0,0,0,0,1,0,0,0,1,10.2460889816,2,9.39266204834,0,-1.25677192211,0.781419277191,12.8952121735,4
813,1,77,6,1,1,1,0,0,0,0,0,0,6,35731.4335938,11.1769332886,1700,5800,12.4776248932,7.60090255737,0,1.4183909893,-6.19266223907,6,1,77,0,2,1,0,0,0,1,0,0,0,0,0,0,1,0,1,1,1,11.1769332886,6,0,7.60090255737,1.4183909893,-6.19266223907,12.4776248932,6
813,2,77,6,1,1,1,,0,0,0,0,0,5,131100.9375,12.4768695831,2300,18000,12.9170598984,9.47270488739,0,3.35018873215,-3.37084650993,6,1,77,0,2,0,1,0,1,1,0,0,0,0,0,0,1,0,1,0,1,11.1769332886,6,0,7.60090255737,1.4183909893,-6.19266223907,12.4776248932,5
814,1,77,6,0,46.5,1,0,0,0,0,0,0,8,147088.78125,12.5919389725,6700,25400,14.1622161865,10.896739006,11.3621025085,0.500669121742,0.0796284079552,3,0,25,0,3,1,0,0,0,1,0,1,1,1,0,0,1,0,1,1,1,12.5919389725,8,11.3621025085,10.896739006,0.500669121742,0.0796284079552,14.1622161865,8
814,2,77,6,0,46.5,1,,0,0,0,0,0,3,50866.0195312,11.5300979614,2700,7500,12.1568822861,0,11.512925148,12.4848232269,-1.32368826866,3,0,25,0,3,1,0,0,0,0,1,0,0,0,0,0,1,0,0,0,0,12.5919389725,8,11.3621025085,10.896739006,0.500669121742,0.0796284079552,14.1622161865,3
815,1,77,6,0,46.5,1,0,0,0,0,0,0,3,52622.4804688,11.5640459061,1850,9750,12.3867263794,8.9871969223,8.294049263,3.28308129311,2.90144395828,5,0,-99,0.00382096064277,3,1,1,0,0,0,0,0,0,0,0,0,1,0,0,0,0,11.5640459061,3,8.294049263,8.9871969223,3.28308129311,2.90144395828,12.3867263794,3
815,2,77,6,0,46.5,1,,0,0,0,0,0,6,74221.609375,11.9079580307,8500,7600,13.1985836029,9.21034049988,0,6.47146081924,2.90144395828,5,0,-99,0.00382096064277,3,1,1,1,1,1,0,0,0,0,0,0,1,0,0,1,1,11.5640459061,3,8.294049263,8.9871969223,3.28308129311,2.90144395828,12.3867263794,6
816,1,77,6,0,46.5,1,0,0,0,0,0,0,4,22426.3457031,10.7111387253,200,4500,11.0054273605,0,0,-2.21070623398,-2.02547931671,4,1,37,0,3,0,0,0,0,1,0,0,0,0,0,0,1,0,1,0,1,10.7111387253,4,0,0,-2.21070623398,-2.02547931671,11.0054273605,4
816,2,77,6,0,46.5,1,,0,0,0,0,0,4,17145.5,10.4426383972,1200,2300,9.58190345764,0,9.21034049988,-1.83371138573,-4.08977031708,4,1,37,0,3,1,0,0,1,0,0,0,0,0,0,0,1,0,0,0,1,10.7111387253,4,0,0,-2.21070623398,-2.02547931671,11.0054273605,4
817,1,78,5,0,48,1,0,0,0,0,0,1,4,47474.5195312,11.4610958099,300,9300,11.2332115173,11.0666379929,10.085808754,4.1871676445,-3.37084650993,3,0,23,0,3,1,1,0,0,0,0,0,0,0,0,0,1,0,0,0,1,11.4610958099,4,10.085808754,11.0666379929,4.1871676445,-3.37084650993,11.2332115173,4
817,2,78,5,0,48,1,,0,0,0,0,1,5,39773.546875,11.2841043472,1800,700,11.0790605545,0,9.21034049988,1.54194831848,0.85428583622,3,0,23,0,3,1,0,0,0,1,0,0,0,0,0,0,1,0,0,1,1,11.4610958099,4,10.085808754,11.0666379929,4.1871676445,-3.37084650993,11.2332115173,5
818,1,78,5,1,1.25,1,0,0,0,0,0,1,8,48151.6171875,11.4752569199,7600,1250,15.059088707,8.9871969223,0,0.51066583395,0.781419277191,6,0,54,0,2,1,1,0,0,1,1,0,0,0,0,0,1,0,1,1,1,11.4752569199,8,0,8.9871969223,0.51066583395,0.781419277191,15.059088707,8
818,2,78,5,1,1.25,1,,0,0,0,0,1,4,36579.5390625,11.2003917694,4600,1800,12.2268352509,10.4744672775,0,1.11768364906,2.90144395828,6,0,54,0,2,1,0,0,0,1,0,0,0,0,0,0,1,0,0,0,1,11.4752569199,8,0,8.9871969223,0.51066583395,0.781419277191,15.059088707,4
819,1,78,5,0,48,1,0,0,0,0,0,1,6,79416.7421875,11.9756116867,1200,12000,12.9246387482,8.0709066391,9.90348720551,-3.22498202324,-3.37084650993,5,0,62,0,3,1,0,0,0,1,1,0,0,0,0,0,1,0,1,0,1,11.9756116867,6,9.90348720551,8.0709066391,-3.22498202324,-3.37084650993,12.9246387482,6
819,2,78,5,0,48,1,,0,0,0,0,1,3,64970.9609375,11.7748432159,2750,10000,13.3720321655,10.691945076,0,-2.48919987679,0.85428583622,5,0,62,0,3,0,1,1,1,0,0,0,0,0,0,0,1,0,0,0,0,11.9756116867,6,9.90348720551,8.0709066391,-3.22498202324,-3.37084650993,12.9246387482,3
820,1,78,5,1,1.25,1,0,0,0,0,0,1,2,9893.23046875,9.89275360107,300,0,11.8663949966,8.294049263,6.90775632858,3.58981132507,2.90144395828,8,0,58,0,1,0,0,0,1,0,0,0,0,0,0,0,1,0,0,0,0,9.89275360107,2,6.90775632858,8.294049263,3.58981132507,2.90144395828,11.8663949966,2
820,2,78,5,1,1.25,1,,0,0,0,0,1,4,27798.8359375,10.9258966446,2700,3300,13.4522428513,8.3428401947,8.51719284058,-3.58426427841,0.85428583622,8,0,58,0,1,1,1,0,0,0,0,0,0,0,0,0,1,1,0,0,0,9.89275360107,2,6.90775632858,8.294049263,3.58981132507,2.90144395828,11.8663949966,4
821,1,78,5,0,48,1,0,0,0,0,0,1,6,25325.125,10.8326997757,1300,3850,10.3253507614,9.90348720551,9.39266204834,4.31591844559,-1.26573896408,2,1,69,0,3,1,0,0,0,1,0,0,0,0,0,0,1,0,1,1,1,10.8326997757,6,9.39266204834,9.90348720551,4.31591844559,-1.26573896408,10.3253507614,6
821,2,78,5,0,48,1,,0,0,0,0,1,4,5581.11523438,9.32029151917,900,200,10.9750709534,0,8.9871969223,1.68881678581,2.90144395828,2,1,69,0,3,1,0,0,1,1,0,0,0,0,0,0,1,0,0,0,1,10.8326997757,6,9.39266204834,9.90348720551,4.31591844559,-1.26573896408,10.3253507614,4
822,1,78,5,1,1.25,1,0,0,0,0,0,1,,17880,10.4845848083,3600,400,10.6310358047,9.16951847076,0,1.53049588203,-4.0875544548,4,0,24,0,1,1,888,0,0,0,0,1,1,0,0,0,1,0,1,0,1,10.4845848083,6,0,9.16951847076,1.53049588203,-4.0875544548,10.6310358047,6
822,2,78,5,1,1.25,1,,0,0,0,0,1,5,48077.4804688,11.4737167358,2100,8500,10.1105012894,9.10497951508,0,1.33152937889,-6.19266223907,4,0,24,0,1,0,1,0,0,1,0,0,0,0,0,0,1,0,1,0,1,10.4845848083,6,0,9.16951847076,1.53049588203,-4.0875544548,10.6310358047,5
823,1,78,5,1,1.25,1,0,0,0,0,0,1,5,91986.8125,12.1225481033,3530,16700,11.9223823547,10.1503477097,0,4.17717075348,-3.37084650993,6,1,54,0,1,1,0,0,0,1,0,0,0,0,0,0,1,0,0,1,1,12.1225481033,5,0,10.1503477097,4.17717075348,-3.37084650993,11.9223823547,5
823,2,78,5,1,1.25,1,,0,0,0,0,1,8,145009.65625,12.5777025223,8650,23800,12.5546150208,10.2109718323,7.60090255737,0.178570985794,-1.26573896408,6,1,54,0,1,1,1,0,1,1,0,1,0,0,0,0,1,0,1,1,1,12.1225481033,5,0,10.1503477097,4.17717075348,-3.37084650993,11.9223823547,8
824,1,78,5,0,48,1,0,0,0,0,0,1,6,26327.8164062,10.8715286255,1050,4600,12.6088676453,11.0020999908,6.90775632858,-11.2279081345,2.90144395828,4,0,0,0,3,1,1,0,0,1,0,0,0,0,0,0,1,0,0,1,1,10.8715286255,6,6.90775632858,11.0020999908,-11.2279081345,2.90144395828,12.6088676453,6
824,2,78,5,0,48,1,,0,0,0,0,1,2,16415.8554688,10.3991498947,1300,1950,10.9801950455,9.21034049988,11.097410202,0.948700785637,2.90144395828,4,0,0,0,3,0,1,0,0,0,0,0,0,0,0,0,1,0,0,0,0,10.8715286255,6,6.90775632858,11.0020999908,-11.2279081345,2.90144395828,12.6088676453,2
825,1,79,5,1,1.74999988079,1,0,0,1,0,0,0,2,2607,8.55910301208,600,0,10.6213274002,0,0,7.24022293091,-1.25082182884,8,0,46,0,2,0,1,0,0,0,1,1,0,0,0,0,0,0,0,0,0,8.55910301208,2,0,0,7.24022293091,-1.25082182884,10.6213274002,2
825,2,79,5,1,1.74999988079,1,,0,1,0,0,0,6,5078.42285156,9.22590351105,950,0,11.3456897736,0,0,3.18899869919,0.85428583622,8,0,46,0,2,1,1,0,0,0,0,1,0,0,0,0,1,0,0,1,1,8.55910301208,2,0,0,7.24022293091,-1.25082182884,10.6213274002,6
826,1,79,5,1,1.74999988079,1,0,0,1,0,0,0,3,30278.8847656,11.0113534927,3700,3000,12.0748243332,0,9.54681301117,2.90436553955,-6.13692855835,8,1,50,0,2,0,0,0,0,1,0,0,0,0,0,0,1,0,0,0,1,11.0113534927,3,9.54681301117,0,2.90436553955,-6.13692855835,12.0748243332,3
826,2,79,5,1,1.74999988079,1,,0,1,0,0,0,6,17136.7402344,10.4421272278,3000,600,13.0267333984,8.9871969223,0,0.985158801079,0.85428583622,8,1,50,0,2,1,1,1,0,1,1,0,0,0,0,0,1,0,0,0,1,11.0113534927,3,9.54681301117,0,2.90436553955,-6.13692855835,12.0748243332,6
827,1,79,5,1,1.74999988079,1,0,0,1,0,0,0,4,1218638.75,14.7063922882,450,280000,9.61580562592,0,0,-2.41542935371,-1.32368826866,3,1,33,0,1,0,0,0,1,1,0,0,0,0,0,0,1,0,0,1,1,14.7063922882,4,0,0,-2.41542935371,-1.32368826866,9.61580562592,4
827,2,79,5,1,1.74999988079,1,,0,1,0,0,0,2,16490.25,10.4036722183,3400,0,11.0020999908,0,8.294049263,-1.04574930668,-1.96752977371,3,1,33,0,1,1,1,0,0,0,0,0,0,0,0,0,0,0,0,0,0,14.7063922882,4,0,0,-2.41542935371,-1.32368826866,9.61580562592,2
828,1,79,5,0,44,1,0,0,1,0,0,0,6,11000.7792969,9.99886894226,1400,300,13.1892738342,0,10.49127388,-2.21070623398,0.79633641243,8,0,12,1,3,1,0,0,0,1,0,0,0,0,0,0,1,0,1,1,1,9.99886894226,6,10.49127388,0,-2.21070623398,0.79633641243,13.1892738342,6
828,2,79,5,0,44,1,,0,1,0,0,0,4,25790.8945312,10.8509235382,2100,1800,11.5018644333,0,11.6082353592,-1.9715077877,-1.25082182884,8,0,12,1,3,0,1,1,1,1,0,0,0,0,0,0,1,0,0,0,1,9.99886894226,6,10.49127388,0,-2.21070623398,0.79633641243,13.1892738342,4
829,1,79,5,1,1.74999988079,1,0,0,1,0,0,0,2,2172.5,8.37678146362,500,0,9.69276618958,0,0,8.11674118042,-3.37084650993,3,1,53,0,1,0,0,0,0,0,0,0,0,0,0,0,1,0,0,0,1,8.37678146362,2,0,0,8.11674118042,-3.37084650993,9.69276618958,2
829,2,79,5,1,1.74999988079,1,,0,1,0,0,0,4,4525.32714844,9.11059188843,600,0,10.4631032944,0,0,3.18266129494,-1.25082182884,3,1,53,0,1,0,1,0,1,1,0,0,0,0,0,0,1,0,0,0,1,8.37678146362,2,0,0,8.11674118042,-3.37084650993,9.69276618958,4
830,1,79,5,0,44,1,0,0,1,0,0,0,,29735.625,10.9932479858,1800,4200,13.104809761,11.1844215393,11.1418619156,-5.69366788864,-1.26573896408,7,0,59,0,3,0,0,0,0,1,0,0,0,1,0,0,888,0,1,1,1,10.9932479858,5,11.1418619156,11.1844215393,-5.69366788864,-1.26573896408,13.104809761,5
830,2,79,5,0,44,1,,0,1,0,0,0,5,27328.4902344,10.90883255,3850,1500,11.8018417358,9.10497951508,11.2897815704,5.11913347244,0.85428583622,7,0,59,0,3,1,0,1,0,0,0,0,0,0,0,0,1,1,0,0,1,10.9932479858,5,11.1418619156,11.1844215393,-5.69366788864,-1.26573896408,13.104809761,5
831,1,79,5,0,44,1,0,0,1,0,0,0,3,10468.7021484,9.94929218292,2000,0,11.138958931,9.61580562592,0,1.90952348709,2.90144395828,3,0,67,0,2,1,0,0,0,0,0,0,0,0,0,0,1,0,0,0,1,9.94929218292,3,0,9.61580562592,1.90952348709,2.90144395828,11.138958931,3
831,2,79,5,0,44,1,,0,1,0,0,0,2,13200.7695312,10.1811771393,2550,0,12.0435533524,0,9.99879741669,1.63332259655,-7.54024505615,3,0,67,0,2,0,1,0,0,0,0,0,0,1,0,0,0,0,0,0,0,9.94929218292,3,0,9.61580562592,1.90952348709,2.90144395828,11.138958931,2
832,1,79,5,1,1.74999988079,1,0,0,1,0,0,0,2,19718.8085938,10.5824756622,300,3800,12.7770519257,8.294049263,7.60090255737,12.2195158005,-1.32368826866,4,1,37,0,2,0,1,1,0,0,0,0,0,0,0,0,0,0,0,0,0,10.5824756622,2,7.60090255737,8.294049263,12.2195158005,-1.32368826866,12.7770519257,2
832,2,79,5,1,1.74999988079,1,,0,1,0,0,0,10,32159.0996094,11.071598053,2000,4480,17.6023159027,8.00636768341,9.95227813721,8.2745923996,-7.54024505615,4,1,37,0,2,1,1,1,1,1,1,0,0,0,0,1,1,1,1,1,1,10.5824756622,2,7.60090255737,8.294049263,12.2195158005,-1.32368826866,12.7770519257,10
833,1,79,5,1,1.74999988079,1,0,0,1,0,0,0,5,15642,10.3508625031,3000,600,10.2035923004,0,0,-7.21362495422,2.90144395828,6,0,39,0,2,0,0,0,0,1,1,0,0,0,0,0,1,0,1,0,1,10.3508625031,5,0,0,-7.21362495422,2.90144395828,10.2035923004,5
833,2,79,5,1,1.74999988079,1,,0,1,0,0,0,3,38513.6445312,11.251914978,7300,0,9.64212322235,0,0,3.77057528496,2.90144395828,6,0,39,0,2,0,1,0,0,0,0,0,0,0,0,0,1,0,0,0,1,10.3508625031,5,0,0,-7.21362495422,2.90144395828,10.2035923004,3
834,1,79,5,1,1.74999988079,1,0,0,1,0,0,0,1,5188.66357422,9.2473783493,1100,0,11.0943746567,0,0,11.0559253693,-7.54024505615,6,0,40,0,2,0,0,1,0,1,0,0,0,0,0,0,0,0,0,0,0,9.2473783493,1,0,0,11.0559253693,-7.54024505615,11.0943746567,1
834,2,79,5,1,1.74999988079,1,,0,1,0,0,0,5,9859,9.88928699493,2200,0,11.8218793869,9.47270488739,9.32366943359,4.79513645172,-7.54024505615,6,0,40,0,2,0,1,1,1,1,0,1,0,0,0,1,0,0,1,0,0,9.2473783493,1,0,0,11.0559253693,-7.54024505615,11.0943746567,5
835,1,79,5,1,1.74999988079,1,0,0,1,0,0,0,7,49167.375,11.4961328506,8300,2000,10.3221979141,9.68034362793,9.21034049988,1.38349926472,-5.43513727188,7,1,50,0,2,1,1,0,0,1,0,0,0,0,0,0,1,0,1,1,1,11.4961328506,7,9.21034049988,9.68034362793,1.38349926472,-5.43513727188,10.3221979141,7
835,2,79,5,1,1.74999988079,1,,0,1,0,0,0,6,25072.1738281,10.8226613998,4250,400,12.2317399979,9.86266517639,0,-0.0392302125692,0.79633641243,7,1,50,0,2,1,1,1,0,1,1,1,0,0,0,0,1,0,0,0,1,11.4961328506,7,9.21034049988,9.68034362793,1.38349926472,-5.43513727188,10.3221979141,6
836,1,79,5,0,44,1,0,0,1,0,0,0,2,4168.18261719,9.02838230133,100,600,11.8803424835,0,0,4.58687496185,0.85428583622,3,1,78,0,1,0,1,0,0,0,0,0,0,0,0,0,0,0,0,0,1,9.02838230133,2,0,0,4.58687496185,0.85428583622,11.8803424835,2
836,2,79,5,0,44,1,,0,1,0,0,0,6,3240.4230957,8.77660655975,200,0,10.1581296921,10.7995758057,0,4.50041341782,-7.54024505615,3,1,78,0,1,1,1,0,1,1,0,1,0,0,0,0,1,0,1,0,0,9.02838230133,2,0,0,4.58687496185,0.85428583622,11.8803424835,6
837,1,80,5,0,54.7500038147,1,0,1,0,0,0,0,2,6723.02880859,9.50644111633,700,200,12.7708177567,9.21034049988,0,-7.69844007492,-6.19487762451,4,1,73,0,2,1,0,0,0,0,0,0,0,0,0,0,1,0,0,0,0,9.50644111633,2,0,9.21034049988,-7.69844007492,-6.19487762451,12.7708177567,2
837,2,80,5,0,54.7500038147,1,,1,0,0,0,0,3,1554.1730957,8.04184627533,300,0,10.5453414917,0,7.60090255737,3.99642562866,-1.96752977371,4,1,73,0,2,0,1,0,0,0,0,0,0,0,0,0,1,0,0,0,1,9.50644111633,2,0,9.21034049988,-7.69844007492,-6.19487762451,12.7708177567,3
838,1,80,5,1,1,1,0,1,0,0,0,0,2,8205.09570312,9.70565795898,1000,750,8.73230457306,8.85366535187,0,-6.36667633057,-3.37084650993,5,1,42,0,2,1,1,0,0,0,0,0,0,0,0,0,0,0,0,0,0,9.70565795898,2,0,8.85366535187,-6.36667633057,-3.37084650993,8.73230457306,2
838,2,80,5,1,1,1,,1,0,0,0,0,4,7071.54785156,9.55698204041,800,0,9.26860904694,0,9.39266204834,5.45574140549,0.85428583622,5,1,42,0,2,1,0,0,0,1,0,0,0,0,0,1,0,0,0,0,1,9.70565795898,2,0,8.85366535187,-6.36667633057,-3.37084650993,8.73230457306,4
839,1,80,5,0,54.7500038147,1,0,1,0,0,0,0,,20686.7304688,10.6303949356,3100,1000,9.51782512665,0,0,-0.692702770233,0.85428583622,5,0,27,0,3,0,0,0,0,0,1,0,0,0,0,0,1,0,888,0,0,10.6303949356,2,0,0,-0.692702770233,0.85428583622,9.51782512665,2
839,2,80,5,0,54.7500038147,1,,1,0,0,0,0,6,22768.2597656,10.726269722,4800,0,9.53242397308,0,0,4.98557949066,-6.19266223907,5,0,27,0,3,1,1,0,1,1,0,0,0,0,0,0,1,0,1,0,1,10.6303949356,2,0,0,-0.692702770233,0.85428583622,9.51782512665,6
840,1,80,5,1,1,1,0,1,0,0,0,0,2,2272.5,8.42178344727,500,0,8.69951438904,0,9.79812717438,-2.43832230568,0.79633641243,6,0,35,0,2,0,1,0,0,0,0,0,0,0,0,0,1,0,0,0,0,8.42178344727,2,9.79812717438,0,-2.43832230568,0.79633641243,8.69951438904,2
840,2,80,5,1,1,1,,1,0,0,0,0,2,66790.1171875,11.8024578094,0,11900,10.2541446686,0,10.3089523315,0.495501697063,-4.1455039978,6,0,35,0,2,1,1,0,0,0,0,0,0,0,0,0,0,0,0,0,0,8.42178344727,2,9.79812717438,0,-2.43832230568,0.79633641243,8.69951438904,2
841,1,80,5,0,54.7500038147,1,0,1,0,0,0,0,4,20420.1542969,10.6174249649,2700,1650,13.0560102463,8.85366535187,0,-0.355092585087,0.79633641243,1,1,56,0,2,0,0,0,0,1,0,0,0,0,0,0,1,1,1,0,0,10.6174249649,4,0,8.85366535187,-0.355092585087,0.79633641243,13.0560102463,4
841,2,80,5,0,54.7500038147,1,,1,0,0,0,0,5,24839.5488281,10.8133392334,600,3700,14.2724924088,0,0,4.26427173615,2.90144395828,1,1,56,0,2,0,1,0,1,0,0,0,0,0,0,0,0,1,1,0,1,10.6174249649,4,0,8.85366535187,-0.355092585087,0.79633641243,13.0560102463,5
842,1,80,5,0,54.7500038147,1,0,1,0,0,0,0,3,86531.265625,12.0614080429,0,17900,14.1470832825,8.9871969223,9.90348720551,-7.54151344299,2.90144395828,6,0,77,0,2,0,0,0,0,0,0,0,0,0,0,1,1,0,1,0,0,12.0614080429,3,9.90348720551,8.9871969223,-7.54151344299,2.90144395828,14.1470832825,3
842,2,80,5,0,54.7500038147,1,,1,0,0,0,0,7,44247.171875,11.3906936646,700,7500,14.5243835449,8.85366535187,12.4211835861,2.3742017746,0.85428583622,6,0,77,0,2,1,1,0,1,1,0,0,0,0,0,1,1,0,0,1,1,12.0614080429,3,9.90348720551,8.9871969223,-7.54151344299,2.90144395828,14.1470832825,7
843,1,81,6,0,47.4999961853,1,0,1,0,0,0,0,4,10781.1005859,9.97869682312,1000,900,13.0309495926,10.9331073761,0,-2.45589351654,2.90144395828,2,1,61,0,3,0,0,0,0,1,0,0,0,0,0,0,1,0,1,0,1,9.97869682312,4,0,10.9331073761,-2.45589351654,2.90144395828,13.0309495926,4
843,2,81,6,0,47.4999961853,1,,1,0,0,0,0,5,32251.3847656,11.0744638443,1000,6000,12.6975927353,9.79812717438,0,10.1277599335,-3.37306213379,2,1,61,0,3,1,0,0,0,1,0,0,0,0,0,0,1,0,1,0,1,9.97869682312,4,0,10.9331073761,-2.45589351654,2.90144395828,13.0309495926,5
844,1,81,6,1,1,1,0,1,0,0,0,0,4,52690.4023438,11.5653362274,500,11500,10.5023241043,11.6952466965,0,2.69097781181,1.21938753128,5,0,25,0,2,0,0,0,0,1,0,0,0,0,0,1,1,0,0,0,1,11.5653362274,4,0,11.6952466965,2.69097781181,1.21938753128,10.5023241043,4
844,2,81,6,1,1,1,,1,0,0,0,0,3,14914.5097656,10.3032369614,1200,2000,12.6946525574,0,0,10.3241701126,-6.19266223907,5,0,25,0,2,1,0,0,1,1,0,0,0,0,0,0,0,0,0,0,1,11.5653362274,4,0,11.6952466965,2.69097781181,1.21938753128,10.5023241043,3
845,1,81,6,1,1,1,0,1,0,0,0,0,5,11260.75,10.0222253799,1500,0,13.4803171158,9.68034362793,0,0.116473928094,-3.37084650993,8,0,36,0,3,0,1,0,0,1,0,0,0,0,0,0,1,0,0,1,1,10.0222253799,5,0,9.68034362793,0.116473928094,-3.37084650993,13.4803171158,5
845,2,81,6,1,1,1,,1,0,0,0,0,,551832,10.6090154648,3316.84912109,122159.351562,11.6641387939,5.66118001938,6.38053369522,-34.8434486389,-10.3620605469,8,0,36,0,3,,,,,,,,,,,,,,,,,10.0222253799,5,0,9.68034362793,0.116473928094,-3.37084650993,13.4803171158,4.46262979507
846,1,81,6,0,47.4999961853,1,0,1,0,0,0,0,3,17612.4804688,10.4695100784,1800,800,11.6040449142,8.69951438904,9.99879741669,-5.93872690201,-3.37084650993,4,0,28,0,3,0,0,0,0,1,0,0,0,0,0,0,1,0,0,0,1,10.4695100784,3,9.99879741669,8.69951438904,-5.93872690201,-3.37084650993,11.6040449142,3
846,2,81,6,0,47.4999961853,1,,1,0,0,0,0,3,20864.0859375,10.6389322281,4300,200,13.3185882568,10.2035923004,8.294049263,2.62387037277,-3.37084650993,4,0,28,0,3,0,0,0,0,1,0,0,0,0,0,0,1,0,0,0,1,10.4695100784,3,9.99879741669,8.69951438904,-5.93872690201,-3.37084650993,11.6040449142,3
847,1,81,6,1,1,1,0,1,0,0,0,0,4,6056.85595703,9.40209293365,1100,0,10.1604528427,0,0,-0.577375292778,-3.37084650993,4,1,50,0,2,1,0,0,0,0,0,0,0,0,0,1,1,0,0,0,1,9.40209293365,4,0,0,-0.577375292778,-3.37084650993,10.1604528427,4
847,2,81,6,1,1,1,,1,0,0,0,0,7,21429.8554688,10.665687561,4650,0,10.6596097946,0,0,7.4353146553,0.85428583622,4,1,50,0,2,1,1,0,1,1,0,0,0,0,0,1,1,0,1,0,1,9.40209293365,4,0,0,-0.577375292778,-3.37084650993,10.1604528427,7
848,1,81,6,0,47.4999961853,1,0,1,0,0,0,0,2,49098.5,11.4947309494,1300,10000,10.118598938,0,9.21034049988,-2.99830389023,-1.25082182884,2,0,65,0,2,1,0,0,0,0,0,0,0,0,0,0,0,0,0,0,1,11.4947309494,2,9.21034049988,0,-2.99830389023,-1.25082182884,10.118598938,2
848,2,81,6,0,47.4999961853,1,,1,0,0,0,0,0,21725,10.6793661118,5000,0,12.2278337479,9.39266204834,10.085808754,-3.14362359047,0.85428583622,2,0,65,0,2,0,0,0,0,0,0,0,0,0,0,0,0,0,0,0,0,11.4947309494,2,9.21034049988,0,-2.99830389023,-1.25082182884,10.118598938,0
849,1,81,6,0,47.4999961853,1,0,1,0,0,0,0,8,58998.078125,11.6784076691,10450,800,13.3899450302,10.4341154099,12.3883943558,8.70753574371,2.90144395828,4,0,32,0,3,1,0,0,0,1,0,0,1,1,0,0,1,1,1,1,1,11.6784076691,8,12.3883943558,10.4341154099,8.70753574371,2.90144395828,13.3899450302,8
849,2,81,6,0,47.4999961853,1,,1,0,0,0,0,9,100614.03125,12.2121944427,13300,3400,16.3097572327,13.0731735229,12.6760759354,7.84446763992,2.90144395828,4,0,32,0,3,1,1,0,1,1,1,1,0,0,0,1,1,0,1,1,1,11.6784076691,8,12.3883943558,10.4341154099,8.70753574371,2.90144395828,13.3899450302,9
850,1,82,10,1,5.75,1,0,0,0,1,0,0,3,53759.9414062,11.5854310989,1200,10000,17.4067611694,8.00636768341,7.60090255737,2.51888656616,-3.37084650993,11,0,44,0,3,1,0,0,0,0,0,0,0,0,0,0,1,0,0,0,1,11.5854310989,3,7.60090255737,8.00636768341,2.51888656616,-3.37084650993,17.4067611694,3
850,2,82,10,1,5.75,1,,0,0,1,0,0,3,32754.6152344,11.0899467468,3300,4200,11.7752895355,7.49554204941,0,6.492436409,0.85428583622,11,0,44,0,3,1,1,1,0,1,0,0,0,0,0,0,0,0,0,0,0,11.5854310989,3,7.60090255737,8.00636768341,2.51888656616,-3.37084650993,17.4067611694,3
851,1,82,10,0,22.75,1,0,0,0,1,0,0,2,11363.0380859,10.0312681198,1050,1350,9.16951847076,0,10.5966348648,2.16393780708,-4.0875544548,3,0,0,0,3,1,0,0,0,0,0,0,0,0,0,0,1,0,0,0,0,10.0312681198,2,10.5966348648,0,2.16393780708,-4.0875544548,9.16951847076,2
851,2,82,10,0,22.75,1,,0,0,1,0,0,1,5844.19238281,9.36635112762,700,0,8.9871969223,0,9.99879741669,11.3074626923,-6.19266223907,3,0,0,0,3,0,1,0,0,0,0,0,0,0,0,0,0,0,0,0,0,10.0312681198,2,10.5966348648,0,2.16393780708,-4.0875544548,9.16951847076,1
852,1,82,10,1,5.75,1,0,0,0,1,0,0,2,5847.69238281,9.3669500351,1000,0,12.2433681488,0,10.7789564133,-4.30626249313,2.90144395828,7,0,48,0,3,0,1,0,0,0,0,0,0,0,0,0,1,0,0,0,0,9.3669500351,2,10.7789564133,0,-4.30626249313,2.90144395828,12.2433681488,2
852,2,82,10,1,5.75,1,,0,0,1,0,0,2,4611.57714844,9.12947273254,950,0,17.6023159027,7.60090255737,8.69951438904,5.69580078125,2.90144395828,7,0,48,0,3,0,1,0,0,0,0,0,0,0,0,0,1,0,0,0,0,9.3669500351,2,10.7789564133,0,-4.30626249313,2.90144395828,12.2433681488,2
853,1,82,10,1,5.75,1,0,0,0,1,0,0,3,5598.36523438,9.32337665558,1000,0,11.9779043198,5.29834222794,10.8197784424,6.73196697235,-4.07263755798,5,1,41,0,3,0,0,0,1,0,0,0,0,0,0,0,1,0,0,0,1,9.32337665558,3,10.8197784424,5.29834222794,6.73196697235,-4.07263755798,11.9779043198,3
853,2,82,10,1,5.75,1,,0,0,1,0,0,4,507976.46875,13.8313379288,5450,110000,12.6081991196,8.13153076172,10.3089523315,3.80493378639,-3.37084650993,5,1,41,0,3,1,0,0,0,1,0,0,0,0,0,0,1,0,1,0,0,9.32337665558,3,10.8197784424,5.29834222794,6.73196697235,-4.07263755798,11.9779043198,4
854,1,82,10,0,22.75,1,0,0,0,1,0,0,4,44054.5976562,11.3863325119,4600,0,15.7745628357,9.21034049988,0,0.19812117517,2.90144395828,5,0,49,0,2,0,1,0,0,1,0,0,0,0,0,0,1,0,1,0,0,11.3863325119,4,0,9.21034049988,0.19812117517,2.90144395828,15.7745628357,4
854,2,82,10,0,22.75,1,,0,0,1,0,0,3,3492055,15.7591485977,2000,800800,14.1872806549,5.28829240799,0,10.7476434708,2.90144395828,5,0,49,0,2,0,1,0,1,1,0,0,0,0,0,0,1,0,0,0,0,11.3863325119,4,0,9.21034049988,0.19812117517,2.90144395828,15.7745628357,3
855,1,82,10,1,5.75,1,0,0,0,1,0,0,1,11972.0673828,10.0834789276,2200,0,11.9972019196,8.294049263,0,2.48457145691,-1.32368826866,7,0,51,0,3,0,0,1,0,0,0,0,0,0,0,0,0,0,0,0,0,10.0834789276,1,0,8.294049263,2.48457145691,-1.32368826866,11.9972019196,1
855,2,82,10,1,5.75,1,,0,0,1,0,0,2,14429410,16.1621856689,2600,3318000,10.7009944916,0,0,0.389190554619,-1.32368826866,7,0,51,0,3,0,0,1,0,0,0,0,0,0,0,0,1,0,0,0,0,10.0834789276,1,0,8.294049263,2.48457145691,-1.32368826866,11.9972019196,2
856,1,82,10,0,22.75,1,0,0,0,1,0,0,5,2707.26928711,8.59684276581,100,500,10.8780469894,0,10.5966348648,1.2668813467,-1.96752977371,4,1,35,0,3,1,1,0,0,1,0,0,0,0,0,0,1,0,1,0,0,8.59684276581,5,10.5966348648,0,1.2668813467,-1.96752977371,10.8780469894,5
856,2,82,10,0,22.75,1,,0,0,1,0,0,7,20885.3847656,10.6399517059,1700,2500,11.0316581726,10.3089523315,9.68034362793,7.55794715881,-1.96752977371,4,1,35,0,3,1,1,0,1,1,0,1,0,0,0,0,1,0,1,0,1,8.59684276581,5,10.5966348648,0,1.2668813467,-1.96752977371,10.8780469894,7
857,1,82,10,1,5.75,1,0,0,0,1,0,0,4,22939.2890625,10.7337532043,4300,400,12.7851104736,0,9.90348720551,2.62387037277,-1.26795446873,10,0,42,0,3,1,1,0,0,0,0,0,0,0,0,0,1,1,0,0,0,10.7337532043,4,9.90348720551,0,2.62387037277,-1.26795446873,12.7851104736,4
857,2,82,10,1,5.75,1,,0,0,1,0,0,5,10434.4707031,9.94601726532,1000,500,12.8992195129,8.85366535187,10.0774412155,5.45574140549,0.85428583622,10,0,42,0,3,0,1,0,0,1,1,0,0,0,0,0,1,0,1,0,0,10.7337532043,4,9.90348720551,0,2.62387037277,-1.26795446873,12.7851104736,5
858,1,82,10,0,22.75,1,0,0,0,1,0,0,1,5660.36523438,9.33439064026,700,0,12.830619812,8.47637081146,10.085808754,-0.542425215244,0.85428583622,4,1,59,0,3,0,0,0,0,0,0,0,0,0,0,0,1,0,0,0,0,9.33439064026,1,10.085808754,8.47637081146,-0.542425215244,0.85428583622,12.830619812,1
858,2,82,10,0,22.75,1,,0,0,1,0,0,6,37669.9726562,11.229765892,3700,0,12.9795084,0,0,0.942453861237,2.90144395828,4,1,59,0,3,1,0,0,0,1,0,0,0,0,0,0,1,0,1,1,1,9.33439064026,1,10.085808754,8.47637081146,-0.542425215244,0.85428583622,12.830619812,6
859,1,82,10,1,5.75,1,0,0,0,1,0,0,1,17187.8164062,10.4451036453,2450,1000,11.3930149078,0,0,3.13590073586,0.85428583622,6,1,70,0,3,0,0,0,0,0,0,0,0,0,0,0,0,1,0,0,0,10.4451036453,1,0,0,3.13590073586,0.85428583622,11.3930149078,1
859,2,82,10,1,5.75,1,,0,0,1,0,0,5,50902.2695312,11.5308103561,1900,9300,9.91343784332,0,0,9.82654571533,-1.26573896408,6,1,70,0,3,1,1,0,1,1,0,0,0,0,0,0,1,0,1,0,0,10.4451036453,1,0,0,3.13590073586,0.85428583622,11.3930149078,5
860,1,82,10,1,5.75,1,0,0,0,1,0,0,7,18104.2695312,10.4970502853,700,2100,11.9130430222,10.6454248428,10.3089523315,-10.1703805923,-1.32368826866,5,0,39,0,3,1,0,0,0,1,1,0,0,0,0,0,1,0,1,1,1,10.4970502853,7,10.3089523315,10.6454248428,-10.1703805923,-1.32368826866,11.9130430222,7
860,2,82,10,1,5.75,1,,0,0,1,0,0,3,47701.0664062,11.4658565521,500,10000,11.3361883163,0,9.21034049988,8.06208705902,2.90144395828,5,0,39,0,3,1,1,0,0,0,0,0,0,0,0,0,1,0,0,0,0,10.4970502853,7,10.3089523315,10.6454248428,-10.1703805923,-1.32368826866,11.9130430222,3
861,1,82,10,1,5.75,1,0,0,0,1,0,0,4,32564.3261719,11.0841197968,3500,3000,8.90923500061,9.54681301117,7.60090255737,0.951711177826,-1.32368826866,4,0,30,0,2,1,0,0,1,1,0,0,0,0,0,0,1,0,0,0,1,11.0841197968,4,7.60090255737,9.54681301117,0.951711177826,-1.32368826866,8.90923500061,4
861,2,82,10,1,5.75,1,,0,0,1,0,0,4,38246.25,11.2449483871,5600,2600,10.7684850693,8.00636768341,0,1.93709146976,-3.37084650993,4,0,30,0,2,1,1,1,1,1,0,0,0,0,0,0,1,0,0,0,0,11.0841197968,4,7.60090255737,9.54681301117,0.951711177826,-1.32368826866,8.90923500061,4
862,1,83,10,1,5.875,1,0,0,0,0,0,0,5,6608.60595703,9.48927497864,450,800,10.5023241043,0,11.0020999908,4.06453561783,2.90144395828,4,1,34,0,3,1,0,0,1,1,0,0,0,0,0,1,0,0,1,0,1,9.48927497864,5,11.0020999908,0,4.06453561783,2.90144395828,10.5023241043,5
862,2,83,10,1,5.875,1,,0,0,0,0,0,6,15178.125,10.3207578659,2350,400,9.86266517639,7.37775945663,8.294049263,0.0295917391777,-3.37084650993,4,1,34,0,3,1,1,0,0,1,0,0,0,0,0,0,1,0,1,0,1,9.48927497864,5,11.0020999908,0,4.06453561783,2.90144395828,10.5023241043,6
863,1,83,10,1,5.875,1,0,0,0,0,0,0,3,14242.5478516,10.2571363449,1200,1000,13.1421661377,0,8.69951438904,3.92666149139,-4.0875544548,6,0,33,0,3,1,0,0,0,1,0,0,0,0,0,0,1,0,0,0,0,10.2571363449,3,8.69951438904,0,3.92666149139,-4.0875544548,13.1421661377,3
863,2,83,10,1,5.875,1,,0,0,0,0,0,6,29202.0664062,10.9751415253,6000,0,11.9090137482,8.69951438904,0,11.2023248672,0.85428583622,6,0,33,0,3,1,0,0,0,1,0,0,0,0,0,0,1,0,1,1,1,10.2571363449,3,8.69951438904,0,3.92666149139,-4.0875544548,13.1421661377,6
864,1,83,10,1,5.875,0,1,0,0,0,0,0,3,7946.06738281,9.673579216,0,1650,10.0774412155,0,8.00636768341,1.25031232834,-3.37084650993,5,1,46,0,3,1,0,0,0,0,0,0,0,0,0,0,1,0,0,0,1,9.673579216,3,8.00636768341,0,1.25031232834,-3.37084650993,10.0774412155,3
865,1,83,10,0,12.75,1,0,0,0,0,0,0,4,24263.8085938,10.789888382,4700,0,13.374833107,0,12.2060728073,-2.86026406288,2.90144395828,4,1,60,0,3,1,1,0,1,0,0,0,0,0,0,0,0,0,1,0,0,10.789888382,4,12.2060728073,0,-2.86026406288,2.90144395828,13.374833107,4
865,2,83,10,0,12.75,1,,0,0,0,0,0,8,101904.546875,12.2249393463,17900,3700,13.748087883,12.7656888962,0,4.33644294739,-1.32368826866,4,1,60,0,3,1,1,0,0,1,1,1,1,0,0,0,1,0,1,1,0,10.789888382,4,12.2060728073,0,-2.86026406288,2.90144395828,13.374833107,8
866,1,83,10,0,12.75,1,0,0,0,0,0,0,3,24902.6347656,10.8158760071,200,4000,12.881819725,10.8197784424,8.2374792099,-1.08863639832,0.85428583622,4,1,40,0,3,1,0,0,1,0,0,0,0,0,0,0,1,0,0,0,0,10.8158760071,3,8.2374792099,10.8197784424,-1.08863639832,0.85428583622,12.881819725,3
866,2,83,10,0,12.75,1,,0,0,0,0,0,7,115001.546875,12.3458480835,2000,20800,13.408744812,9.21034049988,0,-1.53209984303,-1.32368826866,4,1,40,0,3,1,1,1,1,1,0,0,0,0,0,0,1,1,1,0,1,10.8158760071,3,8.2374792099,10.8197784424,-1.08863639832,0.85428583622,12.881819725,7
867,1,83,10,1,5.875,1,0,0,0,0,0,0,1,23227.6914062,10.7462472916,5000,0,11.1913414001,0,0,-2.5519297123,-1.25082182884,5,0,0,0,2,0,0,0,0,0,0,0,0,0,0,0,1,0,0,0,0,10.7462472916,1,0,0,-2.5519297123,-1.25082182884,11.1913414001,1
867,2,83,10,1,5.875,1,,0,0,0,0,0,2,1663047.375,15.0173091888,1000,381200,10.9241380692,10.9437646866,6.90775632858,-4.78743219376,-3.37084650993,5,0,0,0,2,1,0,0,1,1,0,0,0,0,0,0,0,0,0,0,0,10.7462472916,1,0,0,-2.5519297123,-1.25082182884,11.1913414001,2
868,1,83,10,1,5.875,1,0,0,0,0,0,0,3,33385.078125,11.1090116501,2750,4000,10.1886663437,6.68461322784,0,-0.49288892746,-1.32368826866,10,0,40,0,3,0,0,0,0,0,0,0,0,0,0,0,1,0,1,0,1,11.1090116501,3,0,6.68461322784,-0.49288892746,-1.32368826866,10.1886663437,3
868,2,83,10,1,5.875,1,,0,0,0,0,0,5,31556.5195312,11.0526828766,6100,0,11.6561594009,9.88328456879,10.165851593,4.48189067841,-3.37084650993,10,0,40,0,3,1,1,1,1,0,0,0,0,0,0,0,0,0,1,0,1,11.1090116501,3,0,6.68461322784,-0.49288892746,-1.32368826866,10.1886663437,5
869,1,83,10,0,12.75,1,0,0,0,0,0,0,2,200,5.99147081375,0,0,10.3797216415,0,0,-3.86521720886,0.79633641243,5,1,79,0,2,1,0,0,0,0,0,0,0,0,0,0,1,0,0,0,0,5.99147081375,2,0,0,-3.86521720886,0.79633641243,10.3797216415,2
869,2,83,10,0,12.75,1,,0,0,0,0,0,2,100,7.46049070358,0,0,11.603679657,6.90775632858,11.6439533234,-2.60276198387,0.85428583622,5,1,79,0,2,1,1,0,0,0,0,0,0,0,0,0,0,0,0,0,0,5.99147081375,2,0,0,-3.86521720886,0.79633641243,10.3797216415,2
870,1,83,10,1,5.875,1,0,0,0,0,0,0,4,1838,8.20958042145,400,0,12.08897686,0,0,-2.71850562096,2.90144395828,9,0,52,0,2,1,0,0,0,1,0,0,0,0,0,0,0,1,0,0,1,8.20958042145,4,0,0,-2.71850562096,2.90144395828,12.08897686,4
870,2,83,10,1,5.875,1,,0,0,0,0,0,5,30888.4707031,11.0312852859,4000,500,10.0432491302,10.085808754,10.8197784424,1.63547968864,2.90144395828,9,0,52,0,2,0,1,0,1,1,0,0,0,0,0,1,1,0,0,0,1,8.20958042145,4,0,0,-2.71850562096,2.90144395828,12.08897686,5
871,1,83,10,1,5.875,1,0,0,0,0,0,0,5,0,5.29834222794,0,0,12.8255729675,0,0,-6.3102517128,-1.32368826866,8,0,36,0,3,1,1,0,0,1,0,0,0,0,0,0,1,0,0,0,1,5.29834222794,5,0,0,-6.3102517128,-1.32368826866,12.8255729675,5
871,2,83,10,1,5.875,1,,0,0,0,0,0,4,48102.2890625,11.4742326736,4000,5200,14.229888916,0,9.39266204834,2.7189412117,-3.37084650993,8,0,36,0,3,1,0,0,1,0,0,0,0,0,0,0,0,1,0,1,0,5.29834222794,5,0,0,-6.3102517128,-1.32368826866,12.8255729675,4
872,1,83,10,1,5.875,1,0,0,0,0,0,0,5,11347.1347656,10.0298681259,700,1600,11.1154289246,9.16951847076,0,-0.268693387508,-3.37084650993,5,1,62,0,1,1,1,0,1,1,0,0,0,0,0,0,1,0,0,0,1,10.0298681259,5,0,9.16951847076,-0.268693387508,-3.37084650993,11.1154289246,5
872,2,83,10,1,5.875,1,,0,0,0,0,0,5,24840.3554688,10.8133716583,800,4300,12.9141082764,10.085808754,9.54681301117,0.921774566174,-1.26573896408,5,1,62,0,1,1,1,0,1,1,0,0,0,0,0,0,1,0,1,0,0,10.0298681259,5,0,9.16951847076,-0.268693387508,-3.37084650993,11.1154289246,5
873,1,83,10,0,12.75,1,0,0,0,0,0,0,5,5798.90380859,9.35857105255,1100,0,10.5661754608,8.00636768341,9.21034049988,4.48189067841,2.90144395828,3,1,47,0,2,1,1,0,1,1,0,0,0,0,0,0,1,0,0,0,1,9.35857105255,5,9.21034049988,8.00636768341,4.48189067841,2.90144395828,10.5661754608,5
873,2,83,10,0,12.75,1,,0,0,0,0,0,4,12795.1152344,10.1499662399,700,1200,11.9329509735,9.21034049988,0,2.9185936451,-6.19266223907,3,1,47,0,2,1,0,0,0,0,0,0,0,0,0,0,1,0,1,0,1,9.35857105255,5,9.21034049988,8.00636768341,4.48189067841,2.90144395828,10.5661754608,4
874,1,84,8,0,50.25,1,0,1,0,0,0,0,0,23721.4902344,10.7672834396,900,3600,12.6710634232,0,0,0.947282314301,0.85428583622,4,0,34,0,2,0,0,0,0,0,0,0,0,0,0,0,0,0,0,0,0,10.7672834396,0,0,0,0.947282314301,0.85428583622,12.6710634232,0
874,2,84,8,0,50.25,1,,1,0,0,0,0,4,83748.2578125,12.0287179947,550,18000,12.4276151657,8.00636768341,10.4341154099,6.72005271912,-1.26573896408,4,0,34,0,2,1,0,0,1,1,0,0,0,0,0,0,1,0,1,0,0,10.7672834396,0,0,0,0.947282314301,0.85428583622,12.6710634232,4
875,1,84,8,1,4.25,1,0,1,0,0,0,0,3,37464.3632812,11.2242927551,1885,6000,14.553440094,8.294049263,9.90348720551,-1.24950945377,-3.37084650993,7,0,45,0,2,1,1,0,0,0,0,0,0,0,0,0,1,0,0,0,0,11.2242927551,3,9.90348720551,8.294049263,-1.24950945377,-3.37084650993,14.553440094,3
875,2,84,8,1,4.25,1,,1,0,0,0,0,7,7317.23095703,9.59113407135,1400,0,10.1581296921,8.47637081146,0,0.15648676455,2.90144395828,7,0,45,0,2,1,1,0,1,1,0,0,0,0,1,0,1,0,1,0,1,11.2242927551,3,9.90348720551,8.294049263,-1.24950945377,-3.37084650993,14.553440094,7
876,1,84,8,0,50.25,1,0,1,0,0,0,0,0,18625.0585938,10.5254106522,450,0,12.047077179,0,8.69951438904,-6.09403705597,2.90144395828,3,0,78,0,3,0,0,0,0,0,0,0,0,0,0,0,0,0,0,0,0,10.5254106522,0,8.69951438904,0,-6.09403705597,2.90144395828,12.047077179,0
876,2,84,8,0,50.25,1,,1,0,0,0,0,5,7043.10595703,9.55295181274,1350,0,10.6115236282,0,7.60090255737,8.5261297226,-2.04039621353,3,0,78,0,3,1,0,0,0,1,0,0,0,0,0,0,1,0,1,1,0,10.5254106522,0,8.69951438904,0,-6.09403705597,2.90144395828,12.047077179,5
877,1,84,8,0,50.25,1,0,1,0,0,0,0,5,7586.09619141,9.62721920013,1550,0,15.0461483002,0,0,2.19659543037,0.85428583622,8,0,48,0,3,1,0,0,0,0,1,0,0,0,0,0,1,1,0,0,1,9.62721920013,5,0,0,2.19659543037,0.85428583622,15.0461483002,5
877,2,84,8,0,50.25,1,,1,0,0,0,0,5,12665.1923828,10.1397600174,2400,0,12.604177475,8.47637081146,8.41183280945,4.48569154739,0.85428583622,8,0,48,0,3,0,1,0,0,1,1,1,0,0,0,0,1,0,0,0,1,9.62721920013,5,0,0,2.19659543037,0.85428583622,15.0461483002,5
878,1,84,8,0,50.25,1,0,1,0,0,0,0,2,9675.17285156,9.87046527863,500,1000,12.2481737137,0,9.21034049988,-6.98369073868,0.85428583622,5,0,54,0,3,1,0,0,0,0,0,0,0,0,0,0,1,0,0,0,0,9.87046527863,2,9.21034049988,0,-6.98369073868,0.85428583622,12.2481737137,2
878,2,84,8,0,50.25,1,,1,0,0,0,0,4,25275.6640625,10.8307447433,1100,4000,11.2970552444,7.78322410583,0,3.89320755005,0.85428583622,5,0,54,0,3,1,0,0,0,1,0,0,0,0,0,0,1,0,0,0,1,9.87046527863,2,9.21034049988,0,-6.98369073868,0.85428583622,12.2481737137,4
879,1,84,8,1,4.25,1,0,1,0,0,0,0,3,9766.27929688,9.87983798981,1000,0,10.7872552872,0,9.21034049988,-2.15428185463,0.0796284079552,7,0,32,0,2,0,0,0,0,1,0,0,0,0,0,0,1,0,0,0,1,9.87983798981,3,9.21034049988,0,-2.15428185463,0.0796284079552,10.7872552872,3
879,2,84,8,1,4.25,1,,1,0,0,0,0,3,1434.5,7.9617190361,100,0,11.686879158,0,11.0020999908,4.2781419754,2.90144395828,7,0,32,0,2,1,1,0,0,0,0,0,0,0,0,0,1,0,0,0,0,9.87983798981,3,9.21034049988,0,-2.15428185463,0.0796284079552,10.7872552872,3
880,1,84,8,1,4.25,1,0,1,0,0,0,0,7,18080.5390625,10.4957389832,3700,0,11.0540599823,0,0,-2.60827732086,-3.37084650993,6,0,42,0,3,1,1,0,0,0,0,1,0,0,0,1,1,0,1,1,0,10.4957389832,7,0,0,-2.60827732086,-3.37084650993,11.0540599823,7
880,2,84,8,1,4.25,1,,1,0,0,0,0,4,20779.7207031,10.6348800659,3600,0,11.4119997025,9.54681301117,0,3.20566534996,-7.54024505615,6,0,42,0,3,1,1,1,1,1,0,0,0,0,0,0,1,0,0,0,0,10.4957389832,7,0,0,-2.60827732086,-3.37084650993,11.0540599823,4
881,1,84,8,1,4.25,1,0,1,0,0,0,0,6,148069.625,12.5985851288,4550,27000,14.5924472809,11.2897815704,0,-1.03257620335,0.781419277191,6,1,43,0,3,0,1,0,0,1,0,1,0,0,0,0,1,0,1,0,1,12.5985851288,6,0,11.2897815704,-1.03257620335,0.781419277191,14.5924472809,6
881,2,84,8,1,4.25,1,,1,0,0,0,0,5,51604.1523438,11.5445041656,3200,8200,13.2008047104,9.10497951508,0,4.1871676445,-5.49308681488,6,1,43,0,3,0,1,1,0,1,0,0,1,0,0,0,1,0,0,0,1,12.5985851288,6,0,11.2897815704,-1.03257620335,0.781419277191,14.5924472809,5
882,1,84,8,1,4.25,1,0,1,0,0,0,0,5,111042.789062,12.3108177185,5750,18600,11.7093143463,11.0020999908,10.3089523315,8.72533798218,0.85428583622,7,0,41,0,3,1,0,0,1,1,0,0,0,0,0,0,1,0,1,1,0,12.3108177185,5,10.3089523315,11.0020999908,8.72533798218,0.85428583622,11.7093143463,5
882,2,84,8,1,4.25,1,,1,0,0,0,0,3,32102.5957031,11.0698394775,2800,4000,10.4458122253,0,9.54681301117,3.78746032715,-1.25082182884,7,0,41,0,3,1,0,0,1,1,0,0,0,0,0,0,1,0,0,0,0,12.3108177185,5,10.3089523315,11.0020999908,8.72533798218,0.85428583622,11.7093143463,3
883,1,84,8,1,4.25,1,0,1,0,0,0,0,4,29391.8261719,10.9816188812,5800,200,11.1746511459,0,0,2.62387037277,0.85428583622,5,0,33,0,2,1,0,0,0,0,0,0,0,0,0,0,1,0,1,0,1,10.9816188812,4,0,0,2.62387037277,0.85428583622,11.1746511459,4
883,2,84,8,1,4.25,1,,1,0,0,0,0,7,13033.9228516,10.1684579849,2100,0,11.9447078705,0,9.10497951508,4.96513271332,0.85428583622,5,0,33,0,2,1,1,0,0,1,1,0,0,0,0,0,1,0,1,0,1,10.9816188812,4,0,0,2.62387037277,0.85428583622,11.1746511459,7
884,1,84,8,1,4.25,1,0,1,0,0,0,0,5,16710.1914062,10.4169216156,2600,900,11.9036149979,0,0,-0.388399064541,-3.37084650993,4,0,33,0,3,1,0,0,0,1,0,0,0,0,0,0,1,0,1,0,1,10.4169216156,5,0,0,-0.388399064541,-3.37084650993,11.9036149979,5
884,2,84,8,1,4.25,1,,1,0,0,0,0,5,12457.6445312,10.1232366562,400,2000,11.5550270081,9.54681301117,9.39266204834,1.47937941551,2.90144395828,4,0,33,0,3,1,1,0,1,1,0,0,0,0,0,0,1,0,0,0,1,10.4169216156,5,0,0,-0.388399064541,-3.37084650993,11.9036149979,5
885,1,84,8,1,4.25,1,0,1,0,0,0,0,2,1851775,15.1248025894,900,425220,8.85366535187,0,0,-0.857376754284,2.90144395828,7,0,0,0,3,1,0,0,0,0,0,0,0,0,0,0,0,0,1,0,0,15.1248025894,2,0,0,-0.857376754284,2.90144395828,8.85366535187,2
885,2,84,8,1,4.25,1,,1,0,0,0,0,3,7921,9.67041969299,1800,0,11.9263591766,10.4968147278,7.60090255737,-2.63109302521,-3.37084650993,7,0,0,0,3,1,0,0,0,1,0,0,0,0,0,0,1,0,0,0,0,15.1248025894,2,0,0,-0.857376754284,2.90144395828,8.85366535187,3
886,1,85,8,1,6.42857122421,1,0,0,0,0,0,1,4,25050.3261719,10.8217897415,1300,4000,11.2972536087,8.0709066391,10.896739006,2.51888656616,-1.32368826866,7,0,27,0,2,0,0,0,0,1,1,0,0,0,0,0,1,0,0,0,1,10.8217897415,4,10.896739006,8.0709066391,2.51888656616,-1.32368826866,11.2972536087,4
886,2,85,8,1,6.42857122421,1,,0,0,0,0,1,5,118244856,16.1621856689,9900,27200000,16.8111019135,11.3433227539,0,3.90009593964,-1.32368826866,7,0,27,0,2,1,1,0,0,0,1,0,0,0,0,0,1,0,0,1,0,10.8217897415,4,10.896739006,8.0709066391,2.51888656616,-1.32368826866,11.2972536087,5
887,1,85,8,0,21.75,1,0,0,0,0,0,1,4,27589,10.9183197021,200,6000,16.3908672333,7.60090255737,9.90348720551,3.20566534996,0.79633641243,5,0,36,0,3,1,0,0,0,1,0,0,0,0,0,0,1,0,0,0,1,10.9183197021,4,9.90348720551,7.60090255737,3.20566534996,0.79633641243,16.3908672333,4
887,2,85,8,0,21.75,1,,0,0,0,0,1,4,31478.3457031,11.0502023697,100,6000,12.5461101532,0,11.2897815704,7.47572946548,-1.32368826866,5,0,36,0,3,1,0,0,0,1,0,0,0,0,0,0,1,0,0,0,1,10.9183197021,4,9.90348720551,7.60090255737,3.20566534996,0.79633641243,16.3908672333,4
888,1,85,8,0,21.75,1,0,0,0,0,0,1,4,69368.515625,11.8403358459,7700,8000,13.3749876022,0,7.60090255737,-5.20308637619,2.90144395828,3,1,62,0,3,1,0,0,0,1,0,0,0,0,0,0,1,0,1,0,0,11.8403358459,4,7.60090255737,0,-5.20308637619,2.90144395828,13.3749876022,4
888,2,85,8,0,21.75,1,,0,0,0,0,1,5,45748.625,11.4240646362,3600,3990,13.1656141281,8.51719284058,9.21034049988,4.09363603592,-1.32368826866,3,1,62,0,3,1,1,0,1,1,0,0,0,0,0,0,1,0,1,0,0,11.8403358459,4,7.60090255737,0,-5.20308637619,2.90144395828,13.3749876022,5
889,1,85,8,1,6.42857122421,1,0,0,0,0,0,1,2,2722.36547852,8.60240364075,200,0,13.9894618988,0,0,-1.43793308735,0.85428583622,6,0,42,0,3,0,0,1,1,1,0,0,0,0,0,0,1,0,0,0,0,8.60240364075,2,0,0,-1.43793308735,0.85428583622,13.9894618988,2
889,2,85,8,1,6.42857122421,1,,0,0,0,0,1,6,29712.3085938,10.9924640656,500,5900,11.2987413406,0,0,1.11251604557,-3.37084650993,6,0,42,0,3,0,1,1,1,0,1,0,0,0,0,0,1,0,1,0,1,8.60240364075,2,0,0,-1.43793308735,0.85428583622,13.9894618988,6
890,1,85,8,0,21.75,1,0,0,0,0,0,1,3,3726.6730957,8.91641807556,500,300,14.5697526932,8.90923500061,0,-5.41350507736,0.85428583622,1,1,50,0,1,0,0,0,1,1,0,0,0,0,0,0,1,0,0,0,1,8.91641807556,3,0,8.90923500061,-5.41350507736,0.85428583622,14.5697526932,3
890,2,85,8,0,21.75,1,,0,0,0,0,1,4,23536.3164062,10.7594470978,100,4400,12.0708255768,6.68461322784,0,5.53694581985,-3.37084650993,1,1,50,0,1,1,0,0,0,1,0,0,0,0,0,0,1,0,0,0,1,8.91641807556,3,0,8.90923500061,-5.41350507736,0.85428583622,14.5697526932,4
891,1,85,8,1,6.42857122421,1,0,0,0,0,0,1,4,42729.7890625,11.3557987213,3700,2400,11.3241834641,8.55641365051,10.3089523315,-1.18023896217,0.85428583622,7,0,39,0,3,1,0,0,0,1,0,0,0,0,0,0,1,0,0,0,1,11.3557987213,4,10.3089523315,8.55641365051,-1.18023896217,0.85428583622,11.3241834641,4
891,2,85,8,1,6.42857122421,1,,0,0,0,0,1,6,166343.15625,12.7149553299,8850,28000,12.4240026474,10.6735954285,9.21034049988,8.1645116806,-1.32368826866,7,0,39,0,3,1,1,0,1,1,0,0,0,0,0,1,1,0,1,0,0,11.3557987213,4,10.3089523315,8.55641365051,-1.18023896217,0.85428583622,11.3241834641,6
892,1,85,8,1,6.42857122421,1,0,0,0,0,0,1,3,10948.7597656,9.99412822723,1700,0,14.4646434784,10.3089523315,10.49127388,3.20566534996,-1.32368826866,7,0,39,0,3,1,0,0,0,0,0,0,0,0,0,0,1,0,0,0,1,9.99412822723,3,10.49127388,10.3089523315,3.20566534996,-1.32368826866,14.4646434784,3
892,2,85,8,1,6.42857122421,1,,0,0,0,0,1,6,22241.9902344,10.7028846741,3700,600,11.5248537064,8.47637081146,8.9871969223,2.79596161842,-1.32368826866,7,0,39,0,3,1,1,0,0,1,0,0,0,0,0,1,1,0,0,0,1,9.99412822723,3,10.49127388,10.3089523315,3.20566534996,-1.32368826866,14.4646434784,6
893,1,85,8,0,21.75,1,0,0,0,0,0,1,4,1326.9519043,7.88378715515,100,0,13.9205913544,0,0,11.0620441437,0.85428583622,3,0,24,0,3,0,0,0,0,1,0,0,0,0,0,0,1,0,1,0,1,7.88378715515,4,0,0,11.0620441437,0.85428583622,13.9205913544,4
893,2,85,8,0,21.75,1,,0,0,0,0,1,6,73888.9921875,11.9034662247,3750,10000,13.610452652,9.90348720551,0,3.38327169418,-3.31511259079,3,0,24,0,3,1,0,0,0,1,0,0,0,0,0,0,1,0,1,1,1,7.88378715515,4,0,0,11.0620441437,0.85428583622,13.9205913544,6
894,1,85,8,1,6.42857122421,1,0,0,0,0,0,1,4,11889.9902344,10.0765991211,0,2500,8.85366535187,0,0,-2.15428185463,-1.96752977371,4,0,64,0,2,1,1,0,0,0,0,0,0,0,0,0,1,0,0,0,1,10.0765991211,4,0,0,-2.15428185463,-1.96752977371,8.85366535187,4
894,2,85,8,1,6.42857122421,1,,0,0,0,0,1,2,10978,9.9967956543,350,1300,10.524064064,7.93737459183,8.9871969223,10.8949604034,-1.32368826866,4,0,64,0,2,1,0,0,0,0,0,0,0,0,0,0,1,0,0,0,0,10.0765991211,4,0,0,-2.15428185463,-1.96752977371,8.85366535187,2
895,1,85,8,1,6.42857122421,1,0,0,0,0,0,1,1,29792.9042969,10.9951725006,5900,0,12.4668970108,0,7.60090255737,1.36537063122,-1.32368826866,4,0,30,0,3,1,0,0,0,0,0,0,0,0,0,0,0,0,0,0,0,10.9951725006,1,7.60090255737,0,1.36537063122,-1.32368826866,12.4668970108,1
895,2,85,8,1,6.42857122421,1,,0,0,0,0,1,5,26368.3847656,10.8730678558,4000,1250,10.2646522522,9.74096870422,9.21034049988,8.12642288208,-1.32368826866,4,0,30,0,3,1,1,0,1,1,0,0,0,0,0,0,1,0,1,0,0,10.9951725006,1,7.60090255737,0,1.36537063122,-1.32368826866,12.4668970108,5
896,1,85,8,1,6.42857122421,1,0,0,0,0,0,1,2,1754.71154785,8.16320705414,0,0,12.9648199081,0,0,6.57364606857,-1.26573896408,6,1,46,0,1,0,0,0,0,0,0,0,0,0,0,0,1,0,0,0,1,8.16320705414,2,0,0,6.57364606857,-1.26573896408,12.9648199081,2
896,2,85,8,1,6.42857122421,1,,0,0,0,0,1,4,69501.8046875,11.8422555923,1700,14150,12.5065479279,8.0709066391,0,3.49134325981,-8.3149023056,6,1,46,0,1,1,1,0,0,1,0,0,0,0,0,0,1,0,0,0,0,8.16320705414,2,0,0,6.57364606857,-1.26573896408,12.9648199081,4
897,1,86,8,0,40.75,1,0,0,0,0,0,1,1,109166,12.2937717438,3200,9600,15.312048912,6.90775632858,8.294049263,7.92568445206,-3.37084650993,4,0,34,0,3,0,0,0,0,0,0,0,0,0,0,0,1,0,0,0,0,12.2937717438,1,8.294049263,6.90775632858,7.92568445206,-3.37084650993,15.312048912,1
897,2,86,8,0,40.75,1,,0,0,0,0,1,2,22575.2695312,10.717757225,600,4000,14.0349674225,9.54681301117,9.21034049988,-2.78725671768,-3.37084650993,4,0,34,0,3,0,1,0,0,0,0,0,0,0,0,0,0,0,0,0,1,12.2937717438,1,8.294049263,6.90775632858,7.92568445206,-3.37084650993,15.312048912,2
898,1,86,8,0,40.75,1,0,0,0,0,0,1,4,25545.3457031,10.8413572311,2600,2100,13.4073915482,0,0,-3.13966178894,2.90144395828,4,0,54,0,3,0,0,0,0,1,0,0,0,0,0,0,1,0,1,0,1,10.8413572311,4,0,0,-3.13966178894,2.90144395828,13.4073915482,4
898,2,86,8,0,40.75,1,,0,0,0,0,1,5,6599.71142578,9.4879283905,800,200,11.2947692871,8.79482460022,10.3089523315,-7.32985544205,0.85428583622,4,0,54,0,3,1,1,0,1,0,0,0,0,0,0,0,1,0,0,0,1,10.8413572311,4,0,0,-3.13966178894,2.90144395828,13.4073915482,5
899,1,86,8,0,40.75,1,0,0,0,0,0,1,5,6241.22119141,9.43207836151,750,0,11.0087442398,8.24275684357,11.5327281952,2.89638638496,-1.26573896408,4,0,32,0,3,1,1,0,0,1,0,0,0,0,0,0,0,0,0,1,1,9.43207836151,5,11.5327281952,8.24275684357,2.89638638496,-1.26573896408,11.0087442398,5
899,2,86,8,0,40.75,1,,0,0,0,0,1,7,2203762.5,15.2988243103,3500,501000,13.6767082214,8.294049263,11.8055953979,8.12620449066,0.85428583622,4,0,32,0,3,1,1,0,0,1,0,0,0,0,0,0,1,0,1,1,1,9.43207836151,5,11.5327281952,8.24275684357,2.89638638496,-1.26573896408,11.0087442398,7
900,1,86,8,1,2,1,0,0,0,0,0,1,3,1119,7.71333789825,200,0,10.6213274002,0,0,-5.37820863724,-5.43513727188,3,0,36,0,3,1,0,0,1,0,0,0,0,0,0,0,1,0,0,0,0,7.71333789825,3,0,0,-5.37820863724,-5.43513727188,10.6213274002,3
900,2,86,8,1,2,1,,0,0,0,0,1,6,16082.9707031,10.378663063,2000,0,11.3539295197,9.90348720551,0,7.63605356216,0.85428583622,3,0,36,0,3,1,1,1,1,1,0,1,0,0,0,0,1,0,1,0,0,7.71333789825,3,0,0,-5.37820863724,-5.43513727188,10.6213274002,6
901,1,86,8,1,2,1,0,0,0,0,0,1,4,23829.8457031,10.7718410492,100,5000,11.9779167175,0,8.294049263,0.871596813202,-1.32368826866,5,0,30,0,3,1,1,0,0,0,0,0,0,0,0,0,0,0,1,0,1,10.7718410492,4,8.294049263,0,0.871596813202,-1.32368826866,11.9779167175,4
901,2,86,8,1,2,1,,0,0,0,0,1,7,10994.0380859,9.99825572968,650,1000,12.5817584991,0,9.90348720551,2.9185936451,-6.19266223907,5,0,30,0,3,1,1,0,0,1,0,0,0,0,0,0,1,0,1,1,1,10.7718410492,4,8.294049263,0,0.871596813202,-1.32368826866,11.9779167175,7
902,1,86,8,1,2,1,0,0,0,0,0,1,6,179898.359375,12.7932949066,500,40500,14.3694534302,0,13.5567398071,1.10486447811,-3.37084650993,5,0,35,0,3,1,0,0,0,0,1,0,0,0,0,1,1,0,1,0,1,12.7932949066,6,13.5567398071,0,1.10486447811,-3.37084650993,14.3694534302,6
902,2,86,8,1,2,1,,0,0,0,0,1,10,155070.140625,12.644780159,18000,16500,12.8005037308,10.165851593,12.8212585449,5.67304897308,2.90144395828,5,0,35,0,3,1,1,0,1,1,0,1,0,0,1,1,1,0,1,1,1,12.7932949066,6,13.5567398071,0,1.10486447811,-3.37084650993,14.3694534302,10
903,1,86,8,0,40.75,1,0,0,0,0,0,1,6,56759.3945312,11.6397237778,800,10600,13.2442274094,8.59415435791,0,2.61698198318,0.85428583622,5,0,50,0,3,1,0,0,1,1,1,0,0,0,0,0,1,1,0,0,1,11.6397237778,6,0,8.59415435791,2.61698198318,0.85428583622,13.2442274094,6
903,2,86,8,0,40.75,1,,0,0,0,0,1,5,3071543.25,15.6308374405,4200,702000,15.5240335464,8.294049263,0,2.17681050301,2.90144395828,5,0,50,0,3,1,0,0,0,1,0,0,0,0,0,0,1,0,1,0,1,11.6397237778,6,0,8.59415435791,2.61698198318,0.85428583622,13.2442274094,5
904,1,86,8,1,2,1,0,0,0,0,0,1,6,38984.25,11.2640600204,1000,7650,13.1667633057,0,0,-4.72672605515,0.85428583622,7,0,37,0,3,1,0,0,1,1,0,0,0,1,1,0,0,1,1,0,0,11.2640600204,6,0,0,-4.72672605515,0.85428583622,13.1667633057,6
904,2,86,8,1,2,1,,0,0,0,0,1,7,46398.7890625,11.4381761551,2400,6400,13.9261569977,11.0790605545,7.86326694489,8.59589481354,0.85428583622,7,0,37,0,3,1,1,0,0,1,0,0,0,0,0,0,1,1,1,1,0,11.2640600204,6,0,0,-4.72672605515,0.85428583622,13.1667633057,7
905,1,86,8,1,2,1,0,0,0,0,0,1,3,51311.4335938,11.538816452,1500,9050,15.8025627136,8.18868923187,10.8197784424,-1.61609220505,-1.32368826866,5,0,31,0,3,0,0,0,0,1,0,0,0,0,0,0,0,0,1,0,1,11.538816452,3,10.8197784424,8.18868923187,-1.61609220505,-1.32368826866,15.8025627136,3
905,2,86,8,1,2,1,,0,0,0,0,1,5,16264.9130859,10.3899126053,1100,1400,13.7255859375,0,10.5966348648,5.16866970062,-1.32368826866,5,0,31,0,3,1,1,0,0,0,0,0,0,0,0,0,1,0,1,0,1,11.538816452,3,10.8197784424,8.18868923187,-1.61609220505,-1.32368826866,15.8025627136,5
906,1,86,8,1,2,1,0,0,0,0,0,1,7,43346.5,11.3701286316,4700,4250,11.4783344269,10.3089523315,0,0.633298039436,-1.32368826866,5,0,30,0,3,1,0,0,0,1,1,0,0,0,0,1,1,0,1,0,1,11.3701286316,7,0,10.3089523315,0.633298039436,-1.32368826866,11.4783344269,7
906,2,86,8,1,2,1,,0,0,0,0,1,3,16609.3847656,10.4108705521,700,1500,13.0446176529,0,0,8.33739852905,-1.32368826866,5,0,30,0,3,0,1,1,1,1,0,0,0,0,0,0,1,0,0,0,0,11.3701286316,7,0,10.3089523315,0.633298039436,-1.32368826866,11.4783344269,3
907,1,86,8,1,2,1,0,0,0,0,0,1,4,5079.23095703,9.22606277466,200,800,17.4067611694,7.86326694489,10.49127388,6.15017175674,2.90144395828,4,0,36,0,3,1,0,0,0,0,0,0,0,0,0,0,1,0,1,1,0,9.22606277466,4,10.49127388,7.86326694489,6.15017175674,2.90144395828,17.4067611694,4
907,2,86,8,1,2,1,,0,0,0,0,1,7,28361.8027344,10.9459457397,2530,3000,12.8526525497,11.9728784561,11.512925148,13.2699155807,-1.32368826866,4,0,36,0,3,1,1,1,1,1,1,1,0,0,0,1,0,0,1,0,1,9.22606277466,4,10.49127388,7.86326694489,6.15017175674,2.90144395828,17.4067611694,7
908,1,86,8,1,2,1,0,0,0,0,0,1,3,9424.23046875,9.84418678284,1500,0,12.3506059647,0,8.294049263,10.6582212448,-3.37084650993,6,0,35,0,3,0,0,0,1,1,0,0,0,0,0,0,1,0,1,0,0,9.84418678284,3,8.294049263,0,10.6582212448,-3.37084650993,12.3506059647,3
908,2,86,8,1,2,1,,0,0,0,0,1,4,37205.9609375,11.2173709869,600,0,12.5332155228,0,8.9871969223,9.41721439362,-1.32368826866,6,0,35,0,3,0,1,0,1,0,0,0,0,0,0,0,1,0,1,0,0,9.84418678284,3,8.294049263,0,10.6582212448,-3.37084650993,12.3506059647,4
909,1,87,8,1,3,1,0,0,0,0,1,0,4,21178.6542969,10.6538963318,1700,1300,11.0666379929,10.5966348648,8.69951438904,6.96850013733,2.90144395828,6,0,37,0,1,1,0,1,0,1,0,0,0,0,0,0,1,0,0,0,1,10.6538963318,4,8.69951438904,10.5966348648,6.96850013733,2.90144395828,11.0666379929,4
909,2,87,8,1,3,1,,0,0,0,1,0,7,9784324,16.1621856689,950,2250000,13.5881080627,11.0020999908,10.5453414917,6.60021209717,0.85428583622,6,0,37,0,1,1,1,0,1,0,1,0,0,0,0,0,1,0,0,1,1,10.6538963318,4,8.69951438904,10.5966348648,6.96850013733,2.90144395828,11.0666379929,7
910,1,87,8,0,30.2500019073,1,0,0,0,0,1,0,4,22378.5195312,10.7090044022,200,3500,13.8531913757,7.78322410583,0,2.52956914902,0.79633641243,3,1,71,0,3,1,0,0,0,1,0,0,0,0,0,0,1,0,0,0,1,10.7090044022,4,0,7.78322410583,2.52956914902,0.79633641243,13.8531913757,4
910,2,87,8,0,30.2500019073,1,,0,0,0,1,0,5,44767.5976562,11.4023866653,140,10000,13.000421524,0,9.90348720551,-1.96246218681,-1.32368826866,3,1,71,0,3,1,0,0,1,1,0,0,0,0,0,0,1,0,1,0,1,10.7090044022,4,0,7.78322410583,2.52956914902,0.79633641243,13.8531913757,5
911,1,87,8,1,3,1,0,0,0,0,1,0,2,634.5,7.1459851265,100,0,9.37585449219,0,11.512925148,-6.11671161652,-3.31511259079,4,1,79,0,1,0,1,0,1,1,0,0,0,0,0,0,0,0,0,0,0,7.1459851265,2,11.512925148,0,-6.11671161652,-3.31511259079,9.37585449219,2
911,2,87,8,1,3,1,,0,0,0,1,0,7,30245.1914062,11.0102396011,6500,0,10.7320394516,0,0,-0.511006593704,-1.25082182884,4,1,79,0,1,1,1,0,1,0,0,0,0,0,0,0,1,0,1,1,1,7.1459851265,2,11.512925148,0,-6.11671161652,-3.31511259079,9.37585449219,7
912,1,87,8,0,30.2500019073,1,0,0,0,0,1,0,4,15313.1630859,10.329615593,2800,0,12.1123113632,0,11.5898866653,6.14629364014,0.85428583622,6,0,42,0,3,0,0,0,0,1,0,1,0,0,0,0,1,0,0,0,1,10.329615593,4,11.5898866653,0,6.14629364014,0.85428583622,12.1123113632,4
912,2,87,8,0,30.2500019073,1,,0,0,0,1,0,5,46061.5859375,11.4308815002,4700,5000,17.6023159027,8.63052177429,9.54681301117,7.59928512573,-1.26573896408,6,0,42,0,3,1,0,1,1,1,0,0,0,0,0,0,1,0,1,0,1,10.329615593,4,11.5898866653,0,6.14629364014,0.85428583622,12.1123113632,5
913,1,87,8,1,3,1,0,0,0,0,1,0,3,14137.9619141,10.2497663498,3100,0,14.5994119644,8.18868923187,10.3734912872,0.116473928094,0.781419277191,4,1,39,0,3,0,0,0,1,0,0,0,0,0,0,0,1,0,0,0,1,10.2497663498,3,10.3734912872,8.18868923187,0.116473928094,0.781419277191,14.5994119644,3
913,2,87,8,1,3,1,,0,0,0,1,0,7,36638.4335938,11.202000618,2900,5000,11.4906797409,10.6828126907,0,-0.780723929405,0.79633641243,4,1,39,0,3,1,1,0,1,1,1,0,0,0,0,0,1,1,0,1,0,10.2497663498,3,10.3734912872,8.18868923187,0.116473928094,0.781419277191,14.5994119644,7
914,1,87,8,0,30.2500019073,1,0,0,0,0,1,0,7,48676.9726562,11.4861087799,3500,4000,13.7833547592,11.5327281952,0,2.25249409676,0.85428583622,7,0,34,0,3,1,1,1,0,1,1,0,0,0,0,0,1,0,1,0,1,11.4861087799,7,0,11.5327281952,2.25249409676,0.85428583622,13.7833547592,7
914,2,87,8,0,30.2500019073,1,,0,0,0,1,0,8,31741.4140625,11.0585250854,1100,5300,13.1698188782,7.78322410583,10.5966348648,-0.63936573267,-3.37084650993,7,0,34,0,3,1,1,0,1,1,0,0,0,0,0,0,1,1,1,1,1,11.4861087799,7,0,11.5327281952,2.25249409676,0.85428583622,13.7833547592,8
915,1,87,8,0,30.2500019073,1,0,0,0,0,1,0,6,20755.1914062,10.6336984634,4500,0,16.0542831421,7.60090255737,11.0020999908,-1.76911449432,0.781419277191,4,0,50,0,3,1,0,0,0,1,1,1,0,0,0,0,1,0,1,0,1,10.6336984634,6,11.0020999908,7.60090255737,-1.76911449432,0.781419277191,16.0542831421,6
915,2,87,8,0,30.2500019073,1,,0,0,0,1,0,4,2689.75,8.59035110474,300,0,11.2847690582,0,10.5966348648,1.88995742798,-3.31511259079,4,0,50,0,3,1,0,0,0,0,0,0,0,0,0,0,1,0,1,0,1,10.6336984634,6,11.0020999908,7.60090255737,-1.76911449432,0.781419277191,16.0542831421,4
916,1,87,8,1,3,1,0,0,0,0,1,0,7,18865.9804688,10.5382623672,2000,2000,12.7044210434,10.4222812653,0,2.98826026917,-1.26573896408,7,0,43,0,3,1,1,0,1,0,1,0,0,0,0,0,1,0,1,0,1,10.5382623672,7,0,10.4222812653,2.98826026917,-1.26573896408,12.7044210434,7
916,2,87,8,1,3,1,,0,0,0,1,0,6,190786.75,12.8520584106,1400,40000,14.0024318695,0,10.3089523315,6.87728691101,0.85428583622,7,0,43,0,3,1,1,0,1,1,0,0,0,0,0,0,1,0,1,0,1,10.5382623672,7,0,10.4222812653,2.98826026917,-1.26573896408,12.7044210434,6
917,1,87,8,1,3,1,0,0,0,0,1,0,6,32418.3652344,11.0796279907,6900,0,11.600935936,0,8.69951438904,-1.48346340656,0.85428583622,6,0,33,0,3,0,1,0,0,1,0,0,0,0,0,0,1,1,1,0,1,11.0796279907,6,8.69951438904,0,-1.48346340656,0.85428583622,11.600935936,6
917,2,87,8,1,3,1,,0,0,0,1,0,5,16877.8457031,10.4269046783,1300,2000,11.0913305283,9.16951847076,0,-0.250108748674,0.85428583622,6,0,33,0,3,1,0,0,1,1,0,0,0,0,0,0,1,0,1,0,1,11.0796279907,6,8.69951438904,0,-1.48346340656,0.85428583622,11.600935936,5
918,1,87,8,1,3,1,0,0,0,0,1,0,1,53526.6523438,11.5810823441,3400,0,13.5610055923,0,0,-4.116522789,2.90144395828,4,1,53,0,3,0,1,0,0,0,0,0,0,0,0,0,0,0,0,0,0,11.5810823441,1,0,0,-4.116522789,2.90144395828,13.5610055923,1
918,2,87,8,1,3,1,,0,0,0,1,0,4,7754.15380859,9.64913082123,900,0,9.56099700928,0,0,4.47284555435,0.85428583622,4,1,53,0,3,1,0,0,0,1,1,0,0,0,0,0,0,0,0,1,0,11.5810823441,1,0,0,-4.116522789,2.90144395828,13.5610055923,4
919,1,87,8,1,3,1,0,0,0,0,1,0,3,139240.6875,12.537106514,28000,400,13.918428421,11.4510498047,9.90348720551,-9.14002990723,0.85428583622,4,0,32,0,3,1,0,1,1,0,0,0,0,0,0,0,0,0,1,0,0,12.537106514,3,9.90348720551,11.4510498047,-9.14002990723,0.85428583622,13.918428421,3
919,2,87,8,1,3,1,,0,0,0,1,0,5,50290.1914062,11.5187120438,6000,0,14.1420764923,0,0,-1.20050215721,0.85428583622,4,0,32,0,3,1,1,0,1,1,0,0,0,0,0,0,1,0,0,1,0,12.537106514,3,9.90348720551,11.4510498047,-9.14002990723,0.85428583622,13.918428421,5
920,1,87,8,1,3,1,0,0,0,0,1,0,4,56011.1523438,11.6264533997,10750,0,13.0676956177,10.3089523315,9.21034049988,-0.174102947116,-3.31511259079,3,0,23,0,2,0,1,0,0,0,0,0,0,0,0,0,1,0,1,0,1,11.6264533997,4,9.21034049988,10.3089523315,-0.174102947116,-3.31511259079,13.0676956177,4
920,2,87,8,1,3,1,,0,0,0,1,0,4,12650.0957031,10.1385669708,1700,800,13.3249454498,0,8.9871969223,6.41292572021,-1.26573896408,3,0,23,0,2,1,1,0,0,1,0,0,0,0,0,0,1,0,0,0,0,11.6264533997,4,9.21034049988,10.3089523315,-0.174102947116,-3.31511259079,13.0676956177,4
921,1,88,10,1,6.49999952316,1,0,0,0,0,0,0,3,40267.8085938,11.2964544296,2500,4900,15.0771484375,10.2399597168,9.21034049988,2.57198429108,2.90144395828,8,0,48,0,3,1,0,0,0,1,0,0,0,0,0,0,1,0,0,0,0,11.2964544296,3,9.21034049988,10.2399597168,2.57198429108,2.90144395828,15.0771484375,3
921,2,88,10,1,6.49999952316,1,,0,0,0,0,0,6,80070.671875,11.9838123322,2200,12000,14.6269292831,11.0020999908,9.90348720551,4.83987092972,2.90144395828,8,0,48,0,3,1,1,0,1,1,0,0,0,0,0,0,1,0,1,0,1,11.2964544296,3,9.21034049988,10.2399597168,2.57198429108,2.90144395828,15.0771484375,6
922,1,88,10,1,6.49999952316,1,0,0,0,0,0,0,2,2388.13452148,8.47141456604,200,0,12.4008169174,7.37775945663,9.10497951508,-3.46427083015,0.85428583622,7,0,38,0,2,1,0,0,0,1,0,0,0,0,0,0,0,0,0,0,0,8.47141456604,2,9.10497951508,7.37775945663,-3.46427083015,0.85428583622,12.4008169174,2
922,2,88,10,1,6.49999952316,1,,0,0,0,0,0,5,2856.3269043,8.65043926239,200,0,13.7563972473,0,0,4.62351465225,-7.54024505615,7,0,38,0,2,1,1,0,1,0,0,0,0,0,0,0,1,0,0,0,1,8.47141456604,2,9.10497951508,7.37775945663,-3.46427083015,0.85428583622,12.4008169174,5
923,1,88,10,1,6.49999952316,1,0,0,0,0,0,0,4,72993.0390625,11.8912668228,3200,13000,11.9665460587,8.8818359375,0,-9.18654918671,-3.37084650993,10,0,47,0,3,0,1,1,0,0,0,0,0,0,0,0,1,0,0,0,1,11.8912668228,4,0,8.8818359375,-9.18654918671,-3.37084650993,11.9665460587,4
923,2,88,10,1,6.49999952316,1,,0,0,0,0,0,6,58719.5,11.6736745834,3100,10000,13.8909893036,9.42545223236,9.21034049988,2.10704612732,0.85428583622,10,0,47,0,3,1,1,1,1,1,0,0,0,0,0,0,1,0,1,1,0,11.8912668228,4,0,8.8818359375,-9.18654918671,-3.37084650993,11.9665460587,6
924,1,88,10,1,6.49999952316,1,0,0,0,0,0,0,3,25549.7890625,10.8415317535,5000,600,9.88328456879,0,10.6454248428,4.51711034775,-4.07263755798,4,0,32,0,3,1,0,0,0,0,0,0,0,0,0,0,1,0,0,0,1,10.8415317535,3,10.6454248428,0,4.51711034775,-4.07263755798,9.88328456879,3
924,2,88,10,1,6.49999952316,1,,0,0,0,0,0,2,14100.5,10.2471122742,1000,1900,10.7232675552,8.69951438904,11.1562509537,4.60755395889,-1.25082182884,4,0,32,0,3,0,1,0,0,0,0,0,0,0,0,0,1,0,0,0,0,10.8415317535,3,10.6454248428,0,4.51711034775,-4.07263755798,9.88328456879,2
925,1,88,10,0,27.9999980927,1,0,0,0,0,0,0,6,6575.99023438,9.48432731628,1500,0,11.0821428299,9.98044872284,0,-2.0140786171,-1.96752977371,3,1,49,0,2,1,1,0,0,1,1,0,0,0,0,0,0,0,1,0,1,9.48432731628,6,0,9.98044872284,-2.0140786171,-1.96752977371,11.0821428299,6
925,2,88,10,0,27.9999980927,1,,0,0,0,0,0,3,1930.18273926,8.25851726532,400,0,17.6023159027,0,0,-6.62998104095,-6.19266223907,3,1,49,0,2,0,1,0,0,0,0,0,0,0,0,0,1,0,0,0,1,9.48432731628,6,0,9.98044872284,-2.0140786171,-1.96752977371,11.0821428299,3
926,1,88,10,0,27.9999980927,1,0,0,0,0,0,0,5,15212.0869141,10.3229923248,2700,0,11.1004362106,10.085808754,9.21034049988,4.78273296356,0.85428583622,6,1,48,0,3,1,0,0,0,1,0,0,0,0,0,0,1,0,0,1,1,10.3229923248,5,9.21034049988,10.085808754,4.78273296356,0.85428583622,11.1004362106,5
926,2,88,10,0,27.9999980927,1,,0,0,0,0,0,1,7684.61523438,9.64012241364,1500,0,12.4867305756,0,11.5711946487,3.86487650871,-1.26573896408,6,1,48,0,3,0,1,0,0,0,0,0,0,0,0,0,0,0,0,0,0,10.3229923248,5,9.21034049988,10.085808754,4.78273296356,0.85428583622,11.1004362106,1
927,1,88,10,0,27.9999980927,1,0,0,0,0,0,0,3,4779.5,9.16523838043,1100,0,11.1154289246,9.05951786041,8.69951438904,-5.31153154373,0.0796284079552,4,1,73,0,3,0,1,0,0,1,0,0,0,0,0,0,0,0,0,0,1,9.16523838043,3,8.69951438904,9.05951786041,-5.31153154373,0.0796284079552,11.1154289246,3
927,2,88,10,0,27.9999980927,1,,0,0,0,0,0,4,6952,9.53993225098,600,1000,12.9508628845,0,5.29834222794,-2.81395030022,-7.10227680206,4,1,73,0,3,0,1,0,0,1,0,0,0,0,0,0,1,0,0,0,1,9.16523838043,3,8.69951438904,9.05951786041,-5.31153154373,0.0796284079552,11.1154289246,4
928,1,88,10,1,6.49999952316,1,0,0,0,0,0,0,8,11429.6152344,10.0371103287,2400,0,11.989159584,0,9.21034049988,-9.91034317017,-1.32368826866,6,0,50,0,1,1,0,1,1,0,1,1,0,0,0,0,1,1,1,1,1,10.0371103287,8,9.21034049988,0,-9.91034317017,-1.32368826866,11.989159584,8
928,2,88,10,1,6.49999952316,1,,0,0,0,0,0,4,50936.5,11.5314817429,11200,500,13.9286603928,0,8.69951438904,0.168262258172,-1.25082182884,6,0,50,0,1,1,1,1,1,0,0,0,0,0,0,0,1,0,0,0,0,10.0371103287,8,9.21034049988,0,-9.91034317017,-1.32368826866,11.989159584,4
929,1,88,10,0,27.9999980927,1,0,0,0,0,0,0,9,17493.5371094,10.4627342224,1450,1710,14.3772954941,9.03598690033,9.54681301117,5.99464988708,0.85428583622,2,0,28,0,2,1,0,0,0,1,1,0,0,0,0,1,1,1,1,1,1,10.4627342224,9,9.54681301117,9.03598690033,5.99464988708,0.85428583622,14.3772954941,9
929,2,88,10,0,27.9999980927,1,,0,0,0,0,0,7,46092.9921875,11.4315633774,4400,3800,14.3384628296,10.691945076,9.90348720551,-4.69839525223,-4.0875544548,2,0,28,0,2,1,0,0,1,1,1,0,0,0,0,0,1,0,1,1,1,10.4627342224,9,9.54681301117,9.03598690033,5.99464988708,0.85428583622,14.3772954941,7
930,1,88,10,1,6.49999952316,1,0,0,0,0,0,0,6,30540.3457031,11.0199508667,1700,4000,12.3022918701,7.60090255737,9.90348720551,4.40758514404,-1.25082182884,4,0,28,1,3,1,0,0,0,1,0,0,0,0,0,1,1,1,0,0,1,11.0199508667,6,9.90348720551,7.60090255737,4.40758514404,-1.25082182884,12.3022918701,6
930,2,88,10,1,6.49999952316,1,,0,0,0,0,0,3,3140.96142578,8.74543190002,200,150,11.9123725891,8.294049263,9.54681301117,3.52137994766,-3.37084650993,4,0,28,1,3,0,0,0,0,1,0,0,0,0,0,0,1,0,0,0,1,11.0199508667,6,9.90348720551,7.60090255737,4.40758514404,-1.25082182884,12.3022918701,3
931,1,88,10,1,6.49999952316,1,0,0,0,0,0,0,4,464198.84375,13.7412157059,200,105250,13.5387020111,10.085808754,10.8197784424,-4.92213344574,-5.42022037506,6,0,33,0,3,1,0,0,0,1,0,0,0,0,0,0,1,0,1,0,0,13.7412157059,4,10.8197784424,10.085808754,-4.92213344574,-5.42022037506,13.5387020111,4
931,2,88,10,1,6.49999952316,1,,0,0,0,0,0,5,7369.78857422,9.59829139709,600,1000,12.8136615753,0,10.5966348648,-5.85578966141,-1.25082182884,6,0,33,0,3,0,1,0,0,1,0,0,0,0,1,0,1,0,0,0,1,13.7412157059,4,10.8197784424,10.085808754,-4.92213344574,-5.42022037506,13.5387020111,5
932,1,88,10,1,6.49999952316,1,0,0,0,0,0,0,7,59887.1640625,11.693365097,2000,9500,12.7355241776,9.61580562592,11.0020999908,6.45381259918,0.85428583622,7,0,44,0,3,1,1,0,0,1,1,1,1,1,0,0,1,0,0,0,1,11.693365097,7,11.0020999908,9.61580562592,6.45381259918,0.85428583622,12.7355241776,7
932,2,88,10,1,6.49999952316,1,,0,0,0,0,0,6,33551.1171875,11.1139726639,300,6200,14.3699703217,12.0782394409,9.90348720551,1.93709146976,0.85428583622,7,0,44,0,3,1,1,0,1,1,0,0,0,0,0,0,1,0,1,0,1,11.693365097,7,11.0020999908,9.61580562592,6.45381259918,0.85428583622,12.7355241776,6
933,1,89,9,0,40.75,1,0,0,0,0,0,0,6,119638.734375,12.3853788376,16300,8300,14.3134937286,13.2533912659,0,6.34316110611,2.90144395828,4,0,30,0,3,1,0,0,0,0,1,1,0,0,1,0,1,0,1,1,0,12.3853788376,6,0,13.2533912659,6.34316110611,2.90144395828,14.3134937286,6
933,2,89,9,0,40.75,1,,0,0,0,0,0,6,41556.3671875,11.3279533386,2300,4250,14.86170578,11.0020999908,0,-0.347441077232,-1.25082182884,4,0,30,0,3,1,0,1,1,1,0,0,0,1,0,0,1,0,1,1,0,12.3853788376,6,0,13.2533912659,6.34316110611,2.90144395828,14.3134937286,6
934,1,89,9,1,2.11111116409,1,0,0,0,0,0,0,6,84975.7578125,12.0432682037,7200,11000,15.532330513,8.294049263,9.79812717438,4.50945854187,0.85428583622,4,0,24,0,2,1,0,0,0,1,0,0,0,0,0,0,1,0,1,1,1,12.0432682037,6,9.79812717438,8.294049263,4.50945854187,0.85428583622,15.532330513,6
934,2,89,9,1,2.11111116409,1,,0,0,0,0,0,2,8155.23095703,9.69956207275,1700,0,10.8512773514,0,0,3.30925536156,1.53792130947,4,0,24,0,2,1,0,0,1,0,0,0,0,0,0,0,0,0,0,0,0,12.0432682037,6,9.79812717438,8.294049263,4.50945854187,0.85428583622,15.532330513,2
935,1,89,9,1,2.11111116409,1,0,0,0,0,0,0,8,61653.5,11.7224321365,3600,5000,12.4474487305,0,8.69951438904,2.36056542397,-1.32368826866,6,0,35,0,3,1,1,0,1,1,0,1,0,0,0,0,1,0,1,1,1,11.7224321365,8,8.69951438904,0,2.36056542397,-1.32368826866,12.4474487305,8
935,2,89,9,1,2.11111116409,1,,0,0,0,0,0,6,71605.7109375,11.8720769882,4100,11250,12.3180608749,11.8204097748,0,4.74442577362,2.90144395828,6,0,35,0,3,1,1,0,1,1,0,0,0,0,0,1,1,0,0,0,1,11.7224321365,8,8.69951438904,0,2.36056542397,-1.32368826866,12.4474487305,6
936,1,89,9,1,2.11111116409,1,0,0,0,0,0,0,5,11525.0380859,10.0454244614,1800,0,11.6045923233,9.68034362793,9.90348720551,2.035405159,-1.26573896408,6,0,37,0,3,1,0,1,1,1,0,0,0,0,0,0,1,0,1,0,1,10.0454244614,5,9.90348720551,9.68034362793,2.035405159,-1.26573896408,11.6045923233,5
936,2,89,9,1,2.11111116409,1,,0,0,0,0,0,9,1786460.625,15.0888938904,6600,401550,14.1034679413,11.9316358566,10.8197784424,5.11734247208,2.90144395828,6,0,37,0,3,1,1,0,0,1,1,1,0,0,1,0,1,0,1,1,1,10.0454244614,5,9.90348720551,9.68034362793,2.035405159,-1.26573896408,11.6045923233,9
937,1,89,9,1,2.11111116409,1,0,0,0,0,0,0,5,140926.53125,12.5491409302,6800,23200,15.0007286072,9.90348720551,9.21034049988,0.62920820713,-1.32368826866,6,0,36,0,3,0,0,0,1,1,0,0,0,1,0,0,1,0,1,0,1,12.5491409302,5,9.21034049988,9.90348720551,0.62920820713,-1.32368826866,15.0007286072,5
937,2,89,9,1,2.11111116409,1,,0,0,0,0,0,5,138796.609375,12.533911705,7600,22000,14.3226900101,10.4341154099,11.9829292297,4.90227746964,0.85428583622,6,0,36,0,3,0,1,0,0,1,0,0,0,0,0,0,1,0,1,0,1,12.5491409302,5,9.21034049988,9.90348720551,0.62920820713,-1.32368826866,15.0007286072,5
938,1,89,9,1,2.11111116409,1,0,0,0,0,0,0,2,23275.4042969,10.7482995987,4050,900,13.0647344589,9.90348720551,9.21034049988,-6.63175296783,0.85428583622,6,0,36,0,3,1,0,0,0,0,0,0,0,0,0,0,0,0,0,0,1,10.7482995987,2,9.21034049988,9.90348720551,-6.63175296783,0.85428583622,13.0647344589,2
938,2,89,9,1,2.11111116409,1,,0,0,0,0,0,6,33908.5273438,11.1245689392,1600,5000,12.7290248871,9.21034049988,9.90348720551,1.11768364906,0.85428583622,6,0,36,0,3,1,0,0,1,1,0,0,0,0,0,0,1,0,1,1,1,10.7482995987,2,9.21034049988,9.90348720551,-6.63175296783,0.85428583622,13.0647344589,6
939,1,89,9,1,2.11111116409,1,0,0,0,0,0,0,2,7002.13476562,9.54711723328,1550,0,8.63052177429,0,6.90775632858,-0.355092585087,-3.37084650993,5,0,34,0,2,1,0,0,0,1,0,0,0,0,0,0,0,0,0,0,0,9.54711723328,2,6.90775632858,0,-0.355092585087,-3.37084650993,8.63052177429,2
939,2,89,9,1,2.11111116409,1,,0,0,0,0,0,4,35110,11.1593885422,8000,0,15.213684082,0,0,5.67304897308,-1.96752977371,5,0,34,0,2,1,0,0,0,1,0,0,0,0,0,0,1,0,0,0,1,9.54711723328,2,6.90775632858,0,-0.355092585087,-3.37084650993,8.63052177429,4
940,1,89,9,0,40.75,1,0,0,0,0,0,0,5,51987.0390625,11.551897049,3250,7400,14.3007717133,8.8818359375,0,-1.32729959488,0.79633641243,4,0,65,0,3,1,0,0,0,1,0,0,0,0,0,0,1,0,1,0,1,11.551897049,5,0,8.8818359375,-1.32729959488,0.79633641243,14.3007717133,5
940,2,89,9,0,40.75,1,,0,0,0,0,0,5,36796.7890625,11.2063131332,4200,2750,14.4747905731,11.5711946487,0,4.73464775085,0.85428583622,4,0,65,0,3,1,0,0,0,1,0,0,0,0,0,0,1,0,1,0,1,11.551897049,5,0,8.8818359375,-1.32729959488,0.79633641243,14.3007717133,5
941,1,89,9,1,2.11111116409,1,0,0,0,0,0,0,2,14353.5957031,10.2649030685,100,2700,10.6310358047,8.294049263,11.0348892212,7.15924215317,-1.32368826866,6,0,29,0,3,0,0,1,1,1,0,0,0,0,0,0,0,0,0,0,1,10.2649030685,2,11.0348892212,8.294049263,7.15924215317,-1.32368826866,10.6310358047,2
941,2,89,9,1,2.11111116409,1,,0,0,0,0,0,6,82152.84375,12.0094842911,1400,17000,12.2090682983,9.21034049988,11.8493976593,3.65314793587,2.90144395828,6,0,29,0,3,1,1,1,1,1,0,0,0,0,0,0,1,0,1,0,1,10.2649030685,2,11.0348892212,8.294049263,7.15924215317,-1.32368826866,10.6310358047,6
942,1,89,9,1,2.11111116409,1,0,0,0,0,0,0,3,1819.6730957,8.19955921173,200,0,13.1544437408,9.60238265991,0,0.198588117957,0.79633641243,9,0,43,0,3,1,0,0,0,1,0,0,0,0,0,0,0,0,0,0,1,8.19955921173,3,0,9.60238265991,0.198588117957,0.79633641243,13.1544437408,3
942,2,89,9,1,2.11111116409,1,,0,0,0,0,0,5,73386.703125,11.896645546,2850,13800,13.5352678299,9.23014259338,7.60090255737,3.10308837891,2.90144395828,9,0,43,0,3,1,1,0,1,1,0,0,0,0,0,0,1,0,0,0,1,8.19955921173,3,0,9.60238265991,0.198588117957,0.79633641243,13.1544437408,5
943,1,89,9,0,40.75,1,0,0,0,0,0,0,5,6183,9.42270565033,200,700,14.2873878479,0,0,-0.0534809976816,0.781419277191,8,0,45,0,3,1,0,0,0,1,0,0,0,0,0,0,1,0,1,0,1,9.42270565033,5,0,0,-0.0534809976816,0.781419277191,14.2873878479,5
943,2,89,9,0,40.75,1,,0,0,0,0,0,6,96136.65625,12.1666727066,9800,6100,13.7682094574,12.2060728073,10.3089523315,4.1871676445,2.90144395828,8,0,45,0,3,1,1,1,0,1,0,0,0,0,0,0,1,0,0,1,1,9.42270565033,5,0,0,-0.0534809976816,0.781419277191,14.2873878479,6
944,1,89,9,0,40.75,1,0,0,0,0,0,0,3,9324.5,9.83354759216,2100,0,11.761346817,8.294049263,9.21034049988,1.9042788744,-3.37084650993,6,0,0,0,3,0,1,0,0,1,0,0,0,0,0,0,0,0,1,0,0,9.83354759216,3,9.21034049988,8.294049263,1.9042788744,-3.37084650993,11.761346817,3
944,2,89,9,0,40.75,1,,0,0,0,0,0,5,19801.2890625,10.5866498947,4050,0,11.0928544998,8.9871969223,0,0.312644153833,-1.26573896408,6,0,0,0,3,0,1,0,0,1,0,0,0,0,0,0,1,0,1,0,1,9.83354759216,3,9.21034049988,8.294049263,1.9042788744,-3.37084650993,11.761346817,5
945,1,89,9,1,2.11111116409,1,0,0,0,0,0,0,1,17826.9042969,10.4816112518,2800,800,14.0480470657,9.99879741669,0,-2.63109302521,0.0796284079552,6,0,37,0,3,1,0,0,0,0,0,0,0,0,0,0,0,0,0,0,0,10.4816112518,1,0,9.99879741669,-2.63109302521,0.0796284079552,14.0480470657,1
945,2,89,9,1,2.11111116409,1,,0,0,0,0,0,6,16467.3652344,10.4022827148,950,0,12.1683712006,9.35876083374,0,2.34030938148,0.85428583622,6,0,37,0,3,1,0,0,0,1,0,1,0,0,0,0,1,0,1,0,1,10.4816112518,1,0,9.99879741669,-2.63109302521,0.0796284079552,14.0480470657,6
946,1,90,8,1,2.125,1,0,0,1,0,0,0,4,15454.1347656,10.3387794495,2500,0,14.2754640579,6.68461322784,0,-0.702617526054,2.90144395828,7,1,60,0,2,0,1,0,0,0,0,0,0,0,0,0,1,0,1,1,0,10.3387794495,4,0,6.68461322784,-0.702617526054,2.90144395828,14.2754640579,4
946,2,90,8,1,2.125,1,,0,1,0,0,0,8,2550851.75,15.4450855255,4600,580000,15.201376915,10.9402246475,9.21034049988,11.6259536743,0.79633641243,7,1,60,0,2,1,1,0,0,1,1,0,0,0,0,0,1,1,1,1,0,10.3387794495,4,0,6.68461322784,-0.702617526054,2.90144395828,14.2754640579,8
947,1,90,8,1,2.125,1,0,0,1,0,0,0,2,19125.4140625,10.5519208908,3950,0,13.2346200943,8.96187877655,8.00636768341,-6.26161527634,-1.32368826866,7,0,42,0,3,1,0,0,0,0,0,0,0,0,0,0,1,0,0,0,0,10.5519208908,2,8.00636768341,8.96187877655,-6.26161527634,-1.32368826866,13.2346200943,2
947,2,90,8,1,2.125,1,,0,1,0,0,0,7,107717.890625,12.280418396,2600,21480,11.4425029755,8.47637081146,0,4.61344051361,2.90144395828,7,0,42,0,3,1,1,0,0,1,0,0,0,0,0,0,1,0,1,1,1,10.5519208908,2,8.00636768341,8.96187877655,-6.26161527634,-1.32368826866,13.2346200943,7
948,1,90,8,1,2.125,1,0,0,1,0,0,0,1,14619.9042969,10.2832860947,3000,0,10.919298172,0,0,-2.10047769547,2.90144395828,4,1,49,0,1,1,0,0,0,0,0,0,0,0,0,0,0,0,0,0,0,10.2832860947,1,0,0,-2.10047769547,2.90144395828,10.919298172,1
948,2,90,8,1,2.125,1,,0,1,0,0,0,6,15176.5097656,10.3206510544,2200,0,9.05951786041,7.78322410583,8.82467746735,2.96805262566,-1.26573896408,4,1,49,0,1,0,1,0,1,1,0,0,0,0,0,0,1,1,1,0,1,10.2832860947,1,0,0,-2.10047769547,2.90144395828,10.919298172,6
949,1,90,8,1,2.125,1,0,0,1,0,0,0,3,31204.3554688,11.0414600372,5100,0,13.331489563,8.294049263,8.294049263,12.9062948227,-1.32368826866,5,0,0,0,3,1,0,0,0,1,1,1,0,0,0,0,0,0,0,0,0,11.0414600372,3,8.294049263,8.294049263,12.9062948227,-1.32368826866,13.331489563,3
949,2,90,8,1,2.125,1,,0,1,0,0,0,5,273208.59375,13.2111377716,13100,46000,14.776391983,12.1183338165,9.21034049988,9.37587738037,2.90144395828,5,0,0,0,3,1,0,0,0,1,0,0,0,0,0,0,1,0,1,1,0,11.0414600372,3,8.294049263,8.294049263,12.9062948227,-1.32368826866,13.331489563,5
950,1,90,8,0,31,1,0,0,1,0,0,0,4,18093.3457031,10.4964466095,2400,0,10.7232675552,8.47637081146,9.90348720551,1.4224036932,2.90144395828,5,0,34,0,3,1,0,0,0,1,0,0,0,0,1,0,0,0,0,0,1,10.4964466095,4,9.90348720551,8.47637081146,1.4224036932,2.90144395828,10.7232675552,4
950,2,90,8,0,31,1,,0,1,0,0,0,4,36262.5585938,11.1916885376,2700,5000,11.8262748718,7.60090255737,9.90348720551,7.55227947235,0.781419277191,5,0,34,0,3,1,1,0,0,0,0,0,0,0,0,0,1,0,0,0,1,10.4964466095,4,9.90348720551,8.47637081146,1.4224036932,2.90144395828,10.7232675552,4
951,1,90,8,1,2.125,1,0,0,1,0,0,0,6,28193.4511719,10.939991951,2800,2500,11.3873624802,0,0,-5.97674512863,-1.32368826866,4,0,26,0,2,1,1,0,0,1,0,0,0,0,0,0,1,0,1,0,1,10.939991951,6,0,0,-5.97674512863,-1.32368826866,11.3873624802,6
951,2,90,8,1,2.125,1,,0,1,0,0,0,6,22191.6914062,10.7006206512,800,3500,10.4857034683,8.0709066391,0,7.36153745651,-3.37084650993,4,0,26,0,2,1,1,0,0,1,0,0,0,0,0,0,1,0,1,1,0,10.939991951,6,0,0,-5.97674512863,-1.32368826866,11.3873624802,6
952,1,90,8,0,31,1,0,0,1,0,0,0,2,0,5.29834222794,0,0,12.6998538971,0,0,-10.3809595108,0.85428583622,2,1,76,0,3,1,0,0,0,0,0,0,0,0,0,0,1,0,0,0,0,5.29834222794,2,0,0,-10.3809595108,0.85428583622,12.6998538971,2
952,2,90,8,0,31,1,,0,1,0,0,0,5,46255.3828125,11.4350805283,6100,3600,10.5865840912,9.23014259338,9.39266204834,-3.24008178711,0.781419277191,2,1,76,0,3,1,1,0,0,1,0,0,0,0,0,0,1,0,0,0,1,5.29834222794,2,0,0,-10.3809595108,0.85428583622,12.6998538971,5
953,1,90,8,0,31,1,0,0,1,0,0,0,3,22798.7207031,10.7276067734,4300,0,17.4067611694,9.5749835968,9.21034049988,2.01775717735,0.85428583622,3,0,0,0,3,1,0,0,0,0,0,0,0,0,0,0,1,0,0,0,1,10.7276067734,3,9.21034049988,9.5749835968,2.01775717735,0.85428583622,17.4067611694,3
953,2,90,8,0,31,1,,0,1,0,0,0,7,1312935.875,14.7809238434,850,300000,11.9485960007,10.118598938,9.90348720551,7.08058452606,-6.19266223907,3,0,0,0,3,1,1,0,0,1,0,0,0,0,0,1,1,0,1,0,1,10.7276067734,3,9.21034049988,9.5749835968,2.01775717735,0.85428583622,17.4067611694,7
954,1,90,8,1,2.125,1,0,0,1,0,0,0,3,34257.0390625,11.1347942352,1550,5100,15.9420614243,0,0,-0.955114245415,-1.26573896408,6,0,42,0,3,1,0,0,0,0,0,0,0,0,0,0,0,1,0,0,1,11.1347942352,3,0,0,-0.955114245415,-1.26573896408,15.9420614243,3
954,2,90,8,1,2.125,1,,0,1,0,0,0,4,35484.5273438,11.1699991226,2100,4100,14.245762825,8.0709066391,0,12.1170854568,-1.32368826866,6,0,42,0,3,1,0,1,0,1,1,1,0,0,0,0,1,0,0,0,0,11.1347942352,3,0,0,-0.955114245415,-1.26573896408,15.9420614243,4
955,1,90,8,1,2.125,1,0,0,1,0,0,0,5,56926.25,11.6426591873,12000,0,11.7920713425,7.37775945663,11.8493976593,-1.53511023521,-1.32368826866,4,0,27,0,3,1,0,0,0,0,0,0,0,0,0,1,1,0,1,0,1,11.6426591873,5,11.8493976593,7.37775945663,-1.53511023521,-1.32368826866,11.7920713425,5
955,2,90,8,1,2.125,1,,0,1,0,0,0,7,17344.2890625,10.4541654587,3700,0,13.0536565781,8.294049263,0,5.91443538666,-1.26573896408,4,0,27,0,3,1,0,0,0,1,1,0,0,0,0,0,1,0,1,1,1,11.6426591873,5,11.8493976593,7.37775945663,-1.53511023521,-1.32368826866,11.7920713425,7
956,1,90,8,1,2.125,1,0,0,1,0,0,0,1,13282.9804688,10.1873855591,1900,600,14.0612764359,0,0,-0.547177195549,0.781419277191,3,0,30,0.00382096064277,3,0,0,0,0,0,0,0,0,0,0,0,1,0,0,0,0,10.1873855591,1,0,0,-0.547177195549,0.781419277191,14.0612764359,1
956,2,90,8,1,2.125,1,,0,1,0,0,0,9,133786.390625,12.4971466064,6908,20100,14.1675748825,11.3782501221,9.5749835968,4.48800992966,2.90144395828,3,0,30,0.00382096064277,3,1,1,0,1,1,1,0,0,0,0,1,1,0,1,1,1,10.1873855591,1,0,0,-0.547177195549,0.781419277191,14.0612764359,9
957,1,90,8,0,31,1,0,0,1,0,0,0,1,22174.8652344,10.6998615265,700,4050,10.9041194916,8.47637081146,0,-1.18874001503,-3.37084650993,5,1,69,0,3,0,0,0,0,0,0,0,0,0,0,0,1,0,0,0,0,10.6998615265,1,0,8.47637081146,-1.18874001503,-3.37084650993,10.9041194916,1
957,2,90,8,0,31,1,,0,1,0,0,0,3,26101.2695312,10.8628864288,300,5100,10.6261940002,8.18868923187,8.69951438904,-0.32406103611,-3.37084650993,5,1,69,0,3,1,0,0,0,0,0,0,0,0,0,0,1,0,0,0,1,10.6998615265,1,0,8.47637081146,-1.18874001503,-3.37084650993,10.9041194916,3
958,1,91,8,0,35.75,1,0,0,0,0,0,0,9,30561.3847656,11.0206394196,4900,150,13.9474153519,12.7367010117,8.59415435791,3.98618125916,2.90144395828,5,0,40,0,3,1,0,1,0,1,0,1,1,0,0,1,1,1,1,1,0,11.0206394196,9,8.59415435791,12.7367010117,3.98618125916,2.90144395828,13.9474153519,9
958,2,91,8,0,35.75,1,,0,0,0,0,0,6,17412320,16.1621856689,2000,4005000,14.551908493,10.0519075394,0,-6.8599152565,-1.26573896408,5,0,40,0,3,1,1,1,1,1,1,0,0,0,0,0,1,0,1,0,0,11.0206394196,9,8.59415435791,12.7367010117,3.98618125916,2.90144395828,13.9474153519,6
959,1,91,8,0,35.75,1,0,0,0,0,0,0,2,5603.5,9.32429409027,300,0,8.99466896057,0,0,3.4317150116,0.85428583622,3,0,28,0,3,1,0,0,0,0,0,0,0,0,0,0,1,0,0,0,0,9.32429409027,2,0,0,3.4317150116,0.85428583622,8.99466896057,2
959,2,91,8,0,35.75,1,,0,0,0,0,0,5,1620.48071289,8.08362579346,0,0,7.60090255737,8.294049263,8.294049263,1.75703239441,-1.96752977371,3,0,28,0,3,1,1,0,1,1,0,0,0,0,0,1,1,0,0,0,0,9.32429409027,2,0,0,3.4317150116,0.85428583622,8.99466896057,5
960,1,91,8,0,35.75,1,0,0,0,0,0,0,4,50514.9414062,11.5231714249,10800,0,13.0350608826,0,9.90348720551,3.91365408897,-1.26795446873,3,0,31,0,3,0,1,0,0,0,0,0,0,0,0,1,1,0,0,0,1,11.5231714249,4,9.90348720551,0,3.91365408897,-1.26795446873,13.0350608826,4
960,2,91,8,0,35.75,1,,0,0,0,0,0,7,59369.3671875,11.6846809387,3700,6600,13.5706329346,8.9871969223,8.69951438904,10.5537881851,2.90144395828,3,0,31,0,3,1,1,0,0,1,0,0,0,0,0,0,1,0,1,1,1,11.5231714249,4,9.90348720551,0,3.91365408897,-1.26795446873,13.0350608826,7
961,1,91,8,1,1.375,1,0,0,0,0,0,0,6,40970.7695312,11.3137617111,2000,6500,11.7706632614,9.99879741669,10.5966348648,0.348007470369,0.85428583622,5,0,27,0,2,1,1,0,0,0,0,0,0,0,0,0,1,0,1,1,1,11.3137617111,6,10.5966348648,9.99879741669,0.348007470369,0.85428583622,11.7706632614,6
961,2,91,8,1,1.375,1,,0,0,0,0,0,6,180970.640625,12.7992372513,6850,1100,13.4419803619,10.6454248428,12.7882881165,1.29507112503,2.90144395828,5,0,27,0,2,1,1,0,0,1,0,0,1,1,0,0,1,0,1,0,0,11.3137617111,6,10.5966348648,9.99879741669,0.348007470369,0.85428583622,11.7706632614,6
962,1,91,8,1,1.375,1,0,0,0,0,0,0,4,217.25,6.07420110703,50,0,10.5186729431,0,0,-0.569993078709,-3.31511259079,3,1,64,0,1,0,1,0,0,1,0,0,0,0,0,0,1,0,0,0,1,6.07420110703,4,0,0,-0.569993078709,-3.31511259079,10.5186729431,4
962,2,91,8,1,1.375,1,,0,0,0,0,0,2,49457.796875,11.5020217896,3200,8000,14.2943496704,0,0,0.470887392759,0.85428583622,3,1,64,0,1,0,1,1,0,0,0,0,0,0,0,0,0,0,0,0,0,6.07420110703,4,0,0,-0.569993078709,-3.31511259079,10.5186729431,2
963,1,91,8,0,35.75,1,0,0,0,0,0,0,1,3876,8.95570659637,800,0,8.63052177429,9.05951786041,0,0.733488440514,0.0796284079552,4,1,37,0,1,1,0,0,0,0,0,0,0,0,0,0,0,0,0,0,0,8.95570659637,1,0,9.05951786041,0.733488440514,0.0796284079552,8.63052177429,1
963,2,91,8,0,35.75,1,,0,0,0,0,0,2,8940.67285156,9.79151344299,0,2000,10.2109718323,8.69951438904,8.294049263,10.9509420395,-7.54024505615,4,1,37,0,1,1,0,0,0,0,0,0,0,0,0,0,1,0,0,0,0,8.95570659637,1,0,9.05951786041,0.733488440514,0.0796284079552,8.63052177429,2
964,1,91,8,1,1.375,1,0,0,0,0,0,0,6,49314.4023438,11.4991188049,10500,0,11.7597856522,0,0,1.91255474091,0.85428583622,9,0,43,0,3,1,0,1,1,1,0,0,0,0,0,0,1,0,1,1,1,11.4991188049,6,0,0,1.91255474091,0.85428583622,11.7597856522,6
964,2,91,8,1,1.375,1,,0,0,0,0,0,6,31046.8085938,11.0363988876,2800,2800,11.9447078705,9.10497951508,8.294049263,7.9462018013,0.85428583622,9,0,43,0,3,1,1,0,1,1,0,0,0,0,0,0,1,0,1,1,0,11.4991188049,6,0,0,1.91255474091,0.85428583622,11.7597856522,6
965,1,91,8,1,1.375,1,0,0,0,0,0,0,4,4845,9.17885017395,1000,0,12.7747898102,8.98419189453,0,11.2380132675,-3.37084650993,4,0,27,0,3,0,0,0,0,1,0,0,0,0,0,0,1,0,1,0,1,9.17885017395,4,0,8.98419189453,11.2380132675,-3.37084650993,12.7747898102,4
965,2,91,8,1,1.375,1,,0,0,0,0,0,9,32147.8847656,11.0712490082,4750,1800,10.3545627594,10.513253212,9.99879741669,3.46516942978,0.85428583622,4,0,27,0,3,1,1,0,1,1,1,0,0,1,0,0,1,0,1,1,1,9.17885017395,4,0,8.98419189453,11.2380132675,-3.37084650993,12.7747898102,9
966,1,91,8,1,1.375,1,0,0,0,0,0,0,7,21172.1738281,10.6535902023,1900,1800,12.5061769485,8.294049263,0,0.64398086071,2.90144395828,4,0,23,0,3,1,0,1,1,1,0,1,0,0,0,0,1,0,1,1,1,10.6535902023,7,0,8.294049263,0.64398086071,2.90144395828,12.5061769485,7
966,2,91,8,1,1.375,1,,0,0,0,0,0,6,13318.6923828,10.190071106,2000,800,11.1360473633,0,0,-1.02430033684,-3.37084650993,4,0,23,0,3,1,1,0,1,1,0,0,0,0,0,0,1,0,1,0,1,10.6535902023,7,0,8.294049263,0.64398086071,2.90144395828,12.5061769485,6
967,1,91,8,1,1.375,1,0,0,0,0,0,0,3,4445,9.09268188477,1000,0,9.03598690033,8.47637081146,0,1.79240655899,0.85428583622,4,1,42,0,3,1,0,0,1,1,0,0,0,0,0,0,0,0,1,0,0,9.09268188477,3,0,8.47637081146,1.79240655899,0.85428583622,9.03598690033,3
967,2,91,8,1,1.375,1,,0,0,0,0,0,2,434.5,7.46049070358,100,0,7.78322410583,7.60090255737,8.9871969223,12.9062948227,-5.49308681488,4,1,42,0,3,0,0,0,1,0,0,0,0,0,0,0,1,0,0,0,0,9.09268188477,3,0,8.47637081146,1.79240655899,0.85428583622,9.03598690033,2
968,1,91,8,1,1.375,1,0,0,0,0,0,0,6,35711.3476562,11.1763706207,8000,0,12.7949695587,10.7188520432,0,7.77937030792,0.781419277191,6,0,33,0,2,0,0,0,0,0,0,0,0,0,0,1,1,1,1,1,1,11.1763706207,6,0,10.7188520432,7.77937030792,0.781419277191,12.7949695587,6
968,2,91,8,1,1.375,1,,0,0,0,0,0,7,69013.0078125,11.8351974487,7000,5700,14.0257711411,11.2997322083,0,8.49756813049,-1.32368826866,6,0,33,0,2,1,1,0,1,1,1,0,0,0,0,0,1,0,0,1,1,11.1763706207,6,0,10.7188520432,7.77937030792,0.781419277191,12.7949695587,7
969,1,91,8,1,1.375,1,0,0,0,0,0,0,2,0,5.29834222794,0,0,10.8036489487,0,0,0.0946891456842,0.85428583622,4,1,31,0,1,1,0,0,0,0,0,0,0,0,0,0,0,0,1,0,0,5.29834222794,2,0,0,0.0946891456842,0.85428583622,10.8036489487,2
969,2,91,8,1,1.375,1,,0,0,0,0,0,2,5720.47119141,9.34495353699,300,500,10.7851867676,0,0,11.9324436188,-1.32368826866,4,1,31,0,1,1,0,0,0,0,0,0,0,0,0,0,1,0,0,0,0,5.29834222794,2,0,0,0.0946891456842,0.85428583622,10.8036489487,2
970,1,92,10,1,3.875,1,0,1,0,0,0,0,5,13819.9042969,10.2270126343,500,1500,14.3849067688,10.2035923004,0,-2.74576377869,-3.37084650993,4,0,71,0,3,0,0,0,1,0,0,1,0,0,0,1,1,0,1,0,0,10.2270126343,5,0,10.2035923004,-2.74576377869,-3.37084650993,14.3849067688,5
970,2,92,10,1,3.875,1,,1,0,0,0,0,8,103376.234375,12.2392778397,2950,19900,12.8992195129,11.1331281662,0,-2.37121486664,0.85428583622,4,0,71,0,3,1,1,1,0,1,0,0,0,0,0,1,1,0,1,1,1,10.2270126343,5,0,10.2035923004,-2.74576377869,-3.37084650993,14.3849067688,8
971,1,92,10,1,3.875,1,0,1,0,0,0,0,5,9505.09570312,9.85273075104,350,1200,13.3890256882,0,0,2.59630250931,0.85428583622,4,0,36,0,3,1,0,0,0,1,0,0,0,0,0,0,1,0,1,0,1,9.85273075104,5,0,0,2.59630250931,0.85428583622,13.3890256882,5
971,2,92,10,1,3.875,1,,1,0,0,0,0,8,21495.625,10.6687517166,800,1300,17.6023159027,8.00636768341,8.69951438904,4.64177131653,0.85428583622,4,0,36,0,3,1,1,0,0,1,1,0,0,0,0,1,1,0,1,0,1,9.85273075104,5,0,0,2.59630250931,0.85428583622,13.3890256882,8
972,1,92,10,1,3.875,1,0,1,0,0,0,0,2,10194.3173828,9.92273330688,1350,0,9.5749835968,0,8.00636768341,-4.20127868652,-4.07263755798,3,0,25,0,3,0,1,0,0,0,0,0,0,0,0,0,1,0,0,0,0,9.92273330688,2,8.00636768341,0,-4.20127868652,-4.07263755798,9.5749835968,2
972,2,92,10,1,3.875,1,,1,0,0,0,0,6,24832.5390625,10.8130569458,300,5000,8.24275684357,0,0,1.19388782978,-1.96752977371,3,0,25,0,3,1,1,0,1,1,0,0,0,0,0,0,0,0,1,1,1,9.92273330688,2,8.00636768341,0,-4.20127868652,-4.07263755798,9.5749835968,6
973,1,92,10,0,39.3333358765,1,0,1,0,0,0,0,3,5163.86523438,9.24258804321,900,0,10.3287553787,9.47270488739,9.90348720551,1.71530234814,-6.19266223907,3,0,32,0,1,0,1,0,0,0,0,0,0,0,0,0,1,0,0,0,1,9.24258804321,3,9.90348720551,9.47270488739,1.71530234814,-6.19266223907,10.3287553787,3
973,2,92,10,0,39.3333358765,1,,1,0,0,0,0,4,1252.8269043,7.82630491257,50,0,8.00636768341,8.76405334473,9.8521938324,2.13063168526,-1.96752977371,3,0,32,0,1,1,0,0,0,1,0,0,0,0,0,0,1,0,0,0,1,9.24258804321,3,9.90348720551,9.47270488739,1.71530234814,-6.19266223907,10.3287553787,4
974,1,92,10,1,3.875,1,0,1,0,0,0,0,6,44474.796875,11.395825386,6950,2700,13.0015506744,12.2258749008,0,-7.67046976089,-1.32368826866,3,0,70,0,2,1,1,1,0,0,1,0,0,0,0,1,1,0,0,0,0,11.395825386,6,0,12.2258749008,-7.67046976089,-1.32368826866,13.0015506744,6
974,2,92,10,1,3.875,1,,1,0,0,0,0,5,23821.7597656,10.7715015411,0,5000,13.1669311523,10.085808754,0,-0.571256041527,0.85428583622,3,0,70,0,2,1,1,0,0,1,0,0,0,0,0,0,1,0,0,0,1,11.395825386,6,0,12.2258749008,-7.67046976089,-1.32368826866,13.0015506744,5
975,1,92,10,1,3.875,1,0,1,0,0,0,0,1,1776.27880859,8.17542362213,0,0,12.1745815277,0,0,0.0478370785713,-3.37084650993,7,1,36,0,1,1,0,0,0,0,0,0,0,0,0,0,0,0,0,0,0,8.17542362213,1,0,0,0.0478370785713,-3.37084650993,12.1745815277,1
975,2,92,10,1,3.875,1,,1,0,0,0,0,5,3317.24047852,8.80003547668,750,0,9.74096870422,9.79812717438,8.00636768341,1.93685233593,-8.24203586578,7,1,36,0,1,1,1,0,1,0,0,0,0,0,0,0,0,0,1,0,1,8.17542362213,1,0,0,0.0478370785713,-3.37084650993,12.1745815277,5
976,1,92,10,1,3.875,1,0,1,0,0,0,0,4,960610.5,14.4684715271,6000,212900,12.0002775192,13.2533912659,0,-0.881143689156,0.79633641243,5,0,36,0,2,1,0,0,0,1,0,0,0,0,0,0,1,0,1,0,0,14.4684715271,4,0,13.2533912659,-0.881143689156,0.79633641243,12.0002775192,4
976,2,92,10,1,3.875,1,,1,0,0,0,0,8,72082.5390625,11.8787145615,7500,7800,12.1183338165,11.5711946487,12.6115379333,8.42781639099,0.781419277191,5,0,36,0,2,1,1,1,1,1,0,1,0,0,0,0,1,0,1,1,1,14.4684715271,4,0,13.2533912659,-0.881143689156,0.79633641243,12.0002775192,8
977,1,92,10,1,3.875,1,0,1,0,0,0,0,6,289277.0625,13.2682876587,62000,0,12.7254495621,11.7344675064,10.5966348648,-0.802045166492,0.781419277191,5,0,36,0,3,1,1,0,0,1,0,0,0,0,0,0,1,0,1,1,0,13.2682876587,6,10.5966348648,11.7344675064,-0.802045166492,0.781419277191,12.7254495621,6
977,2,92,10,1,3.875,1,,1,0,0,0,0,8,128209.445312,12.4545679092,4400,24500,13.0394163132,10.49127388,0,4.80542087555,2.90144395828,5,0,36,0,3,1,1,0,1,1,0,1,0,0,0,0,1,0,1,1,1,13.2682876587,6,10.5966348648,11.7344675064,-0.802045166492,0.781419277191,12.7254495621,8
978,1,92,10,0,39.3333358765,1,0,1,0,0,0,0,4,7150.11523438,9.56803131104,700,400,13.7710151672,0,0,0.15648676455,0.79633641243,4,0,32,0,3,0,1,0,0,0,0,0,0,0,0,1,1,0,1,0,0,9.56803131104,4,0,0,0.15648676455,0.79633641243,13.7710151672,4
978,2,92,10,0,39.3333358765,1,,1,0,0,0,0,5,26609.8945312,10.882185936,1750,1250,13.4057359695,0,0,6.3810377121,-1.26573896408,4,0,32,0,3,0,0,0,0,1,1,0,0,0,0,0,1,0,1,0,1,9.56803131104,4,0,0,0.15648676455,0.79633641243,13.7710151672,5
979,1,92,10,1,3.875,1,0,1,0,0,0,0,6,41150.0195312,11.3181266785,5750,0,13.9743928909,8.13153076172,9.90348720551,-0.475317806005,0.781419277191,6,0,30,0,1,1,1,0,0,0,1,0,0,0,0,0,1,0,1,1,0,11.3181266785,6,9.90348720551,8.13153076172,-0.475317806005,0.781419277191,13.9743928909,6
979,2,92,10,1,3.875,1,,1,0,0,0,0,4,3339.48071289,8.80671787262,400,0,10.5966348648,9.21034049988,8.51719284058,2.78079724312,2.90144395828,6,0,30,0,1,1,1,0,0,0,0,0,0,0,0,0,1,0,1,0,0,11.3181266785,6,9.90348720551,8.13153076172,-0.475317806005,0.781419277191,13.9743928909,4
980,1,92,10,0,39.3333358765,1,0,1,0,0,0,0,5,40640.0390625,11.3056564331,4650,3650,12.85891819,0,0,-3.38043999672,0.79633641243,6,0,72,0,3,0,1,0,0,1,0,0,1,1,0,0,0,0,1,0,1,11.3056564331,5,0,0,-3.38043999672,0.79633641243,12.85891819,5
980,2,92,10,0,39.3333358765,1,,1,0,0,0,0,7,22245.9179688,10.7030611038,400,3080,14.2446241379,12.0317192078,10.3089523315,3.5003888607,0.85428583622,6,0,72,0,3,1,1,1,0,1,0,0,0,0,0,0,1,0,1,1,1,11.3056564331,5,0,0,-3.38043999672,0.79633641243,12.85891819,7
981,1,93,10,1,4,1,0,0,0,0,1,0,7,105999.945312,12.2643413544,22000,800,13.1828937531,0,9.90348720551,7.44631385803,0.85428583622,5,0,36,1,1,1,1,0,1,1,0,0,0,0,0,0,1,0,1,1,1,12.2643413544,7,9.90348720551,0,7.44631385803,0.85428583622,13.1828937531,7
981,2,93,10,1,4,1,,0,0,0,1,0,7,44420.0976562,11.3945941925,4500,2500,12.8754396439,9.94270801544,0,1.52337479591,0.85428583622,5,0,36,1,1,1,1,0,1,1,0,0,0,0,0,0,1,0,1,1,1,12.2643413544,7,9.90348720551,0,7.44631385803,0.85428583622,13.1828937531,7
982,1,93,10,0,16.5,1,0,0,0,0,1,0,5,7140.95214844,9.56674861908,1200,0,9.37585449219,8.73230457306,0,7.44075202942,-1.25082182884,3,1,61,0,3,1,0,0,1,0,1,1,0,0,0,0,1,0,0,0,1,9.56674861908,5,0,8.73230457306,7.44075202942,-1.25082182884,9.37585449219,5
982,2,93,10,0,16.5,1,,0,0,0,1,0,6,4444.73095703,9.09262180328,900,0,9.10497951508,9.37585449219,0,5.54685735703,-1.26573896408,3,1,61,0,3,1,1,0,1,1,0,0,0,0,0,0,1,0,1,0,1,9.56674861908,5,0,8.73230457306,7.44075202942,-1.25082182884,9.37585449219,6
983,1,93,10,1,4,1,0,0,0,0,1,0,,16148.2119141,10.3827114105,800,1500,9.54681301117,0,9.21034049988,-0.748852014542,2.90144395828,7,1,46,0,2,999,1,0,0,0,0,0,0,0,0,0,0,0,0,0,1,10.3827114105,2,9.21034049988,0,-0.748852014542,2.90144395828,9.54681301117,2
983,2,93,10,1,4,1,,0,0,0,1,0,6,45050.8085938,11.4086933136,300,8950,13.1456890106,11.7519426346,9.90348720551,4.48189067841,0.781419277191,7,1,46,0,2,1,1,0,1,1,0,0,0,0,0,0,1,0,1,0,1,10.3827114105,2,9.21034049988,0,-0.748852014542,2.90144395828,9.54681301117,6
984,1,93,10,1,4,1,0,0,0,0,1,0,3,8578.54785156,9.75016689301,1450,0,12.9034557343,11.2897815704,0,-0.137473285198,2.90144395828,10,1,49,0,3,1,0,0,0,1,0,0,0,0,0,0,0,0,0,0,1,9.75016689301,3,0,11.2897815704,-0.137473285198,2.90144395828,12.9034557343,3
984,2,93,10,1,4,1,,0,0,0,1,0,6,68767.453125,11.8316326141,850,14000,13.1243610382,0,0,2.44178247452,0.781419277191,10,1,49,0,3,0,1,1,1,1,1,0,0,0,0,0,1,0,1,0,1,9.75016689301,3,0,11.2897815704,-0.137473285198,2.90144395828,12.9034557343,6
985,1,93,10,1,4,1,0,0,0,0,1,0,3,8105.09619141,9.69339561462,400,600,12.7829666138,0,0,7.63992977142,-1.26573896408,5,0,29,0,3,0,0,0,0,0,1,0,0,0,0,0,1,0,0,0,1,9.69339561462,3,0,0,7.63992977142,-1.26573896408,12.7829666138,3
985,2,93,10,1,4,1,,0,0,0,1,0,6,108123.382812,12.2841758728,1400,23000,13.3199014664,7.60090255737,0,11.2262458801,2.90144395828,5,0,29,0,3,1,1,0,0,0,0,1,0,0,0,0,1,0,1,0,1,9.69339561462,3,0,0,7.63992977142,-1.26573896408,12.7829666138,6
986,1,93,10,0,16.5,1,0,0,0,0,1,0,1,4034.75952148,8.99584960938,0,0,12.4552736282,0,0,1.13319563866,2.90144395828,4,1,58,0,2,1,0,0,0,0,0,0,0,0,0,0,0,0,0,0,0,8.99584960938,1,0,0,1.13319563866,2.90144395828,12.4552736282,1
986,2,93,10,0,16.5,1,,0,0,0,1,0,4,8669.25,9.76068496704,850,450,11.8593482971,9.21034049988,10.165851593,7.37074565887,-1.32368826866,4,1,58,0,2,1,1,0,1,1,0,0,0,0,0,0,1,0,0,0,0,8.99584960938,1,0,0,1.13319563866,2.90144395828,12.4552736282,4
987,1,93,10,1,4,1,0,0,0,0,1,0,2,7511.83642578,9.61738204956,1200,450,12.7696800232,0,9.21034049988,3.62745666504,-6.13692855835,5,1,34,0,3,1,0,0,0,0,0,0,0,0,0,0,1,0,0,0,0,9.61738204956,2,9.21034049988,0,3.62745666504,-6.13692855835,12.7696800232,2
987,2,93,10,1,4,1,,0,0,0,1,0,3,2723.44238281,8.60279941559,0,300,11.0790605545,9.68034362793,10.3089523315,4.95012044907,0.0796284079552,5,1,34,0,3,1,0,0,0,1,0,0,0,0,0,0,1,0,0,0,0,9.61738204956,2,9.21034049988,0,3.62745666504,-6.13692855835,12.7696800232,3
988,1,93,10,1,4,1,0,0,0,0,1,0,4,34133.3164062,11.1311759949,1100,6525,15.3150663376,10.3089523315,11.9829292297,0.660768032074,2.90144395828,5,0,30,0,3,0,0,0,1,1,1,1,0,0,0,0,1,0,0,1,0,11.1311759949,4,11.9829292297,10.3089523315,0.660768032074,2.90144395828,15.3150663376,4
988,2,93,10,1,4,1,,0,0,0,1,0,8,62255.6171875,11.7321510315,12550,500,10.6828126907,9.82010555267,9.68034362793,5.82749176025,0.85428583622,5,0,30,0,3,1,1,0,1,1,0,1,1,0,0,0,1,0,1,0,1,11.1311759949,4,11.9829292297,10.3089523315,0.660768032074,2.90144395828,15.3150663376,8
989,1,93,10,1,4,1,0,0,0,0,1,0,4,66177.15625,11.7932376862,1400,13400,12.7313928604,9.86266517639,11.0020999908,6.47246313095,-1.26573896408,5,0,34,0,3,0,0,0,0,1,0,0,0,0,0,0,1,0,1,0,1,11.7932376862,4,11.0020999908,9.86266517639,6.47246313095,-1.26573896408,12.7313928604,4
989,2,93,10,1,4,1,,0,0,0,1,0,8,19749.2792969,10.5840196609,1250,0,12.7899627686,12.0100574493,0,6.17673778534,2.90144395828,5,0,34,0,3,1,1,0,1,1,0,0,0,0,0,1,1,0,1,1,1,11.7932376862,4,11.0020999908,9.86266517639,6.47246313095,-1.26573896408,12.7313928604,8
990,1,93,10,0,16.5,1,0,0,0,0,1,0,1,217.25,6.07420110703,50,0,9.39266204834,0,0,12.9062948227,-1.32368826866,3,1,43,0,3,0,0,0,0,0,0,0,0,0,0,0,1,0,0,0,0,6.07420110703,1,0,0,12.9062948227,-1.32368826866,9.39266204834,1
990,2,93,10,0,16.5,1,,0,0,0,1,0,4,31148.8457031,11.0396795273,450,5100,10.3022632599,8.63052177429,0,1.93709146976,-1.25082182884,3,1,43,0,3,1,0,0,1,1,0,0,0,0,0,0,0,0,1,0,1,6.07420110703,1,0,0,12.9062948227,-1.32368826866,9.39266204834,4
991,1,93,10,0,16.5,1,0,0,0,0,1,0,3,50125.7226562,11.5154371262,1000,8600,10.2109718323,11.0020999908,10.3089523315,9.12736320496,-1.26573896408,7,0,43,0,3,1,1,0,0,0,0,0,0,0,0,0,1,0,0,0,0,11.5154371262,3,10.3089523315,11.0020999908,9.12736320496,-1.26573896408,10.2109718323,3
991,2,93,10,0,16.5,1,,0,0,0,1,0,8,87713.484375,12.0749778748,3200,15000,14.2769775391,10.085808754,10.6454248428,5.39573478699,2.90144395828,7,0,43,0,3,1,1,1,1,1,1,1,1,1,0,0,1,0,1,0,1,11.5154371262,3,10.3089523315,11.0020999908,9.12736320496,-1.26573896408,10.2109718323,8
992,1,93,10,1,4,1,0,0,0,0,1,0,2,11428.1347656,10.036980629,1700,0,13.6416330338,0,9.39266204834,7.38731479645,-1.32368826866,7,0,0,0,3,1,0,0,0,0,0,0,0,0,0,0,1,0,0,0,0,10.036980629,2,9.39266204834,0,7.38731479645,-1.32368826866,13.6416330338,2
992,2,93,10,1,4,1,,0,0,0,1,0,0,134206.0625,12.5002784729,3500,26250,13.7515048981,0,0,6.13585090637,2.90144395828,7,0,0,0,3,0,0,0,0,0,0,0,0,0,0,0,0,0,0,0,0,10.036980629,2,9.39266204834,0,7.38731479645,-1.32368826866,13.6416330338,0
993,1,94,10,1,6,1,0,0,0,0,0,0,5,9189.73046875,9.81898880005,1550,0,14.7558298111,8.69951438904,0,-6.29583263397,0.85428583622,6,0,32,0,3,0,0,1,0,1,0,1,0,0,0,0,1,0,1,0,1,9.81898880005,5,0,8.69951438904,-6.29583263397,0.85428583622,14.7558298111,5
993,2,94,10,1,6,1,,0,0,0,0,0,5,17303.4511719,10.4518079758,400,3000,12.9706096649,0,0,5.8220076561,2.90144395828,6,0,32,0,3,1,0,0,1,1,1,0,0,0,0,0,1,0,1,0,0,9.81898880005,5,0,8.69951438904,-6.29583263397,0.85428583622,14.7558298111,5
994,1,94,10,1,6,1,0,0,0,0,0,0,1,27898.3085938,10.9294681549,4800,0,11.1844215393,0,0,4.79318284988,0.79633641243,10,0,44,0,3,0,0,0,0,0,0,0,0,0,0,0,1,0,0,0,0,10.9294681549,1,0,0,4.79318284988,0.79633641243,11.1844215393,1
994,2,94,10,1,6,1,,0,0,0,0,0,,162797.96875,12.6934127808,23100,4000,14.6806764603,11.4721031189,0,8.3151807785,2.90144395828,10,0,44,0,3,1,0,0,1,1,0,1,0,0,0,0,1,1,888,0,1,10.9294681549,1,0,0,4.79318284988,0.79633641243,11.1844215393,6
995,1,94,10,1,6,1,0,0,0,0,0,0,1,7318.30761719,9.59128189087,500,800,8.93590354919,0,9.62905025482,2.59522294998,2.90144395828,3,0,0,0,2,1,0,0,0,0,0,0,0,0,0,0,0,0,0,0,0,9.59128189087,1,9.62905025482,0,2.59522294998,2.90144395828,8.93590354919,1
995,2,94,10,1,6,1,,0,0,0,0,0,5,13045142,16.1621856689,1600,3000000,10.0604915619,0,0,2.66109156609,-1.32368826866,3,0,0,0,2,0,1,0,0,1,1,1,0,0,0,1,0,0,1,0,0,9.59128189087,1,9.62905025482,0,2.59522294998,2.90144395828,8.93590354919,5
996,1,94,10,1,6,1,0,0,0,0,0,0,8,28238.0585938,10.941573143,3100,2900,11.906047821,9.47270488739,0,4.26427173615,-6.19266223907,6,0,54,0,2,1,1,0,0,1,0,0,0,0,0,0,1,1,1,1,1,10.941573143,8,0,9.47270488739,4.26427173615,-6.19266223907,11.906047821,8
996,2,94,10,1,6,1,,0,0,0,0,0,7,52027.3554688,11.5526723862,8000,1250,13.6141281128,7.93737459183,9.79812717438,-5.95328760147,2.90144395828,6,0,54,0,2,0,1,0,1,1,0,0,0,0,0,1,1,1,1,0,1,10.941573143,8,0,9.47270488739,4.26427173615,-6.19266223907,11.906047821,7
997,1,94,10,1,6,1,0,0,0,0,0,0,7,19090.2402344,10.5500793457,850,3050,10.893029213,0,8.69951438904,5.74281311035,-3.37084650993,4,0,35,0,2,1,0,0,0,1,0,0,0,0,0,1,1,0,1,1,1,10.5500793457,7,8.69951438904,0,5.74281311035,-3.37084650993,10.893029213,7
997,2,94,10,1,6,1,,0,0,0,0,0,3,9591.34570312,9.86176395416,800,1200,9.69276618958,0,8.90923500061,-0.670745551586,-1.26573896408,4,0,35,0,2,0,1,0,0,0,0,0,0,0,0,0,1,0,0,1,0,10.5500793457,7,8.69951438904,0,5.74281311035,-3.37084650993,10.893029213,3
998,1,94,10,0,29.2499980927,1,0,0,0,0,0,0,5,129950.578125,12.4680566788,25000,0,12.3766593933,9.22994709015,0,5.57927846909,0.79633641243,4,0,45,0,3,1,0,1,1,1,0,0,0,0,0,0,1,1,0,1,0,12.4680566788,5,0,9.22994709015,5.57927846909,0.79633641243,12.3766593933,5
998,2,94,10,0,29.2499980927,1,,0,0,0,0,0,10,150870.734375,12.6173257828,26700,1500,12.6280670166,13.0152235031,13.8155107498,0.223594278097,0.79633641243,4,0,45,0,3,1,1,1,1,1,1,1,1,1,0,0,1,1,1,1,1,12.4680566788,5,0,9.22994709015,5.57927846909,0.79633641243,12.3766593933,10
999,1,94,10,1,6,1,0,0,0,0,0,0,3,8732.59570312,9.76796531677,1250,0,13.2902479172,0,13.5410737991,1.53248500824,2.90144395828,6,0,31,0,3,1,0,0,0,0,0,0,0,0,0,0,1,0,1,0,0,9.76796531677,3,13.5410737991,0,1.53248500824,2.90144395828,13.2902479172,3
999,2,94,10,1,6,1,,0,0,0,0,0,7,181926.421875,12.8045043945,35800,1800,13.5891113281,0,12.5061769485,-3.19519376755,0.781419277191,6,0,31,0,3,1,0,0,1,1,0,0,0,0,0,0,1,1,1,1,1,9.76796531677,3,13.5410737991,0,1.53248500824,2.90144395828,13.2902479172,7
1000,1,94,10,0,29.2499980927,1,0,0,0,0,0,0,5,119019.382812,12.380188942,6650,1800,15.8327579498,7.60090255737,12.8992195129,-6.06760597229,2.90144395828,8,0,46,1,3,0,0,0,0,0,1,0,0,0,0,1,1,0,1,0,1,12.380188942,5,12.8992195129,7.60090255737,-6.06760597229,2.90144395828,15.8327579498,5
1000,2,94,10,0,29.2499980927,1,,0,0,0,0,0,9,62400.9023438,11.7344818115,9650,1900,14.4578905106,12.7013788223,13.8155107498,-2.14523625374,0.79633641243,8,0,46,1,3,1,1,0,1,1,0,1,0,0,0,0,1,1,1,1,1,12.380188942,5,12.8992195129,7.60090255737,-6.06760597229,2.90144395828,15.8327579498,9
1001,1,94,10,1,6,1,0,0,0,0,0,0,2,34020.921875,11.1278781891,2400,4950,11.7798948288,9.90348720551,0,-2.06216359138,-4.1455039978,3,1,22,0,1,1,0,0,0,0,0,0,0,0,0,0,0,0,0,1,0,11.1278781891,2,0,9.90348720551,-2.06216359138,-4.1455039978,11.7798948288,2
1001,2,94,10,1,6,1,,0,0,0,0,0,8,51354.3164062,11.5396518707,6950,2000,13.3531579971,9.16951847076,0,-1.76911449432,0.0796284079552,3,1,22,0,1,1,1,1,0,1,1,0,0,0,0,0,1,0,1,1,1,11.1278781891,2,0,9.90348720551,-2.06216359138,-4.1455039978,11.7798948288,8
1002,1,94,10,0,29.2499980927,1,0,0,0,0,0,0,7,31323.7929688,11.0452804565,4780,600,11.2273740768,11.7360687256,0,-2.17900013924,-3.38797926903,5,0,28,0,3,1,0,0,1,1,1,0,0,0,0,1,1,0,1,1,0,11.0452804565,7,0,11.7360687256,-2.17900013924,-3.38797926903,11.2273740768,7
1002,2,94,10,0,29.2499980927,1,,0,0,0,0,0,7,33940.5976562,11.1255140305,6900,0,10.8628377914,9.21034049988,10.5966348648,10.4224834442,-5.49308681488,5,0,28,0,3,1,0,0,1,1,0,0,0,0,1,1,1,0,1,1,0,11.0452804565,7,0,11.7360687256,-2.17900013924,-3.38797926903,11.2273740768,7
1003,1,94,10,1,6,1,0,0,0,0,0,0,3,32438.7207031,11.0802555084,5100,1500,12.0388364792,9.90348720551,10.896739006,2.21511769295,-1.32368826866,4,0,31,0,2,0,0,1,0,1,0,0,0,0,0,0,1,0,0,0,1,11.0802555084,3,10.896739006,9.90348720551,2.21511769295,-1.32368826866,12.0388364792,3
1003,2,94,10,1,6,1,,0,0,0,0,0,9,348549.21875,13.4546823502,8500,67800,13.2855024338,10.5966348648,9.99879741669,6.80838871002,-1.32368826866,4,0,31,0,2,1,0,0,1,1,0,1,1,1,1,0,1,1,0,1,1,11.0802555084,3,10.896739006,9.90348720551,2.21511769295,-1.32368826866,12.0388364792,9
1004,1,94,10,0,29.2499980927,1,0,0,0,0,0,0,6,79156.90625,11.9723348618,15350,0,12.0850343704,0,0,1.20317852497,2.90144395828,5,0,64,0,3,1,0,0,0,1,0,0,0,0,0,0,1,0,1,1,1,11.9723348618,6,0,0,1.20317852497,2.90144395828,12.0850343704,6
1004,2,94,10,0,29.2499980927,1,,0,0,0,0,0,8,36324.9609375,11.1934080124,4500,1000,13.3471059799,12.1007118225,0,-0.520076155663,0.781419277191,5,0,64,0,3,1,0,0,0,1,0,1,0,0,0,0,1,1,1,1,1,11.9723348618,6,0,0,1.20317852497,2.90144395828,12.0850343704,8
1005,1,95,9,1,5,1,0,0,1,0,0,0,5,25475.1542969,10.8386058807,3200,0,10.8473930359,0,0,0.624394059181,0.79633641243,5,0,32,0,3,0,0,0,0,1,0,0,0,0,0,0,1,0,1,1,1,10.8386058807,5,0,0,0.624394059181,0.79633641243,10.8473930359,5
1005,2,95,9,1,5,1,,0,1,0,0,0,6,155051.3125,12.6446590424,30250,1200,14.6345853806,0,0,4.28835058212,2.90144395828,5,0,32,0,3,1,0,0,0,1,0,0,0,0,0,0,1,1,1,0,1,10.8386058807,5,0,0,0.624394059181,0.79633641243,10.8473930359,6
1006,1,95,9,0,40.5,1,0,0,1,0,0,0,1,10123.1542969,9.91572761536,200,1650,14.984457016,0,6.38053369522,4.01571130753,0.85428583622,7,0,47,0,2,0,0,0,0,0,0,0,0,0,0,0,1,0,0,0,0,9.91572761536,1,,0,4.01571130753,0.85428583622,14.984457016,1
1006,2,95,9,0,40.5,1,,0,1,0,0,0,8,62018.9570312,11.7283430099,3100,7720,13.941614151,9.39266204834,0,-0.376764655113,0.85428583622,7,0,47,0,2,1,1,0,0,1,0,1,0,0,0,0,1,0,1,1,1,9.91572761536,1,,0,4.01571130753,0.85428583622,14.984457016,8
1007,1,95,9,1,5,1,0,0,1,0,0,0,5,7013.35009766,9.54871749878,1180,250,11.7675676346,4.60527038574,0,5.78568410873,-1.25082182884,5,1,40,0,2,1,0,0,0,0,1,0,0,0,0,0,1,0,1,0,1,9.54871749878,5,0,4.60527038574,5.78568410873,-1.25082182884,11.7675676346,5
1007,2,95,9,1,5,1,,0,1,0,0,0,3,23217.6054688,10.7458133698,2300,2009,10.165851593,9.28730106354,5.99147081375,-0.00592389702797,-1.96752977371,5,1,40,0,2,0,1,0,0,0,0,0,0,0,0,0,1,0,0,0,1,9.54871749878,5,0,4.60527038574,5.78568410873,-1.25082182884,11.7675676346,3
1008,1,95,9,1,5,1,0,0,1,0,0,0,5,11343.6347656,10.0295591354,1700,500,11.0635080338,0,0,-1.48346340656,-5.42022037506,10,0,40,0,2,1,1,0,0,0,0,0,0,0,0,0,1,0,1,0,1,10.0295591354,5,0,0,-1.48346340656,-5.42022037506,11.0635080338,5
1008,2,95,9,1,5,1,,0,1,0,0,0,4,67697.6328125,11.8159532547,500,14800,13.5665359497,9.10497951508,0,2.48366713524,-3.31511259079,10,0,40,0,2,0,1,1,1,1,0,0,0,0,0,0,1,0,0,0,1,10.0295591354,5,0,0,-1.48346340656,-5.42022037506,11.0635080338,4
1009,1,95,9,1,5,1,0,0,1,0,0,0,6,12863.1728516,10.1552705765,2500,0,13.4853382111,0,7.60090255737,-1.15210008621,-1.25082182884,4,0,36,0,3,0,1,0,0,1,0,0,0,1,0,1,0,0,1,0,1,10.1552705765,6,7.60090255737,0,-1.15210008621,-1.25082182884,13.4853382111,6
