hhid,round,vid,block,eligible,samp_wgt,sample_panel,attrites,treat_GK,treat_GD_lower,treat_GD_mid,treat_GD_upper,treat_GD_huge,dietarydiversity,consumption,consumption_asinh,foodexpenditure,foodownconsumption,productiveassets_asinh,savingsstock_asinh,borrowingstock_asinh,health_knowledge,sanitation_practices,hhmember,hhfemale,hhage,hh_head_schooling,ubudehe,m9_cereals,m9_tubers,m9_vitaveg,m9_leafyveg,m9_otherveg,m9_vitaafruits,m9_otherfruits,m9_organmeat,m9_fleshmeat,m9_eggs,m9_fish,m9_legumes,m9_milk,m9_oils,m9_sweets,m9_spices,consumption_asinh_R1,dietarydiversity_R1,borrowingstock_asinh_R1,savingsstock_asinh_R1,health_knowledge_R1,sanitation_practices_R1,productiveassets_asinh_R1,diet_source
1,1,1,1,1,2.5,1,0,1,0,0,0,0,1,1838.26928711,8.20972728729,0,0,10.7534675598,8.59415435791,0,-10.4123773575,-1.26573896408,6,0,80,0,1,1,0,0,0,0,0,0,0,0,0,0,0,0,0,0,0,8.20972728729,1,0,8.59415435791,-10.4123773575,-1.26573896408,10.7534675598,1
1,2,1,1,1,2.5,1,,1,0,0,0,0,4,4110.5,9.01444721222,0,900,9.86266517639,9.99879741669,9.90348720551,1.46028017998,0.85428583622,6,0,80,0,1,0,1,0,0,0,0,0,0,0,0,0,1,0,0,1,1,8.20972728729,1,0,8.59415435791,-10.4123773575,-1.26573896408,10.7534675598,4
2,1,1,1,1,2.5,1,0,1,0,0,0,0,5,27949,10.9312839508,2800,900,14.2139501572,12.0895385742,9.21034049988,3.35663414001,0.79633641243,6,0,42,0,3,1,0,0,0,0,0,1,0,0,0,0,1,0,1,0,1,10.9312839508,5,9.21034049988,12.0895385742,3.35663414001,0.79633641243,14.2139501572,5
2,2,1,1,1,2.5,1,,1,0,0,0,0,6,36690.0078125,11.2034072876,3300,668,13.8073778152,11.918390274,10.3089523315,0.758312165737,2.90144395828,6,0,42,0,3,1,0,0,1,1,0,0,0,0,0,0,1,0,1,1,1,10.9312839508,5,9.21034049988,12.0895385742,3.35663414001,0.79633641243,14.2139501572,6
3,1,1,1,0,54,0,1,1,0,0,0,0,2,61680.1328125,11.722864151,200,13600,13.4953050613,0,0,2.51888656616,2.90144395828,3,0,62,0,3,1,0,0,0,0,0,0,0,0,0,0,1,0,0,0,0,11.722864151,2,0,0,2.51888656616,2.90144395828,13.4953050613,2
4,1,1,1,0,54,1,0,1,0,0,0,0,5,6534.53662109,9.47800350189,310,800,12.3353452682,10.6261940002,0,4.81673812866,0.85428583622,3,0,48,0,3,1,1,0,0,0,0,0,0,0,0,0,1,0,1,0,1,9.47800350189,5,0,10.6261940002,4.81673812866,0.85428583622,12.3353452682,5
4,2,1,1,0,54,1,,1,0,0,0,0,6,41749.203125,11.3325824738,7150,1500,11.6716375351,8.0709066391,10.360912323,3.29493403435,-5.49308681488,3,0,48,0,3,1,1,1,0,0,0,0,0,0,0,0,1,1,1,0,0,9.47800350189,5,0,10.6261940002,4.81673812866,0.85428583622,12.3353452682,6
5,1,1,1,1,2.5,1,0,1,0,0,0,0,2,52069.3828125,11.5534791946,800,10600,9.39266204834,0,7.2442278862,1.64592993259,0.0796284079552,4,0,32,0,3,1,0,0,0,0,0,0,0,0,0,0,1,0,0,0,0,11.5534791946,2,7.2442278862,0,1.64592993259,0.0796284079552,9.39266204834,2
5,2,1,1,1,2.5,1,,1,0,0,0,0,6,21920.4238281,10.6883211136,3400,600,10.177324295,10.9886770248,10.5453414917,1.68570840359,0.79633641243,4,0,32,0,3,0,1,0,0,1,1,0,0,0,0,0,1,0,1,0,1,11.5534791946,2,7.2442278862,0,1.64592993259,0.0796284079552,9.39266204834,6
6,1,1,1,0,54,1,0,1,0,0,0,0,5,29911.3652344,10.9991407394,1400,5000,13.9047060013,0,6.90775632858,-2.91204595566,0.85428583622,5,0,45,0,3,1,0,0,0,1,0,0,0,0,0,0,1,0,1,0,1,10.9991407394,5,6.90775632858,0,-2.91204595566,0.85428583622,13.9047060013,5
6,2,1,1,0,54,1,,1,0,0,0,0,5,24927.4238281,10.8168706894,4400,0,10.7166376114,10.3859138489,10.7363967896,0.278568327427,0.85428583622,5,0,45,0,3,0,1,0,1,1,0,0,0,0,0,0,1,0,1,0,1,10.9991407394,5,6.90775632858,0,-2.91204595566,0.85428583622,13.9047060013,5
7,1,1,1,1,2.5,1,0,1,0,0,0,0,1,4461.17285156,9.09631443024,0,900,9.56099700928,0,10.3417425156,0.369312644005,-3.37084650993,7,0,66,0,1,1,0,0,0,0,0,0,0,0,0,0,0,0,0,0,0,9.09631443024,1,10.3417425156,0,0.369312644005,-3.37084650993,9.56099700928,1
7,2,1,1,1,2.5,1,,1,0,0,0,0,3,8219.73242188,9.70744037628,500,990,10.6358556747,0,8.85366535187,3.55203557014,2.90144395828,7,0,66,0,1,0,1,0,0,0,0,0,0,0,0,0,1,0,0,0,1,9.09631443024,1,10.3417425156,0,0.369312644005,-3.37084650993,9.56099700928,3
8,1,1,1,1,2.5,1,0,1,0,0,0,0,4,3341.5,8.80732250214,700,0,11.593583107,8.10167789459,8.69951438904,4.32048225403,-1.96752977371,7,1,43,0,2,1,0,0,0,0,0,0,0,0,0,0,1,0,1,1,0,8.80732250214,4,8.69951438904,8.10167789459,4.32048225403,-1.96752977371,11.593583107,4
8,2,1,1,1,2.5,1,,1,0,0,0,0,5,9926.65429688,9.89612579346,1650,0,11.2252435684,8.69951438904,0,12.7931051254,-1.25082182884,7,1,43,0,2,1,1,0,0,0,0,0,0,0,0,0,1,0,1,0,1,8.80732250214,4,8.69951438904,8.10167789459,4.32048225403,-1.96752977371,11.593583107,5
9,1,1,1,1,2.5,1,0,1,0,0,0,0,2,2572.36547852,8.54572868347,200,0,9.05951786041,0,0,7.36765670776,-6.19266223907,8,0,39,0,3,1,0,0,0,0,0,0,0,0,0,0,1,0,0,0,0,8.54572868347,2,0,0,7.36765670776,-6.19266223907,9.05951786041,2
9,2,1,1,1,2.5,1,,1,0,0,0,0,3,7584.07714844,9.626953125,700,0,9.53964424133,0,9.21034049988,2.94816327095,-1.96752977371,8,0,39,0,3,1,0,0,0,0,0,0,0,0,0,0,1,0,0,0,1,8.54572868347,2,0,0,7.36765670776,-6.19266223907,9.05951786041,3
10,1,1,1,0,54,1,0,1,0,0,0,0,3,2907,8.66802406311,600,0,9.34136867523,11.6613454819,8.294049263,-0.338523685932,0.85428583622,3,1,34,0,3,1,0,0,0,0,0,0,0,0,0,0,1,0,0,0,1,8.66802406311,3,8.294049263,11.6613454819,-0.338523685932,0.85428583622,9.34136867523,3
10,2,1,1,0,54,1,,1,0,0,0,0,5,23028.5,10.7376346588,300,5000,8.74830532074,0,6.90775632858,1.77468073368,-1.26795446873,3,1,34,0,3,1,0,0,0,1,0,0,0,0,0,0,1,0,1,0,1,8.66802406311,3,8.294049263,11.6613454819,-0.338523685932,0.85428583622,9.34136867523,5
11,1,1,1,1,2.5,1,0,1,0,0,0,0,3,1459.56726074,7.97904253006,0,0,11.2063999176,0,9.54681301117,-3.17931222916,0.85428583622,7,0,72,0,1,1,0,0,0,0,0,0,0,0,0,0,1,0,0,0,1,7.97904253006,3,9.54681301117,0,-3.17931222916,0.85428583622,11.2063999176,3
11,2,1,1,1,2.5,1,,1,0,0,0,0,3,78366.90625,11.9623041153,9500,6000,10.5186729431,0,9.68034362793,2.10229420662,-1.26573896408,7,0,72,0,1,1,0,0,0,0,0,0,0,0,0,0,1,0,0,0,1,7.97904253006,3,9.54681301117,0,-3.17931222916,0.85428583622,11.2063999176,3
12,1,1,1,1,2.5,1,0,1,0,0,0,0,5,79960.671875,11.9824371338,18000,0,10.3920679092,0,9.39266204834,9.56439590454,-1.32368826866,3,1,23,0,2,1,0,0,0,0,0,0,0,0,0,0,1,1,1,0,1,11.9824371338,5,9.39266204834,0,9.56439590454,-1.32368826866,10.3920679092,5
12,2,1,1,1,2.5,1,,1,0,0,0,0,,551832,10.6090154648,3316.84912109,122159.351562,11.6641387939,5.66118001938,6.38053369522,-34.8434486389,-10.3620605469,3,1,23,0,2,,,,,,,,,,,,,,,,,11.9824371338,5,9.39266204834,0,9.56439590454,-1.32368826866,10.3920679092,4.46262979507
13,1,2,3,1,4.5,1,0,1,0,0,0,0,4,4461.44238281,9.09637451172,600,0,11.8899908066,0,8.294049263,-6.90660047531,2.90144395828,5,1,52,0,3,1,1,0,0,0,0,0,0,0,0,0,1,0,0,0,1,9.09637451172,4,8.294049263,0,-6.90660047531,2.90144395828,11.8899908066,4
13,2,2,3,1,4.5,1,,1,0,0,0,0,4,24222.0292969,10.7881650925,700,4200,11.4510498047,7.09007740021,9.60238265991,5.31398963928,2.90144395828,5,1,52,0,3,1,0,0,0,1,0,0,0,0,0,0,1,0,0,0,1,9.09637451172,4,8.294049263,0,-6.90660047531,2.90144395828,11.8899908066,4
14,1,2,3,1,4.5,1,0,1,0,0,0,0,2,2164.14428711,8.37292766571,100,0,10.0257053375,0,10.5023241043,-2.57775592804,0.79633641243,5,0,0,0,3,0,1,0,0,0,0,0,0,0,0,0,1,0,0,0,0,8.37292766571,2,10.5023241043,0,-2.57775592804,0.79633641243,10.0257053375,2
14,2,2,3,1,4.5,1,,1,0,0,0,0,4,21866.0273438,10.685836792,4435,0,9.47270488739,0,9.21034049988,-1.74629867077,-3.31511259079,5,0,0,0,3,1,0,0,1,0,0,0,0,0,0,0,1,0,0,0,1,8.37292766571,2,10.5023241043,0,-2.57775592804,0.79633641243,10.0257053375,4
15,1,2,3,1,4.5,1,0,1,0,0,0,0,4,12522.875,10.1284589767,975,1700,10.5267486572,0,0,1.21509313583,-1.26573896408,8,0,50,0,1,0,0,1,0,1,0,0,0,0,0,0,1,0,1,0,1,10.1284589767,4,0,0,1.21509313583,-1.26573896408,10.5267486572,4
15,2,2,3,1,4.5,1,,1,0,0,0,0,5,9615.33691406,9.8642616272,1800,0,9.97114658356,9.21034049988,0,5.01359844208,0.85428583622,8,0,50,0,1,1,1,0,0,0,0,1,0,0,0,0,1,0,0,0,1,10.1284589767,4,0,0,1.21509313583,-1.26573896408,10.5267486572,5
16,1,2,3,0,56.7500038147,1,0,1,0,0,0,0,1,23603.1914062,10.7622842789,100,2800,14.2532491684,0,0,-0.796073913574,2.90144395828,2,0,80,0,3,0,0,0,0,0,0,0,0,0,0,0,0,1,0,0,0,10.7622842789,1,0,0,-0.796073913574,2.90144395828,14.2532491684,1
16,2,2,3,0,56.7500038147,1,,1,0,0,0,0,4,104727.359375,12.2522630692,200,8400,13.4679365158,0,0,-1.55275845528,2.90144395828,2,0,80,0,3,1,0,0,0,1,0,0,0,0,0,0,1,0,0,0,1,10.7622842789,1,0,0,-0.796073913574,2.90144395828,14.2532491684,4
17,1,2,3,1,4.5,1,0,1,0,0,0,0,3,10809.1347656,9.98129367828,0,1750,13.3667736053,0,0,-5.00776338577,-1.26795446873,8,0,56,0,3,0,0,0,0,0,0,0,0,0,0,0,1,0,1,0,1,9.98129367828,3,0,0,-5.00776338577,-1.26795446873,13.3667736053,3
17,2,2,3,1,4.5,1,,1,0,0,0,0,6,76604.34375,11.9395561218,1300,13600,11.2118206024,0,0,-2.55330276489,0.85428583622,8,0,56,0,3,1,1,0,1,0,0,0,0,0,0,0,1,0,1,0,1,9.98129367828,3,0,0,-5.00776338577,-1.26795446873,13.3667736053,6
18,1,2,3,0,56.7500038147,1,0,1,0,0,0,0,1,3926.53857422,8.96866035461,500,0,14.4725122452,7.09007740021,0,2.62387037277,0.0796284079552,4,0,77,0,3,0,0,0,0,0,0,0,0,0,0,0,1,0,0,0,0,8.96866035461,1,0,7.09007740021,2.62387037277,0.0796284079552,14.4725122452,1
18,2,2,3,0,56.7500038147,1,,1,0,0,0,0,5,47383.2890625,11.4591722488,3450,5950,13.0315628052,7.49554204941,11.512925148,3.37086820602,-2.04039621353,4,0,77,0,3,1,0,0,0,1,0,0,0,0,0,0,1,0,1,0,1,8.96866035461,1,0,7.09007740021,2.62387037277,0.0796284079552,14.4725122452,5
19,1,2,3,1,4.5,1,0,1,0,0,0,0,3,11914.25,10.0786380768,400,2250,11.2515611649,0,0,-0.109905526042,-1.96752977371,2,0,0,0,1,0,1,0,0,0,0,0,0,0,0,0,1,0,0,0,1,10.0786380768,3,0,0,-0.109905526042,-1.96752977371,11.2515611649,3
19,2,2,3,1,4.5,1,,1,0,0,0,0,6,550.538452148,7.46049070358,0,0,9.10497951508,0,0,3.00786209106,-10.3620605469,2,0,0,0,1,0,1,1,1,1,1,1,1,0,0,0,0,0,1,1,0,10.0786380768,3,0,0,-0.109905526042,-1.96752977371,11.2515611649,6
20,1,2,3,0,56.7500038147,1,0,1,0,0,0,0,3,3918.85571289,8.96670246124,600,0,12.483704567,8.9871969223,8.59415435791,-12.4765930176,2.90144395828,3,0,86,0,1,1,0,0,0,0,0,0,0,0,0,0,1,0,0,1,0,8.96670246124,3,8.59415435791,8.9871969223,-12.4765930176,2.90144395828,12.483704567,3
20,2,2,3,0,56.7500038147,1,,1,0,0,0,0,1,3926,8.96852397919,0,400,11.7691164017,0,7.78322410583,2.47940397263,-7.54024505615,3,0,86,0,1,1,0,0,0,0,0,0,0,0,0,0,0,0,0,0,0,8.96670246124,3,8.59415435791,8.9871969223,-12.4765930176,2.90144395828,12.483704567,1
21,1,2,3,0,56.7500038147,1,0,1,0,0,0,0,4,131324.671875,12.4785747528,1200,16000,13.2317562103,11.4295434952,11.512925148,4.57556390762,2.90144395828,7,0,57,0,3,1,1,0,0,0,0,0,0,0,0,0,1,0,0,0,1,12.4785747528,4,11.512925148,11.4295434952,4.57556390762,2.90144395828,13.2317562103,4
21,2,2,3,0,56.7500038147,1,,1,0,0,0,0,7,67103.578125,11.8071393967,3300,3500,13.5810527802,11.8493976593,11.512925148,2.96288514137,0.79633641243,7,0,57,0,3,1,0,0,0,1,0,0,0,0,0,0,1,1,1,1,1,12.4785747528,4,11.512925148,11.4295434952,4.57556390762,2.90144395828,13.2317562103,7
22,1,2,3,1,4.5,1,0,1,0,0,0,0,2,16422.8652344,10.3995771408,2000,750,11.8130302429,0,0,8.88582229614,-2.02547931671,4,0,24,0,3,1,0,0,0,0,0,0,0,0,0,0,0,0,0,0,1,10.3995771408,2,0,0,8.88582229614,-2.02547931671,11.8130302429,2
22,2,2,3,1,4.5,1,,1,0,0,0,0,4,74957.71875,11.9178266525,13500,1650,11.4031105042,0,10.3089523315,2.10586214066,-6.19266223907,4,0,24,0,3,1,1,0,0,0,0,0,0,0,0,0,1,0,1,0,0,10.3995771408,2,0,0,8.88582229614,-2.02547931671,11.8130302429,4
23,1,2,3,1,4.5,1,0,1,0,0,0,0,3,32337.6542969,11.0771350861,5450,0,12.711684227,0,9.90348720551,10.227935791,-1.32368826866,6,0,36,0,3,0,0,0,0,0,0,0,0,0,0,0,1,0,1,0,1,11.0771350861,3,9.90348720551,0,10.227935791,-1.32368826866,12.711684227,3
23,2,2,3,1,4.5,1,,1,0,0,0,0,3,10935.8271484,9.99294662476,1200,0,13.0626134872,0,10.3089523315,1.11010909081,2.90144395828,6,0,36,0,3,1,0,0,0,0,0,0,0,0,0,0,1,0,0,0,1,11.0771350861,3,9.90348720551,0,10.227935791,-1.32368826866,12.711684227,3
24,1,2,3,1,4.5,1,0,1,0,0,0,0,6,160717.0625,12.6805477142,9600,22900,16.3338871002,11.6952466965,0,2.59630250931,-2.02547931671,6,0,44,0,3,1,0,0,0,1,1,0,0,0,0,0,1,0,1,0,1,12.6805477142,6,0,11.6952466965,2.59630250931,-2.02547931671,16.3338871002,6
24,2,2,3,1,4.5,1,,1,0,0,0,0,4,171644.28125,12.7463264465,12400,300,13.8967218399,0,0,5.75046491623,-1.32368826866,6,0,44,0,3,1,0,1,1,0,0,0,0,0,0,0,1,0,1,0,0,12.6805477142,6,0,11.6952466965,2.59630250931,-2.02547931671,16.3338871002,4
25,1,3,1,1,1,1,0,1,0,0,0,0,2,16840.3847656,10.4246826172,0,2100,12.559472084,8.294049263,0,-2.33041191101,-0.827770709991,6,0,35,0,2,1,0,0,0,0,0,0,0,0,0,0,1,0,0,0,0,10.4246826172,2,0,8.294049263,-2.33041191101,-0.827770709991,12.559472084,2
25,2,3,1,1,1,1,,1,0,0,0,0,3,27553.5585938,10.9170341492,0,5000,12.3514709473,6.39693260193,7.60090255737,5.59214401245,-1.26573896408,6,0,35,0,2,1,0,0,0,0,0,0,0,0,0,0,1,0,0,0,1,10.4246826172,2,0,8.294049263,-2.33041191101,-0.827770709991,12.559472084,3
26,1,3,1,0,28.5,1,0,1,0,0,0,0,3,57158.71875,11.6467342377,0,10320,15.7319917679,10.0168161392,11.9829292297,-7.80218553543,-5.49308681488,5,0,34,0,3,1,0,0,0,0,0,0,0,0,0,0,0,1,1,0,0,11.6467342377,3,11.9829292297,10.0168161392,-7.80218553543,-5.49308681488,15.7319917679,3
26,2,3,1,0,28.5,1,,1,0,0,0,0,5,30656.5859375,11.0237503052,0,500,15.8434085846,0,0,7.03273868561,2.90144395828,5,0,34,0,3,1,0,0,0,0,0,0,0,0,0,0,1,1,1,0,1,11.6467342377,3,11.9829292297,10.0168161392,-7.80218553543,-5.49308681488,15.7319917679,5
27,1,3,1,0,28.5,1,0,1,0,0,0,0,4,67620.34375,11.8148117065,10099,1996,16.6200466156,0,0,0.717976570129,0.79633641243,7,0,53,0,3,1,1,0,0,0,0,0,0,0,0,0,1,0,1,0,0,11.8148117065,4,0,0,0.717976570129,0.79633641243,16.6200466156,4
27,2,3,1,0,28.5,1,,1,0,0,0,0,5,30278.0761719,11.0113267899,0,5000,16.0173244476,0,0,3.24288654327,2.90144395828,7,0,53,0,3,1,0,0,0,0,0,0,0,0,0,0,1,1,1,0,1,11.8148117065,4,0,0,0.717976570129,0.79633641243,16.6200466156,5
28,1,3,1,0,28.5,1,0,1,0,0,0,0,5,50769.9335938,11.5282068253,1000,8600,13.1111001968,0,10.6454248428,8.23040485382,-1.32368826866,7,0,54,0,3,1,0,0,0,0,0,0,0,0,0,0,1,1,0,1,1,11.5282068253,5,10.6454248428,0,8.23040485382,-1.32368826866,13.1111001968,5
28,2,3,1,0,28.5,1,,1,0,0,0,0,7,48472.671875,11.4819030762,2000,3600,15.3890314102,12.7164983749,10.8589992523,8.51847839355,2.90144395828,7,0,54,0,3,1,1,0,0,0,0,0,0,0,0,0,1,1,1,1,1,11.5282068253,5,10.6454248428,0,8.23040485382,-1.32368826866,13.1111001968,7
29,1,3,1,0,28.5,1,0,1,0,0,0,0,2,0,5.29834222794,0,0,15.2058963776,0,9.90348720551,1.82586061954,-1.32368826866,6,1,34,0,3,1,0,0,0,0,0,0,0,0,0,0,1,0,0,0,0,5.29834222794,2,9.90348720551,0,1.82586061954,-1.32368826866,15.2058963776,2
29,2,3,1,0,28.5,1,,1,0,0,0,0,3,17777.9570312,10.4788618088,2170,0,11.6851797104,0,0,7.85591983795,-3.37084650993,6,1,34,0,3,1,1,1,0,0,0,0,0,0,0,0,0,0,0,0,0,5.29834222794,2,9.90348720551,0,1.82586061954,-1.32368826866,15.2058963776,3
30,1,4,2,0,31,1,0,0,0,1,0,0,6,450106.5,13.7103862762,26200,70000,15.1276197433,10.4399805069,10.5966348648,1.32122063637,-1.25082182884,5,1,54,0,3,1,0,0,0,0,0,0,0,0,0,0,1,1,1,1,1,13.7103862762,6,10.5966348648,10.4399805069,1.32122063637,-1.25082182884,15.1276197433,6
30,2,4,2,0,31,1,,0,0,1,0,0,5,4845,9.17885017395,1000,0,14.9762210846,0,0,-0.408973813057,-3.37084650993,5,1,54,0,3,1,1,1,0,0,0,0,0,0,0,0,0,1,1,0,0,13.7103862762,6,10.5966348648,10.4399805069,1.32122063637,-1.25082182884,15.1276197433,5
31,1,4,2,1,2.375,1,0,0,0,1,0,0,5,79113.5078125,11.971786499,1000,16000,11.269068718,8.47637081146,10.2035923004,-2.42067408562,2.90144395828,8,0,42,0,1,1,1,0,0,1,0,0,0,0,0,0,1,0,0,0,1,11.971786499,5,10.2035923004,8.47637081146,-2.42067408562,2.90144395828,11.269068718,5
31,2,4,2,1,2.375,1,,0,0,1,0,0,6,204939.03125,12.9236154556,10500,30000,11.7737503052,10.5966348648,0,5.19623756409,0.79633641243,8,0,42,0,1,1,1,0,0,1,0,0,0,0,0,0,1,1,1,0,0,11.971786499,5,10.2035923004,8.47637081146,-2.42067408562,2.90144395828,11.269068718,6
32,1,4,2,0,31,1,0,0,0,1,0,0,4,24855.3457031,10.8139753342,1100,1600,11.4186143875,0,12.8212585449,2.47367024422,2.90144395828,8,0,33,0,3,1,0,0,0,0,0,0,0,0,0,0,1,1,0,0,1,10.8139753342,4,12.8212585449,0,2.47367024422,2.90144395828,11.4186143875,4
32,2,4,2,0,31,1,,0,0,1,0,0,3,49170.2109375,11.4961900711,1800,7850,13.8159103394,0,12.2060728073,3.41297602654,2.90144395828,8,0,33,0,3,1,1,0,0,0,0,0,0,0,0,0,1,0,0,0,0,10.8139753342,4,12.8212585449,0,2.47367024422,2.90144395828,11.4186143875,3
33,1,4,2,1,2.375,1,0,0,0,1,0,0,2,13884.0576172,10.2316436768,100,1300,12.430814743,0,9.90348720551,-0.465321183205,-1.32368826866,5,0,31,0,1,1,0,0,0,0,0,0,0,0,0,1,0,0,0,0,0,10.2316436768,2,9.90348720551,0,-0.465321183205,-1.32368826866,12.430814743,2
33,2,4,2,1,2.375,1,,0,0,1,0,0,2,10575.7119141,9.95946216583,1500,0,12.0603532791,0,0,0.139683365822,-3.37306213379,5,0,31,0,1,0,1,0,0,1,0,0,0,0,0,0,0,0,0,0,0,10.2316436768,2,9.90348720551,0,-0.465321183205,-1.32368826866,12.430814743,2
34,1,4,2,1,2.375,1,0,0,0,1,0,0,3,60244.328125,11.6993112564,2000,8000,16.3246116638,0,0,6.45674753189,2.90144395828,4,1,48,0,1,1,0,0,0,0,0,0,0,0,0,0,1,0,0,0,1,11.6993112564,3,0,0,6.45674753189,2.90144395828,16.3246116638,3
34,2,4,2,1,2.375,1,,0,0,1,0,0,9,217352176,16.1621856689,12200,50006400,14.5307130814,10.3089523315,0,4.77221250534,2.90144395828,4,1,48,0,1,1,1,1,0,1,1,0,0,0,0,0,1,1,1,1,1,11.6993112564,3,0,0,6.45674753189,2.90144395828,16.3246116638,9
35,1,4,2,0,31,1,0,0,0,1,0,0,4,26047.9238281,10.8608407974,3300,0,10.8855657578,11.0020999908,0,10.4942512512,0.0796284079552,3,1,35,0,2,1,0,0,0,1,0,0,0,0,0,0,1,0,0,0,1,10.8608407974,4,0,11.0020999908,10.4942512512,0.0796284079552,10.8855657578,4
35,2,4,2,0,31,1,,0,0,1,0,0,7,36085.0664062,11.1867818832,7400,0,10.8317070007,10.085808754,0,9.22567749023,-2.02547931671,3,1,35,0,2,1,0,1,1,1,0,0,0,0,0,1,1,0,1,1,1,10.8608407974,4,0,11.0020999908,10.4942512512,0.0796284079552,10.8855657578,7
36,1,4,2,1,2.375,1,0,0,0,1,0,0,5,27878.25,10.9287490845,2800,300,16.8182582855,8.9871969223,10.5966348648,-5.67989730835,0.79633641243,13,1,42,0,1,1,1,0,0,0,0,0,0,0,0,0,1,1,0,0,1,10.9287490845,5,10.5966348648,8.9871969223,-5.67989730835,0.79633641243,16.8182582855,5
36,2,4,2,1,2.375,1,,0,0,1,0,0,6,15402.25,10.3354158401,2800,0,11.4927225113,9.68034362793,0,6.56312561035,2.90144395828,13,1,42,0,1,1,1,0,0,0,0,0,0,0,0,0,1,1,1,0,1,10.9287490845,5,10.5966348648,8.9871969223,-5.67989730835,0.79633641243,16.8182582855,6
37,1,4,2,1,2.375,1,0,0,0,1,0,0,5,198739.5625,12.8928976059,15700,28650,11.7101354599,0,8.294049263,0.667747855186,-3.37084650993,4,1,42,0,1,1,1,0,0,0,0,0,0,0,0,0,1,1,1,0,0,12.8928976059,5,8.294049263,0,0.667747855186,-3.37084650993,11.7101354599,5
37,2,4,2,1,2.375,1,,0,0,1,0,0,3,54260.2226562,11.5946941376,900,10300,11.2997322083,0,0,6.82929944992,0.85428583622,4,1,42,0,1,0,1,0,0,0,0,0,0,0,0,0,1,0,0,0,1,12.8928976059,5,8.294049263,0,0.667747855186,-3.37084650993,11.7101354599,3
38,1,4,2,1,2.375,1,0,0,0,1,0,0,4,11656.0380859,10.0567264557,600,1000,11.9841785431,11.1418619156,8.51719284058,6.961830616,2.90144395828,4,0,57,0,1,1,1,0,0,0,0,0,0,0,0,0,1,0,0,0,1,10.0567264557,4,8.51719284058,11.1418619156,6.961830616,2.90144395828,11.9841785431,4
38,2,4,2,1,2.375,1,,0,0,1,0,0,1,39538.6445312,11.278181076,1050,6040,12.6365556717,10.3089523315,0,6.4508023262,0.79633641243,4,0,57,0,1,0,1,0,0,0,0,0,0,0,0,0,0,0,0,0,0,10.0567264557,4,8.51719284058,11.1418619156,6.961830616,2.90144395828,11.9841785431,1
39,1,4,2,0,31,1,0,0,0,1,0,0,3,45673.7226562,11.4224252701,2800,6500,12.2596130371,0,0,-6.35763072968,-1.32368826866,4,1,36,0,1,1,0,0,0,0,0,0,0,0,0,0,1,0,1,0,0,11.4224252701,3,0,0,-6.35763072968,-1.32368826866,12.2596130371,3
39,2,4,2,0,31,1,,0,0,1,0,0,6,103669.234375,12.2421073914,23000,0,11.4142093658,0,0,6.961830616,0.781419277191,4,1,36,0,1,1,0,0,0,1,0,0,0,0,0,0,1,1,1,0,1,11.4224252701,3,0,0,-6.35763072968,-1.32368826866,12.2596130371,6
40,1,4,2,1,2.375,1,0,0,0,1,0,0,1,20552.5,10.6238851547,4000,0,10.4884929657,0,0,2.22802114487,2.90144395828,6,1,34,0,1,1,0,0,0,0,0,0,0,0,0,0,0,0,0,0,0,10.6238851547,1,0,0,2.22802114487,2.90144395828,10.4884929657,1
40,2,4,2,1,2.375,1,,0,0,1,0,0,7,16306.1542969,10.3924446106,3250,0,9.75266456604,0,11.0666379929,5.03979063034,0.781419277191,6,1,34,0,1,1,1,0,0,0,0,0,0,0,0,0,1,1,1,1,1,10.6238851547,1,0,0,2.22802114487,2.90144395828,10.4884929657,7
41,1,4,2,1,2.375,1,0,0,0,1,0,0,3,15053.0576172,10.3124837875,2300,300,11.8393478394,8.9871969223,10.3089523315,0.0518902242184,0.781419277191,8,0,43,0,1,0,1,0,0,0,0,0,0,0,0,0,1,0,1,0,0,10.3124837875,3,10.3089523315,8.9871969223,0.0518902242184,0.781419277191,11.8393478394,3
41,2,4,2,1,2.375,1,,0,0,1,0,0,7,35550.0390625,11.1718435287,4400,400,11.4865818024,10.5966348648,11.6952466965,5.0963640213,2.90144395828,8,0,43,0,1,1,1,0,0,0,1,0,0,0,0,0,1,0,1,1,1,10.3124837875,3,10.3089523315,8.9871969223,0.0518902242184,0.781419277191,11.8393478394,7
42,1,5,1,1,1.375,1,0,0,0,0,0,0,1,45461.8554688,11.4177761078,700,9500,9.30565071106,0,0,-4.61223268509,2.90144395828,4,0,32,0,3,0,1,0,0,0,0,0,0,0,0,0,0,0,0,0,0,11.4177761078,1,0,0,-4.61223268509,2.90144395828,9.30565071106,1
42,2,5,1,1,1.375,1,,0,0,0,0,0,3,14587.8271484,10.2810897827,500,2400,10.3089523315,10.6261940002,0,4.76896286011,2.90144395828,4,0,32,0,3,1,0,0,0,0,0,0,0,0,0,0,1,0,1,0,0,11.4177761078,1,0,0,-4.61223268509,2.90144395828,9.30565071106,3
43,1,5,1,1,1.375,1,0,0,0,0,0,0,9,38683.75,11.256321907,2500,3000,16.8142681122,10.9331073761,0,3.55483388901,2.90144395828,7,0,62,0,1,1,1,0,1,1,1,0,0,0,0,1,1,1,0,1,1,11.256321907,9,0,10.9331073761,3.55483388901,2.90144395828,16.8142681122,9
43,2,5,1,1,1.375,1,,0,0,0,0,0,2,167.115386963,7.46049070358,0,0,10.8277463913,0,8.294049263,-4.94359588623,-3.37084650993,7,0,62,0,1,0,1,0,0,0,0,0,0,0,0,0,1,0,0,0,0,11.256321907,9,0,10.9331073761,3.55483388901,2.90144395828,16.8142681122,2
44,1,5,1,0,44.75,1,0,0,0,0,0,0,8,97660.90625,12.1824035645,6800,9000,14.590514183,13.021437645,12.8992195129,-5.00776338577,2.90144395828,9,0,40,0,3,1,1,0,0,1,0,0,0,0,0,0,1,1,1,1,1,12.1824035645,8,12.8992195129,13.021437645,-5.00776338577,2.90144395828,14.590514183,8
44,2,5,1,0,44.75,1,,0,0,0,0,0,7,72656.125,11.8866405487,7250,3900,13.6000871658,13.0731735229,0,2.68696475029,0.781419277191,9,0,40,0,3,1,0,0,0,1,0,0,0,0,0,0,1,1,1,1,1,12.1824035645,8,12.8992195129,13.021437645,-5.00776338577,2.90144395828,14.590514183,7
45,1,5,1,0,44.75,1,0,0,0,0,0,0,5,14661.9521484,10.2861585617,2100,0,12.3059177399,10.165851593,11.8493976593,-3.26762270927,0.0796284079552,4,0,28,0,2,1,0,0,0,1,0,0,0,0,0,0,1,1,1,0,0,10.2861585617,5,11.8493976593,10.165851593,-3.26762270927,0.0796284079552,12.3059177399,5
45,2,5,1,0,44.75,1,,0,0,0,0,0,7,30787.2597656,11.0280036926,900,3000,13.285161972,0,10.5966348648,2.90954828262,-4.1455039978,4,0,28,0,2,1,0,0,0,0,1,1,0,0,0,0,1,1,1,1,1,10.2861585617,5,11.8493976593,10.165851593,-3.26762270927,0.0796284079552,12.3059177399,7
46,1,5,1,1,1.375,1,0,0,0,0,0,0,2,276949.96875,13.2247390747,47300,800,14.5400590897,13.2533912659,0,-10.5411291122,2.90144395828,4,0,30,0,3,0,1,0,0,0,0,0,0,0,0,0,0,0,1,0,0,13.2247390747,2,0,13.2533912659,-10.5411291122,2.90144395828,14.5400590897,2
46,2,5,1,1,1.375,1,,0,0,0,0,0,8,138302.890625,12.5303487778,21000,1500,12.7134923935,13.0731735229,13.8155107498,3.66846704483,-1.32368826866,4,0,30,0,3,1,1,0,0,1,0,1,0,0,0,0,1,0,1,1,1,13.2247390747,2,0,13.2533912659,-10.5411291122,2.90144395828,14.5400590897,8
47,1,5,1,1,1.375,1,0,0,0,0,0,0,3,4712.38476562,9.15109634399,650,0,10.1064281464,0,7.60090255737,-4.80578613281,-1.32368826866,5,1,72,0,1,1,0,0,0,0,0,0,0,0,0,0,1,0,0,0,1,9.15109634399,3,7.60090255737,0,-4.80578613281,-1.32368826866,10.1064281464,3
47,2,5,1,1,1.375,1,,0,0,0,0,0,5,23183.4902344,10.744342804,3800,800,11.2332115173,8.294049263,10.1266307831,4.94369840622,-3.38797926903,5,1,72,0,1,1,1,0,0,1,0,0,0,0,0,0,1,0,1,0,0,9.15109634399,3,7.60090255737,0,-4.80578613281,-1.32368826866,10.1064281464,5
48,1,5,1,1,1.375,1,0,0,0,0,0,0,4,20592.9335938,10.6258506775,650,2500,10.7599430084,0,0,-8.02295875549,-5.49308681488,6,0,71,0,1,1,1,0,0,0,0,0,0,0,0,0,1,0,0,0,1,10.6258506775,4,0,0,-8.02295875549,-5.49308681488,10.7599430084,4
48,2,5,1,1,1.375,1,,0,0,0,0,0,4,22675.6738281,10.7221956253,5000,0,9.15904712677,8.8818359375,9.68034362793,-0.355092585087,2.90144395828,6,0,71,0,1,1,1,0,0,0,0,0,0,0,0,0,1,0,0,0,1,10.6258506775,4,0,0,-8.02295875549,-5.49308681488,10.7599430084,4
49,1,5,1,1,1.375,1,0,0,0,0,0,0,3,16242.5380859,10.3885364532,1800,1500,9.8521938324,0,9.21034049988,-9.00740146637,-1.32368826866,3,1,62,0,1,1,1,0,0,0,0,0,0,0,0,0,0,0,0,0,1,10.3885364532,3,9.21034049988,0,-9.00740146637,-1.32368826866,9.8521938324,3
49,2,5,1,1,1.375,1,,0,0,0,0,0,4,19727.1640625,10.5828990936,2300,1550,10.2681303024,9.47270488739,8.69951438904,4.79698371887,-7.54024505615,3,1,62,0,1,1,0,0,0,0,0,1,0,0,0,0,1,0,1,0,0,10.3885364532,3,9.21034049988,0,-9.00740146637,-1.32368826866,9.8521938324,4
50,1,5,1,0,44.75,1,0,0,0,0,0,0,8,42387.4804688,11.3477554321,400,5950,14.2636518478,9.79812717438,9.21034049988,-0.908866226673,-1.32368826866,4,0,52,0,3,1,1,0,0,1,0,1,0,0,0,0,1,1,1,0,1,11.3477554321,8,9.21034049988,9.79812717438,-0.908866226673,-1.32368826866,14.2636518478,8
50,2,5,1,0,44.75,1,,0,0,0,0,0,7,97833.4609375,12.1841688156,15000,500,14.2855138779,10.2399597168,11.512925148,1.01846504211,0.85428583622,4,0,52,0,3,1,1,0,0,1,0,0,0,0,0,0,1,1,1,0,1,11.3477554321,8,9.21034049988,9.79812717438,-0.908866226673,-1.32368826866,14.2636518478,7
51,1,5,1,1,1.375,1,0,0,0,0,0,0,4,37316.8671875,11.2203483582,2300,6000,11.150519371,0,7.86326694489,1.32458972931,2.90144395828,5,0,0,0,1,0,0,0,0,0,0,1,0,0,0,0,1,0,1,0,1,11.2203483582,4,7.86326694489,0,1.32458972931,2.90144395828,11.150519371,4
51,2,5,1,1,1.375,1,,0,0,0,0,0,1,0,7.46049070358,0,0,9.95227813721,0,0,2.83189296722,-7.54024505615,5,0,0,0,1,0,1,0,0,0,0,0,0,0,0,0,0,0,0,0,0,11.2203483582,4,7.86326694489,0,1.32458972931,2.90144395828,11.150519371,1
52,1,5,1,1,1.375,1,0,0,0,0,0,0,4,10275.4619141,9.93066120148,400,0,10.2363815308,0,11.5424842834,-2.85655164719,-1.32368826866,4,0,34,0,2,1,0,0,0,1,0,0,0,0,0,0,1,0,0,0,1,9.93066120148,4,11.5424842834,0,-2.85655164719,-1.32368826866,10.2363815308,4
52,2,5,1,1,1.375,1,,0,0,0,0,0,7,278368.6875,13.2298488617,3100,60000,12.192987442,10.6642932892,0,-0.907099545002,-2.02547931671,4,0,34,0,2,0,1,0,0,1,0,1,0,1,0,0,1,0,1,0,1,9.93066120148,4,11.5424842834,0,-2.85655164719,-1.32368826866,10.2363815308,7
53,1,5,1,0,44.75,1,0,0,0,0,0,0,3,40818.7890625,11.3100452423,300,5400,13.5360612869,10.0345153809,0,-3.72446751595,2.90144395828,3,0,80,0,3,1,0,0,0,0,0,0,0,0,0,0,1,0,0,0,1,11.3100452423,3,0,10.0345153809,-3.72446751595,2.90144395828,13.5360612869,3
53,2,5,1,0,44.75,1,,0,0,0,0,0,3,15207.5,10.3226909637,0,3500,13.8537693024,0,0,1.30428445339,-3.37084650993,3,0,80,0,3,1,0,0,0,1,0,0,0,0,0,0,1,0,0,0,0,11.3100452423,3,0,10.0345153809,-3.72446751595,2.90144395828,13.5360612869,3
54,1,6,2,1,3.625,1,0,1,0,0,0,0,6,12182.1728516,10.1008758545,1500,1200,10.8512773514,0,0,-2.47061514854,-1.32368826866,5,0,31,0,2,1,1,0,0,1,0,0,0,0,0,0,0,1,1,0,1,10.1008758545,6,0,0,-2.47061514854,-1.32368826866,10.8512773514,6
54,2,6,2,1,3.625,1,,1,0,0,0,0,3,5422.08642578,9.29138278961,900,0,10.8911685944,9.54681301117,10.3920679092,5.29742097855,0.85428583622,5,0,31,0,2,1,0,0,0,0,0,0,0,0,0,0,1,0,0,0,1,10.1008758545,6,0,0,-2.47061514854,-1.32368826866,10.8512773514,3
55,1,6,2,1,3.625,1,0,1,0,0,0,0,3,130748.65625,12.4741792679,26950,2800,11.7935829163,11.2644643784,0,1.25031232834,2.90144395828,3,0,0,0,2,1,0,0,0,0,0,0,0,0,0,0,1,0,0,0,1,12.4741792679,3,0,11.2644643784,1.25031232834,2.90144395828,11.7935829163,3
55,2,6,2,1,3.625,1,,1,0,0,0,0,8,41558.9023438,11.3280143738,4400,3650,12.5920152664,11.918390274,0,8.5261297226,-4.0875544548,3,0,0,0,2,1,1,0,1,1,0,0,0,0,0,1,1,1,1,1,0,12.4741792679,3,0,11.2644643784,1.25031232834,2.90144395828,11.7935829163,8
56,1,6,2,1,3.625,1,0,1,0,0,0,0,4,30854.9042969,11.0301980972,3600,2400,11.6136751175,0,0,3.5003888607,0.79633641243,5,0,32,0,1,1,0,0,0,1,0,0,0,0,0,0,1,0,0,0,1,11.0301980972,4,0,0,3.5003888607,0.79633641243,11.6136751175,4
56,2,6,2,1,3.625,1,,1,0,0,0,0,5,14175.4326172,10.252412796,2300,0,11.3574409485,10.1345996857,10.3089523315,4.58687496185,0.85428583622,5,0,32,0,1,1,1,0,0,1,0,0,0,0,0,0,1,0,1,0,0,11.0301980972,4,0,0,3.5003888607,0.79633641243,11.6136751175,5
57,1,6,2,0,39.75,1,0,1,0,0,0,0,4,14091.3369141,10.246462822,1300,1000,15.126865387,10.3089523315,10.8395805359,0.479541063309,2.90144395828,8,0,44,0,3,0,1,0,0,0,0,0,0,0,0,0,1,0,1,0,1,10.246462822,4,10.8395805359,10.3089523315,0.479541063309,2.90144395828,15.126865387,4
57,2,6,2,0,39.75,1,,1,0,0,0,0,6,38026.9023438,11.2391967773,2700,400,13.2607326508,12.5425453186,12.971540451,3.07691454887,2.90144395828,8,0,44,0,3,1,1,0,0,0,0,0,0,0,0,1,1,0,1,0,1,10.246462822,4,10.8395805359,10.3089523315,0.479541063309,2.90144395828,15.126865387,6
58,1,6,2,1,3.625,1,0,1,0,0,0,0,6,99847.375,12.2045450211,13650,3450,16.1010932922,10.0432491302,13.5567398071,-0.640520691872,-1.32368826866,4,0,39,0,3,1,0,0,0,1,0,0,0,0,0,0,1,1,0,1,1,12.2045450211,6,13.5567398071,10.0432491302,-0.640520691872,-1.32368826866,16.1010932922,6
58,2,6,2,1,3.625,1,,1,0,0,0,0,8,975044.3125,14.4833850861,6900,0,15.2284469604,11.8913621902,13.2707834244,5.23957777023,-2.02547931671,4,0,39,0,3,1,0,0,1,1,0,0,1,1,0,0,1,1,1,1,1,12.2045450211,6,13.5567398071,10.0432491302,-0.640520691872,-1.32368826866,16.1010932922,8
59,1,6,2,1,3.625,1,0,1,0,0,0,0,3,18957.0859375,10.5430803299,400,2650,11.7231864929,8.51719284058,8.9871969223,-0.377716094255,-3.37084650993,7,0,35,0,3,1,1,0,0,0,0,0,0,0,0,0,1,0,0,0,0,10.5430803299,3,8.9871969223,8.51719284058,-0.377716094255,-3.37084650993,11.7231864929,3
59,2,6,2,1,3.625,1,,1,0,0,0,0,2,21213.8164062,10.6555547714,1700,1700,12.7086648941,11.0348892212,11.1562509537,10.9049568176,0.85428583622,7,0,35,0,3,1,0,0,0,0,0,0,0,0,0,0,1,0,0,0,0,10.5430803299,3,8.9871969223,8.51719284058,-0.377716094255,-3.37084650993,11.7231864929,2
60,1,6,2,1,3.625,1,0,1,0,0,0,0,,18348.4609375,10.5104484558,3500,0,12.0598897934,0,0,1.05268239975,2.90144395828,6,0,54,0,1,999,0,0,0,1,0,0,0,0,0,0,1,0,1,0,1,10.5104484558,4,0,0,1.05268239975,2.90144395828,12.0598897934,4
60,2,6,2,1,3.625,1,,1,0,0,0,0,2,806732,14.2938938141,5600,180000,10.918718338,0,0,1.19697535038,-1.32368826866,6,0,54,0,1,0,1,0,0,0,0,0,0,0,0,0,1,0,0,0,0,10.5104484558,4,0,0,1.05268239975,2.90144395828,12.0598897934,2
61,1,6,2,0,39.75,1,0,1,0,0,0,0,3,1938.53845215,8.2628364563,100,0,13.3439054489,8.00636768341,8.51719284058,-0.640520691872,-1.32368826866,6,1,59,0,2,1,0,0,0,0,0,0,0,0,0,0,1,0,0,0,1,8.2628364563,3,8.51719284058,8.00636768341,-0.640520691872,-1.32368826866,13.3439054489,3
61,2,6,2,0,39.75,1,,1,0,0,0,0,4,5479.76904297,9.3019657135,100,600,13.0765285492,0,9.21034049988,1.89498364925,2.90144395828,6,1,59,0,2,1,1,0,0,1,0,0,0,0,0,1,0,0,0,0,0,8.2628364563,3,8.51719284058,8.00636768341,-0.640520691872,-1.32368826866,13.3439054489,4
62,1,6,2,0,39.75,1,0,1,0,0,0,0,5,382956.84375,13.5488243103,63600,17500,13.1530866623,11.3046703339,10.8197784424,0.491462469101,0.79633641243,6,1,48,0,3,1,1,1,0,0,0,0,0,0,0,0,1,0,1,0,0,13.5488243103,5,10.8197784424,11.3046703339,0.491462469101,0.79633641243,13.1530866623,5
62,2,6,2,0,39.75,1,,1,0,0,0,0,6,92593.5703125,12.1291217804,10900,1800,12.7038125992,0,11.512925148,8.43013381958,0.79633641243,6,1,48,0,3,1,1,0,0,1,0,0,0,0,0,0,1,0,1,0,1,13.5488243103,5,10.8197784424,11.3046703339,0.491462469101,0.79633641243,13.1530866623,6
63,1,6,2,1,3.625,1,0,1,0,0,0,0,3,800,7.37775945663,0,0,9.95227813721,0,10.3089523315,-3.15498733521,2.90144395828,10,0,65,0,2,1,0,0,0,0,0,0,0,0,0,0,1,0,0,0,1,7.37775945663,3,10.3089523315,0,-3.15498733521,2.90144395828,9.95227813721,3
63,2,6,2,1,3.625,1,,1,0,0,0,0,7,17110.4609375,10.4405927658,1600,1000,9.62905025482,7.60090255737,0,7.71671915054,2.90144395828,10,0,65,0,2,1,1,0,0,0,0,1,0,0,0,0,1,0,1,1,1,7.37775945663,3,10.3089523315,0,-3.15498733521,2.90144395828,9.95227813721,7
64,1,6,2,0,39.75,1,0,1,0,0,0,0,4,59363.7226562,11.6845855713,8800,2000,13.4800376892,11.2252435684,13.1223630905,-8.48212146759,2.90144395828,4,0,27,0,3,1,0,0,0,0,0,0,0,0,0,0,1,0,1,0,1,11.6845855713,4,13.1223630905,11.2252435684,-8.48212146759,2.90144395828,13.4800376892,4
64,2,6,2,0,39.75,1,,1,0,0,0,0,2,7920.19238281,9.67031764984,100,1100,9.79812717438,0,9.90348720551,3.10068154335,-5.49308681488,4,0,27,0,3,1,0,0,0,0,0,0,0,0,0,0,1,0,0,0,0,11.6845855713,4,13.1223630905,11.2252435684,-8.48212146759,2.90144395828,13.4800376892,2
65,1,6,2,1,3.625,1,0,1,0,0,0,0,3,20135.5195312,10.6033878326,1300,0,10.2750511169,0,9.21034049988,4.68518877029,-6.19266223907,5,0,33,0,1,1,1,0,0,0,0,0,0,0,0,0,1,0,0,0,0,10.6033878326,3,9.21034049988,0,4.68518877029,-6.19266223907,10.2750511169,3
65,2,6,2,1,3.625,1,,1,0,0,0,0,2,10418.2978516,9.94446659088,1100,900,10.3481731415,8.76405334473,9.99879741669,9.40066432953,-7.54024505615,5,0,33,0,1,1,1,0,0,0,0,0,0,0,0,0,0,0,0,0,0,10.6033878326,3,9.21034049988,0,4.68518877029,-6.19266223907,10.2750511169,2
66,1,7,1,0,44.25,1,0,1,0,0,0,0,5,67393.609375,11.8114528656,6900,6450,11.1647853851,11.097410202,10.3089523315,6.90469264984,0.781419277191,7,0,42,0,3,1,0,0,0,0,0,1,0,0,0,0,1,0,1,0,1,11.8114528656,5,10.3089523315,11.097410202,6.90469264984,0.781419277191,11.1647853851,5
66,2,7,1,0,44.25,1,,1,0,0,0,0,4,28146.5664062,10.9383277893,1100,400,10.2109718323,0,13.8155107498,5.06368589401,-1.32368826866,7,0,42,0,3,0,1,0,0,1,0,0,0,0,0,0,1,0,1,0,0,11.8114528656,5,10.3089523315,11.097410202,6.90469264984,0.781419277191,11.1647853851,4
67,1,7,1,1,1.74999988079,1,0,1,0,0,0,0,7,104156.421875,12.246796608,8600,14000,12.5510797501,0,0,0.369549065828,0.781419277191,3,0,26,0,3,1,1,0,0,1,0,0,0,0,0,1,1,0,0,1,1,12.246796608,7,0,0,0.369549065828,0.781419277191,12.5510797501,7
67,2,7,1,1,1.74999988079,1,,1,0,0,0,0,,29788.0585938,10.995010376,1700,2400,9.74096870422,0,0,-14.697098732,-1.96752977371,3,0,26,0,3,1,0,1,1,1,1,1,999,0,1,0,1,0,1,1,1,12.246796608,7,0,0,0.369549065828,0.781419277191,12.5510797501,8
68,1,7,1,1,1.74999988079,1,0,1,0,0,0,0,6,138689.0625,12.5331373215,1000,29400,10.0519075394,9.39266204834,10.8197784424,-9.62350463867,-2.04039621353,7,0,47,0,1,1,1,0,0,1,0,0,0,0,0,0,1,0,1,0,1,12.5331373215,6,10.8197784424,9.39266204834,-9.62350463867,-2.04039621353,10.0519075394,6
68,2,7,1,1,1.74999988079,1,,1,0,0,0,0,5,13088002,16.1621856689,8600,3003000,11.9652738571,10.8589992523,0,-1.26019215584,2.90144395828,7,0,47,0,1,1,0,1,0,1,0,0,0,0,0,0,1,0,1,0,1,12.5331373215,6,10.8197784424,9.39266204834,-9.62350463867,-2.04039621353,10.0519075394,5
69,1,7,1,1,1.74999988079,1,0,1,0,0,0,0,2,61631.8828125,11.7220821381,1800,12000,12.418762207,0,10.2399597168,7.63956403732,-1.26573896408,6,0,61,0,2,1,0,0,0,0,0,0,0,0,0,0,1,0,0,0,0,11.7220821381,2,10.2399597168,0,7.63956403732,-1.26573896408,12.418762207,2
69,2,7,1,1,1.74999988079,1,,1,0,0,0,0,5,39120.5,11.2675495148,6400,2500,12.5270681381,9.32366943359,10.5966348648,2.55457520485,-3.37084650993,6,0,61,0,2,1,0,0,0,1,0,0,0,0,0,0,1,1,0,0,1,11.7220821381,2,10.2399597168,0,7.63956403732,-1.26573896408,12.418762207,5
70,1,7,1,1,1.74999988079,1,0,1,0,0,0,0,8,21103.8652344,10.6503582001,2700,300,11.4337091446,8.71604442596,8.69951438904,3.78746032715,2.90144395828,4,0,31,0,1,1,0,0,0,1,0,0,0,1,0,1,1,0,1,1,1,10.6503582001,8,8.69951438904,8.71604442596,3.78746032715,2.90144395828,11.4337091446,8
70,2,7,1,1,1.74999988079,1,,1,0,0,0,0,7,73552.609375,11.8989038467,2900,13500,11.9250354767,10.1266307831,9.21034049988,7.94333267212,0.781419277191,4,0,31,0,1,1,0,0,0,1,0,0,0,0,0,0,1,1,1,1,1,10.6503582001,8,8.69951438904,8.71604442596,3.78746032715,2.90144395828,11.4337091446,7
71,1,7,1,0,44.25,1,0,1,0,0,0,0,5,30754.0859375,11.026925087,3800,1700,14.8881206512,8.9871969223,0,3.62990260124,0.781419277191,6,0,80,0,3,0,0,0,0,1,0,0,0,0,0,0,1,0,1,1,1,11.026925087,5,0,8.9871969223,3.62990260124,0.781419277191,14.8881206512,5
71,2,7,1,0,44.25,1,,1,0,0,0,0,6,1230352.25,14.7159585953,400,282400,17.4006233215,11.1301994324,0,4.0883026123,2.90144395828,6,0,80,0,3,0,1,0,0,1,0,0,0,0,0,0,0,1,1,1,1,11.026925087,5,0,8.9871969223,3.62990260124,0.781419277191,14.8881206512,6
72,1,7,1,1,1.74999988079,1,0,1,0,0,0,0,4,79774.4765625,11.9801063538,800,16660,9.53242397308,0,0,1.87530636787,2.90144395828,5,0,32,0,3,0,1,0,0,1,0,0,0,0,0,0,1,0,0,0,1,11.9801063538,4,0,0,1.87530636787,2.90144395828,9.53242397308,4
72,2,7,1,1,1.74999988079,1,,1,0,0,0,0,6,25032.5390625,10.8210792542,3700,1600,9.65502643585,10.3089523315,10.5966348648,-1.47457313538,2.90144395828,5,0,32,0,3,0,1,0,0,1,1,0,0,0,0,0,1,0,1,0,1,11.9801063538,4,0,0,1.87530636787,2.90144395828,9.53242397308,6
73,1,7,1,1,1.74999988079,1,0,1,0,0,0,0,5,3440.8269043,8.83661460876,200,0,10.5267486572,0,9.39266204834,-2.0140786171,-1.25082182884,3,1,64,0,2,0,1,0,1,0,0,0,0,0,0,0,1,0,1,0,1,8.83661460876,5,9.39266204834,0,-2.0140786171,-1.25082182884,10.5267486572,5
73,2,7,1,1,1.74999988079,1,,1,0,0,0,0,7,25005.7207031,10.8200073242,1650,2100,11.8661146164,10.4801006317,0,3.26945233345,0.0796284079552,3,1,64,0,2,1,1,0,0,1,0,0,1,1,0,0,1,0,1,1,0,8.83661460876,5,9.39266204834,0,-2.0140786171,-1.25082182884,10.5267486572,7
74,1,7,1,1,1.74999988079,1,0,1,0,0,0,0,3,19021.3710938,10.5464658737,4100,0,12.54966259,8.18868923187,0,-2.33041191101,-3.37084650993,4,1,40,0,2,0,0,1,0,0,0,0,0,0,0,0,1,0,0,0,1,10.5464658737,3,0,8.18868923187,-2.33041191101,-3.37084650993,12.54966259,3
74,2,7,1,1,1.74999988079,1,,1,0,0,0,0,3,11313.1728516,10.0268697739,1700,800,9.90847492218,0,10.085808754,0.861288070679,-3.37084650993,4,1,40,0,2,0,1,0,0,0,0,0,0,0,0,0,1,0,0,0,1,10.5464658737,3,0,8.18868923187,-2.33041191101,-3.37084650993,12.54966259,3
75,1,7,1,1,1.74999988079,1,0,1,0,0,0,0,3,21072.1738281,10.648856163,700,4000,10.165851593,8.51719284058,6.39693260193,-9.68901252747,-1.25082182884,6,0,70,0,2,0,1,0,0,0,0,0,0,0,0,0,1,0,0,0,1,10.648856163,3,6.39693260193,8.51719284058,-9.68901252747,-1.25082182884,10.165851593,3
75,2,7,1,1,1.74999988079,1,,1,0,0,0,0,4,20502.3652344,10.6214427948,700,3000,11.4053401947,9.47270488739,9.21034049988,0.315661370754,-7.54024505615,6,0,70,0,2,0,1,0,0,1,0,0,0,0,0,0,1,0,0,0,1,10.648856163,3,6.39693260193,8.51719284058,-9.68901252747,-1.25082182884,10.165851593,4
76,1,7,1,0,44.25,1,0,1,0,0,0,0,6,393229.65625,13.575296402,800,85750,12.2839593887,10.165851593,0,-6.55783414841,-1.32368826866,4,0,34,0,3,1,1,0,0,1,0,0,0,0,0,1,1,0,1,0,0,13.575296402,6,0,10.165851593,-6.55783414841,-1.32368826866,12.2839593887,6
76,2,7,1,0,44.25,1,,1,0,0,0,0,7,55443.5,11.6162672043,6400,2900,11.7248058319,10.691945076,10.691945076,2.22492623329,0.79633641243,4,0,34,0,3,1,1,0,0,1,1,0,0,0,0,0,1,0,1,1,0,13.575296402,6,0,10.165851593,-6.55783414841,-1.32368826866,12.2839593887,7
77,1,7,1,0,44.25,1,0,1,0,0,0,0,8,270156.96875,13.1999053955,25750,24000,13.6126594543,13.2533912659,0,1.12844336033,-1.32368826866,6,0,45,0,3,1,1,0,0,1,0,1,0,0,0,0,1,1,1,1,0,13.1999053955,8,0,13.2533912659,1.12844336033,-1.32368826866,13.6126594543,8
77,2,7,1,0,44.25,1,,1,0,0,0,0,5,160598.328125,12.6798086166,20450,5500,13.2680206299,13.0731735229,11.6952466965,1.93709146976,0.79633641243,6,0,45,0,3,1,0,0,0,1,1,1,0,0,0,0,1,0,1,0,0,13.1999053955,8,0,13.2533912659,1.12844336033,-1.32368826866,13.6126594543,5
78,1,8,2,1,3.375,1,0,1,0,0,0,0,3,3793.51928711,8.93419647217,700,0,10.3797216415,0,0,10.3241701126,-7.54024505615,5,0,0,0,1,1,1,1,1,0,0,0,0,0,0,0,0,0,0,0,0,8.93419647217,3,0,0,10.3241701126,-7.54024505615,10.3797216415,3
78,2,8,2,1,3.375,1,,1,0,0,0,0,5,8262.24023438,9.71259784698,700,1000,12.0305280685,9.21034049988,7.60090255737,2.83428931236,-1.26573896408,5,0,0,0,1,1,1,0,1,0,0,0,0,0,0,0,1,0,0,0,1,8.93419647217,3,0,0,10.3241701126,-7.54024505615,10.3797216415,5
79,1,8,2,1,3.375,1,0,1,0,0,0,0,3,4025.3269043,8.99350833893,600,0,13.3851280212,7.00306606293,0,-3.31787204742,0.85428583622,8,0,53,0,2,1,0,0,0,0,0,0,0,0,0,1,1,0,0,0,0,8.99350833893,3,0,7.00306606293,-3.31787204742,0.85428583622,13.3851280212,3
79,2,8,2,1,3.375,1,,1,0,0,0,0,8,5463.05761719,9.29891109467,600,500,12.5609455109,0,0,0.25976473093,2.90144395828,8,0,53,0,2,1,1,0,1,1,1,1,0,0,0,1,1,0,1,0,1,8.99350833893,3,0,7.00306606293,-3.31787204742,0.85428583622,13.3851280212,8
80,1,8,2,1,3.375,1,0,1,0,0,0,0,5,4392.71142578,9.08084869385,200,300,10.8197784424,9.50300979614,0,4.50945854187,0.85428583622,5,1,39,0,2,1,1,0,0,1,1,0,0,0,0,0,0,0,0,0,1,9.08084869385,5,0,9.50300979614,4.50945854187,0.85428583622,10.8197784424,5
80,2,8,2,1,3.375,1,,1,0,0,0,0,4,10151.7207031,9.91854572296,300,1500,11.9754009247,9.10497951508,9.21034049988,2.38109016418,0.85428583622,5,1,39,0,2,1,0,0,0,1,0,0,0,0,0,0,1,0,0,0,1,9.08084869385,5,0,9.50300979614,4.50945854187,0.85428583622,10.8197784424,4
81,1,8,2,1,3.375,1,0,1,0,0,0,0,2,14237.1542969,10.2567577362,1700,200,12.5867528915,8.85366535187,10.2399597168,0.676169037819,0.85428583622,6,0,39,0,3,0,1,0,0,0,0,0,0,0,0,0,1,0,0,0,0,10.2567577362,2,10.2399597168,8.85366535187,0.676169037819,0.85428583622,12.5867528915,2
81,2,8,2,1,3.375,1,,1,0,0,0,0,6,13877.3173828,10.2311582565,1050,1000,13.4724569321,10.2399597168,9.90348720551,4.74751377106,-1.26573896408,6,0,39,0,3,1,1,1,0,1,1,0,0,0,0,0,1,0,1,0,0,10.2567577362,2,10.2399597168,8.85366535187,0.676169037819,0.85428583622,12.5867528915,6
82,1,8,2,0,23.5,1,0,1,0,0,0,0,3,150.134613037,5.70469045639,0,0,12.2414398193,0,0,5.30430269241,-1.25082182884,7,0,42,0,2,1,1,0,0,0,0,0,0,0,0,0,1,0,0,0,0,5.70469045639,3,0,0,5.30430269241,-1.25082182884,12.2414398193,3
82,2,8,2,0,23.5,1,,1,0,0,0,0,4,78226176,16.1621856689,3250,18000000,11.7183122635,7.60090255737,0,3.52106809616,0.85428583622,7,0,42,0,2,1,1,1,1,1,0,0,0,0,0,0,1,0,0,0,0,5.70469045639,3,0,0,5.30430269241,-1.25082182884,12.2414398193,4
83,1,8,2,0,23.5,1,0,1,0,0,0,0,1,601.346130371,7.09231853485,0,0,12.4443016052,0,0,11.2142467499,-3.37084650993,2,0,0,0,2,0,0,0,0,1,0,0,0,0,0,0,0,0,0,0,0,7.09231853485,1,0,0,11.2142467499,-3.37084650993,12.4443016052,1
83,2,8,2,0,23.5,1,,1,0,0,0,0,6,23225,10.746131897,400,4250,13.1679105759,10.7789564133,8.294049263,-5.67989730835,0.85428583622,2,0,0,0,2,1,1,0,0,1,0,0,0,0,0,0,1,0,1,0,1,7.09231853485,1,0,0,11.2142467499,-3.37084650993,12.4443016052,6
84,1,8,2,0,23.5,1,0,1,0,0,0,0,4,300,6.39693260193,0,0,13.3006772995,9.68034362793,0,5.74458408356,0.85428583622,2,1,76,0,3,0,0,0,0,1,0,0,0,0,0,0,1,0,1,0,1,6.39693260193,4,0,9.68034362793,5.74458408356,0.85428583622,13.3006772995,4
84,2,8,2,0,23.5,1,,1,0,0,0,0,4,56558.3164062,11.6361751556,400,11600,14.861530304,12.1495027542,9.39266204834,-2.19693589211,2.90144395828,2,1,76,0,3,0,0,0,1,1,0,1,0,0,0,0,1,0,1,0,0,6.39693260193,4,0,9.68034362793,5.74458408356,0.85428583622,13.3006772995,4
85,1,8,2,1,3.375,1,0,1,0,0,0,0,10,65957.2421875,11.7899093628,8800,3200,14.394200325,11.2947692871,0,0.0446147024632,0.79633641243,4,0,24,0,3,1,1,1,1,1,1,0,0,0,0,1,1,1,1,1,1,11.7899093628,10,0,11.2947692871,0.0446147024632,0.79633641243,14.394200325,10
85,2,8,2,1,3.375,1,,1,0,0,0,0,4,31367.4335938,11.046672821,2500,3250,11.4845256805,9.74096870422,0,-0.220134153962,0.85428583622,4,0,24,0,3,1,1,1,0,1,0,0,0,0,0,0,1,0,0,0,0,11.7899093628,10,0,11.2947692871,0.0446147024632,0.79633641243,14.394200325,4
86,1,8,2,1,3.375,1,0,1,0,0,0,0,3,600,7.09007740021,0,0,11.4230003357,9.39266204834,0,10.9332933426,-1.25082182884,6,1,44,0,3,0,0,0,0,0,0,0,0,0,0,0,1,0,1,0,1,7.09007740021,3,0,9.39266204834,10.9332933426,-1.25082182884,11.4230003357,3
86,2,8,2,1,3.375,1,,1,0,0,0,0,4,254724.15625,13.1410837173,5500,51600,11.8899908066,9.79812717438,11.512925148,5.67304897308,2.90144395828,6,1,44,0,3,1,0,1,1,1,0,0,0,0,0,0,1,0,0,1,0,7.09007740021,3,0,9.39266204834,10.9332933426,-1.25082182884,11.4230003357,4
87,1,8,2,0,23.5,1,0,1,0,0,0,0,4,10135.5478516,9.9169511795,2300,0,12.6469049454,9.90348720551,0,7.65061950684,-1.32368826866,5,0,0,0,2,1,1,0,0,0,0,0,0,0,0,0,1,0,1,0,0,9.9169511795,4,0,9.90348720551,7.65061950684,-1.32368826866,12.6469049454,4
87,2,8,2,0,23.5,1,,1,0,0,0,0,5,21824.7304688,10.6839466095,1000,3500,13.1821403503,0,9.21034049988,2.38109016418,2.90144395828,5,0,0,0,2,1,1,1,1,1,0,0,0,0,0,0,1,0,0,0,1,9.9169511795,4,0,9.90348720551,7.65061950684,-1.32368826866,12.6469049454,5
88,1,8,2,1,3.375,1,0,1,0,0,0,0,6,35904.4726562,11.1817646027,3000,5150,13.0668506622,11.0020999908,0,2.11229085922,0.85428583622,3,0,24,0,3,1,1,0,1,1,0,0,0,0,0,0,1,0,1,0,1,11.1817646027,6,0,11.0020999908,2.11229085922,0.85428583622,13.0668506622,6
88,2,8,2,1,3.375,1,,1,0,0,0,0,6,11196.1923828,10.0164766312,200,1800,11.544424057,9.45720005035,0,1.23266422749,2.90144395828,3,0,24,0,3,1,1,0,1,1,0,1,0,0,0,0,1,0,0,0,1,11.1817646027,6,0,11.0020999908,2.11229085922,0.85428583622,13.0668506622,6
89,1,8,2,1,3.375,1,0,1,0,0,0,0,3,668.461547852,7.19812679291,0,0,11.0697584152,8.85366535187,0,2.78549861908,-3.37084650993,3,1,27,0,3,0,0,0,0,0,0,0,0,0,0,0,1,0,1,0,1,7.19812679291,3,0,8.85366535187,2.78549861908,-3.37084650993,11.0697584152,3
89,2,8,2,1,3.375,1,,1,0,0,0,0,8,26716.6445312,10.8861894608,500,4300,10.2989025116,9.76995658875,9.21034049988,2.57865405083,-1.25082182884,3,1,27,0,3,1,1,0,0,1,0,0,0,0,0,1,1,0,1,1,1,7.19812679291,3,0,8.85366535187,2.78549861908,-3.37084650993,11.0697584152,8
90,1,9,4,1,7.75,1,0,1,0,0,0,0,4,5914.53857422,9.3783159256,900,0,12.0850343704,0,9.21034049988,6.55212688446,2.90144395828,6,0,41,0,2,0,0,0,0,1,0,0,0,0,0,0,0,0,1,1,1,9.3783159256,4,9.21034049988,0,6.55212688446,2.90144395828,12.0850343704,4
90,2,9,4,1,7.75,1,,1,0,0,0,0,4,30531.9804688,11.0196771622,1400,5200,11.2437381744,9.97114658356,8.00636768341,4.99365186691,-1.25082182884,6,0,41,0,2,0,1,0,1,1,0,0,0,0,0,0,1,0,1,0,0,9.3783159256,4,9.21034049988,0,6.55212688446,2.90144395828,12.0850343704,4
91,1,9,4,1,7.75,1,0,1,0,0,0,0,5,21799.125,10.6827726364,100,4600,10.8217763901,8.55641365051,0,-1.04711616039,2.90144395828,4,1,35,0,2,0,1,0,1,1,0,0,0,0,0,0,1,0,1,0,1,10.6827726364,5,0,8.55641365051,-1.04711616039,2.90144395828,10.8217763901,5
91,2,9,4,1,7.75,1,,1,0,0,0,0,4,8578.54785156,9.75016689301,700,600,12.2727966309,0,5.99147081375,-1.75866425037,-3.37084650993,4,1,35,0,2,0,1,0,0,1,0,0,0,0,0,0,0,0,1,0,1,10.6827726364,5,0,8.55641365051,-1.04711616039,2.90144395828,10.8217763901,4
92,1,9,4,0,28.7500019073,1,0,1,0,0,0,0,4,3976.40380859,8.98128032684,400,200,12.2662267685,0,0,-2.61732244492,-4.1455039978,2,1,83,0,2,1,0,0,0,1,0,0,0,0,0,0,0,0,1,0,1,8.98128032684,4,0,0,-2.61732244492,-4.1455039978,12.2662267685,4
92,2,9,4,0,28.7500019073,1,,1,0,0,0,0,2,6909.95214844,9.53386497498,300,1200,11.1425857544,0,8.294049263,-2.92505311966,-6.19266223907,2,1,83,0,2,1,1,0,0,0,0,0,0,0,0,0,0,0,0,0,0,8.98128032684,4,0,0,-2.61732244492,-4.1455039978,12.2662267685,2
93,1,9,4,0,28.7500019073,1,0,1,0,0,0,0,4,1236.51928711,7.81320285797,100,0,10.4829063416,7.78322410583,10.165851593,-2.89083576202,2.90144395828,3,1,51,0,2,0,1,0,0,1,0,0,0,0,0,0,1,0,0,0,1,7.81320285797,4,10.165851593,7.78322410583,-2.89083576202,2.90144395828,10.4829063416,4
93,2,9,4,0,28.7500019073,1,,1,0,0,0,0,5,23680.25,10.7655439377,1300,3700,11.7183122635,10.49127388,8.69951438904,4.35765266418,-1.25082182884,3,1,51,0,2,1,1,0,1,1,0,0,0,0,0,0,1,0,1,0,0,7.81320285797,4,10.165851593,7.78322410583,-2.89083576202,2.90144395828,10.4829063416,5
94,1,9,4,1,7.75,1,0,1,0,0,0,0,3,6006.45214844,9.39373683929,300,900,12.8180093765,7.37775945663,0,2.60793638229,-3.37084650993,3,1,55,0,2,1,1,0,0,0,0,0,0,0,0,0,1,0,0,0,0,9.39373683929,3,0,7.37775945663,2.60793638229,-3.37084650993,12.8180093765,3
94,2,9,4,1,7.75,1,,1,0,0,0,0,3,20821.5,10.636888504,0,4700,10.4066839218,7.78322410583,8.69951438904,1.712895751,-1.25082182884,3,1,55,0,2,0,1,0,0,0,0,0,0,0,0,0,1,0,0,0,1,9.39373683929,3,0,7.37775945663,2.60793638229,-3.37084650993,12.8180093765,3
95,1,9,4,1,7.75,1,0,1,0,0,0,0,2,8713.99023438,9.76583194733,1600,0,12.9326448441,10.5966348648,0,-1.87409830093,0.85428583622,3,0,28,0,2,0,1,0,0,0,0,0,0,0,0,0,1,0,0,0,0,9.76583194733,2,0,10.5966348648,-1.87409830093,0.85428583622,12.9326448441,2
95,2,9,4,1,7.75,1,,1,0,0,0,0,1,13132.5771484,10.1759986877,1600,1000,10.4631032944,7.49554204941,8.294049263,1.18141436577,-7.54024505615,3,0,28,0,2,1,0,0,0,0,0,0,0,0,0,0,0,0,0,0,0,9.76583194733,2,0,10.5966348648,-1.87409830093,0.85428583622,12.9326448441,1
96,1,9,4,0,28.7500019073,1,0,1,0,0,0,0,5,81901.6328125,12.0064210892,2600,15900,12.5745277405,9.90348720551,0,4.1871676445,-4.1455039978,7,0,43,0,3,0,1,0,0,1,0,0,0,0,0,0,1,0,1,0,1,12.0064210892,5,0,9.90348720551,4.1871676445,-4.1455039978,12.5745277405,5
96,2,9,4,0,28.7500019073,1,,1,0,0,0,0,6,21346.8359375,10.6618061066,2050,2000,12.5609455109,10.4341154099,8.294049263,4.96321487427,0.79633641243,7,0,43,0,3,1,1,0,1,1,0,0,0,0,0,0,1,1,1,0,0,12.0064210892,5,0,9.90348720551,4.1871676445,-4.1455039978,12.5745277405,6
97,1,9,4,1,7.75,1,0,1,0,0,0,0,4,5414,9.28989028931,1200,0,10.6358556747,8.294049263,8.93590354919,1.73946130276,-6.19266223907,4,0,0,0,3,1,1,0,0,0,0,0,0,0,0,1,1,0,0,0,0,9.28989028931,4,8.93590354919,8.294049263,1.73946130276,-6.19266223907,10.6358556747,4
97,2,9,4,1,7.75,1,,1,0,0,0,0,6,32474.7792969,11.081366539,5000,1000,10.0519075394,11.0666379929,8.69951438904,4.4067864418,-1.96752977371,4,0,0,0,3,1,1,0,0,1,0,0,0,0,0,0,1,0,1,0,1,9.28989028931,4,8.93590354919,8.294049263,1.73946130276,-6.19266223907,10.6358556747,6
98,1,9,4,1,7.75,1,0,1,0,0,0,0,6,19644.1445312,10.5786819458,200,2700,12.5461101532,0,11.8493976593,3.5003888607,0.85428583622,7,0,54,0,2,1,1,0,1,1,0,0,0,0,0,0,1,0,0,1,1,10.5786819458,6,11.8493976593,0,3.5003888607,0.85428583622,12.5461101532,6
98,2,9,4,1,7.75,1,,1,0,0,0,0,7,35458.6523438,11.1692695618,600,5600,13.4461841583,0,0,8.8265209198,0.79633641243,7,0,54,0,2,1,1,0,1,1,1,1,0,0,0,0,1,0,1,0,1,10.5786819458,6,11.8493976593,0,3.5003888607,0.85428583622,12.5461101532,7
99,1,9,4,0,28.7500019073,1,0,1,0,0,0,0,7,338057.71875,13.4241189957,1400,74100,13.4061880112,11.9316358566,0,3.5003888607,2.90144395828,5,0,70,0,3,1,1,0,0,1,0,0,0,0,0,0,1,0,1,1,1,13.4241189957,7,0,11.9316358566,3.5003888607,2.90144395828,13.4061880112,7
99,2,9,4,0,28.7500019073,1,,1,0,0,0,0,5,6227.48095703,9.42987442017,300,300,12.7951860428,9.90348720551,9.90348720551,3.04425668716,-1.25082182884,5,0,70,0,3,1,0,0,0,1,0,0,0,0,0,0,1,0,1,0,1,13.4241189957,7,0,11.9316358566,3.5003888607,2.90144395828,13.4061880112,5
100,1,9,4,1,7.75,1,0,1,0,0,0,0,6,59892.2695312,11.6934499741,1400,11500,13.4403810501,11.0666379929,0,5.75046491623,-1.32368826866,11,0,45,0,2,1,0,0,0,0,0,0,0,0,0,1,1,0,1,1,1,11.6934499741,6,0,11.0666379929,5.75046491623,-1.32368826866,13.4403810501,6
100,2,9,4,1,7.75,1,,1,0,0,0,0,5,15736.3457031,10.3568754196,0,2000,13.0846281052,8.63052177429,8.90923500061,8.1645116806,-1.25082182884,11,0,45,0,2,1,1,0,0,1,0,0,0,0,0,0,1,0,0,0,1,11.6934499741,6,0,11.0666379929,5.75046491623,-1.32368826866,13.4403810501,5
101,1,9,4,1,7.75,1,0,1,0,0,0,0,2,8645.66308594,9.75796031952,100,450,9.94270801544,0,6.90775632858,-12.8824186325,-6.19266223907,3,0,25,0,2,0,1,0,0,0,0,0,0,0,0,0,1,0,0,0,0,9.75796031952,2,6.90775632858,0,-12.8824186325,-6.19266223907,9.94270801544,2
101,2,9,4,1,7.75,1,,1,0,0,0,0,5,24347.9042969,10.7933483124,3200,2200,9.66141605377,6.68461322784,8.69951438904,3.24088478088,-3.37084650993,3,0,25,0,2,0,0,0,0,1,0,0,0,0,0,1,1,0,1,0,1,9.75796031952,2,6.90775632858,0,-12.8824186325,-6.19266223907,9.94270801544,5
102,1,10,1,0,30.7500019073,1,0,0,1,0,0,0,3,18101.8359375,10.4969158173,2950,0,11.8218793869,0,9.10497951508,-4.95264148712,0.85428583622,4,1,35,0,3,1,1,0,0,0,0,0,0,0,0,0,1,0,0,0,0,10.4969158173,3,9.10497951508,0,-4.95264148712,0.85428583622,11.8218793869,3
102,2,10,1,0,30.7500019073,1,,0,1,0,0,0,4,7084.34619141,9.55879020691,500,0,10.4103050232,9.30565071106,10.3089523315,0.111644431949,-1.96752977371,4,1,35,0,3,1,0,0,1,1,0,0,0,0,0,0,1,0,0,0,1,10.4969158173,3,9.10497951508,0,-4.95264148712,0.85428583622,11.8218793869,4
103,1,10,1,1,2.125,1,0,0,1,0,0,0,3,21164.8945312,10.6532459259,4800,0,12.2500896454,0,8.69951438904,-2.42067408562,2.90144395828,9,0,42,0,2,1,0,0,0,1,0,0,0,0,0,0,1,0,0,0,0,10.6532459259,3,8.69951438904,0,-2.42067408562,2.90144395828,12.2500896454,3
103,2,10,1,1,2.125,1,,0,1,0,0,0,6,30395.5957031,11.0152006149,5900,500,12.1051464081,8.85366535187,10.5966348648,3.98865222931,2.90144395828,9,0,42,0,2,0,1,0,1,1,0,1,0,0,0,0,1,0,1,0,1,10.6532459259,3,8.69951438904,0,-2.42067408562,2.90144395828,12.2500896454,6
104,1,10,1,0,30.7500019073,1,0,0,1,0,0,0,6,23868.3867188,10.7734575272,4500,0,11.483496666,7.24136686325,0,0.035569190979,2.90144395828,5,0,31,0,3,1,0,1,1,1,0,0,0,0,0,0,1,0,1,1,1,10.7734575272,6,0,7.24136686325,0.035569190979,2.90144395828,11.483496666,6
104,2,10,1,0,30.7500019073,1,,0,1,0,0,0,8,60059.2109375,11.6962337494,4500,1600,11.3850917816,0,0,3.5003888607,2.90144395828,5,0,31,0,3,1,1,0,1,1,0,0,0,0,0,0,1,1,1,1,1,10.7734575272,6,0,7.24136686325,0.035569190979,2.90144395828,11.483496666,8
105,1,10,1,1,2.125,1,0,0,1,0,0,0,2,372992.375,13.5224599838,3350,69100,13.1223630905,12.0598897934,11.6439533234,4.65184545517,0.85428583622,4,0,30,0,3,0,1,0,0,0,0,0,0,0,0,0,1,0,0,0,0,13.5224599838,2,11.6439533234,12.0598897934,4.65184545517,0.85428583622,13.1223630905,2
105,2,10,1,1,2.125,1,,0,1,0,0,0,9,37822.9414062,11.2338180542,2500,3950,11.9329509735,11.2118206024,11.3736629486,6.60121393204,-1.26573896408,4,0,30,0,3,1,1,0,1,1,1,0,0,0,1,0,1,0,1,1,1,13.5224599838,2,11.6439533234,12.0598897934,4.65184545517,0.85428583622,13.1223630905,9
106,1,10,1,1,2.125,1,0,0,1,0,0,0,6,304006.65625,13.3179521561,62300,600,16.8532009125,13.2533912659,0,0.635704934597,2.90144395828,6,0,34,0,3,1,0,0,0,0,0,0,0,0,0,1,1,0,1,1,1,13.3179521561,6,0,13.2533912659,0.635704934597,2.90144395828,16.8532009125,6
106,2,10,1,1,2.125,1,,0,1,0,0,0,9,752168384,16.1621856689,98500,172800000,16.471326828,13.0731735229,13.8155107498,-3.30155062675,2.90144395828,6,0,34,0,3,1,1,1,1,1,0,1,0,0,0,1,1,0,1,1,1,13.3179521561,6,0,13.2533912659,0.635704934597,2.90144395828,16.8532009125,9
107,1,10,1,1,2.125,1,0,0,1,0,0,0,2,2216298.5,15.180106163,0,508100,14.1483335495,10.4399805069,13.5567398071,4.48189067841,-1.96752977371,6,1,49,0,2,1,0,0,0,0,0,0,0,0,0,0,1,0,0,0,0,15.180106163,2,13.5567398071,10.4399805069,4.48189067841,-1.96752977371,14.1483335495,2
107,2,10,1,1,2.125,1,,0,1,0,0,0,8,45196.6328125,11.4119253159,1600,5900,14.6668577194,11.0020999908,0,-1.08531570435,2.90144395828,6,1,49,0,2,1,1,0,1,1,1,0,0,0,0,0,1,0,1,1,1,15.180106163,2,13.5567398071,10.4399805069,4.48189067841,-1.96752977371,14.1483335495,8
108,1,10,1,1,2.125,1,0,0,1,0,0,0,2,13050.3652344,10.1697187424,100,2100,11.4741849899,10.3734912872,8.85366535187,6.23983240128,2.90144395828,4,1,59,0,2,0,1,0,0,0,0,0,0,0,0,0,1,0,0,0,0,10.1697187424,2,8.85366535187,10.3734912872,6.23983240128,2.90144395828,11.4741849899,2
108,2,10,1,1,2.125,1,,0,1,0,0,0,6,15344.1630859,10.3316373825,100,2500,12.6723127365,11.54829216,10.691945076,0.840608596802,2.90144395828,4,1,59,0,2,1,0,0,0,1,0,1,0,0,0,0,1,0,0,1,1,10.1697187424,2,8.85366535187,10.3734912872,6.23983240128,2.90144395828,11.4741849899,6
109,1,10,1,0,30.7500019073,1,0,0,1,0,0,0,6,90147.734375,12.1023521423,6300,0,14.5923557281,10.8589992523,10.5966348648,-4.88288974762,0.79633641243,3,0,36,0,3,1,0,1,1,0,0,0,0,0,0,0,1,1,1,0,1,12.1023521423,6,10.5966348648,10.8589992523,-4.88288974762,0.79633641243,14.5923557281,6
109,2,10,1,0,30.7500019073,1,,0,1,0,0,0,7,50750.703125,11.5278282166,7100,0,11.5598087311,11.512925148,13.1223630905,7.05425834656,-1.32368826866,3,0,36,0,3,1,0,0,1,1,0,1,0,0,0,0,1,0,1,1,1,12.1023521423,6,10.5966348648,10.8589992523,-4.88288974762,0.79633641243,14.5923557281,7
110,1,10,1,1,2.125,1,0,0,1,0,0,0,2,13994.0292969,10.2395334244,1900,900,9.94270801544,0,9.90348720551,1.56766629219,2.90144395828,4,1,38,0,3,1,0,0,0,0,0,0,0,0,0,0,1,0,0,0,0,10.2395334244,2,9.90348720551,0,1.56766629219,2.90144395828,9.94270801544,2
110,2,10,1,1,2.125,1,,0,1,0,0,0,2,24684.6132812,10.8070821762,700,4510,11.1447563171,9.42545223236,10.5966348648,5.46339321136,2.90144395828,4,1,38,0,3,1,0,0,0,0,0,0,0,0,0,0,1,0,0,0,0,10.2395334244,2,9.90348720551,0,1.56766629219,2.90144395828,9.94270801544,2
111,1,10,1,0,30.7500019073,1,0,0,1,0,0,0,1,2197.02880859,8.38800811768,450,0,10.2470769882,0,11.1360473633,-2.8974852562,-1.25082182884,4,1,49,0,2,1,0,0,0,0,0,0,0,0,0,0,0,0,0,0,0,8.38800811768,1,11.1360473633,0,-2.8974852562,-1.25082182884,10.2470769882,1
111,2,10,1,0,30.7500019073,1,,0,1,0,0,0,1,12015.3271484,10.0870857239,1300,0,11.5540676117,0,9.90348720551,-2.01425051689,0.85428583622,4,1,49,0,2,1,0,0,0,0,0,0,0,0,0,0,0,0,0,0,0,8.38800811768,1,11.1360473633,0,-2.8974852562,-1.25082182884,10.2470769882,1
112,1,10,1,1,2.125,1,0,0,1,0,0,0,2,1320.21154785,7.8786945343,100,200,11.1647853851,6.68461322784,0,-1.63890790939,0.85428583622,4,1,51,0,1,1,0,0,0,0,0,0,0,0,0,0,1,0,0,0,0,7.8786945343,2,0,6.68461322784,-1.63890790939,0.85428583622,11.1647853851,2
112,2,10,1,1,2.125,1,,0,1,0,0,0,4,17445.7695312,10.4600000381,3750,0,10.1425046921,0,0,4.34548854828,0.85428583622,4,1,51,0,1,0,1,0,0,1,0,0,0,0,0,0,0,0,1,0,1,7.8786945343,2,0,6.68461322784,-1.63890790939,0.85428583622,11.1647853851,4
113,1,10,1,1,2.125,1,0,0,1,0,0,0,4,23161.25,10.7433834076,5250,0,10.6987400055,0,11.512925148,-2.47401118279,0.0796284079552,5,1,35,0,2,0,1,0,0,1,0,0,0,0,0,0,1,0,0,0,1,10.7433834076,4,11.512925148,0,-2.47401118279,0.0796284079552,10.6987400055,4
113,2,10,1,1,2.125,1,,0,1,0,0,0,1,29284.0097656,10.9779443741,6400,0,13.3688049316,11.1816396713,11.0666379929,-0.782914042473,0.0796284079552,5,1,35,0,2,0,0,0,0,0,1,1,0,0,0,0,0,0,0,0,0,10.7433834076,4,11.512925148,0,-2.47401118279,0.0796284079552,10.6987400055,1
114,1,11,3,1,3.375,1,0,0,0,0,0,0,6,24615.5585938,10.8042812347,4800,600,10.7054891586,10.691945076,11.512925148,1.0643466711,-1.96752977371,3,0,35,0,2,1,0,0,0,1,0,0,0,0,0,1,1,0,1,0,1,10.8042812347,6,11.512925148,10.691945076,1.0643466711,-1.96752977371,10.7054891586,6
114,2,11,3,1,3.375,1,,0,0,0,0,0,6,8508.60546875,9.74198055267,500,0,12.7176980972,11.0348892212,10.085808754,5.16866970062,0.85428583622,3,0,35,0,2,1,0,0,0,1,0,0,0,0,0,0,1,1,1,0,1,10.8042812347,6,11.512925148,10.691945076,1.0643466711,-1.96752977371,10.7054891586,6
115,1,11,3,1,3.375,1,0,0,0,0,0,0,1,13582.4423828,10.2096805573,1700,800,11.528799057,0,0,-5.85323858261,2.90144395828,6,0,32,0,3,0,0,0,0,1,0,0,0,0,0,0,0,0,0,0,0,10.2096805573,1,0,0,-5.85323858261,2.90144395828,11.528799057,1
115,2,11,3,1,3.375,1,,0,0,0,0,0,4,4366258,15.9825639725,2900,1000000,11.7950925827,9.68034362793,11.0348892212,-9.69418048859,-3.37084650993,6,0,32,0,3,1,1,0,0,0,0,0,0,0,0,0,1,0,1,0,0,10.2096805573,1,0,0,-5.85323858261,2.90144395828,11.528799057,4
116,1,11,3,1,3.375,1,0,0,0,0,0,0,3,30195.8652344,11.0086078644,500,6000,10.1961574554,0,9.21034049988,-6.39896917343,-3.37084650993,4,0,0,0,2,0,0,1,0,0,0,0,0,0,0,0,1,0,0,0,1,11.0086078644,3,9.21034049988,0,-6.39896917343,-3.37084650993,10.1961574554,3
116,2,11,3,1,3.375,1,,0,0,0,0,0,2,389205.28125,13.5650091171,100,88750,12.4379777908,0,7.60090255737,-3.4740357399,2.90144395828,4,0,0,0,2,1,1,0,0,0,0,0,0,0,0,0,0,0,0,0,0,11.0086078644,3,9.21034049988,0,-6.39896917343,-3.37084650993,10.1961574554,2
117,1,11,3,1,3.375,1,0,0,0,0,0,0,5,7988.11523438,9.67885684967,1200,600,10.9490509033,8.294049263,0,-0.326120048761,0.781419277191,6,1,60,0,1,1,0,1,0,1,0,0,0,0,0,0,0,0,1,1,1,9.67885684967,5,0,8.294049263,-0.326120048761,0.781419277191,10.9490509033,5
117,2,11,3,1,3.375,1,,0,0,0,0,0,4,56512.3867188,11.6353626251,1200,11080,11.4295434952,0,0,7.16435861588,-3.37084650993,6,1,60,0,1,1,1,0,0,0,0,0,0,0,0,0,1,0,0,1,0,9.67885684967,5,0,8.294049263,-0.326120048761,0.781419277191,10.9490509033,4
118,1,11,3,0,30.7500019073,1,0,0,0,0,0,0,1,56,5.29834222794,0,0,8.73230457306,0,0,-3.70396995544,0.781419277191,4,1,70,0,2,0,0,0,1,0,0,0,0,0,0,0,0,0,0,0,0,5.29834222794,1,0,0,-3.70396995544,0.781419277191,8.73230457306,1
118,2,11,3,0,30.7500019073,1,,0,0,0,0,0,4,18624.0664062,10.5253572464,800,3000,9.21034049988,9.21034049988,9.99879741669,-1.85652720928,2.90144395828,4,1,70,0,2,0,1,0,1,0,0,0,0,0,0,0,1,0,0,0,1,5.29834222794,1,0,0,-3.70396995544,0.781419277191,8.73230457306,4
119,1,11,3,1,3.375,1,0,0,0,0,0,0,3,27146.5488281,10.9021520615,3600,2400,9.17988109589,9.21034049988,0,-0.934480726719,-2.02547931671,8,0,53,0,1,0,1,0,0,0,0,0,0,0,0,0,1,0,0,0,1,10.9021520615,3,0,9.21034049988,-0.934480726719,-2.02547931671,9.17988109589,3
119,2,11,3,1,3.375,1,,0,0,0,0,0,3,5346.75,9.27739143372,1150,0,7.86326694489,8.55641365051,8.93590354919,-1.03334569931,-2.04039621353,8,0,53,0,1,0,1,0,0,0,0,0,0,0,0,0,1,0,0,0,1,10.9021520615,3,0,9.21034049988,-0.934480726719,-2.02547931671,9.17988109589,3
120,1,11,3,1,3.375,1,0,0,0,0,0,0,6,21403.1738281,10.6644420624,750,3500,11.9779167175,10.9331073761,10.8197784424,-3.84417319298,-3.37084650993,6,0,48,0,3,1,1,0,0,1,0,0,0,0,0,1,1,0,0,0,1,10.6644420624,6,10.8197784424,10.9331073761,-3.84417319298,-3.37084650993,11.9779167175,6
120,2,11,3,1,3.375,1,,0,0,0,0,0,6,12875.4326172,10.1562232971,100,2400,17.6023159027,9.39266204834,0,2.08161449432,-4.07263755798,6,0,48,0,3,1,1,0,1,1,0,1,0,0,0,0,1,0,0,0,1,10.6644420624,6,10.8197784424,10.9331073761,-3.84417319298,-3.37084650993,11.9779167175,6
121,1,11,3,0,30.7500019073,1,0,0,0,0,0,0,2,9173.01953125,9.81716918945,1700,0,11.2528581619,8.9871969223,0,-3.01719093323,-3.37084650993,4,0,27,0,3,0,0,0,0,0,0,0,0,0,0,0,1,0,0,0,1,9.81716918945,2,0,8.9871969223,-3.01719093323,-3.37084650993,11.2528581619,2
121,2,11,3,0,30.7500019073,1,,0,0,0,0,0,6,8228.54785156,9.70851230621,1350,0,11.0821428299,9.39266204834,0,1.32975745201,-1.25082182884,4,0,27,0,3,1,0,0,0,1,0,0,0,0,0,0,1,0,1,1,1,9.81716918945,2,0,8.9871969223,-3.01719093323,-3.37084650993,11.2528581619,6
122,1,11,3,0,30.7500019073,1,0,0,0,0,0,0,3,13282.4423828,10.1873455048,2300,0,11.3119840622,8.9871969223,6.38053369522,-7.03255271912,-1.32368826866,9,0,0,0,3,0,1,0,0,0,0,0,0,0,0,0,1,0,0,0,1,10.1873455048,3,,8.9871969223,-7.03255271912,-1.32368826866,11.3119840622,3
122,2,11,3,0,30.7500019073,1,,0,0,0,0,0,6,52675.046875,11.5650444031,7900,1750,11.4605789185,0,12.2060728073,1.70423054695,2.90144395828,9,0,0,0,3,1,1,0,1,1,0,0,0,0,0,0,1,1,0,0,1,10.1873455048,3,,8.9871969223,-7.03255271912,-1.32368826866,11.3119840622,6
123,1,11,3,0,30.7500019073,1,0,0,0,0,0,0,8,53584.7421875,11.5821666718,3500,7900,16.6062221527,10.9681978226,0,-4.69839525223,-3.37084650993,4,1,58,0,2,1,0,0,0,1,0,0,0,0,1,1,1,1,1,0,1,11.5821666718,8,0,10.9681978226,-4.69839525223,-3.37084650993,16.6062221527,8
123,2,11,3,0,30.7500019073,1,,0,0,0,0,0,2,200,7.46049070358,0,0,11.9290008545,0,0,4.47284555435,-7.54024505615,4,1,58,0,2,0,0,1,0,0,0,0,0,0,0,0,1,0,0,0,0,11.5821666718,8,0,10.9681978226,-4.69839525223,-3.37084650993,16.6062221527,2
124,1,11,3,1,3.375,1,0,0,0,0,0,0,5,18764.3652344,10.5328617096,700,3100,12.0702533722,0,0,6.75264644623,0.79633641243,5,0,40,0,3,1,0,1,0,0,0,0,0,0,0,0,1,0,1,0,1,10.5328617096,5,0,0,6.75264644623,0.79633641243,12.0702533722,5
124,2,11,3,1,3.375,1,,0,0,0,0,0,6,13450.0957031,10.1998882294,500,1500,10.766377449,0,7.78322410583,7.5108127594,-3.37084650993,5,0,40,0,3,1,1,0,1,1,0,1,0,0,0,0,1,0,1,0,0,10.5328617096,5,0,0,6.75264644623,0.79633641243,12.0702533722,6
125,1,11,3,1,3.375,1,0,0,0,0,0,0,7,26002.0761719,10.8590784073,1500,3450,14.0400934219,10.1345996857,0,-2.23827409744,0.79633641243,8,0,62,0,3,1,1,0,1,1,0,0,0,0,0,0,1,0,1,1,1,10.8590784073,7,0,10.1345996857,-2.23827409744,0.79633641243,14.0400934219,7
125,2,11,3,1,3.375,1,,0,0,0,0,0,4,47561.1601562,11.4629192352,3070,3700,13.4817123413,12.4032831192,11.4075651169,1.52422833443,2.90144395828,8,0,62,0,3,0,1,0,1,1,0,0,0,0,0,0,1,0,0,0,1,10.8590784073,7,0,10.1345996857,-2.23827409744,0.79633641243,14.0400934219,4
126,1,12,2,0,16,1,0,0,0,0,0,1,7,32150.9804688,11.0713453293,0,5900,11.7101354599,9.54681301117,9.90348720551,1.63447749615,2.90144395828,3,1,53,0,3,1,0,0,0,1,0,1,0,0,0,0,1,1,1,0,1,11.0713453293,7,9.90348720551,9.54681301117,1.63447749615,2.90144395828,11.7101354599,7
126,2,12,2,0,16,1,,0,0,0,0,1,3,19610.9902344,10.5769929886,4500,0,12.943236351,0,0,0.0600287169218,-7.54024505615,3,1,53,0,3,1,0,0,1,0,0,0,0,1,0,0,0,0,0,0,0,11.0713453293,7,9.90348720551,9.54681301117,1.63447749615,2.90144395828,11.7101354599,3
127,1,12,2,1,2.25,1,0,0,0,0,0,1,6,55319.3828125,11.6140260696,4300,6150,13.1499786377,11.9374475479,10.165851593,5.89655447006,-2.04039621353,3,0,27,0,3,1,0,1,0,1,0,1,0,0,0,1,1,0,1,0,0,11.6140260696,6,10.165851593,11.9374475479,5.89655447006,-2.04039621353,13.1499786377,6
127,2,12,2,1,2.25,1,,0,0,0,0,1,7,30534.1445312,11.0197477341,700,5000,13.4967260361,11.6952466965,0,3.28253054619,-2.02547931671,3,0,27,0,3,1,1,0,1,1,1,0,0,0,0,1,1,0,1,0,0,11.6140260696,6,10.165851593,11.9374475479,5.89655447006,-2.04039621353,13.1499786377,7
128,1,12,2,1,2.25,1,0,0,0,0,0,1,4,17136.0664062,10.4420881271,400,3350,9.7350692749,0,5.7037935257,3.59848403931,0.85428583622,4,1,66,0,1,0,1,0,0,1,0,0,0,0,0,0,1,0,0,0,1,10.4420881271,4,5.7037935257,0,3.59848403931,0.85428583622,9.7350692749,4
128,2,12,2,1,2.25,1,,0,0,0,0,1,4,8685.15429688,9.76251792908,1350,0,11.6395578384,0,9.21034049988,1.50402069092,0.781419277191,4,1,66,0,1,1,1,0,0,1,0,0,0,0,0,0,1,0,0,0,0,10.4420881271,4,5.7037935257,0,3.59848403931,0.85428583622,9.7350692749,4
129,1,12,2,1,2.25,1,0,0,0,0,0,1,4,71037.25,11.864107132,5400,8000,13.8178081512,12.7007684708,0,0.086722239852,2.90144395828,7,0,48,0,3,1,0,0,0,1,0,0,0,0,0,0,1,0,0,0,1,11.864107132,4,0,12.7007684708,0.086722239852,2.90144395828,13.8178081512,4
129,2,12,2,1,2.25,1,,0,0,0,0,1,4,115175,12.3473548889,15000,0,12.1756134033,0,0,-6.9575548172,1.90302300453,7,0,48,0,3,1,1,1,1,1,0,0,0,0,0,0,1,0,0,0,0,11.864107132,4,0,12.7007684708,0.086722239852,2.90144395828,13.8178081512,4
130,1,12,2,1,2.25,1,0,0,0,0,0,1,2,6164.53857422,9.41971588135,800,100,9.68034362793,0,7.2442278862,-3.26862478256,0.85428583622,3,1,30,0,2,1,0,0,0,0,0,0,0,0,0,0,0,0,0,0,1,9.41971588135,2,7.2442278862,0,-3.26862478256,0.85428583622,9.68034362793,2
130,2,12,2,1,2.25,1,,0,0,0,0,1,5,50056.328125,11.5140514374,9900,0,9.34136867523,0,9.39266204834,4.41989994049,2.90144395828,3,1,30,0,2,1,0,0,0,1,0,0,0,0,0,0,1,0,1,0,1,9.41971588135,2,7.2442278862,0,-3.26862478256,0.85428583622,9.68034362793,5
131,1,12,2,1,2.25,1,0,0,0,0,0,1,3,1887.86535645,8.23634910583,0,300,15.1534013748,9.21034049988,6.39693260193,1.32007694244,-1.96752977371,5,1,43,0,1,0,1,0,0,0,0,0,0,0,0,0,1,0,0,0,1,8.23634910583,3,6.39693260193,9.21034049988,1.32007694244,-1.96752977371,15.1534013748,3
131,2,12,2,1,2.25,1,,0,0,0,0,1,4,39042.7421875,11.2655591965,300,4900,11.339761734,10.2887496948,9.90348720551,-2.99312734604,-4.07263755798,5,1,43,0,1,0,1,0,1,0,0,0,0,0,0,0,1,0,1,0,0,8.23634910583,3,6.39693260193,9.21034049988,1.32007694244,-1.96752977371,15.1534013748,4
132,1,12,2,1,2.25,1,0,0,0,0,0,1,4,12537.9707031,10.1296644211,1000,1200,10.6619539261,0,8.294049263,-2.20761871338,0.85428583622,4,0,40,0,3,0,0,0,0,1,0,0,0,0,0,0,1,0,1,0,1,10.1296644211,4,8.294049263,0,-2.20761871338,0.85428583622,10.6619539261,4
132,2,12,2,1,2.25,1,,0,0,0,0,1,6,444121.53125,13.6970005035,4900,96800,12.5371732712,0,11.1562509537,0.507867515087,-1.25082182884,4,0,40,0,3,1,0,0,0,1,0,0,0,0,0,0,1,0,1,1,1,10.1296644211,4,8.294049263,0,-2.20761871338,0.85428583622,10.6619539261,6
133,1,12,2,0,16,1,0,0,0,0,0,1,4,26511,10.8784618378,2100,1000,12.6754512787,9.61580562592,10.5966348648,-0.93688762188,2.90144395828,8,0,66,0,2,1,0,0,0,1,0,0,0,0,0,0,1,0,0,0,1,10.8784618378,4,10.5966348648,9.61580562592,-0.93688762188,2.90144395828,12.6754512787,4
133,2,12,2,0,16,1,,0,0,0,0,1,6,49368.5859375,11.5002164841,1000,9200,14.7663726807,11.8055953979,11.3385725021,0.244273558259,2.90144395828,8,0,66,0,2,1,1,0,0,1,0,0,0,0,0,1,1,0,0,0,1,10.8784618378,4,10.5966348648,9.61580562592,-0.93688762188,2.90144395828,12.6754512787,6
134,1,12,2,0,16,1,0,0,0,0,0,1,5,36869.9804688,11.2083005905,4400,1200,14.4808750153,11.0020999908,7.60090255737,-5.11799144745,0.85428583622,3,0,22,0,3,1,1,0,0,0,0,0,0,0,0,0,1,1,0,0,1,11.2083005905,5,7.60090255737,11.0020999908,-5.11799144745,0.85428583622,14.4808750153,5
134,2,12,2,0,16,1,,0,0,0,0,1,4,43244.6171875,11.3677749634,2500,6800,10.1696901321,0,8.47637081146,3.94507265091,0.85428583622,3,0,22,0,3,0,1,0,1,0,0,0,0,0,0,0,0,0,1,0,1,11.2083005905,5,7.60090255737,11.0020999908,-5.11799144745,0.85428583622,14.4808750153,4
135,1,12,2,0,16,1,0,0,0,0,0,1,3,20632.1777344,10.6277542114,3100,980,11.0603685379,11.2972536087,11.4186143875,1.29056489468,-1.32368826866,3,0,27,0,3,0,0,1,0,0,0,0,0,0,0,0,1,0,1,0,0,10.6277542114,3,11.4186143875,11.2972536087,1.29056489468,-1.32368826866,11.0603685379,3
135,2,12,2,0,16,1,,0,0,0,0,1,7,136642.984375,12.5182743073,13250,6200,11.8204097748,11.4338827133,13.3101034164,3.37575387955,2.90144395828,3,0,27,0,3,1,1,0,0,1,0,0,0,0,0,0,1,0,1,1,1,10.6277542114,3,11.4186143875,11.2972536087,1.29056489468,-1.32368826866,11.0603685379,7
136,1,12,2,1,2.25,1,0,0,0,0,0,1,4,2725993.75,15.180106163,950,625800,12.1441869736,9.16951847076,0,-1.04711616039,-1.32368826866,7,0,38,0,3,0,0,0,0,1,0,0,0,0,0,0,1,1,0,0,1,15.180106163,4,0,9.16951847076,-1.04711616039,-1.32368826866,12.1441869736,4
136,2,12,2,1,2.25,1,,0,0,0,0,1,7,29246.0097656,10.9766454697,700,300,11.6509466171,11.3918867111,0,8.23905849457,0.85428583622,7,0,38,0,3,1,1,0,0,1,0,1,0,0,0,0,1,0,1,0,1,15.180106163,4,0,9.16951847076,-1.04711616039,-1.32368826866,12.1441869736,7
137,1,12,2,1,2.25,1,0,0,0,0,0,1,1,15887.0195312,10.3664045334,0,3000,11.6851968765,9.10497951508,0,-7.31853151321,2.90144395828,4,0,44,0,1,1,0,0,0,0,0,0,0,0,0,0,0,0,0,0,0,10.3664045334,1,0,9.10497951508,-7.31853151321,2.90144395828,11.6851968765,1
137,2,12,2,1,2.25,1,,0,0,0,0,1,3,13418.4228516,10.1975307465,1700,0,8.8818359375,0,0,0.0135491341352,-3.37084650993,4,0,44,0,1,1,1,0,0,0,0,0,0,0,0,0,1,0,0,0,0,10.3664045334,1,0,9.10497951508,-7.31853151321,2.90144395828,11.6851968765,3
138,1,13,2,0,28.25,1,0,0,0,0,0,1,2,8503.21191406,9.74134635925,500,200,11.3862962723,9.91837596893,0,9.38254642487,2.90144395828,7,1,55,0,3,0,1,0,0,0,0,0,0,0,0,0,1,0,0,0,0,9.74134635925,2,0,9.91837596893,9.38254642487,2.90144395828,11.3862962723,2
138,2,13,2,0,28.25,1,,0,0,0,0,1,6,3985.7019043,8.98361587524,100,0,11.8204097748,0,0,-2.60672855377,0.79633641243,7,1,55,0,3,1,1,0,1,1,0,0,0,0,0,0,1,0,1,0,1,9.74134635925,2,0,9.91837596893,9.38254642487,2.90144395828,11.3862962723,6
139,1,13,2,1,3.49999976158,1,0,0,0,0,0,1,2,6875.72119141,9.52889919281,1300,0,10.1002054214,0,0,-11.2645339966,0.781419277191,4,0,-99,0.00382096064277,2,0,0,0,0,0,0,0,0,0,0,0,1,0,0,0,1,9.52889919281,2,0,0,-11.2645339966,0.781419277191,10.1002054214,2
139,2,13,2,1,3.49999976158,1,,0,0,0,0,1,3,27571.3457031,10.9176797867,2700,2000,11.8313789368,9.94270801544,11.0821428299,1.40723931789,-3.37084650993,4,0,-99,0.00382096064277,2,1,0,0,1,1,0,0,0,0,0,0,1,0,0,0,0,9.52889919281,2,0,0,-11.2645339966,0.781419277191,10.1002054214,3
140,1,13,2,1,3.49999976158,1,0,0,0,0,0,1,2,318284.59375,13.3638486862,1400,71200,13.6524028778,10.165851593,0,0.366905748844,0.85428583622,7,0,41,0,2,1,0,0,0,0,0,0,0,0,0,0,1,0,0,0,0,13.3638486862,2,0,10.165851593,0.366905748844,0.85428583622,13.6524028778,2
140,2,13,2,1,3.49999976158,1,,0,0,0,0,1,5,42450.5585938,11.3492422104,2100,4000,13.6565151215,9.21034049988,0,10.7476434708,-7.54024505615,7,0,41,0,2,1,1,1,0,0,1,0,0,0,0,0,1,0,0,0,0,13.3638486862,2,0,10.165851593,0.366905748844,0.85428583622,13.6524028778,5
141,1,13,2,0,28.25,1,0,0,0,0,0,1,6,173826608,15.180106163,1700,40002200,12.2160234451,0,9.21034049988,-4.72574472427,0.79633641243,7,0,36,0,3,0,0,0,0,1,1,0,0,0,0,0,1,0,1,1,1,15.180106163,6,9.21034049988,0,-4.72574472427,0.79633641243,12.2160234451,6
141,2,13,2,0,28.25,1,,0,0,0,0,1,4,17978.6738281,10.4900884628,1900,0,16.1753826141,7.37775945663,0,9.28001594543,-1.32368826866,7,0,36,0,3,1,1,1,1,0,0,0,0,0,0,0,1,0,0,0,0,15.180106163,6,9.21034049988,0,-4.72574472427,0.79633641243,12.2160234451,4
142,1,13,2,1,3.49999976158,1,0,0,0,0,0,1,7,17575.1542969,10.4673891068,500,2450,12.5256166458,9.54681301117,9.47270488739,-5.14555978775,0.79633641243,3,0,20,0,2,1,0,0,0,1,1,0,0,0,0,0,1,1,1,0,1,10.4673891068,7,9.47270488739,9.54681301117,-5.14555978775,0.79633641243,12.5256166458,7
142,2,13,2,1,3.49999976158,1,,0,0,0,0,1,7,19450.3457031,10.5687675476,2600,750,12.313580513,12.3149271011,0,-1.21504199505,-3.37084650993,3,0,20,0,2,1,1,0,1,1,0,0,0,0,0,1,1,0,1,0,1,10.4673891068,7,9.47270488739,9.54681301117,-5.14555978775,0.79633641243,12.5256166458,7
143,1,13,2,1,3.49999976158,1,0,0,0,0,0,1,3,23808.0585938,10.7709264755,2100,0,11.8522510529,7.60090255737,6.90775632858,2.80361294746,-3.37084650993,9,0,39,0,2,1,0,0,0,0,1,0,0,0,0,0,1,0,0,0,0,10.7709264755,3,6.90775632858,7.60090255737,2.80361294746,-3.37084650993,11.8522510529,3
143,2,13,2,1,3.49999976158,1,,0,0,0,0,1,5,34048.1445312,11.1286783218,1300,5300,12.4618768692,0,0,-1.37948179245,-1.32368826866,9,0,39,0,2,1,0,0,1,1,0,0,0,0,0,0,1,0,1,0,1,10.7709264755,3,6.90775632858,7.60090255737,2.80361294746,-3.37084650993,11.8522510529,5
144,1,13,2,1,3.49999976158,1,0,0,0,0,0,1,3,183.692306519,5.90641689301,0,0,8.9871969223,2.77647233009,0,-2.78725671768,0.85428583622,5,0,56,0,2,1,1,0,0,0,0,0,0,0,0,0,1,0,0,0,0,5.90641689301,3,0,2.77647233009,-2.78725671768,0.85428583622,8.9871969223,3
144,2,13,2,1,3.49999976158,1,,0,0,0,0,1,3,3609.69238281,8.88452529907,600,0,9.51782512665,0,0,8.91718387604,-3.37084650993,5,0,56,0,2,1,0,0,0,0,0,0,0,0,0,0,1,0,0,0,1,5.90641689301,3,0,2.77647233009,-2.78725671768,0.85428583622,8.9871969223,3
145,1,13,2,1,3.49999976158,1,0,0,0,0,0,1,4,17986.6054688,10.490530014,2400,1000,13.1970996857,0,9.68034362793,-1.76146304607,2.90144395828,7,0,60,0,2,1,0,0,0,1,0,0,0,0,0,0,1,0,0,0,1,10.490530014,4,9.68034362793,0,-1.76146304607,2.90144395828,13.1970996857,4
145,2,13,2,1,3.49999976158,1,,0,0,0,0,1,6,23621.2207031,10.763048172,2400,2200,10.2109718323,10.3089523315,0,10.2181777954,0.85428583622,7,0,60,0,2,1,0,0,1,1,0,0,0,0,0,0,1,0,1,1,1,10.490530014,4,9.68034362793,0,-1.76146304607,2.90144395828,13.1970996857,6
146,1,13,2,1,3.49999976158,1,0,0,0,0,0,1,4,2363.875,8.46120452881,200,0,10.2470769882,7.60090255737,9.21034049988,1.12768030167,-3.37084650993,3,0,29,0,2,1,1,0,0,0,0,0,0,0,0,0,1,0,0,0,1,8.46120452881,4,9.21034049988,7.60090255737,1.12768030167,-3.37084650993,10.2470769882,4
146,2,13,2,1,3.49999976158,1,,0,0,0,0,1,6,18679.7304688,10.5283412933,2800,600,9.66776561737,8.00636768341,10.5966348648,11.0441579819,-1.26795446873,3,0,29,0,2,1,1,0,0,1,0,0,0,0,0,0,1,0,1,0,1,8.46120452881,4,9.21034049988,7.60090255737,1.12768030167,-3.37084650993,10.2470769882,6
147,1,13,2,0,28.25,1,0,0,0,0,0,1,5,57684.2578125,11.6558866501,1400,7160,13.1267576218,11.2644643784,11.7280368805,0.900064408779,2.90144395828,7,0,43,0,3,1,1,0,0,1,0,0,0,0,0,0,1,0,1,0,0,11.6558866501,5,11.7280368805,11.2644643784,0.900064408779,2.90144395828,13.1267576218,5
147,2,13,2,0,28.25,1,,0,0,0,0,1,4,101137.960938,12.2173881531,1950,20750,12.6603279114,5.99147081375,8.00636768341,2.73650574684,-3.37084650993,7,0,43,0,3,0,1,1,1,1,0,0,0,0,0,1,1,0,0,0,0,11.6558866501,5,11.7280368805,11.2644643784,0.900064408779,2.90144395828,13.1267576218,4
148,1,13,2,1,3.49999976158,1,0,0,0,0,0,1,5,21398.3164062,10.6642150879,4700,0,10.8297290802,0,0,-4.88805770874,2.90144395828,7,0,54,0,2,1,1,0,0,0,1,0,0,1,0,0,0,0,1,0,0,10.6642150879,5,0,0,-4.88805770874,2.90144395828,10.8297290802,5
148,2,13,2,1,3.49999976158,1,,0,0,0,0,1,3,32620.6542969,11.0858478546,5300,800,11.7487878799,7.09007740021,0,1.4183909893,0.79633641243,7,0,54,0,2,1,0,0,1,0,0,0,0,0,0,0,1,0,0,0,0,10.6642150879,5,0,0,-4.88805770874,2.90144395828,10.8297290802,3
149,1,13,2,0,28.25,1,0,0,0,0,0,1,2,1419.6730957,7.95132923126,50,200,8.76405334473,9.51782512665,9.54681301117,-1.67098236084,-1.32368826866,2,1,51,0,3,1,0,0,0,0,0,0,0,0,0,0,1,0,0,0,0,7.95132923126,2,9.54681301117,9.51782512665,-1.67098236084,-1.32368826866,8.76405334473,2
149,2,13,2,0,28.25,1,,0,0,0,0,1,4,7486.5,9.61400413513,1700,0,10.9987611771,0,9.39266204834,4.50310087204,-3.37084650993,2,1,51,0,3,1,1,0,0,0,0,0,0,0,0,0,1,0,1,0,0,7.95132923126,2,9.54681301117,9.51782512665,-1.67098236084,-1.32368826866,8.76405334473,4
150,1,14,1,0,33,1,0,0,0,0,0,0,3,16276.5,10.390625,700,3000,11.1331281662,0,8.294049263,-10.3809595108,-4.1455039978,3,1,70,0,3,0,1,1,0,0,0,0,0,0,0,0,0,0,0,0,1,10.390625,3,8.294049263,0,-10.3809595108,-4.1455039978,11.1331281662,3
150,2,14,1,0,33,1,,0,0,0,0,0,1,27306.1152344,10.9080133438,1350,4800,11.1109542847,7.78322410583,5.99147081375,3.20566534996,2.90144395828,3,1,70,0,3,1,0,0,0,0,0,0,0,0,0,0,0,0,0,0,0,10.390625,3,8.294049263,0,-10.3809595108,-4.1455039978,11.1331281662,1
151,1,14,1,0,33,1,0,0,0,0,0,0,6,115177.085938,12.3473730087,18000,1650,15.1593666077,11.6082353592,9.90348720551,-3.43757772446,-1.26795446873,8,0,55,0,1,1,0,0,0,1,0,0,0,0,0,0,1,0,1,1,1,12.3473730087,6,9.90348720551,11.6082353592,-3.43757772446,-1.26795446873,15.1593666077,6
151,2,14,1,0,33,1,,0,0,0,0,0,7,110079.453125,12.30210495,9100,15000,10.8948860168,10.5713167191,13.8155107498,3.40896320343,2.90144395828,8,0,55,0,1,1,0,0,1,1,0,1,1,1,0,0,1,0,1,0,1,12.3473730087,6,9.90348720551,11.6082353592,-3.43757772446,-1.26795446873,15.1593666077,7
152,1,14,1,1,1.5,1,0,0,0,0,0,0,5,7386.5,9.6005563736,100,1600,10.6406517029,0,0,-3.58426427841,-3.31511259079,6,0,43,0,1,1,0,0,1,0,0,0,0,0,0,1,1,0,1,0,0,9.6005563736,5,0,0,-3.58426427841,-3.31511259079,10.6406517029,5
152,2,14,1,1,1.5,1,,0,0,0,0,0,6,72246.0078125,11.880979538,0,16000,17.6023159027,0,11.0020999908,-3.51449966431,0.85428583622,6,0,43,0,1,1,0,1,1,1,0,0,0,1,0,0,1,0,1,0,1,9.6005563736,5,0,0,-3.58426427841,-3.31511259079,10.6406517029,6
153,1,14,1,1,1.5,1,0,0,0,0,0,0,1,171409.71875,12.7449588776,1000,38000,13.5995912552,0,11.0020999908,-2.45589351654,2.90144395828,7,0,52,0,1,1,0,0,0,0,0,0,0,0,0,0,0,0,0,0,0,12.7449588776,1,11.0020999908,0,-2.45589351654,2.90144395828,13.5995912552,1
153,2,14,1,1,1.5,1,,0,0,0,0,0,8,81995.75,12.0075702667,1850,13500,12.8082008362,10.5966348648,11.2118206024,-2.54330611229,2.90144395828,7,0,52,0,1,1,1,1,1,1,0,1,0,0,0,0,1,0,1,1,1,12.7449588776,1,11.0020999908,0,-2.45589351654,2.90144395828,13.5995912552,8
154,1,14,1,0,33,1,0,0,0,0,0,0,3,8636.23046875,9.75686836243,750,600,11.989159584,9.96175670624,11.4510498047,-0.642164349556,-3.31511259079,5,0,33,0,3,1,0,0,0,0,0,0,0,0,0,0,1,0,0,0,1,9.75686836243,3,11.4510498047,9.96175670624,-0.642164349556,-3.31511259079,11.989159584,3
154,2,14,1,0,33,1,,0,0,0,0,0,5,11929.3457031,10.0799036026,1300,900,17.6023159027,9.39266204834,8.82467746735,-3.51449966431,-3.37084650993,5,0,33,0,3,1,1,0,0,1,0,0,0,0,0,0,1,0,0,0,1,9.75686836243,3,11.4510498047,9.96175670624,-0.642164349556,-3.31511259079,11.989159584,5
155,1,14,1,0,33,1,0,0,0,0,0,0,5,63576.625,11.7531480789,2300,11750,10.5400648117,8.0709066391,6.55108261108,0.117004454136,-1.32368826866,3,0,50,0,3,0,1,0,0,1,0,0,0,0,0,0,1,0,1,0,1,11.7531480789,5,6.55108261108,8.0709066391,0.117004454136,-1.32368826866,10.5400648117,5
155,2,14,1,0,33,1,,0,0,0,0,0,7,2630242,15.475733757,4000,600900,12.0923442841,8.85366535187,7.78322410583,5.29742097855,2.90144395828,3,0,50,0,3,1,1,0,0,1,0,0,0,0,0,0,1,0,1,1,1,11.7531480789,5,6.55108261108,8.0709066391,0.117004454136,-1.32368826866,10.5400648117,7
156,1,14,1,1,1.5,0,1,0,0,0,0,0,6,15286.4248047,10.3278675079,1600,540,12.9986124039,9.90348720551,0,3.78746032715,2.90144395828,4,0,39,0,1,1,0,0,0,0,0,1,0,0,0,0,1,1,1,0,1,10.3278675079,6,0,9.90348720551,3.78746032715,2.90144395828,12.9986124039,6
157,1,14,1,1,1.5,1,0,0,0,0,0,0,3,4603.49023438,9.12771701813,1000,0,9.35876083374,0,0,1.20889723301,-3.37084650993,5,1,34,0,2,0,1,0,0,0,0,0,0,0,0,0,1,0,0,0,1,9.12771701813,3,0,0,1.20889723301,-3.37084650993,9.35876083374,3
157,2,14,1,1,1.5,1,,0,0,0,0,0,5,9499.16308594,9.85210609436,2000,0,11.3793945312,0,0,-1.32729959488,0.85428583622,5,1,34,0,2,1,1,0,1,1,0,0,0,0,0,0,1,0,0,0,1,9.12771701813,3,0,0,1.20889723301,-3.37084650993,9.35876083374,5
158,1,14,1,1,1.5,1,0,0,0,0,0,0,3,8913.45214844,9.7884645462,400,1400,9.66141605377,0,0,0.0631369501352,0.85428583622,4,0,51,0,1,0,1,0,0,0,0,0,0,0,0,0,1,0,0,0,1,9.7884645462,3,0,0,0.0631369501352,0.85428583622,9.66141605377,3
158,2,14,1,1,1.5,1,,0,0,0,0,0,4,3107,8.73456001282,600,0,10.085808754,0,7.60090255737,0.495501697063,-1.32368826866,4,0,51,0,1,0,1,0,0,0,1,0,0,0,0,0,1,0,0,0,1,9.7884645462,3,0,0,0.0631369501352,0.85428583622,9.66141605377,4
159,1,14,1,1,1.5,1,0,0,0,0,0,0,1,3639.61547852,8.89278030396,500,0,9.17988109589,0,11.4075651169,3.29773235321,0.781419277191,5,0,35,0,1,0,1,0,0,0,0,0,0,0,0,0,0,0,0,0,0,8.89278030396,1,11.4075651169,0,3.29773235321,0.781419277191,9.17988109589,1
159,2,14,1,1,1.5,1,,0,0,0,0,0,7,17060.0585938,10.4376420975,3600,0,10.2955293655,8.294049263,10.5966348648,0.772731661797,2.90144395828,5,0,35,0,1,1,0,1,1,1,0,1,0,0,0,1,1,0,1,0,1,8.89278030396,1,11.4075651169,0,3.29773235321,0.781419277191,9.17988109589,7
160,1,14,1,1,1.5,1,0,0,0,0,0,0,4,22087,10.6958913803,1800,2700,10.9886770248,8.55641365051,11.0020999908,-1.43917179108,-1.32368826866,7,0,44,0,1,1,0,0,0,0,1,1,0,0,0,0,1,0,0,0,1,10.6958913803,4,11.0020999908,8.55641365051,-1.43917179108,-1.32368826866,10.9886770248,4
160,2,14,1,1,1.5,1,,0,0,0,0,0,3,29074.8457031,10.9707756042,1400,4800,11.3169107437,10.6454248428,9.50300979614,5.87921571732,2.90144395828,7,0,44,0,1,1,0,0,1,0,0,0,0,0,0,0,0,0,0,0,1,10.6958913803,4,11.0020999908,8.55641365051,-1.43917179108,-1.32368826866,10.9886770248,3
161,1,14,1,1,1.5,1,0,0,0,0,0,0,5,10876.3847656,9.98749637604,2200,0,11.2265758514,8.9871969223,0,5.56017446518,-3.37084650993,5,0,30,0,1,1,0,1,1,1,0,0,0,0,0,0,1,0,1,0,1,9.98749637604,5,0,8.9871969223,5.56017446518,-3.37084650993,11.2265758514,5
161,2,14,1,1,1.5,1,,0,0,0,0,0,7,26513.1347656,10.8785429001,2000,2950,12.966878891,0,13.8155107498,-0.00161498598754,0.85428583622,5,0,30,0,1,1,0,0,1,1,0,0,0,0,0,1,1,0,1,1,1,9.98749637604,5,0,8.9871969223,5.56017446518,-3.37084650993,11.2265758514,7
162,1,15,3,1,3.375,1,0,0,0,1,0,0,6,11136.4902344,10.0111293793,1650,200,12.0008916855,10.6454248428,0,-2.58915734291,0.85428583622,3,0,26,0,2,1,0,0,1,1,1,0,0,0,0,0,1,0,1,1,0,10.0111293793,6,0,10.6454248428,-2.58915734291,0.85428583622,12.0008916855,6
162,2,15,3,1,3.375,1,,0,0,1,0,0,7,9498.35546875,9.85202121735,500,900,10.7144174576,11.8858671188,0,2.88337421417,0.85428583622,3,0,26,0,2,1,1,0,1,1,0,0,0,0,0,0,1,0,1,1,1,10.0111293793,6,0,10.6454248428,-2.58915734291,0.85428583622,12.0008916855,7
163,1,15,3,0,25,1,0,0,0,1,0,0,7,154996.28125,12.6443033218,29200,4600,13.7914228439,12.2060728073,0,12.1811828613,-1.26573896408,5,0,28,0,3,1,0,0,0,1,0,1,0,0,0,1,1,0,0,1,1,12.6443033218,7,0,12.2060728073,12.1811828613,-1.26573896408,13.7914228439,7
163,2,15,3,0,25,1,,0,0,1,0,0,5,37055.6914062,11.2133245468,1600,4800,13.8521318436,13.0731735229,0,0.745933353901,-7.54024505615,5,0,28,0,3,1,0,0,0,1,0,0,0,1,0,0,1,0,1,0,0,12.6443033218,7,0,12.2060728073,12.1811828613,-1.26573896408,13.7914228439,5
164,1,15,3,0,25,1,0,0,0,1,0,0,2,16832.1640625,10.4241943359,2300,0,10.8097276688,0,0,0.841559767723,2.90144395828,3,1,43,0,1,1,0,0,0,0,0,0,0,0,0,0,0,0,0,1,0,10.4241943359,2,0,0,0.841559767723,2.90144395828,10.8097276688,2
164,2,15,3,0,25,1,,0,0,1,0,0,4,18114.5,10.4976148605,3600,0,10.5105323792,9.21034049988,11.0020999908,-0.163709402084,-10.3620605469,3,1,43,0,1,1,0,0,0,1,0,0,0,0,0,0,1,0,0,1,0,10.4241943359,2,0,0,0.841559767723,2.90144395828,10.8097276688,4
165,1,15,3,1,3.375,1,0,0,0,1,0,0,5,21263.8164062,10.6579093933,4300,0,15.834777832,10.4772882462,9.90348720551,1.73023426533,-3.37084650993,6,0,68,0,2,1,0,0,0,1,0,0,0,0,0,0,1,0,1,0,1,10.6579093933,5,9.90348720551,10.4772882462,1.73023426533,-3.37084650993,15.834777832,5
165,2,15,3,1,3.375,1,,0,0,1,0,0,3,5205.375,9.2505941391,1100,0,11.3144741058,0,9.54681301117,0.745933353901,0.85428583622,6,0,68,0,2,1,0,0,1,0,0,0,0,0,0,0,0,0,0,0,1,10.6579093933,5,9.90348720551,10.4772882462,1.73023426533,-3.37084650993,15.834777832,3
166,1,15,3,1,3.375,1,0,0,0,1,0,0,4,452052.375,13.7147006989,2400,101000,11.0087442398,0,0,-4.16081428528,-1.25082182884,5,0,0,0,2,1,0,0,0,0,0,0,0,0,0,0,1,0,1,0,1,13.7147006989,4,0,0,-4.16081428528,-1.25082182884,11.0087442398,4
166,2,15,3,1,3.375,1,,0,0,1,0,0,5,28533.4707031,10.9519805908,3600,2100,10.021270752,9.99879741669,10.165851593,2.89026260376,-1.25082182884,5,0,0,0,2,1,0,0,0,1,0,0,0,0,0,0,1,0,1,0,1,13.7147006989,4,0,0,-4.16081428528,-1.25082182884,11.0087442398,5
167,1,15,3,0,25,1,0,0,0,1,0,0,5,44612.4023438,11.3989143372,5000,3500,13.1249599457,10.9331073761,0,-0.721139907837,0.781419277191,4,0,32,0,3,0,1,0,0,1,0,0,0,0,0,0,1,0,1,0,1,11.3989143372,5,0,10.9331073761,-0.721139907837,0.781419277191,13.1249599457,5
167,2,15,3,0,25,1,,0,0,1,0,0,4,24085.7792969,10.7825241089,200,0,13.0049304962,11.5521459579,9.90348720551,-1.32197713852,-1.32368826866,4,0,32,0,3,1,0,0,0,0,1,0,0,0,0,0,1,0,1,0,0,11.3989143372,5,0,10.9331073761,-0.721139907837,0.781419277191,13.1249599457,4
168,1,15,3,1,3.375,1,0,0,0,1,0,0,3,37157.8359375,11.2160768509,1200,7200,11.9355754852,7.69621276855,0,2.26172351837,0.85428583622,3,0,69,0,2,1,0,0,0,0,0,0,0,0,0,0,1,0,0,0,1,11.2160768509,3,0,7.69621276855,2.26172351837,0.85428583622,11.9355754852,3
168,2,15,3,1,3.375,1,,0,0,1,0,0,4,33439.5195312,11.1106405258,700,6800,12.1313495636,0,0,3.84955739975,-3.31511259079,3,0,69,0,2,1,0,0,1,0,0,0,0,0,0,0,1,0,0,0,1,11.2160768509,3,0,7.69621276855,2.26172351837,0.85428583622,11.9355754852,4
169,1,15,3,1,3.375,1,0,0,0,1,0,0,6,1404304.625,14.8481998444,2600,319500,11.6474561691,8.294049263,0,-2.06961679459,2.90144395828,5,0,32,0,2,0,1,0,0,1,1,0,0,0,0,0,1,1,1,0,0,14.8481998444,6,0,8.294049263,-2.06961679459,2.90144395828,11.6474561691,6
169,2,15,3,1,3.375,1,,0,0,1,0,0,5,35288.578125,11.1644620895,6050,0,11.7905569077,10.5966348648,9.21034049988,-7.26201629639,0.79633641243,5,0,32,0,2,1,1,0,1,1,0,0,0,0,0,1,1,0,0,0,0,14.8481998444,6,0,8.294049263,-2.06961679459,2.90144395828,11.6474561691,5
170,1,15,3,1,3.375,0,1,0,0,1,0,0,5,8204.01953125,9.70552635193,350,1250,10.8336811066,0,0,1.08634233475,-3.37084650993,3,0,25,0,2,1,1,0,0,0,0,0,0,0,0,0,1,0,1,0,1,9.70552635193,5,0,0,1.08634233475,-3.37084650993,10.8336811066,5
171,1,15,3,1,3.375,1,0,0,0,1,0,0,6,6081.92285156,9.40622329712,300,700,10.8704710007,0,7.60090255737,-7.52658176422,-3.37084650993,5,0,45,0,2,0,1,0,0,1,0,1,0,0,0,0,1,0,1,0,1,9.40622329712,6,7.60090255737,0,-7.52658176422,-3.37084650993,10.8704710007,6
171,2,15,3,1,3.375,1,,0,0,1,0,0,6,7585.42285156,9.62713050842,1050,0,11.812289238,0,11.9829292297,4.88159799576,-3.37084650993,5,0,45,0,2,1,1,0,0,1,0,0,0,0,0,0,1,0,1,0,1,9.40622329712,6,7.60090255737,0,-7.52658176422,-3.37084650993,10.8704710007,6
172,1,15,3,1,3.375,1,0,0,0,1,0,0,3,3691.23071289,8.90686225891,400,0,10.5713167191,0,7.60090255737,-4.29901361465,0.85428583622,2,1,45,0,1,1,0,0,0,0,0,0,0,0,0,0,0,0,1,1,0,8.90686225891,3,7.60090255737,0,-4.29901361465,0.85428583622,10.5713167191,3
172,2,15,3,1,3.375,1,,0,0,1,0,0,5,9548.49023438,9.85728549957,1800,0,16.121011734,0,8.69951438904,-1.74629867077,0.85428583622,2,1,45,0,1,0,1,0,1,1,0,0,0,0,0,0,1,0,1,0,1,8.90686225891,3,7.60090255737,0,-4.29901361465,0.85428583622,10.5713167191,5
173,1,15,3,0,25,1,0,0,0,1,0,0,3,4345,9.06992816925,1000,0,9.86266517639,0,0,-0.191277340055,-1.32368826866,4,1,42,0,3,0,1,0,0,0,0,0,0,0,0,0,1,0,0,0,1,9.06992816925,3,0,0,-0.191277340055,-1.32368826866,9.86266517639,3
173,2,15,3,0,25,1,,0,0,1,0,0,3,9742.55761719,9.8774061203,2200,0,10.0432491302,9.03598690033,0,3.11787223816,-5.42022037506,4,1,42,0,3,1,0,0,0,0,0,0,0,0,0,0,1,0,0,0,1,9.06992816925,3,0,0,-0.191277340055,-1.32368826866,9.86266517639,3
174,1,16,2,1,1.5,1,0,1,0,0,0,0,4,11972.2021484,10.0834903717,2500,0,11.9620885849,6.68461322784,8.69951438904,-5.34574890137,-3.31511259079,3,1,78,0,2,1,0,0,0,1,0,0,0,0,0,0,1,0,0,0,1,10.0834903717,4,8.69951438904,6.68461322784,-5.34574890137,-3.31511259079,11.9620885849,4
174,2,16,2,1,1.5,1,,1,0,0,0,0,7,14905.8847656,10.3026580811,2900,0,10.5078039169,0,0,9.27756309509,-3.37084650993,3,1,78,0,2,1,1,1,1,0,1,0,0,0,0,0,1,0,1,0,1,10.0834903717,4,8.69951438904,6.68461322784,-5.34574890137,-3.31511259079,11.9620885849,7
175,1,16,2,1,1.5,1,0,1,0,0,0,0,2,10935.6826172,9.99293327332,1200,400,13.841958046,8.0709066391,0,6.98227071762,0.85428583622,8,0,57,0,2,0,1,0,0,0,0,0,0,0,0,0,1,0,0,0,0,9.99293327332,2,0,8.0709066391,6.98227071762,0.85428583622,13.841958046,2
175,2,16,2,1,1.5,1,,1,0,0,0,0,3,6850.11523438,9.52516746521,900,500,11.0635080338,8.47637081146,8.51719284058,0.201922148466,-7.54024505615,8,0,57,0,2,0,1,0,0,0,0,0,0,0,0,0,1,0,0,0,1,9.99293327332,2,0,8.0709066391,6.98227071762,0.85428583622,13.841958046,3
176,1,16,2,1,1.5,1,0,1,0,0,0,0,3,7260.625,9.58336830139,1600,0,10.4940481186,9.03598690033,0,4.21549844742,-0.812853574753,6,1,37,0,2,0,1,0,0,0,0,0,0,0,0,0,1,0,0,0,1,9.58336830139,3,0,9.03598690033,4.21549844742,-0.812853574753,10.4940481186,3
176,2,16,2,1,1.5,1,,1,0,0,0,0,7,12252.1484375,10.1066036224,1280,0,9.45720005035,9.65502643585,0,9.8189239502,-3.37084650993,6,1,37,0,2,1,1,1,0,1,1,0,0,0,0,0,1,0,1,0,1,9.58336830139,3,0,9.03598690033,4.21549844742,-0.812853574753,10.4940481186,7
177,1,16,2,0,37,1,0,1,0,0,0,0,4,5179.76904297,9.24566268921,1100,0,10.8237705231,0,0,-6.98369073868,2.90144395828,3,0,90,0,3,0,1,0,0,0,0,0,0,0,0,0,1,0,1,1,0,9.24566268921,4,0,0,-6.98369073868,2.90144395828,10.8237705231,4
177,2,16,2,0,37,1,,1,0,0,0,0,5,8105.09619141,9.69339561462,1750,0,11.7035455704,0,0,4.61064195633,2.90144395828,3,0,90,0,3,1,1,0,0,0,0,0,0,0,0,0,1,0,0,1,1,9.24566268921,4,0,0,-6.98369073868,2.90144395828,10.8237705231,5
178,1,16,2,0,37,1,0,1,0,0,0,0,,7252,9.58218002319,700,900,10.6261940002,0,0,-2.74436974525,-3.37084650993,6,1,27,0,2,0,0,0,0,0,0,0,0,0,0,0,1,888,0,0,0,9.58218002319,1,0,0,-2.74436974525,-3.37084650993,10.6261940002,1
178,2,16,2,0,37,1,,1,0,0,0,0,3,3920.75,8.96718502045,300,0,16.3813209534,8.0709066391,0,3.42273378372,0.781419277191,6,1,27,0,2,1,0,0,0,0,0,0,0,0,0,0,1,0,0,0,1,9.58218002319,1,0,0,-2.74436974525,-3.37084650993,10.6261940002,3
179,1,16,2,0,37,1,0,1,0,0,0,0,2,10116.6826172,9.91508865356,2000,0,11.0316581726,0,7.09007740021,1.25474846363,-3.31511259079,6,0,45,0,3,0,1,0,0,0,0,0,0,0,0,0,0,0,0,0,1,9.91508865356,2,7.09007740021,0,1.25474846363,-3.31511259079,11.0316581726,2
179,2,16,2,0,37,1,,1,0,0,0,0,6,13860.875,10.2299728394,1800,700,11.3290023804,7.60090255737,9.90348720551,7.23890542984,-3.37084650993,6,0,45,0,3,1,1,0,0,0,0,0,0,0,0,0,1,0,1,1,1,9.91508865356,2,7.09007740021,0,1.25474846363,-3.31511259079,11.0316581726,6
180,1,16,2,1,1.5,1,0,1,0,0,0,0,5,18615.8457031,10.5249156952,3700,0,11.9069929123,7.93737459183,9.39266204834,2.39625430107,-1.26573896408,4,0,37,0,1,1,1,0,0,0,1,0,0,0,0,0,1,0,0,0,1,10.5249156952,5,9.39266204834,7.93737459183,2.39625430107,-1.26573896408,11.9069929123,5
180,2,16,2,1,1.5,1,,1,0,0,0,0,7,91620.3359375,12.1185560226,900,20000,10.7032442093,0,9.90348720551,8.56646633148,2.90144395828,4,0,37,0,1,1,1,1,1,1,0,0,0,0,0,0,1,0,1,1,1,10.5249156952,5,9.39266204834,7.93737459183,2.39625430107,-1.26573896408,11.9069929123,7
181,1,16,2,1,1.5,1,0,1,0,0,0,0,,14504,10.2753267288,200,3000,12.6609630585,0,8.9871969223,1.46028017998,-4.0875544548,5,0,57,0,2,1,999,0,0,0,0,0,0,0,0,0,1,0,0,0,1,10.2753267288,3,8.9871969223,0,1.46028017998,-4.0875544548,12.6609630585,3
181,2,16,2,1,1.5,1,,1,0,0,0,0,3,121891.554688,12.4040346146,5650,18950,10.4516086578,8.93590354919,8.00636768341,2.94816327095,-1.26573896408,5,0,57,0,2,0,0,0,0,0,1,1,0,0,0,0,1,0,0,0,1,10.2753267288,3,8.9871969223,0,1.46028017998,-4.0875544548,12.6609630585,3
182,1,16,2,1,1.5,1,0,1,0,0,0,0,5,20243.875,10.6087551117,600,3400,13.7757301331,9.03598690033,0,0.506867051125,-1.26573896408,5,1,70,0,2,1,1,0,0,0,1,0,0,0,0,0,1,0,0,0,1,10.6087551117,5,0,9.03598690033,0.506867051125,-1.26573896408,13.7757301331,5
182,2,16,2,1,1.5,1,,1,0,0,0,0,3,16474.8847656,10.4027395248,100,3000,12.0816421509,9.37585449219,8.69951438904,0.318269312382,-1.32368826866,5,1,70,0,2,0,1,0,0,0,0,0,0,0,0,0,1,0,0,0,1,10.6087551117,5,0,9.03598690033,0.506867051125,-1.26573896408,13.7757301331,3
183,1,16,2,1,1.5,1,0,1,0,0,0,0,5,15657.0957031,10.3518266678,3100,0,11.3828163147,0,8.294049263,-0.137473285198,-2.68721103668,4,0,60,0,2,1,0,0,0,1,0,0,0,0,0,0,1,0,1,0,1,10.3518266678,5,8.294049263,0,-0.137473285198,-2.68721103668,11.3828163147,5
183,2,16,2,1,1.5,1,,1,0,0,0,0,6,42596.0976562,11.3526649475,1700,7400,10.6712779999,9.54681301117,10.8197784424,3.92766356468,-3.37084650993,4,0,60,0,2,1,1,0,1,0,0,0,0,0,0,0,1,0,1,0,1,10.3518266678,5,8.294049263,0,-0.137473285198,-2.68721103668,11.3828163147,6
184,1,16,2,1,1.5,1,0,1,0,0,0,0,6,11319.0224609,10.027387619,1300,300,11.9716157913,9.16951847076,8.9871969223,-0.796684384346,-1.25082182884,5,0,34,0,2,1,0,0,0,1,0,0,0,0,0,0,1,0,1,1,1,10.027387619,6,8.9871969223,9.16951847076,-0.796684384346,-1.25082182884,11.9716157913,6
184,2,16,2,1,1.5,1,,1,0,0,0,0,8,2771147.5,15.5279188156,1500,633750,13.1025686264,10.4573726654,10.3734912872,8.15685939789,2.90144395828,5,0,34,0,2,1,1,1,1,0,0,1,0,0,0,0,1,0,1,1,1,10.027387619,6,8.9871969223,9.16951847076,-0.796684384346,-1.25082182884,11.9716157913,8
185,1,16,2,0,37,1,0,1,0,0,0,0,4,87072,12.0676374435,3600,12000,12.7254619598,0,10.6065855026,6.03630304337,-1.26795446873,7,0,51,0,3,1,0,0,0,1,0,0,0,0,0,0,1,0,0,0,1,12.0676374435,4,10.6065855026,0,6.03630304337,-1.26795446873,12.7254619598,4
185,2,16,2,0,37,1,,1,0,0,0,0,7,28900.0488281,10.9647455215,2300,4000,12.0833396912,0,0,9.8317899704,2.90144395828,7,0,51,0,3,1,1,0,0,1,0,0,0,0,0,0,1,1,1,0,1,12.0676374435,4,10.6065855026,0,6.03630304337,-1.26795446873,12.7254619598,7
186,1,17,2,1,3.375,1,0,0,0,0,0,0,5,3098.50952148,8.7318239212,150,200,17.4067611694,0,10.5966348648,-8.34092712402,0.781419277191,5,0,32,0,2,1,0,0,1,1,0,0,0,0,0,0,1,0,1,0,1,8.7318239212,5,10.5966348648,0,-8.34092712402,0.781419277191,17.4067611694,5
186,2,17,2,1,3.375,1,,0,0,0,0,0,5,31917.9609375,11.0640716553,100,1200,10.9852924347,6.68461322784,11.7440376282,4.90916585922,-1.32368826866,5,0,32,0,2,1,0,0,1,0,0,0,1,0,0,0,1,0,0,0,1,8.7318239212,5,10.5966348648,0,-8.34092712402,0.781419277191,17.4067611694,5
187,1,17,2,1,3.375,1,0,0,0,0,0,0,5,27865.9609375,10.9283084869,2000,3250,11.505900383,7.86326694489,9.21034049988,-1.00541341305,-1.26573896408,4,0,31,0,2,1,0,0,0,1,0,0,0,0,0,0,1,0,1,1,0,10.9283084869,5,9.21034049988,7.86326694489,-1.00541341305,-1.26573896408,11.505900383,5
187,2,17,2,1,3.375,1,,0,0,0,0,0,6,55932.9804688,11.6250562668,900,11000,12.164730072,8.294049263,11.0020999908,8.46148204803,0.85428583622,4,0,31,0,2,1,1,0,1,1,0,0,0,0,0,0,1,0,0,1,1,10.9283084869,5,9.21034049988,7.86326694489,-1.00541341305,-1.26573896408,11.505900383,6
188,1,17,2,0,36.5,1,0,0,0,0,0,0,4,152413.546875,12.6274995804,4300,30000,12.5783252716,8.0709066391,0,-2.47009325027,2.90144395828,7,0,41,0,3,1,0,0,1,1,0,0,0,0,0,0,1,0,1,0,0,12.6274995804,4,0,8.0709066391,-2.47009325027,2.90144395828,12.5783252716,4
188,2,17,2,0,36.5,1,,0,0,0,0,0,4,24779.7109375,10.8109273911,2000,3000,9.53242397308,0,0,3.53560805321,0.79633641243,7,0,41,0,3,1,0,0,0,1,0,0,0,0,0,0,1,0,0,0,1,12.6274995804,4,0,8.0709066391,-2.47009325027,2.90144395828,12.5783252716,4
189,1,17,2,0,36.5,0,1,0,0,0,0,0,8,14266.5380859,10.2588195801,1450,1050,12.4745721817,10.8197784424,11.7519426346,2.56231760979,0.85428583622,3,0,29,0,2,1,1,0,0,1,0,1,0,1,0,0,1,0,1,0,1,10.2588195801,8,11.7519426346,10.8197784424,2.56231760979,0.85428583622,12.4745721817,8
190,1,17,2,1,3.375,1,0,0,0,0,0,0,6,5263.05761719,9.2616147995,350,750,11.9703502655,8.294049263,0,-4.88805770874,-1.26573896408,7,0,39,0,1,1,1,0,0,1,0,0,0,0,0,1,1,0,0,0,1,9.2616147995,6,0,8.294049263,-4.88805770874,-1.26573896408,11.9703502655,6
190,2,17,2,1,3.375,1,,0,0,0,0,0,6,45202.2890625,11.4120502472,1550,8500,9.60238265991,8.9871969223,0,7.56119680405,-3.37084650993,7,0,39,0,1,1,1,1,0,0,0,0,0,0,0,0,0,0,1,1,1,9.2616147995,6,0,8.294049263,-4.88805770874,-1.26573896408,11.9703502655,6
191,1,17,2,1,3.375,1,0,0,0,0,0,0,2,8497.27929688,9.74064826965,700,1200,9.48797225952,0,0,-0.924561321735,0.781419277191,3,1,30,0,1,0,0,0,0,0,0,0,0,0,0,0,1,0,0,0,1,9.74064826965,2,0,0,-0.924561321735,0.781419277191,9.48797225952,2
191,2,17,2,1,3.375,1,,0,0,0,0,0,6,10291.9960938,9.93226909637,600,1170,8.66561317444,8.294049263,0,4.76896286011,-3.37084650993,3,1,30,0,1,1,1,0,1,1,0,0,0,0,0,0,1,0,1,0,1,9.74064826965,2,0,0,-0.924561321735,0.781419277191,9.48797225952,6
192,1,17,2,1,3.375,1,0,0,0,0,0,0,2,2704.03857422,8.59564876556,0,0,9.28730106354,0,0,-0.751795649529,0.85428583622,6,0,30,0,2,0,1,0,0,0,0,0,0,0,0,0,0,0,0,0,1,8.59564876556,2,0,0,-0.751795649529,0.85428583622,9.28730106354,2
192,2,17,2,1,3.375,1,,0,0,0,0,0,5,13650.9042969,10.2147083282,0,2800,9.16951847076,6.39693260193,8.47637081146,3.90009593964,-1.25082182884,6,0,30,0,2,1,1,0,0,1,0,0,0,0,0,0,1,0,0,0,1,8.59564876556,2,0,0,-0.751795649529,0.85428583622,9.28730106354,5
193,1,17,2,1,3.375,1,0,0,0,0,0,0,2,1603.5,8.07309150696,0,300,12.4227952957,9.21034049988,0,-3.58426427841,2.90144395828,7,0,59,0,1,0,0,0,0,0,0,0,0,0,0,0,1,0,0,0,1,8.07309150696,2,0,9.21034049988,-3.58426427841,2.90144395828,12.4227952957,2
193,2,17,2,1,3.375,1,,0,0,0,0,0,4,46757.8085938,11.4458837509,4950,5700,13.385342598,8.9871969223,0,3.5003888607,-1.25082182884,7,0,59,0,1,1,0,0,0,0,0,0,0,0,0,0,1,0,0,1,1,8.07309150696,2,0,9.21034049988,-3.58426427841,2.90144395828,12.4227952957,4
194,1,17,2,1,3.375,1,0,0,0,0,0,0,6,15269.7695312,10.3267774582,1800,1000,12.4347848892,10.3089523315,0,-0.852209091187,-3.37084650993,5,0,74,0,1,1,1,0,0,1,0,0,0,0,0,0,1,0,1,0,1,10.3267774582,6,0,10.3089523315,-0.852209091187,-3.37084650993,12.4347848892,6
194,2,17,2,1,3.375,1,,0,0,0,0,0,6,21737.6738281,10.6799497604,1200,2600,12.0617866516,10.691945076,5.29834222794,6.44692420959,2.90144395828,5,0,74,0,1,1,1,0,1,1,0,0,0,0,1,0,1,0,0,0,1,10.3267774582,6,0,10.3089523315,-0.852209091187,-3.37084650993,12.4347848892,6
195,1,17,2,1,3.375,1,0,0,0,0,0,0,4,1566.4375,8.04970645905,200,0,9.37585449219,0,0,-1.48346340656,-3.37084650993,7,0,41,0,2,0,1,0,0,1,0,0,0,0,0,0,1,0,0,0,1,8.04970645905,4,0,0,-1.48346340656,-3.37084650993,9.37585449219,4
195,2,17,2,1,3.375,1,,0,0,0,0,0,3,91185.1640625,12.1137943268,3200,17200,9.21034049988,0,0,7.56119680405,-3.37084650993,7,0,41,0,2,1,1,0,0,0,0,0,0,0,0,0,1,0,0,0,0,8.04970645905,4,0,0,-1.48346340656,-3.37084650993,9.37585449219,3
196,1,17,2,0,36.5,1,0,0,0,0,0,0,5,16766.3945312,10.4202785492,1600,700,10.7789564133,8.51719284058,0,-5.66789865494,0.79633641243,5,1,54,0,1,1,1,0,0,0,0,0,0,0,0,0,1,0,0,1,1,10.4202785492,5,0,8.51719284058,-5.66789865494,0.79633641243,10.7789564133,5
196,2,17,2,0,36.5,1,,0,0,0,0,0,3,55226.6484375,11.6123476028,6000,4650,10.529425621,0,11.6952466965,10.7476434708,0.85428583622,5,1,54,0,1,0,1,1,1,0,0,0,0,0,0,0,1,0,0,0,0,10.4202785492,5,0,8.51719284058,-5.66789865494,0.79633641243,10.7789564133,3
197,1,17,2,0,36.5,1,0,0,0,0,0,0,6,9606.57714844,9.86335086823,0,1800,10.0345153809,0,0,-5.06247806549,0.85428583622,1,0,18,0,3,1,1,0,0,1,0,0,0,0,0,0,1,0,1,0,1,9.86335086823,6,0,0,-5.06247806549,0.85428583622,10.0345153809,6
197,2,17,2,0,36.5,1,,0,0,0,0,0,4,7825.58642578,9.65830135345,1400,0,9.68657493591,0,0,4.82075119019,2.90144395828,1,0,18,0,3,0,1,0,0,1,0,0,0,0,0,0,1,0,0,0,1,9.86335086823,6,0,0,-5.06247806549,0.85428583622,10.0345153809,4
198,1,18,3,0,43,1,0,0,0,0,1,0,7,49043.0195312,11.4935998917,4400,1900,12.6685476303,9.28730106354,0,7.46008396149,2.90144395828,4,0,32,0,3,1,0,0,0,1,1,0,0,0,0,0,1,0,1,1,1,11.4935998917,7,0,9.28730106354,7.46008396149,2.90144395828,12.6685476303,7
198,2,18,3,0,43,1,,0,0,0,1,0,7,28041.1542969,10.9345760345,6000,0,11.150519371,0,0,9.4476518631,-3.31511259079,4,0,32,0,3,1,0,1,1,0,1,0,0,0,0,0,1,0,1,1,1,11.4935998917,7,0,9.28730106354,7.46008396149,2.90144395828,12.6685476303,7
199,1,18,3,0,43,1,0,0,0,0,1,0,5,179631.78125,12.7918119431,350,40600,10.2887496948,10.49127388,9.90348720551,2.48366713524,2.90144395828,3,0,30,0,1,1,1,0,0,1,0,0,0,0,0,0,1,0,0,0,1,12.7918119431,5,9.90348720551,10.49127388,2.48366713524,2.90144395828,10.2887496948,5
199,2,18,3,0,43,1,,0,0,0,1,0,2,5527.07714844,9.31056118011,500,0,8.38935947418,0,11.0020999908,6.21195697784,0.85428583622,3,0,30,0,1,0,0,0,0,0,0,0,0,0,0,0,1,0,0,0,1,12.7918119431,5,9.90348720551,10.49127388,2.48366713524,2.90144395828,10.2887496948,2
200,1,18,3,1,6.875,1,0,0,0,0,1,0,2,62596.0390625,11.7376041412,13600,0,12.5098743439,9.044049263,9.21034049988,-0.542425215244,-1.26573896408,4,0,41,0,1,0,1,0,0,0,0,0,0,0,0,0,0,0,0,0,1,11.7376041412,2,9.21034049988,9.044049263,-0.542425215244,-1.26573896408,12.5098743439,2
200,2,18,3,1,6.875,1,,0,0,0,1,0,7,126784.53125,12.4433917999,25900,1000,12.2940835953,8.294049263,0,6.21195697784,-6.19266223907,4,0,41,0,1,1,0,0,1,1,1,0,0,0,0,0,1,0,1,1,1,11.7376041412,2,9.21034049988,9.044049263,-0.542425215244,-1.26573896408,12.5098743439,7
201,1,18,3,1,6.875,1,0,0,0,0,1,0,,234592.9375,13.0587539673,200,53000,12.7483968735,0,10.5966348648,3.99477124214,2.90144395828,6,0,39,0,1,1,1,0,0,0,0,0,888,0,0,0,1,1,1,0,1,13.0587539673,6,10.5966348648,0,3.99477124214,2.90144395828,12.7483968735,6
201,2,18,3,1,6.875,1,,0,0,0,1,0,5,33169.4414062,11.1025314331,3200,3700,13.0562238693,9.74096870422,9.90348720551,3.48584866524,-1.26573896408,6,0,39,0,1,1,1,0,0,1,0,0,0,0,0,0,1,0,1,0,0,13.0587539673,6,10.5966348648,0,3.99477124214,2.90144395828,12.7483968735,5
202,1,18,3,1,6.875,1,0,0,0,0,1,0,3,4345,9.06992816925,1000,0,13.2575931549,0,0,-2.78725671768,0.85428583622,6,0,52,0,1,0,1,0,0,0,0,0,0,0,0,0,1,0,0,0,1,9.06992816925,3,0,0,-2.78725671768,0.85428583622,13.2575931549,3
202,2,18,3,1,6.875,1,,0,0,0,1,0,4,37956.2226562,11.2373361588,8200,0,11.9804258347,0,0,2.74464082718,0.85428583622,6,0,52,0,1,1,0,0,1,1,0,0,0,0,0,0,1,0,0,0,1,9.06992816925,3,0,0,-2.78725671768,0.85428583622,13.2575931549,4
203,1,18,3,0,43,1,0,0,0,0,1,0,6,36073.3476562,11.1864566803,2950,2850,12.2718420029,0,8.00636768341,6.15017175674,0.79633641243,7,0,54,0,3,0,1,0,0,1,0,0,0,0,0,0,1,1,1,0,1,11.1864566803,6,8.00636768341,0,6.15017175674,0.79633641243,12.2718420029,6
203,2,18,3,0,43,1,,0,0,0,1,0,8,11313.7119141,10.0269174576,950,0,14.1080312729,7.60090255737,0,10.4529209137,-7.54024505615,7,0,54,0,3,1,1,1,0,0,1,1,0,0,0,0,1,0,1,1,1,11.1864566803,6,8.00636768341,0,6.15017175674,0.79633641243,12.2718420029,8
204,1,18,3,1,6.875,1,0,0,0,0,1,0,2,3526.13452148,8.86110496521,100,0,14.7366695404,0,0,-2.52565789223,2.90144395828,5,1,49,0,1,0,1,0,1,1,0,0,0,0,0,0,0,0,0,0,0,8.86110496521,2,0,0,-2.52565789223,2.90144395828,14.7366695404,2
204,2,18,3,1,6.875,1,,0,0,0,1,0,4,18757.3554688,10.5324888229,500,3500,11.5785255432,9.21034049988,9.58877658844,1.23437857628,-1.32368826866,5,1,49,0,1,1,1,0,0,0,0,0,0,0,0,0,1,1,0,0,0,8.86110496521,2,0,0,-2.52565789223,2.90144395828,14.7366695404,4
205,1,18,3,1,6.875,1,0,0,0,0,1,0,7,26043.5957031,10.8606739044,1200,3200,13.0430860519,11.0020999908,0,6.91405487061,0.85428583622,6,0,54,0,1,1,1,0,0,1,0,0,0,0,0,0,1,0,1,1,1,10.8606739044,7,0,11.0020999908,6.91405487061,0.85428583622,13.0430860519,7
205,2,18,3,1,6.875,1,,0,0,0,1,0,6,108037.945312,12.2833852768,1050,22500,13.0865287781,8.294049263,12.8992195129,3.85087490082,-1.32368826866,6,0,54,0,1,1,0,0,1,1,0,1,0,0,0,0,1,0,1,1,0,10.8606739044,7,0,11.0020999908,6.91405487061,0.85428583622,13.0430860519,6
206,1,18,3,1,6.875,1,0,0,0,0,1,0,3,3792.30761719,8.93387699127,650,0,10.1425046921,8.69951438904,9.54681301117,-0.214966669679,2.90144395828,8,0,38,0,1,0,1,0,0,0,0,0,0,0,0,0,1,0,0,0,1,8.93387699127,3,9.54681301117,8.69951438904,-0.214966669679,2.90144395828,10.1425046921,3
206,2,18,3,1,6.875,1,,0,0,0,1,0,7,113458.140625,12.3323364258,13200,11500,13.209274292,11.097410202,10.4573726654,7.96163654327,2.90144395828,8,0,38,0,1,1,0,1,1,1,1,0,0,0,0,1,1,0,1,0,1,8.93387699127,3,9.54681301117,8.69951438904,-0.214966669679,2.90144395828,10.1425046921,7
207,1,18,3,1,6.875,1,0,0,0,0,1,0,5,37864.3085938,11.234910965,400,7700,12.7991228104,0,0,2.53545546532,-1.32368826866,7,0,0,0,1,1,0,0,0,0,0,0,0,0,0,0,1,1,0,1,1,11.234910965,5,0,0,2.53545546532,-1.32368826866,12.7991228104,5
207,2,18,3,1,6.875,1,,0,0,0,1,0,5,69044.265625,11.835650444,1200,13600,15.3260116577,11.8775682449,0,2.60667324066,2.90144395828,7,0,0,0,1,1,1,0,0,1,0,0,0,0,0,0,0,1,1,0,0,11.234910965,5,0,0,2.53545546532,-1.32368826866,12.7991228104,5
208,1,18,3,0,43,1,0,0,0,0,1,0,5,15855.75,10.3644342422,3350,0,10.9472913742,0,9.39266204834,-2.38498520851,0.85428583622,4,0,61,0,1,0,1,0,0,0,1,0,1,0,0,0,1,0,0,0,1,10.3644342422,5,9.39266204834,0,-2.38498520851,0.85428583622,10.9472913742,5
208,2,18,3,0,43,1,,0,0,0,1,0,4,25010.4707031,10.8201971054,100,2000,10.7450551987,7.60090255737,0,3.48584866524,-1.96752977371,4,0,61,0,1,1,1,0,0,0,0,0,0,0,0,0,1,0,0,0,1,10.3644342422,5,9.39266204834,0,-2.38498520851,0.85428583622,10.9472913742,4
209,1,18,3,1,6.875,1,0,0,0,0,1,0,4,31916.8847656,11.064037323,900,6250,12.7501392365,8.0709066391,0,-1.7338950634,-4.0875544548,3,0,25,0,1,1,1,0,0,0,0,0,0,0,0,0,1,0,1,0,0,11.064037323,4,0,8.0709066391,-1.7338950634,-4.0875544548,12.7501392365,4
209,2,18,3,1,6.875,1,,0,0,0,1,0,7,14387.2880859,10.2672472,100,3000,12.0713977814,7.60090255737,0,6.65455102921,0.85428583622,3,0,25,0,1,1,1,0,0,1,1,1,0,0,0,0,1,0,1,0,1,11.064037323,4,0,8.0709066391,-1.7338950634,-4.0875544548,12.7501392365,7
210,1,19,1,1,2.25,1,0,0,0,0,1,0,1,0,5.29834222794,0,0,10.1345996857,9.68034362793,9.90348720551,-1.10045313835,0.85428583622,4,1,45,0,3,0,1,0,0,0,0,0,0,0,0,0,0,0,0,0,0,5.29834222794,1,9.90348720551,9.68034362793,-1.10045313835,0.85428583622,10.1345996857,1
210,2,19,1,1,2.25,1,,0,0,0,1,0,4,7125.26171875,9.56454849243,500,440,10.922334671,0,10.49127388,-3.10276579857,0.85428583622,4,1,45,0,3,1,0,0,0,1,0,1,0,0,0,0,1,0,0,0,0,5.29834222794,1,9.90348720551,9.68034362793,-1.10045313835,0.85428583622,10.1345996857,4
211,1,19,1,0,24.5,1,0,0,0,0,1,0,6,43941.6445312,11.3837652206,2800,6800,11.6421976089,11.0020999908,8.8818359375,-3.35503530502,2.90144395828,6,0,37,0,3,0,1,0,1,1,0,1,0,0,0,1,1,0,1,0,0,11.3837652206,6,8.8818359375,11.0020999908,-3.35503530502,2.90144395828,11.6421976089,6
211,2,19,1,0,24.5,1,,0,0,0,1,0,8,118898.34375,12.3791713715,12960,8600,13.5066728592,9.21034049988,0,-7.7469997406,2.90144395828,6,0,37,0,3,1,1,0,1,1,1,1,0,1,0,0,0,0,1,1,1,11.3837652206,6,8.8818359375,11.0020999908,-3.35503530502,2.90144395828,11.6421976089,8
212,1,19,1,1,2.25,1,0,0,0,0,1,0,4,5311.30761719,9.27074050903,700,0,13.5342082977,10.1266307831,0,-2.54037976265,-1.25082182884,5,0,35,0,3,1,1,0,0,0,0,0,0,0,0,0,1,0,0,1,0,9.27074050903,4,0,10.1266307831,-2.54037976265,-1.25082182884,13.5342082977,4
212,2,19,1,1,2.25,1,,0,0,0,1,0,5,33164.328125,11.1023769379,4500,0,11.161948204,7.49554204941,10.1266307831,-7.0387711525,0.85428583622,5,0,35,0,3,1,0,0,1,1,0,0,0,0,0,0,1,0,0,1,1,9.27074050903,4,0,10.1266307831,-2.54037976265,-1.25082182884,13.5342082977,5
213,1,19,1,1,2.25,1,0,0,0,0,1,0,7,17819.8945312,10.481218338,2200,1600,11.1476421356,0,0,-0.136380717158,0.85428583622,6,0,42,0,2,0,0,0,1,0,1,0,0,0,0,1,1,1,1,0,1,10.481218338,7,0,0,-0.136380717158,0.85428583622,11.1476421356,7
213,2,19,1,1,2.25,1,,0,0,0,1,0,5,10852.3945312,9.98528862,1800,0,11.9388465881,8.69951438904,0,4.58687496185,-3.37084650993,6,0,42,0,2,1,0,1,1,1,0,0,0,0,0,0,1,0,1,0,1,10.481218338,7,0,0,-0.136380717158,0.85428583622,11.1476421356,5
214,1,19,1,1,2.25,1,0,0,0,0,1,0,5,3133.41357422,8.74302577972,200,500,10.9954109192,8.00636768341,0,-6.42178487778,0.85428583622,4,1,44,0,2,1,0,0,0,1,0,0,0,0,0,0,1,0,1,0,1,8.74302577972,5,0,8.00636768341,-6.42178487778,0.85428583622,10.9954109192,5
214,2,19,1,1,2.25,1,,0,0,0,1,0,6,26929.9707031,10.8941421509,2300,3000,9.95227813721,11.1844215393,8.294049263,3.5003888607,2.90144395828,4,1,44,0,2,1,1,0,0,1,0,0,0,0,0,0,1,0,1,0,1,8.74302577972,5,0,8.00636768341,-6.42178487778,0.85428583622,10.9954109192,6
215,1,19,1,1,2.25,1,0,0,0,0,1,0,5,19746.3085938,10.5838689804,750,2450,12.0656604767,12.1007118225,0,-7.79922056198,-3.31511259079,4,0,32,0,3,0,1,0,0,1,0,0,0,0,0,0,1,0,1,0,1,10.5838689804,5,0,12.1007118225,-7.79922056198,-3.31511259079,12.0656604767,5
215,2,19,1,1,2.25,1,,0,0,0,1,0,7,48279.3945312,11.4779071808,3800,4600,13.5706329346,11.512925148,0,3.60537266731,2.90144395828,4,0,32,0,3,1,0,0,0,1,0,0,1,1,0,0,1,0,1,1,1,10.5838689804,5,0,12.1007118225,-7.79922056198,-3.31511259079,12.0656604767,7
216,1,19,1,1,2.25,1,0,0,0,0,1,0,0,34156.9023438,11.1318674088,7100,0,9.47270488739,0,0,3.34727334976,-1.25082182884,4,0,30,0,2,0,0,0,0,0,0,0,0,0,0,0,0,0,0,0,0,11.1318674088,0,0,0,3.34727334976,-1.25082182884,9.47270488739,0
216,2,19,1,1,2.25,1,,0,0,0,1,0,5,19622.7207031,10.5775909424,1800,1600,11.9090137482,9.7111158371,0,3.20046687126,0.85428583622,4,0,30,0,2,1,1,0,0,0,0,0,0,0,0,0,1,0,1,0,1,11.1318674088,0,0,0,3.34727334976,-1.25082182884,9.47270488739,5
217,1,19,1,0,24.5,1,0,0,0,0,1,0,4,89663.078125,12.0969619751,0,15500,13.0960197449,0,0,-3.71929979324,0.781419277191,9,0,56,0,3,1,0,0,0,1,0,0,0,0,0,0,1,0,1,0,0,12.0969619751,4,0,0,-3.71929979324,0.781419277191,13.0960197449,4
217,2,19,1,0,24.5,1,,0,0,0,1,0,,31614.0585938,11.0545043945,900,5500,12.924156189,0,0,11.2085981369,0.85428583622,9,0,56,0,3,1,1,0,1,0,0,0,999,0,0,0,1,1,1,1,1,12.0969619751,4,0,0,-3.71929979324,0.781419277191,13.0960197449,8
218,1,19,1,0,24.5,1,0,0,0,0,1,0,2,34420.921875,11.1395673752,4200,2750,12.8114805222,0,11.512925148,-1.8931671381,0.79633641243,8,0,51,0,3,0,0,0,0,0,0,0,0,0,0,0,1,0,0,0,1,11.1395673752,2,11.512925148,0,-1.8931671381,0.79633641243,12.8114805222,2
218,2,19,1,0,24.5,1,,0,0,0,1,0,7,180455.140625,12.7963848114,27500,7000,12.7651166916,11.512925148,0,11.1552610397,2.90144395828,8,0,51,0,3,1,1,0,0,0,0,0,0,0,0,1,1,0,1,1,1,11.1395673752,2,11.512925148,0,-1.8931671381,0.79633641243,12.8114805222,7
219,1,19,1,1,2.25,1,0,0,0,0,1,0,4,13484.8652344,10.2024707794,2700,0,10.681435585,9.90348720551,0,7.41874599457,-3.37084650993,5,1,47,0,1,1,0,1,0,0,0,1,0,0,0,0,1,0,0,0,0,10.2024707794,4,0,9.90348720551,7.41874599457,-3.37084650993,10.681435585,4
219,2,19,1,1,2.25,1,,0,0,0,1,0,7,7686.23095703,9.64033317566,1600,0,11.54829216,8.69951438904,0,-5.35801124573,0.85428583622,5,1,47,0,1,1,1,0,0,1,0,1,0,0,0,1,1,0,0,0,1,10.2024707794,4,0,9.90348720551,7.41874599457,-3.37084650993,10.681435585,7
220,1,19,1,0,24.5,1,0,0,0,0,1,0,3,20705.0585938,10.631280899,1400,3100,11.9110298157,9.68034362793,0,-1.48346340656,-1.32368826866,3,1,36,0,3,0,1,0,0,1,0,0,0,0,0,0,1,0,0,0,0,10.631280899,3,0,9.68034362793,-1.48346340656,-1.32368826866,11.9110298157,3
220,2,19,1,0,24.5,1,,0,0,0,1,0,5,11747.1347656,10.0645122528,600,1800,10.5453414917,0,0,-3.77780437469,0.85428583622,3,1,36,0,3,1,1,0,0,1,0,0,0,0,0,0,1,0,0,0,1,10.631280899,3,0,9.68034362793,-1.48346340656,-1.32368826866,11.9110298157,5
221,1,19,1,1,2.25,1,0,0,0,0,1,0,6,7251.73095703,9.5821428299,0,1250,13.0017766953,0,10.5966348648,4.1871676445,-3.37084650993,4,1,64,0,3,1,1,1,0,0,1,0,0,0,1,0,1,0,0,0,0,9.5821428299,6,10.5966348648,0,4.1871676445,-3.37084650993,13.0017766953,6
221,2,19,1,1,2.25,1,,0,0,0,1,0,3,4010.76928711,8.9898853302,500,0,9.19013786316,0,10.5966348648,0.516399502754,0.85428583622,4,1,64,0,3,0,1,0,0,0,0,0,0,0,0,0,1,0,0,0,1,9.5821428299,6,10.5966348648,0,4.1871676445,-3.37084650993,13.0017766953,3
222,1,20,3,0,27.5,1,0,1,0,0,0,0,2,93024.8046875,12.1337690353,18250,0,13.1416559219,9.58190345764,13.304684639,4.35925865173,-3.37306213379,7,0,34,0,3,0,1,0,0,0,0,0,0,0,0,0,1,0,0,0,0,12.1337690353,2,13.304684639,9.58190345764,4.35925865173,-3.37306213379,13.1416559219,2
222,2,20,3,0,27.5,1,,1,0,0,0,0,6,58737.828125,11.6739864349,2200,10800,13.0943756104,10.8589992523,0,7.582716465,2.90144395828,7,0,34,0,3,1,0,0,1,1,0,0,0,1,0,0,1,0,1,0,1,12.1337690353,2,13.304684639,9.58190345764,4.35925865173,-3.37306213379,13.1416559219,6
223,1,20,3,1,3.875,1,0,1,0,0,0,0,7,33445.8671875,11.110830307,5900,0,10.3797216415,10.4857034683,11.6952466965,-11.9146871567,-1.25082182884,3,0,25,0,3,1,0,0,0,1,0,0,0,0,0,0,1,1,1,1,1,11.110830307,7,11.6952466965,10.4857034683,-11.9146871567,-1.25082182884,10.3797216415,7
223,2,20,3,1,3.875,1,,1,0,0,0,0,8,50951.0664062,11.5317678452,8000,0,10.4341154099,0,0,2.00188064575,2.90144395828,3,0,25,0,3,1,0,0,1,1,1,1,0,0,0,0,1,1,1,1,1,11.110830307,7,11.6952466965,10.4857034683,-11.9146871567,-1.25082182884,10.3797216415,8
224,1,20,3,1,3.875,1,0,1,0,0,0,0,6,5790.27880859,9.35708332062,650,300,11.9473018646,0,9.90348720551,2.3893661499,2.90144395828,5,0,30,0,3,1,1,0,0,1,0,0,0,0,0,0,1,0,1,0,1,9.35708332062,6,9.90348720551,0,2.3893661499,2.90144395828,11.9473018646,6
224,2,20,3,1,3.875,1,,1,0,0,0,0,4,40997.5859375,11.3144159317,2000,3000,12.6716918945,0,9.21034049988,9.17257976532,0.85428583622,5,0,30,0,3,0,0,1,1,1,0,0,0,0,0,0,1,0,1,0,1,9.35708332062,6,9.90348720551,0,2.3893661499,2.90144395828,11.9473018646,4
225,1,20,3,1,3.875,1,0,1,0,0,0,0,4,62774.203125,11.7404470444,3900,10000,13.8464279175,11.8204097748,0,-10.3809595108,2.90144395828,7,0,37,0,2,1,1,0,0,0,0,0,0,0,0,0,1,0,0,0,1,11.7404470444,4,0,11.8204097748,-10.3809595108,2.90144395828,13.8464279175,4
225,2,20,3,1,3.875,1,,1,0,0,0,0,5,17473.4042969,10.4615821838,2800,500,17.6023159027,9.68034362793,8.61250305176,3.73768520355,0.85428583622,7,0,37,0,2,0,1,0,0,1,1,1,0,0,0,0,1,0,0,0,1,11.7404470444,4,0,11.8204097748,-10.3809595108,2.90144395828,13.8464279175,5
226,1,20,3,1,3.875,1,0,1,0,0,0,0,4,17428.9238281,10.4590339661,2100,1000,12.5762557983,10.9681978226,0,-1.7338950634,2.90144395828,7,1,53,0,1,0,1,0,0,1,0,0,0,0,0,0,0,0,1,0,1,10.4590339661,4,0,10.9681978226,-1.7338950634,2.90144395828,12.5762557983,4
226,2,20,3,1,3.875,1,,1,0,0,0,0,7,27038.1914062,10.8981523514,5900,0,12.0968160629,9.69276618958,0,1.29460406303,2.90144395828,7,1,53,0,1,1,1,0,0,1,0,0,0,0,0,0,1,0,1,1,1,10.4590339661,4,0,10.9681978226,-1.7338950634,2.90144395828,12.5762557983,7
227,1,20,3,1,3.875,1,0,1,0,0,0,0,2,33354.8828125,11.1081066132,5300,1550,12.3050127029,10.691945076,8.294049263,3.21331691742,-3.37084650993,4,0,28,0,2,0,0,0,0,0,0,0,0,0,0,0,1,0,0,0,1,11.1081066132,2,8.294049263,10.691945076,3.21331691742,-3.37084650993,12.3050127029,2
227,2,20,3,1,3.875,1,,1,0,0,0,0,3,44401.7695312,11.3941822052,2500,5900,12.9052019119,11.4721031189,8.9871969223,4.80418205261,0.85428583622,4,0,28,0,2,0,1,0,1,1,0,0,0,0,0,0,1,0,0,0,0,11.1081066132,2,8.294049263,10.691945076,3.21331691742,-3.37084650993,12.3050127029,3
228,1,20,3,0,27.5,1,0,1,0,0,0,0,3,15875.9619141,10.3657083511,3000,0,11.2759361267,8.55641365051,0,5.31794500351,-3.37084650993,5,0,36,0,1,1,0,1,0,0,0,0,0,0,0,0,1,0,0,0,0,10.3657083511,3,0,8.55641365051,5.31794500351,-3.37084650993,11.2759361267,3
228,2,20,3,0,27.5,1,,1,0,0,0,0,2,10358.4619141,9.93870639801,1200,900,8.76405334473,8.9871969223,0,4.96321487427,-7.54024505615,5,0,36,0,1,1,0,0,1,1,0,0,0,0,0,0,0,0,0,0,0,10.3657083511,3,0,8.55641365051,5.31794500351,-3.37084650993,11.2759361267,2
229,1,20,3,1,3.875,1,0,1,0,0,0,0,2,33956.5,11.1259822845,7700,0,14.9890451431,0,9.21034049988,6.94138383865,-1.25082182884,10,0,43,0,2,1,0,0,0,0,0,0,0,0,0,0,1,0,0,0,0,11.1259822845,2,9.21034049988,0,6.94138383865,-1.25082182884,14.9890451431,2
229,2,20,3,1,3.875,1,,1,0,0,0,0,6,42018.3242188,11.3390083313,7712,900,13.0328760147,8.3428401947,0,1.82756638527,2.90144395828,10,0,43,0,2,1,0,0,0,1,0,0,1,0,0,0,1,0,0,1,1,11.1259822845,2,9.21034049988,0,6.94138383865,-1.25082182884,14.9890451431,6
230,1,20,3,0,27.5,1,0,1,0,0,0,0,5,41978.0390625,11.3380489349,200,9000,11.4647846222,8.00636768341,0,0.762254536152,-5.42022037506,6,0,34,0,3,1,1,0,0,1,0,0,0,0,0,0,1,0,0,0,1,11.3380489349,5,0,8.00636768341,0.762254536152,-5.42022037506,11.4647846222,5
230,2,20,3,0,27.5,1,,1,0,0,0,0,9,25506.9335938,10.8398523331,3600,600,11.7368688583,10.0690021515,11.512925148,11.2262458801,2.90144395828,6,0,34,0,3,1,1,0,0,1,0,0,0,1,0,1,1,0,1,1,1,11.3380489349,5,0,8.00636768341,0.762254536152,-5.42022037506,11.4647846222,9
231,1,20,3,0,27.5,1,0,1,0,0,0,0,8,1678510.5,15.0265645981,40300,92000,14.776391983,10.7893190384,0,-4.73984003067,-1.26795446873,3,0,72,0,2,1,0,0,1,1,1,1,0,0,0,0,1,1,1,1,1,15.0265645981,8,0,10.7893190384,-4.73984003067,-1.26795446873,14.776391983,8
231,2,20,3,0,27.5,1,,1,0,0,0,0,9,301389.6875,13.3093061447,52200,13250,15.5004224777,10.8036489487,0,6.07275629044,2.90144395828,3,0,72,0,2,1,1,0,0,1,0,1,0,0,0,0,1,1,1,1,1,15.0265645981,8,0,10.7893190384,-4.73984003067,-1.26795446873,14.776391983,9
232,1,20,3,1,3.875,1,0,1,0,0,0,0,5,26385.6347656,10.8737220764,100,5350,11.8070869446,10.3089523315,0,-4.43672800064,-1.25082182884,6,0,45,0,1,1,0,0,0,0,0,0,0,0,0,0,1,1,1,0,1,10.8737220764,5,0,10.3089523315,-4.43672800064,-1.25082182884,11.8070869446,5
232,2,20,3,1,3.875,1,,1,0,0,0,0,4,42881,11.359331131,300,9500,10.9577999115,11.512925148,11.8493976593,4.17525291443,0.781419277191,6,0,45,0,1,1,0,0,1,1,0,0,0,0,0,0,0,0,1,0,1,10.8737220764,5,0,10.3089523315,-4.43672800064,-1.25082182884,11.8070869446,4
233,1,20,3,1,3.875,1,0,1,0,0,0,0,5,52952.671875,11.5703010559,8000,3600,10.893029213,0,0,-2.37122821808,-1.32368826866,8,0,63,0,2,0,1,0,0,0,0,1,0,0,0,0,1,1,0,0,1,11.5703010559,5,0,0,-2.37122821808,-1.32368826866,10.893029213,5
233,2,20,3,1,3.875,1,,1,0,0,0,0,10,213556.265625,12.964802742,29500,13900,12.5339365005,9.79812717438,0,9.63638305664,-1.32368826866,8,0,63,0,2,1,0,1,1,1,1,1,0,0,1,1,1,1,1,1,1,11.5703010559,5,0,0,-2.37122821808,-1.32368826866,10.893029213,10
234,1,21,4,0,36.75,1,0,0,0,0,0,0,7,56976.5390625,11.6435422897,3250,6750,17.4067611694,11.097410202,0,-1.75154352188,-7.54024505615,8,1,59,0,3,1,0,0,0,0,0,0,0,0,0,1,1,1,1,1,1,11.6435422897,7,0,11.097410202,-1.75154352188,-7.54024505615,17.4067611694,7
234,2,21,4,0,36.75,1,,0,0,0,0,0,4,20676.4902344,10.6298999786,1900,1000,11.6927442551,9.39266204834,10.6454248428,1.98294246197,-3.37084650993,8,1,59,0,3,1,0,0,1,1,0,0,0,0,0,0,1,0,1,0,0,11.6435422897,7,0,11.097410202,-1.75154352188,-7.54024505615,17.4067611694,4
235,1,21,4,1,7.75,1,0,0,0,0,0,0,3,3809.69238281,8.93845081329,700,0,13.02805233,9.10497951508,0,9.36387729645,-7.54024505615,3,0,0,0,1,0,0,1,1,1,0,0,0,0,0,0,0,0,1,0,1,8.93845081329,3,0,9.10497951508,9.36387729645,-7.54024505615,13.02805233,3
235,2,21,4,1,7.75,1,,0,0,0,0,0,3,11380.5576172,10.0328092575,2000,600,13.583073616,0,0,-4.44577312469,-3.37084650993,3,0,0,0,1,0,1,0,0,0,0,0,0,0,0,0,1,0,0,0,1,8.93845081329,3,0,9.10497951508,9.36387729645,-7.54024505615,13.02805233,3
236,1,21,4,1,7.75,1,0,0,0,0,0,0,2,9859.80761719,9.88936901093,2250,0,10.9612779617,9.61580562592,8.13153076172,11.6377210617,-1.32368826866,7,0,0,0,2,1,0,0,0,0,0,0,0,0,0,0,1,0,0,0,0,9.88936901093,2,8.13153076172,9.61580562592,11.6377210617,-1.32368826866,10.9612779617,2
236,2,21,4,1,7.75,1,,0,0,0,0,0,8,60453.4726562,11.7027769089,4200,7500,13.113524437,9.75266456604,0,6.94302749634,-1.26573896408,7,0,0,0,2,1,1,0,1,1,0,1,0,0,0,0,1,1,1,0,1,9.88936901093,2,8.13153076172,9.61580562592,11.6377210617,-1.32368826866,10.9612779617,8
237,1,21,4,1,7.75,1,0,0,0,0,0,0,4,18055.4707031,10.494351387,2000,1700,10.2750511169,0,0,8.62863063812,-3.37084650993,4,0,23,0,1,0,0,0,1,1,0,0,0,0,0,0,1,0,1,0,1,10.494351387,4,0,0,8.62863063812,-3.37084650993,10.2750511169,4
237,2,21,4,1,7.75,1,,0,0,0,0,0,4,44307.2304688,11.3920507431,2600,500,11.5169172287,0,10.4341154099,10.376499176,0.85428583622,4,0,23,0,1,1,1,0,1,1,0,0,0,0,0,0,1,0,0,0,0,10.494351387,4,0,0,8.62863063812,-3.37084650993,10.2750511169,4
238,1,21,4,1,7.75,1,0,0,0,0,0,0,4,15873.8076172,10.3655729294,900,2000,9.53242397308,9.21034049988,11.2897815704,5.45497179031,-1.96752977371,3,0,23,0,2,1,0,0,0,1,0,0,0,0,0,0,1,0,1,0,0,10.3655729294,4,11.2897815704,9.21034049988,5.45497179031,-1.96752977371,9.53242397308,4
238,2,21,4,1,7.75,1,,0,0,0,0,0,6,11880.0195312,10.0757608414,900,1500,10.2955293655,0,0,6.37723684311,0.85428583622,3,0,23,0,2,1,1,0,1,1,0,0,0,0,0,0,0,0,1,1,1,10.3655729294,4,11.2897815704,9.21034049988,5.45497179031,-1.96752977371,9.53242397308,6
239,1,21,4,1,7.75,1,0,0,0,0,0,0,7,59818.6914062,11.6922206879,9400,1400,11.7950925827,10.7789564133,10.5966348648,-0.390858471394,-1.26795446873,3,0,22,0,2,1,0,1,1,1,0,0,0,0,1,0,1,1,0,1,1,11.6922206879,7,10.5966348648,10.7789564133,-0.390858471394,-1.26795446873,11.7950925827,7
239,2,21,4,1,7.75,1,,0,0,0,0,0,4,19363.8261719,10.5643091202,3000,600,11.802605629,10.8589992523,0,7.22134208679,-1.32368826866,3,0,22,0,2,0,0,0,0,1,0,1,0,0,1,0,1,0,0,0,0,11.6922206879,7,10.5966348648,10.7789564133,-0.390858471394,-1.26795446873,11.7950925827,4
240,1,21,4,0,36.75,1,0,0,0,0,0,0,6,86205.9609375,12.057641983,5300,7200,13.8696203232,13.0389814377,11.7440376282,3.37562012672,2.90144395828,4,0,33,0,3,1,0,0,0,1,1,0,0,0,0,0,1,0,1,1,0,12.057641983,6,11.7440376282,13.0389814377,3.37562012672,2.90144395828,13.8696203232,6
240,2,21,4,0,36.75,1,,0,0,0,0,0,4,113937.921875,12.3365564346,22300,2000,13.2986335754,12.0872888565,0,7.41775178909,-1.32368826866,4,0,33,0,3,1,0,0,0,1,0,0,0,0,0,0,1,0,0,1,0,12.057641983,6,11.7440376282,13.0389814377,3.37562012672,2.90144395828,13.8696203232,4
241,1,21,4,0,36.75,1,0,0,0,0,0,0,4,2607,8.55910301208,600,0,11.4142093658,8.8818359375,0,9.84735870361,-3.37084650993,5,0,42,0,3,0,0,0,0,1,0,0,0,0,0,0,1,0,1,0,1,8.55910301208,4,0,8.8818359375,9.84735870361,-3.37084650993,11.4142093658,4
241,2,21,4,0,36.75,1,,0,0,0,0,0,5,210128.59375,12.9486217499,3400,44350,13.3458271027,9.77962398529,9.90348720551,3.67527866364,2.90144395828,5,0,42,0,3,1,0,1,1,1,1,0,0,0,0,0,1,0,0,0,1,8.55910301208,4,0,8.8818359375,9.84735870361,-3.37084650993,11.4142093658,5
242,1,21,4,1,7.75,1,0,0,0,0,0,0,6,14561.4130859,10.2792778015,1450,1200,11.8211450577,11.1272630692,9.45720005035,-2.91513371468,-1.96752977371,3,0,23,0,2,1,0,1,0,1,0,1,0,0,0,0,1,0,1,1,0,10.2792778015,6,9.45720005035,11.1272630692,-2.91513371468,-1.96752977371,11.8211450577,6
242,2,21,4,1,7.75,1,,0,0,0,0,0,6,49590.828125,11.5047082901,5900,1750,11.8692007065,10.896739006,7.69621276855,3.29553151131,2.90144395828,3,0,23,0,2,1,1,1,1,1,0,0,0,0,0,0,1,0,0,1,1,10.2792778015,6,9.45720005035,11.1272630692,-2.91513371468,-1.96752977371,11.8211450577,6
243,1,21,4,1,7.75,1,0,0,0,0,0,0,4,6133,9.4145860672,1000,400,10.2663230896,0,6.90775632858,-2.55570983887,2.90144395828,6,0,36,0,2,1,0,0,0,1,0,0,0,0,0,1,0,0,1,0,0,9.4145860672,4,6.90775632858,0,-2.55570983887,2.90144395828,10.2663230896,4
243,2,21,4,1,7.75,1,,0,0,0,0,0,4,31440.875,11.0490112305,2700,4000,10.0432491302,0,11.0020999908,1.97354340553,2.90144395828,6,0,36,0,2,0,1,0,0,0,0,0,0,0,0,0,1,1,0,0,1,9.4145860672,4,6.90775632858,0,-2.55570983887,2.90144395828,10.2663230896,4
244,1,21,4,0,36.75,1,0,0,0,0,0,0,0,2444.47119141,8.4947309494,0,0,10.5661754608,0,0,6.91716337204,-3.37084650993,2,0,33,0,3,0,0,0,0,0,0,0,0,0,0,0,0,0,0,0,0,8.4947309494,0,0,0,6.91716337204,-3.37084650993,10.5661754608,0
244,2,21,4,0,36.75,1,,0,0,0,0,0,5,109786.234375,12.2994375229,1000,600,9.45720005035,9.21034049988,0,2.19659543037,2.90144395828,2,0,33,0,3,1,1,0,0,1,0,0,0,0,0,0,1,0,1,0,0,8.4947309494,0,0,0,6.91716337204,-3.37084650993,10.5661754608,5
245,1,21,4,1,7.75,1,0,0,0,0,0,0,8,571428,13.9490413666,4800,124550,12.5616474152,11.2131710052,0,2.50888991356,2.90144395828,5,0,37,0,1,1,1,0,0,1,1,1,0,0,0,0,1,0,1,1,1,13.9490413666,8,0,11.2131710052,2.50888991356,2.90144395828,12.5616474152,8
245,2,21,4,1,7.75,1,,0,0,0,0,0,8,17084.5859375,10.4390792847,1500,2050,11.6333713531,9.37585449219,0,2.90646052361,2.90144395828,5,0,37,0,1,1,1,0,1,0,1,0,0,0,0,0,1,0,1,1,1,13.9490413666,8,0,11.2131710052,2.50888991356,2.90144395828,12.5616474152,8
246,1,22,1,1,2.125,1,0,0,0,1,0,0,7,99832.4453125,12.2043952942,22700,0,9.91343784332,8.53699588776,10.691945076,5.75046491623,-1.96752977371,7,1,32,0,2,1,0,0,1,1,1,0,0,0,0,0,1,1,0,1,1,12.2043952942,7,10.691945076,8.53699588776,5.75046491623,-1.96752977371,9.91343784332,7
246,2,22,1,1,2.125,1,,0,0,1,0,0,9,15933.5195312,10.3693275452,1800,0,10.1581296921,0,11.512925148,3.4935002327,0.85428583622,7,1,32,0,2,1,1,0,1,0,0,0,1,1,0,1,1,1,1,0,1,12.2043952942,7,10.691945076,8.53699588776,5.75046491623,-1.96752977371,9.91343784332,9
247,1,22,1,1,2.125,1,0,0,0,1,0,0,6,1143.125,7.73466825485,0,0,9.21034049988,6.68461322784,0,-11.0991563797,0.79633641243,2,1,66,0,1,1,0,0,0,1,0,0,0,0,0,0,1,0,1,1,1,7.73466825485,6,0,6.68461322784,-11.0991563797,0.79633641243,9.21034049988,6
247,2,22,1,1,2.125,1,,0,0,1,0,0,5,10610.2119141,9.96271896362,900,1200,10.2750511169,8.82467746735,8.9871969223,-0.640520691872,2.90144395828,2,1,66,0,1,0,1,0,1,0,0,0,0,0,0,0,1,0,1,0,1,7.73466825485,6,0,6.68461322784,-11.0991563797,0.79633641243,9.21034049988,5
248,1,22,1,1,2.125,1,0,0,0,1,0,0,5,121461.632812,12.4005012512,25950,0,10.4772882462,0,11.7752895355,-1.98017501831,0.781419277191,7,1,34,0,2,1,1,0,0,0,0,0,0,0,0,0,1,0,0,1,1,12.4005012512,5,11.7752895355,0,-1.98017501831,0.781419277191,10.4772882462,5
248,2,22,1,1,2.125,1,,0,0,1,0,0,4,78851.7890625,11.9684724808,17200,0,9.35876083374,10.896739006,11.2897815704,10.6178855896,0.79633641243,7,1,34,0,2,0,1,0,1,0,1,0,0,0,0,0,1,0,0,0,0,12.4005012512,5,11.7752895355,0,-1.98017501831,0.781419277191,10.4772882462,4
249,1,22,1,1,2.125,1,0,0,0,1,0,0,3,534.5,6.97447967529,100,0,8.53699588776,0,0,-1.04711616039,0.85428583622,6,1,44,0,1,0,0,0,0,0,1,0,0,0,0,0,0,0,1,0,1,6.97447967529,3,0,0,-1.04711616039,0.85428583622,8.53699588776,3
249,2,22,1,1,2.125,1,,0,0,1,0,0,6,27260.5664062,10.9063434601,5150,0,9.91343784332,7.60090255737,0,-2.9425599575,-3.37084650993,6,1,44,0,1,0,1,0,0,1,0,0,0,0,0,1,1,0,1,0,1,6.97447967529,3,0,0,-1.04711616039,0.85428583622,8.53699588776,6
250,1,22,1,1,2.125,1,0,0,0,1,0,0,2,701.346130371,7.24614906311,0,0,10.0690021515,8.0709066391,9.90348720551,-0.425166845322,-3.37084650993,5,1,47,0,2,0,1,0,0,0,0,0,0,0,0,0,1,0,0,0,0,7.24614906311,2,9.90348720551,8.0709066391,-0.425166845322,-3.37084650993,10.0690021515,2
250,2,22,1,1,2.125,1,,0,0,1,0,0,4,1411.58654785,7.94561672211,100,0,8.90923500061,0,0,7.85591983795,-1.32368826866,5,1,47,0,2,1,1,0,0,0,0,0,0,0,0,0,0,0,1,0,1,7.24614906311,2,9.90348720551,8.0709066391,-0.425166845322,-3.37084650993,10.0690021515,4
251,1,22,1,1,2.125,1,0,0,0,1,0,0,3,6099.44238281,9.40909957886,900,0,11.8677988052,0,0,-1.58944928646,-3.37084650993,6,1,46,0,1,1,0,0,0,0,0,0,0,0,0,0,1,0,0,0,1,9.40909957886,3,0,0,-1.58944928646,-3.37084650993,11.8677988052,3
251,2,22,1,1,2.125,1,,0,0,1,0,0,4,40437.3476562,11.3006563187,8100,0,10.6828126907,10.0432491302,8.51719284058,-0.250108748674,-3.31511259079,6,1,46,0,1,1,0,0,0,1,0,0,0,0,0,0,1,0,0,0,1,9.40909957886,3,0,0,-1.58944928646,-3.37084650993,11.8677988052,4
252,1,22,1,1,2.125,1,0,0,0,1,0,0,3,55507.1054688,11.6174135208,1000,0,11.5521459579,0,5.99147081375,2.32225847244,-3.37084650993,2,1,58,0,1,1,0,0,0,0,0,0,0,0,0,0,0,0,1,0,1,11.6174135208,3,5.99147081375,0,2.32225847244,-3.37084650993,11.5521459579,3
252,2,22,1,1,2.125,1,,0,0,1,0,0,3,51362.9140625,11.5398187637,11600,0,10.9612779617,0,0,0.107246935368,-7.54024505615,2,1,58,0,1,1,1,1,0,1,0,0,0,0,0,0,0,0,0,0,0,11.6174135208,3,5.99147081375,0,2.32225847244,-3.37084650993,11.5521459579,3
253,1,22,1,0,42.25,1,0,0,0,1,0,0,2,28582.125,10.9536838531,4600,1000,9.34136867523,0,12.3013830185,-1.97615551949,-1.32368826866,5,0,31,0,3,0,1,0,0,0,0,0,0,0,0,0,0,0,1,0,0,10.9536838531,2,12.3013830185,0,-1.97615551949,-1.32368826866,9.34136867523,2
253,2,22,1,0,42.25,1,,0,0,1,0,0,3,62389.0390625,11.7342920303,13000,0,9.44145202637,8.9871969223,12.1547794342,1.30109214783,-1.32368826866,5,0,31,0,3,0,1,0,1,0,0,0,0,0,0,0,0,0,0,0,1,10.9536838531,2,12.3013830185,0,-1.97615551949,-1.32368826866,9.34136867523,3
254,1,22,1,0,42.25,1,0,0,0,1,0,0,4,28827.4414062,10.9622306824,1400,1400,13.9589176178,11.0020999908,10.8197784424,3.99075818062,2.90144395828,7,1,65,0,3,1,1,0,0,0,0,0,0,0,0,0,1,0,0,0,1,10.9622306824,4,10.8197784424,11.0020999908,3.99075818062,2.90144395828,13.9589176178,4
254,2,22,1,0,42.25,1,,0,0,1,0,0,2,13080.2880859,10.1720085144,400,2100,11.8218793869,8.294049263,13.1223630905,-0.431978225708,0.85428583622,7,1,65,0,3,0,0,0,0,0,0,0,0,0,0,0,1,0,0,0,1,10.9622306824,4,10.8197784424,11.0020999908,3.99075818062,2.90144395828,13.9589176178,2
255,1,22,1,0,42.25,1,0,0,0,1,0,0,6,34157.3945312,11.1318817139,200,4990,13.1068439484,9.45720005035,0,9.84068870544,0.85428583622,7,0,40,0,3,1,0,0,0,1,1,0,0,0,0,0,1,0,0,1,1,11.1318817139,6,0,9.45720005035,9.84068870544,0.85428583622,13.1068439484,6
255,2,22,1,0,42.25,1,,0,0,1,0,0,6,152892.109375,12.6306352615,16250,16400,13.7778091431,12.7367010117,0,-1.62152326107,2.90144395828,7,0,40,0,3,1,0,0,1,1,0,0,0,0,0,0,1,1,1,0,1,11.1318817139,6,0,9.45720005035,9.84068870544,0.85428583622,13.1068439484,6
256,1,22,1,1,2.125,1,0,0,0,1,0,0,6,26241.9707031,10.868262291,1900,3000,10.7099637985,0,9.21034049988,6.02042675018,2.90144395828,7,0,74,0,2,1,1,0,0,1,0,0,0,0,0,0,1,0,0,1,1,10.868262291,6,9.21034049988,0,6.02042675018,2.90144395828,10.7099637985,6
256,2,22,1,1,2.125,1,,0,0,1,0,0,,27439.8359375,10.9128980637,4100,0,11.6952466965,0,0,-5.32788896561,-2.68721103668,7,0,74,0,2,1,1,1,888,0,0,0,0,1,0,0,0,0,0,0,0,10.868262291,6,9.21034049988,0,6.02042675018,2.90144395828,10.7099637985,4
257,1,22,1,0,42.25,1,0,0,0,1,0,0,2,54919.8085938,11.6067762375,9200,450,13.5893621445,9.70503616333,0,0.390517711639,2.90144395828,3,0,70,0,2,1,0,0,0,0,0,0,0,0,0,0,1,0,0,0,0,11.6067762375,2,0,9.70503616333,0.390517711639,2.90144395828,13.5893621445,2
257,2,22,1,0,42.25,1,,0,0,1,0,0,4,67075.0078125,11.8067140579,4900,8200,12.0076217651,12.1725158691,8.9871969223,-3.9502363205,2.90144395828,3,0,70,0,2,1,1,0,0,0,0,0,0,0,0,0,1,0,0,0,1,11.6067762375,2,0,9.70503616333,0.390517711639,2.90144395828,13.5893621445,4
258,1,23,1,0,39.25,1,0,0,0,0,0,1,6,31399692,15.180106163,1300,7224500,14.1336736679,0,0,-4.31625938416,2.90144395828,6,0,0,0,3,1,0,0,0,1,0,0,0,0,0,0,1,0,1,1,1,15.180106163,6,0,0,-4.31625938416,2.90144395828,14.1336736679,6
258,2,23,1,0,39.25,1,,0,0,0,0,1,5,51763.203125,11.5475816727,800,9300,12.2030982971,11.6439533234,0,9.05559539795,-1.32368826866,6,0,0,0,3,0,1,0,1,1,0,0,0,0,1,0,1,0,0,1,0,15.180106163,6,0,0,-4.31625938416,2.90144395828,14.1336736679,5
259,1,23,1,1,1.25,1,0,0,0,0,0,1,5,10584.875,9.96032810211,2050,0,8.69951438904,9.21034049988,9.90348720551,-7.10856389999,0.79633641243,5,1,50,0,3,0,1,0,0,1,0,0,0,1,0,0,1,1,0,0,0,9.96032810211,5,9.90348720551,9.21034049988,-7.10856389999,0.79633641243,8.69951438904,5
259,2,23,1,1,1.25,1,,0,0,0,0,1,7,22116.375,10.6972208023,4600,0,11.0219020844,8.69951438904,10.0519075394,8.26562404633,-4.1455039978,5,1,50,0,3,1,1,1,1,1,1,1,0,0,0,1,1,0,0,1,0,9.96032810211,5,9.90348720551,9.21034049988,-7.10856389999,0.79633641243,8.69951438904,7
260,1,23,1,1,1.25,1,0,0,0,0,0,1,3,15539.3076172,10.3442754745,100,1500,9.23014259338,0,8.85366535187,2.51221656799,-1.26573896408,4,0,29,0,3,0,1,1,0,1,0,0,0,0,0,0,0,0,0,0,1,10.3442754745,3,8.85366535187,0,2.51221656799,-1.26573896408,9.23014259338,3
260,2,23,1,1,1.25,1,,0,0,0,0,1,4,74263.3828125,11.9085206985,1500,15000,9.74800300598,0,9.39266204834,8.40024757385,-1.96752977371,4,0,29,0,3,0,1,0,1,1,0,0,0,0,0,0,1,0,0,0,1,10.3442754745,3,8.85366535187,0,2.51221656799,-1.26573896408,9.23014259338,4
261,1,23,1,0,39.25,1,0,0,0,0,0,1,4,14730.1445312,10.2907981873,1200,1800,10.6381607056,7.60090255737,10.4042625427,-2.3386991024,-3.37084650993,4,1,27,0,3,0,1,0,0,1,0,0,0,0,0,0,1,0,1,0,0,10.2907981873,4,10.4042625427,7.60090255737,-2.3386991024,-3.37084650993,10.6381607056,4
261,2,23,1,0,39.25,1,,0,0,0,0,1,1,808.894226074,7.46049070358,0,0,10.4042625427,0,0,8.29526424408,-5.42022037506,4,1,27,0,3,0,1,0,0,0,0,0,0,0,0,0,0,0,0,0,0,10.2907981873,4,10.4042625427,7.60090255737,-2.3386991024,-3.37084650993,10.6381607056,1
262,1,23,1,0,39.25,1,0,0,0,0,0,1,2,45251.6171875,11.4131412506,2700,6400,12.7634000778,10.4926624298,0,0.711088120937,2.90144395828,9,0,43,0,3,0,0,0,0,0,0,0,0,0,0,0,1,0,0,1,0,11.4131412506,2,0,10.4926624298,0.711088120937,2.90144395828,12.7634000778,2
262,2,23,1,0,39.25,1,,0,0,0,0,1,2,66624.328125,11.7999725342,7000,7000,10.8077058792,9.39266204834,10.5966348648,10.6712217331,2.90144395828,9,0,43,0,3,0,1,0,0,0,0,0,0,0,0,0,1,0,0,0,0,11.4131412506,2,0,10.4926624298,0.711088120937,2.90144395828,12.7634000778,2
263,1,23,1,1,1.25,1,0,0,0,0,0,1,3,13599.1542969,10.2109098434,2400,250,10.0519075394,0,0,4.28526306152,0.0796284079552,4,0,26,0,3,1,0,0,0,1,0,0,0,0,0,0,1,0,0,0,0,10.2109098434,3,0,0,4.28526306152,0.0796284079552,10.0519075394,3
263,2,23,1,1,1.25,1,,0,0,0,0,1,7,49990252,16.1621856689,4200,11500000,12.0088405609,0,0,8.3317489624,0.79633641243,4,0,26,0,3,1,1,0,0,0,0,1,0,0,0,0,1,0,1,1,1,10.2109098434,3,0,0,4.28526306152,0.0796284079552,10.0519075394,7
264,1,23,1,1,1.25,1,0,0,0,0,0,1,4,11479.8847656,10.0414991379,900,1200,9.86266517639,8.294049263,0,-4.88805770874,-1.25082182884,6,0,0,0,2,1,1,0,0,0,0,0,0,0,0,0,0,0,1,0,1,10.0414991379,4,0,8.294049263,-4.88805770874,-1.25082182884,9.86266517639,4
264,2,23,1,1,1.25,1,,0,0,0,0,1,5,118523.75,12.3760156631,12700,2800,11.3873624802,0,5.29834222794,7.48053121567,0.85428583622,6,0,0,0,2,0,1,0,0,1,0,0,0,0,0,0,1,0,1,0,1,10.0414991379,4,0,8.294049263,-4.88805770874,-1.25082182884,9.86266517639,5
265,1,23,1,0,39.25,1,0,0,0,0,0,1,3,9557.11523438,9.85818862915,400,1250,10.6731328964,0,8.294049263,-1.17858397961,-1.26573896408,5,1,62,0,2,1,0,0,0,1,0,0,0,0,0,0,1,0,0,0,0,9.85818862915,3,8.294049263,0,-1.17858397961,-1.26573896408,10.6731328964,3
265,2,23,1,0,39.25,1,,0,0,0,0,1,5,40711.4804688,11.3074121475,3700,3000,10.118598938,9.90348720551,9.21034049988,9.2532453537,0.0796284079552,5,1,62,0,2,1,0,1,1,0,0,0,0,0,0,0,1,0,0,1,1,9.85818862915,3,8.294049263,0,-1.17858397961,-1.26573896408,10.6731328964,5
266,1,23,1,1,1.25,1,0,0,0,0,0,1,3,1577.35571289,8.05665206909,0,0,14.5185089111,0,0,1.63547968864,-3.37084650993,5,1,58,0,2,0,1,0,0,0,0,0,0,0,0,0,1,0,0,0,1,8.05665206909,3,0,0,1.63547968864,-3.37084650993,14.5185089111,3
266,2,23,1,1,1.25,1,,0,0,0,0,1,3,62516.1171875,11.7363271713,2700,0,11.0087442398,5.28829240799,0,11.9247922897,-5.49308681488,5,1,58,0,2,1,1,0,0,0,0,0,0,0,0,0,1,0,0,0,0,8.05665206909,3,0,0,1.63547968864,-3.37084650993,14.5185089111,3
267,1,23,1,1,1.25,1,0,0,0,0,0,1,5,15981.8945312,10.3723592758,2900,0,10.0941076279,11.3986358643,0,0.141368702054,0.85428583622,5,1,35,0,1,0,1,0,0,1,0,0,0,0,0,0,1,0,1,0,1,10.3723592758,5,0,11.3986358643,0.141368702054,0.85428583622,10.0941076279,5
267,2,23,1,1,1.25,1,,0,0,0,0,1,7,93317.109375,12.1369056702,5400,2550,12.5046949387,12.0884141922,0,4.04408836365,0.85428583622,5,1,35,0,1,1,1,1,1,0,0,1,0,0,0,0,1,0,1,0,1,10.3723592758,5,0,11.3986358643,0.141368702054,0.85428583622,10.0941076279,7
268,1,23,1,1,1.25,1,0,0,0,0,0,1,5,24119.3359375,10.7839164734,1200,4000,11.1094579697,10.913269043,0,2.80456423759,-1.32368826866,10,0,47,0,2,1,1,0,0,1,0,0,0,0,0,0,1,0,0,0,1,10.7839164734,5,0,10.913269043,2.80456423759,-1.32368826866,11.1094579697,5
268,2,23,1,1,1.25,1,,0,0,0,0,1,5,11938.7792969,10.0806941986,100,2000,12.804359436,11.0728693008,0,10.1198644638,-3.37084650993,10,0,47,0,2,1,1,0,0,1,0,0,0,0,0,0,1,0,1,0,0,10.7839164734,5,0,10.913269043,2.80456423759,-1.32368826866,11.1094579697,5
269,1,23,1,1,1.25,1,0,0,0,0,0,1,4,8539.59570312,9.74561595917,600,0,9.54681301117,0,0,-9.04402732849,-4.07263755798,5,1,40,0,2,1,1,0,0,0,0,0,0,0,0,0,1,0,0,0,1,9.74561595917,4,0,0,-9.04402732849,-4.07263755798,9.54681301117,4
269,2,23,1,1,1.25,1,,0,0,0,0,1,3,159201.125,12.6710710526,16400,4200,9.16951847076,0,0,2.84781718254,-7.54024505615,5,1,40,0,2,0,1,1,0,0,0,0,0,0,0,0,1,0,0,0,0,9.74561595917,4,0,0,-9.04402732849,-4.07263755798,9.54681301117,3
270,1,24,2,0,29.5,1,0,0,1,0,0,0,,15722.3271484,10.3559846878,1800,1100,16.6289596558,9.21034049988,8.85366535187,-7.79534292221,0.85428583622,4,0,44,0,3,0,888,0,0,1,0,0,0,0,0,0,1,1,1,0,1,10.3559846878,5,8.85366535187,9.21034049988,-7.79534292221,0.85428583622,16.6289596558,5
270,2,24,2,0,29.5,1,,0,1,0,0,0,3,1055876.5,14.5630292892,1050,241600,12.2452936172,8.51719284058,0,11.7427043915,-1.32368826866,4,0,44,0,3,0,1,0,0,0,0,0,0,0,0,0,1,0,1,0,0,10.3559846878,5,8.85366535187,9.21034049988,-7.79534292221,0.85428583622,16.6289596558,3
271,1,24,2,0,29.5,1,0,0,1,0,0,0,6,40899.8828125,11.3120298386,6000,1100,13.689040184,0,0,-4.88805770874,-1.26795446873,6,0,37,0,3,1,0,0,1,1,1,0,0,0,0,0,1,0,1,0,1,11.3120298386,6,0,0,-4.88805770874,-1.26795446873,13.689040184,6
271,2,24,2,0,29.5,1,,0,1,0,0,0,6,57480.9804688,11.6523561478,5500,3900,13.5463228226,11.1562509537,12.8992195129,4.1871676445,2.90144395828,6,0,37,0,3,1,1,1,0,1,1,1,0,0,0,0,1,0,1,0,0,11.3120298386,6,0,0,-4.88805770874,-1.26795446873,13.689040184,6
272,1,24,2,0,29.5,1,0,0,1,0,0,0,7,55453.4804688,11.6164464951,9000,1400,14.1763963699,13.2533912659,0,0.528314054012,2.90144395828,7,0,33,0,3,1,0,0,1,1,1,0,0,0,0,0,1,0,1,1,1,11.6164464951,7,0,13.2533912659,0.528314054012,2.90144395828,14.1763963699,7
272,2,24,2,0,29.5,1,,0,1,0,0,0,8,46852.4453125,11.4479055405,5800,4080,13.7236146927,11.3385725021,0,-5.45890522003,2.90144395828,7,0,33,0,3,1,1,0,1,1,0,1,0,0,0,0,1,0,1,1,1,11.6164464951,7,0,13.2533912659,0.528314054012,2.90144395828,14.1763963699,8
273,1,24,2,1,5,1,0,0,1,0,0,0,5,8070.05761719,9.6890630722,1700,0,10.2646522522,0,7.60090255737,-0.900429606438,-1.25082182884,4,0,50,0,2,1,1,0,1,1,0,0,0,0,0,0,1,0,0,0,1,9.6890630722,5,7.60090255737,0,-0.900429606438,-1.25082182884,10.2646522522,5
273,2,24,2,1,5,1,,0,1,0,0,0,5,59440.5195312,11.6858787537,5200,6000,10.8855657578,9.72913455963,9.62905025482,-6.02158069611,2.90144395828,4,0,50,0,2,1,1,0,1,1,0,0,0,0,0,0,1,0,0,0,1,9.6890630722,5,7.60090255737,0,-0.900429606438,-1.25082182884,10.2646522522,5
274,1,24,2,0,29.5,1,0,0,1,0,0,0,6,66475.7109375,11.7977390289,4200,6850,14.1432304382,12.161075592,8.00636768341,-3.02864289284,2.90144395828,2,0,26,0,3,1,1,0,1,1,0,0,0,0,0,0,1,0,1,0,1,11.7977390289,6,8.00636768341,12.161075592,-3.02864289284,2.90144395828,14.1432304382,6
274,2,24,2,0,29.5,1,,0,1,0,0,0,6,10157.9228516,9.91915607452,700,1100,12.6958789825,11.2897815704,0,4.64996910095,2.90144395828,2,0,26,0,3,1,1,0,0,1,0,0,0,0,0,0,1,0,1,0,1,11.7977390289,6,8.00636768341,12.161075592,-3.02864289284,2.90144395828,14.1432304382,6
275,1,24,2,1,5,1,0,0,1,0,0,0,7,54525.3945312,11.5995693207,9400,1340,11.5534915924,11.6457061768,10.085808754,1.3634172678,-1.26795446873,5,0,48,0,2,1,1,0,0,0,0,1,0,0,0,0,1,0,1,1,1,11.5995693207,7,10.085808754,11.6457061768,1.3634172678,-1.26795446873,11.5534915924,7
275,2,24,2,1,5,1,,0,1,0,0,0,5,9524.5,9.85476970673,600,1500,10.3859138489,0,9.23014259338,-1.65085399151,2.90144395828,5,0,48,0,2,1,1,1,1,1,0,0,0,0,0,0,1,0,0,0,1,11.5995693207,7,10.085808754,11.6457061768,1.3634172678,-1.26795446873,11.5534915924,5
276,1,24,2,1,5,1,0,0,1,0,0,0,7,2190585.75,15.180106163,2300,500000,10.5078039169,8.69951438904,0,1.43271231651,-1.32368826866,5,0,34,0,2,1,1,0,1,0,1,1,0,0,0,1,1,1,0,0,0,15.180106163,7,0,8.69951438904,1.43271231651,-1.32368826866,10.5078039169,7
276,2,24,2,1,5,1,,0,1,0,0,0,8,37707.703125,11.2307672501,8100,0,12.1950120926,0,0,1.07102322578,2.90144395828,5,0,34,0,2,1,1,0,1,1,0,0,0,1,0,1,1,0,0,1,1,15.180106163,7,0,8.69951438904,1.43271231651,-1.32368826866,10.5078039169,8
277,1,24,2,1,5,1,0,0,1,0,0,0,3,17588.3554688,10.4681396484,1600,1000,9.99879741669,10.2750511169,11.8493976593,3.06686687469,-1.26573896408,6,0,31,0,3,1,1,0,0,1,0,0,0,0,0,0,0,0,0,0,0,10.4681396484,3,11.8493976593,10.2750511169,3.06686687469,-1.26573896408,9.99879741669,3
277,2,24,2,1,5,1,,0,1,0,0,0,6,75761.4921875,11.9284925461,6000,11000,11.1064596176,7.60090255737,0,4.44923353195,0.85428583622,6,0,31,0,3,1,1,0,1,1,0,0,0,0,0,1,1,0,0,0,1,10.4681396484,3,11.8493976593,10.2750511169,3.06686687469,-1.26573896408,9.99879741669,6
278,1,24,2,1,5,1,0,0,1,0,0,0,6,27363.7988281,10.9101238251,2000,4000,12.6211452484,9.21034049988,9.90348720551,-0.661912322044,0.0796284079552,5,0,25,0,2,1,1,1,1,1,0,0,0,0,0,0,1,0,0,1,1,10.9101238251,6,9.90348720551,9.21034049988,-0.661912322044,0.0796284079552,12.6211452484,6
278,2,24,2,1,5,1,,0,1,0,0,0,6,6048.5,9.40071296692,500,800,8.16051864624,10.6164369583,10.5966348648,5.70858001709,2.90144395828,5,0,25,0,2,1,1,1,1,1,1,0,0,0,0,1,1,0,0,0,0,10.9101238251,6,9.90348720551,9.21034049988,-0.661912322044,0.0796284079552,12.6211452484,6
279,1,24,2,1,5,1,0,0,1,0,0,0,4,38570.2421875,11.2533836365,7500,0,8.89508152008,0,12.1007118225,1.75500357151,2.90144395828,8,0,61,0,2,1,0,0,1,0,0,0,0,0,0,0,1,0,0,1,0,11.2533836365,4,12.1007118225,0,1.75500357151,2.90144395828,8.89508152008,4
279,2,24,2,1,5,1,,0,1,0,0,0,6,73789.2578125,11.9021158218,14600,1200,11.7550868988,11.0020999908,12.1062526703,11.7427043915,-1.32368826866,8,0,61,0,2,0,0,0,0,1,1,1,0,0,0,1,1,0,1,1,0,11.2533836365,4,12.1007118225,0,1.75500357151,2.90144395828,8.89508152008,6
280,1,24,2,1,5,1,0,0,1,0,0,0,6,148636.734375,12.6024074554,1400,31700,12.2986516953,12.1626434326,10.3417425156,-1.55966770649,-1.32368826866,4,0,33,0,2,1,0,0,1,1,1,1,0,0,0,0,1,0,1,1,0,12.6024074554,6,10.3417425156,12.1626434326,-1.55966770649,-1.32368826866,12.2986516953,6
280,2,24,2,1,5,1,,0,1,0,0,0,8,22394.9199219,10.709736824,850,2720,13.0763196945,11.150519371,9.39266204834,6.67576122284,2.90144395828,4,0,33,0,2,1,1,1,1,1,0,1,0,0,0,1,1,0,1,1,0,12.6024074554,6,10.3417425156,12.1626434326,-1.55966770649,-1.32368826866,12.2986516953,8
281,1,24,2,1,5,1,0,0,1,0,0,0,5,28954.7695312,10.9666376114,700,5000,10.4341154099,0,8.9871969223,-6.20366859436,-1.32368826866,5,0,32,0,1,0,1,0,0,1,1,1,0,0,0,0,1,0,1,0,0,10.9666376114,5,8.9871969223,0,-6.20366859436,-1.32368826866,10.4341154099,5
281,2,24,2,1,5,1,,0,1,0,0,0,3,12766.2695312,10.1477088928,1200,1600,9.65502643585,10.691945076,0,12.8529577255,-1.32368826866,5,0,32,0,1,0,1,0,1,0,0,0,0,0,0,0,1,0,0,0,0,10.9666376114,5,8.9871969223,0,-6.20366859436,-1.32368826866,10.4341154099,3
282,1,25,4,1,7.66666650772,1,0,0,0,1,0,0,7,55956.1640625,11.6254711151,3400,8300,11.2922792435,11.0020999908,0,-0.93688762188,-3.37084650993,7,0,37,0,2,1,1,1,0,1,0,0,0,0,0,0,1,0,1,1,1,11.6254711151,7,0,11.0020999908,-0.93688762188,-3.37084650993,11.2922792435,7
282,2,25,4,1,7.66666650772,1,,0,0,1,0,0,8,32569.7109375,11.0842847824,2700,3800,12.6115379333,9.90348720551,0,4.71153593063,0.85428583622,7,0,37,0,2,1,1,0,1,1,0,1,0,0,0,0,1,1,1,0,1,11.6254711151,7,0,11.0020999908,-0.93688762188,-3.37084650993,11.2922792435,8
283,1,25,4,1,7.66666650772,1,0,0,0,1,0,0,8,24832.8261719,10.8130693436,3600,200,12.8779964447,10.3089523315,8.294049263,-2.42067408562,-1.25082182884,5,0,34,0,2,1,1,0,0,1,0,0,0,0,0,0,1,1,1,1,1,10.8130693436,8,8.294049263,10.3089523315,-2.42067408562,-1.25082182884,12.8779964447,8
283,2,25,4,1,7.66666650772,1,,0,0,1,0,0,7,24914.2109375,10.8163404465,2700,2000,12.9200019836,8.9871969223,0,2.39989328384,-7.54024505615,5,0,34,0,2,1,1,0,0,1,0,0,0,0,0,0,1,1,1,0,1,10.8130693436,8,8.294049263,10.3089523315,-2.42067408562,-1.25082182884,12.8779964447,7
284,1,25,4,1,7.66666650772,1,0,0,0,1,0,0,2,7480.03857422,9.6131401062,200,0,9.97114658356,0,10.8589992523,-6.90676879883,-1.25082182884,5,0,46,0,2,1,0,0,0,0,0,0,0,0,0,0,1,0,0,0,0,9.6131401062,2,10.8589992523,0,-6.90676879883,-1.25082182884,9.97114658356,2
284,2,25,4,1,7.66666650772,1,,0,0,1,0,0,3,13400.5,10.1961946487,1900,0,10.5213718414,8.47637081146,11.0020999908,-5.11799144745,-3.37084650993,5,0,46,0,2,1,0,0,0,1,0,0,0,0,0,0,1,0,0,0,0,9.6131401062,2,10.8589992523,0,-6.90676879883,-1.25082182884,9.97114658356,3
285,1,25,4,1,7.66666650772,1,0,0,0,1,0,0,3,48042.4414062,11.472987175,2200,8200,12.2977399826,9.54681301117,9.54681301117,5.20977544785,-3.31511259079,4,0,26,0,2,1,0,0,0,0,0,0,0,0,0,1,1,0,0,0,0,11.472987175,3,9.54681301117,9.54681301117,5.20977544785,-3.31511259079,12.2977399826,3
285,2,25,4,1,7.66666650772,1,,0,0,1,0,0,6,59691.75,11.6900959015,5000,6300,11.3193407059,9.90348720551,9.90348720551,3.7598927021,2.90144395828,4,0,26,0,2,1,0,0,0,1,0,0,0,0,0,1,1,1,0,0,1,11.472987175,3,9.54681301117,9.54681301117,5.20977544785,-3.31511259079,12.2977399826,6
286,1,25,4,0,32.6666679382,1,0,0,0,1,0,0,6,13449.8271484,10.1998691559,2650,0,12.0753946304,0,9.21034049988,-6.26161527634,0.85428583622,2,1,65,0,2,1,0,0,1,1,0,0,0,0,0,0,1,1,0,1,1,10.1998691559,6,9.21034049988,0,-6.26161527634,0.85428583622,12.0753946304,6
286,2,25,4,0,32.6666679382,1,,0,0,1,0,0,2,29994.25,11.0019083023,6400,0,9.96175670624,0,10.2750511169,10.6324510574,-3.37084650993,2,1,65,0,2,1,0,0,0,0,0,0,0,0,0,0,1,0,0,0,0,10.1998691559,6,9.21034049988,0,-6.26161527634,0.85428583622,12.0753946304,2
287,1,25,4,0,32.6666679382,1,0,0,0,1,0,0,3,275773.8125,13.2204837799,1200,59250,13.7538480759,10.3734912872,12.6115379333,0.365903377533,2.90144395828,4,1,52,0,2,0,1,0,0,0,0,0,0,0,0,0,1,1,0,0,0,13.2204837799,3,12.6115379333,10.3734912872,0.365903377533,2.90144395828,13.7538480759,3
287,2,25,4,0,32.6666679382,1,,0,0,1,0,0,4,2513720.75,15.4304218292,7000,569400,11.5768384933,10.3734912872,10.7144174576,12.9062948227,-4.1455039978,4,1,52,0,2,1,0,0,0,0,1,0,0,0,0,0,1,0,1,0,0,13.2204837799,3,12.6115379333,10.3734912872,0.365903377533,2.90144395828,13.7538480759,4
288,1,25,4,1,7.66666650772,1,0,0,0,1,0,0,4,7552.53857422,9.62278652191,300,1000,12.1853599548,0,6.39693260193,-3.03768849373,0.85428583622,6,0,43,0,2,1,0,0,0,0,0,0,0,0,0,0,1,1,0,0,1,9.62278652191,4,6.39693260193,0,-3.03768849373,0.85428583622,12.1853599548,4
288,2,25,4,1,7.66666650772,1,,0,0,1,0,0,2,9325.03808594,9.8336057663,800,1000,9.5749835968,0,0,12.9062948227,-6.19266223907,6,0,43,0,2,1,0,0,0,0,0,0,0,0,0,0,1,0,0,0,0,9.62278652191,4,6.39693260193,0,-3.03768849373,0.85428583622,12.1853599548,2
289,1,25,4,1,7.66666650772,1,0,0,0,1,0,0,4,11762.6347656,10.0658302307,100,1500,11.8493833542,0,0,-1.35486745834,0.85428583622,5,0,30,0,2,1,1,0,0,0,0,0,0,0,0,0,1,0,0,0,1,10.0658302307,4,0,0,-1.35486745834,0.85428583622,11.8493833542,4
289,2,25,4,1,7.66666650772,1,,0,0,1,0,0,3,23278.3652344,10.7484264374,0,5000,17.217124939,0,0,-2.33041191101,0.85428583622,5,0,30,0,2,1,0,0,0,0,0,0,0,0,0,0,1,0,0,0,1,10.0658302307,4,0,0,-1.35486745834,0.85428583622,11.8493833542,3
290,1,25,4,0,32.6666679382,1,0,0,0,1,0,0,3,5321.87304688,9.27272796631,460,0,10.8056793213,0,0,1.34840810299,-1.96752977371,2,0,25,0,2,0,1,0,0,0,0,0,0,0,0,0,1,0,0,0,1,9.27272796631,3,0,0,1.34840810299,-1.96752977371,10.8056793213,3
290,2,25,4,0,32.6666679382,1,,0,0,1,0,0,6,32444.6835938,11.0804386139,3900,0,11.1913414001,10.5966348648,0,-7.01682853699,-3.37084650993,2,0,25,0,2,1,1,0,0,1,0,0,0,1,0,0,1,0,1,0,0,9.27272796631,3,0,0,1.34840810299,-1.96752977371,10.8056793213,6
291,1,25,4,1,7.66666650772,1,0,0,0,1,0,0,4,59386.671875,11.6849718094,1500,3800,12.0622024536,7.60090255737,10.49127388,4.9150519371,-3.31511259079,8,0,42,0,2,1,0,0,0,0,0,0,0,0,0,1,1,0,0,1,0,11.6849718094,4,10.49127388,7.60090255737,4.9150519371,-3.31511259079,12.0622024536,4
291,2,25,4,1,7.66666650772,1,,0,0,1,0,0,6,47549.453125,11.4626731873,2200,6500,11.278468132,11.0020999908,12.8992195129,2.44178247452,-3.37084650993,8,0,42,0,2,1,1,0,0,1,0,0,0,0,0,0,1,0,1,0,1,11.6849718094,4,10.49127388,7.60090255737,4.9150519371,-3.31511259079,12.0622024536,6
292,1,25,4,1,7.66666650772,1,0,0,0,1,0,0,4,213186.140625,12.9630680084,5550,32750,16.8738708496,13.0389814377,0,-3.7946369648,0.79633641243,4,0,26,0,2,1,0,0,0,0,0,0,0,0,0,0,1,0,1,1,0,12.9630680084,4,0,13.0389814377,-3.7946369648,0.79633641243,16.8738708496,4
292,2,25,4,1,7.66666650772,1,,0,0,1,0,0,6,97873.1328125,12.1845741272,9950,0,17.6023159027,12.1547794342,12.2060728073,-0.425936460495,-1.32368826866,4,0,26,0,2,1,1,0,1,1,0,0,0,0,0,1,1,0,0,1,0,12.9630680084,4,0,13.0389814377,-3.7946369648,0.79633641243,16.8738708496,6
293,1,25,4,1,7.66666650772,1,0,0,0,1,0,0,6,35751.9140625,11.1775064468,2700,1400,13.4761142731,0,0,4.90816354752,-1.96752977371,4,0,53,0,2,1,1,0,0,1,0,0,0,0,0,0,1,1,0,0,1,11.1775064468,6,0,0,4.90816354752,-1.96752977371,13.4761142731,6
293,2,25,4,1,7.66666650772,1,,0,0,1,0,0,7,59394.578125,11.6851053238,9450,1250,13.5536260605,10.0345153809,0,7.74003505707,2.90144395828,4,0,53,0,2,1,0,0,1,1,0,0,0,0,0,0,1,1,1,1,1,11.1775064468,6,0,0,4.90816354752,-1.96752977371,13.4761142731,7
294,1,26,2,1,1.25,1,0,0,0,0,1,0,2,3216.97119141,8.76934242249,700,0,10.5635948181,0,0,-0.732897520065,-1.32368826866,8,0,40,0,1,0,1,0,1,0,0,0,0,0,0,0,0,0,0,0,0,8.76934242249,2,0,0,-0.732897520065,-1.32368826866,10.5635948181,2
294,2,26,2,1,1.25,1,,0,0,0,1,0,2,207498.8125,12.9360284805,5100,42500,11.5578985214,0,0,2.51888656616,-3.37084650993,8,0,40,0,1,0,0,1,0,0,0,0,0,0,0,0,1,0,0,0,0,8.76934242249,2,0,0,-0.732897520065,-1.32368826866,10.5635948181,2
295,1,26,2,1,1.25,1,0,0,0,0,1,0,5,35635.0664062,11.1742324829,900,7000,11.1462001801,0,0,7.97855234146,2.90144395828,7,1,39,0,1,1,1,0,0,1,0,0,0,0,0,0,1,0,0,0,1,11.1742324829,5,0,0,7.97855234146,2.90144395828,11.1462001801,5
295,2,26,2,1,1.25,1,,0,0,0,1,0,4,26208.0097656,10.8669672012,600,4900,12.169927597,10.4341154099,9.90348720551,-2.80476355553,-3.37084650993,7,1,39,0,1,1,1,0,0,0,0,0,0,0,0,0,1,0,0,0,1,11.1742324829,5,0,0,7.97855234146,2.90144395828,11.1462001801,4
296,1,26,2,1,1.25,1,0,0,0,0,1,0,1,15720.9804688,10.3558988571,1000,2100,10.5050678253,0,0,-6.98826122284,-1.26573896408,6,1,58,0,1,0,1,0,0,0,0,0,0,0,0,0,0,0,0,0,0,10.3558988571,1,0,0,-6.98826122284,-1.26573896408,10.5050678253,1
296,2,26,2,1,1.25,1,,0,0,0,1,0,3,24572.4335938,10.8025274277,4800,0,11.2411165237,0,9.21034049988,-0.639757573605,-1.25082182884,6,1,58,0,1,1,1,0,0,0,0,0,0,0,0,0,0,0,0,0,1,10.3558988571,1,0,0,-6.98826122284,-1.26573896408,10.5050678253,3
297,1,26,2,1,1.25,1,0,0,0,0,1,0,4,5571.14404297,9.31850242615,1000,0,8.96187877655,0,0,4.9534573555,0.85428583622,5,1,50,0,1,1,1,0,0,0,0,0,0,0,0,0,1,0,0,0,1,9.31850242615,4,0,0,4.9534573555,0.85428583622,8.96187877655,4
297,2,26,2,1,1.25,1,,0,0,0,1,0,4,13235,10.1837673187,3000,0,8.294049263,0,0,6.57064914703,0.85428583622,5,1,50,0,1,0,1,1,0,0,0,0,0,0,0,0,1,0,0,0,1,9.31850242615,4,0,0,4.9534573555,0.85428583622,8.96187877655,4
298,1,26,2,0,25,1,0,0,0,0,1,0,6,40678.3476562,11.3065986633,1800,4400,12.1776733398,10.5966348648,0,2.10306382179,-3.37084650993,3,0,27,0,3,1,0,0,0,1,0,0,0,0,0,0,1,0,1,1,1,11.3065986633,6,0,10.5966348648,2.10306382179,-3.37084650993,12.1776733398,6
298,2,26,2,0,25,1,,0,0,0,1,0,,20758.9707031,10.6338806152,2900,600,12.2135448456,11.544424057,9.21034049988,-3.83805394173,-3.37084650993,3,0,27,0,3,1,0,0,1,1,0,0,0,0,0,1,1,0,1,0,888,11.3065986633,6,0,10.5966348648,2.10306382179,-3.37084650993,12.1776733398,5
299,1,26,2,0,25,1,0,0,0,0,1,0,,130116.039062,12.4693288803,3200,26400,14.5782766342,0,0,9.37587738037,0.85428583622,5,1,47,0,3,1,1,888,0,0,0,0,0,0,0,0,1,1,0,1,1,12.4693288803,6,0,0,9.37587738037,0.85428583622,14.5782766342,6
299,2,26,2,0,25,1,,0,0,0,1,0,7,126215.53125,12.4388933182,800,26200,16.5475826263,12.7164983749,0,-1.8234026432,-1.32368826866,5,1,47,0,3,1,1,0,0,1,0,0,0,0,0,0,1,1,1,0,1,12.4693288803,6,0,0,9.37587738037,0.85428583622,14.5782766342,7
300,1,26,2,1,1.25,1,0,0,0,0,1,0,3,17228.9238281,10.4474916458,2600,0,11.4192743301,0,8.9871969223,-0.324359357357,0.85428583622,3,0,34,0,2,1,0,0,1,0,0,0,0,0,0,0,1,0,0,0,0,10.4474916458,3,8.9871969223,0,-0.324359357357,0.85428583622,11.4192743301,3
300,2,26,2,1,1.25,1,,0,0,0,1,0,5,55748.6171875,11.6217546463,4300,8000,13.732129097,0,0,0.418085634708,0.79633641243,3,0,34,0,2,1,1,0,0,0,0,0,0,1,0,0,1,0,0,0,1,10.4474916458,3,8.9871969223,0,-0.324359357357,0.85428583622,11.4192743301,5
301,1,26,2,0,25,1,0,0,0,0,1,0,4,13594.1630859,10.2105426788,2600,0,11.678440094,0,0,5.16178131104,-3.37084650993,5,1,59,0,3,1,1,1,1,0,0,0,0,1,0,0,0,0,0,0,0,10.2105426788,4,0,0,5.16178131104,-3.37084650993,11.678440094,4
301,2,26,2,0,25,1,,0,0,0,1,0,4,48195,11.4761581421,1400,8400,15.7497243881,0,0,-0.780723929405,-1.25082182884,5,1,59,0,3,1,1,0,0,0,0,0,0,0,0,0,1,0,0,0,1,10.2105426788,4,0,0,5.16178131104,-3.37084650993,11.678440094,4
302,1,26,2,1,1.25,1,0,0,0,0,1,0,6,23762.7304688,10.7690210342,2800,2000,11.8586406708,8.94897556305,0,-3.31787204742,-1.25082182884,4,0,30,0,3,0,1,0,0,1,0,1,0,0,0,0,1,0,1,0,1,10.7690210342,6,0,8.94897556305,-3.31787204742,-1.25082182884,11.8586406708,6
302,2,26,2,1,1.25,1,,0,0,0,1,0,4,183174.359375,12.8113412857,11150,28800,13.3707847595,0,0,4.58687496185,-3.37084650993,4,0,30,0,3,0,0,0,1,1,0,0,0,0,0,1,1,0,1,0,0,10.7690210342,6,0,8.94897556305,-3.31787204742,-1.25082182884,11.8586406708,4
303,1,26,2,0,25,1,0,0,0,0,1,0,3,30295.1914062,11.0118913651,2300,2200,13.9572706223,11.2897815704,0,1.52738761902,-6.19266223907,3,1,64,0,3,0,1,0,0,0,0,0,0,0,0,0,1,0,0,0,1,11.0118913651,3,0,11.2897815704,1.52738761902,-6.19266223907,13.9572706223,3
303,2,26,2,0,25,1,,0,0,0,1,0,7,121139.742188,12.3978471756,21300,5240,14.3859224319,11.0020999908,0,-0.743347346783,-1.32368826866,3,1,64,0,3,1,1,0,1,1,0,1,0,0,0,1,1,0,1,0,0,11.0118913651,3,0,11.2897815704,1.52738761902,-6.19266223907,13.9572706223,7
304,1,26,2,1,1.25,1,0,0,0,0,1,0,8,11563.8457031,10.0487861633,100,2400,12.3220767975,11.2118206024,0,-2.92505311966,0.85428583622,6,0,54,0,2,1,1,1,1,0,1,0,0,0,0,0,1,1,0,1,1,10.0487861633,8,0,11.2118206024,-2.92505311966,0.85428583622,12.3220767975,8
304,2,26,2,1,1.25,1,,0,0,0,1,0,5,12649.0195312,10.1384820938,1400,900,10.6828126907,10.49127388,0,4.17525291443,0.85428583622,6,0,54,0,2,1,0,0,1,1,0,0,0,0,0,0,1,0,1,0,1,10.0487861633,8,0,11.2118206024,-2.92505311966,0.85428583622,12.3220767975,5
305,1,26,2,1,1.25,1,0,0,0,0,1,0,5,20047.3945312,10.5990018845,3100,0,9.12695884705,0,10.8197784424,-6.72210550308,-1.25082182884,3,0,22,0,2,0,1,0,0,0,0,0,0,0,1,0,1,0,1,0,1,10.5990018845,5,10.8197784424,0,-6.72210550308,-1.25082182884,9.12695884705,5
305,2,26,2,1,1.25,1,,0,0,0,1,0,5,93583.1328125,12.139752388,6700,14500,9.60238265991,7.37775945663,0,7.79701852798,-3.31511259079,3,0,22,0,2,1,0,0,1,1,0,0,0,0,0,0,1,0,1,0,1,10.5990018845,5,10.8197784424,0,-6.72210550308,-1.25082182884,9.12695884705,5
306,1,27,4,0,46.25,1,0,0,0,0,0,1,5,14066.8076172,10.244720459,1850,0,14.9431638718,0,13.1615839005,-6.39550733566,-4.0875544548,7,0,53,0,1,1,0,0,0,1,0,0,0,0,0,0,1,0,0,1,1,10.244720459,5,13.1615839005,0,-6.39550733566,-4.0875544548,14.9431638718,5
306,2,27,4,0,46.25,1,,0,0,0,0,1,5,13919.3652344,10.2341833115,1300,1000,12.5208835602,8.69951438904,0,-3.57521867752,-3.37084650993,7,0,53,0,1,0,1,0,0,1,0,0,0,0,0,0,1,1,0,0,1,10.244720459,5,13.1615839005,0,-6.39550733566,-4.0875544548,14.9431638718,5
307,1,27,4,1,2,1,0,0,0,0,0,1,,22777.5585938,10.7266778946,2200,3000,10.2968797684,0,0,-8.81077384949,-3.31511259079,5,0,0,0,2,0,0,0,0,1,1,0,0,0,0,0,1,0,888,0,0,10.7266778946,3,0,0,-8.81077384949,-3.31511259079,10.2968797684,3
307,2,27,4,1,2,1,,0,0,0,0,1,4,76150.171875,11.9336099625,10600,3000,12.8092947006,0,9.90348720551,0.15648676455,-1.25082182884,5,0,0,0,2,1,0,0,1,0,0,0,0,0,0,1,0,0,0,0,1,10.7266778946,3,0,0,-8.81077384949,-3.31511259079,10.2968797684,4
308,1,27,4,0,46.25,1,0,0,0,0,0,1,8,71527.828125,11.8709888458,2300,12250,10.913269043,0,0,0.12929302454,-1.25082182884,7,1,45,0,2,1,1,0,0,1,1,0,0,0,0,0,1,0,1,1,1,11.8709888458,8,0,0,0.12929302454,-1.25082182884,10.913269043,8
308,2,27,4,0,46.25,1,,0,0,0,0,1,4,20707.0957031,10.6313791275,2800,0,12.7696800232,7.09007740021,8.294049263,0.948700785637,-1.25082182884,7,1,45,0,2,1,1,0,0,1,0,0,0,0,0,0,1,0,0,0,0,11.8709888458,8,0,0,0.12929302454,-1.25082182884,10.913269043,4
309,1,27,4,1,2,1,0,0,0,0,0,1,3,7185.42285156,9.57295703888,1300,0,11.4804019928,0,7.97246599197,2.98168826103,-4.0875544548,5,0,30,0,2,0,1,0,0,0,0,0,0,0,0,0,1,0,0,0,1,9.57295703888,3,7.97246599197,0,2.98168826103,-4.0875544548,11.4804019928,3
309,2,27,4,1,2,1,,0,0,0,0,1,5,50597.9609375,11.524813652,3400,3200,11.1816396713,9.86266517639,0,2.56697869301,2.90144395828,5,0,30,0,2,1,0,0,0,1,0,0,0,0,0,0,1,0,1,0,1,9.57295703888,3,7.97246599197,0,2.98168826103,-4.0875544548,11.4804019928,5
310,1,27,4,1,2,1,0,0,0,0,0,1,8,48648.1054688,11.4855155945,9400,200,10.9543094635,11.5521459579,0,1.15766620636,-3.37084650993,3,0,29,0,2,1,0,0,0,1,0,1,0,0,0,0,1,1,1,1,1,11.4855155945,8,0,11.5521459579,1.15766620636,-3.37084650993,10.9543094635,8
310,2,27,4,1,2,1,,0,0,0,0,1,6,14962.625,10.3064575195,2500,0,12.3796052933,0,8.9871969223,3.40896320343,-1.25082182884,3,0,29,0,2,1,1,0,0,0,0,0,0,0,0,0,1,0,1,1,1,11.4855155945,8,0,11.5521459579,1.15766620636,-3.37084650993,10.9543094635,6
311,1,27,4,0,46.25,1,0,0,0,0,0,1,5,9031.77929688,9.80165195465,2000,0,12.3313655853,10.8197784424,8.294049263,-2.78725671768,0.781419277191,7,0,0,0,2,1,0,0,0,1,1,0,0,0,0,0,0,0,1,0,1,9.80165195465,5,8.294049263,10.8197784424,-2.78725671768,0.781419277191,12.3313655853,5
311,2,27,4,0,46.25,1,,0,0,0,0,1,6,42644.8828125,11.3538093567,7100,0,12.8718328476,11.0413208008,9.21034049988,5.08220863342,-1.26795446873,7,0,0,0,2,1,0,0,1,1,0,0,0,0,0,1,1,0,1,0,1,9.80165195465,5,8.294049263,10.8197784424,-2.78725671768,0.781419277191,12.3313655853,6
312,1,27,4,0,46.25,1,0,0,0,0,0,1,5,6532870,15.180106163,2800,1500000,10.680516243,0,11.6952466965,1.39021527767,0.85428583622,6,0,37,0,2,1,0,0,1,1,0,0,0,0,0,0,1,0,1,0,1,15.180106163,5,11.6952466965,0,1.39021527767,0.85428583622,10.680516243,5
312,2,27,4,0,46.25,1,,0,0,0,0,1,5,19835.7890625,10.5883903503,3800,0,12.6710634232,8.66561317444,10.3089523315,4.65873432159,2.90144395828,6,0,37,0,2,1,0,0,1,1,0,0,0,0,0,0,1,0,1,0,1,15.180106163,5,11.6952466965,0,1.39021527767,0.85428583622,10.680516243,5
313,1,27,4,1,2,1,0,0,0,0,0,1,9,55656.578125,11.6201028824,5500,3800,14.1776504517,11.8635826111,0,1.79688811302,2.90144395828,5,0,30,0,2,1,1,0,1,0,0,1,0,0,1,0,1,0,1,1,1,11.6201028824,9,0,11.8635826111,1.79688811302,2.90144395828,14.1776504517,9
313,2,27,4,1,2,1,,0,0,0,0,1,9,53752.0078125,11.5852832794,2500,6300,13.4546842575,11.3621025085,11.6952466965,0.451210230589,0.85428583622,5,0,30,0,2,1,1,0,1,0,1,0,0,0,0,0,1,1,1,1,1,11.6201028824,9,0,11.8635826111,1.79688811302,2.90144395828,14.1776504517,9
314,1,27,4,1,2,1,0,0,0,0,0,1,6,90949.859375,12.1112108231,3400,16400,10.6735954285,9.68034362793,0,2.50123810768,-1.32368826866,6,0,33,0,2,1,0,0,0,0,0,1,0,0,0,0,0,1,1,1,1,12.1112108231,6,0,9.68034362793,2.50123810768,-1.32368826866,10.6735954285,6
314,2,27,4,1,2,1,,0,0,0,0,1,8,62060.7304688,11.729016304,3800,1800,15.1827497482,10.7450551987,10.3089523315,4.41989994049,-1.32368826866,6,0,33,0,2,1,1,0,0,1,0,0,1,0,0,0,1,0,1,1,1,12.1112108231,6,0,9.68034362793,2.50123810768,-1.32368826866,10.6735954285,8
315,1,27,4,1,2,1,0,0,0,0,0,1,4,8110.35595703,9.69404411316,1250,0,10.9384498596,8.9871969223,10.5966348648,1.34452998638,2.90144395828,5,0,35,0,2,1,0,0,1,0,0,0,0,0,0,1,1,0,0,0,0,9.69404411316,4,10.5966348648,8.9871969223,1.34452998638,2.90144395828,10.9384498596,4
315,2,27,4,1,2,1,,0,0,0,0,1,6,73200.0546875,11.8940982819,4500,9800,11.3597745895,8.85366535187,12.6115379333,0.544882953167,-1.32368826866,5,0,35,0,2,1,1,0,1,1,0,0,0,0,0,0,1,0,1,0,1,9.69404411316,4,10.5966348648,8.9871969223,1.34452998638,2.90144395828,10.9384498596,6
316,1,27,4,1,2,1,0,0,0,0,0,1,5,90954.171875,12.1112585068,2200,10850,14.9568634033,11.5521459579,12.6760759354,1.81445920467,0.781419277191,6,0,48,0,2,1,0,0,1,1,0,0,0,0,0,0,1,0,1,0,1,12.1112585068,5,12.6760759354,11.5521459579,1.81445920467,0.781419277191,14.9568634033,5
316,2,27,4,1,2,1,,0,0,0,0,1,5,86493,12.060965538,3000,15150,12.8830900192,9.68034362793,10.165851593,4.38302612305,0.79633641243,6,0,48,0,2,0,1,0,0,1,0,0,0,0,0,0,1,0,1,0,1,12.1112585068,5,12.6760759354,11.5521459579,1.81445920467,0.781419277191,14.9568634033,5
317,1,27,4,1,2,1,0,0,0,0,0,1,4,51241.3554688,11.5374498367,2400,8300,13.0293703079,0,0,1.23266422749,-1.26573896408,7,0,34,0,2,1,0,0,0,0,0,0,0,0,0,0,1,0,1,0,1,11.5374498367,4,0,0,1.23266422749,-1.26573896408,13.0293703079,4
317,2,27,4,1,2,1,,0,0,0,0,1,6,40786.4023438,11.3092508316,2300,4400,13.6314678192,10.0690021515,10.6454248428,5.06368589401,-3.37084650993,7,0,34,0,2,1,1,0,1,0,0,0,0,0,0,0,1,0,1,0,1,11.5374498367,4,0,0,1.23266422749,-1.26573896408,13.0293703079,6
318,1,28,2,0,57.25,1,0,0,0,0,0,0,5,99862.234375,12.2046937943,8400,12000,13.207403183,12.4130868912,0,-3.14267253876,0.781419277191,9,0,60,0,3,0,1,0,0,1,0,0,0,0,0,0,1,0,1,0,1,12.2046937943,5,0,12.4130868912,-3.14267253876,0.781419277191,13.207403183,5
318,2,28,2,0,57.25,1,,0,0,0,0,0,5,120787.554688,12.3949356079,21300,5110,13.2198534012,10.8589992523,10.896739006,10.3231620789,0.85428583622,9,0,60,0,3,1,1,0,1,1,0,0,0,0,0,0,1,0,1,0,0,12.2046937943,5,0,12.4130868912,-3.14267253876,0.781419277191,13.207403183,5
319,1,28,2,1,1,1,0,0,0,0,0,0,6,10837.4326172,9.98390865326,0,2100,11.962726593,10.2109718323,10.6454248428,-4.76167631149,-1.32368826866,4,1,36,0,3,0,1,0,1,0,0,1,1,0,0,0,1,0,0,0,1,9.98390865326,6,10.6454248428,10.2109718323,-4.76167631149,-1.32368826866,11.962726593,6
319,2,28,2,1,1,1,,0,0,0,0,0,3,9457.92285156,9.84775543213,300,1300,13.8889465332,0,11.8204097748,10.0148801804,2.90144395828,4,1,36,0,3,0,1,0,1,1,0,0,0,0,0,0,1,0,0,0,0,9.98390865326,6,10.6454248428,10.2109718323,-4.76167631149,-1.32368826866,11.962726593,3
320,1,28,2,1,1,1,0,0,0,0,0,0,5,12683.2695312,10.1411857605,800,0,10.7298536301,0,9.54681301117,-5.00776338577,-3.37084650993,7,0,42,0,1,1,0,0,0,1,1,0,0,0,0,0,1,0,0,0,1,10.1411857605,5,9.54681301117,0,-5.00776338577,-3.37084650993,10.7298536301,5
320,2,28,2,1,1,1,,0,0,0,0,0,5,19800.3457031,10.586602211,500,3700,11.138958931,8.294049263,0,8.0281085968,2.90144395828,7,0,42,0,1,1,1,1,1,0,0,0,0,0,0,0,1,0,0,0,1,10.1411857605,5,9.54681301117,0,-5.00776338577,-3.37084650993,10.7298536301,5
321,1,28,2,0,57.25,1,0,0,0,0,0,0,3,59115.5859375,11.6803970337,12700,0,13.5024585724,9.12695884705,0,4.21549844742,-1.25082182884,7,0,49,0,1,0,1,0,0,0,0,0,0,0,0,0,1,0,0,0,1,11.6803970337,3,0,9.12695884705,4.21549844742,-1.25082182884,13.5024585724,3
321,2,28,2,0,57.25,1,,0,0,0,0,0,5,281237.40625,13.2401018143,1500,63000,10.49127388,0,8.9871969223,3.62913966179,-5.49308681488,7,0,49,0,1,1,0,0,0,0,0,0,0,0,0,0,1,0,1,1,1,11.6803970337,3,0,9.12695884705,4.21549844742,-1.25082182884,13.5024585724,5
322,1,28,2,0,57.25,1,0,0,0,0,0,0,3,2618822.25,15.180106163,0,600000,12.1879091263,11.4721031189,11.7905569077,2.74713754654,0.0796284079552,9,0,0,0,1,0,0,0,1,0,0,0,0,0,0,0,1,0,0,0,1,15.180106163,3,11.7905569077,11.4721031189,2.74713754654,0.0796284079552,12.1879091263,3
322,2,28,2,0,57.25,1,,0,0,0,0,0,6,29634.4238281,10.9898395538,2900,0,11.150519371,11.0666379929,11.686879158,1.8075709343,0.0796284079552,9,0,0,0,1,1,1,0,0,1,0,1,0,0,0,0,1,0,1,0,0,15.180106163,3,11.7905569077,11.4721031189,2.74713754654,0.0796284079552,12.1879091263,6
323,1,28,2,1,1,1,0,0,0,0,0,0,1,26547,10.8798189163,2600,0,9.91343784332,0,9.39266204834,-11.7898139954,-4.0875544548,4,0,32,0,1,0,0,0,0,0,0,0,0,0,0,0,0,0,0,0,1,10.8798189163,1,9.39266204834,0,-11.7898139954,-4.0875544548,9.91343784332,1
323,2,28,2,1,1,1,,0,0,0,0,0,1,17111,10.4406242371,3800,0,8.294049263,0,0,-0.737228631973,-1.96752977371,4,0,32,0,1,1,0,0,0,0,0,0,0,0,0,0,0,0,0,0,0,10.8798189163,1,9.39266204834,0,-11.7898139954,-4.0875544548,9.91343784332,1
324,1,28,2,0,57.25,0,1,0,0,0,0,0,3,434.230773926,6.76672458649,0,0,12.0725412369,8.294049263,7.60090255737,-1.07468390465,-4.0875544548,2,1,73,0,3,0,0,0,1,0,0,0,0,0,0,0,1,0,0,0,1,6.76672458649,3,7.60090255737,8.294049263,-1.07468390465,-4.0875544548,12.0725412369,3
325,1,28,2,1,1,1,0,0,0,0,0,0,3,8690,9.76307582855,2000,0,10.232790947,0,8.294049263,4.58687496185,-1.26573896408,5,0,40,0,1,0,1,1,0,1,0,0,0,0,0,0,1,0,0,0,0,9.76307582855,3,8.294049263,0,4.58687496185,-1.26573896408,10.232790947,3
325,2,28,2,1,1,1,,0,0,0,0,0,7,11948.0771484,10.0814723969,2400,0,10.2506170273,7.78322410583,0,6.15241956711,0.79633641243,5,0,40,0,1,1,1,1,0,0,0,0,0,0,0,1,1,0,1,0,1,9.76307582855,3,8.294049263,0,4.58687496185,-1.26573896408,10.232790947,7
326,1,28,2,1,1,1,0,0,0,0,0,0,1,2690.55761719,8.59065055847,100,0,11.0413208008,8.0709066391,0,-7.10856389999,-1.32368826866,7,0,48,0,2,0,0,0,0,1,0,0,0,0,0,0,0,0,0,0,0,8.59065055847,1,0,8.0709066391,-7.10856389999,-1.32368826866,11.0413208008,1
326,2,28,2,1,1,1,,0,0,0,0,0,5,86934136,16.1621856689,6700,20000000,11.2746686935,9.47270488739,0,3.5003888607,-1.32368826866,7,0,48,0,2,1,1,1,1,1,0,0,0,0,0,0,1,0,1,0,0,8.59065055847,1,0,8.0709066391,-7.10856389999,-1.32368826866,11.0413208008,5
327,1,29,4,1,6.875,1,0,0,0,0,0,0,4,13182.9804688,10.1798286438,1900,600,11.2593231201,9.54681301117,12.5172271729,-1.78331446648,-1.32368826866,10,0,46,0,2,1,0,0,0,1,0,0,0,0,0,0,1,0,1,0,0,10.1798286438,4,12.5172271729,9.54681301117,-1.78331446648,-1.32368826866,11.2593231201,4
327,2,29,4,1,6.875,1,,0,0,0,0,0,4,5982.73095703,9.38978004456,800,0,9.91343784332,11.2897815704,0,5.87534475327,-1.32368826866,10,0,46,0,2,1,0,0,0,0,0,0,0,0,0,0,1,0,1,0,1,10.1798286438,4,12.5172271729,9.54681301117,-1.78331446648,-1.32368826866,11.2593231201,4
328,1,29,4,1,6.875,1,0,0,0,0,0,0,6,108806.28125,12.290471077,13300,9050,12.8098421097,11.6952466965,0,-1.03257620335,2.90144395828,6,0,35,0,2,1,0,0,0,1,0,0,0,0,0,0,1,0,1,1,1,12.290471077,6,0,11.6952466965,-1.03257620335,2.90144395828,12.8098421097,6
328,2,29,4,1,6.875,1,,0,0,0,0,0,5,55410.8828125,11.6156787872,7900,4000,11.1184005737,0,0,11.1179351807,-1.26795446873,6,0,35,0,2,1,0,1,1,1,0,0,0,0,0,1,1,0,1,0,0,12.290471077,6,0,11.6952466965,-1.03257620335,2.90144395828,12.8098421097,5
329,1,29,4,1,6.875,1,0,0,0,0,0,0,4,120694.875,12.3941679001,1850,17750,11.3918867111,9.90348720551,0,11.7427043915,-1.32368826866,7,0,0,0,2,1,1,1,1,0,1,0,0,0,0,0,0,0,0,0,0,12.3941679001,4,0,9.90348720551,11.7427043915,-1.32368826866,11.3918867111,4
329,2,29,4,1,6.875,1,,0,0,0,0,0,3,1428.83654785,7.95776319504,300,0,11.4186143875,0,11.8085756302,9.20425510406,2.90144395828,7,0,0,0,2,0,1,0,0,0,0,0,0,0,0,0,1,0,1,0,0,12.3941679001,4,0,9.90348720551,11.7427043915,-1.32368826866,11.3918867111,3
330,1,29,4,1,6.875,1,0,0,0,0,0,0,2,44629.2578125,11.3992919922,300,4500,12.1232347488,0,0,11.1092624664,-4.1455039978,3,0,0,0,2,1,0,0,0,0,0,1,0,0,0,0,0,0,0,0,0,11.3992919922,2,0,0,11.1092624664,-4.1455039978,12.1232347488,2
330,2,29,4,1,6.875,1,,0,0,0,0,0,2,73830.7890625,11.9026784897,2800,9600,12.3265190125,11.6952466965,0,9.14116096497,-1.96752977371,3,0,0,0,2,0,1,0,0,0,1,0,0,0,0,0,0,0,0,0,0,11.3992919922,2,0,0,11.1092624664,-4.1455039978,12.1232347488,2
331,1,29,4,0,49.5,1,0,0,0,0,0,0,3,3659.4230957,8.89820766449,800,0,8.59415435791,9.90348720551,0,-3.58426427841,0.0796284079552,3,1,36,0,2,0,0,0,0,0,0,0,0,0,0,0,1,0,1,0,1,8.89820766449,3,0,9.90348720551,-3.58426427841,0.0796284079552,8.59415435791,3
331,2,29,4,0,49.5,1,,0,0,0,0,0,6,25105.5859375,10.8239927292,1600,3300,9.48797225952,9.54681301117,8.69951438904,3.90009593964,-1.25082182884,3,1,36,0,2,1,1,0,0,0,0,0,0,0,0,0,1,0,1,1,1,8.89820766449,3,0,9.90348720551,-3.58426427841,0.0796284079552,8.59415435791,6
332,1,29,4,1,6.875,1,0,0,0,0,0,0,2,17294.8652344,10.4513120651,500,200,10.2255706787,0,9.21034049988,8.65588855743,-3.37084650993,5,0,27,0,2,1,1,0,0,0,0,0,0,0,0,0,0,0,0,0,0,10.4513120651,2,9.21034049988,0,8.65588855743,-3.37084650993,10.2255706787,2
332,2,29,4,1,6.875,1,,0,0,0,0,0,5,88942.859375,12.0888967514,5400,14000,12.54966259,11.5521459579,0,-4.13060331345,-1.26573896408,5,0,27,0,2,1,0,0,0,1,0,0,0,0,0,0,1,0,1,0,1,10.4513120651,2,9.21034049988,0,8.65588855743,-3.37084650993,10.2255706787,5
333,1,29,4,1,6.875,1,0,0,0,0,0,0,3,6846.90771484,9.52469921112,1030,0,10.0432491302,0,6.90775632858,-1.7507737875,0.85428583622,6,0,36,0,2,1,0,0,0,0,0,0,0,0,0,0,1,0,0,0,1,9.52469921112,3,6.90775632858,0,-1.7507737875,0.85428583622,10.0432491302,3
333,2,29,4,1,6.875,1,,0,0,0,0,0,4,25630.3515625,10.8446798325,4070,0,9.39266204834,8.9871969223,8.69951438904,2.62587213516,-1.26573896408,6,0,36,0,2,1,1,1,0,1,0,0,0,0,0,0,1,0,0,0,0,9.52469921112,3,6.90775632858,0,-1.7507737875,0.85428583622,10.0432491302,4
334,1,29,4,0,49.5,1,0,0,0,0,0,0,2,12380.8271484,10.1170511246,0,1200,12.0827741623,0,0,4.32559919357,2.90144395828,3,0,63,0,3,0,1,0,0,0,0,0,0,0,0,0,1,0,0,0,0,10.1170511246,2,0,0,4.32559919357,2.90144395828,12.0827741623,2
334,2,29,4,0,49.5,1,,0,0,0,0,0,2,13742.0097656,10.2213602066,1800,0,12.2894945145,11.512925148,0,10.1520786285,-1.96752977371,3,0,63,0,3,1,0,0,0,0,0,0,0,0,0,0,1,0,0,0,0,10.1170511246,2,0,0,4.32559919357,2.90144395828,12.0827741623,2
335,1,29,4,0,49.5,1,0,0,0,0,0,0,3,7358.875,9.59680938721,600,0,11.8159885406,0,0,-2.29325032234,0.85428583622,3,0,52,0,3,0,0,0,0,1,0,0,0,0,0,0,1,0,1,0,0,9.59680938721,3,0,0,-2.29325032234,0.85428583622,11.8159885406,3
335,2,29,4,0,49.5,1,,0,0,0,0,0,6,94735.2890625,12.1519889832,6000,0,11.173248291,0,0,-5.4450302124,0.85428583622,3,0,52,0,3,1,0,0,1,1,0,0,0,0,0,0,1,0,1,1,1,9.59680938721,3,0,0,-2.29325032234,0.85428583622,11.8159885406,6
336,1,29,4,1,6.875,1,0,0,0,0,0,0,4,16440.1152344,10.4006271362,400,3000,9.0118894577,0,8.294049263,1.56426179409,-10.3620605469,4,1,22,0,1,1,1,0,0,0,0,0,0,0,0,0,1,0,0,0,1,10.4006271362,4,8.294049263,0,1.56426179409,-10.3620605469,9.0118894577,4
336,2,29,4,1,6.875,1,,0,0,0,0,0,3,19472.1835938,10.5698890686,2600,1200,8.73230457306,0,0,1.64313113689,0.85428583622,4,1,22,0,1,0,1,0,0,0,0,0,0,0,0,0,1,0,0,0,1,10.4006271362,4,8.294049263,0,1.56426179409,-10.3620605469,9.0118894577,3
337,1,29,4,0,49.5,1,0,0,0,0,0,0,4,110265.546875,12.3037939072,1500,2400,14.8919458389,12.8583974838,0,2.38109016418,2.90144395828,6,0,62,0,2,0,0,0,0,0,0,0,0,0,0,0,1,1,1,0,1,12.3037939072,4,0,12.8583974838,2.38109016418,2.90144395828,14.8919458389,4
337,2,29,4,0,49.5,1,,0,0,0,0,0,3,38517.8085938,11.2520227432,1900,6000,13.8347244263,8.294049263,0,-2.49165916443,0.85428583622,6,0,62,0,2,1,0,1,0,1,0,0,0,0,0,0,0,0,1,0,0,12.3037939072,4,0,12.8583974838,2.38109016418,2.90144395828,14.8919458389,3
338,1,29,4,1,6.875,1,0,0,0,0,0,0,8,277343.53125,13.2261590958,7300,31400,13.6303853989,0,0,1.93709146976,-1.26795446873,8,0,34,0,2,1,1,0,0,1,1,0,0,0,0,0,1,0,1,1,1,13.2261590958,8,0,0,1.93709146976,-1.26795446873,13.6303853989,8
338,2,29,4,1,6.875,1,,0,0,0,0,0,10,321283.9375,13.3732280731,59000,1000,13.2445812225,12.7367010117,0,10.1934089661,2.90144395828,8,0,34,0,2,1,1,1,1,1,0,1,0,0,0,1,1,1,1,1,1,13.2261590958,8,0,0,1.93709146976,-1.26795446873,13.6303853989,10
339,1,30,4,1,2.5,1,0,0,1,0,0,0,2,8790,9.77451705933,1000,1000,12.9365158081,7.60090255737,0,2.51888656616,2.90144395828,6,0,0,0,1,0,1,0,0,0,0,0,0,0,0,0,1,0,0,0,0,9.77451705933,2,0,7.60090255737,2.51888656616,2.90144395828,12.9365158081,2
339,2,30,4,1,2.5,1,,0,1,0,0,0,7,2617286,15.4707956314,300,601900,11.7312574387,8.294049263,0,6.82741212845,-3.37084650993,6,0,0,0,1,0,1,1,0,0,1,1,0,0,0,0,1,0,1,1,1,9.77451705933,2,0,7.60090255737,2.51888656616,2.90144395828,12.9365158081,7
340,1,30,4,0,23.5,1,0,0,1,0,0,0,1,9374.90429688,9.83893871307,2000,0,10.0078477859,0,0,-7.67046976089,0.85428583622,5,0,51,0,1,0,1,0,0,0,0,0,0,0,0,0,0,0,0,0,0,9.83893871307,1,0,0,-7.67046976089,0.85428583622,10.0078477859,1
340,2,30,4,0,23.5,1,,0,1,0,0,0,2,10343.6347656,9.93727397919,2000,0,11.4510498047,0,0,-10.5777549744,-1.25082182884,5,0,51,0,1,0,1,0,0,0,0,1,0,0,0,0,0,0,0,0,0,9.83893871307,1,0,0,-7.67046976089,0.85428583622,10.0078477859,2
341,1,30,4,1,2.5,1,0,0,1,0,0,0,2,22389.6914062,10.7095031738,4600,0,10.8761587143,0,8.00636768341,4.47423934937,2.90144395828,4,0,26,0,1,0,0,0,0,0,0,0,0,0,0,0,1,0,0,0,1,10.7095031738,2,8.00636768341,0,4.47423934937,2.90144395828,10.8761587143,2
341,2,30,4,1,2.5,1,,0,1,0,0,0,3,15927.0576172,10.3689222336,1300,0,11.7950925827,9.39266204834,9.99879741669,4.04029893875,-1.25082182884,4,0,26,0,1,1,0,0,1,0,1,0,0,0,0,0,0,0,0,0,0,10.7095031738,2,8.00636768341,0,4.47423934937,2.90144395828,10.8761587143,3
342,1,30,4,0,23.5,1,0,0,1,0,0,0,2,1450.6730957,7.97293043137,0,0,12.4791488647,0,0,-6.55766582489,-1.25082182884,3,1,61,0,2,1,0,0,1,0,0,0,0,0,0,0,0,0,0,0,0,7.97293043137,2,0,0,-6.55766582489,-1.25082182884,12.4791488647,2
342,2,30,4,0,23.5,1,,0,1,0,0,0,1,7600.65380859,9.62913703918,1100,0,11.255449295,11.5208940506,9.21034049988,-2.42067408562,0.79633641243,3,1,61,0,2,0,1,0,0,0,0,0,0,0,0,0,0,0,0,0,0,7.97293043137,2,0,0,-6.55766582489,-1.25082182884,12.4791488647,1
343,1,30,4,0,23.5,1,0,0,1,0,0,0,4,9682.72070312,9.87124538422,1150,0,17.3805885315,12.5913352966,0,3.86200737953,2.90144395828,2,0,29,0,3,0,1,0,0,0,0,0,0,0,0,0,1,0,1,0,1,9.87124538422,4,0,12.5913352966,3.86200737953,2.90144395828,17.3805885315,4
343,2,30,4,0,23.5,1,,0,1,0,0,0,6,27239.8085938,10.9055814743,5300,300,10.9419956207,0,0,11.3007926941,0.79633641243,2,0,29,0,3,1,1,1,1,0,1,0,0,0,0,0,1,0,1,0,0,9.87124538422,4,0,12.5913352966,3.86200737953,2.90144395828,17.3805885315,6
344,1,30,4,0,23.5,1,0,0,1,0,0,0,2,12472.7402344,10.1244478226,2600,0,12.0411977768,0,7.60090255737,-11.2279081345,-3.37084650993,4,0,29,0,1,0,1,0,0,0,0,0,0,0,0,0,1,0,0,0,0,10.1244478226,2,7.60090255737,0,-11.2279081345,-3.37084650993,12.0411977768,2
344,2,30,4,0,23.5,1,,0,1,0,0,0,5,27607.4609375,10.9189882278,1500,4700,15.4210205078,11.512925148,0,7.15823984146,-3.37084650993,4,0,29,0,1,1,1,0,1,1,0,0,0,0,0,0,1,0,1,0,0,10.1244478226,2,7.60090255737,0,-11.2279081345,-3.37084650993,12.0411977768,5
345,1,30,4,1,2.5,1,0,0,1,0,0,0,11,79602.1484375,11.9779434204,10100,5040,17.4067611694,11.8055953979,9.21034049988,-6.66051340103,-1.32368826866,8,0,48,0,2,1,1,0,0,1,1,0,1,0,1,0,1,1,1,1,1,11.9779434204,11,9.21034049988,11.8055953979,-6.66051340103,-1.32368826866,17.4067611694,11
345,2,30,4,1,2.5,1,,0,1,0,0,0,6,80912.3046875,11.9942684174,6450,10050,14.4901885986,12.483704567,0,-7.68032264709,2.90144395828,8,0,48,0,2,1,0,1,1,1,0,0,0,0,1,1,1,0,1,0,0,11.9779434204,11,9.21034049988,11.8055953979,-6.66051340103,-1.32368826866,17.4067611694,6
346,1,30,4,1,2.5,0,1,0,1,0,0,0,12,20421.5,10.6174907684,2300,2400,11.9916410446,0,6.38053369522,-7.65282154083,0.0796284079552,8,0,35,0,3,1,1,0,1,1,1,0,1,1,1,1,1,1,1,1,1,10.6174907684,12,,0,-7.65282154083,0.0796284079552,11.9916410446,12
347,1,30,4,1,2.5,1,0,0,1,0,0,0,5,32839.9335938,11.0925474167,6100,0,11.5889596939,0,0,-8.32062244415,2.90144395828,3,0,23,0,1,1,0,0,0,1,0,0,0,0,0,0,1,1,1,0,0,11.0925474167,5,0,0,-8.32062244415,2.90144395828,11.5889596939,5
347,2,30,4,1,2.5,1,,0,1,0,0,0,5,21340.0957031,10.6614904404,3000,1750,10.2750511169,0,10.165851593,8.86118984222,-3.37306213379,3,0,23,0,1,1,0,1,1,1,1,0,0,0,0,0,1,0,0,0,1,11.0925474167,5,0,0,-8.32062244415,2.90144395828,11.5889596939,5
348,1,30,4,1,2.5,1,0,0,1,0,0,0,7,30901.7988281,11.0317173004,3900,2350,11.8085756302,0,0,3.12801027298,2.90144395828,6,0,38,0,1,1,1,0,1,1,1,0,0,0,0,0,1,0,1,0,1,11.0317173004,7,0,0,3.12801027298,2.90144395828,11.8085756302,7
348,2,30,4,1,2.5,1,,0,1,0,0,0,3,28006.1152344,10.9333257675,3500,2050,12.8723621368,10.7054891586,7.60090255737,7.152572155,-3.37306213379,6,0,38,0,1,1,0,1,1,0,0,0,0,0,0,0,1,0,0,0,0,11.0317173004,7,0,0,3.12801027298,2.90144395828,11.8085756302,3
349,1,30,4,1,2.5,1,0,0,1,0,0,0,4,4903.75976562,9.19090461731,1000,0,9.08250713348,0,7.2442278862,-9.04402732849,-1.26573896408,5,0,35,0,1,0,1,0,0,0,0,0,0,0,0,0,1,1,1,0,0,9.19090461731,4,7.2442278862,0,-9.04402732849,-1.26573896408,9.08250713348,4
349,2,30,4,1,2.5,1,,0,1,0,0,0,4,60619.25,11.7055149078,1650,10000,10.5815210342,6.90775632858,0,-8.97094345093,0.85428583622,5,0,35,0,1,0,1,0,0,1,0,1,0,0,0,0,1,0,0,0,0,9.19090461731,4,7.2442278862,0,-9.04402732849,-1.26573896408,9.08250713348,4
350,1,30,4,1,2.5,1,0,0,1,0,0,0,5,36950.8476562,11.2104911804,2500,3600,13.4747085571,0,8.9871969223,5.63063144684,0.781419277191,10,0,52,0,2,0,1,0,0,1,0,0,0,0,0,0,0,0,1,1,1,11.2104911804,5,8.9871969223,0,5.63063144684,0.781419277191,13.4747085571,5
350,2,30,4,1,2.5,1,,0,1,0,0,0,6,56073.6914062,11.6275691986,3300,7000,12.1673316956,8.294049263,0,2.22492623329,0.79633641243,10,0,52,0,2,1,1,1,1,1,0,0,0,0,0,0,1,0,1,1,0,11.2104911804,5,8.9871969223,0,5.63063144684,0.781419277191,13.4747085571,6
351,1,31,4,1,2.375,1,0,1,0,0,0,0,2,2246.89428711,8.41045188904,100,0,16.3540534973,8.00636768341,0,-4.34499263763,-4.07263755798,4,0,0,0,2,0,1,0,0,0,0,0,0,0,0,0,1,0,0,0,0,8.41045188904,2,0,8.00636768341,-4.34499263763,-4.07263755798,16.3540534973,2
351,2,31,4,1,2.375,1,,1,0,0,0,0,2,34541.4023438,11.1430606842,2200,5600,13.310997963,9.68034362793,0,3.30397939682,0.0796284079552,4,0,0,0,2,1,0,1,1,1,0,0,0,0,0,0,0,0,0,0,0,8.41045188904,2,0,8.00636768341,-4.34499263763,-4.07263755798,16.3540534973,2
352,1,31,4,1,2.375,0,1,1,0,0,0,0,4,11585.3017578,10.0506401062,2280,0,10.338511467,0,6.39693260193,1.62237453461,2.90144395828,4,0,26,0,1,1,1,0,0,0,0,1,0,0,0,0,1,0,0,0,0,10.0506401062,4,6.39693260193,0,1.62237453461,2.90144395828,10.338511467,4
353,1,31,4,0,34.5,1,0,1,0,0,0,0,4,93965.5703125,12.1438312531,8950,11640,14.7400398254,11.7706632614,12.2160234451,-5.40425443649,2.90144395828,5,0,46,0,3,1,0,0,0,0,0,0,0,0,0,1,1,1,0,0,0,12.1438312531,4,12.2160234451,11.7706632614,-5.40425443649,2.90144395828,14.7400398254,4
353,2,31,4,0,34.5,1,,1,0,0,0,0,5,34755.2890625,11.1492338181,2900,3600,15.8490915298,11.7440376282,0,4.48800992966,2.90144395828,5,0,46,0,3,1,0,0,0,1,0,0,0,0,0,0,1,0,1,1,0,12.1438312531,4,12.2160234451,11.7706632614,-5.40425443649,2.90144395828,14.7400398254,5
354,1,31,4,0,34.5,1,0,1,0,0,0,0,4,18708.0292969,10.5298557281,3750,0,10.9818973541,11.3574409485,0,0.375796020031,0.79633641243,4,0,39,0,2,0,1,0,1,1,0,0,0,0,0,0,1,0,1,0,0,10.5298557281,4,0,11.3574409485,0.375796020031,0.79633641243,10.9818973541,4
354,2,31,4,0,34.5,1,,1,0,0,0,0,6,29366.4902344,10.9807567596,1600,4300,10.360912323,0,0,5.86921882629,2.90144395828,4,0,39,0,2,1,1,0,1,1,0,0,0,0,0,0,1,0,1,0,1,10.5298557281,4,0,11.3574409485,0.375796020031,0.79633641243,10.9818973541,6
355,1,31,4,1,2.375,1,0,1,0,0,0,0,7,15958.9902344,10.3709249496,400,2100,13.359172821,0,10.5966348648,-3.01410317421,2.90144395828,6,0,37,0,2,1,0,1,0,1,0,0,0,0,0,0,1,1,1,1,1,10.3709249496,7,10.5966348648,0,-3.01410317421,2.90144395828,13.359172821,7
355,2,31,4,1,2.375,1,,1,0,0,0,0,6,47645.1523438,11.4646835327,900,5000,13.7879333496,9.0118894577,10.691945076,8.46714305878,0.781419277191,6,0,37,0,2,1,0,0,1,1,0,0,0,0,0,1,1,0,1,0,1,10.3709249496,7,10.5966348648,0,-3.01410317421,2.90144395828,13.359172821,6
356,1,31,4,1,2.375,1,0,1,0,0,0,0,5,13188.7792969,10.1802692413,1500,600,12.0400180817,10.8234519958,0,-7.96876144409,2.90144395828,4,0,0,0,2,0,1,1,0,1,0,0,0,0,0,0,1,0,1,0,1,10.1802692413,5,0,10.8234519958,-7.96876144409,2.90144395828,12.0400180817,5
356,2,31,4,1,2.375,1,,1,0,0,0,0,7,43529.0195312,11.3743305206,3450,2400,13.0664281845,11.4075651169,0,1.8163151741,-1.32368826866,4,0,0,0,2,1,1,1,1,1,1,0,0,0,0,0,1,0,0,1,1,10.1802692413,5,0,10.8234519958,-7.96876144409,2.90144395828,12.0400180817,7
357,1,31,4,0,34.5,0,1,1,0,0,0,0,4,11696.1923828,10.0601654053,1800,250,11.3046703339,8.00636768341,0,1.29786944389,2.90144395828,8,0,40,0,2,1,1,0,0,0,0,0,0,0,0,0,1,0,0,0,1,10.0601654053,4,0,8.00636768341,1.29786944389,2.90144395828,11.3046703339,4
358,1,31,4,1,2.375,1,0,1,0,0,0,0,3,35645.7109375,11.174530983,7800,0,11.9703502655,0,0,-6.92424869537,-1.32368826866,7,0,37,0,2,0,1,0,0,0,0,0,0,0,0,0,1,0,0,0,1,11.174530983,3,0,0,-6.92424869537,-1.32368826866,11.9703502655,3
358,2,31,4,1,2.375,1,,1,0,0,0,0,4,60514.25,11.7037811279,5200,6200,14.1093730927,0,9.90348720551,-1.48346340656,0.85428583622,7,0,37,0,2,1,1,0,1,0,0,0,0,0,0,0,1,0,0,0,0,11.174530983,3,0,0,-6.92424869537,-1.32368826866,11.9703502655,4
359,1,31,4,0,34.5,1,0,1,0,0,0,0,3,3609.69238281,8.88452529907,300,300,12.700586319,0,0,4.17184829712,-8.24203586578,5,0,56,0,2,0,0,0,0,1,0,1,0,0,0,0,0,0,0,0,1,8.88452529907,3,0,0,4.17184829712,-8.24203586578,12.700586319,3
359,2,31,4,0,34.5,1,,1,0,0,0,0,4,10031.7792969,9.90666007996,1800,0,9.75266456604,0,0,1.29786944389,0.85428583622,5,0,56,0,2,1,0,0,1,0,0,0,0,0,0,0,1,0,0,0,1,8.88452529907,3,0,0,4.17184829712,-8.24203586578,12.700586319,4
360,1,31,4,1,2.375,1,0,1,0,0,0,0,4,136499.578125,12.5172243118,1200,30000,11.3986358643,0,9.21034049988,-2.84780788422,-10.3620605469,4,0,54,0,2,0,1,0,0,0,0,0,0,0,0,0,1,0,0,1,1,12.5172243118,4,9.21034049988,0,-2.84780788422,-10.3620605469,11.3986358643,4
360,2,31,4,1,2.375,1,,1,0,0,0,0,5,142531.359375,12.560464859,2400,30000,10.9402246475,7.09007740021,12.1335020065,0.843265593052,0.85428583622,4,0,54,0,2,1,0,0,1,1,0,0,0,0,0,0,1,0,1,0,1,12.5172243118,4,9.21034049988,0,-2.84780788422,-10.3620605469,11.3986358643,5
361,1,31,4,1,2.375,1,0,1,0,0,0,0,6,16591.1367188,10.4097709656,600,2440,14.0951852798,0,0,2.44743442535,0.85428583622,6,0,0,0,2,1,1,1,1,1,1,0,0,0,0,0,1,0,0,0,1,10.4097709656,6,0,0,2.44743442535,0.85428583622,14.0951852798,6
361,2,31,4,1,2.375,1,,1,0,0,0,0,6,57055.8945312,11.6449337006,8700,2900,13.6165304184,9.96175670624,0,3.28422498703,0.85428583622,6,0,0,0,2,1,0,0,1,1,1,0,0,0,0,0,1,0,1,0,1,10.4097709656,6,0,0,2.44743442535,0.85428583622,14.0951852798,6
362,1,31,4,1,2.375,1,0,1,0,0,0,0,7,14768.9150391,10.2934274673,1907,1400,12.2452936172,0,0,-3.03799819946,2.90144395828,6,0,52,0,2,1,0,0,0,1,0,0,0,1,0,0,1,0,1,1,1,10.2934274673,7,0,0,-3.03799819946,2.90144395828,12.2452936172,7
362,2,31,4,1,2.375,1,,1,0,0,0,0,6,23477.2890625,10.7569360733,700,4400,10.9818286896,9.16951847076,11.9829292297,4.11352539062,0.85428583622,6,0,52,0,2,1,0,0,1,1,0,0,0,0,0,0,1,0,1,1,1,10.2934274673,7,0,0,-3.03799819946,2.90144395828,12.2452936172,6
363,1,32,3,1,3.625,1,0,0,0,0,0,0,3,43948.6640625,11.3839244843,400,8000,11.2437381744,8.69951438904,10.918718338,0.44641661644,0.79633641243,9,0,42,0,2,0,1,0,0,0,0,0,0,0,0,0,1,0,1,0,0,11.3839244843,3,10.918718338,8.69951438904,0.44641661644,0.79633641243,11.2437381744,3
363,2,32,3,1,3.625,1,,0,0,0,0,0,4,141023.5625,12.549829483,0,31000,12.8357477188,0,11.1562509537,3.38055515289,2.90144395828,9,0,42,0,2,0,0,1,0,0,0,0,0,0,0,0,1,1,0,0,1,11.3839244843,3,10.918718338,8.69951438904,0.44641661644,0.79633641243,11.2437381744,4
364,1,32,3,1,3.625,1,0,0,0,0,0,0,4,36279.6835938,11.1921606064,5200,1200,14.5925378799,11.1562509537,9.08250713348,-3.72446751595,0.79633641243,6,1,53,0,1,1,1,0,0,0,0,0,0,0,0,0,1,0,0,0,1,11.1921606064,4,9.08250713348,11.1562509537,-3.72446751595,0.79633641243,14.5925378799,4
364,2,32,3,1,3.625,1,,0,0,0,0,0,7,157151.03125,12.6581096649,12750,19600,14.0230121613,11.5268287659,10.4744672775,0.229109406471,-1.32368826866,6,1,53,0,1,1,1,0,0,1,0,1,0,0,0,0,1,0,1,1,0,11.1921606064,4,9.08250713348,11.1562509537,-3.72446751595,0.79633641243,14.5925378799,7
365,1,32,3,1,3.625,1,0,0,0,0,0,0,3,26275.1347656,10.8695259094,1000,2700,11.5327281952,8.69951438904,8.00636768341,2.91170525551,0.85428583622,7,0,33,0,2,0,1,0,0,0,0,0,0,0,0,0,1,0,0,0,1,10.8695259094,3,8.00636768341,8.69951438904,2.91170525551,0.85428583622,11.5327281952,3
365,2,32,3,1,3.625,1,,0,0,0,0,0,3,35183.7226562,11.161485672,4400,2000,12.4552736282,9.61580562592,9.21034049988,2.87292408943,-1.96752977371,7,0,33,0,2,0,1,0,0,0,0,0,0,0,0,0,1,0,0,0,1,10.8695259094,3,8.00636768341,8.69951438904,2.91170525551,0.85428583622,11.5327281952,3
366,1,32,3,0,59.2500038147,0,1,0,0,0,0,0,2,113011.507812,12.3283920288,200,25750,12.0731124878,0,6.80239582062,3.15689229965,-4.07263755798,2,0,0,0,3,0,1,0,0,0,0,0,0,0,0,0,0,0,0,0,1,12.3283920288,2,6.80239582062,0,3.15689229965,-4.07263755798,12.0731124878,2
367,1,32,3,0,59.2500038147,1,0,0,0,0,0,0,4,33597.2109375,11.1153459549,3200,2800,15.0653533936,10.0690021515,0,2.91170525551,2.90144395828,9,0,61,0,2,1,0,0,0,0,0,0,0,0,0,0,1,0,1,0,1,11.1153459549,4,0,10.0690021515,2.91170525551,2.90144395828,15.0653533936,4
367,2,32,3,0,59.2500038147,1,,0,0,0,0,0,7,5525218,16.1621856689,16450,1252250,13.2184009552,0,0,4.33123779297,0.0796284079552,9,0,61,0,2,1,0,0,0,1,1,1,0,0,0,0,1,0,1,1,1,11.1153459549,4,0,10.0690021515,2.91170525551,2.90144395828,15.0653533936,7
368,1,32,3,0,59.2500038147,1,0,0,0,0,0,0,4,11107.7880859,10.0085487366,400,1500,12.0100574493,0,11.2897815704,1.00034761429,2.90144395828,2,1,75,0,2,1,0,0,0,0,0,0,0,0,0,0,1,0,0,1,1,10.0085487366,4,11.2897815704,0,1.00034761429,2.90144395828,12.0100574493,4
368,2,32,3,0,59.2500038147,1,,0,0,0,0,0,3,6149.84619141,9.41732978821,500,800,12.2977399826,0,0,4.74830961227,-4.1455039978,2,1,75,0,2,1,0,0,1,0,0,0,0,0,0,0,1,0,0,0,0,10.0085487366,4,11.2897815704,0,1.00034761429,2.90144395828,12.0100574493,3
369,1,32,3,1,3.625,1,0,0,0,0,0,0,8,47397.578125,11.4594736099,7800,1050,12.6267547607,0,11.0020999908,-7.63384342194,-5.42022037506,4,0,29,0,2,1,0,0,0,1,1,0,0,0,0,0,1,1,1,1,1,11.4594736099,8,11.0020999908,0,-7.63384342194,-5.42022037506,12.6267547607,8
369,2,32,3,1,3.625,1,,0,0,0,0,0,6,101441.3125,12.2203826904,11750,6110,13.22311306,12.3719263077,10.9331073761,-0.277676820755,-1.32368826866,4,0,29,0,2,1,1,0,0,1,0,0,0,0,0,0,1,0,1,1,0,11.4594736099,8,11.0020999908,0,-7.63384342194,-5.42022037506,12.6267547607,6
370,1,32,3,1,3.625,1,0,0,0,0,0,0,5,18705.3359375,10.5297117233,3500,0,11.5149230957,8.51719284058,0,1.34840810299,0.0796284079552,5,0,47,0,2,1,0,0,0,1,0,0,0,0,0,0,1,0,1,0,1,10.5297117233,5,0,8.51719284058,1.34840810299,0.0796284079552,11.5149230957,5
370,2,32,3,1,3.625,1,,0,0,0,0,0,4,12617.2119141,10.1359643936,500,0,10.9954109192,0,0,10.2465143204,-4.1455039978,5,0,47,0,2,1,1,0,0,0,0,0,0,0,0,0,1,0,0,1,0,10.5297117233,5,0,8.51719284058,1.34840810299,0.0796284079552,11.5149230957,4
371,1,32,3,1,3.625,1,0,0,0,0,0,0,2,12563.0380859,10.1316614151,1200,1000,11.3736629486,9.68034362793,0,-4.64118051529,-3.37084650993,6,0,65,0,3,0,1,0,0,0,0,0,0,0,0,0,0,0,1,0,0,10.1316614151,2,0,9.68034362793,-4.64118051529,-3.37084650993,11.3736629486,2
371,2,32,3,1,3.625,1,,0,0,0,0,0,3,46490.9609375,11.4401607513,8600,1400,11.5346870422,10.5966348648,11.0348892212,5.87921571732,-3.37084650993,6,0,65,0,3,1,0,0,0,1,0,0,0,0,0,0,1,0,0,0,0,10.1316614151,2,0,9.68034362793,-4.64118051529,-3.37084650993,11.3736629486,3
372,1,32,3,1,3.625,1,0,0,0,0,0,0,1,5071.95214844,9.22462844849,1100,0,9.84161186218,8.69951438904,0,-3.37649774551,-5.42022037506,7,1,35,0,1,1,0,0,0,0,0,0,0,0,0,0,0,0,0,0,0,9.22462844849,1,0,8.69951438904,-3.37649774551,-5.42022037506,9.84161186218,1
372,2,32,3,1,3.625,1,,0,0,0,0,0,3,37032.7773438,11.2127056122,7100,0,13.140203476,0,0,4.62256336212,0.0796284079552,7,1,35,0,1,0,1,0,0,0,0,0,0,0,0,0,1,0,0,0,1,9.22462844849,1,0,8.69951438904,-3.37649774551,-5.42022037506,9.84161186218,3
373,1,32,3,0,59.2500038147,1,0,0,0,0,0,0,2,13003.3369141,10.1661081314,300,2100,12.5194149017,9.39266204834,7.37775945663,-8.72738647461,0.85428583622,4,0,46,0,2,0,0,0,0,0,0,0,0,0,0,0,1,0,0,0,1,10.1661081314,2,7.37775945663,9.39266204834,-8.72738647461,0.85428583622,12.5194149017,2
373,2,32,3,0,59.2500038147,1,,0,0,0,0,0,6,38072.125,11.2403850555,2550,4000,12.1547794342,7.60090255737,0,0.229109406471,-5.49308681488,4,0,46,0,2,1,1,0,1,1,0,0,0,0,0,0,1,0,1,1,0,10.1661081314,2,7.37775945663,9.39266204834,-8.72738647461,0.85428583622,12.5194149017,6
374,1,32,3,1,3.625,1,0,0,0,0,0,0,2,6348.36523438,9.44909954071,100,900,12.0423765182,0,0,0.77350127697,0.79633641243,5,0,35,0,2,1,0,0,0,0,0,0,0,0,0,0,1,0,0,0,0,9.44909954071,2,0,0,0.77350127697,0.79633641243,12.0423765182,2
374,2,32,3,1,3.625,1,,0,0,0,0,0,1,13218.8271484,10.1825447083,1500,1000,14.5974006653,11.5521459579,0,10.1277599335,-3.37084650993,5,0,35,0,2,1,0,0,0,0,0,0,0,0,0,0,0,0,0,0,0,9.44909954071,2,0,0,0.77350127697,0.79633641243,12.0423765182,1
375,1,33,3,1,2.625,1,0,1,0,0,0,0,7,6019.93261719,9.39597892761,200,400,12.5120706558,9.39266204834,11.2384881973,-0.460386127234,-1.32368826866,4,0,32,0,2,1,1,0,0,1,1,0,0,0,0,0,1,0,1,0,1,9.39597892761,7,11.2384881973,9.39266204834,-0.460386127234,-1.32368826866,12.5120706558,7
375,2,33,3,1,2.625,1,,1,0,0,0,0,7,109535.515625,12.2971515656,1000,23000,11.9447078705,10.9041194916,9.90348720551,-3.80439448357,2.90144395828,4,0,32,0,2,1,0,1,1,1,1,0,0,0,0,0,1,0,1,1,1,9.39597892761,7,11.2384881973,9.39266204834,-0.460386127234,-1.32368826866,12.5120706558,7
376,1,33,3,1,2.625,1,0,1,0,0,0,0,6,13096.0673828,10.1732149124,1700,0,12.1335020065,5.99147081375,9.21034049988,-0.381658107042,0.79633641243,5,0,36,0,2,1,0,0,1,1,1,0,0,0,0,0,0,1,1,0,1,10.1732149124,6,9.21034049988,5.99147081375,-0.381658107042,0.79633641243,12.1335020065,6
376,2,33,3,1,2.625,1,,1,0,0,0,0,7,66020.828125,11.7908725739,11800,2400,12.7882881165,7.60090255737,7.49554204941,9.37587738037,-3.37306213379,5,0,36,0,2,1,1,0,0,1,0,0,0,0,0,0,1,1,1,0,1,10.1732149124,6,9.21034049988,5.99147081375,-0.381658107042,0.79633641243,12.1335020065,7
377,1,33,3,1,2.625,1,0,1,0,0,0,0,4,200516.3125,12.9017982483,1700,41090,13.2000646591,11.4886331558,10.6115236282,-2.52049040794,-3.37084650993,8,0,43,0,1,1,0,0,0,1,0,0,0,0,0,0,1,0,1,0,0,12.9017982483,4,10.6115236282,11.4886331558,-2.52049040794,-3.37084650993,13.2000646591,4
377,2,33,3,1,2.625,1,,1,0,0,0,0,8,75719.203125,11.9279346466,3450,9350,14.2838869095,10.4573726654,10.7363967896,-3.12041401863,0.79633641243,8,0,43,0,1,1,1,0,1,1,1,0,0,0,0,0,1,0,1,1,1,12.9017982483,4,10.6115236282,11.4886331558,-2.52049040794,-3.37084650993,13.2000646591,8
378,1,33,3,1,2.625,1,0,1,0,0,0,0,6,19073.6640625,10.5492105484,3300,300,12.7466516495,10.5815210342,6.90775632858,-0.640520691872,-1.25082182884,3,0,23,0,1,0,1,0,0,1,0,0,0,1,0,0,1,0,1,0,1,10.5492105484,6,6.90775632858,10.5815210342,-0.640520691872,-1.25082182884,12.7466516495,6
378,2,33,3,1,2.625,1,,1,0,0,0,0,5,51753.4804688,11.5473937988,2600,7200,12.3300590515,0,7.37775945663,4.82594633102,-1.26795446873,3,0,23,0,1,1,0,0,0,1,0,0,0,0,0,0,1,0,1,0,1,10.5492105484,6,6.90775632858,10.5815210342,-0.640520691872,-1.25082182884,12.7466516495,5
379,1,33,3,1,2.625,1,0,1,0,0,0,0,6,126802.742188,12.4435348511,1700,24300,13.8739681244,0,0,-0.946426749229,-1.32368826866,6,1,31,0,1,1,1,0,0,1,0,0,0,0,0,1,1,0,1,0,0,12.4435348511,6,0,0,-0.946426749229,-1.32368826866,13.8739681244,6
379,2,33,3,1,2.625,1,,1,0,0,0,0,2,229123.390625,13.0351629257,16700,35520,12.9489622116,7.2442278862,8.294049263,-3.84176635742,2.90144395828,6,1,31,0,1,1,0,0,1,1,0,0,0,0,0,0,0,0,0,0,0,12.4435348511,6,0,0,-0.946426749229,-1.32368826866,13.8739681244,2
380,1,33,3,0,35,1,0,1,0,0,0,0,5,58684.2226562,11.6730737686,2300,0,14.7926330566,11.8522510529,0,-3.10745310783,-1.32368826866,6,0,46,0,1,1,0,0,0,1,0,0,0,0,0,0,1,0,1,0,1,11.6730737686,5,0,11.8522510529,-3.10745310783,-1.32368826866,14.7926330566,5
380,2,33,3,0,35,1,,1,0,0,0,0,7,315027.1875,13.3535614014,5100,42500,13.5304918289,13.0731735229,9.90348720551,6.85784912109,-3.38797926903,6,0,46,0,1,1,1,0,0,1,0,0,0,0,0,1,1,0,1,0,1,11.6730737686,5,0,11.8522510529,-3.10745310783,-1.32368826866,14.7926330566,7
381,1,33,3,1,2.625,1,0,1,0,0,0,0,8,56099.4804688,11.6280288696,2450,5000,13.6363840103,11.8070869446,10.896739006,4.48492193222,0.781419277191,7,0,47,0,1,1,1,0,0,1,1,0,0,0,0,1,1,0,1,0,1,11.6280288696,8,10.896739006,11.8070869446,4.48492193222,0.781419277191,13.6363840103,8
381,2,33,3,1,2.625,1,,1,0,0,0,0,8,84618.2109375,12.0390520096,9700,8600,12.8306732178,11.0666379929,12.144197464,2.035187006,0.79633641243,7,0,47,0,1,1,1,1,1,1,0,1,0,0,1,1,1,0,0,0,1,11.6280288696,8,10.896739006,11.8070869446,4.48492193222,0.781419277191,13.6363840103,8
382,1,33,3,1,2.625,1,0,1,0,0,0,0,8,461120.6875,13.7345619202,2400,101800,12.8661804199,10.7536382675,11.8775682449,9.56561660767,0.781419277191,4,0,32,0,1,1,1,0,0,1,1,0,0,0,0,0,1,0,1,1,1,13.7345619202,8,11.8775682449,10.7536382675,9.56561660767,0.781419277191,12.8661804199,8
382,2,33,3,1,2.625,1,,1,0,0,0,0,5,18561.4042969,10.5219869614,2500,800,12.5164937973,11.2384881973,12.3013830185,1.25031232834,0.79633641243,4,0,32,0,1,1,1,0,0,1,0,0,0,0,0,0,1,0,1,0,0,13.7345619202,8,11.8775682449,10.7536382675,9.56561660767,0.781419277191,12.8661804199,5
383,1,33,3,0,35,1,0,1,0,0,0,0,8,88496.5,12.0838651657,1200,17700,12.5845088959,0,8.294049263,-0.900429606438,2.90144395828,3,0,44,0,1,1,1,0,0,1,0,0,0,0,0,1,1,0,1,1,1,12.0838651657,8,8.294049263,0,-0.900429606438,2.90144395828,12.5845088959,8
383,2,33,3,0,35,1,,1,0,0,0,0,9,25292.9140625,10.8314266205,300,4800,12.3749713898,0,0,-6.21982145309,2.90144395828,3,0,44,0,1,1,1,1,1,1,0,1,0,0,0,1,1,0,1,1,1,12.0838651657,8,8.294049263,0,-0.900429606438,2.90144395828,12.5845088959,9
384,1,33,3,0,35,1,0,1,0,0,0,0,,54860.5,11.6056957245,1400,9000,14.8649330139,8.9871969223,0,1.18465614319,2.90144395828,5,1,41,0,2,0,1,0,0,1,1,0,0,0,0,0,888,0,0,0,1,11.6056957245,4,0,8.9871969223,1.18465614319,2.90144395828,14.8649330139,4
384,2,33,3,0,35,1,,1,0,0,0,0,5,22725.2792969,10.7243804932,700,2600,13.6762485504,11.2118206024,9.54681301117,4.02195835114,2.90144395828,5,1,41,0,2,1,0,0,1,1,0,0,0,0,0,0,1,0,1,0,1,11.6056957245,4,0,8.9871969223,1.18465614319,2.90144395828,14.8649330139,5
385,1,33,3,0,35,1,0,1,0,0,0,0,5,15165.1826172,10.3199043274,200,3000,9.92817974091,0,10.165851593,4.94485473633,0.781419277191,4,0,31,0,2,1,0,0,0,1,0,0,0,0,0,0,1,0,1,0,1,10.3199043274,5,10.165851593,0,4.94485473633,0.781419277191,9.92817974091,5
385,2,33,3,0,35,1,,1,0,0,0,0,1,12773.2792969,10.1482582092,1100,1200,12.4336061478,0,10.4631032944,11.7427043915,2.90144395828,4,0,31,0,2,0,0,0,0,0,0,0,0,0,0,0,1,0,0,0,0,10.3199043274,5,10.165851593,0,4.94485473633,0.781419277191,9.92817974091,1
386,1,33,3,1,2.625,1,0,1,0,0,0,0,4,13239.1826172,10.1840829849,1200,1200,9.0118894577,0,0,-1.65697300434,-1.32368826866,4,0,22,0,1,1,0,0,0,0,0,0,0,0,0,1,1,0,1,0,0,10.1840829849,4,0,0,-1.65697300434,-1.32368826866,9.0118894577,4
386,2,33,3,1,2.625,1,,1,0,0,0,0,4,21009.6542969,10.6458845139,3600,0,10.524064064,0,10.3089523315,-1.48346340656,0.85428583622,4,0,22,0,1,1,1,1,0,0,0,0,0,0,0,0,1,0,0,0,0,10.1840829849,4,0,0,-1.65697300434,-1.32368826866,9.0118894577,4
387,1,34,4,1,2.5,1,0,0,0,0,0,1,4,41359.0390625,11.3231935501,8000,0,11.4164142609,0,10.7363967896,3.68247652054,-3.37084650993,9,0,48,0,2,0,0,0,0,1,0,0,0,0,0,0,1,0,1,0,1,11.3231935501,4,10.7363967896,0,3.68247652054,-3.37084650993,11.4164142609,4
387,2,34,4,1,2.5,1,,0,0,0,0,1,,13460.3691406,10.2006521225,1180,0,12.4942550659,8.47637081146,12.2060728073,9.93390464783,-1.25082182884,9,0,48,0,2,1,0,0,1,1,0,0,0,0,1,0,1,0,0,0,888,11.3231935501,4,10.7363967896,0,3.68247652054,-3.37084650993,11.4164142609,4
388,1,34,4,1,2.5,1,0,0,0,0,0,1,7,25981.1914062,10.8582754135,4300,1000,11.9263591766,8.18868923187,11.9829292297,8.61866378784,2.90144395828,3,0,27,0,2,1,1,0,0,1,0,0,0,0,0,1,1,0,1,0,1,10.8582754135,7,11.9829292297,8.18868923187,8.61866378784,2.90144395828,11.9263591766,7
388,2,34,4,1,2.5,1,,0,0,0,0,1,6,6849.98095703,9.52514839172,700,500,11.678440094,0,0,8.0416469574,2.90144395828,3,0,27,0,2,1,1,1,0,0,0,0,0,0,0,0,1,0,1,0,1,10.8582754135,7,11.9829292297,8.18868923187,8.61866378784,2.90144395828,11.9263591766,6
389,1,34,4,0,27.75,1,0,0,0,0,0,1,7,42066.1835938,11.3401470184,1000,7350,13.0856990814,0,9.68034362793,3.61505293846,2.90144395828,5,0,0,0,2,1,1,0,1,1,0,0,0,0,0,0,1,0,1,1,1,11.3401470184,7,9.68034362793,0,3.61505293846,2.90144395828,13.0856990814,7
389,2,34,4,0,27.75,1,,0,0,0,0,1,7,88414.84375,12.082942009,5500,11800,12.7826862335,11.8775682449,11.0020999908,-4.61098241806,-1.32368826866,5,0,0,0,2,1,1,0,1,1,1,0,0,0,0,0,1,0,1,1,0,11.3401470184,7,9.68034362793,0,3.61505293846,2.90144395828,13.0856990814,7
390,1,34,4,1,2.5,1,0,0,0,0,0,1,6,35821.1914062,11.1794424057,200,7100,11.7667922974,10.5966348648,9.21034049988,-2.33636951447,0.85428583622,4,0,25,0,2,1,0,1,0,1,0,0,0,0,0,0,1,0,1,1,1,11.1794424057,6,9.21034049988,10.5966348648,-2.33636951447,0.85428583622,11.7667922974,6
390,2,34,4,1,2.5,1,,0,0,0,0,1,4,1437.19226074,7.96359395981,100,0,11.2198953629,0,0,4.98603105545,0.85428583622,4,0,25,0,2,1,1,0,0,0,0,0,0,0,0,0,1,1,0,0,0,11.1794424057,6,9.21034049988,10.5966348648,-2.33636951447,0.85428583622,11.7667922974,4
391,1,34,4,1,2.5,1,0,0,0,0,0,1,3,9616.68261719,9.86440181732,1100,800,9.5749835968,0,8.93590354919,2.88197994232,0.85428583622,3,0,34,0,2,1,0,0,0,0,0,0,0,0,0,0,1,0,0,0,1,9.86440181732,3,8.93590354919,0,2.88197994232,0.85428583622,9.5749835968,3
391,2,34,4,1,2.5,1,,0,0,0,0,1,5,11818.0380859,10.0705299377,700,0,11.1447563171,9.90348720551,9.21034049988,-0.360118687153,2.90144395828,3,0,34,0,2,1,1,0,0,0,1,0,0,0,0,0,1,0,0,0,1,9.86440181732,3,8.93590354919,0,2.88197994232,0.85428583622,9.5749835968,5
392,1,34,4,1,2.5,1,0,0,0,0,0,1,4,9228.81738281,9.82323360443,1300,0,13.9247236252,7.09007740021,10.3089523315,2.46468234062,0.0796284079552,3,0,23,0,2,1,0,0,0,0,0,0,0,0,0,0,1,0,1,0,1,9.82323360443,4,10.3089523315,7.09007740021,2.46468234062,0.0796284079552,13.9247236252,4
392,2,34,4,1,2.5,1,,0,0,0,0,1,6,52735.1640625,11.5661849976,3250,5900,12.4316129684,11.7280368805,0,4.61344051361,-2.02547931671,3,0,23,0,2,1,1,0,0,0,0,0,0,0,0,0,1,0,1,1,1,9.82323360443,4,10.3089523315,7.09007740021,2.46468234062,0.0796284079552,13.9247236252,6
393,1,34,4,0,27.75,1,0,0,0,0,0,1,6,1253.36535645,7.82673501968,0,0,11.2036790848,0,11.512925148,-7.38696622849,-1.26573896408,5,0,53,0,3,1,0,1,0,1,0,0,0,0,0,0,1,0,1,1,1,7.82673501968,6,11.512925148,0,-7.38696622849,-1.26573896408,11.2036790848,6
393,2,34,4,0,27.75,1,,0,0,0,0,1,5,57887.421875,11.6594028473,1200,8450,11.1213636398,8.47637081146,11.6952466965,4.18027925491,2.90144395828,5,0,53,0,3,1,0,0,1,0,0,0,0,1,0,0,1,0,0,0,1,7.82673501968,6,11.512925148,0,-7.38696622849,-1.26573896408,11.2036790848,5
394,1,34,4,0,27.75,1,0,0,0,0,0,1,2,13053162,15.180106163,2300,3001200,12.5296039581,7.93737459183,0,3.96197748184,0.0796284079552,6,0,33,0,3,1,0,0,0,0,0,0,0,0,0,0,1,0,0,0,0,15.180106163,2,0,7.93737459183,3.96197748184,0.0796284079552,12.5296039581,2
394,2,34,4,0,27.75,1,,0,0,0,0,1,5,133384.234375,12.4941368103,24500,4500,13.3116607666,12.2060728073,0,-0.194364830852,-1.32368826866,6,0,33,0,3,1,1,0,0,1,0,0,0,0,0,0,1,0,0,1,0,15.180106163,2,0,7.93737459183,3.96197748184,0.0796284079552,12.5296039581,5
395,1,34,4,1,2.5,1,0,0,0,0,0,1,9,39124.4140625,11.2676486969,5600,1900,13.2969284058,11.512925148,0,-7.42064666748,-1.32368826866,6,0,36,0,3,1,0,0,0,1,0,1,0,0,1,1,1,0,1,1,1,11.2676486969,9,0,11.512925148,-7.42064666748,-1.32368826866,13.2969284058,9
395,2,34,4,1,2.5,1,,0,0,0,0,1,9,48237.5976562,11.4770412445,8000,1000,13.1203613281,11.0413208008,8.9871969223,-2.66695404053,0.781419277191,6,0,36,0,3,1,0,0,1,0,1,0,0,0,0,1,1,1,1,1,1,11.2676486969,9,0,11.512925148,-7.42064666748,-1.32368826866,13.2969284058,9
396,1,34,4,0,27.75,1,0,0,0,0,0,1,7,114423.125,12.3408060074,1800,20700,15.9297027588,12.0197429657,10.4341154099,6.32669878006,0.79633641243,10,0,48,0,3,1,1,0,1,1,0,0,0,0,0,0,1,1,1,0,1,12.3408060074,7,10.4341154099,12.0197429657,6.32669878006,0.79633641243,15.9297027588,7
396,2,34,4,0,27.75,1,,0,0,0,0,1,6,45465.0976562,11.4178476334,1800,7200,12.6513996124,10.7792892456,0,3.6222512722,0.79633641243,10,0,48,0,3,1,1,0,0,0,0,0,0,0,0,0,1,1,1,0,1,12.3408060074,7,10.4341154099,12.0197429657,6.32669878006,0.79633641243,15.9297027588,6
397,1,34,4,1,2.5,1,0,0,0,0,0,1,7,24305.1835938,10.7915916443,2000,2800,14.7871227264,8.0709066391,0,5.96043252945,2.90144395828,7,0,41,0,2,1,1,0,0,1,1,0,0,0,0,0,1,0,1,0,1,10.7915916443,7,0,8.0709066391,5.96043252945,2.90144395828,14.7871227264,7
397,2,34,4,1,2.5,1,,0,0,0,0,1,6,82010.140625,12.0077457428,500,10000,12.801607132,8.9871969223,0,-3.29519033432,-6.19266223907,7,0,41,0,2,1,1,0,1,0,0,0,0,0,1,0,1,0,1,0,0,10.7915916443,7,0,8.0709066391,5.96043252945,2.90144395828,14.7871227264,6
398,1,34,4,1,2.5,1,0,0,0,0,0,1,4,13419.0957031,10.1975812912,2700,0,11.5898866653,8.69951438904,0,-6.1183924675,-1.96752977371,4,0,28,0,2,0,1,0,0,0,0,0,0,0,0,1,1,0,1,0,0,10.1975812912,4,0,8.69951438904,-6.1183924675,-1.96752977371,11.5898866653,4
398,2,34,4,1,2.5,1,,0,0,0,0,1,6,47351.4570312,11.4584999084,2150,5920,17.6023159027,12.4387702942,9.54681301117,2.12158632278,-1.26573896408,4,0,28,0,2,0,1,0,0,0,1,1,0,0,0,0,1,1,0,1,1,10.1975812912,4,0,8.69951438904,-6.1183924675,-1.96752977371,11.5898866653,6
399,1,35,3,0,53.5,1,0,0,0,0,0,1,5,72751.5390625,11.8879528046,1750,10500,17.4067611694,12.3966932297,11.4075651169,-3.15498733521,2.90144395828,3,1,65,0,2,0,1,0,0,1,0,0,0,0,0,0,1,0,1,0,1,11.8879528046,5,11.4075651169,12.3966932297,-3.15498733521,2.90144395828,17.4067611694,5
399,2,35,3,0,53.5,1,,0,0,0,0,1,7,56908.4609375,11.6423463821,2500,8500,14.0686016083,13.0731735229,0,8.04831695557,2.90144395828,3,1,65,0,2,0,1,0,1,1,0,1,0,0,0,0,1,1,0,1,1,11.8879528046,5,11.4075651169,12.3966932297,-3.15498733521,2.90144395828,17.4067611694,7
400,1,35,3,1,1.74999988079,1,0,0,0,0,0,1,5,16754,10.4195394516,2700,0,11.5805845261,9.16951847076,0,-8.65029621124,-1.32368826866,3,0,27,0,1,0,1,0,0,1,0,0,0,0,0,0,1,0,1,0,1,10.4195394516,5,0,9.16951847076,-8.65029621124,-1.32368826866,11.5805845261,5
400,2,35,3,1,1.74999988079,1,,0,0,0,0,1,6,15396.3369141,10.3350324631,400,1400,11.6457061768,8.8818359375,9.21034049988,9.34931182861,2.90144395828,3,0,27,0,1,1,1,0,0,1,0,0,0,0,0,0,1,0,1,0,1,10.4195394516,5,0,9.16951847076,-8.65029621124,-1.32368826866,11.5805845261,6
401,1,35,3,1,1.74999988079,1,0,0,0,0,0,1,4,15815.5869141,10.3618984222,3200,0,12.3086290359,11.512925148,11.0020999908,-3.26762270927,2.90144395828,4,0,24,0,1,1,0,0,0,0,0,0,0,0,0,0,1,0,1,0,1,10.3618984222,4,11.0020999908,11.512925148,-3.26762270927,2.90144395828,12.3086290359,4
401,2,35,3,1,1.74999988079,1,,0,0,0,0,1,5,12657.6445312,10.1391639709,500,750,12.2904138565,11.6952466965,11.6952466965,4.97226047516,-3.37084650993,4,0,24,0,1,1,1,0,1,1,0,0,0,0,0,0,1,0,0,0,1,10.3618984222,4,11.0020999908,11.512925148,-3.26762270927,2.90144395828,12.3086290359,5
402,1,35,3,1,1.74999988079,1,0,0,0,0,0,1,4,6761.21923828,9.51210594177,200,1160,12.50395298,0,9.21034049988,2.61698198318,-3.37084650993,3,0,27,0,2,1,1,0,0,0,0,0,0,0,0,0,1,0,0,0,1,9.51210594177,4,9.21034049988,0,2.61698198318,-3.37084650993,12.50395298,4
402,2,35,3,1,1.74999988079,1,,0,0,0,0,1,6,32231.8457031,11.0738573074,100,5500,12.2788581848,0,0,3.90009593964,0.85428583622,3,0,27,0,2,1,1,0,1,1,0,0,0,0,0,0,1,0,1,0,1,9.51210594177,4,9.21034049988,0,2.61698198318,-3.37084650993,12.50395298,6
403,1,35,3,1,1.74999988079,1,0,0,0,0,0,1,2,258.490386963,6.24800920486,0,0,8.90923500061,0,0,-3.31787204742,0.85428583622,4,1,30,0,2,0,1,0,0,0,0,0,0,0,0,0,1,0,0,0,0,6.24800920486,2,0,0,-3.31787204742,0.85428583622,8.90923500061,2
403,2,35,3,1,1.74999988079,1,,0,0,0,0,1,3,38300.6914062,11.2463703156,7800,0,12.9858560562,10.4631032944,12.3883943558,8.50848197937,2.90144395828,4,1,30,0,2,0,1,0,0,0,0,0,0,0,0,0,1,0,0,0,1,6.24800920486,2,0,0,-3.31787204742,0.85428583622,8.90923500061,3
404,1,35,3,0,53.5,1,0,0,0,0,0,1,3,15201.4423828,10.3222923279,1300,900,13.8826084137,10.4341154099,0,-4.60193681717,-3.31511259079,4,0,57,0,2,0,0,0,0,0,1,0,0,0,0,0,1,0,0,0,1,10.3222923279,3,0,10.4341154099,-4.60193681717,-3.31511259079,13.8826084137,3
404,2,35,3,0,53.5,1,,0,0,0,0,1,4,52155112,16.1621856689,2600,12000000,14.81112957,0,9.68034362793,6.94162273407,0.85428583622,4,0,57,0,2,0,1,0,1,1,0,0,0,0,0,0,0,0,1,0,1,10.3222923279,3,0,10.4341154099,-4.60193681717,-3.31511259079,13.8826084137,4
405,1,35,3,1,1.74999988079,1,0,0,0,0,0,1,2,22267.5957031,10.7040348053,1800,2000,12.5425453186,10.8742666245,10.3089523315,-8.93155860901,0.85428583622,6,0,43,0,2,1,0,0,0,0,0,0,0,0,0,0,1,0,0,0,0,10.7040348053,2,10.3089523315,10.8742666245,-8.93155860901,0.85428583622,12.5425453186,2
405,2,35,3,1,1.74999988079,1,,0,0,0,0,1,8,113754.15625,12.334941864,400,20000,12.7582321167,0,0,-1.63629353046,0.85428583622,6,0,43,0,2,1,1,0,1,1,1,1,1,1,0,0,1,0,1,1,0,10.7040348053,2,10.3089523315,10.8742666245,-8.93155860901,0.85428583622,12.5425453186,8
406,1,35,3,0,53.5,1,0,0,0,0,0,1,2,402761.96875,13.5992479324,2300,90000,12.1589813232,11.9728784561,0,-8.44032764435,2.90144395828,5,0,46,0,1,0,0,0,0,1,0,0,0,0,0,0,0,0,1,0,0,13.5992479324,2,0,11.9728784561,-8.44032764435,2.90144395828,12.1589813232,2
406,2,35,3,0,53.5,1,,0,0,0,0,1,5,71747.765625,11.8740587234,6700,8400,13.7885503769,0,7.78322410583,-6.5796084404,2.90144395828,5,0,46,0,1,1,0,0,1,1,1,0,0,0,0,0,1,0,0,0,1,13.5992479324,2,0,11.9728784561,-8.44032764435,2.90144395828,12.1589813232,5
407,1,35,3,1,1.74999988079,1,0,0,0,0,0,1,3,14472.1923828,10.2731313705,700,2400,11.5617160797,0,0,1.12768030167,0.85428583622,4,0,26,0,3,1,1,0,0,0,0,0,0,0,0,0,1,0,0,0,0,10.2731313705,3,0,0,1.12768030167,0.85428583622,11.5617160797,3
407,2,35,3,1,1.74999988079,1,,0,0,0,0,1,6,24197.6347656,10.7871570587,1900,1400,13.4147348404,8.00636768341,0,6.93526506424,0.85428583622,4,0,26,0,3,1,1,0,0,0,0,0,0,0,0,0,1,1,1,0,1,10.2731313705,3,0,0,1.12768030167,0.85428583622,11.5617160797,6
408,1,35,3,0,53.5,1,0,0,0,0,0,1,3,108744.820312,12.2899065018,23500,600,12.3388538361,0,11.1562509537,-1.15210008621,2.90144395828,5,0,73,0,3,0,0,0,0,1,0,0,0,0,0,0,0,0,1,0,1,12.2899065018,3,11.1562509537,0,-1.15210008621,2.90144395828,12.3388538361,3
408,2,35,3,0,53.5,1,,0,0,0,0,1,6,412731.15625,13.6236991882,86500,600,14.1706647873,9.42545223236,10.085808754,0.442372918129,2.90144395828,5,0,73,0,3,1,0,0,1,1,0,1,0,0,0,0,1,0,0,1,1,12.2899065018,3,11.1562509537,0,-1.15210008621,2.90144395828,12.3388538361,6
409,1,35,3,1,1.74999988079,1,0,0,0,0,0,1,3,7868.98095703,9.66383075714,1600,0,8.55641365051,0,0,-3.31787204742,-3.31511259079,5,1,34,0,1,0,1,0,0,0,0,0,0,0,0,0,1,0,0,0,1,9.66383075714,3,0,0,-3.31787204742,-3.31511259079,8.55641365051,3
409,2,35,3,1,1.74999988079,1,,0,0,0,0,1,6,74175.7890625,11.9073400497,3400,3000,8.63052177429,0,8.0709066391,-2.33763289452,-1.26573896408,5,1,34,0,1,1,1,1,1,1,0,0,0,0,0,0,1,0,0,1,1,9.66383075714,3,0,0,-3.31787204742,-3.31511259079,8.55641365051,6
410,1,35,3,1,1.74999988079,1,0,0,0,0,0,1,3,26521.7695312,10.878868103,2400,400,11.4804019928,0,8.9871969223,-5.41350507736,-5.42022037506,6,0,30,0,1,1,0,0,0,1,0,0,0,0,0,0,1,0,0,0,0,10.878868103,3,8.9871969223,0,-5.41350507736,-5.42022037506,11.4804019928,3
410,2,35,3,1,1.74999988079,1,,0,0,0,0,1,9,124070.289062,12.4217510223,20500,1000,14.0508985519,11.7280368805,11.0020999908,-1.14693260193,2.90144395828,6,0,30,0,1,1,1,0,0,1,1,0,0,0,0,1,1,1,1,0,1,10.878868103,3,8.9871969223,0,-5.41350507736,-5.42022037506,11.4804019928,9
411,1,36,3,1,3.875,1,0,0,1,0,0,0,2,37063.2304688,11.2135276794,7100,1000,14.71717453,0,0,-10.5411291122,-1.96752977371,3,0,54,0,2,0,1,0,0,0,0,0,0,0,0,0,1,0,0,0,0,11.2135276794,2,0,0,-10.5411291122,-1.96752977371,14.71717453,2
411,2,36,3,1,3.875,1,,0,1,0,0,0,4,23108.1542969,10.7410879135,2600,2200,17.6023159027,8.294049263,8.69951438904,10.0894269943,0.85428583622,3,0,54,0,2,1,1,0,1,1,0,0,0,0,0,0,0,0,1,0,0,11.2135276794,2,0,0,-10.5411291122,-1.96752977371,14.71717453,4
412,1,36,3,1,3.875,1,0,0,1,0,0,0,6,6805.91357422,9.51869392395,400,0,12.4821882248,0,0,9.07456111908,-5.42022037506,7,0,53,0,1,1,0,0,0,0,0,0,0,0,0,0,1,1,1,1,1,9.51869392395,6,0,0,9.07456111908,-5.42022037506,12.4821882248,6
412,2,36,3,1,3.875,1,,0,1,0,0,0,5,41782.625,11.3333826065,5150,3750,12.0155172348,10.5966348648,9.71715831757,6.51790952682,0.79633641243,7,0,53,0,1,1,1,1,1,1,0,0,0,0,0,0,1,0,0,0,1,9.51869392395,6,0,0,9.07456111908,-5.42022037506,12.4821882248,5
413,1,36,3,0,63.2499961853,1,0,0,1,0,0,0,4,19810.3164062,10.587105751,1600,2550,14.7142477036,0,6.90775632858,-2.63924455643,0.79633641243,4,0,31,0,2,1,1,0,0,0,0,0,0,0,0,0,1,0,0,0,1,10.587105751,4,6.90775632858,0,-2.63924455643,0.79633641243,14.7142477036,4
413,2,36,3,0,63.2499961853,1,,0,1,0,0,0,5,10561.6923828,9.95813560486,2200,0,9.70503616333,9.5749835968,9.39266204834,2.50984120369,-5.49308681488,4,0,31,0,2,1,0,0,0,0,0,0,0,0,0,0,1,0,1,1,1,10.587105751,4,6.90775632858,0,-2.63924455643,0.79633641243,14.7142477036,5
414,1,36,3,0,63.2499961853,1,0,0,1,0,0,0,2,56563.046875,11.6362581253,5100,5250,12.9200019836,0,11.9703502655,-8.44032764435,-1.25082182884,5,0,0,0,3,0,0,0,0,1,0,0,0,0,0,0,1,0,0,0,0,11.6362581253,2,11.9703502655,0,-8.44032764435,-1.25082182884,12.9200019836,2
414,2,36,3,0,63.2499961853,1,,0,1,0,0,0,5,40237.921875,11.295712471,1550,2150,17.1340942383,8.00636768341,0,10.2181777954,0.85428583622,5,0,0,0,3,0,1,0,0,1,1,1,0,0,0,0,1,0,0,0,1,11.6362581253,2,11.9703502655,0,-8.44032764435,-1.25082182884,12.9200019836,5
415,1,36,3,0,63.2499961853,1,0,0,1,0,0,0,,67530.8984375,11.8134880066,2100,12420,11.8100481033,8.69951438904,0,1.07945394516,2.90144395828,4,1,74,0,2,1,0,0,1,1,1,888,0,0,0,0,1,0,0,1,1,11.8134880066,6,0,8.69951438904,1.07945394516,2.90144395828,11.8100481033,6
415,2,36,3,0,63.2499961853,1,,0,1,0,0,0,2,12234.4707031,10.1051597595,1900,0,12.1479139328,7.09007740021,8.69951438904,7.35789871216,2.90144395828,4,1,74,0,2,1,0,0,0,0,0,0,0,0,0,0,0,0,0,0,1,11.8134880066,6,0,8.69951438904,1.07945394516,2.90144395828,11.8100481033,2
416,1,36,3,1,3.875,1,0,0,1,0,0,0,4,12357.9228516,10.1152000427,600,600,15.3115692139,0,11.0348892212,-4.61797094345,-5.42022037506,8,0,41,0,2,1,0,0,0,1,0,0,0,0,0,0,1,0,0,0,1,10.1152000427,4,11.0348892212,0,-4.61797094345,-5.42022037506,15.3115692139,4
416,2,36,3,1,3.875,1,,0,1,0,0,0,5,85197.59375,12.0458755493,2000,16000,17.6023159027,0,0,4.97226047516,-1.32368826866,8,0,41,0,2,1,1,1,0,0,0,0,0,0,0,0,1,0,0,1,0,10.1152000427,4,11.0348892212,0,-4.61797094345,-5.42022037506,15.3115692139,5
417,1,36,3,1,3.875,1,0,0,1,0,0,0,4,19645.2304688,10.5787372589,2300,1000,12.9805698395,0,9.54681301117,0.15648676455,0.85428583622,10,0,32,0,2,0,1,0,0,1,0,0,0,0,0,0,1,0,0,0,1,10.5787372589,4,9.54681301117,0,0.15648676455,0.85428583622,12.9805698395,4
417,2,36,3,1,3.875,1,,0,1,0,0,0,3,49020.3476562,11.4931383133,3600,6100,13.6835775375,6.68461322784,9.39266204834,3.20566534996,0.85428583622,10,0,32,0,2,0,1,0,0,0,0,0,0,0,0,0,1,0,0,0,1,10.5787372589,4,9.54681301117,0,0.15648676455,0.85428583622,12.9805698395,3
418,1,36,3,1,3.875,1,0,0,1,0,0,0,7,115157.90625,12.3472070694,2600,19800,12.521613121,12.0257492065,9.90348720551,-1.15228188038,-1.25082182884,7,0,0,0,2,1,0,0,0,1,0,0,0,0,0,0,1,1,1,1,1,12.3472070694,7,9.90348720551,12.0257492065,-1.15228188038,-1.25082182884,12.521613121,7
418,2,36,3,1,3.875,1,,0,1,0,0,0,8,67584.171875,11.8142766953,11200,2500,13.107047081,10.8197784424,11.6262540817,6.17773962021,0.79633641243,7,0,0,0,2,1,1,0,1,1,1,0,0,0,0,0,1,0,1,1,1,12.3472070694,7,9.90348720551,12.0257492065,-1.15228188038,-1.25082182884,12.521613121,8
419,1,36,3,1,3.875,1,0,0,1,0,0,0,8,64432.9804688,11.7665281296,11400,1000,11.9879169464,10.3734912872,0,-7.28298473358,0.79633641243,4,0,85,0,2,1,1,0,0,1,0,0,0,0,0,0,1,1,1,1,1,11.7665281296,8,0,10.3734912872,-7.28298473358,0.79633641243,11.9879169464,8
419,2,36,3,1,3.875,1,,0,1,0,0,0,4,29374.8457031,10.9810409546,2300,4000,10.4458122253,0,0,-1.53457093239,2.90144395828,4,0,85,0,2,1,0,0,0,1,0,0,0,0,0,0,1,0,0,0,1,11.7665281296,8,0,10.3734912872,-7.28298473358,0.79633641243,11.9879169464,4
420,1,36,3,1,3.875,1,0,0,1,0,0,0,3,12513.7119141,10.1277275085,1800,400,14.9327478409,0,0,-8.83841228485,0.0796284079552,5,0,32,0,2,0,0,0,0,0,0,0,0,0,0,0,1,0,1,0,1,10.1277275085,3,0,0,-8.83841228485,0.0796284079552,14.9327478409,3
420,2,36,3,1,3.875,1,,0,1,0,0,0,3,17159.1152344,10.4434318542,3500,0,9.64212322235,5.29834222794,0,8.85128974915,-1.26573896408,5,0,32,0,2,0,0,0,0,0,0,1,0,0,0,0,1,0,0,0,1,10.1277275085,3,0,0,-8.83841228485,0.0796284079552,14.9327478409,3
421,1,36,3,1,3.875,1,0,0,1,0,0,0,6,76265.28125,11.9351205826,3400,11900,17.4067611694,10.085808754,0,-6.2792634964,0.79633641243,6,0,34,0,2,1,1,0,0,0,1,0,0,0,0,0,1,0,1,0,1,11.9351205826,6,0,10.085808754,-6.2792634964,0.79633641243,17.4067611694,6
421,2,36,3,1,3.875,1,,0,1,0,0,0,5,15623.4130859,10.3496732712,2200,0,12.6462612152,0,8.9871969223,-1.74629867077,0.85428583622,6,0,34,0,2,0,1,0,0,1,0,1,0,0,0,0,1,0,0,0,1,11.9351205826,6,0,10.085808754,-6.2792634964,0.79633641243,17.4067611694,5
422,1,36,3,0,63.2499961853,1,0,0,1,0,0,0,3,3672.76928711,8.90184879303,200,200,10.2144956589,8.294049263,8.294049263,-0.796684384346,0.85428583622,5,0,98,0,1,1,0,0,0,0,0,0,0,0,0,0,1,0,0,0,1,8.90184879303,3,8.294049263,8.294049263,-0.796684384346,0.85428583622,10.2144956589,3
422,2,36,3,0,63.2499961853,1,,0,1,0,0,0,4,38088.0273438,11.2408027649,500,7500,9.66776561737,0,0,3.20566534996,0.85428583622,5,0,98,0,1,1,1,0,1,1,0,0,0,0,0,0,1,0,0,0,0,8.90184879303,3,8.294049263,8.294049263,-0.796684384346,0.85428583622,10.2144956589,4
423,1,37,1,1,2.25,1,0,0,0,0,0,0,7,42816.8554688,11.3578338623,4100,4000,12.4513692856,10.5966348648,9.90348720551,11.2085981369,-6.19266223907,5,0,33,0,3,1,0,1,0,1,0,0,0,0,0,0,1,1,1,1,1,11.3578338623,7,9.90348720551,10.5966348648,11.2085981369,-6.19266223907,12.4513692856,7
423,2,37,1,1,2.25,1,,0,0,0,0,0,7,35831.1640625,11.1797208786,4200,2400,13.5595855713,11.7597856522,0,4.25266885757,-8.3149023056,5,0,33,0,3,1,0,1,1,1,1,1,0,0,0,0,1,1,1,1,0,11.3578338623,7,9.90348720551,10.5966348648,11.2085981369,-6.19266223907,12.4513692856,7
424,1,37,1,1,2.25,0,1,0,0,0,0,0,3,2172.5,8.37678146362,500,0,10.0432491302,0,0,11.1917896271,-3.37084650993,5,0,32,0,2,0,1,0,0,0,0,0,0,0,0,0,1,0,0,0,1,8.37678146362,3,0,0,11.1917896271,-3.37084650993,10.0432491302,3
425,1,37,1,1,2.25,1,0,0,0,0,0,0,4,4562.25,9.11871814728,800,0,11.5069074631,9.39266204834,0,8.69033050537,-3.37084650993,9,0,45,0,3,1,0,0,0,1,0,0,0,0,0,0,1,0,0,0,1,9.11871814728,4,0,9.39266204834,8.69033050537,-3.37084650993,11.5069074631,4
425,2,37,1,1,2.25,1,,0,0,0,0,0,7,66418.40625,11.7968769073,7500,6300,13.7532091141,10.085808754,9.90348720551,6.60021209717,2.90144395828,9,0,45,0,3,1,1,0,1,1,1,0,0,0,0,0,1,0,0,1,1,9.11871814728,4,0,9.39266204834,8.69033050537,-3.37084650993,11.5069074631,7
426,1,37,1,1,2.25,1,0,0,0,0,0,0,3,10065.4707031,9.91001319885,1200,250,12.761967659,0,0,2.58865070343,0.85428583622,3,0,28,0,2,0,0,0,0,0,0,0,0,0,0,0,1,0,1,0,1,9.91001319885,3,0,0,2.58865070343,0.85428583622,12.761967659,3
426,2,37,1,1,2.25,1,,0,0,0,0,0,5,28964.1054688,10.9669599533,2500,350,12.8989696503,8.294049263,0,2.79596161842,0.85428583622,3,0,28,0,2,1,1,0,1,1,0,0,0,0,0,0,1,0,0,0,1,9.91001319885,3,0,0,2.58865070343,0.85428583622,12.761967659,5
427,1,37,1,0,77,1,0,0,0,0,0,0,5,20967.0585938,10.6438550949,1300,2350,13.9552726746,13.2533912659,0,2.32991027832,0.85428583622,5,0,33,0,3,1,1,0,0,0,0,0,0,0,0,0,1,0,1,0,1,10.6438550949,5,0,13.2533912659,2.32991027832,0.85428583622,13.9552726746,5
427,2,37,1,0,77,1,,0,0,0,0,0,5,34277.2578125,11.1353845596,2400,4100,12.8901786804,12.6507587433,0,-1.42260289192,-1.26573896408,5,0,33,0,3,1,1,0,0,1,0,0,0,0,0,0,1,0,0,0,1,10.6438550949,5,0,13.2533912659,2.32991027832,0.85428583622,13.9552726746,5
428,1,37,1,1,2.25,1,0,0,0,0,0,0,4,37839.1171875,11.234246254,6200,750,12.8005037308,10.9681978226,0,0.77350127697,2.90144395828,5,0,31,0,3,1,1,0,0,0,0,0,0,0,0,0,1,0,0,0,1,11.234246254,4,0,10.9681978226,0.77350127697,2.90144395828,12.8005037308,4
428,2,37,1,1,2.25,1,,0,0,0,0,0,4,17929.1914062,10.4873323441,800,2500,10.1345996857,7.78322410583,0,-2.56398558617,-3.37084650993,5,0,31,0,3,1,1,0,0,0,0,0,0,0,0,0,1,0,0,0,1,11.234246254,4,0,10.9681978226,0.77350127697,2.90144395828,12.8005037308,4
429,1,37,1,1,2.25,1,0,0,0,0,0,0,4,39569.2226562,11.2789545059,3300,0,10.9508066177,12.2258749008,7.60090255737,0.717976570129,-3.37084650993,7,0,35,0,3,1,0,0,0,1,0,0,0,0,0,0,1,0,0,0,1,11.2789545059,4,7.60090255737,12.2258749008,0.717976570129,-3.37084650993,10.9508066177,4
429,2,37,1,1,2.25,1,,0,0,0,0,0,7,42273.1914062,11.3450555801,7400,1000,11.0572195053,10.5584135056,7.60090255737,5.55806827545,-1.26573896408,7,0,35,0,3,1,1,0,1,1,0,0,0,0,0,0,1,0,1,1,1,11.2789545059,4,7.60090255737,12.2258749008,0.717976570129,-3.37084650993,10.9508066177,7
430,1,37,1,1,2.25,1,0,0,0,0,0,0,3,682688.75,14.1269416809,2200,154000,9.72913455963,0,7.60090255737,-0.796684384346,-4.1455039978,6,0,37,0,2,0,1,0,0,0,0,0,0,0,0,0,1,0,0,0,1,14.1269416809,3,7.60090255737,0,-0.796684384346,-4.1455039978,9.72913455963,3
430,2,37,1,1,2.25,1,,0,0,0,0,0,7,6724.24023438,9.50662136078,1200,0,8.82467746735,8.85366535187,7.60090255737,3.13676738739,-7.10227680206,6,0,37,0,2,1,1,0,0,1,1,0,0,0,0,0,1,0,1,1,0,14.1269416809,3,7.60090255737,0,-0.796684384346,-4.1455039978,9.72913455963,7
431,1,37,1,0,77,1,0,0,0,0,0,0,5,42826.453125,11.3580579758,3200,3000,11.6927442551,11.4295434952,7.60090255737,1.12768030167,-3.37084650993,7,0,46,0,2,0,1,0,1,0,0,0,0,0,0,0,1,0,1,0,1,11.3580579758,5,7.60090255737,11.4295434952,1.12768030167,-3.37084650993,11.6927442551,5
431,2,37,1,0,77,1,,0,0,0,0,0,6,28323.1054688,10.9445800781,2900,1650,11.2279062271,9.54681301117,12.6247825623,6.4775800705,0.85428583622,7,0,46,0,2,1,1,0,1,1,0,0,0,0,0,0,1,0,1,0,1,11.3580579758,5,7.60090255737,11.4295434952,1.12768030167,-3.37084650993,11.6927442551,6
432,1,37,1,1,2.25,1,0,0,0,0,0,0,6,15621,10.3495187759,1450,0,11.0087442398,8.9871969223,8.294049263,7.16435861588,-3.37084650993,3,0,29,0,3,1,0,0,0,0,0,0,0,0,1,0,1,0,1,1,1,10.3495187759,6,8.294049263,8.9871969223,7.16435861588,-3.37084650993,11.0087442398,6
432,2,37,1,1,2.25,1,,0,0,0,0,0,6,26809.0859375,10.8896436691,3300,2200,12.2977399826,11.0020999908,9.21034049988,8.62106609344,-7.54024505615,3,0,29,0,3,1,1,1,1,1,0,0,0,0,0,0,1,0,1,1,0,10.3495187759,6,8.294049263,8.9871969223,7.16435861588,-3.37084650993,11.0087442398,6
433,1,37,1,0,77,1,0,0,0,0,0,0,3,23045.3222656,10.7383651733,2780,1440,10.5078039169,0,8.9871969223,-4.16081428528,-3.37084650993,6,0,35,0,3,0,1,0,0,0,0,0,0,0,0,0,1,0,0,0,1,10.7383651733,3,8.9871969223,0,-4.16081428528,-3.37084650993,10.5078039169,3
433,2,37,1,0,77,1,,0,0,0,0,0,5,21338.4902344,10.6614151001,3400,0,12.9343452454,11.8913621902,10.7789564133,5.21280622482,2.90144395828,6,0,35,0,3,1,1,0,0,0,1,0,0,0,0,0,1,0,0,0,1,10.7383651733,3,8.9871969223,0,-4.16081428528,-3.37084650993,10.5078039169,5
434,1,37,1,0,77,1,0,0,0,0,0,0,2,9525.57714844,9.85488319397,1500,0,9.70503616333,8.9871969223,0,12.0080118179,-3.37084650993,12,0,40,0,3,0,0,0,0,0,0,0,0,0,0,0,1,0,0,0,1,9.85488319397,2,0,8.9871969223,12.0080118179,-3.37084650993,9.70503616333,2
434,2,37,1,0,77,1,,0,0,0,0,0,4,18681.0761719,10.5284137726,3900,0,10.8647518158,8.61250305176,11.5880327225,-1.27473211288,-2.04039621353,12,0,40,0,3,0,1,0,0,1,0,0,0,0,0,0,1,0,0,0,1,9.85488319397,2,0,8.9871969223,12.0080118179,-3.37084650993,9.70503616333,4
435,1,38,4,0,31,1,0,1,0,0,0,0,1,2438,8.49208068848,400,0,9.69276618958,0,8.9871969223,5.23456287384,1.21938753128,6,1,39,0,1,0,0,0,0,0,0,0,0,0,0,0,1,0,0,0,0,8.49208068848,1,8.9871969223,0,5.23456287384,1.21938753128,9.69276618958,1
435,2,38,4,0,31,1,,1,0,0,0,0,2,2021.28845215,8.30463790894,0,0,10.8532133102,0,6.90775632858,5.6608953476,-10.3620605469,6,1,39,0,1,1,0,0,0,0,0,0,0,0,0,0,1,0,0,0,0,8.49208068848,1,8.9871969223,0,5.23456287384,1.21938753128,9.69276618958,2
436,1,38,4,1,2.625,1,0,1,0,0,0,0,3,33262.703125,11.1053390503,7400,0,11.1213636398,0,0,0.801832258701,0.85428583622,6,0,33,0,1,0,0,0,0,1,0,0,0,0,0,0,1,0,0,0,1,11.1053390503,3,0,0,0.801832258701,0.85428583622,11.1213636398,3
436,2,38,4,1,2.625,1,,1,0,0,0,0,4,14976.3701172,10.3073759079,3200,0,11.7860012054,7.78322410583,8.21608829498,1.16029167175,-5.43513727188,6,0,33,0,1,1,1,0,1,1,0,0,0,0,0,0,1,0,0,0,0,11.1053390503,3,0,0,0.801832258701,0.85428583622,11.1213636398,4
437,1,38,4,1,2.625,1,0,1,0,0,0,0,3,29669.7792969,10.9910316467,1400,0,14.7447967529,12.1547794342,13.5567398071,4.66251420975,2.90144395828,7,0,30,0,2,0,0,0,0,0,0,0,0,0,0,0,1,0,0,1,1,10.9910316467,3,13.5567398071,12.1547794342,4.66251420975,2.90144395828,14.7447967529,3
437,2,38,4,1,2.625,1,,1,0,0,0,0,6,177353.9375,12.7790498734,36000,0,12.945148468,0,12.2060728073,0.174509033561,0.85428583622,7,0,30,0,2,1,0,0,1,1,0,0,0,0,0,0,1,0,1,1,1,10.9910316467,3,13.5567398071,12.1547794342,4.66251420975,2.90144395828,14.7447967529,6
438,1,38,4,1,2.625,1,0,1,0,0,0,0,1,12466.5380859,10.1239509583,100,0,12.3908910751,9.90348720551,0,-4.52962446213,2.90144395828,4,0,59,0,2,1,0,0,0,0,0,0,0,0,0,0,0,0,0,0,0,10.1239509583,1,0,9.90348720551,-4.52962446213,2.90144395828,12.3908910751,1
438,2,38,4,1,2.625,1,,1,0,0,0,0,3,29936.5761719,10.9999837875,0,2800,12.8314762115,0,9.68034362793,1.38270258904,2.90144395828,4,0,59,0,2,1,0,0,0,0,0,0,0,0,0,0,1,0,0,0,1,10.1239509583,1,0,9.90348720551,-4.52962446213,2.90144395828,12.3908910751,3
439,1,38,4,0,31,1,0,1,0,0,0,0,4,13902.9228516,10.233001709,0,3000,12.7087249756,7.78322410583,0,-0.864497661591,0.85428583622,6,0,44,0,2,1,1,0,0,0,0,0,0,0,0,1,0,0,0,0,1,10.233001709,4,0,7.78322410583,-0.864497661591,0.85428583622,12.7087249756,4
439,2,38,4,0,31,1,,1,0,0,0,0,5,29302.7402344,10.9785833359,500,5100,12.4806690216,9.5749835968,6.39693260193,5.54501008987,-7.54024505615,6,0,44,0,2,1,1,1,0,0,0,0,0,0,0,0,1,0,0,1,0,10.233001709,4,0,7.78322410583,-0.864497661591,0.85428583622,12.7087249756,5
440,1,38,4,0,31,1,0,1,0,0,0,0,,4470.06738281,9.09830570221,200,600,9.19013786316,7.09007740021,0,3.41577458382,0.85428583622,6,0,46,0,2,1,0,0,0,0,0,0,0,0,0,0,888,0,0,0,0,9.09830570221,1,0,7.09007740021,3.41577458382,0.85428583622,9.19013786316,1
440,2,38,4,0,31,1,,1,0,0,0,0,5,78133.203125,11.9593172073,15800,0,14.579908371,6.39693260193,0,7.26042509079,0.85428583622,6,0,46,0,2,1,0,0,0,0,0,1,0,0,0,0,1,0,1,0,1,9.09830570221,1,0,7.09007740021,3.41577458382,0.85428583622,9.19013786316,5
441,1,38,4,1,2.625,1,0,1,0,0,0,0,6,210741.15625,12.9515333176,41800,200,14.2313222885,9.54681301117,12.2060728073,10.2955942154,2.90144395828,5,0,26,0,2,1,0,0,0,1,0,0,0,0,0,0,1,0,1,1,1,12.9515333176,6,12.2060728073,9.54681301117,10.2955942154,2.90144395828,14.2313222885,6
441,2,38,4,1,2.625,1,,1,0,0,0,0,9,70821.4453125,11.8610639572,8300,0,13.5795354843,11.957611084,13.8155107498,7.96377277374,0.85428583622,5,0,26,0,2,1,0,0,1,1,0,1,0,1,0,1,1,0,1,1,1,12.9515333176,6,12.2060728073,9.54681301117,10.2955942154,2.90144395828,14.2313222885,9
442,1,38,4,0,31,1,0,1,0,0,0,0,2,31377.5390625,11.046995163,5300,0,9.54681301117,8.8818359375,0,6.17673778534,0.85428583622,6,0,49,0,3,0,1,0,0,0,0,0,0,0,0,0,1,0,0,0,0,11.046995163,2,0,8.8818359375,6.17673778534,0.85428583622,9.54681301117,2
442,2,38,4,0,31,1,,1,0,0,0,0,2,26316.9042969,10.8711137772,3250,2000,10.8415393829,0,9.54681301117,2.07637000084,0.85428583622,6,0,49,0,3,0,1,0,0,0,0,0,0,0,0,0,1,0,0,0,0,11.046995163,2,0,8.8818359375,6.17673778534,0.85428583622,9.54681301117,2
443,1,38,4,1,2.625,1,0,1,0,0,0,0,5,49961.1914062,11.5121488571,8000,800,10.7099637985,11.8493976593,12.319401741,4.51757955551,-3.31511259079,6,0,43,0,2,1,0,0,0,1,0,0,0,0,0,0,1,0,1,0,1,11.5121488571,5,12.319401741,11.8493976593,4.51757955551,-3.31511259079,10.7099637985,5
443,2,38,4,1,2.625,1,,1,0,0,0,0,6,285718.40625,13.2559089661,7550,500,12.3766593933,9.63560771942,11.9829292297,-2.51642847061,0.85428583622,6,0,43,0,2,1,1,0,0,1,0,0,0,0,0,0,1,0,0,1,1,11.5121488571,5,12.319401741,11.8493976593,4.51757955551,-3.31511259079,10.7099637985,6
444,1,38,4,1,2.625,1,0,1,0,0,0,0,4,28243.4609375,10.9417648315,5000,0,10.9508066177,0,7.60090255737,1.14017236233,-3.31511259079,3,0,32,0,2,0,1,0,0,0,0,0,0,0,0,0,1,0,1,0,1,10.9417648315,4,7.60090255737,0,1.14017236233,-3.31511259079,10.9508066177,4
444,2,38,4,1,2.625,1,,1,0,0,0,0,5,14431.5,10.270316124,2600,0,11.1519556046,9.21034049988,9.54681301117,5.17858934402,2.90144395828,3,0,32,0,2,1,0,0,1,1,0,0,0,0,0,0,1,0,1,0,1,10.9417648315,4,7.60090255737,0,1.14017236233,-3.31511259079,10.9508066177,5
445,1,38,4,1,2.625,1,0,1,0,0,0,0,4,8455.5,9.73571968079,1900,0,8.76405334473,0,0,4.31483268738,0.79633641243,4,0,25,0,2,1,0,0,0,1,0,0,0,0,0,0,1,0,0,0,1,9.73571968079,4,0,0,4.31483268738,0.79633641243,8.76405334473,4
445,2,38,4,1,2.625,1,,1,0,0,0,0,4,15975.6923828,10.3719711304,1000,2400,9.47270488739,9.68034362793,9.21034049988,3.20752120018,-7.54024505615,4,0,25,0,2,1,1,1,0,0,0,0,0,0,0,0,1,0,0,0,0,9.73571968079,4,0,0,4.31483268738,0.79633641243,8.76405334473,4
446,1,38,4,1,2.625,1,0,1,0,0,0,0,4,18631.75,10.5257692337,2900,0,15.7086372375,10.2887496948,10.3417425156,1.59121489525,-1.26795446873,6,0,42,0,2,1,0,0,0,0,0,0,0,0,0,0,1,0,1,0,1,10.5257692337,4,10.3417425156,10.2887496948,1.59121489525,-1.26795446873,15.7086372375,4
446,2,38,4,1,2.625,1,,1,0,0,0,0,4,4644.32714844,9.13654899597,0,750,11.2424278259,10.021270752,9.79812717438,2.89870429039,-1.25082182884,6,0,42,0,2,1,1,0,0,0,0,0,0,0,0,0,1,0,0,0,1,10.5257692337,4,10.3417425156,10.2887496948,1.59121489525,-1.26795446873,15.7086372375,4
447,1,39,3,0,40.5,1,0,0,0,0,0,0,5,6108.06738281,9.41051292419,400,0,11.5208940506,0,9.54681301117,-3.61183214188,-3.37084650993,8,0,0,0,2,1,1,0,0,1,0,0,0,0,0,0,1,0,0,0,1,9.41051292419,5,9.54681301117,0,-3.61183214188,-3.37084650993,11.5208940506,5
447,2,39,3,0,40.5,1,,0,0,0,0,0,5,59058.578125,11.6794319153,1000,12000,11.9866724014,9.5749835968,10.5966348648,5.87634658813,-7.54024505615,8,0,0,0,2,1,1,0,0,0,0,0,0,0,0,0,1,0,1,0,1,9.41051292419,5,9.54681301117,0,-3.61183214188,-3.37084650993,11.5208940506,5
448,1,39,3,0,40.5,1,0,0,0,0,0,0,5,36629.2695312,11.2017498016,1100,4200,14.2453432083,7.60090255737,0,-6.12706184387,2.90144395828,3,0,60,0,2,1,0,0,0,1,0,0,0,0,0,0,1,0,1,0,1,11.2017498016,5,0,7.60090255737,-6.12706184387,2.90144395828,14.2453432083,5
448,2,39,3,0,40.5,1,,0,0,0,0,0,3,89058.890625,12.0902004242,500,6500,17.6023159027,7.93737459183,0,0.124125406146,-1.26573896408,3,0,60,0,2,1,0,0,0,0,0,0,0,0,0,0,1,0,0,0,1,11.2017498016,5,0,7.60090255737,-6.12706184387,2.90144395828,14.2453432083,3
449,1,39,3,1,2,1,0,0,0,0,0,0,5,20135.9238281,10.6034078598,3950,0,11.512925148,0,10.896739006,3.52106809616,0.85428583622,8,0,34,0,2,1,0,0,1,1,1,0,0,1,0,0,1,0,0,0,0,10.6034078598,5,10.896739006,0,3.52106809616,0.85428583622,11.512925148,5
449,2,39,3,1,2,1,,0,0,0,0,0,6,44716.3085938,11.4012403488,6200,3500,14.5695180893,10.5186729431,10.5713167191,3.90009593964,-1.26573896408,8,0,34,0,2,1,1,0,0,0,1,1,0,0,1,0,1,0,0,0,1,10.6034078598,5,10.896739006,0,3.52106809616,0.85428583622,11.512925148,6
450,1,39,3,1,2,1,0,0,0,0,0,0,8,11218.8369141,10.0184965134,1800,0,12.0713977814,11.2897815704,0,-1.33651721478,0.85428583622,5,0,34,0,2,1,1,0,1,0,1,0,0,0,0,1,1,0,1,1,0,10.0184965134,8,0,11.2897815704,-1.33651721478,0.85428583622,12.0713977814,8
450,2,39,3,1,2,1,,0,0,0,0,0,5,33838.171875,11.1224918365,6500,0,12.0088405609,10.896739006,0,3.13590073586,-1.26573896408,5,0,34,0,2,1,1,1,0,1,0,0,0,0,0,0,1,0,0,0,1,10.0184965134,8,0,11.2897815704,-1.33651721478,0.85428583622,12.0713977814,5
451,1,39,3,1,2,1,0,0,0,0,0,0,2,33037.0117188,11.0985307693,6750,0,10.8609199524,5.28829240799,0,0.229109406471,2.90144395828,4,0,30,0,2,0,1,0,0,0,0,0,0,0,0,0,1,0,0,0,0,11.0985307693,2,0,5.28829240799,0.229109406471,2.90144395828,10.8609199524,2
451,2,39,3,1,2,1,,0,0,0,0,0,5,5071.14404297,9.22446918488,800,0,8.83927631378,0,0,10.4861297607,2.90144395828,4,0,30,0,2,1,1,0,0,0,0,0,0,0,0,0,1,0,0,1,1,11.0985307693,2,0,5.28829240799,0.229109406471,2.90144395828,10.8609199524,5
452,1,39,3,0,40.5,1,0,0,0,0,0,0,3,10384.3369141,9.94120121002,1800,400,14.4463033676,5.29834222794,0,-1.56792271137,-1.25082182884,5,1,39,0,2,0,1,0,0,1,0,0,0,0,0,0,0,0,0,0,1,9.94120121002,3,0,5.29834222794,-1.56792271137,-1.25082182884,14.4463033676,3
452,2,39,3,0,40.5,1,,0,0,0,0,0,6,34830.0859375,11.1513843536,7000,0,13.9708890915,8.47637081146,0,4.91428232193,0.85428583622,5,1,39,0,2,1,1,0,0,1,0,0,0,0,0,1,1,0,0,0,1,9.94120121002,3,0,5.29834222794,-1.56792271137,-1.25082182884,14.4463033676,6
453,1,39,3,1,2,1,0,0,0,0,0,0,3,98275.2578125,12.1886749268,4150,11400,11.5954265594,0,8.294049263,2.9054582119,2.90144395828,3,0,26,0,2,1,0,0,1,1,0,0,0,0,0,0,1,0,0,0,0,12.1886749268,3,8.294049263,0,2.9054582119,2.90144395828,11.5954265594,3
453,2,39,3,1,2,1,,0,0,0,0,0,6,39579.0234375,11.2792015076,1080,4500,12.8293333054,6.90775632858,10.5966348648,4.35925865173,-1.32368826866,3,0,26,0,2,1,1,0,0,1,0,0,0,0,0,0,1,1,0,0,1,12.1886749268,3,8.294049263,0,2.9054582119,2.90144395828,11.5954265594,6
454,1,39,3,1,2,1,0,0,0,0,0,0,5,6252.68261719,9.4339132309,300,0,13.1779870987,7.37775945663,0,4.30956077576,2.90144395828,9,0,43,0,2,1,1,0,1,1,0,0,0,0,0,0,1,0,0,0,1,9.4339132309,5,0,7.37775945663,4.30956077576,2.90144395828,13.1779870987,5
454,2,39,3,1,2,1,,0,0,0,0,0,5,6032.05761719,9.39799022675,800,0,11.957611084,0,11.2118206024,4.48189067841,0.781419277191,9,0,43,0,2,1,0,0,1,0,0,0,0,0,0,0,1,0,1,0,1,9.4339132309,5,0,7.37775945663,4.30956077576,2.90144395828,13.1779870987,5
455,1,39,3,1,2,1,0,0,0,0,0,0,4,38217.9609375,11.2442083359,2100,750,14.0396137238,11.1816396713,11.2897815704,2.19659543037,-1.26573896408,4,0,33,0,2,1,0,0,0,0,0,0,0,0,0,0,1,0,1,1,0,11.2442083359,4,11.2897815704,11.1816396713,2.19659543037,-1.26573896408,14.0396137238,4
455,2,39,3,1,2,1,,0,0,0,0,0,4,24758.1640625,10.8100576401,1050,0,13.5203342438,11.5598087311,13.8155107498,8.0281085968,-1.25082182884,4,0,33,0,2,0,1,0,0,0,0,0,0,0,0,0,1,0,1,0,1,11.2442083359,4,11.2897815704,11.1816396713,2.19659543037,-1.26573896408,14.0396137238,4
456,1,39,3,1,2,1,0,0,0,0,0,0,2,5848.5,9.3670873642,1300,0,8.18868923187,0,0,0.507108986378,0.85428583622,6,1,36,0,1,1,0,0,0,0,0,0,0,0,0,0,1,0,0,0,0,9.3670873642,2,0,0,0.507108986378,0.85428583622,8.18868923187,2
456,2,39,3,1,2,1,,0,0,0,0,0,5,3576.26928711,8.87522220612,800,0,8.47637081146,0,0,6.24848604202,0.85428583622,6,1,36,0,1,0,1,1,0,0,0,0,0,0,0,0,1,0,1,0,1,9.3670873642,2,0,0,0.507108986378,0.85428583622,8.18868923187,5
457,1,39,3,1,2,1,0,0,0,0,0,0,3,0,5.29834222794,0,0,14.6275072098,0,0,-3.28954076767,-3.37084650993,5,1,30,0,2,0,0,0,0,1,0,0,0,0,0,1,0,0,1,0,0,5.29834222794,3,0,0,-3.28954076767,-3.37084650993,14.6275072098,3
457,2,39,3,1,2,1,,0,0,0,0,0,3,550.269226074,7.46049070358,0,0,10.2819242477,8.47637081146,8.69951438904,0.774509191513,0.85428583622,5,1,30,0,2,0,0,0,0,0,0,0,0,1,0,0,1,0,0,0,1,5.29834222794,3,0,0,-3.28954076767,-3.37084650993,14.6275072098,3
458,1,39,3,0,40.5,0,1,0,0,0,0,0,1,2481.39428711,8.50972270966,500,0,13.2793674469,0,0,0.806340515614,-3.31511259079,1,1,59,0,1,1,0,0,0,0,0,0,0,0,0,0,0,0,0,0,0,8.50972270966,1,0,0,0.806340515614,-3.31511259079,13.2793674469,1
459,1,40,4,1,2.5,1,0,0,0,0,1,0,3,6725.85595703,9.50686168671,1450,0,9.32366943359,0,0,2.14705896378,-1.26573896408,3,1,35,0,2,0,1,0,0,0,0,0,0,0,0,0,1,0,0,0,1,9.50686168671,3,0,0,2.14705896378,-1.26573896408,9.32366943359,3
459,2,40,4,1,2.5,1,,0,0,0,1,0,5,21087.8085938,10.649597168,2850,1600,9.30565071106,8.294049263,9.21034049988,7.28900051117,-6.19266223907,3,1,35,0,2,1,1,0,0,1,0,0,0,0,0,0,1,0,0,0,1,9.50686168671,3,0,0,2.14705896378,-1.26573896408,9.32366943359,5
460,1,40,4,1,2.5,1,0,0,0,0,1,0,3,8078.68261719,9.69013118744,1400,0,11.1647853851,0,0,5.49096107483,-1.32368826866,3,0,0,0,2,0,1,0,0,0,0,0,0,0,0,0,1,0,0,0,1,9.69013118744,3,0,0,5.49096107483,-1.32368826866,11.1647853851,3
460,2,40,4,1,2.5,1,,0,0,0,1,0,3,26108.5488281,10.8631649017,5250,0,10.766377449,11.0020999908,9.21034049988,-8.053855896,-3.37084650993,3,0,0,0,2,0,1,0,0,1,0,0,0,0,0,0,1,0,0,0,0,9.69013118744,3,0,0,5.49096107483,-1.32368826866,11.1647853851,3
461,1,40,4,1,2.5,1,0,0,0,0,1,0,4,21322.8457031,10.6606817245,4600,0,9.78695392609,0,9.54681301117,1.86966788769,-1.26573896408,4,0,26,0,2,0,0,1,0,0,0,0,0,0,0,0,1,0,0,1,1,10.6606817245,4,9.54681301117,0,1.86966788769,-1.26573896408,9.78695392609,4
461,2,40,4,1,2.5,1,,0,0,0,1,0,4,12390.7978516,10.1178569794,2600,0,8.41183280945,0,0,2.0940182209,-1.32368826866,4,0,26,0,2,1,0,0,0,0,0,0,0,0,0,0,1,0,1,1,0,10.6606817245,4,9.54681301117,0,1.86966788769,-1.26573896408,9.78695392609,4
462,1,40,4,0,28.7500019073,1,0,0,0,0,1,0,6,49046.2109375,11.4936656952,2700,7600,13.698302269,8.9871969223,0,9.47922420502,2.90144395828,4,0,68,0,2,1,1,0,1,1,0,0,0,0,0,1,1,0,0,0,1,11.4936656952,6,0,8.9871969223,9.47922420502,2.90144395828,13.698302269,6
462,2,40,4,0,28.7500019073,1,,0,0,0,1,0,7,23861.9238281,10.7731866837,4400,0,11.7950925827,9.90348720551,0,0.948700785637,-1.25082182884,4,0,68,0,2,1,1,1,1,1,0,0,0,0,0,1,1,0,1,1,0,11.4936656952,6,0,8.9871969223,9.47922420502,2.90144395828,13.698302269,7
463,1,40,4,1,2.5,1,0,0,0,0,1,0,5,3776.53857422,8.92971038818,300,200,12.1029319763,0,6.90775632858,3.48274040222,-1.32368826866,5,0,31,0,2,1,0,0,0,0,0,0,0,0,0,0,1,0,1,1,1,8.92971038818,5,6.90775632858,0,3.48274040222,-1.32368826866,12.1029319763,5
463,2,40,4,1,2.5,1,,0,0,0,1,0,5,624659.5,14.0381088257,1100,141900,9.98506736755,0,0,11.7427043915,0.79633641243,5,0,31,0,2,0,1,0,0,0,1,0,0,0,0,0,1,0,1,1,0,8.92971038818,5,6.90775632858,0,3.48274040222,-1.32368826866,12.1029319763,5
464,1,40,4,1,2.5,1,0,0,0,0,1,0,5,45670.75,11.4223604202,8800,800,12.4904994965,8.18868923187,8.294049263,4.06453561783,-1.26573896408,7,0,38,0,2,1,1,0,0,0,0,0,0,0,0,0,1,0,0,1,1,11.4223604202,5,8.294049263,8.18868923187,4.06453561783,-1.26573896408,12.4904994965,5
464,2,40,4,1,2.5,1,,0,0,0,1,0,5,18742,10.5316696167,3600,0,12.6014871597,8.55641365051,7.60090255737,13.1339101791,2.90144395828,7,0,38,0,2,0,1,1,0,0,0,0,0,0,1,0,1,0,0,0,1,11.4223604202,5,8.294049263,8.18868923187,4.06453561783,-1.26573896408,12.4904994965,5
465,1,40,4,1,2.5,1,0,0,0,0,1,0,3,21255.0585938,10.657497406,2100,2100,10.1961574554,8.47637081146,8.51719284058,-4.16081428528,-6.19266223907,7,0,0,0,2,0,0,0,0,1,0,0,0,0,0,0,0,0,1,0,1,10.657497406,3,8.51719284058,8.47637081146,-4.16081428528,-6.19266223907,10.1961574554,3
465,2,40,4,1,2.5,1,,0,0,0,1,0,4,19310.1835938,10.5615348816,4300,0,9.71715831757,7.78322410583,7.78322410583,1.73946130276,2.90144395828,7,0,0,0,2,1,1,0,0,0,0,0,0,0,0,0,1,0,0,0,1,10.657497406,3,8.51719284058,8.47637081146,-4.16081428528,-6.19266223907,10.1961574554,4
466,1,40,4,0,28.7500019073,1,0,0,0,0,1,0,3,3314.5480957,8.79922389984,0,0,9.25913047791,6.90775632858,10.7363967896,0.998929619789,-3.37084650993,5,0,32,0,3,0,0,0,1,0,0,0,0,0,0,1,1,0,0,0,0,8.79922389984,3,10.7363967896,6.90775632858,0.998929619789,-3.37084650993,9.25913047791,3
466,2,40,4,0,28.7500019073,1,,0,0,0,1,0,4,19118,10.5515327454,1400,600,8.03915786743,9.32366943359,11.5711946487,11.7427043915,2.90144395828,5,0,32,0,3,0,1,0,0,0,1,0,0,0,0,0,1,1,0,0,0,8.79922389984,3,10.7363967896,6.90775632858,0.998929619789,-3.37084650993,9.25913047791,4
467,1,40,4,1,2.5,1,0,0,0,0,1,0,5,15381.2207031,10.3340501785,1500,0,9.74096870422,0,8.294049263,2.62387037277,0.0796284079552,4,1,35,0,1,0,1,0,0,1,0,0,0,0,0,0,1,0,1,0,1,10.3340501785,5,8.294049263,0,2.62387037277,0.0796284079552,9.74096870422,5
467,2,40,4,1,2.5,1,,0,0,0,1,0,6,12590.7978516,10.1338682175,2600,0,10.0078477859,8.3428401947,0,1.42620444298,0.85428583622,4,1,35,0,1,1,1,0,1,1,0,0,0,0,0,0,1,0,1,0,1,10.3340501785,5,8.294049263,0,2.62387037277,0.0796284079552,9.74096870422,6
468,1,40,4,0,28.7500019073,1,0,0,0,0,1,0,6,66539.421875,11.7986974716,3500,10500,14.1935358047,0,10.5966348648,0.086722239852,-1.32368826866,9,0,48,0,3,1,0,0,0,1,0,0,0,0,0,0,1,0,1,1,1,11.7986974716,6,10.5966348648,0,0.086722239852,-1.32368826866,14.1935358047,6
468,2,40,4,0,28.7500019073,1,,0,0,0,1,0,3,41167.5273438,11.3185520172,5100,4000,11.3896274567,0,10.5966348648,0.745933353901,-1.32368826866,9,0,48,0,3,1,0,0,1,1,0,0,0,0,0,0,0,0,0,0,1,11.7986974716,6,10.5966348648,0,0.086722239852,-1.32368826866,14.1935358047,3
469,1,40,4,1,2.5,1,0,0,0,0,1,0,5,5197.01904297,9.24898719788,400,600,10.6115236282,7.93737459183,0,1.27600443363,0.79633641243,3,0,41,0,2,0,1,0,0,1,0,0,0,0,0,0,1,0,1,0,1,9.24898719788,5,0,7.93737459183,1.27600443363,0.79633641243,10.6115236282,5
469,2,40,4,1,2.5,1,,0,0,0,1,0,6,40658.0976562,11.3061008453,1700,7000,11.5917367935,0,11.6952466965,-3.3394818306,-5.42022037506,3,0,41,0,2,1,1,0,0,0,1,1,0,0,0,0,1,0,0,1,1,9.24898719788,5,0,7.93737459183,1.27600443363,0.79633641243,10.6115236282,6
470,1,40,4,0,28.7500019073,1,0,0,0,0,1,0,5,58203.328125,11.6648454666,8000,4700,13.7698850632,12.6115379333,0,-3.99948334694,2.90144395828,3,0,0,0,3,1,0,0,0,1,0,0,0,0,0,1,0,0,1,0,1,11.6648454666,5,0,12.6115379333,-3.99948334694,2.90144395828,13.7698850632,5
470,2,40,4,0,28.7500019073,1,,0,0,0,1,0,3,2857.13452148,8.65072154999,0,400,11.2922792435,0,0,1.18228054047,0.85428583622,3,0,0,0,3,1,0,0,0,0,0,0,0,0,0,0,1,0,0,0,1,11.6648454666,5,0,12.6115379333,-3.99948334694,2.90144395828,13.7698850632,3
471,1,41,4,1,3.125,1,0,0,0,0,0,0,4,14730.2792969,10.290807724,1800,1500,11.9445781708,0,8.69951438904,1.43271231651,0.85428583622,8,0,36,0,2,1,1,0,0,0,0,0,0,0,0,0,1,0,0,0,1,10.290807724,4,8.69951438904,0,1.43271231651,0.85428583622,11.9445781708,4
471,2,41,4,1,3.125,1,,0,0,0,0,0,3,18856.8164062,10.537776947,1200,2250,9.95702838898,8.9871969223,0,2.27502679825,0.781419277191,8,0,36,0,2,0,1,0,0,0,0,0,0,0,0,0,1,0,0,0,1,10.290807724,4,8.69951438904,0,1.43271231651,0.85428583622,11.9445781708,3
472,1,41,4,1,3.125,1,0,0,0,0,0,0,2,12132.5771484,10.0967969894,600,2000,11.9866724014,8.294049263,0,-0.387905091047,2.90144395828,8,0,48,0,2,0,1,0,0,0,0,0,0,0,0,0,1,0,0,0,0,10.0967969894,2,0,8.294049263,-0.387905091047,2.90144395828,11.9866724014,2
472,2,41,4,1,3.125,1,,0,0,0,0,0,4,58889.578125,11.676566124,4500,4700,12.9853887558,9.74096870422,0,5.65903949738,-5.49308681488,8,0,48,0,2,0,1,0,1,1,0,0,0,0,0,0,1,0,0,0,1,10.0967969894,2,0,8.294049263,-0.387905091047,2.90144395828,11.9866724014,4
473,1,41,4,0,29.9999980927,1,0,0,0,0,0,0,5,5994.46142578,9.39173793793,0,300,12.2646245956,8.9871969223,0,1.05368459225,2.90144395828,6,0,65,0,2,1,0,0,1,0,0,0,0,0,0,0,1,0,1,0,1,9.39173793793,5,0,8.9871969223,1.05368459225,2.90144395828,12.2646245956,5
473,2,41,4,0,29.9999980927,1,,0,0,0,0,0,4,25873.5097656,10.8541221619,2050,3000,12.2336874008,11.2897815704,8.9871969223,1.10486447811,0.79633641243,6,0,65,0,2,0,1,0,1,0,0,0,0,0,0,0,1,0,0,0,1,9.39173793793,5,0,8.9871969223,1.05368459225,2.90144395828,12.2646245956,4
474,1,41,4,1,3.125,1,0,0,0,0,0,0,5,16502.1054688,10.4043903351,2150,0,12.9831008911,9.39266204834,11.2897815704,1.96318030357,0.85428583622,8,0,45,0,2,1,0,0,0,1,0,0,0,0,0,0,1,0,1,0,1,10.4043903351,5,11.2897815704,9.39266204834,1.96318030357,0.85428583622,12.9831008911,5
474,2,41,4,1,3.125,1,,0,0,0,0,0,1,6141.49023438,9.41596984863,1400,0,8.71604442596,7.49554204941,11.1982145309,-1.03421986103,-1.26573896408,8,0,45,0,2,0,1,0,0,0,0,0,0,0,0,0,0,0,0,0,0,10.4043903351,5,11.2897815704,9.39266204834,1.96318030357,0.85428583622,12.9831008911,1
475,1,41,4,1,3.125,1,0,0,0,0,0,0,8,127522.515625,12.4491958618,17600,9300,14.8303060532,0,0,5.68280649185,2.90144395828,4,0,34,0,2,1,0,0,1,1,1,1,0,0,0,0,1,1,1,1,1,12.4491958618,8,0,0,5.68280649185,2.90144395828,14.8303060532,8
475,2,41,4,1,3.125,1,,0,0,0,0,0,6,28420.0234375,10.9479961395,2400,3180,11.5805845261,9.87302875519,10.1425046921,-0.347441077232,-3.37084650993,4,0,34,0,2,1,1,0,1,1,1,0,0,1,0,0,0,0,1,0,0,12.4491958618,8,0,0,5.68280649185,2.90144395828,14.8303060532,6
476,1,41,4,1,3.125,1,0,0,0,0,0,0,6,94450.515625,12.1489782333,14500,4300,12.8169136047,10.8395805359,8.69951438904,-3.95440149307,-1.25082182884,4,0,30,0,2,1,1,0,0,0,1,0,0,0,0,0,1,0,1,0,1,12.1489782333,6,8.69951438904,10.8395805359,-3.95440149307,-1.25082182884,12.8169136047,6
476,2,41,4,1,3.125,1,,0,0,0,0,0,5,95019.671875,12.1549863815,3100,6600,12.2662267685,10.9331073761,10.165851593,2.87547254562,0.85428583622,4,0,30,0,2,0,1,0,1,1,1,0,0,0,0,0,1,0,0,0,1,12.1489782333,6,8.69951438904,10.8395805359,-3.95440149307,-1.25082182884,12.8169136047,5
477,1,41,4,0,29.9999980927,1,0,0,0,0,0,0,3,8371.13476562,9.72569179535,300,800,12.9631328583,8.69951438904,8.69951438904,5.3709654808,0.85428583622,9,0,68,0,2,1,0,0,0,0,0,0,0,0,0,0,1,0,0,0,1,9.72569179535,3,8.69951438904,8.69951438904,5.3709654808,0.85428583622,12.9631328583,3
477,2,41,4,0,29.9999980927,1,,0,0,0,0,0,3,7568.17285156,9.62485408783,0,1000,16.2291355133,8.9871969223,0,3.78746032715,-1.32368826866,9,0,68,0,2,0,1,0,0,0,0,0,0,0,0,0,1,0,0,0,1,9.72569179535,3,8.69951438904,8.69951438904,5.3709654808,0.85428583622,12.9631328583,3
478,1,41,4,1,3.125,1,0,0,0,0,0,0,4,44681.0078125,11.4004507065,8700,0,13.5293369293,10.1023387909,0,1.85309898853,-1.26573896408,7,0,39,0,2,0,1,1,0,1,0,0,0,0,0,0,1,0,0,0,1,11.4004507065,4,0,10.1023387909,1.85309898853,-1.26573896408,13.5293369293,4
478,2,41,4,1,3.125,1,,0,0,0,0,0,6,14336.2119141,10.2636909485,1200,1500,11.5824518204,10.3481731415,10.8589992523,3.06786894798,0.85428583622,7,0,39,0,2,1,1,0,1,1,0,0,0,0,0,0,1,0,1,0,1,11.4004507065,4,0,10.1023387909,1.85309898853,-1.26573896408,13.5293369293,6
479,1,41,4,0,29.9999980927,1,0,0,0,0,0,0,4,15875.1542969,10.3656578064,200,3000,15.3527851105,9.21034049988,10.3089523315,-4.88805770874,-3.37084650993,4,1,80,0,1,1,0,1,0,1,0,0,0,0,0,0,1,0,0,0,1,10.3656578064,4,10.3089523315,9.21034049988,-4.88805770874,-3.37084650993,15.3527851105,4
479,2,41,4,0,29.9999980927,1,,0,0,0,0,0,6,10967.9501953,9.99588012695,860,1000,11.0348892212,10.118598938,10.5966348648,-1.62125980854,2.90144395828,4,1,80,0,1,1,1,0,1,1,0,0,0,0,0,0,1,0,1,0,1,10.3656578064,4,10.3089523315,9.21034049988,-4.88805770874,-3.37084650993,15.3527851105,6
480,1,41,4,1,3.125,1,0,0,0,0,0,0,3,4345,9.06992816925,1000,0,8.51719284058,0,8.51719284058,-3.79423189163,-6.19266223907,4,0,49,0,2,1,0,0,0,0,0,0,0,0,0,0,1,0,0,0,1,9.06992816925,3,8.51719284058,0,-3.79423189163,-6.19266223907,8.51719284058,3
480,2,41,4,1,3.125,1,,0,0,0,0,0,4,18398.8652344,10.5131912231,4050,0,11.9978179932,0,9.64212322235,-9.81388568878,-1.26573896408,4,0,49,0,2,0,1,0,0,1,0,1,0,0,0,0,1,0,0,0,0,9.06992816925,3,8.51719284058,0,-3.79423189163,-6.19266223907,8.51719284058,4
481,1,41,4,1,3.125,1,0,0,0,0,0,0,4,11394.0380859,10.0339927673,1500,500,12.7955245972,10.7789564133,11.0020999908,-2.8974852562,-1.25082182884,5,0,0,0,2,1,0,0,1,0,0,0,0,0,0,0,1,0,0,0,1,10.0339927673,4,11.0020999908,10.7789564133,-2.8974852562,-1.25082182884,12.7955245972,4
481,2,41,4,1,3.125,1,,0,0,0,0,0,5,19517.1914062,10.5721979141,0,3600,10.1105012894,8.47637081146,9.21034049988,-5.28011274338,-1.25082182884,5,0,0,0,2,1,1,0,1,0,0,0,0,0,0,0,1,0,0,0,1,10.0339927673,4,11.0020999908,10.7789564133,-2.8974852562,-1.25082182884,12.7955245972,5
482,1,41,4,0,29.9999980927,1,0,0,0,0,0,0,2,2205.9230957,8.39204883575,450,0,7.78322410583,0,9.90348720551,-5.36317873001,2.90144395828,7,0,41,0,2,1,0,0,0,0,0,0,0,0,0,0,1,0,0,0,0,8.39204883575,2,9.90348720551,0,-5.36317873001,2.90144395828,7.78322410583,2
482,2,41,4,0,29.9999980927,1,,0,0,0,0,0,8,153368,12.6337423325,31900,0,10.6115236282,10.49127388,12.3013830185,-1.91598284245,0.0796284079552,7,0,41,0,2,1,1,0,0,1,0,0,0,0,0,0,1,1,1,1,1,8.39204883575,2,9.90348720551,0,-5.36317873001,2.90144395828,7.78322410583,8
483,1,42,2,0,31.75,1,0,0,0,0,0,0,6,4286.50976562,9.05637550354,650,0,11.4108924866,9.21034049988,8.00636768341,7.87946844101,2.90144395828,4,0,27,0,3,1,0,0,1,1,1,0,0,0,0,0,1,0,0,1,1,9.05637550354,6,8.00636768341,9.21034049988,7.87946844101,2.90144395828,11.4108924866,6
483,2,42,2,0,31.75,1,,0,0,0,0,0,5,358677.0625,13.4833250046,0,82250,10.7493562698,9.54681301117,0,4.25004339218,2.90144395828,4,0,27,0,3,1,1,0,0,1,0,0,0,0,0,0,1,0,0,0,1,9.05637550354,6,8.00636768341,9.21034049988,7.87946844101,2.90144395828,11.4108924866,5
484,1,42,2,0,31.75,1,0,0,0,0,0,0,5,11956.0292969,10.0821380615,1300,1150,9.80366706848,0,0,-8.57812404633,-3.37084650993,3,0,23,0,2,0,1,1,1,1,0,0,0,0,0,0,1,0,1,0,1,10.0821380615,5,0,0,-8.57812404633,-3.37084650993,9.80366706848,5
484,2,42,2,0,31.75,1,,0,0,0,0,0,5,7276.25976562,9.58551979065,1100,0,9.15904712677,0,9.39266204834,2.11205863953,-3.37084650993,3,0,23,0,2,1,1,0,0,0,0,0,0,0,0,0,1,0,1,0,1,10.0821380615,5,0,0,-8.57812404633,-3.37084650993,9.80366706848,5
485,1,42,2,1,1.25,1,0,0,0,0,0,0,3,3325.05761719,8.8023891449,200,0,12.3335857391,9.39266204834,0,-5.8201007843,-1.25082182884,9,0,48,0,2,0,1,0,0,1,0,0,0,0,0,0,1,0,0,0,0,8.8023891449,3,0,9.39266204834,-5.8201007843,-1.25082182884,12.3335857391,3
485,2,42,2,1,1.25,1,,0,0,0,0,0,8,59039.078125,11.679101944,2200,6600,13.8824214935,12.5872449875,0,2.51888656616,0.85428583622,9,0,48,0,2,1,1,0,1,1,0,0,0,0,1,0,1,1,1,0,1,8.8023891449,3,0,9.39266204834,-5.8201007843,-1.25082182884,12.3335857391,8
486,1,42,2,0,31.75,1,0,0,0,0,0,0,6,42545.9726562,11.3514881134,4500,4200,13.5869779587,12.2375717163,0,-2.28000164032,0.781419277191,3,0,65,0,3,1,0,1,1,1,0,0,0,0,0,0,1,0,1,1,1,11.3514881134,6,0,12.2375717163,-2.28000164032,0.781419277191,13.5869779587,6
486,2,42,2,0,31.75,1,,0,0,0,0,0,4,4101.60595703,9.01228141785,400,0,14.1265916824,0,0,1.37032592297,0.79633641243,3,0,65,0,3,0,1,0,1,0,0,0,0,0,0,0,1,0,0,0,1,11.3514881134,6,0,12.2375717163,-2.28000164032,0.781419277191,13.5869779587,4
487,1,42,2,1,1.25,0,1,0,0,0,0,0,7,223813.328125,13.0117149353,3400,47000,12.3265190125,10.4341154099,0,10.417386055,2.90144395828,5,0,30,0,2,1,0,0,0,1,1,0,0,0,0,1,1,0,1,0,1,13.0117149353,7,0,10.4341154099,10.417386055,2.90144395828,12.3265190125,7
488,1,42,2,0,31.75,1,0,0,0,0,0,0,5,226288.65625,13.0227136612,1900,47500,12.1766433716,10.5347595215,0,0.633298039436,2.90144395828,9,0,0,0,3,1,1,0,0,1,0,0,0,0,0,0,1,0,0,0,1,13.0227136612,5,0,10.5347595215,0.633298039436,2.90144395828,12.1766433716,5
488,2,42,2,0,31.75,1,,0,0,0,0,0,5,49329.5,11.4994249344,1600,8100,12.9219589233,10.7450551987,8.9871969223,4.77864313126,0.79633641243,9,0,0,0,3,1,1,0,0,1,0,0,0,0,0,0,1,0,1,0,0,13.0227136612,5,0,10.5347595215,0.633298039436,2.90144395828,12.1766433716,5
489,1,42,2,1,1.25,1,0,0,0,0,0,0,3,15915.2382812,10.3681793213,2600,360,11.8262748718,7.09007740021,12.2060728073,9.49617958069,2.90144395828,6,0,30,0,2,0,1,0,0,0,0,0,0,0,0,0,1,0,0,0,1,10.3681793213,3,12.2060728073,7.09007740021,9.49617958069,2.90144395828,11.8262748718,3
489,2,42,2,1,1.25,1,,0,0,0,0,0,5,35662.421875,11.1750001907,0,7700,11.1920309067,8.13153076172,11.8493976593,8.73910808563,-6.19266223907,6,0,30,0,2,0,1,0,1,1,0,0,0,1,0,0,1,0,1,0,0,10.3681793213,3,12.2060728073,7.09007740021,9.49617958069,2.90144395828,11.8262748718,5
490,1,42,2,1,1.25,1,0,0,0,0,0,0,4,83668.2109375,12.0277614594,2000,15300,12.5281562805,5.28829240799,0,1.66969680786,2.90144395828,7,0,50,0,2,1,0,1,0,1,0,0,0,0,0,0,1,0,0,0,1,12.0277614594,4,0,5.28829240799,1.66969680786,2.90144395828,12.5281562805,4
490,2,42,2,1,1.25,1,,0,0,0,0,0,7,49812.5195312,11.5091686249,8400,2000,12.0118808746,11.7691164017,7.60090255737,3.21331691742,2.90144395828,7,0,50,0,2,1,1,0,1,1,0,0,0,0,0,1,1,0,1,0,1,12.0277614594,4,0,5.28829240799,1.66969680786,2.90144395828,12.5281562805,7
491,1,43,6,0,35.25,1,0,1,0,0,0,0,6,30388.0585938,11.0149517059,2600,2000,12.4965009689,0,0,-5.98174190521,0.79633641243,4,1,77,0,1,1,0,0,0,0,0,0,0,0,0,0,1,1,1,1,1,11.0149517059,6,0,0,-5.98174190521,0.79633641243,12.4965009689,6
491,2,43,6,0,35.25,1,,1,0,0,0,0,3,89257.140625,12.092423439,17500,1850,12.9494371414,9.90348720551,0,11.7427043915,-1.32368826866,4,1,77,0,1,1,0,0,0,0,0,0,0,0,0,0,1,0,1,0,0,11.0149517059,6,0,0,-5.98174190521,0.79633641243,12.4965009689,3
492,1,43,6,0,35.25,0,1,1,0,0,0,0,6,33504.5,11.1125822067,6100,0,13.8915452957,0,0,0.362547397614,2.90144395828,3,1,76,0,3,1,0,0,0,1,0,0,0,0,0,0,1,0,1,1,1,11.1125822067,6,0,0,0.362547397614,2.90144395828,13.8915452957,6
493,1,43,6,0,35.25,1,0,1,0,0,0,0,3,185277.609375,12.8227577209,900,40000,11.5693054199,7.49554204941,0,-0.3452000916,2.90144395828,7,1,50,0,2,0,1,0,0,0,0,0,0,0,0,0,1,0,0,0,1,12.8227577209,3,0,7.49554204941,-0.3452000916,2.90144395828,11.5693054199,3
493,2,43,6,0,35.25,1,,1,0,0,0,0,5,11377.8652344,10.0325727463,300,2000,11.2118206024,8.18868923187,7.60090255737,1.70615494251,-1.26795446873,7,1,50,0,2,1,1,0,1,1,0,0,0,0,0,0,0,0,1,0,1,12.8227577209,3,0,7.49554204941,-0.3452000916,2.90144395828,11.5693054199,5
494,1,43,6,1,1,1,0,1,0,0,0,0,3,11555.4902344,10.0480632782,100,2500,10.4744672775,0,8.00636768341,-5.53837823868,-6.19266223907,3,1,60,0,1,1,0,0,1,0,0,0,0,0,0,0,1,0,0,0,0,10.0480632782,3,8.00636768341,0,-5.53837823868,-6.19266223907,10.4744672775,3
494,2,43,6,1,1,1,,1,0,0,0,0,9,56707.6445312,11.6388111115,10500,2000,11.6421976089,7.64969301224,9.58877658844,11.7427043915,-1.32368826866,3,1,60,0,1,1,1,1,1,1,0,0,0,0,1,0,1,1,1,1,1,10.0480632782,3,8.00636768341,0,-5.53837823868,-6.19266223907,10.4744672775,9
495,1,43,6,0,35.25,1,0,1,0,0,0,0,7,39103.1171875,11.2671051025,3900,3800,15.1308727264,8.85366535187,0,1.06869387627,2.90144395828,3,1,73,0,2,1,1,0,0,1,1,0,0,0,0,0,1,0,1,0,1,11.2671051025,7,0,8.85366535187,1.06869387627,2.90144395828,15.1308727264,7
495,2,43,6,0,35.25,1,,1,0,0,0,0,5,61930.8085938,11.7269201279,7650,5900,14.3333511353,10.3089523315,8.9871969223,4.13282871246,-1.32368826866,3,1,73,0,2,1,0,0,1,1,0,0,0,0,0,0,0,0,1,1,1,11.2671051025,7,0,8.85366535187,1.06869387627,2.90144395828,15.1308727264,5
496,1,43,6,1,1,1,0,1,0,0,0,0,3,21898.0488281,10.6872997284,1600,2400,13.634180069,0,11.4075651169,-11.4151878357,-1.25082182884,7,1,49,0,2,1,0,0,0,0,0,0,0,0,0,0,1,0,0,0,1,10.6872997284,3,11.4075651169,0,-11.4151878357,-1.25082182884,13.634180069,3
496,2,43,6,1,1,1,,1,0,0,0,0,3,7168.71142578,9.5706281662,1200,0,12.721288681,8.69951438904,10.3089523315,-0.639757573605,2.90144395828,7,1,49,0,2,1,0,0,0,0,0,0,0,0,0,0,1,0,0,0,1,10.6872997284,3,11.4075651169,0,-11.4151878357,-1.25082182884,13.634180069,3
497,1,43,6,1,1,1,0,1,0,0,0,0,5,8271.26953125,9.71369075775,200,1200,11.9421072006,9.21034049988,0,-4.04732942581,-1.32368826866,5,1,57,0,2,1,0,0,0,1,0,1,0,0,0,0,1,0,1,0,0,9.71369075775,5,0,9.21034049988,-4.04732942581,-1.32368826866,11.9421072006,5
497,2,43,6,1,1,1,,1,0,0,0,0,7,43094.4804688,11.3642969131,700,8250,11.3574409485,9.53242397308,11.1562509537,3.20566534996,2.90144395828,5,1,57,0,2,1,1,0,0,1,0,0,0,0,0,0,1,1,1,0,1,9.71369075775,5,0,9.21034049988,-4.04732942581,-1.32368826866,11.9421072006,7
498,1,43,6,1,1,1,0,1,0,0,0,0,4,38794.5,11.2591810226,1850,5500,11.5463600159,9.10497951508,9.21034049988,-3.04475879669,-1.32368826866,7,0,59,0,1,1,0,0,0,1,0,0,0,0,0,0,1,0,1,0,0,11.2591810226,4,9.21034049988,9.10497951508,-3.04475879669,-1.32368826866,11.5463600159,4
498,2,43,6,1,1,1,,1,0,0,0,0,6,13034.7304688,10.1685199738,850,1800,11.6280384064,8.18868923187,0,0.787528693676,-1.26795446873,7,0,59,0,1,1,0,0,0,0,0,0,0,0,0,0,1,1,1,1,1,11.2591810226,4,9.21034049988,9.10497951508,-3.04475879669,-1.32368826866,11.5463600159,6
499,1,43,6,1,1,1,0,1,0,0,0,0,6,49913.0585938,11.5111846924,6800,4200,12.3176136017,8.47637081146,0,-6.40927791595,-1.32368826866,5,0,45,0,2,1,0,0,0,1,0,0,0,0,0,0,1,1,1,0,1,11.5111846924,6,0,8.47637081146,-6.40927791595,-1.32368826866,12.3176136017,6
499,2,43,6,1,1,1,,1,0,0,0,0,5,52998.4921875,11.5711660385,1300,10000,12.1683712006,11.8130302429,10.5966348648,1.68665957451,-1.96752977371,5,0,45,0,2,1,0,0,0,1,0,0,0,0,0,0,1,0,1,1,0,11.5111846924,6,0,8.47637081146,-6.40927791595,-1.32368826866,12.3176136017,5
500,1,43,6,1,1,1,0,1,0,0,0,0,2,6264.40380859,9.43578624725,600,0,12.5461101532,0,9.10497951508,-4.90836286545,-1.32368826866,3,1,75,0,2,0,0,0,0,0,0,0,0,0,0,0,1,0,0,0,1,9.43578624725,2,9.10497951508,0,-4.90836286545,-1.32368826866,12.5461101532,2
500,2,43,6,1,1,1,,1,0,0,0,0,5,141176.65625,12.5509147644,3650,27500,12.1388635635,0,0,1.63547968864,2.90144395828,3,1,75,0,2,0,0,0,1,1,0,0,0,0,0,0,1,1,1,0,1,9.43578624725,2,9.10497951508,0,-4.90836286545,-1.32368826866,12.5461101532,5
501,1,44,6,1,1,1,0,0,0,1,0,0,2,3676,8.90272808075,550,250,11.8635959625,10.49127388,0,1.70947551727,2.90144395828,8,0,46,0,2,0,1,0,0,0,0,0,0,0,0,0,0,0,0,0,1,8.90272808075,2,0,10.49127388,1.70947551727,2.90144395828,11.8635959625,2
501,2,44,6,1,1,1,,0,0,1,0,0,3,17687.2792969,10.4737482071,3550,0,14.3219671249,9.05951786041,0,5.76014518738,2.90144395828,8,0,46,0,2,0,1,0,0,0,0,0,0,0,0,0,1,0,0,0,1,8.90272808075,2,0,10.49127388,1.70947551727,2.90144395828,11.8635959625,3
502,1,44,6,1,1,1,0,0,0,1,0,0,10,252119.453125,13.1308050156,4200,14360,14.6863012314,13.2533912659,13.5567398071,6.7023267746,2.90144395828,6,0,34,0,2,1,1,1,0,0,1,0,1,1,0,0,1,1,1,1,1,13.1308050156,10,13.5567398071,13.2533912659,6.7023267746,2.90144395828,14.6863012314,10
502,2,44,6,1,1,1,,0,0,1,0,0,7,77573.8828125,11.9521331787,6000,6800,14.6793289185,0,0,10.5218191147,-7.54024505615,6,0,34,0,2,1,1,0,1,0,0,0,1,1,0,1,1,0,1,0,0,13.1308050156,10,13.5567398071,13.2533912659,6.7023267746,2.90144395828,14.6863012314,7
503,1,44,6,1,1,1,0,0,0,1,0,0,6,12579.75,10.1329908371,2300,250,10.8197784424,9.39266204834,8.69951438904,-7.47692966461,0.85428583622,4,0,33,0,1,1,1,0,1,0,0,0,0,0,0,0,1,0,1,0,1,10.1329908371,6,8.69951438904,9.39266204834,-7.47692966461,0.85428583622,10.8197784424,6
503,2,44,6,1,1,1,,0,0,1,0,0,4,18616.1152344,10.5249300003,3300,900,10.3734912872,0,9.54681301117,3.78746032715,0.781419277191,4,0,33,0,1,0,1,0,1,1,0,0,0,0,0,0,1,0,0,0,1,10.1329908371,6,8.69951438904,9.39266204834,-7.47692966461,0.85428583622,10.8197784424,4
504,1,44,6,0,38,1,0,0,0,1,0,0,3,22087.8300781,10.6959295273,1800,2080,15.2909593582,11.3850917816,0,-2.92505311966,2.90144395828,4,0,71,0,3,0,0,0,0,0,0,0,0,0,0,0,1,0,1,1,0,10.6959295273,3,0,11.3850917816,-2.92505311966,2.90144395828,15.2909593582,3
504,2,44,6,0,38,1,,0,0,1,0,0,6,6940786.5,16.1621856689,14700,1582200,15.8363161087,8.18868923187,10.085808754,7.5906124115,-7.54024505615,4,0,71,0,3,1,1,1,0,1,1,1,0,0,0,0,1,0,1,0,0,10.6959295273,3,0,11.3850917816,-2.92505311966,2.90144395828,15.2909593582,6
505,1,44,6,1,1,1,0,0,0,1,0,0,1,3241.76928711,8.77702140808,700,0,10.6642932892,8.69951438904,0,-4.95782184601,0.85428583622,1,0,26,0,1,0,0,0,0,0,0,0,0,0,0,0,0,0,0,0,1,8.77702140808,1,0,8.69951438904,-4.95782184601,0.85428583622,10.6642932892,1
505,2,44,6,1,1,1,,0,0,1,0,0,3,16510.5957031,10.4049043655,2450,1200,9.68034362793,0,0,9.34266757965,-6.19266223907,1,0,26,0,1,0,0,0,0,1,0,0,0,0,0,0,1,0,1,0,0,8.77702140808,1,0,8.69951438904,-4.95782184601,0.85428583622,10.6642932892,3
506,1,44,6,0,38,1,0,0,0,1,0,0,3,32512.2988281,11.0825204849,7200,100,13.8527679443,8.9871969223,0,-0.581706285477,0.0796284079552,3,0,59,0,1,0,1,0,0,0,0,0,0,0,0,0,1,0,0,0,1,11.0825204849,3,0,8.9871969223,-0.581706285477,0.0796284079552,13.8527679443,3
506,2,44,6,0,38,1,,0,0,1,0,0,5,25629.8457031,10.8446598053,2800,1500,13.1592741013,9.47270488739,8.294049263,6.64046430588,2.90144395828,3,0,59,0,1,1,0,0,1,1,0,0,0,0,0,0,1,0,0,1,1,11.0825204849,3,0,8.9871969223,-0.581706285477,0.0796284079552,13.8527679443,5
507,1,44,6,0,38,1,0,0,0,1,0,0,5,310956.1875,13.3405542374,2900,68000,11.2772035599,0,0,0.244273558259,2.90144395828,6,0,60,0,3,1,1,0,0,0,0,0,0,0,0,0,1,0,0,1,1,13.3405542374,5,0,0,0.244273558259,2.90144395828,11.2772035599,5
