hhid,round,vid,block,eligible,samp_wgt,sample_panel,attrites,treat_GK,treat_GD_lower,treat_GD_mid,treat_GD_upper,treat_GD_huge,dietarydiversity,consumption,consumption_asinh,foodexpenditure,foodownconsumption,productiveassets_asinh,savingsstock_asinh,borrowingstock_asinh,health_knowledge,sanitation_practices,hhmember,hhfemale,hhage,hh_head_schooling,ubudehe,m9_cereals,m9_tubers,m9_vitaveg,m9_leafyveg,m9_otherveg,m9_vitaafruits,m9_otherfruits,m9_organmeat,m9_fleshmeat,m9_eggs,m9_fish,m9_legumes,m9_milk,m9_oils,m9_sweets,m9_spices,consumption_asinh_R1,dietarydiversity_R1,borrowingstock_asinh_R1,savingsstock_asinh_R1,health_knowledge_R1,sanitation_practices_R1,productiveassets_asinh_R1,diet_source
2532,1,226,22,1,1.125,1,0,0,0,0,0,1,2,7344.18261719,9.59481143951,250,1000,9.76995658875,7.60090255737,10.5713167191,-4.3747882843,0.79633641243,6,0,30,0,2,1,1,0,0,0,0,0,0,0,0,0,0,0,0,0,0,9.59481143951,2,10.5713167191,7.60090255737,-4.3747882843,0.79633641243,9.76995658875,2
2532,2,226,22,1,1.125,1,,0,0,0,0,1,4,25567.4414062,10.8422222137,700,600,13.8189048767,8.294049263,12.0725412369,4.47423934937,-3.37084650993,6,0,30,0,2,1,0,0,0,1,0,0,0,0,0,0,0,0,1,0,1,9.59481143951,2,10.5713167191,7.60090255737,-4.3747882843,0.79633641243,9.76995658875,4
2533,1,226,22,1,1.125,1,0,0,0,0,0,1,2,6115.34619141,9.41170406342,1200,0,8.8818359375,0,9.21034049988,-4.88805770874,-3.37084650993,3,0,23,0,1,0,1,1,0,0,0,0,0,0,0,0,0,0,0,0,0,9.41170406342,2,9.21034049988,0,-4.88805770874,-3.37084650993,8.8818359375,2
2533,2,226,22,1,1.125,1,,0,0,0,0,1,6,24806.3945312,10.8120040894,5400,0,9.78695392609,10.896739006,0,8.44747257233,-1.25082182884,3,0,23,0,1,1,1,1,0,1,0,0,0,0,0,0,1,0,1,0,1,9.41170406342,2,9.21034049988,0,-4.88805770874,-3.37084650993,8.8818359375,6
2534,1,227,22,1,1,1,0,0,0,0,0,0,8,41766.046875,11.332985878,6700,2100,12.8788642883,11.7344675064,0,2.97193074226,-1.32368826866,5,0,80,0,2,1,1,0,1,1,0,1,0,0,0,0,1,0,1,1,1,11.332985878,8,0,11.7344675064,2.97193074226,-1.32368826866,12.8788642883,8
2534,2,227,22,1,1,1,,0,0,0,0,0,7,21746.3085938,10.680346489,2100,1600,12.9817209244,10.165851593,0,5.06368589401,2.90144395828,5,0,80,0,2,1,1,0,1,1,0,1,0,0,0,0,1,0,1,0,1,11.332985878,8,0,11.7344675064,2.97193074226,-1.32368826866,12.8788642883,7
2535,1,227,22,0,10.5,1,0,0,0,0,0,0,6,36763.7695312,11.2054157257,2400,5500,11.932964325,10.2399597168,11.9143829346,3.91977310181,2.90144395828,5,1,67,0,1,1,0,1,0,1,1,0,0,0,0,0,1,0,1,0,1,11.2054157257,6,11.9143829346,10.2399597168,3.91977310181,2.90144395828,11.932964325,6
2535,2,227,22,0,10.5,1,,0,0,0,0,0,4,17157.9042969,10.4433612823,400,2500,11.9511804581,10.7144174576,10.5966348648,5.06368589401,2.90144395828,5,1,67,0,1,1,1,0,0,0,0,0,0,0,0,0,1,0,0,0,1,11.2054157257,6,11.9143829346,10.2399597168,3.91977310181,2.90144395828,11.932964325,4
2536,1,227,22,0,10.5,1,0,0,0,0,0,0,2,3247.97119141,8.77893257141,300,0,12.5595426559,0,8.69951438904,-10.0477485657,2.90144395828,4,0,47,0,2,0,1,0,0,0,0,0,0,0,0,0,0,0,1,0,0,8.77893257141,2,8.69951438904,0,-10.0477485657,2.90144395828,12.5595426559,2
2536,2,227,22,0,10.5,1,,0,0,0,0,0,3,5497.55761719,9.30520629883,800,0,12.6565113068,0,9.21034049988,0.0804754644632,-1.32368826866,4,0,47,0,2,1,1,0,0,0,0,1,0,0,0,0,0,0,0,0,0,8.77893257141,2,8.69951438904,0,-10.0477485657,2.90144395828,12.5595426559,3
2537,1,227,22,0,10.5,1,0,0,0,0,0,0,4,10361.1542969,9.93896579742,0,2000,13.0307741165,8.85366535187,9.21034049988,-3.58426427841,-1.25082182884,2,1,68,0,3,0,1,0,0,0,1,1,0,0,0,0,1,0,0,0,1,9.93896579742,4,9.21034049988,8.85366535187,-3.58426427841,-1.25082182884,13.0307741165,4
2537,2,227,22,0,10.5,1,,0,0,0,0,0,4,23554.375,10.7602138519,0,5000,13.8468151093,9.32366943359,9.39266204834,0.871596813202,2.90144395828,2,1,68,0,3,0,1,0,0,1,0,0,0,0,0,0,1,0,0,0,1,9.93896579742,4,9.21034049988,8.85366535187,-3.58426427841,-1.25082182884,13.0307741165,4
2538,1,227,22,1,1,1,0,0,0,0,0,0,6,6698.5,9.50278568268,800,150,11.6591014862,10.7099637985,11.6952466965,-5.70090246201,-1.32368826866,3,0,25,0,3,1,0,0,0,1,0,0,0,0,0,1,1,0,1,0,1,9.50278568268,6,11.6952466965,10.7099637985,-5.70090246201,-1.32368826866,11.6591014862,6
2538,2,227,22,1,1,1,,0,0,0,0,0,3,6449.71142578,9.46493816376,700,300,10.4399805069,10.6454248428,9.90348720551,1.77468073368,2.90144395828,3,0,25,0,3,1,0,0,0,0,0,0,0,0,0,0,1,0,0,0,1,9.50278568268,6,11.6952466965,10.7099637985,-5.70090246201,-1.32368826866,11.6591014862,3
2539,1,227,22,1,1,0,1,0,0,0,0,0,1,2147.02880859,8.36498737335,200,0,7.78322410583,8.69951438904,0,-4.14424562454,-1.26795446873,3,0,30,0,2,0,1,0,0,0,0,0,0,0,0,0,0,0,0,0,0,8.36498737335,1,0,8.69951438904,-4.14424562454,-1.26795446873,7.78322410583,1
2540,1,227,22,1,1,1,0,0,0,0,0,0,3,4635.02880859,9.13454532623,100,100,10.2470769882,9.79812717438,11.1562509537,1.55859422684,0.85428583622,5,0,26,0,2,0,1,0,0,0,0,0,0,0,0,0,1,0,0,0,1,9.13454532623,3,11.1562509537,9.79812717438,1.55859422684,0.85428583622,10.2470769882,3
2540,2,227,22,1,1,1,,0,0,0,0,0,3,16143.0771484,10.382393837,2500,1000,8.85366535187,9.10497951508,10.691945076,-2.75704550743,-3.31511259079,5,0,26,0,2,0,1,0,1,1,0,0,0,0,0,0,0,0,0,0,1,9.13454532623,3,11.1562509537,9.79812717438,1.55859422684,0.85428583622,10.2470769882,3
2541,1,227,22,1,1,1,0,0,0,0,0,0,7,16432.8359375,10.4001836777,1000,2000,13.1074523926,0,9.21034049988,3.44016337395,0.79633641243,4,0,30,0,3,1,1,0,0,0,1,1,0,0,0,1,1,0,1,0,1,10.4001836777,7,9.21034049988,0,3.44016337395,0.79633641243,13.1074523926,7
2541,2,227,22,1,1,1,,0,0,0,0,0,1,228211.6875,13.0311765671,200,52000,11.881726265,0,13.6170597076,6.58256340027,2.90144395828,4,0,30,0,3,0,1,0,0,0,0,0,0,0,0,0,0,0,0,0,0,10.4001836777,7,9.21034049988,0,3.44016337395,0.79633641243,13.1074523926,1
2542,1,227,22,1,1,1,0,0,0,0,0,0,4,10585.6826172,9.96040439606,1400,700,10.1306228638,0,12.2060728073,7.41031551361,0.0796284079552,5,0,34,0,2,0,1,0,1,0,1,0,0,0,0,0,0,0,1,0,0,9.96040439606,4,12.2060728073,0,7.41031551361,0.0796284079552,10.1306228638,4
2542,2,227,22,1,1,1,,0,0,0,0,0,2,11037.4326172,10.0021953583,500,1500,10.335269928,8.63052177429,10.085808754,4.16951942444,-1.26573896408,5,0,34,0,2,1,1,0,0,0,0,0,0,0,0,0,0,0,0,0,0,9.96040439606,4,12.2060728073,0,7.41031551361,0.0796284079552,10.1306228638,2
2543,1,227,22,1,1,1,0,0,0,0,0,0,4,8062.64404297,9.68814373016,1100,500,11.1760530472,0,6.90775632858,-3.9013876915,0.85428583622,3,1,23,0,2,0,1,0,1,0,0,0,0,0,0,0,1,0,0,0,1,9.68814373016,4,6.90775632858,0,-3.9013876915,0.85428583622,11.1760530472,4
2543,2,227,22,1,1,1,,0,0,0,0,0,5,10769.7880859,9.9776468277,1450,0,10.7077283859,8.294049263,5.99147081375,0.77350127697,-1.25082182884,3,1,23,0,2,1,1,0,1,1,0,0,0,0,0,0,0,0,1,0,1,9.68814373016,4,6.90775632858,0,-3.9013876915,0.85428583622,11.1760530472,5
2544,1,227,22,0,10.5,1,0,0,0,0,0,0,3,12590.4042969,10.1338376999,1400,0,12.0459041595,0,11.4075651169,8.00742912292,2.90144395828,5,0,60,0,3,0,1,0,1,1,0,0,0,0,0,0,1,0,0,0,0,10.1338376999,3,11.4075651169,0,8.00742912292,2.90144395828,12.0459041595,3
2544,2,227,22,0,10.5,1,,0,0,0,0,0,5,38050.828125,11.2398252487,1400,5800,12.0076217651,8.9871969223,11.9829292297,4.68155002594,0.781419277191,5,0,60,0,3,1,1,0,1,1,0,1,0,0,0,0,1,0,0,0,0,10.1338376999,3,11.4075651169,0,8.00742912292,2.90144395828,12.0459041595,5
2545,1,228,20,1,2.5,1,0,1,0,0,0,0,3,216.980773926,6.07296133041,0,0,8.51719284058,0,0,-3.42293286324,-1.25082182884,2,1,32,0,2,0,1,0,0,0,0,0,0,0,0,0,1,0,0,0,1,6.07296133041,3,0,0,-3.42293286324,-1.25082182884,8.51719284058,3
2545,2,228,20,1,2.5,1,,1,0,0,0,0,6,4996.75,9.20969009399,250,900,8.69951438904,0,0,6.9628329277,-5.43513727188,2,1,32,0,2,0,1,1,1,1,1,0,0,0,0,0,1,1,0,0,1,6.07296133041,3,0,0,-3.42293286324,-1.25082182884,8.51719284058,6
2546,1,228,20,0,13.9999990463,1,0,1,0,0,0,0,4,8360.35546875,9.72440338135,900,0,13.2260026932,9.68034362793,0,-7.0817861557,-1.26795446873,5,0,52,0,3,0,1,0,1,0,0,0,0,0,0,0,1,0,0,0,1,9.72440338135,4,0,9.68034362793,-7.0817861557,-1.26795446873,13.2260026932,4
2546,2,228,20,0,13.9999990463,1,,1,0,0,0,0,6,13493.7597656,10.2031297684,2700,0,13.0383291245,9.39266204834,12.1007118225,0.998929619789,0.85428583622,5,0,52,0,3,1,1,0,1,1,0,0,0,0,0,0,1,0,1,0,1,9.72440338135,4,0,9.68034362793,-7.0817861557,-1.26795446873,13.2260026932,6
2547,1,228,20,1,2.5,1,0,1,0,0,0,0,3,5932.59619141,9.38136482239,900,0,10.5815210342,9.39266204834,0,-5.00776338577,0.79633641243,5,0,38,0,2,0,1,0,1,0,0,0,0,0,0,0,0,0,0,0,1,9.38136482239,3,0,9.39266204834,-5.00776338577,0.79633641243,10.5815210342,3
2547,2,228,20,1,2.5,1,,1,0,0,0,0,8,5539.33642578,9.31277751923,200,1000,11.0943746567,10.085808754,10.5966348648,5.44907188416,-5.42022037506,5,0,38,0,2,1,1,0,1,1,0,1,0,0,0,0,1,1,0,1,1,9.38136482239,3,0,9.39266204834,-5.00776338577,0.79633641243,10.5815210342,8
2548,1,228,20,1,2.5,1,0,1,0,0,0,0,6,20920.4511719,10.6416292191,300,2000,8.69951438904,0,9.21034049988,-4.88805770874,-1.96752977371,4,0,25,0,2,1,1,0,1,1,0,0,0,0,0,0,1,0,1,0,1,10.6416292191,6,9.21034049988,0,-4.88805770874,-1.96752977371,8.69951438904,6
2548,2,228,20,1,2.5,1,,1,0,0,0,0,6,15607.7695312,10.3486709595,1900,1500,8.47637081146,9.54681301117,10.4341154099,2.96193385124,0.85428583622,4,0,25,0,2,1,1,0,1,1,0,0,0,0,0,0,1,0,1,0,1,10.6416292191,6,9.21034049988,0,-4.88805770874,-1.96752977371,8.69951438904,6
2549,1,228,20,1,2.5,1,0,1,0,0,0,0,2,14662.8945312,10.2862224579,1400,1400,11.1154289246,8.69951438904,0,-0.530292093754,-1.25082182884,6,0,36,0,3,0,1,0,0,0,0,0,0,0,0,0,1,0,0,0,0,10.2862224579,2,0,8.69951438904,-0.530292093754,-1.25082182884,11.1154289246,2
2549,2,228,20,1,2.5,1,,1,0,0,0,0,7,59908.0390625,11.6937131882,3900,8300,12.7048463821,10.0519075394,11.7440376282,3.20566534996,2.90144395828,6,0,36,0,3,1,1,0,1,1,1,0,0,0,0,0,1,1,0,0,1,10.2862224579,2,0,8.69951438904,-0.530292093754,-1.25082182884,11.1154289246,7
2550,1,228,20,1,2.5,1,0,1,0,0,0,0,4,8002.13476562,9.68061065674,1400,0,10.0604915619,8.47637081146,0,1.43271231651,-0.829986214638,6,0,35,0,1,1,1,0,0,0,0,0,0,0,0,0,1,0,0,0,1,9.68061065674,4,0,8.47637081146,1.43271231651,-0.829986214638,10.0604915619,4
2550,2,228,20,1,2.5,1,,1,0,0,0,0,6,45103.0976562,11.4098529816,8400,1000,11.4317150116,0,0,-3.31787204742,2.90144395828,6,0,35,0,1,1,1,0,1,1,0,0,0,0,1,0,1,0,1,0,0,9.68061065674,4,0,8.47637081146,1.43271231651,-0.829986214638,10.0604915619,6
2551,1,228,20,1,2.5,1,0,1,0,0,0,0,4,11262.6347656,10.0223932266,1100,1200,9.71715831757,10.9366722107,8.69951438904,7.15869092941,0.781419277191,4,0,25,0,2,0,1,0,0,0,0,0,0,0,0,0,1,0,1,0,1,10.0223932266,4,8.69951438904,10.9366722107,7.15869092941,0.781419277191,9.71715831757,4
2551,2,228,20,1,2.5,1,,1,0,0,0,0,3,12266.0195312,10.1077356339,1200,0,9.64212322235,9.5749835968,10.165851593,-2.63109302521,0.85428583622,4,0,25,0,2,0,1,0,1,1,0,0,0,0,0,0,1,0,0,0,0,10.0223932266,4,8.69951438904,10.9366722107,7.15869092941,0.781419277191,9.71715831757,3
2552,1,228,20,0,13.9999990463,1,0,1,0,0,0,0,4,95343.1171875,12.1583843231,6300,11750,13.7591514587,11.3385725021,11.512925148,-1.04711616039,2.90144395828,7,0,40,0,3,0,1,0,1,0,0,0,0,0,0,0,1,0,0,0,1,12.1583843231,4,11.512925148,11.3385725021,-1.04711616039,2.90144395828,13.7591514587,4
2552,2,228,20,0,13.9999990463,1,,1,0,0,0,0,8,48004.015625,11.4721870422,7020,2400,13.3354730606,8.9871969223,0,6.82262945175,-1.25082182884,7,0,40,0,3,1,1,1,1,1,0,1,0,0,0,0,1,0,1,1,1,12.1583843231,4,11.512925148,11.3385725021,-1.04711616039,2.90144395828,13.7591514587,8
2553,1,228,20,0,13.9999990463,1,0,1,0,0,0,0,4,27438.4609375,10.9128484726,5700,0,10.5347595215,0,0,-5.59248447418,0.85428583622,3,1,57,0,2,0,1,0,1,0,0,0,0,0,0,0,1,0,0,0,1,10.9128484726,4,0,0,-5.59248447418,0.85428583622,10.5347595215,4
2553,2,228,20,0,13.9999990463,1,,1,0,0,0,0,5,102573.539062,12.2314825058,900,21800,11.9473018646,10.49127388,10.085808754,3.20566534996,0.85428583622,3,1,57,0,2,0,1,0,1,1,0,0,0,0,0,1,1,0,0,0,1,10.9128484726,4,0,0,-5.59248447418,0.85428583622,10.5347595215,5
2554,1,228,20,1,2.5,1,0,1,0,0,0,0,,7718.30761719,9.6444978714,800,500,8.97461795807,0,0,-0.283415079117,-4.08977031708,4,0,32,0,2,1,1,0,0,1,0,0,0,0,0,888,1,0,1,1,1,9.6444978714,7,0,0,-0.283415079117,-4.08977031708,8.97461795807,7
2554,2,228,20,1,2.5,1,,1,0,0,0,0,7,15883.2402344,10.3661670685,1800,1500,8.0709066391,10.2750511169,10.085808754,1.25031232834,0.0796284079552,4,0,32,0,2,1,1,0,1,1,0,0,0,0,0,1,1,0,1,0,1,9.6444978714,7,0,0,-0.283415079117,-4.08977031708,8.97461795807,7
2555,1,228,20,0,13.9999990463,1,0,1,0,0,0,0,4,14255.3554688,10.2580347061,1000,1200,12.7787456512,0,9.90348720551,7.03969764709,0.85428583622,4,0,86,0,2,1,1,0,0,0,0,0,0,0,0,0,1,0,0,0,1,10.2580347061,4,9.90348720551,0,7.03969764709,0.85428583622,12.7787456512,4
2555,2,228,20,0,13.9999990463,1,,1,0,0,0,0,4,4729.36523438,9.15469360352,450,0,16.3865947723,8.294049263,9.90348720551,3.07691454887,-7.54024505615,4,0,86,0,2,0,1,1,0,1,0,0,0,0,0,0,1,0,0,0,1,10.2580347061,4,9.90348720551,0,7.03969764709,0.85428583622,12.7787456512,4
2556,1,228,20,1,2.5,1,0,1,0,0,0,0,4,14444.4472656,10.2712125778,1700,0,9.94270801544,8.294049263,9.54681301117,-7.01699733734,0.85428583622,3,0,46,0,2,1,1,0,0,0,0,0,0,0,1,0,0,0,0,0,1,10.2712125778,4,9.54681301117,8.294049263,-7.01699733734,0.85428583622,9.94270801544,4
2556,2,228,20,1,2.5,1,,1,0,0,0,0,7,26825.2597656,10.8902463913,2600,2500,12.6061897278,9.74096870422,10.3089523315,3.21331691742,2.90144395828,3,0,46,0,2,1,1,0,0,1,0,0,0,0,0,0,1,1,1,0,1,10.2712125778,4,9.54681301117,8.294049263,-7.01699733734,0.85428583622,9.94270801544,7
2557,1,229,18,1,1.25,1,0,1,0,0,0,0,2,58087.6914062,11.662856102,1000,12000,11.6064157486,10.49127388,9.21034049988,-0.815751075745,2.90144395828,6,0,27,0,2,0,1,0,0,0,0,0,0,0,0,0,0,0,0,0,1,11.662856102,2,9.21034049988,10.49127388,-0.815751075745,2.90144395828,11.6064157486,2
2557,2,229,18,1,1.25,1,,1,0,0,0,0,4,15138.5,10.3181438446,3300,0,10.49127388,8.294049263,10.5966348648,5.22765636444,-1.32368826866,6,0,27,0,2,1,0,0,1,1,0,0,0,0,0,0,1,0,0,0,1,11.662856102,2,9.21034049988,10.49127388,-0.815751075745,2.90144395828,11.6064157486,4
2558,1,229,18,1,1.25,1,0,1,0,0,0,0,4,21766.7792969,10.6812877655,2000,3000,11.1124477386,5.29834222794,10.3089523315,0.0415062904358,2.90144395828,8,0,41,0,2,1,0,0,1,0,0,0,0,0,0,0,1,0,0,0,1,10.6812877655,4,10.3089523315,5.29834222794,0.0415062904358,2.90144395828,11.1124477386,4
2558,2,229,18,1,1.25,1,,1,0,0,0,0,5,28373.2304688,10.9463481903,6200,0,13.7323465347,9.21034049988,10.3089523315,5.35075759888,0.781419277191,8,0,41,0,2,1,0,1,1,1,0,0,0,0,0,0,1,0,1,0,1,10.6812877655,4,10.3089523315,5.29834222794,0.0415062904358,2.90144395828,11.1124477386,5
2559,1,229,18,1,1.25,1,0,1,0,0,0,0,4,4484.625,9.10155773163,100,0,12.5831384659,9.21034049988,8.51719284058,-1.04295098782,2.90144395828,6,1,60,0,2,1,1,0,0,0,0,0,0,0,0,0,1,0,0,0,1,9.10155773163,4,8.51719284058,9.21034049988,-1.04295098782,2.90144395828,12.5831384659,4
2559,2,229,18,1,1.25,1,,1,0,0,0,0,4,8105.09619141,9.69339561462,1500,0,13.0906658173,9.21034049988,10.085808754,-3.31270432472,0.79633641243,6,1,60,0,2,0,1,0,1,0,0,0,0,0,0,0,1,0,0,0,1,9.10155773163,4,8.51719284058,9.21034049988,-1.04295098782,2.90144395828,12.5831384659,4
2560,1,229,18,1,1.25,1,0,1,0,0,0,0,3,8089.74023438,9.69149875641,700,0,11.4392786026,5.29834222794,10.085808754,-6.415538311,-1.32368826866,6,1,70,0,2,1,1,0,0,0,0,0,0,0,0,0,1,0,0,0,0,9.69149875641,3,10.085808754,5.29834222794,-6.415538311,-1.32368826866,11.4392786026,3
2560,2,229,18,1,1.25,1,,1,0,0,0,0,2,44216.8476562,11.3900079727,3500,6000,10.8217763901,0,9.68034362793,2.61095356941,-3.31511259079,6,1,70,0,2,1,1,0,0,0,0,0,0,0,0,0,0,0,0,0,0,9.69149875641,3,10.085808754,5.29834222794,-6.415538311,-1.32368826866,11.4392786026,2
2561,1,229,18,1,1.25,1,0,1,0,0,0,0,5,9366.54785156,9.83804702759,0,2000,8.38935947418,8.69951438904,0,0.461892843246,-1.96752977371,5,1,37,0,2,1,1,0,1,0,0,0,0,0,0,0,1,0,0,0,1,9.83804702759,5,0,8.69951438904,0.461892843246,-1.96752977371,8.38935947418,5
2561,2,229,18,1,1.25,1,,1,0,0,0,0,3,48856.1835938,11.489783287,600,10600,8.66561317444,0,0,11.7427043915,-2.02547931671,5,1,37,0,2,0,1,1,1,0,0,0,0,0,0,0,1,0,0,0,0,9.83804702759,5,0,8.69951438904,0.461892843246,-1.96752977371,8.38935947418,3
2562,1,229,18,1,1.25,1,0,1,0,0,0,0,3,6305.91357422,9.44239044189,1100,0,9.82010555267,8.294049263,11.2897815704,-5.66224908829,-1.32368826866,3,0,21,0,1,1,0,1,0,0,0,0,0,0,0,0,1,0,0,0,0,9.44239044189,3,11.2897815704,8.294049263,-5.66224908829,-1.32368826866,9.82010555267,3
2562,2,229,18,1,1.25,1,,1,0,0,0,0,1,6099.44238281,9.40909957886,1350,0,9.21034049988,9.90348720551,9.32366943359,-4.0665063858,2.90144395828,3,0,21,0,1,0,1,0,0,0,0,0,0,0,0,0,0,0,0,0,0,9.44239044189,3,11.2897815704,8.294049263,-5.66224908829,-1.32368826866,9.82010555267,1
2563,1,229,18,0,21.75,1,0,1,0,0,0,0,4,22589.9609375,10.7184076309,1700,2500,11.4196472168,10.2955293655,11.512925148,0.249911993742,-1.32368826866,3,0,50,0,2,1,1,0,1,0,0,0,0,0,0,0,1,0,0,0,0,10.7184076309,4,11.512925148,10.2955293655,0.249911993742,-1.32368826866,11.4196472168,4
2563,2,229,18,0,21.75,1,,1,0,0,0,0,7,14574.3554688,10.2801656723,2100,0,11.173248291,10.0078477859,12.8992195129,5.62451219559,2.90144395828,3,0,50,0,2,1,1,0,1,0,0,0,0,0,0,1,1,0,1,0,1,10.7184076309,4,11.512925148,10.2955293655,0.249911993742,-1.32368826866,11.4196472168,7
2564,1,229,18,1,1.25,1,0,1,0,0,0,0,2,9543.92285156,9.85680675507,850,0,8.57546234131,0,9.19013786316,2.9185936451,-4.07263755798,7,0,39,0,2,1,1,0,0,0,0,0,0,0,0,0,0,0,0,0,0,9.85680675507,2,9.19013786316,0,2.9185936451,-4.07263755798,8.57546234131,2
2564,2,229,18,1,1.25,1,,1,0,0,0,0,4,6767.09619141,9.51297473907,1350,0,8.0709066391,7.78322410583,8.69951438904,4.12995910645,2.90144395828,7,0,39,0,2,1,1,1,1,1,0,0,0,0,0,0,0,0,0,0,1,9.85680675507,2,9.19013786316,0,2.9185936451,-4.07263755798,8.57546234131,4
2565,1,229,18,1,1.25,1,0,1,0,0,0,0,3,3967.77880859,8.97910881042,800,0,9.87611675262,0,8.294049263,3.20566534996,-1.25082182884,7,0,33,0,2,0,1,0,0,0,0,0,0,0,0,0,1,0,0,0,1,8.97910881042,3,8.294049263,0,3.20566534996,-1.25082182884,9.87611675262,3
2565,2,229,18,1,1.25,1,,1,0,0,0,0,2,6926.125,9.5362033844,1250,0,11.4446468353,0,13.3534755707,1.8075709343,2.90144395828,7,0,33,0,2,1,1,0,0,0,0,0,0,0,0,0,0,0,0,0,0,8.97910881042,3,8.294049263,0,3.20566534996,-1.25082182884,9.87611675262,2
2566,1,229,18,0,21.75,1,0,1,0,0,0,0,5,4960.36523438,9.20238208771,450,0,10.0033330917,8.69951438904,10.5966348648,-1.84621858597,-1.26573896408,4,0,30,0,3,0,1,0,1,0,0,0,0,0,0,0,1,0,1,0,1,9.20238208771,5,10.5966348648,8.69951438904,-1.84621858597,-1.26573896408,10.0033330917,5
2566,2,229,18,0,21.75,1,,1,0,0,0,0,4,28482.6640625,10.9501981735,4700,1000,13.3355369568,9.61580562592,12.3883943558,-1.20019245148,-3.37084650993,4,0,30,0,3,1,1,0,0,0,0,0,0,0,0,0,1,0,0,0,1,9.20238208771,5,10.5966348648,8.69951438904,-1.84621858597,-1.26573896408,10.0033330917,4
2567,1,229,18,0,21.75,1,0,1,0,0,0,0,3,1669,8.11312675476,200,0,13.1829690933,6.39693260193,0,-3.72446751595,2.90144395828,4,0,60,0,2,0,1,0,0,0,0,0,0,0,0,0,1,0,0,0,1,8.11312675476,3,0,6.39693260193,-3.72446751595,2.90144395828,13.1829690933,3
2567,2,229,18,0,21.75,1,,1,0,0,0,0,2,10602.5292969,9.96199512482,2000,0,13.0315628052,7.78322410583,0,2.75618314743,-3.37084650993,4,0,60,0,2,0,0,0,0,0,0,0,0,0,0,0,1,0,0,0,1,8.11312675476,3,0,6.39693260193,-3.72446751595,2.90144395828,13.1829690933,2
2568,1,229,18,0,21.75,1,0,1,0,0,0,0,3,23868.5292969,10.7734632492,2800,1850,10.1696901321,8.294049263,11.0020999908,3.78746032715,-1.25082182884,7,0,34,0,3,1,1,0,0,0,0,0,0,0,0,0,0,0,0,0,1,10.7734632492,3,11.0020999908,8.294049263,3.78746032715,-1.25082182884,10.1696901321,3
2568,2,229,18,0,21.75,1,,1,0,0,0,0,4,15924.4804688,10.3687601089,2700,0,10.7493562698,10.2399597168,12.2060728073,2.12575149536,0.85428583622,7,0,34,0,3,1,1,0,1,0,0,0,0,0,0,0,1,0,0,0,0,10.7734632492,3,11.0020999908,8.294049263,3.78746032715,-1.25082182884,10.1696901321,4
2569,1,230,22,1,2,1,0,1,0,0,0,0,4,31071.4707031,11.0371923447,1400,5200,11.2023162842,11.097410202,10.4042625427,0.77350127697,2.90144395828,7,0,20,0,1,1,1,1,0,0,0,0,0,0,0,0,0,0,0,0,1,11.0371923447,4,10.4042625427,11.097410202,0.77350127697,2.90144395828,11.2023162842,4
2569,2,230,22,1,2,1,,1,0,0,0,0,5,27120.9414062,10.9012088776,0,5600,12.9605503082,9.72913455963,9.54681301117,-7.18517065048,0.85428583622,7,0,20,0,1,1,1,1,1,1,0,0,0,0,0,0,1,0,0,0,1,11.0371923447,4,10.4042625427,11.097410202,0.77350127697,2.90144395828,11.2023162842,5
2570,1,230,22,1,2,1,0,1,0,0,0,0,3,19992.125,10.5962409973,500,3550,11.7432432175,10.9041194916,0,-4.82878351212,2.90144395828,4,0,30,0,3,0,0,1,0,1,0,0,0,0,0,0,1,0,0,0,1,10.5962409973,3,0,10.9041194916,-4.82878351212,2.90144395828,11.7432432175,3
2570,2,230,22,1,2,1,,1,0,0,0,0,5,2663.74047852,8.58063411713,200,0,12.3797740936,0,0,5.56684398651,2.90144395828,4,0,30,0,3,1,0,0,1,0,0,0,0,0,0,0,1,0,1,0,1,10.5962409973,3,0,10.9041194916,-4.82878351212,2.90144395828,11.7432432175,5
2571,1,230,22,0,20.75,1,0,1,0,0,0,0,7,18290.7792969,10.5072994232,1450,2100,13.4022655487,0,11.8493976593,-1.7338950634,0.85428583622,7,0,37,0,3,1,1,0,0,1,0,0,0,0,0,0,1,0,1,1,1,10.5072994232,7,11.8493976593,0,-1.7338950634,0.85428583622,13.4022655487,7
2571,2,230,22,0,20.75,1,,1,0,0,0,0,5,43002.8359375,11.3621683121,4800,3400,16.9444274902,0,12.3013830185,4.82222270966,0.85428583622,7,0,37,0,3,1,1,0,0,0,0,1,0,0,0,0,1,0,0,0,1,10.5072994232,7,11.8493976593,0,-1.7338950634,0.85428583622,13.4022655487,5
2572,1,230,22,1,2,1,0,1,0,0,0,0,6,34893.1523438,11.1531934738,550,6900,14.1174650192,11.1562509537,9.8521938324,-8.55055618286,0.85428583622,5,0,34,0,3,0,0,1,1,1,0,0,0,0,0,1,1,1,1,0,1,11.1531934738,6,9.8521938324,11.1562509537,-8.55055618286,0.85428583622,14.1174650192,6
2572,2,230,22,1,2,1,,1,0,0,0,0,3,10688.0273438,9.97002696991,110,1950,13.3960475922,10.0690021515,9.79812717438,-6.72747898102,0.85428583622,5,0,34,0,3,1,0,1,1,1,0,0,0,0,0,0,0,0,0,0,1,11.1531934738,6,9.8521938324,11.1562509537,-8.55055618286,0.85428583622,14.1174650192,3
2573,1,230,22,1,2,1,0,1,0,0,0,0,4,18292.4042969,10.5073881149,1200,2250,13.0725431442,0,0,-6.43009901047,-5.49308681488,7,0,61,0,3,0,0,0,1,0,0,0,0,0,0,0,1,0,1,0,1,10.5073881149,4,0,0,-6.43009901047,-5.49308681488,13.0725431442,4
2573,2,230,22,1,2,1,,1,0,0,0,0,5,15532.0292969,10.3438072205,1350,2000,17.3639373779,8.69951438904,11.4075651169,0.77350127697,2.90144395828,7,0,61,0,3,1,1,0,1,0,0,0,0,0,0,0,1,0,0,0,1,10.5073881149,4,0,0,-6.43009901047,-5.49308681488,13.0725431442,5
2574,1,230,22,0,20.75,1,0,1,0,0,0,0,4,24397.7695312,10.7953939438,750,4000,12.9011182785,7.60090255737,7.60090255737,1.55859422684,0.85428583622,5,0,35,0,3,1,0,0,0,1,0,0,0,0,0,0,1,0,0,0,1,10.7953939438,4,7.60090255737,7.60090255737,1.55859422684,0.85428583622,12.9011182785,4
2574,2,230,22,0,20.75,1,,1,0,0,0,0,5,49480.9804688,11.5024909973,0,10400,12.3647842407,8.69951438904,10.5966348648,6.43724346161,0.85428583622,5,0,35,0,3,1,1,0,1,1,0,0,0,0,0,0,1,0,0,0,1,10.7953939438,4,7.60090255737,7.60090255737,1.55859422684,0.85428583622,12.9011182785,5
2575,1,230,22,1,2,1,0,1,0,0,0,0,3,12734.1923828,10.1451931,700,2000,10.0791196823,9.68034362793,11.0020999908,0.745933353901,0.85428583622,4,0,31,0,2,0,1,0,1,0,0,0,0,0,0,0,0,0,0,0,1,10.1451931,3,11.0020999908,9.68034362793,0.745933353901,0.85428583622,10.0791196823,3
2575,2,230,22,1,2,1,,1,0,0,0,0,5,11776.5195312,10.0670099258,1850,0,11.2198953629,8.55641365051,0,6.87063741684,0.79633641243,4,0,31,0,2,1,1,0,1,0,0,0,0,0,0,0,1,0,0,0,1,10.1451931,3,11.0020999908,9.68034362793,0.745933353901,0.85428583622,10.0791196823,5
2576,1,230,22,1,2,1,0,1,0,0,0,0,7,21481.4765625,10.6680936813,1250,2600,12.4892196655,10.49127388,0,3.5003888607,2.90144395828,6,0,32,0,3,1,1,1,0,1,1,0,0,0,0,0,1,1,0,0,1,10.6680936813,7,0,10.49127388,3.5003888607,2.90144395828,12.4892196655,7
2576,2,230,22,1,2,1,,1,0,0,0,0,6,35627.5195312,11.1740207672,4600,2600,12.7762041092,9.92329025269,9.54681301117,-4.43938541412,2.90144395828,6,0,32,0,3,1,1,1,0,1,0,0,0,0,0,0,1,1,1,0,0,10.6680936813,7,0,10.49127388,3.5003888607,2.90144395828,12.4892196655,6
2577,1,230,22,1,2,1,0,1,0,0,0,0,3,196906.296875,12.8836307526,880,44000,13.2028369904,10.5966348648,0,-4.627409935,0.85428583622,4,0,22,0,3,1,0,0,0,0,0,0,0,0,0,0,1,0,0,0,1,12.8836307526,3,0,10.5966348648,-4.627409935,0.85428583622,13.2028369904,3
2577,2,230,22,1,2,1,,1,0,0,0,0,10,63923.5273438,11.7585897446,13300,0,11.1816396713,11.4721031189,8.69951438904,4.72707796097,-1.26795446873,4,0,22,0,3,1,1,0,1,1,1,0,0,0,1,1,1,1,0,1,1,12.8836307526,3,0,10.5966348648,-4.627409935,0.85428583622,13.2028369904,10
2578,1,230,22,0,20.75,1,0,1,0,0,0,0,3,29487.2402344,10.9848604202,0,6500,10.3797216415,0,0,-10.5411291122,0.85428583622,2,1,55,0,3,1,0,0,0,1,0,0,0,0,0,0,1,0,0,0,0,10.9848604202,3,0,0,-10.5411291122,0.85428583622,10.3797216415,3
2578,2,230,22,0,20.75,1,,1,0,0,0,0,2,30389.6640625,11.0150051117,6800,0,10.8628377914,7.78322410583,0,3.21331691742,2.90144395828,2,1,55,0,3,1,1,0,0,0,0,0,0,0,0,0,0,0,0,0,0,10.9848604202,3,0,0,-10.5411291122,0.85428583622,10.3797216415,2
2579,1,230,22,1,2,1,0,1,0,0,0,0,5,14856.8369141,10.2993621826,2150,0,12.0825481415,7.78322410583,9.90348720551,-5.88720798492,-1.32368826866,6,0,49,0,2,0,1,0,0,1,0,0,0,0,0,0,1,0,1,0,1,10.2993621826,5,9.90348720551,7.78322410583,-5.88720798492,-1.32368826866,12.0825481415,5
2579,2,230,22,1,2,1,,1,0,0,0,0,6,20100.2109375,10.6016330719,4050,0,11.1927204132,10.9331073761,0,1.88731598854,-1.26795446873,6,0,49,0,2,1,1,0,1,1,0,0,0,0,0,0,1,0,1,0,1,10.2993621826,5,9.90348720551,7.78322410583,-5.88720798492,-1.32368826866,12.0825481415,6
2580,1,230,22,0,20.75,1,0,1,0,0,0,0,3,42991.9414062,11.3619155884,250,7500,14.1890993118,9.21034049988,9.90348720551,3.11710882187,0.85428583622,3,1,69,0,3,1,0,0,0,0,0,0,0,0,0,0,1,0,0,0,1,11.3619155884,3,9.90348720551,9.21034049988,3.11710882187,0.85428583622,14.1890993118,3
2580,2,230,22,0,20.75,1,,1,0,0,0,0,3,882844.6875,14.3840513229,1400,201250,13.9603033066,9.39266204834,0,4.19481897354,2.90144395828,3,1,69,0,3,0,1,0,0,0,0,0,0,0,0,0,1,0,0,0,1,11.3619155884,3,9.90348720551,9.21034049988,3.11710882187,0.85428583622,14.1890993118,3
2581,1,231,22,1,2.375,1,0,0,0,0,1,0,3,4093.25,9.01024150848,700,0,12.2657556534,9.79812717438,0,0.948700785637,-3.38797926903,6,0,63,0,2,0,1,0,0,0,0,0,0,0,0,0,1,0,0,0,1,9.01024150848,3,0,9.79812717438,0.948700785637,-3.38797926903,12.2657556534,3
2581,2,231,22,1,2.375,1,,0,0,0,1,0,6,37358.6445312,11.2214670181,4050,3800,13.2103738785,10.8589992523,5.99147081375,2.70338129997,-5.42022037506,6,0,63,0,2,1,1,0,1,1,0,1,0,0,0,0,1,0,1,0,0,9.01024150848,3,0,9.79812717438,0.948700785637,-3.38797926903,12.2657556534,6
2582,1,231,22,1,2.375,1,0,0,0,0,1,0,3,618.326904297,7.12016534805,0,0,13.0040302277,9.68034362793,0,8.44934082031,-3.37084650993,7,0,47,0,3,0,1,0,0,0,0,0,0,0,0,1,1,0,0,0,0,7.12016534805,3,0,9.68034362793,8.44934082031,-3.37084650993,13.0040302277,3
2582,2,231,22,1,2.375,1,,0,0,0,1,0,8,33483.6210938,11.1119585037,6580,0,13.4356250763,9.82010555267,9.70503616333,0.507108986378,0.79633641243,7,0,47,0,3,1,1,0,1,1,1,1,0,0,0,0,1,1,1,0,1,7.12016534805,3,0,9.68034362793,8.44934082031,-3.37084650993,13.0040302277,8
2583,1,231,22,0,24,1,0,0,0,0,1,0,1,13036320,15.180106163,200,3000000,10.7232675552,0,7.60090255737,0.77350127697,-6.19266223907,1,1,54,0,3,0,0,0,0,0,0,0,0,0,0,0,1,0,0,0,0,15.180106163,1,7.60090255737,0,0.77350127697,-6.19266223907,10.7232675552,1
2583,2,231,22,0,24,1,,0,0,0,1,0,4,3852.00952148,8.9494972229,500,300,10.9920492172,8.294049263,8.294049263,5.58927488327,-8.25695323944,1,1,54,0,3,0,1,1,0,0,0,0,0,0,0,0,1,0,0,0,1,15.180106163,1,7.60090255737,0,0.77350127697,-6.19266223907,10.7232675552,4
2584,1,231,22,0,24,1,0,0,0,0,1,0,4,500,6.90775632858,0,0,13.6114339828,10.1345996857,0,10.5274677277,-1.26573896408,5,0,61,0,2,0,1,1,0,0,0,0,0,0,0,0,1,0,0,0,1,6.90775632858,4,0,10.1345996857,10.5274677277,-1.26573896408,13.6114339828,4
2584,2,231,22,0,24,1,,0,0,0,1,0,3,25434.9609375,10.8370275497,2200,3000,13.4510917664,9.90348720551,8.294049263,0.33067291975,-3.37306213379,5,0,61,0,2,0,1,0,1,0,0,0,0,0,0,0,1,0,0,0,0,6.90775632858,4,0,10.1345996857,10.5274677277,-1.26573896408,13.6114339828,3
2585,1,231,22,1,2.375,1,0,0,0,0,1,0,1,4445,9.09268188477,1000,0,8.82467746735,0,0,8.56446361542,-1.32368826866,5,0,25,0,2,0,0,1,1,0,0,0,0,0,0,0,0,0,0,0,0,9.09268188477,1,0,0,8.56446361542,-1.32368826866,8.82467746735,1
2585,2,231,22,1,2.375,1,,0,0,0,1,0,6,5497.01904297,9.30510807037,750,0,10.4801006317,10.085808754,0,4.78553152084,2.90144395828,5,0,25,0,2,1,1,0,1,0,1,0,0,0,0,0,1,0,0,0,1,9.09268188477,1,0,0,8.56446361542,-1.32368826866,8.82467746735,6
2586,1,231,22,0,24,1,0,0,0,0,1,0,4,32894.7773438,11.0942163467,2800,4200,14.3637475967,10.6358556747,0,-5.18665885925,0.781419277191,2,0,75,0,2,0,1,0,1,0,0,0,0,0,0,0,1,0,0,0,1,11.0942163467,4,0,10.6358556747,-5.18665885925,0.781419277191,14.3637475967,4
2586,2,231,22,0,24,1,,0,0,0,1,0,5,5499.36328125,9.30553436279,1010,0,13.8145103455,10.7893190384,0,0.331686258316,0.85428583622,2,0,75,0,2,1,0,0,0,1,0,0,0,0,0,0,1,0,0,1,1,11.0942163467,4,0,10.6358556747,-5.18665885925,0.781419277191,14.3637475967,5
2587,1,231,22,0,24,1,0,0,0,0,1,0,2,14354.1347656,10.2649402618,1000,1900,9.40919113159,7.60090255737,0,0.755160570145,-1.32368826866,1,1,57,0,3,0,0,0,0,0,0,0,0,0,0,0,1,0,0,0,1,10.2649402618,2,0,7.60090255737,0.755160570145,-1.32368826866,9.40919113159,2
2587,2,231,22,0,24,1,,0,0,0,1,0,6,11973.2792969,10.0835800171,300,2000,10.1503477097,8.76405334473,9.79812717438,2.51888656616,0.85428583622,1,1,57,0,3,1,1,0,0,1,0,0,0,0,0,0,1,0,1,0,1,10.2649402618,2,0,7.60090255737,0.755160570145,-1.32368826866,9.40919113159,6
2588,1,231,22,1,2.375,1,0,0,0,0,1,0,2,6130.71142578,9.41421318054,800,0,9.21034049988,8.294049263,10.085808754,8.85918617249,-1.32368826866,5,0,31,0,3,1,0,1,0,0,0,0,0,0,0,0,0,0,0,0,0,9.41421318054,2,10.085808754,8.294049263,8.85918617249,-1.32368826866,9.21034049988,2
2588,2,231,22,1,2.375,1,,0,0,0,1,0,7,15472.8652344,10.3399906158,1550,200,11.0913305283,10.9612779617,11.6952466965,3.78746032715,0.0796284079552,5,0,31,0,3,1,1,0,1,0,0,0,0,0,1,0,1,0,1,0,1,9.41421318054,2,10.085808754,8.294049263,8.85918617249,-1.32368826866,9.21034049988,7
2589,1,231,22,1,2.375,1,0,0,0,0,1,0,2,9039.32714844,9.80248737335,1900,0,10.3022632599,9.44145202637,0,-6.98369073868,-1.32368826866,10,0,45,0,3,1,1,0,0,0,0,0,0,0,0,0,0,0,0,0,0,9.80248737335,2,0,9.44145202637,-6.98369073868,-1.32368826866,10.3022632599,2
2589,2,231,22,1,2.375,1,,0,0,0,1,0,6,40579.5273438,11.3041658401,6450,2000,11.2721271515,9.68034362793,9.54681301117,2.38109016418,-1.32368826866,10,0,45,0,3,1,1,0,1,1,0,0,0,0,0,0,1,0,1,0,1,9.80248737335,2,0,9.44145202637,-6.98369073868,-1.32368826866,10.3022632599,6
2590,1,231,22,1,2.375,1,0,0,0,0,1,0,1,1253.36535645,7.82673501968,0,0,9.50300979614,0,0,11.7427043915,-1.26573896408,5,0,30,0,3,0,1,0,0,0,0,0,0,0,0,0,0,0,0,0,0,7.82673501968,1,0,0,11.7427043915,-1.26573896408,9.50300979614,1
2590,2,231,22,1,2.375,1,,0,0,0,1,0,3,4319.66357422,9.06408023834,500,0,9.04782104492,0,0,0.460642784834,-1.25082182884,5,0,30,0,3,0,1,0,1,0,0,0,0,0,0,0,0,0,0,0,1,7.82673501968,1,0,0,11.7427043915,-1.26573896408,9.50300979614,3
2591,1,231,22,1,2.375,1,0,0,0,0,1,0,3,18391.8847656,10.5128116608,700,1000,12.7860507965,8.9871969223,0,9.25124168396,-1.25082182884,5,0,31,0,3,1,0,0,0,0,0,0,0,0,0,0,1,0,0,1,0,10.5128116608,3,0,8.9871969223,9.25124168396,-1.25082182884,12.7860507965,3
2591,2,231,22,1,2.375,1,,0,0,0,1,0,8,46982.3359375,11.450674057,6800,3300,13.1669540405,11.3385725021,11.0020999908,2.21416640282,0.85428583622,5,0,31,0,3,1,1,0,1,1,1,0,0,0,0,0,1,0,1,1,1,10.5128116608,3,0,8.9871969223,9.25124168396,-1.25082182884,12.7860507965,8
2592,1,231,22,1,2.375,1,0,0,0,0,1,0,3,10962.7695312,9.99540710449,0,2500,12.0178136826,8.9871969223,0,-6.50687980652,0.79633641243,5,0,68,0,2,1,0,0,0,0,0,1,0,0,0,0,1,0,0,0,0,9.99540710449,3,0,8.9871969223,-6.50687980652,0.79633641243,12.0178136826,3
2592,2,231,22,1,2.375,1,,0,0,0,1,0,2,9090.80761719,9.80816650391,2050,0,12.2816438675,8.8818359375,9.39266204834,-2.21070623398,0.781419277191,5,0,68,0,2,1,1,0,0,0,0,0,0,0,0,0,0,0,0,0,0,9.99540710449,3,0,8.9871969223,-6.50687980652,0.79633641243,12.0178136826,2
2593,1,232,18,0,25,1,0,0,0,1,0,0,2,33038.7109375,11.0985822678,0,7500,11.2104682922,9.39266204834,8.9871969223,-7.45148611069,2.90144395828,4,1,51,0,3,1,0,0,0,0,0,0,0,0,0,0,1,0,0,0,0,11.0985822678,2,8.9871969223,9.39266204834,-7.45148611069,2.90144395828,11.2104682922,2
2593,2,232,18,0,25,1,,0,0,1,0,0,4,4846.34619141,9.17912769318,700,0,11.321764946,8.294049263,0,5.06368589401,-1.32368826866,4,1,51,0,3,1,1,0,0,0,0,0,0,0,0,0,1,0,0,0,1,11.0985822678,2,8.9871969223,9.39266204834,-7.45148611069,2.90144395828,11.2104682922,4
2594,1,232,18,1,2.5,1,0,0,0,1,0,0,4,8690,9.76307582855,0,2000,11.9466409683,0,8.9871969223,-2.8974852562,2.90144395828,7,0,36,0,2,1,0,1,0,0,0,0,0,0,0,0,1,0,0,0,1,9.76307582855,4,8.9871969223,0,-2.8974852562,2.90144395828,11.9466409683,4
2594,2,232,18,1,2.5,1,,0,0,1,0,0,2,3927.21142578,8.96883201599,0,500,10.3287553787,0,9.17988109589,-7.7036075592,0.781419277191,7,0,36,0,2,1,1,0,0,0,0,0,0,0,0,0,0,0,0,0,0,9.76307582855,4,8.9871969223,0,-2.8974852562,2.90144395828,11.9466409683,2
2595,1,232,18,1,2.5,1,0,0,0,1,0,0,6,39547.4609375,11.2784042358,2200,5250,12.3171663284,9.90348720551,11.2897815704,3.46896982193,2.90144395828,4,0,0,0,3,1,1,0,0,1,0,0,0,0,0,0,1,0,1,0,1,11.2784042358,6,11.2897815704,9.90348720551,3.46896982193,2.90144395828,12.3171663284,6
2595,2,232,18,1,2.5,1,,0,0,1,0,0,4,17200.9726562,10.4458684921,3440,0,12.6221475601,10.4341154099,0,6.9628329277,-1.26795446873,4,0,0,0,3,1,0,0,1,1,0,0,0,0,0,0,1,0,0,0,1,11.2784042358,6,11.2897815704,9.90348720551,3.46896982193,2.90144395828,12.3171663284,4
2596,1,232,18,1,2.5,1,0,0,0,1,0,0,1,14472.1923828,10.2731313705,3100,0,12.4645833969,0,0,-7.75354909897,0.85428583622,4,0,28,0,2,0,0,1,1,0,0,0,0,0,0,0,0,0,0,0,0,10.2731313705,1,0,0,-7.75354909897,0.85428583622,12.4645833969,1
2596,2,232,18,1,2.5,1,,0,0,1,0,0,1,24426.8847656,10.7965869904,2700,2000,12.5054359436,11.6262540817,0,7.30456209183,2.90144395828,4,0,28,0,2,0,1,0,0,0,0,0,0,0,0,0,0,0,0,0,0,10.2731313705,1,0,0,-7.75354909897,0.85428583622,12.4645833969,1
2597,1,232,18,1,2.5,1,0,0,0,1,0,0,2,15497.9326172,10.3416090012,1400,1800,11.2009506226,0,8.294049263,-0.787794113159,-3.31511259079,4,0,28,0,2,0,1,1,1,0,0,0,0,0,0,0,0,0,0,0,0,10.3416090012,2,8.294049263,0,-0.787794113159,-3.31511259079,11.2009506226,2
2597,2,232,18,1,2.5,1,,0,0,1,0,0,4,9775.03808594,9.88073444366,1750,0,10.3920679092,8.13153076172,10.3734912872,3.20566534996,-1.32368826866,4,0,28,0,2,0,1,0,1,0,0,0,0,0,0,0,1,0,0,0,1,10.3416090012,2,8.294049263,0,-0.787794113159,-3.31511259079,11.2009506226,4
2598,1,232,18,1,2.5,1,0,0,0,1,0,0,2,9306.71191406,9.83163833618,300,1450,9.45720005035,9.45720005035,9.99879741669,0.15648676455,2.90144395828,5,0,28,0,2,0,0,0,0,1,0,0,0,0,0,0,0,0,0,0,1,9.83163833618,2,9.99879741669,9.45720005035,0.15648676455,2.90144395828,9.45720005035,2
2598,2,232,18,1,2.5,1,,0,0,1,0,0,5,7986.36523438,9.67863845825,0,1500,10.9750709534,0,0,6.43337249756,2.90144395828,5,0,28,0,2,0,1,0,0,0,0,0,1,0,0,1,1,0,0,0,1,9.83163833618,2,9.99879741669,9.45720005035,0.15648676455,2.90144395828,9.45720005035,5
2599,1,232,18,0,25,1,0,0,0,1,0,0,4,3925.3269043,8.96835231781,550,0,12.8057222366,9.45720005035,0,-0.920318722725,-1.32368826866,3,0,30,0,3,1,1,0,0,0,0,0,0,0,0,0,1,0,0,0,1,8.96835231781,4,0,9.45720005035,-0.920318722725,-1.32368826866,12.8057222366,4
2599,2,232,18,0,25,1,,0,0,1,0,0,5,18434.9902344,10.5151529312,1800,1500,9.15904712677,12.0529212952,11.0020999908,4.08218383789,0.781419277191,3,0,30,0,3,1,1,0,1,0,0,0,0,0,0,0,1,0,0,0,1,8.96835231781,4,0,9.45720005035,-0.920318722725,-1.32368826866,12.8057222366,5
2600,1,232,18,0,25,1,0,0,0,1,0,0,7,21900.8847656,10.6874294281,1750,2400,13.8579950333,11.1272630692,8.69951438904,2.035187006,0.85428583622,5,0,65,0,3,1,1,0,1,1,0,0,0,0,0,0,1,0,1,1,1,10.6874294281,7,8.69951438904,11.1272630692,2.035187006,0.85428583622,13.8579950333,7
2600,2,232,18,0,25,1,,0,0,1,0,0,6,8949.02929688,9.79244709015,800,1000,13.3471059799,11.9804258347,0,-1.32729959488,-1.26573896408,5,0,65,0,3,1,1,0,1,1,1,0,0,0,0,0,1,0,0,0,1,10.6874294281,7,8.69951438904,11.1272630692,2.035187006,0.85428583622,13.8579950333,6
2601,1,232,18,1,2.5,1,0,0,0,1,0,0,2,6198.36523438,9.42518806458,700,400,9.63560771942,0,10.0432491302,-0.217046380043,2.90144395828,4,0,28,0,2,0,0,0,0,0,1,0,0,0,0,0,0,0,0,0,1,9.42518806458,2,10.0432491302,0,-0.217046380043,2.90144395828,9.63560771942,2
2601,2,232,18,1,2.5,1,,0,0,1,0,0,4,20786.7304688,10.6352176666,2000,2000,10.4801006317,0,12.6115379333,-8.72128105164,0.781419277191,4,0,28,0,2,1,1,0,1,0,0,0,0,0,0,0,1,0,0,0,0,9.42518806458,2,10.0432491302,0,-0.217046380043,2.90144395828,9.63560771942,4
2602,1,232,18,1,2.5,1,0,0,0,1,0,0,5,40782.0859375,11.3091449738,500,8000,12.9190225601,0,10.7579030991,1.52833878994,-2.02547931671,6,0,48,0,3,0,1,0,1,1,0,0,0,0,0,1,1,0,0,0,1,11.3091449738,5,10.7579030991,0,1.52833878994,-2.02547931671,12.9190225601,5
2602,2,232,18,1,2.5,1,,0,0,1,0,0,4,33476.7226562,11.1117525101,1800,2000,13.1881513596,10.7363967896,12.4450893402,-0.163709402084,0.781419277191,6,0,48,0,3,1,1,0,0,1,0,0,0,0,0,0,1,0,0,0,0,11.3091449738,5,10.7579030991,0,1.52833878994,-2.02547931671,12.9190225601,4
2603,1,232,18,0,25,1,0,0,0,1,0,0,2,6734.48095703,9.50814342499,1500,0,10.740735054,9.5749835968,0,-5.39114904404,2.90144395828,7,0,41,0,3,0,1,0,1,0,0,0,0,0,0,0,0,0,0,0,0,9.50814342499,2,0,9.5749835968,-5.39114904404,2.90144395828,10.740735054,2
2603,2,232,18,0,25,1,,0,0,1,0,0,4,17747.1152344,10.4771251678,1600,2400,9.0118894577,0,9.68034362793,8.93095397949,2.90144395828,7,0,41,0,3,0,1,0,1,0,0,0,0,0,0,0,1,0,0,0,1,9.50814342499,2,0,9.5749835968,-5.39114904404,2.90144395828,10.740735054,4
2604,1,232,18,1,2.5,1,0,0,0,1,0,0,3,4311.30761719,9.06214332581,900,0,9.11602973938,8.69951438904,0,3.20566534996,0.85428583622,5,0,33,0,3,1,0,0,0,0,0,0,0,0,0,0,1,0,0,0,1,9.06214332581,3,0,8.69951438904,3.20566534996,0.85428583622,9.11602973938,3
2604,2,232,18,1,2.5,1,,0,0,1,0,0,4,9482.72070312,9.85037326813,1550,0,12.3432226181,7.2442278862,0,-1.32729959488,2.90144395828,5,0,33,0,3,1,1,0,1,0,0,0,0,0,0,0,1,0,0,0,0,9.06214332581,3,0,8.69951438904,3.20566534996,0.85428583622,9.11602973938,4
2605,1,233,17,1,1,1,0,0,0,0,0,1,3,10267.8945312,9.92992401123,0,2000,11.7558403015,0,9.90348720551,-3.43757772446,-1.32368826866,3,0,27,0,2,1,1,0,0,0,0,0,0,0,0,0,0,0,0,0,1,9.92992401123,3,9.90348720551,0,-3.43757772446,-1.32368826866,11.7558403015,3
2605,2,233,17,1,1,1,,0,0,0,0,1,7,14355.5087891,10.2650365829,2630,0,13.5068092346,0,0,11.7690258026,2.90144395828,3,0,27,0,2,0,1,0,1,0,0,1,0,0,0,0,1,1,1,0,1,9.92992401123,3,9.90348720551,0,-3.43757772446,-1.32368826866,11.7558403015,7
2606,1,233,17,1,1,1,0,0,0,0,0,1,1,200,5.99147081375,0,0,12.604177475,8.69951438904,8.9871969223,-4.54387521744,-5.05511856079,6,0,68,0,1,0,1,0,0,0,0,0,0,0,0,0,0,0,0,0,0,5.99147081375,1,8.9871969223,8.69951438904,-4.54387521744,-5.05511856079,12.604177475,1
2606,2,233,17,1,1,1,,0,0,0,0,1,1,65766.109375,11.7870073318,11500,2250,14.561249733,9.54681301117,9.90348720551,-0.0666160732508,0.0796284079552,6,0,68,0,1,0,1,0,0,0,0,0,0,0,0,0,0,0,0,0,0,5.99147081375,1,8.9871969223,8.69951438904,-4.54387521744,-5.05511856079,12.604177475,1
2607,1,233,17,1,1,1,0,0,0,0,0,1,9,16306.0195312,10.3924369812,200,2250,11.4392786026,10.7789564133,9.68034362793,3.29034376144,-1.32368826866,4,0,30,0,2,1,1,0,0,1,0,1,0,0,0,1,1,1,1,0,1,10.3924369812,9,9.68034362793,10.7789564133,3.29034376144,-1.32368826866,11.4392786026,9
2607,2,233,17,1,1,1,,0,0,0,0,1,7,37044.0976562,11.2130117416,5200,1500,14.0967721939,10.8197784424,9.54681301117,3.11493206024,-1.32368826866,4,0,30,0,2,1,1,0,1,1,0,0,0,0,0,0,1,1,1,0,1,10.3924369812,9,9.68034362793,10.7789564133,3.29034376144,-1.32368826866,11.4392786026,7
2608,1,233,17,1,1,1,0,0,0,0,0,1,2,6165.34619141,9.41984653473,1000,0,10.7913789749,10.5966348648,7.78322410583,2.38109016418,-1.32368826866,3,0,37,0,2,0,1,0,0,0,0,0,0,0,0,0,1,0,0,0,0,9.41984653473,2,7.78322410583,10.5966348648,2.38109016418,-1.32368826866,10.7913789749,2
2608,2,233,17,1,1,1,,0,0,0,0,1,4,8560.49023438,9.74806022644,100,700,11.7344675064,0,0,8.23952770233,2.90144395828,3,0,37,0,2,0,1,0,1,0,0,1,0,0,0,0,0,0,0,0,1,9.41984653473,2,7.78322410583,10.5966348648,2.38109016418,-1.32368826866,10.7913789749,4
2609,1,233,17,1,1,1,0,0,0,0,0,1,5,5772.22119141,9.35395908356,1000,0,9.75846195221,10.3089523315,9.68034362793,-0.259647846222,-1.32368826866,4,0,27,0,2,1,1,0,1,0,0,0,0,0,0,0,1,0,0,0,1,9.35395908356,5,9.68034362793,10.3089523315,-0.259647846222,-1.32368826866,9.75846195221,5
2609,2,233,17,1,1,1,,0,0,0,0,1,4,12472.3369141,10.1244153976,750,1000,8.31874275208,7.2442278862,0,5.09125375748,0.85428583622,4,0,27,0,2,0,1,0,1,0,0,0,0,0,0,0,1,0,0,0,1,9.35395908356,5,9.68034362793,10.3089523315,-0.259647846222,-1.32368826866,9.75846195221,4
2610,1,233,17,0,15.5,1,0,0,0,0,0,1,3,5756.85595703,9.35129356384,1000,0,9.61580562592,10.3734912872,10.7363967896,2.94236063957,0.781419277191,3,0,21,0,3,1,1,0,0,0,0,0,0,0,0,0,1,0,0,0,0,9.35129356384,3,10.7363967896,10.3734912872,2.94236063957,0.781419277191,9.61580562592,3
2610,2,233,17,0,15.5,1,,0,0,0,0,1,2,9776.25,9.88085842133,900,1000,10.8948860168,0,11.0020999908,0.418085634708,-3.37306213379,3,0,21,0,3,0,1,0,1,0,0,0,0,0,0,0,0,0,0,0,0,9.35129356384,3,10.7363967896,10.3734912872,2.94236063957,0.781419277191,9.61580562592,2
2611,1,233,17,1,1,1,0,0,0,0,0,1,1,5146.34619141,9.23918914795,0,1000,10.0345153809,6.90775632858,10.3089523315,-5.70786809921,-1.96752977371,2,0,91,0,3,0,1,0,0,0,0,0,0,0,0,0,0,0,0,0,0,9.23918914795,1,10.3089523315,6.90775632858,-5.70786809921,-1.96752977371,10.0345153809,1
2611,2,233,17,1,1,1,,0,0,0,0,1,1,3542.84619141,8.86583328247,700,0,9.42545223236,7.64969301224,0,0.999880731106,-7.54024505615,2,0,91,0,3,0,1,0,0,0,0,0,0,0,0,0,0,0,0,0,0,9.23918914795,1,10.3089523315,6.90775632858,-5.70786809921,-1.96752977371,10.0345153809,1
2612,1,233,17,0,15.5,1,0,0,0,0,0,1,2,6784.07714844,9.51548099518,1300,0,11.5917367935,9.21034049988,8.69951438904,-3.93451213837,-1.32368826866,7,0,39,0,1,1,1,0,0,0,0,0,0,0,0,0,0,0,0,0,0,9.51548099518,2,8.69951438904,9.21034049988,-3.93451213837,-1.32368826866,11.5917367935,2
2612,2,233,17,0,15.5,1,,0,0,0,0,1,7,22707.2109375,10.7235851288,3450,0,13.3859577179,9.10497951508,9.54681301117,2.18754982948,-5.43513727188,7,0,39,0,1,1,1,0,1,0,1,0,0,0,0,1,1,0,0,0,1,9.51548099518,2,8.69951438904,9.21034049988,-3.93451213837,-1.32368826866,11.5917367935,7
2613,1,233,17,0,15.5,1,0,0,0,0,0,1,4,6155.72314453,9.4182844162,0,640,12.7691106796,0,10.3089523315,0.81506973505,2.90144395828,5,0,31,0,3,1,0,0,1,0,0,0,0,0,0,0,1,0,0,0,1,9.4182844162,4,10.3089523315,0,0.81506973505,2.90144395828,12.7691106796,4
2613,2,233,17,0,15.5,1,,0,0,0,0,1,2,8949.02929688,9.79244709015,800,750,12.7296171188,0,0,7.54749679565,-5.42022037506,5,0,31,0,3,1,0,0,0,0,0,0,0,0,0,0,1,0,0,0,0,9.4182844162,4,10.3089523315,0,0.81506973505,2.90144395828,12.7691106796,2
2614,1,233,17,0,15.5,1,0,0,0,0,0,1,2,14318.5576172,10.2624588013,1000,2000,9.45720005035,0,9.61580562592,-4.4423251152,0.781419277191,3,1,25,0,3,1,1,0,0,0,0,0,0,0,0,0,0,0,0,0,0,10.2624588013,2,9.61580562592,0,-4.4423251152,0.781419277191,9.45720005035,2
2614,2,233,17,0,15.5,1,,0,0,0,0,1,1,33019.0390625,11.097987175,500,6800,8.69951438904,0,9.21034049988,6.86351633072,2.90144395828,3,1,25,0,3,0,1,0,0,0,0,0,0,0,0,0,0,0,0,0,0,10.2624588013,2,9.61580562592,0,-4.4423251152,0.781419277191,9.45720005035,1
2615,1,233,17,1,1,1,0,0,0,0,0,1,2,250.673080444,6.21730089188,0,0,11.0184984207,0,6.90775632858,-4.40530920029,-1.25082182884,4,1,47,0,2,1,1,0,0,0,0,0,0,0,0,0,0,0,0,0,0,6.21730089188,2,6.90775632858,0,-4.40530920029,-1.25082182884,11.0184984207,2
2615,2,233,17,1,1,1,,0,0,0,0,1,4,5538.25976562,9.31258296967,700,0,10.0519075394,9.53242397308,8.9871969223,1.23561763763,-8.25695323944,4,1,47,0,2,1,1,0,1,0,0,0,0,0,0,0,0,0,0,0,1,6.21730089188,2,6.90775632858,0,-4.40530920029,-1.25082182884,11.0184984207,4
2616,1,234,21,1,1,1,0,0,0,0,1,0,2,459.298065186,6.82284784317,0,0,10.2109718323,0,0,-1.12231194973,0.85428583622,3,0,50,0,1,1,0,0,0,0,0,0,0,0,0,0,1,0,0,0,0,6.82284784317,2,0,0,-1.12231194973,0.85428583622,10.2109718323,2
2616,2,234,21,1,1,1,,0,0,0,1,0,5,74552.3359375,11.9124040604,15650,0,10.8893041611,0,10.8780469894,8.40349769592,0.85428583622,3,0,50,0,1,1,0,0,1,1,0,0,0,0,0,1,1,0,1,0,0,6.82284784317,2,0,0,-1.12231194973,0.85428583622,10.2109718323,5
2617,1,234,21,1,1,1,0,0,0,0,1,0,3,969,7.56941223145,200,0,8.36637020111,0,9.79812717438,-4.32098436356,-4.08977031708,3,0,23,0,2,0,1,0,1,0,0,0,0,0,0,0,0,0,0,0,1,7.56941223145,3,9.79812717438,0,-4.32098436356,-4.08977031708,8.36637020111,3
2617,2,234,21,1,1,1,,0,0,0,1,0,3,3592.71142578,8.87980937958,400,0,8.21608829498,0,9.90348720551,-4.9465470314,-3.31511259079,3,0,23,0,2,0,1,0,1,0,0,0,0,0,0,0,0,0,0,0,1,7.56941223145,3,9.79812717438,0,-4.32098436356,-4.08977031708,8.36637020111,3
2618,1,234,21,0,14.75,1,0,0,0,0,1,0,4,3703.63452148,8.91021728516,100,0,12.0951414108,9.91343784332,0,-6.30723381042,-1.26795446873,3,1,58,0,1,1,0,0,1,0,0,0,0,0,0,0,0,0,1,0,1,8.91021728516,4,0,9.91343784332,-6.30723381042,-1.26795446873,12.0951414108,4
2618,2,234,21,0,14.75,1,,0,0,0,1,0,4,27286.0488281,10.9072780609,4500,0,9.93304634094,6.68461322784,11.2384881973,2.94236063957,-1.32368826866,3,1,58,0,1,1,1,0,0,0,0,0,0,0,0,0,0,0,0,1,1,8.91021728516,4,0,9.91343784332,-6.30723381042,-1.26795446873,12.0951414108,4
2619,1,234,21,1,1,1,0,0,0,0,1,0,7,9627.30371094,9.86550521851,1870,0,8.8818359375,0,10.0432491302,-2.21070623398,0.85428583622,3,0,20,0,2,1,1,1,0,0,0,1,0,0,0,0,1,1,0,0,1,9.86550521851,7,10.0432491302,0,-2.21070623398,0.85428583622,8.8818359375,7
2619,2,234,21,1,1,1,,0,0,0,1,0,3,17009.4628906,10.4346723557,1840,1800,11.3071308136,9.42545223236,10.5966348648,8.45158290863,0.85428583622,3,0,20,0,2,0,1,0,1,0,0,0,0,0,0,0,1,0,0,0,0,9.86550521851,7,10.0432491302,0,-2.21070623398,0.85428583622,8.8818359375,3
2620,1,234,21,0,14.75,1,0,0,0,0,1,0,3,4712.11523438,9.15103912354,1000,0,10.4744672775,0,7.60090255737,-10.5411291122,2.90144395828,4,0,25,0,2,1,0,0,1,0,0,0,0,0,0,0,1,0,0,0,0,9.15103912354,3,7.60090255737,0,-10.5411291122,2.90144395828,10.4744672775,3
2620,2,234,21,0,14.75,1,,0,0,0,1,0,4,18447.1152344,10.5158100128,4000,0,15.8959770203,0,10.7363967896,4.57255315781,-5.42022037506,4,0,25,0,2,0,1,0,1,0,0,0,0,0,0,0,1,0,0,0,1,9.15103912354,3,7.60090255737,0,-10.5411291122,2.90144395828,10.4744672775,4
2621,1,234,21,1,1,1,0,0,0,0,1,0,4,13735.5380859,10.2208890915,1500,1200,10.5865840912,10.3089523315,0,5.75046491623,2.90144395828,6,0,32,0,2,1,0,1,0,0,0,0,0,0,0,0,1,0,0,0,1,10.2208890915,4,0,10.3089523315,5.75046491623,2.90144395828,10.5865840912,4
2621,2,234,21,1,1,1,,0,0,0,1,0,4,40675.671875,11.3065328598,4500,0,12.9831008911,0,9.90348720551,4.12995910645,-1.32368826866,6,0,32,0,2,1,0,0,1,0,0,0,0,0,0,0,1,0,0,0,1,10.2208890915,4,0,10.3089523315,5.75046491623,2.90144395828,10.5865840912,4
2622,1,234,21,1,1,1,0,0,0,0,1,0,2,4912.11523438,9.19260692596,250,500,9.84903144836,0,8.51719284058,-10.0643177032,2.90144395828,5,0,30,0,3,1,1,0,0,0,0,0,0,0,0,0,0,0,0,0,0,9.19260692596,2,8.51719284058,0,-10.0643177032,2.90144395828,9.84903144836,2
2622,2,234,21,1,1,1,,0,0,0,1,0,4,31103.2792969,11.0382156372,1450,4500,11.4927225113,10.1886663437,9.95227813721,1.63547968864,2.90144395828,5,0,30,0,3,1,1,0,0,0,1,1,0,0,0,0,1,0,0,0,0,9.19260692596,2,8.51719284058,0,-10.0643177032,2.90144395828,9.84903144836,4
2623,1,234,21,0,14.75,1,0,0,0,0,1,0,,3917.50952148,8.96635818481,600,0,9.21034049988,0,9.54681301117,3.60537266731,-1.96752977371,3,0,24,0,3,999,999,1,999,999,999,999,999,999,999,999,999,999,999,999,999,8.96635818481,1,9.54681301117,0,3.60537266731,-1.96752977371,9.21034049988,1
2623,2,234,21,0,14.75,1,,0,0,0,1,0,3,2211.85571289,8.39473438263,100,0,9.99879741669,0,11.2897815704,9.92625331879,-3.31511259079,3,0,24,0,3,0,0,0,0,0,1,1,0,0,0,0,1,0,0,0,1,8.96635818481,1,9.54681301117,0,3.60537266731,-1.96752977371,9.21034049988,3
2624,1,234,21,1,1,1,0,0,0,0,1,0,6,14846.3173828,10.2986545563,2500,0,12.0231113434,10.4222812653,9.39266204834,0.0414354503155,-4.0875544548,4,0,37,0,3,1,0,0,0,1,0,0,0,0,0,0,1,0,1,1,1,10.2986545563,6,9.39266204834,10.4222812653,0.0414354503155,-4.0875544548,12.0231113434,6
2624,2,234,21,1,1,1,,0,0,0,1,0,7,22708.4238281,10.7236385345,3100,1350,10.738568306,10.7493562698,8.294049263,12.3127317429,0.85428583622,4,0,37,0,3,1,1,0,1,1,0,0,0,0,0,1,1,1,1,0,0,10.2986545563,6,9.39266204834,10.4222812653,0.0414354503155,-4.0875544548,12.0231113434,7
2625,1,234,21,1,1,1,0,0,0,0,1,0,4,6012.11523438,9.39467906952,500,0,10.6482782364,10.7789564133,10.9331073761,-0.442505300045,-1.26573896408,4,0,23,0,2,1,0,0,1,1,0,0,0,0,0,0,1,0,0,0,1,9.39467906952,4,10.9331073761,10.7789564133,-0.442505300045,-1.26573896408,10.6482782364,4
2625,2,234,21,1,1,1,,0,0,0,1,0,8,38376.0273438,11.2483358383,7000,1400,10.413312912,0,10.5966348648,5.45574140549,0.85428583622,4,0,23,0,2,1,1,0,1,1,1,1,0,0,0,1,1,0,1,0,1,9.39467906952,4,10.9331073761,10.7789564133,-0.442505300045,-1.26573896408,10.6482782364,8
2626,1,234,21,0,14.75,1,0,0,0,0,1,0,4,17411,10.4580049515,200,3600,10.2399597168,9.21034049988,11.918390274,2.53987765312,2.90144395828,3,1,46,0,1,1,0,0,1,0,0,0,0,0,0,0,0,0,1,0,1,10.4580049515,4,11.918390274,9.21034049988,2.53987765312,2.90144395828,10.2399597168,4
2626,2,234,21,0,14.75,1,,0,0,0,1,0,5,7202.99804688,9.5753993988,1360,0,11.9130430222,8.00636768341,10.5186729431,0.948700785637,0.85428583622,3,1,46,0,1,1,1,0,1,1,0,1,0,0,0,1,0,0,0,0,0,10.4580049515,4,11.918390274,9.21034049988,2.53987765312,2.90144395828,10.2399597168,5
2627,1,235,19,1,1.25,1,0,0,1,0,0,0,4,12432.5771484,10.121222496,2100,0,9.98966503143,0,0,-1.96570563316,0.85428583622,9,0,55,0,2,0,1,0,0,0,0,0,0,0,0,0,1,0,1,0,1,10.121222496,4,0,0,-1.96570563316,0.85428583622,9.98966503143,4
2627,2,235,19,1,1.25,1,,0,1,0,0,0,5,12658.4521484,10.1392278671,2300,0,11.683511734,0,0,4.86727666855,-3.37084650993,9,0,55,0,2,0,1,0,1,0,0,0,0,0,0,0,1,0,1,0,1,10.121222496,4,0,0,-1.96570563316,0.85428583622,9.98966503143,5
2628,1,235,19,1,1.25,1,0,0,1,0,0,0,1,39422.25,11.2752332687,1300,7500,9.66141605377,0,11.0348892212,-1.32729959488,-1.25082182884,6,0,36,0,2,0,1,0,0,0,0,0,0,0,0,0,0,0,0,0,0,11.2752332687,1,11.0348892212,0,-1.32729959488,-1.25082182884,9.66141605377,1
2628,2,235,19,1,1.25,1,,0,1,0,0,0,5,28506.3847656,10.9510307312,2700,3000,12.9224481583,9.39266204834,13.3111639023,11.503320694,2.90144395828,6,0,36,0,2,1,0,0,1,0,0,0,0,0,0,0,1,0,1,0,1,11.2752332687,1,11.0348892212,0,-1.32729959488,-1.25082182884,9.66141605377,5
2629,1,235,19,0,11,1,0,0,1,0,0,0,3,38060,11.2400665283,1000,7000,12.7056350708,0,0,-4.51630735397,2.90144395828,7,0,49,0,1,0,0,0,1,0,0,0,0,0,0,0,1,0,0,0,1,11.2400665283,3,0,0,-4.51630735397,2.90144395828,12.7056350708,3
2629,2,235,19,0,11,1,,0,1,0,0,0,3,42614.421875,11.3530950546,9500,0,12.4103679657,0,0,10.8734407425,-5.49308681488,7,0,49,0,1,1,0,0,1,0,0,0,0,0,0,0,0,0,0,0,1,11.2400665283,3,0,0,-4.51630735397,2.90144395828,12.7056350708,3
2630,1,235,19,0,11,1,0,0,1,0,0,0,4,90638,12.1077756882,500,19900,12.8685026169,0,11.2897815704,-2.25926566124,-3.37306213379,5,0,60,0,3,1,1,0,1,0,0,0,0,0,0,0,0,0,0,0,1,12.1077756882,4,11.2897815704,0,-2.25926566124,-3.37306213379,12.8685026169,4
2630,2,235,19,0,11,1,,0,1,0,0,0,4,30046.5390625,11.0036497116,0,6750,12.9441928864,10.085808754,11.0020999908,6.68396711349,-1.32368826866,5,0,60,0,3,1,1,0,1,0,0,0,0,0,0,0,0,0,0,0,1,12.1077756882,4,11.2897815704,0,-2.25926566124,-3.37306213379,12.8685026169,4
2631,1,235,19,1,1.25,1,0,0,1,0,0,0,3,19999.9414062,10.5966320038,700,3000,10.2109718323,0,9.68034362793,0.451210230589,2.90144395828,6,0,34,0,3,0,0,1,1,0,0,0,0,0,0,0,1,0,0,0,1,10.5966320038,3,9.68034362793,0,0.451210230589,2.90144395828,10.2109718323,3
2631,2,235,19,1,1.25,1,,0,1,0,0,0,5,4365938,15.9824905396,2200,1002000,11.0666379929,0,0,10.4291534424,-4.1455039978,6,0,34,0,3,1,0,0,1,0,0,0,0,0,0,0,1,0,1,0,1,10.5966320038,3,9.68034362793,0,0.451210230589,2.90144395828,10.2109718323,5
2632,1,235,19,1,1.25,1,0,0,1,0,0,0,4,7743.10595703,9.64770507812,0,0,11.9063177109,11.1272630692,9.21034049988,-6.17427968979,2.90144395828,6,1,75,0,3,0,1,0,1,1,0,0,0,0,0,0,1,0,0,0,1,9.64770507812,4,9.21034049988,11.1272630692,-6.17427968979,2.90144395828,11.9063177109,4
2632,2,235,19,1,1.25,1,,0,1,0,0,0,4,37551.1054688,11.2266054153,2800,4500,13.258641243,10.085808754,10.3089523315,5.95012378693,0.79633641243,6,1,75,0,3,1,1,0,0,0,0,0,0,0,0,0,1,0,0,0,1,9.64770507812,4,9.21034049988,11.1272630692,-6.17427968979,2.90144395828,11.9063177109,4
2633,1,235,19,0,11,0,1,0,1,0,0,0,2,20988.75,10.6448888779,0,4500,12.8571996689,8.18868923187,0,-7.96351671219,-3.31511259079,2,1,85,0,3,0,1,0,0,0,0,0,0,0,0,0,1,0,0,0,0,10.6448888779,2,0,8.18868923187,-7.96351671219,-3.31511259079,12.8571996689,2
2634,1,235,19,0,11,1,0,0,1,0,0,0,4,32149.7695312,11.071308136,900,5400,11.6707839966,10.2681303024,11.512925148,-1.25191640854,2.90144395828,7,0,41,0,3,0,1,0,1,1,0,0,0,0,0,0,0,0,1,0,1,11.071308136,4,11.512925148,10.2681303024,-1.25191640854,2.90144395828,11.6707839966,4
2634,2,235,19,0,11,1,,0,1,0,0,0,7,26912.7402344,10.8935022354,350,3600,13.3213777542,10.9331073761,11.3621025085,4.57255315781,0.79633641243,7,0,41,0,3,1,1,0,1,0,1,0,0,0,0,0,1,0,1,0,1,11.071308136,4,11.512925148,10.2681303024,-1.25191640854,2.90144395828,11.6707839966,7
2635,1,235,19,1,1.25,1,0,0,1,0,0,0,3,13463.8457031,10.2009105682,2000,500,13.5129995346,0,9.90348720551,-2.21070623398,0.781419277191,5,0,28,0,3,0,0,0,1,0,0,0,0,0,0,0,1,0,0,0,1,10.2009105682,3,9.90348720551,0,-2.21070623398,0.781419277191,13.5129995346,3
2635,2,235,19,1,1.25,1,,0,1,0,0,0,2,35090.328125,11.1588277817,2600,5000,14.6472015381,9.99879741669,12.1960220337,-0.93688762188,-1.26573896408,5,0,28,0,3,0,1,0,0,0,0,0,0,0,0,0,1,0,0,0,0,10.2009105682,3,9.90348720551,0,-2.21070623398,0.781419277191,13.5129995346,2
2636,1,235,19,1,1.25,1,0,0,1,0,0,0,2,7667.76904297,9.63792800903,1150,0,10.2750511169,0,7.43838405609,-2.98489785194,-1.96752977371,3,0,23,0,1,1,1,0,0,0,0,0,0,0,0,0,0,0,0,0,0,9.63792800903,2,7.43838405609,0,-2.98489785194,-1.96752977371,10.2750511169,2
2636,2,235,19,1,1.25,1,,0,1,0,0,0,3,10419.375,9.94456958771,800,1500,9.45720005035,0,8.69951438904,4.68155002594,-6.19266223907,3,0,23,0,1,1,1,0,0,0,0,0,0,0,0,0,0,0,0,0,1,9.63792800903,2,7.43838405609,0,-2.98489785194,-1.96752977371,10.2750511169,3
2637,1,235,19,1,1.25,1,0,0,1,0,0,0,2,8790.26953125,9.7745475769,2000,0,11.0445203781,7.09007740021,0,-0.319873273373,-1.26573896408,5,0,35,0,1,0,0,1,1,0,0,0,0,0,0,0,0,0,0,0,1,9.7745475769,2,0,7.09007740021,-0.319873273373,-1.26573896408,11.0445203781,2
2637,2,235,19,1,1.25,1,,0,1,0,0,0,5,20127.1738281,10.6029729843,3000,0,17.6023159027,0,8.294049263,12.8099832535,2.90144395828,5,0,35,0,1,1,1,0,1,0,0,0,0,0,0,0,1,0,0,0,1,9.7745475769,2,0,7.09007740021,-0.319873273373,-1.26573896408,11.0445203781,5
2638,1,235,19,1,1.25,1,0,0,1,0,0,0,3,6536830,15.180106163,300,1502700,12.5939979553,10.896739006,9.21034049988,-7.8685297966,2.90144395828,4,1,82,0,1,0,1,0,0,0,0,0,0,0,0,0,1,0,0,0,1,15.180106163,3,9.21034049988,10.896739006,-7.8685297966,2.90144395828,12.5939979553,3
2638,2,235,19,1,1.25,1,,0,1,0,0,0,5,17527.0390625,10.4646472931,3400,200,17.6023159027,9.54681301117,9.8521938324,0.0446147024632,-6.19487762451,4,1,82,0,1,1,0,0,1,1,0,0,0,0,0,0,1,0,1,0,1,15.180106163,3,9.21034049988,10.896739006,-7.8685297966,2.90144395828,12.5939979553,5
2639,1,236,22,0,11.25,1,0,1,0,0,0,0,3,23361.1152344,10.7519750595,2200,3000,8.79482460022,9.79812717438,10.3089523315,-4.27104330063,0.0796284079552,2,0,65,0,1,1,0,0,0,1,0,0,0,0,0,0,0,0,0,0,1,10.7519750595,3,10.3089523315,9.79812717438,-4.27104330063,0.0796284079552,8.79482460022,3
2639,2,236,22,0,11.25,1,,1,0,0,0,0,1,16451.7011719,10.4013309479,1400,0,9.80917644501,0,0,-0.93688762188,-1.96752977371,2,0,65,0,1,0,1,0,0,0,0,0,0,0,0,0,0,0,0,0,0,10.7519750595,3,10.3089523315,9.79812717438,-4.27104330063,0.0796284079552,8.79482460022,1
2640,1,236,22,1,1,1,0,1,0,0,0,0,0,2639.61547852,8.57153606415,500,0,10.7188520432,0,8.96187877655,-1.32725310326,2.90144395828,5,0,29,0,2,0,0,0,0,0,0,0,0,0,0,0,0,0,0,0,0,8.57153606415,0,8.96187877655,0,-1.32725310326,2.90144395828,10.7188520432,0
2640,2,236,22,1,1,1,,1,0,0,0,0,4,20219.3457031,10.607542038,1000,1200,12.5256166458,8.90923500061,9.47270488739,2.78219103813,2.90144395828,5,0,29,0,2,0,1,0,1,0,0,0,0,0,0,0,1,0,0,0,1,8.57153606415,0,8.96187877655,0,-1.32725310326,2.90144395828,10.7188520432,4
2641,1,236,22,0,11.25,1,0,1,0,0,0,0,2,9554.01953125,9.85786437988,0,1600,13.8646812439,9.21034049988,9.90348720551,0.697317898273,-1.32368826866,3,1,56,0,3,1,1,0,0,0,0,0,0,0,0,0,0,0,0,0,0,9.85786437988,2,9.90348720551,9.21034049988,0.697317898273,-1.32368826866,13.8646812439,2
2641,2,236,22,0,11.25,1,,1,0,0,0,0,5,14454.6728516,10.2719202042,950,2000,12.5403995514,10.896739006,0,1.21509313583,2.90144395828,3,1,56,0,3,1,1,0,1,0,0,0,0,0,0,0,0,0,1,0,1,9.85786437988,2,9.90348720551,9.21034049988,0.697317898273,-1.32368826866,13.8646812439,5
2642,1,236,22,1,1,1,0,1,0,0,0,0,4,7515.48095703,9.61786746979,1000,0,8.24275684357,0,9.39266204834,-2.8974852562,-1.96752977371,3,0,21,0,3,1,1,1,0,0,0,0,0,0,0,0,0,0,0,0,1,9.61786746979,4,9.39266204834,0,-2.8974852562,-1.96752977371,8.24275684357,4
2642,2,236,22,1,1,1,,1,0,0,0,0,4,14599.0195312,10.2818565369,2100,0,9.68034362793,0,9.85744380951,1.53049588203,-1.96752977371,3,0,21,0,3,0,1,0,1,0,0,0,0,0,0,0,1,0,0,0,1,9.61786746979,4,9.39266204834,0,-2.8974852562,-1.96752977371,8.24275684357,4
2643,1,236,22,1,1,1,0,1,0,0,0,0,4,16576.2304688,10.4088726044,700,2400,11.4972429276,11.161948204,0,-7.1783285141,-1.96752977371,3,0,28,0,3,1,1,0,0,0,0,0,0,0,0,0,1,0,0,0,1,10.4088726044,4,0,11.161948204,-7.1783285141,-1.96752977371,11.4972429276,4
2643,2,236,22,1,1,1,,1,0,0,0,0,4,58407.6445312,11.6683492661,11250,0,12.3527669907,8.63052177429,9.21034049988,3.0473446846,0.0796284079552,3,0,28,0,3,1,0,0,1,0,0,0,0,0,0,0,1,0,0,0,1,10.4088726044,4,0,11.161948204,-7.1783285141,-1.96752977371,11.4972429276,4
2644,1,236,22,0,11.25,1,0,1,0,0,0,0,3,13985.6728516,10.2389354706,2600,0,10.8855657578,10.1345996857,6.90775632858,-1.04187166691,-5.42022037506,6,0,57,0,3,1,1,0,0,0,0,0,0,0,0,0,0,0,0,0,1,10.2389354706,3,6.90775632858,10.1345996857,-1.04187166691,-5.42022037506,10.8855657578,3
2644,2,236,22,0,11.25,1,,1,0,0,0,0,5,14595.9130859,10.2816438675,2600,0,11.600935936,9.51782512665,9.21034049988,5.26614332199,-3.37084650993,6,0,57,0,3,1,1,0,1,1,0,0,0,0,0,0,0,0,0,1,1,10.2389354706,3,6.90775632858,10.1345996857,-1.04187166691,-5.42022037506,10.8855657578,5
2645,1,236,22,1,1,1,0,1,0,0,0,0,2,2653.36547852,8.57673168182,0,0,7.78322410583,0,9.68034362793,5.27310276031,-1.26573896408,5,0,30,0,3,1,1,0,0,0,0,0,0,0,0,0,0,0,0,0,0,8.57673168182,2,9.68034362793,0,5.27310276031,-1.26573896408,7.78322410583,2
2645,2,236,22,1,1,1,,1,0,0,0,0,3,14804.5380859,10.2958364487,2900,0,9.58877658844,7.09007740021,0,1.4921681881,-5.42022037506,5,0,30,0,3,1,1,0,0,0,0,0,0,0,0,0,0,1,0,0,0,8.57673168182,2,9.68034362793,0,5.27310276031,-1.26573896408,7.78322410583,3
2646,1,236,22,1,1,1,0,1,0,0,0,0,1,16276.5,10.390625,2700,1000,9.91343784332,0,0,-11.2645339966,-4.07263755798,5,1,28,0,3,0,1,0,0,0,0,0,0,0,0,0,0,0,0,0,0,10.390625,1,0,0,-11.2645339966,-4.07263755798,9.91343784332,1
2646,2,236,22,1,1,1,,1,0,0,0,0,3,35878.0664062,11.1810283661,7300,0,17.2660751343,0,10.7363967896,-0.137473285198,-4.07263755798,5,1,28,0,3,0,1,0,1,0,0,0,0,0,0,0,1,0,0,0,0,10.390625,1,0,0,-11.2645339966,-4.07263755798,9.91343784332,3
2647,1,236,22,0,11.25,1,0,1,0,0,0,0,4,5831.78857422,9.36422634125,1200,0,9.86266517639,7.78322410583,9.54681301117,-6.90660047531,2.90144395828,6,1,47,0,3,0,1,0,1,0,0,0,0,0,0,0,1,0,0,0,1,9.36422634125,4,9.54681301117,7.78322410583,-6.90660047531,2.90144395828,9.86266517639,4
2647,2,236,22,0,11.25,1,,1,0,0,0,0,0,869,7.46049070358,200,0,11.518907547,0,0,3.48087882996,-3.37084650993,6,1,47,0,3,0,0,0,0,0,0,0,0,0,0,0,0,0,0,0,0,9.36422634125,4,9.54681301117,7.78322410583,-6.90660047531,2.90144395828,9.86266517639,0
2648,1,236,22,1,1,1,0,1,0,0,0,0,6,4407,9.08409690857,600,0,12.7443189621,0,10.6689558029,5.69093179703,2.90144395828,7,0,68,0,1,1,1,0,0,1,0,0,0,0,0,0,1,1,0,0,1,9.08409690857,6,10.6689558029,0,5.69093179703,2.90144395828,12.7443189621,6
2648,2,236,22,1,1,1,,1,0,0,0,0,5,202067.296875,12.9095029831,1450,45000,11.409784317,8.66561317444,9.21034049988,3.18435120583,-1.32368826866,7,0,68,0,1,1,1,0,1,1,0,0,0,0,0,1,0,0,0,0,1,9.08409690857,6,10.6689558029,0,5.69093179703,2.90144395828,12.7443189621,5
2649,1,237,22,0,11.25,1,0,0,0,0,0,0,1,7784.88476562,9.65308666229,1000,0,12.4195699692,10.7363967896,10.085808754,0.213385358453,2.90144395828,6,0,39,0,2,1,0,0,0,0,0,0,0,0,0,0,0,0,0,0,0,9.65308666229,1,10.085808754,10.7363967896,0.213385358453,2.90144395828,12.4195699692,1
2649,2,237,22,0,11.25,1,,0,0,0,0,0,2,18482.1542969,10.5177078247,2200,1100,11.5208940506,11.8940982819,12.4684371948,1.58964180946,0.85428583622,6,0,39,0,2,1,1,0,0,0,0,0,0,0,0,0,0,0,0,0,0,9.65308666229,1,10.085808754,10.7363967896,0.213385358453,2.90144395828,12.4195699692,2
2650,1,237,22,1,1,1,0,0,0,0,0,0,1,42077.2304688,11.3404092789,1400,8000,9.48036766052,0,9.90348720551,3.60537266731,2.90144395828,10,0,44,0,1,1,0,0,0,0,0,0,0,0,0,0,0,0,0,0,0,11.3404092789,1,9.90348720551,0,3.60537266731,2.90144395828,9.48036766052,1
2650,2,237,22,1,1,1,,0,0,0,0,0,2,8690,9.76307582855,2000,0,8.63052177429,0,11.6952466965,2.84136152267,-3.37084650993,10,0,44,0,1,0,1,1,1,0,0,0,0,0,0,0,0,0,0,0,0,11.3404092789,1,9.90348720551,0,3.60537266731,2.90144395828,9.48036766052,2
2651,1,237,22,1,1,1,0,0,0,0,0,0,3,50,5.29834222794,0,0,11.9511804581,0,0,-15.3838777542,0.85428583622,5,1,46,0,1,1,0,0,0,0,0,0,0,0,0,0,1,1,0,0,0,5.29834222794,3,0,0,-15.3838777542,0.85428583622,11.9511804581,3
2651,2,237,22,1,1,1,,0,0,0,0,0,5,4945.80761719,9.19944286346,1050,0,10.1425046921,8.38935947418,9.69276618958,1.83210742474,2.90144395828,5,1,46,0,1,1,0,0,1,0,0,0,0,0,0,0,1,1,0,0,1,5.29834222794,3,0,0,-15.3838777542,0.85428583622,11.9511804581,5
2652,1,237,22,1,1,1,0,0,0,0,0,0,2,183.557693481,5.90568351746,0,0,7.78322410583,0,0,-1.4675027132,1.47997188568,4,1,33,0,1,0,1,0,0,0,0,0,0,0,0,0,0,1,0,0,0,5.90568351746,2,0,0,-1.4675027132,1.47997188568,7.78322410583,2
2652,2,237,22,1,1,1,,0,0,0,0,0,3,6016.15380859,9.39535045624,1350,0,8.47637081146,8.69951438904,10.3089523315,1.83210742474,-3.31511259079,4,1,33,0,1,1,0,0,0,0,0,0,0,0,0,0,1,0,0,0,1,5.90568351746,2,0,0,-1.4675027132,1.47997188568,7.78322410583,3
2653,1,237,22,0,11.25,1,0,0,0,0,0,0,1,2505.38452148,8.51934432983,400,0,12.2433681488,0,0,-3.76875901222,2.90144395828,2,1,49,0,1,1,0,0,0,0,0,0,0,0,0,0,0,0,0,0,0,8.51934432983,1,0,0,-3.76875901222,2.90144395828,12.2433681488,1
2653,2,237,22,0,11.25,1,,0,0,0,0,0,2,4845.26904297,9.17890548706,1000,0,9.65502643585,9.21034049988,0,-1.78723204136,0.85428583622,2,1,49,0,1,0,1,0,0,0,0,0,1,0,0,0,0,0,0,0,0,8.51934432983,1,0,0,-3.76875901222,2.90144395828,12.2433681488,2
2654,1,237,22,1,1,1,0,0,0,0,0,0,5,10707.6542969,9.97186088562,2000,0,8.86785030365,0,0,-6.98369073868,0.79633641243,2,1,22,0,1,1,1,1,0,0,0,0,0,0,0,0,1,0,0,0,1,9.97186088562,5,0,0,-6.98369073868,0.79633641243,8.86785030365,5
2654,2,237,22,1,1,1,,0,0,0,0,0,2,5214,9.25224971771,1200,0,8.38935947418,0,0,-4.93901205063,-3.37084650993,2,1,22,0,1,1,1,0,0,0,0,0,0,0,0,0,0,0,0,0,0,9.97186088562,5,0,0,-6.98369073868,0.79633641243,8.86785030365,2
2655,1,237,22,1,1,1,0,0,0,0,0,0,1,4348.77880859,9.07079792023,500,0,9.37585449219,0,8.294049263,-5.64486455917,-1.96752977371,6,1,52,0,1,1,0,0,0,0,0,0,0,0,0,0,0,0,0,0,0,9.07079792023,1,8.294049263,0,-5.64486455917,-1.96752977371,9.37585449219,1
2655,2,237,22,1,1,1,,0,0,0,0,0,4,6448.76904297,9.46479129791,1250,0,9.83091640472,9.40919113159,9.47270488739,0.955350160599,0.85428583622,6,1,52,0,1,1,1,0,0,0,0,0,0,0,0,0,1,0,0,0,1,9.07079792023,1,8.294049263,0,-5.64486455917,-1.96752977371,9.37585449219,4
2656,1,237,22,0,11.25,1,0,0,0,0,0,0,2,4728.55761719,9.15452289581,1000,0,9.98044872284,0,10.085808754,-9.71182823181,-3.37084650993,6,1,48,0,2,1,1,0,0,0,0,0,0,0,0,0,0,0,0,0,0,9.15452289581,2,10.085808754,0,-9.71182823181,-3.37084650993,9.98044872284,2
2656,2,237,22,0,11.25,1,,0,0,0,0,0,4,9658.05761719,9.86869525909,2100,0,11.178850174,8.38935947418,10.7363967896,1.22886347771,0.0796284079552,6,1,48,0,2,1,1,0,1,0,0,0,0,0,0,0,0,0,0,0,1,9.15452289581,2,10.085808754,0,-9.71182823181,-3.37084650993,9.98044872284,4
2657,1,237,22,0,11.25,1,0,0,0,0,0,0,2,28493.1738281,10.9505672455,6500,0,12.116147995,9.21034049988,10.5966348648,-7.79534292221,-1.26795446873,1,1,66,0,2,0,1,0,0,0,0,0,0,0,0,0,1,0,0,0,0,10.9505672455,2,10.5966348648,9.21034049988,-7.79534292221,-1.26795446873,12.116147995,2
2657,2,237,22,0,11.25,1,,0,0,0,0,0,6,13016.1347656,10.1670923233,2700,0,13.3804044724,0,9.47270488739,-2.22296857834,-1.25082182884,1,1,66,0,2,1,0,1,0,1,0,1,0,0,0,0,1,0,1,0,1,10.9505672455,2,10.5966348648,9.21034049988,-7.79534292221,-1.26795446873,12.116147995,6
2658,1,237,22,1,1,1,0,0,0,0,0,0,4,40031.6835938,11.2905740738,500,7500,12.9180412292,10.0432491302,7.78322410583,1.32007694244,-1.32368826866,6,0,36,0,3,1,1,0,0,0,0,0,0,0,0,0,1,0,0,0,1,11.2905740738,4,7.78322410583,10.0432491302,1.32007694244,-1.32368826866,12.9180412292,4
2658,2,237,22,1,1,1,,0,0,0,0,0,5,5403.08642578,9.28787326813,550,0,13.2256412506,8.69951438904,10.896739006,1.25031232834,2.90144395828,6,0,36,0,3,0,1,0,0,1,0,0,0,0,0,0,1,0,1,0,1,11.2905740738,4,7.78322410583,10.0432491302,1.32007694244,-1.32368826866,12.9180412292,5
2659,1,237,22,1,1,1,0,0,0,0,0,0,2,37162.0195312,11.2161893845,2000,6000,8.85366535187,0,10.5966348648,-1.80575442314,0.85428583622,6,1,36,0,1,1,0,0,0,0,0,0,0,0,0,1,0,0,0,0,0,11.2161893845,2,10.5966348648,0,-1.80575442314,0.85428583622,8.85366535187,2
2659,2,237,22,1,1,1,,0,0,0,0,0,3,4695.67285156,9.14754390717,1000,0,8.93590354919,9.21034049988,0,0.667592823505,2.90144395828,6,1,36,0,1,1,0,0,1,0,0,0,0,0,0,0,0,0,0,0,1,11.2161893845,2,10.5966348648,0,-1.80575442314,0.85428583622,8.85366535187,3
2660,1,237,22,1,1,1,0,0,0,0,0,0,2,2823.03857422,8.63871669769,500,0,8.55641365051,0,0,-4.16081428528,-1.25082182884,3,0,30,0,3,0,0,0,0,0,0,0,0,0,0,0,1,0,0,0,1,8.63871669769,2,0,0,-4.16081428528,-1.25082182884,8.55641365051,2
2660,2,237,22,1,1,1,,0,0,0,0,0,3,7528.54785156,9.61960506439,1700,0,8.9871969223,0,0,2.20805454254,-3.37084650993,3,0,30,0,3,1,1,1,1,0,0,0,0,0,0,0,0,0,0,0,0,8.63871669769,2,0,0,-4.16081428528,-1.25082182884,8.55641365051,3
2661,1,238,17,0,17.5,1,0,1,0,0,0,0,2,16605.3457031,10.4106273651,1200,2000,10.6873893738,10.5966348648,7.60090255737,-4.88805770874,2.90144395828,5,0,55,0,2,0,1,0,0,0,0,0,0,0,0,0,1,0,0,0,0,10.4106273651,2,7.60090255737,10.5966348648,-4.88805770874,2.90144395828,10.6873893738,2
2661,2,238,17,0,17.5,1,,1,0,0,0,0,6,50055.0507812,11.5140256882,1640,0,11.8995475769,10.9886770248,0,0.880175054073,2.90144395828,5,0,55,0,2,1,1,0,1,1,0,0,0,0,0,0,1,0,1,0,1,10.4106273651,2,7.60090255737,10.5966348648,-4.88805770874,2.90144395828,10.6873893738,6
2662,1,238,17,1,1,1,0,1,0,0,0,0,1,12440.9326172,10.1218948364,1000,1400,14.5141925812,9.90348720551,11.7905569077,1.79688811302,0.85428583622,4,0,32,0,2,0,0,1,0,0,0,0,0,0,0,0,0,0,0,0,0,10.1218948364,1,11.7905569077,9.90348720551,1.79688811302,0.85428583622,14.5141925812,1
2662,2,238,17,1,1,1,,1,0,0,0,0,6,8663.85546875,9.76006221771,1550,0,11.2345333099,10.8376178741,11.9916410446,3.3716378212,-1.25082182884,4,0,32,0,2,1,0,0,1,1,0,0,0,0,0,1,1,0,1,0,1,10.1218948364,1,11.7905569077,9.90348720551,1.79688811302,0.85428583622,14.5141925812,6
2663,1,238,17,1,1,1,0,1,0,0,0,0,1,2239.34619141,8.40708637238,500,0,9.03598690033,0,8.51719284058,-6.10028409958,-1.96752977371,3,0,22,0,2,0,1,0,0,0,0,0,0,0,0,0,0,0,0,0,0,8.40708637238,1,8.51719284058,0,-6.10028409958,-1.96752977371,9.03598690033,1
2663,2,238,17,1,1,1,,1,0,0,0,0,4,5178.82714844,9.24548149109,1000,0,8.38935947418,9.84161186218,9.21034049988,-0.087795868516,0.85428583622,3,0,22,0,2,0,1,0,1,0,0,0,0,0,0,0,1,0,0,0,1,8.40708637238,1,8.51719284058,0,-6.10028409958,-1.96752977371,9.03598690033,4
2664,1,238,17,1,1,1,0,1,0,0,0,0,3,5563.05761719,9.31704998016,0,0,13.1386299133,8.47637081146,8.69951438904,-1.21707117558,2.90144395828,7,0,61,0,2,1,1,0,0,0,0,0,0,0,0,0,1,0,0,0,0,9.31704998016,3,8.69951438904,8.47637081146,-1.21707117558,2.90144395828,13.1386299133,3
2664,2,238,17,1,1,1,,1,0,0,0,0,2,21202.7695312,10.6550340652,1100,3000,13.6674747467,0,10.8197784424,7.31299877167,0.85428583622,7,0,61,0,2,0,0,1,1,1,0,0,0,0,0,0,1,0,0,0,0,9.31704998016,3,8.69951438904,8.47637081146,-1.21707117558,2.90144395828,13.1386299133,2
2665,1,238,17,1,1,1,0,1,0,0,0,0,2,12699.6923828,10.1424798965,600,2000,10.8056793213,0,11.2897815704,-7.10856389999,2.90144395828,4,0,22,0,2,0,0,1,0,0,0,0,0,0,0,0,1,0,0,0,0,10.1424798965,2,11.2897815704,0,-7.10856389999,2.90144395828,10.8056793213,2
2665,2,238,17,1,1,1,,1,0,0,0,0,6,14126.7792969,10.2489748001,100,2400,8.85366535187,6.90775632858,0,4.41703081131,0.79633641243,4,0,22,0,2,1,1,0,1,1,0,0,0,0,0,0,1,0,1,0,1,10.1424798965,2,11.2897815704,0,-7.10856389999,2.90144395828,10.8056793213,6
2666,1,238,17,1,1,1,0,1,0,0,0,0,4,6901.05761719,9.53257751465,1000,500,9.93304634094,10.2399597168,0,-1.04711616039,2.90144395828,5,1,58,0,2,1,0,0,1,0,0,0,0,0,0,0,0,0,1,0,1,9.53257751465,4,0,10.2399597168,-1.04711616039,2.90144395828,9.93304634094,4
2666,2,238,17,1,1,1,,1,0,0,0,0,4,27016.2304688,10.8973398209,4700,700,9.88837432861,9.68657493591,10.5966348648,3.36775970459,0.781419277191,5,1,58,0,2,0,1,0,1,0,0,0,0,0,0,0,1,0,0,0,1,9.53257751465,4,0,10.2399597168,-1.04711616039,2.90144395828,9.93304634094,4
2667,1,238,17,0,17.5,1,0,1,0,0,0,0,4,9524.23046875,9.85474205017,2000,0,11.918390274,8.00636768341,6.68461322784,-1.7338950634,0.79633641243,2,1,74,0,1,0,1,0,1,0,0,0,0,0,0,0,1,0,0,0,1,9.85474205017,4,6.68461322784,8.00636768341,-1.7338950634,0.79633641243,11.918390274,4
2667,2,238,17,0,17.5,1,,1,0,0,0,0,3,55117.4140625,11.610367775,5500,2200,12.5845088959,11.097410202,11.1844215393,4.49157142639,2.90144395828,2,1,74,0,1,1,0,0,0,0,0,0,0,0,0,0,1,0,0,0,1,9.85474205017,4,6.68461322784,8.00636768341,-1.7338950634,0.79633641243,11.918390274,3
2668,1,238,17,1,1,1,0,1,0,0,0,0,6,36381.5664062,11.1949644089,5100,1500,16.5229740143,11.1447563171,10.6213274002,5.64548110962,0.0796284079552,3,0,27,0,3,1,1,0,0,0,0,1,0,0,0,0,1,0,0,1,1,11.1949644089,6,10.6213274002,11.1447563171,5.64548110962,0.0796284079552,16.5229740143,6
2668,2,238,17,1,1,1,,1,0,0,0,0,9,53048.0976562,11.572101593,7400,2000,11.9772882462,12.2462539673,9.90348720551,5.36832904816,2.90144395828,3,0,27,0,3,1,1,1,1,1,1,0,1,1,0,0,1,0,1,1,1,11.1949644089,6,10.6213274002,11.1447563171,5.64548110962,0.0796284079552,16.5229740143,9
2669,1,238,17,1,1,1,0,1,0,0,0,0,6,2870.75,8.65547561646,350,0,9.05951786041,8.94897556305,0,-2.01331520081,-1.26573896408,5,1,31,0,1,1,1,0,1,0,0,0,0,0,0,0,1,0,1,0,1,8.65547561646,6,0,8.94897556305,-2.01331520081,-1.26573896408,9.05951786041,6
2669,2,238,17,1,1,1,,1,0,0,0,0,4,18862.75,10.5380916595,3950,0,11.3850917816,8.69951438904,0,2.14705896378,-6.20979499817,5,1,31,0,1,1,1,0,0,0,1,0,0,0,0,0,0,1,0,0,0,8.65547561646,6,0,8.94897556305,-2.01331520081,-1.26573896408,9.05951786041,4
2670,1,238,17,1,1,1,0,1,0,0,0,0,6,2102.69238281,8.34412097931,0,0,12.2709236145,0,0,-7.67046976089,2.90144395828,4,0,26,0,3,1,1,0,1,0,0,1,0,0,0,0,1,0,0,0,1,8.34412097931,6,0,0,-7.67046976089,2.90144395828,12.2709236145,6
2670,2,238,17,1,1,1,,1,0,0,0,0,5,11111.5576172,10.0088882446,100,1800,10.613492012,0,11.1562509537,0.717976570129,-1.25082182884,4,0,26,0,3,1,0,0,1,1,0,0,0,0,0,0,1,0,1,0,1,8.34412097931,6,0,0,-7.67046976089,2.90144395828,12.2709236145,5
2671,1,238,17,0,17.5,1,0,1,0,0,0,0,4,17174.6152344,10.4443349838,1500,1000,12.9253749847,9.54681301117,9.54681301117,-0.49288892746,0.85428583622,5,0,37,0,3,1,1,0,0,0,0,0,0,0,0,0,1,0,0,0,1,10.4443349838,4,9.54681301117,9.54681301117,-0.49288892746,0.85428583622,12.9253749847,4
2671,2,238,17,0,17.5,1,,1,0,0,0,0,4,34072.4023438,11.1293897629,4000,3000,12.4435138702,8.3428401947,12.7656888962,2.95428228378,2.90144395828,5,0,37,0,3,1,1,0,0,0,0,0,0,0,0,0,1,0,0,0,1,10.4443349838,4,9.54681301117,9.54681301117,-0.49288892746,0.85428583622,12.9253749847,4
2672,1,238,17,0,17.5,1,0,1,0,0,0,0,2,4172.5,9.02941799164,500,0,9.61580562592,7.60090255737,0,-9.65772247314,2.90144395828,6,0,55,0,3,0,1,0,1,0,0,0,0,0,0,0,0,0,0,0,0,9.02941799164,2,0,7.60090255737,-9.65772247314,2.90144395828,9.61580562592,2
2672,2,238,17,0,17.5,1,,1,0,0,0,0,4,19067.875,10.54890728,3100,0,12.1367225647,11.600935936,11.8493976593,0.77350127697,0.85428583622,6,0,55,0,3,1,0,0,1,0,0,0,0,0,0,0,1,0,0,0,1,9.02941799164,2,0,7.60090255737,-9.65772247314,2.90144395828,9.61580562592,4
2673,1,239,21,0,11.75,1,0,0,1,0,0,0,2,5592.57714844,9.32234287262,600,0,10.360912323,0,11.4075651169,-5.87453508377,-2.02547931671,2,0,65,0,2,1,1,0,0,0,0,0,0,0,0,0,0,0,0,0,0,9.32234287262,2,11.4075651169,0,-5.87453508377,-2.02547931671,10.360912323,2
2673,2,239,21,0,11.75,1,,0,1,0,0,0,2,17396.7109375,10.4571838379,3700,0,12.2718601227,9.5749835968,11.5711946487,2.62387037277,2.90144395828,2,0,65,0,2,1,1,0,0,0,0,0,0,0,0,0,0,0,0,0,0,9.32234287262,2,11.4075651169,0,-5.87453508377,-2.02547931671,10.360912323,2
2674,1,239,21,1,1.25,1,0,0,1,0,0,0,6,19265.0390625,10.5591945648,4100,0,9.19013786316,8.294049263,8.9871969223,-1.6236666441,-2.04039621353,3,0,27,0,1,1,1,0,1,0,0,0,0,0,0,0,1,0,1,0,1,10.5591945648,6,8.9871969223,8.294049263,-1.6236666441,-2.04039621353,9.19013786316,6
2674,2,239,21,1,1.25,1,,0,1,0,0,0,3,5681.11523438,9.33804988861,1200,0,9.24956130981,10.1961574554,0,-2.8974852562,2.90144395828,3,0,27,0,1,0,1,0,1,0,0,0,0,0,0,0,0,0,0,0,1,10.5591945648,6,8.9871969223,8.294049263,-1.6236666441,-2.04039621353,9.19013786316,3
2675,1,239,21,1,1.25,1,0,0,1,0,0,0,2,8352.75195312,9.72349357605,1790,0,8.63052177429,8.47637081146,9.21034049988,6.77974271774,2.90144395828,10,1,56,0,1,1,1,0,0,0,0,0,0,0,0,0,0,0,0,0,0,9.72349357605,2,9.21034049988,8.47637081146,6.77974271774,2.90144395828,8.63052177429,2
2675,2,239,21,1,1.25,1,,0,1,0,0,0,5,10224.5,9.92568969727,1850,0,8.97461795807,8.96187877655,9.21034049988,2.00799942017,2.90144395828,10,1,56,0,1,1,1,0,0,0,0,0,0,0,0,0,1,1,0,0,1,9.72349357605,2,9.21034049988,8.47637081146,6.77974271774,2.90144395828,8.63052177429,5
2676,1,239,21,1,1.25,0,1,0,1,0,0,0,1,317.25,6.45283985138,50,0,9.56099700928,0,9.90348720551,3.44296193123,0.85428583622,7,0,34,0,2,1,0,0,0,0,0,0,0,0,0,0,0,0,0,0,0,6.45283985138,1,9.90348720551,0,3.44296193123,0.85428583622,9.56099700928,1
2677,1,239,21,1,1.25,1,0,0,1,0,0,0,5,19695.9042969,10.5813131332,500,3000,12.7501392365,10.165851593,9.21034049988,-0.432196557522,-1.25082182884,5,0,32,0,2,1,1,0,0,0,0,0,0,0,1,0,1,0,0,0,1,10.5813131332,5,9.21034049988,10.165851593,-0.432196557522,-1.25082182884,12.7501392365,5
2677,2,239,21,1,1.25,1,,0,1,0,0,0,6,12506.1074219,10.127120018,2490,0,12.3282899857,9.16951847076,11.512925148,6.54222726822,-3.37084650993,5,0,32,0,2,1,1,0,1,0,0,0,0,0,0,0,1,0,1,0,1,10.5813131332,5,9.21034049988,10.165851593,-0.432196557522,-1.25082182884,12.7501392365,6
2678,1,239,21,1,1.25,1,0,0,1,0,0,0,1,7283,9.58644485474,1400,0,7.78322410583,9.69276618958,8.294049263,3.20566534996,0.85428583622,4,0,29,0,1,0,1,0,0,0,0,0,0,0,0,0,0,0,0,0,0,9.58644485474,1,8.294049263,9.69276618958,3.20566534996,0.85428583622,7.78322410583,1
2678,2,239,21,1,1.25,1,,0,1,0,0,0,1,4345,9.06992816925,1000,0,8.47637081146,8.76405334473,8.69951438904,-0.883550584316,-3.38797926903,4,0,29,0,1,0,1,0,0,0,0,0,0,0,0,0,0,0,0,0,0,9.58644485474,1,8.294049263,9.69276618958,3.20566534996,0.85428583622,7.78322410583,1
2679,1,239,21,1,1.25,1,0,0,1,0,0,0,1,11085.9521484,10.0065813065,1850,0,8.24275684357,9.72913455963,9.54681301117,2.19759774208,-1.32368826866,5,0,30,0,3,0,0,1,0,0,0,0,0,0,0,0,0,0,0,0,0,10.0065813065,1,9.54681301117,9.72913455963,2.19759774208,-1.32368826866,8.24275684357,1
2679,2,239,21,1,1.25,1,,0,1,0,0,0,1,15666.2597656,10.3524122238,3200,0,10.9750709534,9.86266517639,9.68034362793,-3.4860458374,0.85428583622,5,0,30,0,3,0,1,0,0,0,0,0,0,0,0,0,0,0,0,0,0,10.0065813065,1,9.54681301117,9.72913455963,2.19759774208,-1.32368826866,8.24275684357,1
2680,1,239,21,1,1.25,1,0,0,1,0,0,0,3,3457,8.84130382538,600,0,8.55641365051,9.61580562592,9.54681301117,3.38139533997,2.90144395828,4,0,21,0,1,1,1,0,0,0,0,1,0,0,0,0,0,0,0,0,0,8.84130382538,3,9.54681301117,9.61580562592,3.38139533997,2.90144395828,8.55641365051,3
2680,2,239,21,1,1.25,1,,0,1,0,0,0,2,9658.73046875,9.86876487732,2000,0,12.8473997116,0,9.8521938324,-1.64363324642,0.781419277191,4,0,21,0,1,1,1,0,0,0,0,0,0,0,0,0,0,0,0,0,0,8.84130382538,3,9.54681301117,9.61580562592,3.38139533997,2.90144395828,8.55641365051,2
2681,1,239,21,1,1.25,1,0,0,1,0,0,0,2,61783.2421875,11.7245349884,7400,5250,11.7150497437,10.2035923004,9.54681301117,6.34983110428,0.781419277191,5,0,32,0,2,0,0,1,0,0,0,0,0,0,0,0,1,0,0,0,0,11.7245349884,2,9.54681301117,10.2035923004,6.34983110428,0.781419277191,11.7150497437,2
2681,2,239,21,1,1.25,1,,0,1,0,0,0,6,18562.2109375,10.5220298767,3500,0,10.4801006317,10.9612779617,11.2644643784,4.22850561142,2.90144395828,5,0,32,0,2,0,1,0,1,1,0,0,0,0,0,0,1,0,1,1,1,11.7245349884,2,9.54681301117,10.2035923004,6.34983110428,0.781419277191,11.7150497437,6
2682,1,239,21,0,11.75,1,0,0,1,0,0,0,3,13408.8554688,10.1968173981,2000,0,8.74830532074,10.8512773514,0,3.10068154335,2.90144395828,6,0,57,0,3,1,1,0,0,0,0,0,0,0,0,0,0,0,0,0,1,10.1968173981,3,0,10.8512773514,3.10068154335,2.90144395828,8.74830532074,3
2682,2,239,21,0,11.75,1,,0,1,0,0,0,1,13785,10.22448349,2400,0,9.24956130981,8.47637081146,10.5966348648,-6.54001760483,0.85428583622,6,0,57,0,3,0,1,0,0,0,0,0,0,0,0,0,0,0,0,0,0,10.1968173981,3,0,10.8512773514,3.10068154335,2.90144395828,8.74830532074,1
2683,1,239,21,0,11.75,1,0,0,1,0,0,0,1,20173.0917969,10.6052522659,400,3920,10.7099637985,0,9.90348720551,5.27265119553,-2.02547931671,6,0,68,0,3,0,1,0,0,0,0,0,0,0,0,0,0,0,0,0,0,10.6052522659,1,9.90348720551,0,5.27265119553,-2.02547931671,10.7099637985,1
2683,2,239,21,0,11.75,1,,0,1,0,0,0,5,361630.96875,13.4915266037,600,80000,11.2463521957,7.09007740021,10.3734912872,4.08218383789,0.781419277191,6,0,68,0,3,0,1,0,1,0,1,0,0,0,0,0,0,0,1,0,1,10.6052522659,1,9.90348720551,0,5.27265119553,-2.02547931671,10.7099637985,5
2684,1,239,21,0,11.75,1,0,0,1,0,0,0,5,144035.015625,12.5709590912,19500,11700,14.2174358368,9.16951847076,10.8197784424,4.1871676445,0.79633641243,9,0,46,0,3,1,0,1,0,0,0,0,0,0,0,0,1,1,0,0,1,12.5709590912,5,10.8197784424,9.16951847076,4.1871676445,0.79633641243,14.2174358368,5
2684,2,239,21,0,11.75,1,,0,1,0,0,0,4,2354.1730957,8.45709228516,0,300,13.2873620987,9.42545223236,11.0020999908,3.7000477314,2.90144395828,9,0,46,0,3,1,0,0,0,0,0,0,0,0,0,0,1,0,0,1,1,12.5709590912,5,10.8197784424,9.16951847076,4.1871676445,0.79633641243,14.2174358368,4
2685,1,240,18,0,32.5,1,0,0,0,0,0,0,5,42158.2304688,11.34233284,5600,2850,12.8805465698,9.21034049988,0,2.35336756706,-1.26573896408,5,0,32,0,2,1,1,0,0,0,0,0,0,0,1,0,1,0,0,0,1,11.34233284,5,0,9.21034049988,2.35336756706,-1.26573896408,12.8805465698,5
2685,2,240,18,0,32.5,1,,0,0,0,0,0,4,32749.9042969,11.089802742,1200,5600,12.1095619202,8.294049263,0,8.64388179779,0.79633641243,5,0,32,0,2,1,1,0,1,0,0,0,0,0,0,0,0,0,0,0,1,11.34233284,5,0,9.21034049988,2.35336756706,-1.26573896408,12.8805465698,4
2686,1,240,18,0,32.5,1,0,0,0,0,0,0,,51987.0390625,11.551897049,800,10600,13.8046522141,10.5966348648,8.9871969223,-2.54882144928,0.781419277191,7,0,69,0,2,1,1,0,0,1,0,0,1,0,0,0,1,0,0,0,888,11.551897049,5,8.9871969223,10.5966348648,-2.54882144928,0.781419277191,13.8046522141,5
2686,2,240,18,0,32.5,1,,0,0,0,0,0,6,51520.0585938,11.5428733826,5550,5550,11.089805603,0,9.39266204834,7.98467111588,2.90144395828,7,0,69,0,2,1,1,0,1,1,0,0,0,0,0,0,1,0,1,0,1,11.551897049,5,8.9871969223,10.5966348648,-2.54882144928,0.781419277191,13.8046522141,6
2687,1,240,18,0,32.5,1,0,0,0,0,0,0,3,5596.34619141,9.32301616669,0,1000,12.6977157593,0,0,-0.729577064514,-4.1455039978,2,1,38,0,1,1,0,0,1,0,0,0,0,0,0,0,0,0,0,0,1,9.32301616669,3,0,0,-0.729577064514,-4.1455039978,12.6977157593,3
2687,2,240,18,0,32.5,1,,0,0,0,0,0,1,0,7.46049070358,0,0,12.0015058517,0,0,2.91170525551,0.79633641243,2,1,38,0,1,0,0,0,0,0,1,1,0,0,0,0,0,0,0,0,0,9.32301616669,3,0,0,-0.729577064514,-4.1455039978,12.6977157593,1
2688,1,240,18,1,1.57142865658,0,1,0,0,0,0,0,5,11931.5,10.0800848007,2550,0,14.9233140945,0,9.21034049988,-4.88805770874,0.79633641243,4,0,0,0,1,1,1,0,1,0,0,0,0,0,0,0,1,0,0,0,1,10.0800848007,5,9.21034049988,0,-4.88805770874,0.79633641243,14.9233140945,5
2689,1,240,18,0,32.5,0,1,0,0,0,0,0,2,41567.828125,11.3282289505,7100,0,10.085808754,10.5453414917,11.3736629486,1.35521900654,0.85428583622,9,0,63,0,1,1,1,0,0,0,0,0,0,0,0,0,0,0,0,0,0,11.3282289505,2,11.3736629486,10.5453414917,1.35521900654,0.85428583622,10.085808754,2
2690,1,240,18,1,1.57142865658,1,0,0,0,0,0,0,5,9750.91308594,9.87826347351,2000,0,10.2182979584,9.71715831757,7.60090255737,0.375796020031,2.90144395828,3,0,21,0,1,1,1,0,0,1,0,0,0,0,0,0,1,0,0,0,1,9.87826347351,5,7.60090255737,9.71715831757,0.375796020031,2.90144395828,10.2182979584,5
2690,2,240,18,1,1.57142865658,1,,0,0,0,0,0,4,32752.1914062,11.0898723602,2400,4900,9.71715831757,0,9.90348720551,7.98467111588,-1.96752977371,3,0,21,0,1,0,1,0,1,0,0,0,0,0,0,0,1,0,0,0,1,9.87826347351,5,7.60090255737,9.71715831757,0.375796020031,2.90144395828,10.2182979584,4
2691,1,240,18,1,1.57142865658,1,0,0,0,0,0,0,1,61049.546875,11.7125883102,1850,3000,10.8551454544,0,12.2060728073,-3.66811990738,-2.04039621353,6,0,0,0,3,1,0,0,0,0,0,0,0,0,0,0,0,0,0,0,0,11.7125883102,1,12.2060728073,0,-3.66811990738,-2.04039621353,10.8551454544,1
2691,2,240,18,1,1.57142865658,1,,0,0,0,0,0,3,63184.171875,11.7469558716,3800,10000,9.8521938324,10.360912323,10.5966348648,1.93709146976,-3.37084650993,6,0,0,0,3,1,0,0,0,0,0,0,0,0,0,0,1,0,0,0,1,11.7125883102,1,12.2060728073,0,-3.66811990738,-2.04039621353,10.8551454544,3
2692,1,240,18,1,1.57142865658,1,0,0,0,0,0,0,4,30104.2207031,11.0055675507,3100,3300,10.5916223526,0,11.2897815704,2.91170525551,-1.32368826866,6,0,39,0,3,0,0,1,0,0,0,0,0,0,0,0,1,0,1,0,1,11.0055675507,4,11.2897815704,0,2.91170525551,-1.32368826866,10.5916223526,4
2692,2,240,18,1,1.57142865658,1,,0,0,0,0,0,3,67795.484375,11.8173980713,9900,3500,11.5248537064,11.2384881973,10.5966348648,4.40447473526,0.781419277191,6,0,39,0,3,1,0,0,0,0,0,0,0,0,0,0,1,0,0,0,1,11.0055675507,4,11.2897815704,0,2.91170525551,-1.32368826866,10.5916223526,3
2693,1,240,18,1,1.57142865658,0,1,0,0,0,0,0,5,24046.5585938,10.7808942795,1000,4000,11.7018585205,8.294049263,0,-2.47621226311,-1.26573896408,8,0,38,0,3,1,1,0,1,0,0,0,0,0,0,0,1,0,0,0,1,10.7808942795,5,0,8.294049263,-2.47621226311,-1.26573896408,11.7018585205,5
2694,1,240,18,1,1.57142865658,1,0,0,0,0,0,0,1,12257.6445312,10.1070518494,1500,750,12.2140407562,9.39266204834,9.90348720551,11.4795541763,0.781419277191,6,0,35,0,3,1,0,0,0,0,0,0,0,0,0,0,0,0,0,0,0,10.1070518494,1,9.90348720551,9.39266204834,11.4795541763,0.781419277191,12.2140407562,1
2694,2,240,18,1,1.57142865658,1,,0,0,0,0,0,6,233317.609375,13.0533027649,6650,45000,9.53242397308,9.10497951508,7.60090255737,5.48716020584,0.79633641243,6,0,35,0,3,1,1,0,0,1,1,0,0,0,0,0,1,0,0,0,1,10.1070518494,1,9.90348720551,9.39266204834,11.4795541763,0.781419277191,12.2140407562,6
2695,1,240,18,1,1.57142865658,1,0,0,0,0,0,0,3,18825.0097656,10.5360889435,3200,0,9.34136867523,0,9.90348720551,-4.26587581635,0.781419277191,3,0,27,0,3,1,1,0,0,0,0,0,0,0,0,0,0,0,0,0,1,10.5360889435,3,9.90348720551,0,-4.26587581635,0.781419277191,9.34136867523,3
2695,2,240,18,1,1.57142865658,1,,0,0,0,0,0,5,32650.9804688,11.0867776871,3900,3200,10.7579030991,9.21034049988,10.165851593,5.59207344055,0.79633641243,3,0,27,0,3,1,1,1,1,0,0,1,0,0,0,0,1,0,0,0,0,10.5360889435,3,9.90348720551,0,-4.26587581635,0.781419277191,9.34136867523,5
2696,1,241,17,1,1.74999988079,1,0,0,0,1,0,0,4,5928.82714844,9.38072872162,1000,0,9.6715555191,9.79812717438,11.0020999908,-0.798102855682,-4.1455039978,4,0,28,0,2,0,1,0,0,1,0,0,0,0,0,0,0,0,1,0,1,9.38072872162,4,11.0020999908,9.79812717438,-0.798102855682,-4.1455039978,9.6715555191,4
2696,2,241,17,1,1.74999988079,1,,0,0,1,0,0,8,16090.25,10.3791160583,2950,0,12.1766433716,6.90775632858,10.165851593,3.20466327667,0.0796284079552,4,0,28,0,2,1,1,0,1,1,0,0,0,0,0,1,1,1,1,0,1,9.38072872162,4,11.0020999908,9.79812717438,-0.798102855682,-4.1455039978,9.6715555191,8
2697,1,241,17,1,1.74999988079,1,0,0,0,1,0,0,7,20835.5195312,10.6375617981,2500,1500,14.9356555939,11.6952466965,13.0872745514,2.55700111389,2.90144395828,5,0,0,0,2,1,1,1,1,1,0,0,0,0,0,0,1,1,1,0,1,10.6375617981,7,13.0872745514,11.6952466965,2.55700111389,2.90144395828,14.9356555939,7
2697,2,241,17,1,1.74999988079,1,,0,0,1,0,0,8,165665.8125,12.7108755112,23300,2000,12.7248668671,0,11.0020999908,1.77312111855,2.90144395828,5,0,0,0,2,1,1,1,0,1,0,0,0,0,0,0,1,1,1,1,1,10.6375617981,7,13.0872745514,11.6952466965,2.55700111389,2.90144395828,14.9356555939,8
2698,1,241,17,1,1.74999988079,1,0,0,0,1,0,0,4,4942.30761719,9.19873523712,0,0,10.3155975342,9.90348720551,9.21034049988,-1.59013497829,0.85428583622,9,0,34,0,2,1,0,0,1,0,0,0,0,0,0,0,1,0,1,0,0,9.19873523712,4,9.21034049988,9.90348720551,-1.59013497829,0.85428583622,10.3155975342,4
2698,2,241,17,1,1.74999988079,1,,0,0,1,0,0,7,43949.4609375,11.3839426041,2300,0,10.4716386795,10.847782135,9.90348720551,3.62913966179,0.85428583622,9,0,34,0,2,1,1,0,1,1,0,0,0,0,0,0,1,1,1,0,1,9.19873523712,4,9.21034049988,9.90348720551,-1.59013497829,0.85428583622,10.3155975342,7
2699,1,241,17,1,1.74999988079,1,0,0,0,1,0,0,7,30879.1542969,11.0309839249,0,6300,11.08644104,0,10.9331073761,-0.62801361084,-1.32368826866,6,0,66,0,3,0,1,0,0,1,0,1,0,0,0,1,1,0,1,0,1,11.0309839249,7,10.9331073761,0,-0.62801361084,-1.32368826866,11.08644104,7
2699,2,241,17,1,1.74999988079,1,,0,0,1,0,0,6,29871.4707031,10.9978065491,6400,0,11.8486833572,10.085808754,10.0432491302,-1.64442312717,2.90144395828,6,0,66,0,3,1,1,0,1,1,0,0,0,0,0,1,1,0,0,0,1,11.0309839249,7,10.9331073761,0,-0.62801361084,-1.32368826866,11.08644104,6
2700,1,241,17,1,1.74999988079,1,0,0,0,1,0,0,2,3675.05761719,8.90247154236,200,0,8.33327007294,7.78322410583,8.00636768341,9.01549720764,0.85428583622,4,0,0,0,2,0,1,0,1,0,0,0,0,0,0,0,0,0,0,0,0,8.90247154236,2,8.00636768341,7.78322410583,9.01549720764,0.85428583622,8.33327007294,2
2700,2,241,17,1,1.74999988079,1,,0,0,1,0,0,5,6961.86914062,9.54135036469,880,0,8.99961948395,8.18868923187,11.6952466965,3.07691454887,-1.25082182884,4,0,0,0,2,0,1,0,1,1,0,0,0,0,0,0,1,0,1,0,1,8.90247154236,2,8.00636768341,7.78322410583,9.01549720764,0.85428583622,8.33327007294,5
2701,1,241,17,1,1.74999988079,1,0,0,0,1,0,0,3,18481.0761719,10.5176496506,2250,1500,12.0598897934,0,11.4075651169,0.745862662792,0.85428583622,5,0,32,0,3,0,0,1,1,0,0,0,0,0,0,0,1,0,0,0,1,10.5176496506,3,11.4075651169,0,0.745862662792,0.85428583622,12.0598897934,3
2701,2,241,17,1,1.74999988079,1,,0,0,1,0,0,1,9340.94238281,9.8353099823,2000,0,11.150519371,0,10.7363967896,3.07691454887,0.79633641243,5,0,32,0,3,0,1,0,0,0,0,0,0,0,0,0,0,0,0,0,0,10.5176496506,3,11.4075651169,0,0.745862662792,0.85428583622,12.0598897934,1
2702,1,241,17,0,18.5,1,0,0,0,1,0,0,1,5044.19238281,9.2191400528,700,0,9.51782512665,0,11.512925148,6.21884536743,0.85428583622,4,0,29,0,3,0,1,0,0,0,0,0,0,0,0,0,0,0,0,0,0,9.2191400528,1,11.512925148,0,6.21884536743,0.85428583622,9.51782512665,1
2702,2,241,17,0,18.5,1,,0,0,1,0,0,3,27172.4238281,10.9031047821,400,5000,9.72913455963,0,12.8992195129,2.40390586853,-1.25082182884,4,0,29,0,3,1,0,0,0,0,0,0,0,0,0,0,1,0,0,0,1,9.2191400528,1,11.512925148,0,6.21884536743,0.85428583622,9.51782512665,3
2703,1,241,17,0,18.5,1,0,0,0,1,0,0,8,6798.09619141,9.5175447464,700,0,10.8589992523,0,10.0432491302,0.579961061478,-6.19266223907,4,1,26,0,3,1,1,0,1,1,1,0,0,0,0,1,1,0,1,0,1,9.5175447464,8,10.0432491302,0,0.579961061478,-6.19266223907,10.8589992523,8
2703,2,241,17,0,18.5,1,,0,0,1,0,0,1,2203.5,8.39094924927,300,0,11.4403543472,0,0,7.54650259018,-3.37084650993,4,1,26,0,3,0,1,0,0,0,0,0,0,0,0,0,0,0,0,0,0,9.5175447464,8,10.0432491302,0,0.579961061478,-6.19266223907,10.8589992523,1
2704,1,241,17,0,18.5,1,0,0,0,1,0,0,2,7201.59619141,9.57520484924,300,1050,9.14846515656,0,10.8197784424,-4.16985988617,-4.07263755798,3,0,24,0,3,0,1,0,0,0,0,0,0,0,0,0,0,0,0,0,1,9.57520484924,2,10.8197784424,0,-4.16985988617,-4.07263755798,9.14846515656,2
2704,2,241,17,0,18.5,1,,0,0,1,0,0,1,3375.19238281,8.81735515594,400,0,8.90923500061,0,10.49127388,1.90952348709,-1.96752977371,3,0,24,0,3,0,1,0,0,0,0,0,0,0,0,0,0,0,0,0,0,9.57520484924,2,10.8197784424,0,-4.16985988617,-4.07263755798,9.14846515656,1
2705,1,241,17,1,1.74999988079,1,0,0,0,1,0,0,8,26083.6152344,10.8622102737,4000,1200,12.4403543472,0,10.49127388,2.68541622162,-1.32368826866,6,0,36,0,3,1,1,0,1,0,1,0,0,0,0,1,1,0,1,0,1,10.8622102737,8,10.49127388,0,2.68541622162,-1.32368826866,12.4403543472,8
2705,2,241,17,1,1.74999988079,1,,0,0,1,0,0,5,23109.0957031,10.7411289215,4700,0,11.6750440598,10.3089523315,0,5.89779472351,-1.32368826866,6,0,36,0,3,0,1,1,1,0,0,0,0,0,0,0,1,1,0,0,1,10.8622102737,8,10.49127388,0,2.68541622162,-1.32368826866,12.4403543472,5
2706,1,241,17,0,18.5,1,0,0,0,1,0,0,2,1604.03845215,8.07342720032,0,0,10.4857034683,8.55641365051,11.1562509537,-7.02921915054,2.90144395828,6,0,54,0,3,1,0,0,1,0,0,0,0,0,0,0,0,0,0,0,0,8.07342720032,2,11.1562509537,8.55641365051,-7.02921915054,2.90144395828,10.4857034683,2
2706,2,241,17,0,18.5,1,,0,0,1,0,0,3,4126.40380859,9.01830863953,500,0,9.76422595978,0,8.69951438904,-0.110006213188,-1.32368826866,6,0,54,0,3,0,1,0,0,0,0,0,0,0,0,0,1,0,0,0,1,8.07342720032,2,11.1562509537,8.55641365051,-7.02921915054,2.90144395828,10.4857034683,3
2707,1,241,17,1,1.74999988079,1,0,0,0,1,0,0,4,2119.40380859,8.35203742981,50,0,11.6333713531,0,0,-3.90633678436,0.781419277191,9,0,91,0,1,1,1,0,1,0,0,0,0,0,0,0,1,0,0,0,0,8.35203742981,4,0,0,-3.90633678436,0.781419277191,11.6333713531,4
2707,2,241,17,1,1.74999988079,1,,0,0,1,0,0,4,1536.11535645,8.03015899658,200,0,11.3621025085,0,7.49554204941,-2.04164648056,-4.0875544548,9,0,91,0,1,1,1,0,1,0,0,0,0,0,0,0,0,0,0,0,1,8.35203742981,4,0,0,-3.90633678436,0.781419277191,11.6333713531,4
2708,1,242,20,1,1.62499988079,1,0,0,0,0,0,0,6,42111.7773438,11.3412294388,900,4900,10.2611618042,0,9.54681301117,-5.8047709465,2.90144395828,4,0,26,0,2,1,1,0,0,0,0,0,0,0,0,0,1,1,1,0,1,11.3412294388,6,9.54681301117,0,-5.8047709465,2.90144395828,10.2611618042,6
2708,2,242,20,1,1.62499988079,1,,0,0,0,0,0,6,8337.30761719,9.7216424942,1750,0,10.1735143661,9.92329025269,10.49127388,1.70335662365,0.85428583622,4,0,26,0,2,1,1,0,1,1,0,0,0,0,0,0,1,0,1,0,1,11.3412294388,6,9.54681301117,0,-5.8047709465,2.90144395828,10.2611618042,6
2709,1,242,20,0,16.75,1,0,0,0,0,0,0,4,21456.1347656,10.6669130325,2200,2000,12.3664894104,9.34136867523,9.21034049988,2.94816327095,0.85428583622,5,0,31,0,2,0,1,0,0,0,0,0,0,0,0,0,1,0,1,0,1,10.6669130325,4,9.21034049988,9.34136867523,2.94816327095,0.85428583622,12.3664894104,4
2709,2,242,20,0,16.75,1,,0,0,0,0,0,7,26954.3652344,10.8950481415,3800,1200,12.5403995514,9.77565383911,8.294049263,2.51888656616,0.85428583622,5,0,31,0,2,1,1,0,0,1,1,0,0,0,0,0,1,0,1,0,1,10.6669130325,4,9.21034049988,9.34136867523,2.94816327095,0.85428583622,12.3664894104,7
2710,1,242,20,1,1.62499988079,1,0,0,0,0,0,0,2,4647.97119141,9.13733291626,0,400,12.9633674622,8.294049263,10.4341154099,2.62387037277,0.85428583622,4,0,25,0,2,1,1,0,0,0,0,0,0,0,0,0,0,0,0,0,0,9.13733291626,2,10.4341154099,8.294049263,2.62387037277,0.85428583622,12.9633674622,2
2710,2,242,20,1,1.62499988079,1,,0,0,0,0,0,6,22180.2597656,10.7001047134,4400,0,10.3951301575,8.51719284058,11.1562509537,-0.042798012495,-1.96752977371,4,0,25,0,2,1,1,0,1,1,0,0,0,0,0,0,1,0,0,1,1,9.13733291626,2,10.4341154099,8.294049263,2.62387037277,0.85428583622,12.9633674622,6
2711,1,242,20,1,1.62499988079,1,0,0,0,0,0,0,3,4773.84619141,9.16405487061,300,0,9.12695884705,10.5558128357,0,1.28059458733,2.90144395828,4,1,58,0,2,0,1,0,1,0,0,0,0,0,0,0,0,0,0,0,1,9.16405487061,3,0,10.5558128357,1.28059458733,2.90144395828,9.12695884705,3
2711,2,242,20,1,1.62499988079,1,,0,0,0,0,0,4,22651.6835938,10.7211370468,4500,0,9.97114658356,9.54681301117,11.0020999908,4.67163038254,2.90144395828,4,1,58,0,2,1,1,0,1,1,0,0,0,0,0,0,0,0,0,0,1,9.16405487061,3,0,10.5558128357,1.28059458733,2.90144395828,9.12695884705,4
2712,1,242,20,1,1.62499988079,1,0,0,0,0,0,0,8,23141.0488281,10.7425107956,3200,0,14.0856904984,10.4341154099,9.90348720551,2.10757660866,2.90144395828,9,0,42,0,2,1,1,0,1,0,1,0,0,0,0,0,1,0,1,1,1,10.7425107956,8,9.90348720551,10.4341154099,2.10757660866,2.90144395828,14.0856904984,8
2712,2,242,20,1,1.62499988079,1,,0,0,0,0,0,4,16425.8261719,10.3997573853,3000,0,10.1503477097,0,12.5425453186,7.35177993774,0.85428583622,9,0,42,0,2,1,1,0,1,0,0,0,0,0,0,0,0,0,0,0,1,10.7425107956,8,9.90348720551,10.4341154099,2.10757660866,2.90144395828,14.0856904984,4
2713,1,242,20,1,1.62499988079,1,0,0,0,0,0,0,5,30598.7011719,11.0218601227,2750,3000,10.4688014984,11.0666379929,7.78322410583,-1.22898566723,2.90144395828,4,0,28,0,2,1,1,0,0,0,0,0,0,0,0,0,1,1,0,0,1,11.0218601227,5,7.78322410583,11.0666379929,-1.22898566723,2.90144395828,10.4688014984,5
2713,2,242,20,1,1.62499988079,1,,0,0,0,0,0,6,24873.1054688,10.8146896362,2850,2000,11.9699707031,11.4721031189,0,3.87577772141,0.85428583622,4,0,28,0,2,1,1,1,0,1,0,0,0,0,0,0,1,0,0,1,1,11.0218601227,5,7.78322410583,11.0666379929,-1.22898566723,2.90144395828,10.4688014984,6
2714,1,242,20,0,16.75,1,0,0,0,0,0,0,4,53136.8242188,11.5737724304,3400,7560,13.119559288,9.03598690033,11.1844215393,4.71406602859,2.90144395828,5,0,33,0,3,1,0,1,1,1,0,0,0,0,0,0,1,0,0,0,1,11.5737724304,4,11.1844215393,9.03598690033,4.71406602859,2.90144395828,13.119559288,4
2714,2,242,20,0,16.75,1,,0,0,0,0,0,6,49254.296875,11.4978990555,0,10500,10.9886770248,10.8589992523,11.6952466965,-0.340629756451,0.85428583622,5,0,33,0,3,1,1,0,1,0,0,0,0,0,0,0,0,1,0,1,1,11.5737724304,4,11.1844215393,9.03598690033,4.71406602859,2.90144395828,13.119559288,6
2715,1,242,20,1,1.62499988079,1,0,0,0,0,0,0,6,59752.3828125,11.6911115646,5150,6250,13.3501358032,7.60090255737,0,4.3059220314,2.90144395828,7,0,41,0,3,1,1,0,1,0,0,0,0,0,0,0,1,0,1,0,1,11.6911115646,6,0,7.60090255737,4.3059220314,2.90144395828,13.3501358032,6
2715,2,242,20,1,1.62499988079,1,,0,0,0,0,0,6,30803.4140625,11.0285282135,1500,4400,13.774479866,10.5453414917,0,3.78746032715,0.85428583622,7,0,41,0,3,1,1,0,1,0,0,0,0,0,0,0,1,1,0,0,1,11.6911115646,6,0,7.60090255737,4.3059220314,2.90144395828,13.3501358032,6
2716,1,242,20,0,16.75,1,0,0,0,0,0,0,3,62219.140625,11.7315654755,2800,10110,13.9122743607,10.0519075394,0,3.37374353409,2.90144395828,4,0,53,0,3,0,0,1,1,1,0,0,0,0,0,0,1,0,0,0,1,11.7315654755,3,0,10.0519075394,3.37374353409,2.90144395828,13.9122743607,3
2716,2,242,20,0,16.75,1,,0,0,0,0,0,4,10306.9804688,9.93372344971,1700,0,11.3169107437,8.18868923187,0,1.52049922943,2.90144395828,4,0,53,0,3,0,1,0,1,0,0,0,0,0,0,0,1,0,0,0,1,11.7315654755,3,0,10.0519075394,3.37374353409,2.90144395828,13.9122743607,4
2717,1,242,20,1,1.62499988079,1,0,0,0,0,0,0,1,1369.13464355,7.91508150101,0,0,8.862200737,7.86326694489,0,0.77350127697,0.85428583622,3,0,22,0,3,0,1,0,0,0,0,0,0,0,0,0,0,0,0,0,0,7.91508150101,1,0,7.86326694489,0.77350127697,0.85428583622,8.862200737,1
2717,2,242,20,1,1.62499988079,1,,0,0,0,0,0,1,6241.22119141,9.43207836151,300,0,7.60090255737,0,11.1562509537,-4.79649066925,0.781419277191,3,0,22,0,3,0,1,0,0,0,0,0,0,0,0,0,0,0,0,0,0,7.91508150101,1,0,7.86326694489,0.77350127697,0.85428583622,8.862200737,1
2718,1,242,20,1,1.62499988079,1,0,0,0,0,0,0,5,1544.2019043,8.03540992737,0,0,10.6454248428,0,10.085808754,1.42079782486,0.85428583622,3,0,22,0,2,0,1,0,1,0,0,0,0,0,0,0,1,1,0,0,1,8.03540992737,5,10.085808754,0,1.42079782486,0.85428583622,10.6454248428,5
2718,2,242,20,1,1.62499988079,1,,0,0,0,0,0,4,15205.8945312,10.3225860596,600,2000,9.03598690033,0,10.691945076,1.17102074623,0.85428583622,3,0,22,0,2,1,1,0,0,0,0,0,0,0,0,0,1,0,0,0,1,8.03540992737,5,10.085808754,0,1.42079782486,0.85428583622,10.6454248428,4
2719,1,242,20,0,16.75,1,0,0,0,0,0,0,4,33116.8828125,11.1009454727,3900,2700,10.6689558029,10.2399597168,10.165851593,-0.0534809976816,-3.37084650993,2,1,56,0,3,0,1,0,0,1,0,0,0,0,0,0,1,0,0,0,1,11.1009454727,4,10.165851593,10.2399597168,-0.0534809976816,-3.37084650993,10.6689558029,4
2719,2,242,20,0,16.75,1,,0,0,0,0,0,4,12214.25,10.1035060883,2550,0,10.8197784424,10.49127388,9.99879741669,-0.163709402084,-6.13692855835,2,1,56,0,3,0,1,0,1,0,0,0,0,0,0,0,1,0,0,0,1,11.1009454727,4,10.165851593,10.2399597168,-0.0534809976816,-3.37084650993,10.6689558029,4
2720,1,243,19,1,1.39999997616,1,0,0,0,0,0,0,1,4445,9.09268188477,1000,0,8.71931743622,0,8.69951438904,-5.04822731018,-3.37084650993,6,0,29,0,2,0,1,0,0,0,0,0,0,0,0,0,0,0,0,0,0,9.09268188477,1,8.69951438904,0,-5.04822731018,-3.37084650993,8.71931743622,1
2720,2,243,19,1,1.39999997616,1,,0,0,0,0,0,1,869,7.46049070358,200,0,8.73230457306,0,11.2897815704,-4.2740073204,-3.31511259079,6,0,29,0,2,0,1,0,0,0,0,0,0,0,0,0,0,0,0,0,0,9.09268188477,1,8.69951438904,0,-5.04822731018,-3.37084650993,8.71931743622,1
2721,1,243,19,0,15.3333330154,1,0,0,0,0,0,0,2,3372.5,8.81655693054,500,0,11.150519371,0,0,-13.976102829,-1.26573896408,5,0,29,0,3,0,0,0,1,0,0,0,0,0,0,0,0,0,0,0,1,8.81655693054,2,0,0,-13.976102829,-1.26573896408,11.150519371,2
2721,2,243,19,0,15.3333330154,1,,0,0,0,0,0,5,8503.88476562,9.74142551422,1700,0,10.6572589874,9.72913455963,9.39266204834,3.20566534996,0.85428583622,5,0,29,0,3,0,1,0,1,0,0,0,0,0,0,0,1,0,1,0,1,8.81655693054,2,0,0,-13.976102829,-1.26573896408,11.150519371,5
2722,1,243,19,1,1.39999997616,1,0,0,0,0,0,0,4,4919.25976562,9.19406032562,800,0,8.47637081146,0,6.39693260193,-0.0756884217262,0.0796284079552,3,0,22,0,1,0,1,0,0,0,0,0,0,0,0,0,1,1,0,0,1,9.19406032562,4,6.39693260193,0,-0.0756884217262,0.0796284079552,8.47637081146,4
2722,2,243,19,1,1.39999997616,1,,0,0,0,0,0,1,4903.625,9.19087696075,1000,0,8.47637081146,0,12.211060524,0.733800292015,-6.20979499817,3,0,22,0,1,0,1,0,0,0,0,0,0,0,0,0,0,0,0,0,0,9.19406032562,4,6.39693260193,0,-0.0756884217262,0.0796284079552,8.47637081146,1
2723,1,243,19,0,15.3333330154,1,0,0,0,0,0,0,2,2497.83642578,8.51632785797,500,0,9.08250713348,0,0,-6.72210550308,-3.37084650993,2,1,22,0,1,1,1,0,0,0,0,0,0,0,0,0,0,0,0,0,0,8.51632785797,2,0,0,-6.72210550308,-3.37084650993,9.08250713348,2
2723,2,243,19,0,15.3333330154,1,,0,0,0,0,0,2,29667.8457031,10.9909658432,5700,0,10.2784938812,0,0,1.34840810299,0.85428583622,2,1,22,0,1,1,1,0,0,0,0,0,0,0,0,0,0,0,0,0,0,8.51632785797,2,0,0,-6.72210550308,-3.37084650993,9.08250713348,2
2724,1,243,19,0,15.3333330154,1,0,0,0,0,0,0,5,39271.171875,11.2713928223,6900,1500,11.5991029739,7.60090255737,0,-6.12684345245,-3.37084650993,3,1,49,0,3,1,0,1,0,0,0,0,0,0,0,0,1,0,1,0,1,11.2713928223,5,0,7.60090255737,-6.12684345245,-3.37084650993,11.5991029739,5
2724,2,243,19,0,15.3333330154,1,,0,0,0,0,0,5,34402.328125,11.1390266418,6600,0,12.1018228531,9.5749835968,10.691945076,-1.15210008621,2.90144395828,3,1,49,0,3,0,1,0,1,1,0,0,0,0,0,0,1,0,1,0,1,11.2713928223,5,0,7.60090255737,-6.12684345245,-3.37084650993,11.5991029739,5
2725,1,243,19,0,15.3333330154,1,0,0,0,0,0,0,1,22899.9335938,10.7320365906,2600,2000,12.3013830185,0,10.4341154099,6.01941919327,2.90144395828,3,1,63,0,1,0,1,0,0,0,0,0,0,0,0,0,0,0,0,0,0,10.7320365906,1,10.4341154099,0,6.01941919327,2.90144395828,12.3013830185,1
2725,2,243,19,0,15.3333330154,1,,0,0,0,0,0,4,16535.125,10.4063892365,3600,0,13.1996946335,0,11.6226758957,2.39013576508,0.85428583622,3,1,63,0,1,1,0,0,1,1,0,0,0,0,0,0,0,0,1,0,1,10.7320365906,1,10.4341154099,0,6.01941919327,2.90144395828,12.3013830185,4
2726,1,243,19,1,1.39999997616,1,0,0,0,0,0,0,4,16300.4902344,10.3920974731,1000,1000,10.0078477859,0,9.39266204834,2.99282860756,-1.32368826866,5,0,33,0,1,1,1,0,0,0,0,0,0,0,0,0,1,0,0,0,1,10.3920974731,4,9.39266204834,0,2.99282860756,-1.32368826866,10.0078477859,4
2726,2,243,19,1,1.39999997616,1,,0,0,0,0,0,3,7461.02880859,9.61059570312,1650,0,9.75846195221,0,10.7363967896,0.799270391464,-1.25082182884,5,0,33,0,1,0,0,0,1,1,0,0,0,0,0,0,1,0,0,0,1,10.3920974731,4,9.39266204834,0,2.99282860756,-1.32368826866,10.0078477859,3
2727,1,243,19,0,15.3333330154,1,0,0,0,0,0,0,3,4501.60595703,9.10533714294,800,0,11.9316358566,0,9.90348720551,-0.885707736015,2.90144395828,5,0,79,0,3,0,1,0,1,0,0,0,0,0,0,0,1,0,0,0,0,9.10533714294,3,9.90348720551,0,-0.885707736015,2.90144395828,11.9316358566,3
2727,2,243,19,0,15.3333330154,1,,0,0,0,0,0,6,19467.3261719,10.5696401596,3300,100,13.2037591934,11.1954708099,8.38935947418,1.53049588203,2.90144395828,5,0,79,0,3,1,1,0,1,1,1,0,0,0,0,0,1,0,0,0,1,9.10533714294,3,9.90348720551,0,-0.885707736015,2.90144395828,11.9316358566,6
2728,1,243,19,1,1.39999997616,1,0,0,0,0,0,0,2,21087,10.649559021,1300,3300,10.6213274002,0,6.90775632858,-6.96522712708,0.79633641243,7,1,35,0,1,0,0,1,0,0,0,0,0,0,0,0,0,0,0,0,1,10.649559021,2,6.90775632858,0,-6.96522712708,0.79633641243,10.6213274002,2
2728,2,243,19,1,1.39999997616,1,,0,0,0,0,0,2,818.057678223,7.46049070358,100,0,9.99879741669,0,9.10497951508,1.77312111855,0.79633641243,7,1,35,0,1,0,1,0,0,0,0,0,0,0,0,0,0,0,0,0,1,10.649559021,2,6.90775632858,0,-6.96522712708,0.79633641243,10.6213274002,2
2729,1,243,19,0,15.3333330154,1,0,0,0,0,0,0,3,14369.7792969,10.2660293579,1900,0,14.8649330139,0,0,5.99464988708,2.90144395828,7,0,51,0,3,0,0,0,1,0,0,0,1,0,0,0,0,0,0,0,1,10.2660293579,3,0,0,5.99464988708,2.90144395828,14.8649330139,3
2729,2,243,19,0,15.3333330154,1,,0,0,0,0,0,3,10679.8945312,9.96926498413,1000,0,10.1306228638,9.51782512665,10.165851593,3.67247986794,2.90144395828,7,0,51,0,3,0,1,0,1,0,0,0,0,0,0,0,0,0,0,0,1,10.2660293579,3,0,0,5.99464988708,2.90144395828,14.8649330139,3
2730,1,243,19,1,1.39999997616,1,0,0,0,0,0,0,3,21020.9609375,10.6464223862,3500,0,12.6590576172,0,11.8493976593,-3.54780602455,-2.02547931671,5,0,23,0,1,1,0,1,0,0,0,0,0,0,0,0,0,1,0,0,0,10.6464223862,3,11.8493976593,0,-3.54780602455,-2.02547931671,12.6590576172,3
2730,2,243,19,1,1.39999997616,1,,0,0,0,0,0,3,8890,9.78582954407,2000,0,12.9659433365,0,12.1960220337,4.09194135666,-1.96752977371,5,0,23,0,1,0,1,0,1,0,0,0,0,0,0,0,0,0,0,0,1,10.6464223862,3,11.8493976593,0,-3.54780602455,-2.02547931671,12.6590576172,3
2731,1,244,22,1,2,1,0,0,0,1,0,0,1,7720.73095703,9.64481163025,1500,0,9.39266204834,11.0020999908,10.5966348648,-3.58426427841,-1.96752977371,3,0,51,0,2,0,0,0,1,0,0,0,0,0,0,0,0,0,0,0,0,9.64481163025,1,10.5966348648,11.0020999908,-3.58426427841,-1.96752977371,9.39266204834,1
2731,2,244,22,1,2,1,,0,0,1,0,0,6,12583.25,10.13326931,2500,0,8.85366535187,12.2060728073,9.68034362793,3.48506975174,-5.43513727188,3,0,51,0,2,1,1,0,1,0,0,0,0,0,0,0,1,0,0,1,1,9.64481163025,1,10.5966348648,11.0020999908,-3.58426427841,-1.96752977371,9.39266204834,6
2732,1,244,22,0,11.75,1,0,0,0,1,0,0,3,12449.0195312,10.1225442886,2100,0,9.65502643585,9.90348720551,10.085808754,5.40254592896,0.0796284079552,3,0,23,0,2,0,1,0,0,0,0,0,0,0,0,0,1,0,0,0,1,10.1225442886,3,10.085808754,9.90348720551,5.40254592896,0.0796284079552,9.65502643585,3
2732,2,244,22,0,11.75,1,,0,0,1,0,0,1,8855.23046875,9.7819108963,1550,0,10.2887496948,0,10.3089523315,2.39013576508,-5.42022037506,3,0,23,0,2,0,1,0,0,0,0,0,0,0,0,0,0,0,0,0,0,10.1225442886,3,10.085808754,9.90348720551,5.40254592896,0.0796284079552,9.65502643585,1
2733,1,244,22,0,11.75,1,0,0,0,1,0,0,3,20585.2734375,10.6254787445,500,3680,13.8692407608,0,0,0.790849208832,0.85428583622,4,0,66,0,3,1,1,0,0,0,0,0,0,0,0,0,0,1,0,0,0,10.6254787445,3,0,0,0.790849208832,0.85428583622,13.8692407608,3
2733,2,244,22,0,11.75,1,,0,0,1,0,0,3,6516.82714844,9.47529029846,500,0,13.5782680511,0,0,-4.74624156952,2.90144395828,4,0,66,0,3,1,0,0,1,0,0,0,0,0,0,0,0,0,0,0,1,10.6254787445,3,0,0,0.790849208832,0.85428583622,13.8692407608,3
2734,1,244,22,1,2,1,0,0,0,1,0,0,4,5675.08056641,9.33698749542,680,0,10.6642932892,0,11.0020999908,-0.692702770233,2.90144395828,5,0,34,0,3,1,0,1,0,0,0,0,0,1,0,0,0,0,0,0,1,9.33698749542,4,11.0020999908,0,-0.692702770233,2.90144395828,10.6642932892,4
2734,2,244,22,1,2,1,,0,0,1,0,0,5,12205.625,10.1027994156,2300,0,11.9965858459,8.38935947418,11.957611084,4.81960725784,0.85428583622,5,0,34,0,3,1,0,0,1,0,0,0,0,0,0,0,1,0,1,0,1,9.33698749542,4,11.0020999908,0,-0.692702770233,2.90144395828,10.6642932892,5
2735,1,244,22,1,2,1,0,0,0,1,0,0,2,9570.59570312,9.85959815979,1500,0,12.8040847778,8.294049263,10.3734912872,4.54585981369,-4.0875544548,4,0,27,0,3,0,0,0,0,0,0,0,0,0,0,0,1,0,0,0,1,9.85959815979,2,10.3734912872,8.294049263,4.54585981369,-4.0875544548,12.8040847778,2
2735,2,244,22,1,2,1,,0,0,1,0,0,6,7908.875,9.66888809204,100,1000,11.7248058319,10.9508066177,10.7995758057,4.31182861328,2.90144395828,4,0,27,0,3,1,1,0,1,1,0,0,0,0,0,0,1,0,1,0,1,9.85959815979,2,10.3734912872,8.294049263,4.54585981369,-4.0875544548,12.8040847778,6
2736,1,244,22,1,2,0,1,0,0,1,0,0,7,45868.5976562,11.4266834259,4800,4250,13.4755525589,11.1272630692,0,8.84720039368,2.90144395828,8,0,45,1,3,1,1,1,1,1,1,0,0,0,0,0,1,0,1,0,1,11.4266834259,7,0,11.1272630692,8.84720039368,2.90144395828,13.4755525589,7
2737,1,244,22,1,2,1,0,0,0,1,0,0,2,8041.75976562,9.6855506897,1000,0,14.516327858,0,11.6952466965,6.80350971222,-2.04039621353,8,0,48,0,3,1,0,0,0,0,0,0,0,0,0,0,0,0,0,0,1,9.6855506897,2,11.6952466965,0,6.80350971222,-2.04039621353,14.516327858,2
2737,2,244,22,1,2,1,,0,0,1,0,0,3,54768.5664062,11.604019165,4950,6000,12.6247825623,10.085808754,11.0020999908,6.17673778534,0.85428583622,8,0,48,0,3,1,0,0,1,0,0,0,0,0,0,0,0,0,0,0,1,9.6855506897,2,11.6952466965,0,6.80350971222,-2.04039621353,14.516327858,3
2738,1,244,22,0,11.75,1,0,0,0,1,0,0,4,14600.2304688,10.2819395065,2100,200,14.3296508789,0,9.21034049988,-0.556793630123,0.85428583622,9,0,44,0,3,0,1,0,1,0,0,0,0,0,0,0,0,0,1,0,1,10.2819395065,4,9.21034049988,0,-0.556793630123,0.85428583622,14.3296508789,4
2738,2,244,22,0,11.75,1,,0,0,1,0,0,6,61333.9140625,11.7172355652,7500,5000,14.6008214951,9.28730106354,9.21034049988,4.47421884537,-5.42022037506,9,0,44,0,3,1,1,0,1,0,0,0,0,0,0,0,1,0,1,0,1,10.2819395065,4,9.21034049988,0,-0.556793630123,0.85428583622,14.3296508789,6
2739,1,244,22,1,2,1,0,0,0,1,0,0,3,24526.75,10.8006668091,4400,0,12.9049530029,0,11.8350086212,-4.74298524857,-1.26573896408,5,0,31,0,3,0,0,0,0,1,0,0,0,0,0,0,1,0,0,0,1,10.8006668091,3,11.8350086212,0,-4.74298524857,-1.26573896408,12.9049530029,3
2739,2,244,22,1,2,1,,0,0,1,0,0,4,6993.375,9.54586601257,800,400,12.8468732834,7.78322410583,0,1.50457179546,-1.25082182884,5,0,31,0,3,1,1,0,1,0,0,0,0,0,0,0,1,0,0,0,0,10.8006668091,3,11.8350086212,0,-4.74298524857,-1.26573896408,12.9049530029,4
2740,1,244,22,1,2,1,0,0,0,1,0,0,2,11394.1728516,10.0340042114,50,2000,10.4417333603,0,11.1562509537,-0.250108748674,-1.96752977371,5,0,27,0,3,1,0,0,0,0,0,0,0,0,0,0,0,0,0,0,1,10.0340042114,2,11.1562509537,0,-0.250108748674,-1.96752977371,10.4417333603,2
2740,2,244,22,1,2,1,,0,0,1,0,0,2,25741.5859375,10.8490104675,1500,2250,12.7685413361,0,9.90348720551,0.0781461745501,-4.07263755798,5,0,27,0,3,0,1,0,0,0,0,0,0,0,0,0,1,0,0,0,0,10.0340042114,2,11.1562509537,0,-0.250108748674,-1.96752977371,10.4417333603,2
2741,1,244,22,0,11.75,1,0,0,0,1,0,0,1,7937.71142578,9.67252731323,1600,0,17.4067611694,0,9.90348720551,-4.95782184601,0.0796284079552,4,0,74,0,3,0,1,0,0,0,0,0,0,0,0,0,0,0,0,0,0,9.67252731323,1,9.90348720551,0,-4.95782184601,0.0796284079552,17.4067611694,1
2741,2,244,22,0,11.75,1,,0,0,1,0,0,6,9187.03808594,9.81869602203,200,1000,12.2652845383,0,11.0020999908,3.0784740448,-4.08977031708,4,0,74,0,3,1,1,0,1,1,0,0,0,0,0,0,1,0,1,0,1,9.67252731323,1,9.90348720551,0,-4.95782184601,0.0796284079552,17.4067611694,6
2742,1,244,22,1,2,1,0,0,0,1,0,0,5,12298.0771484,10.1103458405,2500,0,9.56099700928,9.90348720551,10.8589992523,0.966271877289,-3.37084650993,3,0,23,0,3,1,1,0,1,0,0,0,0,0,0,0,0,0,1,0,1,10.1103458405,5,10.8589992523,9.90348720551,0.966271877289,-3.37084650993,9.56099700928,5
2742,2,244,22,1,2,1,,0,0,1,0,0,4,17962.4804688,10.4891872406,3600,0,8.77955722809,8.69951438904,10.896739006,1.69710981846,-5.42022037506,3,0,23,0,3,0,1,1,0,0,0,0,0,0,0,0,0,1,0,0,1,10.1103458405,5,10.8589992523,9.90348720551,0.966271877289,-3.37084650993,9.56099700928,4
2743,1,245,18,1,1.25,1,0,0,0,0,1,0,4,13117.75,10.1748685837,2900,0,8.47637081146,8.55641365051,7.60090255737,-2.78725671768,-3.31511259079,5,0,28,0,1,0,1,0,1,0,0,0,0,0,0,0,1,0,0,0,1,10.1748685837,4,7.60090255737,8.55641365051,-2.78725671768,-3.31511259079,8.47637081146,4
2743,2,245,18,1,1.25,1,,0,0,0,1,0,4,17973.125,10.489780426,1500,2250,8.9871969223,0,9.19826793671,-6.33822202682,-1.26795446873,5,0,28,0,1,1,0,0,0,1,0,0,0,0,0,0,0,0,0,1,1,10.1748685837,4,7.60090255737,8.55641365051,-2.78725671768,-3.31511259079,8.47637081146,4
2744,1,245,18,1,1.25,1,0,0,0,0,1,0,2,6225.04785156,9.4294834137,1400,0,10.1961574554,0,10.6213274002,-6.21982145309,-6.20979499817,3,0,25,0,1,1,1,0,0,0,0,0,0,0,0,0,0,0,0,0,0,9.4294834137,2,10.6213274002,0,-6.21982145309,-6.20979499817,10.1961574554,2
2744,2,245,18,1,1.25,1,,0,0,0,1,0,2,26120.1347656,10.863609314,3000,3000,8.73230457306,9.90348720551,7.93737459183,-6.73792934418,0.0796284079552,3,0,25,0,1,0,1,1,0,0,0,0,0,0,0,0,0,0,0,0,0,9.4294834137,2,10.6213274002,0,-6.21982145309,-6.20979499817,10.1961574554,2
2745,1,245,18,1,1.25,1,0,0,0,0,1,0,1,2790.69238281,8.62719249725,400,0,7.78322410583,7.09007740021,0,10.5274677277,0.79633641243,4,0,27,0,2,1,0,0,0,0,0,0,0,0,0,0,0,0,0,0,0,8.62719249725,1,0,7.09007740021,10.5274677277,0.79633641243,7.78322410583,1
2745,2,245,18,1,1.25,1,,0,0,0,1,0,7,10712.7460938,9.9723367691,1570,0,9.90348720551,8.0709066391,9.79812717438,4.36460781097,2.90144395828,4,0,27,0,2,1,1,0,1,0,0,0,0,0,0,0,1,1,0,1,1,8.62719249725,1,0,7.09007740021,10.5274677277,0.79633641243,7.78322410583,7
2746,1,245,18,0,13.9999990463,1,0,0,0,0,1,0,0,329683.34375,13.3990354538,600,75000,8.26873207092,0,0,0.948700785637,-3.37084650993,3,0,25,0,3,0,0,0,0,0,0,0,0,0,0,0,0,0,0,0,0,13.3990354538,0,0,0,0.948700785637,-3.37084650993,8.26873207092,0
2746,2,245,18,0,13.9999990463,1,,0,0,0,1,0,3,9194.41894531,9.81949901581,1820,0,11.761346817,0,9.90348720551,2.9185936451,2.90144395828,3,0,25,0,3,0,1,0,0,0,0,0,0,0,0,0,1,0,0,0,1,13.3990354538,0,0,0,0.948700785637,-3.37084650993,8.26873207092,3
2747,1,245,18,0,13.9999990463,1,0,0,0,0,1,0,3,0,5.29834222794,0,0,11.6439533234,9.68034362793,0,10.5157003403,-1.25082182884,2,0,78,0,3,0,1,0,0,0,0,0,0,0,0,0,1,0,0,0,1,5.29834222794,3,0,9.68034362793,10.5157003403,-1.25082182884,11.6439533234,3
2747,2,245,18,0,13.9999990463,1,,0,0,0,1,0,5,13064875,16.1621856689,6200,3000000,11.9804258347,10.3089523315,0,10.5223693848,0.85428583622,2,0,78,0,3,1,1,1,0,0,0,0,0,0,0,0,1,0,0,0,1,5.29834222794,3,0,9.68034362793,10.5157003403,-1.25082182884,11.6439533234,5
2748,1,245,18,0,13.9999990463,1,0,0,0,0,1,0,0,6517.5,9.47539329529,500,1000,9.90348720551,0,9.68034362793,1.93709146976,-3.37084650993,8,0,51,0,3,0,0,0,0,0,0,0,0,0,0,0,0,0,0,0,0,9.47539329529,0,9.68034362793,0,1.93709146976,-3.37084650993,9.90348720551,0
2748,2,245,18,0,13.9999990463,1,,0,0,0,1,0,2,5054.83642578,9.22124767303,1050,0,12.8368120193,7.37775945663,9.74096870422,4.97226047516,0.781419277191,8,0,51,0,3,0,1,0,0,0,0,0,0,0,0,0,0,1,0,0,0,9.47539329529,0,9.68034362793,0,1.93709146976,-3.37084650993,9.90348720551,2
2749,1,245,18,1,1.25,1,0,0,0,0,1,0,2,28830.3847656,10.9623327255,3600,0,11.8754835129,9.39266204834,11.3850917816,-2.53299736977,-1.25082182884,5,1,78,0,1,0,1,0,1,0,0,0,0,0,0,0,0,0,0,0,0,10.9623327255,2,11.3850917816,9.39266204834,-2.53299736977,-1.25082182884,11.8754835129,2
2749,2,245,18,1,1.25,1,,0,0,0,1,0,5,27001,10.8967761993,1300,4350,13.9324045181,0,9.90348720551,2.035187006,2.90144395828,5,1,78,0,1,1,1,0,0,1,0,0,0,0,0,0,1,0,0,0,1,10.9623327255,2,11.3850917816,9.39266204834,-2.53299736977,-1.25082182884,11.8754835129,5
2750,1,245,18,1,1.25,1,0,0,0,0,1,0,7,13015.5957031,10.1670503616,1800,900,11.7829523087,12.0076217651,11.8775682449,1.8075709343,-3.38797926903,5,1,26,0,1,1,1,0,1,0,0,0,0,0,0,0,1,0,1,1,1,10.1670503616,7,11.8775682449,12.0076217651,1.8075709343,-3.38797926903,11.7829523087,7
2750,2,245,18,1,1.25,1,,0,0,0,1,0,1,12565.4619141,10.1318540573,600,2000,13.0058298111,0,11.8940982819,0.850605249405,0.85428583622,5,1,26,0,1,1,0,0,0,0,0,0,0,0,0,0,0,0,0,0,0,10.1670503616,7,11.8775682449,12.0076217651,1.8075709343,-3.38797926903,11.7829523087,1
2751,1,245,18,1,1.25,1,0,0,0,0,1,0,0,4345,9.06992816925,1000,0,7.78322410583,7.17012023926,9.21034049988,2.51888656616,-3.37084650993,4,0,30,0,1,0,0,0,0,0,0,0,0,0,0,0,0,0,0,0,0,9.06992816925,0,9.21034049988,7.17012023926,2.51888656616,-3.37084650993,7.78322410583,0
2751,2,245,18,1,1.25,1,,0,0,0,1,0,2,18398.4609375,10.5131692886,4000,0,7.78322410583,8.47637081146,11.5521459579,4.48189067841,-3.31511259079,4,0,30,0,1,1,1,0,0,0,0,0,0,0,0,0,0,0,0,0,0,9.06992816925,0,9.21034049988,7.17012023926,2.51888656616,-3.37084650993,7.78322410583,2
2752,1,245,18,1,1.25,1,0,0,0,0,1,0,1,2172.5,8.37678146362,500,0,9.21034049988,0,0,10.4917793274,-3.37084650993,9,0,60,0,1,0,1,0,0,0,0,0,0,0,0,0,0,0,0,0,0,8.37678146362,1,0,0,10.4917793274,-3.37084650993,9.21034049988,1
2752,2,245,18,1,1.25,1,,0,0,0,1,0,3,44272.9140625,11.3912754059,7500,2000,12.1463222504,0,0,0.0521888881922,-1.26795446873,9,0,60,0,1,0,1,0,1,0,0,0,0,0,0,0,0,0,0,0,1,8.37678146362,1,0,0,10.4917793274,-3.37084650993,9.21034049988,3
2753,1,245,18,1,1.25,1,0,0,0,0,1,0,1,9659,9.86879253387,200,2000,9.45720005035,0,9.39266204834,11.7960414886,-3.37084650993,5,0,65,0,1,1,0,0,0,0,0,0,0,0,0,0,0,0,0,0,0,9.86879253387,1,9.39266204834,0,11.7960414886,-3.37084650993,9.45720005035,1
2753,2,245,18,1,1.25,1,,0,0,0,1,0,2,10561.4228516,9.95811080933,2250,0,10.1735143661,0,7.60090255737,2.17539024353,0.85428583622,5,0,65,0,1,1,0,1,0,0,0,0,0,0,0,0,0,0,0,0,0,9.86879253387,1,9.39266204834,0,11.7960414886,-3.37084650993,9.45720005035,2
2754,1,245,18,0,13.9999990463,1,0,0,0,0,1,0,1,2638,8.57092380524,400,0,10.6964797974,0,9.75266456604,-1.48346340656,0.0796284079552,4,0,74,0,1,0,1,0,0,0,0,0,0,0,0,0,0,0,0,0,0,8.57092380524,1,9.75266456604,0,-1.48346340656,0.0796284079552,10.6964797974,1
2754,2,245,18,0,13.9999990463,1,,0,0,0,1,0,4,32250.0390625,11.0744218826,6800,0,12.9858560562,8.38935947418,0,4.97907209396,2.90144395828,4,0,74,0,1,0,1,0,1,0,0,0,0,0,0,0,1,0,0,0,1,8.57092380524,1,9.75266456604,0,-1.48346340656,0.0796284079552,10.6964797974,4
2755,1,246,19,1,1.62499988079,1,0,1,0,0,0,0,5,9232.31738281,9.82361221313,350,1000,12.7032051086,0,0,1.22274458408,-1.32368826866,8,0,39,0,2,1,1,0,1,0,0,0,0,0,0,0,1,0,0,0,1,9.82361221313,5,0,0,1.22274458408,-1.32368826866,12.7032051086,5
2755,2,246,19,1,1.62499988079,1,,1,0,0,0,0,4,19520.9160156,10.572388649,850,2640,11.5540676117,7.60090255737,9.21034049988,8.74910545349,0.79633641243,8,0,39,0,2,1,1,1,1,0,0,0,0,0,0,0,0,0,0,0,1,9.82361221313,5,0,0,1.22274458408,-1.32368826866,12.7032051086,4
2756,1,246,19,1,1.62499988079,1,0,1,0,0,0,0,2,3852.00952148,8.9494972229,200,600,10.8077058792,8.294049263,9.21034049988,2.03207850456,0.781419277191,5,0,32,0,2,1,1,0,0,0,0,0,0,0,0,0,0,0,0,0,0,8.9494972229,2,9.21034049988,8.294049263,2.03207850456,0.781419277191,10.8077058792,2
2756,2,246,19,1,1.62499988079,1,,1,0,0,0,0,4,10810.6152344,9.98143100739,2050,0,10.0941076279,5.99147081375,6.39693260193,6.485019207,0.79633641243,5,0,32,0,2,1,0,0,1,0,0,0,0,0,0,0,1,0,0,0,1,8.9494972229,2,9.21034049988,8.294049263,2.03207850456,0.781419277191,10.8077058792,4
2757,1,246,19,0,20.25,1,0,1,0,0,0,0,4,88571.4921875,12.0847129822,900,10000,14.7345113754,8.69951438904,10.8589992523,3.22988581657,-2.02547931671,3,1,32,0,2,0,1,0,0,0,0,0,0,0,0,0,1,0,1,0,1,12.0847129822,4,10.8589992523,8.69951438904,3.22988581657,-2.02547931671,14.7345113754,4
2757,2,246,19,0,20.25,1,,1,0,0,0,0,4,8869.11035156,9.78347682953,1950,0,10.085808754,7.49554204941,10.1811189651,9.3416595459,-2.02547931671,3,1,32,0,2,1,1,0,1,0,0,0,0,0,0,0,1,0,0,0,0,12.0847129822,4,10.8589992523,8.69951438904,3.22988581657,-2.02547931671,14.7345113754,4
2758,1,246,19,0,20.25,0,1,1,0,0,0,0,5,32218.5097656,11.0734434128,2600,3400,12.239991188,9.21034049988,12.6571483612,10.1297636032,0.781419277191,4,0,0,0,3,1,0,1,0,0,0,0,0,0,0,0,1,0,0,1,1,11.0734434128,5,12.6571483612,9.21034049988,10.1297636032,0.781419277191,12.239991188,5
2759,1,246,19,1,1.62499988079,1,0,1,0,0,0,0,1,58837.0195312,11.6756734848,1500,0,9.17988109589,0,0,-2.0140786171,-3.37084650993,6,0,32,0,1,0,1,0,0,0,0,0,0,0,0,0,0,0,0,0,0,11.6756734848,1,0,0,-2.0140786171,-3.37084650993,9.17988109589,1
2759,2,246,19,1,1.62499988079,1,,1,0,0,0,0,3,21070.1542969,10.6487598419,2500,2000,10.416311264,10.416311264,9.68034362793,10.9049568176,0.79633641243,6,0,32,0,1,1,0,0,1,0,0,0,0,0,0,0,1,0,0,0,0,11.6756734848,1,0,0,-2.0140786171,-3.37084650993,9.17988109589,3
2760,1,246,19,1,1.62499988079,1,0,1,0,0,0,0,4,65249.125,11.7791147232,2600,12000,12.5223417282,0,9.39266204834,-1.62125980854,2.90144395828,4,1,61,0,1,1,0,0,1,1,0,0,0,0,0,0,1,0,0,0,1,11.7791147232,4,9.39266204834,0,-1.62125980854,2.90144395828,12.5223417282,4
2760,2,246,19,1,1.62499988079,1,,1,0,0,0,0,5,14703.4619141,10.2889852524,1400,1200,11.5540676117,10.1345996857,10.4341154099,7.54462766647,2.90144395828,4,1,61,0,1,1,1,0,1,0,0,0,0,0,0,0,1,1,0,0,0,11.7791147232,4,9.39266204834,0,-1.62125980854,2.90144395828,12.5223417282,5
2761,1,246,19,1,1.62499988079,1,0,1,0,0,0,0,4,39173.7421875,11.2689094543,100,7700,13.2645568848,9.04782104492,0,0.92802131176,2.90144395828,8,0,0,0,3,1,1,0,0,0,0,0,0,0,0,0,1,0,0,0,1,11.2689094543,4,0,9.04782104492,0.92802131176,2.90144395828,13.2645568848,4
2761,2,246,19,1,1.62499988079,1,,1,0,0,0,0,7,43219.953125,11.3672046661,1900,6500,11.1034526825,8.18868923187,10.8197784424,2.51888656616,-1.32368826866,8,0,0,0,3,1,1,1,1,1,0,0,0,0,0,0,1,0,1,1,1,11.2689094543,4,0,9.04782104492,0.92802131176,2.90144395828,13.2645568848,7
2762,1,246,19,1,1.62499988079,1,0,1,0,0,0,0,3,25983.75,10.858373642,900,4500,11.2910308838,0,12.8992195129,3.78791379929,-1.25082182884,4,0,30,0,3,0,1,0,0,0,0,0,0,0,0,0,1,0,0,0,1,10.858373642,3,12.8992195129,0,3.78791379929,-1.25082182884,11.2910308838,3
2762,2,246,19,1,1.62499988079,1,,1,0,0,0,0,5,10177.7402344,9.92110538483,1200,0,10.2035923004,7.37775945663,11.2897815704,1.90187191963,0.79633641243,4,0,30,0,3,1,1,0,1,1,0,0,0,0,0,0,1,0,1,0,0,10.858373642,3,12.8992195129,0,3.78791379929,-1.25082182884,11.2910308838,5
2763,1,246,19,1,1.62499988079,1,0,1,0,0,0,0,6,21405.8652344,10.6645669937,3000,1500,10.4716386795,11.161948204,12.3013830185,1.70423054695,-2.04039621353,3,0,26,0,2,1,1,0,1,0,1,1,0,0,0,0,1,0,0,0,1,10.6645669937,6,12.3013830185,11.161948204,1.70423054695,-2.04039621353,10.4716386795,6
2763,2,246,19,1,1.62499988079,1,,1,0,0,0,0,3,36911.3554688,11.2094221115,1100,6000,9.62905025482,0,0,2.51888656616,-4.1455039978,3,0,26,0,2,0,1,1,1,0,0,0,0,0,0,0,0,0,0,0,1,10.6645669937,6,12.3013830185,11.161948204,1.70423054695,-2.04039621353,10.4716386795,3
2764,1,246,19,1,1.62499988079,1,0,1,0,0,0,0,6,55311.1523438,11.6138772964,6200,5300,12.3664894104,0,10.3089523315,-2.14911413193,-1.32368826866,8,0,41,0,3,1,1,0,1,0,1,0,0,0,0,0,1,0,0,0,1,11.6138772964,6,10.3089523315,0,-2.14911413193,-1.32368826866,12.3664894104,6
2764,2,246,19,1,1.62499988079,1,,1,0,0,0,0,5,25443.3261719,10.8373556137,1500,3000,10.7232675552,8.69951438904,10.2399597168,3.65870952606,-1.26795446873,8,0,41,0,3,1,1,0,1,0,0,0,0,0,0,0,1,1,0,0,0,11.6138772964,6,10.3089523315,0,-2.14911413193,-1.32368826866,12.3664894104,5
2765,1,246,19,0,20.25,1,0,1,0,0,0,0,1,2672.5,8.58391666412,500,0,10.7320394516,0,0,10.5170173645,-4.0875544548,9,0,55,0,3,0,0,1,0,1,0,0,0,0,0,0,0,0,0,0,0,8.58391666412,1,0,0,10.5170173645,-4.0875544548,10.7320394516,1
2765,2,246,19,0,20.25,1,,1,0,0,0,0,5,30048.2988281,11.0037088394,2000,3500,11.2023162842,0,10.5966348648,4.96250295639,2.90144395828,9,0,55,0,3,1,1,1,1,0,0,0,0,0,0,0,1,0,0,0,1,8.58391666412,1,0,0,10.5170173645,-4.0875544548,10.7320394516,5
2766,1,246,19,0,20.25,1,0,1,0,0,0,0,8,49057.3085938,11.493891716,4500,3000,12.4494104385,11.3046703339,11.1562509537,3.67247986794,2.90144395828,4,1,42,0,3,1,1,0,1,0,0,0,0,0,1,0,1,0,1,1,1,11.493891716,8,11.1562509537,11.3046703339,3.67247986794,2.90144395828,12.4494104385,8
2766,2,246,19,0,20.25,1,,1,0,0,0,0,5,46352.2890625,11.4371728897,6600,2900,12.8087482452,11.1844215393,9.68034362793,5.16101789474,0.0796284079552,4,1,42,0,3,1,1,0,1,1,0,0,0,0,0,0,1,0,1,0,0,11.493891716,8,11.1562509537,11.3046703339,3.67247986794,2.90144395828,12.4494104385,5
2767,1,247,20,1,1,1,0,0,1,0,0,0,2,2739.21142578,8.6085729599,300,0,10.7579030991,0,0,-3.20362353325,-2.02547931671,3,0,29,0,2,1,1,0,0,0,0,0,0,0,0,0,0,0,0,0,0,8.6085729599,2,0,0,-3.20362353325,-2.02547931671,10.7579030991,2
2767,2,247,20,1,1,1,,0,1,0,0,0,6,3472.65771484,8.84582233429,780,0,10.4688014984,9.79812717438,9.74096870422,7.54462766647,-8.3149023056,3,0,29,0,2,1,1,1,1,0,0,0,0,0,0,1,1,0,0,0,1,8.6085729599,2,0,0,-3.20362353325,-2.02547931671,10.7579030991,6
2768,1,247,20,0,9.75,1,0,0,1,0,0,0,2,24878.2304688,10.8148956299,5000,200,12.4387702942,8.9871969223,8.41183280945,-9.26490306854,0.79633641243,6,0,67,0,2,0,1,1,0,0,0,0,0,0,0,0,0,0,0,0,0,10.8148956299,2,8.41183280945,8.9871969223,-9.26490306854,0.79633641243,12.4387702942,2
2768,2,247,20,0,9.75,1,,0,1,0,0,0,5,38570.2304688,11.2533836365,1000,7500,13.3960475922,7.60090255737,9.21034049988,2.51888656616,-1.26795446873,6,0,67,0,2,1,0,1,1,0,0,1,0,0,0,0,1,0,0,0,1,10.8148956299,2,8.41183280945,8.9871969223,-9.26490306854,0.79633641243,12.4387702942,5
2769,1,247,20,1,1,1,0,0,1,0,0,0,3,26229.0390625,10.8677692413,0,5000,10.7054891586,0,9.21034049988,0.836595892906,-7.54024505615,6,0,45,0,2,1,0,0,0,0,0,0,0,0,0,0,1,0,0,0,1,10.8677692413,3,9.21034049988,0,0.836595892906,-7.54024505615,10.7054891586,3
2769,2,247,20,1,1,1,,0,1,0,0,0,5,62375.8164062,11.7340803146,6500,6750,10.9472913742,11.0666379929,9.54681301117,8.84462070465,-5.49308681488,6,0,45,0,2,1,0,0,1,1,0,0,0,0,0,0,1,0,1,0,1,10.8677692413,3,9.21034049988,0,0.836595892906,-7.54024505615,10.7054891586,5
2770,1,247,20,0,9.75,1,0,0,1,0,0,0,2,3726.6730957,8.91641807556,800,0,10.2399597168,8.9871969223,9.21034049988,-2.21070623398,-4.1455039978,5,0,69,0,2,1,0,0,0,0,0,0,0,0,0,0,0,0,0,0,1,8.91641807556,2,9.21034049988,8.9871969223,-2.21070623398,-4.1455039978,10.2399597168,2
2770,2,247,20,0,9.75,1,,0,1,0,0,0,3,13856.8457031,10.2296819687,1500,0,13.1596593857,9.74096870422,10.3089523315,0.086722239852,2.90144395828,5,0,69,0,2,1,1,0,0,0,0,0,0,0,0,0,1,0,0,0,0,8.91641807556,2,9.21034049988,8.9871969223,-2.21070623398,-4.1455039978,10.2399597168,3
2771,1,247,20,1,1,1,0,0,1,0,0,0,3,3699.99047852,8.90923309326,300,0,8.00636768341,8.69951438904,11.0666379929,-9.65772247314,-6.13692855835,6,0,32,0,1,1,1,0,0,1,0,0,0,0,0,0,0,0,0,0,0,8.90923309326,3,11.0666379929,8.69951438904,-9.65772247314,-6.13692855835,8.00636768341,3
2771,2,247,20,1,1,1,,0,1,0,0,0,2,23928.2304688,10.7759618759,3950,450,11.5693054199,9.61580562592,11.6952466965,-6.60907840729,0.0796284079552,6,0,32,0,1,0,1,0,1,0,0,0,0,0,0,0,0,0,0,0,0,8.90923309326,3,11.0666379929,8.69951438904,-9.65772247314,-6.13692855835,8.00636768341,2
2772,1,247,20,1,1,1,0,0,1,0,0,0,4,15164.1054688,10.3198337555,1900,1000,11.9791717529,0,0,-1.32729959488,0.85428583622,6,0,28,0,2,1,0,0,1,1,0,0,0,0,0,0,0,0,1,0,1,10.3198337555,4,0,0,-1.32729959488,0.85428583622,11.9791717529,4
2772,2,247,20,1,1,1,,0,1,0,0,0,5,28040.4570312,10.934551239,2320,3000,11.5079126358,9.90348720551,8.69951438904,8.26562404633,0.85428583622,6,0,28,0,2,1,1,1,1,1,0,0,0,0,0,0,1,0,0,0,1,10.3198337555,4,0,0,-1.32729959488,0.85428583622,11.9791717529,5
2773,1,247,20,0,9.75,1,0,0,1,0,0,0,6,41421.4414062,11.3247013092,3400,4000,12.7419815063,8.74830532074,11.2897815704,-1.88882017136,0.0796284079552,3,0,27,0,3,1,1,0,0,1,0,0,0,0,0,0,1,0,1,0,1,11.3247013092,6,11.2897815704,8.74830532074,-1.88882017136,0.0796284079552,12.7419815063,6
2773,2,247,20,0,9.75,1,,0,1,0,0,0,6,73710.0390625,11.9010410309,7150,7500,12.5810785294,9.75266456604,11.512925148,-0.594071924686,0.0796284079552,3,0,27,0,3,1,1,0,0,1,0,0,0,0,1,0,1,0,1,0,0,11.3247013092,6,11.2897815704,8.74830532074,-1.88882017136,0.0796284079552,12.7419815063,6
2774,1,247,20,1,1,1,0,0,1,0,0,0,5,4008.61547852,8.98934841156,700,0,8.8818359375,8.294049263,0,-3.70396995544,-6.19266223907,3,0,24,0,1,1,1,1,1,1,0,0,0,0,0,0,0,0,1,0,1,8.98934841156,5,0,8.294049263,-3.70396995544,-6.19266223907,8.8818359375,5
2774,2,247,20,1,1,1,,0,1,0,0,0,7,8339.05761719,9.72185230255,1900,0,9.52952098846,0,0,4.15673065186,-4.07263755798,3,0,24,0,1,1,1,1,1,0,0,0,0,0,0,0,1,0,1,1,1,8.98934841156,5,0,8.294049263,-3.70396995544,-6.19266223907,8.8818359375,7
2775,1,247,20,1,1,1,0,0,1,0,0,0,3,4043.9230957,8.9981174469,600,0,9.05951786041,0,0,-4.91602802277,-3.37084650993,6,0,31,0,3,0,0,1,0,0,0,0,0,0,0,0,1,0,0,0,1,8.9981174469,3,0,0,-4.91602802277,-3.37084650993,9.05951786041,3
2775,2,247,20,1,1,1,,0,1,0,0,0,5,19039.6464844,10.5474262238,300,3840,9.45720005035,0,10.49127388,9.05358600616,-1.25082182884,6,0,31,0,3,1,1,1,0,1,0,0,0,0,0,0,0,0,1,0,1,8.9981174469,3,0,0,-4.91602802277,-3.37084650993,9.05951786041,5
2776,1,247,20,0,9.75,1,0,0,1,0,0,0,6,27443.0957031,10.9130172729,4500,1400,12.7080593109,9.68034362793,0,-1.50111162663,-1.32368826866,5,0,0,0,3,1,1,0,1,0,0,1,0,0,0,0,1,0,0,0,1,10.9130172729,6,0,9.68034362793,-1.50111162663,-1.32368826866,12.7080593109,6
2776,2,247,20,0,9.75,1,,0,1,0,0,0,2,5894.86523438,9.37498378754,700,0,7.60090255737,0,0,-0.501961112022,-1.25082182884,5,0,0,0,3,1,1,0,0,0,0,0,0,0,0,0,0,0,0,0,0,10.9130172729,6,0,9.68034362793,-1.50111162663,-1.32368826866,12.7080593109,2
2777,1,248,18,1,1.125,1,0,0,1,0,0,0,2,2723.1730957,8.60270023346,500,0,7.78322410583,0,10.085808754,-0.920318722725,-5.43513727188,4,0,26,0,1,0,1,0,0,0,0,1,0,0,0,0,0,0,0,0,0,8.60270023346,2,10.085808754,0,-0.920318722725,-5.43513727188,7.78322410583,2
2777,2,248,18,1,1.125,1,,0,1,0,0,0,4,29894.5195312,10.9985780716,1250,5400,10.4399805069,9.21034049988,9.30565071106,5.15434837341,-3.37084650993,4,0,26,0,1,0,1,0,1,0,0,0,0,0,0,0,1,0,0,0,1,8.60270023346,2,10.085808754,0,-0.920318722725,-5.43513727188,7.78322410583,4
2778,1,248,18,1,1.125,1,0,0,1,0,0,0,4,3032.06738281,8.71014690399,350,0,8.55641365051,0,0,3.20466327667,-6.20979499817,3,0,23,0,2,0,1,0,1,0,0,0,0,0,0,0,0,0,1,0,1,8.71014690399,4,0,0,3.20466327667,-6.20979499817,8.55641365051,4
2778,2,248,18,1,1.125,1,,0,1,0,0,0,6,27305.5761719,10.9079933167,4150,2000,9.24956130981,0,11.8493976593,2.59630250931,-7.54024505615,3,0,23,0,2,0,1,0,0,1,0,1,0,0,0,0,1,0,1,0,1,8.71014690399,4,0,0,3.20466327667,-6.20979499817,8.55641365051,6
2779,1,248,18,1,1.125,1,0,0,1,0,0,0,3,33612.8359375,11.1158103943,2300,5000,9.5749835968,0,9.39266204834,-4.16081428528,-1.26795446873,3,0,22,0,2,0,1,1,0,0,0,0,0,0,0,0,0,0,0,0,1,11.1158103943,3,9.39266204834,0,-4.16081428528,-1.26795446873,9.5749835968,3
2779,2,248,18,1,1.125,1,,0,1,0,0,0,5,26548.6796875,10.8798828125,4020,1500,11.3551015854,8.294049263,9.08250713348,6.43724346161,2.90144395828,3,0,22,0,2,1,1,0,0,0,0,0,0,0,0,1,1,0,0,0,1,11.1158103943,3,9.39266204834,0,-4.16081428528,-1.26795446873,9.5749835968,5
2780,1,248,18,1,1.125,1,0,0,1,0,0,0,2,15959.5195312,10.3709583282,3000,0,13.010761261,0,0,9.61293125153,-3.37084650993,9,0,43,0,3,0,1,0,0,0,0,0,0,0,0,0,1,0,0,0,0,10.3709583282,2,0,0,9.61293125153,-3.37084650993,13.010761261,2
2780,2,248,18,1,1.125,1,,0,1,0,0,0,7,97791.6171875,12.1837415695,1900,15700,13.2428092957,8.69951438904,13.8155107498,-1.58720839024,0.781419277191,9,0,43,0,3,0,1,0,1,1,0,1,0,0,0,0,1,1,1,0,1,10.3709583282,2,0,0,9.61293125153,-3.37084650993,13.010761261,7
2781,1,248,18,0,17.5,1,0,0,1,0,0,0,5,2728.18652344,8.60453987122,380,0,9.47270488739,0,0,2.83383774757,0.0796284079552,3,0,28,0,2,1,1,0,1,0,0,0,0,0,0,0,1,1,0,0,0,8.60453987122,5,0,0,2.83383774757,0.0796284079552,9.47270488739,5
2781,2,248,18,0,17.5,1,,0,1,0,0,0,5,4318.99023438,9.06392383575,900,0,10.1961574554,8.90923500061,7.2442278862,4.71562576294,-5.49308681488,3,0,28,0,2,0,1,0,1,0,0,1,0,0,0,0,1,0,0,0,1,8.60453987122,5,0,0,2.83383774757,0.0796284079552,9.47270488739,5
2782,1,248,18,1,1.125,1,0,0,1,0,0,0,4,23147.375,10.7427835464,950,2900,12.8500299454,10.896739006,8.294049263,12.3188505173,2.90144395828,6,0,31,0,2,0,1,0,0,0,0,1,0,0,0,0,0,0,1,0,1,10.7427835464,4,8.294049263,10.896739006,12.3188505173,2.90144395828,12.8500299454,4
2782,2,248,18,1,1.125,1,,0,1,0,0,0,6,58572.0585938,11.6711606979,2100,10800,12.6533193588,0,8.69951438904,-1.21707117558,0.781419277191,6,0,31,0,2,1,1,0,1,0,0,0,0,0,0,0,1,0,1,0,1,10.7427835464,4,8.294049263,10.896739006,12.3188505173,2.90144395828,12.8500299454,6
2783,1,248,18,1,1.125,1,0,0,1,0,0,0,4,14761.4130859,10.2929191589,200,2450,10.7536382675,10.5966348648,0,-4.86561775208,-3.37084650993,8,0,35,0,3,0,1,0,1,1,0,1,0,0,0,0,0,0,0,0,1,10.2929191589,4,0,10.5966348648,-4.86561775208,-3.37084650993,10.7536382675,4
2783,2,248,18,1,1.125,1,,0,1,0,0,0,5,14352.9228516,10.2648563385,2550,0,12.9168138504,9.45720005035,8.47637081146,0.745933353901,0.781419277191,8,0,35,0,3,1,1,0,1,0,0,1,0,0,0,0,0,0,0,0,1,10.2929191589,4,0,10.5966348648,-4.86561775208,-3.37084650993,10.7536382675,5
2784,1,248,18,0,17.5,1,0,0,1,0,0,0,1,0,5.29834222794,0,0,10.6358556747,0,0,-11.7898139954,-5.42022037506,1,1,84,0,2,1,0,0,0,0,0,0,0,0,0,0,0,0,0,0,0,5.29834222794,1,0,0,-11.7898139954,-5.42022037506,10.6358556747,1
2784,2,248,18,0,17.5,1,,0,1,0,0,0,1,4545,9.11493015289,0,1000,11.5424842834,0,0,0.473294258118,2.90144395828,1,1,84,0,2,0,1,0,0,0,0,0,0,0,0,0,0,0,0,0,0,5.29834222794,1,0,0,-11.7898139954,-5.42022037506,10.6358556747,1
2785,1,248,18,1,1.125,1,0,0,1,0,0,0,2,30999.9042969,11.0348863602,7000,0,15.0178823471,0,9.54681301117,6.18563604355,-1.32368826866,9,0,50,0,1,1,0,0,1,0,0,0,0,0,0,0,0,0,0,0,0,11.0348863602,2,9.54681301117,0,6.18563604355,-1.32368826866,15.0178823471,2
2785,2,248,18,1,1.125,1,,0,1,0,0,0,3,20458.7011719,10.619310379,4000,0,10.085808754,0,11.512925148,-1.22920405865,-2.02547931671,9,0,50,0,1,0,1,0,1,0,0,0,0,0,0,0,0,0,0,0,1,11.0348863602,2,9.54681301117,0,6.18563604355,-1.32368826866,15.0178823471,3
2786,1,248,18,0,17.5,1,0,0,1,0,0,0,1,4963.32714844,9.20297908783,1100,0,12.9204921722,8.69951438904,0,4.60344362259,-3.37306213379,3,1,59,0,3,1,0,0,0,0,0,0,0,0,0,0,0,0,0,0,0,9.20297908783,1,0,8.69951438904,4.60344362259,-3.37306213379,12.9204921722,1
2786,2,248,18,0,17.5,1,,0,1,0,0,0,4,16377.9902344,10.3968410492,1900,800,13.5410737991,7.60090255737,9.90348720551,1.79929506779,2.90144395828,3,1,59,0,3,1,1,0,1,0,0,0,0,0,0,0,0,0,0,0,1,9.20297908783,1,0,8.69951438904,4.60344362259,-3.37306213379,12.9204921722,4
2787,1,248,18,1,1.125,1,0,0,1,0,0,0,2,6952,9.53993225098,1600,0,9.10497951508,0,0,7.7093667984,-3.37084650993,3,0,23,0,2,0,1,0,0,0,0,0,1,0,0,0,0,0,0,0,0,9.53993225098,2,0,0,7.7093667984,-3.37084650993,9.10497951508,2
2787,2,248,18,1,1.125,1,,0,1,0,0,0,2,14870.8457031,10.3003053665,3100,0,10.5966348648,11.7837152481,11.2897815704,6.45792341232,0.85428583622,3,0,23,0,2,0,1,0,0,0,0,0,0,0,0,0,0,1,0,0,0,9.53993225098,2,0,0,7.7093667984,-3.37084650993,9.10497951508,2
2788,1,248,18,0,17.5,1,0,0,1,0,0,0,3,22882.4238281,10.7312717438,2000,900,14.1715755463,10.3734912872,0,4.88159799576,2.90144395828,6,0,54,0,3,0,1,0,1,0,0,0,0,0,0,0,0,0,0,0,1,10.7312717438,3,0,10.3734912872,4.88159799576,2.90144395828,14.1715755463,3
2788,2,248,18,0,17.5,1,,0,1,0,0,0,3,30413.3847656,11.0157852173,2200,4000,13.5235528946,0,0,6.4638094902,-4.1455039978,6,0,54,0,3,1,0,0,0,0,0,0,0,0,0,0,0,1,0,0,1,10.7312717438,3,0,10.3734912872,4.88159799576,2.90144395828,14.1715755463,3
